ISO-10303-21;
HEADER;
FILE_DESCRIPTION(('FreeCAD Model'),'2;1');
FILE_NAME('Open CASCADE Shape Model','2025-10-24T21:19:10',(''),(''),
  'Open CASCADE STEP processor 7.8','FreeCAD','Unknown');
FILE_SCHEMA(('AUTOMOTIVE_DESIGN { 1 0 10303 214 1 1 1 1 }'));
ENDSEC;
DATA;
#1 = APPLICATION_PROTOCOL_DEFINITION('international standard',
  'automotive_design',2000,#2);
#2 = APPLICATION_CONTEXT(
  'core data for automotive mechanical design processes');
#3 = SHAPE_DEFINITION_REPRESENTATION(#4,#10);
#4 = PRODUCT_DEFINITION_SHAPE('','',#5);
#5 = PRODUCT_DEFINITION('design','',#6,#9);
#6 = PRODUCT_DEFINITION_FORMATION('','',#7);
#7 = PRODUCT('Baseplate','Baseplate','',(#8));
#8 = PRODUCT_CONTEXT('',#2,'mechanical');
#9 = PRODUCT_DEFINITION_CONTEXT('part definition',#2,'design');
#10 = ADVANCED_BREP_SHAPE_REPRESENTATION('',(#11,#15),#7213);
#11 = AXIS2_PLACEMENT_3D('',#12,#13,#14);
#12 = CARTESIAN_POINT('',(0.,0.,0.));
#13 = DIRECTION('',(0.,0.,1.));
#14 = DIRECTION('',(1.,0.,-0.));
#15 = MANIFOLD_SOLID_BREP('',#16);
#16 = CLOSED_SHELL('',(#17,#50,#70,#103,#123,#156,#176,#216,#249,#282,
    #313,#344,#377,#410,#432,#470,#503,#523,#574,#605,#638,#669,#716,
    #749,#780,#813,#844,#894,#925,#956,#1005,#1038,#1058,#1109,#1140,
    #1173,#1204,#1237,#1277,#1310,#1341,#1404,#1437,#1468,#1501,#1571,
    #1604,#1635,#1659,#1690,#1714,#1728,#1766,#1806,#1839,#1872,#1903,
    #1934,#1967,#2000,#2022,#2060,#2100,#2133,#2166,#2197,#2228,#2261,
    #2294,#2316,#2354,#2394,#2427,#2458,#2491,#2522,#2555,#2586,#2610,
    #2670,#2703,#2723,#2756,#2776,#2816,#2849,#2882,#2913,#2944,#2977,
    #3010,#3032,#3070,#3110,#3143,#3176,#3207,#3238,#3271,#3304,#3326,
    #3364,#3397,#3417,#3450,#3470,#3510,#3543,#3576,#3607,#3638,#3671,
    #3704,#3726,#3764,#3836,#3869,#3902,#3926,#3957,#4421,#4445,#4469,
    #4496,#4513,#4538,#4563,#4588,#4613,#4638,#4663,#4688,#4713,#4738,
    #4763,#4788,#4813,#4830,#4847,#4864,#4881,#4898,#4915,#4932,#4949,
    #4966,#4983,#5000,#5017,#5034,#5051,#5068,#5085,#5102,#5119,#5136,
    #5153,#5170,#5187,#5204,#5221,#5238,#5255,#5272,#5289,#5322,#5355,
    #5380,#5401,#5425,#5444,#5471,#5496,#5517,#5529,#6145,#6178,#6202,
    #6235,#6259,#6284,#6308,#6326,#6343,#6359,#6392,#6416,#6449,#6473,
    #6498,#6522,#6540,#6557,#6573,#6606,#6630,#6655,#6679,#6704,#6728,
    #6754,#6771,#6787,#6820,#6844,#6877,#6901,#6926,#6950,#6968,#6985,
    #7001,#7032,#7057,#7082,#7106,#7130,#7155,#7180,#7197));
#17 = ADVANCED_FACE('',(#18),#45,.F.);
#18 = FACE_BOUND('',#19,.F.);
#19 = EDGE_LOOP('',(#20,#29,#37,#44));
#20 = ORIENTED_EDGE('',*,*,#21,.F.);
#21 = EDGE_CURVE('',#22,#22,#24,.T.);
#22 = VERTEX_POINT('',#23);
#23 = CARTESIAN_POINT('',(615.15625,114.3,-22.7));
#24 = CIRCLE('',#25,7.14375);
#25 = AXIS2_PLACEMENT_3D('',#26,#27,#28);
#26 = CARTESIAN_POINT('',(622.3,114.3,-22.7));
#27 = DIRECTION('',(0.,0.,-1.));
#28 = DIRECTION('',(-1.,0.,0.));
#29 = ORIENTED_EDGE('',*,*,#30,.F.);
#30 = EDGE_CURVE('',#31,#22,#33,.T.);
#31 = VERTEX_POINT('',#32);
#32 = CARTESIAN_POINT('',(615.15625,114.3,-12.7));
#33 = LINE('',#34,#35);
#34 = CARTESIAN_POINT('',(615.15625,114.3,-12.7));
#35 = VECTOR('',#36,1.);
#36 = DIRECTION('',(0.,0.,-1.));
#37 = ORIENTED_EDGE('',*,*,#38,.T.);
#38 = EDGE_CURVE('',#31,#31,#39,.T.);
#39 = CIRCLE('',#40,7.14375);
#40 = AXIS2_PLACEMENT_3D('',#41,#42,#43);
#41 = CARTESIAN_POINT('',(622.3,114.3,-12.7));
#42 = DIRECTION('',(0.,0.,-1.));
#43 = DIRECTION('',(-1.,0.,0.));
#44 = ORIENTED_EDGE('',*,*,#30,.T.);
#45 = CYLINDRICAL_SURFACE('',#46,7.14375);
#46 = AXIS2_PLACEMENT_3D('',#47,#48,#49);
#47 = CARTESIAN_POINT('',(622.3,114.3,-12.7));
#48 = DIRECTION('',(0.,0.,-1.));
#49 = DIRECTION('',(-1.,0.,0.));
#50 = ADVANCED_FACE('',(#51,#54),#65,.F.);
#51 = FACE_BOUND('',#52,.F.);
#52 = EDGE_LOOP('',(#53));
#53 = ORIENTED_EDGE('',*,*,#21,.T.);
#54 = FACE_BOUND('',#55,.F.);
#55 = EDGE_LOOP('',(#56));
#56 = ORIENTED_EDGE('',*,*,#57,.F.);
#57 = EDGE_CURVE('',#58,#58,#60,.T.);
#58 = VERTEX_POINT('',#59);
#59 = CARTESIAN_POINT('',(618.998,114.3,-22.7));
#60 = CIRCLE('',#61,3.302);
#61 = AXIS2_PLACEMENT_3D('',#62,#63,#64);
#62 = CARTESIAN_POINT('',(622.3,114.3,-22.7));
#63 = DIRECTION('',(0.,0.,-1.));
#64 = DIRECTION('',(-1.,0.,0.));
#65 = PLANE('',#66);
#66 = AXIS2_PLACEMENT_3D('',#67,#68,#69);
#67 = CARTESIAN_POINT('',(622.3,114.3,-22.7));
#68 = DIRECTION('',(0.,0.,-1.));
#69 = DIRECTION('',(-1.,0.,0.));
#70 = ADVANCED_FACE('',(#71),#98,.F.);
#71 = FACE_BOUND('',#72,.F.);
#72 = EDGE_LOOP('',(#73,#82,#90,#97));
#73 = ORIENTED_EDGE('',*,*,#74,.F.);
#74 = EDGE_CURVE('',#75,#75,#77,.T.);
#75 = VERTEX_POINT('',#76);
#76 = CARTESIAN_POINT('',(335.75625,114.3,-22.7));
#77 = CIRCLE('',#78,7.14375);
#78 = AXIS2_PLACEMENT_3D('',#79,#80,#81);
#79 = CARTESIAN_POINT('',(342.9,114.3,-22.7));
#80 = DIRECTION('',(0.,0.,-1.));
#81 = DIRECTION('',(-1.,0.,0.));
#82 = ORIENTED_EDGE('',*,*,#83,.F.);
#83 = EDGE_CURVE('',#84,#75,#86,.T.);
#84 = VERTEX_POINT('',#85);
#85 = CARTESIAN_POINT('',(335.75625,114.3,-12.7));
#86 = LINE('',#87,#88);
#87 = CARTESIAN_POINT('',(335.75625,114.3,-12.7));
#88 = VECTOR('',#89,1.);
#89 = DIRECTION('',(0.,0.,-1.));
#90 = ORIENTED_EDGE('',*,*,#91,.T.);
#91 = EDGE_CURVE('',#84,#84,#92,.T.);
#92 = CIRCLE('',#93,7.14375);
#93 = AXIS2_PLACEMENT_3D('',#94,#95,#96);
#94 = CARTESIAN_POINT('',(342.9,114.3,-12.7));
#95 = DIRECTION('',(0.,0.,-1.));
#96 = DIRECTION('',(-1.,0.,0.));
#97 = ORIENTED_EDGE('',*,*,#83,.T.);
#98 = CYLINDRICAL_SURFACE('',#99,7.14375);
#99 = AXIS2_PLACEMENT_3D('',#100,#101,#102);
#100 = CARTESIAN_POINT('',(342.9,114.3,-12.7));
#101 = DIRECTION('',(0.,0.,-1.));
#102 = DIRECTION('',(-1.,0.,0.));
#103 = ADVANCED_FACE('',(#104,#107),#118,.F.);
#104 = FACE_BOUND('',#105,.F.);
#105 = EDGE_LOOP('',(#106));
#106 = ORIENTED_EDGE('',*,*,#74,.T.);
#107 = FACE_BOUND('',#108,.F.);
#108 = EDGE_LOOP('',(#109));
#109 = ORIENTED_EDGE('',*,*,#110,.F.);
#110 = EDGE_CURVE('',#111,#111,#113,.T.);
#111 = VERTEX_POINT('',#112);
#112 = CARTESIAN_POINT('',(339.598,114.3,-22.7));
#113 = CIRCLE('',#114,3.302);
#114 = AXIS2_PLACEMENT_3D('',#115,#116,#117);
#115 = CARTESIAN_POINT('',(342.9,114.3,-22.7));
#116 = DIRECTION('',(0.,0.,-1.));
#117 = DIRECTION('',(-1.,0.,0.));
#118 = PLANE('',#119);
#119 = AXIS2_PLACEMENT_3D('',#120,#121,#122);
#120 = CARTESIAN_POINT('',(342.9,114.3,-22.7));
#121 = DIRECTION('',(0.,0.,-1.));
#122 = DIRECTION('',(-1.,0.,0.));
#123 = ADVANCED_FACE('',(#124),#151,.F.);
#124 = FACE_BOUND('',#125,.F.);
#125 = EDGE_LOOP('',(#126,#135,#143,#150));
#126 = ORIENTED_EDGE('',*,*,#127,.F.);
#127 = EDGE_CURVE('',#128,#128,#130,.T.);
#128 = VERTEX_POINT('',#129);
#129 = CARTESIAN_POINT('',(538.95625,101.6,-22.7));
#130 = CIRCLE('',#131,7.14375);
#131 = AXIS2_PLACEMENT_3D('',#132,#133,#134);
#132 = CARTESIAN_POINT('',(546.1,101.6,-22.7));
#133 = DIRECTION('',(0.,0.,-1.));
#134 = DIRECTION('',(-1.,0.,0.));
#135 = ORIENTED_EDGE('',*,*,#136,.F.);
#136 = EDGE_CURVE('',#137,#128,#139,.T.);
#137 = VERTEX_POINT('',#138);
#138 = CARTESIAN_POINT('',(538.95625,101.6,-12.7));
#139 = LINE('',#140,#141);
#140 = CARTESIAN_POINT('',(538.95625,101.6,-12.7));
#141 = VECTOR('',#142,1.);
#142 = DIRECTION('',(0.,0.,-1.));
#143 = ORIENTED_EDGE('',*,*,#144,.T.);
#144 = EDGE_CURVE('',#137,#137,#145,.T.);
#145 = CIRCLE('',#146,7.14375);
#146 = AXIS2_PLACEMENT_3D('',#147,#148,#149);
#147 = CARTESIAN_POINT('',(546.1,101.6,-12.7));
#148 = DIRECTION('',(0.,0.,-1.));
#149 = DIRECTION('',(-1.,0.,0.));
#150 = ORIENTED_EDGE('',*,*,#136,.T.);
#151 = CYLINDRICAL_SURFACE('',#152,7.14375);
#152 = AXIS2_PLACEMENT_3D('',#153,#154,#155);
#153 = CARTESIAN_POINT('',(546.1,101.6,-12.7));
#154 = DIRECTION('',(0.,0.,-1.));
#155 = DIRECTION('',(-1.,0.,0.));
#156 = ADVANCED_FACE('',(#157,#160),#171,.F.);
#157 = FACE_BOUND('',#158,.F.);
#158 = EDGE_LOOP('',(#159));
#159 = ORIENTED_EDGE('',*,*,#127,.T.);
#160 = FACE_BOUND('',#161,.F.);
#161 = EDGE_LOOP('',(#162));
#162 = ORIENTED_EDGE('',*,*,#163,.F.);
#163 = EDGE_CURVE('',#164,#164,#166,.T.);
#164 = VERTEX_POINT('',#165);
#165 = CARTESIAN_POINT('',(542.798,101.6,-22.7));
#166 = CIRCLE('',#167,3.302);
#167 = AXIS2_PLACEMENT_3D('',#168,#169,#170);
#168 = CARTESIAN_POINT('',(546.1,101.6,-22.7));
#169 = DIRECTION('',(0.,0.,-1.));
#170 = DIRECTION('',(-1.,0.,0.));
#171 = PLANE('',#172);
#172 = AXIS2_PLACEMENT_3D('',#173,#174,#175);
#173 = CARTESIAN_POINT('',(546.1,101.6,-22.7));
#174 = DIRECTION('',(0.,0.,-1.));
#175 = DIRECTION('',(-1.,0.,0.));
#176 = ADVANCED_FACE('',(#177),#211,.F.);
#177 = FACE_BOUND('',#178,.F.);
#178 = EDGE_LOOP('',(#179,#189,#197,#205));
#179 = ORIENTED_EDGE('',*,*,#180,.F.);
#180 = EDGE_CURVE('',#181,#183,#185,.T.);
#181 = VERTEX_POINT('',#182);
#182 = CARTESIAN_POINT('',(481.77678664788,105.69077652111,-12.7));
#183 = VERTEX_POINT('',#184);
#184 = CARTESIAN_POINT('',(468.58783096519,92.501820838419,-12.7));
#185 = LINE('',#186,#187);
#186 = CARTESIAN_POINT('',(484.02114357137,107.93513344459,-12.7));
#187 = VECTOR('',#188,1.);
#188 = DIRECTION('',(-0.707106781187,-0.707106781187,0.));
#189 = ORIENTED_EDGE('',*,*,#190,.F.);
#190 = EDGE_CURVE('',#191,#181,#193,.T.);
#191 = VERTEX_POINT('',#192);
#192 = CARTESIAN_POINT('',(481.77678664788,105.69077652111,-24.25));
#193 = LINE('',#194,#195);
#194 = CARTESIAN_POINT('',(481.77678664788,105.69077652111,-24.25));
#195 = VECTOR('',#196,1.);
#196 = DIRECTION('',(0.,0.,1.));
#197 = ORIENTED_EDGE('',*,*,#198,.T.);
#198 = EDGE_CURVE('',#191,#199,#201,.T.);
#199 = VERTEX_POINT('',#200);
#200 = CARTESIAN_POINT('',(468.58783096519,92.501820838419,-24.25));
#201 = LINE('',#202,#203);
#202 = CARTESIAN_POINT('',(484.02114357137,107.93513344459,-24.25));
#203 = VECTOR('',#204,1.);
#204 = DIRECTION('',(-0.707106781187,-0.707106781187,0.));
#205 = ORIENTED_EDGE('',*,*,#206,.T.);
#206 = EDGE_CURVE('',#199,#183,#207,.T.);
#207 = LINE('',#208,#209);
#208 = CARTESIAN_POINT('',(468.58783096519,92.501820838419,-24.25));
#209 = VECTOR('',#210,1.);
#210 = DIRECTION('',(0.,0.,1.));
#211 = PLANE('',#212);
#212 = AXIS2_PLACEMENT_3D('',#213,#214,#215);
#213 = CARTESIAN_POINT('',(484.02114357137,107.93513344459,-24.25));
#214 = DIRECTION('',(-0.707106781187,0.707106781187,0.));
#215 = DIRECTION('',(0.,0.,1.));
#216 = ADVANCED_FACE('',(#217),#244,.F.);
#217 = FACE_BOUND('',#218,.F.);
#218 = EDGE_LOOP('',(#219,#228,#229,#238));
#219 = ORIENTED_EDGE('',*,*,#220,.T.);
#220 = EDGE_CURVE('',#221,#191,#223,.T.);
#221 = VERTEX_POINT('',#222);
#222 = CARTESIAN_POINT('',(486.26550049486,105.69077652111,-24.25));
#223 = CIRCLE('',#224,3.174);
#224 = AXIS2_PLACEMENT_3D('',#225,#226,#227);
#225 = CARTESIAN_POINT('',(484.02114357137,103.44641959762,-24.25));
#226 = DIRECTION('',(0.,-0.,1.));
#227 = DIRECTION('',(0.707106781187,0.707106781187,0.));
#228 = ORIENTED_EDGE('',*,*,#190,.T.);
#229 = ORIENTED_EDGE('',*,*,#230,.F.);
#230 = EDGE_CURVE('',#231,#181,#233,.T.);
#231 = VERTEX_POINT('',#232);
#232 = CARTESIAN_POINT('',(486.26550049486,105.69077652111,-12.7));
#233 = CIRCLE('',#234,3.174);
#234 = AXIS2_PLACEMENT_3D('',#235,#236,#237);
#235 = CARTESIAN_POINT('',(484.02114357137,103.44641959762,-12.7));
#236 = DIRECTION('',(0.,-0.,1.));
#237 = DIRECTION('',(0.707106781187,0.707106781187,0.));
#238 = ORIENTED_EDGE('',*,*,#239,.F.);
#239 = EDGE_CURVE('',#221,#231,#240,.T.);
#240 = LINE('',#241,#242);
#241 = CARTESIAN_POINT('',(486.26550049486,105.69077652111,-24.25));
#242 = VECTOR('',#243,1.);
#243 = DIRECTION('',(0.,0.,1.));
#244 = CYLINDRICAL_SURFACE('',#245,3.174);
#245 = AXIS2_PLACEMENT_3D('',#246,#247,#248);
#246 = CARTESIAN_POINT('',(484.02114357137,103.44641959762,-24.25));
#247 = DIRECTION('',(0.,0.,1.));
#248 = DIRECTION('',(0.707106781187,0.707106781187,0.));
#249 = ADVANCED_FACE('',(#250),#277,.F.);
#250 = FACE_BOUND('',#251,.F.);
#251 = EDGE_LOOP('',(#252,#261,#269,#276));
#252 = ORIENTED_EDGE('',*,*,#253,.T.);
#253 = EDGE_CURVE('',#199,#254,#256,.T.);
#254 = VERTEX_POINT('',#255);
#255 = CARTESIAN_POINT('',(468.58783096519,88.013106991447,-24.25));
#256 = CIRCLE('',#257,3.174);
#257 = AXIS2_PLACEMENT_3D('',#258,#259,#260);
#258 = CARTESIAN_POINT('',(470.83218788868,90.257463914933,-24.25));
#259 = DIRECTION('',(0.,-0.,1.));
#260 = DIRECTION('',(0.707106781187,0.707106781187,0.));
#261 = ORIENTED_EDGE('',*,*,#262,.T.);
#262 = EDGE_CURVE('',#254,#263,#265,.T.);
#263 = VERTEX_POINT('',#264);
#264 = CARTESIAN_POINT('',(468.58783096519,88.013106991447,-12.7));
#265 = LINE('',#266,#267);
#266 = CARTESIAN_POINT('',(468.58783096519,88.013106991447,-24.25));
#267 = VECTOR('',#268,1.);
#268 = DIRECTION('',(0.,0.,1.));
#269 = ORIENTED_EDGE('',*,*,#270,.F.);
#270 = EDGE_CURVE('',#183,#263,#271,.T.);
#271 = CIRCLE('',#272,3.174);
#272 = AXIS2_PLACEMENT_3D('',#273,#274,#275);
#273 = CARTESIAN_POINT('',(470.83218788868,90.257463914933,-12.7));
#274 = DIRECTION('',(0.,-0.,1.));
#275 = DIRECTION('',(0.707106781187,0.707106781187,0.));
#276 = ORIENTED_EDGE('',*,*,#206,.F.);
#277 = CYLINDRICAL_SURFACE('',#278,3.174);
#278 = AXIS2_PLACEMENT_3D('',#279,#280,#281);
#279 = CARTESIAN_POINT('',(470.83218788868,90.257463914933,-24.25));
#280 = DIRECTION('',(0.,0.,1.));
#281 = DIRECTION('',(-0.707106781187,0.707106781187,0.));
#282 = ADVANCED_FACE('',(#283),#308,.T.);
#283 = FACE_BOUND('',#284,.T.);
#284 = EDGE_LOOP('',(#285,#293,#301,#307));
#285 = ORIENTED_EDGE('',*,*,#286,.F.);
#286 = EDGE_CURVE('',#287,#221,#289,.T.);
#287 = VERTEX_POINT('',#288);
#288 = CARTESIAN_POINT('',(501.57577652111,90.38050049486,-24.25));
#289 = LINE('',#290,#291);
#290 = CARTESIAN_POINT('',(503.82013344459,88.136143571374,-24.25));
#291 = VECTOR('',#292,1.);
#292 = DIRECTION('',(-0.707106781187,0.707106781187,0.));
#293 = ORIENTED_EDGE('',*,*,#294,.T.);
#294 = EDGE_CURVE('',#287,#295,#297,.T.);
#295 = VERTEX_POINT('',#296);
#296 = CARTESIAN_POINT('',(501.57577652111,90.38050049486,-12.7));
#297 = LINE('',#298,#299);
#298 = CARTESIAN_POINT('',(501.57577652111,90.38050049486,-24.25));
#299 = VECTOR('',#300,1.);
#300 = DIRECTION('',(0.,0.,1.));
#301 = ORIENTED_EDGE('',*,*,#302,.T.);
#302 = EDGE_CURVE('',#295,#231,#303,.T.);
#303 = LINE('',#304,#305);
#304 = CARTESIAN_POINT('',(503.82013344459,88.136143571374,-12.7));
#305 = VECTOR('',#306,1.);
#306 = DIRECTION('',(-0.707106781187,0.707106781187,0.));
#307 = ORIENTED_EDGE('',*,*,#239,.F.);
#308 = PLANE('',#309);
#309 = AXIS2_PLACEMENT_3D('',#310,#311,#312);
#310 = CARTESIAN_POINT('',(503.82013344459,88.136143571374,-24.25));
#311 = DIRECTION('',(-0.707106781187,-0.707106781187,0.));
#312 = DIRECTION('',(0.,0.,1.));
#313 = ADVANCED_FACE('',(#314),#339,.F.);
#314 = FACE_BOUND('',#315,.F.);
#315 = EDGE_LOOP('',(#316,#324,#332,#338));
#316 = ORIENTED_EDGE('',*,*,#317,.F.);
#317 = EDGE_CURVE('',#318,#254,#320,.T.);
#318 = VERTEX_POINT('',#319);
#319 = CARTESIAN_POINT('',(483.89810699144,72.702830965196,-24.25));
#320 = LINE('',#321,#322);
#321 = CARTESIAN_POINT('',(486.14246391493,70.45847404171,-24.25));
#322 = VECTOR('',#323,1.);
#323 = DIRECTION('',(-0.707106781187,0.707106781187,0.));
#324 = ORIENTED_EDGE('',*,*,#325,.T.);
#325 = EDGE_CURVE('',#318,#326,#328,.T.);
#326 = VERTEX_POINT('',#327);
#327 = CARTESIAN_POINT('',(483.89810699144,72.702830965196,-12.7));
#328 = LINE('',#329,#330);
#329 = CARTESIAN_POINT('',(483.89810699144,72.702830965196,-24.25));
#330 = VECTOR('',#331,1.);
#331 = DIRECTION('',(0.,0.,1.));
#332 = ORIENTED_EDGE('',*,*,#333,.T.);
#333 = EDGE_CURVE('',#326,#263,#334,.T.);
#334 = LINE('',#335,#336);
#335 = CARTESIAN_POINT('',(486.14246391493,70.45847404171,-12.7));
#336 = VECTOR('',#337,1.);
#337 = DIRECTION('',(-0.707106781187,0.707106781187,0.));
#338 = ORIENTED_EDGE('',*,*,#262,.F.);
#339 = PLANE('',#340);
#340 = AXIS2_PLACEMENT_3D('',#341,#342,#343);
#341 = CARTESIAN_POINT('',(486.14246391493,70.45847404171,-24.25));
#342 = DIRECTION('',(-0.707106781187,-0.707106781187,0.));
#343 = DIRECTION('',(0.,0.,1.));
#344 = ADVANCED_FACE('',(#345),#372,.F.);
#345 = FACE_BOUND('',#346,.F.);
#346 = EDGE_LOOP('',(#347,#356,#357,#366));
#347 = ORIENTED_EDGE('',*,*,#348,.T.);
#348 = EDGE_CURVE('',#349,#287,#351,.T.);
#349 = VERTEX_POINT('',#350);
#350 = CARTESIAN_POINT('',(501.57577652111,85.891786647887,-24.25));
#351 = CIRCLE('',#352,3.174);
#352 = AXIS2_PLACEMENT_3D('',#353,#354,#355);
#353 = CARTESIAN_POINT('',(499.33141959762,88.136143571374,-24.25));
#354 = DIRECTION('',(0.,-0.,1.));
#355 = DIRECTION('',(0.707106781187,0.707106781187,0.));
#356 = ORIENTED_EDGE('',*,*,#294,.T.);
#357 = ORIENTED_EDGE('',*,*,#358,.F.);
#358 = EDGE_CURVE('',#359,#295,#361,.T.);
#359 = VERTEX_POINT('',#360);
#360 = CARTESIAN_POINT('',(501.57577652111,85.891786647887,-12.7));
#361 = CIRCLE('',#362,3.174);
#362 = AXIS2_PLACEMENT_3D('',#363,#364,#365);
#363 = CARTESIAN_POINT('',(499.33141959762,88.136143571374,-12.7));
#364 = DIRECTION('',(0.,-0.,1.));
#365 = DIRECTION('',(0.707106781187,0.707106781187,0.));
#366 = ORIENTED_EDGE('',*,*,#367,.F.);
#367 = EDGE_CURVE('',#349,#359,#368,.T.);
#368 = LINE('',#369,#370);
#369 = CARTESIAN_POINT('',(501.57577652111,85.891786647887,-24.25));
#370 = VECTOR('',#371,1.);
#371 = DIRECTION('',(0.,0.,1.));
#372 = CYLINDRICAL_SURFACE('',#373,3.174);
#373 = AXIS2_PLACEMENT_3D('',#374,#375,#376);
#374 = CARTESIAN_POINT('',(499.33141959762,88.136143571374,-24.25));
#375 = DIRECTION('',(0.,0.,1.));
#376 = DIRECTION('',(0.707106781187,-0.707106781187,0.));
#377 = ADVANCED_FACE('',(#378),#405,.F.);
#378 = FACE_BOUND('',#379,.T.);
#379 = EDGE_LOOP('',(#380,#389,#390,#399));
#380 = ORIENTED_EDGE('',*,*,#381,.T.);
#381 = EDGE_CURVE('',#382,#318,#384,.T.);
#382 = VERTEX_POINT('',#383);
#383 = CARTESIAN_POINT('',(488.38682083841,72.702830965196,-24.25));
#384 = CIRCLE('',#385,3.174);
#385 = AXIS2_PLACEMENT_3D('',#386,#387,#388);
#386 = CARTESIAN_POINT('',(486.14246391493,74.947187888682,-24.25));
#387 = DIRECTION('',(0.,0.,-1.));
#388 = DIRECTION('',(0.707106781187,0.707106781187,0.));
#389 = ORIENTED_EDGE('',*,*,#325,.T.);
#390 = ORIENTED_EDGE('',*,*,#391,.F.);
#391 = EDGE_CURVE('',#392,#326,#394,.T.);
#392 = VERTEX_POINT('',#393);
#393 = CARTESIAN_POINT('',(488.38682083841,72.702830965196,-12.7));
#394 = CIRCLE('',#395,3.174);
#395 = AXIS2_PLACEMENT_3D('',#396,#397,#398);
#396 = CARTESIAN_POINT('',(486.14246391493,74.947187888682,-12.7));
#397 = DIRECTION('',(0.,0.,-1.));
#398 = DIRECTION('',(0.707106781187,0.707106781187,0.));
#399 = ORIENTED_EDGE('',*,*,#400,.F.);
#400 = EDGE_CURVE('',#382,#392,#401,.T.);
#401 = LINE('',#402,#403);
#402 = CARTESIAN_POINT('',(488.38682083841,72.702830965196,-24.25));
#403 = VECTOR('',#404,1.);
#404 = DIRECTION('',(0.,0.,1.));
#405 = CYLINDRICAL_SURFACE('',#406,3.174);
#406 = AXIS2_PLACEMENT_3D('',#407,#408,#409);
#407 = CARTESIAN_POINT('',(486.14246391493,74.947187888682,-24.25));
#408 = DIRECTION('',(0.,0.,1.));
#409 = DIRECTION('',(0.707106781187,-0.707106781187,0.));
#410 = ADVANCED_FACE('',(#411),#427,.T.);
#411 = FACE_BOUND('',#412,.T.);
#412 = EDGE_LOOP('',(#413,#419,#420,#426));
#413 = ORIENTED_EDGE('',*,*,#414,.F.);
#414 = EDGE_CURVE('',#359,#392,#415,.T.);
#415 = LINE('',#416,#417);
#416 = CARTESIAN_POINT('',(503.82013344459,88.136143571374,-12.7));
#417 = VECTOR('',#418,1.);
#418 = DIRECTION('',(-0.707106781187,-0.707106781187,0.));
#419 = ORIENTED_EDGE('',*,*,#367,.F.);
#420 = ORIENTED_EDGE('',*,*,#421,.T.);
#421 = EDGE_CURVE('',#349,#382,#422,.T.);
#422 = LINE('',#423,#424);
#423 = CARTESIAN_POINT('',(503.82013344459,88.136143571374,-24.25));
#424 = VECTOR('',#425,1.);
#425 = DIRECTION('',(-0.707106781187,-0.707106781187,0.));
#426 = ORIENTED_EDGE('',*,*,#400,.T.);
#427 = PLANE('',#428);
#428 = AXIS2_PLACEMENT_3D('',#429,#430,#431);
#429 = CARTESIAN_POINT('',(503.82013344459,88.136143571374,-24.25));
#430 = DIRECTION('',(-0.707106781187,0.707106781187,0.));
#431 = DIRECTION('',(0.,0.,1.));
#432 = ADVANCED_FACE('',(#433,#443,#454),#465,.T.);
#433 = FACE_BOUND('',#434,.T.);
#434 = EDGE_LOOP('',(#435,#436,#437,#438,#439,#440,#441,#442));
#435 = ORIENTED_EDGE('',*,*,#198,.T.);
#436 = ORIENTED_EDGE('',*,*,#253,.T.);
#437 = ORIENTED_EDGE('',*,*,#317,.F.);
#438 = ORIENTED_EDGE('',*,*,#381,.F.);
#439 = ORIENTED_EDGE('',*,*,#421,.F.);
#440 = ORIENTED_EDGE('',*,*,#348,.T.);
#441 = ORIENTED_EDGE('',*,*,#286,.T.);
#442 = ORIENTED_EDGE('',*,*,#220,.T.);
#443 = FACE_BOUND('',#444,.T.);
#444 = EDGE_LOOP('',(#445));
#445 = ORIENTED_EDGE('',*,*,#446,.T.);
#446 = EDGE_CURVE('',#447,#447,#449,.T.);
#447 = VERTEX_POINT('',#448);
#448 = CARTESIAN_POINT('',(494.78839994985,89.389702473061,-24.25));
#449 = CIRCLE('',#450,1.7272);
#450 = AXIS2_PLACEMENT_3D('',#451,#452,#453);
#451 = CARTESIAN_POINT('',(493.56708511739,90.611017305526,-24.25));
#452 = DIRECTION('',(0.,-0.,-1.));
#453 = DIRECTION('',(0.707106781187,-0.707106781187,0.));
#454 = FACE_BOUND('',#455,.T.);
#455 = EDGE_LOOP('',(#456));
#456 = ORIENTED_EDGE('',*,*,#457,.T.);
#457 = EDGE_CURVE('',#458,#458,#460,.T.);
#458 = VERTEX_POINT('',#459);
#459 = CARTESIAN_POINT('',(487.71733213799,96.460770284926,-24.25));
#460 = CIRCLE('',#461,1.7272);
#461 = AXIS2_PLACEMENT_3D('',#462,#463,#464);
#462 = CARTESIAN_POINT('',(486.49601730552,97.682085117392,-24.25));
#463 = DIRECTION('',(0.,-0.,-1.));
#464 = DIRECTION('',(0.707106781187,-0.707106781187,0.));
#465 = PLANE('',#466);
#466 = AXIS2_PLACEMENT_3D('',#467,#468,#469);
#467 = CARTESIAN_POINT('',(503.82013344459,88.136143571374,-24.25));
#468 = DIRECTION('',(0.,0.,1.));
#469 = DIRECTION('',(-0.707106781187,0.707106781187,0.));
#470 = ADVANCED_FACE('',(#471),#498,.F.);
#471 = FACE_BOUND('',#472,.F.);
#472 = EDGE_LOOP('',(#473,#482,#490,#497));
#473 = ORIENTED_EDGE('',*,*,#474,.F.);
#474 = EDGE_CURVE('',#475,#475,#477,.T.);
#475 = VERTEX_POINT('',#476);
#476 = CARTESIAN_POINT('',(56.35625,114.3,-22.7));
#477 = CIRCLE('',#478,7.14375);
#478 = AXIS2_PLACEMENT_3D('',#479,#480,#481);
#479 = CARTESIAN_POINT('',(63.5,114.3,-22.7));
#480 = DIRECTION('',(0.,0.,-1.));
#481 = DIRECTION('',(-1.,0.,0.));
#482 = ORIENTED_EDGE('',*,*,#483,.F.);
#483 = EDGE_CURVE('',#484,#475,#486,.T.);
#484 = VERTEX_POINT('',#485);
#485 = CARTESIAN_POINT('',(56.35625,114.3,-12.7));
#486 = LINE('',#487,#488);
#487 = CARTESIAN_POINT('',(56.35625,114.3,-12.7));
#488 = VECTOR('',#489,1.);
#489 = DIRECTION('',(0.,0.,-1.));
#490 = ORIENTED_EDGE('',*,*,#491,.T.);
#491 = EDGE_CURVE('',#484,#484,#492,.T.);
#492 = CIRCLE('',#493,7.14375);
#493 = AXIS2_PLACEMENT_3D('',#494,#495,#496);
#494 = CARTESIAN_POINT('',(63.5,114.3,-12.7));
#495 = DIRECTION('',(0.,0.,-1.));
#496 = DIRECTION('',(-1.,0.,0.));
#497 = ORIENTED_EDGE('',*,*,#483,.T.);
#498 = CYLINDRICAL_SURFACE('',#499,7.14375);
#499 = AXIS2_PLACEMENT_3D('',#500,#501,#502);
#500 = CARTESIAN_POINT('',(63.5,114.3,-12.7));
#501 = DIRECTION('',(0.,0.,-1.));
#502 = DIRECTION('',(-1.,0.,0.));
#503 = ADVANCED_FACE('',(#504,#507),#518,.F.);
#504 = FACE_BOUND('',#505,.F.);
#505 = EDGE_LOOP('',(#506));
#506 = ORIENTED_EDGE('',*,*,#474,.T.);
#507 = FACE_BOUND('',#508,.F.);
#508 = EDGE_LOOP('',(#509));
#509 = ORIENTED_EDGE('',*,*,#510,.F.);
#510 = EDGE_CURVE('',#511,#511,#513,.T.);
#511 = VERTEX_POINT('',#512);
#512 = CARTESIAN_POINT('',(60.198,114.3,-22.7));
#513 = CIRCLE('',#514,3.302);
#514 = AXIS2_PLACEMENT_3D('',#515,#516,#517);
#515 = CARTESIAN_POINT('',(63.5,114.3,-22.7));
#516 = DIRECTION('',(0.,0.,-1.));
#517 = DIRECTION('',(-1.,0.,0.));
#518 = PLANE('',#519);
#519 = AXIS2_PLACEMENT_3D('',#520,#521,#522);
#520 = CARTESIAN_POINT('',(63.5,114.3,-22.7));
#521 = DIRECTION('',(0.,0.,-1.));
#522 = DIRECTION('',(-1.,0.,0.));
#523 = ADVANCED_FACE('',(#524),#569,.F.);
#524 = FACE_BOUND('',#525,.F.);
#525 = EDGE_LOOP('',(#526,#536,#545,#553,#562));
#526 = ORIENTED_EDGE('',*,*,#527,.F.);
#527 = EDGE_CURVE('',#528,#530,#532,.T.);
#528 = VERTEX_POINT('',#529);
#529 = CARTESIAN_POINT('',(249.68969959259,60.395884918213,
    -31.23571645736));
#530 = VERTEX_POINT('',#531);
#531 = CARTESIAN_POINT('',(249.68969959259,60.395884918213,-12.7));
#532 = LINE('',#533,#534);
#533 = CARTESIAN_POINT('',(249.68969959259,60.395884918213,
    -31.23571645736));
#534 = VECTOR('',#535,1.);
#535 = DIRECTION('',(0.,0.,1.));
#536 = ORIENTED_EDGE('',*,*,#537,.T.);
#537 = EDGE_CURVE('',#528,#538,#540,.T.);
#538 = VERTEX_POINT('',#539);
#539 = CARTESIAN_POINT('',(252.86369959259,57.221884918213,
    -31.23571645736));
#540 = CIRCLE('',#541,3.174);
#541 = AXIS2_PLACEMENT_3D('',#542,#543,#544);
#542 = CARTESIAN_POINT('',(252.86369959259,60.395884918213,
    -31.23571645736));
#543 = DIRECTION('',(0.,-0.,1.));
#544 = DIRECTION('',(0.,1.,0.));
#545 = ORIENTED_EDGE('',*,*,#546,.T.);
#546 = EDGE_CURVE('',#538,#547,#549,.T.);
#547 = VERTEX_POINT('',#548);
#548 = CARTESIAN_POINT('',(252.86369959259,57.221884918213,-12.7));
#549 = LINE('',#550,#551);
#550 = CARTESIAN_POINT('',(252.86369959259,57.221884918213,
    -31.23571645736));
#551 = VECTOR('',#552,1.);
#552 = DIRECTION('',(0.,0.,1.));
#553 = ORIENTED_EDGE('',*,*,#554,.F.);
#554 = EDGE_CURVE('',#555,#547,#557,.T.);
#555 = VERTEX_POINT('',#556);
#556 = CARTESIAN_POINT('',(249.6993127229,60.149041366577,-12.7));
#557 = CIRCLE('',#558,3.174);
#558 = AXIS2_PLACEMENT_3D('',#559,#560,#561);
#559 = CARTESIAN_POINT('',(252.86369959259,60.395884918213,-12.7));
#560 = DIRECTION('',(0.,0.,1.));
#561 = DIRECTION('',(-1.,0.,0.));
#562 = ORIENTED_EDGE('',*,*,#563,.F.);
#563 = EDGE_CURVE('',#530,#555,#564,.T.);
#564 = CIRCLE('',#565,3.174);
#565 = AXIS2_PLACEMENT_3D('',#566,#567,#568);
#566 = CARTESIAN_POINT('',(252.86369959259,60.395884918213,-12.7));
#567 = DIRECTION('',(0.,0.,1.));
#568 = DIRECTION('',(-1.,0.,0.));
#569 = CYLINDRICAL_SURFACE('',#570,3.174);
#570 = AXIS2_PLACEMENT_3D('',#571,#572,#573);
#571 = CARTESIAN_POINT('',(252.86369959259,60.395884918213,
    -31.23571645736));
#572 = DIRECTION('',(0.,0.,1.));
#573 = DIRECTION('',(-1.,0.,0.));
#574 = ADVANCED_FACE('',(#575),#600,.F.);
#575 = FACE_BOUND('',#576,.F.);
#576 = EDGE_LOOP('',(#577,#578,#586,#594));
#577 = ORIENTED_EDGE('',*,*,#546,.F.);
#578 = ORIENTED_EDGE('',*,*,#579,.F.);
#579 = EDGE_CURVE('',#580,#538,#582,.T.);
#580 = VERTEX_POINT('',#581);
#581 = CARTESIAN_POINT('',(288.66994973754,57.221884918213,
    -31.23571645736));
#582 = LINE('',#583,#584);
#583 = CARTESIAN_POINT('',(291.84394973754,57.221884918213,
    -31.23571645736));
#584 = VECTOR('',#585,1.);
#585 = DIRECTION('',(-1.,0.,0.));
#586 = ORIENTED_EDGE('',*,*,#587,.T.);
#587 = EDGE_CURVE('',#580,#588,#590,.T.);
#588 = VERTEX_POINT('',#589);
#589 = CARTESIAN_POINT('',(288.66994973754,57.221884918213,-12.7));
#590 = LINE('',#591,#592);
#591 = CARTESIAN_POINT('',(288.66994973754,57.221884918213,
    -31.23571645736));
#592 = VECTOR('',#593,1.);
#593 = DIRECTION('',(0.,0.,1.));
#594 = ORIENTED_EDGE('',*,*,#595,.F.);
#595 = EDGE_CURVE('',#547,#588,#596,.T.);
#596 = LINE('',#597,#598);
#597 = CARTESIAN_POINT('',(147.50947486877,57.221884918213,-12.7));
#598 = VECTOR('',#599,1.);
#599 = DIRECTION('',(1.,0.,-0.));
#600 = PLANE('',#601);
#601 = AXIS2_PLACEMENT_3D('',#602,#603,#604);
#602 = CARTESIAN_POINT('',(291.84394973754,57.221884918213,
    -31.23571645736));
#603 = DIRECTION('',(0.,-1.,0.));
#604 = DIRECTION('',(0.,0.,1.));
#605 = ADVANCED_FACE('',(#606),#633,.F.);
#606 = FACE_BOUND('',#607,.T.);
#607 = EDGE_LOOP('',(#608,#618,#625,#626));
#608 = ORIENTED_EDGE('',*,*,#609,.F.);
#609 = EDGE_CURVE('',#610,#612,#614,.T.);
#610 = VERTEX_POINT('',#611);
#611 = CARTESIAN_POINT('',(291.84394973754,60.395884918213,
    -31.23571645736));
#612 = VERTEX_POINT('',#613);
#613 = CARTESIAN_POINT('',(291.84394973754,60.395884918213,-12.7));
#614 = LINE('',#615,#616);
#615 = CARTESIAN_POINT('',(291.84394973754,60.395884918213,
    -31.23571645736));
#616 = VECTOR('',#617,1.);
#617 = DIRECTION('',(0.,0.,1.));
#618 = ORIENTED_EDGE('',*,*,#619,.T.);
#619 = EDGE_CURVE('',#610,#580,#620,.T.);
#620 = CIRCLE('',#621,3.174);
#621 = AXIS2_PLACEMENT_3D('',#622,#623,#624);
#622 = CARTESIAN_POINT('',(288.66994973754,60.395884918213,
    -31.23571645736));
#623 = DIRECTION('',(0.,0.,-1.));
#624 = DIRECTION('',(0.,1.,0.));
#625 = ORIENTED_EDGE('',*,*,#587,.T.);
#626 = ORIENTED_EDGE('',*,*,#627,.T.);
#627 = EDGE_CURVE('',#588,#612,#628,.T.);
#628 = CIRCLE('',#629,3.174);
#629 = AXIS2_PLACEMENT_3D('',#630,#631,#632);
#630 = CARTESIAN_POINT('',(288.66994973754,60.395884918213,-12.7));
#631 = DIRECTION('',(0.,0.,1.));
#632 = DIRECTION('',(1.,0.,-0.));
#633 = CYLINDRICAL_SURFACE('',#634,3.174);
#634 = AXIS2_PLACEMENT_3D('',#635,#636,#637);
#635 = CARTESIAN_POINT('',(288.66994973754,60.395884918213,
    -31.23571645736));
#636 = DIRECTION('',(0.,0.,1.));
#637 = DIRECTION('',(1.,0.,0.));
#638 = ADVANCED_FACE('',(#639),#664,.T.);
#639 = FACE_BOUND('',#640,.T.);
#640 = EDGE_LOOP('',(#641,#649,#657,#663));
#641 = ORIENTED_EDGE('',*,*,#642,.F.);
#642 = EDGE_CURVE('',#643,#612,#645,.T.);
#643 = VERTEX_POINT('',#644);
#644 = CARTESIAN_POINT('',(291.84394973754,92.221884918213,-12.7));
#645 = LINE('',#646,#647);
#646 = CARTESIAN_POINT('',(291.84394973754,59.420358657837,-12.7));
#647 = VECTOR('',#648,1.);
#648 = DIRECTION('',(0.,-1.,0.));
#649 = ORIENTED_EDGE('',*,*,#650,.T.);
#650 = EDGE_CURVE('',#643,#651,#653,.T.);
#651 = VERTEX_POINT('',#652);
#652 = CARTESIAN_POINT('',(291.84394973754,92.221884918213,
    -31.23571645736));
#653 = LINE('',#654,#655);
#654 = CARTESIAN_POINT('',(291.84394973754,92.221884918213,
    -34.55071645736));
#655 = VECTOR('',#656,1.);
#656 = DIRECTION('',(0.,-0.,-1.));
#657 = ORIENTED_EDGE('',*,*,#658,.T.);
#658 = EDGE_CURVE('',#651,#610,#659,.T.);
#659 = LINE('',#660,#661);
#660 = CARTESIAN_POINT('',(291.84394973754,115.66571731567,
    -31.23571645736));
#661 = VECTOR('',#662,1.);
#662 = DIRECTION('',(0.,-1.,0.));
#663 = ORIENTED_EDGE('',*,*,#609,.T.);
#664 = PLANE('',#665);
#665 = AXIS2_PLACEMENT_3D('',#666,#667,#668);
#666 = CARTESIAN_POINT('',(291.84394973754,115.66571731567,
    -31.23571645736));
#667 = DIRECTION('',(-1.,0.,0.));
#668 = DIRECTION('',(0.,0.,1.));
#669 = ADVANCED_FACE('',(#670),#711,.F.);
#670 = FACE_BOUND('',#671,.F.);
#671 = EDGE_LOOP('',(#672,#682,#690,#698,#704,#705));
#672 = ORIENTED_EDGE('',*,*,#673,.F.);
#673 = EDGE_CURVE('',#674,#676,#678,.T.);
#674 = VERTEX_POINT('',#675);
#675 = CARTESIAN_POINT('',(267.86369959259,92.221884918213,
    -37.86571645736));
#676 = VERTEX_POINT('',#677);
#677 = CARTESIAN_POINT('',(267.86369959259,92.221884918213,
    -31.23571645736));
#678 = LINE('',#679,#680);
#679 = CARTESIAN_POINT('',(267.86369959259,92.221884918213,
    -37.86571645736));
#680 = VECTOR('',#681,1.);
#681 = DIRECTION('',(0.,0.,1.));
#682 = ORIENTED_EDGE('',*,*,#683,.F.);
#683 = EDGE_CURVE('',#684,#674,#686,.T.);
#684 = VERTEX_POINT('',#685);
#685 = CARTESIAN_POINT('',(308.66994973754,92.221884918213,
    -37.86571645736));
#686 = LINE('',#687,#688);
#687 = CARTESIAN_POINT('',(311.84394973754,92.221884918213,
    -37.86571645736));
#688 = VECTOR('',#689,1.);
#689 = DIRECTION('',(-1.,0.,0.));
#690 = ORIENTED_EDGE('',*,*,#691,.T.);
#691 = EDGE_CURVE('',#684,#692,#694,.T.);
#692 = VERTEX_POINT('',#693);
#693 = CARTESIAN_POINT('',(308.66994973754,92.221884918213,-12.7));
#694 = LINE('',#695,#696);
#695 = CARTESIAN_POINT('',(308.66994973754,92.221884918213,
    -37.86571645736));
#696 = VECTOR('',#697,1.);
#697 = DIRECTION('',(0.,0.,1.));
#698 = ORIENTED_EDGE('',*,*,#699,.F.);
#699 = EDGE_CURVE('',#643,#692,#700,.T.);
#700 = LINE('',#701,#702);
#701 = CARTESIAN_POINT('',(157.50947486877,92.221884918213,-12.7));
#702 = VECTOR('',#703,1.);
#703 = DIRECTION('',(1.,0.,-0.));
#704 = ORIENTED_EDGE('',*,*,#650,.T.);
#705 = ORIENTED_EDGE('',*,*,#706,.T.);
#706 = EDGE_CURVE('',#651,#676,#707,.T.);
#707 = LINE('',#708,#709);
#708 = CARTESIAN_POINT('',(301.84394973754,92.221884918213,
    -31.23571645736));
#709 = VECTOR('',#710,1.);
#710 = DIRECTION('',(-1.,0.,0.));
#711 = PLANE('',#712);
#712 = AXIS2_PLACEMENT_3D('',#713,#714,#715);
#713 = CARTESIAN_POINT('',(311.84394973754,92.221884918213,
    -37.86571645736));
#714 = DIRECTION('',(0.,-1.,0.));
#715 = DIRECTION('',(0.,0.,1.));
#716 = ADVANCED_FACE('',(#717),#744,.F.);
#717 = FACE_BOUND('',#718,.T.);
#718 = EDGE_LOOP('',(#719,#729,#736,#737));
#719 = ORIENTED_EDGE('',*,*,#720,.F.);
#720 = EDGE_CURVE('',#721,#723,#725,.T.);
#721 = VERTEX_POINT('',#722);
#722 = CARTESIAN_POINT('',(311.84394973754,95.395884918213,
    -37.86571645736));
#723 = VERTEX_POINT('',#724);
#724 = CARTESIAN_POINT('',(311.84394973754,95.395884918213,-12.7));
#725 = LINE('',#726,#727);
#726 = CARTESIAN_POINT('',(311.84394973754,95.395884918213,
    -37.86571645736));
#727 = VECTOR('',#728,1.);
#728 = DIRECTION('',(0.,0.,1.));
#729 = ORIENTED_EDGE('',*,*,#730,.T.);
#730 = EDGE_CURVE('',#721,#684,#731,.T.);
#731 = CIRCLE('',#732,3.174);
#732 = AXIS2_PLACEMENT_3D('',#733,#734,#735);
#733 = CARTESIAN_POINT('',(308.66994973754,95.395884918213,
    -37.86571645736));
#734 = DIRECTION('',(0.,0.,-1.));
#735 = DIRECTION('',(0.,1.,0.));
#736 = ORIENTED_EDGE('',*,*,#691,.T.);
#737 = ORIENTED_EDGE('',*,*,#738,.T.);
#738 = EDGE_CURVE('',#692,#723,#739,.T.);
#739 = CIRCLE('',#740,3.174);
#740 = AXIS2_PLACEMENT_3D('',#741,#742,#743);
#741 = CARTESIAN_POINT('',(308.66994973754,95.395884918213,-12.7));
#742 = DIRECTION('',(0.,0.,1.));
#743 = DIRECTION('',(1.,0.,-0.));
#744 = CYLINDRICAL_SURFACE('',#745,3.174);
#745 = AXIS2_PLACEMENT_3D('',#746,#747,#748);
#746 = CARTESIAN_POINT('',(308.66994973754,95.395884918213,
    -37.86571645736));
#747 = DIRECTION('',(0.,0.,1.));
#748 = DIRECTION('',(1.,0.,0.));
#749 = ADVANCED_FACE('',(#750),#775,.T.);
#750 = FACE_BOUND('',#751,.T.);
#751 = EDGE_LOOP('',(#752,#753,#761,#769));
#752 = ORIENTED_EDGE('',*,*,#720,.T.);
#753 = ORIENTED_EDGE('',*,*,#754,.F.);
#754 = EDGE_CURVE('',#755,#723,#757,.T.);
#755 = VERTEX_POINT('',#756);
#756 = CARTESIAN_POINT('',(311.84394973754,115.49171731567,-12.7));
#757 = LINE('',#758,#759);
#758 = CARTESIAN_POINT('',(311.84394973754,60.920358657837,-12.7));
#759 = VECTOR('',#760,1.);
#760 = DIRECTION('',(0.,-1.,0.));
#761 = ORIENTED_EDGE('',*,*,#762,.F.);
#762 = EDGE_CURVE('',#763,#755,#765,.T.);
#763 = VERTEX_POINT('',#764);
#764 = CARTESIAN_POINT('',(311.84394973754,115.49171731567,
    -37.86571645736));
#765 = LINE('',#766,#767);
#766 = CARTESIAN_POINT('',(311.84394973754,115.49171731567,
    -37.86571645736));
#767 = VECTOR('',#768,1.);
#768 = DIRECTION('',(0.,0.,1.));
#769 = ORIENTED_EDGE('',*,*,#770,.T.);
#770 = EDGE_CURVE('',#763,#721,#771,.T.);
#771 = LINE('',#772,#773);
#772 = CARTESIAN_POINT('',(311.84394973754,118.66571731567,
    -37.86571645736));
#773 = VECTOR('',#774,1.);
#774 = DIRECTION('',(0.,-1.,0.));
#775 = PLANE('',#776);
#776 = AXIS2_PLACEMENT_3D('',#777,#778,#779);
#777 = CARTESIAN_POINT('',(311.84394973754,118.66571731567,
    -37.86571645736));
#778 = DIRECTION('',(-1.,0.,0.));
#779 = DIRECTION('',(0.,0.,1.));
#780 = ADVANCED_FACE('',(#781),#808,.F.);
#781 = FACE_BOUND('',#782,.F.);
#782 = EDGE_LOOP('',(#783,#784,#793,#801));
#783 = ORIENTED_EDGE('',*,*,#762,.F.);
#784 = ORIENTED_EDGE('',*,*,#785,.T.);
#785 = EDGE_CURVE('',#763,#786,#788,.T.);
#786 = VERTEX_POINT('',#787);
#787 = CARTESIAN_POINT('',(308.66994973754,118.66571731567,
    -37.86571645736));
#788 = CIRCLE('',#789,3.174);
#789 = AXIS2_PLACEMENT_3D('',#790,#791,#792);
#790 = CARTESIAN_POINT('',(308.66994973754,115.49171731567,
    -37.86571645736));
#791 = DIRECTION('',(0.,-0.,1.));
#792 = DIRECTION('',(0.,1.,0.));
#793 = ORIENTED_EDGE('',*,*,#794,.T.);
#794 = EDGE_CURVE('',#786,#795,#797,.T.);
#795 = VERTEX_POINT('',#796);
#796 = CARTESIAN_POINT('',(308.66994973754,118.66571731567,-12.7));
#797 = LINE('',#798,#799);
#798 = CARTESIAN_POINT('',(308.66994973754,118.66571731567,
    -37.86571645736));
#799 = VECTOR('',#800,1.);
#800 = DIRECTION('',(0.,0.,1.));
#801 = ORIENTED_EDGE('',*,*,#802,.F.);
#802 = EDGE_CURVE('',#755,#795,#803,.T.);
#803 = CIRCLE('',#804,3.174);
#804 = AXIS2_PLACEMENT_3D('',#805,#806,#807);
#805 = CARTESIAN_POINT('',(308.66994973754,115.49171731567,-12.7));
#806 = DIRECTION('',(0.,0.,1.));
#807 = DIRECTION('',(1.,0.,-0.));
#808 = CYLINDRICAL_SURFACE('',#809,3.174);
#809 = AXIS2_PLACEMENT_3D('',#810,#811,#812);
#810 = CARTESIAN_POINT('',(308.66994973754,115.49171731567,
    -37.86571645736));
#811 = DIRECTION('',(0.,0.,1.));
#812 = DIRECTION('',(1.,0.,0.));
#813 = ADVANCED_FACE('',(#814),#839,.T.);
#814 = FACE_BOUND('',#815,.T.);
#815 = EDGE_LOOP('',(#816,#826,#832,#833));
#816 = ORIENTED_EDGE('',*,*,#817,.F.);
#817 = EDGE_CURVE('',#818,#820,#822,.T.);
#818 = VERTEX_POINT('',#819);
#819 = CARTESIAN_POINT('',(267.86369959259,118.66571731567,
    -37.86571645736));
#820 = VERTEX_POINT('',#821);
#821 = CARTESIAN_POINT('',(267.86369959259,118.66571731567,-12.7));
#822 = LINE('',#823,#824);
#823 = CARTESIAN_POINT('',(267.86369959259,118.66571731567,
    -37.86571645736));
#824 = VECTOR('',#825,1.);
#825 = DIRECTION('',(0.,0.,1.));
#826 = ORIENTED_EDGE('',*,*,#827,.F.);
#827 = EDGE_CURVE('',#786,#818,#828,.T.);
#828 = LINE('',#829,#830);
#829 = CARTESIAN_POINT('',(311.84394973754,118.66571731567,
    -37.86571645736));
#830 = VECTOR('',#831,1.);
#831 = DIRECTION('',(-1.,0.,0.));
#832 = ORIENTED_EDGE('',*,*,#794,.T.);
#833 = ORIENTED_EDGE('',*,*,#834,.F.);
#834 = EDGE_CURVE('',#820,#795,#835,.T.);
#835 = LINE('',#836,#837);
#836 = CARTESIAN_POINT('',(157.50947486877,118.66571731567,-12.7));
#837 = VECTOR('',#838,1.);
#838 = DIRECTION('',(1.,0.,-0.));
#839 = PLANE('',#840);
#840 = AXIS2_PLACEMENT_3D('',#841,#842,#843);
#841 = CARTESIAN_POINT('',(311.84394973754,118.66571731567,
    -37.86571645736));
#842 = DIRECTION('',(0.,-1.,0.));
#843 = DIRECTION('',(0.,0.,1.));
#844 = ADVANCED_FACE('',(#845),#889,.F.);
#845 = FACE_BOUND('',#846,.F.);
#846 = EDGE_LOOP('',(#847,#848,#857,#865,#874,#882));
#847 = ORIENTED_EDGE('',*,*,#817,.F.);
#848 = ORIENTED_EDGE('',*,*,#849,.T.);
#849 = EDGE_CURVE('',#818,#850,#852,.T.);
#850 = VERTEX_POINT('',#851);
#851 = CARTESIAN_POINT('',(264.68969959259,115.49171731567,
    -37.86571645736));
#852 = CIRCLE('',#853,3.174);
#853 = AXIS2_PLACEMENT_3D('',#854,#855,#856);
#854 = CARTESIAN_POINT('',(267.86369959259,115.49171731567,
    -37.86571645736));
#855 = DIRECTION('',(0.,-0.,1.));
#856 = DIRECTION('',(0.,1.,0.));
#857 = ORIENTED_EDGE('',*,*,#858,.T.);
#858 = EDGE_CURVE('',#850,#859,#861,.T.);
#859 = VERTEX_POINT('',#860);
#860 = CARTESIAN_POINT('',(264.68969959259,115.49171731567,
    -31.23571645736));
#861 = LINE('',#862,#863);
#862 = CARTESIAN_POINT('',(264.68969959259,115.49171731567,
    -37.86571645736));
#863 = VECTOR('',#864,1.);
#864 = DIRECTION('',(0.,0.,1.));
#865 = ORIENTED_EDGE('',*,*,#866,.F.);
#866 = EDGE_CURVE('',#867,#859,#869,.T.);
#867 = VERTEX_POINT('',#868);
#868 = CARTESIAN_POINT('',(264.69447255749,115.66571731567,
    -31.23571645736));
#869 = CIRCLE('',#870,3.174);
#870 = AXIS2_PLACEMENT_3D('',#871,#872,#873);
#871 = CARTESIAN_POINT('',(267.86369959259,115.49171731567,
    -31.23571645736));
#872 = DIRECTION('',(0.,-0.,1.));
#873 = DIRECTION('',(0.,1.,0.));
#874 = ORIENTED_EDGE('',*,*,#875,.T.);
#875 = EDGE_CURVE('',#867,#876,#878,.T.);
#876 = VERTEX_POINT('',#877);
#877 = CARTESIAN_POINT('',(264.69447255749,115.66571731567,-12.7));
#878 = LINE('',#879,#880);
#879 = CARTESIAN_POINT('',(264.69447255749,115.66571731567,
    -37.86571645736));
#880 = VECTOR('',#881,1.);
#881 = DIRECTION('',(0.,0.,1.));
#882 = ORIENTED_EDGE('',*,*,#883,.F.);
#883 = EDGE_CURVE('',#820,#876,#884,.T.);
#884 = CIRCLE('',#885,3.174);
#885 = AXIS2_PLACEMENT_3D('',#886,#887,#888);
#886 = CARTESIAN_POINT('',(267.86369959259,115.49171731567,-12.7));
#887 = DIRECTION('',(0.,-0.,1.));
#888 = DIRECTION('',(0.,1.,0.));
#889 = CYLINDRICAL_SURFACE('',#890,3.174);
#890 = AXIS2_PLACEMENT_3D('',#891,#892,#893);
#891 = CARTESIAN_POINT('',(267.86369959259,115.49171731567,
    -37.86571645736));
#892 = DIRECTION('',(0.,0.,1.));
#893 = DIRECTION('',(0.,1.,0.));
#894 = ADVANCED_FACE('',(#895),#920,.T.);
#895 = FACE_BOUND('',#896,.T.);
#896 = EDGE_LOOP('',(#897,#905,#906,#914));
#897 = ORIENTED_EDGE('',*,*,#898,.F.);
#898 = EDGE_CURVE('',#867,#899,#901,.T.);
#899 = VERTEX_POINT('',#900);
#900 = CARTESIAN_POINT('',(252.86369959259,115.66571731567,
    -31.23571645736));
#901 = LINE('',#902,#903);
#902 = CARTESIAN_POINT('',(291.84394973754,115.66571731567,
    -31.23571645736));
#903 = VECTOR('',#904,1.);
#904 = DIRECTION('',(-1.,0.,0.));
#905 = ORIENTED_EDGE('',*,*,#875,.T.);
#906 = ORIENTED_EDGE('',*,*,#907,.F.);
#907 = EDGE_CURVE('',#908,#876,#910,.T.);
#908 = VERTEX_POINT('',#909);
#909 = CARTESIAN_POINT('',(252.86369959259,115.66571731567,-12.7));
#910 = LINE('',#911,#912);
#911 = CARTESIAN_POINT('',(147.50947486877,115.66571731567,-12.7));
#912 = VECTOR('',#913,1.);
#913 = DIRECTION('',(1.,0.,-0.));
#914 = ORIENTED_EDGE('',*,*,#915,.F.);
#915 = EDGE_CURVE('',#899,#908,#916,.T.);
#916 = LINE('',#917,#918);
#917 = CARTESIAN_POINT('',(252.86369959259,115.66571731567,
    -31.23571645736));
#918 = VECTOR('',#919,1.);
#919 = DIRECTION('',(0.,0.,1.));
#920 = PLANE('',#921);
#921 = AXIS2_PLACEMENT_3D('',#922,#923,#924);
#922 = CARTESIAN_POINT('',(291.84394973754,115.66571731567,
    -31.23571645736));
#923 = DIRECTION('',(0.,-1.,0.));
#924 = DIRECTION('',(0.,0.,1.));
#925 = ADVANCED_FACE('',(#926),#951,.F.);
#926 = FACE_BOUND('',#927,.F.);
#927 = EDGE_LOOP('',(#928,#929,#937,#945));
#928 = ORIENTED_EDGE('',*,*,#527,.T.);
#929 = ORIENTED_EDGE('',*,*,#930,.F.);
#930 = EDGE_CURVE('',#931,#530,#933,.T.);
#931 = VERTEX_POINT('',#932);
#932 = CARTESIAN_POINT('',(249.68969959259,112.49171731567,-12.7));
#933 = LINE('',#934,#935);
#934 = CARTESIAN_POINT('',(249.68969959259,59.420358657837,-12.7));
#935 = VECTOR('',#936,1.);
#936 = DIRECTION('',(0.,-1.,0.));
#937 = ORIENTED_EDGE('',*,*,#938,.F.);
#938 = EDGE_CURVE('',#939,#931,#941,.T.);
#939 = VERTEX_POINT('',#940);
#940 = CARTESIAN_POINT('',(249.68969959259,112.49171731567,
    -31.23571645736));
#941 = LINE('',#942,#943);
#942 = CARTESIAN_POINT('',(249.68969959259,112.49171731567,
    -31.23571645736));
#943 = VECTOR('',#944,1.);
#944 = DIRECTION('',(0.,0.,1.));
#945 = ORIENTED_EDGE('',*,*,#946,.T.);
#946 = EDGE_CURVE('',#939,#528,#947,.T.);
#947 = LINE('',#948,#949);
#948 = CARTESIAN_POINT('',(249.68969959259,115.66571731567,
    -31.23571645736));
#949 = VECTOR('',#950,1.);
#950 = DIRECTION('',(0.,-1.,0.));
#951 = PLANE('',#952);
#952 = AXIS2_PLACEMENT_3D('',#953,#954,#955);
#953 = CARTESIAN_POINT('',(249.68969959259,115.66571731567,
    -31.23571645736));
#954 = DIRECTION('',(-1.,0.,0.));
#955 = DIRECTION('',(0.,0.,1.));
#956 = ADVANCED_FACE('',(#957,#989),#1000,.T.);
#957 = FACE_BOUND('',#958,.T.);
#958 = EDGE_LOOP('',(#959,#960,#961,#962,#963,#964,#965,#974,#980,#981,
    #982));
#959 = ORIENTED_EDGE('',*,*,#946,.T.);
#960 = ORIENTED_EDGE('',*,*,#537,.T.);
#961 = ORIENTED_EDGE('',*,*,#579,.F.);
#962 = ORIENTED_EDGE('',*,*,#619,.F.);
#963 = ORIENTED_EDGE('',*,*,#658,.F.);
#964 = ORIENTED_EDGE('',*,*,#706,.T.);
#965 = ORIENTED_EDGE('',*,*,#966,.F.);
#966 = EDGE_CURVE('',#967,#676,#969,.T.);
#967 = VERTEX_POINT('',#968);
#968 = CARTESIAN_POINT('',(264.68969959259,95.395884918213,
    -31.23571645736));
#969 = CIRCLE('',#970,3.174);
#970 = AXIS2_PLACEMENT_3D('',#971,#972,#973);
#971 = CARTESIAN_POINT('',(267.86369959259,95.395884918213,
    -31.23571645736));
#972 = DIRECTION('',(0.,0.,1.));
#973 = DIRECTION('',(-1.,0.,0.));
#974 = ORIENTED_EDGE('',*,*,#975,.T.);
#975 = EDGE_CURVE('',#967,#859,#976,.T.);
#976 = LINE('',#977,#978);
#977 = CARTESIAN_POINT('',(264.68969959259,117.16571731567,
    -31.23571645736));
#978 = VECTOR('',#979,1.);
#979 = DIRECTION('',(0.,1.,0.));
#980 = ORIENTED_EDGE('',*,*,#866,.F.);
#981 = ORIENTED_EDGE('',*,*,#898,.T.);
#982 = ORIENTED_EDGE('',*,*,#983,.T.);
#983 = EDGE_CURVE('',#899,#939,#984,.T.);
#984 = CIRCLE('',#985,3.174);
#985 = AXIS2_PLACEMENT_3D('',#986,#987,#988);
#986 = CARTESIAN_POINT('',(252.86369959259,112.49171731567,
    -31.23571645736));
#987 = DIRECTION('',(0.,-0.,1.));
#988 = DIRECTION('',(0.,1.,0.));
#989 = FACE_BOUND('',#990,.T.);
#990 = EDGE_LOOP('',(#991));
#991 = ORIENTED_EDGE('',*,*,#992,.T.);
#992 = EDGE_CURVE('',#993,#993,#995,.T.);
#993 = VERTEX_POINT('',#994);
#994 = CARTESIAN_POINT('',(284.315,86.2,-31.23571645736));
#995 = CIRCLE('',#996,1.65);
#996 = AXIS2_PLACEMENT_3D('',#997,#998,#999);
#997 = CARTESIAN_POINT('',(282.665,86.2,-31.23571645736));
#998 = DIRECTION('',(0.,0.,-1.));
#999 = DIRECTION('',(1.,-0.,0.));
#1000 = PLANE('',#1001);
#1001 = AXIS2_PLACEMENT_3D('',#1002,#1003,#1004);
#1002 = CARTESIAN_POINT('',(291.84394973754,115.66571731567,
    -31.23571645736));
#1003 = DIRECTION('',(0.,0.,1.));
#1004 = DIRECTION('',(-1.,0.,0.));
#1005 = ADVANCED_FACE('',(#1006),#1033,.F.);
#1006 = FACE_BOUND('',#1007,.F.);
#1007 = EDGE_LOOP('',(#1008,#1017,#1025,#1032));
#1008 = ORIENTED_EDGE('',*,*,#1009,.F.);
#1009 = EDGE_CURVE('',#1010,#1010,#1012,.T.);
#1010 = VERTEX_POINT('',#1011);
#1011 = CARTESIAN_POINT('',(81.75625,101.6,-22.7));
#1012 = CIRCLE('',#1013,7.14375);
#1013 = AXIS2_PLACEMENT_3D('',#1014,#1015,#1016);
#1014 = CARTESIAN_POINT('',(88.9,101.6,-22.7));
#1015 = DIRECTION('',(0.,0.,-1.));
#1016 = DIRECTION('',(-1.,0.,0.));
#1017 = ORIENTED_EDGE('',*,*,#1018,.F.);
#1018 = EDGE_CURVE('',#1019,#1010,#1021,.T.);
#1019 = VERTEX_POINT('',#1020);
#1020 = CARTESIAN_POINT('',(81.75625,101.6,-12.7));
#1021 = LINE('',#1022,#1023);
#1022 = CARTESIAN_POINT('',(81.75625,101.6,-12.7));
#1023 = VECTOR('',#1024,1.);
#1024 = DIRECTION('',(0.,0.,-1.));
#1025 = ORIENTED_EDGE('',*,*,#1026,.T.);
#1026 = EDGE_CURVE('',#1019,#1019,#1027,.T.);
#1027 = CIRCLE('',#1028,7.14375);
#1028 = AXIS2_PLACEMENT_3D('',#1029,#1030,#1031);
#1029 = CARTESIAN_POINT('',(88.9,101.6,-12.7));
#1030 = DIRECTION('',(0.,0.,-1.));
#1031 = DIRECTION('',(-1.,0.,0.));
#1032 = ORIENTED_EDGE('',*,*,#1018,.T.);
#1033 = CYLINDRICAL_SURFACE('',#1034,7.14375);
#1034 = AXIS2_PLACEMENT_3D('',#1035,#1036,#1037);
#1035 = CARTESIAN_POINT('',(88.9,101.6,-12.7));
#1036 = DIRECTION('',(0.,0.,-1.));
#1037 = DIRECTION('',(-1.,0.,0.));
#1038 = ADVANCED_FACE('',(#1039,#1042),#1053,.F.);
#1039 = FACE_BOUND('',#1040,.F.);
#1040 = EDGE_LOOP('',(#1041));
#1041 = ORIENTED_EDGE('',*,*,#1009,.T.);
#1042 = FACE_BOUND('',#1043,.F.);
#1043 = EDGE_LOOP('',(#1044));
#1044 = ORIENTED_EDGE('',*,*,#1045,.F.);
#1045 = EDGE_CURVE('',#1046,#1046,#1048,.T.);
#1046 = VERTEX_POINT('',#1047);
#1047 = CARTESIAN_POINT('',(85.598,101.6,-22.7));
#1048 = CIRCLE('',#1049,3.302);
#1049 = AXIS2_PLACEMENT_3D('',#1050,#1051,#1052);
#1050 = CARTESIAN_POINT('',(88.9,101.6,-22.7));
#1051 = DIRECTION('',(0.,0.,-1.));
#1052 = DIRECTION('',(-1.,0.,0.));
#1053 = PLANE('',#1054);
#1054 = AXIS2_PLACEMENT_3D('',#1055,#1056,#1057);
#1055 = CARTESIAN_POINT('',(88.9,101.6,-22.7));
#1056 = DIRECTION('',(0.,0.,-1.));
#1057 = DIRECTION('',(-1.,0.,0.));
#1058 = ADVANCED_FACE('',(#1059),#1104,.F.);
#1059 = FACE_BOUND('',#1060,.T.);
#1060 = EDGE_LOOP('',(#1061,#1071,#1080,#1088,#1097));
#1061 = ORIENTED_EDGE('',*,*,#1062,.F.);
#1062 = EDGE_CURVE('',#1063,#1065,#1067,.T.);
#1063 = VERTEX_POINT('',#1064);
#1064 = CARTESIAN_POINT('',(636.14382420349,60.240911464691,
    -19.85233817672));
#1065 = VERTEX_POINT('',#1066);
#1066 = CARTESIAN_POINT('',(636.14382420349,60.240911464691,-12.7));
#1067 = LINE('',#1068,#1069);
#1068 = CARTESIAN_POINT('',(636.14382420349,60.240911464691,
    -19.85233817672));
#1069 = VECTOR('',#1070,1.);
#1070 = DIRECTION('',(0.,0.,1.));
#1071 = ORIENTED_EDGE('',*,*,#1072,.T.);
#1072 = EDGE_CURVE('',#1063,#1073,#1075,.T.);
#1073 = VERTEX_POINT('',#1074);
#1074 = CARTESIAN_POINT('',(632.96982420349,57.066911464691,
    -19.85233817672));
#1075 = CIRCLE('',#1076,3.174);
#1076 = AXIS2_PLACEMENT_3D('',#1077,#1078,#1079);
#1077 = CARTESIAN_POINT('',(632.96982420349,60.240911464691,
    -19.85233817672));
#1078 = DIRECTION('',(0.,0.,-1.));
#1079 = DIRECTION('',(0.,1.,0.));
#1080 = ORIENTED_EDGE('',*,*,#1081,.T.);
#1081 = EDGE_CURVE('',#1073,#1082,#1084,.T.);
#1082 = VERTEX_POINT('',#1083);
#1083 = CARTESIAN_POINT('',(632.96982420349,57.066911464691,-12.7));
#1084 = LINE('',#1085,#1086);
#1085 = CARTESIAN_POINT('',(632.96982420349,57.066911464691,
    -19.85233817672));
#1086 = VECTOR('',#1087,1.);
#1087 = DIRECTION('',(0.,0.,1.));
#1088 = ORIENTED_EDGE('',*,*,#1089,.T.);
#1089 = EDGE_CURVE('',#1082,#1090,#1092,.T.);
#1090 = VERTEX_POINT('',#1091);
#1091 = CARTESIAN_POINT('',(633.69093134327,57.149911546703,-12.7));
#1092 = CIRCLE('',#1093,3.174);
#1093 = AXIS2_PLACEMENT_3D('',#1094,#1095,#1096);
#1094 = CARTESIAN_POINT('',(632.96982420349,60.240911464691,-12.7));
#1095 = DIRECTION('',(0.,0.,1.));
#1096 = DIRECTION('',(1.,0.,-0.));
#1097 = ORIENTED_EDGE('',*,*,#1098,.T.);
#1098 = EDGE_CURVE('',#1090,#1065,#1099,.T.);
#1099 = CIRCLE('',#1100,3.174);
#1100 = AXIS2_PLACEMENT_3D('',#1101,#1102,#1103);
#1101 = CARTESIAN_POINT('',(632.96982420349,60.240911464691,-12.7));
#1102 = DIRECTION('',(0.,0.,1.));
#1103 = DIRECTION('',(1.,0.,-0.));
#1104 = CYLINDRICAL_SURFACE('',#1105,3.174);
#1105 = AXIS2_PLACEMENT_3D('',#1106,#1107,#1108);
#1106 = CARTESIAN_POINT('',(632.96982420349,60.240911464691,
    -19.85233817672));
#1107 = DIRECTION('',(0.,0.,1.));
#1108 = DIRECTION('',(1.,0.,0.));
#1109 = ADVANCED_FACE('',(#1110),#1135,.T.);
#1110 = FACE_BOUND('',#1111,.T.);
#1111 = EDGE_LOOP('',(#1112,#1113,#1121,#1129));
#1112 = ORIENTED_EDGE('',*,*,#1062,.T.);
#1113 = ORIENTED_EDGE('',*,*,#1114,.F.);
#1114 = EDGE_CURVE('',#1115,#1065,#1117,.T.);
#1115 = VERTEX_POINT('',#1116);
#1116 = CARTESIAN_POINT('',(636.14382420349,73.870911628723,-12.7));
#1117 = LINE('',#1118,#1119);
#1118 = CARTESIAN_POINT('',(636.14382420349,40.109955814361,-12.7));
#1119 = VECTOR('',#1120,1.);
#1120 = DIRECTION('',(0.,-1.,0.));
#1121 = ORIENTED_EDGE('',*,*,#1122,.F.);
#1122 = EDGE_CURVE('',#1123,#1115,#1125,.T.);
#1123 = VERTEX_POINT('',#1124);
#1124 = CARTESIAN_POINT('',(636.14382420349,73.870911628723,
    -19.85233817672));
#1125 = LINE('',#1126,#1127);
#1126 = CARTESIAN_POINT('',(636.14382420349,73.870911628723,
    -19.85233817672));
#1127 = VECTOR('',#1128,1.);
#1128 = DIRECTION('',(0.,0.,1.));
#1129 = ORIENTED_EDGE('',*,*,#1130,.T.);
#1130 = EDGE_CURVE('',#1123,#1063,#1131,.T.);
#1131 = LINE('',#1132,#1133);
#1132 = CARTESIAN_POINT('',(636.14382420349,77.044911628723,
    -19.85233817672));
#1133 = VECTOR('',#1134,1.);
#1134 = DIRECTION('',(0.,-1.,0.));
#1135 = PLANE('',#1136);
#1136 = AXIS2_PLACEMENT_3D('',#1137,#1138,#1139);
#1137 = CARTESIAN_POINT('',(636.14382420349,77.044911628723,
    -19.85233817672));
#1138 = DIRECTION('',(-1.,0.,0.));
#1139 = DIRECTION('',(0.,0.,1.));
#1140 = ADVANCED_FACE('',(#1141),#1168,.F.);
#1141 = FACE_BOUND('',#1142,.F.);
#1142 = EDGE_LOOP('',(#1143,#1144,#1153,#1161));
#1143 = ORIENTED_EDGE('',*,*,#1122,.F.);
#1144 = ORIENTED_EDGE('',*,*,#1145,.T.);
#1145 = EDGE_CURVE('',#1123,#1146,#1148,.T.);
#1146 = VERTEX_POINT('',#1147);
#1147 = CARTESIAN_POINT('',(632.96982420349,77.044911628723,
    -19.85233817672));
#1148 = CIRCLE('',#1149,3.174);
#1149 = AXIS2_PLACEMENT_3D('',#1150,#1151,#1152);
#1150 = CARTESIAN_POINT('',(632.96982420349,73.870911628723,
    -19.85233817672));
#1151 = DIRECTION('',(0.,-0.,1.));
#1152 = DIRECTION('',(0.,1.,0.));
#1153 = ORIENTED_EDGE('',*,*,#1154,.T.);
#1154 = EDGE_CURVE('',#1146,#1155,#1157,.T.);
#1155 = VERTEX_POINT('',#1156);
#1156 = CARTESIAN_POINT('',(632.96982420349,77.044911628723,-12.7));
#1157 = LINE('',#1158,#1159);
#1158 = CARTESIAN_POINT('',(632.96982420349,77.044911628723,
    -19.85233817672));
#1159 = VECTOR('',#1160,1.);
#1160 = DIRECTION('',(0.,0.,1.));
#1161 = ORIENTED_EDGE('',*,*,#1162,.F.);
#1162 = EDGE_CURVE('',#1115,#1155,#1163,.T.);
#1163 = CIRCLE('',#1164,3.174);
#1164 = AXIS2_PLACEMENT_3D('',#1165,#1166,#1167);
#1165 = CARTESIAN_POINT('',(632.96982420349,73.870911628723,-12.7));
#1166 = DIRECTION('',(0.,0.,1.));
#1167 = DIRECTION('',(1.,0.,-0.));
#1168 = CYLINDRICAL_SURFACE('',#1169,3.174);
#1169 = AXIS2_PLACEMENT_3D('',#1170,#1171,#1172);
#1170 = CARTESIAN_POINT('',(632.96982420349,73.870911628723,
    -19.85233817672));
#1171 = DIRECTION('',(0.,0.,1.));
#1172 = DIRECTION('',(1.,0.,0.));
#1173 = ADVANCED_FACE('',(#1174),#1199,.T.);
#1174 = FACE_BOUND('',#1175,.T.);
#1175 = EDGE_LOOP('',(#1176,#1186,#1192,#1193));
#1176 = ORIENTED_EDGE('',*,*,#1177,.F.);
#1177 = EDGE_CURVE('',#1178,#1180,#1182,.T.);
#1178 = VERTEX_POINT('',#1179);
#1179 = CARTESIAN_POINT('',(617.3078239746,77.044911628723,
    -19.85233817672));
#1180 = VERTEX_POINT('',#1181);
#1181 = CARTESIAN_POINT('',(617.3078239746,77.044911628723,-12.7));
#1182 = LINE('',#1183,#1184);
#1183 = CARTESIAN_POINT('',(617.3078239746,77.044911628723,
    -19.85233817672));
#1184 = VECTOR('',#1185,1.);
#1185 = DIRECTION('',(0.,0.,1.));
#1186 = ORIENTED_EDGE('',*,*,#1187,.F.);
#1187 = EDGE_CURVE('',#1146,#1178,#1188,.T.);
#1188 = LINE('',#1189,#1190);
#1189 = CARTESIAN_POINT('',(636.14382420349,77.044911628723,
    -19.85233817672));
#1190 = VECTOR('',#1191,1.);
#1191 = DIRECTION('',(-1.,0.,0.));
#1192 = ORIENTED_EDGE('',*,*,#1154,.T.);
#1193 = ORIENTED_EDGE('',*,*,#1194,.F.);
#1194 = EDGE_CURVE('',#1180,#1155,#1195,.T.);
#1195 = LINE('',#1196,#1197);
#1196 = CARTESIAN_POINT('',(319.65941210174,77.044911628723,-12.7));
#1197 = VECTOR('',#1198,1.);
#1198 = DIRECTION('',(1.,0.,-0.));
#1199 = PLANE('',#1200);
#1200 = AXIS2_PLACEMENT_3D('',#1201,#1202,#1203);
#1201 = CARTESIAN_POINT('',(636.14382420349,77.044911628723,
    -19.85233817672));
#1202 = DIRECTION('',(0.,-1.,0.));
#1203 = DIRECTION('',(0.,0.,1.));
#1204 = ADVANCED_FACE('',(#1205),#1232,.F.);
#1205 = FACE_BOUND('',#1206,.F.);
#1206 = EDGE_LOOP('',(#1207,#1208,#1217,#1225));
#1207 = ORIENTED_EDGE('',*,*,#1177,.F.);
#1208 = ORIENTED_EDGE('',*,*,#1209,.T.);
#1209 = EDGE_CURVE('',#1178,#1210,#1212,.T.);
#1210 = VERTEX_POINT('',#1211);
#1211 = CARTESIAN_POINT('',(616.415,76.916751636071,-19.85233817672));
#1212 = CIRCLE('',#1213,3.174);
#1213 = AXIS2_PLACEMENT_3D('',#1214,#1215,#1216);
#1214 = CARTESIAN_POINT('',(617.3078239746,73.870911628723,
    -19.85233817672));
#1215 = DIRECTION('',(0.,-0.,1.));
#1216 = DIRECTION('',(0.,1.,0.));
#1217 = ORIENTED_EDGE('',*,*,#1218,.T.);
#1218 = EDGE_CURVE('',#1210,#1219,#1221,.T.);
#1219 = VERTEX_POINT('',#1220);
#1220 = CARTESIAN_POINT('',(616.415,76.916751636071,-12.7));
#1221 = LINE('',#1222,#1223);
#1222 = CARTESIAN_POINT('',(616.415,76.916751636071,-19.85233817672));
#1223 = VECTOR('',#1224,1.);
#1224 = DIRECTION('',(0.,0.,1.));
#1225 = ORIENTED_EDGE('',*,*,#1226,.F.);
#1226 = EDGE_CURVE('',#1180,#1219,#1227,.T.);
#1227 = CIRCLE('',#1228,3.174);
#1228 = AXIS2_PLACEMENT_3D('',#1229,#1230,#1231);
#1229 = CARTESIAN_POINT('',(617.3078239746,73.870911628723,-12.7));
#1230 = DIRECTION('',(0.,-0.,1.));
#1231 = DIRECTION('',(0.,1.,0.));
#1232 = CYLINDRICAL_SURFACE('',#1233,3.174);
#1233 = AXIS2_PLACEMENT_3D('',#1234,#1235,#1236);
#1234 = CARTESIAN_POINT('',(617.3078239746,73.870911628723,
    -19.85233817672));
#1235 = DIRECTION('',(0.,0.,1.));
#1236 = DIRECTION('',(0.,1.,0.));
#1237 = ADVANCED_FACE('',(#1238),#1272,.F.);
#1238 = FACE_BOUND('',#1239,.F.);
#1239 = EDGE_LOOP('',(#1240,#1250,#1258,#1266));
#1240 = ORIENTED_EDGE('',*,*,#1241,.T.);
#1241 = EDGE_CURVE('',#1242,#1244,#1246,.T.);
#1242 = VERTEX_POINT('',#1243);
#1243 = CARTESIAN_POINT('',(594.96457394599,42.44429838562,
    -15.23036861419));
#1244 = VERTEX_POINT('',#1245);
#1245 = CARTESIAN_POINT('',(594.96457394599,42.44429838562,-12.7));
#1246 = LINE('',#1247,#1248);
#1247 = CARTESIAN_POINT('',(594.96457394599,42.44429838562,
    -15.23036861419));
#1248 = VECTOR('',#1249,1.);
#1249 = DIRECTION('',(0.,0.,1.));
#1250 = ORIENTED_EDGE('',*,*,#1251,.F.);
#1251 = EDGE_CURVE('',#1252,#1244,#1254,.T.);
#1252 = VERTEX_POINT('',#1253);
#1253 = CARTESIAN_POINT('',(594.96457394599,69.560299087524,-12.7));
#1254 = LINE('',#1255,#1256);
#1255 = CARTESIAN_POINT('',(594.96457394599,37.954649543762,-12.7));
#1256 = VECTOR('',#1257,1.);
#1257 = DIRECTION('',(0.,-1.,0.));
#1258 = ORIENTED_EDGE('',*,*,#1259,.F.);
#1259 = EDGE_CURVE('',#1260,#1252,#1262,.T.);
#1260 = VERTEX_POINT('',#1261);
#1261 = CARTESIAN_POINT('',(594.96457394599,69.560299087524,
    -15.23036861419));
#1262 = LINE('',#1263,#1264);
#1263 = CARTESIAN_POINT('',(594.96457394599,69.560299087524,
    -15.23036861419));
#1264 = VECTOR('',#1265,1.);
#1265 = DIRECTION('',(0.,0.,1.));
#1266 = ORIENTED_EDGE('',*,*,#1267,.T.);
#1267 = EDGE_CURVE('',#1260,#1242,#1268,.T.);
#1268 = LINE('',#1269,#1270);
#1269 = CARTESIAN_POINT('',(594.96457394599,72.734299087524,
    -15.23036861419));
#1270 = VECTOR('',#1271,1.);
#1271 = DIRECTION('',(0.,-1.,0.));
#1272 = PLANE('',#1273);
#1273 = AXIS2_PLACEMENT_3D('',#1274,#1275,#1276);
#1274 = CARTESIAN_POINT('',(594.96457394599,72.734299087524,
    -15.23036861419));
#1275 = DIRECTION('',(-1.,0.,0.));
#1276 = DIRECTION('',(0.,0.,1.));
#1277 = ADVANCED_FACE('',(#1278),#1305,.F.);
#1278 = FACE_BOUND('',#1279,.F.);
#1279 = EDGE_LOOP('',(#1280,#1281,#1290,#1298));
#1280 = ORIENTED_EDGE('',*,*,#1241,.F.);
#1281 = ORIENTED_EDGE('',*,*,#1282,.T.);
#1282 = EDGE_CURVE('',#1242,#1283,#1285,.T.);
#1283 = VERTEX_POINT('',#1284);
#1284 = CARTESIAN_POINT('',(598.13857394599,39.27029838562,
    -15.23036861419));
#1285 = CIRCLE('',#1286,3.174);
#1286 = AXIS2_PLACEMENT_3D('',#1287,#1288,#1289);
#1287 = CARTESIAN_POINT('',(598.13857394599,42.44429838562,
    -15.23036861419));
#1288 = DIRECTION('',(0.,-0.,1.));
#1289 = DIRECTION('',(0.,1.,0.));
#1290 = ORIENTED_EDGE('',*,*,#1291,.T.);
#1291 = EDGE_CURVE('',#1283,#1292,#1294,.T.);
#1292 = VERTEX_POINT('',#1293);
#1293 = CARTESIAN_POINT('',(598.13857394599,39.27029838562,-12.7));
#1294 = LINE('',#1295,#1296);
#1295 = CARTESIAN_POINT('',(598.13857394599,39.27029838562,
    -15.23036861419));
#1296 = VECTOR('',#1297,1.);
#1297 = DIRECTION('',(0.,0.,1.));
#1298 = ORIENTED_EDGE('',*,*,#1299,.F.);
#1299 = EDGE_CURVE('',#1244,#1292,#1300,.T.);
#1300 = CIRCLE('',#1301,3.174);
#1301 = AXIS2_PLACEMENT_3D('',#1302,#1303,#1304);
#1302 = CARTESIAN_POINT('',(598.13857394599,42.44429838562,-12.7));
#1303 = DIRECTION('',(0.,0.,1.));
#1304 = DIRECTION('',(-1.,0.,0.));
#1305 = CYLINDRICAL_SURFACE('',#1306,3.174);
#1306 = AXIS2_PLACEMENT_3D('',#1307,#1308,#1309);
#1307 = CARTESIAN_POINT('',(598.13857394599,42.44429838562,
    -15.23036861419));
#1308 = DIRECTION('',(0.,0.,1.));
#1309 = DIRECTION('',(-1.,0.,0.));
#1310 = ADVANCED_FACE('',(#1311),#1336,.F.);
#1311 = FACE_BOUND('',#1312,.F.);
#1312 = EDGE_LOOP('',(#1313,#1314,#1322,#1330));
#1313 = ORIENTED_EDGE('',*,*,#1291,.F.);
#1314 = ORIENTED_EDGE('',*,*,#1315,.F.);
#1315 = EDGE_CURVE('',#1316,#1283,#1318,.T.);
#1316 = VERTEX_POINT('',#1317);
#1317 = CARTESIAN_POINT('',(603.415,39.27029838562,-15.23036861419));
#1318 = LINE('',#1319,#1320);
#1319 = CARTESIAN_POINT('',(618.01835330963,39.27029838562,
    -15.23036861419));
#1320 = VECTOR('',#1321,1.);
#1321 = DIRECTION('',(-1.,0.,0.));
#1322 = ORIENTED_EDGE('',*,*,#1323,.T.);
#1323 = EDGE_CURVE('',#1316,#1324,#1326,.T.);
#1324 = VERTEX_POINT('',#1325);
#1325 = CARTESIAN_POINT('',(603.415,39.27029838562,-12.7));
#1326 = LINE('',#1327,#1328);
#1327 = CARTESIAN_POINT('',(603.415,39.27029838562,-18.96518430709));
#1328 = VECTOR('',#1329,1.);
#1329 = DIRECTION('',(-0.,0.,1.));
#1330 = ORIENTED_EDGE('',*,*,#1331,.F.);
#1331 = EDGE_CURVE('',#1292,#1324,#1332,.T.);
#1332 = LINE('',#1333,#1334);
#1333 = CARTESIAN_POINT('',(310.59667665481,39.27029838562,-12.7));
#1334 = VECTOR('',#1335,1.);
#1335 = DIRECTION('',(1.,0.,-0.));
#1336 = PLANE('',#1337);
#1337 = AXIS2_PLACEMENT_3D('',#1338,#1339,#1340);
#1338 = CARTESIAN_POINT('',(618.01835330963,39.27029838562,
    -15.23036861419));
#1339 = DIRECTION('',(0.,-1.,0.));
#1340 = DIRECTION('',(0.,0.,1.));
#1341 = ADVANCED_FACE('',(#1342),#1399,.T.);
#1342 = FACE_BOUND('',#1343,.T.);
#1343 = EDGE_LOOP('',(#1344,#1352,#1360,#1368,#1376,#1384,#1392,#1398));
#1344 = ORIENTED_EDGE('',*,*,#1345,.F.);
#1345 = EDGE_CURVE('',#1346,#1324,#1348,.T.);
#1346 = VERTEX_POINT('',#1347);
#1347 = CARTESIAN_POINT('',(603.415,35.824,-12.7));
#1348 = LINE('',#1349,#1350);
#1349 = CARTESIAN_POINT('',(603.415,32.65,-12.7));
#1350 = VECTOR('',#1351,1.);
#1351 = DIRECTION('',(0.,1.,0.));
#1352 = ORIENTED_EDGE('',*,*,#1353,.F.);
#1353 = EDGE_CURVE('',#1354,#1346,#1356,.T.);
#1354 = VERTEX_POINT('',#1355);
#1355 = CARTESIAN_POINT('',(603.415,35.824,-22.7));
#1356 = LINE('',#1357,#1358);
#1357 = CARTESIAN_POINT('',(603.415,35.824,-22.7));
#1358 = VECTOR('',#1359,1.);
#1359 = DIRECTION('',(0.,0.,1.));
#1360 = ORIENTED_EDGE('',*,*,#1361,.T.);
#1361 = EDGE_CURVE('',#1354,#1362,#1364,.T.);
#1362 = VERTEX_POINT('',#1363);
#1363 = CARTESIAN_POINT('',(603.415,78.476,-22.7));
#1364 = LINE('',#1365,#1366);
#1365 = CARTESIAN_POINT('',(603.415,32.65,-22.7));
#1366 = VECTOR('',#1367,1.);
#1367 = DIRECTION('',(0.,1.,0.));
#1368 = ORIENTED_EDGE('',*,*,#1369,.T.);
#1369 = EDGE_CURVE('',#1362,#1370,#1372,.T.);
#1370 = VERTEX_POINT('',#1371);
#1371 = CARTESIAN_POINT('',(603.415,78.476,-12.7));
#1372 = LINE('',#1373,#1374);
#1373 = CARTESIAN_POINT('',(603.415,78.476,-22.7));
#1374 = VECTOR('',#1375,1.);
#1375 = DIRECTION('',(0.,0.,1.));
#1376 = ORIENTED_EDGE('',*,*,#1377,.F.);
#1377 = EDGE_CURVE('',#1378,#1370,#1380,.T.);
#1378 = VERTEX_POINT('',#1379);
#1379 = CARTESIAN_POINT('',(603.415,72.734299087524,-12.7));
#1380 = LINE('',#1381,#1382);
#1381 = CARTESIAN_POINT('',(603.415,32.65,-12.7));
#1382 = VECTOR('',#1383,1.);
#1383 = DIRECTION('',(0.,1.,0.));
#1384 = ORIENTED_EDGE('',*,*,#1385,.F.);
#1385 = EDGE_CURVE('',#1386,#1378,#1388,.T.);
#1386 = VERTEX_POINT('',#1387);
#1387 = CARTESIAN_POINT('',(603.415,72.734299087524,-15.23036861419));
#1388 = LINE('',#1389,#1390);
#1389 = CARTESIAN_POINT('',(603.415,72.734299087524,-18.96518430709));
#1390 = VECTOR('',#1391,1.);
#1391 = DIRECTION('',(-0.,0.,1.));
#1392 = ORIENTED_EDGE('',*,*,#1393,.F.);
#1393 = EDGE_CURVE('',#1316,#1386,#1394,.T.);
#1394 = LINE('',#1395,#1396);
#1395 = CARTESIAN_POINT('',(603.415,52.692149543762,-15.23036861419));
#1396 = VECTOR('',#1397,1.);
#1397 = DIRECTION('',(0.,1.,0.));
#1398 = ORIENTED_EDGE('',*,*,#1323,.T.);
#1399 = PLANE('',#1400);
#1400 = AXIS2_PLACEMENT_3D('',#1401,#1402,#1403);
#1401 = CARTESIAN_POINT('',(603.415,32.65,-22.7));
#1402 = DIRECTION('',(1.,0.,0.));
#1403 = DIRECTION('',(0.,0.,1.));
#1404 = ADVANCED_FACE('',(#1405),#1432,.F.);
#1405 = FACE_BOUND('',#1406,.F.);
#1406 = EDGE_LOOP('',(#1407,#1416,#1424,#1431));
#1407 = ORIENTED_EDGE('',*,*,#1408,.T.);
#1408 = EDGE_CURVE('',#1354,#1409,#1411,.T.);
#1409 = VERTEX_POINT('',#1410);
#1410 = CARTESIAN_POINT('',(606.589,32.65,-22.7));
#1411 = CIRCLE('',#1412,3.174);
#1412 = AXIS2_PLACEMENT_3D('',#1413,#1414,#1415);
#1413 = CARTESIAN_POINT('',(606.589,35.824,-22.7));
#1414 = DIRECTION('',(-0.,0.,1.));
#1415 = DIRECTION('',(0.,-1.,0.));
#1416 = ORIENTED_EDGE('',*,*,#1417,.T.);
#1417 = EDGE_CURVE('',#1409,#1418,#1420,.T.);
#1418 = VERTEX_POINT('',#1419);
#1419 = CARTESIAN_POINT('',(606.589,32.65,-12.7));
#1420 = LINE('',#1421,#1422);
#1421 = CARTESIAN_POINT('',(606.589,32.65,-22.7));
#1422 = VECTOR('',#1423,1.);
#1423 = DIRECTION('',(0.,0.,1.));
#1424 = ORIENTED_EDGE('',*,*,#1425,.F.);
#1425 = EDGE_CURVE('',#1346,#1418,#1426,.T.);
#1426 = CIRCLE('',#1427,3.174);
#1427 = AXIS2_PLACEMENT_3D('',#1428,#1429,#1430);
#1428 = CARTESIAN_POINT('',(606.589,35.824,-12.7));
#1429 = DIRECTION('',(-0.,0.,1.));
#1430 = DIRECTION('',(0.,-1.,0.));
#1431 = ORIENTED_EDGE('',*,*,#1353,.F.);
#1432 = CYLINDRICAL_SURFACE('',#1433,3.174);
#1433 = AXIS2_PLACEMENT_3D('',#1434,#1435,#1436);
#1434 = CARTESIAN_POINT('',(606.589,35.824,-22.7));
#1435 = DIRECTION('',(0.,0.,1.));
#1436 = DIRECTION('',(-1.,0.,0.));
#1437 = ADVANCED_FACE('',(#1438),#1463,.T.);
#1438 = FACE_BOUND('',#1439,.T.);
#1439 = EDGE_LOOP('',(#1440,#1448,#1449,#1457));
#1440 = ORIENTED_EDGE('',*,*,#1441,.F.);
#1441 = EDGE_CURVE('',#1409,#1442,#1444,.T.);
#1442 = VERTEX_POINT('',#1443);
#1443 = CARTESIAN_POINT('',(613.241,32.65,-22.7));
#1444 = LINE('',#1445,#1446);
#1445 = CARTESIAN_POINT('',(603.415,32.65,-22.7));
#1446 = VECTOR('',#1447,1.);
#1447 = DIRECTION('',(1.,0.,0.));
#1448 = ORIENTED_EDGE('',*,*,#1417,.T.);
#1449 = ORIENTED_EDGE('',*,*,#1450,.T.);
#1450 = EDGE_CURVE('',#1418,#1451,#1453,.T.);
#1451 = VERTEX_POINT('',#1452);
#1452 = CARTESIAN_POINT('',(613.241,32.65,-12.7));
#1453 = LINE('',#1454,#1455);
#1454 = CARTESIAN_POINT('',(603.415,32.65,-12.7));
#1455 = VECTOR('',#1456,1.);
#1456 = DIRECTION('',(1.,0.,0.));
#1457 = ORIENTED_EDGE('',*,*,#1458,.F.);
#1458 = EDGE_CURVE('',#1442,#1451,#1459,.T.);
#1459 = LINE('',#1460,#1461);
#1460 = CARTESIAN_POINT('',(613.241,32.65,-22.7));
#1461 = VECTOR('',#1462,1.);
#1462 = DIRECTION('',(0.,0.,1.));
#1463 = PLANE('',#1464);
#1464 = AXIS2_PLACEMENT_3D('',#1465,#1466,#1467);
#1465 = CARTESIAN_POINT('',(603.415,32.65,-22.7));
#1466 = DIRECTION('',(0.,1.,0.));
#1467 = DIRECTION('',(0.,0.,1.));
#1468 = ADVANCED_FACE('',(#1469),#1496,.F.);
#1469 = FACE_BOUND('',#1470,.F.);
#1470 = EDGE_LOOP('',(#1471,#1480,#1488,#1495));
#1471 = ORIENTED_EDGE('',*,*,#1472,.T.);
#1472 = EDGE_CURVE('',#1442,#1473,#1475,.T.);
#1473 = VERTEX_POINT('',#1474);
#1474 = CARTESIAN_POINT('',(616.415,35.824,-22.7));
#1475 = CIRCLE('',#1476,3.174);
#1476 = AXIS2_PLACEMENT_3D('',#1477,#1478,#1479);
#1477 = CARTESIAN_POINT('',(613.241,35.824,-22.7));
#1478 = DIRECTION('',(-0.,0.,1.));
#1479 = DIRECTION('',(0.,-1.,0.));
#1480 = ORIENTED_EDGE('',*,*,#1481,.T.);
#1481 = EDGE_CURVE('',#1473,#1482,#1484,.T.);
#1482 = VERTEX_POINT('',#1483);
#1483 = CARTESIAN_POINT('',(616.415,35.824,-12.7));
#1484 = LINE('',#1485,#1486);
#1485 = CARTESIAN_POINT('',(616.415,35.824,-22.7));
#1486 = VECTOR('',#1487,1.);
#1487 = DIRECTION('',(0.,0.,1.));
#1488 = ORIENTED_EDGE('',*,*,#1489,.F.);
#1489 = EDGE_CURVE('',#1451,#1482,#1490,.T.);
#1490 = CIRCLE('',#1491,3.174);
#1491 = AXIS2_PLACEMENT_3D('',#1492,#1493,#1494);
#1492 = CARTESIAN_POINT('',(613.241,35.824,-12.7));
#1493 = DIRECTION('',(-0.,0.,1.));
#1494 = DIRECTION('',(0.,-1.,0.));
#1495 = ORIENTED_EDGE('',*,*,#1458,.F.);
#1496 = CYLINDRICAL_SURFACE('',#1497,3.174);
#1497 = AXIS2_PLACEMENT_3D('',#1498,#1499,#1500);
#1498 = CARTESIAN_POINT('',(613.241,35.824,-22.7));
#1499 = DIRECTION('',(0.,0.,1.));
#1500 = DIRECTION('',(0.,-1.,0.));
#1501 = ADVANCED_FACE('',(#1502),#1566,.F.);
#1502 = FACE_BOUND('',#1503,.F.);
#1503 = EDGE_LOOP('',(#1504,#1512,#1513,#1521,#1529,#1535,#1536,#1544,
    #1552,#1560));
#1504 = ORIENTED_EDGE('',*,*,#1505,.F.);
#1505 = EDGE_CURVE('',#1482,#1506,#1508,.T.);
#1506 = VERTEX_POINT('',#1507);
#1507 = CARTESIAN_POINT('',(616.415,39.686156805854,-12.7));
#1508 = LINE('',#1509,#1510);
#1509 = CARTESIAN_POINT('',(616.415,32.65,-12.7));
#1510 = VECTOR('',#1511,1.);
#1511 = DIRECTION('',(0.,1.,0.));
#1512 = ORIENTED_EDGE('',*,*,#1481,.F.);
#1513 = ORIENTED_EDGE('',*,*,#1514,.T.);
#1514 = EDGE_CURVE('',#1473,#1515,#1517,.T.);
#1515 = VERTEX_POINT('',#1516);
#1516 = CARTESIAN_POINT('',(616.415,78.476,-22.7));
#1517 = LINE('',#1518,#1519);
#1518 = CARTESIAN_POINT('',(616.415,32.65,-22.7));
#1519 = VECTOR('',#1520,1.);
#1520 = DIRECTION('',(0.,1.,0.));
#1521 = ORIENTED_EDGE('',*,*,#1522,.T.);
#1522 = EDGE_CURVE('',#1515,#1523,#1525,.T.);
#1523 = VERTEX_POINT('',#1524);
#1524 = CARTESIAN_POINT('',(616.415,78.476,-12.7));
#1525 = LINE('',#1526,#1527);
#1526 = CARTESIAN_POINT('',(616.415,78.476,-22.7));
#1527 = VECTOR('',#1528,1.);
#1528 = DIRECTION('',(0.,0.,1.));
#1529 = ORIENTED_EDGE('',*,*,#1530,.F.);
#1530 = EDGE_CURVE('',#1219,#1523,#1531,.T.);
#1531 = LINE('',#1532,#1533);
#1532 = CARTESIAN_POINT('',(616.415,32.65,-12.7));
#1533 = VECTOR('',#1534,1.);
#1534 = DIRECTION('',(0.,1.,0.));
#1535 = ORIENTED_EDGE('',*,*,#1218,.F.);
#1536 = ORIENTED_EDGE('',*,*,#1537,.F.);
#1537 = EDGE_CURVE('',#1538,#1210,#1540,.T.);
#1538 = VERTEX_POINT('',#1539);
#1539 = CARTESIAN_POINT('',(616.415,57.195071457343,-19.85233817672));
#1540 = LINE('',#1541,#1542);
#1541 = CARTESIAN_POINT('',(616.415,54.847455814361,-19.85233817672));
#1542 = VECTOR('',#1543,1.);
#1543 = DIRECTION('',(0.,1.,0.));
#1544 = ORIENTED_EDGE('',*,*,#1545,.T.);
#1545 = EDGE_CURVE('',#1538,#1546,#1548,.T.);
#1546 = VERTEX_POINT('',#1547);
#1547 = CARTESIAN_POINT('',(616.415,57.195071457343,-15.23036861419));
#1548 = LINE('',#1549,#1550);
#1549 = CARTESIAN_POINT('',(616.415,57.195071457343,-19.85233817672));
#1550 = VECTOR('',#1551,1.);
#1551 = DIRECTION('',(0.,0.,1.));
#1552 = ORIENTED_EDGE('',*,*,#1553,.F.);
#1553 = EDGE_CURVE('',#1554,#1546,#1556,.T.);
#1554 = VERTEX_POINT('',#1555);
#1555 = CARTESIAN_POINT('',(616.415,39.686156805854,-15.23036861419));
#1556 = LINE('',#1557,#1558);
#1557 = CARTESIAN_POINT('',(616.415,52.692149543762,-15.23036861419));
#1558 = VECTOR('',#1559,1.);
#1559 = DIRECTION('',(0.,1.,0.));
#1560 = ORIENTED_EDGE('',*,*,#1561,.T.);
#1561 = EDGE_CURVE('',#1554,#1506,#1562,.T.);
#1562 = LINE('',#1563,#1564);
#1563 = CARTESIAN_POINT('',(616.415,39.686156805854,-15.23036861419));
#1564 = VECTOR('',#1565,1.);
#1565 = DIRECTION('',(0.,0.,1.));
#1566 = PLANE('',#1567);
#1567 = AXIS2_PLACEMENT_3D('',#1568,#1569,#1570);
#1568 = CARTESIAN_POINT('',(616.415,32.65,-22.7));
#1569 = DIRECTION('',(1.,0.,0.));
#1570 = DIRECTION('',(0.,0.,1.));
#1571 = ADVANCED_FACE('',(#1572),#1599,.F.);
#1572 = FACE_BOUND('',#1573,.F.);
#1573 = EDGE_LOOP('',(#1574,#1583,#1591,#1598));
#1574 = ORIENTED_EDGE('',*,*,#1575,.T.);
#1575 = EDGE_CURVE('',#1515,#1576,#1578,.T.);
#1576 = VERTEX_POINT('',#1577);
#1577 = CARTESIAN_POINT('',(613.241,81.65,-22.7));
#1578 = CIRCLE('',#1579,3.174);
#1579 = AXIS2_PLACEMENT_3D('',#1580,#1581,#1582);
#1580 = CARTESIAN_POINT('',(613.241,78.476,-22.7));
#1581 = DIRECTION('',(-0.,0.,1.));
#1582 = DIRECTION('',(0.,-1.,0.));
#1583 = ORIENTED_EDGE('',*,*,#1584,.T.);
#1584 = EDGE_CURVE('',#1576,#1585,#1587,.T.);
#1585 = VERTEX_POINT('',#1586);
#1586 = CARTESIAN_POINT('',(613.241,81.65,-12.7));
#1587 = LINE('',#1588,#1589);
#1588 = CARTESIAN_POINT('',(613.241,81.65,-22.7));
#1589 = VECTOR('',#1590,1.);
#1590 = DIRECTION('',(0.,0.,1.));
#1591 = ORIENTED_EDGE('',*,*,#1592,.F.);
#1592 = EDGE_CURVE('',#1523,#1585,#1593,.T.);
#1593 = CIRCLE('',#1594,3.174);
#1594 = AXIS2_PLACEMENT_3D('',#1595,#1596,#1597);
#1595 = CARTESIAN_POINT('',(613.241,78.476,-12.7));
#1596 = DIRECTION('',(-0.,0.,1.));
#1597 = DIRECTION('',(0.,-1.,0.));
#1598 = ORIENTED_EDGE('',*,*,#1522,.F.);
#1599 = CYLINDRICAL_SURFACE('',#1600,3.174);
#1600 = AXIS2_PLACEMENT_3D('',#1601,#1602,#1603);
#1601 = CARTESIAN_POINT('',(613.241,78.476,-22.7));
#1602 = DIRECTION('',(0.,0.,1.));
#1603 = DIRECTION('',(1.,0.,0.));
#1604 = ADVANCED_FACE('',(#1605),#1630,.F.);
#1605 = FACE_BOUND('',#1606,.F.);
#1606 = EDGE_LOOP('',(#1607,#1615,#1623,#1629));
#1607 = ORIENTED_EDGE('',*,*,#1608,.F.);
#1608 = EDGE_CURVE('',#1609,#1576,#1611,.T.);
#1609 = VERTEX_POINT('',#1610);
#1610 = CARTESIAN_POINT('',(606.589,81.65,-22.7));
#1611 = LINE('',#1612,#1613);
#1612 = CARTESIAN_POINT('',(603.415,81.65,-22.7));
#1613 = VECTOR('',#1614,1.);
#1614 = DIRECTION('',(1.,0.,0.));
#1615 = ORIENTED_EDGE('',*,*,#1616,.T.);
#1616 = EDGE_CURVE('',#1609,#1617,#1619,.T.);
#1617 = VERTEX_POINT('',#1618);
#1618 = CARTESIAN_POINT('',(606.589,81.65,-12.7));
#1619 = LINE('',#1620,#1621);
#1620 = CARTESIAN_POINT('',(606.589,81.65,-22.7));
#1621 = VECTOR('',#1622,1.);
#1622 = DIRECTION('',(0.,0.,1.));
#1623 = ORIENTED_EDGE('',*,*,#1624,.T.);
#1624 = EDGE_CURVE('',#1617,#1585,#1625,.T.);
#1625 = LINE('',#1626,#1627);
#1626 = CARTESIAN_POINT('',(603.415,81.65,-12.7));
#1627 = VECTOR('',#1628,1.);
#1628 = DIRECTION('',(1.,0.,0.));
#1629 = ORIENTED_EDGE('',*,*,#1584,.F.);
#1630 = PLANE('',#1631);
#1631 = AXIS2_PLACEMENT_3D('',#1632,#1633,#1634);
#1632 = CARTESIAN_POINT('',(603.415,81.65,-22.7));
#1633 = DIRECTION('',(0.,1.,0.));
#1634 = DIRECTION('',(0.,0.,1.));
#1635 = ADVANCED_FACE('',(#1636),#1654,.F.);
#1636 = FACE_BOUND('',#1637,.T.);
#1637 = EDGE_LOOP('',(#1638,#1645,#1646,#1653));
#1638 = ORIENTED_EDGE('',*,*,#1639,.T.);
#1639 = EDGE_CURVE('',#1362,#1609,#1640,.T.);
#1640 = CIRCLE('',#1641,3.174);
#1641 = AXIS2_PLACEMENT_3D('',#1642,#1643,#1644);
#1642 = CARTESIAN_POINT('',(606.589,78.476,-22.7));
#1643 = DIRECTION('',(-0.,-0.,-1.));
#1644 = DIRECTION('',(0.,-1.,0.));
#1645 = ORIENTED_EDGE('',*,*,#1616,.T.);
#1646 = ORIENTED_EDGE('',*,*,#1647,.F.);
#1647 = EDGE_CURVE('',#1370,#1617,#1648,.T.);
#1648 = CIRCLE('',#1649,3.174);
#1649 = AXIS2_PLACEMENT_3D('',#1650,#1651,#1652);
#1650 = CARTESIAN_POINT('',(606.589,78.476,-12.7));
#1651 = DIRECTION('',(-0.,-0.,-1.));
#1652 = DIRECTION('',(0.,-1.,0.));
#1653 = ORIENTED_EDGE('',*,*,#1369,.F.);
#1654 = CYLINDRICAL_SURFACE('',#1655,3.174);
#1655 = AXIS2_PLACEMENT_3D('',#1656,#1657,#1658);
#1656 = CARTESIAN_POINT('',(606.589,78.476,-22.7));
#1657 = DIRECTION('',(0.,0.,1.));
#1658 = DIRECTION('',(-1.,0.,0.));
#1659 = ADVANCED_FACE('',(#1660),#1685,.T.);
#1660 = FACE_BOUND('',#1661,.T.);
#1661 = EDGE_LOOP('',(#1662,#1672,#1678,#1679));
#1662 = ORIENTED_EDGE('',*,*,#1663,.F.);
#1663 = EDGE_CURVE('',#1664,#1666,#1668,.T.);
#1664 = VERTEX_POINT('',#1665);
#1665 = CARTESIAN_POINT('',(598.13857394599,72.734299087524,
    -15.23036861419));
#1666 = VERTEX_POINT('',#1667);
#1667 = CARTESIAN_POINT('',(598.13857394599,72.734299087524,-12.7));
#1668 = LINE('',#1669,#1670);
#1669 = CARTESIAN_POINT('',(598.13857394599,72.734299087524,
    -15.23036861419));
#1670 = VECTOR('',#1671,1.);
#1671 = DIRECTION('',(0.,0.,1.));
#1672 = ORIENTED_EDGE('',*,*,#1673,.F.);
#1673 = EDGE_CURVE('',#1386,#1664,#1674,.T.);
#1674 = LINE('',#1675,#1676);
#1675 = CARTESIAN_POINT('',(618.01835330963,72.734299087524,
    -15.23036861419));
#1676 = VECTOR('',#1677,1.);
#1677 = DIRECTION('',(-1.,0.,0.));
#1678 = ORIENTED_EDGE('',*,*,#1385,.T.);
#1679 = ORIENTED_EDGE('',*,*,#1680,.F.);
#1680 = EDGE_CURVE('',#1666,#1378,#1681,.T.);
#1681 = LINE('',#1682,#1683);
#1682 = CARTESIAN_POINT('',(310.59667665481,72.734299087524,-12.7));
#1683 = VECTOR('',#1684,1.);
#1684 = DIRECTION('',(1.,0.,-0.));
#1685 = PLANE('',#1686);
#1686 = AXIS2_PLACEMENT_3D('',#1687,#1688,#1689);
#1687 = CARTESIAN_POINT('',(618.01835330963,72.734299087524,
    -15.23036861419));
#1688 = DIRECTION('',(0.,-1.,0.));
#1689 = DIRECTION('',(0.,0.,1.));
#1690 = ADVANCED_FACE('',(#1691),#1709,.F.);
#1691 = FACE_BOUND('',#1692,.F.);
#1692 = EDGE_LOOP('',(#1693,#1694,#1701,#1702));
#1693 = ORIENTED_EDGE('',*,*,#1663,.F.);
#1694 = ORIENTED_EDGE('',*,*,#1695,.T.);
#1695 = EDGE_CURVE('',#1664,#1260,#1696,.T.);
#1696 = CIRCLE('',#1697,3.174);
#1697 = AXIS2_PLACEMENT_3D('',#1698,#1699,#1700);
#1698 = CARTESIAN_POINT('',(598.13857394599,69.560299087524,
    -15.23036861419));
#1699 = DIRECTION('',(0.,-0.,1.));
#1700 = DIRECTION('',(0.,1.,0.));
#1701 = ORIENTED_EDGE('',*,*,#1259,.T.);
#1702 = ORIENTED_EDGE('',*,*,#1703,.F.);
#1703 = EDGE_CURVE('',#1666,#1252,#1704,.T.);
#1704 = CIRCLE('',#1705,3.174);
#1705 = AXIS2_PLACEMENT_3D('',#1706,#1707,#1708);
#1706 = CARTESIAN_POINT('',(598.13857394599,69.560299087524,-12.7));
#1707 = DIRECTION('',(0.,-0.,1.));
#1708 = DIRECTION('',(0.,1.,0.));
#1709 = CYLINDRICAL_SURFACE('',#1710,3.174);
#1710 = AXIS2_PLACEMENT_3D('',#1711,#1712,#1713);
#1711 = CARTESIAN_POINT('',(598.13857394599,69.560299087524,
    -15.23036861419));
#1712 = DIRECTION('',(0.,0.,1.));
#1713 = DIRECTION('',(0.,1.,0.));
#1714 = ADVANCED_FACE('',(#1715),#1723,.T.);
#1715 = FACE_BOUND('',#1716,.T.);
#1716 = EDGE_LOOP('',(#1717,#1718,#1719,#1720,#1721,#1722));
#1717 = ORIENTED_EDGE('',*,*,#1267,.T.);
#1718 = ORIENTED_EDGE('',*,*,#1282,.T.);
#1719 = ORIENTED_EDGE('',*,*,#1315,.F.);
#1720 = ORIENTED_EDGE('',*,*,#1393,.T.);
#1721 = ORIENTED_EDGE('',*,*,#1673,.T.);
#1722 = ORIENTED_EDGE('',*,*,#1695,.T.);
#1723 = PLANE('',#1724);
#1724 = AXIS2_PLACEMENT_3D('',#1725,#1726,#1727);
#1725 = CARTESIAN_POINT('',(618.01835330963,72.734299087524,
    -15.23036861419));
#1726 = DIRECTION('',(0.,0.,1.));
#1727 = DIRECTION('',(-1.,0.,0.));
#1728 = ADVANCED_FACE('',(#1729,#1739,#1750),#1761,.T.);
#1729 = FACE_BOUND('',#1730,.T.);
#1730 = EDGE_LOOP('',(#1731,#1732,#1733,#1734,#1735,#1736,#1737,#1738));
#1731 = ORIENTED_EDGE('',*,*,#1514,.T.);
#1732 = ORIENTED_EDGE('',*,*,#1575,.T.);
#1733 = ORIENTED_EDGE('',*,*,#1608,.F.);
#1734 = ORIENTED_EDGE('',*,*,#1639,.F.);
#1735 = ORIENTED_EDGE('',*,*,#1361,.F.);
#1736 = ORIENTED_EDGE('',*,*,#1408,.T.);
#1737 = ORIENTED_EDGE('',*,*,#1441,.T.);
#1738 = ORIENTED_EDGE('',*,*,#1472,.T.);
#1739 = FACE_BOUND('',#1740,.T.);
#1740 = EDGE_LOOP('',(#1741));
#1741 = ORIENTED_EDGE('',*,*,#1742,.T.);
#1742 = EDGE_CURVE('',#1743,#1743,#1745,.T.);
#1743 = VERTEX_POINT('',#1744);
#1744 = CARTESIAN_POINT('',(608.1878,39.15,-22.7));
#1745 = CIRCLE('',#1746,1.7272);
#1746 = AXIS2_PLACEMENT_3D('',#1747,#1748,#1749);
#1747 = CARTESIAN_POINT('',(609.915,39.15,-22.7));
#1748 = DIRECTION('',(0.,0.,-1.));
#1749 = DIRECTION('',(-1.,0.,0.));
#1750 = FACE_BOUND('',#1751,.T.);
#1751 = EDGE_LOOP('',(#1752));
#1752 = ORIENTED_EDGE('',*,*,#1753,.T.);
#1753 = EDGE_CURVE('',#1754,#1754,#1756,.T.);
#1754 = VERTEX_POINT('',#1755);
#1755 = CARTESIAN_POINT('',(608.1878,75.15,-22.7));
#1756 = CIRCLE('',#1757,1.7272);
#1757 = AXIS2_PLACEMENT_3D('',#1758,#1759,#1760);
#1758 = CARTESIAN_POINT('',(609.915,75.15,-22.7));
#1759 = DIRECTION('',(0.,0.,-1.));
#1760 = DIRECTION('',(-1.,0.,0.));
#1761 = PLANE('',#1762);
#1762 = AXIS2_PLACEMENT_3D('',#1763,#1764,#1765);
#1763 = CARTESIAN_POINT('',(603.415,32.65,-22.7));
#1764 = DIRECTION('',(0.,0.,1.));
#1765 = DIRECTION('',(1.,0.,0.));
#1766 = ADVANCED_FACE('',(#1767),#1801,.F.);
#1767 = FACE_BOUND('',#1768,.F.);
#1768 = EDGE_LOOP('',(#1769,#1779,#1787,#1795));
#1769 = ORIENTED_EDGE('',*,*,#1770,.F.);
#1770 = EDGE_CURVE('',#1771,#1773,#1775,.T.);
#1771 = VERTEX_POINT('',#1772);
#1772 = CARTESIAN_POINT('',(524.318,77.976,-12.7));
#1773 = VERTEX_POINT('',#1774);
#1774 = CARTESIAN_POINT('',(524.318,36.324,-12.7));
#1775 = LINE('',#1776,#1777);
#1776 = CARTESIAN_POINT('',(524.318,81.15,-12.7));
#1777 = VECTOR('',#1778,1.);
#1778 = DIRECTION('',(0.,-1.,0.));
#1779 = ORIENTED_EDGE('',*,*,#1780,.F.);
#1780 = EDGE_CURVE('',#1781,#1771,#1783,.T.);
#1781 = VERTEX_POINT('',#1782);
#1782 = CARTESIAN_POINT('',(524.318,77.976,-21.97));
#1783 = LINE('',#1784,#1785);
#1784 = CARTESIAN_POINT('',(524.318,77.976,-21.97));
#1785 = VECTOR('',#1786,1.);
#1786 = DIRECTION('',(0.,0.,1.));
#1787 = ORIENTED_EDGE('',*,*,#1788,.T.);
#1788 = EDGE_CURVE('',#1781,#1789,#1791,.T.);
#1789 = VERTEX_POINT('',#1790);
#1790 = CARTESIAN_POINT('',(524.318,36.324,-21.97));
#1791 = LINE('',#1792,#1793);
#1792 = CARTESIAN_POINT('',(524.318,81.15,-21.97));
#1793 = VECTOR('',#1794,1.);
#1794 = DIRECTION('',(0.,-1.,0.));
#1795 = ORIENTED_EDGE('',*,*,#1796,.T.);
#1796 = EDGE_CURVE('',#1789,#1773,#1797,.T.);
#1797 = LINE('',#1798,#1799);
#1798 = CARTESIAN_POINT('',(524.318,36.324,-21.97));
#1799 = VECTOR('',#1800,1.);
#1800 = DIRECTION('',(0.,0.,1.));
#1801 = PLANE('',#1802);
#1802 = AXIS2_PLACEMENT_3D('',#1803,#1804,#1805);
#1803 = CARTESIAN_POINT('',(524.318,81.15,-21.97));
#1804 = DIRECTION('',(-1.,0.,0.));
#1805 = DIRECTION('',(0.,0.,1.));
#1806 = ADVANCED_FACE('',(#1807),#1834,.F.);
#1807 = FACE_BOUND('',#1808,.F.);
#1808 = EDGE_LOOP('',(#1809,#1818,#1819,#1828));
#1809 = ORIENTED_EDGE('',*,*,#1810,.T.);
#1810 = EDGE_CURVE('',#1811,#1781,#1813,.T.);
#1811 = VERTEX_POINT('',#1812);
#1812 = CARTESIAN_POINT('',(527.492,81.15,-21.97));
#1813 = CIRCLE('',#1814,3.174);
#1814 = AXIS2_PLACEMENT_3D('',#1815,#1816,#1817);
#1815 = CARTESIAN_POINT('',(527.492,77.976,-21.97));
#1816 = DIRECTION('',(0.,-0.,1.));
#1817 = DIRECTION('',(0.,1.,0.));
#1818 = ORIENTED_EDGE('',*,*,#1780,.T.);
#1819 = ORIENTED_EDGE('',*,*,#1820,.F.);
#1820 = EDGE_CURVE('',#1821,#1771,#1823,.T.);
#1821 = VERTEX_POINT('',#1822);
#1822 = CARTESIAN_POINT('',(527.492,81.15,-12.7));
#1823 = CIRCLE('',#1824,3.174);
#1824 = AXIS2_PLACEMENT_3D('',#1825,#1826,#1827);
#1825 = CARTESIAN_POINT('',(527.492,77.976,-12.7));
#1826 = DIRECTION('',(0.,-0.,1.));
#1827 = DIRECTION('',(0.,1.,0.));
#1828 = ORIENTED_EDGE('',*,*,#1829,.F.);
#1829 = EDGE_CURVE('',#1811,#1821,#1830,.T.);
#1830 = LINE('',#1831,#1832);
#1831 = CARTESIAN_POINT('',(527.492,81.15,-21.97));
#1832 = VECTOR('',#1833,1.);
#1833 = DIRECTION('',(0.,0.,1.));
#1834 = CYLINDRICAL_SURFACE('',#1835,3.174);
#1835 = AXIS2_PLACEMENT_3D('',#1836,#1837,#1838);
#1836 = CARTESIAN_POINT('',(527.492,77.976,-21.97));
#1837 = DIRECTION('',(0.,0.,1.));
#1838 = DIRECTION('',(0.,1.,0.));
#1839 = ADVANCED_FACE('',(#1840),#1867,.F.);
#1840 = FACE_BOUND('',#1841,.F.);
#1841 = EDGE_LOOP('',(#1842,#1851,#1859,#1866));
#1842 = ORIENTED_EDGE('',*,*,#1843,.T.);
#1843 = EDGE_CURVE('',#1789,#1844,#1846,.T.);
#1844 = VERTEX_POINT('',#1845);
#1845 = CARTESIAN_POINT('',(527.492,33.15,-21.97));
#1846 = CIRCLE('',#1847,3.174);
#1847 = AXIS2_PLACEMENT_3D('',#1848,#1849,#1850);
#1848 = CARTESIAN_POINT('',(527.492,36.324,-21.97));
#1849 = DIRECTION('',(0.,-0.,1.));
#1850 = DIRECTION('',(0.,1.,0.));
#1851 = ORIENTED_EDGE('',*,*,#1852,.T.);
#1852 = EDGE_CURVE('',#1844,#1853,#1855,.T.);
#1853 = VERTEX_POINT('',#1854);
#1854 = CARTESIAN_POINT('',(527.492,33.15,-12.7));
#1855 = LINE('',#1856,#1857);
#1856 = CARTESIAN_POINT('',(527.492,33.15,-21.97));
#1857 = VECTOR('',#1858,1.);
#1858 = DIRECTION('',(0.,0.,1.));
#1859 = ORIENTED_EDGE('',*,*,#1860,.F.);
#1860 = EDGE_CURVE('',#1773,#1853,#1861,.T.);
#1861 = CIRCLE('',#1862,3.174);
#1862 = AXIS2_PLACEMENT_3D('',#1863,#1864,#1865);
#1863 = CARTESIAN_POINT('',(527.492,36.324,-12.7));
#1864 = DIRECTION('',(0.,-0.,1.));
#1865 = DIRECTION('',(0.,1.,0.));
#1866 = ORIENTED_EDGE('',*,*,#1796,.F.);
#1867 = CYLINDRICAL_SURFACE('',#1868,3.174);
#1868 = AXIS2_PLACEMENT_3D('',#1869,#1870,#1871);
#1869 = CARTESIAN_POINT('',(527.492,36.324,-21.97));
#1870 = DIRECTION('',(0.,0.,1.));
#1871 = DIRECTION('',(-1.,0.,0.));
#1872 = ADVANCED_FACE('',(#1873),#1898,.T.);
#1873 = FACE_BOUND('',#1874,.T.);
#1874 = EDGE_LOOP('',(#1875,#1883,#1891,#1897));
#1875 = ORIENTED_EDGE('',*,*,#1876,.F.);
#1876 = EDGE_CURVE('',#1877,#1811,#1879,.T.);
#1877 = VERTEX_POINT('',#1878);
#1878 = CARTESIAN_POINT('',(544.144,81.15,-21.97));
#1879 = LINE('',#1880,#1881);
#1880 = CARTESIAN_POINT('',(547.318,81.15,-21.97));
#1881 = VECTOR('',#1882,1.);
#1882 = DIRECTION('',(-1.,0.,0.));
#1883 = ORIENTED_EDGE('',*,*,#1884,.T.);
#1884 = EDGE_CURVE('',#1877,#1885,#1887,.T.);
#1885 = VERTEX_POINT('',#1886);
#1886 = CARTESIAN_POINT('',(544.144,81.15,-12.7));
#1887 = LINE('',#1888,#1889);
#1888 = CARTESIAN_POINT('',(544.144,81.15,-21.97));
#1889 = VECTOR('',#1890,1.);
#1890 = DIRECTION('',(0.,0.,1.));
#1891 = ORIENTED_EDGE('',*,*,#1892,.T.);
#1892 = EDGE_CURVE('',#1885,#1821,#1893,.T.);
#1893 = LINE('',#1894,#1895);
#1894 = CARTESIAN_POINT('',(547.318,81.15,-12.7));
#1895 = VECTOR('',#1896,1.);
#1896 = DIRECTION('',(-1.,0.,0.));
#1897 = ORIENTED_EDGE('',*,*,#1829,.F.);
#1898 = PLANE('',#1899);
#1899 = AXIS2_PLACEMENT_3D('',#1900,#1901,#1902);
#1900 = CARTESIAN_POINT('',(547.318,81.15,-21.97));
#1901 = DIRECTION('',(0.,-1.,0.));
#1902 = DIRECTION('',(0.,0.,1.));
#1903 = ADVANCED_FACE('',(#1904),#1929,.F.);
#1904 = FACE_BOUND('',#1905,.F.);
#1905 = EDGE_LOOP('',(#1906,#1914,#1922,#1928));
#1906 = ORIENTED_EDGE('',*,*,#1907,.F.);
#1907 = EDGE_CURVE('',#1908,#1844,#1910,.T.);
#1908 = VERTEX_POINT('',#1909);
#1909 = CARTESIAN_POINT('',(544.144,33.15,-21.97));
#1910 = LINE('',#1911,#1912);
#1911 = CARTESIAN_POINT('',(547.318,33.15,-21.97));
#1912 = VECTOR('',#1913,1.);
#1913 = DIRECTION('',(-1.,0.,0.));
#1914 = ORIENTED_EDGE('',*,*,#1915,.T.);
#1915 = EDGE_CURVE('',#1908,#1916,#1918,.T.);
#1916 = VERTEX_POINT('',#1917);
#1917 = CARTESIAN_POINT('',(544.144,33.15,-12.7));
#1918 = LINE('',#1919,#1920);
#1919 = CARTESIAN_POINT('',(544.144,33.15,-21.97));
#1920 = VECTOR('',#1921,1.);
#1921 = DIRECTION('',(0.,0.,1.));
#1922 = ORIENTED_EDGE('',*,*,#1923,.T.);
#1923 = EDGE_CURVE('',#1916,#1853,#1924,.T.);
#1924 = LINE('',#1925,#1926);
#1925 = CARTESIAN_POINT('',(547.318,33.15,-12.7));
#1926 = VECTOR('',#1927,1.);
#1927 = DIRECTION('',(-1.,0.,0.));
#1928 = ORIENTED_EDGE('',*,*,#1852,.F.);
#1929 = PLANE('',#1930);
#1930 = AXIS2_PLACEMENT_3D('',#1931,#1932,#1933);
#1931 = CARTESIAN_POINT('',(547.318,33.15,-21.97));
#1932 = DIRECTION('',(0.,-1.,0.));
#1933 = DIRECTION('',(0.,0.,1.));
#1934 = ADVANCED_FACE('',(#1935),#1962,.F.);
#1935 = FACE_BOUND('',#1936,.F.);
#1936 = EDGE_LOOP('',(#1937,#1946,#1947,#1956));
#1937 = ORIENTED_EDGE('',*,*,#1938,.T.);
#1938 = EDGE_CURVE('',#1939,#1877,#1941,.T.);
#1939 = VERTEX_POINT('',#1940);
#1940 = CARTESIAN_POINT('',(547.318,77.976,-21.97));
#1941 = CIRCLE('',#1942,3.174);
#1942 = AXIS2_PLACEMENT_3D('',#1943,#1944,#1945);
#1943 = CARTESIAN_POINT('',(544.144,77.976,-21.97));
#1944 = DIRECTION('',(0.,-0.,1.));
#1945 = DIRECTION('',(0.,1.,0.));
#1946 = ORIENTED_EDGE('',*,*,#1884,.T.);
#1947 = ORIENTED_EDGE('',*,*,#1948,.F.);
#1948 = EDGE_CURVE('',#1949,#1885,#1951,.T.);
#1949 = VERTEX_POINT('',#1950);
#1950 = CARTESIAN_POINT('',(547.318,77.976,-12.7));
#1951 = CIRCLE('',#1952,3.174);
#1952 = AXIS2_PLACEMENT_3D('',#1953,#1954,#1955);
#1953 = CARTESIAN_POINT('',(544.144,77.976,-12.7));
#1954 = DIRECTION('',(0.,-0.,1.));
#1955 = DIRECTION('',(0.,1.,0.));
#1956 = ORIENTED_EDGE('',*,*,#1957,.F.);
#1957 = EDGE_CURVE('',#1939,#1949,#1958,.T.);
#1958 = LINE('',#1959,#1960);
#1959 = CARTESIAN_POINT('',(547.318,77.976,-21.97));
#1960 = VECTOR('',#1961,1.);
#1961 = DIRECTION('',(0.,0.,1.));
#1962 = CYLINDRICAL_SURFACE('',#1963,3.174);
#1963 = AXIS2_PLACEMENT_3D('',#1964,#1965,#1966);
#1964 = CARTESIAN_POINT('',(544.144,77.976,-21.97));
#1965 = DIRECTION('',(0.,0.,1.));
#1966 = DIRECTION('',(1.,0.,0.));
#1967 = ADVANCED_FACE('',(#1968),#1995,.F.);
#1968 = FACE_BOUND('',#1969,.T.);
#1969 = EDGE_LOOP('',(#1970,#1979,#1980,#1989));
#1970 = ORIENTED_EDGE('',*,*,#1971,.T.);
#1971 = EDGE_CURVE('',#1972,#1908,#1974,.T.);
#1972 = VERTEX_POINT('',#1973);
#1973 = CARTESIAN_POINT('',(547.318,36.324,-21.97));
#1974 = CIRCLE('',#1975,3.174);
#1975 = AXIS2_PLACEMENT_3D('',#1976,#1977,#1978);
#1976 = CARTESIAN_POINT('',(544.144,36.324,-21.97));
#1977 = DIRECTION('',(0.,0.,-1.));
#1978 = DIRECTION('',(0.,1.,0.));
#1979 = ORIENTED_EDGE('',*,*,#1915,.T.);
#1980 = ORIENTED_EDGE('',*,*,#1981,.F.);
#1981 = EDGE_CURVE('',#1982,#1916,#1984,.T.);
#1982 = VERTEX_POINT('',#1983);
#1983 = CARTESIAN_POINT('',(547.318,36.324,-12.7));
#1984 = CIRCLE('',#1985,3.174);
#1985 = AXIS2_PLACEMENT_3D('',#1986,#1987,#1988);
#1986 = CARTESIAN_POINT('',(544.144,36.324,-12.7));
#1987 = DIRECTION('',(0.,0.,-1.));
#1988 = DIRECTION('',(0.,1.,0.));
#1989 = ORIENTED_EDGE('',*,*,#1990,.F.);
#1990 = EDGE_CURVE('',#1972,#1982,#1991,.T.);
#1991 = LINE('',#1992,#1993);
#1992 = CARTESIAN_POINT('',(547.318,36.324,-21.97));
#1993 = VECTOR('',#1994,1.);
#1994 = DIRECTION('',(0.,0.,1.));
#1995 = CYLINDRICAL_SURFACE('',#1996,3.174);
#1996 = AXIS2_PLACEMENT_3D('',#1997,#1998,#1999);
#1997 = CARTESIAN_POINT('',(544.144,36.324,-21.97));
#1998 = DIRECTION('',(0.,0.,1.));
#1999 = DIRECTION('',(1.,0.,0.));
#2000 = ADVANCED_FACE('',(#2001),#2017,.T.);
#2001 = FACE_BOUND('',#2002,.T.);
#2002 = EDGE_LOOP('',(#2003,#2009,#2010,#2016));
#2003 = ORIENTED_EDGE('',*,*,#2004,.F.);
#2004 = EDGE_CURVE('',#1949,#1982,#2005,.T.);
#2005 = LINE('',#2006,#2007);
#2006 = CARTESIAN_POINT('',(547.318,81.15,-12.7));
#2007 = VECTOR('',#2008,1.);
#2008 = DIRECTION('',(0.,-1.,0.));
#2009 = ORIENTED_EDGE('',*,*,#1957,.F.);
#2010 = ORIENTED_EDGE('',*,*,#2011,.T.);
#2011 = EDGE_CURVE('',#1939,#1972,#2012,.T.);
#2012 = LINE('',#2013,#2014);
#2013 = CARTESIAN_POINT('',(547.318,81.15,-21.97));
#2014 = VECTOR('',#2015,1.);
#2015 = DIRECTION('',(0.,-1.,0.));
#2016 = ORIENTED_EDGE('',*,*,#1990,.T.);
#2017 = PLANE('',#2018);
#2018 = AXIS2_PLACEMENT_3D('',#2019,#2020,#2021);
#2019 = CARTESIAN_POINT('',(547.318,81.15,-21.97));
#2020 = DIRECTION('',(-1.,0.,0.));
#2021 = DIRECTION('',(0.,0.,1.));
#2022 = ADVANCED_FACE('',(#2023,#2033,#2044),#2055,.T.);
#2023 = FACE_BOUND('',#2024,.T.);
#2024 = EDGE_LOOP('',(#2025,#2026,#2027,#2028,#2029,#2030,#2031,#2032));
#2025 = ORIENTED_EDGE('',*,*,#1788,.T.);
#2026 = ORIENTED_EDGE('',*,*,#1843,.T.);
#2027 = ORIENTED_EDGE('',*,*,#1907,.F.);
#2028 = ORIENTED_EDGE('',*,*,#1971,.F.);
#2029 = ORIENTED_EDGE('',*,*,#2011,.F.);
#2030 = ORIENTED_EDGE('',*,*,#1938,.T.);
#2031 = ORIENTED_EDGE('',*,*,#1876,.T.);
#2032 = ORIENTED_EDGE('',*,*,#1810,.T.);
#2033 = FACE_BOUND('',#2034,.T.);
#2034 = EDGE_LOOP('',(#2035));
#2035 = ORIENTED_EDGE('',*,*,#2036,.T.);
#2036 = EDGE_CURVE('',#2037,#2037,#2039,.T.);
#2037 = VERTEX_POINT('',#2038);
#2038 = CARTESIAN_POINT('',(537.5452,69.65,-21.97));
#2039 = CIRCLE('',#2040,1.7272);
#2040 = AXIS2_PLACEMENT_3D('',#2041,#2042,#2043);
#2041 = CARTESIAN_POINT('',(535.818,69.65,-21.97));
#2042 = DIRECTION('',(0.,0.,-1.));
#2043 = DIRECTION('',(1.,-0.,0.));
#2044 = FACE_BOUND('',#2045,.T.);
#2045 = EDGE_LOOP('',(#2046));
#2046 = ORIENTED_EDGE('',*,*,#2047,.T.);
#2047 = EDGE_CURVE('',#2048,#2048,#2050,.T.);
#2048 = VERTEX_POINT('',#2049);
#2049 = CARTESIAN_POINT('',(537.5452,44.65,-21.97));
#2050 = CIRCLE('',#2051,1.7272);
#2051 = AXIS2_PLACEMENT_3D('',#2052,#2053,#2054);
#2052 = CARTESIAN_POINT('',(535.818,44.65,-21.97));
#2053 = DIRECTION('',(0.,0.,-1.));
#2054 = DIRECTION('',(1.,-0.,0.));
#2055 = PLANE('',#2056);
#2056 = AXIS2_PLACEMENT_3D('',#2057,#2058,#2059);
#2057 = CARTESIAN_POINT('',(547.318,81.15,-21.97));
#2058 = DIRECTION('',(0.,0.,1.));
#2059 = DIRECTION('',(-1.,0.,0.));
#2060 = ADVANCED_FACE('',(#2061),#2095,.F.);
#2061 = FACE_BOUND('',#2062,.F.);
#2062 = EDGE_LOOP('',(#2063,#2073,#2081,#2089));
#2063 = ORIENTED_EDGE('',*,*,#2064,.F.);
#2064 = EDGE_CURVE('',#2065,#2067,#2069,.T.);
#2065 = VERTEX_POINT('',#2066);
#2066 = CARTESIAN_POINT('',(498.918,77.976,-12.7));
#2067 = VERTEX_POINT('',#2068);
#2068 = CARTESIAN_POINT('',(498.918,36.324,-12.7));
#2069 = LINE('',#2070,#2071);
#2070 = CARTESIAN_POINT('',(498.918,81.15,-12.7));
#2071 = VECTOR('',#2072,1.);
#2072 = DIRECTION('',(0.,-1.,0.));
#2073 = ORIENTED_EDGE('',*,*,#2074,.F.);
#2074 = EDGE_CURVE('',#2075,#2065,#2077,.T.);
#2075 = VERTEX_POINT('',#2076);
#2076 = CARTESIAN_POINT('',(498.918,77.976,-21.97));
#2077 = LINE('',#2078,#2079);
#2078 = CARTESIAN_POINT('',(498.918,77.976,-21.97));
#2079 = VECTOR('',#2080,1.);
#2080 = DIRECTION('',(0.,0.,1.));
#2081 = ORIENTED_EDGE('',*,*,#2082,.T.);
#2082 = EDGE_CURVE('',#2075,#2083,#2085,.T.);
#2083 = VERTEX_POINT('',#2084);
#2084 = CARTESIAN_POINT('',(498.918,36.324,-21.97));
#2085 = LINE('',#2086,#2087);
#2086 = CARTESIAN_POINT('',(498.918,81.15,-21.97));
#2087 = VECTOR('',#2088,1.);
#2088 = DIRECTION('',(0.,-1.,0.));
#2089 = ORIENTED_EDGE('',*,*,#2090,.T.);
#2090 = EDGE_CURVE('',#2083,#2067,#2091,.T.);
#2091 = LINE('',#2092,#2093);
#2092 = CARTESIAN_POINT('',(498.918,36.324,-21.97));
#2093 = VECTOR('',#2094,1.);
#2094 = DIRECTION('',(0.,0.,1.));
#2095 = PLANE('',#2096);
#2096 = AXIS2_PLACEMENT_3D('',#2097,#2098,#2099);
#2097 = CARTESIAN_POINT('',(498.918,81.15,-21.97));
#2098 = DIRECTION('',(-1.,0.,0.));
#2099 = DIRECTION('',(0.,0.,1.));
#2100 = ADVANCED_FACE('',(#2101),#2128,.F.);
#2101 = FACE_BOUND('',#2102,.F.);
#2102 = EDGE_LOOP('',(#2103,#2112,#2113,#2122));
#2103 = ORIENTED_EDGE('',*,*,#2104,.T.);
#2104 = EDGE_CURVE('',#2105,#2075,#2107,.T.);
#2105 = VERTEX_POINT('',#2106);
#2106 = CARTESIAN_POINT('',(502.092,81.15,-21.97));
#2107 = CIRCLE('',#2108,3.174);
#2108 = AXIS2_PLACEMENT_3D('',#2109,#2110,#2111);
#2109 = CARTESIAN_POINT('',(502.092,77.976,-21.97));
#2110 = DIRECTION('',(0.,-0.,1.));
#2111 = DIRECTION('',(0.,1.,0.));
#2112 = ORIENTED_EDGE('',*,*,#2074,.T.);
#2113 = ORIENTED_EDGE('',*,*,#2114,.F.);
#2114 = EDGE_CURVE('',#2115,#2065,#2117,.T.);
#2115 = VERTEX_POINT('',#2116);
#2116 = CARTESIAN_POINT('',(502.092,81.15,-12.7));
#2117 = CIRCLE('',#2118,3.174);
#2118 = AXIS2_PLACEMENT_3D('',#2119,#2120,#2121);
#2119 = CARTESIAN_POINT('',(502.092,77.976,-12.7));
#2120 = DIRECTION('',(0.,-0.,1.));
#2121 = DIRECTION('',(0.,1.,0.));
#2122 = ORIENTED_EDGE('',*,*,#2123,.F.);
#2123 = EDGE_CURVE('',#2105,#2115,#2124,.T.);
#2124 = LINE('',#2125,#2126);
#2125 = CARTESIAN_POINT('',(502.092,81.15,-21.97));
#2126 = VECTOR('',#2127,1.);
#2127 = DIRECTION('',(0.,0.,1.));
#2128 = CYLINDRICAL_SURFACE('',#2129,3.174);
#2129 = AXIS2_PLACEMENT_3D('',#2130,#2131,#2132);
#2130 = CARTESIAN_POINT('',(502.092,77.976,-21.97));
#2131 = DIRECTION('',(0.,0.,1.));
#2132 = DIRECTION('',(0.,1.,0.));
#2133 = ADVANCED_FACE('',(#2134),#2161,.F.);
#2134 = FACE_BOUND('',#2135,.F.);
#2135 = EDGE_LOOP('',(#2136,#2145,#2153,#2160));
#2136 = ORIENTED_EDGE('',*,*,#2137,.T.);
#2137 = EDGE_CURVE('',#2083,#2138,#2140,.T.);
#2138 = VERTEX_POINT('',#2139);
#2139 = CARTESIAN_POINT('',(502.092,33.15,-21.97));
#2140 = CIRCLE('',#2141,3.174);
#2141 = AXIS2_PLACEMENT_3D('',#2142,#2143,#2144);
#2142 = CARTESIAN_POINT('',(502.092,36.324,-21.97));
#2143 = DIRECTION('',(0.,-0.,1.));
#2144 = DIRECTION('',(0.,1.,0.));
#2145 = ORIENTED_EDGE('',*,*,#2146,.T.);
#2146 = EDGE_CURVE('',#2138,#2147,#2149,.T.);
#2147 = VERTEX_POINT('',#2148);
#2148 = CARTESIAN_POINT('',(502.092,33.15,-12.7));
#2149 = LINE('',#2150,#2151);
#2150 = CARTESIAN_POINT('',(502.092,33.15,-21.97));
#2151 = VECTOR('',#2152,1.);
#2152 = DIRECTION('',(0.,0.,1.));
#2153 = ORIENTED_EDGE('',*,*,#2154,.F.);
#2154 = EDGE_CURVE('',#2067,#2147,#2155,.T.);
#2155 = CIRCLE('',#2156,3.174);
#2156 = AXIS2_PLACEMENT_3D('',#2157,#2158,#2159);
#2157 = CARTESIAN_POINT('',(502.092,36.324,-12.7));
#2158 = DIRECTION('',(0.,-0.,1.));
#2159 = DIRECTION('',(0.,1.,0.));
#2160 = ORIENTED_EDGE('',*,*,#2090,.F.);
#2161 = CYLINDRICAL_SURFACE('',#2162,3.174);
#2162 = AXIS2_PLACEMENT_3D('',#2163,#2164,#2165);
#2163 = CARTESIAN_POINT('',(502.092,36.324,-21.97));
#2164 = DIRECTION('',(0.,0.,1.));
#2165 = DIRECTION('',(-1.,0.,0.));
#2166 = ADVANCED_FACE('',(#2167),#2192,.T.);
#2167 = FACE_BOUND('',#2168,.T.);
#2168 = EDGE_LOOP('',(#2169,#2177,#2185,#2191));
#2169 = ORIENTED_EDGE('',*,*,#2170,.F.);
#2170 = EDGE_CURVE('',#2171,#2105,#2173,.T.);
#2171 = VERTEX_POINT('',#2172);
#2172 = CARTESIAN_POINT('',(518.744,81.15,-21.97));
#2173 = LINE('',#2174,#2175);
#2174 = CARTESIAN_POINT('',(521.918,81.15,-21.97));
#2175 = VECTOR('',#2176,1.);
#2176 = DIRECTION('',(-1.,0.,0.));
#2177 = ORIENTED_EDGE('',*,*,#2178,.T.);
#2178 = EDGE_CURVE('',#2171,#2179,#2181,.T.);
#2179 = VERTEX_POINT('',#2180);
#2180 = CARTESIAN_POINT('',(518.744,81.15,-12.7));
#2181 = LINE('',#2182,#2183);
#2182 = CARTESIAN_POINT('',(518.744,81.15,-21.97));
#2183 = VECTOR('',#2184,1.);
#2184 = DIRECTION('',(0.,0.,1.));
#2185 = ORIENTED_EDGE('',*,*,#2186,.T.);
#2186 = EDGE_CURVE('',#2179,#2115,#2187,.T.);
#2187 = LINE('',#2188,#2189);
#2188 = CARTESIAN_POINT('',(521.918,81.15,-12.7));
#2189 = VECTOR('',#2190,1.);
#2190 = DIRECTION('',(-1.,0.,0.));
#2191 = ORIENTED_EDGE('',*,*,#2123,.F.);
#2192 = PLANE('',#2193);
#2193 = AXIS2_PLACEMENT_3D('',#2194,#2195,#2196);
#2194 = CARTESIAN_POINT('',(521.918,81.15,-21.97));
#2195 = DIRECTION('',(0.,-1.,0.));
#2196 = DIRECTION('',(0.,0.,1.));
#2197 = ADVANCED_FACE('',(#2198),#2223,.F.);
#2198 = FACE_BOUND('',#2199,.F.);
#2199 = EDGE_LOOP('',(#2200,#2208,#2216,#2222));
#2200 = ORIENTED_EDGE('',*,*,#2201,.F.);
#2201 = EDGE_CURVE('',#2202,#2138,#2204,.T.);
#2202 = VERTEX_POINT('',#2203);
#2203 = CARTESIAN_POINT('',(518.744,33.15,-21.97));
#2204 = LINE('',#2205,#2206);
#2205 = CARTESIAN_POINT('',(521.918,33.15,-21.97));
#2206 = VECTOR('',#2207,1.);
#2207 = DIRECTION('',(-1.,0.,0.));
#2208 = ORIENTED_EDGE('',*,*,#2209,.T.);
#2209 = EDGE_CURVE('',#2202,#2210,#2212,.T.);
#2210 = VERTEX_POINT('',#2211);
#2211 = CARTESIAN_POINT('',(518.744,33.15,-12.7));
#2212 = LINE('',#2213,#2214);
#2213 = CARTESIAN_POINT('',(518.744,33.15,-21.97));
#2214 = VECTOR('',#2215,1.);
#2215 = DIRECTION('',(0.,0.,1.));
#2216 = ORIENTED_EDGE('',*,*,#2217,.T.);
#2217 = EDGE_CURVE('',#2210,#2147,#2218,.T.);
#2218 = LINE('',#2219,#2220);
#2219 = CARTESIAN_POINT('',(521.918,33.15,-12.7));
#2220 = VECTOR('',#2221,1.);
#2221 = DIRECTION('',(-1.,0.,0.));
#2222 = ORIENTED_EDGE('',*,*,#2146,.F.);
#2223 = PLANE('',#2224);
#2224 = AXIS2_PLACEMENT_3D('',#2225,#2226,#2227);
#2225 = CARTESIAN_POINT('',(521.918,33.15,-21.97));
#2226 = DIRECTION('',(0.,-1.,0.));
#2227 = DIRECTION('',(0.,0.,1.));
#2228 = ADVANCED_FACE('',(#2229),#2256,.F.);
#2229 = FACE_BOUND('',#2230,.F.);
#2230 = EDGE_LOOP('',(#2231,#2240,#2241,#2250));
#2231 = ORIENTED_EDGE('',*,*,#2232,.T.);
#2232 = EDGE_CURVE('',#2233,#2171,#2235,.T.);
#2233 = VERTEX_POINT('',#2234);
#2234 = CARTESIAN_POINT('',(521.918,77.976,-21.97));
#2235 = CIRCLE('',#2236,3.174);
#2236 = AXIS2_PLACEMENT_3D('',#2237,#2238,#2239);
#2237 = CARTESIAN_POINT('',(518.744,77.976,-21.97));
#2238 = DIRECTION('',(0.,-0.,1.));
#2239 = DIRECTION('',(0.,1.,0.));
#2240 = ORIENTED_EDGE('',*,*,#2178,.T.);
#2241 = ORIENTED_EDGE('',*,*,#2242,.F.);
#2242 = EDGE_CURVE('',#2243,#2179,#2245,.T.);
#2243 = VERTEX_POINT('',#2244);
#2244 = CARTESIAN_POINT('',(521.918,77.976,-12.7));
#2245 = CIRCLE('',#2246,3.174);
#2246 = AXIS2_PLACEMENT_3D('',#2247,#2248,#2249);
#2247 = CARTESIAN_POINT('',(518.744,77.976,-12.7));
#2248 = DIRECTION('',(0.,-0.,1.));
#2249 = DIRECTION('',(0.,1.,0.));
#2250 = ORIENTED_EDGE('',*,*,#2251,.F.);
#2251 = EDGE_CURVE('',#2233,#2243,#2252,.T.);
#2252 = LINE('',#2253,#2254);
#2253 = CARTESIAN_POINT('',(521.918,77.976,-21.97));
#2254 = VECTOR('',#2255,1.);
#2255 = DIRECTION('',(0.,0.,1.));
#2256 = CYLINDRICAL_SURFACE('',#2257,3.174);
#2257 = AXIS2_PLACEMENT_3D('',#2258,#2259,#2260);
#2258 = CARTESIAN_POINT('',(518.744,77.976,-21.97));
#2259 = DIRECTION('',(0.,0.,1.));
#2260 = DIRECTION('',(1.,0.,0.));
#2261 = ADVANCED_FACE('',(#2262),#2289,.F.);
#2262 = FACE_BOUND('',#2263,.T.);
#2263 = EDGE_LOOP('',(#2264,#2273,#2274,#2283));
#2264 = ORIENTED_EDGE('',*,*,#2265,.T.);
#2265 = EDGE_CURVE('',#2266,#2202,#2268,.T.);
#2266 = VERTEX_POINT('',#2267);
#2267 = CARTESIAN_POINT('',(521.918,36.324,-21.97));
#2268 = CIRCLE('',#2269,3.174);
#2269 = AXIS2_PLACEMENT_3D('',#2270,#2271,#2272);
#2270 = CARTESIAN_POINT('',(518.744,36.324,-21.97));
#2271 = DIRECTION('',(0.,0.,-1.));
#2272 = DIRECTION('',(0.,1.,0.));
#2273 = ORIENTED_EDGE('',*,*,#2209,.T.);
#2274 = ORIENTED_EDGE('',*,*,#2275,.F.);
#2275 = EDGE_CURVE('',#2276,#2210,#2278,.T.);
#2276 = VERTEX_POINT('',#2277);
#2277 = CARTESIAN_POINT('',(521.918,36.324,-12.7));
#2278 = CIRCLE('',#2279,3.174);
#2279 = AXIS2_PLACEMENT_3D('',#2280,#2281,#2282);
#2280 = CARTESIAN_POINT('',(518.744,36.324,-12.7));
#2281 = DIRECTION('',(0.,0.,-1.));
#2282 = DIRECTION('',(0.,1.,0.));
#2283 = ORIENTED_EDGE('',*,*,#2284,.F.);
#2284 = EDGE_CURVE('',#2266,#2276,#2285,.T.);
#2285 = LINE('',#2286,#2287);
#2286 = CARTESIAN_POINT('',(521.918,36.324,-21.97));
#2287 = VECTOR('',#2288,1.);
#2288 = DIRECTION('',(0.,0.,1.));
#2289 = CYLINDRICAL_SURFACE('',#2290,3.174);
#2290 = AXIS2_PLACEMENT_3D('',#2291,#2292,#2293);
#2291 = CARTESIAN_POINT('',(518.744,36.324,-21.97));
#2292 = DIRECTION('',(0.,0.,1.));
#2293 = DIRECTION('',(1.,0.,0.));
#2294 = ADVANCED_FACE('',(#2295),#2311,.T.);
#2295 = FACE_BOUND('',#2296,.T.);
#2296 = EDGE_LOOP('',(#2297,#2303,#2304,#2310));
#2297 = ORIENTED_EDGE('',*,*,#2298,.F.);
#2298 = EDGE_CURVE('',#2243,#2276,#2299,.T.);
#2299 = LINE('',#2300,#2301);
#2300 = CARTESIAN_POINT('',(521.918,81.15,-12.7));
#2301 = VECTOR('',#2302,1.);
#2302 = DIRECTION('',(0.,-1.,0.));
#2303 = ORIENTED_EDGE('',*,*,#2251,.F.);
#2304 = ORIENTED_EDGE('',*,*,#2305,.T.);
#2305 = EDGE_CURVE('',#2233,#2266,#2306,.T.);
#2306 = LINE('',#2307,#2308);
#2307 = CARTESIAN_POINT('',(521.918,81.15,-21.97));
#2308 = VECTOR('',#2309,1.);
#2309 = DIRECTION('',(0.,-1.,0.));
#2310 = ORIENTED_EDGE('',*,*,#2284,.T.);
#2311 = PLANE('',#2312);
#2312 = AXIS2_PLACEMENT_3D('',#2313,#2314,#2315);
#2313 = CARTESIAN_POINT('',(521.918,81.15,-21.97));
#2314 = DIRECTION('',(-1.,0.,0.));
#2315 = DIRECTION('',(0.,0.,1.));
#2316 = ADVANCED_FACE('',(#2317,#2327,#2338),#2349,.T.);
#2317 = FACE_BOUND('',#2318,.T.);
#2318 = EDGE_LOOP('',(#2319,#2320,#2321,#2322,#2323,#2324,#2325,#2326));
#2319 = ORIENTED_EDGE('',*,*,#2082,.T.);
#2320 = ORIENTED_EDGE('',*,*,#2137,.T.);
#2321 = ORIENTED_EDGE('',*,*,#2201,.F.);
#2322 = ORIENTED_EDGE('',*,*,#2265,.F.);
#2323 = ORIENTED_EDGE('',*,*,#2305,.F.);
#2324 = ORIENTED_EDGE('',*,*,#2232,.T.);
#2325 = ORIENTED_EDGE('',*,*,#2170,.T.);
#2326 = ORIENTED_EDGE('',*,*,#2104,.T.);
#2327 = FACE_BOUND('',#2328,.T.);
#2328 = EDGE_LOOP('',(#2329));
#2329 = ORIENTED_EDGE('',*,*,#2330,.T.);
#2330 = EDGE_CURVE('',#2331,#2331,#2333,.T.);
#2331 = VERTEX_POINT('',#2332);
#2332 = CARTESIAN_POINT('',(512.1452,69.65,-21.97));
#2333 = CIRCLE('',#2334,1.7272);
#2334 = AXIS2_PLACEMENT_3D('',#2335,#2336,#2337);
#2335 = CARTESIAN_POINT('',(510.418,69.65,-21.97));
#2336 = DIRECTION('',(0.,0.,-1.));
#2337 = DIRECTION('',(1.,-0.,0.));
#2338 = FACE_BOUND('',#2339,.T.);
#2339 = EDGE_LOOP('',(#2340));
#2340 = ORIENTED_EDGE('',*,*,#2341,.T.);
#2341 = EDGE_CURVE('',#2342,#2342,#2344,.T.);
#2342 = VERTEX_POINT('',#2343);
#2343 = CARTESIAN_POINT('',(512.1452,44.65,-21.97));
#2344 = CIRCLE('',#2345,1.7272);
#2345 = AXIS2_PLACEMENT_3D('',#2346,#2347,#2348);
#2346 = CARTESIAN_POINT('',(510.418,44.65,-21.97));
#2347 = DIRECTION('',(0.,0.,-1.));
#2348 = DIRECTION('',(1.,-0.,0.));
#2349 = PLANE('',#2350);
#2350 = AXIS2_PLACEMENT_3D('',#2351,#2352,#2353);
#2351 = CARTESIAN_POINT('',(521.918,81.15,-21.97));
#2352 = DIRECTION('',(0.,0.,1.));
#2353 = DIRECTION('',(-1.,0.,0.));
#2354 = ADVANCED_FACE('',(#2355),#2389,.F.);
#2355 = FACE_BOUND('',#2356,.F.);
#2356 = EDGE_LOOP('',(#2357,#2367,#2375,#2383));
#2357 = ORIENTED_EDGE('',*,*,#2358,.T.);
#2358 = EDGE_CURVE('',#2359,#2361,#2363,.T.);
#2359 = VERTEX_POINT('',#2360);
#2360 = CARTESIAN_POINT('',(451.111,45.2,-17.33));
#2361 = VERTEX_POINT('',#2362);
#2362 = CARTESIAN_POINT('',(451.111,45.2,-12.7));
#2363 = LINE('',#2364,#2365);
#2364 = CARTESIAN_POINT('',(451.111,45.2,-17.33));
#2365 = VECTOR('',#2366,1.);
#2366 = DIRECTION('',(0.,0.,1.));
#2367 = ORIENTED_EDGE('',*,*,#2368,.F.);
#2368 = EDGE_CURVE('',#2369,#2361,#2371,.T.);
#2369 = VERTEX_POINT('',#2370);
#2370 = CARTESIAN_POINT('',(411.459,45.2,-12.7));
#2371 = LINE('',#2372,#2373);
#2372 = CARTESIAN_POINT('',(205.73,45.2,-12.7));
#2373 = VECTOR('',#2374,1.);
#2374 = DIRECTION('',(1.,2.22044604925E-16,-0.));
#2375 = ORIENTED_EDGE('',*,*,#2376,.F.);
#2376 = EDGE_CURVE('',#2377,#2369,#2379,.T.);
#2377 = VERTEX_POINT('',#2378);
#2378 = CARTESIAN_POINT('',(411.459,45.2,-17.33));
#2379 = LINE('',#2380,#2381);
#2380 = CARTESIAN_POINT('',(411.459,45.2,-17.33));
#2381 = VECTOR('',#2382,1.);
#2382 = DIRECTION('',(0.,0.,1.));
#2383 = ORIENTED_EDGE('',*,*,#2384,.T.);
#2384 = EDGE_CURVE('',#2377,#2359,#2385,.T.);
#2385 = LINE('',#2386,#2387);
#2386 = CARTESIAN_POINT('',(408.285,45.2,-17.33));
#2387 = VECTOR('',#2388,1.);
#2388 = DIRECTION('',(1.,2.22044604925E-16,0.));
#2389 = PLANE('',#2390);
#2390 = AXIS2_PLACEMENT_3D('',#2391,#2392,#2393);
#2391 = CARTESIAN_POINT('',(408.285,45.2,-17.33));
#2392 = DIRECTION('',(2.22044604925E-16,-1.,0.));
#2393 = DIRECTION('',(0.,0.,1.));
#2394 = ADVANCED_FACE('',(#2395),#2422,.F.);
#2395 = FACE_BOUND('',#2396,.F.);
#2396 = EDGE_LOOP('',(#2397,#2407,#2414,#2415));
#2397 = ORIENTED_EDGE('',*,*,#2398,.F.);
#2398 = EDGE_CURVE('',#2399,#2401,#2403,.T.);
#2399 = VERTEX_POINT('',#2400);
#2400 = CARTESIAN_POINT('',(408.285,48.374,-17.33));
#2401 = VERTEX_POINT('',#2402);
#2402 = CARTESIAN_POINT('',(408.285,48.374,-12.7));
#2403 = LINE('',#2404,#2405);
#2404 = CARTESIAN_POINT('',(408.285,48.374,-17.33));
#2405 = VECTOR('',#2406,1.);
#2406 = DIRECTION('',(0.,0.,1.));
#2407 = ORIENTED_EDGE('',*,*,#2408,.T.);
#2408 = EDGE_CURVE('',#2399,#2377,#2409,.T.);
#2409 = CIRCLE('',#2410,3.174);
#2410 = AXIS2_PLACEMENT_3D('',#2411,#2412,#2413);
#2411 = CARTESIAN_POINT('',(411.459,48.374,-17.33));
#2412 = DIRECTION('',(0.,0.,1.));
#2413 = DIRECTION('',(-1.,-2.22044604925E-16,0.));
#2414 = ORIENTED_EDGE('',*,*,#2376,.T.);
#2415 = ORIENTED_EDGE('',*,*,#2416,.F.);
#2416 = EDGE_CURVE('',#2401,#2369,#2417,.T.);
#2417 = CIRCLE('',#2418,3.174);
#2418 = AXIS2_PLACEMENT_3D('',#2419,#2420,#2421);
#2419 = CARTESIAN_POINT('',(411.459,48.374,-12.7));
#2420 = DIRECTION('',(0.,0.,1.));
#2421 = DIRECTION('',(-1.,-2.22044604925E-16,0.));
#2422 = CYLINDRICAL_SURFACE('',#2423,3.174);
#2423 = AXIS2_PLACEMENT_3D('',#2424,#2425,#2426);
#2424 = CARTESIAN_POINT('',(411.459,48.374,-17.33));
#2425 = DIRECTION('',(0.,0.,1.));
#2426 = DIRECTION('',(-1.,-2.22044604925E-16,0.));
#2427 = ADVANCED_FACE('',(#2428),#2453,.T.);
#2428 = FACE_BOUND('',#2429,.T.);
#2429 = EDGE_LOOP('',(#2430,#2431,#2439,#2447));
#2430 = ORIENTED_EDGE('',*,*,#2398,.F.);
#2431 = ORIENTED_EDGE('',*,*,#2432,.F.);
#2432 = EDGE_CURVE('',#2433,#2399,#2435,.T.);
#2433 = VERTEX_POINT('',#2434);
#2434 = CARTESIAN_POINT('',(408.285,104.026,-17.33));
#2435 = LINE('',#2436,#2437);
#2436 = CARTESIAN_POINT('',(408.285,107.2,-17.33));
#2437 = VECTOR('',#2438,1.);
#2438 = DIRECTION('',(2.22044604925E-16,-1.,0.));
#2439 = ORIENTED_EDGE('',*,*,#2440,.T.);
#2440 = EDGE_CURVE('',#2433,#2441,#2443,.T.);
#2441 = VERTEX_POINT('',#2442);
#2442 = CARTESIAN_POINT('',(408.285,104.026,-12.7));
#2443 = LINE('',#2444,#2445);
#2444 = CARTESIAN_POINT('',(408.285,104.026,-17.33));
#2445 = VECTOR('',#2446,1.);
#2446 = DIRECTION('',(0.,0.,1.));
#2447 = ORIENTED_EDGE('',*,*,#2448,.F.);
#2448 = EDGE_CURVE('',#2401,#2441,#2449,.T.);
#2449 = LINE('',#2450,#2451);
#2450 = CARTESIAN_POINT('',(408.285,55.1875,-12.7));
#2451 = VECTOR('',#2452,1.);
#2452 = DIRECTION('',(-2.22044604925E-16,1.,0.));
#2453 = PLANE('',#2454);
#2454 = AXIS2_PLACEMENT_3D('',#2455,#2456,#2457);
#2455 = CARTESIAN_POINT('',(408.285,107.2,-17.33));
#2456 = DIRECTION('',(1.,2.22044604925E-16,0.));
#2457 = DIRECTION('',(0.,0.,1.));
#2458 = ADVANCED_FACE('',(#2459),#2486,.F.);
#2459 = FACE_BOUND('',#2460,.F.);
#2460 = EDGE_LOOP('',(#2461,#2471,#2478,#2479));
#2461 = ORIENTED_EDGE('',*,*,#2462,.F.);
#2462 = EDGE_CURVE('',#2463,#2465,#2467,.T.);
#2463 = VERTEX_POINT('',#2464);
#2464 = CARTESIAN_POINT('',(411.459,107.2,-17.33));
#2465 = VERTEX_POINT('',#2466);
#2466 = CARTESIAN_POINT('',(411.459,107.2,-12.7));
#2467 = LINE('',#2468,#2469);
#2468 = CARTESIAN_POINT('',(411.459,107.2,-17.33));
#2469 = VECTOR('',#2470,1.);
#2470 = DIRECTION('',(0.,0.,1.));
#2471 = ORIENTED_EDGE('',*,*,#2472,.T.);
#2472 = EDGE_CURVE('',#2463,#2433,#2473,.T.);
#2473 = CIRCLE('',#2474,3.174);
#2474 = AXIS2_PLACEMENT_3D('',#2475,#2476,#2477);
#2475 = CARTESIAN_POINT('',(411.459,104.026,-17.33));
#2476 = DIRECTION('',(0.,0.,1.));
#2477 = DIRECTION('',(-1.,-2.22044604925E-16,0.));
#2478 = ORIENTED_EDGE('',*,*,#2440,.T.);
#2479 = ORIENTED_EDGE('',*,*,#2480,.F.);
#2480 = EDGE_CURVE('',#2465,#2441,#2481,.T.);
#2481 = CIRCLE('',#2482,3.174);
#2482 = AXIS2_PLACEMENT_3D('',#2483,#2484,#2485);
#2483 = CARTESIAN_POINT('',(411.459,104.026,-12.7));
#2484 = DIRECTION('',(0.,0.,1.));
#2485 = DIRECTION('',(-2.22044604925E-16,1.,0.));
#2486 = CYLINDRICAL_SURFACE('',#2487,3.174);
#2487 = AXIS2_PLACEMENT_3D('',#2488,#2489,#2490);
#2488 = CARTESIAN_POINT('',(411.459,104.026,-17.33));
#2489 = DIRECTION('',(0.,0.,1.));
#2490 = DIRECTION('',(-2.22044604925E-16,1.,0.));
#2491 = ADVANCED_FACE('',(#2492),#2517,.T.);
#2492 = FACE_BOUND('',#2493,.T.);
#2493 = EDGE_LOOP('',(#2494,#2504,#2510,#2511));
#2494 = ORIENTED_EDGE('',*,*,#2495,.T.);
#2495 = EDGE_CURVE('',#2496,#2498,#2500,.T.);
#2496 = VERTEX_POINT('',#2497);
#2497 = CARTESIAN_POINT('',(451.111,107.2,-17.33));
#2498 = VERTEX_POINT('',#2499);
#2499 = CARTESIAN_POINT('',(451.111,107.2,-12.7));
#2500 = LINE('',#2501,#2502);
#2501 = CARTESIAN_POINT('',(451.111,107.2,-17.33));
#2502 = VECTOR('',#2503,1.);
#2503 = DIRECTION('',(0.,0.,1.));
#2504 = ORIENTED_EDGE('',*,*,#2505,.F.);
#2505 = EDGE_CURVE('',#2465,#2498,#2506,.T.);
#2506 = LINE('',#2507,#2508);
#2507 = CARTESIAN_POINT('',(205.73,107.2,-12.7));
#2508 = VECTOR('',#2509,1.);
#2509 = DIRECTION('',(1.,2.22044604925E-16,-0.));
#2510 = ORIENTED_EDGE('',*,*,#2462,.F.);
#2511 = ORIENTED_EDGE('',*,*,#2512,.T.);
#2512 = EDGE_CURVE('',#2463,#2496,#2513,.T.);
#2513 = LINE('',#2514,#2515);
#2514 = CARTESIAN_POINT('',(408.285,107.2,-17.33));
#2515 = VECTOR('',#2516,1.);
#2516 = DIRECTION('',(1.,2.22044604925E-16,0.));
#2517 = PLANE('',#2518);
#2518 = AXIS2_PLACEMENT_3D('',#2519,#2520,#2521);
#2519 = CARTESIAN_POINT('',(408.285,107.2,-17.33));
#2520 = DIRECTION('',(2.22044604925E-16,-1.,0.));
#2521 = DIRECTION('',(0.,0.,1.));
#2522 = ADVANCED_FACE('',(#2523),#2550,.F.);
#2523 = FACE_BOUND('',#2524,.T.);
#2524 = EDGE_LOOP('',(#2525,#2526,#2535,#2543));
#2525 = ORIENTED_EDGE('',*,*,#2495,.F.);
#2526 = ORIENTED_EDGE('',*,*,#2527,.T.);
#2527 = EDGE_CURVE('',#2496,#2528,#2530,.T.);
#2528 = VERTEX_POINT('',#2529);
#2529 = CARTESIAN_POINT('',(454.285,104.026,-17.33));
#2530 = CIRCLE('',#2531,3.174);
#2531 = AXIS2_PLACEMENT_3D('',#2532,#2533,#2534);
#2532 = CARTESIAN_POINT('',(451.111,104.026,-17.33));
#2533 = DIRECTION('',(-0.,0.,-1.));
#2534 = DIRECTION('',(-1.,-2.22044604925E-16,0.));
#2535 = ORIENTED_EDGE('',*,*,#2536,.T.);
#2536 = EDGE_CURVE('',#2528,#2537,#2539,.T.);
#2537 = VERTEX_POINT('',#2538);
#2538 = CARTESIAN_POINT('',(454.285,104.026,-12.7));
#2539 = LINE('',#2540,#2541);
#2540 = CARTESIAN_POINT('',(454.285,104.026,-17.33));
#2541 = VECTOR('',#2542,1.);
#2542 = DIRECTION('',(0.,0.,1.));
#2543 = ORIENTED_EDGE('',*,*,#2544,.T.);
#2544 = EDGE_CURVE('',#2537,#2498,#2545,.T.);
#2545 = CIRCLE('',#2546,3.174);
#2546 = AXIS2_PLACEMENT_3D('',#2547,#2548,#2549);
#2547 = CARTESIAN_POINT('',(451.111,104.026,-12.7));
#2548 = DIRECTION('',(0.,0.,1.));
#2549 = DIRECTION('',(-2.22044604925E-16,1.,0.));
#2550 = CYLINDRICAL_SURFACE('',#2551,3.174);
#2551 = AXIS2_PLACEMENT_3D('',#2552,#2553,#2554);
#2552 = CARTESIAN_POINT('',(451.111,104.026,-17.33));
#2553 = DIRECTION('',(0.,0.,1.));
#2554 = DIRECTION('',(-2.22044604925E-16,1.,0.));
#2555 = ADVANCED_FACE('',(#2556),#2581,.F.);
#2556 = FACE_BOUND('',#2557,.F.);
#2557 = EDGE_LOOP('',(#2558,#2568,#2574,#2575));
#2558 = ORIENTED_EDGE('',*,*,#2559,.F.);
#2559 = EDGE_CURVE('',#2560,#2562,#2564,.T.);
#2560 = VERTEX_POINT('',#2561);
#2561 = CARTESIAN_POINT('',(454.285,48.374,-17.33));
#2562 = VERTEX_POINT('',#2563);
#2563 = CARTESIAN_POINT('',(454.285,48.374,-12.7));
#2564 = LINE('',#2565,#2566);
#2565 = CARTESIAN_POINT('',(454.285,48.374,-17.33));
#2566 = VECTOR('',#2567,1.);
#2567 = DIRECTION('',(0.,0.,1.));
#2568 = ORIENTED_EDGE('',*,*,#2569,.F.);
#2569 = EDGE_CURVE('',#2528,#2560,#2570,.T.);
#2570 = LINE('',#2571,#2572);
#2571 = CARTESIAN_POINT('',(454.285,107.2,-17.33));
#2572 = VECTOR('',#2573,1.);
#2573 = DIRECTION('',(2.22044604925E-16,-1.,0.));
#2574 = ORIENTED_EDGE('',*,*,#2536,.T.);
#2575 = ORIENTED_EDGE('',*,*,#2576,.F.);
#2576 = EDGE_CURVE('',#2562,#2537,#2577,.T.);
#2577 = LINE('',#2578,#2579);
#2578 = CARTESIAN_POINT('',(454.285,55.1875,-12.7));
#2579 = VECTOR('',#2580,1.);
#2580 = DIRECTION('',(-2.22044604925E-16,1.,0.));
#2581 = PLANE('',#2582);
#2582 = AXIS2_PLACEMENT_3D('',#2583,#2584,#2585);
#2583 = CARTESIAN_POINT('',(454.285,107.2,-17.33));
#2584 = DIRECTION('',(1.,2.22044604925E-16,0.));
#2585 = DIRECTION('',(0.,0.,1.));
#2586 = ADVANCED_FACE('',(#2587),#2605,.F.);
#2587 = FACE_BOUND('',#2588,.F.);
#2588 = EDGE_LOOP('',(#2589,#2590,#2597,#2598));
#2589 = ORIENTED_EDGE('',*,*,#2358,.F.);
#2590 = ORIENTED_EDGE('',*,*,#2591,.T.);
#2591 = EDGE_CURVE('',#2359,#2560,#2592,.T.);
#2592 = CIRCLE('',#2593,3.174);
#2593 = AXIS2_PLACEMENT_3D('',#2594,#2595,#2596);
#2594 = CARTESIAN_POINT('',(451.111,48.374,-17.33));
#2595 = DIRECTION('',(0.,0.,1.));
#2596 = DIRECTION('',(-1.,-2.22044604925E-16,0.));
#2597 = ORIENTED_EDGE('',*,*,#2559,.T.);
#2598 = ORIENTED_EDGE('',*,*,#2599,.F.);
#2599 = EDGE_CURVE('',#2361,#2562,#2600,.T.);
#2600 = CIRCLE('',#2601,3.174);
#2601 = AXIS2_PLACEMENT_3D('',#2602,#2603,#2604);
#2602 = CARTESIAN_POINT('',(451.111,48.374,-12.7));
#2603 = DIRECTION('',(0.,0.,1.));
#2604 = DIRECTION('',(2.22044604925E-16,-1.,0.));
#2605 = CYLINDRICAL_SURFACE('',#2606,3.174);
#2606 = AXIS2_PLACEMENT_3D('',#2607,#2608,#2609);
#2607 = CARTESIAN_POINT('',(451.111,48.374,-17.33));
#2608 = DIRECTION('',(0.,0.,1.));
#2609 = DIRECTION('',(2.22044604925E-16,-1.,0.));
#2610 = ADVANCED_FACE('',(#2611,#2621,#2632,#2643,#2654),#2665,.T.);
#2611 = FACE_BOUND('',#2612,.T.);
#2612 = EDGE_LOOP('',(#2613,#2614,#2615,#2616,#2617,#2618,#2619,#2620));
#2613 = ORIENTED_EDGE('',*,*,#2384,.T.);
#2614 = ORIENTED_EDGE('',*,*,#2591,.T.);
#2615 = ORIENTED_EDGE('',*,*,#2569,.F.);
#2616 = ORIENTED_EDGE('',*,*,#2527,.F.);
#2617 = ORIENTED_EDGE('',*,*,#2512,.F.);
#2618 = ORIENTED_EDGE('',*,*,#2472,.T.);
#2619 = ORIENTED_EDGE('',*,*,#2432,.T.);
#2620 = ORIENTED_EDGE('',*,*,#2408,.T.);
#2621 = FACE_BOUND('',#2622,.T.);
#2622 = EDGE_LOOP('',(#2623));
#2623 = ORIENTED_EDGE('',*,*,#2624,.T.);
#2624 = EDGE_CURVE('',#2625,#2625,#2627,.T.);
#2625 = VERTEX_POINT('',#2626);
#2626 = CARTESIAN_POINT('',(414.285,100.7872,-17.33));
#2627 = CIRCLE('',#2628,1.7272);
#2628 = AXIS2_PLACEMENT_3D('',#2629,#2630,#2631);
#2629 = CARTESIAN_POINT('',(414.285,99.06,-17.33));
#2630 = DIRECTION('',(0.,0.,-1.));
#2631 = DIRECTION('',(-2.22044604925E-16,1.,0.));
#2632 = FACE_BOUND('',#2633,.T.);
#2633 = EDGE_LOOP('',(#2634));
#2634 = ORIENTED_EDGE('',*,*,#2635,.T.);
#2635 = EDGE_CURVE('',#2636,#2636,#2638,.T.);
#2636 = VERTEX_POINT('',#2637);
#2637 = CARTESIAN_POINT('',(414.285,55.0672,-17.33));
#2638 = CIRCLE('',#2639,1.7272);
#2639 = AXIS2_PLACEMENT_3D('',#2640,#2641,#2642);
#2640 = CARTESIAN_POINT('',(414.285,53.34,-17.33));
#2641 = DIRECTION('',(0.,0.,-1.));
#2642 = DIRECTION('',(-2.22044604925E-16,1.,0.));
#2643 = FACE_BOUND('',#2644,.T.);
#2644 = EDGE_LOOP('',(#2645));
#2645 = ORIENTED_EDGE('',*,*,#2646,.T.);
#2646 = EDGE_CURVE('',#2647,#2647,#2649,.T.);
#2647 = VERTEX_POINT('',#2648);
#2648 = CARTESIAN_POINT('',(448.285,100.7872,-17.33));
#2649 = CIRCLE('',#2650,1.7272);
#2650 = AXIS2_PLACEMENT_3D('',#2651,#2652,#2653);
#2651 = CARTESIAN_POINT('',(448.285,99.06,-17.33));
#2652 = DIRECTION('',(0.,0.,-1.));
#2653 = DIRECTION('',(-2.22044604925E-16,1.,0.));
#2654 = FACE_BOUND('',#2655,.T.);
#2655 = EDGE_LOOP('',(#2656));
#2656 = ORIENTED_EDGE('',*,*,#2657,.T.);
#2657 = EDGE_CURVE('',#2658,#2658,#2660,.T.);
#2658 = VERTEX_POINT('',#2659);
#2659 = CARTESIAN_POINT('',(448.285,55.0672,-17.33));
#2660 = CIRCLE('',#2661,1.7272);
#2661 = AXIS2_PLACEMENT_3D('',#2662,#2663,#2664);
#2662 = CARTESIAN_POINT('',(448.285,53.34,-17.33));
#2663 = DIRECTION('',(0.,0.,-1.));
#2664 = DIRECTION('',(-2.22044604925E-16,1.,0.));
#2665 = PLANE('',#2666);
#2666 = AXIS2_PLACEMENT_3D('',#2667,#2668,#2669);
#2667 = CARTESIAN_POINT('',(408.285,107.2,-17.33));
#2668 = DIRECTION('',(0.,0.,1.));
#2669 = DIRECTION('',(2.22044604925E-16,-1.,0.));
#2670 = ADVANCED_FACE('',(#2671),#2698,.F.);
#2671 = FACE_BOUND('',#2672,.F.);
#2672 = EDGE_LOOP('',(#2673,#2682,#2690,#2697));
#2673 = ORIENTED_EDGE('',*,*,#2674,.F.);
#2674 = EDGE_CURVE('',#2675,#2675,#2677,.T.);
#2675 = VERTEX_POINT('',#2676);
#2676 = CARTESIAN_POINT('',(589.75625,12.7,-22.7));
#2677 = CIRCLE('',#2678,7.14375);
#2678 = AXIS2_PLACEMENT_3D('',#2679,#2680,#2681);
#2679 = CARTESIAN_POINT('',(596.9,12.7,-22.7));
#2680 = DIRECTION('',(0.,0.,-1.));
#2681 = DIRECTION('',(-1.,0.,0.));
#2682 = ORIENTED_EDGE('',*,*,#2683,.F.);
#2683 = EDGE_CURVE('',#2684,#2675,#2686,.T.);
#2684 = VERTEX_POINT('',#2685);
#2685 = CARTESIAN_POINT('',(589.75625,12.7,-12.7));
#2686 = LINE('',#2687,#2688);
#2687 = CARTESIAN_POINT('',(589.75625,12.7,-12.7));
#2688 = VECTOR('',#2689,1.);
#2689 = DIRECTION('',(0.,0.,-1.));
#2690 = ORIENTED_EDGE('',*,*,#2691,.T.);
#2691 = EDGE_CURVE('',#2684,#2684,#2692,.T.);
#2692 = CIRCLE('',#2693,7.14375);
#2693 = AXIS2_PLACEMENT_3D('',#2694,#2695,#2696);
#2694 = CARTESIAN_POINT('',(596.9,12.7,-12.7));
#2695 = DIRECTION('',(0.,0.,-1.));
#2696 = DIRECTION('',(-1.,0.,0.));
#2697 = ORIENTED_EDGE('',*,*,#2683,.T.);
#2698 = CYLINDRICAL_SURFACE('',#2699,7.14375);
#2699 = AXIS2_PLACEMENT_3D('',#2700,#2701,#2702);
#2700 = CARTESIAN_POINT('',(596.9,12.7,-12.7));
#2701 = DIRECTION('',(0.,0.,-1.));
#2702 = DIRECTION('',(-1.,0.,0.));
#2703 = ADVANCED_FACE('',(#2704,#2707),#2718,.F.);
#2704 = FACE_BOUND('',#2705,.F.);
#2705 = EDGE_LOOP('',(#2706));
#2706 = ORIENTED_EDGE('',*,*,#2674,.T.);
#2707 = FACE_BOUND('',#2708,.F.);
#2708 = EDGE_LOOP('',(#2709));
#2709 = ORIENTED_EDGE('',*,*,#2710,.F.);
#2710 = EDGE_CURVE('',#2711,#2711,#2713,.T.);
#2711 = VERTEX_POINT('',#2712);
#2712 = CARTESIAN_POINT('',(593.598,12.7,-22.7));
#2713 = CIRCLE('',#2714,3.302);
#2714 = AXIS2_PLACEMENT_3D('',#2715,#2716,#2717);
#2715 = CARTESIAN_POINT('',(596.9,12.7,-22.7));
#2716 = DIRECTION('',(0.,0.,-1.));
#2717 = DIRECTION('',(-1.,0.,0.));
#2718 = PLANE('',#2719);
#2719 = AXIS2_PLACEMENT_3D('',#2720,#2721,#2722);
#2720 = CARTESIAN_POINT('',(596.9,12.7,-22.7));
#2721 = DIRECTION('',(0.,0.,-1.));
#2722 = DIRECTION('',(-1.,0.,0.));
#2723 = ADVANCED_FACE('',(#2724),#2751,.F.);
#2724 = FACE_BOUND('',#2725,.F.);
#2725 = EDGE_LOOP('',(#2726,#2735,#2743,#2750));
#2726 = ORIENTED_EDGE('',*,*,#2727,.F.);
#2727 = EDGE_CURVE('',#2728,#2728,#2730,.T.);
#2728 = VERTEX_POINT('',#2729);
#2729 = CARTESIAN_POINT('',(386.55625,25.4,-22.7));
#2730 = CIRCLE('',#2731,7.14375);
#2731 = AXIS2_PLACEMENT_3D('',#2732,#2733,#2734);
#2732 = CARTESIAN_POINT('',(393.7,25.4,-22.7));
#2733 = DIRECTION('',(0.,0.,-1.));
#2734 = DIRECTION('',(-1.,0.,0.));
#2735 = ORIENTED_EDGE('',*,*,#2736,.F.);
#2736 = EDGE_CURVE('',#2737,#2728,#2739,.T.);
#2737 = VERTEX_POINT('',#2738);
#2738 = CARTESIAN_POINT('',(386.55625,25.4,-12.7));
#2739 = LINE('',#2740,#2741);
#2740 = CARTESIAN_POINT('',(386.55625,25.4,-12.7));
#2741 = VECTOR('',#2742,1.);
#2742 = DIRECTION('',(0.,0.,-1.));
#2743 = ORIENTED_EDGE('',*,*,#2744,.T.);
#2744 = EDGE_CURVE('',#2737,#2737,#2745,.T.);
#2745 = CIRCLE('',#2746,7.14375);
#2746 = AXIS2_PLACEMENT_3D('',#2747,#2748,#2749);
#2747 = CARTESIAN_POINT('',(393.7,25.4,-12.7));
#2748 = DIRECTION('',(0.,0.,-1.));
#2749 = DIRECTION('',(-1.,0.,0.));
#2750 = ORIENTED_EDGE('',*,*,#2736,.T.);
#2751 = CYLINDRICAL_SURFACE('',#2752,7.14375);
#2752 = AXIS2_PLACEMENT_3D('',#2753,#2754,#2755);
#2753 = CARTESIAN_POINT('',(393.7,25.4,-12.7));
#2754 = DIRECTION('',(0.,0.,-1.));
#2755 = DIRECTION('',(-1.,0.,0.));
#2756 = ADVANCED_FACE('',(#2757,#2760),#2771,.F.);
#2757 = FACE_BOUND('',#2758,.F.);
#2758 = EDGE_LOOP('',(#2759));
#2759 = ORIENTED_EDGE('',*,*,#2727,.T.);
#2760 = FACE_BOUND('',#2761,.F.);
#2761 = EDGE_LOOP('',(#2762));
#2762 = ORIENTED_EDGE('',*,*,#2763,.F.);
#2763 = EDGE_CURVE('',#2764,#2764,#2766,.T.);
#2764 = VERTEX_POINT('',#2765);
#2765 = CARTESIAN_POINT('',(390.398,25.4,-22.7));
#2766 = CIRCLE('',#2767,3.302);
#2767 = AXIS2_PLACEMENT_3D('',#2768,#2769,#2770);
#2768 = CARTESIAN_POINT('',(393.7,25.4,-22.7));
#2769 = DIRECTION('',(0.,0.,-1.));
#2770 = DIRECTION('',(-1.,0.,0.));
#2771 = PLANE('',#2772);
#2772 = AXIS2_PLACEMENT_3D('',#2773,#2774,#2775);
#2773 = CARTESIAN_POINT('',(393.7,25.4,-22.7));
#2774 = DIRECTION('',(0.,0.,-1.));
#2775 = DIRECTION('',(-1.,0.,0.));
#2776 = ADVANCED_FACE('',(#2777),#2811,.F.);
#2777 = FACE_BOUND('',#2778,.F.);
#2778 = EDGE_LOOP('',(#2779,#2789,#2797,#2805));
#2779 = ORIENTED_EDGE('',*,*,#2780,.F.);
#2780 = EDGE_CURVE('',#2781,#2783,#2785,.T.);
#2781 = VERTEX_POINT('',#2782);
#2782 = CARTESIAN_POINT('',(98.728,65.276,-12.7));
#2783 = VERTEX_POINT('',#2784);
#2784 = CARTESIAN_POINT('',(98.728,23.624,-12.7));
#2785 = LINE('',#2786,#2787);
#2786 = CARTESIAN_POINT('',(98.728,68.45,-12.7));
#2787 = VECTOR('',#2788,1.);
#2788 = DIRECTION('',(0.,-1.,0.));
#2789 = ORIENTED_EDGE('',*,*,#2790,.F.);
#2790 = EDGE_CURVE('',#2791,#2781,#2793,.T.);
#2791 = VERTEX_POINT('',#2792);
#2792 = CARTESIAN_POINT('',(98.728,65.276,-21.97));
#2793 = LINE('',#2794,#2795);
#2794 = CARTESIAN_POINT('',(98.728,65.276,-21.97));
#2795 = VECTOR('',#2796,1.);
#2796 = DIRECTION('',(0.,0.,1.));
#2797 = ORIENTED_EDGE('',*,*,#2798,.T.);
#2798 = EDGE_CURVE('',#2791,#2799,#2801,.T.);
#2799 = VERTEX_POINT('',#2800);
#2800 = CARTESIAN_POINT('',(98.728,23.624,-21.97));
#2801 = LINE('',#2802,#2803);
#2802 = CARTESIAN_POINT('',(98.728,68.45,-21.97));
#2803 = VECTOR('',#2804,1.);
#2804 = DIRECTION('',(0.,-1.,0.));
#2805 = ORIENTED_EDGE('',*,*,#2806,.T.);
#2806 = EDGE_CURVE('',#2799,#2783,#2807,.T.);
#2807 = LINE('',#2808,#2809);
#2808 = CARTESIAN_POINT('',(98.728,23.624,-21.97));
#2809 = VECTOR('',#2810,1.);
#2810 = DIRECTION('',(0.,0.,1.));
#2811 = PLANE('',#2812);
#2812 = AXIS2_PLACEMENT_3D('',#2813,#2814,#2815);
#2813 = CARTESIAN_POINT('',(98.728,68.45,-21.97));
#2814 = DIRECTION('',(-1.,0.,0.));
#2815 = DIRECTION('',(0.,0.,1.));
#2816 = ADVANCED_FACE('',(#2817),#2844,.F.);
#2817 = FACE_BOUND('',#2818,.F.);
#2818 = EDGE_LOOP('',(#2819,#2828,#2829,#2838));
#2819 = ORIENTED_EDGE('',*,*,#2820,.T.);
#2820 = EDGE_CURVE('',#2821,#2791,#2823,.T.);
#2821 = VERTEX_POINT('',#2822);
#2822 = CARTESIAN_POINT('',(101.902,68.45,-21.97));
#2823 = CIRCLE('',#2824,3.174);
#2824 = AXIS2_PLACEMENT_3D('',#2825,#2826,#2827);
#2825 = CARTESIAN_POINT('',(101.902,65.276,-21.97));
#2826 = DIRECTION('',(0.,-0.,1.));
#2827 = DIRECTION('',(0.,1.,0.));
#2828 = ORIENTED_EDGE('',*,*,#2790,.T.);
#2829 = ORIENTED_EDGE('',*,*,#2830,.F.);
#2830 = EDGE_CURVE('',#2831,#2781,#2833,.T.);
#2831 = VERTEX_POINT('',#2832);
#2832 = CARTESIAN_POINT('',(101.902,68.45,-12.7));
#2833 = CIRCLE('',#2834,3.174);
#2834 = AXIS2_PLACEMENT_3D('',#2835,#2836,#2837);
#2835 = CARTESIAN_POINT('',(101.902,65.276,-12.7));
#2836 = DIRECTION('',(0.,-0.,1.));
#2837 = DIRECTION('',(0.,1.,0.));
#2838 = ORIENTED_EDGE('',*,*,#2839,.F.);
#2839 = EDGE_CURVE('',#2821,#2831,#2840,.T.);
#2840 = LINE('',#2841,#2842);
#2841 = CARTESIAN_POINT('',(101.902,68.45,-21.97));
#2842 = VECTOR('',#2843,1.);
#2843 = DIRECTION('',(0.,0.,1.));
#2844 = CYLINDRICAL_SURFACE('',#2845,3.174);
#2845 = AXIS2_PLACEMENT_3D('',#2846,#2847,#2848);
#2846 = CARTESIAN_POINT('',(101.902,65.276,-21.97));
#2847 = DIRECTION('',(0.,0.,1.));
#2848 = DIRECTION('',(0.,1.,0.));
#2849 = ADVANCED_FACE('',(#2850),#2877,.F.);
#2850 = FACE_BOUND('',#2851,.F.);
#2851 = EDGE_LOOP('',(#2852,#2861,#2869,#2876));
#2852 = ORIENTED_EDGE('',*,*,#2853,.T.);
#2853 = EDGE_CURVE('',#2799,#2854,#2856,.T.);
#2854 = VERTEX_POINT('',#2855);
#2855 = CARTESIAN_POINT('',(101.902,20.45,-21.97));
#2856 = CIRCLE('',#2857,3.174);
#2857 = AXIS2_PLACEMENT_3D('',#2858,#2859,#2860);
#2858 = CARTESIAN_POINT('',(101.902,23.624,-21.97));
#2859 = DIRECTION('',(0.,-0.,1.));
#2860 = DIRECTION('',(0.,1.,0.));
#2861 = ORIENTED_EDGE('',*,*,#2862,.T.);
#2862 = EDGE_CURVE('',#2854,#2863,#2865,.T.);
#2863 = VERTEX_POINT('',#2864);
#2864 = CARTESIAN_POINT('',(101.902,20.45,-12.7));
#2865 = LINE('',#2866,#2867);
#2866 = CARTESIAN_POINT('',(101.902,20.45,-21.97));
#2867 = VECTOR('',#2868,1.);
#2868 = DIRECTION('',(0.,0.,1.));
#2869 = ORIENTED_EDGE('',*,*,#2870,.F.);
#2870 = EDGE_CURVE('',#2783,#2863,#2871,.T.);
#2871 = CIRCLE('',#2872,3.174);
#2872 = AXIS2_PLACEMENT_3D('',#2873,#2874,#2875);
#2873 = CARTESIAN_POINT('',(101.902,23.624,-12.7));
#2874 = DIRECTION('',(0.,-0.,1.));
#2875 = DIRECTION('',(0.,1.,0.));
#2876 = ORIENTED_EDGE('',*,*,#2806,.F.);
#2877 = CYLINDRICAL_SURFACE('',#2878,3.174);
#2878 = AXIS2_PLACEMENT_3D('',#2879,#2880,#2881);
#2879 = CARTESIAN_POINT('',(101.902,23.624,-21.97));
#2880 = DIRECTION('',(0.,0.,1.));
#2881 = DIRECTION('',(-1.,0.,0.));
#2882 = ADVANCED_FACE('',(#2883),#2908,.T.);
#2883 = FACE_BOUND('',#2884,.T.);
#2884 = EDGE_LOOP('',(#2885,#2893,#2901,#2907));
#2885 = ORIENTED_EDGE('',*,*,#2886,.F.);
#2886 = EDGE_CURVE('',#2887,#2821,#2889,.T.);
#2887 = VERTEX_POINT('',#2888);
#2888 = CARTESIAN_POINT('',(118.554,68.45,-21.97));
#2889 = LINE('',#2890,#2891);
#2890 = CARTESIAN_POINT('',(121.728,68.45,-21.97));
#2891 = VECTOR('',#2892,1.);
#2892 = DIRECTION('',(-1.,0.,0.));
#2893 = ORIENTED_EDGE('',*,*,#2894,.T.);
#2894 = EDGE_CURVE('',#2887,#2895,#2897,.T.);
#2895 = VERTEX_POINT('',#2896);
#2896 = CARTESIAN_POINT('',(118.554,68.45,-12.7));
#2897 = LINE('',#2898,#2899);
#2898 = CARTESIAN_POINT('',(118.554,68.45,-21.97));
#2899 = VECTOR('',#2900,1.);
#2900 = DIRECTION('',(0.,0.,1.));
#2901 = ORIENTED_EDGE('',*,*,#2902,.T.);
#2902 = EDGE_CURVE('',#2895,#2831,#2903,.T.);
#2903 = LINE('',#2904,#2905);
#2904 = CARTESIAN_POINT('',(121.728,68.45,-12.7));
#2905 = VECTOR('',#2906,1.);
#2906 = DIRECTION('',(-1.,0.,0.));
#2907 = ORIENTED_EDGE('',*,*,#2839,.F.);
#2908 = PLANE('',#2909);
#2909 = AXIS2_PLACEMENT_3D('',#2910,#2911,#2912);
#2910 = CARTESIAN_POINT('',(121.728,68.45,-21.97));
#2911 = DIRECTION('',(0.,-1.,0.));
#2912 = DIRECTION('',(0.,0.,1.));
#2913 = ADVANCED_FACE('',(#2914),#2939,.F.);
#2914 = FACE_BOUND('',#2915,.F.);
#2915 = EDGE_LOOP('',(#2916,#2924,#2932,#2938));
#2916 = ORIENTED_EDGE('',*,*,#2917,.F.);
#2917 = EDGE_CURVE('',#2918,#2854,#2920,.T.);
#2918 = VERTEX_POINT('',#2919);
#2919 = CARTESIAN_POINT('',(118.554,20.45,-21.97));
#2920 = LINE('',#2921,#2922);
#2921 = CARTESIAN_POINT('',(121.728,20.45,-21.97));
#2922 = VECTOR('',#2923,1.);
#2923 = DIRECTION('',(-1.,0.,0.));
#2924 = ORIENTED_EDGE('',*,*,#2925,.T.);
#2925 = EDGE_CURVE('',#2918,#2926,#2928,.T.);
#2926 = VERTEX_POINT('',#2927);
#2927 = CARTESIAN_POINT('',(118.554,20.45,-12.7));
#2928 = LINE('',#2929,#2930);
#2929 = CARTESIAN_POINT('',(118.554,20.45,-21.97));
#2930 = VECTOR('',#2931,1.);
#2931 = DIRECTION('',(0.,0.,1.));
#2932 = ORIENTED_EDGE('',*,*,#2933,.T.);
#2933 = EDGE_CURVE('',#2926,#2863,#2934,.T.);
#2934 = LINE('',#2935,#2936);
#2935 = CARTESIAN_POINT('',(121.728,20.45,-12.7));
#2936 = VECTOR('',#2937,1.);
#2937 = DIRECTION('',(-1.,0.,0.));
#2938 = ORIENTED_EDGE('',*,*,#2862,.F.);
#2939 = PLANE('',#2940);
#2940 = AXIS2_PLACEMENT_3D('',#2941,#2942,#2943);
#2941 = CARTESIAN_POINT('',(121.728,20.45,-21.97));
#2942 = DIRECTION('',(0.,-1.,0.));
#2943 = DIRECTION('',(0.,0.,1.));
#2944 = ADVANCED_FACE('',(#2945),#2972,.F.);
#2945 = FACE_BOUND('',#2946,.F.);
#2946 = EDGE_LOOP('',(#2947,#2956,#2957,#2966));
#2947 = ORIENTED_EDGE('',*,*,#2948,.T.);
#2948 = EDGE_CURVE('',#2949,#2887,#2951,.T.);
#2949 = VERTEX_POINT('',#2950);
#2950 = CARTESIAN_POINT('',(121.728,65.276,-21.97));
#2951 = CIRCLE('',#2952,3.174);
#2952 = AXIS2_PLACEMENT_3D('',#2953,#2954,#2955);
#2953 = CARTESIAN_POINT('',(118.554,65.276,-21.97));
#2954 = DIRECTION('',(0.,-0.,1.));
#2955 = DIRECTION('',(0.,1.,0.));
#2956 = ORIENTED_EDGE('',*,*,#2894,.T.);
#2957 = ORIENTED_EDGE('',*,*,#2958,.F.);
#2958 = EDGE_CURVE('',#2959,#2895,#2961,.T.);
#2959 = VERTEX_POINT('',#2960);
#2960 = CARTESIAN_POINT('',(121.728,65.276,-12.7));
#2961 = CIRCLE('',#2962,3.174);
#2962 = AXIS2_PLACEMENT_3D('',#2963,#2964,#2965);
#2963 = CARTESIAN_POINT('',(118.554,65.276,-12.7));
#2964 = DIRECTION('',(0.,-0.,1.));
#2965 = DIRECTION('',(0.,1.,0.));
#2966 = ORIENTED_EDGE('',*,*,#2967,.F.);
#2967 = EDGE_CURVE('',#2949,#2959,#2968,.T.);
#2968 = LINE('',#2969,#2970);
#2969 = CARTESIAN_POINT('',(121.728,65.276,-21.97));
#2970 = VECTOR('',#2971,1.);
#2971 = DIRECTION('',(0.,0.,1.));
#2972 = CYLINDRICAL_SURFACE('',#2973,3.174);
#2973 = AXIS2_PLACEMENT_3D('',#2974,#2975,#2976);
#2974 = CARTESIAN_POINT('',(118.554,65.276,-21.97));
#2975 = DIRECTION('',(0.,0.,1.));
#2976 = DIRECTION('',(1.,0.,0.));
#2977 = ADVANCED_FACE('',(#2978),#3005,.F.);
#2978 = FACE_BOUND('',#2979,.T.);
#2979 = EDGE_LOOP('',(#2980,#2989,#2990,#2999));
#2980 = ORIENTED_EDGE('',*,*,#2981,.T.);
#2981 = EDGE_CURVE('',#2982,#2918,#2984,.T.);
#2982 = VERTEX_POINT('',#2983);
#2983 = CARTESIAN_POINT('',(121.728,23.624,-21.97));
#2984 = CIRCLE('',#2985,3.174);
#2985 = AXIS2_PLACEMENT_3D('',#2986,#2987,#2988);
#2986 = CARTESIAN_POINT('',(118.554,23.624,-21.97));
#2987 = DIRECTION('',(0.,0.,-1.));
#2988 = DIRECTION('',(0.,1.,0.));
#2989 = ORIENTED_EDGE('',*,*,#2925,.T.);
#2990 = ORIENTED_EDGE('',*,*,#2991,.F.);
#2991 = EDGE_CURVE('',#2992,#2926,#2994,.T.);
#2992 = VERTEX_POINT('',#2993);
#2993 = CARTESIAN_POINT('',(121.728,23.624,-12.7));
#2994 = CIRCLE('',#2995,3.174);
#2995 = AXIS2_PLACEMENT_3D('',#2996,#2997,#2998);
#2996 = CARTESIAN_POINT('',(118.554,23.624,-12.7));
#2997 = DIRECTION('',(0.,0.,-1.));
#2998 = DIRECTION('',(0.,1.,0.));
#2999 = ORIENTED_EDGE('',*,*,#3000,.F.);
#3000 = EDGE_CURVE('',#2982,#2992,#3001,.T.);
#3001 = LINE('',#3002,#3003);
#3002 = CARTESIAN_POINT('',(121.728,23.624,-21.97));
#3003 = VECTOR('',#3004,1.);
#3004 = DIRECTION('',(0.,0.,1.));
#3005 = CYLINDRICAL_SURFACE('',#3006,3.174);
#3006 = AXIS2_PLACEMENT_3D('',#3007,#3008,#3009);
#3007 = CARTESIAN_POINT('',(118.554,23.624,-21.97));
#3008 = DIRECTION('',(0.,0.,1.));
#3009 = DIRECTION('',(1.,0.,0.));
#3010 = ADVANCED_FACE('',(#3011),#3027,.T.);
#3011 = FACE_BOUND('',#3012,.T.);
#3012 = EDGE_LOOP('',(#3013,#3019,#3020,#3026));
#3013 = ORIENTED_EDGE('',*,*,#3014,.F.);
#3014 = EDGE_CURVE('',#2959,#2992,#3015,.T.);
#3015 = LINE('',#3016,#3017);
#3016 = CARTESIAN_POINT('',(121.728,68.45,-12.7));
#3017 = VECTOR('',#3018,1.);
#3018 = DIRECTION('',(0.,-1.,0.));
#3019 = ORIENTED_EDGE('',*,*,#2967,.F.);
#3020 = ORIENTED_EDGE('',*,*,#3021,.T.);
#3021 = EDGE_CURVE('',#2949,#2982,#3022,.T.);
#3022 = LINE('',#3023,#3024);
#3023 = CARTESIAN_POINT('',(121.728,68.45,-21.97));
#3024 = VECTOR('',#3025,1.);
#3025 = DIRECTION('',(0.,-1.,0.));
#3026 = ORIENTED_EDGE('',*,*,#3000,.T.);
#3027 = PLANE('',#3028);
#3028 = AXIS2_PLACEMENT_3D('',#3029,#3030,#3031);
#3029 = CARTESIAN_POINT('',(121.728,68.45,-21.97));
#3030 = DIRECTION('',(-1.,0.,0.));
#3031 = DIRECTION('',(0.,0.,1.));
#3032 = ADVANCED_FACE('',(#3033,#3043,#3054),#3065,.T.);
#3033 = FACE_BOUND('',#3034,.T.);
#3034 = EDGE_LOOP('',(#3035,#3036,#3037,#3038,#3039,#3040,#3041,#3042));
#3035 = ORIENTED_EDGE('',*,*,#2798,.T.);
#3036 = ORIENTED_EDGE('',*,*,#2853,.T.);
#3037 = ORIENTED_EDGE('',*,*,#2917,.F.);
#3038 = ORIENTED_EDGE('',*,*,#2981,.F.);
#3039 = ORIENTED_EDGE('',*,*,#3021,.F.);
#3040 = ORIENTED_EDGE('',*,*,#2948,.T.);
#3041 = ORIENTED_EDGE('',*,*,#2886,.T.);
#3042 = ORIENTED_EDGE('',*,*,#2820,.T.);
#3043 = FACE_BOUND('',#3044,.T.);
#3044 = EDGE_LOOP('',(#3045));
#3045 = ORIENTED_EDGE('',*,*,#3046,.T.);
#3046 = EDGE_CURVE('',#3047,#3047,#3049,.T.);
#3047 = VERTEX_POINT('',#3048);
#3048 = CARTESIAN_POINT('',(111.9552,56.95,-21.97));
#3049 = CIRCLE('',#3050,1.7272);
#3050 = AXIS2_PLACEMENT_3D('',#3051,#3052,#3053);
#3051 = CARTESIAN_POINT('',(110.228,56.95,-21.97));
#3052 = DIRECTION('',(0.,0.,-1.));
#3053 = DIRECTION('',(1.,-0.,0.));
#3054 = FACE_BOUND('',#3055,.T.);
#3055 = EDGE_LOOP('',(#3056));
#3056 = ORIENTED_EDGE('',*,*,#3057,.T.);
#3057 = EDGE_CURVE('',#3058,#3058,#3060,.T.);
#3058 = VERTEX_POINT('',#3059);
#3059 = CARTESIAN_POINT('',(111.9552,31.95,-21.97));
#3060 = CIRCLE('',#3061,1.7272);
#3061 = AXIS2_PLACEMENT_3D('',#3062,#3063,#3064);
#3062 = CARTESIAN_POINT('',(110.228,31.95,-21.97));
#3063 = DIRECTION('',(0.,0.,-1.));
#3064 = DIRECTION('',(1.,-0.,0.));
#3065 = PLANE('',#3066);
#3066 = AXIS2_PLACEMENT_3D('',#3067,#3068,#3069);
#3067 = CARTESIAN_POINT('',(121.728,68.45,-21.97));
#3068 = DIRECTION('',(0.,0.,1.));
#3069 = DIRECTION('',(-1.,0.,0.));
#3070 = ADVANCED_FACE('',(#3071),#3105,.F.);
#3071 = FACE_BOUND('',#3072,.F.);
#3072 = EDGE_LOOP('',(#3073,#3083,#3091,#3099));
#3073 = ORIENTED_EDGE('',*,*,#3074,.T.);
#3074 = EDGE_CURVE('',#3075,#3077,#3079,.T.);
#3075 = VERTEX_POINT('',#3076);
#3076 = CARTESIAN_POINT('',(47.576,35.45,-14.05));
#3077 = VERTEX_POINT('',#3078);
#3078 = CARTESIAN_POINT('',(47.576,35.45,-12.7));
#3079 = LINE('',#3080,#3081);
#3080 = CARTESIAN_POINT('',(47.576,35.45,-14.05));
#3081 = VECTOR('',#3082,1.);
#3082 = DIRECTION('',(0.,0.,1.));
#3083 = ORIENTED_EDGE('',*,*,#3084,.F.);
#3084 = EDGE_CURVE('',#3085,#3077,#3087,.T.);
#3085 = VERTEX_POINT('',#3086);
#3086 = CARTESIAN_POINT('',(15.924,35.45,-12.7));
#3087 = LINE('',#3088,#3089);
#3088 = CARTESIAN_POINT('',(7.9625,35.45,-12.7));
#3089 = VECTOR('',#3090,1.);
#3090 = DIRECTION('',(1.,2.22044604925E-16,-0.));
#3091 = ORIENTED_EDGE('',*,*,#3092,.F.);
#3092 = EDGE_CURVE('',#3093,#3085,#3095,.T.);
#3093 = VERTEX_POINT('',#3094);
#3094 = CARTESIAN_POINT('',(15.924,35.45,-14.05));
#3095 = LINE('',#3096,#3097);
#3096 = CARTESIAN_POINT('',(15.924,35.45,-14.05));
#3097 = VECTOR('',#3098,1.);
#3098 = DIRECTION('',(0.,0.,1.));
#3099 = ORIENTED_EDGE('',*,*,#3100,.T.);
#3100 = EDGE_CURVE('',#3093,#3075,#3101,.T.);
#3101 = LINE('',#3102,#3103);
#3102 = CARTESIAN_POINT('',(12.75,35.45,-14.05));
#3103 = VECTOR('',#3104,1.);
#3104 = DIRECTION('',(1.,2.22044604925E-16,0.));
#3105 = PLANE('',#3106);
#3106 = AXIS2_PLACEMENT_3D('',#3107,#3108,#3109);
#3107 = CARTESIAN_POINT('',(12.75,35.45,-14.05));
#3108 = DIRECTION('',(2.22044604925E-16,-1.,0.));
#3109 = DIRECTION('',(0.,0.,1.));
#3110 = ADVANCED_FACE('',(#3111),#3138,.F.);
#3111 = FACE_BOUND('',#3112,.F.);
#3112 = EDGE_LOOP('',(#3113,#3123,#3130,#3131));
#3113 = ORIENTED_EDGE('',*,*,#3114,.F.);
#3114 = EDGE_CURVE('',#3115,#3117,#3119,.T.);
#3115 = VERTEX_POINT('',#3116);
#3116 = CARTESIAN_POINT('',(12.75,38.624,-14.05));
#3117 = VERTEX_POINT('',#3118);
#3118 = CARTESIAN_POINT('',(12.75,38.624,-12.7));
#3119 = LINE('',#3120,#3121);
#3120 = CARTESIAN_POINT('',(12.75,38.624,-14.05));
#3121 = VECTOR('',#3122,1.);
#3122 = DIRECTION('',(0.,0.,1.));
#3123 = ORIENTED_EDGE('',*,*,#3124,.T.);
#3124 = EDGE_CURVE('',#3115,#3093,#3125,.T.);
#3125 = CIRCLE('',#3126,3.174);
#3126 = AXIS2_PLACEMENT_3D('',#3127,#3128,#3129);
#3127 = CARTESIAN_POINT('',(15.924,38.624,-14.05));
#3128 = DIRECTION('',(0.,0.,1.));
#3129 = DIRECTION('',(-1.,-2.22044604925E-16,0.));
#3130 = ORIENTED_EDGE('',*,*,#3092,.T.);
#3131 = ORIENTED_EDGE('',*,*,#3132,.F.);
#3132 = EDGE_CURVE('',#3117,#3085,#3133,.T.);
#3133 = CIRCLE('',#3134,3.174);
#3134 = AXIS2_PLACEMENT_3D('',#3135,#3136,#3137);
#3135 = CARTESIAN_POINT('',(15.924,38.624,-12.7));
#3136 = DIRECTION('',(0.,0.,1.));
#3137 = DIRECTION('',(-1.,-2.22044604925E-16,0.));
#3138 = CYLINDRICAL_SURFACE('',#3139,3.174);
#3139 = AXIS2_PLACEMENT_3D('',#3140,#3141,#3142);
#3140 = CARTESIAN_POINT('',(15.924,38.624,-14.05));
#3141 = DIRECTION('',(0.,0.,1.));
#3142 = DIRECTION('',(-1.,-2.22044604925E-16,0.));
#3143 = ADVANCED_FACE('',(#3144),#3171,.F.);
#3144 = FACE_BOUND('',#3145,.F.);
#3145 = EDGE_LOOP('',(#3146,#3147,#3156,#3164));
#3146 = ORIENTED_EDGE('',*,*,#3074,.F.);
#3147 = ORIENTED_EDGE('',*,*,#3148,.T.);
#3148 = EDGE_CURVE('',#3075,#3149,#3151,.T.);
#3149 = VERTEX_POINT('',#3150);
#3150 = CARTESIAN_POINT('',(50.75,38.624,-14.05));
#3151 = CIRCLE('',#3152,3.174);
#3152 = AXIS2_PLACEMENT_3D('',#3153,#3154,#3155);
#3153 = CARTESIAN_POINT('',(47.576,38.624,-14.05));
#3154 = DIRECTION('',(0.,0.,1.));
#3155 = DIRECTION('',(-1.,-2.22044604925E-16,0.));
#3156 = ORIENTED_EDGE('',*,*,#3157,.T.);
#3157 = EDGE_CURVE('',#3149,#3158,#3160,.T.);
#3158 = VERTEX_POINT('',#3159);
#3159 = CARTESIAN_POINT('',(50.75,38.624,-12.7));
#3160 = LINE('',#3161,#3162);
#3161 = CARTESIAN_POINT('',(50.75,38.624,-14.05));
#3162 = VECTOR('',#3163,1.);
#3163 = DIRECTION('',(0.,0.,1.));
#3164 = ORIENTED_EDGE('',*,*,#3165,.F.);
#3165 = EDGE_CURVE('',#3077,#3158,#3166,.T.);
#3166 = CIRCLE('',#3167,3.174);
#3167 = AXIS2_PLACEMENT_3D('',#3168,#3169,#3170);
#3168 = CARTESIAN_POINT('',(47.576,38.624,-12.7));
#3169 = DIRECTION('',(0.,0.,1.));
#3170 = DIRECTION('',(2.22044604925E-16,-1.,0.));
#3171 = CYLINDRICAL_SURFACE('',#3172,3.174);
#3172 = AXIS2_PLACEMENT_3D('',#3173,#3174,#3175);
#3173 = CARTESIAN_POINT('',(47.576,38.624,-14.05));
#3174 = DIRECTION('',(0.,0.,1.));
#3175 = DIRECTION('',(2.22044604925E-16,-1.,0.));
#3176 = ADVANCED_FACE('',(#3177),#3202,.T.);
#3177 = FACE_BOUND('',#3178,.T.);
#3178 = EDGE_LOOP('',(#3179,#3180,#3188,#3196));
#3179 = ORIENTED_EDGE('',*,*,#3114,.F.);
#3180 = ORIENTED_EDGE('',*,*,#3181,.F.);
#3181 = EDGE_CURVE('',#3182,#3115,#3184,.T.);
#3182 = VERTEX_POINT('',#3183);
#3183 = CARTESIAN_POINT('',(12.75,50.276,-14.05));
#3184 = LINE('',#3185,#3186);
#3185 = CARTESIAN_POINT('',(12.75,53.45,-14.05));
#3186 = VECTOR('',#3187,1.);
#3187 = DIRECTION('',(2.22044604925E-16,-1.,0.));
#3188 = ORIENTED_EDGE('',*,*,#3189,.T.);
#3189 = EDGE_CURVE('',#3182,#3190,#3192,.T.);
#3190 = VERTEX_POINT('',#3191);
#3191 = CARTESIAN_POINT('',(12.75,50.276,-12.7));
#3192 = LINE('',#3193,#3194);
#3193 = CARTESIAN_POINT('',(12.75,50.276,-14.05));
#3194 = VECTOR('',#3195,1.);
#3195 = DIRECTION('',(0.,0.,1.));
#3196 = ORIENTED_EDGE('',*,*,#3197,.F.);
#3197 = EDGE_CURVE('',#3117,#3190,#3198,.T.);
#3198 = LINE('',#3199,#3200);
#3199 = CARTESIAN_POINT('',(12.75,28.3125,-12.7));
#3200 = VECTOR('',#3201,1.);
#3201 = DIRECTION('',(-2.22044604925E-16,1.,0.));
#3202 = PLANE('',#3203);
#3203 = AXIS2_PLACEMENT_3D('',#3204,#3205,#3206);
#3204 = CARTESIAN_POINT('',(12.75,53.45,-14.05));
#3205 = DIRECTION('',(1.,2.22044604925E-16,0.));
#3206 = DIRECTION('',(0.,0.,1.));
#3207 = ADVANCED_FACE('',(#3208),#3233,.F.);
#3208 = FACE_BOUND('',#3209,.F.);
#3209 = EDGE_LOOP('',(#3210,#3211,#3219,#3227));
#3210 = ORIENTED_EDGE('',*,*,#3157,.F.);
#3211 = ORIENTED_EDGE('',*,*,#3212,.F.);
#3212 = EDGE_CURVE('',#3213,#3149,#3215,.T.);
#3213 = VERTEX_POINT('',#3214);
#3214 = CARTESIAN_POINT('',(50.75,50.276,-14.05));
#3215 = LINE('',#3216,#3217);
#3216 = CARTESIAN_POINT('',(50.75,53.45,-14.05));
#3217 = VECTOR('',#3218,1.);
#3218 = DIRECTION('',(2.22044604925E-16,-1.,0.));
#3219 = ORIENTED_EDGE('',*,*,#3220,.T.);
#3220 = EDGE_CURVE('',#3213,#3221,#3223,.T.);
#3221 = VERTEX_POINT('',#3222);
#3222 = CARTESIAN_POINT('',(50.75,50.276,-12.7));
#3223 = LINE('',#3224,#3225);
#3224 = CARTESIAN_POINT('',(50.75,50.276,-14.05));
#3225 = VECTOR('',#3226,1.);
#3226 = DIRECTION('',(0.,0.,1.));
#3227 = ORIENTED_EDGE('',*,*,#3228,.F.);
#3228 = EDGE_CURVE('',#3158,#3221,#3229,.T.);
#3229 = LINE('',#3230,#3231);
#3230 = CARTESIAN_POINT('',(50.75,28.3125,-12.7));
#3231 = VECTOR('',#3232,1.);
#3232 = DIRECTION('',(-2.22044604925E-16,1.,0.));
#3233 = PLANE('',#3234);
#3234 = AXIS2_PLACEMENT_3D('',#3235,#3236,#3237);
#3235 = CARTESIAN_POINT('',(50.75,53.45,-14.05));
#3236 = DIRECTION('',(1.,2.22044604925E-16,0.));
#3237 = DIRECTION('',(0.,0.,1.));
#3238 = ADVANCED_FACE('',(#3239),#3266,.F.);
#3239 = FACE_BOUND('',#3240,.F.);
#3240 = EDGE_LOOP('',(#3241,#3251,#3258,#3259));
#3241 = ORIENTED_EDGE('',*,*,#3242,.F.);
#3242 = EDGE_CURVE('',#3243,#3245,#3247,.T.);
#3243 = VERTEX_POINT('',#3244);
#3244 = CARTESIAN_POINT('',(15.924,53.45,-14.05));
#3245 = VERTEX_POINT('',#3246);
#3246 = CARTESIAN_POINT('',(15.924,53.45,-12.7));
#3247 = LINE('',#3248,#3249);
#3248 = CARTESIAN_POINT('',(15.924,53.45,-14.05));
#3249 = VECTOR('',#3250,1.);
#3250 = DIRECTION('',(0.,0.,1.));
#3251 = ORIENTED_EDGE('',*,*,#3252,.T.);
#3252 = EDGE_CURVE('',#3243,#3182,#3253,.T.);
#3253 = CIRCLE('',#3254,3.174);
#3254 = AXIS2_PLACEMENT_3D('',#3255,#3256,#3257);
#3255 = CARTESIAN_POINT('',(15.924,50.276,-14.05));
#3256 = DIRECTION('',(0.,0.,1.));
#3257 = DIRECTION('',(-1.,-2.22044604925E-16,0.));
#3258 = ORIENTED_EDGE('',*,*,#3189,.T.);
#3259 = ORIENTED_EDGE('',*,*,#3260,.F.);
#3260 = EDGE_CURVE('',#3245,#3190,#3261,.T.);
#3261 = CIRCLE('',#3262,3.174);
#3262 = AXIS2_PLACEMENT_3D('',#3263,#3264,#3265);
#3263 = CARTESIAN_POINT('',(15.924,50.276,-12.7));
#3264 = DIRECTION('',(0.,0.,1.));
#3265 = DIRECTION('',(-2.22044604925E-16,1.,0.));
#3266 = CYLINDRICAL_SURFACE('',#3267,3.174);
#3267 = AXIS2_PLACEMENT_3D('',#3268,#3269,#3270);
#3268 = CARTESIAN_POINT('',(15.924,50.276,-14.05));
#3269 = DIRECTION('',(0.,0.,1.));
#3270 = DIRECTION('',(-2.22044604925E-16,1.,0.));
#3271 = ADVANCED_FACE('',(#3272),#3299,.F.);
#3272 = FACE_BOUND('',#3273,.T.);
#3273 = EDGE_LOOP('',(#3274,#3284,#3291,#3292));
#3274 = ORIENTED_EDGE('',*,*,#3275,.F.);
#3275 = EDGE_CURVE('',#3276,#3278,#3280,.T.);
#3276 = VERTEX_POINT('',#3277);
#3277 = CARTESIAN_POINT('',(47.576,53.45,-14.05));
#3278 = VERTEX_POINT('',#3279);
#3279 = CARTESIAN_POINT('',(47.576,53.45,-12.7));
#3280 = LINE('',#3281,#3282);
#3281 = CARTESIAN_POINT('',(47.576,53.45,-14.05));
#3282 = VECTOR('',#3283,1.);
#3283 = DIRECTION('',(0.,0.,1.));
#3284 = ORIENTED_EDGE('',*,*,#3285,.T.);
#3285 = EDGE_CURVE('',#3276,#3213,#3286,.T.);
#3286 = CIRCLE('',#3287,3.174);
#3287 = AXIS2_PLACEMENT_3D('',#3288,#3289,#3290);
#3288 = CARTESIAN_POINT('',(47.576,50.276,-14.05));
#3289 = DIRECTION('',(-0.,0.,-1.));
#3290 = DIRECTION('',(-1.,-2.22044604925E-16,0.));
#3291 = ORIENTED_EDGE('',*,*,#3220,.T.);
#3292 = ORIENTED_EDGE('',*,*,#3293,.T.);
#3293 = EDGE_CURVE('',#3221,#3278,#3294,.T.);
#3294 = CIRCLE('',#3295,3.174);
#3295 = AXIS2_PLACEMENT_3D('',#3296,#3297,#3298);
#3296 = CARTESIAN_POINT('',(47.576,50.276,-12.7));
#3297 = DIRECTION('',(0.,0.,1.));
#3298 = DIRECTION('',(-2.22044604925E-16,1.,0.));
#3299 = CYLINDRICAL_SURFACE('',#3300,3.174);
#3300 = AXIS2_PLACEMENT_3D('',#3301,#3302,#3303);
#3301 = CARTESIAN_POINT('',(47.576,50.276,-14.05));
#3302 = DIRECTION('',(0.,0.,1.));
#3303 = DIRECTION('',(-2.22044604925E-16,1.,0.));
#3304 = ADVANCED_FACE('',(#3305),#3321,.T.);
#3305 = FACE_BOUND('',#3306,.T.);
#3306 = EDGE_LOOP('',(#3307,#3308,#3314,#3315));
#3307 = ORIENTED_EDGE('',*,*,#3275,.T.);
#3308 = ORIENTED_EDGE('',*,*,#3309,.F.);
#3309 = EDGE_CURVE('',#3245,#3278,#3310,.T.);
#3310 = LINE('',#3311,#3312);
#3311 = CARTESIAN_POINT('',(7.9625,53.45,-12.7));
#3312 = VECTOR('',#3313,1.);
#3313 = DIRECTION('',(1.,2.22044604925E-16,-0.));
#3314 = ORIENTED_EDGE('',*,*,#3242,.F.);
#3315 = ORIENTED_EDGE('',*,*,#3316,.T.);
#3316 = EDGE_CURVE('',#3243,#3276,#3317,.T.);
#3317 = LINE('',#3318,#3319);
#3318 = CARTESIAN_POINT('',(12.75,53.45,-14.05));
#3319 = VECTOR('',#3320,1.);
#3320 = DIRECTION('',(1.,2.22044604925E-16,0.));
#3321 = PLANE('',#3322);
#3322 = AXIS2_PLACEMENT_3D('',#3323,#3324,#3325);
#3323 = CARTESIAN_POINT('',(12.75,53.45,-14.05));
#3324 = DIRECTION('',(2.22044604925E-16,-1.,0.));
#3325 = DIRECTION('',(0.,0.,1.));
#3326 = ADVANCED_FACE('',(#3327,#3337,#3348),#3359,.T.);
#3327 = FACE_BOUND('',#3328,.T.);
#3328 = EDGE_LOOP('',(#3329,#3330,#3331,#3332,#3333,#3334,#3335,#3336));
#3329 = ORIENTED_EDGE('',*,*,#3100,.T.);
#3330 = ORIENTED_EDGE('',*,*,#3148,.T.);
#3331 = ORIENTED_EDGE('',*,*,#3212,.F.);
#3332 = ORIENTED_EDGE('',*,*,#3285,.F.);
#3333 = ORIENTED_EDGE('',*,*,#3316,.F.);
#3334 = ORIENTED_EDGE('',*,*,#3252,.T.);
#3335 = ORIENTED_EDGE('',*,*,#3181,.T.);
#3336 = ORIENTED_EDGE('',*,*,#3124,.T.);
#3337 = FACE_BOUND('',#3338,.T.);
#3338 = EDGE_LOOP('',(#3339));
#3339 = ORIENTED_EDGE('',*,*,#3340,.T.);
#3340 = EDGE_CURVE('',#3341,#3341,#3343,.T.);
#3341 = VERTEX_POINT('',#3342);
#3342 = CARTESIAN_POINT('',(21.75,46.1772,-14.05));
#3343 = CIRCLE('',#3344,1.7272);
#3344 = AXIS2_PLACEMENT_3D('',#3345,#3346,#3347);
#3345 = CARTESIAN_POINT('',(21.75,44.45,-14.05));
#3346 = DIRECTION('',(0.,0.,-1.));
#3347 = DIRECTION('',(-2.22044604925E-16,1.,0.));
#3348 = FACE_BOUND('',#3349,.T.);
#3349 = EDGE_LOOP('',(#3350));
#3350 = ORIENTED_EDGE('',*,*,#3351,.T.);
#3351 = EDGE_CURVE('',#3352,#3352,#3354,.T.);
#3352 = VERTEX_POINT('',#3353);
#3353 = CARTESIAN_POINT('',(41.75,46.1772,-14.05));
#3354 = CIRCLE('',#3355,1.7272);
#3355 = AXIS2_PLACEMENT_3D('',#3356,#3357,#3358);
#3356 = CARTESIAN_POINT('',(41.75,44.45,-14.05));
#3357 = DIRECTION('',(0.,0.,-1.));
#3358 = DIRECTION('',(-2.22044604925E-16,1.,0.));
#3359 = PLANE('',#3360);
#3360 = AXIS2_PLACEMENT_3D('',#3361,#3362,#3363);
#3361 = CARTESIAN_POINT('',(12.75,53.45,-14.05));
#3362 = DIRECTION('',(0.,0.,1.));
#3363 = DIRECTION('',(2.22044604925E-16,-1.,0.));
#3364 = ADVANCED_FACE('',(#3365),#3392,.F.);
#3365 = FACE_BOUND('',#3366,.F.);
#3366 = EDGE_LOOP('',(#3367,#3376,#3384,#3391));
#3367 = ORIENTED_EDGE('',*,*,#3368,.F.);
#3368 = EDGE_CURVE('',#3369,#3369,#3371,.T.);
#3369 = VERTEX_POINT('',#3370);
#3370 = CARTESIAN_POINT('',(234.15625,25.4,-22.7));
#3371 = CIRCLE('',#3372,7.14375);
#3372 = AXIS2_PLACEMENT_3D('',#3373,#3374,#3375);
#3373 = CARTESIAN_POINT('',(241.3,25.4,-22.7));
#3374 = DIRECTION('',(0.,0.,-1.));
#3375 = DIRECTION('',(-1.,0.,0.));
#3376 = ORIENTED_EDGE('',*,*,#3377,.F.);
#3377 = EDGE_CURVE('',#3378,#3369,#3380,.T.);
#3378 = VERTEX_POINT('',#3379);
#3379 = CARTESIAN_POINT('',(234.15625,25.4,-12.7));
#3380 = LINE('',#3381,#3382);
#3381 = CARTESIAN_POINT('',(234.15625,25.4,-12.7));
#3382 = VECTOR('',#3383,1.);
#3383 = DIRECTION('',(0.,0.,-1.));
#3384 = ORIENTED_EDGE('',*,*,#3385,.T.);
#3385 = EDGE_CURVE('',#3378,#3378,#3386,.T.);
#3386 = CIRCLE('',#3387,7.14375);
#3387 = AXIS2_PLACEMENT_3D('',#3388,#3389,#3390);
#3388 = CARTESIAN_POINT('',(241.3,25.4,-12.7));
#3389 = DIRECTION('',(0.,0.,-1.));
#3390 = DIRECTION('',(-1.,0.,0.));
#3391 = ORIENTED_EDGE('',*,*,#3377,.T.);
#3392 = CYLINDRICAL_SURFACE('',#3393,7.14375);
#3393 = AXIS2_PLACEMENT_3D('',#3394,#3395,#3396);
#3394 = CARTESIAN_POINT('',(241.3,25.4,-12.7));
#3395 = DIRECTION('',(0.,0.,-1.));
#3396 = DIRECTION('',(-1.,0.,0.));
#3397 = ADVANCED_FACE('',(#3398,#3401),#3412,.F.);
#3398 = FACE_BOUND('',#3399,.F.);
#3399 = EDGE_LOOP('',(#3400));
#3400 = ORIENTED_EDGE('',*,*,#3368,.T.);
#3401 = FACE_BOUND('',#3402,.F.);
#3402 = EDGE_LOOP('',(#3403));
#3403 = ORIENTED_EDGE('',*,*,#3404,.F.);
#3404 = EDGE_CURVE('',#3405,#3405,#3407,.T.);
#3405 = VERTEX_POINT('',#3406);
#3406 = CARTESIAN_POINT('',(237.998,25.4,-22.7));
#3407 = CIRCLE('',#3408,3.302);
#3408 = AXIS2_PLACEMENT_3D('',#3409,#3410,#3411);
#3409 = CARTESIAN_POINT('',(241.3,25.4,-22.7));
#3410 = DIRECTION('',(0.,0.,-1.));
#3411 = DIRECTION('',(-1.,0.,0.));
#3412 = PLANE('',#3413);
#3413 = AXIS2_PLACEMENT_3D('',#3414,#3415,#3416);
#3414 = CARTESIAN_POINT('',(241.3,25.4,-22.7));
#3415 = DIRECTION('',(0.,0.,-1.));
#3416 = DIRECTION('',(-1.,0.,0.));
#3417 = ADVANCED_FACE('',(#3418),#3445,.F.);
#3418 = FACE_BOUND('',#3419,.F.);
#3419 = EDGE_LOOP('',(#3420,#3429,#3437,#3444));
#3420 = ORIENTED_EDGE('',*,*,#3421,.F.);
#3421 = EDGE_CURVE('',#3422,#3422,#3424,.T.);
#3422 = VERTEX_POINT('',#3423);
#3423 = CARTESIAN_POINT('',(81.75625,12.7,-22.7));
#3424 = CIRCLE('',#3425,7.14375);
#3425 = AXIS2_PLACEMENT_3D('',#3426,#3427,#3428);
#3426 = CARTESIAN_POINT('',(88.9,12.7,-22.7));
#3427 = DIRECTION('',(0.,0.,-1.));
#3428 = DIRECTION('',(-1.,0.,0.));
#3429 = ORIENTED_EDGE('',*,*,#3430,.F.);
#3430 = EDGE_CURVE('',#3431,#3422,#3433,.T.);
#3431 = VERTEX_POINT('',#3432);
#3432 = CARTESIAN_POINT('',(81.75625,12.7,-12.7));
#3433 = LINE('',#3434,#3435);
#3434 = CARTESIAN_POINT('',(81.75625,12.7,-12.7));
#3435 = VECTOR('',#3436,1.);
#3436 = DIRECTION('',(0.,0.,-1.));
#3437 = ORIENTED_EDGE('',*,*,#3438,.T.);
#3438 = EDGE_CURVE('',#3431,#3431,#3439,.T.);
#3439 = CIRCLE('',#3440,7.14375);
#3440 = AXIS2_PLACEMENT_3D('',#3441,#3442,#3443);
#3441 = CARTESIAN_POINT('',(88.9,12.7,-12.7));
#3442 = DIRECTION('',(0.,0.,-1.));
#3443 = DIRECTION('',(-1.,0.,0.));
#3444 = ORIENTED_EDGE('',*,*,#3430,.T.);
#3445 = CYLINDRICAL_SURFACE('',#3446,7.14375);
#3446 = AXIS2_PLACEMENT_3D('',#3447,#3448,#3449);
#3447 = CARTESIAN_POINT('',(88.9,12.7,-12.7));
#3448 = DIRECTION('',(0.,0.,-1.));
#3449 = DIRECTION('',(-1.,0.,0.));
#3450 = ADVANCED_FACE('',(#3451,#3454),#3465,.F.);
#3451 = FACE_BOUND('',#3452,.F.);
#3452 = EDGE_LOOP('',(#3453));
#3453 = ORIENTED_EDGE('',*,*,#3421,.T.);
#3454 = FACE_BOUND('',#3455,.F.);
#3455 = EDGE_LOOP('',(#3456));
#3456 = ORIENTED_EDGE('',*,*,#3457,.F.);
#3457 = EDGE_CURVE('',#3458,#3458,#3460,.T.);
#3458 = VERTEX_POINT('',#3459);
#3459 = CARTESIAN_POINT('',(85.598,12.7,-22.7));
#3460 = CIRCLE('',#3461,3.302);
#3461 = AXIS2_PLACEMENT_3D('',#3462,#3463,#3464);
#3462 = CARTESIAN_POINT('',(88.9,12.7,-22.7));
#3463 = DIRECTION('',(0.,0.,-1.));
#3464 = DIRECTION('',(-1.,0.,0.));
#3465 = PLANE('',#3466);
#3466 = AXIS2_PLACEMENT_3D('',#3467,#3468,#3469);
#3467 = CARTESIAN_POINT('',(88.9,12.7,-22.7));
#3468 = DIRECTION('',(0.,0.,-1.));
#3469 = DIRECTION('',(-1.,0.,0.));
#3470 = ADVANCED_FACE('',(#3471),#3505,.F.);
#3471 = FACE_BOUND('',#3472,.F.);
#3472 = EDGE_LOOP('',(#3473,#3483,#3491,#3499));
#3473 = ORIENTED_EDGE('',*,*,#3474,.F.);
#3474 = EDGE_CURVE('',#3475,#3477,#3479,.T.);
#3475 = VERTEX_POINT('',#3476);
#3476 = CARTESIAN_POINT('',(10.924,6.653,-12.7));
#3477 = VERTEX_POINT('',#3478);
#3478 = CARTESIAN_POINT('',(52.576,6.653,-12.7));
#3479 = LINE('',#3480,#3481);
#3480 = CARTESIAN_POINT('',(7.75,6.653,-12.7));
#3481 = VECTOR('',#3482,1.);
#3482 = DIRECTION('',(1.,2.22044604925E-16,0.));
#3483 = ORIENTED_EDGE('',*,*,#3484,.F.);
#3484 = EDGE_CURVE('',#3485,#3475,#3487,.T.);
#3485 = VERTEX_POINT('',#3486);
#3486 = CARTESIAN_POINT('',(10.924,6.653,-21.97));
#3487 = LINE('',#3488,#3489);
#3488 = CARTESIAN_POINT('',(10.924,6.653,-21.97));
#3489 = VECTOR('',#3490,1.);
#3490 = DIRECTION('',(0.,0.,1.));
#3491 = ORIENTED_EDGE('',*,*,#3492,.T.);
#3492 = EDGE_CURVE('',#3485,#3493,#3495,.T.);
#3493 = VERTEX_POINT('',#3494);
#3494 = CARTESIAN_POINT('',(52.576,6.653,-21.97));
#3495 = LINE('',#3496,#3497);
#3496 = CARTESIAN_POINT('',(7.75,6.653,-21.97));
#3497 = VECTOR('',#3498,1.);
#3498 = DIRECTION('',(1.,2.22044604925E-16,0.));
#3499 = ORIENTED_EDGE('',*,*,#3500,.T.);
#3500 = EDGE_CURVE('',#3493,#3477,#3501,.T.);
#3501 = LINE('',#3502,#3503);
#3502 = CARTESIAN_POINT('',(52.576,6.653,-21.97));
#3503 = VECTOR('',#3504,1.);
#3504 = DIRECTION('',(0.,0.,1.));
#3505 = PLANE('',#3506);
#3506 = AXIS2_PLACEMENT_3D('',#3507,#3508,#3509);
#3507 = CARTESIAN_POINT('',(7.75,6.653,-21.97));
#3508 = DIRECTION('',(2.22044604925E-16,-1.,0.));
#3509 = DIRECTION('',(0.,0.,1.));
#3510 = ADVANCED_FACE('',(#3511),#3538,.F.);
#3511 = FACE_BOUND('',#3512,.F.);
#3512 = EDGE_LOOP('',(#3513,#3522,#3523,#3532));
#3513 = ORIENTED_EDGE('',*,*,#3514,.T.);
#3514 = EDGE_CURVE('',#3515,#3485,#3517,.T.);
#3515 = VERTEX_POINT('',#3516);
#3516 = CARTESIAN_POINT('',(7.75,9.827,-21.97));
#3517 = CIRCLE('',#3518,3.174);
#3518 = AXIS2_PLACEMENT_3D('',#3519,#3520,#3521);
#3519 = CARTESIAN_POINT('',(10.924,9.827,-21.97));
#3520 = DIRECTION('',(0.,0.,1.));
#3521 = DIRECTION('',(-1.,-2.22044604925E-16,0.));
#3522 = ORIENTED_EDGE('',*,*,#3484,.T.);
#3523 = ORIENTED_EDGE('',*,*,#3524,.F.);
#3524 = EDGE_CURVE('',#3525,#3475,#3527,.T.);
#3525 = VERTEX_POINT('',#3526);
#3526 = CARTESIAN_POINT('',(7.75,9.827,-12.7));
#3527 = CIRCLE('',#3528,3.174);
#3528 = AXIS2_PLACEMENT_3D('',#3529,#3530,#3531);
#3529 = CARTESIAN_POINT('',(10.924,9.827,-12.7));
#3530 = DIRECTION('',(0.,0.,1.));
#3531 = DIRECTION('',(-1.,-2.22044604925E-16,0.));
#3532 = ORIENTED_EDGE('',*,*,#3533,.F.);
#3533 = EDGE_CURVE('',#3515,#3525,#3534,.T.);
#3534 = LINE('',#3535,#3536);
#3535 = CARTESIAN_POINT('',(7.75,9.827,-21.97));
#3536 = VECTOR('',#3537,1.);
#3537 = DIRECTION('',(0.,0.,1.));
#3538 = CYLINDRICAL_SURFACE('',#3539,3.174);
#3539 = AXIS2_PLACEMENT_3D('',#3540,#3541,#3542);
#3540 = CARTESIAN_POINT('',(10.924,9.827,-21.97));
#3541 = DIRECTION('',(0.,0.,1.));
#3542 = DIRECTION('',(-1.,-2.22044604925E-16,0.));
#3543 = ADVANCED_FACE('',(#3544),#3571,.F.);
#3544 = FACE_BOUND('',#3545,.F.);
#3545 = EDGE_LOOP('',(#3546,#3555,#3563,#3570));
#3546 = ORIENTED_EDGE('',*,*,#3547,.T.);
#3547 = EDGE_CURVE('',#3493,#3548,#3550,.T.);
#3548 = VERTEX_POINT('',#3549);
#3549 = CARTESIAN_POINT('',(55.75,9.827,-21.97));
#3550 = CIRCLE('',#3551,3.174);
#3551 = AXIS2_PLACEMENT_3D('',#3552,#3553,#3554);
#3552 = CARTESIAN_POINT('',(52.576,9.827,-21.97));
#3553 = DIRECTION('',(0.,0.,1.));
#3554 = DIRECTION('',(-1.,-2.22044604925E-16,0.));
#3555 = ORIENTED_EDGE('',*,*,#3556,.T.);
#3556 = EDGE_CURVE('',#3548,#3557,#3559,.T.);
#3557 = VERTEX_POINT('',#3558);
#3558 = CARTESIAN_POINT('',(55.75,9.827,-12.7));
#3559 = LINE('',#3560,#3561);
#3560 = CARTESIAN_POINT('',(55.75,9.827,-21.97));
#3561 = VECTOR('',#3562,1.);
#3562 = DIRECTION('',(0.,0.,1.));
#3563 = ORIENTED_EDGE('',*,*,#3564,.F.);
#3564 = EDGE_CURVE('',#3477,#3557,#3565,.T.);
#3565 = CIRCLE('',#3566,3.174);
#3566 = AXIS2_PLACEMENT_3D('',#3567,#3568,#3569);
#3567 = CARTESIAN_POINT('',(52.576,9.827,-12.7));
#3568 = DIRECTION('',(0.,0.,1.));
#3569 = DIRECTION('',(-1.,-2.22044604925E-16,0.));
#3570 = ORIENTED_EDGE('',*,*,#3500,.F.);
#3571 = CYLINDRICAL_SURFACE('',#3572,3.174);
#3572 = AXIS2_PLACEMENT_3D('',#3573,#3574,#3575);
#3573 = CARTESIAN_POINT('',(52.576,9.827,-21.97));
#3574 = DIRECTION('',(0.,0.,1.));
#3575 = DIRECTION('',(2.22044604925E-16,-1.,0.));
#3576 = ADVANCED_FACE('',(#3577),#3602,.T.);
#3577 = FACE_BOUND('',#3578,.T.);
#3578 = EDGE_LOOP('',(#3579,#3587,#3595,#3601));
#3579 = ORIENTED_EDGE('',*,*,#3580,.F.);
#3580 = EDGE_CURVE('',#3581,#3515,#3583,.T.);
#3581 = VERTEX_POINT('',#3582);
#3582 = CARTESIAN_POINT('',(7.75,26.479,-21.97));
#3583 = LINE('',#3584,#3585);
#3584 = CARTESIAN_POINT('',(7.75,29.653,-21.97));
#3585 = VECTOR('',#3586,1.);
#3586 = DIRECTION('',(2.22044604925E-16,-1.,0.));
#3587 = ORIENTED_EDGE('',*,*,#3588,.T.);
#3588 = EDGE_CURVE('',#3581,#3589,#3591,.T.);
#3589 = VERTEX_POINT('',#3590);
#3590 = CARTESIAN_POINT('',(7.75,26.479,-12.7));
#3591 = LINE('',#3592,#3593);
#3592 = CARTESIAN_POINT('',(7.75,26.479,-21.97));
#3593 = VECTOR('',#3594,1.);
#3594 = DIRECTION('',(0.,0.,1.));
#3595 = ORIENTED_EDGE('',*,*,#3596,.T.);
#3596 = EDGE_CURVE('',#3589,#3525,#3597,.T.);
#3597 = LINE('',#3598,#3599);
#3598 = CARTESIAN_POINT('',(7.75,29.653,-12.7));
#3599 = VECTOR('',#3600,1.);
#3600 = DIRECTION('',(2.22044604925E-16,-1.,0.));
#3601 = ORIENTED_EDGE('',*,*,#3533,.F.);
#3602 = PLANE('',#3603);
#3603 = AXIS2_PLACEMENT_3D('',#3604,#3605,#3606);
#3604 = CARTESIAN_POINT('',(7.75,29.653,-21.97));
#3605 = DIRECTION('',(1.,2.22044604925E-16,0.));
#3606 = DIRECTION('',(0.,0.,1.));
#3607 = ADVANCED_FACE('',(#3608),#3633,.F.);
#3608 = FACE_BOUND('',#3609,.F.);
#3609 = EDGE_LOOP('',(#3610,#3618,#3626,#3632));
#3610 = ORIENTED_EDGE('',*,*,#3611,.F.);
#3611 = EDGE_CURVE('',#3612,#3548,#3614,.T.);
#3612 = VERTEX_POINT('',#3613);
#3613 = CARTESIAN_POINT('',(55.75,26.479,-21.97));
#3614 = LINE('',#3615,#3616);
#3615 = CARTESIAN_POINT('',(55.75,29.653,-21.97));
#3616 = VECTOR('',#3617,1.);
#3617 = DIRECTION('',(2.22044604925E-16,-1.,0.));
#3618 = ORIENTED_EDGE('',*,*,#3619,.T.);
#3619 = EDGE_CURVE('',#3612,#3620,#3622,.T.);
#3620 = VERTEX_POINT('',#3621);
#3621 = CARTESIAN_POINT('',(55.75,26.479,-12.7));
#3622 = LINE('',#3623,#3624);
#3623 = CARTESIAN_POINT('',(55.75,26.479,-21.97));
#3624 = VECTOR('',#3625,1.);
#3625 = DIRECTION('',(0.,0.,1.));
#3626 = ORIENTED_EDGE('',*,*,#3627,.T.);
#3627 = EDGE_CURVE('',#3620,#3557,#3628,.T.);
#3628 = LINE('',#3629,#3630);
#3629 = CARTESIAN_POINT('',(55.75,29.653,-12.7));
#3630 = VECTOR('',#3631,1.);
#3631 = DIRECTION('',(2.22044604925E-16,-1.,0.));
#3632 = ORIENTED_EDGE('',*,*,#3556,.F.);
#3633 = PLANE('',#3634);
#3634 = AXIS2_PLACEMENT_3D('',#3635,#3636,#3637);
#3635 = CARTESIAN_POINT('',(55.75,29.653,-21.97));
#3636 = DIRECTION('',(1.,2.22044604925E-16,0.));
#3637 = DIRECTION('',(0.,0.,1.));
#3638 = ADVANCED_FACE('',(#3639),#3666,.F.);
#3639 = FACE_BOUND('',#3640,.F.);
#3640 = EDGE_LOOP('',(#3641,#3650,#3651,#3660));
#3641 = ORIENTED_EDGE('',*,*,#3642,.T.);
#3642 = EDGE_CURVE('',#3643,#3581,#3645,.T.);
#3643 = VERTEX_POINT('',#3644);
#3644 = CARTESIAN_POINT('',(10.924,29.653,-21.97));
#3645 = CIRCLE('',#3646,3.174);
#3646 = AXIS2_PLACEMENT_3D('',#3647,#3648,#3649);
#3647 = CARTESIAN_POINT('',(10.924,26.479,-21.97));
#3648 = DIRECTION('',(0.,0.,1.));
#3649 = DIRECTION('',(-1.,-2.22044604925E-16,0.));
#3650 = ORIENTED_EDGE('',*,*,#3588,.T.);
#3651 = ORIENTED_EDGE('',*,*,#3652,.F.);
#3652 = EDGE_CURVE('',#3653,#3589,#3655,.T.);
#3653 = VERTEX_POINT('',#3654);
#3654 = CARTESIAN_POINT('',(10.924,29.653,-12.7));
#3655 = CIRCLE('',#3656,3.174);
#3656 = AXIS2_PLACEMENT_3D('',#3657,#3658,#3659);
#3657 = CARTESIAN_POINT('',(10.924,26.479,-12.7));
#3658 = DIRECTION('',(0.,0.,1.));
#3659 = DIRECTION('',(-1.,-2.22044604925E-16,0.));
#3660 = ORIENTED_EDGE('',*,*,#3661,.F.);
#3661 = EDGE_CURVE('',#3643,#3653,#3662,.T.);
#3662 = LINE('',#3663,#3664);
#3663 = CARTESIAN_POINT('',(10.924,29.653,-21.97));
#3664 = VECTOR('',#3665,1.);
#3665 = DIRECTION('',(0.,0.,1.));
#3666 = CYLINDRICAL_SURFACE('',#3667,3.174);
#3667 = AXIS2_PLACEMENT_3D('',#3668,#3669,#3670);
#3668 = CARTESIAN_POINT('',(10.924,26.479,-21.97));
#3669 = DIRECTION('',(0.,0.,1.));
#3670 = DIRECTION('',(-2.22044604925E-16,1.,0.));
#3671 = ADVANCED_FACE('',(#3672),#3699,.F.);
#3672 = FACE_BOUND('',#3673,.T.);
#3673 = EDGE_LOOP('',(#3674,#3683,#3684,#3693));
#3674 = ORIENTED_EDGE('',*,*,#3675,.T.);
#3675 = EDGE_CURVE('',#3676,#3612,#3678,.T.);
#3676 = VERTEX_POINT('',#3677);
#3677 = CARTESIAN_POINT('',(52.576,29.653,-21.97));
#3678 = CIRCLE('',#3679,3.174);
#3679 = AXIS2_PLACEMENT_3D('',#3680,#3681,#3682);
#3680 = CARTESIAN_POINT('',(52.576,26.479,-21.97));
#3681 = DIRECTION('',(-0.,0.,-1.));
#3682 = DIRECTION('',(-1.,-2.22044604925E-16,0.));
#3683 = ORIENTED_EDGE('',*,*,#3619,.T.);
#3684 = ORIENTED_EDGE('',*,*,#3685,.F.);
#3685 = EDGE_CURVE('',#3686,#3620,#3688,.T.);
#3686 = VERTEX_POINT('',#3687);
#3687 = CARTESIAN_POINT('',(52.576,29.653,-12.7));
#3688 = CIRCLE('',#3689,3.174);
#3689 = AXIS2_PLACEMENT_3D('',#3690,#3691,#3692);
#3690 = CARTESIAN_POINT('',(52.576,26.479,-12.7));
#3691 = DIRECTION('',(-0.,0.,-1.));
#3692 = DIRECTION('',(-1.,-2.22044604925E-16,0.));
#3693 = ORIENTED_EDGE('',*,*,#3694,.F.);
#3694 = EDGE_CURVE('',#3676,#3686,#3695,.T.);
#3695 = LINE('',#3696,#3697);
#3696 = CARTESIAN_POINT('',(52.576,29.653,-21.97));
#3697 = VECTOR('',#3698,1.);
#3698 = DIRECTION('',(0.,0.,1.));
#3699 = CYLINDRICAL_SURFACE('',#3700,3.174);
#3700 = AXIS2_PLACEMENT_3D('',#3701,#3702,#3703);
#3701 = CARTESIAN_POINT('',(52.576,26.479,-21.97));
#3702 = DIRECTION('',(0.,0.,1.));
#3703 = DIRECTION('',(-2.22044604925E-16,1.,0.));
#3704 = ADVANCED_FACE('',(#3705),#3721,.T.);
#3705 = FACE_BOUND('',#3706,.T.);
#3706 = EDGE_LOOP('',(#3707,#3713,#3714,#3720));
#3707 = ORIENTED_EDGE('',*,*,#3708,.F.);
#3708 = EDGE_CURVE('',#3653,#3686,#3709,.T.);
#3709 = LINE('',#3710,#3711);
#3710 = CARTESIAN_POINT('',(7.75,29.653,-12.7));
#3711 = VECTOR('',#3712,1.);
#3712 = DIRECTION('',(1.,2.22044604925E-16,0.));
#3713 = ORIENTED_EDGE('',*,*,#3661,.F.);
#3714 = ORIENTED_EDGE('',*,*,#3715,.T.);
#3715 = EDGE_CURVE('',#3643,#3676,#3716,.T.);
#3716 = LINE('',#3717,#3718);
#3717 = CARTESIAN_POINT('',(7.75,29.653,-21.97));
#3718 = VECTOR('',#3719,1.);
#3719 = DIRECTION('',(1.,2.22044604925E-16,0.));
#3720 = ORIENTED_EDGE('',*,*,#3694,.T.);
#3721 = PLANE('',#3722);
#3722 = AXIS2_PLACEMENT_3D('',#3723,#3724,#3725);
#3723 = CARTESIAN_POINT('',(7.75,29.653,-21.97));
#3724 = DIRECTION('',(2.22044604925E-16,-1.,0.));
#3725 = DIRECTION('',(0.,0.,1.));
#3726 = ADVANCED_FACE('',(#3727,#3737,#3748),#3759,.T.);
#3727 = FACE_BOUND('',#3728,.T.);
#3728 = EDGE_LOOP('',(#3729,#3730,#3731,#3732,#3733,#3734,#3735,#3736));
#3729 = ORIENTED_EDGE('',*,*,#3492,.T.);
#3730 = ORIENTED_EDGE('',*,*,#3547,.T.);
#3731 = ORIENTED_EDGE('',*,*,#3611,.F.);
#3732 = ORIENTED_EDGE('',*,*,#3675,.F.);
#3733 = ORIENTED_EDGE('',*,*,#3715,.F.);
#3734 = ORIENTED_EDGE('',*,*,#3642,.T.);
#3735 = ORIENTED_EDGE('',*,*,#3580,.T.);
#3736 = ORIENTED_EDGE('',*,*,#3514,.T.);
#3737 = FACE_BOUND('',#3738,.T.);
#3738 = EDGE_LOOP('',(#3739));
#3739 = ORIENTED_EDGE('',*,*,#3740,.T.);
#3740 = EDGE_CURVE('',#3741,#3741,#3743,.T.);
#3741 = VERTEX_POINT('',#3742);
#3742 = CARTESIAN_POINT('',(19.25,19.8802,-21.97));
#3743 = CIRCLE('',#3744,1.7272);
#3744 = AXIS2_PLACEMENT_3D('',#3745,#3746,#3747);
#3745 = CARTESIAN_POINT('',(19.25,18.153,-21.97));
#3746 = DIRECTION('',(0.,0.,-1.));
#3747 = DIRECTION('',(-2.22044604925E-16,1.,0.));
#3748 = FACE_BOUND('',#3749,.T.);
#3749 = EDGE_LOOP('',(#3750));
#3750 = ORIENTED_EDGE('',*,*,#3751,.T.);
#3751 = EDGE_CURVE('',#3752,#3752,#3754,.T.);
#3752 = VERTEX_POINT('',#3753);
#3753 = CARTESIAN_POINT('',(44.25,19.8802,-21.97));
#3754 = CIRCLE('',#3755,1.7272);
#3755 = AXIS2_PLACEMENT_3D('',#3756,#3757,#3758);
#3756 = CARTESIAN_POINT('',(44.25,18.153,-21.97));
#3757 = DIRECTION('',(0.,0.,-1.));
#3758 = DIRECTION('',(-2.22044604925E-16,1.,0.));
#3759 = PLANE('',#3760);
#3760 = AXIS2_PLACEMENT_3D('',#3761,#3762,#3763);
#3761 = CARTESIAN_POINT('',(7.75,29.653,-21.97));
#3762 = DIRECTION('',(0.,0.,1.));
#3763 = DIRECTION('',(2.22044604925E-16,-1.,0.));
#3764 = ADVANCED_FACE('',(#3765),#3831,.F.);
#3765 = FACE_BOUND('',#3766,.F.);
#3766 = EDGE_LOOP('',(#3767,#3777,#3785,#3793,#3801,#3809,#3817,#3825));
#3767 = ORIENTED_EDGE('',*,*,#3768,.F.);
#3768 = EDGE_CURVE('',#3769,#3771,#3773,.T.);
#3769 = VERTEX_POINT('',#3770);
#3770 = CARTESIAN_POINT('',(3.175,3.175,-12.7));
#3771 = VERTEX_POINT('',#3772);
#3772 = CARTESIAN_POINT('',(3.175,92.678236937196,-12.7));
#3773 = LINE('',#3774,#3775);
#3774 = CARTESIAN_POINT('',(3.175,3.175,-12.7));
#3775 = VECTOR('',#3776,1.);
#3776 = DIRECTION('',(-0.,1.,0.));
#3777 = ORIENTED_EDGE('',*,*,#3778,.F.);
#3778 = EDGE_CURVE('',#3779,#3769,#3781,.T.);
#3779 = VERTEX_POINT('',#3780);
#3780 = CARTESIAN_POINT('',(3.175,3.175,-38.1));
#3781 = LINE('',#3782,#3783);
#3782 = CARTESIAN_POINT('',(3.175,3.175,-38.1));
#3783 = VECTOR('',#3784,1.);
#3784 = DIRECTION('',(0.,0.,1.));
#3785 = ORIENTED_EDGE('',*,*,#3786,.T.);
#3786 = EDGE_CURVE('',#3779,#3787,#3789,.T.);
#3787 = VERTEX_POINT('',#3788);
#3788 = CARTESIAN_POINT('',(3.175,136.525,-38.1));
#3789 = LINE('',#3790,#3791);
#3790 = CARTESIAN_POINT('',(3.175,3.175,-38.1));
#3791 = VECTOR('',#3792,1.);
#3792 = DIRECTION('',(-0.,1.,0.));
#3793 = ORIENTED_EDGE('',*,*,#3794,.T.);
#3794 = EDGE_CURVE('',#3787,#3795,#3797,.T.);
#3795 = VERTEX_POINT('',#3796);
#3796 = CARTESIAN_POINT('',(3.175,136.525,-12.7));
#3797 = LINE('',#3798,#3799);
#3798 = CARTESIAN_POINT('',(3.175,136.525,-38.1));
#3799 = VECTOR('',#3800,1.);
#3800 = DIRECTION('',(0.,0.,1.));
#3801 = ORIENTED_EDGE('',*,*,#3802,.F.);
#3802 = EDGE_CURVE('',#3803,#3795,#3805,.T.);
#3803 = VERTEX_POINT('',#3804);
#3804 = CARTESIAN_POINT('',(3.175,118.67013566804,-12.7));
#3805 = LINE('',#3806,#3807);
#3806 = CARTESIAN_POINT('',(3.175,3.175,-12.7));
#3807 = VECTOR('',#3808,1.);
#3808 = DIRECTION('',(-0.,1.,0.));
#3809 = ORIENTED_EDGE('',*,*,#3810,.F.);
#3810 = EDGE_CURVE('',#3811,#3803,#3813,.T.);
#3811 = VERTEX_POINT('',#3812);
#3812 = CARTESIAN_POINT('',(3.175,118.67013566804,-19.09033817672));
#3813 = LINE('',#3814,#3815);
#3814 = CARTESIAN_POINT('',(3.175,118.67013566804,-28.59516908836));
#3815 = VECTOR('',#3816,1.);
#3816 = DIRECTION('',(0.,-0.,1.));
#3817 = ORIENTED_EDGE('',*,*,#3818,.T.);
#3818 = EDGE_CURVE('',#3811,#3819,#3821,.T.);
#3819 = VERTEX_POINT('',#3820);
#3820 = CARTESIAN_POINT('',(3.175,92.678236937196,-19.09033817672));
#3821 = LINE('',#3822,#3823);
#3822 = CARTESIAN_POINT('',(3.175,54.995097794584,-19.09033817672));
#3823 = VECTOR('',#3824,1.);
#3824 = DIRECTION('',(0.,-1.,0.));
#3825 = ORIENTED_EDGE('',*,*,#3826,.T.);
#3826 = EDGE_CURVE('',#3819,#3771,#3827,.T.);
#3827 = LINE('',#3828,#3829);
#3828 = CARTESIAN_POINT('',(3.175,92.678236937196,-19.09033817672));
#3829 = VECTOR('',#3830,1.);
#3830 = DIRECTION('',(0.,0.,1.));
#3831 = PLANE('',#3832);
#3832 = AXIS2_PLACEMENT_3D('',#3833,#3834,#3835);
#3833 = CARTESIAN_POINT('',(3.175,3.175,-38.1));
#3834 = DIRECTION('',(1.,0.,-0.));
#3835 = DIRECTION('',(0.,0.,1.));
#3836 = ADVANCED_FACE('',(#3837),#3864,.F.);
#3837 = FACE_BOUND('',#3838,.F.);
#3838 = EDGE_LOOP('',(#3839,#3840,#3849,#3857));
#3839 = ORIENTED_EDGE('',*,*,#3826,.F.);
#3840 = ORIENTED_EDGE('',*,*,#3841,.T.);
#3841 = EDGE_CURVE('',#3819,#3842,#3844,.T.);
#3842 = VERTEX_POINT('',#3843);
#3843 = CARTESIAN_POINT('',(4.584558637052,93.496132096894,
    -19.09033817672));
#3844 = CIRCLE('',#3845,3.174);
#3845 = AXIS2_PLACEMENT_3D('',#3846,#3847,#3848);
#3846 = CARTESIAN_POINT('',(2.340201713566,95.74048902038,
    -19.09033817672));
#3847 = DIRECTION('',(0.,0.,1.));
#3848 = DIRECTION('',(-0.707106781187,-0.707106781187,0.));
#3849 = ORIENTED_EDGE('',*,*,#3850,.T.);
#3850 = EDGE_CURVE('',#3842,#3851,#3853,.T.);
#3851 = VERTEX_POINT('',#3852);
#3852 = CARTESIAN_POINT('',(4.584558637052,93.496132096894,-12.7));
#3853 = LINE('',#3854,#3855);
#3854 = CARTESIAN_POINT('',(4.584558637052,93.496132096894,
    -19.09033817672));
#3855 = VECTOR('',#3856,1.);
#3856 = DIRECTION('',(0.,0.,1.));
#3857 = ORIENTED_EDGE('',*,*,#3858,.F.);
#3858 = EDGE_CURVE('',#3771,#3851,#3859,.T.);
#3859 = CIRCLE('',#3860,3.174);
#3860 = AXIS2_PLACEMENT_3D('',#3861,#3862,#3863);
#3861 = CARTESIAN_POINT('',(2.340201713566,95.74048902038,-12.7));
#3862 = DIRECTION('',(0.,0.,1.));
#3863 = DIRECTION('',(-0.707106781187,-0.707106781187,0.));
#3864 = CYLINDRICAL_SURFACE('',#3865,3.174);
#3865 = AXIS2_PLACEMENT_3D('',#3866,#3867,#3868);
#3866 = CARTESIAN_POINT('',(2.340201713566,95.74048902038,
    -19.09033817672));
#3867 = DIRECTION('',(0.,0.,1.));
#3868 = DIRECTION('',(-0.707106781187,-0.707106781187,0.));
#3869 = ADVANCED_FACE('',(#3870),#3897,.T.);
#3870 = FACE_BOUND('',#3871,.T.);
#3871 = EDGE_LOOP('',(#3872,#3880,#3889,#3895,#3896));
#3872 = ORIENTED_EDGE('',*,*,#3873,.T.);
#3873 = EDGE_CURVE('',#3842,#3874,#3876,.T.);
#3874 = VERTEX_POINT('',#3875);
#3875 = CARTESIAN_POINT('',(14.222424180612,103.13399764045,
    -19.09033817672));
#3876 = LINE('',#3877,#3878);
#3877 = CARTESIAN_POINT('',(2.340201713566,91.251775173408,
    -19.09033817672));
#3878 = VECTOR('',#3879,1.);
#3879 = DIRECTION('',(0.707106781187,0.707106781187,0.));
#3880 = ORIENTED_EDGE('',*,*,#3881,.T.);
#3881 = EDGE_CURVE('',#3874,#3882,#3884,.T.);
#3882 = VERTEX_POINT('',#3883);
#3883 = CARTESIAN_POINT('',(14.222424180612,107.62271148742,
    -19.09033817672));
#3884 = CIRCLE('',#3885,3.174);
#3885 = AXIS2_PLACEMENT_3D('',#3886,#3887,#3888);
#3886 = CARTESIAN_POINT('',(11.978067257126,105.37835456394,
    -19.09033817672));
#3887 = DIRECTION('',(0.,0.,1.));
#3888 = DIRECTION('',(-0.707106781187,-0.707106781187,0.));
#3889 = ORIENTED_EDGE('',*,*,#3890,.F.);
#3890 = EDGE_CURVE('',#3811,#3882,#3891,.T.);
#3891 = LINE('',#3892,#3893);
#3892 = CARTESIAN_POINT('',(0.903360688339,120.9417749797,
    -19.09033817672));
#3893 = VECTOR('',#3894,1.);
#3894 = DIRECTION('',(0.707106781187,-0.707106781187,0.));
#3895 = ORIENTED_EDGE('',*,*,#3818,.T.);
#3896 = ORIENTED_EDGE('',*,*,#3841,.T.);
#3897 = PLANE('',#3898);
#3898 = AXIS2_PLACEMENT_3D('',#3899,#3900,#3901);
#3899 = CARTESIAN_POINT('',(-13.22321870219,106.81519558916,
    -19.09033817672));
#3900 = DIRECTION('',(0.,0.,1.));
#3901 = DIRECTION('',(0.707106781187,-0.707106781187,0.));
#3902 = ADVANCED_FACE('',(#3903),#3921,.F.);
#3903 = FACE_BOUND('',#3904,.F.);
#3904 = EDGE_LOOP('',(#3905,#3906,#3907,#3915));
#3905 = ORIENTED_EDGE('',*,*,#3890,.F.);
#3906 = ORIENTED_EDGE('',*,*,#3810,.T.);
#3907 = ORIENTED_EDGE('',*,*,#3908,.F.);
#3908 = EDGE_CURVE('',#3909,#3803,#3911,.T.);
#3909 = VERTEX_POINT('',#3910);
#3910 = CARTESIAN_POINT('',(14.222424180612,107.62271148742,-12.7));
#3911 = LINE('',#3912,#3913);
#3912 = CARTESIAN_POINT('',(30.912964261179,90.93217140686,-12.7));
#3913 = VECTOR('',#3914,1.);
#3914 = DIRECTION('',(-0.707106781187,0.707106781187,0.));
#3915 = ORIENTED_EDGE('',*,*,#3916,.F.);
#3916 = EDGE_CURVE('',#3882,#3909,#3917,.T.);
#3917 = LINE('',#3918,#3919);
#3918 = CARTESIAN_POINT('',(14.222424180612,107.62271148742,
    -19.09033817672));
#3919 = VECTOR('',#3920,1.);
#3920 = DIRECTION('',(0.,0.,1.));
#3921 = PLANE('',#3922);
#3922 = AXIS2_PLACEMENT_3D('',#3923,#3924,#3925);
#3923 = CARTESIAN_POINT('',(0.903360688339,120.9417749797,
    -19.09033817672));
#3924 = DIRECTION('',(0.707106781187,0.707106781187,0.));
#3925 = DIRECTION('',(0.,0.,1.));
#3926 = ADVANCED_FACE('',(#3927),#3952,.T.);
#3927 = FACE_BOUND('',#3928,.T.);
#3928 = EDGE_LOOP('',(#3929,#3937,#3938,#3946));
#3929 = ORIENTED_EDGE('',*,*,#3930,.F.);
#3930 = EDGE_CURVE('',#3787,#3931,#3933,.T.);
#3931 = VERTEX_POINT('',#3932);
#3932 = CARTESIAN_POINT('',(657.225,136.525,-38.1));
#3933 = LINE('',#3934,#3935);
#3934 = CARTESIAN_POINT('',(3.175,136.525,-38.1));
#3935 = VECTOR('',#3936,1.);
#3936 = DIRECTION('',(1.,0.,-0.));
#3937 = ORIENTED_EDGE('',*,*,#3794,.T.);
#3938 = ORIENTED_EDGE('',*,*,#3939,.T.);
#3939 = EDGE_CURVE('',#3795,#3940,#3942,.T.);
#3940 = VERTEX_POINT('',#3941);
#3941 = CARTESIAN_POINT('',(657.225,136.525,-12.7));
#3942 = LINE('',#3943,#3944);
#3943 = CARTESIAN_POINT('',(3.175,136.525,-12.7));
#3944 = VECTOR('',#3945,1.);
#3945 = DIRECTION('',(1.,0.,-0.));
#3946 = ORIENTED_EDGE('',*,*,#3947,.F.);
#3947 = EDGE_CURVE('',#3931,#3940,#3948,.T.);
#3948 = LINE('',#3949,#3950);
#3949 = CARTESIAN_POINT('',(657.225,136.525,-38.1));
#3950 = VECTOR('',#3951,1.);
#3951 = DIRECTION('',(0.,0.,1.));
#3952 = PLANE('',#3953);
#3953 = AXIS2_PLACEMENT_3D('',#3954,#3955,#3956);
#3954 = CARTESIAN_POINT('',(3.175,136.525,-38.1));
#3955 = DIRECTION('',(-0.,1.,0.));
#3956 = DIRECTION('',(0.,0.,1.));
#3957 = ADVANCED_FACE('',(#3958,#3976,#3987,#3998,#4009,#4020,#4031,
    #4042,#4053,#4064,#4075,#4086,#4097,#4108,#4119,#4130,#4141,#4152,
    #4163,#4174,#4185,#4196,#4207,#4218,#4229,#4240,#4251,#4262,#4273,
    #4284,#4295,#4306,#4317,#4328,#4339,#4350,#4361,#4372,#4383,#4394,
    #4405),#4416,.F.);
#3958 = FACE_BOUND('',#3959,.F.);
#3959 = EDGE_LOOP('',(#3960,#3961,#3969,#3975));
#3960 = ORIENTED_EDGE('',*,*,#3786,.F.);
#3961 = ORIENTED_EDGE('',*,*,#3962,.T.);
#3962 = EDGE_CURVE('',#3779,#3963,#3965,.T.);
#3963 = VERTEX_POINT('',#3964);
#3964 = CARTESIAN_POINT('',(657.225,3.175,-38.1));
#3965 = LINE('',#3966,#3967);
#3966 = CARTESIAN_POINT('',(3.175,3.175,-38.1));
#3967 = VECTOR('',#3968,1.);
#3968 = DIRECTION('',(1.,0.,-0.));
#3969 = ORIENTED_EDGE('',*,*,#3970,.T.);
#3970 = EDGE_CURVE('',#3963,#3931,#3971,.T.);
#3971 = LINE('',#3972,#3973);
#3972 = CARTESIAN_POINT('',(657.225,3.175,-38.1));
#3973 = VECTOR('',#3974,1.);
#3974 = DIRECTION('',(-0.,1.,0.));
#3975 = ORIENTED_EDGE('',*,*,#3930,.F.);
#3976 = FACE_BOUND('',#3977,.F.);
#3977 = EDGE_LOOP('',(#3978));
#3978 = ORIENTED_EDGE('',*,*,#3979,.T.);
#3979 = EDGE_CURVE('',#3980,#3980,#3982,.T.);
#3980 = VERTEX_POINT('',#3981);
#3981 = CARTESIAN_POINT('',(85.598,12.7,-38.1));
#3982 = CIRCLE('',#3983,3.302);
#3983 = AXIS2_PLACEMENT_3D('',#3984,#3985,#3986);
#3984 = CARTESIAN_POINT('',(88.9,12.7,-38.1));
#3985 = DIRECTION('',(0.,0.,-1.));
#3986 = DIRECTION('',(-1.,0.,0.));
#3987 = FACE_BOUND('',#3988,.F.);
#3988 = EDGE_LOOP('',(#3989));
#3989 = ORIENTED_EDGE('',*,*,#3990,.T.);
#3990 = EDGE_CURVE('',#3991,#3991,#3993,.T.);
#3991 = VERTEX_POINT('',#3992);
#3992 = CARTESIAN_POINT('',(19.25,19.8802,-38.1));
#3993 = CIRCLE('',#3994,1.7272);
#3994 = AXIS2_PLACEMENT_3D('',#3995,#3996,#3997);
#3995 = CARTESIAN_POINT('',(19.25,18.153,-38.1));
#3996 = DIRECTION('',(0.,0.,-1.));
#3997 = DIRECTION('',(-2.22044604925E-16,1.,0.));
#3998 = FACE_BOUND('',#3999,.F.);
#3999 = EDGE_LOOP('',(#4000));
#4000 = ORIENTED_EDGE('',*,*,#4001,.T.);
#4001 = EDGE_CURVE('',#4002,#4002,#4004,.T.);
#4002 = VERTEX_POINT('',#4003);
#4003 = CARTESIAN_POINT('',(44.25,19.8802,-38.1));
#4004 = CIRCLE('',#4005,1.7272);
#4005 = AXIS2_PLACEMENT_3D('',#4006,#4007,#4008);
#4006 = CARTESIAN_POINT('',(44.25,18.153,-38.1));
#4007 = DIRECTION('',(0.,0.,-1.));
#4008 = DIRECTION('',(-2.22044604925E-16,1.,0.));
#4009 = FACE_BOUND('',#4010,.F.);
#4010 = EDGE_LOOP('',(#4011));
#4011 = ORIENTED_EDGE('',*,*,#4012,.T.);
#4012 = EDGE_CURVE('',#4013,#4013,#4015,.T.);
#4013 = VERTEX_POINT('',#4014);
#4014 = CARTESIAN_POINT('',(111.9552,31.95,-38.1));
#4015 = CIRCLE('',#4016,1.7272);
#4016 = AXIS2_PLACEMENT_3D('',#4017,#4018,#4019);
#4017 = CARTESIAN_POINT('',(110.228,31.95,-38.1));
#4018 = DIRECTION('',(0.,0.,-1.));
#4019 = DIRECTION('',(1.,-0.,0.));
#4020 = FACE_BOUND('',#4021,.F.);
#4021 = EDGE_LOOP('',(#4022));
#4022 = ORIENTED_EDGE('',*,*,#4023,.T.);
#4023 = EDGE_CURVE('',#4024,#4024,#4026,.T.);
#4024 = VERTEX_POINT('',#4025);
#4025 = CARTESIAN_POINT('',(174.85013587393,34.064864126069,-38.1));
#4026 = CIRCLE('',#4027,1.7272);
#4027 = AXIS2_PLACEMENT_3D('',#4028,#4029,#4030);
#4028 = CARTESIAN_POINT('',(173.62882104146,35.286178958535,-38.1));
#4029 = DIRECTION('',(-0.,0.,-1.));
#4030 = DIRECTION('',(0.707106781187,-0.707106781187,-0.));
#4031 = FACE_BOUND('',#4032,.F.);
#4032 = EDGE_LOOP('',(#4033));
#4033 = ORIENTED_EDGE('',*,*,#4034,.T.);
#4034 = EDGE_CURVE('',#4035,#4035,#4037,.T.);
#4035 = VERTEX_POINT('',#4036);
#4036 = CARTESIAN_POINT('',(237.998,25.4,-38.1));
#4037 = CIRCLE('',#4038,3.302);
#4038 = AXIS2_PLACEMENT_3D('',#4039,#4040,#4041);
#4039 = CARTESIAN_POINT('',(241.3,25.4,-38.1));
#4040 = DIRECTION('',(0.,0.,-1.));
#4041 = DIRECTION('',(-1.,0.,0.));
#4042 = FACE_BOUND('',#4043,.F.);
#4043 = EDGE_LOOP('',(#4044));
#4044 = ORIENTED_EDGE('',*,*,#4045,.T.);
#4045 = EDGE_CURVE('',#4046,#4046,#4048,.T.);
#4046 = VERTEX_POINT('',#4047);
#4047 = CARTESIAN_POINT('',(21.75,46.1772,-38.1));
#4048 = CIRCLE('',#4049,1.7272);
#4049 = AXIS2_PLACEMENT_3D('',#4050,#4051,#4052);
#4050 = CARTESIAN_POINT('',(21.75,44.45,-38.1));
#4051 = DIRECTION('',(0.,0.,-1.));
#4052 = DIRECTION('',(-2.22044604925E-16,1.,0.));
#4053 = FACE_BOUND('',#4054,.F.);
#4054 = EDGE_LOOP('',(#4055));
#4055 = ORIENTED_EDGE('',*,*,#4056,.T.);
#4056 = EDGE_CURVE('',#4057,#4057,#4059,.T.);
#4057 = VERTEX_POINT('',#4058);
#4058 = CARTESIAN_POINT('',(41.75,46.1772,-38.1));
#4059 = CIRCLE('',#4060,1.7272);
#4060 = AXIS2_PLACEMENT_3D('',#4061,#4062,#4063);
#4061 = CARTESIAN_POINT('',(41.75,44.45,-38.1));
#4062 = DIRECTION('',(0.,0.,-1.));
#4063 = DIRECTION('',(-2.22044604925E-16,1.,0.));
#4064 = FACE_BOUND('',#4065,.F.);
#4065 = EDGE_LOOP('',(#4066));
#4066 = ORIENTED_EDGE('',*,*,#4067,.T.);
#4067 = EDGE_CURVE('',#4068,#4068,#4070,.T.);
#4068 = VERTEX_POINT('',#4069);
#4069 = CARTESIAN_POINT('',(137.5922,44.45,-38.1));
#4070 = CIRCLE('',#4071,1.7272);
#4071 = AXIS2_PLACEMENT_3D('',#4072,#4073,#4074);
#4072 = CARTESIAN_POINT('',(135.865,44.45,-38.1));
#4073 = DIRECTION('',(0.,0.,-1.));
#4074 = DIRECTION('',(1.,-0.,0.));
#4075 = FACE_BOUND('',#4076,.F.);
#4076 = EDGE_LOOP('',(#4077));
#4077 = ORIENTED_EDGE('',*,*,#4078,.T.);
#4078 = EDGE_CURVE('',#4079,#4079,#4081,.T.);
#4079 = VERTEX_POINT('',#4080);
#4080 = CARTESIAN_POINT('',(111.9552,56.95,-38.1));
#4081 = CIRCLE('',#4082,1.7272);
#4082 = AXIS2_PLACEMENT_3D('',#4083,#4084,#4085);
#4083 = CARTESIAN_POINT('',(110.228,56.95,-38.1));
#4084 = DIRECTION('',(0.,0.,-1.));
#4085 = DIRECTION('',(1.,-0.,0.));
#4086 = FACE_BOUND('',#4087,.F.);
#4087 = EDGE_LOOP('',(#4088));
#4088 = ORIENTED_EDGE('',*,*,#4089,.T.);
#4089 = EDGE_CURVE('',#4090,#4090,#4092,.T.);
#4090 = VERTEX_POINT('',#4091);
#4091 = CARTESIAN_POINT('',(390.398,25.4,-38.1));
#4092 = CIRCLE('',#4093,3.302);
#4093 = AXIS2_PLACEMENT_3D('',#4094,#4095,#4096);
#4094 = CARTESIAN_POINT('',(393.7,25.4,-38.1));
#4095 = DIRECTION('',(0.,0.,-1.));
#4096 = DIRECTION('',(-1.,0.,0.));
#4097 = FACE_BOUND('',#4098,.F.);
#4098 = EDGE_LOOP('',(#4099));
#4099 = ORIENTED_EDGE('',*,*,#4100,.T.);
#4100 = EDGE_CURVE('',#4101,#4101,#4103,.T.);
#4101 = VERTEX_POINT('',#4102);
#4102 = CARTESIAN_POINT('',(593.598,12.7,-38.1));
#4103 = CIRCLE('',#4104,3.302);
#4104 = AXIS2_PLACEMENT_3D('',#4105,#4106,#4107);
#4105 = CARTESIAN_POINT('',(596.9,12.7,-38.1));
#4106 = DIRECTION('',(0.,0.,-1.));
#4107 = DIRECTION('',(-1.,0.,0.));
#4108 = FACE_BOUND('',#4109,.F.);
#4109 = EDGE_LOOP('',(#4110));
#4110 = ORIENTED_EDGE('',*,*,#4111,.T.);
#4111 = EDGE_CURVE('',#4112,#4112,#4114,.T.);
#4112 = VERTEX_POINT('',#4113);
#4113 = CARTESIAN_POINT('',(608.1878,39.15,-38.1));
#4114 = CIRCLE('',#4115,1.7272);
#4115 = AXIS2_PLACEMENT_3D('',#4116,#4117,#4118);
#4116 = CARTESIAN_POINT('',(609.915,39.15,-38.1));
#4117 = DIRECTION('',(0.,0.,-1.));
#4118 = DIRECTION('',(-1.,0.,0.));
#4119 = FACE_BOUND('',#4120,.F.);
#4120 = EDGE_LOOP('',(#4121));
#4121 = ORIENTED_EDGE('',*,*,#4122,.T.);
#4122 = EDGE_CURVE('',#4123,#4123,#4125,.T.);
#4123 = VERTEX_POINT('',#4124);
#4124 = CARTESIAN_POINT('',(414.285,55.0672,-38.1));
#4125 = CIRCLE('',#4126,1.7272);
#4126 = AXIS2_PLACEMENT_3D('',#4127,#4128,#4129);
#4127 = CARTESIAN_POINT('',(414.285,53.34,-38.1));
#4128 = DIRECTION('',(0.,0.,-1.));
#4129 = DIRECTION('',(-2.22044604925E-16,1.,0.));
#4130 = FACE_BOUND('',#4131,.F.);
#4131 = EDGE_LOOP('',(#4132));
#4132 = ORIENTED_EDGE('',*,*,#4133,.T.);
#4133 = EDGE_CURVE('',#4134,#4134,#4136,.T.);
#4134 = VERTEX_POINT('',#4135);
#4135 = CARTESIAN_POINT('',(468.04986412606,46.764864126069,-38.1));
#4136 = CIRCLE('',#4137,1.7272);
#4137 = AXIS2_PLACEMENT_3D('',#4138,#4139,#4140);
#4138 = CARTESIAN_POINT('',(469.27117895853,47.986178958535,-38.1));
#4139 = DIRECTION('',(0.,0.,-1.));
#4140 = DIRECTION('',(-0.707106781187,-0.707106781187,-0.));
#4141 = FACE_BOUND('',#4142,.F.);
#4142 = EDGE_LOOP('',(#4143));
#4143 = ORIENTED_EDGE('',*,*,#4144,.T.);
#4144 = EDGE_CURVE('',#4145,#4145,#4147,.T.);
#4145 = VERTEX_POINT('',#4146);
#4146 = CARTESIAN_POINT('',(448.285,55.0672,-38.1));
#4147 = CIRCLE('',#4148,1.7272);
#4148 = AXIS2_PLACEMENT_3D('',#4149,#4150,#4151);
#4149 = CARTESIAN_POINT('',(448.285,53.34,-38.1));
#4150 = DIRECTION('',(0.,0.,-1.));
#4151 = DIRECTION('',(-2.22044604925E-16,1.,0.));
#4152 = FACE_BOUND('',#4153,.F.);
#4153 = EDGE_LOOP('',(#4154));
#4154 = ORIENTED_EDGE('',*,*,#4155,.T.);
#4155 = EDGE_CURVE('',#4156,#4156,#4158,.T.);
#4156 = VERTEX_POINT('',#4157);
#4157 = CARTESIAN_POINT('',(512.1452,44.65,-38.1));
#4158 = CIRCLE('',#4159,1.7272);
#4159 = AXIS2_PLACEMENT_3D('',#4160,#4161,#4162);
#4160 = CARTESIAN_POINT('',(510.418,44.65,-38.1));
#4161 = DIRECTION('',(0.,0.,-1.));
#4162 = DIRECTION('',(1.,-0.,0.));
#4163 = FACE_BOUND('',#4164,.F.);
#4164 = EDGE_LOOP('',(#4165));
#4165 = ORIENTED_EDGE('',*,*,#4166,.T.);
#4166 = EDGE_CURVE('',#4167,#4167,#4169,.T.);
#4167 = VERTEX_POINT('',#4168);
#4168 = CARTESIAN_POINT('',(537.5452,44.65,-38.1));
#4169 = CIRCLE('',#4170,1.7272);
#4170 = AXIS2_PLACEMENT_3D('',#4171,#4172,#4173);
#4171 = CARTESIAN_POINT('',(535.818,44.65,-38.1));
#4172 = DIRECTION('',(0.,0.,-1.));
#4173 = DIRECTION('',(1.,-0.,0.));
#4174 = FACE_BOUND('',#4175,.F.);
#4175 = EDGE_LOOP('',(#4176));
#4176 = ORIENTED_EDGE('',*,*,#4177,.T.);
#4177 = EDGE_CURVE('',#4178,#4178,#4180,.T.);
#4178 = VERTEX_POINT('',#4179);
#4179 = CARTESIAN_POINT('',(638.1878,47.986,-38.1));
#4180 = CIRCLE('',#4181,1.7272);
#4181 = AXIS2_PLACEMENT_3D('',#4182,#4183,#4184);
#4182 = CARTESIAN_POINT('',(639.915,47.986,-38.1));
#4183 = DIRECTION('',(0.,0.,-1.));
#4184 = DIRECTION('',(-1.,0.,0.));
#4185 = FACE_BOUND('',#4186,.F.);
#4186 = EDGE_LOOP('',(#4187));
#4187 = ORIENTED_EDGE('',*,*,#4188,.T.);
#4188 = EDGE_CURVE('',#4189,#4189,#4191,.T.);
#4189 = VERTEX_POINT('',#4190);
#4190 = CARTESIAN_POINT('',(512.1452,69.65,-38.1));
#4191 = CIRCLE('',#4192,1.7272);
#4192 = AXIS2_PLACEMENT_3D('',#4193,#4194,#4195);
#4193 = CARTESIAN_POINT('',(510.418,69.65,-38.1));
#4194 = DIRECTION('',(0.,0.,-1.));
#4195 = DIRECTION('',(1.,-0.,0.));
#4196 = FACE_BOUND('',#4197,.F.);
#4197 = EDGE_LOOP('',(#4198));
#4198 = ORIENTED_EDGE('',*,*,#4199,.T.);
#4199 = EDGE_CURVE('',#4200,#4200,#4202,.T.);
#4200 = VERTEX_POINT('',#4201);
#4201 = CARTESIAN_POINT('',(537.5452,69.65,-38.1));
#4202 = CIRCLE('',#4203,1.7272);
#4203 = AXIS2_PLACEMENT_3D('',#4204,#4205,#4206);
#4204 = CARTESIAN_POINT('',(535.818,69.65,-38.1));
#4205 = DIRECTION('',(0.,0.,-1.));
#4206 = DIRECTION('',(1.,-0.,0.));
#4207 = FACE_BOUND('',#4208,.F.);
#4208 = EDGE_LOOP('',(#4209));
#4209 = ORIENTED_EDGE('',*,*,#4210,.T.);
#4210 = EDGE_CURVE('',#4211,#4211,#4213,.T.);
#4211 = VERTEX_POINT('',#4212);
#4212 = CARTESIAN_POINT('',(651.1878,57.15,-38.1));
#4213 = CIRCLE('',#4214,1.7272);
#4214 = AXIS2_PLACEMENT_3D('',#4215,#4216,#4217);
#4215 = CARTESIAN_POINT('',(652.915,57.15,-38.1));
#4216 = DIRECTION('',(0.,0.,-1.));
#4217 = DIRECTION('',(-1.,0.,0.));
#4218 = FACE_BOUND('',#4219,.F.);
#4219 = EDGE_LOOP('',(#4220));
#4220 = ORIENTED_EDGE('',*,*,#4221,.T.);
#4221 = EDGE_CURVE('',#4222,#4222,#4224,.T.);
#4222 = VERTEX_POINT('',#4223);
#4223 = CARTESIAN_POINT('',(638.1878,66.314,-38.1));
#4224 = CIRCLE('',#4225,1.7272);
#4225 = AXIS2_PLACEMENT_3D('',#4226,#4227,#4228);
#4226 = CARTESIAN_POINT('',(639.915,66.314,-38.1));
#4227 = DIRECTION('',(0.,0.,-1.));
#4228 = DIRECTION('',(-1.,0.,0.));
#4229 = FACE_BOUND('',#4230,.F.);
#4230 = EDGE_LOOP('',(#4231));
#4231 = ORIENTED_EDGE('',*,*,#4232,.T.);
#4232 = EDGE_CURVE('',#4233,#4233,#4235,.T.);
#4233 = VERTEX_POINT('',#4234);
#4234 = CARTESIAN_POINT('',(67.535135873931,78.514864126069,-38.1));
#4235 = CIRCLE('',#4236,1.7272);
#4236 = AXIS2_PLACEMENT_3D('',#4237,#4238,#4239);
#4237 = CARTESIAN_POINT('',(66.313821041465,79.736178958535,-38.1));
#4238 = DIRECTION('',(-0.,0.,-1.));
#4239 = DIRECTION('',(0.707106781187,-0.707106781187,-0.));
#4240 = FACE_BOUND('',#4241,.F.);
#4241 = EDGE_LOOP('',(#4242));
#4242 = ORIENTED_EDGE('',*,*,#4243,.T.);
#4243 = EDGE_CURVE('',#4244,#4244,#4246,.T.);
#4244 = VERTEX_POINT('',#4245);
#4245 = CARTESIAN_POINT('',(21.364864126069,99.285135873931,-38.1));
#4246 = CIRCLE('',#4247,1.7272);
#4247 = AXIS2_PLACEMENT_3D('',#4248,#4249,#4250);
#4248 = CARTESIAN_POINT('',(22.586178958535,98.063821041465,-38.1));
#4249 = DIRECTION('',(0.,0.,-1.));
#4250 = DIRECTION('',(-0.707106781187,0.707106781187,0.));
#4251 = FACE_BOUND('',#4252,.F.);
#4252 = EDGE_LOOP('',(#4253));
#4253 = ORIENTED_EDGE('',*,*,#4254,.T.);
#4254 = EDGE_CURVE('',#4255,#4255,#4257,.T.);
#4255 = VERTEX_POINT('',#4256);
#4256 = CARTESIAN_POINT('',(85.598,101.6,-38.1));
#4257 = CIRCLE('',#4258,3.302);
#4258 = AXIS2_PLACEMENT_3D('',#4259,#4260,#4261);
#4259 = CARTESIAN_POINT('',(88.9,101.6,-38.1));
#4260 = DIRECTION('',(0.,0.,-1.));
#4261 = DIRECTION('',(-1.,0.,0.));
#4262 = FACE_BOUND('',#4263,.F.);
#4263 = EDGE_LOOP('',(#4264));
#4264 = ORIENTED_EDGE('',*,*,#4265,.T.);
#4265 = EDGE_CURVE('',#4266,#4266,#4268,.T.);
#4266 = VERTEX_POINT('',#4267);
#4267 = CARTESIAN_POINT('',(154.07986412606,92.935135873931,-38.1));
#4268 = CIRCLE('',#4269,1.7272);
#4269 = AXIS2_PLACEMENT_3D('',#4270,#4271,#4272);
#4270 = CARTESIAN_POINT('',(155.30117895853,91.713821041465,-38.1));
#4271 = DIRECTION('',(0.,0.,-1.));
#4272 = DIRECTION('',(-0.707106781187,0.707106781187,0.));
#4273 = FACE_BOUND('',#4274,.F.);
#4274 = EDGE_LOOP('',(#4275));
#4275 = ORIENTED_EDGE('',*,*,#4276,.T.);
#4276 = EDGE_CURVE('',#4277,#4277,#4279,.T.);
#4277 = VERTEX_POINT('',#4278);
#4278 = CARTESIAN_POINT('',(284.315,86.2,-38.1));
#4279 = CIRCLE('',#4280,1.65);
#4280 = AXIS2_PLACEMENT_3D('',#4281,#4282,#4283);
#4281 = CARTESIAN_POINT('',(282.665,86.2,-38.1));
#4282 = DIRECTION('',(0.,0.,-1.));
#4283 = DIRECTION('',(1.,-0.,0.));
#4284 = FACE_BOUND('',#4285,.F.);
#4285 = EDGE_LOOP('',(#4286));
#4286 = ORIENTED_EDGE('',*,*,#4287,.T.);
#4287 = EDGE_CURVE('',#4288,#4288,#4290,.T.);
#4288 = VERTEX_POINT('',#4289);
#4289 = CARTESIAN_POINT('',(60.198,114.3,-38.1));
#4290 = CIRCLE('',#4291,3.302);
#4291 = AXIS2_PLACEMENT_3D('',#4292,#4293,#4294);
#4292 = CARTESIAN_POINT('',(63.5,114.3,-38.1));
#4293 = DIRECTION('',(0.,0.,-1.));
#4294 = DIRECTION('',(-1.,0.,0.));
#4295 = FACE_BOUND('',#4296,.F.);
#4296 = EDGE_LOOP('',(#4297));
#4297 = ORIENTED_EDGE('',*,*,#4298,.T.);
#4298 = EDGE_CURVE('',#4299,#4299,#4301,.T.);
#4299 = VERTEX_POINT('',#4300);
#4300 = CARTESIAN_POINT('',(237.4922,132.55,-38.1));
#4301 = CIRCLE('',#4302,1.7272);
#4302 = AXIS2_PLACEMENT_3D('',#4303,#4304,#4305);
#4303 = CARTESIAN_POINT('',(235.765,132.55,-38.1));
#4304 = DIRECTION('',(0.,0.,-1.));
#4305 = DIRECTION('',(1.,-0.,0.));
#4306 = FACE_BOUND('',#4307,.F.);
#4307 = EDGE_LOOP('',(#4308));
#4308 = ORIENTED_EDGE('',*,*,#4309,.T.);
#4309 = EDGE_CURVE('',#4310,#4310,#4312,.T.);
#4310 = VERTEX_POINT('',#4311);
#4311 = CARTESIAN_POINT('',(399.4922,82.55,-38.1));
#4312 = CIRCLE('',#4313,1.7272);
#4313 = AXIS2_PLACEMENT_3D('',#4314,#4315,#4316);
#4314 = CARTESIAN_POINT('',(397.765,82.55,-38.1));
#4315 = DIRECTION('',(0.,0.,-1.));
#4316 = DIRECTION('',(1.,-0.,0.));
#4317 = FACE_BOUND('',#4318,.F.);
#4318 = EDGE_LOOP('',(#4319));
#4319 = ORIENTED_EDGE('',*,*,#4320,.T.);
#4320 = EDGE_CURVE('',#4321,#4321,#4323,.T.);
#4321 = VERTEX_POINT('',#4322);
#4322 = CARTESIAN_POINT('',(414.285,100.7872,-38.1));
#4323 = CIRCLE('',#4324,1.7272);
#4324 = AXIS2_PLACEMENT_3D('',#4325,#4326,#4327);
#4325 = CARTESIAN_POINT('',(414.285,99.06,-38.1));
#4326 = DIRECTION('',(0.,0.,-1.));
#4327 = DIRECTION('',(-2.22044604925E-16,1.,0.));
#4328 = FACE_BOUND('',#4329,.F.);
#4329 = EDGE_LOOP('',(#4330));
#4330 = ORIENTED_EDGE('',*,*,#4331,.T.);
#4331 = EDGE_CURVE('',#4332,#4332,#4334,.T.);
#4332 = VERTEX_POINT('',#4333);
#4333 = CARTESIAN_POINT('',(494.78839994985,89.389702473061,-38.1));
#4334 = CIRCLE('',#4335,1.7272);
#4335 = AXIS2_PLACEMENT_3D('',#4336,#4337,#4338);
#4336 = CARTESIAN_POINT('',(493.56708511739,90.611017305526,-38.1));
#4337 = DIRECTION('',(-0.,0.,-1.));
#4338 = DIRECTION('',(0.707106781187,-0.707106781187,-0.));
#4339 = FACE_BOUND('',#4340,.F.);
#4340 = EDGE_LOOP('',(#4341));
#4341 = ORIENTED_EDGE('',*,*,#4342,.T.);
#4342 = EDGE_CURVE('',#4343,#4343,#4345,.T.);
#4343 = VERTEX_POINT('',#4344);
#4344 = CARTESIAN_POINT('',(448.285,100.7872,-38.1));
#4345 = CIRCLE('',#4346,1.7272);
#4346 = AXIS2_PLACEMENT_3D('',#4347,#4348,#4349);
#4347 = CARTESIAN_POINT('',(448.285,99.06,-38.1));
#4348 = DIRECTION('',(0.,0.,-1.));
#4349 = DIRECTION('',(-2.22044604925E-16,1.,0.));
#4350 = FACE_BOUND('',#4351,.F.);
#4351 = EDGE_LOOP('',(#4352));
#4352 = ORIENTED_EDGE('',*,*,#4353,.T.);
#4353 = EDGE_CURVE('',#4354,#4354,#4356,.T.);
#4354 = VERTEX_POINT('',#4355);
#4355 = CARTESIAN_POINT('',(487.71733213799,96.460770284927,-38.1));
#4356 = CIRCLE('',#4357,1.7272);
#4357 = AXIS2_PLACEMENT_3D('',#4358,#4359,#4360);
#4358 = CARTESIAN_POINT('',(486.49601730552,97.682085117392,-38.1));
#4359 = DIRECTION('',(-0.,0.,-1.));
#4360 = DIRECTION('',(0.707106781187,-0.707106781187,-0.));
#4361 = FACE_BOUND('',#4362,.F.);
#4362 = EDGE_LOOP('',(#4363));
#4363 = ORIENTED_EDGE('',*,*,#4364,.T.);
#4364 = EDGE_CURVE('',#4365,#4365,#4367,.T.);
#4365 = VERTEX_POINT('',#4366);
#4366 = CARTESIAN_POINT('',(608.1878,75.15,-38.1));
#4367 = CIRCLE('',#4368,1.7272);
#4368 = AXIS2_PLACEMENT_3D('',#4369,#4370,#4371);
#4369 = CARTESIAN_POINT('',(609.915,75.15,-38.1));
#4370 = DIRECTION('',(0.,0.,-1.));
#4371 = DIRECTION('',(-1.,0.,0.));
#4372 = FACE_BOUND('',#4373,.F.);
#4373 = EDGE_LOOP('',(#4374));
#4374 = ORIENTED_EDGE('',*,*,#4375,.T.);
#4375 = EDGE_CURVE('',#4376,#4376,#4378,.T.);
#4376 = VERTEX_POINT('',#4377);
#4377 = CARTESIAN_POINT('',(542.798,101.6,-38.1));
#4378 = CIRCLE('',#4379,3.302);
#4379 = AXIS2_PLACEMENT_3D('',#4380,#4381,#4382);
#4380 = CARTESIAN_POINT('',(546.1,101.6,-38.1));
#4381 = DIRECTION('',(0.,0.,-1.));
#4382 = DIRECTION('',(-1.,0.,0.));
#4383 = FACE_BOUND('',#4384,.F.);
#4384 = EDGE_LOOP('',(#4385));
#4385 = ORIENTED_EDGE('',*,*,#4386,.T.);
#4386 = EDGE_CURVE('',#4387,#4387,#4389,.T.);
#4387 = VERTEX_POINT('',#4388);
#4388 = CARTESIAN_POINT('',(377.7362,109.88,-38.1));
#4389 = CIRCLE('',#4390,1.7272);
#4390 = AXIS2_PLACEMENT_3D('',#4391,#4392,#4393);
#4391 = CARTESIAN_POINT('',(376.009,109.88,-38.1));
#4392 = DIRECTION('',(0.,0.,-1.));
#4393 = DIRECTION('',(1.,-0.,0.));
#4394 = FACE_BOUND('',#4395,.F.);
#4395 = EDGE_LOOP('',(#4396));
#4396 = ORIENTED_EDGE('',*,*,#4397,.T.);
#4397 = EDGE_CURVE('',#4398,#4398,#4400,.T.);
#4398 = VERTEX_POINT('',#4399);
#4399 = CARTESIAN_POINT('',(339.598,114.3,-38.1));
#4400 = CIRCLE('',#4401,3.302);
#4401 = AXIS2_PLACEMENT_3D('',#4402,#4403,#4404);
#4402 = CARTESIAN_POINT('',(342.9,114.3,-38.1));
#4403 = DIRECTION('',(0.,0.,-1.));
#4404 = DIRECTION('',(-1.,0.,0.));
#4405 = FACE_BOUND('',#4406,.F.);
#4406 = EDGE_LOOP('',(#4407));
#4407 = ORIENTED_EDGE('',*,*,#4408,.T.);
#4408 = EDGE_CURVE('',#4409,#4409,#4411,.T.);
#4409 = VERTEX_POINT('',#4410);
#4410 = CARTESIAN_POINT('',(618.998,114.3,-38.1));
#4411 = CIRCLE('',#4412,3.302);
#4412 = AXIS2_PLACEMENT_3D('',#4413,#4414,#4415);
#4413 = CARTESIAN_POINT('',(622.3,114.3,-38.1));
#4414 = DIRECTION('',(0.,0.,-1.));
#4415 = DIRECTION('',(-1.,0.,0.));
#4416 = PLANE('',#4417);
#4417 = AXIS2_PLACEMENT_3D('',#4418,#4419,#4420);
#4418 = CARTESIAN_POINT('',(3.175,3.175,-38.1));
#4419 = DIRECTION('',(0.,0.,1.));
#4420 = DIRECTION('',(1.,0.,-0.));
#4421 = ADVANCED_FACE('',(#4422),#4440,.F.);
#4422 = FACE_BOUND('',#4423,.F.);
#4423 = EDGE_LOOP('',(#4424,#4425,#4426,#4434));
#4424 = ORIENTED_EDGE('',*,*,#3962,.F.);
#4425 = ORIENTED_EDGE('',*,*,#3778,.T.);
#4426 = ORIENTED_EDGE('',*,*,#4427,.T.);
#4427 = EDGE_CURVE('',#3769,#4428,#4430,.T.);
#4428 = VERTEX_POINT('',#4429);
#4429 = CARTESIAN_POINT('',(657.225,3.175,-12.7));
#4430 = LINE('',#4431,#4432);
#4431 = CARTESIAN_POINT('',(3.175,3.175,-12.7));
#4432 = VECTOR('',#4433,1.);
#4433 = DIRECTION('',(1.,0.,-0.));
#4434 = ORIENTED_EDGE('',*,*,#4435,.F.);
#4435 = EDGE_CURVE('',#3963,#4428,#4436,.T.);
#4436 = LINE('',#4437,#4438);
#4437 = CARTESIAN_POINT('',(657.225,3.175,-38.1));
#4438 = VECTOR('',#4439,1.);
#4439 = DIRECTION('',(0.,0.,1.));
#4440 = PLANE('',#4441);
#4441 = AXIS2_PLACEMENT_3D('',#4442,#4443,#4444);
#4442 = CARTESIAN_POINT('',(3.175,3.175,-38.1));
#4443 = DIRECTION('',(-0.,1.,0.));
#4444 = DIRECTION('',(0.,0.,1.));
#4445 = ADVANCED_FACE('',(#4446),#4464,.F.);
#4446 = FACE_BOUND('',#4447,.F.);
#4447 = EDGE_LOOP('',(#4448,#4456,#4462,#4463));
#4448 = ORIENTED_EDGE('',*,*,#4449,.T.);
#4449 = EDGE_CURVE('',#3874,#4450,#4452,.T.);
#4450 = VERTEX_POINT('',#4451);
#4451 = CARTESIAN_POINT('',(14.222424180612,103.13399764045,-12.7));
#4452 = LINE('',#4453,#4454);
#4453 = CARTESIAN_POINT('',(14.222424180612,103.13399764045,
    -19.09033817672));
#4454 = VECTOR('',#4455,1.);
#4455 = DIRECTION('',(0.,0.,1.));
#4456 = ORIENTED_EDGE('',*,*,#4457,.F.);
#4457 = EDGE_CURVE('',#3851,#4450,#4458,.T.);
#4458 = LINE('',#4459,#4460);
#4459 = CARTESIAN_POINT('',(-19.47029250817,69.441280951665,-12.7));
#4460 = VECTOR('',#4461,1.);
#4461 = DIRECTION('',(0.707106781187,0.707106781187,-0.));
#4462 = ORIENTED_EDGE('',*,*,#3850,.F.);
#4463 = ORIENTED_EDGE('',*,*,#3873,.T.);
#4464 = PLANE('',#4465);
#4465 = AXIS2_PLACEMENT_3D('',#4466,#4467,#4468);
#4466 = CARTESIAN_POINT('',(2.340201713566,91.251775173408,
    -19.09033817672));
#4467 = DIRECTION('',(0.707106781187,-0.707106781187,0.));
#4468 = DIRECTION('',(0.,0.,1.));
#4469 = ADVANCED_FACE('',(#4470),#4491,.F.);
#4470 = FACE_BOUND('',#4471,.F.);
#4471 = EDGE_LOOP('',(#4472,#4473,#4474,#4475,#4484));
#4472 = ORIENTED_EDGE('',*,*,#4449,.F.);
#4473 = ORIENTED_EDGE('',*,*,#3881,.T.);
#4474 = ORIENTED_EDGE('',*,*,#3916,.T.);
#4475 = ORIENTED_EDGE('',*,*,#4476,.F.);
#4476 = EDGE_CURVE('',#4477,#3909,#4479,.T.);
#4477 = VERTEX_POINT('',#4478);
#4478 = CARTESIAN_POINT('',(15.145621555009,105.17617699356,-12.7));
#4479 = CIRCLE('',#4480,3.174);
#4480 = AXIS2_PLACEMENT_3D('',#4481,#4482,#4483);
#4481 = CARTESIAN_POINT('',(11.978067257126,105.37835456394,-12.7));
#4482 = DIRECTION('',(0.,0.,1.));
#4483 = DIRECTION('',(0.707106781187,-0.707106781187,0.));
#4484 = ORIENTED_EDGE('',*,*,#4485,.F.);
#4485 = EDGE_CURVE('',#4450,#4477,#4486,.T.);
#4486 = CIRCLE('',#4487,3.174);
#4487 = AXIS2_PLACEMENT_3D('',#4488,#4489,#4490);
#4488 = CARTESIAN_POINT('',(11.978067257126,105.37835456394,-12.7));
#4489 = DIRECTION('',(0.,0.,1.));
#4490 = DIRECTION('',(0.707106781187,-0.707106781187,0.));
#4491 = CYLINDRICAL_SURFACE('',#4492,3.174);
#4492 = AXIS2_PLACEMENT_3D('',#4493,#4494,#4495);
#4493 = CARTESIAN_POINT('',(11.978067257126,105.37835456394,
    -19.09033817672));
#4494 = DIRECTION('',(0.,0.,1.));
#4495 = DIRECTION('',(0.707106781187,-0.707106781187,0.));
#4496 = ADVANCED_FACE('',(#4497),#4508,.T.);
#4497 = FACE_BOUND('',#4498,.T.);
#4498 = EDGE_LOOP('',(#4499,#4500,#4501,#4502));
#4499 = ORIENTED_EDGE('',*,*,#4435,.F.);
#4500 = ORIENTED_EDGE('',*,*,#3970,.T.);
#4501 = ORIENTED_EDGE('',*,*,#3947,.T.);
#4502 = ORIENTED_EDGE('',*,*,#4503,.F.);
#4503 = EDGE_CURVE('',#4428,#3940,#4504,.T.);
#4504 = LINE('',#4505,#4506);
#4505 = CARTESIAN_POINT('',(657.225,3.175,-12.7));
#4506 = VECTOR('',#4507,1.);
#4507 = DIRECTION('',(-0.,1.,0.));
#4508 = PLANE('',#4509);
#4509 = AXIS2_PLACEMENT_3D('',#4510,#4511,#4512);
#4510 = CARTESIAN_POINT('',(657.225,3.175,-38.1));
#4511 = DIRECTION('',(1.,0.,-0.));
#4512 = DIRECTION('',(0.,0.,1.));
#4513 = ADVANCED_FACE('',(#4514),#4533,.F.);
#4514 = FACE_BOUND('',#4515,.F.);
#4515 = EDGE_LOOP('',(#4516,#4517,#4525,#4532));
#4516 = ORIENTED_EDGE('',*,*,#4023,.F.);
#4517 = ORIENTED_EDGE('',*,*,#4518,.F.);
#4518 = EDGE_CURVE('',#4519,#4024,#4521,.T.);
#4519 = VERTEX_POINT('',#4520);
#4520 = CARTESIAN_POINT('',(174.85013587393,34.064864126069,-12.7));
#4521 = LINE('',#4522,#4523);
#4522 = CARTESIAN_POINT('',(174.85013587393,34.064864126069,-12.7));
#4523 = VECTOR('',#4524,1.);
#4524 = DIRECTION('',(-0.,0.,-1.));
#4525 = ORIENTED_EDGE('',*,*,#4526,.T.);
#4526 = EDGE_CURVE('',#4519,#4519,#4527,.T.);
#4527 = CIRCLE('',#4528,1.7272);
#4528 = AXIS2_PLACEMENT_3D('',#4529,#4530,#4531);
#4529 = CARTESIAN_POINT('',(173.62882104146,35.286178958535,-12.7));
#4530 = DIRECTION('',(0.,-0.,-1.));
#4531 = DIRECTION('',(0.707106781187,-0.707106781187,0.));
#4532 = ORIENTED_EDGE('',*,*,#4518,.T.);
#4533 = CYLINDRICAL_SURFACE('',#4534,1.7272);
#4534 = AXIS2_PLACEMENT_3D('',#4535,#4536,#4537);
#4535 = CARTESIAN_POINT('',(173.62882104146,35.286178958535,-12.7));
#4536 = DIRECTION('',(-0.,0.,-1.));
#4537 = DIRECTION('',(0.707106781187,-0.707106781187,0.));
#4538 = ADVANCED_FACE('',(#4539),#4558,.F.);
#4539 = FACE_BOUND('',#4540,.F.);
#4540 = EDGE_LOOP('',(#4541,#4542,#4550,#4557));
#4541 = ORIENTED_EDGE('',*,*,#4067,.F.);
#4542 = ORIENTED_EDGE('',*,*,#4543,.F.);
#4543 = EDGE_CURVE('',#4544,#4068,#4546,.T.);
#4544 = VERTEX_POINT('',#4545);
#4545 = CARTESIAN_POINT('',(137.5922,44.45,-12.7));
#4546 = LINE('',#4547,#4548);
#4547 = CARTESIAN_POINT('',(137.5922,44.45,-12.7));
#4548 = VECTOR('',#4549,1.);
#4549 = DIRECTION('',(0.,0.,-1.));
#4550 = ORIENTED_EDGE('',*,*,#4551,.T.);
#4551 = EDGE_CURVE('',#4544,#4544,#4552,.T.);
#4552 = CIRCLE('',#4553,1.7272);
#4553 = AXIS2_PLACEMENT_3D('',#4554,#4555,#4556);
#4554 = CARTESIAN_POINT('',(135.865,44.45,-12.7));
#4555 = DIRECTION('',(0.,0.,-1.));
#4556 = DIRECTION('',(1.,-0.,0.));
#4557 = ORIENTED_EDGE('',*,*,#4543,.T.);
#4558 = CYLINDRICAL_SURFACE('',#4559,1.7272);
#4559 = AXIS2_PLACEMENT_3D('',#4560,#4561,#4562);
#4560 = CARTESIAN_POINT('',(135.865,44.45,-12.7));
#4561 = DIRECTION('',(0.,0.,-1.));
#4562 = DIRECTION('',(1.,-0.,0.));
#4563 = ADVANCED_FACE('',(#4564),#4583,.F.);
#4564 = FACE_BOUND('',#4565,.F.);
#4565 = EDGE_LOOP('',(#4566,#4567,#4575,#4582));
#4566 = ORIENTED_EDGE('',*,*,#4133,.F.);
#4567 = ORIENTED_EDGE('',*,*,#4568,.F.);
#4568 = EDGE_CURVE('',#4569,#4134,#4571,.T.);
#4569 = VERTEX_POINT('',#4570);
#4570 = CARTESIAN_POINT('',(468.04986412606,46.764864126069,-12.7));
#4571 = LINE('',#4572,#4573);
#4572 = CARTESIAN_POINT('',(468.04986412606,46.764864126069,-12.7));
#4573 = VECTOR('',#4574,1.);
#4574 = DIRECTION('',(0.,0.,-1.));
#4575 = ORIENTED_EDGE('',*,*,#4576,.T.);
#4576 = EDGE_CURVE('',#4569,#4569,#4577,.T.);
#4577 = CIRCLE('',#4578,1.7272);
#4578 = AXIS2_PLACEMENT_3D('',#4579,#4580,#4581);
#4579 = CARTESIAN_POINT('',(469.27117895853,47.986178958535,-12.7));
#4580 = DIRECTION('',(-0.,0.,-1.));
#4581 = DIRECTION('',(-0.707106781187,-0.707106781187,0.));
#4582 = ORIENTED_EDGE('',*,*,#4568,.T.);
#4583 = CYLINDRICAL_SURFACE('',#4584,1.7272);
#4584 = AXIS2_PLACEMENT_3D('',#4585,#4586,#4587);
#4585 = CARTESIAN_POINT('',(469.27117895853,47.986178958535,-12.7));
#4586 = DIRECTION('',(0.,0.,-1.));
#4587 = DIRECTION('',(-0.707106781187,-0.707106781187,0.));
#4588 = ADVANCED_FACE('',(#4589),#4608,.F.);
#4589 = FACE_BOUND('',#4590,.F.);
#4590 = EDGE_LOOP('',(#4591,#4592,#4600,#4607));
#4591 = ORIENTED_EDGE('',*,*,#4177,.F.);
#4592 = ORIENTED_EDGE('',*,*,#4593,.F.);
#4593 = EDGE_CURVE('',#4594,#4178,#4596,.T.);
#4594 = VERTEX_POINT('',#4595);
#4595 = CARTESIAN_POINT('',(638.1878,47.986,-12.7));
#4596 = LINE('',#4597,#4598);
#4597 = CARTESIAN_POINT('',(638.1878,47.986,0.));
#4598 = VECTOR('',#4599,1.);
#4599 = DIRECTION('',(0.,0.,-1.));
#4600 = ORIENTED_EDGE('',*,*,#4601,.T.);
#4601 = EDGE_CURVE('',#4594,#4594,#4602,.T.);
#4602 = CIRCLE('',#4603,1.7272);
#4603 = AXIS2_PLACEMENT_3D('',#4604,#4605,#4606);
#4604 = CARTESIAN_POINT('',(639.915,47.986,-12.7));
#4605 = DIRECTION('',(0.,0.,-1.));
#4606 = DIRECTION('',(-1.,0.,0.));
#4607 = ORIENTED_EDGE('',*,*,#4593,.T.);
#4608 = CYLINDRICAL_SURFACE('',#4609,1.7272);
#4609 = AXIS2_PLACEMENT_3D('',#4610,#4611,#4612);
#4610 = CARTESIAN_POINT('',(639.915,47.986,0.));
#4611 = DIRECTION('',(0.,0.,-1.));
#4612 = DIRECTION('',(-1.,0.,0.));
#4613 = ADVANCED_FACE('',(#4614),#4633,.F.);
#4614 = FACE_BOUND('',#4615,.F.);
#4615 = EDGE_LOOP('',(#4616,#4617,#4625,#4632));
#4616 = ORIENTED_EDGE('',*,*,#4210,.F.);
#4617 = ORIENTED_EDGE('',*,*,#4618,.F.);
#4618 = EDGE_CURVE('',#4619,#4211,#4621,.T.);
#4619 = VERTEX_POINT('',#4620);
#4620 = CARTESIAN_POINT('',(651.1878,57.15,-12.7));
#4621 = LINE('',#4622,#4623);
#4622 = CARTESIAN_POINT('',(651.1878,57.15,0.));
#4623 = VECTOR('',#4624,1.);
#4624 = DIRECTION('',(0.,0.,-1.));
#4625 = ORIENTED_EDGE('',*,*,#4626,.T.);
#4626 = EDGE_CURVE('',#4619,#4619,#4627,.T.);
#4627 = CIRCLE('',#4628,1.7272);
#4628 = AXIS2_PLACEMENT_3D('',#4629,#4630,#4631);
#4629 = CARTESIAN_POINT('',(652.915,57.15,-12.7));
#4630 = DIRECTION('',(0.,0.,-1.));
#4631 = DIRECTION('',(-1.,0.,0.));
#4632 = ORIENTED_EDGE('',*,*,#4618,.T.);
#4633 = CYLINDRICAL_SURFACE('',#4634,1.7272);
#4634 = AXIS2_PLACEMENT_3D('',#4635,#4636,#4637);
#4635 = CARTESIAN_POINT('',(652.915,57.15,0.));
#4636 = DIRECTION('',(0.,0.,-1.));
#4637 = DIRECTION('',(-1.,0.,0.));
#4638 = ADVANCED_FACE('',(#4639),#4658,.F.);
#4639 = FACE_BOUND('',#4640,.F.);
#4640 = EDGE_LOOP('',(#4641,#4642,#4650,#4657));
#4641 = ORIENTED_EDGE('',*,*,#4221,.F.);
#4642 = ORIENTED_EDGE('',*,*,#4643,.F.);
#4643 = EDGE_CURVE('',#4644,#4222,#4646,.T.);
#4644 = VERTEX_POINT('',#4645);
#4645 = CARTESIAN_POINT('',(638.1878,66.314,-12.7));
#4646 = LINE('',#4647,#4648);
#4647 = CARTESIAN_POINT('',(638.1878,66.314,0.));
#4648 = VECTOR('',#4649,1.);
#4649 = DIRECTION('',(0.,0.,-1.));
#4650 = ORIENTED_EDGE('',*,*,#4651,.T.);
#4651 = EDGE_CURVE('',#4644,#4644,#4652,.T.);
#4652 = CIRCLE('',#4653,1.7272);
#4653 = AXIS2_PLACEMENT_3D('',#4654,#4655,#4656);
#4654 = CARTESIAN_POINT('',(639.915,66.314,-12.7));
#4655 = DIRECTION('',(0.,0.,-1.));
#4656 = DIRECTION('',(-1.,0.,0.));
#4657 = ORIENTED_EDGE('',*,*,#4643,.T.);
#4658 = CYLINDRICAL_SURFACE('',#4659,1.7272);
#4659 = AXIS2_PLACEMENT_3D('',#4660,#4661,#4662);
#4660 = CARTESIAN_POINT('',(639.915,66.314,0.));
#4661 = DIRECTION('',(0.,0.,-1.));
#4662 = DIRECTION('',(-1.,0.,0.));
#4663 = ADVANCED_FACE('',(#4664),#4683,.F.);
#4664 = FACE_BOUND('',#4665,.F.);
#4665 = EDGE_LOOP('',(#4666,#4667,#4675,#4682));
#4666 = ORIENTED_EDGE('',*,*,#4232,.F.);
#4667 = ORIENTED_EDGE('',*,*,#4668,.F.);
#4668 = EDGE_CURVE('',#4669,#4233,#4671,.T.);
#4669 = VERTEX_POINT('',#4670);
#4670 = CARTESIAN_POINT('',(67.535135873931,78.514864126069,-12.7));
#4671 = LINE('',#4672,#4673);
#4672 = CARTESIAN_POINT('',(67.535135873931,78.514864126069,-12.7));
#4673 = VECTOR('',#4674,1.);
#4674 = DIRECTION('',(-0.,0.,-1.));
#4675 = ORIENTED_EDGE('',*,*,#4676,.T.);
#4676 = EDGE_CURVE('',#4669,#4669,#4677,.T.);
#4677 = CIRCLE('',#4678,1.7272);
#4678 = AXIS2_PLACEMENT_3D('',#4679,#4680,#4681);
#4679 = CARTESIAN_POINT('',(66.313821041465,79.736178958535,-12.7));
#4680 = DIRECTION('',(0.,-0.,-1.));
#4681 = DIRECTION('',(0.707106781187,-0.707106781187,0.));
#4682 = ORIENTED_EDGE('',*,*,#4668,.T.);
#4683 = CYLINDRICAL_SURFACE('',#4684,1.7272);
#4684 = AXIS2_PLACEMENT_3D('',#4685,#4686,#4687);
#4685 = CARTESIAN_POINT('',(66.313821041465,79.736178958535,-12.7));
#4686 = DIRECTION('',(-0.,0.,-1.));
#4687 = DIRECTION('',(0.707106781187,-0.707106781187,0.));
#4688 = ADVANCED_FACE('',(#4689),#4708,.F.);
#4689 = FACE_BOUND('',#4690,.F.);
#4690 = EDGE_LOOP('',(#4691,#4692,#4700,#4707));
#4691 = ORIENTED_EDGE('',*,*,#4243,.F.);
#4692 = ORIENTED_EDGE('',*,*,#4693,.F.);
#4693 = EDGE_CURVE('',#4694,#4244,#4696,.T.);
#4694 = VERTEX_POINT('',#4695);
#4695 = CARTESIAN_POINT('',(21.364864126069,99.285135873931,-12.7));
#4696 = LINE('',#4697,#4698);
#4697 = CARTESIAN_POINT('',(21.364864126069,99.285135873931,-12.7));
#4698 = VECTOR('',#4699,1.);
#4699 = DIRECTION('',(0.,0.,-1.));
#4700 = ORIENTED_EDGE('',*,*,#4701,.T.);
#4701 = EDGE_CURVE('',#4694,#4694,#4702,.T.);
#4702 = CIRCLE('',#4703,1.7272);
#4703 = AXIS2_PLACEMENT_3D('',#4704,#4705,#4706);
#4704 = CARTESIAN_POINT('',(22.586178958535,98.063821041465,-12.7));
#4705 = DIRECTION('',(0.,0.,-1.));
#4706 = DIRECTION('',(-0.707106781187,0.707106781187,0.));
#4707 = ORIENTED_EDGE('',*,*,#4693,.T.);
#4708 = CYLINDRICAL_SURFACE('',#4709,1.7272);
#4709 = AXIS2_PLACEMENT_3D('',#4710,#4711,#4712);
#4710 = CARTESIAN_POINT('',(22.586178958535,98.063821041465,-12.7));
#4711 = DIRECTION('',(0.,0.,-1.));
#4712 = DIRECTION('',(-0.707106781187,0.707106781187,0.));
#4713 = ADVANCED_FACE('',(#4714),#4733,.F.);
#4714 = FACE_BOUND('',#4715,.F.);
#4715 = EDGE_LOOP('',(#4716,#4717,#4725,#4732));
#4716 = ORIENTED_EDGE('',*,*,#4265,.F.);
#4717 = ORIENTED_EDGE('',*,*,#4718,.F.);
#4718 = EDGE_CURVE('',#4719,#4266,#4721,.T.);
#4719 = VERTEX_POINT('',#4720);
#4720 = CARTESIAN_POINT('',(154.07986412606,92.935135873931,-12.7));
#4721 = LINE('',#4722,#4723);
#4722 = CARTESIAN_POINT('',(154.07986412606,92.935135873931,-12.7));
#4723 = VECTOR('',#4724,1.);
#4724 = DIRECTION('',(0.,0.,-1.));
#4725 = ORIENTED_EDGE('',*,*,#4726,.T.);
#4726 = EDGE_CURVE('',#4719,#4719,#4727,.T.);
#4727 = CIRCLE('',#4728,1.7272);
#4728 = AXIS2_PLACEMENT_3D('',#4729,#4730,#4731);
#4729 = CARTESIAN_POINT('',(155.30117895853,91.713821041465,-12.7));
#4730 = DIRECTION('',(0.,0.,-1.));
#4731 = DIRECTION('',(-0.707106781187,0.707106781187,0.));
#4732 = ORIENTED_EDGE('',*,*,#4718,.T.);
#4733 = CYLINDRICAL_SURFACE('',#4734,1.7272);
#4734 = AXIS2_PLACEMENT_3D('',#4735,#4736,#4737);
#4735 = CARTESIAN_POINT('',(155.30117895853,91.713821041465,-12.7));
#4736 = DIRECTION('',(0.,0.,-1.));
#4737 = DIRECTION('',(-0.707106781187,0.707106781187,0.));
#4738 = ADVANCED_FACE('',(#4739),#4758,.F.);
#4739 = FACE_BOUND('',#4740,.F.);
#4740 = EDGE_LOOP('',(#4741,#4742,#4750,#4757));
#4741 = ORIENTED_EDGE('',*,*,#4298,.F.);
#4742 = ORIENTED_EDGE('',*,*,#4743,.F.);
#4743 = EDGE_CURVE('',#4744,#4299,#4746,.T.);
#4744 = VERTEX_POINT('',#4745);
#4745 = CARTESIAN_POINT('',(237.4922,132.55,-12.7));
#4746 = LINE('',#4747,#4748);
#4747 = CARTESIAN_POINT('',(237.4922,132.55,0.));
#4748 = VECTOR('',#4749,1.);
#4749 = DIRECTION('',(0.,0.,-1.));
#4750 = ORIENTED_EDGE('',*,*,#4751,.T.);
#4751 = EDGE_CURVE('',#4744,#4744,#4752,.T.);
#4752 = CIRCLE('',#4753,1.7272);
#4753 = AXIS2_PLACEMENT_3D('',#4754,#4755,#4756);
#4754 = CARTESIAN_POINT('',(235.765,132.55,-12.7));
#4755 = DIRECTION('',(0.,0.,-1.));
#4756 = DIRECTION('',(1.,-0.,0.));
#4757 = ORIENTED_EDGE('',*,*,#4743,.T.);
#4758 = CYLINDRICAL_SURFACE('',#4759,1.7272);
#4759 = AXIS2_PLACEMENT_3D('',#4760,#4761,#4762);
#4760 = CARTESIAN_POINT('',(235.765,132.55,0.));
#4761 = DIRECTION('',(0.,0.,-1.));
#4762 = DIRECTION('',(1.,-0.,0.));
#4763 = ADVANCED_FACE('',(#4764),#4783,.F.);
#4764 = FACE_BOUND('',#4765,.F.);
#4765 = EDGE_LOOP('',(#4766,#4767,#4775,#4782));
#4766 = ORIENTED_EDGE('',*,*,#4309,.F.);
#4767 = ORIENTED_EDGE('',*,*,#4768,.F.);
#4768 = EDGE_CURVE('',#4769,#4310,#4771,.T.);
#4769 = VERTEX_POINT('',#4770);
#4770 = CARTESIAN_POINT('',(399.4922,82.55,-12.7));
#4771 = LINE('',#4772,#4773);
#4772 = CARTESIAN_POINT('',(399.4922,82.55,-12.7));
#4773 = VECTOR('',#4774,1.);
#4774 = DIRECTION('',(0.,0.,-1.));
#4775 = ORIENTED_EDGE('',*,*,#4776,.T.);
#4776 = EDGE_CURVE('',#4769,#4769,#4777,.T.);
#4777 = CIRCLE('',#4778,1.7272);
#4778 = AXIS2_PLACEMENT_3D('',#4779,#4780,#4781);
#4779 = CARTESIAN_POINT('',(397.765,82.55,-12.7));
#4780 = DIRECTION('',(0.,0.,-1.));
#4781 = DIRECTION('',(1.,-0.,0.));
#4782 = ORIENTED_EDGE('',*,*,#4768,.T.);
#4783 = CYLINDRICAL_SURFACE('',#4784,1.7272);
#4784 = AXIS2_PLACEMENT_3D('',#4785,#4786,#4787);
#4785 = CARTESIAN_POINT('',(397.765,82.55,-12.7));
#4786 = DIRECTION('',(0.,0.,-1.));
#4787 = DIRECTION('',(1.,-0.,0.));
#4788 = ADVANCED_FACE('',(#4789),#4808,.F.);
#4789 = FACE_BOUND('',#4790,.F.);
#4790 = EDGE_LOOP('',(#4791,#4792,#4800,#4807));
#4791 = ORIENTED_EDGE('',*,*,#4386,.F.);
#4792 = ORIENTED_EDGE('',*,*,#4793,.F.);
#4793 = EDGE_CURVE('',#4794,#4387,#4796,.T.);
#4794 = VERTEX_POINT('',#4795);
#4795 = CARTESIAN_POINT('',(377.7362,109.88,-12.7));
#4796 = LINE('',#4797,#4798);
#4797 = CARTESIAN_POINT('',(377.7362,109.88,-12.7));
#4798 = VECTOR('',#4799,1.);
#4799 = DIRECTION('',(0.,0.,-1.));
#4800 = ORIENTED_EDGE('',*,*,#4801,.T.);
#4801 = EDGE_CURVE('',#4794,#4794,#4802,.T.);
#4802 = CIRCLE('',#4803,1.7272);
#4803 = AXIS2_PLACEMENT_3D('',#4804,#4805,#4806);
#4804 = CARTESIAN_POINT('',(376.009,109.88,-12.7));
#4805 = DIRECTION('',(0.,0.,-1.));
#4806 = DIRECTION('',(1.,-0.,0.));
#4807 = ORIENTED_EDGE('',*,*,#4793,.T.);
#4808 = CYLINDRICAL_SURFACE('',#4809,1.7272);
#4809 = AXIS2_PLACEMENT_3D('',#4810,#4811,#4812);
#4810 = CARTESIAN_POINT('',(376.009,109.88,-12.7));
#4811 = DIRECTION('',(0.,0.,-1.));
#4812 = DIRECTION('',(1.,-0.,0.));
#4813 = ADVANCED_FACE('',(#4814),#4825,.F.);
#4814 = FACE_BOUND('',#4815,.F.);
#4815 = EDGE_LOOP('',(#4816,#4817,#4823,#4824));
#4816 = ORIENTED_EDGE('',*,*,#3457,.T.);
#4817 = ORIENTED_EDGE('',*,*,#4818,.T.);
#4818 = EDGE_CURVE('',#3458,#3980,#4819,.T.);
#4819 = LINE('',#4820,#4821);
#4820 = CARTESIAN_POINT('',(85.598,12.7,-12.7));
#4821 = VECTOR('',#4822,1.);
#4822 = DIRECTION('',(0.,0.,-1.));
#4823 = ORIENTED_EDGE('',*,*,#3979,.F.);
#4824 = ORIENTED_EDGE('',*,*,#4818,.F.);
#4825 = CYLINDRICAL_SURFACE('',#4826,3.302);
#4826 = AXIS2_PLACEMENT_3D('',#4827,#4828,#4829);
#4827 = CARTESIAN_POINT('',(88.9,12.7,-12.7));
#4828 = DIRECTION('',(0.,0.,-1.));
#4829 = DIRECTION('',(-1.,0.,0.));
#4830 = ADVANCED_FACE('',(#4831),#4842,.F.);
#4831 = FACE_BOUND('',#4832,.F.);
#4832 = EDGE_LOOP('',(#4833,#4834,#4840,#4841));
#4833 = ORIENTED_EDGE('',*,*,#3740,.T.);
#4834 = ORIENTED_EDGE('',*,*,#4835,.T.);
#4835 = EDGE_CURVE('',#3741,#3991,#4836,.T.);
#4836 = LINE('',#4837,#4838);
#4837 = CARTESIAN_POINT('',(19.25,19.8802,-13.97));
#4838 = VECTOR('',#4839,1.);
#4839 = DIRECTION('',(0.,0.,-1.));
#4840 = ORIENTED_EDGE('',*,*,#3990,.F.);
#4841 = ORIENTED_EDGE('',*,*,#4835,.F.);
#4842 = CYLINDRICAL_SURFACE('',#4843,1.7272);
#4843 = AXIS2_PLACEMENT_3D('',#4844,#4845,#4846);
#4844 = CARTESIAN_POINT('',(19.25,18.153,-13.97));
#4845 = DIRECTION('',(0.,0.,-1.));
#4846 = DIRECTION('',(-2.22044604925E-16,1.,0.));
#4847 = ADVANCED_FACE('',(#4848),#4859,.F.);
#4848 = FACE_BOUND('',#4849,.F.);
#4849 = EDGE_LOOP('',(#4850,#4851,#4857,#4858));
#4850 = ORIENTED_EDGE('',*,*,#3751,.T.);
#4851 = ORIENTED_EDGE('',*,*,#4852,.T.);
#4852 = EDGE_CURVE('',#3752,#4002,#4853,.T.);
#4853 = LINE('',#4854,#4855);
#4854 = CARTESIAN_POINT('',(44.25,19.8802,-13.97));
#4855 = VECTOR('',#4856,1.);
#4856 = DIRECTION('',(0.,0.,-1.));
#4857 = ORIENTED_EDGE('',*,*,#4001,.F.);
#4858 = ORIENTED_EDGE('',*,*,#4852,.F.);
#4859 = CYLINDRICAL_SURFACE('',#4860,1.7272);
#4860 = AXIS2_PLACEMENT_3D('',#4861,#4862,#4863);
#4861 = CARTESIAN_POINT('',(44.25,18.153,-13.97));
#4862 = DIRECTION('',(0.,0.,-1.));
#4863 = DIRECTION('',(-2.22044604925E-16,1.,0.));
#4864 = ADVANCED_FACE('',(#4865),#4876,.F.);
#4865 = FACE_BOUND('',#4866,.F.);
#4866 = EDGE_LOOP('',(#4867,#4868,#4874,#4875));
#4867 = ORIENTED_EDGE('',*,*,#3057,.T.);
#4868 = ORIENTED_EDGE('',*,*,#4869,.T.);
#4869 = EDGE_CURVE('',#3058,#4013,#4870,.T.);
#4870 = LINE('',#4871,#4872);
#4871 = CARTESIAN_POINT('',(111.9552,31.95,-13.97));
#4872 = VECTOR('',#4873,1.);
#4873 = DIRECTION('',(0.,0.,-1.));
#4874 = ORIENTED_EDGE('',*,*,#4012,.F.);
#4875 = ORIENTED_EDGE('',*,*,#4869,.F.);
#4876 = CYLINDRICAL_SURFACE('',#4877,1.7272);
#4877 = AXIS2_PLACEMENT_3D('',#4878,#4879,#4880);
#4878 = CARTESIAN_POINT('',(110.228,31.95,-13.97));
#4879 = DIRECTION('',(0.,0.,-1.));
#4880 = DIRECTION('',(1.,-0.,0.));
#4881 = ADVANCED_FACE('',(#4882),#4893,.F.);
#4882 = FACE_BOUND('',#4883,.F.);
#4883 = EDGE_LOOP('',(#4884,#4885,#4891,#4892));
#4884 = ORIENTED_EDGE('',*,*,#3404,.T.);
#4885 = ORIENTED_EDGE('',*,*,#4886,.T.);
#4886 = EDGE_CURVE('',#3405,#4035,#4887,.T.);
#4887 = LINE('',#4888,#4889);
#4888 = CARTESIAN_POINT('',(237.998,25.4,-12.7));
#4889 = VECTOR('',#4890,1.);
#4890 = DIRECTION('',(0.,0.,-1.));
#4891 = ORIENTED_EDGE('',*,*,#4034,.F.);
#4892 = ORIENTED_EDGE('',*,*,#4886,.F.);
#4893 = CYLINDRICAL_SURFACE('',#4894,3.302);
#4894 = AXIS2_PLACEMENT_3D('',#4895,#4896,#4897);
#4895 = CARTESIAN_POINT('',(241.3,25.4,-12.7));
#4896 = DIRECTION('',(0.,0.,-1.));
#4897 = DIRECTION('',(-1.,0.,0.));
#4898 = ADVANCED_FACE('',(#4899),#4910,.F.);
#4899 = FACE_BOUND('',#4900,.F.);
#4900 = EDGE_LOOP('',(#4901,#4902,#4908,#4909));
#4901 = ORIENTED_EDGE('',*,*,#4045,.F.);
#4902 = ORIENTED_EDGE('',*,*,#4903,.F.);
#4903 = EDGE_CURVE('',#3341,#4046,#4904,.T.);
#4904 = LINE('',#4905,#4906);
#4905 = CARTESIAN_POINT('',(21.75,46.1772,-14.05));
#4906 = VECTOR('',#4907,1.);
#4907 = DIRECTION('',(0.,0.,-1.));
#4908 = ORIENTED_EDGE('',*,*,#3340,.T.);
#4909 = ORIENTED_EDGE('',*,*,#4903,.T.);
#4910 = CYLINDRICAL_SURFACE('',#4911,1.7272);
#4911 = AXIS2_PLACEMENT_3D('',#4912,#4913,#4914);
#4912 = CARTESIAN_POINT('',(21.75,44.45,-14.05));
#4913 = DIRECTION('',(0.,0.,-1.));
#4914 = DIRECTION('',(-2.22044604925E-16,1.,0.));
#4915 = ADVANCED_FACE('',(#4916),#4927,.F.);
#4916 = FACE_BOUND('',#4917,.F.);
#4917 = EDGE_LOOP('',(#4918,#4919,#4925,#4926));
#4918 = ORIENTED_EDGE('',*,*,#4056,.F.);
#4919 = ORIENTED_EDGE('',*,*,#4920,.F.);
#4920 = EDGE_CURVE('',#3352,#4057,#4921,.T.);
#4921 = LINE('',#4922,#4923);
#4922 = CARTESIAN_POINT('',(41.75,46.1772,-14.05));
#4923 = VECTOR('',#4924,1.);
#4924 = DIRECTION('',(0.,0.,-1.));
#4925 = ORIENTED_EDGE('',*,*,#3351,.T.);
#4926 = ORIENTED_EDGE('',*,*,#4920,.T.);
#4927 = CYLINDRICAL_SURFACE('',#4928,1.7272);
#4928 = AXIS2_PLACEMENT_3D('',#4929,#4930,#4931);
#4929 = CARTESIAN_POINT('',(41.75,44.45,-14.05));
#4930 = DIRECTION('',(0.,0.,-1.));
#4931 = DIRECTION('',(-2.22044604925E-16,1.,0.));
#4932 = ADVANCED_FACE('',(#4933),#4944,.F.);
#4933 = FACE_BOUND('',#4934,.F.);
#4934 = EDGE_LOOP('',(#4935,#4936,#4942,#4943));
#4935 = ORIENTED_EDGE('',*,*,#3046,.T.);
#4936 = ORIENTED_EDGE('',*,*,#4937,.T.);
#4937 = EDGE_CURVE('',#3047,#4079,#4938,.T.);
#4938 = LINE('',#4939,#4940);
#4939 = CARTESIAN_POINT('',(111.9552,56.95,-13.97));
#4940 = VECTOR('',#4941,1.);
#4941 = DIRECTION('',(0.,0.,-1.));
#4942 = ORIENTED_EDGE('',*,*,#4078,.F.);
#4943 = ORIENTED_EDGE('',*,*,#4937,.F.);
#4944 = CYLINDRICAL_SURFACE('',#4945,1.7272);
#4945 = AXIS2_PLACEMENT_3D('',#4946,#4947,#4948);
#4946 = CARTESIAN_POINT('',(110.228,56.95,-13.97));
#4947 = DIRECTION('',(0.,0.,-1.));
#4948 = DIRECTION('',(1.,-0.,0.));
#4949 = ADVANCED_FACE('',(#4950),#4961,.F.);
#4950 = FACE_BOUND('',#4951,.F.);
#4951 = EDGE_LOOP('',(#4952,#4953,#4959,#4960));
#4952 = ORIENTED_EDGE('',*,*,#2763,.T.);
#4953 = ORIENTED_EDGE('',*,*,#4954,.T.);
#4954 = EDGE_CURVE('',#2764,#4090,#4955,.T.);
#4955 = LINE('',#4956,#4957);
#4956 = CARTESIAN_POINT('',(390.398,25.4,-12.7));
#4957 = VECTOR('',#4958,1.);
#4958 = DIRECTION('',(0.,0.,-1.));
#4959 = ORIENTED_EDGE('',*,*,#4089,.F.);
#4960 = ORIENTED_EDGE('',*,*,#4954,.F.);
#4961 = CYLINDRICAL_SURFACE('',#4962,3.302);
#4962 = AXIS2_PLACEMENT_3D('',#4963,#4964,#4965);
#4963 = CARTESIAN_POINT('',(393.7,25.4,-12.7));
#4964 = DIRECTION('',(0.,0.,-1.));
#4965 = DIRECTION('',(-1.,0.,0.));
#4966 = ADVANCED_FACE('',(#4967),#4978,.F.);
#4967 = FACE_BOUND('',#4968,.F.);
#4968 = EDGE_LOOP('',(#4969,#4970,#4976,#4977));
#4969 = ORIENTED_EDGE('',*,*,#2710,.T.);
#4970 = ORIENTED_EDGE('',*,*,#4971,.T.);
#4971 = EDGE_CURVE('',#2711,#4101,#4972,.T.);
#4972 = LINE('',#4973,#4974);
#4973 = CARTESIAN_POINT('',(593.598,12.7,-12.7));
#4974 = VECTOR('',#4975,1.);
#4975 = DIRECTION('',(0.,0.,-1.));
#4976 = ORIENTED_EDGE('',*,*,#4100,.F.);
#4977 = ORIENTED_EDGE('',*,*,#4971,.F.);
#4978 = CYLINDRICAL_SURFACE('',#4979,3.302);
#4979 = AXIS2_PLACEMENT_3D('',#4980,#4981,#4982);
#4980 = CARTESIAN_POINT('',(596.9,12.7,-12.7));
#4981 = DIRECTION('',(0.,0.,-1.));
#4982 = DIRECTION('',(-1.,0.,0.));
#4983 = ADVANCED_FACE('',(#4984),#4995,.F.);
#4984 = FACE_BOUND('',#4985,.F.);
#4985 = EDGE_LOOP('',(#4986,#4987,#4993,#4994));
#4986 = ORIENTED_EDGE('',*,*,#1742,.T.);
#4987 = ORIENTED_EDGE('',*,*,#4988,.T.);
#4988 = EDGE_CURVE('',#1743,#4112,#4989,.T.);
#4989 = LINE('',#4990,#4991);
#4990 = CARTESIAN_POINT('',(608.1878,39.15,-14.7));
#4991 = VECTOR('',#4992,1.);
#4992 = DIRECTION('',(0.,0.,-1.));
#4993 = ORIENTED_EDGE('',*,*,#4111,.F.);
#4994 = ORIENTED_EDGE('',*,*,#4988,.F.);
#4995 = CYLINDRICAL_SURFACE('',#4996,1.7272);
#4996 = AXIS2_PLACEMENT_3D('',#4997,#4998,#4999);
#4997 = CARTESIAN_POINT('',(609.915,39.15,-14.7));
#4998 = DIRECTION('',(0.,0.,-1.));
#4999 = DIRECTION('',(-1.,0.,0.));
#5000 = ADVANCED_FACE('',(#5001),#5012,.F.);
#5001 = FACE_BOUND('',#5002,.F.);
#5002 = EDGE_LOOP('',(#5003,#5004,#5010,#5011));
#5003 = ORIENTED_EDGE('',*,*,#2635,.T.);
#5004 = ORIENTED_EDGE('',*,*,#5005,.T.);
#5005 = EDGE_CURVE('',#2636,#4123,#5006,.T.);
#5006 = LINE('',#5007,#5008);
#5007 = CARTESIAN_POINT('',(414.285,55.0672,-4.83));
#5008 = VECTOR('',#5009,1.);
#5009 = DIRECTION('',(0.,0.,-1.));
#5010 = ORIENTED_EDGE('',*,*,#4122,.F.);
#5011 = ORIENTED_EDGE('',*,*,#5005,.F.);
#5012 = CYLINDRICAL_SURFACE('',#5013,1.7272);
#5013 = AXIS2_PLACEMENT_3D('',#5014,#5015,#5016);
#5014 = CARTESIAN_POINT('',(414.285,53.34,-4.83));
#5015 = DIRECTION('',(0.,0.,-1.));
#5016 = DIRECTION('',(-2.22044604925E-16,1.,0.));
#5017 = ADVANCED_FACE('',(#5018),#5029,.F.);
#5018 = FACE_BOUND('',#5019,.F.);
#5019 = EDGE_LOOP('',(#5020,#5021,#5027,#5028));
#5020 = ORIENTED_EDGE('',*,*,#2657,.T.);
#5021 = ORIENTED_EDGE('',*,*,#5022,.T.);
#5022 = EDGE_CURVE('',#2658,#4145,#5023,.T.);
#5023 = LINE('',#5024,#5025);
#5024 = CARTESIAN_POINT('',(448.285,55.0672,-4.83));
#5025 = VECTOR('',#5026,1.);
#5026 = DIRECTION('',(0.,0.,-1.));
#5027 = ORIENTED_EDGE('',*,*,#4144,.F.);
#5028 = ORIENTED_EDGE('',*,*,#5022,.F.);
#5029 = CYLINDRICAL_SURFACE('',#5030,1.7272);
#5030 = AXIS2_PLACEMENT_3D('',#5031,#5032,#5033);
#5031 = CARTESIAN_POINT('',(448.285,53.34,-4.83));
#5032 = DIRECTION('',(0.,0.,-1.));
#5033 = DIRECTION('',(-2.22044604925E-16,1.,0.));
#5034 = ADVANCED_FACE('',(#5035),#5046,.F.);
#5035 = FACE_BOUND('',#5036,.F.);
#5036 = EDGE_LOOP('',(#5037,#5038,#5044,#5045));
#5037 = ORIENTED_EDGE('',*,*,#2341,.T.);
#5038 = ORIENTED_EDGE('',*,*,#5039,.T.);
#5039 = EDGE_CURVE('',#2342,#4156,#5040,.T.);
#5040 = LINE('',#5041,#5042);
#5041 = CARTESIAN_POINT('',(512.1452,44.65,-13.97));
#5042 = VECTOR('',#5043,1.);
#5043 = DIRECTION('',(0.,0.,-1.));
#5044 = ORIENTED_EDGE('',*,*,#4155,.F.);
#5045 = ORIENTED_EDGE('',*,*,#5039,.F.);
#5046 = CYLINDRICAL_SURFACE('',#5047,1.7272);
#5047 = AXIS2_PLACEMENT_3D('',#5048,#5049,#5050);
#5048 = CARTESIAN_POINT('',(510.418,44.65,-13.97));
#5049 = DIRECTION('',(0.,0.,-1.));
#5050 = DIRECTION('',(1.,-0.,0.));
#5051 = ADVANCED_FACE('',(#5052),#5063,.F.);
#5052 = FACE_BOUND('',#5053,.F.);
#5053 = EDGE_LOOP('',(#5054,#5055,#5061,#5062));
#5054 = ORIENTED_EDGE('',*,*,#2047,.T.);
#5055 = ORIENTED_EDGE('',*,*,#5056,.T.);
#5056 = EDGE_CURVE('',#2048,#4167,#5057,.T.);
#5057 = LINE('',#5058,#5059);
#5058 = CARTESIAN_POINT('',(537.5452,44.65,-13.97));
#5059 = VECTOR('',#5060,1.);
#5060 = DIRECTION('',(0.,0.,-1.));
#5061 = ORIENTED_EDGE('',*,*,#4166,.F.);
#5062 = ORIENTED_EDGE('',*,*,#5056,.F.);
#5063 = CYLINDRICAL_SURFACE('',#5064,1.7272);
#5064 = AXIS2_PLACEMENT_3D('',#5065,#5066,#5067);
#5065 = CARTESIAN_POINT('',(535.818,44.65,-13.97));
#5066 = DIRECTION('',(0.,0.,-1.));
#5067 = DIRECTION('',(1.,-0.,0.));
#5068 = ADVANCED_FACE('',(#5069),#5080,.F.);
#5069 = FACE_BOUND('',#5070,.F.);
#5070 = EDGE_LOOP('',(#5071,#5072,#5078,#5079));
#5071 = ORIENTED_EDGE('',*,*,#2330,.T.);
#5072 = ORIENTED_EDGE('',*,*,#5073,.T.);
#5073 = EDGE_CURVE('',#2331,#4189,#5074,.T.);
#5074 = LINE('',#5075,#5076);
#5075 = CARTESIAN_POINT('',(512.1452,69.65,-13.97));
#5076 = VECTOR('',#5077,1.);
#5077 = DIRECTION('',(0.,0.,-1.));
#5078 = ORIENTED_EDGE('',*,*,#4188,.F.);
#5079 = ORIENTED_EDGE('',*,*,#5073,.F.);
#5080 = CYLINDRICAL_SURFACE('',#5081,1.7272);
#5081 = AXIS2_PLACEMENT_3D('',#5082,#5083,#5084);
#5082 = CARTESIAN_POINT('',(510.418,69.65,-13.97));
#5083 = DIRECTION('',(0.,0.,-1.));
#5084 = DIRECTION('',(1.,-0.,0.));
#5085 = ADVANCED_FACE('',(#5086),#5097,.F.);
#5086 = FACE_BOUND('',#5087,.F.);
#5087 = EDGE_LOOP('',(#5088,#5089,#5095,#5096));
#5088 = ORIENTED_EDGE('',*,*,#2036,.T.);
#5089 = ORIENTED_EDGE('',*,*,#5090,.T.);
#5090 = EDGE_CURVE('',#2037,#4200,#5091,.T.);
#5091 = LINE('',#5092,#5093);
#5092 = CARTESIAN_POINT('',(537.5452,69.65,-13.97));
#5093 = VECTOR('',#5094,1.);
#5094 = DIRECTION('',(0.,0.,-1.));
#5095 = ORIENTED_EDGE('',*,*,#4199,.F.);
#5096 = ORIENTED_EDGE('',*,*,#5090,.F.);
#5097 = CYLINDRICAL_SURFACE('',#5098,1.7272);
#5098 = AXIS2_PLACEMENT_3D('',#5099,#5100,#5101);
#5099 = CARTESIAN_POINT('',(535.818,69.65,-13.97));
#5100 = DIRECTION('',(0.,0.,-1.));
#5101 = DIRECTION('',(1.,-0.,0.));
#5102 = ADVANCED_FACE('',(#5103),#5114,.F.);
#5103 = FACE_BOUND('',#5104,.F.);
#5104 = EDGE_LOOP('',(#5105,#5106,#5112,#5113));
#5105 = ORIENTED_EDGE('',*,*,#1045,.T.);
#5106 = ORIENTED_EDGE('',*,*,#5107,.T.);
#5107 = EDGE_CURVE('',#1046,#4255,#5108,.T.);
#5108 = LINE('',#5109,#5110);
#5109 = CARTESIAN_POINT('',(85.598,101.6,-12.7));
#5110 = VECTOR('',#5111,1.);
#5111 = DIRECTION('',(0.,0.,-1.));
#5112 = ORIENTED_EDGE('',*,*,#4254,.F.);
#5113 = ORIENTED_EDGE('',*,*,#5107,.F.);
#5114 = CYLINDRICAL_SURFACE('',#5115,3.302);
#5115 = AXIS2_PLACEMENT_3D('',#5116,#5117,#5118);
#5116 = CARTESIAN_POINT('',(88.9,101.6,-12.7));
#5117 = DIRECTION('',(0.,0.,-1.));
#5118 = DIRECTION('',(-1.,0.,0.));
#5119 = ADVANCED_FACE('',(#5120),#5131,.F.);
#5120 = FACE_BOUND('',#5121,.F.);
#5121 = EDGE_LOOP('',(#5122,#5128,#5129,#5130));
#5122 = ORIENTED_EDGE('',*,*,#5123,.T.);
#5123 = EDGE_CURVE('',#993,#4277,#5124,.T.);
#5124 = LINE('',#5125,#5126);
#5125 = CARTESIAN_POINT('',(284.315,86.2,0.));
#5126 = VECTOR('',#5127,1.);
#5127 = DIRECTION('',(0.,0.,-1.));
#5128 = ORIENTED_EDGE('',*,*,#4276,.F.);
#5129 = ORIENTED_EDGE('',*,*,#5123,.F.);
#5130 = ORIENTED_EDGE('',*,*,#992,.T.);
#5131 = CYLINDRICAL_SURFACE('',#5132,1.65);
#5132 = AXIS2_PLACEMENT_3D('',#5133,#5134,#5135);
#5133 = CARTESIAN_POINT('',(282.665,86.2,0.));
#5134 = DIRECTION('',(0.,0.,-1.));
#5135 = DIRECTION('',(1.,-0.,0.));
#5136 = ADVANCED_FACE('',(#5137),#5148,.F.);
#5137 = FACE_BOUND('',#5138,.F.);
#5138 = EDGE_LOOP('',(#5139,#5140,#5146,#5147));
#5139 = ORIENTED_EDGE('',*,*,#510,.T.);
#5140 = ORIENTED_EDGE('',*,*,#5141,.T.);
#5141 = EDGE_CURVE('',#511,#4288,#5142,.T.);
#5142 = LINE('',#5143,#5144);
#5143 = CARTESIAN_POINT('',(60.198,114.3,-12.7));
#5144 = VECTOR('',#5145,1.);
#5145 = DIRECTION('',(0.,0.,-1.));
#5146 = ORIENTED_EDGE('',*,*,#4287,.F.);
#5147 = ORIENTED_EDGE('',*,*,#5141,.F.);
#5148 = CYLINDRICAL_SURFACE('',#5149,3.302);
#5149 = AXIS2_PLACEMENT_3D('',#5150,#5151,#5152);
#5150 = CARTESIAN_POINT('',(63.5,114.3,-12.7));
#5151 = DIRECTION('',(0.,0.,-1.));
#5152 = DIRECTION('',(-1.,0.,0.));
#5153 = ADVANCED_FACE('',(#5154),#5165,.F.);
#5154 = FACE_BOUND('',#5155,.F.);
#5155 = EDGE_LOOP('',(#5156,#5157,#5163,#5164));
#5156 = ORIENTED_EDGE('',*,*,#2624,.T.);
#5157 = ORIENTED_EDGE('',*,*,#5158,.T.);
#5158 = EDGE_CURVE('',#2625,#4321,#5159,.T.);
#5159 = LINE('',#5160,#5161);
#5160 = CARTESIAN_POINT('',(414.285,100.7872,-4.83));
#5161 = VECTOR('',#5162,1.);
#5162 = DIRECTION('',(0.,0.,-1.));
#5163 = ORIENTED_EDGE('',*,*,#4320,.F.);
#5164 = ORIENTED_EDGE('',*,*,#5158,.F.);
#5165 = CYLINDRICAL_SURFACE('',#5166,1.7272);
#5166 = AXIS2_PLACEMENT_3D('',#5167,#5168,#5169);
#5167 = CARTESIAN_POINT('',(414.285,99.06,-4.83));
#5168 = DIRECTION('',(0.,0.,-1.));
#5169 = DIRECTION('',(-2.22044604925E-16,1.,0.));
#5170 = ADVANCED_FACE('',(#5171),#5182,.F.);
#5171 = FACE_BOUND('',#5172,.F.);
#5172 = EDGE_LOOP('',(#5173,#5174,#5180,#5181));
#5173 = ORIENTED_EDGE('',*,*,#4331,.F.);
#5174 = ORIENTED_EDGE('',*,*,#5175,.F.);
#5175 = EDGE_CURVE('',#447,#4332,#5176,.T.);
#5176 = LINE('',#5177,#5178);
#5177 = CARTESIAN_POINT('',(494.78839994985,89.389702473061,-24.25));
#5178 = VECTOR('',#5179,1.);
#5179 = DIRECTION('',(-0.,0.,-1.));
#5180 = ORIENTED_EDGE('',*,*,#446,.T.);
#5181 = ORIENTED_EDGE('',*,*,#5175,.T.);
#5182 = CYLINDRICAL_SURFACE('',#5183,1.7272);
#5183 = AXIS2_PLACEMENT_3D('',#5184,#5185,#5186);
#5184 = CARTESIAN_POINT('',(493.56708511739,90.611017305526,-24.25));
#5185 = DIRECTION('',(-0.,0.,-1.));
#5186 = DIRECTION('',(0.707106781187,-0.707106781187,0.));
#5187 = ADVANCED_FACE('',(#5188),#5199,.F.);
#5188 = FACE_BOUND('',#5189,.F.);
#5189 = EDGE_LOOP('',(#5190,#5191,#5197,#5198));
#5190 = ORIENTED_EDGE('',*,*,#2646,.T.);
#5191 = ORIENTED_EDGE('',*,*,#5192,.T.);
#5192 = EDGE_CURVE('',#2647,#4343,#5193,.T.);
#5193 = LINE('',#5194,#5195);
#5194 = CARTESIAN_POINT('',(448.285,100.7872,-4.83));
#5195 = VECTOR('',#5196,1.);
#5196 = DIRECTION('',(0.,0.,-1.));
#5197 = ORIENTED_EDGE('',*,*,#4342,.F.);
#5198 = ORIENTED_EDGE('',*,*,#5192,.F.);
#5199 = CYLINDRICAL_SURFACE('',#5200,1.7272);
#5200 = AXIS2_PLACEMENT_3D('',#5201,#5202,#5203);
#5201 = CARTESIAN_POINT('',(448.285,99.06,-4.83));
#5202 = DIRECTION('',(0.,0.,-1.));
#5203 = DIRECTION('',(-2.22044604925E-16,1.,0.));
#5204 = ADVANCED_FACE('',(#5205),#5216,.F.);
#5205 = FACE_BOUND('',#5206,.F.);
#5206 = EDGE_LOOP('',(#5207,#5208,#5214,#5215));
#5207 = ORIENTED_EDGE('',*,*,#4353,.F.);
#5208 = ORIENTED_EDGE('',*,*,#5209,.F.);
#5209 = EDGE_CURVE('',#458,#4354,#5210,.T.);
#5210 = LINE('',#5211,#5212);
#5211 = CARTESIAN_POINT('',(487.71733213799,96.460770284927,-24.25));
#5212 = VECTOR('',#5213,1.);
#5213 = DIRECTION('',(-0.,0.,-1.));
#5214 = ORIENTED_EDGE('',*,*,#457,.T.);
#5215 = ORIENTED_EDGE('',*,*,#5209,.T.);
#5216 = CYLINDRICAL_SURFACE('',#5217,1.7272);
#5217 = AXIS2_PLACEMENT_3D('',#5218,#5219,#5220);
#5218 = CARTESIAN_POINT('',(486.49601730552,97.682085117392,-24.25));
#5219 = DIRECTION('',(-0.,0.,-1.));
#5220 = DIRECTION('',(0.707106781187,-0.707106781187,0.));
#5221 = ADVANCED_FACE('',(#5222),#5233,.F.);
#5222 = FACE_BOUND('',#5223,.F.);
#5223 = EDGE_LOOP('',(#5224,#5225,#5231,#5232));
#5224 = ORIENTED_EDGE('',*,*,#1753,.T.);
#5225 = ORIENTED_EDGE('',*,*,#5226,.T.);
#5226 = EDGE_CURVE('',#1754,#4365,#5227,.T.);
#5227 = LINE('',#5228,#5229);
#5228 = CARTESIAN_POINT('',(608.1878,75.15,-14.7));
#5229 = VECTOR('',#5230,1.);
#5230 = DIRECTION('',(0.,0.,-1.));
#5231 = ORIENTED_EDGE('',*,*,#4364,.F.);
#5232 = ORIENTED_EDGE('',*,*,#5226,.F.);
#5233 = CYLINDRICAL_SURFACE('',#5234,1.7272);
#5234 = AXIS2_PLACEMENT_3D('',#5235,#5236,#5237);
#5235 = CARTESIAN_POINT('',(609.915,75.15,-14.7));
#5236 = DIRECTION('',(0.,0.,-1.));
#5237 = DIRECTION('',(-1.,0.,0.));
#5238 = ADVANCED_FACE('',(#5239),#5250,.F.);
#5239 = FACE_BOUND('',#5240,.F.);
#5240 = EDGE_LOOP('',(#5241,#5242,#5248,#5249));
#5241 = ORIENTED_EDGE('',*,*,#163,.T.);
#5242 = ORIENTED_EDGE('',*,*,#5243,.T.);
#5243 = EDGE_CURVE('',#164,#4376,#5244,.T.);
#5244 = LINE('',#5245,#5246);
#5245 = CARTESIAN_POINT('',(542.798,101.6,-12.7));
#5246 = VECTOR('',#5247,1.);
#5247 = DIRECTION('',(0.,0.,-1.));
#5248 = ORIENTED_EDGE('',*,*,#4375,.F.);
#5249 = ORIENTED_EDGE('',*,*,#5243,.F.);
#5250 = CYLINDRICAL_SURFACE('',#5251,3.302);
#5251 = AXIS2_PLACEMENT_3D('',#5252,#5253,#5254);
#5252 = CARTESIAN_POINT('',(546.1,101.6,-12.7));
#5253 = DIRECTION('',(0.,0.,-1.));
#5254 = DIRECTION('',(-1.,0.,0.));
#5255 = ADVANCED_FACE('',(#5256),#5267,.F.);
#5256 = FACE_BOUND('',#5257,.F.);
#5257 = EDGE_LOOP('',(#5258,#5259,#5265,#5266));
#5258 = ORIENTED_EDGE('',*,*,#110,.T.);
#5259 = ORIENTED_EDGE('',*,*,#5260,.T.);
#5260 = EDGE_CURVE('',#111,#4398,#5261,.T.);
#5261 = LINE('',#5262,#5263);
#5262 = CARTESIAN_POINT('',(339.598,114.3,-12.7));
#5263 = VECTOR('',#5264,1.);
#5264 = DIRECTION('',(0.,0.,-1.));
#5265 = ORIENTED_EDGE('',*,*,#4397,.F.);
#5266 = ORIENTED_EDGE('',*,*,#5260,.F.);
#5267 = CYLINDRICAL_SURFACE('',#5268,3.302);
#5268 = AXIS2_PLACEMENT_3D('',#5269,#5270,#5271);
#5269 = CARTESIAN_POINT('',(342.9,114.3,-12.7));
#5270 = DIRECTION('',(0.,0.,-1.));
#5271 = DIRECTION('',(-1.,0.,0.));
#5272 = ADVANCED_FACE('',(#5273),#5284,.F.);
#5273 = FACE_BOUND('',#5274,.F.);
#5274 = EDGE_LOOP('',(#5275,#5276,#5282,#5283));
#5275 = ORIENTED_EDGE('',*,*,#57,.T.);
#5276 = ORIENTED_EDGE('',*,*,#5277,.T.);
#5277 = EDGE_CURVE('',#58,#4409,#5278,.T.);
#5278 = LINE('',#5279,#5280);
#5279 = CARTESIAN_POINT('',(618.998,114.3,-12.7));
#5280 = VECTOR('',#5281,1.);
#5281 = DIRECTION('',(0.,0.,-1.));
#5282 = ORIENTED_EDGE('',*,*,#4408,.F.);
#5283 = ORIENTED_EDGE('',*,*,#5277,.F.);
#5284 = CYLINDRICAL_SURFACE('',#5285,3.302);
#5285 = AXIS2_PLACEMENT_3D('',#5286,#5287,#5288);
#5286 = CARTESIAN_POINT('',(622.3,114.3,-12.7));
#5287 = DIRECTION('',(0.,0.,-1.));
#5288 = DIRECTION('',(-1.,0.,0.));
#5289 = ADVANCED_FACE('',(#5290),#5317,.F.);
#5290 = FACE_BOUND('',#5291,.T.);
#5291 = EDGE_LOOP('',(#5292,#5302,#5309,#5310));
#5292 = ORIENTED_EDGE('',*,*,#5293,.F.);
#5293 = EDGE_CURVE('',#5294,#5296,#5298,.T.);
#5294 = VERTEX_POINT('',#5295);
#5295 = CARTESIAN_POINT('',(618.01835330963,42.44429838562,
    -15.23036861419));
#5296 = VERTEX_POINT('',#5297);
#5297 = CARTESIAN_POINT('',(618.01835330963,42.44429838562,-12.7));
#5298 = LINE('',#5299,#5300);
#5299 = CARTESIAN_POINT('',(618.01835330963,42.44429838562,
    -15.23036861419));
#5300 = VECTOR('',#5301,1.);
#5301 = DIRECTION('',(0.,0.,1.));
#5302 = ORIENTED_EDGE('',*,*,#5303,.T.);
#5303 = EDGE_CURVE('',#5294,#1554,#5304,.T.);
#5304 = CIRCLE('',#5305,3.174);
#5305 = AXIS2_PLACEMENT_3D('',#5306,#5307,#5308);
#5306 = CARTESIAN_POINT('',(614.84435330963,42.44429838562,
    -15.23036861419));
#5307 = DIRECTION('',(0.,0.,-1.));
#5308 = DIRECTION('',(0.,1.,0.));
#5309 = ORIENTED_EDGE('',*,*,#1561,.T.);
#5310 = ORIENTED_EDGE('',*,*,#5311,.T.);
#5311 = EDGE_CURVE('',#1506,#5296,#5312,.T.);
#5312 = CIRCLE('',#5313,3.174);
#5313 = AXIS2_PLACEMENT_3D('',#5314,#5315,#5316);
#5314 = CARTESIAN_POINT('',(614.84435330963,42.44429838562,-12.7));
#5315 = DIRECTION('',(0.,0.,1.));
#5316 = DIRECTION('',(1.,0.,-0.));
#5317 = CYLINDRICAL_SURFACE('',#5318,3.174);
#5318 = AXIS2_PLACEMENT_3D('',#5319,#5320,#5321);
#5319 = CARTESIAN_POINT('',(614.84435330963,42.44429838562,
    -15.23036861419));
#5320 = DIRECTION('',(0.,0.,1.));
#5321 = DIRECTION('',(1.,0.,0.));
#5322 = ADVANCED_FACE('',(#5323),#5350,.T.);
#5323 = FACE_BOUND('',#5324,.T.);
#5324 = EDGE_LOOP('',(#5325,#5326,#5327,#5335,#5343));
#5325 = ORIENTED_EDGE('',*,*,#1553,.F.);
#5326 = ORIENTED_EDGE('',*,*,#5303,.F.);
#5327 = ORIENTED_EDGE('',*,*,#5328,.F.);
#5328 = EDGE_CURVE('',#5329,#5294,#5331,.T.);
#5329 = VERTEX_POINT('',#5330);
#5330 = CARTESIAN_POINT('',(618.01835330963,57.066911464691,
    -15.23036861419));
#5331 = LINE('',#5332,#5333);
#5332 = CARTESIAN_POINT('',(618.01835330963,72.734299087524,
    -15.23036861419));
#5333 = VECTOR('',#5334,1.);
#5334 = DIRECTION('',(0.,-1.,0.));
#5335 = ORIENTED_EDGE('',*,*,#5336,.F.);
#5336 = EDGE_CURVE('',#5337,#5329,#5339,.T.);
#5337 = VERTEX_POINT('',#5338);
#5338 = CARTESIAN_POINT('',(617.3078239746,57.066911464691,
    -15.23036861419));
#5339 = LINE('',#5340,#5341);
#5340 = CARTESIAN_POINT('',(627.08108875656,57.066911464691,
    -15.23036861419));
#5341 = VECTOR('',#5342,1.);
#5342 = DIRECTION('',(1.,0.,-0.));
#5343 = ORIENTED_EDGE('',*,*,#5344,.F.);
#5344 = EDGE_CURVE('',#1546,#5337,#5345,.T.);
#5345 = CIRCLE('',#5346,3.174);
#5346 = AXIS2_PLACEMENT_3D('',#5347,#5348,#5349);
#5347 = CARTESIAN_POINT('',(617.3078239746,60.240911464691,
    -15.23036861419));
#5348 = DIRECTION('',(0.,0.,1.));
#5349 = DIRECTION('',(-1.,0.,0.));
#5350 = PLANE('',#5351);
#5351 = AXIS2_PLACEMENT_3D('',#5352,#5353,#5354);
#5352 = CARTESIAN_POINT('',(618.01835330963,72.734299087524,
    -15.23036861419));
#5353 = DIRECTION('',(0.,0.,1.));
#5354 = DIRECTION('',(-1.,0.,0.));
#5355 = ADVANCED_FACE('',(#5356),#5375,.F.);
#5356 = FACE_BOUND('',#5357,.F.);
#5357 = EDGE_LOOP('',(#5358,#5359,#5368,#5374));
#5358 = ORIENTED_EDGE('',*,*,#1545,.F.);
#5359 = ORIENTED_EDGE('',*,*,#5360,.T.);
#5360 = EDGE_CURVE('',#1538,#5361,#5363,.T.);
#5361 = VERTEX_POINT('',#5362);
#5362 = CARTESIAN_POINT('',(617.3078239746,57.066911464691,
    -19.85233817672));
#5363 = CIRCLE('',#5364,3.174);
#5364 = AXIS2_PLACEMENT_3D('',#5365,#5366,#5367);
#5365 = CARTESIAN_POINT('',(617.3078239746,60.240911464691,
    -19.85233817672));
#5366 = DIRECTION('',(0.,-0.,1.));
#5367 = DIRECTION('',(0.,1.,0.));
#5368 = ORIENTED_EDGE('',*,*,#5369,.T.);
#5369 = EDGE_CURVE('',#5361,#5337,#5370,.T.);
#5370 = LINE('',#5371,#5372);
#5371 = CARTESIAN_POINT('',(617.3078239746,57.066911464691,
    -19.85233817672));
#5372 = VECTOR('',#5373,1.);
#5373 = DIRECTION('',(0.,0.,1.));
#5374 = ORIENTED_EDGE('',*,*,#5344,.F.);
#5375 = CYLINDRICAL_SURFACE('',#5376,3.174);
#5376 = AXIS2_PLACEMENT_3D('',#5377,#5378,#5379);
#5377 = CARTESIAN_POINT('',(617.3078239746,60.240911464691,
    -19.85233817672));
#5378 = DIRECTION('',(0.,0.,1.));
#5379 = DIRECTION('',(-1.,0.,0.));
#5380 = ADVANCED_FACE('',(#5381),#5396,.T.);
#5381 = FACE_BOUND('',#5382,.T.);
#5382 = EDGE_LOOP('',(#5383,#5384,#5385,#5391,#5392,#5393,#5394,#5395));
#5383 = ORIENTED_EDGE('',*,*,#1537,.F.);
#5384 = ORIENTED_EDGE('',*,*,#5360,.T.);
#5385 = ORIENTED_EDGE('',*,*,#5386,.F.);
#5386 = EDGE_CURVE('',#1073,#5361,#5387,.T.);
#5387 = LINE('',#5388,#5389);
#5388 = CARTESIAN_POINT('',(636.14382420349,57.066911464691,
    -19.85233817672));
#5389 = VECTOR('',#5390,1.);
#5390 = DIRECTION('',(-1.,0.,0.));
#5391 = ORIENTED_EDGE('',*,*,#1072,.F.);
#5392 = ORIENTED_EDGE('',*,*,#1130,.F.);
#5393 = ORIENTED_EDGE('',*,*,#1145,.T.);
#5394 = ORIENTED_EDGE('',*,*,#1187,.T.);
#5395 = ORIENTED_EDGE('',*,*,#1209,.T.);
#5396 = PLANE('',#5397);
#5397 = AXIS2_PLACEMENT_3D('',#5398,#5399,#5400);
#5398 = CARTESIAN_POINT('',(636.14382420349,77.044911628723,
    -19.85233817672));
#5399 = DIRECTION('',(0.,0.,1.));
#5400 = DIRECTION('',(-1.,0.,0.));
#5401 = ADVANCED_FACE('',(#5402),#5420,.T.);
#5402 = FACE_BOUND('',#5403,.T.);
#5403 = EDGE_LOOP('',(#5404,#5405,#5406,#5414));
#5404 = ORIENTED_EDGE('',*,*,#5328,.T.);
#5405 = ORIENTED_EDGE('',*,*,#5293,.T.);
#5406 = ORIENTED_EDGE('',*,*,#5407,.F.);
#5407 = EDGE_CURVE('',#5408,#5296,#5410,.T.);
#5408 = VERTEX_POINT('',#5409);
#5409 = CARTESIAN_POINT('',(618.01835330963,57.066911464691,-12.7));
#5410 = LINE('',#5411,#5412);
#5411 = CARTESIAN_POINT('',(618.01835330963,37.954649543762,-12.7));
#5412 = VECTOR('',#5413,1.);
#5413 = DIRECTION('',(0.,-1.,0.));
#5414 = ORIENTED_EDGE('',*,*,#5415,.F.);
#5415 = EDGE_CURVE('',#5329,#5408,#5416,.T.);
#5416 = LINE('',#5417,#5418);
#5417 = CARTESIAN_POINT('',(618.01835330963,57.066911464691,
    -17.54135339546));
#5418 = VECTOR('',#5419,1.);
#5419 = DIRECTION('',(0.,0.,1.));
#5420 = PLANE('',#5421);
#5421 = AXIS2_PLACEMENT_3D('',#5422,#5423,#5424);
#5422 = CARTESIAN_POINT('',(618.01835330963,72.734299087524,
    -15.23036861419));
#5423 = DIRECTION('',(-1.,0.,0.));
#5424 = DIRECTION('',(0.,0.,1.));
#5425 = ADVANCED_FACE('',(#5426),#5439,.F.);
#5426 = FACE_BOUND('',#5427,.F.);
#5427 = EDGE_LOOP('',(#5428,#5429,#5430,#5431,#5437,#5438));
#5428 = ORIENTED_EDGE('',*,*,#5369,.F.);
#5429 = ORIENTED_EDGE('',*,*,#5386,.F.);
#5430 = ORIENTED_EDGE('',*,*,#1081,.T.);
#5431 = ORIENTED_EDGE('',*,*,#5432,.F.);
#5432 = EDGE_CURVE('',#5408,#1082,#5433,.T.);
#5433 = LINE('',#5434,#5435);
#5434 = CARTESIAN_POINT('',(319.65941210174,57.066911464691,-12.7));
#5435 = VECTOR('',#5436,1.);
#5436 = DIRECTION('',(1.,0.,-0.));
#5437 = ORIENTED_EDGE('',*,*,#5415,.F.);
#5438 = ORIENTED_EDGE('',*,*,#5336,.F.);
#5439 = PLANE('',#5440);
#5440 = AXIS2_PLACEMENT_3D('',#5441,#5442,#5443);
#5441 = CARTESIAN_POINT('',(636.14382420349,57.066911464691,
    -19.85233817672));
#5442 = DIRECTION('',(0.,-1.,0.));
#5443 = DIRECTION('',(0.,0.,1.));
#5444 = ADVANCED_FACE('',(#5445),#5466,.F.);
#5445 = FACE_BOUND('',#5446,.F.);
#5446 = EDGE_LOOP('',(#5447,#5448,#5449,#5450,#5459));
#5447 = ORIENTED_EDGE('',*,*,#915,.F.);
#5448 = ORIENTED_EDGE('',*,*,#983,.T.);
#5449 = ORIENTED_EDGE('',*,*,#938,.T.);
#5450 = ORIENTED_EDGE('',*,*,#5451,.F.);
#5451 = EDGE_CURVE('',#5452,#931,#5454,.T.);
#5452 = VERTEX_POINT('',#5453);
#5453 = CARTESIAN_POINT('',(252.71436732975,115.66220243238,-12.7));
#5454 = CIRCLE('',#5455,3.174);
#5455 = AXIS2_PLACEMENT_3D('',#5456,#5457,#5458);
#5456 = CARTESIAN_POINT('',(252.86369959259,112.49171731567,-12.7));
#5457 = DIRECTION('',(0.,-0.,1.));
#5458 = DIRECTION('',(0.,1.,0.));
#5459 = ORIENTED_EDGE('',*,*,#5460,.F.);
#5460 = EDGE_CURVE('',#908,#5452,#5461,.T.);
#5461 = CIRCLE('',#5462,3.174);
#5462 = AXIS2_PLACEMENT_3D('',#5463,#5464,#5465);
#5463 = CARTESIAN_POINT('',(252.86369959259,112.49171731567,-12.7));
#5464 = DIRECTION('',(0.,-0.,1.));
#5465 = DIRECTION('',(0.,1.,0.));
#5466 = CYLINDRICAL_SURFACE('',#5467,3.174);
#5467 = AXIS2_PLACEMENT_3D('',#5468,#5469,#5470);
#5468 = CARTESIAN_POINT('',(252.86369959259,112.49171731567,
    -31.23571645736));
#5469 = DIRECTION('',(0.,0.,1.));
#5470 = DIRECTION('',(0.,1.,0.));
#5471 = ADVANCED_FACE('',(#5472),#5491,.F.);
#5472 = FACE_BOUND('',#5473,.F.);
#5473 = EDGE_LOOP('',(#5474,#5482,#5489,#5490));
#5474 = ORIENTED_EDGE('',*,*,#5475,.F.);
#5475 = EDGE_CURVE('',#5476,#967,#5478,.T.);
#5476 = VERTEX_POINT('',#5477);
#5477 = CARTESIAN_POINT('',(264.68969959259,95.395884918213,
    -37.86571645736));
#5478 = LINE('',#5479,#5480);
#5479 = CARTESIAN_POINT('',(264.68969959259,95.395884918213,
    -37.86571645736));
#5480 = VECTOR('',#5481,1.);
#5481 = DIRECTION('',(0.,0.,1.));
#5482 = ORIENTED_EDGE('',*,*,#5483,.T.);
#5483 = EDGE_CURVE('',#5476,#674,#5484,.T.);
#5484 = CIRCLE('',#5485,3.174);
#5485 = AXIS2_PLACEMENT_3D('',#5486,#5487,#5488);
#5486 = CARTESIAN_POINT('',(267.86369959259,95.395884918213,
    -37.86571645736));
#5487 = DIRECTION('',(0.,-0.,1.));
#5488 = DIRECTION('',(0.,1.,0.));
#5489 = ORIENTED_EDGE('',*,*,#673,.T.);
#5490 = ORIENTED_EDGE('',*,*,#966,.F.);
#5491 = CYLINDRICAL_SURFACE('',#5492,3.174);
#5492 = AXIS2_PLACEMENT_3D('',#5493,#5494,#5495);
#5493 = CARTESIAN_POINT('',(267.86369959259,95.395884918213,
    -37.86571645736));
#5494 = DIRECTION('',(0.,0.,1.));
#5495 = DIRECTION('',(-1.,0.,0.));
#5496 = ADVANCED_FACE('',(#5497),#5512,.T.);
#5497 = FACE_BOUND('',#5498,.T.);
#5498 = EDGE_LOOP('',(#5499,#5505,#5506,#5507,#5508,#5509,#5510,#5511));
#5499 = ORIENTED_EDGE('',*,*,#5500,.T.);
#5500 = EDGE_CURVE('',#850,#5476,#5501,.T.);
#5501 = LINE('',#5502,#5503);
#5502 = CARTESIAN_POINT('',(264.68969959259,118.66571731567,
    -37.86571645736));
#5503 = VECTOR('',#5504,1.);
#5504 = DIRECTION('',(0.,-1.,0.));
#5505 = ORIENTED_EDGE('',*,*,#5483,.T.);
#5506 = ORIENTED_EDGE('',*,*,#683,.F.);
#5507 = ORIENTED_EDGE('',*,*,#730,.F.);
#5508 = ORIENTED_EDGE('',*,*,#770,.F.);
#5509 = ORIENTED_EDGE('',*,*,#785,.T.);
#5510 = ORIENTED_EDGE('',*,*,#827,.T.);
#5511 = ORIENTED_EDGE('',*,*,#849,.T.);
#5512 = PLANE('',#5513);
#5513 = AXIS2_PLACEMENT_3D('',#5514,#5515,#5516);
#5514 = CARTESIAN_POINT('',(311.84394973754,118.66571731567,
    -37.86571645736));
#5515 = DIRECTION('',(0.,0.,1.));
#5516 = DIRECTION('',(-1.,0.,0.));
#5517 = ADVANCED_FACE('',(#5518),#5524,.F.);
#5518 = FACE_BOUND('',#5519,.F.);
#5519 = EDGE_LOOP('',(#5520,#5521,#5522,#5523));
#5520 = ORIENTED_EDGE('',*,*,#5475,.T.);
#5521 = ORIENTED_EDGE('',*,*,#975,.T.);
#5522 = ORIENTED_EDGE('',*,*,#858,.F.);
#5523 = ORIENTED_EDGE('',*,*,#5500,.T.);
#5524 = PLANE('',#5525);
#5525 = AXIS2_PLACEMENT_3D('',#5526,#5527,#5528);
#5526 = CARTESIAN_POINT('',(264.68969959259,118.66571731567,
    -37.86571645736));
#5527 = DIRECTION('',(-1.,0.,0.));
#5528 = DIRECTION('',(0.,0.,1.));
#5529 = ADVANCED_FACE('',(#5530,#5542,#5559,#5569,#5595,#5605,#5615,
    #5625,#5635,#5645,#5655,#5743,#5831,#5919,#6007,#6077,#6080,#6083,
    #6086,#6089,#6092,#6095,#6098,#6101,#6104,#6107,#6110,#6113,#6116,
    #6119,#6122,#6125,#6128,#6131,#6134,#6137),#6140,.T.);
#5530 = FACE_BOUND('',#5531,.T.);
#5531 = EDGE_LOOP('',(#5532,#5533,#5534,#5535,#5536,#5537,#5538,#5539,
    #5540,#5541));
#5532 = ORIENTED_EDGE('',*,*,#3768,.F.);
#5533 = ORIENTED_EDGE('',*,*,#4427,.T.);
#5534 = ORIENTED_EDGE('',*,*,#4503,.T.);
#5535 = ORIENTED_EDGE('',*,*,#3939,.F.);
#5536 = ORIENTED_EDGE('',*,*,#3802,.F.);
#5537 = ORIENTED_EDGE('',*,*,#3908,.F.);
#5538 = ORIENTED_EDGE('',*,*,#4476,.F.);
#5539 = ORIENTED_EDGE('',*,*,#4485,.F.);
#5540 = ORIENTED_EDGE('',*,*,#4457,.F.);
#5541 = ORIENTED_EDGE('',*,*,#3858,.F.);
#5542 = FACE_BOUND('',#5543,.T.);
#5543 = EDGE_LOOP('',(#5544,#5545,#5546,#5547,#5548,#5549,#5550,#5551,
    #5552,#5553,#5554,#5555,#5556,#5557,#5558));
#5544 = ORIENTED_EDGE('',*,*,#554,.F.);
#5545 = ORIENTED_EDGE('',*,*,#563,.F.);
#5546 = ORIENTED_EDGE('',*,*,#930,.F.);
#5547 = ORIENTED_EDGE('',*,*,#5451,.F.);
#5548 = ORIENTED_EDGE('',*,*,#5460,.F.);
#5549 = ORIENTED_EDGE('',*,*,#907,.T.);
#5550 = ORIENTED_EDGE('',*,*,#883,.F.);
#5551 = ORIENTED_EDGE('',*,*,#834,.T.);
#5552 = ORIENTED_EDGE('',*,*,#802,.F.);
#5553 = ORIENTED_EDGE('',*,*,#754,.T.);
#5554 = ORIENTED_EDGE('',*,*,#738,.F.);
#5555 = ORIENTED_EDGE('',*,*,#699,.F.);
#5556 = ORIENTED_EDGE('',*,*,#642,.T.);
#5557 = ORIENTED_EDGE('',*,*,#627,.F.);
#5558 = ORIENTED_EDGE('',*,*,#595,.F.);
#5559 = FACE_BOUND('',#5560,.T.);
#5560 = EDGE_LOOP('',(#5561,#5562,#5563,#5564,#5565,#5566,#5567,#5568));
#5561 = ORIENTED_EDGE('',*,*,#2368,.F.);
#5562 = ORIENTED_EDGE('',*,*,#2416,.F.);
#5563 = ORIENTED_EDGE('',*,*,#2448,.T.);
#5564 = ORIENTED_EDGE('',*,*,#2480,.F.);
#5565 = ORIENTED_EDGE('',*,*,#2505,.T.);
#5566 = ORIENTED_EDGE('',*,*,#2544,.F.);
#5567 = ORIENTED_EDGE('',*,*,#2576,.F.);
#5568 = ORIENTED_EDGE('',*,*,#2599,.F.);
#5569 = FACE_BOUND('',#5570,.T.);
#5570 = EDGE_LOOP('',(#5571,#5572,#5573,#5574,#5575,#5576,#5577,#5578,
    #5579,#5580,#5581,#5582,#5583,#5584,#5585,#5586,#5587,#5588,#5589,
    #5590,#5591,#5592,#5593,#5594));
#5571 = ORIENTED_EDGE('',*,*,#1251,.F.);
#5572 = ORIENTED_EDGE('',*,*,#1703,.F.);
#5573 = ORIENTED_EDGE('',*,*,#1680,.T.);
#5574 = ORIENTED_EDGE('',*,*,#1377,.T.);
#5575 = ORIENTED_EDGE('',*,*,#1647,.T.);
#5576 = ORIENTED_EDGE('',*,*,#1624,.T.);
#5577 = ORIENTED_EDGE('',*,*,#1592,.F.);
#5578 = ORIENTED_EDGE('',*,*,#1530,.F.);
#5579 = ORIENTED_EDGE('',*,*,#1226,.F.);
#5580 = ORIENTED_EDGE('',*,*,#1194,.T.);
#5581 = ORIENTED_EDGE('',*,*,#1162,.F.);
#5582 = ORIENTED_EDGE('',*,*,#1114,.T.);
#5583 = ORIENTED_EDGE('',*,*,#1098,.F.);
#5584 = ORIENTED_EDGE('',*,*,#1089,.F.);
#5585 = ORIENTED_EDGE('',*,*,#5432,.F.);
#5586 = ORIENTED_EDGE('',*,*,#5407,.T.);
#5587 = ORIENTED_EDGE('',*,*,#5311,.F.);
#5588 = ORIENTED_EDGE('',*,*,#1505,.F.);
#5589 = ORIENTED_EDGE('',*,*,#1489,.F.);
#5590 = ORIENTED_EDGE('',*,*,#1450,.F.);
#5591 = ORIENTED_EDGE('',*,*,#1425,.F.);
#5592 = ORIENTED_EDGE('',*,*,#1345,.T.);
#5593 = ORIENTED_EDGE('',*,*,#1331,.F.);
#5594 = ORIENTED_EDGE('',*,*,#1299,.F.);
#5595 = FACE_BOUND('',#5596,.T.);
#5596 = EDGE_LOOP('',(#5597,#5598,#5599,#5600,#5601,#5602,#5603,#5604));
#5597 = ORIENTED_EDGE('',*,*,#3474,.F.);
#5598 = ORIENTED_EDGE('',*,*,#3524,.F.);
#5599 = ORIENTED_EDGE('',*,*,#3596,.F.);
#5600 = ORIENTED_EDGE('',*,*,#3652,.F.);
#5601 = ORIENTED_EDGE('',*,*,#3708,.T.);
#5602 = ORIENTED_EDGE('',*,*,#3685,.T.);
#5603 = ORIENTED_EDGE('',*,*,#3627,.T.);
#5604 = ORIENTED_EDGE('',*,*,#3564,.F.);
#5605 = FACE_BOUND('',#5606,.T.);
#5606 = EDGE_LOOP('',(#5607,#5608,#5609,#5610,#5611,#5612,#5613,#5614));
#5607 = ORIENTED_EDGE('',*,*,#2780,.F.);
#5608 = ORIENTED_EDGE('',*,*,#2830,.F.);
#5609 = ORIENTED_EDGE('',*,*,#2902,.F.);
#5610 = ORIENTED_EDGE('',*,*,#2958,.F.);
#5611 = ORIENTED_EDGE('',*,*,#3014,.T.);
#5612 = ORIENTED_EDGE('',*,*,#2991,.T.);
#5613 = ORIENTED_EDGE('',*,*,#2933,.T.);
#5614 = ORIENTED_EDGE('',*,*,#2870,.F.);
#5615 = FACE_BOUND('',#5616,.T.);
#5616 = EDGE_LOOP('',(#5617,#5618,#5619,#5620,#5621,#5622,#5623,#5624));
#5617 = ORIENTED_EDGE('',*,*,#2064,.F.);
#5618 = ORIENTED_EDGE('',*,*,#2114,.F.);
#5619 = ORIENTED_EDGE('',*,*,#2186,.F.);
#5620 = ORIENTED_EDGE('',*,*,#2242,.F.);
#5621 = ORIENTED_EDGE('',*,*,#2298,.T.);
#5622 = ORIENTED_EDGE('',*,*,#2275,.T.);
#5623 = ORIENTED_EDGE('',*,*,#2217,.T.);
#5624 = ORIENTED_EDGE('',*,*,#2154,.F.);
#5625 = FACE_BOUND('',#5626,.T.);
#5626 = EDGE_LOOP('',(#5627,#5628,#5629,#5630,#5631,#5632,#5633,#5634));
#5627 = ORIENTED_EDGE('',*,*,#1770,.F.);
#5628 = ORIENTED_EDGE('',*,*,#1820,.F.);
#5629 = ORIENTED_EDGE('',*,*,#1892,.F.);
#5630 = ORIENTED_EDGE('',*,*,#1948,.F.);
#5631 = ORIENTED_EDGE('',*,*,#2004,.T.);
#5632 = ORIENTED_EDGE('',*,*,#1981,.T.);
#5633 = ORIENTED_EDGE('',*,*,#1923,.T.);
#5634 = ORIENTED_EDGE('',*,*,#1860,.F.);
#5635 = FACE_BOUND('',#5636,.T.);
#5636 = EDGE_LOOP('',(#5637,#5638,#5639,#5640,#5641,#5642,#5643,#5644));
#5637 = ORIENTED_EDGE('',*,*,#180,.F.);
#5638 = ORIENTED_EDGE('',*,*,#230,.F.);
#5639 = ORIENTED_EDGE('',*,*,#302,.F.);
#5640 = ORIENTED_EDGE('',*,*,#358,.F.);
#5641 = ORIENTED_EDGE('',*,*,#414,.T.);
#5642 = ORIENTED_EDGE('',*,*,#391,.T.);
#5643 = ORIENTED_EDGE('',*,*,#333,.T.);
#5644 = ORIENTED_EDGE('',*,*,#270,.F.);
#5645 = FACE_BOUND('',#5646,.T.);
#5646 = EDGE_LOOP('',(#5647,#5648,#5649,#5650,#5651,#5652,#5653,#5654));
#5647 = ORIENTED_EDGE('',*,*,#3084,.F.);
#5648 = ORIENTED_EDGE('',*,*,#3132,.F.);
#5649 = ORIENTED_EDGE('',*,*,#3197,.T.);
#5650 = ORIENTED_EDGE('',*,*,#3260,.F.);
#5651 = ORIENTED_EDGE('',*,*,#3309,.T.);
#5652 = ORIENTED_EDGE('',*,*,#3293,.F.);
#5653 = ORIENTED_EDGE('',*,*,#3228,.F.);
#5654 = ORIENTED_EDGE('',*,*,#3165,.F.);
#5655 = FACE_BOUND('',#5656,.T.);
#5656 = EDGE_LOOP('',(#5657,#5668,#5676,#5685,#5693,#5702,#5710,#5719,
    #5728,#5736));
#5657 = ORIENTED_EDGE('',*,*,#5658,.F.);
#5658 = EDGE_CURVE('',#5659,#5661,#5663,.T.);
#5659 = VERTEX_POINT('',#5660);
#5660 = CARTESIAN_POINT('',(74.677575819388,74.666002359545,-12.7));
#5661 = VERTEX_POINT('',#5662);
#5662 = CARTESIAN_POINT('',(73.754378444991,72.623823006433,-12.7));
#5663 = CIRCLE('',#5664,3.174);
#5664 = AXIS2_PLACEMENT_3D('',#5665,#5666,#5667);
#5665 = CARTESIAN_POINT('',(76.921932742874,72.421645436059,-12.7));
#5666 = DIRECTION('',(0.,0.,1.));
#5667 = DIRECTION('',(-0.707106781187,0.707106781187,0.));
#5668 = ORIENTED_EDGE('',*,*,#5669,.F.);
#5669 = EDGE_CURVE('',#5670,#5659,#5672,.T.);
#5670 = VERTEX_POINT('',#5671);
#5671 = CARTESIAN_POINT('',(84.315441362948,84.303867903106,-12.7));
#5672 = LINE('',#5673,#5674);
#5673 = CARTESIAN_POINT('',(44.870292508178,44.858719048335,-12.7));
#5674 = VECTOR('',#5675,1.);
#5675 = DIRECTION('',(-0.707106781187,-0.707106781187,0.));
#5676 = ORIENTED_EDGE('',*,*,#5677,.F.);
#5677 = EDGE_CURVE('',#5678,#5670,#5680,.T.);
#5678 = VERTEX_POINT('',#5679);
#5679 = CARTESIAN_POINT('',(88.80415520992,84.303867903106,-12.7));
#5680 = CIRCLE('',#5681,3.174);
#5681 = AXIS2_PLACEMENT_3D('',#5682,#5683,#5684);
#5682 = CARTESIAN_POINT('',(86.559798286434,82.05951097962,-12.7));
#5683 = DIRECTION('',(0.,0.,1.));
#5684 = DIRECTION('',(0.707106781187,0.707106781187,-0.));
#5685 = ORIENTED_EDGE('',*,*,#5686,.T.);
#5686 = EDGE_CURVE('',#5678,#5687,#5689,.T.);
#5687 = VERTEX_POINT('',#5688);
#5688 = CARTESIAN_POINT('',(99.878861778708,73.229161334318,-12.7));
#5689 = LINE('',#5690,#5691);
#5690 = CARTESIAN_POINT('',(94.338615129354,78.769407983673,-12.7));
#5691 = VECTOR('',#5692,1.);
#5692 = DIRECTION('',(0.707106781187,-0.707106781187,0.));
#5693 = ORIENTED_EDGE('',*,*,#5694,.F.);
#5694 = EDGE_CURVE('',#5695,#5687,#5697,.T.);
#5695 = VERTEX_POINT('',#5696);
#5696 = CARTESIAN_POINT('',(99.878861778708,68.740447487346,-12.7));
#5697 = CIRCLE('',#5698,3.174);
#5698 = AXIS2_PLACEMENT_3D('',#5699,#5700,#5701);
#5699 = CARTESIAN_POINT('',(97.634504855222,70.984804410832,-12.7));
#5700 = DIRECTION('',(0.,0.,1.));
#5701 = DIRECTION('',(0.707106781187,-0.707106781187,0.));
#5702 = ORIENTED_EDGE('',*,*,#5703,.T.);
#5703 = EDGE_CURVE('',#5695,#5704,#5706,.T.);
#5704 = VERTEX_POINT('',#5705);
#5705 = CARTESIAN_POINT('',(90.240996235147,59.102581943785,-12.7));
#5706 = LINE('',#5707,#5708);
#5707 = CARTESIAN_POINT('',(60.433712923938,29.295298632575,-12.7));
#5708 = VECTOR('',#5709,1.);
#5709 = DIRECTION('',(-0.707106781187,-0.707106781187,0.));
#5710 = ORIENTED_EDGE('',*,*,#5711,.F.);
#5711 = EDGE_CURVE('',#5712,#5704,#5714,.T.);
#5712 = VERTEX_POINT('',#5713);
#5713 = CARTESIAN_POINT('',(87.511280093923,58.210268270961,-12.7));
#5714 = CIRCLE('',#5715,3.174);
#5715 = AXIS2_PLACEMENT_3D('',#5716,#5717,#5718);
#5716 = CARTESIAN_POINT('',(87.996639311661,61.346938867271,-12.7));
#5717 = DIRECTION('',(0.,0.,1.));
#5718 = DIRECTION('',(0.707106781187,-0.707106781187,0.));
#5719 = ORIENTED_EDGE('',*,*,#5720,.F.);
#5720 = EDGE_CURVE('',#5721,#5712,#5723,.T.);
#5721 = VERTEX_POINT('',#5722);
#5722 = CARTESIAN_POINT('',(85.752282388175,59.102581943785,-12.7));
#5723 = CIRCLE('',#5724,3.174);
#5724 = AXIS2_PLACEMENT_3D('',#5725,#5726,#5727);
#5725 = CARTESIAN_POINT('',(87.996639311661,61.346938867271,-12.7));
#5726 = DIRECTION('',(0.,0.,1.));
#5727 = DIRECTION('',(0.707106781187,-0.707106781187,0.));
#5728 = ORIENTED_EDGE('',*,*,#5729,.F.);
#5729 = EDGE_CURVE('',#5730,#5721,#5732,.T.);
#5730 = VERTEX_POINT('',#5731);
#5731 = CARTESIAN_POINT('',(74.677575819388,70.177288512573,-12.7));
#5732 = LINE('',#5733,#5734);
#5733 = CARTESIAN_POINT('',(80.212035738821,64.64282859314,-12.7));
#5734 = VECTOR('',#5735,1.);
#5735 = DIRECTION('',(0.707106781187,-0.707106781187,0.));
#5736 = ORIENTED_EDGE('',*,*,#5737,.F.);
#5737 = EDGE_CURVE('',#5661,#5730,#5738,.T.);
#5738 = CIRCLE('',#5739,3.174);
#5739 = AXIS2_PLACEMENT_3D('',#5740,#5741,#5742);
#5740 = CARTESIAN_POINT('',(76.921932742874,72.421645436059,-12.7));
#5741 = DIRECTION('',(0.,0.,1.));
#5742 = DIRECTION('',(-0.707106781187,0.707106781187,0.));
#5743 = FACE_BOUND('',#5744,.T.);
#5744 = EDGE_LOOP('',(#5745,#5756,#5764,#5773,#5781,#5790,#5798,#5807,
    #5816,#5824));
#5745 = ORIENTED_EDGE('',*,*,#5746,.F.);
#5746 = EDGE_CURVE('',#5747,#5749,#5751,.T.);
#5747 = VERTEX_POINT('',#5748);
#5748 = CARTESIAN_POINT('',(146.93742418061,96.783997640455,-12.7));
#5749 = VERTEX_POINT('',#5750);
#5750 = CARTESIAN_POINT('',(147.86062155501,98.826176993567,-12.7));
#5751 = CIRCLE('',#5752,3.174);
#5752 = AXIS2_PLACEMENT_3D('',#5753,#5754,#5755);
#5753 = CARTESIAN_POINT('',(144.69306725712,99.028354563941,-12.7));
#5754 = DIRECTION('',(0.,0.,1.));
#5755 = DIRECTION('',(0.707106781187,-0.707106781187,0.));
#5756 = ORIENTED_EDGE('',*,*,#5757,.F.);
#5757 = EDGE_CURVE('',#5758,#5747,#5760,.T.);
#5758 = VERTEX_POINT('',#5759);
#5759 = CARTESIAN_POINT('',(137.29955863705,87.146132096894,-12.7));
#5760 = LINE('',#5761,#5762);
#5761 = CARTESIAN_POINT('',(81.653457491822,31.500030951665,-12.7));
#5762 = VECTOR('',#5763,1.);
#5763 = DIRECTION('',(0.707106781187,0.707106781187,-0.));
#5764 = ORIENTED_EDGE('',*,*,#5765,.F.);
#5765 = EDGE_CURVE('',#5766,#5758,#5768,.T.);
#5766 = VERTEX_POINT('',#5767);
#5767 = CARTESIAN_POINT('',(132.81084479007,87.146132096894,-12.7));
#5768 = CIRCLE('',#5769,3.174);
#5769 = AXIS2_PLACEMENT_3D('',#5770,#5771,#5772);
#5770 = CARTESIAN_POINT('',(135.05520171356,89.39048902038,-12.7));
#5771 = DIRECTION('',(0.,0.,1.));
#5772 = DIRECTION('',(-0.707106781187,-0.707106781187,0.));
#5773 = ORIENTED_EDGE('',*,*,#5774,.T.);
#5774 = EDGE_CURVE('',#5766,#5775,#5777,.T.);
#5775 = VERTEX_POINT('',#5776);
#5776 = CARTESIAN_POINT('',(121.73613822129,98.220838665682,-12.7));
#5777 = LINE('',#5778,#5779);
#5778 = CARTESIAN_POINT('',(114.73513487064,105.22184201632,-12.7));
#5779 = VECTOR('',#5780,1.);
#5780 = DIRECTION('',(-0.707106781187,0.707106781187,0.));
#5781 = ORIENTED_EDGE('',*,*,#5782,.F.);
#5782 = EDGE_CURVE('',#5783,#5775,#5785,.T.);
#5783 = VERTEX_POINT('',#5784);
#5784 = CARTESIAN_POINT('',(121.73613822129,102.70955251265,-12.7));
#5785 = CIRCLE('',#5786,3.174);
#5786 = AXIS2_PLACEMENT_3D('',#5787,#5788,#5789);
#5787 = CARTESIAN_POINT('',(123.98049514477,100.46519558916,-12.7));
#5788 = DIRECTION('',(0.,0.,1.));
#5789 = DIRECTION('',(-0.707106781187,0.707106781187,0.));
#5790 = ORIENTED_EDGE('',*,*,#5791,.T.);
#5791 = EDGE_CURVE('',#5783,#5792,#5794,.T.);
#5792 = VERTEX_POINT('',#5793);
#5793 = CARTESIAN_POINT('',(131.37400376485,112.34741805621,-12.7));
#5794 = LINE('',#5795,#5796);
#5795 = CARTESIAN_POINT('',(66.090037076062,47.063451367425,-12.7));
#5796 = VECTOR('',#5797,1.);
#5797 = DIRECTION('',(0.707106781187,0.707106781187,-0.));
#5798 = ORIENTED_EDGE('',*,*,#5799,.F.);
#5799 = EDGE_CURVE('',#5800,#5792,#5802,.T.);
#5800 = VERTEX_POINT('',#5801);
#5801 = CARTESIAN_POINT('',(134.10371990607,113.23973172903,-12.7));
#5802 = CIRCLE('',#5803,3.174);
#5803 = AXIS2_PLACEMENT_3D('',#5804,#5805,#5806);
#5804 = CARTESIAN_POINT('',(133.61836068833,110.10306113272,-12.7));
#5805 = DIRECTION('',(0.,0.,1.));
#5806 = DIRECTION('',(-0.707106781187,0.707106781187,0.));
#5807 = ORIENTED_EDGE('',*,*,#5808,.F.);
#5808 = EDGE_CURVE('',#5809,#5800,#5811,.T.);
#5809 = VERTEX_POINT('',#5810);
#5810 = CARTESIAN_POINT('',(135.86271761182,112.34741805621,-12.7));
#5811 = CIRCLE('',#5812,3.174);
#5812 = AXIS2_PLACEMENT_3D('',#5813,#5814,#5815);
#5813 = CARTESIAN_POINT('',(133.61836068833,110.10306113272,-12.7));
#5814 = DIRECTION('',(0.,0.,1.));
#5815 = DIRECTION('',(-0.707106781187,0.707106781187,0.));
#5816 = ORIENTED_EDGE('',*,*,#5817,.F.);
#5817 = EDGE_CURVE('',#5818,#5809,#5820,.T.);
#5818 = VERTEX_POINT('',#5819);
#5819 = CARTESIAN_POINT('',(146.93742418061,101.27271148742,-12.7));
#5820 = LINE('',#5821,#5822);
#5821 = CARTESIAN_POINT('',(128.86171426117,119.34842140686,-12.7));
#5822 = VECTOR('',#5823,1.);
#5823 = DIRECTION('',(-0.707106781187,0.707106781187,0.));
#5824 = ORIENTED_EDGE('',*,*,#5825,.F.);
#5825 = EDGE_CURVE('',#5749,#5818,#5826,.T.);
#5826 = CIRCLE('',#5827,3.174);
#5827 = AXIS2_PLACEMENT_3D('',#5828,#5829,#5830);
#5828 = CARTESIAN_POINT('',(144.69306725712,99.028354563941,-12.7));
#5829 = DIRECTION('',(0.,0.,1.));
#5830 = DIRECTION('',(0.707106781187,-0.707106781187,0.));
#5831 = FACE_BOUND('',#5832,.T.);
#5832 = EDGE_LOOP('',(#5833,#5844,#5852,#5861,#5869,#5878,#5886,#5895,
    #5904,#5912));
#5833 = ORIENTED_EDGE('',*,*,#5834,.F.);
#5834 = EDGE_CURVE('',#5835,#5837,#5839,.T.);
#5835 = VERTEX_POINT('',#5836);
#5836 = CARTESIAN_POINT('',(181.99257581938,30.216002359545,-12.7));
#5837 = VERTEX_POINT('',#5838);
#5838 = CARTESIAN_POINT('',(181.06937844499,28.173823006433,-12.7));
#5839 = CIRCLE('',#5840,3.174);
#5840 = AXIS2_PLACEMENT_3D('',#5841,#5842,#5843);
#5841 = CARTESIAN_POINT('',(184.23693274287,27.971645436059,-12.7));
#5842 = DIRECTION('',(0.,0.,1.));
#5843 = DIRECTION('',(-0.707106781187,0.707106781187,0.));
#5844 = ORIENTED_EDGE('',*,*,#5845,.F.);
#5845 = EDGE_CURVE('',#5846,#5835,#5848,.T.);
#5846 = VERTEX_POINT('',#5847);
#5847 = CARTESIAN_POINT('',(191.63044136294,39.853867903106,-12.7));
#5848 = LINE('',#5849,#5850);
#5849 = CARTESIAN_POINT('',(136.46904250817,-15.30753095166,-12.7));
#5850 = VECTOR('',#5851,1.);
#5851 = DIRECTION('',(-0.707106781187,-0.707106781187,0.));
#5852 = ORIENTED_EDGE('',*,*,#5853,.F.);
#5853 = EDGE_CURVE('',#5854,#5846,#5856,.T.);
#5854 = VERTEX_POINT('',#5855);
#5855 = CARTESIAN_POINT('',(196.11915520992,39.853867903106,-12.7));
#5856 = CIRCLE('',#5857,3.174);
#5857 = AXIS2_PLACEMENT_3D('',#5858,#5859,#5860);
#5858 = CARTESIAN_POINT('',(193.87479828643,37.60951097962,-12.7));
#5859 = DIRECTION('',(0.,0.,1.));
#5860 = DIRECTION('',(0.707106781187,0.707106781187,-0.));
#5861 = ORIENTED_EDGE('',*,*,#5862,.T.);
#5862 = EDGE_CURVE('',#5854,#5863,#5865,.T.);
#5863 = VERTEX_POINT('',#5864);
#5864 = CARTESIAN_POINT('',(207.1938617787,28.779161334318,-12.7));
#5865 = LINE('',#5866,#5867);
#5866 = CARTESIAN_POINT('',(163.71236512935,72.260657983673,-12.7));
#5867 = VECTOR('',#5868,1.);
#5868 = DIRECTION('',(0.707106781187,-0.707106781187,0.));
#5869 = ORIENTED_EDGE('',*,*,#5870,.F.);
#5870 = EDGE_CURVE('',#5871,#5863,#5873,.T.);
#5871 = VERTEX_POINT('',#5872);
#5872 = CARTESIAN_POINT('',(207.1938617787,24.290447487346,-12.7));
#5873 = CIRCLE('',#5874,3.174);
#5874 = AXIS2_PLACEMENT_3D('',#5875,#5876,#5877);
#5875 = CARTESIAN_POINT('',(204.94950485522,26.534804410832,-12.7));
#5876 = DIRECTION('',(0.,0.,1.));
#5877 = DIRECTION('',(0.707106781187,-0.707106781187,0.));
#5878 = ORIENTED_EDGE('',*,*,#5879,.T.);
#5879 = EDGE_CURVE('',#5871,#5880,#5882,.T.);
#5880 = VERTEX_POINT('',#5881);
#5881 = CARTESIAN_POINT('',(197.55599623514,14.652581943785,-12.7));
#5882 = LINE('',#5883,#5884);
#5883 = CARTESIAN_POINT('',(152.03246292393,-30.87095136742,-12.7));
#5884 = VECTOR('',#5885,1.);
#5885 = DIRECTION('',(-0.707106781187,-0.707106781187,0.));
#5886 = ORIENTED_EDGE('',*,*,#5887,.F.);
#5887 = EDGE_CURVE('',#5888,#5880,#5890,.T.);
#5888 = VERTEX_POINT('',#5889);
#5889 = CARTESIAN_POINT('',(194.82628009392,13.76026827096,-12.7));
#5890 = CIRCLE('',#5891,3.174);
#5891 = AXIS2_PLACEMENT_3D('',#5892,#5893,#5894);
#5892 = CARTESIAN_POINT('',(195.31163931166,16.896938867271,-12.7));
#5893 = DIRECTION('',(0.,0.,1.));
#5894 = DIRECTION('',(0.707106781187,-0.707106781187,0.));
#5895 = ORIENTED_EDGE('',*,*,#5896,.F.);
#5896 = EDGE_CURVE('',#5897,#5888,#5899,.T.);
#5897 = VERTEX_POINT('',#5898);
#5898 = CARTESIAN_POINT('',(193.06728238817,14.652581943785,-12.7));
#5899 = CIRCLE('',#5900,3.174);
#5900 = AXIS2_PLACEMENT_3D('',#5901,#5902,#5903);
#5901 = CARTESIAN_POINT('',(195.31163931166,16.896938867271,-12.7));
#5902 = DIRECTION('',(0.,0.,1.));
#5903 = DIRECTION('',(0.707106781187,-0.707106781187,0.));
#5904 = ORIENTED_EDGE('',*,*,#5905,.F.);
#5905 = EDGE_CURVE('',#5906,#5897,#5908,.T.);
#5906 = VERTEX_POINT('',#5907);
#5907 = CARTESIAN_POINT('',(181.99257581938,25.727288512573,-12.7));
#5908 = LINE('',#5909,#5910);
#5909 = CARTESIAN_POINT('',(149.58578573882,58.13407859314,-12.7));
#5910 = VECTOR('',#5911,1.);
#5911 = DIRECTION('',(0.707106781187,-0.707106781187,0.));
#5912 = ORIENTED_EDGE('',*,*,#5913,.F.);
#5913 = EDGE_CURVE('',#5837,#5906,#5914,.T.);
#5914 = CIRCLE('',#5915,3.174);
#5915 = AXIS2_PLACEMENT_3D('',#5916,#5917,#5918);
#5916 = CARTESIAN_POINT('',(184.23693274287,27.971645436059,-12.7));
#5917 = DIRECTION('',(0.,0.,1.));
#5918 = DIRECTION('',(-0.707106781187,0.707106781187,0.));
#5919 = FACE_BOUND('',#5920,.T.);
#5920 = EDGE_LOOP('',(#5921,#5932,#5941,#5949,#5958,#5967,#5975,#5984,
    #5992,#6001));
#5921 = ORIENTED_EDGE('',*,*,#5922,.F.);
#5922 = EDGE_CURVE('',#5923,#5925,#5927,.T.);
#5923 = VERTEX_POINT('',#5924);
#5924 = CARTESIAN_POINT('',(447.74526827095,26.788719906077,-12.7));
#5925 = VERTEX_POINT('',#5926);
#5926 = CARTESIAN_POINT('',(448.63758194378,24.059003764852,-12.7));
#5927 = CIRCLE('',#5928,3.174);
#5928 = AXIS2_PLACEMENT_3D('',#5929,#5930,#5931);
#5929 = CARTESIAN_POINT('',(450.88193886727,26.303360688339,-12.7));
#5930 = DIRECTION('',(0.,0.,1.));
#5931 = DIRECTION('',(-0.707106781187,-0.707106781187,0.));
#5932 = ORIENTED_EDGE('',*,*,#5933,.F.);
#5933 = EDGE_CURVE('',#5934,#5923,#5936,.T.);
#5934 = VERTEX_POINT('',#5935);
#5935 = CARTESIAN_POINT('',(448.63758194378,28.547717611825,-12.7));
#5936 = CIRCLE('',#5937,3.174);
#5937 = AXIS2_PLACEMENT_3D('',#5938,#5939,#5940);
#5938 = CARTESIAN_POINT('',(450.88193886727,26.303360688339,-12.7));
#5939 = DIRECTION('',(0.,0.,1.));
#5940 = DIRECTION('',(-0.707106781187,-0.707106781187,0.));
#5941 = ORIENTED_EDGE('',*,*,#5942,.F.);
#5942 = EDGE_CURVE('',#5943,#5934,#5945,.T.);
#5943 = VERTEX_POINT('',#5944);
#5944 = CARTESIAN_POINT('',(459.71228851257,39.622424180612,-12.7));
#5945 = LINE('',#5946,#5947);
#5946 = CARTESIAN_POINT('',(329.80657859314,-90.28328573882,-12.7));
#5947 = VECTOR('',#5948,1.);
#5948 = DIRECTION('',(-0.707106781187,-0.707106781187,0.));
#5949 = ORIENTED_EDGE('',*,*,#5950,.F.);
#5950 = EDGE_CURVE('',#5951,#5943,#5953,.T.);
#5951 = VERTEX_POINT('',#5952);
#5952 = CARTESIAN_POINT('',(462.15882300643,40.545621555006,-12.7));
#5953 = CIRCLE('',#5954,3.174);
#5954 = AXIS2_PLACEMENT_3D('',#5955,#5956,#5957);
#5955 = CARTESIAN_POINT('',(461.95664543605,37.378067257126,-12.7));
#5956 = DIRECTION('',(0.,0.,1.));
#5957 = DIRECTION('',(0.707106781187,0.707106781187,-0.));
#5958 = ORIENTED_EDGE('',*,*,#5959,.F.);
#5959 = EDGE_CURVE('',#5960,#5951,#5962,.T.);
#5960 = VERTEX_POINT('',#5961);
#5961 = CARTESIAN_POINT('',(464.20100235954,39.622424180612,-12.7));
#5962 = CIRCLE('',#5963,3.174);
#5963 = AXIS2_PLACEMENT_3D('',#5964,#5965,#5966);
#5964 = CARTESIAN_POINT('',(461.95664543605,37.378067257126,-12.7));
#5965 = DIRECTION('',(0.,0.,1.));
#5966 = DIRECTION('',(0.707106781187,0.707106781187,-0.));
#5967 = ORIENTED_EDGE('',*,*,#5968,.F.);
#5968 = EDGE_CURVE('',#5969,#5960,#5971,.T.);
#5969 = VERTEX_POINT('',#5970);
#5970 = CARTESIAN_POINT('',(473.8388679031,29.984558637052,-12.7));
#5971 = LINE('',#5972,#5973);
#5972 = CARTESIAN_POINT('',(363.99746904833,139.82595749182,-12.7));
#5973 = VECTOR('',#5974,1.);
#5974 = DIRECTION('',(-0.707106781187,0.707106781187,0.));
#5975 = ORIENTED_EDGE('',*,*,#5976,.F.);
#5976 = EDGE_CURVE('',#5977,#5969,#5979,.T.);
#5977 = VERTEX_POINT('',#5978);
#5978 = CARTESIAN_POINT('',(473.8388679031,25.495844790079,-12.7));
#5979 = CIRCLE('',#5980,3.174);
#5980 = AXIS2_PLACEMENT_3D('',#5981,#5982,#5983);
#5981 = CARTESIAN_POINT('',(471.59451097962,27.740201713565,-12.7));
#5982 = DIRECTION('',(0.,0.,1.));
#5983 = DIRECTION('',(0.707106781187,-0.707106781187,0.));
#5984 = ORIENTED_EDGE('',*,*,#5985,.T.);
#5985 = EDGE_CURVE('',#5977,#5986,#5988,.T.);
#5986 = VERTEX_POINT('',#5987);
#5987 = CARTESIAN_POINT('',(462.76416133431,14.421138221292,-12.7));
#5988 = LINE('',#5989,#5990);
#5989 = CARTESIAN_POINT('',(343.93315798367,-104.4098651293,-12.7));
#5990 = VECTOR('',#5991,1.);
#5991 = DIRECTION('',(-0.707106781187,-0.707106781187,0.));
#5992 = ORIENTED_EDGE('',*,*,#5993,.F.);
#5993 = EDGE_CURVE('',#5994,#5986,#5996,.T.);
#5994 = VERTEX_POINT('',#5995);
#5995 = CARTESIAN_POINT('',(458.27544748734,14.421138221292,-12.7));
#5996 = CIRCLE('',#5997,3.174);
#5997 = AXIS2_PLACEMENT_3D('',#5998,#5999,#6000);
#5998 = CARTESIAN_POINT('',(460.51980441083,16.665495144778,-12.7));
#5999 = DIRECTION('',(0.,0.,1.));
#6000 = DIRECTION('',(-0.707106781187,-0.707106781187,0.));
#6001 = ORIENTED_EDGE('',*,*,#6002,.T.);
#6002 = EDGE_CURVE('',#5994,#5925,#6003,.T.);
#6003 = LINE('',#6004,#6005);
#6004 = CARTESIAN_POINT('',(348.43404863257,124.26253707606,-12.7));
#6005 = VECTOR('',#6006,1.);
#6006 = DIRECTION('',(-0.707106781187,0.707106781187,0.));
#6007 = FACE_BOUND('',#6008,.T.);
#6008 = EDGE_LOOP('',(#6009,#6019,#6028,#6036,#6045,#6053,#6062,#6070));
#6009 = ORIENTED_EDGE('',*,*,#6010,.F.);
#6010 = EDGE_CURVE('',#6011,#6013,#6015,.T.);
#6011 = VERTEX_POINT('',#6012);
#6012 = CARTESIAN_POINT('',(372.759,91.876,-12.7));
#6013 = VERTEX_POINT('',#6014);
#6014 = CARTESIAN_POINT('',(372.759,73.224,-12.7));
#6015 = LINE('',#6016,#6017);
#6016 = CARTESIAN_POINT('',(372.759,95.05,-12.7));
#6017 = VECTOR('',#6018,1.);
#6018 = DIRECTION('',(0.,-1.,0.));
#6019 = ORIENTED_EDGE('',*,*,#6020,.F.);
#6020 = EDGE_CURVE('',#6021,#6011,#6023,.T.);
#6021 = VERTEX_POINT('',#6022);
#6022 = CARTESIAN_POINT('',(375.933,95.05,-12.7));
#6023 = CIRCLE('',#6024,3.174);
#6024 = AXIS2_PLACEMENT_3D('',#6025,#6026,#6027);
#6025 = CARTESIAN_POINT('',(375.933,91.876,-12.7));
#6026 = DIRECTION('',(0.,-0.,1.));
#6027 = DIRECTION('',(0.,1.,0.));
#6028 = ORIENTED_EDGE('',*,*,#6029,.F.);
#6029 = EDGE_CURVE('',#6030,#6021,#6032,.T.);
#6030 = VERTEX_POINT('',#6031);
#6031 = CARTESIAN_POINT('',(376.085,95.05,-12.7));
#6032 = LINE('',#6033,#6034);
#6033 = CARTESIAN_POINT('',(379.259,95.05,-12.7));
#6034 = VECTOR('',#6035,1.);
#6035 = DIRECTION('',(-1.,0.,0.));
#6036 = ORIENTED_EDGE('',*,*,#6037,.F.);
#6037 = EDGE_CURVE('',#6038,#6030,#6040,.T.);
#6038 = VERTEX_POINT('',#6039);
#6039 = CARTESIAN_POINT('',(379.259,91.876,-12.7));
#6040 = CIRCLE('',#6041,3.174);
#6041 = AXIS2_PLACEMENT_3D('',#6042,#6043,#6044);
#6042 = CARTESIAN_POINT('',(376.085,91.876,-12.7));
#6043 = DIRECTION('',(0.,-0.,1.));
#6044 = DIRECTION('',(0.,1.,0.));
#6045 = ORIENTED_EDGE('',*,*,#6046,.T.);
#6046 = EDGE_CURVE('',#6038,#6047,#6049,.T.);
#6047 = VERTEX_POINT('',#6048);
#6048 = CARTESIAN_POINT('',(379.259,73.224,-12.7));
#6049 = LINE('',#6050,#6051);
#6050 = CARTESIAN_POINT('',(379.259,95.05,-12.7));
#6051 = VECTOR('',#6052,1.);
#6052 = DIRECTION('',(0.,-1.,0.));
#6053 = ORIENTED_EDGE('',*,*,#6054,.T.);
#6054 = EDGE_CURVE('',#6047,#6055,#6057,.T.);
#6055 = VERTEX_POINT('',#6056);
#6056 = CARTESIAN_POINT('',(376.085,70.05,-12.7));
#6057 = CIRCLE('',#6058,3.174);
#6058 = AXIS2_PLACEMENT_3D('',#6059,#6060,#6061);
#6059 = CARTESIAN_POINT('',(376.085,73.224,-12.7));
#6060 = DIRECTION('',(0.,0.,-1.));
#6061 = DIRECTION('',(0.,1.,0.));
#6062 = ORIENTED_EDGE('',*,*,#6063,.T.);
#6063 = EDGE_CURVE('',#6055,#6064,#6066,.T.);
#6064 = VERTEX_POINT('',#6065);
#6065 = CARTESIAN_POINT('',(375.933,70.05,-12.7));
#6066 = LINE('',#6067,#6068);
#6067 = CARTESIAN_POINT('',(379.259,70.05,-12.7));
#6068 = VECTOR('',#6069,1.);
#6069 = DIRECTION('',(-1.,0.,0.));
#6070 = ORIENTED_EDGE('',*,*,#6071,.F.);
#6071 = EDGE_CURVE('',#6013,#6064,#6072,.T.);
#6072 = CIRCLE('',#6073,3.174);
#6073 = AXIS2_PLACEMENT_3D('',#6074,#6075,#6076);
#6074 = CARTESIAN_POINT('',(375.933,73.224,-12.7));
#6075 = DIRECTION('',(0.,-0.,1.));
#6076 = DIRECTION('',(0.,1.,0.));
#6077 = FACE_BOUND('',#6078,.T.);
#6078 = EDGE_LOOP('',(#6079));
#6079 = ORIENTED_EDGE('',*,*,#2744,.T.);
#6080 = FACE_BOUND('',#6081,.T.);
#6081 = EDGE_LOOP('',(#6082));
#6082 = ORIENTED_EDGE('',*,*,#3385,.T.);
#6083 = FACE_BOUND('',#6084,.T.);
#6084 = EDGE_LOOP('',(#6085));
#6085 = ORIENTED_EDGE('',*,*,#91,.T.);
#6086 = FACE_BOUND('',#6087,.T.);
#6087 = EDGE_LOOP('',(#6088));
#6088 = ORIENTED_EDGE('',*,*,#3438,.T.);
#6089 = FACE_BOUND('',#6090,.T.);
#6090 = EDGE_LOOP('',(#6091));
#6091 = ORIENTED_EDGE('',*,*,#1026,.T.);
#6092 = FACE_BOUND('',#6093,.T.);
#6093 = EDGE_LOOP('',(#6094));
#6094 = ORIENTED_EDGE('',*,*,#491,.T.);
#6095 = FACE_BOUND('',#6096,.T.);
#6096 = EDGE_LOOP('',(#6097));
#6097 = ORIENTED_EDGE('',*,*,#2691,.T.);
#6098 = FACE_BOUND('',#6099,.T.);
#6099 = EDGE_LOOP('',(#6100));
#6100 = ORIENTED_EDGE('',*,*,#38,.T.);
#6101 = FACE_BOUND('',#6102,.T.);
#6102 = EDGE_LOOP('',(#6103));
#6103 = ORIENTED_EDGE('',*,*,#144,.T.);
#6104 = FACE_BOUND('',#6105,.T.);
#6105 = EDGE_LOOP('',(#6106));
#6106 = ORIENTED_EDGE('',*,*,#4626,.T.);
#6107 = FACE_BOUND('',#6108,.T.);
#6108 = EDGE_LOOP('',(#6109));
#6109 = ORIENTED_EDGE('',*,*,#4601,.T.);
#6110 = FACE_BOUND('',#6111,.T.);
#6111 = EDGE_LOOP('',(#6112));
#6112 = ORIENTED_EDGE('',*,*,#4651,.T.);
#6113 = FACE_BOUND('',#6114,.T.);
#6114 = EDGE_LOOP('',(#6115));
#6115 = ORIENTED_EDGE('',*,*,#4751,.T.);
#6116 = FACE_BOUND('',#6117,.T.);
#6117 = EDGE_LOOP('',(#6118));
#6118 = ORIENTED_EDGE('',*,*,#4551,.T.);
#6119 = FACE_BOUND('',#6120,.T.);
#6120 = EDGE_LOOP('',(#6121));
#6121 = ORIENTED_EDGE('',*,*,#4526,.T.);
#6122 = FACE_BOUND('',#6123,.T.);
#6123 = EDGE_LOOP('',(#6124));
#6124 = ORIENTED_EDGE('',*,*,#4726,.T.);
#6125 = FACE_BOUND('',#6126,.T.);
#6126 = EDGE_LOOP('',(#6127));
#6127 = ORIENTED_EDGE('',*,*,#4701,.T.);
#6128 = FACE_BOUND('',#6129,.T.);
#6129 = EDGE_LOOP('',(#6130));
#6130 = ORIENTED_EDGE('',*,*,#4676,.T.);
#6131 = FACE_BOUND('',#6132,.T.);
#6132 = EDGE_LOOP('',(#6133));
#6133 = ORIENTED_EDGE('',*,*,#4576,.T.);
#6134 = FACE_BOUND('',#6135,.T.);
#6135 = EDGE_LOOP('',(#6136));
#6136 = ORIENTED_EDGE('',*,*,#4776,.T.);
#6137 = FACE_BOUND('',#6138,.T.);
#6138 = EDGE_LOOP('',(#6139));
#6139 = ORIENTED_EDGE('',*,*,#4801,.T.);
#6140 = PLANE('',#6141);
#6141 = AXIS2_PLACEMENT_3D('',#6142,#6143,#6144);
#6142 = CARTESIAN_POINT('',(3.175,3.175,-12.7));
#6143 = DIRECTION('',(0.,0.,1.));
#6144 = DIRECTION('',(1.,0.,-0.));
#6145 = ADVANCED_FACE('',(#6146),#6173,.F.);
#6146 = FACE_BOUND('',#6147,.T.);
#6147 = EDGE_LOOP('',(#6148,#6156,#6165,#6171,#6172));
#6148 = ORIENTED_EDGE('',*,*,#6149,.F.);
#6149 = EDGE_CURVE('',#6150,#5704,#6152,.T.);
#6150 = VERTEX_POINT('',#6151);
#6151 = CARTESIAN_POINT('',(90.240996235147,59.102581943785,
    -19.09033817672));
#6152 = LINE('',#6153,#6154);
#6153 = CARTESIAN_POINT('',(90.240996235147,59.102581943785,
    -19.09033817672));
#6154 = VECTOR('',#6155,1.);
#6155 = DIRECTION('',(0.,0.,1.));
#6156 = ORIENTED_EDGE('',*,*,#6157,.T.);
#6157 = EDGE_CURVE('',#6150,#6158,#6160,.T.);
#6158 = VERTEX_POINT('',#6159);
#6159 = CARTESIAN_POINT('',(85.752282388175,59.102581943785,
    -19.09033817672));
#6160 = CIRCLE('',#6161,3.174);
#6161 = AXIS2_PLACEMENT_3D('',#6162,#6163,#6164);
#6162 = CARTESIAN_POINT('',(87.996639311661,61.346938867271,
    -19.09033817672));
#6163 = DIRECTION('',(0.,0.,-1.));
#6164 = DIRECTION('',(0.707106781187,0.707106781187,0.));
#6165 = ORIENTED_EDGE('',*,*,#6166,.T.);
#6166 = EDGE_CURVE('',#6158,#5721,#6167,.T.);
#6167 = LINE('',#6168,#6169);
#6168 = CARTESIAN_POINT('',(85.752282388175,59.102581943785,
    -19.09033817672));
#6169 = VECTOR('',#6170,1.);
#6170 = DIRECTION('',(0.,0.,1.));
#6171 = ORIENTED_EDGE('',*,*,#5720,.T.);
#6172 = ORIENTED_EDGE('',*,*,#5711,.T.);
#6173 = CYLINDRICAL_SURFACE('',#6174,3.174);
#6174 = AXIS2_PLACEMENT_3D('',#6175,#6176,#6177);
#6175 = CARTESIAN_POINT('',(87.996639311661,61.346938867271,
    -19.09033817672));
#6176 = DIRECTION('',(0.,0.,1.));
#6177 = DIRECTION('',(0.707106781187,-0.707106781187,0.));
#6178 = ADVANCED_FACE('',(#6179),#6197,.T.);
#6179 = FACE_BOUND('',#6180,.T.);
#6180 = EDGE_LOOP('',(#6181,#6182,#6183,#6191));
#6181 = ORIENTED_EDGE('',*,*,#6149,.T.);
#6182 = ORIENTED_EDGE('',*,*,#5703,.F.);
#6183 = ORIENTED_EDGE('',*,*,#6184,.F.);
#6184 = EDGE_CURVE('',#6185,#5695,#6187,.T.);
#6185 = VERTEX_POINT('',#6186);
#6186 = CARTESIAN_POINT('',(99.878861778708,68.740447487346,
    -19.09033817672));
#6187 = LINE('',#6188,#6189);
#6188 = CARTESIAN_POINT('',(99.878861778708,68.740447487346,
    -19.09033817672));
#6189 = VECTOR('',#6190,1.);
#6190 = DIRECTION('',(0.,0.,1.));
#6191 = ORIENTED_EDGE('',*,*,#6192,.T.);
#6192 = EDGE_CURVE('',#6185,#6150,#6193,.T.);
#6193 = LINE('',#6194,#6195);
#6194 = CARTESIAN_POINT('',(102.12321870219,70.984804410832,
    -19.09033817672));
#6195 = VECTOR('',#6196,1.);
#6196 = DIRECTION('',(-0.707106781187,-0.707106781187,0.));
#6197 = PLANE('',#6198);
#6198 = AXIS2_PLACEMENT_3D('',#6199,#6200,#6201);
#6199 = CARTESIAN_POINT('',(102.12321870219,70.984804410832,
    -19.09033817672));
#6200 = DIRECTION('',(-0.707106781187,0.707106781187,0.));
#6201 = DIRECTION('',(0.,0.,1.));
#6202 = ADVANCED_FACE('',(#6203),#6230,.F.);
#6203 = FACE_BOUND('',#6204,.F.);
#6204 = EDGE_LOOP('',(#6205,#6213,#6222,#6228,#6229));
#6205 = ORIENTED_EDGE('',*,*,#6206,.F.);
#6206 = EDGE_CURVE('',#6207,#5659,#6209,.T.);
#6207 = VERTEX_POINT('',#6208);
#6208 = CARTESIAN_POINT('',(74.677575819388,74.666002359545,
    -19.09033817672));
#6209 = LINE('',#6210,#6211);
#6210 = CARTESIAN_POINT('',(74.677575819388,74.666002359545,
    -19.09033817672));
#6211 = VECTOR('',#6212,1.);
#6212 = DIRECTION('',(0.,0.,1.));
#6213 = ORIENTED_EDGE('',*,*,#6214,.T.);
#6214 = EDGE_CURVE('',#6207,#6215,#6217,.T.);
#6215 = VERTEX_POINT('',#6216);
#6216 = CARTESIAN_POINT('',(74.677575819388,70.177288512573,
    -19.09033817672));
#6217 = CIRCLE('',#6218,3.174);
#6218 = AXIS2_PLACEMENT_3D('',#6219,#6220,#6221);
#6219 = CARTESIAN_POINT('',(76.921932742874,72.421645436059,
    -19.09033817672));
#6220 = DIRECTION('',(0.,-0.,1.));
#6221 = DIRECTION('',(0.707106781187,0.707106781187,0.));
#6222 = ORIENTED_EDGE('',*,*,#6223,.T.);
#6223 = EDGE_CURVE('',#6215,#5730,#6224,.T.);
#6224 = LINE('',#6225,#6226);
#6225 = CARTESIAN_POINT('',(74.677575819388,70.177288512573,
    -19.09033817672));
#6226 = VECTOR('',#6227,1.);
#6227 = DIRECTION('',(0.,0.,1.));
#6228 = ORIENTED_EDGE('',*,*,#5737,.F.);
#6229 = ORIENTED_EDGE('',*,*,#5658,.F.);
#6230 = CYLINDRICAL_SURFACE('',#6231,3.174);
#6231 = AXIS2_PLACEMENT_3D('',#6232,#6233,#6234);
#6232 = CARTESIAN_POINT('',(76.921932742874,72.421645436059,
    -19.09033817672));
#6233 = DIRECTION('',(0.,0.,1.));
#6234 = DIRECTION('',(-0.707106781187,0.707106781187,0.));
#6235 = ADVANCED_FACE('',(#6236),#6254,.F.);
#6236 = FACE_BOUND('',#6237,.F.);
#6237 = EDGE_LOOP('',(#6238,#6239,#6240,#6248));
#6238 = ORIENTED_EDGE('',*,*,#6206,.T.);
#6239 = ORIENTED_EDGE('',*,*,#5669,.F.);
#6240 = ORIENTED_EDGE('',*,*,#6241,.F.);
#6241 = EDGE_CURVE('',#6242,#5670,#6244,.T.);
#6242 = VERTEX_POINT('',#6243);
#6243 = CARTESIAN_POINT('',(84.315441362948,84.303867903106,
    -19.09033817672));
#6244 = LINE('',#6245,#6246);
#6245 = CARTESIAN_POINT('',(84.315441362948,84.303867903106,
    -19.09033817672));
#6246 = VECTOR('',#6247,1.);
#6247 = DIRECTION('',(0.,0.,1.));
#6248 = ORIENTED_EDGE('',*,*,#6249,.T.);
#6249 = EDGE_CURVE('',#6242,#6207,#6250,.T.);
#6250 = LINE('',#6251,#6252);
#6251 = CARTESIAN_POINT('',(86.559798286434,86.548224826592,
    -19.09033817672));
#6252 = VECTOR('',#6253,1.);
#6253 = DIRECTION('',(-0.707106781187,-0.707106781187,0.));
#6254 = PLANE('',#6255);
#6255 = AXIS2_PLACEMENT_3D('',#6256,#6257,#6258);
#6256 = CARTESIAN_POINT('',(86.559798286434,86.548224826592,
    -19.09033817672));
#6257 = DIRECTION('',(-0.707106781187,0.707106781187,0.));
#6258 = DIRECTION('',(0.,0.,1.));
#6259 = ADVANCED_FACE('',(#6260),#6279,.F.);
#6260 = FACE_BOUND('',#6261,.F.);
#6261 = EDGE_LOOP('',(#6262,#6270,#6277,#6278));
#6262 = ORIENTED_EDGE('',*,*,#6263,.F.);
#6263 = EDGE_CURVE('',#6264,#5678,#6266,.T.);
#6264 = VERTEX_POINT('',#6265);
#6265 = CARTESIAN_POINT('',(88.80415520992,84.303867903106,
    -19.09033817672));
#6266 = LINE('',#6267,#6268);
#6267 = CARTESIAN_POINT('',(88.80415520992,84.303867903106,
    -19.09033817672));
#6268 = VECTOR('',#6269,1.);
#6269 = DIRECTION('',(0.,0.,1.));
#6270 = ORIENTED_EDGE('',*,*,#6271,.T.);
#6271 = EDGE_CURVE('',#6264,#6242,#6272,.T.);
#6272 = CIRCLE('',#6273,3.174);
#6273 = AXIS2_PLACEMENT_3D('',#6274,#6275,#6276);
#6274 = CARTESIAN_POINT('',(86.559798286434,82.05951097962,
    -19.09033817672));
#6275 = DIRECTION('',(0.,-0.,1.));
#6276 = DIRECTION('',(0.707106781187,0.707106781187,0.));
#6277 = ORIENTED_EDGE('',*,*,#6241,.T.);
#6278 = ORIENTED_EDGE('',*,*,#5677,.F.);
#6279 = CYLINDRICAL_SURFACE('',#6280,3.174);
#6280 = AXIS2_PLACEMENT_3D('',#6281,#6282,#6283);
#6281 = CARTESIAN_POINT('',(86.559798286434,82.05951097962,
    -19.09033817672));
#6282 = DIRECTION('',(0.,0.,1.));
#6283 = DIRECTION('',(0.707106781187,0.707106781187,0.));
#6284 = ADVANCED_FACE('',(#6285),#6303,.T.);
#6285 = FACE_BOUND('',#6286,.T.);
#6286 = EDGE_LOOP('',(#6287,#6288,#6296,#6302));
#6287 = ORIENTED_EDGE('',*,*,#6263,.F.);
#6288 = ORIENTED_EDGE('',*,*,#6289,.F.);
#6289 = EDGE_CURVE('',#6290,#6264,#6292,.T.);
#6290 = VERTEX_POINT('',#6291);
#6291 = CARTESIAN_POINT('',(99.878861778708,73.229161334318,
    -19.09033817672));
#6292 = LINE('',#6293,#6294);
#6293 = CARTESIAN_POINT('',(102.12321870219,70.984804410832,
    -19.09033817672));
#6294 = VECTOR('',#6295,1.);
#6295 = DIRECTION('',(-0.707106781187,0.707106781187,0.));
#6296 = ORIENTED_EDGE('',*,*,#6297,.T.);
#6297 = EDGE_CURVE('',#6290,#5687,#6298,.T.);
#6298 = LINE('',#6299,#6300);
#6299 = CARTESIAN_POINT('',(99.878861778708,73.229161334318,
    -19.09033817672));
#6300 = VECTOR('',#6301,1.);
#6301 = DIRECTION('',(0.,0.,1.));
#6302 = ORIENTED_EDGE('',*,*,#5686,.F.);
#6303 = PLANE('',#6304);
#6304 = AXIS2_PLACEMENT_3D('',#6305,#6306,#6307);
#6305 = CARTESIAN_POINT('',(102.12321870219,70.984804410832,
    -19.09033817672));
#6306 = DIRECTION('',(-0.707106781187,-0.707106781187,0.));
#6307 = DIRECTION('',(0.,0.,1.));
#6308 = ADVANCED_FACE('',(#6309),#6321,.F.);
#6309 = FACE_BOUND('',#6310,.F.);
#6310 = EDGE_LOOP('',(#6311,#6312,#6319,#6320));
#6311 = ORIENTED_EDGE('',*,*,#6184,.F.);
#6312 = ORIENTED_EDGE('',*,*,#6313,.T.);
#6313 = EDGE_CURVE('',#6185,#6290,#6314,.T.);
#6314 = CIRCLE('',#6315,3.174);
#6315 = AXIS2_PLACEMENT_3D('',#6316,#6317,#6318);
#6316 = CARTESIAN_POINT('',(97.634504855222,70.984804410832,
    -19.09033817672));
#6317 = DIRECTION('',(0.,-0.,1.));
#6318 = DIRECTION('',(0.707106781187,0.707106781187,0.));
#6319 = ORIENTED_EDGE('',*,*,#6297,.T.);
#6320 = ORIENTED_EDGE('',*,*,#5694,.F.);
#6321 = CYLINDRICAL_SURFACE('',#6322,3.174);
#6322 = AXIS2_PLACEMENT_3D('',#6323,#6324,#6325);
#6323 = CARTESIAN_POINT('',(97.634504855222,70.984804410832,
    -19.09033817672));
#6324 = DIRECTION('',(0.,0.,1.));
#6325 = DIRECTION('',(0.707106781187,-0.707106781187,0.));
#6326 = ADVANCED_FACE('',(#6327),#6338,.F.);
#6327 = FACE_BOUND('',#6328,.F.);
#6328 = EDGE_LOOP('',(#6329,#6330,#6336,#6337));
#6329 = ORIENTED_EDGE('',*,*,#6223,.F.);
#6330 = ORIENTED_EDGE('',*,*,#6331,.F.);
#6331 = EDGE_CURVE('',#6158,#6215,#6332,.T.);
#6332 = LINE('',#6333,#6334);
#6333 = CARTESIAN_POINT('',(87.996639311661,56.858225020299,
    -19.09033817672));
#6334 = VECTOR('',#6335,1.);
#6335 = DIRECTION('',(-0.707106781187,0.707106781187,0.));
#6336 = ORIENTED_EDGE('',*,*,#6166,.T.);
#6337 = ORIENTED_EDGE('',*,*,#5729,.F.);
#6338 = PLANE('',#6339);
#6339 = AXIS2_PLACEMENT_3D('',#6340,#6341,#6342);
#6340 = CARTESIAN_POINT('',(87.996639311661,56.858225020299,
    -19.09033817672));
#6341 = DIRECTION('',(-0.707106781187,-0.707106781187,0.));
#6342 = DIRECTION('',(0.,0.,1.));
#6343 = ADVANCED_FACE('',(#6344),#6354,.T.);
#6344 = FACE_BOUND('',#6345,.T.);
#6345 = EDGE_LOOP('',(#6346,#6347,#6348,#6349,#6350,#6351,#6352,#6353));
#6346 = ORIENTED_EDGE('',*,*,#6249,.T.);
#6347 = ORIENTED_EDGE('',*,*,#6214,.T.);
#6348 = ORIENTED_EDGE('',*,*,#6331,.F.);
#6349 = ORIENTED_EDGE('',*,*,#6157,.F.);
#6350 = ORIENTED_EDGE('',*,*,#6192,.F.);
#6351 = ORIENTED_EDGE('',*,*,#6313,.T.);
#6352 = ORIENTED_EDGE('',*,*,#6289,.T.);
#6353 = ORIENTED_EDGE('',*,*,#6271,.T.);
#6354 = PLANE('',#6355);
#6355 = AXIS2_PLACEMENT_3D('',#6356,#6357,#6358);
#6356 = CARTESIAN_POINT('',(102.12321870219,70.984804410832,
    -19.09033817672));
#6357 = DIRECTION('',(0.,0.,1.));
#6358 = DIRECTION('',(-0.707106781187,0.707106781187,0.));
#6359 = ADVANCED_FACE('',(#6360),#6387,.F.);
#6360 = FACE_BOUND('',#6361,.T.);
#6361 = EDGE_LOOP('',(#6362,#6370,#6379,#6385,#6386));
#6362 = ORIENTED_EDGE('',*,*,#6363,.F.);
#6363 = EDGE_CURVE('',#6364,#5792,#6366,.T.);
#6364 = VERTEX_POINT('',#6365);
#6365 = CARTESIAN_POINT('',(131.37400376485,112.34741805621,
    -19.09033817672));
#6366 = LINE('',#6367,#6368);
#6367 = CARTESIAN_POINT('',(131.37400376485,112.34741805621,
    -19.09033817672));
#6368 = VECTOR('',#6369,1.);
#6369 = DIRECTION('',(0.,0.,1.));
#6370 = ORIENTED_EDGE('',*,*,#6371,.T.);
#6371 = EDGE_CURVE('',#6364,#6372,#6374,.T.);
#6372 = VERTEX_POINT('',#6373);
#6373 = CARTESIAN_POINT('',(135.86271761182,112.34741805621,
    -19.09033817672));
#6374 = CIRCLE('',#6375,3.174);
#6375 = AXIS2_PLACEMENT_3D('',#6376,#6377,#6378);
#6376 = CARTESIAN_POINT('',(133.61836068833,110.10306113272,
    -19.09033817672));
#6377 = DIRECTION('',(-0.,0.,-1.));
#6378 = DIRECTION('',(-0.707106781187,-0.707106781187,0.));
#6379 = ORIENTED_EDGE('',*,*,#6380,.T.);
#6380 = EDGE_CURVE('',#6372,#5809,#6381,.T.);
#6381 = LINE('',#6382,#6383);
#6382 = CARTESIAN_POINT('',(135.86271761182,112.34741805621,
    -19.09033817672));
#6383 = VECTOR('',#6384,1.);
#6384 = DIRECTION('',(0.,0.,1.));
#6385 = ORIENTED_EDGE('',*,*,#5808,.T.);
#6386 = ORIENTED_EDGE('',*,*,#5799,.T.);
#6387 = CYLINDRICAL_SURFACE('',#6388,3.174);
#6388 = AXIS2_PLACEMENT_3D('',#6389,#6390,#6391);
#6389 = CARTESIAN_POINT('',(133.61836068833,110.10306113272,
    -19.09033817672));
#6390 = DIRECTION('',(0.,0.,1.));
#6391 = DIRECTION('',(-0.707106781187,0.707106781187,0.));
#6392 = ADVANCED_FACE('',(#6393),#6411,.T.);
#6393 = FACE_BOUND('',#6394,.T.);
#6394 = EDGE_LOOP('',(#6395,#6396,#6397,#6405));
#6395 = ORIENTED_EDGE('',*,*,#6363,.T.);
#6396 = ORIENTED_EDGE('',*,*,#5791,.F.);
#6397 = ORIENTED_EDGE('',*,*,#6398,.F.);
#6398 = EDGE_CURVE('',#6399,#5783,#6401,.T.);
#6399 = VERTEX_POINT('',#6400);
#6400 = CARTESIAN_POINT('',(121.73613822129,102.70955251265,
    -19.09033817672));
#6401 = LINE('',#6402,#6403);
#6402 = CARTESIAN_POINT('',(121.73613822129,102.70955251265,
    -19.09033817672));
#6403 = VECTOR('',#6404,1.);
#6404 = DIRECTION('',(0.,0.,1.));
#6405 = ORIENTED_EDGE('',*,*,#6406,.T.);
#6406 = EDGE_CURVE('',#6399,#6364,#6407,.T.);
#6407 = LINE('',#6408,#6409);
#6408 = CARTESIAN_POINT('',(119.4917812978,100.46519558916,
    -19.09033817672));
#6409 = VECTOR('',#6410,1.);
#6410 = DIRECTION('',(0.707106781187,0.707106781187,0.));
#6411 = PLANE('',#6412);
#6412 = AXIS2_PLACEMENT_3D('',#6413,#6414,#6415);
#6413 = CARTESIAN_POINT('',(119.4917812978,100.46519558916,
    -19.09033817672));
#6414 = DIRECTION('',(0.707106781187,-0.707106781187,0.));
#6415 = DIRECTION('',(0.,0.,1.));
#6416 = ADVANCED_FACE('',(#6417),#6444,.F.);
#6417 = FACE_BOUND('',#6418,.F.);
#6418 = EDGE_LOOP('',(#6419,#6427,#6436,#6442,#6443));
#6419 = ORIENTED_EDGE('',*,*,#6420,.F.);
#6420 = EDGE_CURVE('',#6421,#5747,#6423,.T.);
#6421 = VERTEX_POINT('',#6422);
#6422 = CARTESIAN_POINT('',(146.93742418061,96.783997640455,
    -19.09033817672));
#6423 = LINE('',#6424,#6425);
#6424 = CARTESIAN_POINT('',(146.93742418061,96.783997640455,
    -19.09033817672));
#6425 = VECTOR('',#6426,1.);
#6426 = DIRECTION('',(0.,0.,1.));
#6427 = ORIENTED_EDGE('',*,*,#6428,.T.);
#6428 = EDGE_CURVE('',#6421,#6429,#6431,.T.);
#6429 = VERTEX_POINT('',#6430);
#6430 = CARTESIAN_POINT('',(146.93742418061,101.27271148742,
    -19.09033817672));
#6431 = CIRCLE('',#6432,3.174);
#6432 = AXIS2_PLACEMENT_3D('',#6433,#6434,#6435);
#6433 = CARTESIAN_POINT('',(144.69306725712,99.028354563941,
    -19.09033817672));
#6434 = DIRECTION('',(0.,0.,1.));
#6435 = DIRECTION('',(-0.707106781187,-0.707106781187,0.));
#6436 = ORIENTED_EDGE('',*,*,#6437,.T.);
#6437 = EDGE_CURVE('',#6429,#5818,#6438,.T.);
#6438 = LINE('',#6439,#6440);
#6439 = CARTESIAN_POINT('',(146.93742418061,101.27271148742,
    -19.09033817672));
#6440 = VECTOR('',#6441,1.);
#6441 = DIRECTION('',(0.,0.,1.));
#6442 = ORIENTED_EDGE('',*,*,#5825,.F.);
#6443 = ORIENTED_EDGE('',*,*,#5746,.F.);
#6444 = CYLINDRICAL_SURFACE('',#6445,3.174);
#6445 = AXIS2_PLACEMENT_3D('',#6446,#6447,#6448);
#6446 = CARTESIAN_POINT('',(144.69306725712,99.028354563941,
    -19.09033817672));
#6447 = DIRECTION('',(0.,0.,1.));
#6448 = DIRECTION('',(0.707106781187,-0.707106781187,0.));
#6449 = ADVANCED_FACE('',(#6450),#6468,.F.);
#6450 = FACE_BOUND('',#6451,.F.);
#6451 = EDGE_LOOP('',(#6452,#6453,#6454,#6462));
#6452 = ORIENTED_EDGE('',*,*,#6420,.T.);
#6453 = ORIENTED_EDGE('',*,*,#5757,.F.);
#6454 = ORIENTED_EDGE('',*,*,#6455,.F.);
#6455 = EDGE_CURVE('',#6456,#5758,#6458,.T.);
#6456 = VERTEX_POINT('',#6457);
#6457 = CARTESIAN_POINT('',(137.29955863705,87.146132096894,
    -19.09033817672));
#6458 = LINE('',#6459,#6460);
#6459 = CARTESIAN_POINT('',(137.29955863705,87.146132096894,
    -19.09033817672));
#6460 = VECTOR('',#6461,1.);
#6461 = DIRECTION('',(0.,0.,1.));
#6462 = ORIENTED_EDGE('',*,*,#6463,.T.);
#6463 = EDGE_CURVE('',#6456,#6421,#6464,.T.);
#6464 = LINE('',#6465,#6466);
#6465 = CARTESIAN_POINT('',(135.05520171356,84.901775173408,
    -19.09033817672));
#6466 = VECTOR('',#6467,1.);
#6467 = DIRECTION('',(0.707106781187,0.707106781187,0.));
#6468 = PLANE('',#6469);
#6469 = AXIS2_PLACEMENT_3D('',#6470,#6471,#6472);
#6470 = CARTESIAN_POINT('',(135.05520171356,84.901775173408,
    -19.09033817672));
#6471 = DIRECTION('',(0.707106781187,-0.707106781187,0.));
#6472 = DIRECTION('',(0.,0.,1.));
#6473 = ADVANCED_FACE('',(#6474),#6493,.F.);
#6474 = FACE_BOUND('',#6475,.F.);
#6475 = EDGE_LOOP('',(#6476,#6484,#6491,#6492));
#6476 = ORIENTED_EDGE('',*,*,#6477,.F.);
#6477 = EDGE_CURVE('',#6478,#5766,#6480,.T.);
#6478 = VERTEX_POINT('',#6479);
#6479 = CARTESIAN_POINT('',(132.81084479007,87.146132096894,
    -19.09033817672));
#6480 = LINE('',#6481,#6482);
#6481 = CARTESIAN_POINT('',(132.81084479007,87.146132096894,
    -19.09033817672));
#6482 = VECTOR('',#6483,1.);
#6483 = DIRECTION('',(0.,0.,1.));
#6484 = ORIENTED_EDGE('',*,*,#6485,.T.);
#6485 = EDGE_CURVE('',#6478,#6456,#6486,.T.);
#6486 = CIRCLE('',#6487,3.174);
#6487 = AXIS2_PLACEMENT_3D('',#6488,#6489,#6490);
#6488 = CARTESIAN_POINT('',(135.05520171356,89.39048902038,
    -19.09033817672));
#6489 = DIRECTION('',(0.,0.,1.));
#6490 = DIRECTION('',(-0.707106781187,-0.707106781187,0.));
#6491 = ORIENTED_EDGE('',*,*,#6455,.T.);
#6492 = ORIENTED_EDGE('',*,*,#5765,.F.);
#6493 = CYLINDRICAL_SURFACE('',#6494,3.174);
#6494 = AXIS2_PLACEMENT_3D('',#6495,#6496,#6497);
#6495 = CARTESIAN_POINT('',(135.05520171356,89.39048902038,
    -19.09033817672));
#6496 = DIRECTION('',(0.,0.,1.));
#6497 = DIRECTION('',(-0.707106781187,-0.707106781187,0.));
#6498 = ADVANCED_FACE('',(#6499),#6517,.T.);
#6499 = FACE_BOUND('',#6500,.T.);
#6500 = EDGE_LOOP('',(#6501,#6502,#6510,#6516));
#6501 = ORIENTED_EDGE('',*,*,#6477,.F.);
#6502 = ORIENTED_EDGE('',*,*,#6503,.F.);
#6503 = EDGE_CURVE('',#6504,#6478,#6506,.T.);
#6504 = VERTEX_POINT('',#6505);
#6505 = CARTESIAN_POINT('',(121.73613822129,98.220838665682,
    -19.09033817672));
#6506 = LINE('',#6507,#6508);
#6507 = CARTESIAN_POINT('',(119.4917812978,100.46519558916,
    -19.09033817672));
#6508 = VECTOR('',#6509,1.);
#6509 = DIRECTION('',(0.707106781187,-0.707106781187,0.));
#6510 = ORIENTED_EDGE('',*,*,#6511,.T.);
#6511 = EDGE_CURVE('',#6504,#5775,#6512,.T.);
#6512 = LINE('',#6513,#6514);
#6513 = CARTESIAN_POINT('',(121.73613822129,98.220838665682,
    -19.09033817672));
#6514 = VECTOR('',#6515,1.);
#6515 = DIRECTION('',(0.,0.,1.));
#6516 = ORIENTED_EDGE('',*,*,#5774,.F.);
#6517 = PLANE('',#6518);
#6518 = AXIS2_PLACEMENT_3D('',#6519,#6520,#6521);
#6519 = CARTESIAN_POINT('',(119.4917812978,100.46519558916,
    -19.09033817672));
#6520 = DIRECTION('',(0.707106781187,0.707106781187,0.));
#6521 = DIRECTION('',(0.,0.,1.));
#6522 = ADVANCED_FACE('',(#6523),#6535,.F.);
#6523 = FACE_BOUND('',#6524,.F.);
#6524 = EDGE_LOOP('',(#6525,#6526,#6533,#6534));
#6525 = ORIENTED_EDGE('',*,*,#6398,.F.);
#6526 = ORIENTED_EDGE('',*,*,#6527,.T.);
#6527 = EDGE_CURVE('',#6399,#6504,#6528,.T.);
#6528 = CIRCLE('',#6529,3.174);
#6529 = AXIS2_PLACEMENT_3D('',#6530,#6531,#6532);
#6530 = CARTESIAN_POINT('',(123.98049514477,100.46519558916,
    -19.09033817672));
#6531 = DIRECTION('',(0.,0.,1.));
#6532 = DIRECTION('',(-0.707106781187,-0.707106781187,0.));
#6533 = ORIENTED_EDGE('',*,*,#6511,.T.);
#6534 = ORIENTED_EDGE('',*,*,#5782,.F.);
#6535 = CYLINDRICAL_SURFACE('',#6536,3.174);
#6536 = AXIS2_PLACEMENT_3D('',#6537,#6538,#6539);
#6537 = CARTESIAN_POINT('',(123.98049514477,100.46519558916,
    -19.09033817672));
#6538 = DIRECTION('',(0.,0.,1.));
#6539 = DIRECTION('',(-0.707106781187,0.707106781187,0.));
#6540 = ADVANCED_FACE('',(#6541),#6552,.F.);
#6541 = FACE_BOUND('',#6542,.F.);
#6542 = EDGE_LOOP('',(#6543,#6544,#6550,#6551));
#6543 = ORIENTED_EDGE('',*,*,#6437,.F.);
#6544 = ORIENTED_EDGE('',*,*,#6545,.F.);
#6545 = EDGE_CURVE('',#6372,#6429,#6546,.T.);
#6546 = LINE('',#6547,#6548);
#6547 = CARTESIAN_POINT('',(133.61836068833,114.5917749797,
    -19.09033817672));
#6548 = VECTOR('',#6549,1.);
#6549 = DIRECTION('',(0.707106781187,-0.707106781187,0.));
#6550 = ORIENTED_EDGE('',*,*,#6380,.T.);
#6551 = ORIENTED_EDGE('',*,*,#5817,.F.);
#6552 = PLANE('',#6553);
#6553 = AXIS2_PLACEMENT_3D('',#6554,#6555,#6556);
#6554 = CARTESIAN_POINT('',(133.61836068833,114.5917749797,
    -19.09033817672));
#6555 = DIRECTION('',(0.707106781187,0.707106781187,0.));
#6556 = DIRECTION('',(0.,0.,1.));
#6557 = ADVANCED_FACE('',(#6558),#6568,.T.);
#6558 = FACE_BOUND('',#6559,.T.);
#6559 = EDGE_LOOP('',(#6560,#6561,#6562,#6563,#6564,#6565,#6566,#6567));
#6560 = ORIENTED_EDGE('',*,*,#6463,.T.);
#6561 = ORIENTED_EDGE('',*,*,#6428,.T.);
#6562 = ORIENTED_EDGE('',*,*,#6545,.F.);
#6563 = ORIENTED_EDGE('',*,*,#6371,.F.);
#6564 = ORIENTED_EDGE('',*,*,#6406,.F.);
#6565 = ORIENTED_EDGE('',*,*,#6527,.T.);
#6566 = ORIENTED_EDGE('',*,*,#6503,.T.);
#6567 = ORIENTED_EDGE('',*,*,#6485,.T.);
#6568 = PLANE('',#6569);
#6569 = AXIS2_PLACEMENT_3D('',#6570,#6571,#6572);
#6570 = CARTESIAN_POINT('',(119.4917812978,100.46519558916,
    -19.09033817672));
#6571 = DIRECTION('',(0.,0.,1.));
#6572 = DIRECTION('',(0.707106781187,-0.707106781187,0.));
#6573 = ADVANCED_FACE('',(#6574),#6601,.F.);
#6574 = FACE_BOUND('',#6575,.F.);
#6575 = EDGE_LOOP('',(#6576,#6584,#6593,#6599,#6600));
#6576 = ORIENTED_EDGE('',*,*,#6577,.F.);
#6577 = EDGE_CURVE('',#6578,#5835,#6580,.T.);
#6578 = VERTEX_POINT('',#6579);
#6579 = CARTESIAN_POINT('',(181.99257581938,30.216002359545,
    -19.09033817672));
#6580 = LINE('',#6581,#6582);
#6581 = CARTESIAN_POINT('',(181.99257581938,30.216002359545,
    -19.09033817672));
#6582 = VECTOR('',#6583,1.);
#6583 = DIRECTION('',(0.,0.,1.));
#6584 = ORIENTED_EDGE('',*,*,#6585,.T.);
#6585 = EDGE_CURVE('',#6578,#6586,#6588,.T.);
#6586 = VERTEX_POINT('',#6587);
#6587 = CARTESIAN_POINT('',(181.99257581938,25.727288512573,
    -19.09033817672));
#6588 = CIRCLE('',#6589,3.174);
#6589 = AXIS2_PLACEMENT_3D('',#6590,#6591,#6592);
#6590 = CARTESIAN_POINT('',(184.23693274287,27.971645436059,
    -19.09033817672));
#6591 = DIRECTION('',(0.,-0.,1.));
#6592 = DIRECTION('',(0.707106781187,0.707106781187,0.));
#6593 = ORIENTED_EDGE('',*,*,#6594,.T.);
#6594 = EDGE_CURVE('',#6586,#5906,#6595,.T.);
#6595 = LINE('',#6596,#6597);
#6596 = CARTESIAN_POINT('',(181.99257581938,25.727288512573,
    -19.09033817672));
#6597 = VECTOR('',#6598,1.);
#6598 = DIRECTION('',(0.,0.,1.));
#6599 = ORIENTED_EDGE('',*,*,#5913,.F.);
#6600 = ORIENTED_EDGE('',*,*,#5834,.F.);
#6601 = CYLINDRICAL_SURFACE('',#6602,3.174);
#6602 = AXIS2_PLACEMENT_3D('',#6603,#6604,#6605);
#6603 = CARTESIAN_POINT('',(184.23693274287,27.971645436059,
    -19.09033817672));
#6604 = DIRECTION('',(0.,0.,1.));
#6605 = DIRECTION('',(-0.707106781187,0.707106781187,0.));
#6606 = ADVANCED_FACE('',(#6607),#6625,.F.);
#6607 = FACE_BOUND('',#6608,.F.);
#6608 = EDGE_LOOP('',(#6609,#6610,#6611,#6619));
#6609 = ORIENTED_EDGE('',*,*,#6577,.T.);
#6610 = ORIENTED_EDGE('',*,*,#5845,.F.);
#6611 = ORIENTED_EDGE('',*,*,#6612,.F.);
#6612 = EDGE_CURVE('',#6613,#5846,#6615,.T.);
#6613 = VERTEX_POINT('',#6614);
#6614 = CARTESIAN_POINT('',(191.63044136294,39.853867903106,
    -19.09033817672));
#6615 = LINE('',#6616,#6617);
#6616 = CARTESIAN_POINT('',(191.63044136294,39.853867903106,
    -19.09033817672));
#6617 = VECTOR('',#6618,1.);
#6618 = DIRECTION('',(0.,0.,1.));
#6619 = ORIENTED_EDGE('',*,*,#6620,.T.);
#6620 = EDGE_CURVE('',#6613,#6578,#6621,.T.);
#6621 = LINE('',#6622,#6623);
#6622 = CARTESIAN_POINT('',(193.87479828643,42.098224826592,
    -19.09033817672));
#6623 = VECTOR('',#6624,1.);
#6624 = DIRECTION('',(-0.707106781187,-0.707106781187,0.));
#6625 = PLANE('',#6626);
#6626 = AXIS2_PLACEMENT_3D('',#6627,#6628,#6629);
#6627 = CARTESIAN_POINT('',(193.87479828643,42.098224826592,
    -19.09033817672));
#6628 = DIRECTION('',(-0.707106781187,0.707106781187,0.));
#6629 = DIRECTION('',(0.,0.,1.));
#6630 = ADVANCED_FACE('',(#6631),#6650,.F.);
#6631 = FACE_BOUND('',#6632,.F.);
#6632 = EDGE_LOOP('',(#6633,#6641,#6648,#6649));
#6633 = ORIENTED_EDGE('',*,*,#6634,.F.);
#6634 = EDGE_CURVE('',#6635,#5854,#6637,.T.);
#6635 = VERTEX_POINT('',#6636);
#6636 = CARTESIAN_POINT('',(196.11915520992,39.853867903106,
    -19.09033817672));
#6637 = LINE('',#6638,#6639);
#6638 = CARTESIAN_POINT('',(196.11915520992,39.853867903106,
    -19.09033817672));
#6639 = VECTOR('',#6640,1.);
#6640 = DIRECTION('',(0.,0.,1.));
#6641 = ORIENTED_EDGE('',*,*,#6642,.T.);
#6642 = EDGE_CURVE('',#6635,#6613,#6643,.T.);
#6643 = CIRCLE('',#6644,3.174);
#6644 = AXIS2_PLACEMENT_3D('',#6645,#6646,#6647);
#6645 = CARTESIAN_POINT('',(193.87479828643,37.60951097962,
    -19.09033817672));
#6646 = DIRECTION('',(0.,-0.,1.));
#6647 = DIRECTION('',(0.707106781187,0.707106781187,0.));
#6648 = ORIENTED_EDGE('',*,*,#6612,.T.);
#6649 = ORIENTED_EDGE('',*,*,#5853,.F.);
#6650 = CYLINDRICAL_SURFACE('',#6651,3.174);
#6651 = AXIS2_PLACEMENT_3D('',#6652,#6653,#6654);
#6652 = CARTESIAN_POINT('',(193.87479828643,37.60951097962,
    -19.09033817672));
#6653 = DIRECTION('',(0.,0.,1.));
#6654 = DIRECTION('',(0.707106781187,0.707106781187,0.));
#6655 = ADVANCED_FACE('',(#6656),#6674,.T.);
#6656 = FACE_BOUND('',#6657,.T.);
#6657 = EDGE_LOOP('',(#6658,#6659,#6667,#6673));
#6658 = ORIENTED_EDGE('',*,*,#6634,.F.);
#6659 = ORIENTED_EDGE('',*,*,#6660,.F.);
#6660 = EDGE_CURVE('',#6661,#6635,#6663,.T.);
#6661 = VERTEX_POINT('',#6662);
#6662 = CARTESIAN_POINT('',(207.1938617787,28.779161334318,
    -19.09033817672));
#6663 = LINE('',#6664,#6665);
#6664 = CARTESIAN_POINT('',(209.43821870219,26.534804410832,
    -19.09033817672));
#6665 = VECTOR('',#6666,1.);
#6666 = DIRECTION('',(-0.707106781187,0.707106781187,0.));
#6667 = ORIENTED_EDGE('',*,*,#6668,.T.);
#6668 = EDGE_CURVE('',#6661,#5863,#6669,.T.);
#6669 = LINE('',#6670,#6671);
#6670 = CARTESIAN_POINT('',(207.1938617787,28.779161334318,
    -19.09033817672));
#6671 = VECTOR('',#6672,1.);
#6672 = DIRECTION('',(0.,0.,1.));
#6673 = ORIENTED_EDGE('',*,*,#5862,.F.);
#6674 = PLANE('',#6675);
#6675 = AXIS2_PLACEMENT_3D('',#6676,#6677,#6678);
#6676 = CARTESIAN_POINT('',(209.43821870219,26.534804410832,
    -19.09033817672));
#6677 = DIRECTION('',(-0.707106781187,-0.707106781187,0.));
#6678 = DIRECTION('',(0.,0.,1.));
#6679 = ADVANCED_FACE('',(#6680),#6699,.F.);
#6680 = FACE_BOUND('',#6681,.F.);
#6681 = EDGE_LOOP('',(#6682,#6690,#6697,#6698));
#6682 = ORIENTED_EDGE('',*,*,#6683,.F.);
#6683 = EDGE_CURVE('',#6684,#5871,#6686,.T.);
#6684 = VERTEX_POINT('',#6685);
#6685 = CARTESIAN_POINT('',(207.1938617787,24.290447487346,
    -19.09033817672));
#6686 = LINE('',#6687,#6688);
#6687 = CARTESIAN_POINT('',(207.1938617787,24.290447487346,
    -19.09033817672));
#6688 = VECTOR('',#6689,1.);
#6689 = DIRECTION('',(0.,0.,1.));
#6690 = ORIENTED_EDGE('',*,*,#6691,.T.);
#6691 = EDGE_CURVE('',#6684,#6661,#6692,.T.);
#6692 = CIRCLE('',#6693,3.174);
#6693 = AXIS2_PLACEMENT_3D('',#6694,#6695,#6696);
#6694 = CARTESIAN_POINT('',(204.94950485522,26.534804410832,
    -19.09033817672));
#6695 = DIRECTION('',(0.,-0.,1.));
#6696 = DIRECTION('',(0.707106781187,0.707106781187,0.));
#6697 = ORIENTED_EDGE('',*,*,#6668,.T.);
#6698 = ORIENTED_EDGE('',*,*,#5870,.F.);
#6699 = CYLINDRICAL_SURFACE('',#6700,3.174);
#6700 = AXIS2_PLACEMENT_3D('',#6701,#6702,#6703);
#6701 = CARTESIAN_POINT('',(204.94950485522,26.534804410832,
    -19.09033817672));
#6702 = DIRECTION('',(0.,0.,1.));
#6703 = DIRECTION('',(0.707106781187,-0.707106781187,0.));
#6704 = ADVANCED_FACE('',(#6705),#6723,.T.);
#6705 = FACE_BOUND('',#6706,.T.);
#6706 = EDGE_LOOP('',(#6707,#6715,#6716,#6717));
#6707 = ORIENTED_EDGE('',*,*,#6708,.T.);
#6708 = EDGE_CURVE('',#6709,#5880,#6711,.T.);
#6709 = VERTEX_POINT('',#6710);
#6710 = CARTESIAN_POINT('',(197.55599623514,14.652581943785,
    -19.09033817672));
#6711 = LINE('',#6712,#6713);
#6712 = CARTESIAN_POINT('',(197.55599623514,14.652581943785,
    -19.09033817672));
#6713 = VECTOR('',#6714,1.);
#6714 = DIRECTION('',(0.,0.,1.));
#6715 = ORIENTED_EDGE('',*,*,#5879,.F.);
#6716 = ORIENTED_EDGE('',*,*,#6683,.F.);
#6717 = ORIENTED_EDGE('',*,*,#6718,.T.);
#6718 = EDGE_CURVE('',#6684,#6709,#6719,.T.);
#6719 = LINE('',#6720,#6721);
#6720 = CARTESIAN_POINT('',(209.43821870219,26.534804410832,
    -19.09033817672));
#6721 = VECTOR('',#6722,1.);
#6722 = DIRECTION('',(-0.707106781187,-0.707106781187,0.));
#6723 = PLANE('',#6724);
#6724 = AXIS2_PLACEMENT_3D('',#6725,#6726,#6727);
#6725 = CARTESIAN_POINT('',(209.43821870219,26.534804410832,
    -19.09033817672));
#6726 = DIRECTION('',(-0.707106781187,0.707106781187,0.));
#6727 = DIRECTION('',(0.,0.,1.));
#6728 = ADVANCED_FACE('',(#6729),#6749,.F.);
#6729 = FACE_BOUND('',#6730,.T.);
#6730 = EDGE_LOOP('',(#6731,#6732,#6741,#6747,#6748));
#6731 = ORIENTED_EDGE('',*,*,#6708,.F.);
#6732 = ORIENTED_EDGE('',*,*,#6733,.T.);
#6733 = EDGE_CURVE('',#6709,#6734,#6736,.T.);
#6734 = VERTEX_POINT('',#6735);
#6735 = CARTESIAN_POINT('',(193.06728238817,14.652581943785,
    -19.09033817672));
#6736 = CIRCLE('',#6737,3.174);
#6737 = AXIS2_PLACEMENT_3D('',#6738,#6739,#6740);
#6738 = CARTESIAN_POINT('',(195.31163931166,16.896938867271,
    -19.09033817672));
#6739 = DIRECTION('',(0.,0.,-1.));
#6740 = DIRECTION('',(0.707106781187,0.707106781187,0.));
#6741 = ORIENTED_EDGE('',*,*,#6742,.T.);
#6742 = EDGE_CURVE('',#6734,#5897,#6743,.T.);
#6743 = LINE('',#6744,#6745);
#6744 = CARTESIAN_POINT('',(193.06728238817,14.652581943785,
    -19.09033817672));
#6745 = VECTOR('',#6746,1.);
#6746 = DIRECTION('',(0.,0.,1.));
#6747 = ORIENTED_EDGE('',*,*,#5896,.T.);
#6748 = ORIENTED_EDGE('',*,*,#5887,.T.);
#6749 = CYLINDRICAL_SURFACE('',#6750,3.174);
#6750 = AXIS2_PLACEMENT_3D('',#6751,#6752,#6753);
#6751 = CARTESIAN_POINT('',(195.31163931166,16.896938867271,
    -19.09033817672));
#6752 = DIRECTION('',(0.,0.,1.));
#6753 = DIRECTION('',(0.707106781187,-0.707106781187,0.));
#6754 = ADVANCED_FACE('',(#6755),#6766,.F.);
#6755 = FACE_BOUND('',#6756,.F.);
#6756 = EDGE_LOOP('',(#6757,#6758,#6764,#6765));
#6757 = ORIENTED_EDGE('',*,*,#6594,.F.);
#6758 = ORIENTED_EDGE('',*,*,#6759,.F.);
#6759 = EDGE_CURVE('',#6734,#6586,#6760,.T.);
#6760 = LINE('',#6761,#6762);
#6761 = CARTESIAN_POINT('',(195.31163931166,12.408225020299,
    -19.09033817672));
#6762 = VECTOR('',#6763,1.);
#6763 = DIRECTION('',(-0.707106781187,0.707106781187,0.));
#6764 = ORIENTED_EDGE('',*,*,#6742,.T.);
#6765 = ORIENTED_EDGE('',*,*,#5905,.F.);
#6766 = PLANE('',#6767);
#6767 = AXIS2_PLACEMENT_3D('',#6768,#6769,#6770);
#6768 = CARTESIAN_POINT('',(195.31163931166,12.408225020299,
    -19.09033817672));
#6769 = DIRECTION('',(-0.707106781187,-0.707106781187,0.));
#6770 = DIRECTION('',(0.,0.,1.));
#6771 = ADVANCED_FACE('',(#6772),#6782,.T.);
#6772 = FACE_BOUND('',#6773,.T.);
#6773 = EDGE_LOOP('',(#6774,#6775,#6776,#6777,#6778,#6779,#6780,#6781));
#6774 = ORIENTED_EDGE('',*,*,#6620,.T.);
#6775 = ORIENTED_EDGE('',*,*,#6585,.T.);
#6776 = ORIENTED_EDGE('',*,*,#6759,.F.);
#6777 = ORIENTED_EDGE('',*,*,#6733,.F.);
#6778 = ORIENTED_EDGE('',*,*,#6718,.F.);
#6779 = ORIENTED_EDGE('',*,*,#6691,.T.);
#6780 = ORIENTED_EDGE('',*,*,#6660,.T.);
#6781 = ORIENTED_EDGE('',*,*,#6642,.T.);
#6782 = PLANE('',#6783);
#6783 = AXIS2_PLACEMENT_3D('',#6784,#6785,#6786);
#6784 = CARTESIAN_POINT('',(209.43821870219,26.534804410832,
    -19.09033817672));
#6785 = DIRECTION('',(0.,0.,1.));
#6786 = DIRECTION('',(-0.707106781187,0.707106781187,0.));
#6787 = ADVANCED_FACE('',(#6788),#6815,.F.);
#6788 = FACE_BOUND('',#6789,.F.);
#6789 = EDGE_LOOP('',(#6790,#6798,#6807,#6813,#6814));
#6790 = ORIENTED_EDGE('',*,*,#6791,.F.);
#6791 = EDGE_CURVE('',#6792,#5960,#6794,.T.);
#6792 = VERTEX_POINT('',#6793);
#6793 = CARTESIAN_POINT('',(464.20100235954,39.622424180612,
    -19.09033817672));
#6794 = LINE('',#6795,#6796);
#6795 = CARTESIAN_POINT('',(464.20100235954,39.622424180612,
    -19.09033817672));
#6796 = VECTOR('',#6797,1.);
#6797 = DIRECTION('',(0.,0.,1.));
#6798 = ORIENTED_EDGE('',*,*,#6799,.T.);
#6799 = EDGE_CURVE('',#6792,#6800,#6802,.T.);
#6800 = VERTEX_POINT('',#6801);
#6801 = CARTESIAN_POINT('',(459.71228851257,39.622424180612,
    -19.09033817672));
#6802 = CIRCLE('',#6803,3.174);
#6803 = AXIS2_PLACEMENT_3D('',#6804,#6805,#6806);
#6804 = CARTESIAN_POINT('',(461.95664543605,37.378067257126,
    -19.09033817672));
#6805 = DIRECTION('',(-0.,0.,1.));
#6806 = DIRECTION('',(0.707106781187,-0.707106781187,0.));
#6807 = ORIENTED_EDGE('',*,*,#6808,.T.);
#6808 = EDGE_CURVE('',#6800,#5943,#6809,.T.);
#6809 = LINE('',#6810,#6811);
#6810 = CARTESIAN_POINT('',(459.71228851257,39.622424180612,
    -19.09033817672));
#6811 = VECTOR('',#6812,1.);
#6812 = DIRECTION('',(0.,0.,1.));
#6813 = ORIENTED_EDGE('',*,*,#5950,.F.);
#6814 = ORIENTED_EDGE('',*,*,#5959,.F.);
#6815 = CYLINDRICAL_SURFACE('',#6816,3.174);
#6816 = AXIS2_PLACEMENT_3D('',#6817,#6818,#6819);
#6817 = CARTESIAN_POINT('',(461.95664543605,37.378067257126,
    -19.09033817672));
#6818 = DIRECTION('',(0.,0.,1.));
#6819 = DIRECTION('',(0.707106781187,0.707106781187,0.));
#6820 = ADVANCED_FACE('',(#6821),#6839,.F.);
#6821 = FACE_BOUND('',#6822,.F.);
#6822 = EDGE_LOOP('',(#6823,#6824,#6825,#6833));
#6823 = ORIENTED_EDGE('',*,*,#6791,.T.);
#6824 = ORIENTED_EDGE('',*,*,#5968,.F.);
#6825 = ORIENTED_EDGE('',*,*,#6826,.F.);
#6826 = EDGE_CURVE('',#6827,#5969,#6829,.T.);
#6827 = VERTEX_POINT('',#6828);
#6828 = CARTESIAN_POINT('',(473.8388679031,29.984558637051,
    -19.09033817672));
#6829 = LINE('',#6830,#6831);
#6830 = CARTESIAN_POINT('',(473.8388679031,29.984558637052,
    -19.09033817672));
#6831 = VECTOR('',#6832,1.);
#6832 = DIRECTION('',(0.,0.,1.));
#6833 = ORIENTED_EDGE('',*,*,#6834,.T.);
#6834 = EDGE_CURVE('',#6827,#6792,#6835,.T.);
#6835 = LINE('',#6836,#6837);
#6836 = CARTESIAN_POINT('',(476.08322482659,27.740201713565,
    -19.09033817672));
#6837 = VECTOR('',#6838,1.);
#6838 = DIRECTION('',(-0.707106781187,0.707106781187,0.));
#6839 = PLANE('',#6840);
#6840 = AXIS2_PLACEMENT_3D('',#6841,#6842,#6843);
#6841 = CARTESIAN_POINT('',(476.08322482659,27.740201713565,
    -19.09033817672));
#6842 = DIRECTION('',(0.707106781187,0.707106781187,0.));
#6843 = DIRECTION('',(0.,0.,1.));
#6844 = ADVANCED_FACE('',(#6845),#6872,.F.);
#6845 = FACE_BOUND('',#6846,.T.);
#6846 = EDGE_LOOP('',(#6847,#6855,#6864,#6870,#6871));
#6847 = ORIENTED_EDGE('',*,*,#6848,.F.);
#6848 = EDGE_CURVE('',#6849,#5925,#6851,.T.);
#6849 = VERTEX_POINT('',#6850);
#6850 = CARTESIAN_POINT('',(448.63758194378,24.059003764852,
    -19.09033817672));
#6851 = LINE('',#6852,#6853);
#6852 = CARTESIAN_POINT('',(448.63758194378,24.059003764852,
    -19.09033817672));
#6853 = VECTOR('',#6854,1.);
#6854 = DIRECTION('',(0.,0.,1.));
#6855 = ORIENTED_EDGE('',*,*,#6856,.T.);
#6856 = EDGE_CURVE('',#6849,#6857,#6859,.T.);
#6857 = VERTEX_POINT('',#6858);
#6858 = CARTESIAN_POINT('',(448.63758194378,28.547717611825,
    -19.09033817672));
#6859 = CIRCLE('',#6860,3.174);
#6860 = AXIS2_PLACEMENT_3D('',#6861,#6862,#6863);
#6861 = CARTESIAN_POINT('',(450.88193886727,26.303360688339,
    -19.09033817672));
#6862 = DIRECTION('',(0.,-0.,-1.));
#6863 = DIRECTION('',(0.707106781187,-0.707106781187,0.));
#6864 = ORIENTED_EDGE('',*,*,#6865,.T.);
#6865 = EDGE_CURVE('',#6857,#5934,#6866,.T.);
#6866 = LINE('',#6867,#6868);
#6867 = CARTESIAN_POINT('',(448.63758194378,28.547717611825,
    -19.09033817672));
#6868 = VECTOR('',#6869,1.);
#6869 = DIRECTION('',(0.,0.,1.));
#6870 = ORIENTED_EDGE('',*,*,#5933,.T.);
#6871 = ORIENTED_EDGE('',*,*,#5922,.T.);
#6872 = CYLINDRICAL_SURFACE('',#6873,3.174);
#6873 = AXIS2_PLACEMENT_3D('',#6874,#6875,#6876);
#6874 = CARTESIAN_POINT('',(450.88193886727,26.303360688339,
    -19.09033817672));
#6875 = DIRECTION('',(0.,0.,1.));
#6876 = DIRECTION('',(-0.707106781187,-0.707106781187,0.));
#6877 = ADVANCED_FACE('',(#6878),#6896,.T.);
#6878 = FACE_BOUND('',#6879,.T.);
#6879 = EDGE_LOOP('',(#6880,#6881,#6882,#6890));
#6880 = ORIENTED_EDGE('',*,*,#6848,.T.);
#6881 = ORIENTED_EDGE('',*,*,#6002,.F.);
#6882 = ORIENTED_EDGE('',*,*,#6883,.F.);
#6883 = EDGE_CURVE('',#6884,#5994,#6886,.T.);
#6884 = VERTEX_POINT('',#6885);
#6885 = CARTESIAN_POINT('',(458.27544748734,14.421138221292,
    -19.09033817672));
#6886 = LINE('',#6887,#6888);
#6887 = CARTESIAN_POINT('',(458.27544748734,14.421138221292,
    -19.09033817672));
#6888 = VECTOR('',#6889,1.);
#6889 = DIRECTION('',(0.,0.,1.));
#6890 = ORIENTED_EDGE('',*,*,#6891,.T.);
#6891 = EDGE_CURVE('',#6884,#6849,#6892,.T.);
#6892 = LINE('',#6893,#6894);
#6893 = CARTESIAN_POINT('',(460.51980441083,12.176781297806,
    -19.09033817672));
#6894 = VECTOR('',#6895,1.);
#6895 = DIRECTION('',(-0.707106781187,0.707106781187,0.));
#6896 = PLANE('',#6897);
#6897 = AXIS2_PLACEMENT_3D('',#6898,#6899,#6900);
#6898 = CARTESIAN_POINT('',(460.51980441083,12.176781297806,
    -19.09033817672));
#6899 = DIRECTION('',(0.707106781187,0.707106781187,0.));
#6900 = DIRECTION('',(0.,0.,1.));
#6901 = ADVANCED_FACE('',(#6902),#6921,.F.);
#6902 = FACE_BOUND('',#6903,.F.);
#6903 = EDGE_LOOP('',(#6904,#6905,#6914,#6920));
#6904 = ORIENTED_EDGE('',*,*,#6883,.F.);
#6905 = ORIENTED_EDGE('',*,*,#6906,.T.);
#6906 = EDGE_CURVE('',#6884,#6907,#6909,.T.);
#6907 = VERTEX_POINT('',#6908);
#6908 = CARTESIAN_POINT('',(462.76416133431,14.421138221292,
    -19.09033817672));
#6909 = CIRCLE('',#6910,3.174);
#6910 = AXIS2_PLACEMENT_3D('',#6911,#6912,#6913);
#6911 = CARTESIAN_POINT('',(460.51980441083,16.665495144778,
    -19.09033817672));
#6912 = DIRECTION('',(-0.,0.,1.));
#6913 = DIRECTION('',(0.707106781187,-0.707106781187,0.));
#6914 = ORIENTED_EDGE('',*,*,#6915,.T.);
#6915 = EDGE_CURVE('',#6907,#5986,#6916,.T.);
#6916 = LINE('',#6917,#6918);
#6917 = CARTESIAN_POINT('',(462.76416133431,14.421138221292,
    -19.09033817672));
#6918 = VECTOR('',#6919,1.);
#6919 = DIRECTION('',(0.,0.,1.));
#6920 = ORIENTED_EDGE('',*,*,#5993,.F.);
#6921 = CYLINDRICAL_SURFACE('',#6922,3.174);
#6922 = AXIS2_PLACEMENT_3D('',#6923,#6924,#6925);
#6923 = CARTESIAN_POINT('',(460.51980441083,16.665495144778,
    -19.09033817672));
#6924 = DIRECTION('',(0.,0.,1.));
#6925 = DIRECTION('',(-0.707106781187,-0.707106781187,0.));
#6926 = ADVANCED_FACE('',(#6927),#6945,.T.);
#6927 = FACE_BOUND('',#6928,.T.);
#6928 = EDGE_LOOP('',(#6929,#6937,#6943,#6944));
#6929 = ORIENTED_EDGE('',*,*,#6930,.F.);
#6930 = EDGE_CURVE('',#6931,#5977,#6933,.T.);
#6931 = VERTEX_POINT('',#6932);
#6932 = CARTESIAN_POINT('',(473.8388679031,25.495844790079,
    -19.09033817672));
#6933 = LINE('',#6934,#6935);
#6934 = CARTESIAN_POINT('',(473.8388679031,25.495844790079,
    -19.09033817672));
#6935 = VECTOR('',#6936,1.);
#6936 = DIRECTION('',(0.,0.,1.));
#6937 = ORIENTED_EDGE('',*,*,#6938,.F.);
#6938 = EDGE_CURVE('',#6907,#6931,#6939,.T.);
#6939 = LINE('',#6940,#6941);
#6940 = CARTESIAN_POINT('',(460.51980441083,12.176781297806,
    -19.09033817672));
#6941 = VECTOR('',#6942,1.);
#6942 = DIRECTION('',(0.707106781187,0.707106781187,0.));
#6943 = ORIENTED_EDGE('',*,*,#6915,.T.);
#6944 = ORIENTED_EDGE('',*,*,#5985,.F.);
#6945 = PLANE('',#6946);
#6946 = AXIS2_PLACEMENT_3D('',#6947,#6948,#6949);
#6947 = CARTESIAN_POINT('',(460.51980441083,12.176781297806,
    -19.09033817672));
#6948 = DIRECTION('',(-0.707106781187,0.707106781187,0.));
#6949 = DIRECTION('',(0.,0.,1.));
#6950 = ADVANCED_FACE('',(#6951),#6963,.F.);
#6951 = FACE_BOUND('',#6952,.F.);
#6952 = EDGE_LOOP('',(#6953,#6954,#6961,#6962));
#6953 = ORIENTED_EDGE('',*,*,#6930,.F.);
#6954 = ORIENTED_EDGE('',*,*,#6955,.T.);
#6955 = EDGE_CURVE('',#6931,#6827,#6956,.T.);
#6956 = CIRCLE('',#6957,3.174);
#6957 = AXIS2_PLACEMENT_3D('',#6958,#6959,#6960);
#6958 = CARTESIAN_POINT('',(471.59451097962,27.740201713565,
    -19.09033817672));
#6959 = DIRECTION('',(-0.,0.,1.));
#6960 = DIRECTION('',(0.707106781187,-0.707106781187,0.));
#6961 = ORIENTED_EDGE('',*,*,#6826,.T.);
#6962 = ORIENTED_EDGE('',*,*,#5976,.F.);
#6963 = CYLINDRICAL_SURFACE('',#6964,3.174);
#6964 = AXIS2_PLACEMENT_3D('',#6965,#6966,#6967);
#6965 = CARTESIAN_POINT('',(471.59451097962,27.740201713565,
    -19.09033817672));
#6966 = DIRECTION('',(0.,0.,1.));
#6967 = DIRECTION('',(0.707106781187,-0.707106781187,0.));
#6968 = ADVANCED_FACE('',(#6969),#6980,.F.);
#6969 = FACE_BOUND('',#6970,.F.);
#6970 = EDGE_LOOP('',(#6971,#6972,#6978,#6979));
#6971 = ORIENTED_EDGE('',*,*,#6808,.F.);
#6972 = ORIENTED_EDGE('',*,*,#6973,.F.);
#6973 = EDGE_CURVE('',#6857,#6800,#6974,.T.);
#6974 = LINE('',#6975,#6976);
#6975 = CARTESIAN_POINT('',(446.39322502029,26.303360688339,
    -19.09033817672));
#6976 = VECTOR('',#6977,1.);
#6977 = DIRECTION('',(0.707106781187,0.707106781187,0.));
#6978 = ORIENTED_EDGE('',*,*,#6865,.T.);
#6979 = ORIENTED_EDGE('',*,*,#5942,.F.);
#6980 = PLANE('',#6981);
#6981 = AXIS2_PLACEMENT_3D('',#6982,#6983,#6984);
#6982 = CARTESIAN_POINT('',(446.39322502029,26.303360688339,
    -19.09033817672));
#6983 = DIRECTION('',(-0.707106781187,0.707106781187,0.));
#6984 = DIRECTION('',(0.,0.,1.));
#6985 = ADVANCED_FACE('',(#6986),#6996,.T.);
#6986 = FACE_BOUND('',#6987,.T.);
#6987 = EDGE_LOOP('',(#6988,#6989,#6990,#6991,#6992,#6993,#6994,#6995));
#6988 = ORIENTED_EDGE('',*,*,#6834,.T.);
#6989 = ORIENTED_EDGE('',*,*,#6799,.T.);
#6990 = ORIENTED_EDGE('',*,*,#6973,.F.);
#6991 = ORIENTED_EDGE('',*,*,#6856,.F.);
#6992 = ORIENTED_EDGE('',*,*,#6891,.F.);
#6993 = ORIENTED_EDGE('',*,*,#6906,.T.);
#6994 = ORIENTED_EDGE('',*,*,#6938,.T.);
#6995 = ORIENTED_EDGE('',*,*,#6955,.T.);
#6996 = PLANE('',#6997);
#6997 = AXIS2_PLACEMENT_3D('',#6998,#6999,#7000);
#6998 = CARTESIAN_POINT('',(460.51980441083,12.176781297806,
    -19.09033817672));
#6999 = DIRECTION('',(0.,0.,1.));
#7000 = DIRECTION('',(0.707106781187,0.707106781187,0.));
#7001 = ADVANCED_FACE('',(#7002),#7027,.F.);
#7002 = FACE_BOUND('',#7003,.F.);
#7003 = EDGE_LOOP('',(#7004,#7005,#7013,#7021));
#7004 = ORIENTED_EDGE('',*,*,#6010,.F.);
#7005 = ORIENTED_EDGE('',*,*,#7006,.F.);
#7006 = EDGE_CURVE('',#7007,#6011,#7009,.T.);
#7007 = VERTEX_POINT('',#7008);
#7008 = CARTESIAN_POINT('',(372.759,91.876,-13.7));
#7009 = LINE('',#7010,#7011);
#7010 = CARTESIAN_POINT('',(372.759,91.876,-13.7));
#7011 = VECTOR('',#7012,1.);
#7012 = DIRECTION('',(0.,0.,1.));
#7013 = ORIENTED_EDGE('',*,*,#7014,.T.);
#7014 = EDGE_CURVE('',#7007,#7015,#7017,.T.);
#7015 = VERTEX_POINT('',#7016);
#7016 = CARTESIAN_POINT('',(372.759,73.224,-13.7));
#7017 = LINE('',#7018,#7019);
#7018 = CARTESIAN_POINT('',(372.759,95.05,-13.7));
#7019 = VECTOR('',#7020,1.);
#7020 = DIRECTION('',(0.,-1.,0.));
#7021 = ORIENTED_EDGE('',*,*,#7022,.T.);
#7022 = EDGE_CURVE('',#7015,#6013,#7023,.T.);
#7023 = LINE('',#7024,#7025);
#7024 = CARTESIAN_POINT('',(372.759,73.224,-13.7));
#7025 = VECTOR('',#7026,1.);
#7026 = DIRECTION('',(0.,0.,1.));
#7027 = PLANE('',#7028);
#7028 = AXIS2_PLACEMENT_3D('',#7029,#7030,#7031);
#7029 = CARTESIAN_POINT('',(372.759,95.05,-13.7));
#7030 = DIRECTION('',(-1.,0.,0.));
#7031 = DIRECTION('',(0.,0.,1.));
#7032 = ADVANCED_FACE('',(#7033),#7052,.F.);
#7033 = FACE_BOUND('',#7034,.F.);
#7034 = EDGE_LOOP('',(#7035,#7044,#7045,#7046));
#7035 = ORIENTED_EDGE('',*,*,#7036,.T.);
#7036 = EDGE_CURVE('',#7037,#7007,#7039,.T.);
#7037 = VERTEX_POINT('',#7038);
#7038 = CARTESIAN_POINT('',(375.933,95.05,-13.7));
#7039 = CIRCLE('',#7040,3.174);
#7040 = AXIS2_PLACEMENT_3D('',#7041,#7042,#7043);
#7041 = CARTESIAN_POINT('',(375.933,91.876,-13.7));
#7042 = DIRECTION('',(0.,-0.,1.));
#7043 = DIRECTION('',(0.,1.,0.));
#7044 = ORIENTED_EDGE('',*,*,#7006,.T.);
#7045 = ORIENTED_EDGE('',*,*,#6020,.F.);
#7046 = ORIENTED_EDGE('',*,*,#7047,.F.);
#7047 = EDGE_CURVE('',#7037,#6021,#7048,.T.);
#7048 = LINE('',#7049,#7050);
#7049 = CARTESIAN_POINT('',(375.933,95.05,-13.7));
#7050 = VECTOR('',#7051,1.);
#7051 = DIRECTION('',(0.,0.,1.));
#7052 = CYLINDRICAL_SURFACE('',#7053,3.174);
#7053 = AXIS2_PLACEMENT_3D('',#7054,#7055,#7056);
#7054 = CARTESIAN_POINT('',(375.933,91.876,-13.7));
#7055 = DIRECTION('',(0.,0.,1.));
#7056 = DIRECTION('',(0.,1.,0.));
#7057 = ADVANCED_FACE('',(#7058),#7077,.F.);
#7058 = FACE_BOUND('',#7059,.F.);
#7059 = EDGE_LOOP('',(#7060,#7069,#7075,#7076));
#7060 = ORIENTED_EDGE('',*,*,#7061,.T.);
#7061 = EDGE_CURVE('',#7015,#7062,#7064,.T.);
#7062 = VERTEX_POINT('',#7063);
#7063 = CARTESIAN_POINT('',(375.933,70.05,-13.7));
#7064 = CIRCLE('',#7065,3.174);
#7065 = AXIS2_PLACEMENT_3D('',#7066,#7067,#7068);
#7066 = CARTESIAN_POINT('',(375.933,73.224,-13.7));
#7067 = DIRECTION('',(0.,-0.,1.));
#7068 = DIRECTION('',(0.,1.,0.));
#7069 = ORIENTED_EDGE('',*,*,#7070,.T.);
#7070 = EDGE_CURVE('',#7062,#6064,#7071,.T.);
#7071 = LINE('',#7072,#7073);
#7072 = CARTESIAN_POINT('',(375.933,70.05,-13.7));
#7073 = VECTOR('',#7074,1.);
#7074 = DIRECTION('',(0.,0.,1.));
#7075 = ORIENTED_EDGE('',*,*,#6071,.F.);
#7076 = ORIENTED_EDGE('',*,*,#7022,.F.);
#7077 = CYLINDRICAL_SURFACE('',#7078,3.174);
#7078 = AXIS2_PLACEMENT_3D('',#7079,#7080,#7081);
#7079 = CARTESIAN_POINT('',(375.933,73.224,-13.7));
#7080 = DIRECTION('',(0.,0.,1.));
#7081 = DIRECTION('',(-1.,0.,0.));
#7082 = ADVANCED_FACE('',(#7083),#7101,.T.);
#7083 = FACE_BOUND('',#7084,.T.);
#7084 = EDGE_LOOP('',(#7085,#7093,#7099,#7100));
#7085 = ORIENTED_EDGE('',*,*,#7086,.F.);
#7086 = EDGE_CURVE('',#7087,#7037,#7089,.T.);
#7087 = VERTEX_POINT('',#7088);
#7088 = CARTESIAN_POINT('',(376.085,95.05,-13.7));
#7089 = LINE('',#7090,#7091);
#7090 = CARTESIAN_POINT('',(379.259,95.05,-13.7));
#7091 = VECTOR('',#7092,1.);
#7092 = DIRECTION('',(-1.,0.,0.));
#7093 = ORIENTED_EDGE('',*,*,#7094,.T.);
#7094 = EDGE_CURVE('',#7087,#6030,#7095,.T.);
#7095 = LINE('',#7096,#7097);
#7096 = CARTESIAN_POINT('',(376.085,95.05,-13.7));
#7097 = VECTOR('',#7098,1.);
#7098 = DIRECTION('',(0.,0.,1.));
#7099 = ORIENTED_EDGE('',*,*,#6029,.T.);
#7100 = ORIENTED_EDGE('',*,*,#7047,.F.);
#7101 = PLANE('',#7102);
#7102 = AXIS2_PLACEMENT_3D('',#7103,#7104,#7105);
#7103 = CARTESIAN_POINT('',(379.259,95.05,-13.7));
#7104 = DIRECTION('',(0.,-1.,0.));
#7105 = DIRECTION('',(0.,0.,1.));
#7106 = ADVANCED_FACE('',(#7107),#7125,.F.);
#7107 = FACE_BOUND('',#7108,.F.);
#7108 = EDGE_LOOP('',(#7109,#7117,#7123,#7124));
#7109 = ORIENTED_EDGE('',*,*,#7110,.F.);
#7110 = EDGE_CURVE('',#7111,#7062,#7113,.T.);
#7111 = VERTEX_POINT('',#7112);
#7112 = CARTESIAN_POINT('',(376.085,70.05,-13.7));
#7113 = LINE('',#7114,#7115);
#7114 = CARTESIAN_POINT('',(379.259,70.05,-13.7));
#7115 = VECTOR('',#7116,1.);
#7116 = DIRECTION('',(-1.,0.,0.));
#7117 = ORIENTED_EDGE('',*,*,#7118,.T.);
#7118 = EDGE_CURVE('',#7111,#6055,#7119,.T.);
#7119 = LINE('',#7120,#7121);
#7120 = CARTESIAN_POINT('',(376.085,70.05,-13.7));
#7121 = VECTOR('',#7122,1.);
#7122 = DIRECTION('',(0.,0.,1.));
#7123 = ORIENTED_EDGE('',*,*,#6063,.T.);
#7124 = ORIENTED_EDGE('',*,*,#7070,.F.);
#7125 = PLANE('',#7126);
#7126 = AXIS2_PLACEMENT_3D('',#7127,#7128,#7129);
#7127 = CARTESIAN_POINT('',(379.259,70.05,-13.7));
#7128 = DIRECTION('',(0.,-1.,0.));
#7129 = DIRECTION('',(0.,0.,1.));
#7130 = ADVANCED_FACE('',(#7131),#7150,.F.);
#7131 = FACE_BOUND('',#7132,.F.);
#7132 = EDGE_LOOP('',(#7133,#7142,#7143,#7144));
#7133 = ORIENTED_EDGE('',*,*,#7134,.T.);
#7134 = EDGE_CURVE('',#7135,#7087,#7137,.T.);
#7135 = VERTEX_POINT('',#7136);
#7136 = CARTESIAN_POINT('',(379.259,91.876,-13.7));
#7137 = CIRCLE('',#7138,3.174);
#7138 = AXIS2_PLACEMENT_3D('',#7139,#7140,#7141);
#7139 = CARTESIAN_POINT('',(376.085,91.876,-13.7));
#7140 = DIRECTION('',(0.,-0.,1.));
#7141 = DIRECTION('',(0.,1.,0.));
#7142 = ORIENTED_EDGE('',*,*,#7094,.T.);
#7143 = ORIENTED_EDGE('',*,*,#6037,.F.);
#7144 = ORIENTED_EDGE('',*,*,#7145,.F.);
#7145 = EDGE_CURVE('',#7135,#6038,#7146,.T.);
#7146 = LINE('',#7147,#7148);
#7147 = CARTESIAN_POINT('',(379.259,91.876,-13.7));
#7148 = VECTOR('',#7149,1.);
#7149 = DIRECTION('',(0.,0.,1.));
#7150 = CYLINDRICAL_SURFACE('',#7151,3.174);
#7151 = AXIS2_PLACEMENT_3D('',#7152,#7153,#7154);
#7152 = CARTESIAN_POINT('',(376.085,91.876,-13.7));
#7153 = DIRECTION('',(0.,0.,1.));
#7154 = DIRECTION('',(1.,0.,0.));
#7155 = ADVANCED_FACE('',(#7156),#7175,.F.);
#7156 = FACE_BOUND('',#7157,.T.);
#7157 = EDGE_LOOP('',(#7158,#7167,#7168,#7169));
#7158 = ORIENTED_EDGE('',*,*,#7159,.T.);
#7159 = EDGE_CURVE('',#7160,#7111,#7162,.T.);
#7160 = VERTEX_POINT('',#7161);
#7161 = CARTESIAN_POINT('',(379.259,73.224,-13.7));
#7162 = CIRCLE('',#7163,3.174);
#7163 = AXIS2_PLACEMENT_3D('',#7164,#7165,#7166);
#7164 = CARTESIAN_POINT('',(376.085,73.224,-13.7));
#7165 = DIRECTION('',(0.,0.,-1.));
#7166 = DIRECTION('',(0.,1.,0.));
#7167 = ORIENTED_EDGE('',*,*,#7118,.T.);
#7168 = ORIENTED_EDGE('',*,*,#6054,.F.);
#7169 = ORIENTED_EDGE('',*,*,#7170,.F.);
#7170 = EDGE_CURVE('',#7160,#6047,#7171,.T.);
#7171 = LINE('',#7172,#7173);
#7172 = CARTESIAN_POINT('',(379.259,73.224,-13.7));
#7173 = VECTOR('',#7174,1.);
#7174 = DIRECTION('',(0.,0.,1.));
#7175 = CYLINDRICAL_SURFACE('',#7176,3.174);
#7176 = AXIS2_PLACEMENT_3D('',#7177,#7178,#7179);
#7177 = CARTESIAN_POINT('',(376.085,73.224,-13.7));
#7178 = DIRECTION('',(0.,0.,1.));
#7179 = DIRECTION('',(1.,0.,0.));
#7180 = ADVANCED_FACE('',(#7181),#7192,.T.);
#7181 = FACE_BOUND('',#7182,.T.);
#7182 = EDGE_LOOP('',(#7183,#7184,#7185,#7191));
#7183 = ORIENTED_EDGE('',*,*,#6046,.F.);
#7184 = ORIENTED_EDGE('',*,*,#7145,.F.);
#7185 = ORIENTED_EDGE('',*,*,#7186,.T.);
#7186 = EDGE_CURVE('',#7135,#7160,#7187,.T.);
#7187 = LINE('',#7188,#7189);
#7188 = CARTESIAN_POINT('',(379.259,95.05,-13.7));
#7189 = VECTOR('',#7190,1.);
#7190 = DIRECTION('',(0.,-1.,0.));
#7191 = ORIENTED_EDGE('',*,*,#7170,.T.);
#7192 = PLANE('',#7193);
#7193 = AXIS2_PLACEMENT_3D('',#7194,#7195,#7196);
#7194 = CARTESIAN_POINT('',(379.259,95.05,-13.7));
#7195 = DIRECTION('',(-1.,0.,0.));
#7196 = DIRECTION('',(0.,0.,1.));
#7197 = ADVANCED_FACE('',(#7198),#7208,.T.);
#7198 = FACE_BOUND('',#7199,.T.);
#7199 = EDGE_LOOP('',(#7200,#7201,#7202,#7203,#7204,#7205,#7206,#7207));
#7200 = ORIENTED_EDGE('',*,*,#7014,.T.);
#7201 = ORIENTED_EDGE('',*,*,#7061,.T.);
#7202 = ORIENTED_EDGE('',*,*,#7110,.F.);
#7203 = ORIENTED_EDGE('',*,*,#7159,.F.);
#7204 = ORIENTED_EDGE('',*,*,#7186,.F.);
#7205 = ORIENTED_EDGE('',*,*,#7134,.T.);
#7206 = ORIENTED_EDGE('',*,*,#7086,.T.);
#7207 = ORIENTED_EDGE('',*,*,#7036,.T.);
#7208 = PLANE('',#7209);
#7209 = AXIS2_PLACEMENT_3D('',#7210,#7211,#7212);
#7210 = CARTESIAN_POINT('',(379.259,95.05,-13.7));
#7211 = DIRECTION('',(0.,0.,1.));
#7212 = DIRECTION('',(-1.,0.,0.));
#7213 = ( GEOMETRIC_REPRESENTATION_CONTEXT(3) 
GLOBAL_UNCERTAINTY_ASSIGNED_CONTEXT((#7217)) 
GLOBAL_UNIT_ASSIGNED_CONTEXT((#7214,#7215,#7216)) REPRESENTATION_CONTEXT
('Context #1','3D Context with UNIT and UNCERTAINTY') );
#7214 = ( LENGTH_UNIT() NAMED_UNIT(*) SI_UNIT(.MILLI.,.METRE.) );
#7215 = ( NAMED_UNIT(*) PLANE_ANGLE_UNIT() SI_UNIT($,.RADIAN.) );
#7216 = ( NAMED_UNIT(*) SI_UNIT($,.STERADIAN.) SOLID_ANGLE_UNIT() );
#7217 = UNCERTAINTY_MEASURE_WITH_UNIT(LENGTH_MEASURE(1.E-07),#7214,
  'distance_accuracy_value','confusion accuracy');
#7218 = PRODUCT_RELATED_PRODUCT_CATEGORY('part',$,(#7));
#7219 = MECHANICAL_DESIGN_GEOMETRIC_PRESENTATION_REPRESENTATION('',(
    #7220),#7213);
#7220 = STYLED_ITEM('color',(#7221),#15);
#7221 = PRESENTATION_STYLE_ASSIGNMENT((#7222,#7228));
#7222 = SURFACE_STYLE_USAGE(.BOTH.,#7223);
#7223 = SURFACE_SIDE_STYLE('',(#7224));
#7224 = SURFACE_STYLE_FILL_AREA(#7225);
#7225 = FILL_AREA_STYLE('',(#7226));
#7226 = FILL_AREA_STYLE_COLOUR('',#7227);
#7227 = COLOUR_RGB('',0.447059003357,0.474510015008,0.501960993452);
#7228 = CURVE_STYLE('',#7229,POSITIVE_LENGTH_MEASURE(0.1),#7230);
#7229 = DRAUGHTING_PRE_DEFINED_CURVE_FONT('continuous');
#7230 = COLOUR_RGB('',0.678431390124,0.709803936702,0.741176476869);
ENDSEC;
END-ISO-10303-21;
