ISO-10303-21;
HEADER;
FILE_DESCRIPTION(('FreeCAD Model'),'2;1');
FILE_NAME('Open CASCADE Shape Model','2026-09-24T22:45:31',('FreeCAD'),(
    'FreeCAD'),'Open CASCADE STEP processor 7.8','FreeCAD','Unknown');
FILE_SCHEMA(('AUTOMOTIVE_DESIGN { 1 0 10303 214 1 1 1 1 }'));
ENDSEC;
DATA;
#1 = APPLICATION_PROTOCOL_DEFINITION('international standard',
  'automotive_design',2000,#2);
#2 = APPLICATION_CONTEXT(
  'core data for automotive mechanical design processes');
#3 = SHAPE_DEFINITION_REPRESENTATION(#4,#10);
#4 = PRODUCT_DEFINITION_SHAPE('','',#5);
#5 = PRODUCT_DEFINITION('design','',#6,#9);
#6 = PRODUCT_DEFINITION_FORMATION('','',#7);
#7 = PRODUCT('Open CASCADE STEP translator 7.8 2',
  'Open CASCADE STEP translator 7.8 2','',(#8));
#8 = PRODUCT_CONTEXT('',#2,'mechanical');
#9 = PRODUCT_DEFINITION_CONTEXT('part definition',#2,'design');
#10 = ADVANCED_BREP_SHAPE_REPRESENTATION('',(#11,#15),#5743);
#11 = AXIS2_PLACEMENT_3D('',#12,#13,#14);
#12 = CARTESIAN_POINT('',(0.,0.,0.));
#13 = DIRECTION('',(0.,0.,1.));
#14 = DIRECTION('',(1.,0.,-0.));
#15 = MANIFOLD_SOLID_BREP('',#16);
#16 = CLOSED_SHELL('',(#17,#57,#88,#119,#141,#1303,#1335,#1407,#1463,
    #1488,#1513,#1560,#1584,#1609,#1634,#1673,#1713,#1737,#1755,#1772,
    #1789,#1860,#1885,#1902,#1913,#1932,#1944,#1955,#1986,#2010,#2034,
    #2051,#2063,#2095,#2120,#2144,#2168,#2193,#2218,#2242,#2266,#2291,
    #2316,#2340,#2364,#2389,#2407,#2440,#2464,#2489,#2513,#2538,#2578,
    #2602,#2627,#2651,#2676,#2700,#2757,#2782,#2799,#2816,#2842,#2864,
    #2876,#2907,#2932,#2957,#2981,#3005,#3045,#3070,#3094,#3119,#3143,
    #3169,#3226,#3251,#3268,#3293,#3314,#3331,#3345,#3376,#3401,#3426,
    #3450,#3474,#3499,#3524,#3541,#3579,#3604,#3629,#3660,#3685,#3710,
    #3734,#3758,#3783,#3808,#3825,#3863,#3888,#3913,#3944,#3969,#3994,
    #4018,#4042,#4067,#4092,#4109,#4147,#4172,#4197,#4230,#4254,#4279,
    #4303,#4328,#4352,#4378,#4395,#4411,#4444,#4468,#4501,#4525,#4550,
    #4574,#4592,#4609,#4625,#4656,#4681,#4706,#4730,#4754,#4779,#4804,
    #4821,#4837,#4868,#4893,#4918,#4942,#4966,#4991,#5016,#5033,#5049,
    #5074,#5094,#5119,#5144,#5164,#5189,#5214,#5234,#5259,#5284,#5309,
    #5334,#5359,#5384,#5409,#5434,#5459,#5484,#5609,#5634,#5659,#5684,
    #5709));
#17 = ADVANCED_FACE('',(#18),#52,.F.);
#18 = FACE_BOUND('',#19,.F.);
#19 = EDGE_LOOP('',(#20,#30,#38,#46));
#20 = ORIENTED_EDGE('',*,*,#21,.F.);
#21 = EDGE_CURVE('',#22,#24,#26,.T.);
#22 = VERTEX_POINT('',#23);
#23 = CARTESIAN_POINT('',(3.175,3.175,-38.1));
#24 = VERTEX_POINT('',#25);
#25 = CARTESIAN_POINT('',(3.175,3.175,-12.7));
#26 = LINE('',#27,#28);
#27 = CARTESIAN_POINT('',(3.175,3.175,-38.1));
#28 = VECTOR('',#29,1.);
#29 = DIRECTION('',(0.,0.,1.));
#30 = ORIENTED_EDGE('',*,*,#31,.T.);
#31 = EDGE_CURVE('',#22,#32,#34,.T.);
#32 = VERTEX_POINT('',#33);
#33 = CARTESIAN_POINT('',(3.175,149.225,-38.1));
#34 = LINE('',#35,#36);
#35 = CARTESIAN_POINT('',(3.175,3.175,-38.1));
#36 = VECTOR('',#37,1.);
#37 = DIRECTION('',(0.,1.,0.));
#38 = ORIENTED_EDGE('',*,*,#39,.T.);
#39 = EDGE_CURVE('',#32,#40,#42,.T.);
#40 = VERTEX_POINT('',#41);
#41 = CARTESIAN_POINT('',(3.175,149.225,-12.7));
#42 = LINE('',#43,#44);
#43 = CARTESIAN_POINT('',(3.175,149.225,-38.1));
#44 = VECTOR('',#45,1.);
#45 = DIRECTION('',(0.,0.,1.));
#46 = ORIENTED_EDGE('',*,*,#47,.F.);
#47 = EDGE_CURVE('',#24,#40,#48,.T.);
#48 = LINE('',#49,#50);
#49 = CARTESIAN_POINT('',(3.175,3.175,-12.7));
#50 = VECTOR('',#51,1.);
#51 = DIRECTION('',(0.,1.,0.));
#52 = PLANE('',#53);
#53 = AXIS2_PLACEMENT_3D('',#54,#55,#56);
#54 = CARTESIAN_POINT('',(3.175,3.175,-38.1));
#55 = DIRECTION('',(1.,0.,0.));
#56 = DIRECTION('',(0.,0.,1.));
#57 = ADVANCED_FACE('',(#58),#83,.F.);
#58 = FACE_BOUND('',#59,.F.);
#59 = EDGE_LOOP('',(#60,#68,#69,#77));
#60 = ORIENTED_EDGE('',*,*,#61,.F.);
#61 = EDGE_CURVE('',#22,#62,#64,.T.);
#62 = VERTEX_POINT('',#63);
#63 = CARTESIAN_POINT('',(428.625,3.175,-38.1));
#64 = LINE('',#65,#66);
#65 = CARTESIAN_POINT('',(3.175,3.175,-38.1));
#66 = VECTOR('',#67,1.);
#67 = DIRECTION('',(1.,0.,0.));
#68 = ORIENTED_EDGE('',*,*,#21,.T.);
#69 = ORIENTED_EDGE('',*,*,#70,.T.);
#70 = EDGE_CURVE('',#24,#71,#73,.T.);
#71 = VERTEX_POINT('',#72);
#72 = CARTESIAN_POINT('',(428.625,3.175,-12.7));
#73 = LINE('',#74,#75);
#74 = CARTESIAN_POINT('',(3.175,3.175,-12.7));
#75 = VECTOR('',#76,1.);
#76 = DIRECTION('',(1.,0.,0.));
#77 = ORIENTED_EDGE('',*,*,#78,.F.);
#78 = EDGE_CURVE('',#62,#71,#79,.T.);
#79 = LINE('',#80,#81);
#80 = CARTESIAN_POINT('',(428.625,3.175,-38.1));
#81 = VECTOR('',#82,1.);
#82 = DIRECTION('',(0.,0.,1.));
#83 = PLANE('',#84);
#84 = AXIS2_PLACEMENT_3D('',#85,#86,#87);
#85 = CARTESIAN_POINT('',(3.175,3.175,-38.1));
#86 = DIRECTION('',(0.,1.,0.));
#87 = DIRECTION('',(0.,0.,1.));
#88 = ADVANCED_FACE('',(#89),#114,.T.);
#89 = FACE_BOUND('',#90,.T.);
#90 = EDGE_LOOP('',(#91,#99,#100,#108));
#91 = ORIENTED_EDGE('',*,*,#92,.F.);
#92 = EDGE_CURVE('',#32,#93,#95,.T.);
#93 = VERTEX_POINT('',#94);
#94 = CARTESIAN_POINT('',(428.625,149.225,-38.1));
#95 = LINE('',#96,#97);
#96 = CARTESIAN_POINT('',(3.175,149.225,-38.1));
#97 = VECTOR('',#98,1.);
#98 = DIRECTION('',(1.,0.,0.));
#99 = ORIENTED_EDGE('',*,*,#39,.T.);
#100 = ORIENTED_EDGE('',*,*,#101,.T.);
#101 = EDGE_CURVE('',#40,#102,#104,.T.);
#102 = VERTEX_POINT('',#103);
#103 = CARTESIAN_POINT('',(428.625,149.225,-12.7));
#104 = LINE('',#105,#106);
#105 = CARTESIAN_POINT('',(3.175,149.225,-12.7));
#106 = VECTOR('',#107,1.);
#107 = DIRECTION('',(1.,0.,0.));
#108 = ORIENTED_EDGE('',*,*,#109,.F.);
#109 = EDGE_CURVE('',#93,#102,#110,.T.);
#110 = LINE('',#111,#112);
#111 = CARTESIAN_POINT('',(428.625,149.225,-38.1));
#112 = VECTOR('',#113,1.);
#113 = DIRECTION('',(0.,0.,1.));
#114 = PLANE('',#115);
#115 = AXIS2_PLACEMENT_3D('',#116,#117,#118);
#116 = CARTESIAN_POINT('',(3.175,149.225,-38.1));
#117 = DIRECTION('',(0.,1.,0.));
#118 = DIRECTION('',(0.,0.,1.));
#119 = ADVANCED_FACE('',(#120),#136,.T.);
#120 = FACE_BOUND('',#121,.T.);
#121 = EDGE_LOOP('',(#122,#123,#129,#130));
#122 = ORIENTED_EDGE('',*,*,#78,.F.);
#123 = ORIENTED_EDGE('',*,*,#124,.T.);
#124 = EDGE_CURVE('',#62,#93,#125,.T.);
#125 = LINE('',#126,#127);
#126 = CARTESIAN_POINT('',(428.625,3.175,-38.1));
#127 = VECTOR('',#128,1.);
#128 = DIRECTION('',(0.,1.,0.));
#129 = ORIENTED_EDGE('',*,*,#109,.T.);
#130 = ORIENTED_EDGE('',*,*,#131,.F.);
#131 = EDGE_CURVE('',#71,#102,#132,.T.);
#132 = LINE('',#133,#134);
#133 = CARTESIAN_POINT('',(428.625,3.175,-12.7));
#134 = VECTOR('',#135,1.);
#135 = DIRECTION('',(0.,1.,0.));
#136 = PLANE('',#137);
#137 = AXIS2_PLACEMENT_3D('',#138,#139,#140);
#138 = CARTESIAN_POINT('',(428.625,3.175,-38.1));
#139 = DIRECTION('',(1.,0.,0.));
#140 = DIRECTION('',(0.,0.,1.));
#141 = ADVANCED_FACE('',(#142,#148,#260,#382,#511,#640,#710,#780,#850,
    #938,#1026,#1096,#1166,#1177,#1188,#1199,#1210,#1221,#1232,#1243,
    #1254,#1265,#1276,#1287),#1298,.T.);
#142 = FACE_BOUND('',#143,.T.);
#143 = EDGE_LOOP('',(#144,#145,#146,#147));
#144 = ORIENTED_EDGE('',*,*,#101,.F.);
#145 = ORIENTED_EDGE('',*,*,#47,.F.);
#146 = ORIENTED_EDGE('',*,*,#70,.T.);
#147 = ORIENTED_EDGE('',*,*,#131,.T.);
#148 = FACE_BOUND('',#149,.T.);
#149 = EDGE_LOOP('',(#150,#161,#169,#178,#186,#195,#203,#211,#220,#228,
    #237,#245,#254));
#150 = ORIENTED_EDGE('',*,*,#151,.F.);
#151 = EDGE_CURVE('',#152,#154,#156,.T.);
#152 = VERTEX_POINT('',#153);
#153 = CARTESIAN_POINT('',(235.43869959259,71.645717315674,-12.7));
#154 = VERTEX_POINT('',#155);
#155 = CARTESIAN_POINT('',(232.26947255749,68.645717315674,-12.7));
#156 = CIRCLE('',#157,3.174);
#157 = AXIS2_PLACEMENT_3D('',#158,#159,#160);
#158 = CARTESIAN_POINT('',(235.43869959259,68.471717315674,-12.7));
#159 = DIRECTION('',(0.,-0.,1.));
#160 = DIRECTION('',(0.,1.,0.));
#161 = ORIENTED_EDGE('',*,*,#162,.F.);
#162 = EDGE_CURVE('',#163,#152,#165,.T.);
#163 = VERTEX_POINT('',#164);
#164 = CARTESIAN_POINT('',(263.44494973754,71.645717315674,-12.7));
#165 = LINE('',#166,#167);
#166 = CARTESIAN_POINT('',(126.07461924609,71.645717315674,-12.7));
#167 = VECTOR('',#168,1.);
#168 = DIRECTION('',(-1.,0.,0.));
#169 = ORIENTED_EDGE('',*,*,#170,.F.);
#170 = EDGE_CURVE('',#171,#163,#173,.T.);
#171 = VERTEX_POINT('',#172);
#172 = CARTESIAN_POINT('',(266.61894973754,68.471717315674,-12.7));
#173 = CIRCLE('',#174,3.174);
#174 = AXIS2_PLACEMENT_3D('',#175,#176,#177);
#175 = CARTESIAN_POINT('',(263.44494973754,68.471717315674,-12.7));
#176 = DIRECTION('',(0.,0.,1.));
#177 = DIRECTION('',(1.,0.,0.));
#178 = ORIENTED_EDGE('',*,*,#179,.F.);
#179 = EDGE_CURVE('',#180,#171,#182,.T.);
#180 = VERTEX_POINT('',#181);
#181 = CARTESIAN_POINT('',(266.61894973754,48.375884918213,-12.7));
#182 = LINE('',#183,#184);
#183 = CARTESIAN_POINT('',(266.61894973754,30.799400558472,-12.7));
#184 = VECTOR('',#185,1.);
#185 = DIRECTION('',(0.,1.,0.));
#186 = ORIENTED_EDGE('',*,*,#187,.F.);
#187 = EDGE_CURVE('',#188,#180,#190,.T.);
#188 = VERTEX_POINT('',#189);
#189 = CARTESIAN_POINT('',(263.44494973754,45.201884918213,-12.7));
#190 = CIRCLE('',#191,3.174);
#191 = AXIS2_PLACEMENT_3D('',#192,#193,#194);
#192 = CARTESIAN_POINT('',(263.44494973754,48.375884918213,-12.7));
#193 = DIRECTION('',(0.,0.,1.));
#194 = DIRECTION('',(1.,0.,0.));
#195 = ORIENTED_EDGE('',*,*,#196,.F.);
#196 = EDGE_CURVE('',#197,#188,#199,.T.);
#197 = VERTEX_POINT('',#198);
#198 = CARTESIAN_POINT('',(246.61894973754,45.201884918213,-12.7));
#199 = LINE('',#200,#201);
#200 = CARTESIAN_POINT('',(126.96037237224,45.201884918213,-12.7));
#201 = VECTOR('',#202,1.);
#202 = DIRECTION('',(1.,0.,0.));
#203 = ORIENTED_EDGE('',*,*,#204,.T.);
#204 = EDGE_CURVE('',#197,#205,#207,.T.);
#205 = VERTEX_POINT('',#206);
#206 = CARTESIAN_POINT('',(246.61894973754,13.375884918213,-12.7));
#207 = LINE('',#208,#209);
#208 = CARTESIAN_POINT('',(246.61894973754,35.910358657837,-12.7));
#209 = VECTOR('',#210,1.);
#210 = DIRECTION('',(0.,-1.,0.));
#211 = ORIENTED_EDGE('',*,*,#212,.F.);
#212 = EDGE_CURVE('',#213,#205,#215,.T.);
#213 = VERTEX_POINT('',#214);
#214 = CARTESIAN_POINT('',(243.44494973754,10.201884918213,-12.7));
#215 = CIRCLE('',#216,3.174);
#216 = AXIS2_PLACEMENT_3D('',#217,#218,#219);
#217 = CARTESIAN_POINT('',(243.44494973754,13.375884918213,-12.7));
#218 = DIRECTION('',(0.,0.,1.));
#219 = DIRECTION('',(1.,0.,0.));
#220 = ORIENTED_EDGE('',*,*,#221,.F.);
#221 = EDGE_CURVE('',#222,#213,#224,.T.);
#222 = VERTEX_POINT('',#223);
#223 = CARTESIAN_POINT('',(207.63869959259,10.201884918213,-12.7));
#224 = LINE('',#225,#226);
#225 = CARTESIAN_POINT('',(124.89697486877,10.201884918213,-12.7));
#226 = VECTOR('',#227,1.);
#227 = DIRECTION('',(1.,0.,0.));
#228 = ORIENTED_EDGE('',*,*,#229,.F.);
#229 = EDGE_CURVE('',#230,#222,#232,.T.);
#230 = VERTEX_POINT('',#231);
#231 = CARTESIAN_POINT('',(204.46469959259,13.375884918213,-12.7));
#232 = CIRCLE('',#233,3.174);
#233 = AXIS2_PLACEMENT_3D('',#234,#235,#236);
#234 = CARTESIAN_POINT('',(207.63869959259,13.375884918213,-12.7));
#235 = DIRECTION('',(0.,0.,1.));
#236 = DIRECTION('',(-1.,0.,0.));
#237 = ORIENTED_EDGE('',*,*,#238,.F.);
#238 = EDGE_CURVE('',#239,#230,#241,.T.);
#239 = VERTEX_POINT('',#240);
#240 = CARTESIAN_POINT('',(204.46469959259,65.471717315674,-12.7));
#241 = LINE('',#242,#243);
#242 = CARTESIAN_POINT('',(204.46469959259,35.910358657837,-12.7));
#243 = VECTOR('',#244,1.);
#244 = DIRECTION('',(0.,-1.,0.));
#245 = ORIENTED_EDGE('',*,*,#246,.F.);
#246 = EDGE_CURVE('',#247,#239,#249,.T.);
#247 = VERTEX_POINT('',#248);
#248 = CARTESIAN_POINT('',(207.63869959259,68.645717315674,-12.7));
#249 = CIRCLE('',#250,3.174);
#250 = AXIS2_PLACEMENT_3D('',#251,#252,#253);
#251 = CARTESIAN_POINT('',(207.63869959259,65.471717315674,-12.7));
#252 = DIRECTION('',(0.,-0.,1.));
#253 = DIRECTION('',(0.,1.,0.));
#254 = ORIENTED_EDGE('',*,*,#255,.T.);
#255 = EDGE_CURVE('',#247,#154,#256,.T.);
#256 = LINE('',#257,#258);
#257 = CARTESIAN_POINT('',(124.89697486877,68.645717315674,-12.7));
#258 = VECTOR('',#259,1.);
#259 = DIRECTION('',(1.,0.,0.));
#260 = FACE_BOUND('',#261,.T.);
#261 = EDGE_LOOP('',(#262,#273,#282,#290,#299,#307,#316,#324,#333,#342,
    #350,#359,#367,#376));
#262 = ORIENTED_EDGE('',*,*,#263,.F.);
#263 = EDGE_CURVE('',#264,#266,#268,.T.);
#264 = VERTEX_POINT('',#265);
#265 = CARTESIAN_POINT('',(228.437,87.499293557156,-12.7));
#266 = VERTEX_POINT('',#267);
#267 = CARTESIAN_POINT('',(231.361,85.56,-12.7));
#268 = CIRCLE('',#269,3.174);
#269 = AXIS2_PLACEMENT_3D('',#270,#271,#272);
#270 = CARTESIAN_POINT('',(231.361,88.734,-12.7));
#271 = DIRECTION('',(-0.,0.,1.));
#272 = DIRECTION('',(0.,-1.,0.));
#273 = ORIENTED_EDGE('',*,*,#274,.F.);
#274 = EDGE_CURVE('',#275,#264,#277,.T.);
#275 = VERTEX_POINT('',#276);
#276 = CARTESIAN_POINT('',(225.513,85.56,-12.7));
#277 = CIRCLE('',#278,3.174);
#278 = AXIS2_PLACEMENT_3D('',#279,#280,#281);
#279 = CARTESIAN_POINT('',(225.513,88.734,-12.7));
#280 = DIRECTION('',(-0.,0.,1.));
#281 = DIRECTION('',(0.,-1.,0.));
#282 = ORIENTED_EDGE('',*,*,#283,.F.);
#283 = EDGE_CURVE('',#284,#275,#286,.T.);
#284 = VERTEX_POINT('',#285);
#285 = CARTESIAN_POINT('',(208.861,85.56,-12.7));
#286 = LINE('',#287,#288);
#287 = CARTESIAN_POINT('',(205.687,85.56,-12.7));
#288 = VECTOR('',#289,1.);
#289 = DIRECTION('',(1.,0.,0.));
#290 = ORIENTED_EDGE('',*,*,#291,.F.);
#291 = EDGE_CURVE('',#292,#284,#294,.T.);
#292 = VERTEX_POINT('',#293);
#293 = CARTESIAN_POINT('',(205.687,88.734,-12.7));
#294 = CIRCLE('',#295,3.174);
#295 = AXIS2_PLACEMENT_3D('',#296,#297,#298);
#296 = CARTESIAN_POINT('',(208.861,88.734,-12.7));
#297 = DIRECTION('',(-0.,0.,1.));
#298 = DIRECTION('',(0.,-1.,0.));
#299 = ORIENTED_EDGE('',*,*,#300,.T.);
#300 = EDGE_CURVE('',#292,#301,#303,.T.);
#301 = VERTEX_POINT('',#302);
#302 = CARTESIAN_POINT('',(205.687,130.386,-12.7));
#303 = LINE('',#304,#305);
#304 = CARTESIAN_POINT('',(205.687,85.56,-12.7));
#305 = VECTOR('',#306,1.);
#306 = DIRECTION('',(0.,1.,0.));
#307 = ORIENTED_EDGE('',*,*,#308,.T.);
#308 = EDGE_CURVE('',#301,#309,#311,.T.);
#309 = VERTEX_POINT('',#310);
#310 = CARTESIAN_POINT('',(208.861,133.56,-12.7));
#311 = CIRCLE('',#312,3.174);
#312 = AXIS2_PLACEMENT_3D('',#313,#314,#315);
#313 = CARTESIAN_POINT('',(208.861,130.386,-12.7));
#314 = DIRECTION('',(-0.,-0.,-1.));
#315 = DIRECTION('',(0.,-1.,0.));
#316 = ORIENTED_EDGE('',*,*,#317,.T.);
#317 = EDGE_CURVE('',#309,#318,#320,.T.);
#318 = VERTEX_POINT('',#319);
#319 = CARTESIAN_POINT('',(225.513,133.56,-12.7));
#320 = LINE('',#321,#322);
#321 = CARTESIAN_POINT('',(205.687,133.56,-12.7));
#322 = VECTOR('',#323,1.);
#323 = DIRECTION('',(1.,0.,0.));
#324 = ORIENTED_EDGE('',*,*,#325,.F.);
#325 = EDGE_CURVE('',#326,#318,#328,.T.);
#326 = VERTEX_POINT('',#327);
#327 = CARTESIAN_POINT('',(228.437,131.62070644284,-12.7));
#328 = CIRCLE('',#329,3.174);
#329 = AXIS2_PLACEMENT_3D('',#330,#331,#332);
#330 = CARTESIAN_POINT('',(225.513,130.386,-12.7));
#331 = DIRECTION('',(-0.,0.,1.));
#332 = DIRECTION('',(0.,-1.,0.));
#333 = ORIENTED_EDGE('',*,*,#334,.T.);
#334 = EDGE_CURVE('',#326,#335,#337,.T.);
#335 = VERTEX_POINT('',#336);
#336 = CARTESIAN_POINT('',(231.361,133.56,-12.7));
#337 = CIRCLE('',#338,3.174);
#338 = AXIS2_PLACEMENT_3D('',#339,#340,#341);
#339 = CARTESIAN_POINT('',(231.361,130.386,-12.7));
#340 = DIRECTION('',(-0.,-0.,-1.));
#341 = DIRECTION('',(0.,-1.,0.));
#342 = ORIENTED_EDGE('',*,*,#343,.T.);
#343 = EDGE_CURVE('',#335,#344,#346,.T.);
#344 = VERTEX_POINT('',#345);
#345 = CARTESIAN_POINT('',(248.013,133.56,-12.7));
#346 = LINE('',#347,#348);
#347 = CARTESIAN_POINT('',(228.187,133.56,-12.7));
#348 = VECTOR('',#349,1.);
#349 = DIRECTION('',(1.,0.,0.));
#350 = ORIENTED_EDGE('',*,*,#351,.F.);
#351 = EDGE_CURVE('',#352,#344,#354,.T.);
#352 = VERTEX_POINT('',#353);
#353 = CARTESIAN_POINT('',(251.187,130.386,-12.7));
#354 = CIRCLE('',#355,3.174);
#355 = AXIS2_PLACEMENT_3D('',#356,#357,#358);
#356 = CARTESIAN_POINT('',(248.013,130.386,-12.7));
#357 = DIRECTION('',(-0.,0.,1.));
#358 = DIRECTION('',(0.,-1.,0.));
#359 = ORIENTED_EDGE('',*,*,#360,.F.);
#360 = EDGE_CURVE('',#361,#352,#363,.T.);
#361 = VERTEX_POINT('',#362);
#362 = CARTESIAN_POINT('',(251.187,88.734,-12.7));
#363 = LINE('',#364,#365);
#364 = CARTESIAN_POINT('',(251.187,85.56,-12.7));
#365 = VECTOR('',#366,1.);
#366 = DIRECTION('',(0.,1.,0.));
#367 = ORIENTED_EDGE('',*,*,#368,.F.);
#368 = EDGE_CURVE('',#369,#361,#371,.T.);
#369 = VERTEX_POINT('',#370);
#370 = CARTESIAN_POINT('',(248.013,85.56,-12.7));
#371 = CIRCLE('',#372,3.174);
#372 = AXIS2_PLACEMENT_3D('',#373,#374,#375);
#373 = CARTESIAN_POINT('',(248.013,88.734,-12.7));
#374 = DIRECTION('',(-0.,0.,1.));
#375 = DIRECTION('',(0.,-1.,0.));
#376 = ORIENTED_EDGE('',*,*,#377,.F.);
#377 = EDGE_CURVE('',#266,#369,#378,.T.);
#378 = LINE('',#379,#380);
#379 = CARTESIAN_POINT('',(228.187,85.56,-12.7));
#380 = VECTOR('',#381,1.);
#381 = DIRECTION('',(1.,0.,0.));
#382 = FACE_BOUND('',#383,.T.);
#383 = EDGE_LOOP('',(#384,#394,#403,#411,#419,#428,#436,#445,#453,#462,
    #471,#479,#487,#496,#504));
#384 = ORIENTED_EDGE('',*,*,#385,.F.);
#385 = EDGE_CURVE('',#386,#388,#390,.T.);
#386 = VERTEX_POINT('',#387);
#387 = CARTESIAN_POINT('',(320.44649819183,121.0735591278,-12.7));
#388 = VERTEX_POINT('',#389);
#389 = CARTESIAN_POINT('',(320.44649819183,98.021559509277,-12.7));
#390 = LINE('',#391,#392);
#391 = CARTESIAN_POINT('',(320.44649819183,63.711279563904,-12.7));
#392 = VECTOR('',#393,1.);
#393 = DIRECTION('',(0.,-1.,0.));
#394 = ORIENTED_EDGE('',*,*,#395,.F.);
#395 = EDGE_CURVE('',#396,#386,#398,.T.);
#396 = VERTEX_POINT('',#397);
#397 = CARTESIAN_POINT('',(323.62049819183,124.2475591278,-12.7));
#398 = CIRCLE('',#399,3.174);
#399 = AXIS2_PLACEMENT_3D('',#400,#401,#402);
#400 = CARTESIAN_POINT('',(323.62049819183,121.0735591278,-12.7));
#401 = DIRECTION('',(0.,-0.,1.));
#402 = DIRECTION('',(0.,1.,0.));
#403 = ORIENTED_EDGE('',*,*,#404,.T.);
#404 = EDGE_CURVE('',#396,#405,#407,.T.);
#405 = VERTEX_POINT('',#406);
#406 = CARTESIAN_POINT('',(344.3568239746,124.2475591278,-12.7));
#407 = LINE('',#408,#409);
#408 = CARTESIAN_POINT('',(179.15616182708,124.2475591278,-12.7));
#409 = VECTOR('',#410,1.);
#410 = DIRECTION('',(1.,0.,0.));
#411 = ORIENTED_EDGE('',*,*,#412,.F.);
#412 = EDGE_CURVE('',#413,#405,#415,.T.);
#413 = VERTEX_POINT('',#414);
#414 = CARTESIAN_POINT('',(344.3568239746,126.28091162872,-12.7));
#415 = LINE('',#416,#417);
#416 = CARTESIAN_POINT('',(344.3568239746,66.314955814362,-12.7));
#417 = VECTOR('',#418,1.);
#418 = DIRECTION('',(0.,-1.,0.));
#419 = ORIENTED_EDGE('',*,*,#420,.F.);
#420 = EDGE_CURVE('',#421,#413,#423,.T.);
#421 = VERTEX_POINT('',#422);
#422 = CARTESIAN_POINT('',(347.5308239746,129.45491162872,-12.7));
#423 = CIRCLE('',#424,3.174);
#424 = AXIS2_PLACEMENT_3D('',#425,#426,#427);
#425 = CARTESIAN_POINT('',(347.5308239746,126.28091162872,-12.7));
#426 = DIRECTION('',(0.,-0.,1.));
#427 = DIRECTION('',(0.,1.,0.));
#428 = ORIENTED_EDGE('',*,*,#429,.T.);
#429 = EDGE_CURVE('',#421,#430,#432,.T.);
#430 = VERTEX_POINT('',#431);
#431 = CARTESIAN_POINT('',(363.19282420349,129.45491162872,-12.7));
#432 = LINE('',#433,#434);
#433 = CARTESIAN_POINT('',(184.77091210174,129.45491162872,-12.7));
#434 = VECTOR('',#435,1.);
#435 = DIRECTION('',(1.,0.,0.));
#436 = ORIENTED_EDGE('',*,*,#437,.F.);
#437 = EDGE_CURVE('',#438,#430,#440,.T.);
#438 = VERTEX_POINT('',#439);
#439 = CARTESIAN_POINT('',(366.36682420349,126.28091162872,-12.7));
#440 = CIRCLE('',#441,3.174);
#441 = AXIS2_PLACEMENT_3D('',#442,#443,#444);
#442 = CARTESIAN_POINT('',(363.19282420349,126.28091162872,-12.7));
#443 = DIRECTION('',(0.,0.,1.));
#444 = DIRECTION('',(1.,0.,0.));
#445 = ORIENTED_EDGE('',*,*,#446,.T.);
#446 = EDGE_CURVE('',#438,#447,#449,.T.);
#447 = VERTEX_POINT('',#448);
#448 = CARTESIAN_POINT('',(366.36682420349,112.65091146469,-12.7));
#449 = LINE('',#450,#451);
#450 = CARTESIAN_POINT('',(366.36682420349,66.314955814362,-12.7));
#451 = VECTOR('',#452,1.);
#452 = DIRECTION('',(0.,-1.,0.));
#453 = ORIENTED_EDGE('',*,*,#454,.F.);
#454 = EDGE_CURVE('',#455,#447,#457,.T.);
#455 = VERTEX_POINT('',#456);
#456 = CARTESIAN_POINT('',(363.91393134325,109.5599115467,-12.7));
#457 = CIRCLE('',#458,3.174);
#458 = AXIS2_PLACEMENT_3D('',#459,#460,#461);
#459 = CARTESIAN_POINT('',(363.19282420349,112.65091146469,-12.7));
#460 = DIRECTION('',(0.,0.,1.));
#461 = DIRECTION('',(1.,0.,0.));
#462 = ORIENTED_EDGE('',*,*,#463,.F.);
#463 = EDGE_CURVE('',#464,#455,#466,.T.);
#464 = VERTEX_POINT('',#465);
#465 = CARTESIAN_POINT('',(363.19282420349,109.47691146469,-12.7));
#466 = CIRCLE('',#467,3.174);
#467 = AXIS2_PLACEMENT_3D('',#468,#469,#470);
#468 = CARTESIAN_POINT('',(363.19282420349,112.65091146469,-12.7));
#469 = DIRECTION('',(0.,0.,1.));
#470 = DIRECTION('',(1.,0.,0.));
#471 = ORIENTED_EDGE('',*,*,#472,.F.);
#472 = EDGE_CURVE('',#473,#464,#475,.T.);
#473 = VERTEX_POINT('',#474);
#474 = CARTESIAN_POINT('',(355.13732365417,109.47691146469,-12.7));
#475 = LINE('',#476,#477);
#476 = CARTESIAN_POINT('',(184.77091210174,109.47691146469,-12.7));
#477 = VECTOR('',#478,1.);
#478 = DIRECTION('',(1.,0.,0.));
#479 = ORIENTED_EDGE('',*,*,#480,.T.);
#480 = EDGE_CURVE('',#473,#481,#483,.T.);
#481 = VERTEX_POINT('',#482);
#482 = CARTESIAN_POINT('',(355.13732365417,98.021559509277,-12.7));
#483 = LINE('',#484,#485);
#484 = CARTESIAN_POINT('',(355.13732365417,63.711279563904,-12.7));
#485 = VECTOR('',#486,1.);
#486 = DIRECTION('',(0.,-1.,0.));
#487 = ORIENTED_EDGE('',*,*,#488,.F.);
#488 = EDGE_CURVE('',#489,#481,#491,.T.);
#489 = VERTEX_POINT('',#490);
#490 = CARTESIAN_POINT('',(351.96332365417,94.847559509277,-12.7));
#491 = CIRCLE('',#492,3.174);
#492 = AXIS2_PLACEMENT_3D('',#493,#494,#495);
#493 = CARTESIAN_POINT('',(351.96332365417,98.021559509277,-12.7));
#494 = DIRECTION('',(0.,0.,1.));
#495 = DIRECTION('',(1.,0.,0.));
#496 = ORIENTED_EDGE('',*,*,#497,.F.);
#497 = EDGE_CURVE('',#498,#489,#500,.T.);
#498 = VERTEX_POINT('',#499);
#499 = CARTESIAN_POINT('',(323.62049819183,94.847559509277,-12.7));
#500 = LINE('',#501,#502);
#501 = CARTESIAN_POINT('',(179.15616182708,94.847559509277,-12.7));
#502 = VECTOR('',#503,1.);
#503 = DIRECTION('',(1.,0.,0.));
#504 = ORIENTED_EDGE('',*,*,#505,.F.);
#505 = EDGE_CURVE('',#388,#498,#506,.T.);
#506 = CIRCLE('',#507,3.174);
#507 = AXIS2_PLACEMENT_3D('',#508,#509,#510);
#508 = CARTESIAN_POINT('',(323.62049819183,98.021559509277,-12.7));
#509 = DIRECTION('',(0.,0.,1.));
#510 = DIRECTION('',(-1.,0.,0.));
#511 = FACE_BOUND('',#512,.T.);
#512 = EDGE_LOOP('',(#513,#523,#532,#540,#548,#557,#565,#574,#582,#591,
    #600,#608,#616,#625,#633));
#513 = ORIENTED_EDGE('',*,*,#514,.F.);
#514 = EDGE_CURVE('',#515,#517,#519,.T.);
#515 = VERTEX_POINT('',#516);
#516 = CARTESIAN_POINT('',(107.78150180816,24.046440872192,-12.7));
#517 = VERTEX_POINT('',#518);
#518 = CARTESIAN_POINT('',(107.78150180816,47.098440490723,-12.7));
#519 = LINE('',#520,#521);
#520 = CARTESIAN_POINT('',(107.78150180816,12.023720436096,-12.7));
#521 = VECTOR('',#522,1.);
#522 = DIRECTION('',(0.,1.,0.));
#523 = ORIENTED_EDGE('',*,*,#524,.F.);
#524 = EDGE_CURVE('',#525,#515,#527,.T.);
#525 = VERTEX_POINT('',#526);
#526 = CARTESIAN_POINT('',(104.60750180816,20.872440872192,-12.7));
#527 = CIRCLE('',#528,3.174);
#528 = AXIS2_PLACEMENT_3D('',#529,#530,#531);
#529 = CARTESIAN_POINT('',(104.60750180816,24.046440872192,-12.7));
#530 = DIRECTION('',(-0.,0.,1.));
#531 = DIRECTION('',(0.,-1.,0.));
#532 = ORIENTED_EDGE('',*,*,#533,.T.);
#533 = EDGE_CURVE('',#525,#534,#536,.T.);
#534 = VERTEX_POINT('',#535);
#535 = CARTESIAN_POINT('',(83.871176025391,20.872440872192,-12.7));
#536 = LINE('',#537,#538);
#537 = CARTESIAN_POINT('',(38.132838172913,20.872440872192,-12.7));
#538 = VECTOR('',#539,1.);
#539 = DIRECTION('',(-1.,0.,0.));
#540 = ORIENTED_EDGE('',*,*,#541,.F.);
#541 = EDGE_CURVE('',#542,#534,#544,.T.);
#542 = VERTEX_POINT('',#543);
#543 = CARTESIAN_POINT('',(83.871176025391,18.839088371277,-12.7));
#544 = LINE('',#545,#546);
#545 = CARTESIAN_POINT('',(83.871176025391,9.420044185638,-12.7));
#546 = VECTOR('',#547,1.);
#547 = DIRECTION('',(0.,1.,0.));
#548 = ORIENTED_EDGE('',*,*,#549,.F.);
#549 = EDGE_CURVE('',#550,#542,#552,.T.);
#550 = VERTEX_POINT('',#551);
#551 = CARTESIAN_POINT('',(80.697176025391,15.665088371277,-12.7));
#552 = CIRCLE('',#553,3.174);
#553 = AXIS2_PLACEMENT_3D('',#554,#555,#556);
#554 = CARTESIAN_POINT('',(80.697176025391,18.839088371277,-12.7));
#555 = DIRECTION('',(-0.,0.,1.));
#556 = DIRECTION('',(0.,-1.,0.));
#557 = ORIENTED_EDGE('',*,*,#558,.T.);
#558 = EDGE_CURVE('',#550,#559,#561,.T.);
#559 = VERTEX_POINT('',#560);
#560 = CARTESIAN_POINT('',(65.035175796509,15.665088371277,-12.7));
#561 = LINE('',#562,#563);
#562 = CARTESIAN_POINT('',(32.518087898254,15.665088371277,-12.7));
#563 = VECTOR('',#564,1.);
#564 = DIRECTION('',(-1.,0.,0.));
#565 = ORIENTED_EDGE('',*,*,#566,.F.);
#566 = EDGE_CURVE('',#567,#559,#569,.T.);
#567 = VERTEX_POINT('',#568);
#568 = CARTESIAN_POINT('',(61.861175796509,18.839088371277,-12.7));
#569 = CIRCLE('',#570,3.174);
#570 = AXIS2_PLACEMENT_3D('',#571,#572,#573);
#571 = CARTESIAN_POINT('',(65.035175796509,18.839088371277,-12.7));
#572 = DIRECTION('',(0.,0.,1.));
#573 = DIRECTION('',(-1.,0.,0.));
#574 = ORIENTED_EDGE('',*,*,#575,.T.);
#575 = EDGE_CURVE('',#567,#576,#578,.T.);
#576 = VERTEX_POINT('',#577);
#577 = CARTESIAN_POINT('',(61.861175796509,32.469088535309,-12.7));
#578 = LINE('',#579,#580);
#579 = CARTESIAN_POINT('',(61.861175796509,9.420044185638,-12.7));
#580 = VECTOR('',#581,1.);
#581 = DIRECTION('',(0.,1.,0.));
#582 = ORIENTED_EDGE('',*,*,#583,.F.);
#583 = EDGE_CURVE('',#584,#576,#586,.T.);
#584 = VERTEX_POINT('',#585);
#585 = CARTESIAN_POINT('',(64.314068656742,35.560088453293,-12.7));
#586 = CIRCLE('',#587,3.174);
#587 = AXIS2_PLACEMENT_3D('',#588,#589,#590);
#588 = CARTESIAN_POINT('',(65.035175796509,32.469088535309,-12.7));
#589 = DIRECTION('',(0.,0.,1.));
#590 = DIRECTION('',(-1.,0.,0.));
#591 = ORIENTED_EDGE('',*,*,#592,.F.);
#592 = EDGE_CURVE('',#593,#584,#595,.T.);
#593 = VERTEX_POINT('',#594);
#594 = CARTESIAN_POINT('',(65.035175796509,35.643088535309,-12.7));
#595 = CIRCLE('',#596,3.174);
#596 = AXIS2_PLACEMENT_3D('',#597,#598,#599);
#597 = CARTESIAN_POINT('',(65.035175796509,32.469088535309,-12.7));
#598 = DIRECTION('',(0.,0.,1.));
#599 = DIRECTION('',(-1.,0.,0.));
#600 = ORIENTED_EDGE('',*,*,#601,.F.);
#601 = EDGE_CURVE('',#602,#593,#604,.T.);
#602 = VERTEX_POINT('',#603);
#603 = CARTESIAN_POINT('',(73.090676345825,35.643088535309,-12.7));
#604 = LINE('',#605,#606);
#605 = CARTESIAN_POINT('',(32.518087898254,35.643088535309,-12.7));
#606 = VECTOR('',#607,1.);
#607 = DIRECTION('',(-1.,0.,0.));
#608 = ORIENTED_EDGE('',*,*,#609,.T.);
#609 = EDGE_CURVE('',#602,#610,#612,.T.);
#610 = VERTEX_POINT('',#611);
#611 = CARTESIAN_POINT('',(73.090676345825,47.098440490723,-12.7));
#612 = LINE('',#613,#614);
#613 = CARTESIAN_POINT('',(73.090676345825,12.023720436096,-12.7));
#614 = VECTOR('',#615,1.);
#615 = DIRECTION('',(0.,1.,0.));
#616 = ORIENTED_EDGE('',*,*,#617,.F.);
#617 = EDGE_CURVE('',#618,#610,#620,.T.);
#618 = VERTEX_POINT('',#619);
#619 = CARTESIAN_POINT('',(76.264676345825,50.272440490723,-12.7));
#620 = CIRCLE('',#621,3.174);
#621 = AXIS2_PLACEMENT_3D('',#622,#623,#624);
#622 = CARTESIAN_POINT('',(76.264676345825,47.098440490723,-12.7));
#623 = DIRECTION('',(0.,0.,1.));
#624 = DIRECTION('',(-1.,0.,0.));
#625 = ORIENTED_EDGE('',*,*,#626,.F.);
#626 = EDGE_CURVE('',#627,#618,#629,.T.);
#627 = VERTEX_POINT('',#628);
#628 = CARTESIAN_POINT('',(104.60750180816,50.272440490723,-12.7));
#629 = LINE('',#630,#631);
#630 = CARTESIAN_POINT('',(38.132838172913,50.272440490723,-12.7));
#631 = VECTOR('',#632,1.);
#632 = DIRECTION('',(-1.,0.,0.));
#633 = ORIENTED_EDGE('',*,*,#634,.F.);
#634 = EDGE_CURVE('',#517,#627,#635,.T.);
#635 = CIRCLE('',#636,3.174);
#636 = AXIS2_PLACEMENT_3D('',#637,#638,#639);
#637 = CARTESIAN_POINT('',(104.60750180816,47.098440490723,-12.7));
#638 = DIRECTION('',(0.,0.,1.));
#639 = DIRECTION('',(1.,0.,0.));
#640 = FACE_BOUND('',#641,.T.);
#641 = EDGE_LOOP('',(#642,#652,#661,#669,#678,#686,#695,#703));
#642 = ORIENTED_EDGE('',*,*,#643,.F.);
#643 = EDGE_CURVE('',#644,#646,#648,.T.);
#644 = VERTEX_POINT('',#645);
#645 = CARTESIAN_POINT('',(148.287,14.734,-12.7));
#646 = VERTEX_POINT('',#647);
#647 = CARTESIAN_POINT('',(148.287,56.386,-12.7));
#648 = LINE('',#649,#650);
#649 = CARTESIAN_POINT('',(148.287,11.56,-12.7));
#650 = VECTOR('',#651,1.);
#651 = DIRECTION('',(0.,1.,0.));
#652 = ORIENTED_EDGE('',*,*,#653,.F.);
#653 = EDGE_CURVE('',#654,#644,#656,.T.);
#654 = VERTEX_POINT('',#655);
#655 = CARTESIAN_POINT('',(145.113,11.56,-12.7));
#656 = CIRCLE('',#657,3.174);
#657 = AXIS2_PLACEMENT_3D('',#658,#659,#660);
#658 = CARTESIAN_POINT('',(145.113,14.734,-12.7));
#659 = DIRECTION('',(-0.,0.,1.));
#660 = DIRECTION('',(0.,-1.,0.));
#661 = ORIENTED_EDGE('',*,*,#662,.F.);
#662 = EDGE_CURVE('',#663,#654,#665,.T.);
#663 = VERTEX_POINT('',#664);
#664 = CARTESIAN_POINT('',(128.461,11.56,-12.7));
#665 = LINE('',#666,#667);
#666 = CARTESIAN_POINT('',(125.287,11.56,-12.7));
#667 = VECTOR('',#668,1.);
#668 = DIRECTION('',(1.,0.,0.));
#669 = ORIENTED_EDGE('',*,*,#670,.F.);
#670 = EDGE_CURVE('',#671,#663,#673,.T.);
#671 = VERTEX_POINT('',#672);
#672 = CARTESIAN_POINT('',(125.287,14.734,-12.7));
#673 = CIRCLE('',#674,3.174);
#674 = AXIS2_PLACEMENT_3D('',#675,#676,#677);
#675 = CARTESIAN_POINT('',(128.461,14.734,-12.7));
#676 = DIRECTION('',(-0.,0.,1.));
#677 = DIRECTION('',(0.,-1.,0.));
#678 = ORIENTED_EDGE('',*,*,#679,.T.);
#679 = EDGE_CURVE('',#671,#680,#682,.T.);
#680 = VERTEX_POINT('',#681);
#681 = CARTESIAN_POINT('',(125.287,56.386,-12.7));
#682 = LINE('',#683,#684);
#683 = CARTESIAN_POINT('',(125.287,11.56,-12.7));
#684 = VECTOR('',#685,1.);
#685 = DIRECTION('',(0.,1.,0.));
#686 = ORIENTED_EDGE('',*,*,#687,.T.);
#687 = EDGE_CURVE('',#680,#688,#690,.T.);
#688 = VERTEX_POINT('',#689);
#689 = CARTESIAN_POINT('',(128.461,59.56,-12.7));
#690 = CIRCLE('',#691,3.174);
#691 = AXIS2_PLACEMENT_3D('',#692,#693,#694);
#692 = CARTESIAN_POINT('',(128.461,56.386,-12.7));
#693 = DIRECTION('',(-0.,-0.,-1.));
#694 = DIRECTION('',(0.,-1.,0.));
#695 = ORIENTED_EDGE('',*,*,#696,.T.);
#696 = EDGE_CURVE('',#688,#697,#699,.T.);
#697 = VERTEX_POINT('',#698);
#698 = CARTESIAN_POINT('',(145.113,59.56,-12.7));
#699 = LINE('',#700,#701);
#700 = CARTESIAN_POINT('',(125.287,59.56,-12.7));
#701 = VECTOR('',#702,1.);
#702 = DIRECTION('',(1.,0.,0.));
#703 = ORIENTED_EDGE('',*,*,#704,.F.);
#704 = EDGE_CURVE('',#646,#697,#705,.T.);
#705 = CIRCLE('',#706,3.174);
#706 = AXIS2_PLACEMENT_3D('',#707,#708,#709);
#707 = CARTESIAN_POINT('',(145.113,56.386,-12.7));
#708 = DIRECTION('',(-0.,0.,1.));
#709 = DIRECTION('',(0.,-1.,0.));
#710 = FACE_BOUND('',#711,.T.);
#711 = EDGE_LOOP('',(#712,#722,#731,#739,#748,#756,#765,#773));
#712 = ORIENTED_EDGE('',*,*,#713,.F.);
#713 = EDGE_CURVE('',#714,#716,#718,.T.);
#714 = VERTEX_POINT('',#715);
#715 = CARTESIAN_POINT('',(287.84038490447,56.386,-12.7));
#716 = VERTEX_POINT('',#717);
#717 = CARTESIAN_POINT('',(287.84038490447,14.734,-12.7));
#718 = LINE('',#719,#720);
#719 = CARTESIAN_POINT('',(287.84038490447,59.56,-12.7));
#720 = VECTOR('',#721,1.);
#721 = DIRECTION('',(0.,-1.,0.));
#722 = ORIENTED_EDGE('',*,*,#723,.F.);
#723 = EDGE_CURVE('',#724,#714,#726,.T.);
#724 = VERTEX_POINT('',#725);
#725 = CARTESIAN_POINT('',(291.01438490447,59.56,-12.7));
#726 = CIRCLE('',#727,3.174);
#727 = AXIS2_PLACEMENT_3D('',#728,#729,#730);
#728 = CARTESIAN_POINT('',(291.01438490447,56.386,-12.7));
#729 = DIRECTION('',(0.,-0.,1.));
#730 = DIRECTION('',(0.,1.,0.));
#731 = ORIENTED_EDGE('',*,*,#732,.F.);
#732 = EDGE_CURVE('',#733,#724,#735,.T.);
#733 = VERTEX_POINT('',#734);
#734 = CARTESIAN_POINT('',(307.66638490447,59.56,-12.7));
#735 = LINE('',#736,#737);
#736 = CARTESIAN_POINT('',(310.84038490447,59.56,-12.7));
#737 = VECTOR('',#738,1.);
#738 = DIRECTION('',(-1.,0.,0.));
#739 = ORIENTED_EDGE('',*,*,#740,.F.);
#740 = EDGE_CURVE('',#741,#733,#743,.T.);
#741 = VERTEX_POINT('',#742);
#742 = CARTESIAN_POINT('',(310.84038490447,56.386,-12.7));
#743 = CIRCLE('',#744,3.174);
#744 = AXIS2_PLACEMENT_3D('',#745,#746,#747);
#745 = CARTESIAN_POINT('',(307.66638490447,56.386,-12.7));
#746 = DIRECTION('',(0.,-0.,1.));
#747 = DIRECTION('',(0.,1.,0.));
#748 = ORIENTED_EDGE('',*,*,#749,.T.);
#749 = EDGE_CURVE('',#741,#750,#752,.T.);
#750 = VERTEX_POINT('',#751);
#751 = CARTESIAN_POINT('',(310.84038490447,14.734,-12.7));
#752 = LINE('',#753,#754);
#753 = CARTESIAN_POINT('',(310.84038490447,59.56,-12.7));
#754 = VECTOR('',#755,1.);
#755 = DIRECTION('',(0.,-1.,0.));
#756 = ORIENTED_EDGE('',*,*,#757,.T.);
#757 = EDGE_CURVE('',#750,#758,#760,.T.);
#758 = VERTEX_POINT('',#759);
#759 = CARTESIAN_POINT('',(307.66638490447,11.56,-12.7));
#760 = CIRCLE('',#761,3.174);
#761 = AXIS2_PLACEMENT_3D('',#762,#763,#764);
#762 = CARTESIAN_POINT('',(307.66638490447,14.734,-12.7));
#763 = DIRECTION('',(0.,0.,-1.));
#764 = DIRECTION('',(0.,1.,0.));
#765 = ORIENTED_EDGE('',*,*,#766,.T.);
#766 = EDGE_CURVE('',#758,#767,#769,.T.);
#767 = VERTEX_POINT('',#768);
#768 = CARTESIAN_POINT('',(291.01438490447,11.56,-12.7));
#769 = LINE('',#770,#771);
#770 = CARTESIAN_POINT('',(310.84038490447,11.56,-12.7));
#771 = VECTOR('',#772,1.);
#772 = DIRECTION('',(-1.,0.,0.));
#773 = ORIENTED_EDGE('',*,*,#774,.F.);
#774 = EDGE_CURVE('',#716,#767,#775,.T.);
#775 = CIRCLE('',#776,3.174);
#776 = AXIS2_PLACEMENT_3D('',#777,#778,#779);
#777 = CARTESIAN_POINT('',(291.01438490447,14.734,-12.7));
#778 = DIRECTION('',(0.,-0.,1.));
#779 = DIRECTION('',(0.,1.,0.));
#780 = FACE_BOUND('',#781,.T.);
#781 = EDGE_LOOP('',(#782,#792,#801,#809,#818,#826,#835,#843));
#782 = ORIENTED_EDGE('',*,*,#783,.F.);
#783 = EDGE_CURVE('',#784,#786,#788,.T.);
#784 = VERTEX_POINT('',#785);
#785 = CARTESIAN_POINT('',(170.29,19.734,-12.7));
#786 = VERTEX_POINT('',#787);
#787 = CARTESIAN_POINT('',(170.29,51.386,-12.7));
#788 = LINE('',#789,#790);
#789 = CARTESIAN_POINT('',(170.29,9.8675,-12.7));
#790 = VECTOR('',#791,1.);
#791 = DIRECTION('',(0.,1.,0.));
#792 = ORIENTED_EDGE('',*,*,#793,.F.);
#793 = EDGE_CURVE('',#794,#784,#796,.T.);
#794 = VERTEX_POINT('',#795);
#795 = CARTESIAN_POINT('',(167.116,16.56,-12.7));
#796 = CIRCLE('',#797,3.174);
#797 = AXIS2_PLACEMENT_3D('',#798,#799,#800);
#798 = CARTESIAN_POINT('',(167.116,19.734,-12.7));
#799 = DIRECTION('',(-0.,0.,1.));
#800 = DIRECTION('',(0.,-1.,0.));
#801 = ORIENTED_EDGE('',*,*,#802,.T.);
#802 = EDGE_CURVE('',#794,#803,#805,.T.);
#803 = VERTEX_POINT('',#804);
#804 = CARTESIAN_POINT('',(155.464,16.56,-12.7));
#805 = LINE('',#806,#807);
#806 = CARTESIAN_POINT('',(77.7325,16.56,-12.7));
#807 = VECTOR('',#808,1.);
#808 = DIRECTION('',(-1.,0.,0.));
#809 = ORIENTED_EDGE('',*,*,#810,.F.);
#810 = EDGE_CURVE('',#811,#803,#813,.T.);
#811 = VERTEX_POINT('',#812);
#812 = CARTESIAN_POINT('',(152.29,19.734,-12.7));
#813 = CIRCLE('',#814,3.174);
#814 = AXIS2_PLACEMENT_3D('',#815,#816,#817);
#815 = CARTESIAN_POINT('',(155.464,19.734,-12.7));
#816 = DIRECTION('',(0.,0.,1.));
#817 = DIRECTION('',(-1.,0.,0.));
#818 = ORIENTED_EDGE('',*,*,#819,.T.);
#819 = EDGE_CURVE('',#811,#820,#822,.T.);
#820 = VERTEX_POINT('',#821);
#821 = CARTESIAN_POINT('',(152.29,51.386,-12.7));
#822 = LINE('',#823,#824);
#823 = CARTESIAN_POINT('',(152.29,9.8675,-12.7));
#824 = VECTOR('',#825,1.);
#825 = DIRECTION('',(0.,1.,0.));
#826 = ORIENTED_EDGE('',*,*,#827,.F.);
#827 = EDGE_CURVE('',#828,#820,#830,.T.);
#828 = VERTEX_POINT('',#829);
#829 = CARTESIAN_POINT('',(155.464,54.56,-12.7));
#830 = CIRCLE('',#831,3.174);
#831 = AXIS2_PLACEMENT_3D('',#832,#833,#834);
#832 = CARTESIAN_POINT('',(155.464,51.386,-12.7));
#833 = DIRECTION('',(0.,0.,1.));
#834 = DIRECTION('',(-1.,0.,0.));
#835 = ORIENTED_EDGE('',*,*,#836,.F.);
#836 = EDGE_CURVE('',#837,#828,#839,.T.);
#837 = VERTEX_POINT('',#838);
#838 = CARTESIAN_POINT('',(167.116,54.56,-12.7));
#839 = LINE('',#840,#841);
#840 = CARTESIAN_POINT('',(77.7325,54.56,-12.7));
#841 = VECTOR('',#842,1.);
#842 = DIRECTION('',(-1.,0.,0.));
#843 = ORIENTED_EDGE('',*,*,#844,.F.);
#844 = EDGE_CURVE('',#786,#837,#845,.T.);
#845 = CIRCLE('',#846,3.174);
#846 = AXIS2_PLACEMENT_3D('',#847,#848,#849);
#847 = CARTESIAN_POINT('',(167.116,51.386,-12.7));
#848 = DIRECTION('',(0.,0.,1.));
#849 = DIRECTION('',(1.,0.,0.));
#850 = FACE_BOUND('',#851,.T.);
#851 = EDGE_LOOP('',(#852,#863,#872,#880,#889,#898,#906,#915,#923,#932)
  );
#852 = ORIENTED_EDGE('',*,*,#853,.F.);
#853 = EDGE_CURVE('',#854,#856,#858,.T.);
#854 = VERTEX_POINT('',#855);
#855 = CARTESIAN_POINT('',(130.92871990607,140.24973172903,-12.7));
#856 = VERTEX_POINT('',#857);
#857 = CARTESIAN_POINT('',(128.19900376485,139.35741805621,-12.7));
#858 = CIRCLE('',#859,3.174);
#859 = AXIS2_PLACEMENT_3D('',#860,#861,#862);
#860 = CARTESIAN_POINT('',(130.44336068833,137.11306113272,-12.7));
#861 = DIRECTION('',(0.,0.,1.));
#862 = DIRECTION('',(-0.707106781187,0.707106781187,0.));
#863 = ORIENTED_EDGE('',*,*,#864,.F.);
#864 = EDGE_CURVE('',#865,#854,#867,.T.);
#865 = VERTEX_POINT('',#866);
#866 = CARTESIAN_POINT('',(132.68771761182,139.35741805621,-12.7));
#867 = CIRCLE('',#868,3.174);
#868 = AXIS2_PLACEMENT_3D('',#869,#870,#871);
#869 = CARTESIAN_POINT('',(130.44336068833,137.11306113272,-12.7));
#870 = DIRECTION('',(0.,0.,1.));
#871 = DIRECTION('',(-0.707106781187,0.707106781187,0.));
#872 = ORIENTED_EDGE('',*,*,#873,.F.);
#873 = EDGE_CURVE('',#874,#865,#876,.T.);
#874 = VERTEX_POINT('',#875);
#875 = CARTESIAN_POINT('',(143.76242418061,128.28271148742,-12.7));
#876 = LINE('',#877,#878);
#877 = CARTESIAN_POINT('',(133.23296426117,138.81217140686,-12.7));
#878 = VECTOR('',#879,1.);
#879 = DIRECTION('',(-0.707106781187,0.707106781187,0.));
#880 = ORIENTED_EDGE('',*,*,#881,.F.);
#881 = EDGE_CURVE('',#882,#874,#884,.T.);
#882 = VERTEX_POINT('',#883);
#883 = CARTESIAN_POINT('',(144.685621555,125.83617699356,-12.7));
#884 = CIRCLE('',#885,3.174);
#885 = AXIS2_PLACEMENT_3D('',#886,#887,#888);
#886 = CARTESIAN_POINT('',(141.51806725712,126.03835456394,-12.7));
#887 = DIRECTION('',(-0.,0.,1.));
#888 = DIRECTION('',(0.707106781187,-0.707106781187,0.));
#889 = ORIENTED_EDGE('',*,*,#890,.F.);
#890 = EDGE_CURVE('',#891,#882,#893,.T.);
#891 = VERTEX_POINT('',#892);
#892 = CARTESIAN_POINT('',(143.76242418061,123.79399764045,-12.7));
#893 = CIRCLE('',#894,3.174);
#894 = AXIS2_PLACEMENT_3D('',#895,#896,#897);
#895 = CARTESIAN_POINT('',(141.51806725712,126.03835456394,-12.7));
#896 = DIRECTION('',(-0.,0.,1.));
#897 = DIRECTION('',(0.707106781187,-0.707106781187,0.));
#898 = ORIENTED_EDGE('',*,*,#899,.F.);
#899 = EDGE_CURVE('',#900,#891,#902,.T.);
#900 = VERTEX_POINT('',#901);
#901 = CARTESIAN_POINT('',(134.12455863705,114.15613209689,-12.7));
#902 = LINE('',#903,#904);
#903 = CARTESIAN_POINT('',(72.519707491822,52.551280951665,-12.7));
#904 = VECTOR('',#905,1.);
#905 = DIRECTION('',(0.707106781187,0.707106781187,0.));
#906 = ORIENTED_EDGE('',*,*,#907,.F.);
#907 = EDGE_CURVE('',#908,#900,#910,.T.);
#908 = VERTEX_POINT('',#909);
#909 = CARTESIAN_POINT('',(129.63584479008,114.15613209689,-12.7));
#910 = CIRCLE('',#911,3.174);
#911 = AXIS2_PLACEMENT_3D('',#912,#913,#914);
#912 = CARTESIAN_POINT('',(131.88020171356,116.40048902038,-12.7));
#913 = DIRECTION('',(0.,0.,1.));
#914 = DIRECTION('',(-0.707106781187,-0.707106781187,0.));
#915 = ORIENTED_EDGE('',*,*,#916,.T.);
#916 = EDGE_CURVE('',#908,#917,#919,.T.);
#917 = VERTEX_POINT('',#918);
#918 = CARTESIAN_POINT('',(118.56113822129,125.23083866568,-12.7));
#919 = LINE('',#920,#921);
#920 = CARTESIAN_POINT('',(119.10638487064,124.68559201632,-12.7));
#921 = VECTOR('',#922,1.);
#922 = DIRECTION('',(-0.707106781187,0.707106781187,0.));
#923 = ORIENTED_EDGE('',*,*,#924,.F.);
#924 = EDGE_CURVE('',#925,#917,#927,.T.);
#925 = VERTEX_POINT('',#926);
#926 = CARTESIAN_POINT('',(118.56113822129,129.71955251265,-12.7));
#927 = CIRCLE('',#928,3.174);
#928 = AXIS2_PLACEMENT_3D('',#929,#930,#931);
#929 = CARTESIAN_POINT('',(120.80549514477,127.47519558916,-12.7));
#930 = DIRECTION('',(0.,0.,1.));
#931 = DIRECTION('',(-0.707106781187,0.707106781187,0.));
#932 = ORIENTED_EDGE('',*,*,#933,.T.);
#933 = EDGE_CURVE('',#925,#856,#934,.T.);
#934 = LINE('',#935,#936);
#935 = CARTESIAN_POINT('',(56.956287076062,68.114701367425,-12.7));
#936 = VECTOR('',#937,1.);
#937 = DIRECTION('',(0.707106781187,0.707106781187,0.));
#938 = FACE_BOUND('',#939,.T.);
#939 = EDGE_LOOP('',(#940,#951,#959,#968,#976,#985,#993,#1002,#1011,
    #1019));
#940 = ORIENTED_EDGE('',*,*,#941,.F.);
#941 = EDGE_CURVE('',#942,#944,#946,.T.);
#942 = VERTEX_POINT('',#943);
#943 = CARTESIAN_POINT('',(368.23892895247,37.888911464691,-12.7));
#944 = VERTEX_POINT('',#945);
#945 = CARTESIAN_POINT('',(369.03016869766,35.792073471904,-12.7));
#946 = CIRCLE('',#947,3.174);
#947 = AXIS2_PLACEMENT_3D('',#948,#949,#950);
#948 = CARTESIAN_POINT('',(371.41292895247,37.888911464691,-12.7));
#949 = DIRECTION('',(0.,0.,1.));
#950 = DIRECTION('',(-1.,0.,0.));
#951 = ORIENTED_EDGE('',*,*,#952,.F.);
#952 = EDGE_CURVE('',#953,#942,#955,.T.);
#953 = VERTEX_POINT('',#954);
#954 = CARTESIAN_POINT('',(368.23892895247,51.518911628723,-12.7));
#955 = LINE('',#956,#957);
#956 = CARTESIAN_POINT('',(368.23892895247,28.933955814362,-12.7));
#957 = VECTOR('',#958,1.);
#958 = DIRECTION('',(0.,-1.,0.));
#959 = ORIENTED_EDGE('',*,*,#960,.F.);
#960 = EDGE_CURVE('',#961,#953,#963,.T.);
#961 = VERTEX_POINT('',#962);
#962 = CARTESIAN_POINT('',(371.41292895247,54.692911628723,-12.7));
#963 = CIRCLE('',#964,3.174);
#964 = AXIS2_PLACEMENT_3D('',#965,#966,#967);
#965 = CARTESIAN_POINT('',(371.41292895247,51.518911628723,-12.7));
#966 = DIRECTION('',(0.,-0.,1.));
#967 = DIRECTION('',(0.,1.,0.));
#968 = ORIENTED_EDGE('',*,*,#969,.T.);
#969 = EDGE_CURVE('',#961,#970,#972,.T.);
#970 = VERTEX_POINT('',#971);
#971 = CARTESIAN_POINT('',(387.07492918135,54.692911628723,-12.7));
#972 = LINE('',#973,#974);
#973 = CARTESIAN_POINT('',(196.71196459067,54.692911628723,-12.7));
#974 = VECTOR('',#975,1.);
#975 = DIRECTION('',(1.,0.,0.));
#976 = ORIENTED_EDGE('',*,*,#977,.F.);
#977 = EDGE_CURVE('',#978,#970,#980,.T.);
#978 = VERTEX_POINT('',#979);
#979 = CARTESIAN_POINT('',(390.24892918135,51.518911628723,-12.7));
#980 = CIRCLE('',#981,3.174);
#981 = AXIS2_PLACEMENT_3D('',#982,#983,#984);
#982 = CARTESIAN_POINT('',(387.07492918135,51.518911628723,-12.7));
#983 = DIRECTION('',(0.,0.,1.));
#984 = DIRECTION('',(1.,0.,0.));
#985 = ORIENTED_EDGE('',*,*,#986,.T.);
#986 = EDGE_CURVE('',#978,#987,#989,.T.);
#987 = VERTEX_POINT('',#988);
#988 = CARTESIAN_POINT('',(390.24892918135,37.888911464691,-12.7));
#989 = LINE('',#990,#991);
#990 = CARTESIAN_POINT('',(390.24892918135,28.933955814362,-12.7));
#991 = VECTOR('',#992,1.);
#992 = DIRECTION('',(0.,-1.,0.));
#993 = ORIENTED_EDGE('',*,*,#994,.F.);
#994 = EDGE_CURVE('',#995,#987,#997,.T.);
#995 = VERTEX_POINT('',#996);
#996 = CARTESIAN_POINT('',(388.94968943617,35.32774962152,-12.7));
#997 = CIRCLE('',#998,3.174);
#998 = AXIS2_PLACEMENT_3D('',#999,#1000,#1001);
#999 = CARTESIAN_POINT('',(387.07492918135,37.888911464691,-12.7));
#1000 = DIRECTION('',(0.,0.,1.));
#1001 = DIRECTION('',(1.,0.,0.));
#1002 = ORIENTED_EDGE('',*,*,#1003,.F.);
#1003 = EDGE_CURVE('',#1004,#995,#1006,.T.);
#1004 = VERTEX_POINT('',#1005);
#1005 = CARTESIAN_POINT('',(387.07492918135,34.714911464691,-12.7));
#1006 = CIRCLE('',#1007,3.174);
#1007 = AXIS2_PLACEMENT_3D('',#1008,#1009,#1010);
#1008 = CARTESIAN_POINT('',(387.07492918135,37.888911464691,-12.7));
#1009 = DIRECTION('',(0.,0.,1.));
#1010 = DIRECTION('',(1.,0.,0.));
#1011 = ORIENTED_EDGE('',*,*,#1012,.F.);
#1012 = EDGE_CURVE('',#1013,#1004,#1015,.T.);
#1013 = VERTEX_POINT('',#1014);
#1014 = CARTESIAN_POINT('',(371.41292895247,34.714911464691,-12.7));
#1015 = LINE('',#1016,#1017);
#1016 = CARTESIAN_POINT('',(196.71196459067,34.714911464691,-12.7));
#1017 = VECTOR('',#1018,1.);
#1018 = DIRECTION('',(1.,0.,0.));
#1019 = ORIENTED_EDGE('',*,*,#1020,.F.);
#1020 = EDGE_CURVE('',#944,#1013,#1021,.T.);
#1021 = CIRCLE('',#1022,3.174);
#1022 = AXIS2_PLACEMENT_3D('',#1023,#1024,#1025);
#1023 = CARTESIAN_POINT('',(371.41292895247,37.888911464691,-12.7));
#1024 = DIRECTION('',(0.,0.,1.));
#1025 = DIRECTION('',(-1.,0.,0.));
#1026 = FACE_BOUND('',#1027,.T.);
#1027 = EDGE_LOOP('',(#1028,#1038,#1047,#1055,#1064,#1072,#1081,#1089));
#1028 = ORIENTED_EDGE('',*,*,#1029,.F.);
#1029 = EDGE_CURVE('',#1030,#1032,#1034,.T.);
#1030 = VERTEX_POINT('',#1031);
#1031 = CARTESIAN_POINT('',(330.57410497786,44.886,-12.7));
#1032 = VERTEX_POINT('',#1033);
#1033 = CARTESIAN_POINT('',(330.57410497786,26.234,-12.7));
#1034 = LINE('',#1035,#1036);
#1035 = CARTESIAN_POINT('',(330.57410497786,48.06,-12.7));
#1036 = VECTOR('',#1037,1.);
#1037 = DIRECTION('',(0.,-1.,0.));
#1038 = ORIENTED_EDGE('',*,*,#1039,.F.);
#1039 = EDGE_CURVE('',#1040,#1030,#1042,.T.);
#1040 = VERTEX_POINT('',#1041);
#1041 = CARTESIAN_POINT('',(333.74810497786,48.06,-12.7));
#1042 = CIRCLE('',#1043,3.174);
#1043 = AXIS2_PLACEMENT_3D('',#1044,#1045,#1046);
#1044 = CARTESIAN_POINT('',(333.74810497786,44.886,-12.7));
#1045 = DIRECTION('',(0.,-0.,1.));
#1046 = DIRECTION('',(0.,1.,0.));
#1047 = ORIENTED_EDGE('',*,*,#1048,.F.);
#1048 = EDGE_CURVE('',#1049,#1040,#1051,.T.);
#1049 = VERTEX_POINT('',#1050);
#1050 = CARTESIAN_POINT('',(333.90010497786,48.06,-12.7));
#1051 = LINE('',#1052,#1053);
#1052 = CARTESIAN_POINT('',(337.07410497786,48.06,-12.7));
#1053 = VECTOR('',#1054,1.);
#1054 = DIRECTION('',(-1.,0.,0.));
#1055 = ORIENTED_EDGE('',*,*,#1056,.F.);
#1056 = EDGE_CURVE('',#1057,#1049,#1059,.T.);
#1057 = VERTEX_POINT('',#1058);
#1058 = CARTESIAN_POINT('',(337.07410497786,44.886,-12.7));
#1059 = CIRCLE('',#1060,3.174);
#1060 = AXIS2_PLACEMENT_3D('',#1061,#1062,#1063);
#1061 = CARTESIAN_POINT('',(333.90010497786,44.886,-12.7));
#1062 = DIRECTION('',(0.,-0.,1.));
#1063 = DIRECTION('',(0.,1.,0.));
#1064 = ORIENTED_EDGE('',*,*,#1065,.T.);
#1065 = EDGE_CURVE('',#1057,#1066,#1068,.T.);
#1066 = VERTEX_POINT('',#1067);
#1067 = CARTESIAN_POINT('',(337.07410497786,26.234,-12.7));
#1068 = LINE('',#1069,#1070);
#1069 = CARTESIAN_POINT('',(337.07410497786,48.06,-12.7));
#1070 = VECTOR('',#1071,1.);
#1071 = DIRECTION('',(0.,-1.,0.));
#1072 = ORIENTED_EDGE('',*,*,#1073,.T.);
#1073 = EDGE_CURVE('',#1066,#1074,#1076,.T.);
#1074 = VERTEX_POINT('',#1075);
#1075 = CARTESIAN_POINT('',(333.90010497786,23.06,-12.7));
#1076 = CIRCLE('',#1077,3.174);
#1077 = AXIS2_PLACEMENT_3D('',#1078,#1079,#1080);
#1078 = CARTESIAN_POINT('',(333.90010497786,26.234,-12.7));
#1079 = DIRECTION('',(0.,0.,-1.));
#1080 = DIRECTION('',(0.,1.,0.));
#1081 = ORIENTED_EDGE('',*,*,#1082,.T.);
#1082 = EDGE_CURVE('',#1074,#1083,#1085,.T.);
#1083 = VERTEX_POINT('',#1084);
#1084 = CARTESIAN_POINT('',(333.74810497786,23.06,-12.7));
#1085 = LINE('',#1086,#1087);
#1086 = CARTESIAN_POINT('',(337.07410497786,23.06,-12.7));
#1087 = VECTOR('',#1088,1.);
#1088 = DIRECTION('',(-1.,0.,0.));
#1089 = ORIENTED_EDGE('',*,*,#1090,.F.);
#1090 = EDGE_CURVE('',#1032,#1083,#1091,.T.);
#1091 = CIRCLE('',#1092,3.174);
#1092 = AXIS2_PLACEMENT_3D('',#1093,#1094,#1095);
#1093 = CARTESIAN_POINT('',(333.74810497786,26.234,-12.7));
#1094 = DIRECTION('',(0.,-0.,1.));
#1095 = DIRECTION('',(0.,1.,0.));
#1096 = FACE_BOUND('',#1097,.T.);
#1097 = EDGE_LOOP('',(#1098,#1108,#1117,#1125,#1134,#1142,#1151,#1159));
#1098 = ORIENTED_EDGE('',*,*,#1099,.F.);
#1099 = EDGE_CURVE('',#1100,#1102,#1104,.T.);
#1100 = VERTEX_POINT('',#1101);
#1101 = CARTESIAN_POINT('',(264.084,118.886,-12.7));
#1102 = VERTEX_POINT('',#1103);
#1103 = CARTESIAN_POINT('',(264.084,100.234,-12.7));
#1104 = LINE('',#1105,#1106);
#1105 = CARTESIAN_POINT('',(264.084,122.06,-12.7));
#1106 = VECTOR('',#1107,1.);
#1107 = DIRECTION('',(0.,-1.,0.));
#1108 = ORIENTED_EDGE('',*,*,#1109,.F.);
#1109 = EDGE_CURVE('',#1110,#1100,#1112,.T.);
#1110 = VERTEX_POINT('',#1111);
#1111 = CARTESIAN_POINT('',(267.258,122.06,-12.7));
#1112 = CIRCLE('',#1113,3.174);
#1113 = AXIS2_PLACEMENT_3D('',#1114,#1115,#1116);
#1114 = CARTESIAN_POINT('',(267.258,118.886,-12.7));
#1115 = DIRECTION('',(0.,-0.,1.));
#1116 = DIRECTION('',(0.,1.,0.));
#1117 = ORIENTED_EDGE('',*,*,#1118,.F.);
#1118 = EDGE_CURVE('',#1119,#1110,#1121,.T.);
#1119 = VERTEX_POINT('',#1120);
#1120 = CARTESIAN_POINT('',(267.41,122.06,-12.7));
#1121 = LINE('',#1122,#1123);
#1122 = CARTESIAN_POINT('',(270.584,122.06,-12.7));
#1123 = VECTOR('',#1124,1.);
#1124 = DIRECTION('',(-1.,0.,0.));
#1125 = ORIENTED_EDGE('',*,*,#1126,.F.);
#1126 = EDGE_CURVE('',#1127,#1119,#1129,.T.);
#1127 = VERTEX_POINT('',#1128);
#1128 = CARTESIAN_POINT('',(270.584,118.886,-12.7));
#1129 = CIRCLE('',#1130,3.174);
#1130 = AXIS2_PLACEMENT_3D('',#1131,#1132,#1133);
#1131 = CARTESIAN_POINT('',(267.41,118.886,-12.7));
#1132 = DIRECTION('',(0.,-0.,1.));
#1133 = DIRECTION('',(0.,1.,0.));
#1134 = ORIENTED_EDGE('',*,*,#1135,.T.);
#1135 = EDGE_CURVE('',#1127,#1136,#1138,.T.);
#1136 = VERTEX_POINT('',#1137);
#1137 = CARTESIAN_POINT('',(270.584,100.234,-12.7));
#1138 = LINE('',#1139,#1140);
#1139 = CARTESIAN_POINT('',(270.584,122.06,-12.7));
#1140 = VECTOR('',#1141,1.);
#1141 = DIRECTION('',(0.,-1.,0.));
#1142 = ORIENTED_EDGE('',*,*,#1143,.T.);
#1143 = EDGE_CURVE('',#1136,#1144,#1146,.T.);
#1144 = VERTEX_POINT('',#1145);
#1145 = CARTESIAN_POINT('',(267.41,97.06,-12.7));
#1146 = CIRCLE('',#1147,3.174);
#1147 = AXIS2_PLACEMENT_3D('',#1148,#1149,#1150);
#1148 = CARTESIAN_POINT('',(267.41,100.234,-12.7));
#1149 = DIRECTION('',(0.,0.,-1.));
#1150 = DIRECTION('',(0.,1.,0.));
#1151 = ORIENTED_EDGE('',*,*,#1152,.T.);
#1152 = EDGE_CURVE('',#1144,#1153,#1155,.T.);
#1153 = VERTEX_POINT('',#1154);
#1154 = CARTESIAN_POINT('',(267.258,97.06,-12.7));
#1155 = LINE('',#1156,#1157);
#1156 = CARTESIAN_POINT('',(270.584,97.06,-12.7));
#1157 = VECTOR('',#1158,1.);
#1158 = DIRECTION('',(-1.,0.,0.));
#1159 = ORIENTED_EDGE('',*,*,#1160,.F.);
#1160 = EDGE_CURVE('',#1102,#1153,#1161,.T.);
#1161 = CIRCLE('',#1162,3.174);
#1162 = AXIS2_PLACEMENT_3D('',#1163,#1164,#1165);
#1163 = CARTESIAN_POINT('',(267.258,100.234,-12.7));
#1164 = DIRECTION('',(0.,-0.,1.));
#1165 = DIRECTION('',(0.,1.,0.));
#1166 = FACE_BOUND('',#1167,.T.);
#1167 = EDGE_LOOP('',(#1168));
#1168 = ORIENTED_EDGE('',*,*,#1169,.T.);
#1169 = EDGE_CURVE('',#1170,#1170,#1172,.T.);
#1170 = VERTEX_POINT('',#1171);
#1171 = CARTESIAN_POINT('',(290.03625,114.3,-12.7));
#1172 = CIRCLE('',#1173,7.14375);
#1173 = AXIS2_PLACEMENT_3D('',#1174,#1175,#1176);
#1174 = CARTESIAN_POINT('',(297.18,114.3,-12.7));
#1175 = DIRECTION('',(0.,0.,-1.));
#1176 = DIRECTION('',(-1.,0.,0.));
#1177 = FACE_BOUND('',#1178,.T.);
#1178 = EDGE_LOOP('',(#1179));
#1179 = ORIENTED_EDGE('',*,*,#1180,.T.);
#1180 = EDGE_CURVE('',#1181,#1181,#1183,.T.);
#1181 = VERTEX_POINT('',#1182);
#1182 = CARTESIAN_POINT('',(25.87625,12.7,-12.7));
#1183 = CIRCLE('',#1184,7.14375);
#1184 = AXIS2_PLACEMENT_3D('',#1185,#1186,#1187);
#1185 = CARTESIAN_POINT('',(33.02,12.7,-12.7));
#1186 = DIRECTION('',(0.,0.,-1.));
#1187 = DIRECTION('',(-1.,0.,0.));
#1188 = FACE_BOUND('',#1189,.T.);
#1189 = EDGE_LOOP('',(#1190));
#1190 = ORIENTED_EDGE('',*,*,#1191,.T.);
#1191 = EDGE_CURVE('',#1192,#1192,#1194,.T.);
#1192 = VERTEX_POINT('',#1193);
#1193 = CARTESIAN_POINT('',(10.63625,114.3,-12.7));
#1194 = CIRCLE('',#1195,7.14375);
#1195 = AXIS2_PLACEMENT_3D('',#1196,#1197,#1198);
#1196 = CARTESIAN_POINT('',(17.78,114.3,-12.7));
#1197 = DIRECTION('',(0.,0.,-1.));
#1198 = DIRECTION('',(-1.,0.,0.));
#1199 = FACE_BOUND('',#1200,.T.);
#1200 = EDGE_LOOP('',(#1201));
#1201 = ORIENTED_EDGE('',*,*,#1202,.T.);
#1202 = EDGE_CURVE('',#1203,#1203,#1205,.T.);
#1203 = VERTEX_POINT('',#1204);
#1204 = CARTESIAN_POINT('',(150.90486412606,119.94513587393,-12.7));
#1205 = CIRCLE('',#1206,1.7272);
#1206 = AXIS2_PLACEMENT_3D('',#1207,#1208,#1209);
#1207 = CARTESIAN_POINT('',(152.12617895853,118.72382104146,-12.7));
#1208 = DIRECTION('',(0.,0.,-1.));
#1209 = DIRECTION('',(-0.707106781187,0.707106781187,0.));
#1210 = FACE_BOUND('',#1211,.T.);
#1211 = EDGE_LOOP('',(#1212));
#1212 = ORIENTED_EDGE('',*,*,#1213,.T.);
#1213 = EDGE_CURVE('',#1214,#1214,#1216,.T.);
#1214 = VERTEX_POINT('',#1215);
#1215 = CARTESIAN_POINT('',(13.3628,44.724,-12.7));
#1216 = CIRCLE('',#1217,1.7272);
#1217 = AXIS2_PLACEMENT_3D('',#1218,#1219,#1220);
#1218 = CARTESIAN_POINT('',(15.09,44.724,-12.7));
#1219 = DIRECTION('',(0.,0.,-1.));
#1220 = DIRECTION('',(-1.,0.,0.));
#1221 = FACE_BOUND('',#1222,.T.);
#1222 = EDGE_LOOP('',(#1223));
#1223 = ORIENTED_EDGE('',*,*,#1224,.T.);
#1224 = EDGE_CURVE('',#1225,#1225,#1227,.T.);
#1225 = VERTEX_POINT('',#1226);
#1226 = CARTESIAN_POINT('',(13.3628,26.396,-12.7));
#1227 = CIRCLE('',#1228,1.7272);
#1228 = AXIS2_PLACEMENT_3D('',#1229,#1230,#1231);
#1229 = CARTESIAN_POINT('',(15.09,26.396,-12.7));
#1230 = DIRECTION('',(0.,0.,-1.));
#1231 = DIRECTION('',(-1.,0.,0.));
#1232 = FACE_BOUND('',#1233,.T.);
#1233 = EDGE_LOOP('',(#1234));
#1234 = ORIENTED_EDGE('',*,*,#1235,.T.);
#1235 = EDGE_CURVE('',#1236,#1236,#1238,.T.);
#1236 = VERTEX_POINT('',#1237);
#1237 = CARTESIAN_POINT('',(269.0612,136.89,-12.7));
#1238 = CIRCLE('',#1239,1.7272);
#1239 = AXIS2_PLACEMENT_3D('',#1240,#1241,#1242);
#1240 = CARTESIAN_POINT('',(267.334,136.89,-12.7));
#1241 = DIRECTION('',(0.,0.,-1.));
#1242 = DIRECTION('',(1.,-0.,0.));
#1243 = FACE_BOUND('',#1244,.T.);
#1244 = EDGE_LOOP('',(#1245));
#1245 = ORIENTED_EDGE('',*,*,#1246,.T.);
#1246 = EDGE_CURVE('',#1247,#1247,#1249,.T.);
#1247 = VERTEX_POINT('',#1248);
#1248 = CARTESIAN_POINT('',(281.21458490447,35.56,-12.7));
#1249 = CIRCLE('',#1250,1.7272);
#1250 = AXIS2_PLACEMENT_3D('',#1251,#1252,#1253);
#1251 = CARTESIAN_POINT('',(279.48738490447,35.56,-12.7));
#1252 = DIRECTION('',(0.,0.,-1.));
#1253 = DIRECTION('',(1.,-0.,0.));
#1254 = FACE_BOUND('',#1255,.T.);
#1255 = EDGE_LOOP('',(#1256));
#1256 = ORIENTED_EDGE('',*,*,#1257,.T.);
#1257 = EDGE_CURVE('',#1258,#1258,#1260,.T.);
#1258 = VERTEX_POINT('',#1259);
#1259 = CARTESIAN_POINT('',(360.46690497786,35.56,-12.7));
#1260 = CIRCLE('',#1261,1.7272);
#1261 = AXIS2_PLACEMENT_3D('',#1262,#1263,#1264);
#1262 = CARTESIAN_POINT('',(358.73970497786,35.56,-12.7));
#1263 = DIRECTION('',(0.,0.,-1.));
#1264 = DIRECTION('',(1.,-0.,0.));
#1265 = FACE_BOUND('',#1266,.T.);
#1266 = EDGE_LOOP('',(#1267));
#1267 = ORIENTED_EDGE('',*,*,#1268,.T.);
#1268 = EDGE_CURVE('',#1269,#1269,#1271,.T.);
#1269 = VERTEX_POINT('',#1270);
#1270 = CARTESIAN_POINT('',(335.55130497786,62.89,-12.7));
#1271 = CIRCLE('',#1272,1.7272);
#1272 = AXIS2_PLACEMENT_3D('',#1273,#1274,#1275);
#1273 = CARTESIAN_POINT('',(333.82410497786,62.89,-12.7));
#1274 = DIRECTION('',(0.,0.,-1.));
#1275 = DIRECTION('',(1.,-0.,0.));
#1276 = FACE_BOUND('',#1277,.T.);
#1277 = EDGE_LOOP('',(#1278));
#1278 = ORIENTED_EDGE('',*,*,#1279,.T.);
#1279 = EDGE_CURVE('',#1280,#1280,#1282,.T.);
#1280 = VERTEX_POINT('',#1281);
#1281 = CARTESIAN_POINT('',(414.8652,100.396,-12.7));
#1282 = CIRCLE('',#1283,1.7272);
#1283 = AXIS2_PLACEMENT_3D('',#1284,#1285,#1286);
#1284 = CARTESIAN_POINT('',(413.138,100.396,-12.7));
#1285 = DIRECTION('',(0.,0.,-1.));
#1286 = DIRECTION('',(1.,0.,0.));
#1287 = FACE_BOUND('',#1288,.T.);
#1288 = EDGE_LOOP('',(#1289));
#1289 = ORIENTED_EDGE('',*,*,#1290,.T.);
#1290 = EDGE_CURVE('',#1291,#1291,#1293,.T.);
#1291 = VERTEX_POINT('',#1292);
#1292 = CARTESIAN_POINT('',(414.8652,118.724,-12.7));
#1293 = CIRCLE('',#1294,1.7272);
#1294 = AXIS2_PLACEMENT_3D('',#1295,#1296,#1297);
#1295 = CARTESIAN_POINT('',(413.138,118.724,-12.7));
#1296 = DIRECTION('',(0.,0.,-1.));
#1297 = DIRECTION('',(1.,0.,0.));
#1298 = PLANE('',#1299);
#1299 = AXIS2_PLACEMENT_3D('',#1300,#1301,#1302);
#1300 = CARTESIAN_POINT('',(3.175,3.175,-12.7));
#1301 = DIRECTION('',(0.,0.,1.));
#1302 = DIRECTION('',(1.,0.,0.));
#1303 = ADVANCED_FACE('',(#1304),#1330,.F.);
#1304 = FACE_BOUND('',#1305,.F.);
#1305 = EDGE_LOOP('',(#1306,#1314,#1323,#1329));
#1306 = ORIENTED_EDGE('',*,*,#1307,.F.);
#1307 = EDGE_CURVE('',#1308,#152,#1310,.T.);
#1308 = VERTEX_POINT('',#1309);
#1309 = CARTESIAN_POINT('',(235.43869959259,71.645717315674,-24.385));
#1310 = LINE('',#1311,#1312);
#1311 = CARTESIAN_POINT('',(235.43869959259,71.645717315674,
    -37.75071645736));
#1312 = VECTOR('',#1313,1.);
#1313 = DIRECTION('',(0.,0.,1.));
#1314 = ORIENTED_EDGE('',*,*,#1315,.T.);
#1315 = EDGE_CURVE('',#1308,#1316,#1318,.T.);
#1316 = VERTEX_POINT('',#1317);
#1317 = CARTESIAN_POINT('',(232.26947255749,68.645717315674,-24.385));
#1318 = CIRCLE('',#1319,3.174);
#1319 = AXIS2_PLACEMENT_3D('',#1320,#1321,#1322);
#1320 = CARTESIAN_POINT('',(235.43869959259,68.471717315674,-24.385));
#1321 = DIRECTION('',(0.,-0.,1.));
#1322 = DIRECTION('',(0.,1.,0.));
#1323 = ORIENTED_EDGE('',*,*,#1324,.T.);
#1324 = EDGE_CURVE('',#1316,#154,#1325,.T.);
#1325 = LINE('',#1326,#1327);
#1326 = CARTESIAN_POINT('',(232.26947255749,68.645717315674,
    -37.75071645736));
#1327 = VECTOR('',#1328,1.);
#1328 = DIRECTION('',(0.,0.,1.));
#1329 = ORIENTED_EDGE('',*,*,#151,.F.);
#1330 = CYLINDRICAL_SURFACE('',#1331,3.174);
#1331 = AXIS2_PLACEMENT_3D('',#1332,#1333,#1334);
#1332 = CARTESIAN_POINT('',(235.43869959259,68.471717315674,
    -37.75071645736));
#1333 = DIRECTION('',(0.,0.,1.));
#1334 = DIRECTION('',(0.,1.,0.));
#1335 = ADVANCED_FACE('',(#1336),#1402,.F.);
#1336 = FACE_BOUND('',#1337,.F.);
#1337 = EDGE_LOOP('',(#1338,#1346,#1347,#1348,#1356,#1364,#1372,#1380,
    #1388,#1396));
#1338 = ORIENTED_EDGE('',*,*,#1339,.F.);
#1339 = EDGE_CURVE('',#1308,#1340,#1342,.T.);
#1340 = VERTEX_POINT('',#1341);
#1341 = CARTESIAN_POINT('',(232.26469959259,71.645717315674,-24.385));
#1342 = LINE('',#1343,#1344);
#1343 = CARTESIAN_POINT('',(266.61894973754,71.645717315674,-24.385));
#1344 = VECTOR('',#1345,1.);
#1345 = DIRECTION('',(-1.,0.,0.));
#1346 = ORIENTED_EDGE('',*,*,#1307,.T.);
#1347 = ORIENTED_EDGE('',*,*,#162,.F.);
#1348 = ORIENTED_EDGE('',*,*,#1349,.F.);
#1349 = EDGE_CURVE('',#1350,#163,#1352,.T.);
#1350 = VERTEX_POINT('',#1351);
#1351 = CARTESIAN_POINT('',(263.44494973754,71.645717315674,-24.385));
#1352 = LINE('',#1353,#1354);
#1353 = CARTESIAN_POINT('',(263.44494973754,71.645717315674,
    -37.75071645736));
#1354 = VECTOR('',#1355,1.);
#1355 = DIRECTION('',(0.,0.,1.));
#1356 = ORIENTED_EDGE('',*,*,#1357,.F.);
#1357 = EDGE_CURVE('',#1358,#1350,#1360,.T.);
#1358 = VERTEX_POINT('',#1359);
#1359 = CARTESIAN_POINT('',(266.61894973754,71.645717315674,-24.385));
#1360 = LINE('',#1361,#1362);
#1361 = CARTESIAN_POINT('',(266.61894973754,71.645717315674,-24.385));
#1362 = VECTOR('',#1363,1.);
#1363 = DIRECTION('',(-1.,0.,0.));
#1364 = ORIENTED_EDGE('',*,*,#1365,.F.);
#1365 = EDGE_CURVE('',#1366,#1358,#1368,.T.);
#1366 = VERTEX_POINT('',#1367);
#1367 = CARTESIAN_POINT('',(266.61894973754,71.645717315674,-38.1));
#1368 = LINE('',#1369,#1370);
#1369 = CARTESIAN_POINT('',(266.61894973754,71.645717315674,-124.385));
#1370 = VECTOR('',#1371,1.);
#1371 = DIRECTION('',(0.,0.,1.));
#1372 = ORIENTED_EDGE('',*,*,#1373,.T.);
#1373 = EDGE_CURVE('',#1366,#1374,#1376,.T.);
#1374 = VERTEX_POINT('',#1375);
#1375 = CARTESIAN_POINT('',(246.61894973754,71.645717315674,-38.1));
#1376 = LINE('',#1377,#1378);
#1377 = CARTESIAN_POINT('',(126.07461924609,71.645717315674,-38.1));
#1378 = VECTOR('',#1379,1.);
#1379 = DIRECTION('',(-1.,0.,0.));
#1380 = ORIENTED_EDGE('',*,*,#1381,.T.);
#1381 = EDGE_CURVE('',#1374,#1382,#1384,.T.);
#1382 = VERTEX_POINT('',#1383);
#1383 = CARTESIAN_POINT('',(246.61894973754,71.645717315674,-31.116));
#1384 = LINE('',#1385,#1386);
#1385 = CARTESIAN_POINT('',(246.61894973754,71.645717315674,-38.1));
#1386 = VECTOR('',#1387,1.);
#1387 = DIRECTION('',(0.,0.,1.));
#1388 = ORIENTED_EDGE('',*,*,#1389,.T.);
#1389 = EDGE_CURVE('',#1382,#1390,#1392,.T.);
#1390 = VERTEX_POINT('',#1391);
#1391 = CARTESIAN_POINT('',(232.26469959259,71.645717315674,-31.116));
#1392 = LINE('',#1393,#1394);
#1393 = CARTESIAN_POINT('',(246.61894973754,71.645717315674,-31.116));
#1394 = VECTOR('',#1395,1.);
#1395 = DIRECTION('',(-1.,0.,0.));
#1396 = ORIENTED_EDGE('',*,*,#1397,.T.);
#1397 = EDGE_CURVE('',#1390,#1340,#1398,.T.);
#1398 = LINE('',#1399,#1400);
#1399 = CARTESIAN_POINT('',(232.26469959259,71.645717315674,-124.385));
#1400 = VECTOR('',#1401,1.);
#1401 = DIRECTION('',(0.,0.,1.));
#1402 = PLANE('',#1403);
#1403 = AXIS2_PLACEMENT_3D('',#1404,#1405,#1406);
#1404 = CARTESIAN_POINT('',(248.97423849219,71.645717315674,
    -48.63445053948));
#1405 = DIRECTION('',(0.,1.,-0.));
#1406 = DIRECTION('',(0.,0.,-1.));
#1407 = ADVANCED_FACE('',(#1408),#1458,.T.);
#1408 = FACE_BOUND('',#1409,.T.);
#1409 = EDGE_LOOP('',(#1410,#1420,#1428,#1436,#1444,#1450,#1451,#1452));
#1410 = ORIENTED_EDGE('',*,*,#1411,.F.);
#1411 = EDGE_CURVE('',#1412,#1414,#1416,.T.);
#1412 = VERTEX_POINT('',#1413);
#1413 = CARTESIAN_POINT('',(232.24,68.645717315674,-32.15071645736));
#1414 = VERTEX_POINT('',#1415);
#1415 = CARTESIAN_POINT('',(207.63869959259,68.645717315674,
    -32.15071645736));
#1416 = LINE('',#1417,#1418);
#1417 = CARTESIAN_POINT('',(246.61894973754,68.645717315674,
    -32.15071645736));
#1418 = VECTOR('',#1419,1.);
#1419 = DIRECTION('',(-1.,0.,0.));
#1420 = ORIENTED_EDGE('',*,*,#1421,.F.);
#1421 = EDGE_CURVE('',#1422,#1412,#1424,.T.);
#1422 = VERTEX_POINT('',#1423);
#1423 = CARTESIAN_POINT('',(232.24,68.645717315674,-31.116));
#1424 = LINE('',#1425,#1426);
#1425 = CARTESIAN_POINT('',(232.24,68.645717315674,-35.12535822868));
#1426 = VECTOR('',#1427,1.);
#1427 = DIRECTION('',(0.,-0.,-1.));
#1428 = ORIENTED_EDGE('',*,*,#1429,.F.);
#1429 = EDGE_CURVE('',#1430,#1422,#1432,.T.);
#1430 = VERTEX_POINT('',#1431);
#1431 = CARTESIAN_POINT('',(232.26469959259,68.645717315674,-31.116));
#1432 = LINE('',#1433,#1434);
#1433 = CARTESIAN_POINT('',(246.61894973754,68.645717315674,-31.116));
#1434 = VECTOR('',#1435,1.);
#1435 = DIRECTION('',(-1.,0.,0.));
#1436 = ORIENTED_EDGE('',*,*,#1437,.T.);
#1437 = EDGE_CURVE('',#1430,#1438,#1440,.T.);
#1438 = VERTEX_POINT('',#1439);
#1439 = CARTESIAN_POINT('',(232.26469959259,68.645717315674,-24.385));
#1440 = LINE('',#1441,#1442);
#1441 = CARTESIAN_POINT('',(232.26469959259,68.645717315674,
    -78.26785822868));
#1442 = VECTOR('',#1443,1.);
#1443 = DIRECTION('',(0.,0.,1.));
#1444 = ORIENTED_EDGE('',*,*,#1445,.T.);
#1445 = EDGE_CURVE('',#1438,#1316,#1446,.T.);
#1446 = LINE('',#1447,#1448);
#1447 = CARTESIAN_POINT('',(256.61894973754,68.645717315674,-24.385));
#1448 = VECTOR('',#1449,1.);
#1449 = DIRECTION('',(1.,0.,0.));
#1450 = ORIENTED_EDGE('',*,*,#1324,.T.);
#1451 = ORIENTED_EDGE('',*,*,#255,.F.);
#1452 = ORIENTED_EDGE('',*,*,#1453,.F.);
#1453 = EDGE_CURVE('',#1414,#247,#1454,.T.);
#1454 = LINE('',#1455,#1456);
#1455 = CARTESIAN_POINT('',(207.63869959259,68.645717315674,
    -32.15071645736));
#1456 = VECTOR('',#1457,1.);
#1457 = DIRECTION('',(0.,0.,1.));
#1458 = PLANE('',#1459);
#1459 = AXIS2_PLACEMENT_3D('',#1460,#1461,#1462);
#1460 = CARTESIAN_POINT('',(246.61894973754,68.645717315674,
    -32.15071645736));
#1461 = DIRECTION('',(0.,-1.,0.));
#1462 = DIRECTION('',(0.,0.,1.));
#1463 = ADVANCED_FACE('',(#1464),#1483,.F.);
#1464 = FACE_BOUND('',#1465,.F.);
#1465 = EDGE_LOOP('',(#1466,#1474,#1481,#1482));
#1466 = ORIENTED_EDGE('',*,*,#1467,.F.);
#1467 = EDGE_CURVE('',#1468,#171,#1470,.T.);
#1468 = VERTEX_POINT('',#1469);
#1469 = CARTESIAN_POINT('',(266.61894973754,68.471717315674,-24.385));
#1470 = LINE('',#1471,#1472);
#1471 = CARTESIAN_POINT('',(266.61894973754,68.471717315674,
    -37.75071645736));
#1472 = VECTOR('',#1473,1.);
#1473 = DIRECTION('',(0.,0.,1.));
#1474 = ORIENTED_EDGE('',*,*,#1475,.T.);
#1475 = EDGE_CURVE('',#1468,#1350,#1476,.T.);
#1476 = CIRCLE('',#1477,3.174);
#1477 = AXIS2_PLACEMENT_3D('',#1478,#1479,#1480);
#1478 = CARTESIAN_POINT('',(263.44494973754,68.471717315674,-24.385));
#1479 = DIRECTION('',(0.,0.,1.));
#1480 = DIRECTION('',(1.,0.,0.));
#1481 = ORIENTED_EDGE('',*,*,#1349,.T.);
#1482 = ORIENTED_EDGE('',*,*,#170,.F.);
#1483 = CYLINDRICAL_SURFACE('',#1484,3.174);
#1484 = AXIS2_PLACEMENT_3D('',#1485,#1486,#1487);
#1485 = CARTESIAN_POINT('',(263.44494973754,68.471717315674,
    -37.75071645736));
#1486 = DIRECTION('',(0.,0.,1.));
#1487 = DIRECTION('',(1.,0.,0.));
#1488 = ADVANCED_FACE('',(#1489),#1508,.F.);
#1489 = FACE_BOUND('',#1490,.F.);
#1490 = EDGE_LOOP('',(#1491,#1492,#1501,#1507));
#1491 = ORIENTED_EDGE('',*,*,#1453,.F.);
#1492 = ORIENTED_EDGE('',*,*,#1493,.T.);
#1493 = EDGE_CURVE('',#1414,#1494,#1496,.T.);
#1494 = VERTEX_POINT('',#1495);
#1495 = CARTESIAN_POINT('',(204.46469959259,65.471717315674,
    -32.15071645736));
#1496 = CIRCLE('',#1497,3.174);
#1497 = AXIS2_PLACEMENT_3D('',#1498,#1499,#1500);
#1498 = CARTESIAN_POINT('',(207.63869959259,65.471717315674,
    -32.15071645736));
#1499 = DIRECTION('',(0.,-0.,1.));
#1500 = DIRECTION('',(0.,1.,0.));
#1501 = ORIENTED_EDGE('',*,*,#1502,.T.);
#1502 = EDGE_CURVE('',#1494,#239,#1503,.T.);
#1503 = LINE('',#1504,#1505);
#1504 = CARTESIAN_POINT('',(204.46469959259,65.471717315674,
    -32.15071645736));
#1505 = VECTOR('',#1506,1.);
#1506 = DIRECTION('',(0.,0.,1.));
#1507 = ORIENTED_EDGE('',*,*,#246,.F.);
#1508 = CYLINDRICAL_SURFACE('',#1509,3.174);
#1509 = AXIS2_PLACEMENT_3D('',#1510,#1511,#1512);
#1510 = CARTESIAN_POINT('',(207.63869959259,65.471717315674,
    -32.15071645736));
#1511 = DIRECTION('',(0.,0.,1.));
#1512 = DIRECTION('',(0.,1.,0.));
#1513 = ADVANCED_FACE('',(#1514),#1555,.F.);
#1514 = FACE_BOUND('',#1515,.F.);
#1515 = EDGE_LOOP('',(#1516,#1524,#1532,#1540,#1546,#1547,#1553,#1554));
#1516 = ORIENTED_EDGE('',*,*,#1517,.F.);
#1517 = EDGE_CURVE('',#1518,#180,#1520,.T.);
#1518 = VERTEX_POINT('',#1519);
#1519 = CARTESIAN_POINT('',(266.61894973754,48.375884918213,-24.385));
#1520 = LINE('',#1521,#1522);
#1521 = CARTESIAN_POINT('',(266.61894973754,48.375884918213,
    -37.75071645736));
#1522 = VECTOR('',#1523,1.);
#1523 = DIRECTION('',(0.,0.,1.));
#1524 = ORIENTED_EDGE('',*,*,#1525,.T.);
#1525 = EDGE_CURVE('',#1518,#1526,#1528,.T.);
#1526 = VERTEX_POINT('',#1527);
#1527 = CARTESIAN_POINT('',(266.61894973754,45.201884918213,-24.385));
#1528 = LINE('',#1529,#1530);
#1529 = CARTESIAN_POINT('',(266.61894973754,71.645717315674,-24.385));
#1530 = VECTOR('',#1531,1.);
#1531 = DIRECTION('',(0.,-1.,0.));
#1532 = ORIENTED_EDGE('',*,*,#1533,.F.);
#1533 = EDGE_CURVE('',#1534,#1526,#1536,.T.);
#1534 = VERTEX_POINT('',#1535);
#1535 = CARTESIAN_POINT('',(266.61894973754,45.201884918213,-38.1));
#1536 = LINE('',#1537,#1538);
#1537 = CARTESIAN_POINT('',(266.61894973754,45.201884918213,-124.385));
#1538 = VECTOR('',#1539,1.);
#1539 = DIRECTION('',(0.,0.,1.));
#1540 = ORIENTED_EDGE('',*,*,#1541,.T.);
#1541 = EDGE_CURVE('',#1534,#1366,#1542,.T.);
#1542 = LINE('',#1543,#1544);
#1543 = CARTESIAN_POINT('',(266.61894973754,30.799400558472,-38.1));
#1544 = VECTOR('',#1545,1.);
#1545 = DIRECTION('',(0.,1.,0.));
#1546 = ORIENTED_EDGE('',*,*,#1365,.T.);
#1547 = ORIENTED_EDGE('',*,*,#1548,.T.);
#1548 = EDGE_CURVE('',#1358,#1468,#1549,.T.);
#1549 = LINE('',#1550,#1551);
#1550 = CARTESIAN_POINT('',(266.61894973754,71.645717315674,-24.385));
#1551 = VECTOR('',#1552,1.);
#1552 = DIRECTION('',(0.,-1.,0.));
#1553 = ORIENTED_EDGE('',*,*,#1467,.T.);
#1554 = ORIENTED_EDGE('',*,*,#179,.F.);
#1555 = PLANE('',#1556);
#1556 = AXIS2_PLACEMENT_3D('',#1557,#1558,#1559);
#1557 = CARTESIAN_POINT('',(266.61894973754,58.423801116943,
    -49.75919144937));
#1558 = DIRECTION('',(1.,0.,-0.));
#1559 = DIRECTION('',(0.,0.,-1.));
#1560 = ADVANCED_FACE('',(#1561),#1579,.F.);
#1561 = FACE_BOUND('',#1562,.F.);
#1562 = EDGE_LOOP('',(#1563,#1571,#1577,#1578));
#1563 = ORIENTED_EDGE('',*,*,#1564,.T.);
#1564 = EDGE_CURVE('',#1494,#1565,#1567,.T.);
#1565 = VERTEX_POINT('',#1566);
#1566 = CARTESIAN_POINT('',(204.46469959259,13.375884918213,
    -32.15071645736));
#1567 = LINE('',#1568,#1569);
#1568 = CARTESIAN_POINT('',(204.46469959259,68.645717315674,
    -32.15071645736));
#1569 = VECTOR('',#1570,1.);
#1570 = DIRECTION('',(0.,-1.,0.));
#1571 = ORIENTED_EDGE('',*,*,#1572,.T.);
#1572 = EDGE_CURVE('',#1565,#230,#1573,.T.);
#1573 = LINE('',#1574,#1575);
#1574 = CARTESIAN_POINT('',(204.46469959259,13.375884918213,
    -32.15071645736));
#1575 = VECTOR('',#1576,1.);
#1576 = DIRECTION('',(0.,0.,1.));
#1577 = ORIENTED_EDGE('',*,*,#238,.F.);
#1578 = ORIENTED_EDGE('',*,*,#1502,.F.);
#1579 = PLANE('',#1580);
#1580 = AXIS2_PLACEMENT_3D('',#1581,#1582,#1583);
#1581 = CARTESIAN_POINT('',(204.46469959259,68.645717315674,
    -32.15071645736));
#1582 = DIRECTION('',(-1.,0.,0.));
#1583 = DIRECTION('',(0.,0.,1.));
#1584 = ADVANCED_FACE('',(#1585),#1604,.F.);
#1585 = FACE_BOUND('',#1586,.T.);
#1586 = EDGE_LOOP('',(#1587,#1588,#1597,#1603));
#1587 = ORIENTED_EDGE('',*,*,#1517,.F.);
#1588 = ORIENTED_EDGE('',*,*,#1589,.F.);
#1589 = EDGE_CURVE('',#1590,#1518,#1592,.T.);
#1590 = VERTEX_POINT('',#1591);
#1591 = CARTESIAN_POINT('',(263.44494973754,45.201884918213,-24.385));
#1592 = CIRCLE('',#1593,3.174);
#1593 = AXIS2_PLACEMENT_3D('',#1594,#1595,#1596);
#1594 = CARTESIAN_POINT('',(263.44494973754,48.375884918213,-24.385));
#1595 = DIRECTION('',(0.,0.,1.));
#1596 = DIRECTION('',(1.,0.,0.));
#1597 = ORIENTED_EDGE('',*,*,#1598,.T.);
#1598 = EDGE_CURVE('',#1590,#188,#1599,.T.);
#1599 = LINE('',#1600,#1601);
#1600 = CARTESIAN_POINT('',(263.44494973754,45.201884918213,
    -37.75071645736));
#1601 = VECTOR('',#1602,1.);
#1602 = DIRECTION('',(0.,0.,1.));
#1603 = ORIENTED_EDGE('',*,*,#187,.T.);
#1604 = CYLINDRICAL_SURFACE('',#1605,3.174);
#1605 = AXIS2_PLACEMENT_3D('',#1606,#1607,#1608);
#1606 = CARTESIAN_POINT('',(263.44494973754,48.375884918213,
    -37.75071645736));
#1607 = DIRECTION('',(0.,0.,1.));
#1608 = DIRECTION('',(1.,0.,0.));
#1609 = ADVANCED_FACE('',(#1610),#1629,.F.);
#1610 = FACE_BOUND('',#1611,.F.);
#1611 = EDGE_LOOP('',(#1612,#1613,#1622,#1628));
#1612 = ORIENTED_EDGE('',*,*,#1572,.F.);
#1613 = ORIENTED_EDGE('',*,*,#1614,.T.);
#1614 = EDGE_CURVE('',#1565,#1615,#1617,.T.);
#1615 = VERTEX_POINT('',#1616);
#1616 = CARTESIAN_POINT('',(207.63869959259,10.201884918213,
    -32.15071645736));
#1617 = CIRCLE('',#1618,3.174);
#1618 = AXIS2_PLACEMENT_3D('',#1619,#1620,#1621);
#1619 = CARTESIAN_POINT('',(207.63869959259,13.375884918213,
    -32.15071645736));
#1620 = DIRECTION('',(0.,-0.,1.));
#1621 = DIRECTION('',(0.,1.,0.));
#1622 = ORIENTED_EDGE('',*,*,#1623,.T.);
#1623 = EDGE_CURVE('',#1615,#222,#1624,.T.);
#1624 = LINE('',#1625,#1626);
#1625 = CARTESIAN_POINT('',(207.63869959259,10.201884918213,
    -32.15071645736));
#1626 = VECTOR('',#1627,1.);
#1627 = DIRECTION('',(0.,0.,1.));
#1628 = ORIENTED_EDGE('',*,*,#229,.F.);
#1629 = CYLINDRICAL_SURFACE('',#1630,3.174);
#1630 = AXIS2_PLACEMENT_3D('',#1631,#1632,#1633);
#1631 = CARTESIAN_POINT('',(207.63869959259,13.375884918213,
    -32.15071645736));
#1632 = DIRECTION('',(0.,0.,1.));
#1633 = DIRECTION('',(-1.,0.,0.));
#1634 = ADVANCED_FACE('',(#1635),#1668,.F.);
#1635 = FACE_BOUND('',#1636,.F.);
#1636 = EDGE_LOOP('',(#1637,#1638,#1646,#1654,#1660,#1661,#1667));
#1637 = ORIENTED_EDGE('',*,*,#196,.F.);
#1638 = ORIENTED_EDGE('',*,*,#1639,.T.);
#1639 = EDGE_CURVE('',#197,#1640,#1642,.T.);
#1640 = VERTEX_POINT('',#1641);
#1641 = CARTESIAN_POINT('',(246.61894973754,45.201884918213,-31.116));
#1642 = LINE('',#1643,#1644);
#1643 = CARTESIAN_POINT('',(246.61894973754,45.201884918213,
    -34.95071645736));
#1644 = VECTOR('',#1645,1.);
#1645 = DIRECTION('',(0.,0.,-1.));
#1646 = ORIENTED_EDGE('',*,*,#1647,.T.);
#1647 = EDGE_CURVE('',#1640,#1648,#1650,.T.);
#1648 = VERTEX_POINT('',#1649);
#1649 = CARTESIAN_POINT('',(246.61894973754,45.201884918213,-38.1));
#1650 = LINE('',#1651,#1652);
#1651 = CARTESIAN_POINT('',(246.61894973754,45.201884918213,-81.2425));
#1652 = VECTOR('',#1653,1.);
#1653 = DIRECTION('',(0.,-0.,-1.));
#1654 = ORIENTED_EDGE('',*,*,#1655,.T.);
#1655 = EDGE_CURVE('',#1648,#1534,#1656,.T.);
#1656 = LINE('',#1657,#1658);
#1657 = CARTESIAN_POINT('',(126.96037237224,45.201884918213,-38.1));
#1658 = VECTOR('',#1659,1.);
#1659 = DIRECTION('',(1.,0.,0.));
#1660 = ORIENTED_EDGE('',*,*,#1533,.T.);
#1661 = ORIENTED_EDGE('',*,*,#1662,.T.);
#1662 = EDGE_CURVE('',#1526,#1590,#1663,.T.);
#1663 = LINE('',#1664,#1665);
#1664 = CARTESIAN_POINT('',(266.61894973754,45.201884918213,-24.385));
#1665 = VECTOR('',#1666,1.);
#1666 = DIRECTION('',(-1.,0.,0.));
#1667 = ORIENTED_EDGE('',*,*,#1598,.T.);
#1668 = PLANE('',#1669);
#1669 = AXIS2_PLACEMENT_3D('',#1670,#1671,#1672);
#1670 = CARTESIAN_POINT('',(250.74574474448,45.201884918213,
    -47.49854283609));
#1671 = DIRECTION('',(0.,-1.,0.));
#1672 = DIRECTION('',(0.,0.,1.));
#1673 = ADVANCED_FACE('',(#1674),#1708,.F.);
#1674 = FACE_BOUND('',#1675,.F.);
#1675 = EDGE_LOOP('',(#1676,#1684,#1692,#1700,#1706,#1707));
#1676 = ORIENTED_EDGE('',*,*,#1677,.F.);
#1677 = EDGE_CURVE('',#1678,#1615,#1680,.T.);
#1678 = VERTEX_POINT('',#1679);
#1679 = CARTESIAN_POINT('',(232.24,10.201884918213,-32.15071645736));
#1680 = LINE('',#1681,#1682);
#1681 = CARTESIAN_POINT('',(246.61894973754,10.201884918213,
    -32.15071645736));
#1682 = VECTOR('',#1683,1.);
#1683 = DIRECTION('',(-1.,0.,0.));
#1684 = ORIENTED_EDGE('',*,*,#1685,.T.);
#1685 = EDGE_CURVE('',#1678,#1686,#1688,.T.);
#1686 = VERTEX_POINT('',#1687);
#1687 = CARTESIAN_POINT('',(232.24,10.201884918213,-31.116));
#1688 = LINE('',#1689,#1690);
#1689 = CARTESIAN_POINT('',(232.24,10.201884918213,-38.1));
#1690 = VECTOR('',#1691,1.);
#1691 = DIRECTION('',(0.,0.,1.));
#1692 = ORIENTED_EDGE('',*,*,#1693,.F.);
#1693 = EDGE_CURVE('',#1694,#1686,#1696,.T.);
#1694 = VERTEX_POINT('',#1695);
#1695 = CARTESIAN_POINT('',(243.44494973754,10.201884918213,-31.116));
#1696 = LINE('',#1697,#1698);
#1697 = CARTESIAN_POINT('',(246.61894973754,10.201884918213,-31.116));
#1698 = VECTOR('',#1699,1.);
#1699 = DIRECTION('',(-1.,0.,0.));
#1700 = ORIENTED_EDGE('',*,*,#1701,.T.);
#1701 = EDGE_CURVE('',#1694,#213,#1702,.T.);
#1702 = LINE('',#1703,#1704);
#1703 = CARTESIAN_POINT('',(243.44494973754,10.201884918213,
    -32.15071645736));
#1704 = VECTOR('',#1705,1.);
#1705 = DIRECTION('',(0.,0.,1.));
#1706 = ORIENTED_EDGE('',*,*,#221,.F.);
#1707 = ORIENTED_EDGE('',*,*,#1623,.F.);
#1708 = PLANE('',#1709);
#1709 = AXIS2_PLACEMENT_3D('',#1710,#1711,#1712);
#1710 = CARTESIAN_POINT('',(246.61894973754,10.201884918213,
    -32.15071645736));
#1711 = DIRECTION('',(0.,-1.,0.));
#1712 = DIRECTION('',(0.,0.,1.));
#1713 = ADVANCED_FACE('',(#1714),#1732,.T.);
#1714 = FACE_BOUND('',#1715,.T.);
#1715 = EDGE_LOOP('',(#1716,#1717,#1718,#1726));
#1716 = ORIENTED_EDGE('',*,*,#204,.F.);
#1717 = ORIENTED_EDGE('',*,*,#1639,.T.);
#1718 = ORIENTED_EDGE('',*,*,#1719,.T.);
#1719 = EDGE_CURVE('',#1640,#1720,#1722,.T.);
#1720 = VERTEX_POINT('',#1721);
#1721 = CARTESIAN_POINT('',(246.61894973754,13.375884918213,-31.116));
#1722 = LINE('',#1723,#1724);
#1723 = CARTESIAN_POINT('',(246.61894973754,71.645717315674,-31.116));
#1724 = VECTOR('',#1725,1.);
#1725 = DIRECTION('',(0.,-1.,0.));
#1726 = ORIENTED_EDGE('',*,*,#1727,.T.);
#1727 = EDGE_CURVE('',#1720,#205,#1728,.T.);
#1728 = LINE('',#1729,#1730);
#1729 = CARTESIAN_POINT('',(246.61894973754,13.375884918213,
    -32.15071645736));
#1730 = VECTOR('',#1731,1.);
#1731 = DIRECTION('',(0.,0.,1.));
#1732 = PLANE('',#1733);
#1733 = AXIS2_PLACEMENT_3D('',#1734,#1735,#1736);
#1734 = CARTESIAN_POINT('',(246.61894973754,68.645717315674,
    -32.15071645736));
#1735 = DIRECTION('',(-1.,0.,0.));
#1736 = DIRECTION('',(0.,0.,1.));
#1737 = ADVANCED_FACE('',(#1738),#1750,.F.);
#1738 = FACE_BOUND('',#1739,.T.);
#1739 = EDGE_LOOP('',(#1740,#1741,#1748,#1749));
#1740 = ORIENTED_EDGE('',*,*,#1727,.F.);
#1741 = ORIENTED_EDGE('',*,*,#1742,.F.);
#1742 = EDGE_CURVE('',#1694,#1720,#1743,.T.);
#1743 = CIRCLE('',#1744,3.174);
#1744 = AXIS2_PLACEMENT_3D('',#1745,#1746,#1747);
#1745 = CARTESIAN_POINT('',(243.44494973754,13.375884918213,-31.116));
#1746 = DIRECTION('',(0.,0.,1.));
#1747 = DIRECTION('',(1.,0.,0.));
#1748 = ORIENTED_EDGE('',*,*,#1701,.T.);
#1749 = ORIENTED_EDGE('',*,*,#212,.T.);
#1750 = CYLINDRICAL_SURFACE('',#1751,3.174);
#1751 = AXIS2_PLACEMENT_3D('',#1752,#1753,#1754);
#1752 = CARTESIAN_POINT('',(243.44494973754,13.375884918213,
    -32.15071645736));
#1753 = DIRECTION('',(0.,0.,1.));
#1754 = DIRECTION('',(1.,0.,0.));
#1755 = ADVANCED_FACE('',(#1756),#1767,.F.);
#1756 = FACE_BOUND('',#1757,.F.);
#1757 = EDGE_LOOP('',(#1758,#1759,#1760,#1766));
#1758 = ORIENTED_EDGE('',*,*,#1315,.F.);
#1759 = ORIENTED_EDGE('',*,*,#1339,.T.);
#1760 = ORIENTED_EDGE('',*,*,#1761,.T.);
#1761 = EDGE_CURVE('',#1340,#1438,#1762,.T.);
#1762 = LINE('',#1763,#1764);
#1763 = CARTESIAN_POINT('',(232.26469959259,71.645717315674,-24.385));
#1764 = VECTOR('',#1765,1.);
#1765 = DIRECTION('',(0.,-1.,0.));
#1766 = ORIENTED_EDGE('',*,*,#1445,.T.);
#1767 = PLANE('',#1768);
#1768 = AXIS2_PLACEMENT_3D('',#1769,#1770,#1771);
#1769 = CARTESIAN_POINT('',(266.61894973754,71.645717315674,-24.385));
#1770 = DIRECTION('',(0.,0.,1.));
#1771 = DIRECTION('',(-1.,0.,0.));
#1772 = ADVANCED_FACE('',(#1773),#1784,.F.);
#1773 = FACE_BOUND('',#1774,.F.);
#1774 = EDGE_LOOP('',(#1775,#1776,#1777,#1783));
#1775 = ORIENTED_EDGE('',*,*,#1761,.F.);
#1776 = ORIENTED_EDGE('',*,*,#1397,.F.);
#1777 = ORIENTED_EDGE('',*,*,#1778,.F.);
#1778 = EDGE_CURVE('',#1430,#1390,#1779,.T.);
#1779 = LINE('',#1780,#1781);
#1780 = CARTESIAN_POINT('',(232.26469959259,71.645717315674,-31.116));
#1781 = VECTOR('',#1782,1.);
#1782 = DIRECTION('',(0.,1.,0.));
#1783 = ORIENTED_EDGE('',*,*,#1437,.T.);
#1784 = PLANE('',#1785);
#1785 = AXIS2_PLACEMENT_3D('',#1786,#1787,#1788);
#1786 = CARTESIAN_POINT('',(232.26469959259,71.645717315674,-124.385));
#1787 = DIRECTION('',(-1.,0.,0.));
#1788 = DIRECTION('',(0.,0.,1.));
#1789 = ADVANCED_FACE('',(#1790,#1810,#1844),#1855,.T.);
#1790 = FACE_BOUND('',#1791,.T.);
#1791 = EDGE_LOOP('',(#1792,#1798,#1799,#1800,#1801,#1807,#1808,#1809));
#1792 = ORIENTED_EDGE('',*,*,#1793,.F.);
#1793 = EDGE_CURVE('',#1382,#1640,#1794,.T.);
#1794 = LINE('',#1795,#1796);
#1795 = CARTESIAN_POINT('',(246.61894973754,71.645717315674,-31.116));
#1796 = VECTOR('',#1797,1.);
#1797 = DIRECTION('',(0.,-1.,0.));
#1798 = ORIENTED_EDGE('',*,*,#1389,.T.);
#1799 = ORIENTED_EDGE('',*,*,#1778,.F.);
#1800 = ORIENTED_EDGE('',*,*,#1429,.T.);
#1801 = ORIENTED_EDGE('',*,*,#1802,.T.);
#1802 = EDGE_CURVE('',#1422,#1686,#1803,.T.);
#1803 = LINE('',#1804,#1805);
#1804 = CARTESIAN_POINT('',(232.24,71.645717315674,-31.116));
#1805 = VECTOR('',#1806,1.);
#1806 = DIRECTION('',(0.,-1.,0.));
#1807 = ORIENTED_EDGE('',*,*,#1693,.F.);
#1808 = ORIENTED_EDGE('',*,*,#1742,.T.);
#1809 = ORIENTED_EDGE('',*,*,#1719,.F.);
#1810 = FACE_BOUND('',#1811,.T.);
#1811 = EDGE_LOOP('',(#1812,#1822,#1830,#1838));
#1812 = ORIENTED_EDGE('',*,*,#1813,.F.);
#1813 = EDGE_CURVE('',#1814,#1816,#1818,.T.);
#1814 = VERTEX_POINT('',#1815);
#1815 = CARTESIAN_POINT('',(244.59,54.18,-31.116));
#1816 = VERTEX_POINT('',#1817);
#1817 = CARTESIAN_POINT('',(242.59,54.18,-31.116));
#1818 = LINE('',#1819,#1820);
#1819 = CARTESIAN_POINT('',(244.59,54.18,-31.116));
#1820 = VECTOR('',#1821,1.);
#1821 = DIRECTION('',(-1.,0.,0.));
#1822 = ORIENTED_EDGE('',*,*,#1823,.T.);
#1823 = EDGE_CURVE('',#1814,#1824,#1826,.T.);
#1824 = VERTEX_POINT('',#1825);
#1825 = CARTESIAN_POINT('',(244.59,24.18,-31.116));
#1826 = LINE('',#1827,#1828);
#1827 = CARTESIAN_POINT('',(244.59,54.18,-31.116));
#1828 = VECTOR('',#1829,1.);
#1829 = DIRECTION('',(0.,-1.,0.));
#1830 = ORIENTED_EDGE('',*,*,#1831,.T.);
#1831 = EDGE_CURVE('',#1824,#1832,#1834,.T.);
#1832 = VERTEX_POINT('',#1833);
#1833 = CARTESIAN_POINT('',(242.59,24.18,-31.116));
#1834 = LINE('',#1835,#1836);
#1835 = CARTESIAN_POINT('',(244.59,24.18,-31.116));
#1836 = VECTOR('',#1837,1.);
#1837 = DIRECTION('',(-1.,0.,0.));
#1838 = ORIENTED_EDGE('',*,*,#1839,.F.);
#1839 = EDGE_CURVE('',#1816,#1832,#1840,.T.);
#1840 = LINE('',#1841,#1842);
#1841 = CARTESIAN_POINT('',(242.59,54.18,-31.116));
#1842 = VECTOR('',#1843,1.);
#1843 = DIRECTION('',(0.,-1.,0.));
#1844 = FACE_BOUND('',#1845,.T.);
#1845 = EDGE_LOOP('',(#1846));
#1846 = ORIENTED_EDGE('',*,*,#1847,.T.);
#1847 = EDGE_CURVE('',#1848,#1848,#1850,.T.);
#1848 = VERTEX_POINT('',#1849);
#1849 = CARTESIAN_POINT('',(239.1672,39.18,-31.116));
#1850 = CIRCLE('',#1851,1.7272);
#1851 = AXIS2_PLACEMENT_3D('',#1852,#1853,#1854);
#1852 = CARTESIAN_POINT('',(237.44,39.18,-31.116));
#1853 = DIRECTION('',(0.,0.,-1.));
#1854 = DIRECTION('',(1.,-0.,0.));
#1855 = PLANE('',#1856);
#1856 = AXIS2_PLACEMENT_3D('',#1857,#1858,#1859);
#1857 = CARTESIAN_POINT('',(246.61894973754,71.645717315674,-31.116));
#1858 = DIRECTION('',(0.,0.,1.));
#1859 = DIRECTION('',(-1.,0.,0.));
#1860 = ADVANCED_FACE('',(#1861),#1880,.F.);
#1861 = FACE_BOUND('',#1862,.F.);
#1862 = EDGE_LOOP('',(#1863,#1864,#1872,#1879));
#1863 = ORIENTED_EDGE('',*,*,#1847,.T.);
#1864 = ORIENTED_EDGE('',*,*,#1865,.T.);
#1865 = EDGE_CURVE('',#1848,#1866,#1868,.T.);
#1866 = VERTEX_POINT('',#1867);
#1867 = CARTESIAN_POINT('',(239.1672,39.18,-38.1));
#1868 = LINE('',#1869,#1870);
#1869 = CARTESIAN_POINT('',(239.1672,39.18,-11.7));
#1870 = VECTOR('',#1871,1.);
#1871 = DIRECTION('',(0.,0.,-1.));
#1872 = ORIENTED_EDGE('',*,*,#1873,.F.);
#1873 = EDGE_CURVE('',#1866,#1866,#1874,.T.);
#1874 = CIRCLE('',#1875,1.7272);
#1875 = AXIS2_PLACEMENT_3D('',#1876,#1877,#1878);
#1876 = CARTESIAN_POINT('',(237.44,39.18,-38.1));
#1877 = DIRECTION('',(0.,0.,-1.));
#1878 = DIRECTION('',(1.,0.,0.));
#1879 = ORIENTED_EDGE('',*,*,#1865,.F.);
#1880 = CYLINDRICAL_SURFACE('',#1881,1.7272);
#1881 = AXIS2_PLACEMENT_3D('',#1882,#1883,#1884);
#1882 = CARTESIAN_POINT('',(237.44,39.18,-11.7));
#1883 = DIRECTION('',(0.,0.,-1.));
#1884 = DIRECTION('',(1.,-0.,0.));
#1885 = ADVANCED_FACE('',(#1886),#1897,.F.);
#1886 = FACE_BOUND('',#1887,.F.);
#1887 = EDGE_LOOP('',(#1888,#1889,#1895,#1896));
#1888 = ORIENTED_EDGE('',*,*,#1381,.F.);
#1889 = ORIENTED_EDGE('',*,*,#1890,.T.);
#1890 = EDGE_CURVE('',#1374,#1648,#1891,.T.);
#1891 = LINE('',#1892,#1893);
#1892 = CARTESIAN_POINT('',(246.61894973754,71.645717315674,-38.1));
#1893 = VECTOR('',#1894,1.);
#1894 = DIRECTION('',(0.,-1.,0.));
#1895 = ORIENTED_EDGE('',*,*,#1647,.F.);
#1896 = ORIENTED_EDGE('',*,*,#1793,.F.);
#1897 = PLANE('',#1898);
#1898 = AXIS2_PLACEMENT_3D('',#1899,#1900,#1901);
#1899 = CARTESIAN_POINT('',(246.61894973754,71.645717315674,-38.1));
#1900 = DIRECTION('',(-1.,0.,0.));
#1901 = DIRECTION('',(0.,0.,1.));
#1902 = ADVANCED_FACE('',(#1903),#1908,.F.);
#1903 = FACE_BOUND('',#1904,.F.);
#1904 = EDGE_LOOP('',(#1905,#1906,#1907));
#1905 = ORIENTED_EDGE('',*,*,#1548,.F.);
#1906 = ORIENTED_EDGE('',*,*,#1357,.T.);
#1907 = ORIENTED_EDGE('',*,*,#1475,.F.);
#1908 = PLANE('',#1909);
#1909 = AXIS2_PLACEMENT_3D('',#1910,#1911,#1912);
#1910 = CARTESIAN_POINT('',(266.61894973754,71.645717315674,-24.385));
#1911 = DIRECTION('',(0.,0.,1.));
#1912 = DIRECTION('',(-1.,0.,0.));
#1913 = ADVANCED_FACE('',(#1914),#1927,.T.);
#1914 = FACE_BOUND('',#1915,.T.);
#1915 = EDGE_LOOP('',(#1916,#1917,#1918,#1919,#1925,#1926));
#1916 = ORIENTED_EDGE('',*,*,#1564,.T.);
#1917 = ORIENTED_EDGE('',*,*,#1614,.T.);
#1918 = ORIENTED_EDGE('',*,*,#1677,.F.);
#1919 = ORIENTED_EDGE('',*,*,#1920,.F.);
#1920 = EDGE_CURVE('',#1412,#1678,#1921,.T.);
#1921 = LINE('',#1922,#1923);
#1922 = CARTESIAN_POINT('',(232.24,70.145717315674,-32.15071645736));
#1923 = VECTOR('',#1924,1.);
#1924 = DIRECTION('',(0.,-1.,0.));
#1925 = ORIENTED_EDGE('',*,*,#1411,.T.);
#1926 = ORIENTED_EDGE('',*,*,#1493,.T.);
#1927 = PLANE('',#1928);
#1928 = AXIS2_PLACEMENT_3D('',#1929,#1930,#1931);
#1929 = CARTESIAN_POINT('',(246.61894973754,68.645717315674,
    -32.15071645736));
#1930 = DIRECTION('',(0.,0.,1.));
#1931 = DIRECTION('',(-1.,0.,0.));
#1932 = ADVANCED_FACE('',(#1933),#1939,.T.);
#1933 = FACE_BOUND('',#1934,.T.);
#1934 = EDGE_LOOP('',(#1935,#1936,#1937,#1938));
#1935 = ORIENTED_EDGE('',*,*,#1802,.F.);
#1936 = ORIENTED_EDGE('',*,*,#1421,.T.);
#1937 = ORIENTED_EDGE('',*,*,#1920,.T.);
#1938 = ORIENTED_EDGE('',*,*,#1685,.T.);
#1939 = PLANE('',#1940);
#1940 = AXIS2_PLACEMENT_3D('',#1941,#1942,#1943);
#1941 = CARTESIAN_POINT('',(232.24,71.645717315674,-38.1));
#1942 = DIRECTION('',(-1.,0.,0.));
#1943 = DIRECTION('',(0.,0.,1.));
#1944 = ADVANCED_FACE('',(#1945),#1950,.F.);
#1945 = FACE_BOUND('',#1946,.F.);
#1946 = EDGE_LOOP('',(#1947,#1948,#1949));
#1947 = ORIENTED_EDGE('',*,*,#1525,.F.);
#1948 = ORIENTED_EDGE('',*,*,#1589,.F.);
#1949 = ORIENTED_EDGE('',*,*,#1662,.F.);
#1950 = PLANE('',#1951);
#1951 = AXIS2_PLACEMENT_3D('',#1952,#1953,#1954);
#1952 = CARTESIAN_POINT('',(266.61894973754,71.645717315674,-24.385));
#1953 = DIRECTION('',(0.,0.,1.));
#1954 = DIRECTION('',(-1.,0.,0.));
#1955 = ADVANCED_FACE('',(#1956),#1981,.F.);
#1956 = FACE_BOUND('',#1957,.F.);
#1957 = EDGE_LOOP('',(#1958,#1959,#1967,#1975));
#1958 = ORIENTED_EDGE('',*,*,#1813,.F.);
#1959 = ORIENTED_EDGE('',*,*,#1960,.T.);
#1960 = EDGE_CURVE('',#1814,#1961,#1963,.T.);
#1961 = VERTEX_POINT('',#1962);
#1962 = CARTESIAN_POINT('',(244.59,54.18,-27.885));
#1963 = LINE('',#1964,#1965);
#1964 = CARTESIAN_POINT('',(244.59,54.18,-31.116));
#1965 = VECTOR('',#1966,1.);
#1966 = DIRECTION('',(0.,0.,1.));
#1967 = ORIENTED_EDGE('',*,*,#1968,.T.);
#1968 = EDGE_CURVE('',#1961,#1969,#1971,.T.);
#1969 = VERTEX_POINT('',#1970);
#1970 = CARTESIAN_POINT('',(242.59,54.18,-27.885));
#1971 = LINE('',#1972,#1973);
#1972 = CARTESIAN_POINT('',(244.59,54.18,-27.885));
#1973 = VECTOR('',#1974,1.);
#1974 = DIRECTION('',(-1.,0.,0.));
#1975 = ORIENTED_EDGE('',*,*,#1976,.F.);
#1976 = EDGE_CURVE('',#1816,#1969,#1977,.T.);
#1977 = LINE('',#1978,#1979);
#1978 = CARTESIAN_POINT('',(242.59,54.18,-31.116));
#1979 = VECTOR('',#1980,1.);
#1980 = DIRECTION('',(0.,0.,1.));
#1981 = PLANE('',#1982);
#1982 = AXIS2_PLACEMENT_3D('',#1983,#1984,#1985);
#1983 = CARTESIAN_POINT('',(244.59,54.18,-31.116));
#1984 = DIRECTION('',(0.,-1.,0.));
#1985 = DIRECTION('',(0.,0.,1.));
#1986 = ADVANCED_FACE('',(#1987),#2005,.F.);
#1987 = FACE_BOUND('',#1988,.F.);
#1988 = EDGE_LOOP('',(#1989,#1990,#1991,#1999));
#1989 = ORIENTED_EDGE('',*,*,#1960,.F.);
#1990 = ORIENTED_EDGE('',*,*,#1823,.T.);
#1991 = ORIENTED_EDGE('',*,*,#1992,.T.);
#1992 = EDGE_CURVE('',#1824,#1993,#1995,.T.);
#1993 = VERTEX_POINT('',#1994);
#1994 = CARTESIAN_POINT('',(244.59,24.18,-27.885));
#1995 = LINE('',#1996,#1997);
#1996 = CARTESIAN_POINT('',(244.59,24.18,-31.116));
#1997 = VECTOR('',#1998,1.);
#1998 = DIRECTION('',(0.,0.,1.));
#1999 = ORIENTED_EDGE('',*,*,#2000,.F.);
#2000 = EDGE_CURVE('',#1961,#1993,#2001,.T.);
#2001 = LINE('',#2002,#2003);
#2002 = CARTESIAN_POINT('',(244.59,54.18,-27.885));
#2003 = VECTOR('',#2004,1.);
#2004 = DIRECTION('',(0.,-1.,0.));
#2005 = PLANE('',#2006);
#2006 = AXIS2_PLACEMENT_3D('',#2007,#2008,#2009);
#2007 = CARTESIAN_POINT('',(244.59,54.18,-31.116));
#2008 = DIRECTION('',(-1.,0.,0.));
#2009 = DIRECTION('',(0.,0.,1.));
#2010 = ADVANCED_FACE('',(#2011),#2029,.T.);
#2011 = FACE_BOUND('',#2012,.T.);
#2012 = EDGE_LOOP('',(#2013,#2014,#2015,#2023));
#2013 = ORIENTED_EDGE('',*,*,#1976,.F.);
#2014 = ORIENTED_EDGE('',*,*,#1839,.T.);
#2015 = ORIENTED_EDGE('',*,*,#2016,.T.);
#2016 = EDGE_CURVE('',#1832,#2017,#2019,.T.);
#2017 = VERTEX_POINT('',#2018);
#2018 = CARTESIAN_POINT('',(242.59,24.18,-27.885));
#2019 = LINE('',#2020,#2021);
#2020 = CARTESIAN_POINT('',(242.59,24.18,-31.116));
#2021 = VECTOR('',#2022,1.);
#2022 = DIRECTION('',(0.,0.,1.));
#2023 = ORIENTED_EDGE('',*,*,#2024,.F.);
#2024 = EDGE_CURVE('',#1969,#2017,#2025,.T.);
#2025 = LINE('',#2026,#2027);
#2026 = CARTESIAN_POINT('',(242.59,54.18,-27.885));
#2027 = VECTOR('',#2028,1.);
#2028 = DIRECTION('',(0.,-1.,0.));
#2029 = PLANE('',#2030);
#2030 = AXIS2_PLACEMENT_3D('',#2031,#2032,#2033);
#2031 = CARTESIAN_POINT('',(242.59,54.18,-31.116));
#2032 = DIRECTION('',(-1.,0.,0.));
#2033 = DIRECTION('',(0.,0.,1.));
#2034 = ADVANCED_FACE('',(#2035),#2046,.T.);
#2035 = FACE_BOUND('',#2036,.T.);
#2036 = EDGE_LOOP('',(#2037,#2038,#2039,#2045));
#2037 = ORIENTED_EDGE('',*,*,#1831,.F.);
#2038 = ORIENTED_EDGE('',*,*,#1992,.T.);
#2039 = ORIENTED_EDGE('',*,*,#2040,.T.);
#2040 = EDGE_CURVE('',#1993,#2017,#2041,.T.);
#2041 = LINE('',#2042,#2043);
#2042 = CARTESIAN_POINT('',(244.59,24.18,-27.885));
#2043 = VECTOR('',#2044,1.);
#2044 = DIRECTION('',(-1.,0.,0.));
#2045 = ORIENTED_EDGE('',*,*,#2016,.F.);
#2046 = PLANE('',#2047);
#2047 = AXIS2_PLACEMENT_3D('',#2048,#2049,#2050);
#2048 = CARTESIAN_POINT('',(244.59,24.18,-31.116));
#2049 = DIRECTION('',(0.,-1.,0.));
#2050 = DIRECTION('',(0.,0.,1.));
#2051 = ADVANCED_FACE('',(#2052),#2058,.T.);
#2052 = FACE_BOUND('',#2053,.T.);
#2053 = EDGE_LOOP('',(#2054,#2055,#2056,#2057));
#2054 = ORIENTED_EDGE('',*,*,#2000,.F.);
#2055 = ORIENTED_EDGE('',*,*,#1968,.T.);
#2056 = ORIENTED_EDGE('',*,*,#2024,.T.);
#2057 = ORIENTED_EDGE('',*,*,#2040,.F.);
#2058 = PLANE('',#2059);
#2059 = AXIS2_PLACEMENT_3D('',#2060,#2061,#2062);
#2060 = CARTESIAN_POINT('',(244.59,54.18,-27.885));
#2061 = DIRECTION('',(0.,0.,1.));
#2062 = DIRECTION('',(-1.,0.,0.));
#2063 = ADVANCED_FACE('',(#2064),#2090,.F.);
#2064 = FACE_BOUND('',#2065,.F.);
#2065 = EDGE_LOOP('',(#2066,#2074,#2083,#2089));
#2066 = ORIENTED_EDGE('',*,*,#2067,.F.);
#2067 = EDGE_CURVE('',#2068,#264,#2070,.T.);
#2068 = VERTEX_POINT('',#2069);
#2069 = CARTESIAN_POINT('',(228.437,87.499293557156,-21.97));
#2070 = LINE('',#2071,#2072);
#2071 = CARTESIAN_POINT('',(228.437,87.499293557156,-21.97));
#2072 = VECTOR('',#2073,1.);
#2073 = DIRECTION('',(0.,0.,1.));
#2074 = ORIENTED_EDGE('',*,*,#2075,.T.);
#2075 = EDGE_CURVE('',#2068,#2076,#2078,.T.);
#2076 = VERTEX_POINT('',#2077);
#2077 = CARTESIAN_POINT('',(231.361,85.56,-21.97));
#2078 = CIRCLE('',#2079,3.174);
#2079 = AXIS2_PLACEMENT_3D('',#2080,#2081,#2082);
#2080 = CARTESIAN_POINT('',(231.361,88.734,-21.97));
#2081 = DIRECTION('',(-0.,0.,1.));
#2082 = DIRECTION('',(0.,-1.,0.));
#2083 = ORIENTED_EDGE('',*,*,#2084,.T.);
#2084 = EDGE_CURVE('',#2076,#266,#2085,.T.);
#2085 = LINE('',#2086,#2087);
#2086 = CARTESIAN_POINT('',(231.361,85.56,-21.97));
#2087 = VECTOR('',#2088,1.);
#2088 = DIRECTION('',(0.,0.,1.));
#2089 = ORIENTED_EDGE('',*,*,#263,.F.);
#2090 = CYLINDRICAL_SURFACE('',#2091,3.174);
#2091 = AXIS2_PLACEMENT_3D('',#2092,#2093,#2094);
#2092 = CARTESIAN_POINT('',(231.361,88.734,-21.97));
#2093 = DIRECTION('',(0.,0.,1.));
#2094 = DIRECTION('',(-1.,0.,0.));
#2095 = ADVANCED_FACE('',(#2096),#2115,.F.);
#2096 = FACE_BOUND('',#2097,.F.);
#2097 = EDGE_LOOP('',(#2098,#2106,#2113,#2114));
#2098 = ORIENTED_EDGE('',*,*,#2099,.F.);
#2099 = EDGE_CURVE('',#2100,#275,#2102,.T.);
#2100 = VERTEX_POINT('',#2101);
#2101 = CARTESIAN_POINT('',(225.513,85.56,-21.97));
#2102 = LINE('',#2103,#2104);
#2103 = CARTESIAN_POINT('',(225.513,85.56,-21.97));
#2104 = VECTOR('',#2105,1.);
#2105 = DIRECTION('',(0.,0.,1.));
#2106 = ORIENTED_EDGE('',*,*,#2107,.T.);
#2107 = EDGE_CURVE('',#2100,#2068,#2108,.T.);
#2108 = CIRCLE('',#2109,3.174);
#2109 = AXIS2_PLACEMENT_3D('',#2110,#2111,#2112);
#2110 = CARTESIAN_POINT('',(225.513,88.734,-21.97));
#2111 = DIRECTION('',(-0.,0.,1.));
#2112 = DIRECTION('',(0.,-1.,0.));
#2113 = ORIENTED_EDGE('',*,*,#2067,.T.);
#2114 = ORIENTED_EDGE('',*,*,#274,.F.);
#2115 = CYLINDRICAL_SURFACE('',#2116,3.174);
#2116 = AXIS2_PLACEMENT_3D('',#2117,#2118,#2119);
#2117 = CARTESIAN_POINT('',(225.513,88.734,-21.97));
#2118 = DIRECTION('',(0.,0.,1.));
#2119 = DIRECTION('',(0.,-1.,0.));
#2120 = ADVANCED_FACE('',(#2121),#2139,.T.);
#2121 = FACE_BOUND('',#2122,.T.);
#2122 = EDGE_LOOP('',(#2123,#2131,#2132,#2133));
#2123 = ORIENTED_EDGE('',*,*,#2124,.F.);
#2124 = EDGE_CURVE('',#2076,#2125,#2127,.T.);
#2125 = VERTEX_POINT('',#2126);
#2126 = CARTESIAN_POINT('',(248.013,85.56,-21.97));
#2127 = LINE('',#2128,#2129);
#2128 = CARTESIAN_POINT('',(228.187,85.56,-21.97));
#2129 = VECTOR('',#2130,1.);
#2130 = DIRECTION('',(1.,0.,0.));
#2131 = ORIENTED_EDGE('',*,*,#2084,.T.);
#2132 = ORIENTED_EDGE('',*,*,#377,.T.);
#2133 = ORIENTED_EDGE('',*,*,#2134,.F.);
#2134 = EDGE_CURVE('',#2125,#369,#2135,.T.);
#2135 = LINE('',#2136,#2137);
#2136 = CARTESIAN_POINT('',(248.013,85.56,-21.97));
#2137 = VECTOR('',#2138,1.);
#2138 = DIRECTION('',(0.,0.,1.));
#2139 = PLANE('',#2140);
#2140 = AXIS2_PLACEMENT_3D('',#2141,#2142,#2143);
#2141 = CARTESIAN_POINT('',(228.187,85.56,-21.97));
#2142 = DIRECTION('',(0.,1.,0.));
#2143 = DIRECTION('',(0.,0.,1.));
#2144 = ADVANCED_FACE('',(#2145),#2163,.T.);
#2145 = FACE_BOUND('',#2146,.T.);
#2146 = EDGE_LOOP('',(#2147,#2155,#2161,#2162));
#2147 = ORIENTED_EDGE('',*,*,#2148,.F.);
#2148 = EDGE_CURVE('',#2149,#2100,#2151,.T.);
#2149 = VERTEX_POINT('',#2150);
#2150 = CARTESIAN_POINT('',(208.861,85.56,-21.97));
#2151 = LINE('',#2152,#2153);
#2152 = CARTESIAN_POINT('',(205.687,85.56,-21.97));
#2153 = VECTOR('',#2154,1.);
#2154 = DIRECTION('',(1.,0.,0.));
#2155 = ORIENTED_EDGE('',*,*,#2156,.T.);
#2156 = EDGE_CURVE('',#2149,#284,#2157,.T.);
#2157 = LINE('',#2158,#2159);
#2158 = CARTESIAN_POINT('',(208.861,85.56,-21.97));
#2159 = VECTOR('',#2160,1.);
#2160 = DIRECTION('',(0.,0.,1.));
#2161 = ORIENTED_EDGE('',*,*,#283,.T.);
#2162 = ORIENTED_EDGE('',*,*,#2099,.F.);
#2163 = PLANE('',#2164);
#2164 = AXIS2_PLACEMENT_3D('',#2165,#2166,#2167);
#2165 = CARTESIAN_POINT('',(205.687,85.56,-21.97));
#2166 = DIRECTION('',(0.,1.,0.));
#2167 = DIRECTION('',(0.,0.,1.));
#2168 = ADVANCED_FACE('',(#2169),#2188,.F.);
#2169 = FACE_BOUND('',#2170,.F.);
#2170 = EDGE_LOOP('',(#2171,#2180,#2186,#2187));
#2171 = ORIENTED_EDGE('',*,*,#2172,.T.);
#2172 = EDGE_CURVE('',#2125,#2173,#2175,.T.);
#2173 = VERTEX_POINT('',#2174);
#2174 = CARTESIAN_POINT('',(251.187,88.734,-21.97));
#2175 = CIRCLE('',#2176,3.174);
#2176 = AXIS2_PLACEMENT_3D('',#2177,#2178,#2179);
#2177 = CARTESIAN_POINT('',(248.013,88.734,-21.97));
#2178 = DIRECTION('',(-0.,0.,1.));
#2179 = DIRECTION('',(0.,-1.,0.));
#2180 = ORIENTED_EDGE('',*,*,#2181,.T.);
#2181 = EDGE_CURVE('',#2173,#361,#2182,.T.);
#2182 = LINE('',#2183,#2184);
#2183 = CARTESIAN_POINT('',(251.187,88.734,-21.97));
#2184 = VECTOR('',#2185,1.);
#2185 = DIRECTION('',(0.,0.,1.));
#2186 = ORIENTED_EDGE('',*,*,#368,.F.);
#2187 = ORIENTED_EDGE('',*,*,#2134,.F.);
#2188 = CYLINDRICAL_SURFACE('',#2189,3.174);
#2189 = AXIS2_PLACEMENT_3D('',#2190,#2191,#2192);
#2190 = CARTESIAN_POINT('',(248.013,88.734,-21.97));
#2191 = DIRECTION('',(0.,0.,1.));
#2192 = DIRECTION('',(0.,-1.,0.));
#2193 = ADVANCED_FACE('',(#2194),#2213,.F.);
#2194 = FACE_BOUND('',#2195,.F.);
#2195 = EDGE_LOOP('',(#2196,#2205,#2206,#2207));
#2196 = ORIENTED_EDGE('',*,*,#2197,.T.);
#2197 = EDGE_CURVE('',#2198,#2149,#2200,.T.);
#2198 = VERTEX_POINT('',#2199);
#2199 = CARTESIAN_POINT('',(205.687,88.734,-21.97));
#2200 = CIRCLE('',#2201,3.174);
#2201 = AXIS2_PLACEMENT_3D('',#2202,#2203,#2204);
#2202 = CARTESIAN_POINT('',(208.861,88.734,-21.97));
#2203 = DIRECTION('',(-0.,0.,1.));
#2204 = DIRECTION('',(0.,-1.,0.));
#2205 = ORIENTED_EDGE('',*,*,#2156,.T.);
#2206 = ORIENTED_EDGE('',*,*,#291,.F.);
#2207 = ORIENTED_EDGE('',*,*,#2208,.F.);
#2208 = EDGE_CURVE('',#2198,#292,#2209,.T.);
#2209 = LINE('',#2210,#2211);
#2210 = CARTESIAN_POINT('',(205.687,88.734,-21.97));
#2211 = VECTOR('',#2212,1.);
#2212 = DIRECTION('',(0.,0.,1.));
#2213 = CYLINDRICAL_SURFACE('',#2214,3.174);
#2214 = AXIS2_PLACEMENT_3D('',#2215,#2216,#2217);
#2215 = CARTESIAN_POINT('',(208.861,88.734,-21.97));
#2216 = DIRECTION('',(0.,0.,1.));
#2217 = DIRECTION('',(-1.,0.,0.));
#2218 = ADVANCED_FACE('',(#2219),#2237,.F.);
#2219 = FACE_BOUND('',#2220,.F.);
#2220 = EDGE_LOOP('',(#2221,#2222,#2223,#2231));
#2221 = ORIENTED_EDGE('',*,*,#360,.F.);
#2222 = ORIENTED_EDGE('',*,*,#2181,.F.);
#2223 = ORIENTED_EDGE('',*,*,#2224,.T.);
#2224 = EDGE_CURVE('',#2173,#2225,#2227,.T.);
#2225 = VERTEX_POINT('',#2226);
#2226 = CARTESIAN_POINT('',(251.187,130.386,-21.97));
#2227 = LINE('',#2228,#2229);
#2228 = CARTESIAN_POINT('',(251.187,85.56,-21.97));
#2229 = VECTOR('',#2230,1.);
#2230 = DIRECTION('',(0.,1.,0.));
#2231 = ORIENTED_EDGE('',*,*,#2232,.T.);
#2232 = EDGE_CURVE('',#2225,#352,#2233,.T.);
#2233 = LINE('',#2234,#2235);
#2234 = CARTESIAN_POINT('',(251.187,130.386,-21.97));
#2235 = VECTOR('',#2236,1.);
#2236 = DIRECTION('',(0.,0.,1.));
#2237 = PLANE('',#2238);
#2238 = AXIS2_PLACEMENT_3D('',#2239,#2240,#2241);
#2239 = CARTESIAN_POINT('',(251.187,85.56,-21.97));
#2240 = DIRECTION('',(1.,0.,0.));
#2241 = DIRECTION('',(0.,0.,1.));
#2242 = ADVANCED_FACE('',(#2243),#2261,.T.);
#2243 = FACE_BOUND('',#2244,.T.);
#2244 = EDGE_LOOP('',(#2245,#2246,#2247,#2255));
#2245 = ORIENTED_EDGE('',*,*,#300,.F.);
#2246 = ORIENTED_EDGE('',*,*,#2208,.F.);
#2247 = ORIENTED_EDGE('',*,*,#2248,.T.);
#2248 = EDGE_CURVE('',#2198,#2249,#2251,.T.);
#2249 = VERTEX_POINT('',#2250);
#2250 = CARTESIAN_POINT('',(205.687,130.386,-21.97));
#2251 = LINE('',#2252,#2253);
#2252 = CARTESIAN_POINT('',(205.687,85.56,-21.97));
#2253 = VECTOR('',#2254,1.);
#2254 = DIRECTION('',(0.,1.,0.));
#2255 = ORIENTED_EDGE('',*,*,#2256,.T.);
#2256 = EDGE_CURVE('',#2249,#301,#2257,.T.);
#2257 = LINE('',#2258,#2259);
#2258 = CARTESIAN_POINT('',(205.687,130.386,-21.97));
#2259 = VECTOR('',#2260,1.);
#2260 = DIRECTION('',(0.,0.,1.));
#2261 = PLANE('',#2262);
#2262 = AXIS2_PLACEMENT_3D('',#2263,#2264,#2265);
#2263 = CARTESIAN_POINT('',(205.687,85.56,-21.97));
#2264 = DIRECTION('',(1.,0.,0.));
#2265 = DIRECTION('',(0.,0.,1.));
#2266 = ADVANCED_FACE('',(#2267),#2286,.F.);
#2267 = FACE_BOUND('',#2268,.F.);
#2268 = EDGE_LOOP('',(#2269,#2278,#2284,#2285));
#2269 = ORIENTED_EDGE('',*,*,#2270,.T.);
#2270 = EDGE_CURVE('',#2225,#2271,#2273,.T.);
#2271 = VERTEX_POINT('',#2272);
#2272 = CARTESIAN_POINT('',(248.013,133.56,-21.97));
#2273 = CIRCLE('',#2274,3.174);
#2274 = AXIS2_PLACEMENT_3D('',#2275,#2276,#2277);
#2275 = CARTESIAN_POINT('',(248.013,130.386,-21.97));
#2276 = DIRECTION('',(-0.,0.,1.));
#2277 = DIRECTION('',(0.,-1.,0.));
#2278 = ORIENTED_EDGE('',*,*,#2279,.T.);
#2279 = EDGE_CURVE('',#2271,#344,#2280,.T.);
#2280 = LINE('',#2281,#2282);
#2281 = CARTESIAN_POINT('',(248.013,133.56,-21.97));
#2282 = VECTOR('',#2283,1.);
#2283 = DIRECTION('',(0.,0.,1.));
#2284 = ORIENTED_EDGE('',*,*,#351,.F.);
#2285 = ORIENTED_EDGE('',*,*,#2232,.F.);
#2286 = CYLINDRICAL_SURFACE('',#2287,3.174);
#2287 = AXIS2_PLACEMENT_3D('',#2288,#2289,#2290);
#2288 = CARTESIAN_POINT('',(248.013,130.386,-21.97));
#2289 = DIRECTION('',(0.,0.,1.));
#2290 = DIRECTION('',(1.,0.,0.));
#2291 = ADVANCED_FACE('',(#2292),#2311,.F.);
#2292 = FACE_BOUND('',#2293,.T.);
#2293 = EDGE_LOOP('',(#2294,#2303,#2309,#2310));
#2294 = ORIENTED_EDGE('',*,*,#2295,.T.);
#2295 = EDGE_CURVE('',#2249,#2296,#2298,.T.);
#2296 = VERTEX_POINT('',#2297);
#2297 = CARTESIAN_POINT('',(208.861,133.56,-21.97));
#2298 = CIRCLE('',#2299,3.174);
#2299 = AXIS2_PLACEMENT_3D('',#2300,#2301,#2302);
#2300 = CARTESIAN_POINT('',(208.861,130.386,-21.97));
#2301 = DIRECTION('',(-0.,-0.,-1.));
#2302 = DIRECTION('',(0.,-1.,0.));
#2303 = ORIENTED_EDGE('',*,*,#2304,.T.);
#2304 = EDGE_CURVE('',#2296,#309,#2305,.T.);
#2305 = LINE('',#2306,#2307);
#2306 = CARTESIAN_POINT('',(208.861,133.56,-21.97));
#2307 = VECTOR('',#2308,1.);
#2308 = DIRECTION('',(0.,0.,1.));
#2309 = ORIENTED_EDGE('',*,*,#308,.F.);
#2310 = ORIENTED_EDGE('',*,*,#2256,.F.);
#2311 = CYLINDRICAL_SURFACE('',#2312,3.174);
#2312 = AXIS2_PLACEMENT_3D('',#2313,#2314,#2315);
#2313 = CARTESIAN_POINT('',(208.861,130.386,-21.97));
#2314 = DIRECTION('',(0.,0.,1.));
#2315 = DIRECTION('',(-1.,0.,0.));
#2316 = ADVANCED_FACE('',(#2317),#2335,.F.);
#2317 = FACE_BOUND('',#2318,.F.);
#2318 = EDGE_LOOP('',(#2319,#2327,#2333,#2334));
#2319 = ORIENTED_EDGE('',*,*,#2320,.F.);
#2320 = EDGE_CURVE('',#2321,#2271,#2323,.T.);
#2321 = VERTEX_POINT('',#2322);
#2322 = CARTESIAN_POINT('',(231.361,133.56,-21.97));
#2323 = LINE('',#2324,#2325);
#2324 = CARTESIAN_POINT('',(228.187,133.56,-21.97));
#2325 = VECTOR('',#2326,1.);
#2326 = DIRECTION('',(1.,0.,0.));
#2327 = ORIENTED_EDGE('',*,*,#2328,.T.);
#2328 = EDGE_CURVE('',#2321,#335,#2329,.T.);
#2329 = LINE('',#2330,#2331);
#2330 = CARTESIAN_POINT('',(231.361,133.56,-21.97));
#2331 = VECTOR('',#2332,1.);
#2332 = DIRECTION('',(0.,0.,1.));
#2333 = ORIENTED_EDGE('',*,*,#343,.T.);
#2334 = ORIENTED_EDGE('',*,*,#2279,.F.);
#2335 = PLANE('',#2336);
#2336 = AXIS2_PLACEMENT_3D('',#2337,#2338,#2339);
#2337 = CARTESIAN_POINT('',(228.187,133.56,-21.97));
#2338 = DIRECTION('',(0.,1.,0.));
#2339 = DIRECTION('',(0.,0.,1.));
#2340 = ADVANCED_FACE('',(#2341),#2359,.F.);
#2341 = FACE_BOUND('',#2342,.F.);
#2342 = EDGE_LOOP('',(#2343,#2351,#2352,#2353));
#2343 = ORIENTED_EDGE('',*,*,#2344,.F.);
#2344 = EDGE_CURVE('',#2296,#2345,#2347,.T.);
#2345 = VERTEX_POINT('',#2346);
#2346 = CARTESIAN_POINT('',(225.513,133.56,-21.97));
#2347 = LINE('',#2348,#2349);
#2348 = CARTESIAN_POINT('',(205.687,133.56,-21.97));
#2349 = VECTOR('',#2350,1.);
#2350 = DIRECTION('',(1.,0.,0.));
#2351 = ORIENTED_EDGE('',*,*,#2304,.T.);
#2352 = ORIENTED_EDGE('',*,*,#317,.T.);
#2353 = ORIENTED_EDGE('',*,*,#2354,.F.);
#2354 = EDGE_CURVE('',#2345,#318,#2355,.T.);
#2355 = LINE('',#2356,#2357);
#2356 = CARTESIAN_POINT('',(225.513,133.56,-21.97));
#2357 = VECTOR('',#2358,1.);
#2358 = DIRECTION('',(0.,0.,1.));
#2359 = PLANE('',#2360);
#2360 = AXIS2_PLACEMENT_3D('',#2361,#2362,#2363);
#2361 = CARTESIAN_POINT('',(205.687,133.56,-21.97));
#2362 = DIRECTION('',(0.,1.,0.));
#2363 = DIRECTION('',(0.,0.,1.));
#2364 = ADVANCED_FACE('',(#2365),#2384,.F.);
#2365 = FACE_BOUND('',#2366,.T.);
#2366 = EDGE_LOOP('',(#2367,#2375,#2382,#2383));
#2367 = ORIENTED_EDGE('',*,*,#2368,.F.);
#2368 = EDGE_CURVE('',#2369,#326,#2371,.T.);
#2369 = VERTEX_POINT('',#2370);
#2370 = CARTESIAN_POINT('',(228.437,131.62070644284,-21.97));
#2371 = LINE('',#2372,#2373);
#2372 = CARTESIAN_POINT('',(228.437,131.62070644284,-21.97));
#2373 = VECTOR('',#2374,1.);
#2374 = DIRECTION('',(0.,0.,1.));
#2375 = ORIENTED_EDGE('',*,*,#2376,.T.);
#2376 = EDGE_CURVE('',#2369,#2321,#2377,.T.);
#2377 = CIRCLE('',#2378,3.174);
#2378 = AXIS2_PLACEMENT_3D('',#2379,#2380,#2381);
#2379 = CARTESIAN_POINT('',(231.361,130.386,-21.97));
#2380 = DIRECTION('',(-0.,-0.,-1.));
#2381 = DIRECTION('',(0.,-1.,0.));
#2382 = ORIENTED_EDGE('',*,*,#2328,.T.);
#2383 = ORIENTED_EDGE('',*,*,#334,.F.);
#2384 = CYLINDRICAL_SURFACE('',#2385,3.174);
#2385 = AXIS2_PLACEMENT_3D('',#2386,#2387,#2388);
#2386 = CARTESIAN_POINT('',(231.361,130.386,-21.97));
#2387 = DIRECTION('',(0.,0.,1.));
#2388 = DIRECTION('',(-1.,0.,0.));
#2389 = ADVANCED_FACE('',(#2390),#2402,.F.);
#2390 = FACE_BOUND('',#2391,.F.);
#2391 = EDGE_LOOP('',(#2392,#2393,#2400,#2401));
#2392 = ORIENTED_EDGE('',*,*,#2368,.F.);
#2393 = ORIENTED_EDGE('',*,*,#2394,.T.);
#2394 = EDGE_CURVE('',#2369,#2345,#2395,.T.);
#2395 = CIRCLE('',#2396,3.174);
#2396 = AXIS2_PLACEMENT_3D('',#2397,#2398,#2399);
#2397 = CARTESIAN_POINT('',(225.513,130.386,-21.97));
#2398 = DIRECTION('',(-0.,0.,1.));
#2399 = DIRECTION('',(0.,-1.,0.));
#2400 = ORIENTED_EDGE('',*,*,#2354,.T.);
#2401 = ORIENTED_EDGE('',*,*,#325,.F.);
#2402 = CYLINDRICAL_SURFACE('',#2403,3.174);
#2403 = AXIS2_PLACEMENT_3D('',#2404,#2405,#2406);
#2404 = CARTESIAN_POINT('',(225.513,130.386,-21.97));
#2405 = DIRECTION('',(0.,0.,1.));
#2406 = DIRECTION('',(1.,0.,0.));
#2407 = ADVANCED_FACE('',(#2408),#2435,.F.);
#2408 = FACE_BOUND('',#2409,.T.);
#2409 = EDGE_LOOP('',(#2410,#2418,#2427,#2433,#2434));
#2410 = ORIENTED_EDGE('',*,*,#2411,.F.);
#2411 = EDGE_CURVE('',#2412,#447,#2414,.T.);
#2412 = VERTEX_POINT('',#2413);
#2413 = CARTESIAN_POINT('',(366.36682420349,112.65091146469,
    -19.85233817672));
#2414 = LINE('',#2415,#2416);
#2415 = CARTESIAN_POINT('',(366.36682420349,112.65091146469,
    -19.85233817672));
#2416 = VECTOR('',#2417,1.);
#2417 = DIRECTION('',(0.,0.,1.));
#2418 = ORIENTED_EDGE('',*,*,#2419,.T.);
#2419 = EDGE_CURVE('',#2412,#2420,#2422,.T.);
#2420 = VERTEX_POINT('',#2421);
#2421 = CARTESIAN_POINT('',(363.19282420349,109.47691146469,
    -19.85233817672));
#2422 = CIRCLE('',#2423,3.174);
#2423 = AXIS2_PLACEMENT_3D('',#2424,#2425,#2426);
#2424 = CARTESIAN_POINT('',(363.19282420349,112.65091146469,
    -19.85233817672));
#2425 = DIRECTION('',(0.,0.,-1.));
#2426 = DIRECTION('',(0.,1.,0.));
#2427 = ORIENTED_EDGE('',*,*,#2428,.T.);
#2428 = EDGE_CURVE('',#2420,#464,#2429,.T.);
#2429 = LINE('',#2430,#2431);
#2430 = CARTESIAN_POINT('',(363.19282420349,109.47691146469,
    -19.85233817672));
#2431 = VECTOR('',#2432,1.);
#2432 = DIRECTION('',(0.,0.,1.));
#2433 = ORIENTED_EDGE('',*,*,#463,.T.);
#2434 = ORIENTED_EDGE('',*,*,#454,.T.);
#2435 = CYLINDRICAL_SURFACE('',#2436,3.174);
#2436 = AXIS2_PLACEMENT_3D('',#2437,#2438,#2439);
#2437 = CARTESIAN_POINT('',(363.19282420349,112.65091146469,
    -19.85233817672));
#2438 = DIRECTION('',(0.,0.,1.));
#2439 = DIRECTION('',(1.,0.,0.));
#2440 = ADVANCED_FACE('',(#2441),#2459,.T.);
#2441 = FACE_BOUND('',#2442,.T.);
#2442 = EDGE_LOOP('',(#2443,#2444,#2445,#2453));
#2443 = ORIENTED_EDGE('',*,*,#2411,.T.);
#2444 = ORIENTED_EDGE('',*,*,#446,.F.);
#2445 = ORIENTED_EDGE('',*,*,#2446,.F.);
#2446 = EDGE_CURVE('',#2447,#438,#2449,.T.);
#2447 = VERTEX_POINT('',#2448);
#2448 = CARTESIAN_POINT('',(366.36682420349,126.28091162872,
    -19.85233817672));
#2449 = LINE('',#2450,#2451);
#2450 = CARTESIAN_POINT('',(366.36682420349,126.28091162872,
    -19.85233817672));
#2451 = VECTOR('',#2452,1.);
#2452 = DIRECTION('',(0.,0.,1.));
#2453 = ORIENTED_EDGE('',*,*,#2454,.T.);
#2454 = EDGE_CURVE('',#2447,#2412,#2455,.T.);
#2455 = LINE('',#2456,#2457);
#2456 = CARTESIAN_POINT('',(366.36682420349,129.45491162872,
    -19.85233817672));
#2457 = VECTOR('',#2458,1.);
#2458 = DIRECTION('',(0.,-1.,0.));
#2459 = PLANE('',#2460);
#2460 = AXIS2_PLACEMENT_3D('',#2461,#2462,#2463);
#2461 = CARTESIAN_POINT('',(366.36682420349,129.45491162872,
    -19.85233817672));
#2462 = DIRECTION('',(-1.,0.,0.));
#2463 = DIRECTION('',(0.,0.,1.));
#2464 = ADVANCED_FACE('',(#2465),#2484,.F.);
#2465 = FACE_BOUND('',#2466,.F.);
#2466 = EDGE_LOOP('',(#2467,#2468,#2477,#2483));
#2467 = ORIENTED_EDGE('',*,*,#2446,.F.);
#2468 = ORIENTED_EDGE('',*,*,#2469,.T.);
#2469 = EDGE_CURVE('',#2447,#2470,#2472,.T.);
#2470 = VERTEX_POINT('',#2471);
#2471 = CARTESIAN_POINT('',(363.19282420349,129.45491162872,
    -19.85233817672));
#2472 = CIRCLE('',#2473,3.174);
#2473 = AXIS2_PLACEMENT_3D('',#2474,#2475,#2476);
#2474 = CARTESIAN_POINT('',(363.19282420349,126.28091162872,
    -19.85233817672));
#2475 = DIRECTION('',(0.,-0.,1.));
#2476 = DIRECTION('',(0.,1.,0.));
#2477 = ORIENTED_EDGE('',*,*,#2478,.T.);
#2478 = EDGE_CURVE('',#2470,#430,#2479,.T.);
#2479 = LINE('',#2480,#2481);
#2480 = CARTESIAN_POINT('',(363.19282420349,129.45491162872,
    -19.85233817672));
#2481 = VECTOR('',#2482,1.);
#2482 = DIRECTION('',(0.,0.,1.));
#2483 = ORIENTED_EDGE('',*,*,#437,.F.);
#2484 = CYLINDRICAL_SURFACE('',#2485,3.174);
#2485 = AXIS2_PLACEMENT_3D('',#2486,#2487,#2488);
#2486 = CARTESIAN_POINT('',(363.19282420349,126.28091162872,
    -19.85233817672));
#2487 = DIRECTION('',(0.,0.,1.));
#2488 = DIRECTION('',(1.,0.,0.));
#2489 = ADVANCED_FACE('',(#2490),#2508,.T.);
#2490 = FACE_BOUND('',#2491,.T.);
#2491 = EDGE_LOOP('',(#2492,#2500,#2506,#2507));
#2492 = ORIENTED_EDGE('',*,*,#2493,.F.);
#2493 = EDGE_CURVE('',#2494,#421,#2496,.T.);
#2494 = VERTEX_POINT('',#2495);
#2495 = CARTESIAN_POINT('',(347.5308239746,129.45491162872,
    -19.85233817672));
#2496 = LINE('',#2497,#2498);
#2497 = CARTESIAN_POINT('',(347.5308239746,129.45491162872,
    -19.85233817672));
#2498 = VECTOR('',#2499,1.);
#2499 = DIRECTION('',(0.,0.,1.));
#2500 = ORIENTED_EDGE('',*,*,#2501,.F.);
#2501 = EDGE_CURVE('',#2470,#2494,#2502,.T.);
#2502 = LINE('',#2503,#2504);
#2503 = CARTESIAN_POINT('',(366.36682420349,129.45491162872,
    -19.85233817672));
#2504 = VECTOR('',#2505,1.);
#2505 = DIRECTION('',(-1.,0.,0.));
#2506 = ORIENTED_EDGE('',*,*,#2478,.T.);
#2507 = ORIENTED_EDGE('',*,*,#429,.F.);
#2508 = PLANE('',#2509);
#2509 = AXIS2_PLACEMENT_3D('',#2510,#2511,#2512);
#2510 = CARTESIAN_POINT('',(366.36682420349,129.45491162872,
    -19.85233817672));
#2511 = DIRECTION('',(0.,-1.,0.));
#2512 = DIRECTION('',(0.,0.,1.));
#2513 = ADVANCED_FACE('',(#2514),#2533,.F.);
#2514 = FACE_BOUND('',#2515,.F.);
#2515 = EDGE_LOOP('',(#2516,#2517,#2526,#2532));
#2516 = ORIENTED_EDGE('',*,*,#2493,.F.);
#2517 = ORIENTED_EDGE('',*,*,#2518,.T.);
#2518 = EDGE_CURVE('',#2494,#2519,#2521,.T.);
#2519 = VERTEX_POINT('',#2520);
#2520 = CARTESIAN_POINT('',(344.3568239746,126.28091162872,
    -19.85233817672));
#2521 = CIRCLE('',#2522,3.174);
#2522 = AXIS2_PLACEMENT_3D('',#2523,#2524,#2525);
#2523 = CARTESIAN_POINT('',(347.5308239746,126.28091162872,
    -19.85233817672));
#2524 = DIRECTION('',(0.,-0.,1.));
#2525 = DIRECTION('',(0.,1.,0.));
#2526 = ORIENTED_EDGE('',*,*,#2527,.T.);
#2527 = EDGE_CURVE('',#2519,#413,#2528,.T.);
#2528 = LINE('',#2529,#2530);
#2529 = CARTESIAN_POINT('',(344.3568239746,126.28091162872,
    -19.85233817672));
#2530 = VECTOR('',#2531,1.);
#2531 = DIRECTION('',(0.,0.,1.));
#2532 = ORIENTED_EDGE('',*,*,#420,.F.);
#2533 = CYLINDRICAL_SURFACE('',#2534,3.174);
#2534 = AXIS2_PLACEMENT_3D('',#2535,#2536,#2537);
#2535 = CARTESIAN_POINT('',(347.5308239746,126.28091162872,
    -19.85233817672));
#2536 = DIRECTION('',(0.,0.,1.));
#2537 = DIRECTION('',(0.,1.,0.));
#2538 = ADVANCED_FACE('',(#2539),#2573,.F.);
#2539 = FACE_BOUND('',#2540,.F.);
#2540 = EDGE_LOOP('',(#2541,#2551,#2559,#2565,#2566,#2567));
#2541 = ORIENTED_EDGE('',*,*,#2542,.T.);
#2542 = EDGE_CURVE('',#2543,#2545,#2547,.T.);
#2543 = VERTEX_POINT('',#2544);
#2544 = CARTESIAN_POINT('',(344.3568239746,112.65091146469,
    -19.85233817672));
#2545 = VERTEX_POINT('',#2546);
#2546 = CARTESIAN_POINT('',(344.3568239746,112.65091146469,
    -12.70230102539));
#2547 = LINE('',#2548,#2549);
#2548 = CARTESIAN_POINT('',(344.3568239746,112.65091146469,
    -19.85233817672));
#2549 = VECTOR('',#2550,1.);
#2550 = DIRECTION('',(0.,0.,1.));
#2551 = ORIENTED_EDGE('',*,*,#2552,.F.);
#2552 = EDGE_CURVE('',#2553,#2545,#2555,.T.);
#2553 = VERTEX_POINT('',#2554);
#2554 = CARTESIAN_POINT('',(344.3568239746,124.2475591278,
    -12.70230102539));
#2555 = LINE('',#2556,#2557);
#2556 = CARTESIAN_POINT('',(344.3568239746,126.85123537826,
    -12.70230102539));
#2557 = VECTOR('',#2558,1.);
#2558 = DIRECTION('',(0.,-1.,0.));
#2559 = ORIENTED_EDGE('',*,*,#2560,.F.);
#2560 = EDGE_CURVE('',#405,#2553,#2561,.T.);
#2561 = LINE('',#2562,#2563);
#2562 = CARTESIAN_POINT('',(344.3568239746,124.2475591278,
    -16.27731960105));
#2563 = VECTOR('',#2564,1.);
#2564 = DIRECTION('',(-0.,-0.,-1.));
#2565 = ORIENTED_EDGE('',*,*,#412,.F.);
#2566 = ORIENTED_EDGE('',*,*,#2527,.F.);
#2567 = ORIENTED_EDGE('',*,*,#2568,.T.);
#2568 = EDGE_CURVE('',#2519,#2543,#2569,.T.);
#2569 = LINE('',#2570,#2571);
#2570 = CARTESIAN_POINT('',(344.3568239746,129.45491162872,
    -19.85233817672));
#2571 = VECTOR('',#2572,1.);
#2572 = DIRECTION('',(0.,-1.,0.));
#2573 = PLANE('',#2574);
#2574 = AXIS2_PLACEMENT_3D('',#2575,#2576,#2577);
#2575 = CARTESIAN_POINT('',(344.3568239746,129.45491162872,
    -19.85233817672));
#2576 = DIRECTION('',(-1.,0.,0.));
#2577 = DIRECTION('',(0.,0.,1.));
#2578 = ADVANCED_FACE('',(#2579),#2597,.T.);
#2579 = FACE_BOUND('',#2580,.T.);
#2580 = EDGE_LOOP('',(#2581,#2589,#2595,#2596));
#2581 = ORIENTED_EDGE('',*,*,#2582,.F.);
#2582 = EDGE_CURVE('',#2583,#396,#2585,.T.);
#2583 = VERTEX_POINT('',#2584);
#2584 = CARTESIAN_POINT('',(323.62049819183,124.2475591278,
    -12.70230102539));
#2585 = LINE('',#2586,#2587);
#2586 = CARTESIAN_POINT('',(323.62049819183,124.2475591278,
    -12.70230102539));
#2587 = VECTOR('',#2588,1.);
#2588 = DIRECTION('',(0.,0.,1.));
#2589 = ORIENTED_EDGE('',*,*,#2590,.F.);
#2590 = EDGE_CURVE('',#2553,#2583,#2591,.T.);
#2591 = LINE('',#2592,#2593);
#2592 = CARTESIAN_POINT('',(355.13732365417,124.2475591278,
    -12.70230102539));
#2593 = VECTOR('',#2594,1.);
#2594 = DIRECTION('',(-1.,0.,0.));
#2595 = ORIENTED_EDGE('',*,*,#2560,.F.);
#2596 = ORIENTED_EDGE('',*,*,#404,.F.);
#2597 = PLANE('',#2598);
#2598 = AXIS2_PLACEMENT_3D('',#2599,#2600,#2601);
#2599 = CARTESIAN_POINT('',(355.13732365417,124.2475591278,
    -12.70230102539));
#2600 = DIRECTION('',(0.,-1.,0.));
#2601 = DIRECTION('',(0.,0.,1.));
#2602 = ADVANCED_FACE('',(#2603),#2622,.F.);
#2603 = FACE_BOUND('',#2604,.F.);
#2604 = EDGE_LOOP('',(#2605,#2606,#2615,#2621));
#2605 = ORIENTED_EDGE('',*,*,#2582,.F.);
#2606 = ORIENTED_EDGE('',*,*,#2607,.T.);
#2607 = EDGE_CURVE('',#2583,#2608,#2610,.T.);
#2608 = VERTEX_POINT('',#2609);
#2609 = CARTESIAN_POINT('',(320.44649819183,121.0735591278,
    -12.70230102539));
#2610 = CIRCLE('',#2611,3.174);
#2611 = AXIS2_PLACEMENT_3D('',#2612,#2613,#2614);
#2612 = CARTESIAN_POINT('',(323.62049819183,121.0735591278,
    -12.70230102539));
#2613 = DIRECTION('',(0.,-0.,1.));
#2614 = DIRECTION('',(0.,1.,0.));
#2615 = ORIENTED_EDGE('',*,*,#2616,.T.);
#2616 = EDGE_CURVE('',#2608,#386,#2617,.T.);
#2617 = LINE('',#2618,#2619);
#2618 = CARTESIAN_POINT('',(320.44649819183,121.0735591278,
    -12.70230102539));
#2619 = VECTOR('',#2620,1.);
#2620 = DIRECTION('',(0.,0.,1.));
#2621 = ORIENTED_EDGE('',*,*,#395,.F.);
#2622 = CYLINDRICAL_SURFACE('',#2623,3.174);
#2623 = AXIS2_PLACEMENT_3D('',#2624,#2625,#2626);
#2624 = CARTESIAN_POINT('',(323.62049819183,121.0735591278,
    -12.70230102539));
#2625 = DIRECTION('',(0.,0.,1.));
#2626 = DIRECTION('',(0.,1.,0.));
#2627 = ADVANCED_FACE('',(#2628),#2646,.F.);
#2628 = FACE_BOUND('',#2629,.F.);
#2629 = EDGE_LOOP('',(#2630,#2638,#2639,#2640));
#2630 = ORIENTED_EDGE('',*,*,#2631,.T.);
#2631 = EDGE_CURVE('',#2632,#388,#2634,.T.);
#2632 = VERTEX_POINT('',#2633);
#2633 = CARTESIAN_POINT('',(320.44649819183,98.021559509277,
    -12.70230102539));
#2634 = LINE('',#2635,#2636);
#2635 = CARTESIAN_POINT('',(320.44649819183,98.021559509277,
    -12.70230102539));
#2636 = VECTOR('',#2637,1.);
#2637 = DIRECTION('',(0.,0.,1.));
#2638 = ORIENTED_EDGE('',*,*,#385,.F.);
#2639 = ORIENTED_EDGE('',*,*,#2616,.F.);
#2640 = ORIENTED_EDGE('',*,*,#2641,.T.);
#2641 = EDGE_CURVE('',#2608,#2632,#2642,.T.);
#2642 = LINE('',#2643,#2644);
#2643 = CARTESIAN_POINT('',(320.44649819183,124.2475591278,
    -12.70230102539));
#2644 = VECTOR('',#2645,1.);
#2645 = DIRECTION('',(0.,-1.,0.));
#2646 = PLANE('',#2647);
#2647 = AXIS2_PLACEMENT_3D('',#2648,#2649,#2650);
#2648 = CARTESIAN_POINT('',(320.44649819183,124.2475591278,
    -12.70230102539));
#2649 = DIRECTION('',(-1.,0.,0.));
#2650 = DIRECTION('',(0.,0.,1.));
#2651 = ADVANCED_FACE('',(#2652),#2671,.F.);
#2652 = FACE_BOUND('',#2653,.F.);
#2653 = EDGE_LOOP('',(#2654,#2655,#2664,#2670));
#2654 = ORIENTED_EDGE('',*,*,#2631,.F.);
#2655 = ORIENTED_EDGE('',*,*,#2656,.T.);
#2656 = EDGE_CURVE('',#2632,#2657,#2659,.T.);
#2657 = VERTEX_POINT('',#2658);
#2658 = CARTESIAN_POINT('',(323.62049819183,94.847559509277,
    -12.70230102539));
#2659 = CIRCLE('',#2660,3.174);
#2660 = AXIS2_PLACEMENT_3D('',#2661,#2662,#2663);
#2661 = CARTESIAN_POINT('',(323.62049819183,98.021559509277,
    -12.70230102539));
#2662 = DIRECTION('',(0.,-0.,1.));
#2663 = DIRECTION('',(0.,1.,0.));
#2664 = ORIENTED_EDGE('',*,*,#2665,.T.);
#2665 = EDGE_CURVE('',#2657,#498,#2666,.T.);
#2666 = LINE('',#2667,#2668);
#2667 = CARTESIAN_POINT('',(323.62049819183,94.847559509277,
    -12.70230102539));
#2668 = VECTOR('',#2669,1.);
#2669 = DIRECTION('',(0.,0.,1.));
#2670 = ORIENTED_EDGE('',*,*,#505,.F.);
#2671 = CYLINDRICAL_SURFACE('',#2672,3.174);
#2672 = AXIS2_PLACEMENT_3D('',#2673,#2674,#2675);
#2673 = CARTESIAN_POINT('',(323.62049819183,98.021559509277,
    -12.70230102539));
#2674 = DIRECTION('',(0.,0.,1.));
#2675 = DIRECTION('',(-1.,0.,0.));
#2676 = ADVANCED_FACE('',(#2677),#2695,.F.);
#2677 = FACE_BOUND('',#2678,.F.);
#2678 = EDGE_LOOP('',(#2679,#2680,#2688,#2694));
#2679 = ORIENTED_EDGE('',*,*,#2665,.F.);
#2680 = ORIENTED_EDGE('',*,*,#2681,.F.);
#2681 = EDGE_CURVE('',#2682,#2657,#2684,.T.);
#2682 = VERTEX_POINT('',#2683);
#2683 = CARTESIAN_POINT('',(351.96332365417,94.847559509277,
    -12.70230102539));
#2684 = LINE('',#2685,#2686);
#2685 = CARTESIAN_POINT('',(355.13732365417,94.847559509277,
    -12.70230102539));
#2686 = VECTOR('',#2687,1.);
#2687 = DIRECTION('',(-1.,0.,0.));
#2688 = ORIENTED_EDGE('',*,*,#2689,.T.);
#2689 = EDGE_CURVE('',#2682,#489,#2690,.T.);
#2690 = LINE('',#2691,#2692);
#2691 = CARTESIAN_POINT('',(351.96332365417,94.847559509277,
    -12.70230102539));
#2692 = VECTOR('',#2693,1.);
#2693 = DIRECTION('',(0.,0.,1.));
#2694 = ORIENTED_EDGE('',*,*,#497,.F.);
#2695 = PLANE('',#2696);
#2696 = AXIS2_PLACEMENT_3D('',#2697,#2698,#2699);
#2697 = CARTESIAN_POINT('',(355.13732365417,94.847559509277,
    -12.70230102539));
#2698 = DIRECTION('',(0.,-1.,0.));
#2699 = DIRECTION('',(0.,0.,1.));
#2700 = ADVANCED_FACE('',(#2701,#2741),#2752,.T.);
#2701 = FACE_BOUND('',#2702,.T.);
#2702 = EDGE_LOOP('',(#2703,#2704,#2705,#2706,#2715,#2723,#2731,#2738,
    #2739,#2740));
#2703 = ORIENTED_EDGE('',*,*,#2641,.T.);
#2704 = ORIENTED_EDGE('',*,*,#2656,.T.);
#2705 = ORIENTED_EDGE('',*,*,#2681,.F.);
#2706 = ORIENTED_EDGE('',*,*,#2707,.F.);
#2707 = EDGE_CURVE('',#2708,#2682,#2710,.T.);
#2708 = VERTEX_POINT('',#2709);
#2709 = CARTESIAN_POINT('',(355.13732365417,98.021559509277,
    -12.70230102539));
#2710 = CIRCLE('',#2711,3.174);
#2711 = AXIS2_PLACEMENT_3D('',#2712,#2713,#2714);
#2712 = CARTESIAN_POINT('',(351.96332365417,98.021559509277,
    -12.70230102539));
#2713 = DIRECTION('',(0.,0.,-1.));
#2714 = DIRECTION('',(0.,1.,0.));
#2715 = ORIENTED_EDGE('',*,*,#2716,.F.);
#2716 = EDGE_CURVE('',#2717,#2708,#2719,.T.);
#2717 = VERTEX_POINT('',#2718);
#2718 = CARTESIAN_POINT('',(355.13732365417,109.47691146469,
    -12.70230102539));
#2719 = LINE('',#2720,#2721);
#2720 = CARTESIAN_POINT('',(355.13732365417,124.2475591278,
    -12.70230102539));
#2721 = VECTOR('',#2722,1.);
#2722 = DIRECTION('',(0.,-1.,0.));
#2723 = ORIENTED_EDGE('',*,*,#2724,.F.);
#2724 = EDGE_CURVE('',#2725,#2717,#2727,.T.);
#2725 = VERTEX_POINT('',#2726);
#2726 = CARTESIAN_POINT('',(347.5308239746,109.47691146469,
    -12.70230102539));
#2727 = LINE('',#2728,#2729);
#2728 = CARTESIAN_POINT('',(360.75207392883,109.47691146469,
    -12.70230102539));
#2729 = VECTOR('',#2730,1.);
#2730 = DIRECTION('',(1.,0.,0.));
#2731 = ORIENTED_EDGE('',*,*,#2732,.F.);
#2732 = EDGE_CURVE('',#2545,#2725,#2733,.T.);
#2733 = CIRCLE('',#2734,3.174);
#2734 = AXIS2_PLACEMENT_3D('',#2735,#2736,#2737);
#2735 = CARTESIAN_POINT('',(347.5308239746,112.65091146469,
    -12.70230102539));
#2736 = DIRECTION('',(0.,0.,1.));
#2737 = DIRECTION('',(-1.,0.,0.));
#2738 = ORIENTED_EDGE('',*,*,#2552,.F.);
#2739 = ORIENTED_EDGE('',*,*,#2590,.T.);
#2740 = ORIENTED_EDGE('',*,*,#2607,.T.);
#2741 = FACE_BOUND('',#2742,.T.);
#2742 = EDGE_LOOP('',(#2743));
#2743 = ORIENTED_EDGE('',*,*,#2744,.T.);
#2744 = EDGE_CURVE('',#2745,#2745,#2747,.T.);
#2745 = VERTEX_POINT('',#2746);
#2746 = CARTESIAN_POINT('',(340.360375634,109.56,-12.70230102539));
#2747 = CIRCLE('',#2748,1.7272);
#2748 = AXIS2_PLACEMENT_3D('',#2749,#2750,#2751);
#2749 = CARTESIAN_POINT('',(338.633175634,109.56,-12.70230102539));
#2750 = DIRECTION('',(0.,0.,-1.));
#2751 = DIRECTION('',(1.,-0.,0.));
#2752 = PLANE('',#2753);
#2753 = AXIS2_PLACEMENT_3D('',#2754,#2755,#2756);
#2754 = CARTESIAN_POINT('',(355.13732365417,124.2475591278,
    -12.70230102539));
#2755 = DIRECTION('',(0.,0.,1.));
#2756 = DIRECTION('',(-1.,0.,0.));
#2757 = ADVANCED_FACE('',(#2758),#2777,.F.);
#2758 = FACE_BOUND('',#2759,.F.);
#2759 = EDGE_LOOP('',(#2760,#2761,#2769,#2776));
#2760 = ORIENTED_EDGE('',*,*,#2744,.T.);
#2761 = ORIENTED_EDGE('',*,*,#2762,.T.);
#2762 = EDGE_CURVE('',#2745,#2763,#2765,.T.);
#2763 = VERTEX_POINT('',#2764);
#2764 = CARTESIAN_POINT('',(340.360375634,109.56,-38.1));
#2765 = LINE('',#2766,#2767);
#2766 = CARTESIAN_POINT('',(340.360375634,109.56,-12.7));
#2767 = VECTOR('',#2768,1.);
#2768 = DIRECTION('',(0.,0.,-1.));
#2769 = ORIENTED_EDGE('',*,*,#2770,.F.);
#2770 = EDGE_CURVE('',#2763,#2763,#2771,.T.);
#2771 = CIRCLE('',#2772,1.7272);
#2772 = AXIS2_PLACEMENT_3D('',#2773,#2774,#2775);
#2773 = CARTESIAN_POINT('',(338.633175634,109.56,-38.1));
#2774 = DIRECTION('',(0.,0.,-1.));
#2775 = DIRECTION('',(1.,0.,0.));
#2776 = ORIENTED_EDGE('',*,*,#2762,.F.);
#2777 = CYLINDRICAL_SURFACE('',#2778,1.7272);
#2778 = AXIS2_PLACEMENT_3D('',#2779,#2780,#2781);
#2779 = CARTESIAN_POINT('',(338.633175634,109.56,-12.7));
#2780 = DIRECTION('',(0.,0.,-1.));
#2781 = DIRECTION('',(1.,-0.,0.));
#2782 = ADVANCED_FACE('',(#2783),#2794,.F.);
#2783 = FACE_BOUND('',#2784,.T.);
#2784 = EDGE_LOOP('',(#2785,#2791,#2792,#2793));
#2785 = ORIENTED_EDGE('',*,*,#2786,.F.);
#2786 = EDGE_CURVE('',#2708,#481,#2787,.T.);
#2787 = LINE('',#2788,#2789);
#2788 = CARTESIAN_POINT('',(355.13732365417,98.021559509277,
    -12.70230102539));
#2789 = VECTOR('',#2790,1.);
#2790 = DIRECTION('',(0.,0.,1.));
#2791 = ORIENTED_EDGE('',*,*,#2707,.T.);
#2792 = ORIENTED_EDGE('',*,*,#2689,.T.);
#2793 = ORIENTED_EDGE('',*,*,#488,.T.);
#2794 = CYLINDRICAL_SURFACE('',#2795,3.174);
#2795 = AXIS2_PLACEMENT_3D('',#2796,#2797,#2798);
#2796 = CARTESIAN_POINT('',(351.96332365417,98.021559509277,
    -12.70230102539));
#2797 = DIRECTION('',(0.,0.,1.));
#2798 = DIRECTION('',(1.,0.,0.));
#2799 = ADVANCED_FACE('',(#2800),#2811,.T.);
#2800 = FACE_BOUND('',#2801,.T.);
#2801 = EDGE_LOOP('',(#2802,#2803,#2804,#2805));
#2802 = ORIENTED_EDGE('',*,*,#2716,.T.);
#2803 = ORIENTED_EDGE('',*,*,#2786,.T.);
#2804 = ORIENTED_EDGE('',*,*,#480,.F.);
#2805 = ORIENTED_EDGE('',*,*,#2806,.F.);
#2806 = EDGE_CURVE('',#2717,#473,#2807,.T.);
#2807 = LINE('',#2808,#2809);
#2808 = CARTESIAN_POINT('',(355.13732365417,109.47691146469,
    -16.27731960105));
#2809 = VECTOR('',#2810,1.);
#2810 = DIRECTION('',(0.,0.,1.));
#2811 = PLANE('',#2812);
#2812 = AXIS2_PLACEMENT_3D('',#2813,#2814,#2815);
#2813 = CARTESIAN_POINT('',(355.13732365417,124.2475591278,
    -12.70230102539));
#2814 = DIRECTION('',(-1.,0.,0.));
#2815 = DIRECTION('',(0.,0.,1.));
#2816 = ADVANCED_FACE('',(#2817),#2837,.F.);
#2817 = FACE_BOUND('',#2818,.F.);
#2818 = EDGE_LOOP('',(#2819,#2827,#2833,#2834,#2835,#2836));
#2819 = ORIENTED_EDGE('',*,*,#2820,.F.);
#2820 = EDGE_CURVE('',#2821,#2725,#2823,.T.);
#2821 = VERTEX_POINT('',#2822);
#2822 = CARTESIAN_POINT('',(347.5308239746,109.47691146469,
    -19.85233817672));
#2823 = LINE('',#2824,#2825);
#2824 = CARTESIAN_POINT('',(347.5308239746,109.47691146469,
    -19.85233817672));
#2825 = VECTOR('',#2826,1.);
#2826 = DIRECTION('',(0.,0.,1.));
#2827 = ORIENTED_EDGE('',*,*,#2828,.F.);
#2828 = EDGE_CURVE('',#2420,#2821,#2829,.T.);
#2829 = LINE('',#2830,#2831);
#2830 = CARTESIAN_POINT('',(366.36682420349,109.47691146469,
    -19.85233817672));
#2831 = VECTOR('',#2832,1.);
#2832 = DIRECTION('',(-1.,0.,0.));
#2833 = ORIENTED_EDGE('',*,*,#2428,.T.);
#2834 = ORIENTED_EDGE('',*,*,#472,.F.);
#2835 = ORIENTED_EDGE('',*,*,#2806,.F.);
#2836 = ORIENTED_EDGE('',*,*,#2724,.F.);
#2837 = PLANE('',#2838);
#2838 = AXIS2_PLACEMENT_3D('',#2839,#2840,#2841);
#2839 = CARTESIAN_POINT('',(366.36682420349,109.47691146469,
    -19.85233817672));
#2840 = DIRECTION('',(0.,-1.,0.));
#2841 = DIRECTION('',(0.,0.,1.));
#2842 = ADVANCED_FACE('',(#2843),#2859,.T.);
#2843 = FACE_BOUND('',#2844,.T.);
#2844 = EDGE_LOOP('',(#2845,#2846,#2853,#2854,#2855,#2856,#2857,#2858));
#2845 = ORIENTED_EDGE('',*,*,#2568,.T.);
#2846 = ORIENTED_EDGE('',*,*,#2847,.T.);
#2847 = EDGE_CURVE('',#2543,#2821,#2848,.T.);
#2848 = CIRCLE('',#2849,3.174);
#2849 = AXIS2_PLACEMENT_3D('',#2850,#2851,#2852);
#2850 = CARTESIAN_POINT('',(347.5308239746,112.65091146469,
    -19.85233817672));
#2851 = DIRECTION('',(0.,-0.,1.));
#2852 = DIRECTION('',(0.,1.,0.));
#2853 = ORIENTED_EDGE('',*,*,#2828,.F.);
#2854 = ORIENTED_EDGE('',*,*,#2419,.F.);
#2855 = ORIENTED_EDGE('',*,*,#2454,.F.);
#2856 = ORIENTED_EDGE('',*,*,#2469,.T.);
#2857 = ORIENTED_EDGE('',*,*,#2501,.T.);
#2858 = ORIENTED_EDGE('',*,*,#2518,.T.);
#2859 = PLANE('',#2860);
#2860 = AXIS2_PLACEMENT_3D('',#2861,#2862,#2863);
#2861 = CARTESIAN_POINT('',(366.36682420349,129.45491162872,
    -19.85233817672));
#2862 = DIRECTION('',(0.,0.,1.));
#2863 = DIRECTION('',(-1.,0.,0.));
#2864 = ADVANCED_FACE('',(#2865),#2871,.F.);
#2865 = FACE_BOUND('',#2866,.F.);
#2866 = EDGE_LOOP('',(#2867,#2868,#2869,#2870));
#2867 = ORIENTED_EDGE('',*,*,#2542,.F.);
#2868 = ORIENTED_EDGE('',*,*,#2847,.T.);
#2869 = ORIENTED_EDGE('',*,*,#2820,.T.);
#2870 = ORIENTED_EDGE('',*,*,#2732,.F.);
#2871 = CYLINDRICAL_SURFACE('',#2872,3.174);
#2872 = AXIS2_PLACEMENT_3D('',#2873,#2874,#2875);
#2873 = CARTESIAN_POINT('',(347.5308239746,112.65091146469,
    -19.85233817672));
#2874 = DIRECTION('',(0.,0.,1.));
#2875 = DIRECTION('',(-1.,0.,0.));
#2876 = ADVANCED_FACE('',(#2877),#2902,.F.);
#2877 = FACE_BOUND('',#2878,.F.);
#2878 = EDGE_LOOP('',(#2879,#2887,#2888,#2896));
#2879 = ORIENTED_EDGE('',*,*,#2880,.T.);
#2880 = EDGE_CURVE('',#2881,#517,#2883,.T.);
#2881 = VERTEX_POINT('',#2882);
#2882 = CARTESIAN_POINT('',(107.78150180816,47.098440490723,
    -12.70230102539));
#2883 = LINE('',#2884,#2885);
#2884 = CARTESIAN_POINT('',(107.78150180816,47.098440490723,
    -12.70230102539));
#2885 = VECTOR('',#2886,1.);
#2886 = DIRECTION('',(0.,0.,1.));
#2887 = ORIENTED_EDGE('',*,*,#514,.F.);
#2888 = ORIENTED_EDGE('',*,*,#2889,.F.);
#2889 = EDGE_CURVE('',#2890,#515,#2892,.T.);
#2890 = VERTEX_POINT('',#2891);
#2891 = CARTESIAN_POINT('',(107.78150180816,24.046440872192,
    -12.70230102539));
#2892 = LINE('',#2893,#2894);
#2893 = CARTESIAN_POINT('',(107.78150180816,24.046440872192,
    -12.70230102539));
#2894 = VECTOR('',#2895,1.);
#2895 = DIRECTION('',(0.,0.,1.));
#2896 = ORIENTED_EDGE('',*,*,#2897,.T.);
#2897 = EDGE_CURVE('',#2890,#2881,#2898,.T.);
#2898 = LINE('',#2899,#2900);
#2899 = CARTESIAN_POINT('',(107.78150180816,20.872440872192,
    -12.70230102539));
#2900 = VECTOR('',#2901,1.);
#2901 = DIRECTION('',(0.,1.,0.));
#2902 = PLANE('',#2903);
#2903 = AXIS2_PLACEMENT_3D('',#2904,#2905,#2906);
#2904 = CARTESIAN_POINT('',(107.78150180816,20.872440872192,
    -12.70230102539));
#2905 = DIRECTION('',(1.,0.,0.));
#2906 = DIRECTION('',(0.,0.,1.));
#2907 = ADVANCED_FACE('',(#2908),#2927,.F.);
#2908 = FACE_BOUND('',#2909,.F.);
#2909 = EDGE_LOOP('',(#2910,#2918,#2925,#2926));
#2910 = ORIENTED_EDGE('',*,*,#2911,.F.);
#2911 = EDGE_CURVE('',#2912,#525,#2914,.T.);
#2912 = VERTEX_POINT('',#2913);
#2913 = CARTESIAN_POINT('',(104.60750180816,20.872440872192,
    -12.70230102539));
#2914 = LINE('',#2915,#2916);
#2915 = CARTESIAN_POINT('',(104.60750180816,20.872440872192,
    -12.70230102539));
#2916 = VECTOR('',#2917,1.);
#2917 = DIRECTION('',(0.,0.,1.));
#2918 = ORIENTED_EDGE('',*,*,#2919,.T.);
#2919 = EDGE_CURVE('',#2912,#2890,#2920,.T.);
#2920 = CIRCLE('',#2921,3.174);
#2921 = AXIS2_PLACEMENT_3D('',#2922,#2923,#2924);
#2922 = CARTESIAN_POINT('',(104.60750180816,24.046440872192,
    -12.70230102539));
#2923 = DIRECTION('',(-0.,0.,1.));
#2924 = DIRECTION('',(0.,-1.,0.));
#2925 = ORIENTED_EDGE('',*,*,#2889,.T.);
#2926 = ORIENTED_EDGE('',*,*,#524,.F.);
#2927 = CYLINDRICAL_SURFACE('',#2928,3.174);
#2928 = AXIS2_PLACEMENT_3D('',#2929,#2930,#2931);
#2929 = CARTESIAN_POINT('',(104.60750180816,24.046440872192,
    -12.70230102539));
#2930 = DIRECTION('',(0.,0.,1.));
#2931 = DIRECTION('',(0.,-1.,0.));
#2932 = ADVANCED_FACE('',(#2933),#2952,.F.);
#2933 = FACE_BOUND('',#2934,.F.);
#2934 = EDGE_LOOP('',(#2935,#2936,#2945,#2951));
#2935 = ORIENTED_EDGE('',*,*,#2880,.F.);
#2936 = ORIENTED_EDGE('',*,*,#2937,.T.);
#2937 = EDGE_CURVE('',#2881,#2938,#2940,.T.);
#2938 = VERTEX_POINT('',#2939);
#2939 = CARTESIAN_POINT('',(104.60750180816,50.272440490723,
    -12.70230102539));
#2940 = CIRCLE('',#2941,3.174);
#2941 = AXIS2_PLACEMENT_3D('',#2942,#2943,#2944);
#2942 = CARTESIAN_POINT('',(104.60750180816,47.098440490723,
    -12.70230102539));
#2943 = DIRECTION('',(-0.,0.,1.));
#2944 = DIRECTION('',(0.,-1.,0.));
#2945 = ORIENTED_EDGE('',*,*,#2946,.T.);
#2946 = EDGE_CURVE('',#2938,#627,#2947,.T.);
#2947 = LINE('',#2948,#2949);
#2948 = CARTESIAN_POINT('',(104.60750180816,50.272440490723,
    -12.70230102539));
#2949 = VECTOR('',#2950,1.);
#2950 = DIRECTION('',(0.,0.,1.));
#2951 = ORIENTED_EDGE('',*,*,#634,.F.);
#2952 = CYLINDRICAL_SURFACE('',#2953,3.174);
#2953 = AXIS2_PLACEMENT_3D('',#2954,#2955,#2956);
#2954 = CARTESIAN_POINT('',(104.60750180816,47.098440490723,
    -12.70230102539));
#2955 = DIRECTION('',(0.,0.,1.));
#2956 = DIRECTION('',(1.,0.,0.));
#2957 = ADVANCED_FACE('',(#2958),#2976,.T.);
#2958 = FACE_BOUND('',#2959,.T.);
#2959 = EDGE_LOOP('',(#2960,#2961,#2969,#2975));
#2960 = ORIENTED_EDGE('',*,*,#2911,.F.);
#2961 = ORIENTED_EDGE('',*,*,#2962,.F.);
#2962 = EDGE_CURVE('',#2963,#2912,#2965,.T.);
#2963 = VERTEX_POINT('',#2964);
#2964 = CARTESIAN_POINT('',(83.871176025391,20.872440872192,
    -12.70230102539));
#2965 = LINE('',#2966,#2967);
#2966 = CARTESIAN_POINT('',(73.090676345825,20.872440872192,
    -12.70230102539));
#2967 = VECTOR('',#2968,1.);
#2968 = DIRECTION('',(1.,0.,0.));
#2969 = ORIENTED_EDGE('',*,*,#2970,.F.);
#2970 = EDGE_CURVE('',#534,#2963,#2971,.T.);
#2971 = LINE('',#2972,#2973);
#2972 = CARTESIAN_POINT('',(83.871176025391,20.872440872192,
    -16.27731960105));
#2973 = VECTOR('',#2974,1.);
#2974 = DIRECTION('',(0.,0.,-1.));
#2975 = ORIENTED_EDGE('',*,*,#533,.F.);
#2976 = PLANE('',#2977);
#2977 = AXIS2_PLACEMENT_3D('',#2978,#2979,#2980);
#2978 = CARTESIAN_POINT('',(73.090676345825,20.872440872192,
    -12.70230102539));
#2979 = DIRECTION('',(0.,1.,0.));
#2980 = DIRECTION('',(0.,0.,1.));
#2981 = ADVANCED_FACE('',(#2982),#3000,.F.);
#2982 = FACE_BOUND('',#2983,.F.);
#2983 = EDGE_LOOP('',(#2984,#2985,#2993,#2999));
#2984 = ORIENTED_EDGE('',*,*,#2946,.F.);
#2985 = ORIENTED_EDGE('',*,*,#2986,.F.);
#2986 = EDGE_CURVE('',#2987,#2938,#2989,.T.);
#2987 = VERTEX_POINT('',#2988);
#2988 = CARTESIAN_POINT('',(76.264676345825,50.272440490723,
    -12.70230102539));
#2989 = LINE('',#2990,#2991);
#2990 = CARTESIAN_POINT('',(73.090676345825,50.272440490723,
    -12.70230102539));
#2991 = VECTOR('',#2992,1.);
#2992 = DIRECTION('',(1.,0.,0.));
#2993 = ORIENTED_EDGE('',*,*,#2994,.T.);
#2994 = EDGE_CURVE('',#2987,#618,#2995,.T.);
#2995 = LINE('',#2996,#2997);
#2996 = CARTESIAN_POINT('',(76.264676345825,50.272440490723,
    -12.70230102539));
#2997 = VECTOR('',#2998,1.);
#2998 = DIRECTION('',(0.,0.,1.));
#2999 = ORIENTED_EDGE('',*,*,#626,.F.);
#3000 = PLANE('',#3001);
#3001 = AXIS2_PLACEMENT_3D('',#3002,#3003,#3004);
#3002 = CARTESIAN_POINT('',(73.090676345825,50.272440490723,
    -12.70230102539));
#3003 = DIRECTION('',(0.,1.,0.));
#3004 = DIRECTION('',(0.,0.,1.));
#3005 = ADVANCED_FACE('',(#3006),#3040,.F.);
#3006 = FACE_BOUND('',#3007,.F.);
#3007 = EDGE_LOOP('',(#3008,#3018,#3024,#3025,#3026,#3034));
#3008 = ORIENTED_EDGE('',*,*,#3009,.T.);
#3009 = EDGE_CURVE('',#3010,#3012,#3014,.T.);
#3010 = VERTEX_POINT('',#3011);
#3011 = CARTESIAN_POINT('',(83.871176025391,32.469088535309,
    -19.85233817672));
#3012 = VERTEX_POINT('',#3013);
#3013 = CARTESIAN_POINT('',(83.871176025391,32.469088535309,
    -12.70230102539));
#3014 = LINE('',#3015,#3016);
#3015 = CARTESIAN_POINT('',(83.871176025391,32.469088535309,
    -19.85233817672));
#3016 = VECTOR('',#3017,1.);
#3017 = DIRECTION('',(0.,0.,1.));
#3018 = ORIENTED_EDGE('',*,*,#3019,.F.);
#3019 = EDGE_CURVE('',#2963,#3012,#3020,.T.);
#3020 = LINE('',#3021,#3022);
#3021 = CARTESIAN_POINT('',(83.871176025391,18.268764621735,
    -12.70230102539));
#3022 = VECTOR('',#3023,1.);
#3023 = DIRECTION('',(0.,1.,0.));
#3024 = ORIENTED_EDGE('',*,*,#2970,.F.);
#3025 = ORIENTED_EDGE('',*,*,#541,.F.);
#3026 = ORIENTED_EDGE('',*,*,#3027,.F.);
#3027 = EDGE_CURVE('',#3028,#542,#3030,.T.);
#3028 = VERTEX_POINT('',#3029);
#3029 = CARTESIAN_POINT('',(83.871176025391,18.839088371277,
    -19.85233817672));
#3030 = LINE('',#3031,#3032);
#3031 = CARTESIAN_POINT('',(83.871176025391,18.839088371277,
    -19.85233817672));
#3032 = VECTOR('',#3033,1.);
#3033 = DIRECTION('',(0.,0.,1.));
#3034 = ORIENTED_EDGE('',*,*,#3035,.T.);
#3035 = EDGE_CURVE('',#3028,#3010,#3036,.T.);
#3036 = LINE('',#3037,#3038);
#3037 = CARTESIAN_POINT('',(83.871176025391,15.665088371277,
    -19.85233817672));
#3038 = VECTOR('',#3039,1.);
#3039 = DIRECTION('',(0.,1.,0.));
#3040 = PLANE('',#3041);
#3041 = AXIS2_PLACEMENT_3D('',#3042,#3043,#3044);
#3042 = CARTESIAN_POINT('',(83.871176025391,15.665088371277,
    -19.85233817672));
#3043 = DIRECTION('',(1.,0.,0.));
#3044 = DIRECTION('',(0.,0.,1.));
#3045 = ADVANCED_FACE('',(#3046),#3065,.F.);
#3046 = FACE_BOUND('',#3047,.F.);
#3047 = EDGE_LOOP('',(#3048,#3056,#3063,#3064));
#3048 = ORIENTED_EDGE('',*,*,#3049,.F.);
#3049 = EDGE_CURVE('',#3050,#550,#3052,.T.);
#3050 = VERTEX_POINT('',#3051);
#3051 = CARTESIAN_POINT('',(80.697176025391,15.665088371277,
    -19.85233817672));
#3052 = LINE('',#3053,#3054);
#3053 = CARTESIAN_POINT('',(80.697176025391,15.665088371277,
    -19.85233817672));
#3054 = VECTOR('',#3055,1.);
#3055 = DIRECTION('',(0.,0.,1.));
#3056 = ORIENTED_EDGE('',*,*,#3057,.T.);
#3057 = EDGE_CURVE('',#3050,#3028,#3058,.T.);
#3058 = CIRCLE('',#3059,3.174);
#3059 = AXIS2_PLACEMENT_3D('',#3060,#3061,#3062);
#3060 = CARTESIAN_POINT('',(80.697176025391,18.839088371277,
    -19.85233817672));
#3061 = DIRECTION('',(-0.,0.,1.));
#3062 = DIRECTION('',(0.,-1.,0.));
#3063 = ORIENTED_EDGE('',*,*,#3027,.T.);
#3064 = ORIENTED_EDGE('',*,*,#549,.F.);
#3065 = CYLINDRICAL_SURFACE('',#3066,3.174);
#3066 = AXIS2_PLACEMENT_3D('',#3067,#3068,#3069);
#3067 = CARTESIAN_POINT('',(80.697176025391,18.839088371277,
    -19.85233817672));
#3068 = DIRECTION('',(0.,0.,1.));
#3069 = DIRECTION('',(0.,-1.,0.));
#3070 = ADVANCED_FACE('',(#3071),#3089,.T.);
#3071 = FACE_BOUND('',#3072,.T.);
#3072 = EDGE_LOOP('',(#3073,#3074,#3082,#3088));
#3073 = ORIENTED_EDGE('',*,*,#3049,.F.);
#3074 = ORIENTED_EDGE('',*,*,#3075,.F.);
#3075 = EDGE_CURVE('',#3076,#3050,#3078,.T.);
#3076 = VERTEX_POINT('',#3077);
#3077 = CARTESIAN_POINT('',(65.035175796509,15.665088371277,
    -19.85233817672));
#3078 = LINE('',#3079,#3080);
#3079 = CARTESIAN_POINT('',(61.861175796509,15.665088371277,
    -19.85233817672));
#3080 = VECTOR('',#3081,1.);
#3081 = DIRECTION('',(1.,0.,0.));
#3082 = ORIENTED_EDGE('',*,*,#3083,.T.);
#3083 = EDGE_CURVE('',#3076,#559,#3084,.T.);
#3084 = LINE('',#3085,#3086);
#3085 = CARTESIAN_POINT('',(65.035175796509,15.665088371277,
    -19.85233817672));
#3086 = VECTOR('',#3087,1.);
#3087 = DIRECTION('',(0.,0.,1.));
#3088 = ORIENTED_EDGE('',*,*,#558,.F.);
#3089 = PLANE('',#3090);
#3090 = AXIS2_PLACEMENT_3D('',#3091,#3092,#3093);
#3091 = CARTESIAN_POINT('',(61.861175796509,15.665088371277,
    -19.85233817672));
#3092 = DIRECTION('',(0.,1.,0.));
#3093 = DIRECTION('',(0.,0.,1.));
#3094 = ADVANCED_FACE('',(#3095),#3114,.F.);
#3095 = FACE_BOUND('',#3096,.F.);
#3096 = EDGE_LOOP('',(#3097,#3105,#3112,#3113));
#3097 = ORIENTED_EDGE('',*,*,#3098,.F.);
#3098 = EDGE_CURVE('',#3099,#567,#3101,.T.);
#3099 = VERTEX_POINT('',#3100);
#3100 = CARTESIAN_POINT('',(61.861175796509,18.839088371277,
    -19.85233817672));
#3101 = LINE('',#3102,#3103);
#3102 = CARTESIAN_POINT('',(61.861175796509,18.839088371277,
    -19.85233817672));
#3103 = VECTOR('',#3104,1.);
#3104 = DIRECTION('',(0.,0.,1.));
#3105 = ORIENTED_EDGE('',*,*,#3106,.T.);
#3106 = EDGE_CURVE('',#3099,#3076,#3107,.T.);
#3107 = CIRCLE('',#3108,3.174);
#3108 = AXIS2_PLACEMENT_3D('',#3109,#3110,#3111);
#3109 = CARTESIAN_POINT('',(65.035175796509,18.839088371277,
    -19.85233817672));
#3110 = DIRECTION('',(-0.,0.,1.));
#3111 = DIRECTION('',(0.,-1.,0.));
#3112 = ORIENTED_EDGE('',*,*,#3083,.T.);
#3113 = ORIENTED_EDGE('',*,*,#566,.F.);
#3114 = CYLINDRICAL_SURFACE('',#3115,3.174);
#3115 = AXIS2_PLACEMENT_3D('',#3116,#3117,#3118);
#3116 = CARTESIAN_POINT('',(65.035175796509,18.839088371277,
    -19.85233817672));
#3117 = DIRECTION('',(0.,0.,1.));
#3118 = DIRECTION('',(-1.,0.,0.));
#3119 = ADVANCED_FACE('',(#3120),#3138,.T.);
#3120 = FACE_BOUND('',#3121,.T.);
#3121 = EDGE_LOOP('',(#3122,#3130,#3131,#3132));
#3122 = ORIENTED_EDGE('',*,*,#3123,.T.);
#3123 = EDGE_CURVE('',#3124,#576,#3126,.T.);
#3124 = VERTEX_POINT('',#3125);
#3125 = CARTESIAN_POINT('',(61.861175796509,32.469088535309,
    -19.85233817672));
#3126 = LINE('',#3127,#3128);
#3127 = CARTESIAN_POINT('',(61.861175796509,32.469088535309,
    -19.85233817672));
#3128 = VECTOR('',#3129,1.);
#3129 = DIRECTION('',(0.,0.,1.));
#3130 = ORIENTED_EDGE('',*,*,#575,.F.);
#3131 = ORIENTED_EDGE('',*,*,#3098,.F.);
#3132 = ORIENTED_EDGE('',*,*,#3133,.T.);
#3133 = EDGE_CURVE('',#3099,#3124,#3134,.T.);
#3134 = LINE('',#3135,#3136);
#3135 = CARTESIAN_POINT('',(61.861175796509,15.665088371277,
    -19.85233817672));
#3136 = VECTOR('',#3137,1.);
#3137 = DIRECTION('',(0.,1.,0.));
#3138 = PLANE('',#3139);
#3139 = AXIS2_PLACEMENT_3D('',#3140,#3141,#3142);
#3140 = CARTESIAN_POINT('',(61.861175796509,15.665088371277,
    -19.85233817672));
#3141 = DIRECTION('',(1.,0.,0.));
#3142 = DIRECTION('',(0.,0.,1.));
#3143 = ADVANCED_FACE('',(#3144),#3164,.F.);
#3144 = FACE_BOUND('',#3145,.T.);
#3145 = EDGE_LOOP('',(#3146,#3147,#3156,#3162,#3163));
#3146 = ORIENTED_EDGE('',*,*,#3123,.F.);
#3147 = ORIENTED_EDGE('',*,*,#3148,.T.);
#3148 = EDGE_CURVE('',#3124,#3149,#3151,.T.);
#3149 = VERTEX_POINT('',#3150);
#3150 = CARTESIAN_POINT('',(65.035175796509,35.643088535309,
    -19.85233817672));
#3151 = CIRCLE('',#3152,3.174);
#3152 = AXIS2_PLACEMENT_3D('',#3153,#3154,#3155);
#3153 = CARTESIAN_POINT('',(65.035175796509,32.469088535309,
    -19.85233817672));
#3154 = DIRECTION('',(-0.,-0.,-1.));
#3155 = DIRECTION('',(0.,-1.,0.));
#3156 = ORIENTED_EDGE('',*,*,#3157,.T.);
#3157 = EDGE_CURVE('',#3149,#593,#3158,.T.);
#3158 = LINE('',#3159,#3160);
#3159 = CARTESIAN_POINT('',(65.035175796509,35.643088535309,
    -19.85233817672));
#3160 = VECTOR('',#3161,1.);
#3161 = DIRECTION('',(0.,0.,1.));
#3162 = ORIENTED_EDGE('',*,*,#592,.T.);
#3163 = ORIENTED_EDGE('',*,*,#583,.T.);
#3164 = CYLINDRICAL_SURFACE('',#3165,3.174);
#3165 = AXIS2_PLACEMENT_3D('',#3166,#3167,#3168);
#3166 = CARTESIAN_POINT('',(65.035175796509,32.469088535309,
    -19.85233817672));
#3167 = DIRECTION('',(0.,0.,1.));
#3168 = DIRECTION('',(-1.,0.,0.));
#3169 = ADVANCED_FACE('',(#3170,#3210),#3221,.T.);
#3170 = FACE_BOUND('',#3171,.T.);
#3171 = EDGE_LOOP('',(#3172,#3173,#3174,#3175,#3184,#3192,#3200,#3207,
    #3208,#3209));
#3172 = ORIENTED_EDGE('',*,*,#2897,.T.);
#3173 = ORIENTED_EDGE('',*,*,#2937,.T.);
#3174 = ORIENTED_EDGE('',*,*,#2986,.F.);
#3175 = ORIENTED_EDGE('',*,*,#3176,.F.);
#3176 = EDGE_CURVE('',#3177,#2987,#3179,.T.);
#3177 = VERTEX_POINT('',#3178);
#3178 = CARTESIAN_POINT('',(73.090676345825,47.098440490723,
    -12.70230102539));
#3179 = CIRCLE('',#3180,3.174);
#3180 = AXIS2_PLACEMENT_3D('',#3181,#3182,#3183);
#3181 = CARTESIAN_POINT('',(76.264676345825,47.098440490723,
    -12.70230102539));
#3182 = DIRECTION('',(-0.,-0.,-1.));
#3183 = DIRECTION('',(0.,-1.,0.));
#3184 = ORIENTED_EDGE('',*,*,#3185,.F.);
#3185 = EDGE_CURVE('',#3186,#3177,#3188,.T.);
#3186 = VERTEX_POINT('',#3187);
#3187 = CARTESIAN_POINT('',(73.090676345825,35.643088535309,
    -12.70230102539));
#3188 = LINE('',#3189,#3190);
#3189 = CARTESIAN_POINT('',(73.090676345825,20.872440872192,
    -12.70230102539));
#3190 = VECTOR('',#3191,1.);
#3191 = DIRECTION('',(0.,1.,0.));
#3192 = ORIENTED_EDGE('',*,*,#3193,.F.);
#3193 = EDGE_CURVE('',#3194,#3186,#3196,.T.);
#3194 = VERTEX_POINT('',#3195);
#3195 = CARTESIAN_POINT('',(80.697176025391,35.643088535309,
    -12.70230102539));
#3196 = LINE('',#3197,#3198);
#3197 = CARTESIAN_POINT('',(67.475926071167,35.643088535309,
    -12.70230102539));
#3198 = VECTOR('',#3199,1.);
#3199 = DIRECTION('',(-1.,0.,0.));
#3200 = ORIENTED_EDGE('',*,*,#3201,.F.);
#3201 = EDGE_CURVE('',#3012,#3194,#3202,.T.);
#3202 = CIRCLE('',#3203,3.174);
#3203 = AXIS2_PLACEMENT_3D('',#3204,#3205,#3206);
#3204 = CARTESIAN_POINT('',(80.697176025391,32.469088535309,
    -12.70230102539));
#3205 = DIRECTION('',(0.,0.,1.));
#3206 = DIRECTION('',(1.,0.,0.));
#3207 = ORIENTED_EDGE('',*,*,#3019,.F.);
#3208 = ORIENTED_EDGE('',*,*,#2962,.T.);
#3209 = ORIENTED_EDGE('',*,*,#2919,.T.);
#3210 = FACE_BOUND('',#3211,.T.);
#3211 = EDGE_LOOP('',(#3212));
#3212 = ORIENTED_EDGE('',*,*,#3213,.T.);
#3213 = EDGE_CURVE('',#3214,#3214,#3216,.T.);
#3214 = VERTEX_POINT('',#3215);
#3215 = CARTESIAN_POINT('',(87.867624366,35.56,-12.70230102539));
#3216 = CIRCLE('',#3217,1.7272);
#3217 = AXIS2_PLACEMENT_3D('',#3218,#3219,#3220);
#3218 = CARTESIAN_POINT('',(89.594824366,35.56,-12.70230102539));
#3219 = DIRECTION('',(0.,0.,-1.));
#3220 = DIRECTION('',(-1.,0.,0.));
#3221 = PLANE('',#3222);
#3222 = AXIS2_PLACEMENT_3D('',#3223,#3224,#3225);
#3223 = CARTESIAN_POINT('',(73.090676345825,20.872440872192,
    -12.70230102539));
#3224 = DIRECTION('',(0.,0.,1.));
#3225 = DIRECTION('',(1.,0.,0.));
#3226 = ADVANCED_FACE('',(#3227),#3246,.F.);
#3227 = FACE_BOUND('',#3228,.F.);
#3228 = EDGE_LOOP('',(#3229,#3230,#3238,#3245));
#3229 = ORIENTED_EDGE('',*,*,#3213,.T.);
#3230 = ORIENTED_EDGE('',*,*,#3231,.T.);
#3231 = EDGE_CURVE('',#3214,#3232,#3234,.T.);
#3232 = VERTEX_POINT('',#3233);
#3233 = CARTESIAN_POINT('',(87.867624366,35.56,-38.1));
#3234 = LINE('',#3235,#3236);
#3235 = CARTESIAN_POINT('',(87.867624366,35.56,-12.7));
#3236 = VECTOR('',#3237,1.);
#3237 = DIRECTION('',(0.,0.,-1.));
#3238 = ORIENTED_EDGE('',*,*,#3239,.F.);
#3239 = EDGE_CURVE('',#3232,#3232,#3240,.T.);
#3240 = CIRCLE('',#3241,1.7272);
#3241 = AXIS2_PLACEMENT_3D('',#3242,#3243,#3244);
#3242 = CARTESIAN_POINT('',(89.594824366,35.56,-38.1));
#3243 = DIRECTION('',(0.,0.,-1.));
#3244 = DIRECTION('',(-1.,0.,0.));
#3245 = ORIENTED_EDGE('',*,*,#3231,.F.);
#3246 = CYLINDRICAL_SURFACE('',#3247,1.7272);
#3247 = AXIS2_PLACEMENT_3D('',#3248,#3249,#3250);
#3248 = CARTESIAN_POINT('',(89.594824366,35.56,-12.7));
#3249 = DIRECTION('',(0.,0.,-1.));
#3250 = DIRECTION('',(-1.,0.,0.));
#3251 = ADVANCED_FACE('',(#3252),#3263,.F.);
#3252 = FACE_BOUND('',#3253,.T.);
#3253 = EDGE_LOOP('',(#3254,#3260,#3261,#3262));
#3254 = ORIENTED_EDGE('',*,*,#3255,.F.);
#3255 = EDGE_CURVE('',#3177,#610,#3256,.T.);
#3256 = LINE('',#3257,#3258);
#3257 = CARTESIAN_POINT('',(73.090676345825,47.098440490723,
    -12.70230102539));
#3258 = VECTOR('',#3259,1.);
#3259 = DIRECTION('',(0.,0.,1.));
#3260 = ORIENTED_EDGE('',*,*,#3176,.T.);
#3261 = ORIENTED_EDGE('',*,*,#2994,.T.);
#3262 = ORIENTED_EDGE('',*,*,#617,.T.);
#3263 = CYLINDRICAL_SURFACE('',#3264,3.174);
#3264 = AXIS2_PLACEMENT_3D('',#3265,#3266,#3267);
#3265 = CARTESIAN_POINT('',(76.264676345825,47.098440490723,
    -12.70230102539));
#3266 = DIRECTION('',(0.,0.,1.));
#3267 = DIRECTION('',(-1.,0.,0.));
#3268 = ADVANCED_FACE('',(#3269),#3288,.F.);
#3269 = FACE_BOUND('',#3270,.F.);
#3270 = EDGE_LOOP('',(#3271,#3272,#3281,#3287));
#3271 = ORIENTED_EDGE('',*,*,#3009,.F.);
#3272 = ORIENTED_EDGE('',*,*,#3273,.T.);
#3273 = EDGE_CURVE('',#3010,#3274,#3276,.T.);
#3274 = VERTEX_POINT('',#3275);
#3275 = CARTESIAN_POINT('',(80.697176025391,35.643088535309,
    -19.85233817672));
#3276 = CIRCLE('',#3277,3.174);
#3277 = AXIS2_PLACEMENT_3D('',#3278,#3279,#3280);
#3278 = CARTESIAN_POINT('',(80.697176025391,32.469088535309,
    -19.85233817672));
#3279 = DIRECTION('',(-0.,0.,1.));
#3280 = DIRECTION('',(0.,-1.,0.));
#3281 = ORIENTED_EDGE('',*,*,#3282,.T.);
#3282 = EDGE_CURVE('',#3274,#3194,#3283,.T.);
#3283 = LINE('',#3284,#3285);
#3284 = CARTESIAN_POINT('',(80.697176025391,35.643088535309,
    -19.85233817672));
#3285 = VECTOR('',#3286,1.);
#3286 = DIRECTION('',(0.,0.,1.));
#3287 = ORIENTED_EDGE('',*,*,#3201,.F.);
#3288 = CYLINDRICAL_SURFACE('',#3289,3.174);
#3289 = AXIS2_PLACEMENT_3D('',#3290,#3291,#3292);
#3290 = CARTESIAN_POINT('',(80.697176025391,32.469088535309,
    -19.85233817672));
#3291 = DIRECTION('',(0.,0.,1.));
#3292 = DIRECTION('',(1.,0.,0.));
#3293 = ADVANCED_FACE('',(#3294),#3309,.T.);
#3294 = FACE_BOUND('',#3295,.T.);
#3295 = EDGE_LOOP('',(#3296,#3297,#3298,#3304,#3305,#3306,#3307,#3308));
#3296 = ORIENTED_EDGE('',*,*,#3035,.T.);
#3297 = ORIENTED_EDGE('',*,*,#3273,.T.);
#3298 = ORIENTED_EDGE('',*,*,#3299,.F.);
#3299 = EDGE_CURVE('',#3149,#3274,#3300,.T.);
#3300 = LINE('',#3301,#3302);
#3301 = CARTESIAN_POINT('',(61.861175796509,35.643088535309,
    -19.85233817672));
#3302 = VECTOR('',#3303,1.);
#3303 = DIRECTION('',(1.,0.,0.));
#3304 = ORIENTED_EDGE('',*,*,#3148,.F.);
#3305 = ORIENTED_EDGE('',*,*,#3133,.F.);
#3306 = ORIENTED_EDGE('',*,*,#3106,.T.);
#3307 = ORIENTED_EDGE('',*,*,#3075,.T.);
#3308 = ORIENTED_EDGE('',*,*,#3057,.T.);
#3309 = PLANE('',#3310);
#3310 = AXIS2_PLACEMENT_3D('',#3311,#3312,#3313);
#3311 = CARTESIAN_POINT('',(61.861175796509,15.665088371277,
    -19.85233817672));
#3312 = DIRECTION('',(0.,0.,1.));
#3313 = DIRECTION('',(1.,0.,0.));
#3314 = ADVANCED_FACE('',(#3315),#3326,.T.);
#3315 = FACE_BOUND('',#3316,.T.);
#3316 = EDGE_LOOP('',(#3317,#3318,#3319,#3320));
#3317 = ORIENTED_EDGE('',*,*,#3185,.T.);
#3318 = ORIENTED_EDGE('',*,*,#3255,.T.);
#3319 = ORIENTED_EDGE('',*,*,#609,.F.);
#3320 = ORIENTED_EDGE('',*,*,#3321,.F.);
#3321 = EDGE_CURVE('',#3186,#602,#3322,.T.);
#3322 = LINE('',#3323,#3324);
#3323 = CARTESIAN_POINT('',(73.090676345825,35.643088535309,
    -16.27731960105));
#3324 = VECTOR('',#3325,1.);
#3325 = DIRECTION('',(0.,0.,1.));
#3326 = PLANE('',#3327);
#3327 = AXIS2_PLACEMENT_3D('',#3328,#3329,#3330);
#3328 = CARTESIAN_POINT('',(73.090676345825,20.872440872192,
    -12.70230102539));
#3329 = DIRECTION('',(1.,0.,0.));
#3330 = DIRECTION('',(0.,0.,1.));
#3331 = ADVANCED_FACE('',(#3332),#3340,.F.);
#3332 = FACE_BOUND('',#3333,.F.);
#3333 = EDGE_LOOP('',(#3334,#3335,#3336,#3337,#3338,#3339));
#3334 = ORIENTED_EDGE('',*,*,#3282,.F.);
#3335 = ORIENTED_EDGE('',*,*,#3299,.F.);
#3336 = ORIENTED_EDGE('',*,*,#3157,.T.);
#3337 = ORIENTED_EDGE('',*,*,#601,.F.);
#3338 = ORIENTED_EDGE('',*,*,#3321,.F.);
#3339 = ORIENTED_EDGE('',*,*,#3193,.F.);
#3340 = PLANE('',#3341);
#3341 = AXIS2_PLACEMENT_3D('',#3342,#3343,#3344);
#3342 = CARTESIAN_POINT('',(61.861175796509,35.643088535309,
    -19.85233817672));
#3343 = DIRECTION('',(0.,1.,0.));
#3344 = DIRECTION('',(0.,0.,1.));
#3345 = ADVANCED_FACE('',(#3346),#3371,.F.);
#3346 = FACE_BOUND('',#3347,.F.);
#3347 = EDGE_LOOP('',(#3348,#3349,#3357,#3365));
#3348 = ORIENTED_EDGE('',*,*,#643,.F.);
#3349 = ORIENTED_EDGE('',*,*,#3350,.F.);
#3350 = EDGE_CURVE('',#3351,#644,#3353,.T.);
#3351 = VERTEX_POINT('',#3352);
#3352 = CARTESIAN_POINT('',(148.287,14.734,-21.97));
#3353 = LINE('',#3354,#3355);
#3354 = CARTESIAN_POINT('',(148.287,14.734,-21.97));
#3355 = VECTOR('',#3356,1.);
#3356 = DIRECTION('',(0.,0.,1.));
#3357 = ORIENTED_EDGE('',*,*,#3358,.T.);
#3358 = EDGE_CURVE('',#3351,#3359,#3361,.T.);
#3359 = VERTEX_POINT('',#3360);
#3360 = CARTESIAN_POINT('',(148.287,56.386,-21.97));
#3361 = LINE('',#3362,#3363);
#3362 = CARTESIAN_POINT('',(148.287,11.56,-21.97));
#3363 = VECTOR('',#3364,1.);
#3364 = DIRECTION('',(0.,1.,0.));
#3365 = ORIENTED_EDGE('',*,*,#3366,.T.);
#3366 = EDGE_CURVE('',#3359,#646,#3367,.T.);
#3367 = LINE('',#3368,#3369);
#3368 = CARTESIAN_POINT('',(148.287,56.386,-21.97));
#3369 = VECTOR('',#3370,1.);
#3370 = DIRECTION('',(0.,0.,1.));
#3371 = PLANE('',#3372);
#3372 = AXIS2_PLACEMENT_3D('',#3373,#3374,#3375);
#3373 = CARTESIAN_POINT('',(148.287,11.56,-21.97));
#3374 = DIRECTION('',(1.,0.,0.));
#3375 = DIRECTION('',(0.,0.,1.));
#3376 = ADVANCED_FACE('',(#3377),#3396,.F.);
#3377 = FACE_BOUND('',#3378,.F.);
#3378 = EDGE_LOOP('',(#3379,#3388,#3389,#3390));
#3379 = ORIENTED_EDGE('',*,*,#3380,.T.);
#3380 = EDGE_CURVE('',#3381,#3351,#3383,.T.);
#3381 = VERTEX_POINT('',#3382);
#3382 = CARTESIAN_POINT('',(145.113,11.56,-21.97));
#3383 = CIRCLE('',#3384,3.174);
#3384 = AXIS2_PLACEMENT_3D('',#3385,#3386,#3387);
#3385 = CARTESIAN_POINT('',(145.113,14.734,-21.97));
#3386 = DIRECTION('',(-0.,0.,1.));
#3387 = DIRECTION('',(0.,-1.,0.));
#3388 = ORIENTED_EDGE('',*,*,#3350,.T.);
#3389 = ORIENTED_EDGE('',*,*,#653,.F.);
#3390 = ORIENTED_EDGE('',*,*,#3391,.F.);
#3391 = EDGE_CURVE('',#3381,#654,#3392,.T.);
#3392 = LINE('',#3393,#3394);
#3393 = CARTESIAN_POINT('',(145.113,11.56,-21.97));
#3394 = VECTOR('',#3395,1.);
#3395 = DIRECTION('',(0.,0.,1.));
#3396 = CYLINDRICAL_SURFACE('',#3397,3.174);
#3397 = AXIS2_PLACEMENT_3D('',#3398,#3399,#3400);
#3398 = CARTESIAN_POINT('',(145.113,14.734,-21.97));
#3399 = DIRECTION('',(0.,0.,1.));
#3400 = DIRECTION('',(0.,-1.,0.));
#3401 = ADVANCED_FACE('',(#3402),#3421,.F.);
#3402 = FACE_BOUND('',#3403,.F.);
#3403 = EDGE_LOOP('',(#3404,#3413,#3419,#3420));
#3404 = ORIENTED_EDGE('',*,*,#3405,.T.);
#3405 = EDGE_CURVE('',#3359,#3406,#3408,.T.);
#3406 = VERTEX_POINT('',#3407);
#3407 = CARTESIAN_POINT('',(145.113,59.56,-21.97));
#3408 = CIRCLE('',#3409,3.174);
#3409 = AXIS2_PLACEMENT_3D('',#3410,#3411,#3412);
#3410 = CARTESIAN_POINT('',(145.113,56.386,-21.97));
#3411 = DIRECTION('',(-0.,0.,1.));
#3412 = DIRECTION('',(0.,-1.,0.));
#3413 = ORIENTED_EDGE('',*,*,#3414,.T.);
#3414 = EDGE_CURVE('',#3406,#697,#3415,.T.);
#3415 = LINE('',#3416,#3417);
#3416 = CARTESIAN_POINT('',(145.113,59.56,-21.97));
#3417 = VECTOR('',#3418,1.);
#3418 = DIRECTION('',(0.,0.,1.));
#3419 = ORIENTED_EDGE('',*,*,#704,.F.);
#3420 = ORIENTED_EDGE('',*,*,#3366,.F.);
#3421 = CYLINDRICAL_SURFACE('',#3422,3.174);
#3422 = AXIS2_PLACEMENT_3D('',#3423,#3424,#3425);
#3423 = CARTESIAN_POINT('',(145.113,56.386,-21.97));
#3424 = DIRECTION('',(0.,0.,1.));
#3425 = DIRECTION('',(1.,0.,0.));
#3426 = ADVANCED_FACE('',(#3427),#3445,.T.);
#3427 = FACE_BOUND('',#3428,.T.);
#3428 = EDGE_LOOP('',(#3429,#3437,#3443,#3444));
#3429 = ORIENTED_EDGE('',*,*,#3430,.F.);
#3430 = EDGE_CURVE('',#3431,#3381,#3433,.T.);
#3431 = VERTEX_POINT('',#3432);
#3432 = CARTESIAN_POINT('',(128.461,11.56,-21.97));
#3433 = LINE('',#3434,#3435);
#3434 = CARTESIAN_POINT('',(125.287,11.56,-21.97));
#3435 = VECTOR('',#3436,1.);
#3436 = DIRECTION('',(1.,0.,0.));
#3437 = ORIENTED_EDGE('',*,*,#3438,.T.);
#3438 = EDGE_CURVE('',#3431,#663,#3439,.T.);
#3439 = LINE('',#3440,#3441);
#3440 = CARTESIAN_POINT('',(128.461,11.56,-21.97));
#3441 = VECTOR('',#3442,1.);
#3442 = DIRECTION('',(0.,0.,1.));
#3443 = ORIENTED_EDGE('',*,*,#662,.T.);
#3444 = ORIENTED_EDGE('',*,*,#3391,.F.);
#3445 = PLANE('',#3446);
#3446 = AXIS2_PLACEMENT_3D('',#3447,#3448,#3449);
#3447 = CARTESIAN_POINT('',(125.287,11.56,-21.97));
#3448 = DIRECTION('',(0.,1.,0.));
#3449 = DIRECTION('',(0.,0.,1.));
#3450 = ADVANCED_FACE('',(#3451),#3469,.F.);
#3451 = FACE_BOUND('',#3452,.F.);
#3452 = EDGE_LOOP('',(#3453,#3461,#3467,#3468));
#3453 = ORIENTED_EDGE('',*,*,#3454,.F.);
#3454 = EDGE_CURVE('',#3455,#3406,#3457,.T.);
#3455 = VERTEX_POINT('',#3456);
#3456 = CARTESIAN_POINT('',(128.461,59.56,-21.97));
#3457 = LINE('',#3458,#3459);
#3458 = CARTESIAN_POINT('',(125.287,59.56,-21.97));
#3459 = VECTOR('',#3460,1.);
#3460 = DIRECTION('',(1.,0.,0.));
#3461 = ORIENTED_EDGE('',*,*,#3462,.T.);
#3462 = EDGE_CURVE('',#3455,#688,#3463,.T.);
#3463 = LINE('',#3464,#3465);
#3464 = CARTESIAN_POINT('',(128.461,59.56,-21.97));
#3465 = VECTOR('',#3466,1.);
#3466 = DIRECTION('',(0.,0.,1.));
#3467 = ORIENTED_EDGE('',*,*,#696,.T.);
#3468 = ORIENTED_EDGE('',*,*,#3414,.F.);
#3469 = PLANE('',#3470);
#3470 = AXIS2_PLACEMENT_3D('',#3471,#3472,#3473);
#3471 = CARTESIAN_POINT('',(125.287,59.56,-21.97));
#3472 = DIRECTION('',(0.,1.,0.));
#3473 = DIRECTION('',(0.,0.,1.));
#3474 = ADVANCED_FACE('',(#3475),#3494,.F.);
#3475 = FACE_BOUND('',#3476,.F.);
#3476 = EDGE_LOOP('',(#3477,#3486,#3487,#3488));
#3477 = ORIENTED_EDGE('',*,*,#3478,.T.);
#3478 = EDGE_CURVE('',#3479,#3431,#3481,.T.);
#3479 = VERTEX_POINT('',#3480);
#3480 = CARTESIAN_POINT('',(125.287,14.734,-21.97));
#3481 = CIRCLE('',#3482,3.174);
#3482 = AXIS2_PLACEMENT_3D('',#3483,#3484,#3485);
#3483 = CARTESIAN_POINT('',(128.461,14.734,-21.97));
#3484 = DIRECTION('',(-0.,0.,1.));
#3485 = DIRECTION('',(0.,-1.,0.));
#3486 = ORIENTED_EDGE('',*,*,#3438,.T.);
#3487 = ORIENTED_EDGE('',*,*,#670,.F.);
#3488 = ORIENTED_EDGE('',*,*,#3489,.F.);
#3489 = EDGE_CURVE('',#3479,#671,#3490,.T.);
#3490 = LINE('',#3491,#3492);
#3491 = CARTESIAN_POINT('',(125.287,14.734,-21.97));
#3492 = VECTOR('',#3493,1.);
#3493 = DIRECTION('',(0.,0.,1.));
#3494 = CYLINDRICAL_SURFACE('',#3495,3.174);
#3495 = AXIS2_PLACEMENT_3D('',#3496,#3497,#3498);
#3496 = CARTESIAN_POINT('',(128.461,14.734,-21.97));
#3497 = DIRECTION('',(0.,0.,1.));
#3498 = DIRECTION('',(-1.,0.,0.));
#3499 = ADVANCED_FACE('',(#3500),#3519,.F.);
#3500 = FACE_BOUND('',#3501,.T.);
#3501 = EDGE_LOOP('',(#3502,#3511,#3512,#3513));
#3502 = ORIENTED_EDGE('',*,*,#3503,.T.);
#3503 = EDGE_CURVE('',#3504,#3455,#3506,.T.);
#3504 = VERTEX_POINT('',#3505);
#3505 = CARTESIAN_POINT('',(125.287,56.386,-21.97));
#3506 = CIRCLE('',#3507,3.174);
#3507 = AXIS2_PLACEMENT_3D('',#3508,#3509,#3510);
#3508 = CARTESIAN_POINT('',(128.461,56.386,-21.97));
#3509 = DIRECTION('',(-0.,-0.,-1.));
#3510 = DIRECTION('',(0.,-1.,0.));
#3511 = ORIENTED_EDGE('',*,*,#3462,.T.);
#3512 = ORIENTED_EDGE('',*,*,#687,.F.);
#3513 = ORIENTED_EDGE('',*,*,#3514,.F.);
#3514 = EDGE_CURVE('',#3504,#680,#3515,.T.);
#3515 = LINE('',#3516,#3517);
#3516 = CARTESIAN_POINT('',(125.287,56.386,-21.97));
#3517 = VECTOR('',#3518,1.);
#3518 = DIRECTION('',(0.,0.,1.));
#3519 = CYLINDRICAL_SURFACE('',#3520,3.174);
#3520 = AXIS2_PLACEMENT_3D('',#3521,#3522,#3523);
#3521 = CARTESIAN_POINT('',(128.461,56.386,-21.97));
#3522 = DIRECTION('',(0.,0.,1.));
#3523 = DIRECTION('',(-1.,0.,0.));
#3524 = ADVANCED_FACE('',(#3525),#3536,.T.);
#3525 = FACE_BOUND('',#3526,.T.);
#3526 = EDGE_LOOP('',(#3527,#3528,#3529,#3535));
#3527 = ORIENTED_EDGE('',*,*,#679,.F.);
#3528 = ORIENTED_EDGE('',*,*,#3489,.F.);
#3529 = ORIENTED_EDGE('',*,*,#3530,.T.);
#3530 = EDGE_CURVE('',#3479,#3504,#3531,.T.);
#3531 = LINE('',#3532,#3533);
#3532 = CARTESIAN_POINT('',(125.287,11.56,-21.97));
#3533 = VECTOR('',#3534,1.);
#3534 = DIRECTION('',(0.,1.,0.));
#3535 = ORIENTED_EDGE('',*,*,#3514,.T.);
#3536 = PLANE('',#3537);
#3537 = AXIS2_PLACEMENT_3D('',#3538,#3539,#3540);
#3538 = CARTESIAN_POINT('',(125.287,11.56,-21.97));
#3539 = DIRECTION('',(1.,0.,0.));
#3540 = DIRECTION('',(0.,0.,1.));
#3541 = ADVANCED_FACE('',(#3542,#3552,#3563),#3574,.T.);
#3542 = FACE_BOUND('',#3543,.T.);
#3543 = EDGE_LOOP('',(#3544,#3545,#3546,#3547,#3548,#3549,#3550,#3551));
#3544 = ORIENTED_EDGE('',*,*,#3358,.T.);
#3545 = ORIENTED_EDGE('',*,*,#3405,.T.);
#3546 = ORIENTED_EDGE('',*,*,#3454,.F.);
#3547 = ORIENTED_EDGE('',*,*,#3503,.F.);
#3548 = ORIENTED_EDGE('',*,*,#3530,.F.);
#3549 = ORIENTED_EDGE('',*,*,#3478,.T.);
#3550 = ORIENTED_EDGE('',*,*,#3430,.T.);
#3551 = ORIENTED_EDGE('',*,*,#3380,.T.);
#3552 = FACE_BOUND('',#3553,.T.);
#3553 = EDGE_LOOP('',(#3554));
#3554 = ORIENTED_EDGE('',*,*,#3555,.T.);
#3555 = EDGE_CURVE('',#3556,#3556,#3558,.T.);
#3556 = VERTEX_POINT('',#3557);
#3557 = CARTESIAN_POINT('',(135.0598,23.06,-21.97));
#3558 = CIRCLE('',#3559,1.7272);
#3559 = AXIS2_PLACEMENT_3D('',#3560,#3561,#3562);
#3560 = CARTESIAN_POINT('',(136.787,23.06,-21.97));
#3561 = DIRECTION('',(0.,0.,-1.));
#3562 = DIRECTION('',(-1.,0.,0.));
#3563 = FACE_BOUND('',#3564,.T.);
#3564 = EDGE_LOOP('',(#3565));
#3565 = ORIENTED_EDGE('',*,*,#3566,.T.);
#3566 = EDGE_CURVE('',#3567,#3567,#3569,.T.);
#3567 = VERTEX_POINT('',#3568);
#3568 = CARTESIAN_POINT('',(135.0598,48.06,-21.97));
#3569 = CIRCLE('',#3570,1.7272);
#3570 = AXIS2_PLACEMENT_3D('',#3571,#3572,#3573);
#3571 = CARTESIAN_POINT('',(136.787,48.06,-21.97));
#3572 = DIRECTION('',(0.,0.,-1.));
#3573 = DIRECTION('',(-1.,0.,0.));
#3574 = PLANE('',#3575);
#3575 = AXIS2_PLACEMENT_3D('',#3576,#3577,#3578);
#3576 = CARTESIAN_POINT('',(125.287,11.56,-21.97));
#3577 = DIRECTION('',(0.,0.,1.));
#3578 = DIRECTION('',(1.,0.,0.));
#3579 = ADVANCED_FACE('',(#3580),#3599,.F.);
#3580 = FACE_BOUND('',#3581,.F.);
#3581 = EDGE_LOOP('',(#3582,#3583,#3591,#3598));
#3582 = ORIENTED_EDGE('',*,*,#3555,.T.);
#3583 = ORIENTED_EDGE('',*,*,#3584,.T.);
#3584 = EDGE_CURVE('',#3556,#3585,#3587,.T.);
#3585 = VERTEX_POINT('',#3586);
#3586 = CARTESIAN_POINT('',(135.0598,23.06,-38.1));
#3587 = LINE('',#3588,#3589);
#3588 = CARTESIAN_POINT('',(135.0598,23.06,-13.97));
#3589 = VECTOR('',#3590,1.);
#3590 = DIRECTION('',(0.,0.,-1.));
#3591 = ORIENTED_EDGE('',*,*,#3592,.F.);
#3592 = EDGE_CURVE('',#3585,#3585,#3593,.T.);
#3593 = CIRCLE('',#3594,1.7272);
#3594 = AXIS2_PLACEMENT_3D('',#3595,#3596,#3597);
#3595 = CARTESIAN_POINT('',(136.787,23.06,-38.1));
#3596 = DIRECTION('',(0.,0.,-1.));
#3597 = DIRECTION('',(-1.,0.,0.));
#3598 = ORIENTED_EDGE('',*,*,#3584,.F.);
#3599 = CYLINDRICAL_SURFACE('',#3600,1.7272);
#3600 = AXIS2_PLACEMENT_3D('',#3601,#3602,#3603);
#3601 = CARTESIAN_POINT('',(136.787,23.06,-13.97));
#3602 = DIRECTION('',(0.,0.,-1.));
#3603 = DIRECTION('',(-1.,0.,0.));
#3604 = ADVANCED_FACE('',(#3605),#3624,.F.);
#3605 = FACE_BOUND('',#3606,.F.);
#3606 = EDGE_LOOP('',(#3607,#3608,#3616,#3623));
#3607 = ORIENTED_EDGE('',*,*,#3566,.T.);
#3608 = ORIENTED_EDGE('',*,*,#3609,.T.);
#3609 = EDGE_CURVE('',#3567,#3610,#3612,.T.);
#3610 = VERTEX_POINT('',#3611);
#3611 = CARTESIAN_POINT('',(135.0598,48.06,-38.1));
#3612 = LINE('',#3613,#3614);
#3613 = CARTESIAN_POINT('',(135.0598,48.06,-13.97));
#3614 = VECTOR('',#3615,1.);
#3615 = DIRECTION('',(0.,0.,-1.));
#3616 = ORIENTED_EDGE('',*,*,#3617,.F.);
#3617 = EDGE_CURVE('',#3610,#3610,#3618,.T.);
#3618 = CIRCLE('',#3619,1.7272);
#3619 = AXIS2_PLACEMENT_3D('',#3620,#3621,#3622);
#3620 = CARTESIAN_POINT('',(136.787,48.06,-38.1));
#3621 = DIRECTION('',(0.,0.,-1.));
#3622 = DIRECTION('',(-1.,0.,0.));
#3623 = ORIENTED_EDGE('',*,*,#3609,.F.);
#3624 = CYLINDRICAL_SURFACE('',#3625,1.7272);
#3625 = AXIS2_PLACEMENT_3D('',#3626,#3627,#3628);
#3626 = CARTESIAN_POINT('',(136.787,48.06,-13.97));
#3627 = DIRECTION('',(0.,0.,-1.));
#3628 = DIRECTION('',(-1.,0.,0.));
#3629 = ADVANCED_FACE('',(#3630),#3655,.F.);
#3630 = FACE_BOUND('',#3631,.F.);
#3631 = EDGE_LOOP('',(#3632,#3633,#3641,#3649));
#3632 = ORIENTED_EDGE('',*,*,#713,.F.);
#3633 = ORIENTED_EDGE('',*,*,#3634,.F.);
#3634 = EDGE_CURVE('',#3635,#714,#3637,.T.);
#3635 = VERTEX_POINT('',#3636);
#3636 = CARTESIAN_POINT('',(287.84038490447,56.386,-21.97));
#3637 = LINE('',#3638,#3639);
#3638 = CARTESIAN_POINT('',(287.84038490447,56.386,-21.97));
#3639 = VECTOR('',#3640,1.);
#3640 = DIRECTION('',(0.,0.,1.));
#3641 = ORIENTED_EDGE('',*,*,#3642,.T.);
#3642 = EDGE_CURVE('',#3635,#3643,#3645,.T.);
#3643 = VERTEX_POINT('',#3644);
#3644 = CARTESIAN_POINT('',(287.84038490447,14.734,-21.97));
#3645 = LINE('',#3646,#3647);
#3646 = CARTESIAN_POINT('',(287.84038490447,59.56,-21.97));
#3647 = VECTOR('',#3648,1.);
#3648 = DIRECTION('',(0.,-1.,0.));
#3649 = ORIENTED_EDGE('',*,*,#3650,.T.);
#3650 = EDGE_CURVE('',#3643,#716,#3651,.T.);
#3651 = LINE('',#3652,#3653);
#3652 = CARTESIAN_POINT('',(287.84038490447,14.734,-21.97));
#3653 = VECTOR('',#3654,1.);
#3654 = DIRECTION('',(0.,0.,1.));
#3655 = PLANE('',#3656);
#3656 = AXIS2_PLACEMENT_3D('',#3657,#3658,#3659);
#3657 = CARTESIAN_POINT('',(287.84038490447,59.56,-21.97));
#3658 = DIRECTION('',(-1.,0.,0.));
#3659 = DIRECTION('',(0.,0.,1.));
#3660 = ADVANCED_FACE('',(#3661),#3680,.F.);
#3661 = FACE_BOUND('',#3662,.F.);
#3662 = EDGE_LOOP('',(#3663,#3672,#3673,#3674));
#3663 = ORIENTED_EDGE('',*,*,#3664,.T.);
#3664 = EDGE_CURVE('',#3665,#3635,#3667,.T.);
#3665 = VERTEX_POINT('',#3666);
#3666 = CARTESIAN_POINT('',(291.01438490447,59.56,-21.97));
#3667 = CIRCLE('',#3668,3.174);
#3668 = AXIS2_PLACEMENT_3D('',#3669,#3670,#3671);
#3669 = CARTESIAN_POINT('',(291.01438490447,56.386,-21.97));
#3670 = DIRECTION('',(0.,-0.,1.));
#3671 = DIRECTION('',(0.,1.,0.));
#3672 = ORIENTED_EDGE('',*,*,#3634,.T.);
#3673 = ORIENTED_EDGE('',*,*,#723,.F.);
#3674 = ORIENTED_EDGE('',*,*,#3675,.F.);
#3675 = EDGE_CURVE('',#3665,#724,#3676,.T.);
#3676 = LINE('',#3677,#3678);
#3677 = CARTESIAN_POINT('',(291.01438490447,59.56,-21.97));
#3678 = VECTOR('',#3679,1.);
#3679 = DIRECTION('',(0.,0.,1.));
#3680 = CYLINDRICAL_SURFACE('',#3681,3.174);
#3681 = AXIS2_PLACEMENT_3D('',#3682,#3683,#3684);
#3682 = CARTESIAN_POINT('',(291.01438490447,56.386,-21.97));
#3683 = DIRECTION('',(0.,0.,1.));
#3684 = DIRECTION('',(0.,1.,0.));
#3685 = ADVANCED_FACE('',(#3686),#3705,.F.);
#3686 = FACE_BOUND('',#3687,.F.);
#3687 = EDGE_LOOP('',(#3688,#3697,#3703,#3704));
#3688 = ORIENTED_EDGE('',*,*,#3689,.T.);
#3689 = EDGE_CURVE('',#3643,#3690,#3692,.T.);
#3690 = VERTEX_POINT('',#3691);
#3691 = CARTESIAN_POINT('',(291.01438490447,11.56,-21.97));
#3692 = CIRCLE('',#3693,3.174);
#3693 = AXIS2_PLACEMENT_3D('',#3694,#3695,#3696);
#3694 = CARTESIAN_POINT('',(291.01438490447,14.734,-21.97));
#3695 = DIRECTION('',(0.,-0.,1.));
#3696 = DIRECTION('',(0.,1.,0.));
#3697 = ORIENTED_EDGE('',*,*,#3698,.T.);
#3698 = EDGE_CURVE('',#3690,#767,#3699,.T.);
#3699 = LINE('',#3700,#3701);
#3700 = CARTESIAN_POINT('',(291.01438490447,11.56,-21.97));
#3701 = VECTOR('',#3702,1.);
#3702 = DIRECTION('',(0.,0.,1.));
#3703 = ORIENTED_EDGE('',*,*,#774,.F.);
#3704 = ORIENTED_EDGE('',*,*,#3650,.F.);
#3705 = CYLINDRICAL_SURFACE('',#3706,3.174);
#3706 = AXIS2_PLACEMENT_3D('',#3707,#3708,#3709);
#3707 = CARTESIAN_POINT('',(291.01438490447,14.734,-21.97));
#3708 = DIRECTION('',(0.,0.,1.));
#3709 = DIRECTION('',(-1.,0.,0.));
#3710 = ADVANCED_FACE('',(#3711),#3729,.T.);
#3711 = FACE_BOUND('',#3712,.T.);
#3712 = EDGE_LOOP('',(#3713,#3721,#3727,#3728));
#3713 = ORIENTED_EDGE('',*,*,#3714,.F.);
#3714 = EDGE_CURVE('',#3715,#3665,#3717,.T.);
#3715 = VERTEX_POINT('',#3716);
#3716 = CARTESIAN_POINT('',(307.66638490447,59.56,-21.97));
#3717 = LINE('',#3718,#3719);
#3718 = CARTESIAN_POINT('',(310.84038490447,59.56,-21.97));
#3719 = VECTOR('',#3720,1.);
#3720 = DIRECTION('',(-1.,0.,0.));
#3721 = ORIENTED_EDGE('',*,*,#3722,.T.);
#3722 = EDGE_CURVE('',#3715,#733,#3723,.T.);
#3723 = LINE('',#3724,#3725);
#3724 = CARTESIAN_POINT('',(307.66638490447,59.56,-21.97));
#3725 = VECTOR('',#3726,1.);
#3726 = DIRECTION('',(0.,0.,1.));
#3727 = ORIENTED_EDGE('',*,*,#732,.T.);
#3728 = ORIENTED_EDGE('',*,*,#3675,.F.);
#3729 = PLANE('',#3730);
#3730 = AXIS2_PLACEMENT_3D('',#3731,#3732,#3733);
#3731 = CARTESIAN_POINT('',(310.84038490447,59.56,-21.97));
#3732 = DIRECTION('',(0.,-1.,0.));
#3733 = DIRECTION('',(0.,0.,1.));
#3734 = ADVANCED_FACE('',(#3735),#3753,.F.);
#3735 = FACE_BOUND('',#3736,.F.);
#3736 = EDGE_LOOP('',(#3737,#3745,#3751,#3752));
#3737 = ORIENTED_EDGE('',*,*,#3738,.F.);
#3738 = EDGE_CURVE('',#3739,#3690,#3741,.T.);
#3739 = VERTEX_POINT('',#3740);
#3740 = CARTESIAN_POINT('',(307.66638490447,11.56,-21.97));
#3741 = LINE('',#3742,#3743);
#3742 = CARTESIAN_POINT('',(310.84038490447,11.56,-21.97));
#3743 = VECTOR('',#3744,1.);
#3744 = DIRECTION('',(-1.,0.,0.));
#3745 = ORIENTED_EDGE('',*,*,#3746,.T.);
#3746 = EDGE_CURVE('',#3739,#758,#3747,.T.);
#3747 = LINE('',#3748,#3749);
#3748 = CARTESIAN_POINT('',(307.66638490447,11.56,-21.97));
#3749 = VECTOR('',#3750,1.);
#3750 = DIRECTION('',(0.,0.,1.));
#3751 = ORIENTED_EDGE('',*,*,#766,.T.);
#3752 = ORIENTED_EDGE('',*,*,#3698,.F.);
#3753 = PLANE('',#3754);
#3754 = AXIS2_PLACEMENT_3D('',#3755,#3756,#3757);
#3755 = CARTESIAN_POINT('',(310.84038490447,11.56,-21.97));
#3756 = DIRECTION('',(0.,-1.,0.));
#3757 = DIRECTION('',(0.,0.,1.));
#3758 = ADVANCED_FACE('',(#3759),#3778,.F.);
#3759 = FACE_BOUND('',#3760,.F.);
#3760 = EDGE_LOOP('',(#3761,#3770,#3771,#3772));
#3761 = ORIENTED_EDGE('',*,*,#3762,.T.);
#3762 = EDGE_CURVE('',#3763,#3715,#3765,.T.);
#3763 = VERTEX_POINT('',#3764);
#3764 = CARTESIAN_POINT('',(310.84038490447,56.386,-21.97));
#3765 = CIRCLE('',#3766,3.174);
#3766 = AXIS2_PLACEMENT_3D('',#3767,#3768,#3769);
#3767 = CARTESIAN_POINT('',(307.66638490447,56.386,-21.97));
#3768 = DIRECTION('',(0.,-0.,1.));
#3769 = DIRECTION('',(0.,1.,0.));
#3770 = ORIENTED_EDGE('',*,*,#3722,.T.);
#3771 = ORIENTED_EDGE('',*,*,#740,.F.);
#3772 = ORIENTED_EDGE('',*,*,#3773,.F.);
#3773 = EDGE_CURVE('',#3763,#741,#3774,.T.);
#3774 = LINE('',#3775,#3776);
#3775 = CARTESIAN_POINT('',(310.84038490447,56.386,-21.97));
#3776 = VECTOR('',#3777,1.);
#3777 = DIRECTION('',(0.,0.,1.));
#3778 = CYLINDRICAL_SURFACE('',#3779,3.174);
#3779 = AXIS2_PLACEMENT_3D('',#3780,#3781,#3782);
#3780 = CARTESIAN_POINT('',(307.66638490447,56.386,-21.97));
#3781 = DIRECTION('',(0.,0.,1.));
#3782 = DIRECTION('',(1.,0.,0.));
#3783 = ADVANCED_FACE('',(#3784),#3803,.F.);
#3784 = FACE_BOUND('',#3785,.T.);
#3785 = EDGE_LOOP('',(#3786,#3795,#3796,#3797));
#3786 = ORIENTED_EDGE('',*,*,#3787,.T.);
#3787 = EDGE_CURVE('',#3788,#3739,#3790,.T.);
#3788 = VERTEX_POINT('',#3789);
#3789 = CARTESIAN_POINT('',(310.84038490447,14.734,-21.97));
#3790 = CIRCLE('',#3791,3.174);
#3791 = AXIS2_PLACEMENT_3D('',#3792,#3793,#3794);
#3792 = CARTESIAN_POINT('',(307.66638490447,14.734,-21.97));
#3793 = DIRECTION('',(0.,0.,-1.));
#3794 = DIRECTION('',(0.,1.,0.));
#3795 = ORIENTED_EDGE('',*,*,#3746,.T.);
#3796 = ORIENTED_EDGE('',*,*,#757,.F.);
#3797 = ORIENTED_EDGE('',*,*,#3798,.F.);
#3798 = EDGE_CURVE('',#3788,#750,#3799,.T.);
#3799 = LINE('',#3800,#3801);
#3800 = CARTESIAN_POINT('',(310.84038490447,14.734,-21.97));
#3801 = VECTOR('',#3802,1.);
#3802 = DIRECTION('',(0.,0.,1.));
#3803 = CYLINDRICAL_SURFACE('',#3804,3.174);
#3804 = AXIS2_PLACEMENT_3D('',#3805,#3806,#3807);
#3805 = CARTESIAN_POINT('',(307.66638490447,14.734,-21.97));
#3806 = DIRECTION('',(0.,0.,1.));
#3807 = DIRECTION('',(1.,0.,0.));
#3808 = ADVANCED_FACE('',(#3809),#3820,.T.);
#3809 = FACE_BOUND('',#3810,.T.);
#3810 = EDGE_LOOP('',(#3811,#3812,#3813,#3819));
#3811 = ORIENTED_EDGE('',*,*,#749,.F.);
#3812 = ORIENTED_EDGE('',*,*,#3773,.F.);
#3813 = ORIENTED_EDGE('',*,*,#3814,.T.);
#3814 = EDGE_CURVE('',#3763,#3788,#3815,.T.);
#3815 = LINE('',#3816,#3817);
#3816 = CARTESIAN_POINT('',(310.84038490447,59.56,-21.97));
#3817 = VECTOR('',#3818,1.);
#3818 = DIRECTION('',(0.,-1.,0.));
#3819 = ORIENTED_EDGE('',*,*,#3798,.T.);
#3820 = PLANE('',#3821);
#3821 = AXIS2_PLACEMENT_3D('',#3822,#3823,#3824);
#3822 = CARTESIAN_POINT('',(310.84038490447,59.56,-21.97));
#3823 = DIRECTION('',(-1.,0.,0.));
#3824 = DIRECTION('',(0.,0.,1.));
#3825 = ADVANCED_FACE('',(#3826,#3836,#3847),#3858,.T.);
#3826 = FACE_BOUND('',#3827,.T.);
#3827 = EDGE_LOOP('',(#3828,#3829,#3830,#3831,#3832,#3833,#3834,#3835));
#3828 = ORIENTED_EDGE('',*,*,#3642,.T.);
#3829 = ORIENTED_EDGE('',*,*,#3689,.T.);
#3830 = ORIENTED_EDGE('',*,*,#3738,.F.);
#3831 = ORIENTED_EDGE('',*,*,#3787,.F.);
#3832 = ORIENTED_EDGE('',*,*,#3814,.F.);
#3833 = ORIENTED_EDGE('',*,*,#3762,.T.);
#3834 = ORIENTED_EDGE('',*,*,#3714,.T.);
#3835 = ORIENTED_EDGE('',*,*,#3664,.T.);
#3836 = FACE_BOUND('',#3837,.T.);
#3837 = EDGE_LOOP('',(#3838));
#3838 = ORIENTED_EDGE('',*,*,#3839,.T.);
#3839 = EDGE_CURVE('',#3840,#3840,#3842,.T.);
#3840 = VERTEX_POINT('',#3841);
#3841 = CARTESIAN_POINT('',(301.06758490447,48.06,-21.97));
#3842 = CIRCLE('',#3843,1.7272);
#3843 = AXIS2_PLACEMENT_3D('',#3844,#3845,#3846);
#3844 = CARTESIAN_POINT('',(299.34038490447,48.06,-21.97));
#3845 = DIRECTION('',(0.,0.,-1.));
#3846 = DIRECTION('',(1.,-0.,0.));
#3847 = FACE_BOUND('',#3848,.T.);
#3848 = EDGE_LOOP('',(#3849));
#3849 = ORIENTED_EDGE('',*,*,#3850,.T.);
#3850 = EDGE_CURVE('',#3851,#3851,#3853,.T.);
#3851 = VERTEX_POINT('',#3852);
#3852 = CARTESIAN_POINT('',(301.06758490447,23.06,-21.97));
#3853 = CIRCLE('',#3854,1.7272);
#3854 = AXIS2_PLACEMENT_3D('',#3855,#3856,#3857);
#3855 = CARTESIAN_POINT('',(299.34038490447,23.06,-21.97));
#3856 = DIRECTION('',(0.,0.,-1.));
#3857 = DIRECTION('',(1.,-0.,0.));
#3858 = PLANE('',#3859);
#3859 = AXIS2_PLACEMENT_3D('',#3860,#3861,#3862);
#3860 = CARTESIAN_POINT('',(310.84038490447,59.56,-21.97));
#3861 = DIRECTION('',(0.,0.,1.));
#3862 = DIRECTION('',(-1.,0.,0.));
#3863 = ADVANCED_FACE('',(#3864),#3883,.F.);
#3864 = FACE_BOUND('',#3865,.F.);
#3865 = EDGE_LOOP('',(#3866,#3867,#3875,#3882));
#3866 = ORIENTED_EDGE('',*,*,#3839,.T.);
#3867 = ORIENTED_EDGE('',*,*,#3868,.T.);
#3868 = EDGE_CURVE('',#3840,#3869,#3871,.T.);
#3869 = VERTEX_POINT('',#3870);
#3870 = CARTESIAN_POINT('',(301.06758490447,48.06,-38.1));
#3871 = LINE('',#3872,#3873);
#3872 = CARTESIAN_POINT('',(301.06758490447,48.06,-13.97));
#3873 = VECTOR('',#3874,1.);
#3874 = DIRECTION('',(0.,0.,-1.));
#3875 = ORIENTED_EDGE('',*,*,#3876,.F.);
#3876 = EDGE_CURVE('',#3869,#3869,#3877,.T.);
#3877 = CIRCLE('',#3878,1.7272);
#3878 = AXIS2_PLACEMENT_3D('',#3879,#3880,#3881);
#3879 = CARTESIAN_POINT('',(299.34038490447,48.06,-38.1));
#3880 = DIRECTION('',(0.,0.,-1.));
#3881 = DIRECTION('',(1.,0.,0.));
#3882 = ORIENTED_EDGE('',*,*,#3868,.F.);
#3883 = CYLINDRICAL_SURFACE('',#3884,1.7272);
#3884 = AXIS2_PLACEMENT_3D('',#3885,#3886,#3887);
#3885 = CARTESIAN_POINT('',(299.34038490447,48.06,-13.97));
#3886 = DIRECTION('',(0.,0.,-1.));
#3887 = DIRECTION('',(1.,-0.,0.));
#3888 = ADVANCED_FACE('',(#3889),#3908,.F.);
#3889 = FACE_BOUND('',#3890,.F.);
#3890 = EDGE_LOOP('',(#3891,#3892,#3900,#3907));
#3891 = ORIENTED_EDGE('',*,*,#3850,.T.);
#3892 = ORIENTED_EDGE('',*,*,#3893,.T.);
#3893 = EDGE_CURVE('',#3851,#3894,#3896,.T.);
#3894 = VERTEX_POINT('',#3895);
#3895 = CARTESIAN_POINT('',(301.06758490447,23.06,-38.1));
#3896 = LINE('',#3897,#3898);
#3897 = CARTESIAN_POINT('',(301.06758490447,23.06,-13.97));
#3898 = VECTOR('',#3899,1.);
#3899 = DIRECTION('',(0.,0.,-1.));
#3900 = ORIENTED_EDGE('',*,*,#3901,.F.);
#3901 = EDGE_CURVE('',#3894,#3894,#3902,.T.);
#3902 = CIRCLE('',#3903,1.7272);
#3903 = AXIS2_PLACEMENT_3D('',#3904,#3905,#3906);
#3904 = CARTESIAN_POINT('',(299.34038490447,23.06,-38.1));
#3905 = DIRECTION('',(0.,0.,-1.));
#3906 = DIRECTION('',(1.,0.,0.));
#3907 = ORIENTED_EDGE('',*,*,#3893,.F.);
#3908 = CYLINDRICAL_SURFACE('',#3909,1.7272);
#3909 = AXIS2_PLACEMENT_3D('',#3910,#3911,#3912);
#3910 = CARTESIAN_POINT('',(299.34038490447,23.06,-13.97));
#3911 = DIRECTION('',(0.,0.,-1.));
#3912 = DIRECTION('',(1.,-0.,0.));
#3913 = ADVANCED_FACE('',(#3914),#3939,.F.);
#3914 = FACE_BOUND('',#3915,.F.);
#3915 = EDGE_LOOP('',(#3916,#3924,#3925,#3933));
#3916 = ORIENTED_EDGE('',*,*,#3917,.T.);
#3917 = EDGE_CURVE('',#3918,#786,#3920,.T.);
#3918 = VERTEX_POINT('',#3919);
#3919 = CARTESIAN_POINT('',(170.29,51.386,-14.05100021362));
#3920 = LINE('',#3921,#3922);
#3921 = CARTESIAN_POINT('',(170.29,51.386,-14.05100021362));
#3922 = VECTOR('',#3923,1.);
#3923 = DIRECTION('',(0.,0.,1.));
#3924 = ORIENTED_EDGE('',*,*,#783,.F.);
#3925 = ORIENTED_EDGE('',*,*,#3926,.F.);
#3926 = EDGE_CURVE('',#3927,#784,#3929,.T.);
#3927 = VERTEX_POINT('',#3928);
#3928 = CARTESIAN_POINT('',(170.29,19.734,-14.05100021362));
#3929 = LINE('',#3930,#3931);
#3930 = CARTESIAN_POINT('',(170.29,19.734,-14.05100021362));
#3931 = VECTOR('',#3932,1.);
#3932 = DIRECTION('',(0.,0.,1.));
#3933 = ORIENTED_EDGE('',*,*,#3934,.T.);
#3934 = EDGE_CURVE('',#3927,#3918,#3935,.T.);
#3935 = LINE('',#3936,#3937);
#3936 = CARTESIAN_POINT('',(170.29,16.56,-14.05100021362));
#3937 = VECTOR('',#3938,1.);
#3938 = DIRECTION('',(0.,1.,0.));
#3939 = PLANE('',#3940);
#3940 = AXIS2_PLACEMENT_3D('',#3941,#3942,#3943);
#3941 = CARTESIAN_POINT('',(170.29,16.56,-14.05100021362));
#3942 = DIRECTION('',(1.,0.,0.));
#3943 = DIRECTION('',(0.,0.,1.));
#3944 = ADVANCED_FACE('',(#3945),#3964,.F.);
#3945 = FACE_BOUND('',#3946,.F.);
#3946 = EDGE_LOOP('',(#3947,#3955,#3962,#3963));
#3947 = ORIENTED_EDGE('',*,*,#3948,.F.);
#3948 = EDGE_CURVE('',#3949,#794,#3951,.T.);
#3949 = VERTEX_POINT('',#3950);
#3950 = CARTESIAN_POINT('',(167.116,16.56,-14.05100021362));
#3951 = LINE('',#3952,#3953);
#3952 = CARTESIAN_POINT('',(167.116,16.56,-14.05100021362));
#3953 = VECTOR('',#3954,1.);
#3954 = DIRECTION('',(0.,0.,1.));
#3955 = ORIENTED_EDGE('',*,*,#3956,.T.);
#3956 = EDGE_CURVE('',#3949,#3927,#3957,.T.);
#3957 = CIRCLE('',#3958,3.174);
#3958 = AXIS2_PLACEMENT_3D('',#3959,#3960,#3961);
#3959 = CARTESIAN_POINT('',(167.116,19.734,-14.05100021362));
#3960 = DIRECTION('',(-0.,0.,1.));
#3961 = DIRECTION('',(0.,-1.,0.));
#3962 = ORIENTED_EDGE('',*,*,#3926,.T.);
#3963 = ORIENTED_EDGE('',*,*,#793,.F.);
#3964 = CYLINDRICAL_SURFACE('',#3965,3.174);
#3965 = AXIS2_PLACEMENT_3D('',#3966,#3967,#3968);
#3966 = CARTESIAN_POINT('',(167.116,19.734,-14.05100021362));
#3967 = DIRECTION('',(0.,0.,1.));
#3968 = DIRECTION('',(0.,-1.,0.));
#3969 = ADVANCED_FACE('',(#3970),#3989,.F.);
#3970 = FACE_BOUND('',#3971,.F.);
#3971 = EDGE_LOOP('',(#3972,#3973,#3982,#3988));
#3972 = ORIENTED_EDGE('',*,*,#3917,.F.);
#3973 = ORIENTED_EDGE('',*,*,#3974,.T.);
#3974 = EDGE_CURVE('',#3918,#3975,#3977,.T.);
#3975 = VERTEX_POINT('',#3976);
#3976 = CARTESIAN_POINT('',(167.116,54.56,-14.05100021362));
#3977 = CIRCLE('',#3978,3.174);
#3978 = AXIS2_PLACEMENT_3D('',#3979,#3980,#3981);
#3979 = CARTESIAN_POINT('',(167.116,51.386,-14.05100021362));
#3980 = DIRECTION('',(-0.,0.,1.));
#3981 = DIRECTION('',(0.,-1.,0.));
#3982 = ORIENTED_EDGE('',*,*,#3983,.T.);
#3983 = EDGE_CURVE('',#3975,#837,#3984,.T.);
#3984 = LINE('',#3985,#3986);
#3985 = CARTESIAN_POINT('',(167.116,54.56,-14.05100021362));
#3986 = VECTOR('',#3987,1.);
#3987 = DIRECTION('',(0.,0.,1.));
#3988 = ORIENTED_EDGE('',*,*,#844,.F.);
#3989 = CYLINDRICAL_SURFACE('',#3990,3.174);
#3990 = AXIS2_PLACEMENT_3D('',#3991,#3992,#3993);
#3991 = CARTESIAN_POINT('',(167.116,51.386,-14.05100021362));
#3992 = DIRECTION('',(0.,0.,1.));
#3993 = DIRECTION('',(1.,0.,0.));
#3994 = ADVANCED_FACE('',(#3995),#4013,.T.);
#3995 = FACE_BOUND('',#3996,.T.);
#3996 = EDGE_LOOP('',(#3997,#3998,#4006,#4012));
#3997 = ORIENTED_EDGE('',*,*,#3948,.F.);
#3998 = ORIENTED_EDGE('',*,*,#3999,.F.);
#3999 = EDGE_CURVE('',#4000,#3949,#4002,.T.);
#4000 = VERTEX_POINT('',#4001);
#4001 = CARTESIAN_POINT('',(155.464,16.56,-14.05100021362));
#4002 = LINE('',#4003,#4004);
#4003 = CARTESIAN_POINT('',(152.29,16.56,-14.05100021362));
#4004 = VECTOR('',#4005,1.);
#4005 = DIRECTION('',(1.,0.,0.));
#4006 = ORIENTED_EDGE('',*,*,#4007,.T.);
#4007 = EDGE_CURVE('',#4000,#803,#4008,.T.);
#4008 = LINE('',#4009,#4010);
#4009 = CARTESIAN_POINT('',(155.464,16.56,-14.05100021362));
#4010 = VECTOR('',#4011,1.);
#4011 = DIRECTION('',(0.,0.,1.));
#4012 = ORIENTED_EDGE('',*,*,#802,.F.);
#4013 = PLANE('',#4014);
#4014 = AXIS2_PLACEMENT_3D('',#4015,#4016,#4017);
#4015 = CARTESIAN_POINT('',(152.29,16.56,-14.05100021362));
#4016 = DIRECTION('',(0.,1.,0.));
#4017 = DIRECTION('',(0.,0.,1.));
#4018 = ADVANCED_FACE('',(#4019),#4037,.F.);
#4019 = FACE_BOUND('',#4020,.F.);
#4020 = EDGE_LOOP('',(#4021,#4022,#4030,#4036));
#4021 = ORIENTED_EDGE('',*,*,#3983,.F.);
#4022 = ORIENTED_EDGE('',*,*,#4023,.F.);
#4023 = EDGE_CURVE('',#4024,#3975,#4026,.T.);
#4024 = VERTEX_POINT('',#4025);
#4025 = CARTESIAN_POINT('',(155.464,54.56,-14.05100021362));
#4026 = LINE('',#4027,#4028);
#4027 = CARTESIAN_POINT('',(152.29,54.56,-14.05100021362));
#4028 = VECTOR('',#4029,1.);
#4029 = DIRECTION('',(1.,0.,0.));
#4030 = ORIENTED_EDGE('',*,*,#4031,.T.);
#4031 = EDGE_CURVE('',#4024,#828,#4032,.T.);
#4032 = LINE('',#4033,#4034);
#4033 = CARTESIAN_POINT('',(155.464,54.56,-14.05100021362));
#4034 = VECTOR('',#4035,1.);
#4035 = DIRECTION('',(0.,0.,1.));
#4036 = ORIENTED_EDGE('',*,*,#836,.F.);
#4037 = PLANE('',#4038);
#4038 = AXIS2_PLACEMENT_3D('',#4039,#4040,#4041);
#4039 = CARTESIAN_POINT('',(152.29,54.56,-14.05100021362));
#4040 = DIRECTION('',(0.,1.,0.));
#4041 = DIRECTION('',(0.,0.,1.));
#4042 = ADVANCED_FACE('',(#4043),#4062,.F.);
#4043 = FACE_BOUND('',#4044,.F.);
#4044 = EDGE_LOOP('',(#4045,#4053,#4060,#4061));
#4045 = ORIENTED_EDGE('',*,*,#4046,.F.);
#4046 = EDGE_CURVE('',#4047,#811,#4049,.T.);
#4047 = VERTEX_POINT('',#4048);
#4048 = CARTESIAN_POINT('',(152.29,19.734,-14.05100021362));
#4049 = LINE('',#4050,#4051);
#4050 = CARTESIAN_POINT('',(152.29,19.734,-14.05100021362));
#4051 = VECTOR('',#4052,1.);
#4052 = DIRECTION('',(0.,0.,1.));
#4053 = ORIENTED_EDGE('',*,*,#4054,.T.);
#4054 = EDGE_CURVE('',#4047,#4000,#4055,.T.);
#4055 = CIRCLE('',#4056,3.174);
#4056 = AXIS2_PLACEMENT_3D('',#4057,#4058,#4059);
#4057 = CARTESIAN_POINT('',(155.464,19.734,-14.05100021362));
#4058 = DIRECTION('',(-0.,0.,1.));
#4059 = DIRECTION('',(0.,-1.,0.));
#4060 = ORIENTED_EDGE('',*,*,#4007,.T.);
#4061 = ORIENTED_EDGE('',*,*,#810,.F.);
#4062 = CYLINDRICAL_SURFACE('',#4063,3.174);
#4063 = AXIS2_PLACEMENT_3D('',#4064,#4065,#4066);
#4064 = CARTESIAN_POINT('',(155.464,19.734,-14.05100021362));
#4065 = DIRECTION('',(0.,0.,1.));
#4066 = DIRECTION('',(-1.,0.,0.));
#4067 = ADVANCED_FACE('',(#4068),#4087,.F.);
#4068 = FACE_BOUND('',#4069,.T.);
#4069 = EDGE_LOOP('',(#4070,#4078,#4085,#4086));
#4070 = ORIENTED_EDGE('',*,*,#4071,.F.);
#4071 = EDGE_CURVE('',#4072,#820,#4074,.T.);
#4072 = VERTEX_POINT('',#4073);
#4073 = CARTESIAN_POINT('',(152.29,51.386,-14.05100021362));
#4074 = LINE('',#4075,#4076);
#4075 = CARTESIAN_POINT('',(152.29,51.386,-14.05100021362));
#4076 = VECTOR('',#4077,1.);
#4077 = DIRECTION('',(0.,0.,1.));
#4078 = ORIENTED_EDGE('',*,*,#4079,.T.);
#4079 = EDGE_CURVE('',#4072,#4024,#4080,.T.);
#4080 = CIRCLE('',#4081,3.174);
#4081 = AXIS2_PLACEMENT_3D('',#4082,#4083,#4084);
#4082 = CARTESIAN_POINT('',(155.464,51.386,-14.05100021362));
#4083 = DIRECTION('',(-0.,-0.,-1.));
#4084 = DIRECTION('',(0.,-1.,0.));
#4085 = ORIENTED_EDGE('',*,*,#4031,.T.);
#4086 = ORIENTED_EDGE('',*,*,#827,.T.);
#4087 = CYLINDRICAL_SURFACE('',#4088,3.174);
#4088 = AXIS2_PLACEMENT_3D('',#4089,#4090,#4091);
#4089 = CARTESIAN_POINT('',(155.464,51.386,-14.05100021362));
#4090 = DIRECTION('',(0.,0.,1.));
#4091 = DIRECTION('',(-1.,0.,0.));
#4092 = ADVANCED_FACE('',(#4093),#4104,.T.);
#4093 = FACE_BOUND('',#4094,.T.);
#4094 = EDGE_LOOP('',(#4095,#4096,#4097,#4098));
#4095 = ORIENTED_EDGE('',*,*,#4071,.T.);
#4096 = ORIENTED_EDGE('',*,*,#819,.F.);
#4097 = ORIENTED_EDGE('',*,*,#4046,.F.);
#4098 = ORIENTED_EDGE('',*,*,#4099,.T.);
#4099 = EDGE_CURVE('',#4047,#4072,#4100,.T.);
#4100 = LINE('',#4101,#4102);
#4101 = CARTESIAN_POINT('',(152.29,16.56,-14.05100021362));
#4102 = VECTOR('',#4103,1.);
#4103 = DIRECTION('',(0.,1.,0.));
#4104 = PLANE('',#4105);
#4105 = AXIS2_PLACEMENT_3D('',#4106,#4107,#4108);
#4106 = CARTESIAN_POINT('',(152.29,16.56,-14.05100021362));
#4107 = DIRECTION('',(1.,0.,0.));
#4108 = DIRECTION('',(0.,0.,1.));
#4109 = ADVANCED_FACE('',(#4110,#4120,#4131),#4142,.T.);
#4110 = FACE_BOUND('',#4111,.T.);
#4111 = EDGE_LOOP('',(#4112,#4113,#4114,#4115,#4116,#4117,#4118,#4119));
#4112 = ORIENTED_EDGE('',*,*,#3934,.T.);
#4113 = ORIENTED_EDGE('',*,*,#3974,.T.);
#4114 = ORIENTED_EDGE('',*,*,#4023,.F.);
#4115 = ORIENTED_EDGE('',*,*,#4079,.F.);
#4116 = ORIENTED_EDGE('',*,*,#4099,.F.);
#4117 = ORIENTED_EDGE('',*,*,#4054,.T.);
#4118 = ORIENTED_EDGE('',*,*,#3999,.T.);
#4119 = ORIENTED_EDGE('',*,*,#3956,.T.);
#4120 = FACE_BOUND('',#4121,.T.);
#4121 = EDGE_LOOP('',(#4122));
#4122 = ORIENTED_EDGE('',*,*,#4123,.T.);
#4123 = EDGE_CURVE('',#4124,#4124,#4126,.T.);
#4124 = VERTEX_POINT('',#4125);
#4125 = CARTESIAN_POINT('',(159.5628,24.26,-14.05100021362));
#4126 = CIRCLE('',#4127,1.7272);
#4127 = AXIS2_PLACEMENT_3D('',#4128,#4129,#4130);
#4128 = CARTESIAN_POINT('',(161.29,24.26,-14.05100021362));
#4129 = DIRECTION('',(0.,0.,-1.));
#4130 = DIRECTION('',(-1.,0.,0.));
#4131 = FACE_BOUND('',#4132,.T.);
#4132 = EDGE_LOOP('',(#4133));
#4133 = ORIENTED_EDGE('',*,*,#4134,.T.);
#4134 = EDGE_CURVE('',#4135,#4135,#4137,.T.);
#4135 = VERTEX_POINT('',#4136);
#4136 = CARTESIAN_POINT('',(159.5628,46.86,-14.05100021362));
#4137 = CIRCLE('',#4138,1.7272);
#4138 = AXIS2_PLACEMENT_3D('',#4139,#4140,#4141);
#4139 = CARTESIAN_POINT('',(161.29,46.86,-14.05100021362));
#4140 = DIRECTION('',(0.,0.,-1.));
#4141 = DIRECTION('',(-1.,0.,0.));
#4142 = PLANE('',#4143);
#4143 = AXIS2_PLACEMENT_3D('',#4144,#4145,#4146);
#4144 = CARTESIAN_POINT('',(152.29,16.56,-14.05100021362));
#4145 = DIRECTION('',(0.,0.,1.));
#4146 = DIRECTION('',(1.,0.,0.));
#4147 = ADVANCED_FACE('',(#4148),#4167,.F.);
#4148 = FACE_BOUND('',#4149,.F.);
#4149 = EDGE_LOOP('',(#4150,#4151,#4159,#4166));
#4150 = ORIENTED_EDGE('',*,*,#4123,.T.);
#4151 = ORIENTED_EDGE('',*,*,#4152,.T.);
#4152 = EDGE_CURVE('',#4124,#4153,#4155,.T.);
#4153 = VERTEX_POINT('',#4154);
#4154 = CARTESIAN_POINT('',(159.5628,24.26,-38.1));
#4155 = LINE('',#4156,#4157);
#4156 = CARTESIAN_POINT('',(159.5628,24.26,-6.35));
#4157 = VECTOR('',#4158,1.);
#4158 = DIRECTION('',(0.,0.,-1.));
#4159 = ORIENTED_EDGE('',*,*,#4160,.F.);
#4160 = EDGE_CURVE('',#4153,#4153,#4161,.T.);
#4161 = CIRCLE('',#4162,1.7272);
#4162 = AXIS2_PLACEMENT_3D('',#4163,#4164,#4165);
#4163 = CARTESIAN_POINT('',(161.29,24.26,-38.1));
#4164 = DIRECTION('',(0.,0.,-1.));
#4165 = DIRECTION('',(-1.,0.,0.));
#4166 = ORIENTED_EDGE('',*,*,#4152,.F.);
#4167 = CYLINDRICAL_SURFACE('',#4168,1.7272);
#4168 = AXIS2_PLACEMENT_3D('',#4169,#4170,#4171);
#4169 = CARTESIAN_POINT('',(161.29,24.26,-6.35));
#4170 = DIRECTION('',(0.,0.,-1.));
#4171 = DIRECTION('',(-1.,0.,0.));
#4172 = ADVANCED_FACE('',(#4173),#4192,.F.);
#4173 = FACE_BOUND('',#4174,.F.);
#4174 = EDGE_LOOP('',(#4175,#4176,#4184,#4191));
#4175 = ORIENTED_EDGE('',*,*,#4134,.T.);
#4176 = ORIENTED_EDGE('',*,*,#4177,.T.);
#4177 = EDGE_CURVE('',#4135,#4178,#4180,.T.);
#4178 = VERTEX_POINT('',#4179);
#4179 = CARTESIAN_POINT('',(159.5628,46.86,-38.1));
#4180 = LINE('',#4181,#4182);
#4181 = CARTESIAN_POINT('',(159.5628,46.86,-6.35));
#4182 = VECTOR('',#4183,1.);
#4183 = DIRECTION('',(0.,0.,-1.));
#4184 = ORIENTED_EDGE('',*,*,#4185,.F.);
#4185 = EDGE_CURVE('',#4178,#4178,#4186,.T.);
#4186 = CIRCLE('',#4187,1.7272);
#4187 = AXIS2_PLACEMENT_3D('',#4188,#4189,#4190);
#4188 = CARTESIAN_POINT('',(161.29,46.86,-38.1));
#4189 = DIRECTION('',(0.,0.,-1.));
#4190 = DIRECTION('',(-1.,0.,0.));
#4191 = ORIENTED_EDGE('',*,*,#4177,.F.);
#4192 = CYLINDRICAL_SURFACE('',#4193,1.7272);
#4193 = AXIS2_PLACEMENT_3D('',#4194,#4195,#4196);
#4194 = CARTESIAN_POINT('',(161.29,46.86,-6.35));
#4195 = DIRECTION('',(0.,0.,-1.));
#4196 = DIRECTION('',(-1.,0.,0.));
#4197 = ADVANCED_FACE('',(#4198),#4225,.F.);
#4198 = FACE_BOUND('',#4199,.T.);
#4199 = EDGE_LOOP('',(#4200,#4208,#4217,#4223,#4224));
#4200 = ORIENTED_EDGE('',*,*,#4201,.F.);
#4201 = EDGE_CURVE('',#4202,#856,#4204,.T.);
#4202 = VERTEX_POINT('',#4203);
#4203 = CARTESIAN_POINT('',(128.19900376485,139.35741805621,
    -19.09033817672));
#4204 = LINE('',#4205,#4206);
#4205 = CARTESIAN_POINT('',(128.19900376485,139.35741805621,
    -19.09033817672));
#4206 = VECTOR('',#4207,1.);
#4207 = DIRECTION('',(0.,0.,1.));
#4208 = ORIENTED_EDGE('',*,*,#4209,.T.);
#4209 = EDGE_CURVE('',#4202,#4210,#4212,.T.);
#4210 = VERTEX_POINT('',#4211);
#4211 = CARTESIAN_POINT('',(132.68771761182,139.35741805621,
    -19.09033817672));
#4212 = CIRCLE('',#4213,3.174);
#4213 = AXIS2_PLACEMENT_3D('',#4214,#4215,#4216);
#4214 = CARTESIAN_POINT('',(130.44336068833,137.11306113272,
    -19.09033817672));
#4215 = DIRECTION('',(-0.,0.,-1.));
#4216 = DIRECTION('',(-0.707106781187,-0.707106781187,0.));
#4217 = ORIENTED_EDGE('',*,*,#4218,.T.);
#4218 = EDGE_CURVE('',#4210,#865,#4219,.T.);
#4219 = LINE('',#4220,#4221);
#4220 = CARTESIAN_POINT('',(132.68771761182,139.35741805621,
    -19.09033817672));
#4221 = VECTOR('',#4222,1.);
#4222 = DIRECTION('',(0.,0.,1.));
#4223 = ORIENTED_EDGE('',*,*,#864,.T.);
#4224 = ORIENTED_EDGE('',*,*,#853,.T.);
#4225 = CYLINDRICAL_SURFACE('',#4226,3.174);
#4226 = AXIS2_PLACEMENT_3D('',#4227,#4228,#4229);
#4227 = CARTESIAN_POINT('',(130.44336068833,137.11306113272,
    -19.09033817672));
#4228 = DIRECTION('',(0.,0.,1.));
#4229 = DIRECTION('',(-0.707106781187,0.707106781187,0.));
#4230 = ADVANCED_FACE('',(#4231),#4249,.T.);
#4231 = FACE_BOUND('',#4232,.T.);
#4232 = EDGE_LOOP('',(#4233,#4234,#4235,#4243));
#4233 = ORIENTED_EDGE('',*,*,#4201,.T.);
#4234 = ORIENTED_EDGE('',*,*,#933,.F.);
#4235 = ORIENTED_EDGE('',*,*,#4236,.F.);
#4236 = EDGE_CURVE('',#4237,#925,#4239,.T.);
#4237 = VERTEX_POINT('',#4238);
#4238 = CARTESIAN_POINT('',(118.56113822129,129.71955251265,
    -19.09033817672));
#4239 = LINE('',#4240,#4241);
#4240 = CARTESIAN_POINT('',(118.56113822129,129.71955251265,
    -19.09033817672));
#4241 = VECTOR('',#4242,1.);
#4242 = DIRECTION('',(0.,0.,1.));
#4243 = ORIENTED_EDGE('',*,*,#4244,.T.);
#4244 = EDGE_CURVE('',#4237,#4202,#4245,.T.);
#4245 = LINE('',#4246,#4247);
#4246 = CARTESIAN_POINT('',(116.3167812978,127.47519558916,
    -19.09033817672));
#4247 = VECTOR('',#4248,1.);
#4248 = DIRECTION('',(0.707106781187,0.707106781187,0.));
#4249 = PLANE('',#4250);
#4250 = AXIS2_PLACEMENT_3D('',#4251,#4252,#4253);
#4251 = CARTESIAN_POINT('',(116.3167812978,127.47519558916,
    -19.09033817672));
#4252 = DIRECTION('',(0.707106781187,-0.707106781187,0.));
#4253 = DIRECTION('',(0.,0.,1.));
#4254 = ADVANCED_FACE('',(#4255),#4274,.F.);
#4255 = FACE_BOUND('',#4256,.F.);
#4256 = EDGE_LOOP('',(#4257,#4258,#4267,#4273));
#4257 = ORIENTED_EDGE('',*,*,#4236,.F.);
#4258 = ORIENTED_EDGE('',*,*,#4259,.T.);
#4259 = EDGE_CURVE('',#4237,#4260,#4262,.T.);
#4260 = VERTEX_POINT('',#4261);
#4261 = CARTESIAN_POINT('',(118.56113822129,125.23083866568,
    -19.09033817672));
#4262 = CIRCLE('',#4263,3.174);
#4263 = AXIS2_PLACEMENT_3D('',#4264,#4265,#4266);
#4264 = CARTESIAN_POINT('',(120.80549514477,127.47519558916,
    -19.09033817672));
#4265 = DIRECTION('',(0.,0.,1.));
#4266 = DIRECTION('',(-0.707106781187,-0.707106781187,0.));
#4267 = ORIENTED_EDGE('',*,*,#4268,.T.);
#4268 = EDGE_CURVE('',#4260,#917,#4269,.T.);
#4269 = LINE('',#4270,#4271);
#4270 = CARTESIAN_POINT('',(118.56113822129,125.23083866568,
    -19.09033817672));
#4271 = VECTOR('',#4272,1.);
#4272 = DIRECTION('',(0.,0.,1.));
#4273 = ORIENTED_EDGE('',*,*,#924,.F.);
#4274 = CYLINDRICAL_SURFACE('',#4275,3.174);
#4275 = AXIS2_PLACEMENT_3D('',#4276,#4277,#4278);
#4276 = CARTESIAN_POINT('',(120.80549514477,127.47519558916,
    -19.09033817672));
#4277 = DIRECTION('',(0.,0.,1.));
#4278 = DIRECTION('',(-0.707106781187,0.707106781187,0.));
#4279 = ADVANCED_FACE('',(#4280),#4298,.T.);
#4280 = FACE_BOUND('',#4281,.T.);
#4281 = EDGE_LOOP('',(#4282,#4290,#4296,#4297));
#4282 = ORIENTED_EDGE('',*,*,#4283,.F.);
#4283 = EDGE_CURVE('',#4284,#908,#4286,.T.);
#4284 = VERTEX_POINT('',#4285);
#4285 = CARTESIAN_POINT('',(129.63584479008,114.15613209689,
    -19.09033817672));
#4286 = LINE('',#4287,#4288);
#4287 = CARTESIAN_POINT('',(129.63584479008,114.15613209689,
    -19.09033817672));
#4288 = VECTOR('',#4289,1.);
#4289 = DIRECTION('',(0.,0.,1.));
#4290 = ORIENTED_EDGE('',*,*,#4291,.F.);
#4291 = EDGE_CURVE('',#4260,#4284,#4292,.T.);
#4292 = LINE('',#4293,#4294);
#4293 = CARTESIAN_POINT('',(116.3167812978,127.47519558916,
    -19.09033817672));
#4294 = VECTOR('',#4295,1.);
#4295 = DIRECTION('',(0.707106781187,-0.707106781187,0.));
#4296 = ORIENTED_EDGE('',*,*,#4268,.T.);
#4297 = ORIENTED_EDGE('',*,*,#916,.F.);
#4298 = PLANE('',#4299);
#4299 = AXIS2_PLACEMENT_3D('',#4300,#4301,#4302);
#4300 = CARTESIAN_POINT('',(116.3167812978,127.47519558916,
    -19.09033817672));
#4301 = DIRECTION('',(0.707106781187,0.707106781187,0.));
#4302 = DIRECTION('',(0.,0.,1.));
#4303 = ADVANCED_FACE('',(#4304),#4323,.F.);
#4304 = FACE_BOUND('',#4305,.F.);
#4305 = EDGE_LOOP('',(#4306,#4307,#4316,#4322));
#4306 = ORIENTED_EDGE('',*,*,#4283,.F.);
#4307 = ORIENTED_EDGE('',*,*,#4308,.T.);
#4308 = EDGE_CURVE('',#4284,#4309,#4311,.T.);
#4309 = VERTEX_POINT('',#4310);
#4310 = CARTESIAN_POINT('',(134.12455863705,114.15613209689,
    -19.09033817672));
#4311 = CIRCLE('',#4312,3.174);
#4312 = AXIS2_PLACEMENT_3D('',#4313,#4314,#4315);
#4313 = CARTESIAN_POINT('',(131.88020171356,116.40048902038,
    -19.09033817672));
#4314 = DIRECTION('',(0.,0.,1.));
#4315 = DIRECTION('',(-0.707106781187,-0.707106781187,0.));
#4316 = ORIENTED_EDGE('',*,*,#4317,.T.);
#4317 = EDGE_CURVE('',#4309,#900,#4318,.T.);
#4318 = LINE('',#4319,#4320);
#4319 = CARTESIAN_POINT('',(134.12455863705,114.15613209689,
    -19.09033817672));
#4320 = VECTOR('',#4321,1.);
#4321 = DIRECTION('',(0.,0.,1.));
#4322 = ORIENTED_EDGE('',*,*,#907,.F.);
#4323 = CYLINDRICAL_SURFACE('',#4324,3.174);
#4324 = AXIS2_PLACEMENT_3D('',#4325,#4326,#4327);
#4325 = CARTESIAN_POINT('',(131.88020171356,116.40048902038,
    -19.09033817672));
#4326 = DIRECTION('',(0.,0.,1.));
#4327 = DIRECTION('',(-0.707106781187,-0.707106781187,0.));
#4328 = ADVANCED_FACE('',(#4329),#4347,.F.);
#4329 = FACE_BOUND('',#4330,.F.);
#4330 = EDGE_LOOP('',(#4331,#4339,#4340,#4341));
#4331 = ORIENTED_EDGE('',*,*,#4332,.T.);
#4332 = EDGE_CURVE('',#4333,#891,#4335,.T.);
#4333 = VERTEX_POINT('',#4334);
#4334 = CARTESIAN_POINT('',(143.76242418061,123.79399764045,
    -19.09033817672));
#4335 = LINE('',#4336,#4337);
#4336 = CARTESIAN_POINT('',(143.76242418061,123.79399764045,
    -19.09033817672));
#4337 = VECTOR('',#4338,1.);
#4338 = DIRECTION('',(0.,0.,1.));
#4339 = ORIENTED_EDGE('',*,*,#899,.F.);
#4340 = ORIENTED_EDGE('',*,*,#4317,.F.);
#4341 = ORIENTED_EDGE('',*,*,#4342,.T.);
#4342 = EDGE_CURVE('',#4309,#4333,#4343,.T.);
#4343 = LINE('',#4344,#4345);
#4344 = CARTESIAN_POINT('',(131.88020171356,111.9117751734,
    -19.09033817672));
#4345 = VECTOR('',#4346,1.);
#4346 = DIRECTION('',(0.707106781187,0.707106781187,0.));
#4347 = PLANE('',#4348);
#4348 = AXIS2_PLACEMENT_3D('',#4349,#4350,#4351);
#4349 = CARTESIAN_POINT('',(131.88020171356,111.9117751734,
    -19.09033817672));
#4350 = DIRECTION('',(0.707106781187,-0.707106781187,0.));
#4351 = DIRECTION('',(0.,0.,1.));
#4352 = ADVANCED_FACE('',(#4353),#4373,.F.);
#4353 = FACE_BOUND('',#4354,.F.);
#4354 = EDGE_LOOP('',(#4355,#4356,#4365,#4371,#4372));
#4355 = ORIENTED_EDGE('',*,*,#4332,.F.);
#4356 = ORIENTED_EDGE('',*,*,#4357,.T.);
#4357 = EDGE_CURVE('',#4333,#4358,#4360,.T.);
#4358 = VERTEX_POINT('',#4359);
#4359 = CARTESIAN_POINT('',(143.76242418061,128.28271148742,
    -19.09033817672));
#4360 = CIRCLE('',#4361,3.174);
#4361 = AXIS2_PLACEMENT_3D('',#4362,#4363,#4364);
#4362 = CARTESIAN_POINT('',(141.51806725712,126.03835456394,
    -19.09033817672));
#4363 = DIRECTION('',(0.,0.,1.));
#4364 = DIRECTION('',(-0.707106781187,-0.707106781187,0.));
#4365 = ORIENTED_EDGE('',*,*,#4366,.T.);
#4366 = EDGE_CURVE('',#4358,#874,#4367,.T.);
#4367 = LINE('',#4368,#4369);
#4368 = CARTESIAN_POINT('',(143.76242418061,128.28271148742,
    -19.09033817672));
#4369 = VECTOR('',#4370,1.);
#4370 = DIRECTION('',(0.,0.,1.));
#4371 = ORIENTED_EDGE('',*,*,#881,.F.);
#4372 = ORIENTED_EDGE('',*,*,#890,.F.);
#4373 = CYLINDRICAL_SURFACE('',#4374,3.174);
#4374 = AXIS2_PLACEMENT_3D('',#4375,#4376,#4377);
#4375 = CARTESIAN_POINT('',(141.51806725712,126.03835456394,
    -19.09033817672));
#4376 = DIRECTION('',(0.,0.,1.));
#4377 = DIRECTION('',(0.707106781187,-0.707106781187,0.));
#4378 = ADVANCED_FACE('',(#4379),#4390,.F.);
#4379 = FACE_BOUND('',#4380,.F.);
#4380 = EDGE_LOOP('',(#4381,#4382,#4388,#4389));
#4381 = ORIENTED_EDGE('',*,*,#4366,.F.);
#4382 = ORIENTED_EDGE('',*,*,#4383,.F.);
#4383 = EDGE_CURVE('',#4210,#4358,#4384,.T.);
#4384 = LINE('',#4385,#4386);
#4385 = CARTESIAN_POINT('',(130.44336068833,141.6017749797,
    -19.09033817672));
#4386 = VECTOR('',#4387,1.);
#4387 = DIRECTION('',(0.707106781187,-0.707106781187,0.));
#4388 = ORIENTED_EDGE('',*,*,#4218,.T.);
#4389 = ORIENTED_EDGE('',*,*,#873,.F.);
#4390 = PLANE('',#4391);
#4391 = AXIS2_PLACEMENT_3D('',#4392,#4393,#4394);
#4392 = CARTESIAN_POINT('',(130.44336068833,141.6017749797,
    -19.09033817672));
#4393 = DIRECTION('',(0.707106781187,0.707106781187,0.));
#4394 = DIRECTION('',(0.,0.,1.));
#4395 = ADVANCED_FACE('',(#4396),#4406,.T.);
#4396 = FACE_BOUND('',#4397,.T.);
#4397 = EDGE_LOOP('',(#4398,#4399,#4400,#4401,#4402,#4403,#4404,#4405));
#4398 = ORIENTED_EDGE('',*,*,#4342,.T.);
#4399 = ORIENTED_EDGE('',*,*,#4357,.T.);
#4400 = ORIENTED_EDGE('',*,*,#4383,.F.);
#4401 = ORIENTED_EDGE('',*,*,#4209,.F.);
#4402 = ORIENTED_EDGE('',*,*,#4244,.F.);
#4403 = ORIENTED_EDGE('',*,*,#4259,.T.);
#4404 = ORIENTED_EDGE('',*,*,#4291,.T.);
#4405 = ORIENTED_EDGE('',*,*,#4308,.T.);
#4406 = PLANE('',#4407);
#4407 = AXIS2_PLACEMENT_3D('',#4408,#4409,#4410);
#4408 = CARTESIAN_POINT('',(116.3167812978,127.47519558916,
    -19.09033817672));
#4409 = DIRECTION('',(0.,0.,1.));
#4410 = DIRECTION('',(0.707106781187,-0.707106781187,0.));
#4411 = ADVANCED_FACE('',(#4412),#4439,.F.);
#4412 = FACE_BOUND('',#4413,.T.);
#4413 = EDGE_LOOP('',(#4414,#4422,#4431,#4437,#4438));
#4414 = ORIENTED_EDGE('',*,*,#4415,.F.);
#4415 = EDGE_CURVE('',#4416,#987,#4418,.T.);
#4416 = VERTEX_POINT('',#4417);
#4417 = CARTESIAN_POINT('',(390.24892918135,37.888911464691,
    -19.09033817672));
#4418 = LINE('',#4419,#4420);
#4419 = CARTESIAN_POINT('',(390.24892918135,37.888911464691,
    -19.09033817672));
#4420 = VECTOR('',#4421,1.);
#4421 = DIRECTION('',(0.,0.,1.));
#4422 = ORIENTED_EDGE('',*,*,#4423,.T.);
#4423 = EDGE_CURVE('',#4416,#4424,#4426,.T.);
#4424 = VERTEX_POINT('',#4425);
#4425 = CARTESIAN_POINT('',(387.07492918135,34.714911464691,
    -19.09033817672));
#4426 = CIRCLE('',#4427,3.174);
#4427 = AXIS2_PLACEMENT_3D('',#4428,#4429,#4430);
#4428 = CARTESIAN_POINT('',(387.07492918135,37.888911464691,
    -19.09033817672));
#4429 = DIRECTION('',(0.,0.,-1.));
#4430 = DIRECTION('',(0.,1.,0.));
#4431 = ORIENTED_EDGE('',*,*,#4432,.T.);
#4432 = EDGE_CURVE('',#4424,#1004,#4433,.T.);
#4433 = LINE('',#4434,#4435);
#4434 = CARTESIAN_POINT('',(387.07492918135,34.714911464691,
    -19.09033817672));
#4435 = VECTOR('',#4436,1.);
#4436 = DIRECTION('',(0.,0.,1.));
#4437 = ORIENTED_EDGE('',*,*,#1003,.T.);
#4438 = ORIENTED_EDGE('',*,*,#994,.T.);
#4439 = CYLINDRICAL_SURFACE('',#4440,3.174);
#4440 = AXIS2_PLACEMENT_3D('',#4441,#4442,#4443);
#4441 = CARTESIAN_POINT('',(387.07492918135,37.888911464691,
    -19.09033817672));
#4442 = DIRECTION('',(0.,0.,1.));
#4443 = DIRECTION('',(1.,0.,0.));
#4444 = ADVANCED_FACE('',(#4445),#4463,.T.);
#4445 = FACE_BOUND('',#4446,.T.);
#4446 = EDGE_LOOP('',(#4447,#4448,#4449,#4457));
#4447 = ORIENTED_EDGE('',*,*,#4415,.T.);
#4448 = ORIENTED_EDGE('',*,*,#986,.F.);
#4449 = ORIENTED_EDGE('',*,*,#4450,.F.);
#4450 = EDGE_CURVE('',#4451,#978,#4453,.T.);
#4451 = VERTEX_POINT('',#4452);
#4452 = CARTESIAN_POINT('',(390.24892918135,51.518911628723,
    -19.09033817672));
#4453 = LINE('',#4454,#4455);
#4454 = CARTESIAN_POINT('',(390.24892918135,51.518911628723,
    -19.09033817672));
#4455 = VECTOR('',#4456,1.);
#4456 = DIRECTION('',(0.,0.,1.));
#4457 = ORIENTED_EDGE('',*,*,#4458,.T.);
#4458 = EDGE_CURVE('',#4451,#4416,#4459,.T.);
#4459 = LINE('',#4460,#4461);
#4460 = CARTESIAN_POINT('',(390.24892918135,54.692911628723,
    -19.09033817672));
#4461 = VECTOR('',#4462,1.);
#4462 = DIRECTION('',(0.,-1.,0.));
#4463 = PLANE('',#4464);
#4464 = AXIS2_PLACEMENT_3D('',#4465,#4466,#4467);
#4465 = CARTESIAN_POINT('',(390.24892918135,54.692911628723,
    -19.09033817672));
#4466 = DIRECTION('',(-1.,0.,0.));
#4467 = DIRECTION('',(0.,0.,1.));
#4468 = ADVANCED_FACE('',(#4469),#4496,.F.);
#4469 = FACE_BOUND('',#4470,.F.);
#4470 = EDGE_LOOP('',(#4471,#4479,#4488,#4494,#4495));
#4471 = ORIENTED_EDGE('',*,*,#4472,.F.);
#4472 = EDGE_CURVE('',#4473,#942,#4475,.T.);
#4473 = VERTEX_POINT('',#4474);
#4474 = CARTESIAN_POINT('',(368.23892895247,37.888911464691,
    -19.09033817672));
#4475 = LINE('',#4476,#4477);
#4476 = CARTESIAN_POINT('',(368.23892895247,37.888911464691,
    -19.09033817672));
#4477 = VECTOR('',#4478,1.);
#4478 = DIRECTION('',(0.,0.,1.));
#4479 = ORIENTED_EDGE('',*,*,#4480,.T.);
#4480 = EDGE_CURVE('',#4473,#4481,#4483,.T.);
#4481 = VERTEX_POINT('',#4482);
#4482 = CARTESIAN_POINT('',(371.41292895247,34.714911464691,
    -19.09033817672));
#4483 = CIRCLE('',#4484,3.174);
#4484 = AXIS2_PLACEMENT_3D('',#4485,#4486,#4487);
#4485 = CARTESIAN_POINT('',(371.41292895247,37.888911464691,
    -19.09033817672));
#4486 = DIRECTION('',(0.,-0.,1.));
#4487 = DIRECTION('',(0.,1.,0.));
#4488 = ORIENTED_EDGE('',*,*,#4489,.T.);
#4489 = EDGE_CURVE('',#4481,#1013,#4490,.T.);
#4490 = LINE('',#4491,#4492);
#4491 = CARTESIAN_POINT('',(371.41292895247,34.714911464691,
    -19.09033817672));
#4492 = VECTOR('',#4493,1.);
#4493 = DIRECTION('',(0.,0.,1.));
#4494 = ORIENTED_EDGE('',*,*,#1020,.F.);
#4495 = ORIENTED_EDGE('',*,*,#941,.F.);
#4496 = CYLINDRICAL_SURFACE('',#4497,3.174);
#4497 = AXIS2_PLACEMENT_3D('',#4498,#4499,#4500);
#4498 = CARTESIAN_POINT('',(371.41292895247,37.888911464691,
    -19.09033817672));
#4499 = DIRECTION('',(0.,0.,1.));
#4500 = DIRECTION('',(-1.,0.,0.));
#4501 = ADVANCED_FACE('',(#4502),#4520,.F.);
#4502 = FACE_BOUND('',#4503,.F.);
#4503 = EDGE_LOOP('',(#4504,#4505,#4506,#4514));
#4504 = ORIENTED_EDGE('',*,*,#4472,.T.);
#4505 = ORIENTED_EDGE('',*,*,#952,.F.);
#4506 = ORIENTED_EDGE('',*,*,#4507,.F.);
#4507 = EDGE_CURVE('',#4508,#953,#4510,.T.);
#4508 = VERTEX_POINT('',#4509);
#4509 = CARTESIAN_POINT('',(368.23892895247,51.518911628723,
    -19.09033817672));
#4510 = LINE('',#4511,#4512);
#4511 = CARTESIAN_POINT('',(368.23892895247,51.518911628723,
    -19.09033817672));
#4512 = VECTOR('',#4513,1.);
#4513 = DIRECTION('',(0.,0.,1.));
#4514 = ORIENTED_EDGE('',*,*,#4515,.T.);
#4515 = EDGE_CURVE('',#4508,#4473,#4516,.T.);
#4516 = LINE('',#4517,#4518);
#4517 = CARTESIAN_POINT('',(368.23892895247,54.692911628723,
    -19.09033817672));
#4518 = VECTOR('',#4519,1.);
#4519 = DIRECTION('',(0.,-1.,0.));
#4520 = PLANE('',#4521);
#4521 = AXIS2_PLACEMENT_3D('',#4522,#4523,#4524);
#4522 = CARTESIAN_POINT('',(368.23892895247,54.692911628723,
    -19.09033817672));
#4523 = DIRECTION('',(-1.,0.,0.));
#4524 = DIRECTION('',(0.,0.,1.));
#4525 = ADVANCED_FACE('',(#4526),#4545,.F.);
#4526 = FACE_BOUND('',#4527,.F.);
#4527 = EDGE_LOOP('',(#4528,#4536,#4543,#4544));
#4528 = ORIENTED_EDGE('',*,*,#4529,.F.);
#4529 = EDGE_CURVE('',#4530,#961,#4532,.T.);
#4530 = VERTEX_POINT('',#4531);
#4531 = CARTESIAN_POINT('',(371.41292895247,54.692911628723,
    -19.09033817672));
#4532 = LINE('',#4533,#4534);
#4533 = CARTESIAN_POINT('',(371.41292895247,54.692911628723,
    -19.09033817672));
#4534 = VECTOR('',#4535,1.);
#4535 = DIRECTION('',(0.,0.,1.));
#4536 = ORIENTED_EDGE('',*,*,#4537,.T.);
#4537 = EDGE_CURVE('',#4530,#4508,#4538,.T.);
#4538 = CIRCLE('',#4539,3.174);
#4539 = AXIS2_PLACEMENT_3D('',#4540,#4541,#4542);
#4540 = CARTESIAN_POINT('',(371.41292895247,51.518911628723,
    -19.09033817672));
#4541 = DIRECTION('',(0.,-0.,1.));
#4542 = DIRECTION('',(0.,1.,0.));
#4543 = ORIENTED_EDGE('',*,*,#4507,.T.);
#4544 = ORIENTED_EDGE('',*,*,#960,.F.);
#4545 = CYLINDRICAL_SURFACE('',#4546,3.174);
#4546 = AXIS2_PLACEMENT_3D('',#4547,#4548,#4549);
#4547 = CARTESIAN_POINT('',(371.41292895247,51.518911628723,
    -19.09033817672));
#4548 = DIRECTION('',(0.,0.,1.));
#4549 = DIRECTION('',(0.,1.,0.));
#4550 = ADVANCED_FACE('',(#4551),#4569,.T.);
#4551 = FACE_BOUND('',#4552,.T.);
#4552 = EDGE_LOOP('',(#4553,#4554,#4562,#4568));
#4553 = ORIENTED_EDGE('',*,*,#4529,.F.);
#4554 = ORIENTED_EDGE('',*,*,#4555,.F.);
#4555 = EDGE_CURVE('',#4556,#4530,#4558,.T.);
#4556 = VERTEX_POINT('',#4557);
#4557 = CARTESIAN_POINT('',(387.07492918135,54.692911628723,
    -19.09033817672));
#4558 = LINE('',#4559,#4560);
#4559 = CARTESIAN_POINT('',(390.24892918135,54.692911628723,
    -19.09033817672));
#4560 = VECTOR('',#4561,1.);
#4561 = DIRECTION('',(-1.,0.,0.));
#4562 = ORIENTED_EDGE('',*,*,#4563,.T.);
#4563 = EDGE_CURVE('',#4556,#970,#4564,.T.);
#4564 = LINE('',#4565,#4566);
#4565 = CARTESIAN_POINT('',(387.07492918135,54.692911628723,
    -19.09033817672));
#4566 = VECTOR('',#4567,1.);
#4567 = DIRECTION('',(0.,0.,1.));
#4568 = ORIENTED_EDGE('',*,*,#969,.F.);
#4569 = PLANE('',#4570);
#4570 = AXIS2_PLACEMENT_3D('',#4571,#4572,#4573);
#4571 = CARTESIAN_POINT('',(390.24892918135,54.692911628723,
    -19.09033817672));
#4572 = DIRECTION('',(0.,-1.,0.));
#4573 = DIRECTION('',(0.,0.,1.));
#4574 = ADVANCED_FACE('',(#4575),#4587,.F.);
#4575 = FACE_BOUND('',#4576,.F.);
#4576 = EDGE_LOOP('',(#4577,#4578,#4585,#4586));
#4577 = ORIENTED_EDGE('',*,*,#4450,.F.);
#4578 = ORIENTED_EDGE('',*,*,#4579,.T.);
#4579 = EDGE_CURVE('',#4451,#4556,#4580,.T.);
#4580 = CIRCLE('',#4581,3.174);
#4581 = AXIS2_PLACEMENT_3D('',#4582,#4583,#4584);
#4582 = CARTESIAN_POINT('',(387.07492918135,51.518911628723,
    -19.09033817672));
#4583 = DIRECTION('',(0.,-0.,1.));
#4584 = DIRECTION('',(0.,1.,0.));
#4585 = ORIENTED_EDGE('',*,*,#4563,.T.);
#4586 = ORIENTED_EDGE('',*,*,#977,.F.);
#4587 = CYLINDRICAL_SURFACE('',#4588,3.174);
#4588 = AXIS2_PLACEMENT_3D('',#4589,#4590,#4591);
#4589 = CARTESIAN_POINT('',(387.07492918135,51.518911628723,
    -19.09033817672));
#4590 = DIRECTION('',(0.,0.,1.));
#4591 = DIRECTION('',(1.,0.,0.));
#4592 = ADVANCED_FACE('',(#4593),#4604,.F.);
#4593 = FACE_BOUND('',#4594,.F.);
#4594 = EDGE_LOOP('',(#4595,#4596,#4602,#4603));
#4595 = ORIENTED_EDGE('',*,*,#4489,.F.);
#4596 = ORIENTED_EDGE('',*,*,#4597,.F.);
#4597 = EDGE_CURVE('',#4424,#4481,#4598,.T.);
#4598 = LINE('',#4599,#4600);
#4599 = CARTESIAN_POINT('',(390.24892918135,34.714911464691,
    -19.09033817672));
#4600 = VECTOR('',#4601,1.);
#4601 = DIRECTION('',(-1.,0.,0.));
#4602 = ORIENTED_EDGE('',*,*,#4432,.T.);
#4603 = ORIENTED_EDGE('',*,*,#1012,.F.);
#4604 = PLANE('',#4605);
#4605 = AXIS2_PLACEMENT_3D('',#4606,#4607,#4608);
#4606 = CARTESIAN_POINT('',(390.24892918135,34.714911464691,
    -19.09033817672));
#4607 = DIRECTION('',(0.,-1.,0.));
#4608 = DIRECTION('',(0.,0.,1.));
#4609 = ADVANCED_FACE('',(#4610),#4620,.T.);
#4610 = FACE_BOUND('',#4611,.T.);
#4611 = EDGE_LOOP('',(#4612,#4613,#4614,#4615,#4616,#4617,#4618,#4619));
#4612 = ORIENTED_EDGE('',*,*,#4515,.T.);
#4613 = ORIENTED_EDGE('',*,*,#4480,.T.);
#4614 = ORIENTED_EDGE('',*,*,#4597,.F.);
#4615 = ORIENTED_EDGE('',*,*,#4423,.F.);
#4616 = ORIENTED_EDGE('',*,*,#4458,.F.);
#4617 = ORIENTED_EDGE('',*,*,#4579,.T.);
#4618 = ORIENTED_EDGE('',*,*,#4555,.T.);
#4619 = ORIENTED_EDGE('',*,*,#4537,.T.);
#4620 = PLANE('',#4621);
#4621 = AXIS2_PLACEMENT_3D('',#4622,#4623,#4624);
#4622 = CARTESIAN_POINT('',(390.24892918135,54.692911628723,
    -19.09033817672));
#4623 = DIRECTION('',(0.,0.,1.));
#4624 = DIRECTION('',(-1.,0.,0.));
#4625 = ADVANCED_FACE('',(#4626),#4651,.F.);
#4626 = FACE_BOUND('',#4627,.F.);
#4627 = EDGE_LOOP('',(#4628,#4629,#4637,#4645));
#4628 = ORIENTED_EDGE('',*,*,#1029,.F.);
#4629 = ORIENTED_EDGE('',*,*,#4630,.F.);
#4630 = EDGE_CURVE('',#4631,#1030,#4633,.T.);
#4631 = VERTEX_POINT('',#4632);
#4632 = CARTESIAN_POINT('',(330.57410497786,44.886,-13.7));
#4633 = LINE('',#4634,#4635);
#4634 = CARTESIAN_POINT('',(330.57410497786,44.886,-13.7));
#4635 = VECTOR('',#4636,1.);
#4636 = DIRECTION('',(0.,0.,1.));
#4637 = ORIENTED_EDGE('',*,*,#4638,.T.);
#4638 = EDGE_CURVE('',#4631,#4639,#4641,.T.);
#4639 = VERTEX_POINT('',#4640);
#4640 = CARTESIAN_POINT('',(330.57410497786,26.234,-13.7));
#4641 = LINE('',#4642,#4643);
#4642 = CARTESIAN_POINT('',(330.57410497786,48.06,-13.7));
#4643 = VECTOR('',#4644,1.);
#4644 = DIRECTION('',(0.,-1.,0.));
#4645 = ORIENTED_EDGE('',*,*,#4646,.T.);
#4646 = EDGE_CURVE('',#4639,#1032,#4647,.T.);
#4647 = LINE('',#4648,#4649);
#4648 = CARTESIAN_POINT('',(330.57410497786,26.234,-13.7));
#4649 = VECTOR('',#4650,1.);
#4650 = DIRECTION('',(0.,0.,1.));
#4651 = PLANE('',#4652);
#4652 = AXIS2_PLACEMENT_3D('',#4653,#4654,#4655);
#4653 = CARTESIAN_POINT('',(330.57410497786,48.06,-13.7));
#4654 = DIRECTION('',(-1.,0.,0.));
#4655 = DIRECTION('',(0.,0.,1.));
#4656 = ADVANCED_FACE('',(#4657),#4676,.F.);
#4657 = FACE_BOUND('',#4658,.F.);
#4658 = EDGE_LOOP('',(#4659,#4668,#4669,#4670));
#4659 = ORIENTED_EDGE('',*,*,#4660,.T.);
#4660 = EDGE_CURVE('',#4661,#4631,#4663,.T.);
#4661 = VERTEX_POINT('',#4662);
#4662 = CARTESIAN_POINT('',(333.74810497786,48.06,-13.7));
#4663 = CIRCLE('',#4664,3.174);
#4664 = AXIS2_PLACEMENT_3D('',#4665,#4666,#4667);
#4665 = CARTESIAN_POINT('',(333.74810497786,44.886,-13.7));
#4666 = DIRECTION('',(0.,-0.,1.));
#4667 = DIRECTION('',(0.,1.,0.));
#4668 = ORIENTED_EDGE('',*,*,#4630,.T.);
#4669 = ORIENTED_EDGE('',*,*,#1039,.F.);
#4670 = ORIENTED_EDGE('',*,*,#4671,.F.);
#4671 = EDGE_CURVE('',#4661,#1040,#4672,.T.);
#4672 = LINE('',#4673,#4674);
#4673 = CARTESIAN_POINT('',(333.74810497786,48.06,-13.7));
#4674 = VECTOR('',#4675,1.);
#4675 = DIRECTION('',(0.,0.,1.));
#4676 = CYLINDRICAL_SURFACE('',#4677,3.174);
#4677 = AXIS2_PLACEMENT_3D('',#4678,#4679,#4680);
#4678 = CARTESIAN_POINT('',(333.74810497786,44.886,-13.7));
#4679 = DIRECTION('',(0.,0.,1.));
#4680 = DIRECTION('',(0.,1.,0.));
#4681 = ADVANCED_FACE('',(#4682),#4701,.F.);
#4682 = FACE_BOUND('',#4683,.F.);
#4683 = EDGE_LOOP('',(#4684,#4693,#4699,#4700));
#4684 = ORIENTED_EDGE('',*,*,#4685,.T.);
#4685 = EDGE_CURVE('',#4639,#4686,#4688,.T.);
#4686 = VERTEX_POINT('',#4687);
#4687 = CARTESIAN_POINT('',(333.74810497786,23.06,-13.7));
#4688 = CIRCLE('',#4689,3.174);
#4689 = AXIS2_PLACEMENT_3D('',#4690,#4691,#4692);
#4690 = CARTESIAN_POINT('',(333.74810497786,26.234,-13.7));
#4691 = DIRECTION('',(0.,-0.,1.));
#4692 = DIRECTION('',(0.,1.,0.));
#4693 = ORIENTED_EDGE('',*,*,#4694,.T.);
#4694 = EDGE_CURVE('',#4686,#1083,#4695,.T.);
#4695 = LINE('',#4696,#4697);
#4696 = CARTESIAN_POINT('',(333.74810497786,23.06,-13.7));
#4697 = VECTOR('',#4698,1.);
#4698 = DIRECTION('',(0.,0.,1.));
#4699 = ORIENTED_EDGE('',*,*,#1090,.F.);
#4700 = ORIENTED_EDGE('',*,*,#4646,.F.);
#4701 = CYLINDRICAL_SURFACE('',#4702,3.174);
#4702 = AXIS2_PLACEMENT_3D('',#4703,#4704,#4705);
#4703 = CARTESIAN_POINT('',(333.74810497786,26.234,-13.7));
#4704 = DIRECTION('',(0.,0.,1.));
#4705 = DIRECTION('',(-1.,0.,0.));
#4706 = ADVANCED_FACE('',(#4707),#4725,.T.);
#4707 = FACE_BOUND('',#4708,.T.);
#4708 = EDGE_LOOP('',(#4709,#4717,#4723,#4724));
#4709 = ORIENTED_EDGE('',*,*,#4710,.F.);
#4710 = EDGE_CURVE('',#4711,#4661,#4713,.T.);
#4711 = VERTEX_POINT('',#4712);
#4712 = CARTESIAN_POINT('',(333.90010497786,48.06,-13.7));
#4713 = LINE('',#4714,#4715);
#4714 = CARTESIAN_POINT('',(337.07410497786,48.06,-13.7));
#4715 = VECTOR('',#4716,1.);
#4716 = DIRECTION('',(-1.,0.,0.));
#4717 = ORIENTED_EDGE('',*,*,#4718,.T.);
#4718 = EDGE_CURVE('',#4711,#1049,#4719,.T.);
#4719 = LINE('',#4720,#4721);
#4720 = CARTESIAN_POINT('',(333.90010497786,48.06,-13.7));
#4721 = VECTOR('',#4722,1.);
#4722 = DIRECTION('',(0.,0.,1.));
#4723 = ORIENTED_EDGE('',*,*,#1048,.T.);
#4724 = ORIENTED_EDGE('',*,*,#4671,.F.);
#4725 = PLANE('',#4726);
#4726 = AXIS2_PLACEMENT_3D('',#4727,#4728,#4729);
#4727 = CARTESIAN_POINT('',(337.07410497786,48.06,-13.7));
#4728 = DIRECTION('',(0.,-1.,0.));
#4729 = DIRECTION('',(0.,0.,1.));
#4730 = ADVANCED_FACE('',(#4731),#4749,.F.);
#4731 = FACE_BOUND('',#4732,.F.);
#4732 = EDGE_LOOP('',(#4733,#4741,#4747,#4748));
#4733 = ORIENTED_EDGE('',*,*,#4734,.F.);
#4734 = EDGE_CURVE('',#4735,#4686,#4737,.T.);
#4735 = VERTEX_POINT('',#4736);
#4736 = CARTESIAN_POINT('',(333.90010497786,23.06,-13.7));
#4737 = LINE('',#4738,#4739);
#4738 = CARTESIAN_POINT('',(337.07410497786,23.06,-13.7));
#4739 = VECTOR('',#4740,1.);
#4740 = DIRECTION('',(-1.,0.,0.));
#4741 = ORIENTED_EDGE('',*,*,#4742,.T.);
#4742 = EDGE_CURVE('',#4735,#1074,#4743,.T.);
#4743 = LINE('',#4744,#4745);
#4744 = CARTESIAN_POINT('',(333.90010497786,23.06,-13.7));
#4745 = VECTOR('',#4746,1.);
#4746 = DIRECTION('',(0.,0.,1.));
#4747 = ORIENTED_EDGE('',*,*,#1082,.T.);
#4748 = ORIENTED_EDGE('',*,*,#4694,.F.);
#4749 = PLANE('',#4750);
#4750 = AXIS2_PLACEMENT_3D('',#4751,#4752,#4753);
#4751 = CARTESIAN_POINT('',(337.07410497786,23.06,-13.7));
#4752 = DIRECTION('',(0.,-1.,0.));
#4753 = DIRECTION('',(0.,0.,1.));
#4754 = ADVANCED_FACE('',(#4755),#4774,.F.);
#4755 = FACE_BOUND('',#4756,.F.);
#4756 = EDGE_LOOP('',(#4757,#4766,#4767,#4768));
#4757 = ORIENTED_EDGE('',*,*,#4758,.T.);
#4758 = EDGE_CURVE('',#4759,#4711,#4761,.T.);
#4759 = VERTEX_POINT('',#4760);
#4760 = CARTESIAN_POINT('',(337.07410497786,44.886,-13.7));
#4761 = CIRCLE('',#4762,3.174);
#4762 = AXIS2_PLACEMENT_3D('',#4763,#4764,#4765);
#4763 = CARTESIAN_POINT('',(333.90010497786,44.886,-13.7));
#4764 = DIRECTION('',(0.,-0.,1.));
#4765 = DIRECTION('',(0.,1.,0.));
#4766 = ORIENTED_EDGE('',*,*,#4718,.T.);
#4767 = ORIENTED_EDGE('',*,*,#1056,.F.);
#4768 = ORIENTED_EDGE('',*,*,#4769,.F.);
#4769 = EDGE_CURVE('',#4759,#1057,#4770,.T.);
#4770 = LINE('',#4771,#4772);
#4771 = CARTESIAN_POINT('',(337.07410497786,44.886,-13.7));
#4772 = VECTOR('',#4773,1.);
#4773 = DIRECTION('',(0.,0.,1.));
#4774 = CYLINDRICAL_SURFACE('',#4775,3.174);
#4775 = AXIS2_PLACEMENT_3D('',#4776,#4777,#4778);
#4776 = CARTESIAN_POINT('',(333.90010497786,44.886,-13.7));
#4777 = DIRECTION('',(0.,0.,1.));
#4778 = DIRECTION('',(1.,0.,0.));
#4779 = ADVANCED_FACE('',(#4780),#4799,.F.);
#4780 = FACE_BOUND('',#4781,.T.);
#4781 = EDGE_LOOP('',(#4782,#4791,#4792,#4793));
#4782 = ORIENTED_EDGE('',*,*,#4783,.T.);
#4783 = EDGE_CURVE('',#4784,#4735,#4786,.T.);
#4784 = VERTEX_POINT('',#4785);
#4785 = CARTESIAN_POINT('',(337.07410497786,26.234,-13.7));
#4786 = CIRCLE('',#4787,3.174);
#4787 = AXIS2_PLACEMENT_3D('',#4788,#4789,#4790);
#4788 = CARTESIAN_POINT('',(333.90010497786,26.234,-13.7));
#4789 = DIRECTION('',(0.,0.,-1.));
#4790 = DIRECTION('',(0.,1.,0.));
#4791 = ORIENTED_EDGE('',*,*,#4742,.T.);
#4792 = ORIENTED_EDGE('',*,*,#1073,.F.);
#4793 = ORIENTED_EDGE('',*,*,#4794,.F.);
#4794 = EDGE_CURVE('',#4784,#1066,#4795,.T.);
#4795 = LINE('',#4796,#4797);
#4796 = CARTESIAN_POINT('',(337.07410497786,26.234,-13.7));
#4797 = VECTOR('',#4798,1.);
#4798 = DIRECTION('',(0.,0.,1.));
#4799 = CYLINDRICAL_SURFACE('',#4800,3.174);
#4800 = AXIS2_PLACEMENT_3D('',#4801,#4802,#4803);
#4801 = CARTESIAN_POINT('',(333.90010497786,26.234,-13.7));
#4802 = DIRECTION('',(0.,0.,1.));
#4803 = DIRECTION('',(1.,0.,0.));
#4804 = ADVANCED_FACE('',(#4805),#4816,.T.);
#4805 = FACE_BOUND('',#4806,.T.);
#4806 = EDGE_LOOP('',(#4807,#4808,#4809,#4815));
#4807 = ORIENTED_EDGE('',*,*,#1065,.F.);
#4808 = ORIENTED_EDGE('',*,*,#4769,.F.);
#4809 = ORIENTED_EDGE('',*,*,#4810,.T.);
#4810 = EDGE_CURVE('',#4759,#4784,#4811,.T.);
#4811 = LINE('',#4812,#4813);
#4812 = CARTESIAN_POINT('',(337.07410497786,48.06,-13.7));
#4813 = VECTOR('',#4814,1.);
#4814 = DIRECTION('',(0.,-1.,0.));
#4815 = ORIENTED_EDGE('',*,*,#4794,.T.);
#4816 = PLANE('',#4817);
#4817 = AXIS2_PLACEMENT_3D('',#4818,#4819,#4820);
#4818 = CARTESIAN_POINT('',(337.07410497786,48.06,-13.7));
#4819 = DIRECTION('',(-1.,0.,0.));
#4820 = DIRECTION('',(0.,0.,1.));
#4821 = ADVANCED_FACE('',(#4822),#4832,.T.);
#4822 = FACE_BOUND('',#4823,.T.);
#4823 = EDGE_LOOP('',(#4824,#4825,#4826,#4827,#4828,#4829,#4830,#4831));
#4824 = ORIENTED_EDGE('',*,*,#4638,.T.);
#4825 = ORIENTED_EDGE('',*,*,#4685,.T.);
#4826 = ORIENTED_EDGE('',*,*,#4734,.F.);
#4827 = ORIENTED_EDGE('',*,*,#4783,.F.);
#4828 = ORIENTED_EDGE('',*,*,#4810,.F.);
#4829 = ORIENTED_EDGE('',*,*,#4758,.T.);
#4830 = ORIENTED_EDGE('',*,*,#4710,.T.);
#4831 = ORIENTED_EDGE('',*,*,#4660,.T.);
#4832 = PLANE('',#4833);
#4833 = AXIS2_PLACEMENT_3D('',#4834,#4835,#4836);
#4834 = CARTESIAN_POINT('',(337.07410497786,48.06,-13.7));
#4835 = DIRECTION('',(0.,0.,1.));
#4836 = DIRECTION('',(-1.,0.,0.));
#4837 = ADVANCED_FACE('',(#4838),#4863,.F.);
#4838 = FACE_BOUND('',#4839,.F.);
#4839 = EDGE_LOOP('',(#4840,#4841,#4849,#4857));
#4840 = ORIENTED_EDGE('',*,*,#1099,.F.);
#4841 = ORIENTED_EDGE('',*,*,#4842,.F.);
#4842 = EDGE_CURVE('',#4843,#1100,#4845,.T.);
#4843 = VERTEX_POINT('',#4844);
#4844 = CARTESIAN_POINT('',(264.084,118.886,-13.7));
#4845 = LINE('',#4846,#4847);
#4846 = CARTESIAN_POINT('',(264.084,118.886,-13.7));
#4847 = VECTOR('',#4848,1.);
#4848 = DIRECTION('',(0.,0.,1.));
#4849 = ORIENTED_EDGE('',*,*,#4850,.T.);
#4850 = EDGE_CURVE('',#4843,#4851,#4853,.T.);
#4851 = VERTEX_POINT('',#4852);
#4852 = CARTESIAN_POINT('',(264.084,100.234,-13.7));
#4853 = LINE('',#4854,#4855);
#4854 = CARTESIAN_POINT('',(264.084,122.06,-13.7));
#4855 = VECTOR('',#4856,1.);
#4856 = DIRECTION('',(0.,-1.,0.));
#4857 = ORIENTED_EDGE('',*,*,#4858,.T.);
#4858 = EDGE_CURVE('',#4851,#1102,#4859,.T.);
#4859 = LINE('',#4860,#4861);
#4860 = CARTESIAN_POINT('',(264.084,100.234,-13.7));
#4861 = VECTOR('',#4862,1.);
#4862 = DIRECTION('',(0.,0.,1.));
#4863 = PLANE('',#4864);
#4864 = AXIS2_PLACEMENT_3D('',#4865,#4866,#4867);
#4865 = CARTESIAN_POINT('',(264.084,122.06,-13.7));
#4866 = DIRECTION('',(-1.,0.,0.));
#4867 = DIRECTION('',(0.,0.,1.));
#4868 = ADVANCED_FACE('',(#4869),#4888,.F.);
#4869 = FACE_BOUND('',#4870,.F.);
#4870 = EDGE_LOOP('',(#4871,#4880,#4881,#4882));
#4871 = ORIENTED_EDGE('',*,*,#4872,.T.);
#4872 = EDGE_CURVE('',#4873,#4843,#4875,.T.);
#4873 = VERTEX_POINT('',#4874);
#4874 = CARTESIAN_POINT('',(267.258,122.06,-13.7));
#4875 = CIRCLE('',#4876,3.174);
#4876 = AXIS2_PLACEMENT_3D('',#4877,#4878,#4879);
#4877 = CARTESIAN_POINT('',(267.258,118.886,-13.7));
#4878 = DIRECTION('',(0.,-0.,1.));
#4879 = DIRECTION('',(0.,1.,0.));
#4880 = ORIENTED_EDGE('',*,*,#4842,.T.);
#4881 = ORIENTED_EDGE('',*,*,#1109,.F.);
#4882 = ORIENTED_EDGE('',*,*,#4883,.F.);
#4883 = EDGE_CURVE('',#4873,#1110,#4884,.T.);
#4884 = LINE('',#4885,#4886);
#4885 = CARTESIAN_POINT('',(267.258,122.06,-13.7));
#4886 = VECTOR('',#4887,1.);
#4887 = DIRECTION('',(0.,0.,1.));
#4888 = CYLINDRICAL_SURFACE('',#4889,3.174);
#4889 = AXIS2_PLACEMENT_3D('',#4890,#4891,#4892);
#4890 = CARTESIAN_POINT('',(267.258,118.886,-13.7));
#4891 = DIRECTION('',(0.,0.,1.));
#4892 = DIRECTION('',(0.,1.,0.));
#4893 = ADVANCED_FACE('',(#4894),#4913,.F.);
#4894 = FACE_BOUND('',#4895,.F.);
#4895 = EDGE_LOOP('',(#4896,#4905,#4911,#4912));
#4896 = ORIENTED_EDGE('',*,*,#4897,.T.);
#4897 = EDGE_CURVE('',#4851,#4898,#4900,.T.);
#4898 = VERTEX_POINT('',#4899);
#4899 = CARTESIAN_POINT('',(267.258,97.06,-13.7));
#4900 = CIRCLE('',#4901,3.174);
#4901 = AXIS2_PLACEMENT_3D('',#4902,#4903,#4904);
#4902 = CARTESIAN_POINT('',(267.258,100.234,-13.7));
#4903 = DIRECTION('',(0.,-0.,1.));
#4904 = DIRECTION('',(0.,1.,0.));
#4905 = ORIENTED_EDGE('',*,*,#4906,.T.);
#4906 = EDGE_CURVE('',#4898,#1153,#4907,.T.);
#4907 = LINE('',#4908,#4909);
#4908 = CARTESIAN_POINT('',(267.258,97.06,-13.7));
#4909 = VECTOR('',#4910,1.);
#4910 = DIRECTION('',(0.,0.,1.));
#4911 = ORIENTED_EDGE('',*,*,#1160,.F.);
#4912 = ORIENTED_EDGE('',*,*,#4858,.F.);
#4913 = CYLINDRICAL_SURFACE('',#4914,3.174);
#4914 = AXIS2_PLACEMENT_3D('',#4915,#4916,#4917);
#4915 = CARTESIAN_POINT('',(267.258,100.234,-13.7));
#4916 = DIRECTION('',(0.,0.,1.));
#4917 = DIRECTION('',(-1.,0.,0.));
#4918 = ADVANCED_FACE('',(#4919),#4937,.T.);
#4919 = FACE_BOUND('',#4920,.T.);
#4920 = EDGE_LOOP('',(#4921,#4929,#4935,#4936));
#4921 = ORIENTED_EDGE('',*,*,#4922,.F.);
#4922 = EDGE_CURVE('',#4923,#4873,#4925,.T.);
#4923 = VERTEX_POINT('',#4924);
#4924 = CARTESIAN_POINT('',(267.41,122.06,-13.7));
#4925 = LINE('',#4926,#4927);
#4926 = CARTESIAN_POINT('',(270.584,122.06,-13.7));
#4927 = VECTOR('',#4928,1.);
#4928 = DIRECTION('',(-1.,0.,0.));
#4929 = ORIENTED_EDGE('',*,*,#4930,.T.);
#4930 = EDGE_CURVE('',#4923,#1119,#4931,.T.);
#4931 = LINE('',#4932,#4933);
#4932 = CARTESIAN_POINT('',(267.41,122.06,-13.7));
#4933 = VECTOR('',#4934,1.);
#4934 = DIRECTION('',(0.,0.,1.));
#4935 = ORIENTED_EDGE('',*,*,#1118,.T.);
#4936 = ORIENTED_EDGE('',*,*,#4883,.F.);
#4937 = PLANE('',#4938);
#4938 = AXIS2_PLACEMENT_3D('',#4939,#4940,#4941);
#4939 = CARTESIAN_POINT('',(270.584,122.06,-13.7));
#4940 = DIRECTION('',(0.,-1.,0.));
#4941 = DIRECTION('',(0.,0.,1.));
#4942 = ADVANCED_FACE('',(#4943),#4961,.F.);
#4943 = FACE_BOUND('',#4944,.F.);
#4944 = EDGE_LOOP('',(#4945,#4953,#4959,#4960));
#4945 = ORIENTED_EDGE('',*,*,#4946,.F.);
#4946 = EDGE_CURVE('',#4947,#4898,#4949,.T.);
#4947 = VERTEX_POINT('',#4948);
#4948 = CARTESIAN_POINT('',(267.41,97.06,-13.7));
#4949 = LINE('',#4950,#4951);
#4950 = CARTESIAN_POINT('',(270.584,97.06,-13.7));
#4951 = VECTOR('',#4952,1.);
#4952 = DIRECTION('',(-1.,0.,0.));
#4953 = ORIENTED_EDGE('',*,*,#4954,.T.);
#4954 = EDGE_CURVE('',#4947,#1144,#4955,.T.);
#4955 = LINE('',#4956,#4957);
#4956 = CARTESIAN_POINT('',(267.41,97.06,-13.7));
#4957 = VECTOR('',#4958,1.);
#4958 = DIRECTION('',(0.,0.,1.));
#4959 = ORIENTED_EDGE('',*,*,#1152,.T.);
#4960 = ORIENTED_EDGE('',*,*,#4906,.F.);
#4961 = PLANE('',#4962);
#4962 = AXIS2_PLACEMENT_3D('',#4963,#4964,#4965);
#4963 = CARTESIAN_POINT('',(270.584,97.06,-13.7));
#4964 = DIRECTION('',(0.,-1.,0.));
#4965 = DIRECTION('',(0.,0.,1.));
#4966 = ADVANCED_FACE('',(#4967),#4986,.F.);
#4967 = FACE_BOUND('',#4968,.F.);
#4968 = EDGE_LOOP('',(#4969,#4978,#4979,#4980));
#4969 = ORIENTED_EDGE('',*,*,#4970,.T.);
#4970 = EDGE_CURVE('',#4971,#4923,#4973,.T.);
#4971 = VERTEX_POINT('',#4972);
#4972 = CARTESIAN_POINT('',(270.584,118.886,-13.7));
#4973 = CIRCLE('',#4974,3.174);
#4974 = AXIS2_PLACEMENT_3D('',#4975,#4976,#4977);
#4975 = CARTESIAN_POINT('',(267.41,118.886,-13.7));
#4976 = DIRECTION('',(0.,-0.,1.));
#4977 = DIRECTION('',(0.,1.,0.));
#4978 = ORIENTED_EDGE('',*,*,#4930,.T.);
#4979 = ORIENTED_EDGE('',*,*,#1126,.F.);
#4980 = ORIENTED_EDGE('',*,*,#4981,.F.);
#4981 = EDGE_CURVE('',#4971,#1127,#4982,.T.);
#4982 = LINE('',#4983,#4984);
#4983 = CARTESIAN_POINT('',(270.584,118.886,-13.7));
#4984 = VECTOR('',#4985,1.);
#4985 = DIRECTION('',(0.,0.,1.));
#4986 = CYLINDRICAL_SURFACE('',#4987,3.174);
#4987 = AXIS2_PLACEMENT_3D('',#4988,#4989,#4990);
#4988 = CARTESIAN_POINT('',(267.41,118.886,-13.7));
#4989 = DIRECTION('',(0.,0.,1.));
#4990 = DIRECTION('',(1.,0.,0.));
#4991 = ADVANCED_FACE('',(#4992),#5011,.F.);
#4992 = FACE_BOUND('',#4993,.T.);
#4993 = EDGE_LOOP('',(#4994,#5003,#5004,#5005));
#4994 = ORIENTED_EDGE('',*,*,#4995,.T.);
#4995 = EDGE_CURVE('',#4996,#4947,#4998,.T.);
#4996 = VERTEX_POINT('',#4997);
#4997 = CARTESIAN_POINT('',(270.584,100.234,-13.7));
#4998 = CIRCLE('',#4999,3.174);
#4999 = AXIS2_PLACEMENT_3D('',#5000,#5001,#5002);
#5000 = CARTESIAN_POINT('',(267.41,100.234,-13.7));
#5001 = DIRECTION('',(0.,0.,-1.));
#5002 = DIRECTION('',(0.,1.,0.));
#5003 = ORIENTED_EDGE('',*,*,#4954,.T.);
#5004 = ORIENTED_EDGE('',*,*,#1143,.F.);
#5005 = ORIENTED_EDGE('',*,*,#5006,.F.);
#5006 = EDGE_CURVE('',#4996,#1136,#5007,.T.);
#5007 = LINE('',#5008,#5009);
#5008 = CARTESIAN_POINT('',(270.584,100.234,-13.7));
#5009 = VECTOR('',#5010,1.);
#5010 = DIRECTION('',(0.,0.,1.));
#5011 = CYLINDRICAL_SURFACE('',#5012,3.174);
#5012 = AXIS2_PLACEMENT_3D('',#5013,#5014,#5015);
#5013 = CARTESIAN_POINT('',(267.41,100.234,-13.7));
#5014 = DIRECTION('',(0.,0.,1.));
#5015 = DIRECTION('',(1.,0.,0.));
#5016 = ADVANCED_FACE('',(#5017),#5028,.T.);
#5017 = FACE_BOUND('',#5018,.T.);
#5018 = EDGE_LOOP('',(#5019,#5020,#5021,#5027));
#5019 = ORIENTED_EDGE('',*,*,#1135,.F.);
#5020 = ORIENTED_EDGE('',*,*,#4981,.F.);
#5021 = ORIENTED_EDGE('',*,*,#5022,.T.);
#5022 = EDGE_CURVE('',#4971,#4996,#5023,.T.);
#5023 = LINE('',#5024,#5025);
#5024 = CARTESIAN_POINT('',(270.584,122.06,-13.7));
#5025 = VECTOR('',#5026,1.);
#5026 = DIRECTION('',(0.,-1.,0.));
#5027 = ORIENTED_EDGE('',*,*,#5006,.T.);
#5028 = PLANE('',#5029);
#5029 = AXIS2_PLACEMENT_3D('',#5030,#5031,#5032);
#5030 = CARTESIAN_POINT('',(270.584,122.06,-13.7));
#5031 = DIRECTION('',(-1.,0.,0.));
#5032 = DIRECTION('',(0.,0.,1.));
#5033 = ADVANCED_FACE('',(#5034),#5044,.T.);
#5034 = FACE_BOUND('',#5035,.T.);
#5035 = EDGE_LOOP('',(#5036,#5037,#5038,#5039,#5040,#5041,#5042,#5043));
#5036 = ORIENTED_EDGE('',*,*,#4850,.T.);
#5037 = ORIENTED_EDGE('',*,*,#4897,.T.);
#5038 = ORIENTED_EDGE('',*,*,#4946,.F.);
#5039 = ORIENTED_EDGE('',*,*,#4995,.F.);
#5040 = ORIENTED_EDGE('',*,*,#5022,.F.);
#5041 = ORIENTED_EDGE('',*,*,#4970,.T.);
#5042 = ORIENTED_EDGE('',*,*,#4922,.T.);
#5043 = ORIENTED_EDGE('',*,*,#4872,.T.);
#5044 = PLANE('',#5045);
#5045 = AXIS2_PLACEMENT_3D('',#5046,#5047,#5048);
#5046 = CARTESIAN_POINT('',(270.584,122.06,-13.7));
#5047 = DIRECTION('',(0.,0.,1.));
#5048 = DIRECTION('',(-1.,0.,0.));
#5049 = ADVANCED_FACE('',(#5050),#5069,.F.);
#5050 = FACE_BOUND('',#5051,.F.);
#5051 = EDGE_LOOP('',(#5052,#5061,#5067,#5068));
#5052 = ORIENTED_EDGE('',*,*,#5053,.F.);
#5053 = EDGE_CURVE('',#5054,#5054,#5056,.T.);
#5054 = VERTEX_POINT('',#5055);
#5055 = CARTESIAN_POINT('',(290.03625,114.3,-22.7));
#5056 = CIRCLE('',#5057,7.14375);
#5057 = AXIS2_PLACEMENT_3D('',#5058,#5059,#5060);
#5058 = CARTESIAN_POINT('',(297.18,114.3,-22.7));
#5059 = DIRECTION('',(0.,0.,-1.));
#5060 = DIRECTION('',(-1.,0.,0.));
#5061 = ORIENTED_EDGE('',*,*,#5062,.F.);
#5062 = EDGE_CURVE('',#1170,#5054,#5063,.T.);
#5063 = LINE('',#5064,#5065);
#5064 = CARTESIAN_POINT('',(290.03625,114.3,-12.7));
#5065 = VECTOR('',#5066,1.);
#5066 = DIRECTION('',(0.,0.,-1.));
#5067 = ORIENTED_EDGE('',*,*,#1169,.T.);
#5068 = ORIENTED_EDGE('',*,*,#5062,.T.);
#5069 = CYLINDRICAL_SURFACE('',#5070,7.14375);
#5070 = AXIS2_PLACEMENT_3D('',#5071,#5072,#5073);
#5071 = CARTESIAN_POINT('',(297.18,114.3,-12.7));
#5072 = DIRECTION('',(0.,0.,-1.));
#5073 = DIRECTION('',(-1.,0.,0.));
#5074 = ADVANCED_FACE('',(#5075,#5078),#5089,.F.);
#5075 = FACE_BOUND('',#5076,.F.);
#5076 = EDGE_LOOP('',(#5077));
#5077 = ORIENTED_EDGE('',*,*,#5053,.T.);
#5078 = FACE_BOUND('',#5079,.F.);
#5079 = EDGE_LOOP('',(#5080));
#5080 = ORIENTED_EDGE('',*,*,#5081,.F.);
#5081 = EDGE_CURVE('',#5082,#5082,#5084,.T.);
#5082 = VERTEX_POINT('',#5083);
#5083 = CARTESIAN_POINT('',(293.878,114.3,-22.7));
#5084 = CIRCLE('',#5085,3.302);
#5085 = AXIS2_PLACEMENT_3D('',#5086,#5087,#5088);
#5086 = CARTESIAN_POINT('',(297.18,114.3,-22.7));
#5087 = DIRECTION('',(0.,0.,-1.));
#5088 = DIRECTION('',(-1.,0.,0.));
#5089 = PLANE('',#5090);
#5090 = AXIS2_PLACEMENT_3D('',#5091,#5092,#5093);
#5091 = CARTESIAN_POINT('',(297.18,114.3,-22.7));
#5092 = DIRECTION('',(0.,0.,-1.));
#5093 = DIRECTION('',(-1.,0.,0.));
#5094 = ADVANCED_FACE('',(#5095),#5114,.F.);
#5095 = FACE_BOUND('',#5096,.F.);
#5096 = EDGE_LOOP('',(#5097,#5098,#5106,#5113));
#5097 = ORIENTED_EDGE('',*,*,#5081,.T.);
#5098 = ORIENTED_EDGE('',*,*,#5099,.T.);
#5099 = EDGE_CURVE('',#5082,#5100,#5102,.T.);
#5100 = VERTEX_POINT('',#5101);
#5101 = CARTESIAN_POINT('',(293.878,114.3,-38.1));
#5102 = LINE('',#5103,#5104);
#5103 = CARTESIAN_POINT('',(293.878,114.3,-12.7));
#5104 = VECTOR('',#5105,1.);
#5105 = DIRECTION('',(0.,0.,-1.));
#5106 = ORIENTED_EDGE('',*,*,#5107,.F.);
#5107 = EDGE_CURVE('',#5100,#5100,#5108,.T.);
#5108 = CIRCLE('',#5109,3.302);
#5109 = AXIS2_PLACEMENT_3D('',#5110,#5111,#5112);
#5110 = CARTESIAN_POINT('',(297.18,114.3,-38.1));
#5111 = DIRECTION('',(0.,0.,-1.));
#5112 = DIRECTION('',(-1.,0.,0.));
#5113 = ORIENTED_EDGE('',*,*,#5099,.F.);
#5114 = CYLINDRICAL_SURFACE('',#5115,3.302);
#5115 = AXIS2_PLACEMENT_3D('',#5116,#5117,#5118);
#5116 = CARTESIAN_POINT('',(297.18,114.3,-12.7));
#5117 = DIRECTION('',(0.,0.,-1.));
#5118 = DIRECTION('',(-1.,0.,0.));
#5119 = ADVANCED_FACE('',(#5120),#5139,.F.);
#5120 = FACE_BOUND('',#5121,.F.);
#5121 = EDGE_LOOP('',(#5122,#5131,#5137,#5138));
#5122 = ORIENTED_EDGE('',*,*,#5123,.F.);
#5123 = EDGE_CURVE('',#5124,#5124,#5126,.T.);
#5124 = VERTEX_POINT('',#5125);
#5125 = CARTESIAN_POINT('',(25.87625,12.7,-22.7));
#5126 = CIRCLE('',#5127,7.14375);
#5127 = AXIS2_PLACEMENT_3D('',#5128,#5129,#5130);
#5128 = CARTESIAN_POINT('',(33.02,12.7,-22.7));
#5129 = DIRECTION('',(0.,0.,-1.));
#5130 = DIRECTION('',(-1.,0.,0.));
#5131 = ORIENTED_EDGE('',*,*,#5132,.F.);
#5132 = EDGE_CURVE('',#1181,#5124,#5133,.T.);
#5133 = LINE('',#5134,#5135);
#5134 = CARTESIAN_POINT('',(25.87625,12.7,-12.7));
#5135 = VECTOR('',#5136,1.);
#5136 = DIRECTION('',(0.,0.,-1.));
#5137 = ORIENTED_EDGE('',*,*,#1180,.T.);
#5138 = ORIENTED_EDGE('',*,*,#5132,.T.);
#5139 = CYLINDRICAL_SURFACE('',#5140,7.14375);
#5140 = AXIS2_PLACEMENT_3D('',#5141,#5142,#5143);
#5141 = CARTESIAN_POINT('',(33.02,12.7,-12.7));
#5142 = DIRECTION('',(0.,0.,-1.));
#5143 = DIRECTION('',(-1.,0.,0.));
#5144 = ADVANCED_FACE('',(#5145,#5148),#5159,.F.);
#5145 = FACE_BOUND('',#5146,.F.);
#5146 = EDGE_LOOP('',(#5147));
#5147 = ORIENTED_EDGE('',*,*,#5123,.T.);
#5148 = FACE_BOUND('',#5149,.F.);
#5149 = EDGE_LOOP('',(#5150));
#5150 = ORIENTED_EDGE('',*,*,#5151,.F.);
#5151 = EDGE_CURVE('',#5152,#5152,#5154,.T.);
#5152 = VERTEX_POINT('',#5153);
#5153 = CARTESIAN_POINT('',(29.718,12.7,-22.7));
#5154 = CIRCLE('',#5155,3.302);
#5155 = AXIS2_PLACEMENT_3D('',#5156,#5157,#5158);
#5156 = CARTESIAN_POINT('',(33.02,12.7,-22.7));
#5157 = DIRECTION('',(0.,0.,-1.));
#5158 = DIRECTION('',(-1.,0.,0.));
#5159 = PLANE('',#5160);
#5160 = AXIS2_PLACEMENT_3D('',#5161,#5162,#5163);
#5161 = CARTESIAN_POINT('',(33.02,12.7,-22.7));
#5162 = DIRECTION('',(0.,0.,-1.));
#5163 = DIRECTION('',(-1.,0.,0.));
#5164 = ADVANCED_FACE('',(#5165),#5184,.F.);
#5165 = FACE_BOUND('',#5166,.F.);
#5166 = EDGE_LOOP('',(#5167,#5168,#5176,#5183));
#5167 = ORIENTED_EDGE('',*,*,#5151,.T.);
#5168 = ORIENTED_EDGE('',*,*,#5169,.T.);
#5169 = EDGE_CURVE('',#5152,#5170,#5172,.T.);
#5170 = VERTEX_POINT('',#5171);
#5171 = CARTESIAN_POINT('',(29.718,12.7,-38.1));
#5172 = LINE('',#5173,#5174);
#5173 = CARTESIAN_POINT('',(29.718,12.7,-12.7));
#5174 = VECTOR('',#5175,1.);
#5175 = DIRECTION('',(0.,0.,-1.));
#5176 = ORIENTED_EDGE('',*,*,#5177,.F.);
#5177 = EDGE_CURVE('',#5170,#5170,#5178,.T.);
#5178 = CIRCLE('',#5179,3.302);
#5179 = AXIS2_PLACEMENT_3D('',#5180,#5181,#5182);
#5180 = CARTESIAN_POINT('',(33.02,12.7,-38.1));
#5181 = DIRECTION('',(0.,0.,-1.));
#5182 = DIRECTION('',(-1.,0.,0.));
#5183 = ORIENTED_EDGE('',*,*,#5169,.F.);
#5184 = CYLINDRICAL_SURFACE('',#5185,3.302);
#5185 = AXIS2_PLACEMENT_3D('',#5186,#5187,#5188);
#5186 = CARTESIAN_POINT('',(33.02,12.7,-12.7));
#5187 = DIRECTION('',(0.,0.,-1.));
#5188 = DIRECTION('',(-1.,0.,0.));
#5189 = ADVANCED_FACE('',(#5190),#5209,.F.);
#5190 = FACE_BOUND('',#5191,.F.);
#5191 = EDGE_LOOP('',(#5192,#5201,#5207,#5208));
#5192 = ORIENTED_EDGE('',*,*,#5193,.F.);
#5193 = EDGE_CURVE('',#5194,#5194,#5196,.T.);
#5194 = VERTEX_POINT('',#5195);
#5195 = CARTESIAN_POINT('',(10.63625,114.3,-22.7));
#5196 = CIRCLE('',#5197,7.14375);
#5197 = AXIS2_PLACEMENT_3D('',#5198,#5199,#5200);
#5198 = CARTESIAN_POINT('',(17.78,114.3,-22.7));
#5199 = DIRECTION('',(0.,0.,-1.));
#5200 = DIRECTION('',(-1.,0.,0.));
#5201 = ORIENTED_EDGE('',*,*,#5202,.F.);
#5202 = EDGE_CURVE('',#1192,#5194,#5203,.T.);
#5203 = LINE('',#5204,#5205);
#5204 = CARTESIAN_POINT('',(10.63625,114.3,-12.7));
#5205 = VECTOR('',#5206,1.);
#5206 = DIRECTION('',(0.,0.,-1.));
#5207 = ORIENTED_EDGE('',*,*,#1191,.T.);
#5208 = ORIENTED_EDGE('',*,*,#5202,.T.);
#5209 = CYLINDRICAL_SURFACE('',#5210,7.14375);
#5210 = AXIS2_PLACEMENT_3D('',#5211,#5212,#5213);
#5211 = CARTESIAN_POINT('',(17.78,114.3,-12.7));
#5212 = DIRECTION('',(0.,0.,-1.));
#5213 = DIRECTION('',(-1.,0.,0.));
#5214 = ADVANCED_FACE('',(#5215,#5218),#5229,.F.);
#5215 = FACE_BOUND('',#5216,.F.);
#5216 = EDGE_LOOP('',(#5217));
#5217 = ORIENTED_EDGE('',*,*,#5193,.T.);
#5218 = FACE_BOUND('',#5219,.F.);
#5219 = EDGE_LOOP('',(#5220));
#5220 = ORIENTED_EDGE('',*,*,#5221,.F.);
#5221 = EDGE_CURVE('',#5222,#5222,#5224,.T.);
#5222 = VERTEX_POINT('',#5223);
#5223 = CARTESIAN_POINT('',(14.478,114.3,-22.7));
#5224 = CIRCLE('',#5225,3.302);
#5225 = AXIS2_PLACEMENT_3D('',#5226,#5227,#5228);
#5226 = CARTESIAN_POINT('',(17.78,114.3,-22.7));
#5227 = DIRECTION('',(0.,0.,-1.));
#5228 = DIRECTION('',(-1.,0.,0.));
#5229 = PLANE('',#5230);
#5230 = AXIS2_PLACEMENT_3D('',#5231,#5232,#5233);
#5231 = CARTESIAN_POINT('',(17.78,114.3,-22.7));
#5232 = DIRECTION('',(0.,0.,-1.));
#5233 = DIRECTION('',(-1.,0.,0.));
#5234 = ADVANCED_FACE('',(#5235),#5254,.F.);
#5235 = FACE_BOUND('',#5236,.F.);
#5236 = EDGE_LOOP('',(#5237,#5238,#5246,#5253));
#5237 = ORIENTED_EDGE('',*,*,#5221,.T.);
#5238 = ORIENTED_EDGE('',*,*,#5239,.T.);
#5239 = EDGE_CURVE('',#5222,#5240,#5242,.T.);
#5240 = VERTEX_POINT('',#5241);
#5241 = CARTESIAN_POINT('',(14.478,114.3,-38.1));
#5242 = LINE('',#5243,#5244);
#5243 = CARTESIAN_POINT('',(14.478,114.3,-12.7));
#5244 = VECTOR('',#5245,1.);
#5245 = DIRECTION('',(0.,0.,-1.));
#5246 = ORIENTED_EDGE('',*,*,#5247,.F.);
#5247 = EDGE_CURVE('',#5240,#5240,#5248,.T.);
#5248 = CIRCLE('',#5249,3.302);
#5249 = AXIS2_PLACEMENT_3D('',#5250,#5251,#5252);
#5250 = CARTESIAN_POINT('',(17.78,114.3,-38.1));
#5251 = DIRECTION('',(0.,0.,-1.));
#5252 = DIRECTION('',(-1.,0.,0.));
#5253 = ORIENTED_EDGE('',*,*,#5239,.F.);
#5254 = CYLINDRICAL_SURFACE('',#5255,3.302);
#5255 = AXIS2_PLACEMENT_3D('',#5256,#5257,#5258);
#5256 = CARTESIAN_POINT('',(17.78,114.3,-12.7));
#5257 = DIRECTION('',(0.,0.,-1.));
#5258 = DIRECTION('',(-1.,0.,0.));
#5259 = ADVANCED_FACE('',(#5260),#5279,.F.);
#5260 = FACE_BOUND('',#5261,.F.);
#5261 = EDGE_LOOP('',(#5262,#5271,#5277,#5278));
#5262 = ORIENTED_EDGE('',*,*,#5263,.F.);
#5263 = EDGE_CURVE('',#5264,#5264,#5266,.T.);
#5264 = VERTEX_POINT('',#5265);
#5265 = CARTESIAN_POINT('',(150.90486412606,119.94513587393,-38.1));
#5266 = CIRCLE('',#5267,1.7272);
#5267 = AXIS2_PLACEMENT_3D('',#5268,#5269,#5270);
#5268 = CARTESIAN_POINT('',(152.12617895853,118.72382104146,-38.1));
#5269 = DIRECTION('',(0.,0.,-1.));
#5270 = DIRECTION('',(-0.707106781187,0.707106781187,0.));
#5271 = ORIENTED_EDGE('',*,*,#5272,.F.);
#5272 = EDGE_CURVE('',#1203,#5264,#5273,.T.);
#5273 = LINE('',#5274,#5275);
#5274 = CARTESIAN_POINT('',(150.90486412606,119.94513587393,-12.7));
#5275 = VECTOR('',#5276,1.);
#5276 = DIRECTION('',(0.,0.,-1.));
#5277 = ORIENTED_EDGE('',*,*,#1202,.T.);
#5278 = ORIENTED_EDGE('',*,*,#5272,.T.);
#5279 = CYLINDRICAL_SURFACE('',#5280,1.7272);
#5280 = AXIS2_PLACEMENT_3D('',#5281,#5282,#5283);
#5281 = CARTESIAN_POINT('',(152.12617895853,118.72382104146,-12.7));
#5282 = DIRECTION('',(0.,0.,-1.));
#5283 = DIRECTION('',(-0.707106781187,0.707106781187,0.));
#5284 = ADVANCED_FACE('',(#5285),#5304,.F.);
#5285 = FACE_BOUND('',#5286,.F.);
#5286 = EDGE_LOOP('',(#5287,#5296,#5302,#5303));
#5287 = ORIENTED_EDGE('',*,*,#5288,.F.);
#5288 = EDGE_CURVE('',#5289,#5289,#5291,.T.);
#5289 = VERTEX_POINT('',#5290);
#5290 = CARTESIAN_POINT('',(13.3628,44.724,-38.1));
#5291 = CIRCLE('',#5292,1.7272);
#5292 = AXIS2_PLACEMENT_3D('',#5293,#5294,#5295);
#5293 = CARTESIAN_POINT('',(15.09,44.724,-38.1));
#5294 = DIRECTION('',(0.,0.,-1.));
#5295 = DIRECTION('',(-1.,0.,0.));
#5296 = ORIENTED_EDGE('',*,*,#5297,.F.);
#5297 = EDGE_CURVE('',#1214,#5289,#5298,.T.);
#5298 = LINE('',#5299,#5300);
#5299 = CARTESIAN_POINT('',(13.3628,44.724,0.));
#5300 = VECTOR('',#5301,1.);
#5301 = DIRECTION('',(0.,0.,-1.));
#5302 = ORIENTED_EDGE('',*,*,#1213,.T.);
#5303 = ORIENTED_EDGE('',*,*,#5297,.T.);
#5304 = CYLINDRICAL_SURFACE('',#5305,1.7272);
#5305 = AXIS2_PLACEMENT_3D('',#5306,#5307,#5308);
#5306 = CARTESIAN_POINT('',(15.09,44.724,0.));
#5307 = DIRECTION('',(0.,0.,-1.));
#5308 = DIRECTION('',(-1.,0.,0.));
#5309 = ADVANCED_FACE('',(#5310),#5329,.F.);
#5310 = FACE_BOUND('',#5311,.F.);
#5311 = EDGE_LOOP('',(#5312,#5321,#5327,#5328));
#5312 = ORIENTED_EDGE('',*,*,#5313,.F.);
#5313 = EDGE_CURVE('',#5314,#5314,#5316,.T.);
#5314 = VERTEX_POINT('',#5315);
#5315 = CARTESIAN_POINT('',(13.3628,26.396,-38.1));
#5316 = CIRCLE('',#5317,1.7272);
#5317 = AXIS2_PLACEMENT_3D('',#5318,#5319,#5320);
#5318 = CARTESIAN_POINT('',(15.09,26.396,-38.1));
#5319 = DIRECTION('',(0.,0.,-1.));
#5320 = DIRECTION('',(-1.,0.,0.));
#5321 = ORIENTED_EDGE('',*,*,#5322,.F.);
#5322 = EDGE_CURVE('',#1225,#5314,#5323,.T.);
#5323 = LINE('',#5324,#5325);
#5324 = CARTESIAN_POINT('',(13.3628,26.396,0.));
#5325 = VECTOR('',#5326,1.);
#5326 = DIRECTION('',(0.,0.,-1.));
#5327 = ORIENTED_EDGE('',*,*,#1224,.T.);
#5328 = ORIENTED_EDGE('',*,*,#5322,.T.);
#5329 = CYLINDRICAL_SURFACE('',#5330,1.7272);
#5330 = AXIS2_PLACEMENT_3D('',#5331,#5332,#5333);
#5331 = CARTESIAN_POINT('',(15.09,26.396,0.));
#5332 = DIRECTION('',(0.,0.,-1.));
#5333 = DIRECTION('',(-1.,0.,0.));
#5334 = ADVANCED_FACE('',(#5335),#5354,.F.);
#5335 = FACE_BOUND('',#5336,.F.);
#5336 = EDGE_LOOP('',(#5337,#5346,#5352,#5353));
#5337 = ORIENTED_EDGE('',*,*,#5338,.F.);
#5338 = EDGE_CURVE('',#5339,#5339,#5341,.T.);
#5339 = VERTEX_POINT('',#5340);
#5340 = CARTESIAN_POINT('',(269.0612,136.89,-38.1));
#5341 = CIRCLE('',#5342,1.7272);
#5342 = AXIS2_PLACEMENT_3D('',#5343,#5344,#5345);
#5343 = CARTESIAN_POINT('',(267.334,136.89,-38.1));
#5344 = DIRECTION('',(0.,0.,-1.));
#5345 = DIRECTION('',(1.,0.,0.));
#5346 = ORIENTED_EDGE('',*,*,#5347,.F.);
#5347 = EDGE_CURVE('',#1236,#5339,#5348,.T.);
#5348 = LINE('',#5349,#5350);
#5349 = CARTESIAN_POINT('',(269.0612,136.89,-12.7));
#5350 = VECTOR('',#5351,1.);
#5351 = DIRECTION('',(0.,0.,-1.));
#5352 = ORIENTED_EDGE('',*,*,#1235,.T.);
#5353 = ORIENTED_EDGE('',*,*,#5347,.T.);
#5354 = CYLINDRICAL_SURFACE('',#5355,1.7272);
#5355 = AXIS2_PLACEMENT_3D('',#5356,#5357,#5358);
#5356 = CARTESIAN_POINT('',(267.334,136.89,-12.7));
#5357 = DIRECTION('',(0.,0.,-1.));
#5358 = DIRECTION('',(1.,-0.,0.));
#5359 = ADVANCED_FACE('',(#5360),#5379,.F.);
#5360 = FACE_BOUND('',#5361,.F.);
#5361 = EDGE_LOOP('',(#5362,#5371,#5377,#5378));
#5362 = ORIENTED_EDGE('',*,*,#5363,.F.);
#5363 = EDGE_CURVE('',#5364,#5364,#5366,.T.);
#5364 = VERTEX_POINT('',#5365);
#5365 = CARTESIAN_POINT('',(281.21458490447,35.56,-38.1));
#5366 = CIRCLE('',#5367,1.7272);
#5367 = AXIS2_PLACEMENT_3D('',#5368,#5369,#5370);
#5368 = CARTESIAN_POINT('',(279.48738490447,35.56,-38.1));
#5369 = DIRECTION('',(0.,0.,-1.));
#5370 = DIRECTION('',(1.,0.,0.));
#5371 = ORIENTED_EDGE('',*,*,#5372,.F.);
#5372 = EDGE_CURVE('',#1247,#5364,#5373,.T.);
#5373 = LINE('',#5374,#5375);
#5374 = CARTESIAN_POINT('',(281.21458490447,35.56,-12.7));
#5375 = VECTOR('',#5376,1.);
#5376 = DIRECTION('',(0.,0.,-1.));
#5377 = ORIENTED_EDGE('',*,*,#1246,.T.);
#5378 = ORIENTED_EDGE('',*,*,#5372,.T.);
#5379 = CYLINDRICAL_SURFACE('',#5380,1.7272);
#5380 = AXIS2_PLACEMENT_3D('',#5381,#5382,#5383);
#5381 = CARTESIAN_POINT('',(279.48738490447,35.56,-12.7));
#5382 = DIRECTION('',(0.,0.,-1.));
#5383 = DIRECTION('',(1.,-0.,0.));
#5384 = ADVANCED_FACE('',(#5385),#5404,.F.);
#5385 = FACE_BOUND('',#5386,.F.);
#5386 = EDGE_LOOP('',(#5387,#5396,#5402,#5403));
#5387 = ORIENTED_EDGE('',*,*,#5388,.F.);
#5388 = EDGE_CURVE('',#5389,#5389,#5391,.T.);
#5389 = VERTEX_POINT('',#5390);
#5390 = CARTESIAN_POINT('',(360.46690497786,35.56,-38.1));
#5391 = CIRCLE('',#5392,1.7272);
#5392 = AXIS2_PLACEMENT_3D('',#5393,#5394,#5395);
#5393 = CARTESIAN_POINT('',(358.73970497786,35.56,-38.1));
#5394 = DIRECTION('',(0.,0.,-1.));
#5395 = DIRECTION('',(1.,0.,0.));
#5396 = ORIENTED_EDGE('',*,*,#5397,.F.);
#5397 = EDGE_CURVE('',#1258,#5389,#5398,.T.);
#5398 = LINE('',#5399,#5400);
#5399 = CARTESIAN_POINT('',(360.46690497786,35.56,-12.7));
#5400 = VECTOR('',#5401,1.);
#5401 = DIRECTION('',(0.,0.,-1.));
#5402 = ORIENTED_EDGE('',*,*,#1257,.T.);
#5403 = ORIENTED_EDGE('',*,*,#5397,.T.);
#5404 = CYLINDRICAL_SURFACE('',#5405,1.7272);
#5405 = AXIS2_PLACEMENT_3D('',#5406,#5407,#5408);
#5406 = CARTESIAN_POINT('',(358.73970497786,35.56,-12.7));
#5407 = DIRECTION('',(0.,0.,-1.));
#5408 = DIRECTION('',(1.,-0.,0.));
#5409 = ADVANCED_FACE('',(#5410),#5429,.F.);
#5410 = FACE_BOUND('',#5411,.F.);
#5411 = EDGE_LOOP('',(#5412,#5421,#5427,#5428));
#5412 = ORIENTED_EDGE('',*,*,#5413,.F.);
#5413 = EDGE_CURVE('',#5414,#5414,#5416,.T.);
#5414 = VERTEX_POINT('',#5415);
#5415 = CARTESIAN_POINT('',(335.55130497786,62.89,-38.1));
#5416 = CIRCLE('',#5417,1.7272);
#5417 = AXIS2_PLACEMENT_3D('',#5418,#5419,#5420);
#5418 = CARTESIAN_POINT('',(333.82410497786,62.89,-38.1));
#5419 = DIRECTION('',(0.,0.,-1.));
#5420 = DIRECTION('',(1.,0.,0.));
#5421 = ORIENTED_EDGE('',*,*,#5422,.F.);
#5422 = EDGE_CURVE('',#1269,#5414,#5423,.T.);
#5423 = LINE('',#5424,#5425);
#5424 = CARTESIAN_POINT('',(335.55130497786,62.89,-12.7));
#5425 = VECTOR('',#5426,1.);
#5426 = DIRECTION('',(0.,0.,-1.));
#5427 = ORIENTED_EDGE('',*,*,#1268,.T.);
#5428 = ORIENTED_EDGE('',*,*,#5422,.T.);
#5429 = CYLINDRICAL_SURFACE('',#5430,1.7272);
#5430 = AXIS2_PLACEMENT_3D('',#5431,#5432,#5433);
#5431 = CARTESIAN_POINT('',(333.82410497786,62.89,-12.7));
#5432 = DIRECTION('',(0.,0.,-1.));
#5433 = DIRECTION('',(1.,-0.,0.));
#5434 = ADVANCED_FACE('',(#5435),#5454,.F.);
#5435 = FACE_BOUND('',#5436,.F.);
#5436 = EDGE_LOOP('',(#5437,#5446,#5452,#5453));
#5437 = ORIENTED_EDGE('',*,*,#5438,.F.);
#5438 = EDGE_CURVE('',#5439,#5439,#5441,.T.);
#5439 = VERTEX_POINT('',#5440);
#5440 = CARTESIAN_POINT('',(414.8652,100.396,-38.1));
#5441 = CIRCLE('',#5442,1.7272);
#5442 = AXIS2_PLACEMENT_3D('',#5443,#5444,#5445);
#5443 = CARTESIAN_POINT('',(413.138,100.396,-38.1));
#5444 = DIRECTION('',(0.,0.,-1.));
#5445 = DIRECTION('',(1.,0.,0.));
#5446 = ORIENTED_EDGE('',*,*,#5447,.F.);
#5447 = EDGE_CURVE('',#1280,#5439,#5448,.T.);
#5448 = LINE('',#5449,#5450);
#5449 = CARTESIAN_POINT('',(414.8652,100.396,0.));
#5450 = VECTOR('',#5451,1.);
#5451 = DIRECTION('',(0.,0.,-1.));
#5452 = ORIENTED_EDGE('',*,*,#1279,.T.);
#5453 = ORIENTED_EDGE('',*,*,#5447,.T.);
#5454 = CYLINDRICAL_SURFACE('',#5455,1.7272);
#5455 = AXIS2_PLACEMENT_3D('',#5456,#5457,#5458);
#5456 = CARTESIAN_POINT('',(413.138,100.396,0.));
#5457 = DIRECTION('',(0.,0.,-1.));
#5458 = DIRECTION('',(1.,-0.,0.));
#5459 = ADVANCED_FACE('',(#5460),#5479,.F.);
#5460 = FACE_BOUND('',#5461,.F.);
#5461 = EDGE_LOOP('',(#5462,#5471,#5477,#5478));
#5462 = ORIENTED_EDGE('',*,*,#5463,.F.);
#5463 = EDGE_CURVE('',#5464,#5464,#5466,.T.);
#5464 = VERTEX_POINT('',#5465);
#5465 = CARTESIAN_POINT('',(414.8652,118.724,-38.1));
#5466 = CIRCLE('',#5467,1.7272);
#5467 = AXIS2_PLACEMENT_3D('',#5468,#5469,#5470);
#5468 = CARTESIAN_POINT('',(413.138,118.724,-38.1));
#5469 = DIRECTION('',(0.,0.,-1.));
#5470 = DIRECTION('',(1.,0.,0.));
#5471 = ORIENTED_EDGE('',*,*,#5472,.F.);
#5472 = EDGE_CURVE('',#1291,#5464,#5473,.T.);
#5473 = LINE('',#5474,#5475);
#5474 = CARTESIAN_POINT('',(414.8652,118.724,0.));
#5475 = VECTOR('',#5476,1.);
#5476 = DIRECTION('',(0.,0.,-1.));
#5477 = ORIENTED_EDGE('',*,*,#1290,.T.);
#5478 = ORIENTED_EDGE('',*,*,#5472,.T.);
#5479 = CYLINDRICAL_SURFACE('',#5480,1.7272);
#5480 = AXIS2_PLACEMENT_3D('',#5481,#5482,#5483);
#5481 = CARTESIAN_POINT('',(413.138,118.724,0.));
#5482 = DIRECTION('',(0.,0.,-1.));
#5483 = DIRECTION('',(1.,-0.,0.));
#5484 = ADVANCED_FACE('',(#5485,#5491,#5497,#5500,#5503,#5506,#5509,
    #5512,#5515,#5518,#5521,#5524,#5535,#5546,#5557,#5568,#5571,#5574,
    #5577,#5580,#5583,#5586,#5589,#5592,#5595,#5598,#5601),#5604,.F.);
#5485 = FACE_BOUND('',#5486,.T.);
#5486 = EDGE_LOOP('',(#5487,#5488,#5489,#5490));
#5487 = ORIENTED_EDGE('',*,*,#31,.T.);
#5488 = ORIENTED_EDGE('',*,*,#92,.T.);
#5489 = ORIENTED_EDGE('',*,*,#124,.F.);
#5490 = ORIENTED_EDGE('',*,*,#61,.F.);
#5491 = FACE_BOUND('',#5492,.F.);
#5492 = EDGE_LOOP('',(#5493,#5494,#5495,#5496));
#5493 = ORIENTED_EDGE('',*,*,#1541,.F.);
#5494 = ORIENTED_EDGE('',*,*,#1655,.F.);
#5495 = ORIENTED_EDGE('',*,*,#1890,.F.);
#5496 = ORIENTED_EDGE('',*,*,#1373,.F.);
#5497 = FACE_BOUND('',#5498,.F.);
#5498 = EDGE_LOOP('',(#5499));
#5499 = ORIENTED_EDGE('',*,*,#5107,.T.);
#5500 = FACE_BOUND('',#5501,.F.);
#5501 = EDGE_LOOP('',(#5502));
#5502 = ORIENTED_EDGE('',*,*,#5247,.T.);
#5503 = FACE_BOUND('',#5504,.F.);
#5504 = EDGE_LOOP('',(#5505));
#5505 = ORIENTED_EDGE('',*,*,#5177,.T.);
#5506 = FACE_BOUND('',#5507,.F.);
#5507 = EDGE_LOOP('',(#5508));
#5508 = ORIENTED_EDGE('',*,*,#3617,.T.);
#5509 = FACE_BOUND('',#5510,.F.);
#5510 = EDGE_LOOP('',(#5511));
#5511 = ORIENTED_EDGE('',*,*,#4185,.T.);
#5512 = FACE_BOUND('',#5513,.F.);
#5513 = EDGE_LOOP('',(#5514));
#5514 = ORIENTED_EDGE('',*,*,#1873,.T.);
#5515 = FACE_BOUND('',#5516,.F.);
#5516 = EDGE_LOOP('',(#5517));
#5517 = ORIENTED_EDGE('',*,*,#3592,.T.);
#5518 = FACE_BOUND('',#5519,.F.);
#5519 = EDGE_LOOP('',(#5520));
#5520 = ORIENTED_EDGE('',*,*,#4160,.T.);
#5521 = FACE_BOUND('',#5522,.F.);
#5522 = EDGE_LOOP('',(#5523));
#5523 = ORIENTED_EDGE('',*,*,#5263,.T.);
#5524 = FACE_BOUND('',#5525,.F.);
#5525 = EDGE_LOOP('',(#5526));
#5526 = ORIENTED_EDGE('',*,*,#5527,.T.);
#5527 = EDGE_CURVE('',#5528,#5528,#5530,.T.);
#5528 = VERTEX_POINT('',#5529);
#5529 = CARTESIAN_POINT('',(215.4598,97.06,-38.1));
#5530 = CIRCLE('',#5531,1.7272);
#5531 = AXIS2_PLACEMENT_3D('',#5532,#5533,#5534);
#5532 = CARTESIAN_POINT('',(217.187,97.06,-38.1));
#5533 = DIRECTION('',(0.,0.,-1.));
#5534 = DIRECTION('',(-1.,0.,0.));
#5535 = FACE_BOUND('',#5536,.F.);
#5536 = EDGE_LOOP('',(#5537));
#5537 = ORIENTED_EDGE('',*,*,#5538,.T.);
#5538 = EDGE_CURVE('',#5539,#5539,#5541,.T.);
#5539 = VERTEX_POINT('',#5540);
#5540 = CARTESIAN_POINT('',(237.9598,97.06,-38.1));
#5541 = CIRCLE('',#5542,1.7272);
#5542 = AXIS2_PLACEMENT_3D('',#5543,#5544,#5545);
#5543 = CARTESIAN_POINT('',(239.687,97.06,-38.1));
#5544 = DIRECTION('',(0.,0.,-1.));
#5545 = DIRECTION('',(-1.,0.,0.));
#5546 = FACE_BOUND('',#5547,.F.);
#5547 = EDGE_LOOP('',(#5548));
#5548 = ORIENTED_EDGE('',*,*,#5549,.T.);
#5549 = EDGE_CURVE('',#5550,#5550,#5552,.T.);
#5550 = VERTEX_POINT('',#5551);
#5551 = CARTESIAN_POINT('',(215.4598,122.06,-38.1));
#5552 = CIRCLE('',#5553,1.7272);
#5553 = AXIS2_PLACEMENT_3D('',#5554,#5555,#5556);
#5554 = CARTESIAN_POINT('',(217.187,122.06,-38.1));
#5555 = DIRECTION('',(0.,0.,-1.));
#5556 = DIRECTION('',(-1.,0.,0.));
#5557 = FACE_BOUND('',#5558,.F.);
#5558 = EDGE_LOOP('',(#5559));
#5559 = ORIENTED_EDGE('',*,*,#5560,.T.);
#5560 = EDGE_CURVE('',#5561,#5561,#5563,.T.);
#5561 = VERTEX_POINT('',#5562);
#5562 = CARTESIAN_POINT('',(237.9598,122.06,-38.1));
#5563 = CIRCLE('',#5564,1.7272);
#5564 = AXIS2_PLACEMENT_3D('',#5565,#5566,#5567);
#5565 = CARTESIAN_POINT('',(239.687,122.06,-38.1));
#5566 = DIRECTION('',(0.,0.,-1.));
#5567 = DIRECTION('',(-1.,0.,0.));
#5568 = FACE_BOUND('',#5569,.F.);
#5569 = EDGE_LOOP('',(#5570));
#5570 = ORIENTED_EDGE('',*,*,#5288,.T.);
#5571 = FACE_BOUND('',#5572,.F.);
#5572 = EDGE_LOOP('',(#5573));
#5573 = ORIENTED_EDGE('',*,*,#5313,.T.);
#5574 = FACE_BOUND('',#5575,.F.);
#5575 = EDGE_LOOP('',(#5576));
#5576 = ORIENTED_EDGE('',*,*,#3239,.T.);
#5577 = FACE_BOUND('',#5578,.F.);
#5578 = EDGE_LOOP('',(#5579));
#5579 = ORIENTED_EDGE('',*,*,#5338,.T.);
#5580 = FACE_BOUND('',#5581,.F.);
#5581 = EDGE_LOOP('',(#5582));
#5582 = ORIENTED_EDGE('',*,*,#5363,.T.);
#5583 = FACE_BOUND('',#5584,.F.);
#5584 = EDGE_LOOP('',(#5585));
#5585 = ORIENTED_EDGE('',*,*,#5388,.T.);
#5586 = FACE_BOUND('',#5587,.F.);
#5587 = EDGE_LOOP('',(#5588));
#5588 = ORIENTED_EDGE('',*,*,#3876,.T.);
#5589 = FACE_BOUND('',#5590,.F.);
#5590 = EDGE_LOOP('',(#5591));
#5591 = ORIENTED_EDGE('',*,*,#5413,.T.);
#5592 = FACE_BOUND('',#5593,.F.);
#5593 = EDGE_LOOP('',(#5594));
#5594 = ORIENTED_EDGE('',*,*,#3901,.T.);
#5595 = FACE_BOUND('',#5596,.F.);
#5596 = EDGE_LOOP('',(#5597));
#5597 = ORIENTED_EDGE('',*,*,#5438,.T.);
#5598 = FACE_BOUND('',#5599,.F.);
#5599 = EDGE_LOOP('',(#5600));
#5600 = ORIENTED_EDGE('',*,*,#2770,.T.);
#5601 = FACE_BOUND('',#5602,.F.);
#5602 = EDGE_LOOP('',(#5603));
#5603 = ORIENTED_EDGE('',*,*,#5463,.T.);
#5604 = PLANE('',#5605);
#5605 = AXIS2_PLACEMENT_3D('',#5606,#5607,#5608);
#5606 = CARTESIAN_POINT('',(3.175,3.175,-38.1));
#5607 = DIRECTION('',(0.,0.,1.));
#5608 = DIRECTION('',(1.,0.,0.));
#5609 = ADVANCED_FACE('',(#5610),#5629,.F.);
#5610 = FACE_BOUND('',#5611,.F.);
#5611 = EDGE_LOOP('',(#5612,#5621,#5627,#5628));
#5612 = ORIENTED_EDGE('',*,*,#5613,.T.);
#5613 = EDGE_CURVE('',#5614,#5614,#5616,.T.);
#5614 = VERTEX_POINT('',#5615);
#5615 = CARTESIAN_POINT('',(215.4598,97.06,-21.97));
#5616 = CIRCLE('',#5617,1.7272);
#5617 = AXIS2_PLACEMENT_3D('',#5618,#5619,#5620);
#5618 = CARTESIAN_POINT('',(217.187,97.06,-21.97));
#5619 = DIRECTION('',(0.,0.,-1.));
#5620 = DIRECTION('',(-1.,0.,0.));
#5621 = ORIENTED_EDGE('',*,*,#5622,.T.);
#5622 = EDGE_CURVE('',#5614,#5528,#5623,.T.);
#5623 = LINE('',#5624,#5625);
#5624 = CARTESIAN_POINT('',(215.4598,97.06,-13.97));
#5625 = VECTOR('',#5626,1.);
#5626 = DIRECTION('',(0.,0.,-1.));
#5627 = ORIENTED_EDGE('',*,*,#5527,.F.);
#5628 = ORIENTED_EDGE('',*,*,#5622,.F.);
#5629 = CYLINDRICAL_SURFACE('',#5630,1.7272);
#5630 = AXIS2_PLACEMENT_3D('',#5631,#5632,#5633);
#5631 = CARTESIAN_POINT('',(217.187,97.06,-13.97));
#5632 = DIRECTION('',(0.,0.,-1.));
#5633 = DIRECTION('',(-1.,0.,0.));
#5634 = ADVANCED_FACE('',(#5635),#5654,.F.);
#5635 = FACE_BOUND('',#5636,.F.);
#5636 = EDGE_LOOP('',(#5637,#5646,#5652,#5653));
#5637 = ORIENTED_EDGE('',*,*,#5638,.T.);
#5638 = EDGE_CURVE('',#5639,#5639,#5641,.T.);
#5639 = VERTEX_POINT('',#5640);
#5640 = CARTESIAN_POINT('',(237.9598,97.06,-21.97));
#5641 = CIRCLE('',#5642,1.7272);
#5642 = AXIS2_PLACEMENT_3D('',#5643,#5644,#5645);
#5643 = CARTESIAN_POINT('',(239.687,97.06,-21.97));
#5644 = DIRECTION('',(0.,0.,-1.));
#5645 = DIRECTION('',(-1.,0.,0.));
#5646 = ORIENTED_EDGE('',*,*,#5647,.T.);
#5647 = EDGE_CURVE('',#5639,#5539,#5648,.T.);
#5648 = LINE('',#5649,#5650);
#5649 = CARTESIAN_POINT('',(237.9598,97.06,-13.97));
#5650 = VECTOR('',#5651,1.);
#5651 = DIRECTION('',(0.,0.,-1.));
#5652 = ORIENTED_EDGE('',*,*,#5538,.F.);
#5653 = ORIENTED_EDGE('',*,*,#5647,.F.);
#5654 = CYLINDRICAL_SURFACE('',#5655,1.7272);
#5655 = AXIS2_PLACEMENT_3D('',#5656,#5657,#5658);
#5656 = CARTESIAN_POINT('',(239.687,97.06,-13.97));
#5657 = DIRECTION('',(0.,0.,-1.));
#5658 = DIRECTION('',(-1.,0.,0.));
#5659 = ADVANCED_FACE('',(#5660),#5679,.F.);
#5660 = FACE_BOUND('',#5661,.F.);
#5661 = EDGE_LOOP('',(#5662,#5671,#5677,#5678));
#5662 = ORIENTED_EDGE('',*,*,#5663,.T.);
#5663 = EDGE_CURVE('',#5664,#5664,#5666,.T.);
#5664 = VERTEX_POINT('',#5665);
#5665 = CARTESIAN_POINT('',(215.4598,122.06,-21.97));
#5666 = CIRCLE('',#5667,1.7272);
#5667 = AXIS2_PLACEMENT_3D('',#5668,#5669,#5670);
#5668 = CARTESIAN_POINT('',(217.187,122.06,-21.97));
#5669 = DIRECTION('',(0.,0.,-1.));
#5670 = DIRECTION('',(-1.,0.,0.));
#5671 = ORIENTED_EDGE('',*,*,#5672,.T.);
#5672 = EDGE_CURVE('',#5664,#5550,#5673,.T.);
#5673 = LINE('',#5674,#5675);
#5674 = CARTESIAN_POINT('',(215.4598,122.06,-13.97));
#5675 = VECTOR('',#5676,1.);
#5676 = DIRECTION('',(0.,0.,-1.));
#5677 = ORIENTED_EDGE('',*,*,#5549,.F.);
#5678 = ORIENTED_EDGE('',*,*,#5672,.F.);
#5679 = CYLINDRICAL_SURFACE('',#5680,1.7272);
#5680 = AXIS2_PLACEMENT_3D('',#5681,#5682,#5683);
#5681 = CARTESIAN_POINT('',(217.187,122.06,-13.97));
#5682 = DIRECTION('',(0.,0.,-1.));
#5683 = DIRECTION('',(-1.,0.,0.));
#5684 = ADVANCED_FACE('',(#5685),#5704,.F.);
#5685 = FACE_BOUND('',#5686,.F.);
#5686 = EDGE_LOOP('',(#5687,#5696,#5702,#5703));
#5687 = ORIENTED_EDGE('',*,*,#5688,.T.);
#5688 = EDGE_CURVE('',#5689,#5689,#5691,.T.);
#5689 = VERTEX_POINT('',#5690);
#5690 = CARTESIAN_POINT('',(237.9598,122.06,-21.97));
#5691 = CIRCLE('',#5692,1.7272);
#5692 = AXIS2_PLACEMENT_3D('',#5693,#5694,#5695);
#5693 = CARTESIAN_POINT('',(239.687,122.06,-21.97));
#5694 = DIRECTION('',(0.,0.,-1.));
#5695 = DIRECTION('',(-1.,0.,0.));
#5696 = ORIENTED_EDGE('',*,*,#5697,.T.);
#5697 = EDGE_CURVE('',#5689,#5561,#5698,.T.);
#5698 = LINE('',#5699,#5700);
#5699 = CARTESIAN_POINT('',(237.9598,122.06,-13.97));
#5700 = VECTOR('',#5701,1.);
#5701 = DIRECTION('',(0.,0.,-1.));
#5702 = ORIENTED_EDGE('',*,*,#5560,.F.);
#5703 = ORIENTED_EDGE('',*,*,#5697,.F.);
#5704 = CYLINDRICAL_SURFACE('',#5705,1.7272);
#5705 = AXIS2_PLACEMENT_3D('',#5706,#5707,#5708);
#5706 = CARTESIAN_POINT('',(239.687,122.06,-13.97));
#5707 = DIRECTION('',(0.,0.,-1.));
#5708 = DIRECTION('',(-1.,0.,0.));
#5709 = ADVANCED_FACE('',(#5710,#5726,#5729,#5732,#5735),#5738,.T.);
#5710 = FACE_BOUND('',#5711,.T.);
#5711 = EDGE_LOOP('',(#5712,#5713,#5714,#5715,#5716,#5717,#5718,#5719,
    #5720,#5721,#5722,#5723,#5724,#5725));
#5712 = ORIENTED_EDGE('',*,*,#2224,.T.);
#5713 = ORIENTED_EDGE('',*,*,#2270,.T.);
#5714 = ORIENTED_EDGE('',*,*,#2320,.F.);
#5715 = ORIENTED_EDGE('',*,*,#2376,.F.);
#5716 = ORIENTED_EDGE('',*,*,#2394,.T.);
#5717 = ORIENTED_EDGE('',*,*,#2344,.F.);
#5718 = ORIENTED_EDGE('',*,*,#2295,.F.);
#5719 = ORIENTED_EDGE('',*,*,#2248,.F.);
#5720 = ORIENTED_EDGE('',*,*,#2197,.T.);
#5721 = ORIENTED_EDGE('',*,*,#2148,.T.);
#5722 = ORIENTED_EDGE('',*,*,#2107,.T.);
#5723 = ORIENTED_EDGE('',*,*,#2075,.T.);
#5724 = ORIENTED_EDGE('',*,*,#2124,.T.);
#5725 = ORIENTED_EDGE('',*,*,#2172,.T.);
#5726 = FACE_BOUND('',#5727,.T.);
#5727 = EDGE_LOOP('',(#5728));
#5728 = ORIENTED_EDGE('',*,*,#5638,.T.);
#5729 = FACE_BOUND('',#5730,.T.);
#5730 = EDGE_LOOP('',(#5731));
#5731 = ORIENTED_EDGE('',*,*,#5688,.T.);
#5732 = FACE_BOUND('',#5733,.T.);
#5733 = EDGE_LOOP('',(#5734));
#5734 = ORIENTED_EDGE('',*,*,#5613,.T.);
#5735 = FACE_BOUND('',#5736,.T.);
#5736 = EDGE_LOOP('',(#5737));
#5737 = ORIENTED_EDGE('',*,*,#5663,.T.);
#5738 = PLANE('',#5739);
#5739 = AXIS2_PLACEMENT_3D('',#5740,#5741,#5742);
#5740 = CARTESIAN_POINT('',(228.437,109.56,-21.97));
#5741 = DIRECTION('',(0.,0.,1.));
#5742 = DIRECTION('',(1.,0.,0.));
#5743 = ( GEOMETRIC_REPRESENTATION_CONTEXT(3) 
GLOBAL_UNCERTAINTY_ASSIGNED_CONTEXT((#5747)) 
GLOBAL_UNIT_ASSIGNED_CONTEXT((#5744,#5745,#5746)) REPRESENTATION_CONTEXT
('Context #1','3D Context with UNIT and UNCERTAINTY') );
#5744 = ( LENGTH_UNIT() NAMED_UNIT(*) SI_UNIT(.MILLI.,.METRE.) );
#5745 = ( NAMED_UNIT(*) PLANE_ANGLE_UNIT() SI_UNIT($,.RADIAN.) );
#5746 = ( NAMED_UNIT(*) SI_UNIT($,.STERADIAN.) SOLID_ANGLE_UNIT() );
#5747 = UNCERTAINTY_MEASURE_WITH_UNIT(LENGTH_MEASURE(1.E-07),#5744,
  'distance_accuracy_value','confusion accuracy');
#5748 = PRODUCT_RELATED_PRODUCT_CATEGORY('part',$,(#7));
ENDSEC;
END-ISO-10303-21;
