ISO-10303-21;
HEADER;
FILE_DESCRIPTION(('FreeCAD Model'),'2;1');
FILE_NAME('Open CASCADE Shape Model','2026-10-06T23:13:55',('FreeCAD'),(
    'FreeCAD'),'Open CASCADE STEP processor 7.8','FreeCAD','Unknown');
FILE_SCHEMA(('AUTOMOTIVE_DESIGN { 1 0 10303 214 1 1 1 1 }'));
ENDSEC;
DATA;
#1 = APPLICATION_PROTOCOL_DEFINITION('international standard',
  'automotive_design',2000,#2);
#2 = APPLICATION_CONTEXT(
  'core data for automotive mechanical design processes');
#3 = SHAPE_DEFINITION_REPRESENTATION(#4,#10);
#4 = PRODUCT_DEFINITION_SHAPE('','',#5);
#5 = PRODUCT_DEFINITION('design','',#6,#9);
#6 = PRODUCT_DEFINITION_FORMATION('','',#7);
#7 = PRODUCT('Open CASCADE STEP translator 7.8 1',
  'Open CASCADE STEP translator 7.8 1','',(#8));
#8 = PRODUCT_CONTEXT('',#2,'mechanical');
#9 = PRODUCT_DEFINITION_CONTEXT('part definition',#2,'design');
#10 = ADVANCED_BREP_SHAPE_REPRESENTATION('',(#11,#15),#19858);
#11 = AXIS2_PLACEMENT_3D('',#12,#13,#14);
#12 = CARTESIAN_POINT('',(0.,0.,0.));
#13 = DIRECTION('',(0.,0.,1.));
#14 = DIRECTION('',(1.,0.,-0.));
#15 = MANIFOLD_SOLID_BREP('',#16);
#16 = CLOSED_SHELL('',(#17,#57,#120,#263,#301,#334,#410,#435,#466,#499,
    #530,#563,#594,#635,#677,#701,#726,#750,#775,#792,#823,#865,#898,
    #931,#962,#995,#1026,#1059,#1090,#1123,#1145,#1167,#1179,#1201,#1217
    ,#1228,#1267,#1292,#1317,#1334,#5417,#5448,#5473,#5498,#5522,#5546,
    #5586,#5628,#5653,#5677,#5701,#5726,#5751,#5775,#5822,#5847,#5871,
    #5895,#5942,#5967,#5992,#6016,#6040,#6065,#6090,#6114,#6138,#6173,
    #6198,#6222,#6239,#6257,#6271,#6314,#6339,#6364,#6381,#6445,#6470,
    #6495,#6520,#6545,#6557,#6595,#6620,#6645,#6676,#6701,#6726,#6750,
    #6774,#6799,#6824,#6841,#6901,#6926,#6951,#6976,#7001,#7033,#7057,
    #7081,#7106,#7130,#7154,#7179,#7204,#7228,#7252,#7277,#7302,#7326,
    #7366,#7390,#7414,#7440,#7465,#7489,#7515,#7559,#7584,#7609,#7630,
    #7642,#7696,#7721,#7746,#7770,#7794,#7819,#7891,#7915,#7940,#7965,
    #8028,#8052,#8077,#8095,#8151,#8176,#8201,#8225,#8249,#8274,#8299,
    #8339,#8363,#8388,#8443,#8460,#8506,#8531,#8556,#8594,#8619,#8644,
    #8662,#8673,#8684,#8701,#8718,#8789,#8814,#8831,#8850,#8862,#8893,
    #8917,#8941,#8958,#8970,#9001,#9065,#9090,#9114,#9138,#9163,#9188,
    #9228,#9252,#9277,#9302,#9326,#9350,#9375,#9438,#9494,#9519,#9544,
    #9600,#9646,#9671,#9696,#9714,#9725,#9747,#9818,#9843,#9862,#9874,
    #9885,#9902,#9914,#9945,#9969,#9993,#10010,#10022,#10053,#10078,
    #10103,#10127,#10151,#10191,#10216,#10240,#10265,#10289,#10315,
    #10372,#10397,#10414,#10439,#10460,#10477,#10491,#10522,#10547,
    #10572,#10596,#10620,#10660,#10685,#10709,#10734,#10758,#10784,
    #10841,#10866,#10883,#10908,#10929,#10946,#10960,#10991,#11016,
    #11041,#11065,#11089,#11129,#11154,#11178,#11203,#11227,#11253,
    #11310,#11335,#11352,#11377,#11398,#11415,#11429,#11460,#11485,
    #11510,#11534,#11558,#11583,#11608,#11625,#11663,#11688,#11713,
    #11744,#11769,#11794,#11818,#11842,#11867,#11892,#11909,#11947,
    #11972,#11997,#12028,#12053,#12078,#12102,#12126,#12151,#12176,
    #12193,#12231,#12256,#12281,#12312,#12337,#12362,#12386,#12410,
    #12435,#12460,#12477,#12515,#12540,#12565,#12596,#12621,#12646,
    #12670,#12694,#12719,#12744,#12761,#12799,#12824,#12849,#12880,
    #12905,#12930,#12954,#12978,#13003,#13028,#13045,#13083,#13108,
    #13133,#13164,#13189,#13214,#13238,#13262,#13287,#13312,#13329,
    #13367,#13392,#13417,#13448,#13473,#13498,#13522,#13546,#13571,
    #13596,#13613,#13651,#13676,#13701,#13732,#13757,#13782,#13806,
    #13830,#13855,#13880,#13897,#13935,#13960,#13985,#14016,#14041,
    #14066,#14090,#14114,#14139,#14164,#14181,#14219,#14244,#14269,
    #14300,#14325,#14350,#14374,#14398,#14423,#14448,#14465,#14503,
    #14528,#14553,#14586,#14610,#14643,#14667,#14692,#14716,#14734,
    #14751,#14767,#14800,#14824,#14857,#14881,#14906,#14930,#14948,
    #14965,#14981,#15014,#15038,#15071,#15095,#15120,#15144,#15162,
    #15179,#15195,#15228,#15252,#15285,#15309,#15334,#15358,#15376,
    #15393,#15409,#15442,#15466,#15499,#15523,#15548,#15572,#15590,
    #15607,#15623,#15656,#15680,#15713,#15737,#15762,#15786,#15804,
    #15821,#15837,#15870,#15894,#15927,#15951,#15976,#16000,#16018,
    #16035,#16051,#16084,#16108,#16141,#16165,#16190,#16214,#16232,
    #16249,#16265,#16298,#16322,#16355,#16379,#16404,#16428,#16446,
    #16463,#16479,#16512,#16536,#16569,#16593,#16618,#16642,#16660,
    #16677,#16693,#16726,#16750,#16775,#16799,#16824,#16848,#16874,
    #16891,#16907,#16938,#16963,#16988,#17012,#17036,#17061,#17086,
    #17103,#17119,#17150,#17175,#17200,#17224,#17248,#17273,#17298,
    #17315,#17331,#17362,#17387,#17412,#17436,#17460,#17485,#17510,
    #17527,#17543,#17574,#17599,#17624,#17648,#17672,#17697,#17722,
    #17739,#17755,#17786,#17811,#17836,#17860,#17884,#17909,#17934,
    #17951,#17967,#17992,#18012,#18037,#18062,#18082,#18107,#18132,
    #18152,#18177,#18202,#18222,#18247,#18272,#18297,#18322,#18347,
    #18372,#18397,#18422,#18447,#18472,#18497,#18522,#18547,#18572,
    #18597,#18622,#18647,#18672,#18697,#18722,#18747,#18772,#18797,
    #18822,#18847,#18872,#18897,#18922,#18947,#18972,#18997,#19022,
    #19047,#19072,#19097,#19122,#19147,#19172,#19197,#19222,#19247,
    #19272,#19297,#19322,#19347,#19372,#19397,#19422,#19447,#19472,
    #19497,#19522));
#17 = ADVANCED_FACE('',(#18),#52,.F.);
#18 = FACE_BOUND('',#19,.F.);
#19 = EDGE_LOOP('',(#20,#30,#38,#46));
#20 = ORIENTED_EDGE('',*,*,#21,.F.);
#21 = EDGE_CURVE('',#22,#24,#26,.T.);
#22 = VERTEX_POINT('',#23);
#23 = CARTESIAN_POINT('',(3.175,-9.525,-38.1));
#24 = VERTEX_POINT('',#25);
#25 = CARTESIAN_POINT('',(3.175,-9.525,-12.7));
#26 = LINE('',#27,#28);
#27 = CARTESIAN_POINT('',(3.175,-9.525,-38.1));
#28 = VECTOR('',#29,1.);
#29 = DIRECTION('',(0.,0.,1.));
#30 = ORIENTED_EDGE('',*,*,#31,.T.);
#31 = EDGE_CURVE('',#22,#32,#34,.T.);
#32 = VERTEX_POINT('',#33);
#33 = CARTESIAN_POINT('',(3.175,365.125,-38.1));
#34 = LINE('',#35,#36);
#35 = CARTESIAN_POINT('',(3.175,-9.525,-38.1));
#36 = VECTOR('',#37,1.);
#37 = DIRECTION('',(0.,1.,0.));
#38 = ORIENTED_EDGE('',*,*,#39,.T.);
#39 = EDGE_CURVE('',#32,#40,#42,.T.);
#40 = VERTEX_POINT('',#41);
#41 = CARTESIAN_POINT('',(3.175,365.125,-12.7));
#42 = LINE('',#43,#44);
#43 = CARTESIAN_POINT('',(3.175,365.125,-38.1));
#44 = VECTOR('',#45,1.);
#45 = DIRECTION('',(0.,0.,1.));
#46 = ORIENTED_EDGE('',*,*,#47,.F.);
#47 = EDGE_CURVE('',#24,#40,#48,.T.);
#48 = LINE('',#49,#50);
#49 = CARTESIAN_POINT('',(3.175,-9.525,-12.7));
#50 = VECTOR('',#51,1.);
#51 = DIRECTION('',(0.,1.,0.));
#52 = PLANE('',#53);
#53 = AXIS2_PLACEMENT_3D('',#54,#55,#56);
#54 = CARTESIAN_POINT('',(3.175,-9.525,-38.1));
#55 = DIRECTION('',(1.,0.,0.));
#56 = DIRECTION('',(0.,0.,1.));
#57 = ADVANCED_FACE('',(#58),#115,.F.);
#58 = FACE_BOUND('',#59,.F.);
#59 = EDGE_LOOP('',(#60,#70,#76,#77,#85,#93,#101,#109));
#60 = ORIENTED_EDGE('',*,*,#61,.F.);
#61 = EDGE_CURVE('',#62,#64,#66,.T.);
#62 = VERTEX_POINT('',#63);
#63 = CARTESIAN_POINT('',(606.425,-9.525,-38.1));
#64 = VERTEX_POINT('',#65);
#65 = CARTESIAN_POINT('',(606.425,-9.525,-12.7));
#66 = LINE('',#67,#68);
#67 = CARTESIAN_POINT('',(606.425,-9.525,-38.1));
#68 = VECTOR('',#69,1.);
#69 = DIRECTION('',(0.,0.,1.));
#70 = ORIENTED_EDGE('',*,*,#71,.F.);
#71 = EDGE_CURVE('',#22,#62,#72,.T.);
#72 = LINE('',#73,#74);
#73 = CARTESIAN_POINT('',(3.175,-9.525,-38.1));
#74 = VECTOR('',#75,1.);
#75 = DIRECTION('',(1.,0.,0.));
#76 = ORIENTED_EDGE('',*,*,#21,.T.);
#77 = ORIENTED_EDGE('',*,*,#78,.T.);
#78 = EDGE_CURVE('',#24,#79,#81,.T.);
#79 = VERTEX_POINT('',#80);
#80 = CARTESIAN_POINT('',(585.72010603358,-9.525,-12.7));
#81 = LINE('',#82,#83);
#82 = CARTESIAN_POINT('',(3.175,-9.525,-12.7));
#83 = VECTOR('',#84,1.);
#84 = DIRECTION('',(1.,0.,0.));
#85 = ORIENTED_EDGE('',*,*,#86,.F.);
#86 = EDGE_CURVE('',#87,#79,#89,.T.);
#87 = VERTEX_POINT('',#88);
#88 = CARTESIAN_POINT('',(585.72010603358,-9.525,-19.09033817672));
#89 = LINE('',#90,#91);
#90 = CARTESIAN_POINT('',(585.72010603358,-9.525,-19.09033817672));
#91 = VECTOR('',#92,1.);
#92 = DIRECTION('',(0.,0.,1.));
#93 = ORIENTED_EDGE('',*,*,#94,.T.);
#94 = EDGE_CURVE('',#87,#95,#97,.T.);
#95 = VERTEX_POINT('',#96);
#96 = CARTESIAN_POINT('',(589.4708261713,-9.525,-19.09033817672));
#97 = LINE('',#98,#99);
#98 = CARTESIAN_POINT('',(302.35604736202,-9.525,-19.09033817672));
#99 = VECTOR('',#100,1.);
#100 = DIRECTION('',(1.,0.,0.));
#101 = ORIENTED_EDGE('',*,*,#102,.T.);
#102 = EDGE_CURVE('',#95,#103,#105,.T.);
#103 = VERTEX_POINT('',#104);
#104 = CARTESIAN_POINT('',(589.4708261713,-9.525,-12.7));
#105 = LINE('',#106,#107);
#106 = CARTESIAN_POINT('',(589.4708261713,-9.525,-19.09033817672));
#107 = VECTOR('',#108,1.);
#108 = DIRECTION('',(0.,0.,1.));
#109 = ORIENTED_EDGE('',*,*,#110,.T.);
#110 = EDGE_CURVE('',#103,#64,#111,.T.);
#111 = LINE('',#112,#113);
#112 = CARTESIAN_POINT('',(3.175,-9.525,-12.7));
#113 = VECTOR('',#114,1.);
#114 = DIRECTION('',(1.,0.,0.));
#115 = PLANE('',#116);
#116 = AXIS2_PLACEMENT_3D('',#117,#118,#119);
#117 = CARTESIAN_POINT('',(3.175,-9.525,-38.1));
#118 = DIRECTION('',(0.,1.,0.));
#119 = DIRECTION('',(0.,0.,1.));
#120 = ADVANCED_FACE('',(#121),#258,.T.);
#121 = FACE_BOUND('',#122,.T.);
#122 = EDGE_LOOP('',(#123,#133,#141,#149,#157,#165,#173,#181,#189,#197,
    #203,#204,#212,#220,#228,#236,#244,#252));
#123 = ORIENTED_EDGE('',*,*,#124,.F.);
#124 = EDGE_CURVE('',#125,#127,#129,.T.);
#125 = VERTEX_POINT('',#126);
#126 = CARTESIAN_POINT('',(158.32013566804,365.125,-12.7));
#127 = VERTEX_POINT('',#128);
#128 = CARTESIAN_POINT('',(158.32013566804,365.125,-19.09033817672));
#129 = LINE('',#130,#131);
#130 = CARTESIAN_POINT('',(158.32013566804,365.125,-28.59516908836));
#131 = VECTOR('',#132,1.);
#132 = DIRECTION('',(0.,0.,-1.));
#133 = ORIENTED_EDGE('',*,*,#134,.T.);
#134 = EDGE_CURVE('',#125,#135,#137,.T.);
#135 = VERTEX_POINT('',#136);
#136 = CARTESIAN_POINT('',(233.09947913509,365.125,-12.7));
#137 = LINE('',#138,#139);
#138 = CARTESIAN_POINT('',(3.175,365.125,-12.7));
#139 = VECTOR('',#140,1.);
#140 = DIRECTION('',(1.,0.,0.));
#141 = ORIENTED_EDGE('',*,*,#142,.T.);
#142 = EDGE_CURVE('',#135,#143,#145,.T.);
#143 = VERTEX_POINT('',#144);
#144 = CARTESIAN_POINT('',(233.09947913509,365.125,-21.97));
#145 = LINE('',#146,#147);
#146 = CARTESIAN_POINT('',(233.09947913509,365.125,-30.035));
#147 = VECTOR('',#148,1.);
#148 = DIRECTION('',(0.,0.,-1.));
#149 = ORIENTED_EDGE('',*,*,#150,.T.);
#150 = EDGE_CURVE('',#143,#151,#153,.T.);
#151 = VERTEX_POINT('',#152);
#152 = CARTESIAN_POINT('',(243.05407600996,365.125,-21.97));
#153 = LINE('',#154,#155);
#154 = CARTESIAN_POINT('',(124.16092099545,365.125,-21.97));
#155 = VECTOR('',#156,1.);
#156 = DIRECTION('',(1.,0.,0.));
#157 = ORIENTED_EDGE('',*,*,#158,.T.);
#158 = EDGE_CURVE('',#151,#159,#161,.T.);
#159 = VERTEX_POINT('',#160);
#160 = CARTESIAN_POINT('',(243.05407600996,365.125,-12.7));
#161 = LINE('',#162,#163);
#162 = CARTESIAN_POINT('',(243.05407600996,365.125,-21.97));
#163 = VECTOR('',#164,1.);
#164 = DIRECTION('',(0.,0.,1.));
#165 = ORIENTED_EDGE('',*,*,#166,.T.);
#166 = EDGE_CURVE('',#159,#167,#169,.T.);
#167 = VERTEX_POINT('',#168);
#168 = CARTESIAN_POINT('',(604.89134958887,365.125,-12.7));
#169 = LINE('',#170,#171);
#170 = CARTESIAN_POINT('',(3.175,365.125,-12.7));
#171 = VECTOR('',#172,1.);
#172 = DIRECTION('',(1.,0.,0.));
#173 = ORIENTED_EDGE('',*,*,#174,.F.);
#174 = EDGE_CURVE('',#175,#167,#177,.T.);
#175 = VERTEX_POINT('',#176);
#176 = CARTESIAN_POINT('',(604.89134958888,365.125,-19.09033817672));
#177 = LINE('',#178,#179);
#178 = CARTESIAN_POINT('',(604.89134958888,365.125,-19.09033817672));
#179 = VECTOR('',#180,1.);
#180 = DIRECTION('',(0.,0.,1.));
#181 = ORIENTED_EDGE('',*,*,#182,.T.);
#182 = EDGE_CURVE('',#175,#183,#185,.T.);
#183 = VERTEX_POINT('',#184);
#184 = CARTESIAN_POINT('',(606.425,365.125,-19.09033817672));
#185 = LINE('',#186,#187);
#186 = CARTESIAN_POINT('',(305.22513475197,365.125,-19.09033817672));
#187 = VECTOR('',#188,1.);
#188 = DIRECTION('',(1.,0.,0.));
#189 = ORIENTED_EDGE('',*,*,#190,.F.);
#190 = EDGE_CURVE('',#191,#183,#193,.T.);
#191 = VERTEX_POINT('',#192);
#192 = CARTESIAN_POINT('',(606.425,365.125,-38.1));
#193 = LINE('',#194,#195);
#194 = CARTESIAN_POINT('',(606.425,365.125,-38.1));
#195 = VECTOR('',#196,1.);
#196 = DIRECTION('',(0.,0.,1.));
#197 = ORIENTED_EDGE('',*,*,#198,.F.);
#198 = EDGE_CURVE('',#32,#191,#199,.T.);
#199 = LINE('',#200,#201);
#200 = CARTESIAN_POINT('',(3.175,365.125,-38.1));
#201 = VECTOR('',#202,1.);
#202 = DIRECTION('',(1.,0.,0.));
#203 = ORIENTED_EDGE('',*,*,#39,.T.);
#204 = ORIENTED_EDGE('',*,*,#205,.T.);
#205 = EDGE_CURVE('',#40,#206,#208,.T.);
#206 = VERTEX_POINT('',#207);
#207 = CARTESIAN_POINT('',(24.236585708638,365.125,-12.7));
#208 = LINE('',#209,#210);
#209 = CARTESIAN_POINT('',(3.175,365.125,-12.7));
#210 = VECTOR('',#211,1.);
#211 = DIRECTION('',(1.,0.,0.));
#212 = ORIENTED_EDGE('',*,*,#213,.T.);
#213 = EDGE_CURVE('',#206,#214,#216,.T.);
#214 = VERTEX_POINT('',#215);
#215 = CARTESIAN_POINT('',(24.236585708638,365.125,-19.09033817672));
#216 = LINE('',#217,#218);
#217 = CARTESIAN_POINT('',(24.236585708638,365.125,-28.59516908836));
#218 = VECTOR('',#219,1.);
#219 = DIRECTION('',(0.,0.,-1.));
#220 = ORIENTED_EDGE('',*,*,#221,.T.);
#221 = EDGE_CURVE('',#214,#222,#224,.T.);
#222 = VERTEX_POINT('',#223);
#223 = CARTESIAN_POINT('',(34.07013566804,365.125,-19.09033817672));
#224 = LINE('',#225,#226);
#225 = CARTESIAN_POINT('',(9.100890648903,365.125,-19.09033817672));
#226 = VECTOR('',#227,1.);
#227 = DIRECTION('',(1.,0.,0.));
#228 = ORIENTED_EDGE('',*,*,#229,.F.);
#229 = EDGE_CURVE('',#230,#222,#232,.T.);
#230 = VERTEX_POINT('',#231);
#231 = CARTESIAN_POINT('',(34.07013566804,365.125,-12.7));
#232 = LINE('',#233,#234);
#233 = CARTESIAN_POINT('',(34.07013566804,365.125,-28.59516908836));
#234 = VECTOR('',#235,1.);
#235 = DIRECTION('',(0.,0.,-1.));
#236 = ORIENTED_EDGE('',*,*,#237,.T.);
#237 = EDGE_CURVE('',#230,#238,#240,.T.);
#238 = VERTEX_POINT('',#239);
#239 = CARTESIAN_POINT('',(134.63657345984,365.125,-12.7));
#240 = LINE('',#241,#242);
#241 = CARTESIAN_POINT('',(3.175,365.125,-12.7));
#242 = VECTOR('',#243,1.);
#243 = DIRECTION('',(1.,0.,0.));
#244 = ORIENTED_EDGE('',*,*,#245,.F.);
#245 = EDGE_CURVE('',#246,#238,#248,.T.);
#246 = VERTEX_POINT('',#247);
#247 = CARTESIAN_POINT('',(134.63657345984,365.125,-19.09033817672));
#248 = LINE('',#249,#250);
#249 = CARTESIAN_POINT('',(134.63657345984,365.125,-28.59516908836));
#250 = VECTOR('',#251,1.);
#251 = DIRECTION('',(0.,0.,1.));
#252 = ORIENTED_EDGE('',*,*,#253,.T.);
#253 = EDGE_CURVE('',#246,#127,#254,.T.);
#254 = LINE('',#255,#256);
#255 = CARTESIAN_POINT('',(75.545097794584,365.125,-19.09033817672));
#256 = VECTOR('',#257,1.);
#257 = DIRECTION('',(1.,0.,0.));
#258 = PLANE('',#259);
#259 = AXIS2_PLACEMENT_3D('',#260,#261,#262);
#260 = CARTESIAN_POINT('',(3.175,365.125,-38.1));
#261 = DIRECTION('',(0.,1.,0.));
#262 = DIRECTION('',(0.,0.,1.));
#263 = ADVANCED_FACE('',(#264),#296,.T.);
#264 = FACE_BOUND('',#265,.T.);
#265 = EDGE_LOOP('',(#266,#274,#275,#281,#282,#290));
#266 = ORIENTED_EDGE('',*,*,#267,.F.);
#267 = EDGE_CURVE('',#64,#268,#270,.T.);
#268 = VERTEX_POINT('',#269);
#269 = CARTESIAN_POINT('',(606.425,364.78935168765,-12.7));
#270 = LINE('',#271,#272);
#271 = CARTESIAN_POINT('',(606.425,-9.525,-12.7));
#272 = VECTOR('',#273,1.);
#273 = DIRECTION('',(0.,1.,0.));
#274 = ORIENTED_EDGE('',*,*,#61,.F.);
#275 = ORIENTED_EDGE('',*,*,#276,.T.);
#276 = EDGE_CURVE('',#62,#191,#277,.T.);
#277 = LINE('',#278,#279);
#278 = CARTESIAN_POINT('',(606.425,-9.525,-38.1));
#279 = VECTOR('',#280,1.);
#280 = DIRECTION('',(0.,1.,0.));
#281 = ORIENTED_EDGE('',*,*,#190,.T.);
#282 = ORIENTED_EDGE('',*,*,#283,.T.);
#283 = EDGE_CURVE('',#183,#284,#286,.T.);
#284 = VERTEX_POINT('',#285);
#285 = CARTESIAN_POINT('',(606.425,364.78935168768,-19.09033817672));
#286 = LINE('',#287,#288);
#287 = CARTESIAN_POINT('',(606.425,191.83021784675,-19.09033817672));
#288 = VECTOR('',#289,1.);
#289 = DIRECTION('',(0.,-1.,0.));
#290 = ORIENTED_EDGE('',*,*,#291,.T.);
#291 = EDGE_CURVE('',#284,#268,#292,.T.);
#292 = LINE('',#293,#294);
#293 = CARTESIAN_POINT('',(606.425,364.78935168768,-19.09033817672));
#294 = VECTOR('',#295,1.);
#295 = DIRECTION('',(0.,0.,1.));
#296 = PLANE('',#297);
#297 = AXIS2_PLACEMENT_3D('',#298,#299,#300);
#298 = CARTESIAN_POINT('',(606.425,-9.525,-38.1));
#299 = DIRECTION('',(1.,0.,0.));
#300 = DIRECTION('',(0.,0.,1.));
#301 = ADVANCED_FACE('',(#302),#329,.F.);
#302 = FACE_BOUND('',#303,.T.);
#303 = EDGE_LOOP('',(#304,#314,#321,#322));
#304 = ORIENTED_EDGE('',*,*,#305,.F.);
#305 = EDGE_CURVE('',#306,#308,#310,.T.);
#306 = VERTEX_POINT('',#307);
#307 = CARTESIAN_POINT('',(589.88190090523,-9.165752261914,
    -19.09033817672));
#308 = VERTEX_POINT('',#309);
#309 = CARTESIAN_POINT('',(589.88190090523,-9.165752261914,-12.7));
#310 = LINE('',#311,#312);
#311 = CARTESIAN_POINT('',(589.88190090523,-9.165752261914,
    -19.09033817672));
#312 = VECTOR('',#313,1.);
#313 = DIRECTION('',(0.,0.,1.));
#314 = ORIENTED_EDGE('',*,*,#315,.T.);
#315 = EDGE_CURVE('',#306,#95,#316,.T.);
#316 = CIRCLE('',#317,3.174);
#317 = AXIS2_PLACEMENT_3D('',#318,#319,#320);
#318 = CARTESIAN_POINT('',(587.59546610244,-6.964277326196,
    -19.09033817672));
#319 = DIRECTION('',(0.,0.,-1.));
#320 = DIRECTION('',(0.693596388065,0.720363832007,0.));
#321 = ORIENTED_EDGE('',*,*,#102,.T.);
#322 = ORIENTED_EDGE('',*,*,#323,.T.);
#323 = EDGE_CURVE('',#103,#308,#324,.T.);
#324 = CIRCLE('',#325,3.174);
#325 = AXIS2_PLACEMENT_3D('',#326,#327,#328);
#326 = CARTESIAN_POINT('',(587.59546610244,-6.964277326196,-12.7));
#327 = DIRECTION('',(-0.,0.,1.));
#328 = DIRECTION('',(0.720363832007,-0.693596388065,0.));
#329 = CYLINDRICAL_SURFACE('',#330,3.174);
#330 = AXIS2_PLACEMENT_3D('',#331,#332,#333);
#331 = CARTESIAN_POINT('',(587.59546610244,-6.964277326196,
    -19.09033817672));
#332 = DIRECTION('',(0.,0.,1.));
#333 = DIRECTION('',(0.720363832007,-0.693596388065,0.));
#334 = ADVANCED_FACE('',(#335),#405,.T.);
#335 = FACE_BOUND('',#336,.T.);
#336 = EDGE_LOOP('',(#337,#347,#356,#364,#371,#372,#373,#381,#390,#398)
  );
#337 = ORIENTED_EDGE('',*,*,#338,.T.);
#338 = EDGE_CURVE('',#339,#341,#343,.T.);
#339 = VERTEX_POINT('',#340);
#340 = CARTESIAN_POINT('',(583.48041168097,15.918863546558,
    -19.09033817672));
#341 = VERTEX_POINT('',#342);
#342 = CARTESIAN_POINT('',(574.02669279788,6.100304398141,
    -19.09033817672));
#343 = LINE('',#344,#345);
#344 = CARTESIAN_POINT('',(585.68188661669,18.205298349348,
    -19.09033817672));
#345 = VECTOR('',#346,1.);
#346 = DIRECTION('',(-0.693596388065,-0.720363832007,0.));
#347 = ORIENTED_EDGE('',*,*,#348,.T.);
#348 = EDGE_CURVE('',#341,#349,#351,.T.);
#349 = VERTEX_POINT('',#350);
#350 = CARTESIAN_POINT('',(574.11165266495,1.612394659634,
    -19.09033817672));
#351 = CIRCLE('',#352,3.174);
#352 = AXIS2_PLACEMENT_3D('',#353,#354,#355);
#353 = CARTESIAN_POINT('',(576.31312760067,3.898829462424,
    -19.09033817672));
#354 = DIRECTION('',(0.,-0.,1.));
#355 = DIRECTION('',(0.693596388065,0.720363832007,0.));
#356 = ORIENTED_EDGE('',*,*,#357,.F.);
#357 = EDGE_CURVE('',#358,#349,#360,.T.);
#358 = VERTEX_POINT('',#359);
#359 = CARTESIAN_POINT('',(585.39399116672,-9.250712128986,
    -19.09033817672));
#360 = LINE('',#361,#362);
#361 = CARTESIAN_POINT('',(587.68042596951,-11.4521870647,
    -19.09033817672));
#362 = VECTOR('',#363,1.);
#363 = DIRECTION('',(-0.720363832007,0.693596388065,0.));
#364 = ORIENTED_EDGE('',*,*,#365,.F.);
#365 = EDGE_CURVE('',#87,#358,#366,.T.);
#366 = CIRCLE('',#367,3.174);
#367 = AXIS2_PLACEMENT_3D('',#368,#369,#370);
#368 = CARTESIAN_POINT('',(587.59546610244,-6.964277326196,
    -19.09033817672));
#369 = DIRECTION('',(0.,0.,-1.));
#370 = DIRECTION('',(0.693596388065,0.720363832007,0.));
#371 = ORIENTED_EDGE('',*,*,#94,.T.);
#372 = ORIENTED_EDGE('',*,*,#315,.F.);
#373 = ORIENTED_EDGE('',*,*,#374,.F.);
#374 = EDGE_CURVE('',#375,#306,#377,.T.);
#375 = VERTEX_POINT('',#376);
#376 = CARTESIAN_POINT('',(599.33561978832,0.652806886503,
    -19.09033817672));
#377 = LINE('',#378,#379);
#378 = CARTESIAN_POINT('',(601.53709472404,2.939241689293,
    -19.09033817672));
#379 = VECTOR('',#380,1.);
#380 = DIRECTION('',(-0.693596388065,-0.720363832007,0.));
#381 = ORIENTED_EDGE('',*,*,#382,.T.);
#382 = EDGE_CURVE('',#375,#383,#385,.T.);
#383 = VERTEX_POINT('',#384);
#384 = CARTESIAN_POINT('',(599.25065992125,5.14071662501,-19.09033817672
    ));
#385 = CIRCLE('',#386,3.174);
#386 = AXIS2_PLACEMENT_3D('',#387,#388,#389);
#387 = CARTESIAN_POINT('',(597.04918498553,2.854281822221,
    -19.09033817672));
#388 = DIRECTION('',(0.,-0.,1.));
#389 = DIRECTION('',(0.693596388065,0.720363832007,0.));
#390 = ORIENTED_EDGE('',*,*,#391,.T.);
#391 = EDGE_CURVE('',#383,#392,#394,.T.);
#392 = VERTEX_POINT('',#393);
#393 = CARTESIAN_POINT('',(587.96832141948,16.003823413631,
    -19.09033817672));
#394 = LINE('',#395,#396);
#395 = CARTESIAN_POINT('',(601.53709472404,2.939241689293,
    -19.09033817672));
#396 = VECTOR('',#397,1.);
#397 = DIRECTION('',(-0.720363832007,0.693596388065,0.));
#398 = ORIENTED_EDGE('',*,*,#399,.T.);
#399 = EDGE_CURVE('',#392,#339,#400,.T.);
#400 = CIRCLE('',#401,3.174);
#401 = AXIS2_PLACEMENT_3D('',#402,#403,#404);
#402 = CARTESIAN_POINT('',(585.76684648376,13.717388610841,
    -19.09033817672));
#403 = DIRECTION('',(0.,-0.,1.));
#404 = DIRECTION('',(0.693596388065,0.720363832007,0.));
#405 = PLANE('',#406);
#406 = AXIS2_PLACEMENT_3D('',#407,#408,#409);
#407 = CARTESIAN_POINT('',(601.53709472404,2.939241689293,
    -19.09033817672));
#408 = DIRECTION('',(0.,0.,1.));
#409 = DIRECTION('',(-0.720363832007,0.693596388065,0.));
#410 = ADVANCED_FACE('',(#411),#430,.F.);
#411 = FACE_BOUND('',#412,.T.);
#412 = EDGE_LOOP('',(#413,#414,#415,#423));
#413 = ORIENTED_EDGE('',*,*,#86,.F.);
#414 = ORIENTED_EDGE('',*,*,#365,.T.);
#415 = ORIENTED_EDGE('',*,*,#416,.T.);
#416 = EDGE_CURVE('',#358,#417,#419,.T.);
#417 = VERTEX_POINT('',#418);
#418 = CARTESIAN_POINT('',(585.39399116672,-9.250712128986,-12.7));
#419 = LINE('',#420,#421);
#420 = CARTESIAN_POINT('',(585.39399116672,-9.250712128986,
    -19.09033817672));
#421 = VECTOR('',#422,1.);
#422 = DIRECTION('',(0.,0.,1.));
#423 = ORIENTED_EDGE('',*,*,#424,.T.);
#424 = EDGE_CURVE('',#417,#79,#425,.T.);
#425 = CIRCLE('',#426,3.174);
#426 = AXIS2_PLACEMENT_3D('',#427,#428,#429);
#427 = CARTESIAN_POINT('',(587.59546610244,-6.964277326196,-12.7));
#428 = DIRECTION('',(-0.,0.,1.));
#429 = DIRECTION('',(0.720363832007,-0.693596388065,0.));
#430 = CYLINDRICAL_SURFACE('',#431,3.174);
#431 = AXIS2_PLACEMENT_3D('',#432,#433,#434);
#432 = CARTESIAN_POINT('',(587.59546610244,-6.964277326196,
    -19.09033817672));
#433 = DIRECTION('',(0.,0.,1.));
#434 = DIRECTION('',(0.720363832007,-0.693596388065,0.));
#435 = ADVANCED_FACE('',(#436),#461,.T.);
#436 = FACE_BOUND('',#437,.T.);
#437 = EDGE_LOOP('',(#438,#446,#454,#460));
#438 = ORIENTED_EDGE('',*,*,#439,.F.);
#439 = EDGE_CURVE('',#440,#206,#442,.T.);
#440 = VERTEX_POINT('',#441);
#441 = CARTESIAN_POINT('',(17.271138221292,358.15955251265,-12.7));
#442 = LINE('',#443,#444);
#443 = CARTESIAN_POINT('',(-79.29621292393,261.59220136742,-12.7));
#444 = VECTOR('',#445,1.);
#445 = DIRECTION('',(0.707106781187,0.707106781187,0.));
#446 = ORIENTED_EDGE('',*,*,#447,.F.);
#447 = EDGE_CURVE('',#448,#440,#450,.T.);
#448 = VERTEX_POINT('',#449);
#449 = CARTESIAN_POINT('',(17.271138221292,358.15955251265,
    -19.09033817672));
#450 = LINE('',#451,#452);
#451 = CARTESIAN_POINT('',(17.271138221292,358.15955251265,
    -19.09033817672));
#452 = VECTOR('',#453,1.);
#453 = DIRECTION('',(0.,0.,1.));
#454 = ORIENTED_EDGE('',*,*,#455,.T.);
#455 = EDGE_CURVE('',#448,#214,#456,.T.);
#456 = LINE('',#457,#458);
#457 = CARTESIAN_POINT('',(15.026781297806,355.91519558916,
    -19.09033817672));
#458 = VECTOR('',#459,1.);
#459 = DIRECTION('',(0.707106781187,0.707106781187,0.));
#460 = ORIENTED_EDGE('',*,*,#213,.F.);
#461 = PLANE('',#462);
#462 = AXIS2_PLACEMENT_3D('',#463,#464,#465);
#463 = CARTESIAN_POINT('',(15.026781297806,355.91519558916,
    -19.09033817672));
#464 = DIRECTION('',(0.707106781187,-0.707106781187,0.));
#465 = DIRECTION('',(0.,0.,1.));
#466 = ADVANCED_FACE('',(#467),#494,.F.);
#467 = FACE_BOUND('',#468,.F.);
#468 = EDGE_LOOP('',(#469,#470,#479,#487));
#469 = ORIENTED_EDGE('',*,*,#447,.F.);
#470 = ORIENTED_EDGE('',*,*,#471,.T.);
#471 = EDGE_CURVE('',#448,#472,#474,.T.);
#472 = VERTEX_POINT('',#473);
#473 = CARTESIAN_POINT('',(17.271138221292,353.67083866568,
    -19.09033817672));
#474 = CIRCLE('',#475,3.174);
#475 = AXIS2_PLACEMENT_3D('',#476,#477,#478);
#476 = CARTESIAN_POINT('',(19.515495144778,355.91519558916,
    -19.09033817672));
#477 = DIRECTION('',(0.,0.,1.));
#478 = DIRECTION('',(-0.707106781187,-0.707106781187,0.));
#479 = ORIENTED_EDGE('',*,*,#480,.T.);
#480 = EDGE_CURVE('',#472,#481,#483,.T.);
#481 = VERTEX_POINT('',#482);
#482 = CARTESIAN_POINT('',(17.271138221292,353.67083866568,-12.7));
#483 = LINE('',#484,#485);
#484 = CARTESIAN_POINT('',(17.271138221292,353.67083866568,
    -19.09033817672));
#485 = VECTOR('',#486,1.);
#486 = DIRECTION('',(0.,0.,1.));
#487 = ORIENTED_EDGE('',*,*,#488,.F.);
#488 = EDGE_CURVE('',#440,#481,#489,.T.);
#489 = CIRCLE('',#490,3.174);
#490 = AXIS2_PLACEMENT_3D('',#491,#492,#493);
#491 = CARTESIAN_POINT('',(19.515495144778,355.91519558916,-12.7));
#492 = DIRECTION('',(0.,0.,1.));
#493 = DIRECTION('',(-0.707106781187,0.707106781187,0.));
#494 = CYLINDRICAL_SURFACE('',#495,3.174);
#495 = AXIS2_PLACEMENT_3D('',#496,#497,#498);
#496 = CARTESIAN_POINT('',(19.515495144778,355.91519558916,
    -19.09033817672));
#497 = DIRECTION('',(0.,0.,1.));
#498 = DIRECTION('',(-0.707106781187,0.707106781187,0.));
#499 = ADVANCED_FACE('',(#500),#525,.T.);
#500 = FACE_BOUND('',#501,.T.);
#501 = EDGE_LOOP('',(#502,#512,#518,#519));
#502 = ORIENTED_EDGE('',*,*,#503,.F.);
#503 = EDGE_CURVE('',#504,#506,#508,.T.);
#504 = VERTEX_POINT('',#505);
#505 = CARTESIAN_POINT('',(28.34584479008,342.59613209689,
    -19.09033817672));
#506 = VERTEX_POINT('',#507);
#507 = CARTESIAN_POINT('',(28.34584479008,342.59613209689,-12.7));
#508 = LINE('',#509,#510);
#509 = CARTESIAN_POINT('',(28.34584479008,342.59613209689,
    -19.09033817672));
#510 = VECTOR('',#511,1.);
#511 = DIRECTION('',(0.,0.,1.));
#512 = ORIENTED_EDGE('',*,*,#513,.F.);
#513 = EDGE_CURVE('',#472,#504,#514,.T.);
#514 = LINE('',#515,#516);
#515 = CARTESIAN_POINT('',(15.026781297806,355.91519558916,
    -19.09033817672));
#516 = VECTOR('',#517,1.);
#517 = DIRECTION('',(0.707106781187,-0.707106781187,0.));
#518 = ORIENTED_EDGE('',*,*,#480,.T.);
#519 = ORIENTED_EDGE('',*,*,#520,.F.);
#520 = EDGE_CURVE('',#506,#481,#521,.T.);
#521 = LINE('',#522,#523);
#522 = CARTESIAN_POINT('',(103.42388487064,267.51809201632,-12.7));
#523 = VECTOR('',#524,1.);
#524 = DIRECTION('',(-0.707106781187,0.707106781187,0.));
#525 = PLANE('',#526);
#526 = AXIS2_PLACEMENT_3D('',#527,#528,#529);
#527 = CARTESIAN_POINT('',(15.026781297806,355.91519558916,
    -19.09033817672));
#528 = DIRECTION('',(0.707106781187,0.707106781187,0.));
#529 = DIRECTION('',(0.,0.,1.));
#530 = ADVANCED_FACE('',(#531),#558,.F.);
#531 = FACE_BOUND('',#532,.F.);
#532 = EDGE_LOOP('',(#533,#534,#543,#551));
#533 = ORIENTED_EDGE('',*,*,#503,.F.);
#534 = ORIENTED_EDGE('',*,*,#535,.T.);
#535 = EDGE_CURVE('',#504,#536,#538,.T.);
#536 = VERTEX_POINT('',#537);
#537 = CARTESIAN_POINT('',(32.834558637052,342.59613209689,
    -19.09033817672));
#538 = CIRCLE('',#539,3.174);
#539 = AXIS2_PLACEMENT_3D('',#540,#541,#542);
#540 = CARTESIAN_POINT('',(30.590201713566,344.84048902038,
    -19.09033817672));
#541 = DIRECTION('',(0.,0.,1.));
#542 = DIRECTION('',(-0.707106781187,-0.707106781187,0.));
#543 = ORIENTED_EDGE('',*,*,#544,.T.);
#544 = EDGE_CURVE('',#536,#545,#547,.T.);
#545 = VERTEX_POINT('',#546);
#546 = CARTESIAN_POINT('',(32.834558637052,342.59613209689,-12.7));
#547 = LINE('',#548,#549);
#548 = CARTESIAN_POINT('',(32.834558637052,342.59613209689,
    -19.09033817672));
#549 = VECTOR('',#550,1.);
#550 = DIRECTION('',(0.,0.,1.));
#551 = ORIENTED_EDGE('',*,*,#552,.F.);
#552 = EDGE_CURVE('',#506,#545,#553,.T.);
#553 = CIRCLE('',#554,3.174);
#554 = AXIS2_PLACEMENT_3D('',#555,#556,#557);
#555 = CARTESIAN_POINT('',(30.590201713566,344.84048902038,-12.7));
#556 = DIRECTION('',(0.,0.,1.));
#557 = DIRECTION('',(-0.707106781187,-0.707106781187,0.));
#558 = CYLINDRICAL_SURFACE('',#559,3.174);
#559 = AXIS2_PLACEMENT_3D('',#560,#561,#562);
#560 = CARTESIAN_POINT('',(30.590201713566,344.84048902038,
    -19.09033817672));
#561 = DIRECTION('',(0.,0.,1.));
#562 = DIRECTION('',(-0.707106781187,-0.707106781187,0.));
#563 = ADVANCED_FACE('',(#564),#589,.F.);
#564 = FACE_BOUND('',#565,.F.);
#565 = EDGE_LOOP('',(#566,#576,#582,#583));
#566 = ORIENTED_EDGE('',*,*,#567,.T.);
#567 = EDGE_CURVE('',#568,#570,#572,.T.);
#568 = VERTEX_POINT('',#569);
#569 = CARTESIAN_POINT('',(42.472424180613,352.23399764045,
    -19.09033817672));
#570 = VERTEX_POINT('',#571);
#571 = CARTESIAN_POINT('',(42.472424180612,352.23399764045,-12.7));
#572 = LINE('',#573,#574);
#573 = CARTESIAN_POINT('',(42.472424180612,352.23399764045,
    -19.09033817672));
#574 = VECTOR('',#575,1.);
#575 = DIRECTION('',(0.,0.,1.));
#576 = ORIENTED_EDGE('',*,*,#577,.F.);
#577 = EDGE_CURVE('',#545,#570,#578,.T.);
#578 = LINE('',#579,#580);
#579 = CARTESIAN_POINT('',(-63.73279250817,246.02878095166,-12.7));
#580 = VECTOR('',#581,1.);
#581 = DIRECTION('',(0.707106781187,0.707106781187,0.));
#582 = ORIENTED_EDGE('',*,*,#544,.F.);
#583 = ORIENTED_EDGE('',*,*,#584,.T.);
#584 = EDGE_CURVE('',#536,#568,#585,.T.);
#585 = LINE('',#586,#587);
#586 = CARTESIAN_POINT('',(30.590201713566,340.3517751734,
    -19.09033817672));
#587 = VECTOR('',#588,1.);
#588 = DIRECTION('',(0.707106781187,0.707106781187,0.));
#589 = PLANE('',#590);
#590 = AXIS2_PLACEMENT_3D('',#591,#592,#593);
#591 = CARTESIAN_POINT('',(30.590201713566,340.3517751734,
    -19.09033817672));
#592 = DIRECTION('',(0.707106781187,-0.707106781187,0.));
#593 = DIRECTION('',(0.,0.,1.));
#594 = ADVANCED_FACE('',(#595),#630,.F.);
#595 = FACE_BOUND('',#596,.F.);
#596 = EDGE_LOOP('',(#597,#605,#606,#614,#623));
#597 = ORIENTED_EDGE('',*,*,#598,.F.);
#598 = EDGE_CURVE('',#341,#599,#601,.T.);
#599 = VERTEX_POINT('',#600);
#600 = CARTESIAN_POINT('',(574.02669279788,6.100304398141,-12.7));
#601 = LINE('',#602,#603);
#602 = CARTESIAN_POINT('',(574.02669279788,6.100304398141,
    -19.09033817672));
#603 = VECTOR('',#604,1.);
#604 = DIRECTION('',(0.,0.,1.));
#605 = ORIENTED_EDGE('',*,*,#348,.T.);
#606 = ORIENTED_EDGE('',*,*,#607,.T.);
#607 = EDGE_CURVE('',#349,#608,#610,.T.);
#608 = VERTEX_POINT('',#609);
#609 = CARTESIAN_POINT('',(574.11165266495,1.612394659634,-12.7));
#610 = LINE('',#611,#612);
#611 = CARTESIAN_POINT('',(574.11165266495,1.612394659634,
    -19.09033817672));
#612 = VECTOR('',#613,1.);
#613 = DIRECTION('',(0.,0.,1.));
#614 = ORIENTED_EDGE('',*,*,#615,.F.);
#615 = EDGE_CURVE('',#616,#608,#618,.T.);
#616 = VERTEX_POINT('',#617);
#617 = CARTESIAN_POINT('',(573.14231403458,4.041017117208,-12.7));
#618 = CIRCLE('',#619,3.174);
#619 = AXIS2_PLACEMENT_3D('',#620,#621,#622);
#620 = CARTESIAN_POINT('',(576.31312760067,3.898829462424,-12.7));
#621 = DIRECTION('',(0.,0.,1.));
#622 = DIRECTION('',(-0.720363832007,0.693596388065,0.));
#623 = ORIENTED_EDGE('',*,*,#624,.F.);
#624 = EDGE_CURVE('',#599,#616,#625,.T.);
#625 = CIRCLE('',#626,3.174);
#626 = AXIS2_PLACEMENT_3D('',#627,#628,#629);
#627 = CARTESIAN_POINT('',(576.31312760067,3.898829462424,-12.7));
#628 = DIRECTION('',(0.,0.,1.));
#629 = DIRECTION('',(-0.720363832007,0.693596388065,0.));
#630 = CYLINDRICAL_SURFACE('',#631,3.174);
#631 = AXIS2_PLACEMENT_3D('',#632,#633,#634);
#632 = CARTESIAN_POINT('',(576.31312760067,3.898829462424,
    -19.09033817672));
#633 = DIRECTION('',(0.,0.,1.));
#634 = DIRECTION('',(-0.720363832007,0.693596388065,0.));
#635 = ADVANCED_FACE('',(#636),#672,.F.);
#636 = FACE_BOUND('',#637,.F.);
#637 = EDGE_LOOP('',(#638,#639,#648,#656,#665));
#638 = ORIENTED_EDGE('',*,*,#567,.F.);
#639 = ORIENTED_EDGE('',*,*,#640,.T.);
#640 = EDGE_CURVE('',#568,#641,#643,.T.);
#641 = VERTEX_POINT('',#642);
#642 = CARTESIAN_POINT('',(42.472424180613,356.72271148742,
    -19.09033817672));
#643 = CIRCLE('',#644,3.174);
#644 = AXIS2_PLACEMENT_3D('',#645,#646,#647);
#645 = CARTESIAN_POINT('',(40.228067257126,354.47835456394,
    -19.09033817672));
#646 = DIRECTION('',(0.,0.,1.));
#647 = DIRECTION('',(-0.707106781187,-0.707106781187,0.));
#648 = ORIENTED_EDGE('',*,*,#649,.T.);
#649 = EDGE_CURVE('',#641,#650,#652,.T.);
#650 = VERTEX_POINT('',#651);
#651 = CARTESIAN_POINT('',(42.472424180612,356.72271148742,-12.7));
#652 = LINE('',#653,#654);
#653 = CARTESIAN_POINT('',(42.472424180612,356.72271148742,
    -19.09033817672));
#654 = VECTOR('',#655,1.);
#655 = DIRECTION('',(0.,0.,1.));
#656 = ORIENTED_EDGE('',*,*,#657,.F.);
#657 = EDGE_CURVE('',#658,#650,#660,.T.);
#658 = VERTEX_POINT('',#659);
#659 = CARTESIAN_POINT('',(43.395621555001,354.27617699356,-12.7));
#660 = CIRCLE('',#661,3.174);
#661 = AXIS2_PLACEMENT_3D('',#662,#663,#664);
#662 = CARTESIAN_POINT('',(40.228067257126,354.47835456394,-12.7));
#663 = DIRECTION('',(-0.,0.,1.));
#664 = DIRECTION('',(0.707106781187,-0.707106781187,0.));
#665 = ORIENTED_EDGE('',*,*,#666,.F.);
#666 = EDGE_CURVE('',#570,#658,#667,.T.);
#667 = CIRCLE('',#668,3.174);
#668 = AXIS2_PLACEMENT_3D('',#669,#670,#671);
#669 = CARTESIAN_POINT('',(40.228067257126,354.47835456394,-12.7));
#670 = DIRECTION('',(-0.,0.,1.));
#671 = DIRECTION('',(0.707106781187,-0.707106781187,0.));
#672 = CYLINDRICAL_SURFACE('',#673,3.174);
#673 = AXIS2_PLACEMENT_3D('',#674,#675,#676);
#674 = CARTESIAN_POINT('',(40.228067257126,354.47835456394,
    -19.09033817672));
#675 = DIRECTION('',(0.,0.,1.));
#676 = DIRECTION('',(0.707106781187,-0.707106781187,0.));
#677 = ADVANCED_FACE('',(#678),#696,.F.);
#678 = FACE_BOUND('',#679,.F.);
#679 = EDGE_LOOP('',(#680,#681,#689,#695));
#680 = ORIENTED_EDGE('',*,*,#598,.T.);
#681 = ORIENTED_EDGE('',*,*,#682,.F.);
#682 = EDGE_CURVE('',#683,#599,#685,.T.);
#683 = VERTEX_POINT('',#684);
#684 = CARTESIAN_POINT('',(583.48041168097,15.918863546558,-12.7));
#685 = LINE('',#686,#687);
#686 = CARTESIAN_POINT('',(438.63925239641,-134.5120417032,-12.7));
#687 = VECTOR('',#688,1.);
#688 = DIRECTION('',(-0.693596388065,-0.720363832007,0.));
#689 = ORIENTED_EDGE('',*,*,#690,.F.);
#690 = EDGE_CURVE('',#339,#683,#691,.T.);
#691 = LINE('',#692,#693);
#692 = CARTESIAN_POINT('',(583.48041168097,15.918863546558,
    -19.09033817672));
#693 = VECTOR('',#694,1.);
#694 = DIRECTION('',(0.,0.,1.));
#695 = ORIENTED_EDGE('',*,*,#338,.T.);
#696 = PLANE('',#697);
#697 = AXIS2_PLACEMENT_3D('',#698,#699,#700);
#698 = CARTESIAN_POINT('',(585.68188661669,18.205298349348,
    -19.09033817672));
#699 = DIRECTION('',(-0.720363832007,0.693596388065,0.));
#700 = DIRECTION('',(0.,0.,1.));
#701 = ADVANCED_FACE('',(#702),#721,.F.);
#702 = FACE_BOUND('',#703,.F.);
#703 = EDGE_LOOP('',(#704,#712,#713,#714));
#704 = ORIENTED_EDGE('',*,*,#705,.F.);
#705 = EDGE_CURVE('',#392,#706,#708,.T.);
#706 = VERTEX_POINT('',#707);
#707 = CARTESIAN_POINT('',(587.96832141948,16.003823413631,-12.7));
#708 = LINE('',#709,#710);
#709 = CARTESIAN_POINT('',(587.96832141948,16.003823413631,
    -19.09033817672));
#710 = VECTOR('',#711,1.);
#711 = DIRECTION('',(0.,0.,1.));
#712 = ORIENTED_EDGE('',*,*,#399,.T.);
#713 = ORIENTED_EDGE('',*,*,#690,.T.);
#714 = ORIENTED_EDGE('',*,*,#715,.F.);
#715 = EDGE_CURVE('',#706,#683,#716,.T.);
#716 = CIRCLE('',#717,3.174);
#717 = AXIS2_PLACEMENT_3D('',#718,#719,#720);
#718 = CARTESIAN_POINT('',(585.76684648376,13.717388610841,-12.7));
#719 = DIRECTION('',(0.,-0.,1.));
#720 = DIRECTION('',(0.693596388065,0.720363832007,0.));
#721 = CYLINDRICAL_SURFACE('',#722,3.174);
#722 = AXIS2_PLACEMENT_3D('',#723,#724,#725);
#723 = CARTESIAN_POINT('',(585.76684648376,13.717388610841,
    -19.09033817672));
#724 = DIRECTION('',(0.,0.,1.));
#725 = DIRECTION('',(0.693596388065,0.720363832007,0.));
#726 = ADVANCED_FACE('',(#727),#745,.T.);
#727 = FACE_BOUND('',#728,.T.);
#728 = EDGE_LOOP('',(#729,#730,#731,#739));
#729 = ORIENTED_EDGE('',*,*,#705,.F.);
#730 = ORIENTED_EDGE('',*,*,#391,.F.);
#731 = ORIENTED_EDGE('',*,*,#732,.T.);
#732 = EDGE_CURVE('',#383,#733,#735,.T.);
#733 = VERTEX_POINT('',#734);
#734 = CARTESIAN_POINT('',(599.25065992125,5.14071662501,-12.7));
#735 = LINE('',#736,#737);
#736 = CARTESIAN_POINT('',(599.25065992125,5.14071662501,-19.09033817672
    ));
#737 = VECTOR('',#738,1.);
#738 = DIRECTION('',(0.,0.,1.));
#739 = ORIENTED_EDGE('',*,*,#740,.F.);
#740 = EDGE_CURVE('',#706,#733,#741,.T.);
#741 = LINE('',#742,#743);
#742 = CARTESIAN_POINT('',(449.3986815823,149.42446089722,-12.7));
#743 = VECTOR('',#744,1.);
#744 = DIRECTION('',(0.720363832007,-0.693596388065,0.));
#745 = PLANE('',#746);
#746 = AXIS2_PLACEMENT_3D('',#747,#748,#749);
#747 = CARTESIAN_POINT('',(601.53709472404,2.939241689293,
    -19.09033817672));
#748 = DIRECTION('',(-0.693596388065,-0.720363832007,0.));
#749 = DIRECTION('',(0.,0.,1.));
#750 = ADVANCED_FACE('',(#751),#770,.F.);
#751 = FACE_BOUND('',#752,.F.);
#752 = EDGE_LOOP('',(#753,#761,#762,#763));
#753 = ORIENTED_EDGE('',*,*,#754,.F.);
#754 = EDGE_CURVE('',#375,#755,#757,.T.);
#755 = VERTEX_POINT('',#756);
#756 = CARTESIAN_POINT('',(599.33561978832,0.652806886503,-12.7));
#757 = LINE('',#758,#759);
#758 = CARTESIAN_POINT('',(599.33561978832,0.652806886503,
    -19.09033817672));
#759 = VECTOR('',#760,1.);
#760 = DIRECTION('',(0.,0.,1.));
#761 = ORIENTED_EDGE('',*,*,#382,.T.);
#762 = ORIENTED_EDGE('',*,*,#732,.T.);
#763 = ORIENTED_EDGE('',*,*,#764,.F.);
#764 = EDGE_CURVE('',#755,#733,#765,.T.);
#765 = CIRCLE('',#766,3.174);
#766 = AXIS2_PLACEMENT_3D('',#767,#768,#769);
#767 = CARTESIAN_POINT('',(597.04918498553,2.854281822221,-12.7));
#768 = DIRECTION('',(-0.,0.,1.));
#769 = DIRECTION('',(0.720363832007,-0.693596388065,0.));
#770 = CYLINDRICAL_SURFACE('',#771,3.174);
#771 = AXIS2_PLACEMENT_3D('',#772,#773,#774);
#772 = CARTESIAN_POINT('',(597.04918498553,2.854281822221,
    -19.09033817672));
#773 = DIRECTION('',(0.,0.,1.));
#774 = DIRECTION('',(0.720363832007,-0.693596388065,0.));
#775 = ADVANCED_FACE('',(#776),#787,.T.);
#776 = FACE_BOUND('',#777,.T.);
#777 = EDGE_LOOP('',(#778,#779,#785,#786));
#778 = ORIENTED_EDGE('',*,*,#305,.T.);
#779 = ORIENTED_EDGE('',*,*,#780,.F.);
#780 = EDGE_CURVE('',#755,#308,#781,.T.);
#781 = LINE('',#782,#783);
#782 = CARTESIAN_POINT('',(454.49446050376,-149.7780983632,-12.7));
#783 = VECTOR('',#784,1.);
#784 = DIRECTION('',(-0.693596388065,-0.720363832007,0.));
#785 = ORIENTED_EDGE('',*,*,#754,.F.);
#786 = ORIENTED_EDGE('',*,*,#374,.T.);
#787 = PLANE('',#788);
#788 = AXIS2_PLACEMENT_3D('',#789,#790,#791);
#789 = CARTESIAN_POINT('',(601.53709472404,2.939241689293,
    -19.09033817672));
#790 = DIRECTION('',(-0.720363832007,0.693596388065,0.));
#791 = DIRECTION('',(0.,0.,1.));
#792 = ADVANCED_FACE('',(#793),#818,.F.);
#793 = FACE_BOUND('',#794,.F.);
#794 = EDGE_LOOP('',(#795,#805,#811,#812));
#795 = ORIENTED_EDGE('',*,*,#796,.T.);
#796 = EDGE_CURVE('',#797,#799,#801,.T.);
#797 = VERTEX_POINT('',#798);
#798 = CARTESIAN_POINT('',(144.23399764045,355.52757581938,
    -19.09033817672));
#799 = VERTEX_POINT('',#800);
#800 = CARTESIAN_POINT('',(144.23399764045,355.52757581938,-12.7));
#801 = LINE('',#802,#803);
#802 = CARTESIAN_POINT('',(144.23399764045,355.52757581938,
    -19.09033817672));
#803 = VECTOR('',#804,1.);
#804 = DIRECTION('',(0.,0.,1.));
#805 = ORIENTED_EDGE('',*,*,#806,.F.);
#806 = EDGE_CURVE('',#238,#799,#807,.T.);
#807 = LINE('',#808,#809);
#808 = CARTESIAN_POINT('',(194.29128095166,305.47029250817,-12.7));
#809 = VECTOR('',#810,1.);
#810 = DIRECTION('',(0.707106781187,-0.707106781187,0.));
#811 = ORIENTED_EDGE('',*,*,#245,.F.);
#812 = ORIENTED_EDGE('',*,*,#813,.T.);
#813 = EDGE_CURVE('',#246,#797,#814,.T.);
#814 = LINE('',#815,#816);
#815 = CARTESIAN_POINT('',(132.3517751734,367.40979828643,
    -19.09033817672));
#816 = VECTOR('',#817,1.);
#817 = DIRECTION('',(0.707106781187,-0.707106781187,0.));
#818 = PLANE('',#819);
#819 = AXIS2_PLACEMENT_3D('',#820,#821,#822);
#820 = CARTESIAN_POINT('',(132.3517751734,367.40979828643,
    -19.09033817672));
#821 = DIRECTION('',(-0.707106781187,-0.707106781187,0.));
#822 = DIRECTION('',(0.,0.,1.));
#823 = ADVANCED_FACE('',(#824),#860,.F.);
#824 = FACE_BOUND('',#825,.F.);
#825 = EDGE_LOOP('',(#826,#827,#836,#844,#853));
#826 = ORIENTED_EDGE('',*,*,#796,.F.);
#827 = ORIENTED_EDGE('',*,*,#828,.T.);
#828 = EDGE_CURVE('',#797,#829,#831,.T.);
#829 = VERTEX_POINT('',#830);
#830 = CARTESIAN_POINT('',(148.72271148742,355.52757581938,
    -19.09033817672));
#831 = CIRCLE('',#832,3.174);
#832 = AXIS2_PLACEMENT_3D('',#833,#834,#835);
#833 = CARTESIAN_POINT('',(146.47835456394,357.77193274287,
    -19.09033817672));
#834 = DIRECTION('',(0.,0.,1.));
#835 = DIRECTION('',(-0.707106781187,0.707106781187,0.));
#836 = ORIENTED_EDGE('',*,*,#837,.T.);
#837 = EDGE_CURVE('',#829,#838,#840,.T.);
#838 = VERTEX_POINT('',#839);
#839 = CARTESIAN_POINT('',(148.72271148742,355.52757581938,-12.7));
#840 = LINE('',#841,#842);
#841 = CARTESIAN_POINT('',(148.72271148742,355.52757581938,
    -19.09033817672));
#842 = VECTOR('',#843,1.);
#843 = DIRECTION('',(0.,0.,1.));
#844 = ORIENTED_EDGE('',*,*,#845,.F.);
#845 = EDGE_CURVE('',#846,#838,#848,.T.);
#846 = VERTEX_POINT('',#847);
#847 = CARTESIAN_POINT('',(146.27617699356,354.60437844498,-12.7));
#848 = CIRCLE('',#849,3.174);
#849 = AXIS2_PLACEMENT_3D('',#850,#851,#852);
#850 = CARTESIAN_POINT('',(146.47835456394,357.77193274287,-12.7));
#851 = DIRECTION('',(0.,0.,1.));
#852 = DIRECTION('',(-0.707106781187,-0.707106781187,0.));
#853 = ORIENTED_EDGE('',*,*,#854,.F.);
#854 = EDGE_CURVE('',#799,#846,#855,.T.);
#855 = CIRCLE('',#856,3.174);
#856 = AXIS2_PLACEMENT_3D('',#857,#858,#859);
#857 = CARTESIAN_POINT('',(146.47835456394,357.77193274287,-12.7));
#858 = DIRECTION('',(0.,0.,1.));
#859 = DIRECTION('',(-0.707106781187,-0.707106781187,0.));
#860 = CYLINDRICAL_SURFACE('',#861,3.174);
#861 = AXIS2_PLACEMENT_3D('',#862,#863,#864);
#862 = CARTESIAN_POINT('',(146.47835456394,357.77193274287,
    -19.09033817672));
#863 = DIRECTION('',(0.,0.,1.));
#864 = DIRECTION('',(-0.707106781187,-0.707106781187,0.));
#865 = ADVANCED_FACE('',(#866),#893,.F.);
#866 = FACE_BOUND('',#867,.F.);
#867 = EDGE_LOOP('',(#868,#869,#876,#877,#886));
#868 = ORIENTED_EDGE('',*,*,#174,.F.);
#869 = ORIENTED_EDGE('',*,*,#870,.T.);
#870 = EDGE_CURVE('',#175,#284,#871,.T.);
#871 = CIRCLE('',#872,3.174);
#872 = AXIS2_PLACEMENT_3D('',#873,#874,#875);
#873 = CARTESIAN_POINT('',(606.31568173082,367.96146857014,
    -19.09033817672));
#874 = DIRECTION('',(0.,0.,1.));
#875 = DIRECTION('',(-0.720363832007,0.693596388065,0.));
#876 = ORIENTED_EDGE('',*,*,#291,.T.);
#877 = ORIENTED_EDGE('',*,*,#878,.F.);
#878 = EDGE_CURVE('',#879,#268,#881,.T.);
#879 = VERTEX_POINT('',#880);
#880 = CARTESIAN_POINT('',(606.17349407604,364.79065500408,-12.7));
#881 = CIRCLE('',#882,3.174);
#882 = AXIS2_PLACEMENT_3D('',#883,#884,#885);
#883 = CARTESIAN_POINT('',(606.31568173082,367.96146857014,-12.7));
#884 = DIRECTION('',(0.,0.,1.));
#885 = DIRECTION('',(-0.693596388065,-0.720363832007,0.));
#886 = ORIENTED_EDGE('',*,*,#887,.F.);
#887 = EDGE_CURVE('',#167,#879,#888,.T.);
#888 = CIRCLE('',#889,3.174);
#889 = AXIS2_PLACEMENT_3D('',#890,#891,#892);
#890 = CARTESIAN_POINT('',(606.31568173082,367.96146857014,-12.7));
#891 = DIRECTION('',(0.,0.,1.));
#892 = DIRECTION('',(-0.693596388065,-0.720363832007,0.));
#893 = CYLINDRICAL_SURFACE('',#894,3.174);
#894 = AXIS2_PLACEMENT_3D('',#895,#896,#897);
#895 = CARTESIAN_POINT('',(606.31568173082,367.96146857014,
    -19.09033817672));
#896 = DIRECTION('',(0.,0.,1.));
#897 = DIRECTION('',(-0.693596388065,-0.720363832007,0.));
#898 = ADVANCED_FACE('',(#899),#926,.F.);
#899 = FACE_BOUND('',#900,.F.);
#900 = EDGE_LOOP('',(#901,#911,#918,#919));
#901 = ORIENTED_EDGE('',*,*,#902,.F.);
#902 = EDGE_CURVE('',#903,#905,#907,.T.);
#903 = VERTEX_POINT('',#904);
#904 = CARTESIAN_POINT('',(245.20691768904,362.17963519759,-21.97));
#905 = VERTEX_POINT('',#906);
#906 = CARTESIAN_POINT('',(245.20691768904,362.17963519759,-12.7));
#907 = LINE('',#908,#909);
#908 = CARTESIAN_POINT('',(245.20691768904,362.17963519759,-21.97));
#909 = VECTOR('',#910,1.);
#910 = DIRECTION('',(0.,0.,1.));
#911 = ORIENTED_EDGE('',*,*,#912,.T.);
#912 = EDGE_CURVE('',#903,#151,#913,.T.);
#913 = CIRCLE('',#914,3.174);
#914 = AXIS2_PLACEMENT_3D('',#915,#916,#917);
#915 = CARTESIAN_POINT('',(242.03348627959,362.11955949946,-21.97));
#916 = DIRECTION('',(0.,0.,1.));
#917 = DIRECTION('',(-1.89274411266E-02,0.999820859941,0.));
#918 = ORIENTED_EDGE('',*,*,#158,.T.);
#919 = ORIENTED_EDGE('',*,*,#920,.F.);
#920 = EDGE_CURVE('',#905,#159,#921,.T.);
#921 = CIRCLE('',#922,3.174);
#922 = AXIS2_PLACEMENT_3D('',#923,#924,#925);
#923 = CARTESIAN_POINT('',(242.03348627959,362.11955949946,-12.7));
#924 = DIRECTION('',(0.,0.,1.));
#925 = DIRECTION('',(-1.89274411266E-02,0.999820859941,0.));
#926 = CYLINDRICAL_SURFACE('',#927,3.174);
#927 = AXIS2_PLACEMENT_3D('',#928,#929,#930);
#928 = CARTESIAN_POINT('',(242.03348627959,362.11955949946,-21.97));
#929 = DIRECTION('',(0.,0.,1.));
#930 = DIRECTION('',(0.999820859941,1.89274411266E-02,0.));
#931 = ADVANCED_FACE('',(#932),#957,.T.);
#932 = FACE_BOUND('',#933,.T.);
#933 = EDGE_LOOP('',(#934,#942,#943,#951));
#934 = ORIENTED_EDGE('',*,*,#935,.F.);
#935 = EDGE_CURVE('',#905,#936,#938,.T.);
#936 = VERTEX_POINT('',#937);
#937 = CARTESIAN_POINT('',(245.99528346685,320.53509673935,-12.7));
#938 = LINE('',#939,#940);
#939 = CARTESIAN_POINT('',(245.14684199091,365.35306660705,-12.7));
#940 = VECTOR('',#941,1.);
#941 = DIRECTION('',(1.89274411266E-02,-0.999820859941,0.));
#942 = ORIENTED_EDGE('',*,*,#902,.F.);
#943 = ORIENTED_EDGE('',*,*,#944,.T.);
#944 = EDGE_CURVE('',#903,#945,#947,.T.);
#945 = VERTEX_POINT('',#946);
#946 = CARTESIAN_POINT('',(245.99528346685,320.53509673935,-21.97));
#947 = LINE('',#948,#949);
#948 = CARTESIAN_POINT('',(245.14684199091,365.35306660705,-21.97));
#949 = VECTOR('',#950,1.);
#950 = DIRECTION('',(1.89274411266E-02,-0.999820859941,0.));
#951 = ORIENTED_EDGE('',*,*,#952,.T.);
#952 = EDGE_CURVE('',#945,#936,#953,.T.);
#953 = LINE('',#954,#955);
#954 = CARTESIAN_POINT('',(245.99528346685,320.53509673935,-21.97));
#955 = VECTOR('',#956,1.);
#956 = DIRECTION('',(0.,0.,1.));
#957 = PLANE('',#958);
#958 = AXIS2_PLACEMENT_3D('',#959,#960,#961);
#959 = CARTESIAN_POINT('',(245.14684199091,365.35306660705,-21.97));
#960 = DIRECTION('',(-0.999820859941,-1.89274411266E-02,0.));
#961 = DIRECTION('',(0.,0.,1.));
#962 = ADVANCED_FACE('',(#963),#990,.F.);
#963 = FACE_BOUND('',#964,.T.);
#964 = EDGE_LOOP('',(#965,#974,#982,#989));
#965 = ORIENTED_EDGE('',*,*,#966,.T.);
#966 = EDGE_CURVE('',#945,#967,#969,.T.);
#967 = VERTEX_POINT('',#968);
#968 = CARTESIAN_POINT('',(242.88192775553,317.30158963176,-21.97));
#969 = CIRCLE('',#970,3.174);
#970 = AXIS2_PLACEMENT_3D('',#971,#972,#973);
#971 = CARTESIAN_POINT('',(242.8218520574,320.47502104121,-21.97));
#972 = DIRECTION('',(0.,0.,-1.));
#973 = DIRECTION('',(-1.89274411266E-02,0.999820859941,0.));
#974 = ORIENTED_EDGE('',*,*,#975,.T.);
#975 = EDGE_CURVE('',#967,#976,#978,.T.);
#976 = VERTEX_POINT('',#977);
#977 = CARTESIAN_POINT('',(242.88192775553,317.30158963176,-12.7));
#978 = LINE('',#979,#980);
#979 = CARTESIAN_POINT('',(242.88192775553,317.30158963176,-21.97));
#980 = VECTOR('',#981,1.);
#981 = DIRECTION('',(0.,0.,1.));
#982 = ORIENTED_EDGE('',*,*,#983,.F.);
#983 = EDGE_CURVE('',#936,#976,#984,.T.);
#984 = CIRCLE('',#985,3.174);
#985 = AXIS2_PLACEMENT_3D('',#986,#987,#988);
#986 = CARTESIAN_POINT('',(242.8218520574,320.47502104121,-12.7));
#987 = DIRECTION('',(0.,0.,-1.));
#988 = DIRECTION('',(-1.89274411266E-02,0.999820859941,0.));
#989 = ORIENTED_EDGE('',*,*,#952,.F.);
#990 = CYLINDRICAL_SURFACE('',#991,3.174);
#991 = AXIS2_PLACEMENT_3D('',#992,#993,#994);
#992 = CARTESIAN_POINT('',(242.8218520574,320.47502104121,-21.97));
#993 = DIRECTION('',(0.,0.,1.));
#994 = DIRECTION('',(0.999820859941,1.89274411266E-02,0.));
#995 = ADVANCED_FACE('',(#996),#1021,.F.);
#996 = FACE_BOUND('',#997,.F.);
#997 = EDGE_LOOP('',(#998,#1006,#1007,#1015));
#998 = ORIENTED_EDGE('',*,*,#999,.F.);
#999 = EDGE_CURVE('',#967,#1000,#1002,.T.);
#1000 = VERTEX_POINT('',#1001);
#1001 = CARTESIAN_POINT('',(226.2329107958,316.98640988212,-21.97));
#1002 = LINE('',#1003,#1004);
#1003 = CARTESIAN_POINT('',(246.05535916498,317.3616653299,-21.97));
#1004 = VECTOR('',#1005,1.);
#1005 = DIRECTION('',(-0.999820859941,-1.89274411266E-02,0.));
#1006 = ORIENTED_EDGE('',*,*,#975,.T.);
#1007 = ORIENTED_EDGE('',*,*,#1008,.T.);
#1008 = EDGE_CURVE('',#976,#1009,#1011,.T.);
#1009 = VERTEX_POINT('',#1010);
#1010 = CARTESIAN_POINT('',(226.2329107958,316.98640988212,-12.7));
#1011 = LINE('',#1012,#1013);
#1012 = CARTESIAN_POINT('',(246.05535916498,317.3616653299,-12.7));
#1013 = VECTOR('',#1014,1.);
#1014 = DIRECTION('',(-0.999820859941,-1.89274411266E-02,0.));
#1015 = ORIENTED_EDGE('',*,*,#1016,.F.);
#1016 = EDGE_CURVE('',#1000,#1009,#1017,.T.);
#1017 = LINE('',#1018,#1019);
#1018 = CARTESIAN_POINT('',(226.2329107958,316.98640988212,-21.97));
#1019 = VECTOR('',#1020,1.);
#1020 = DIRECTION('',(0.,0.,1.));
#1021 = PLANE('',#1022);
#1022 = AXIS2_PLACEMENT_3D('',#1023,#1024,#1025);
#1023 = CARTESIAN_POINT('',(246.05535916498,317.3616653299,-21.97));
#1024 = DIRECTION('',(1.89274411266E-02,-0.999820859941,0.));
#1025 = DIRECTION('',(0.,0.,1.));
#1026 = ADVANCED_FACE('',(#1027),#1054,.F.);
#1027 = FACE_BOUND('',#1028,.F.);
#1028 = EDGE_LOOP('',(#1029,#1038,#1039,#1048));
#1029 = ORIENTED_EDGE('',*,*,#1030,.T.);
#1030 = EDGE_CURVE('',#1031,#1000,#1033,.T.);
#1031 = VERTEX_POINT('',#1032);
#1032 = CARTESIAN_POINT('',(222.99940368821,320.09976559344,-21.97));
#1033 = CIRCLE('',#1034,3.174);
#1034 = AXIS2_PLACEMENT_3D('',#1035,#1036,#1037);
#1035 = CARTESIAN_POINT('',(226.17283509767,320.15984129157,-21.97));
#1036 = DIRECTION('',(0.,0.,1.));
#1037 = DIRECTION('',(-1.89274411266E-02,0.999820859941,0.));
#1038 = ORIENTED_EDGE('',*,*,#1016,.T.);
#1039 = ORIENTED_EDGE('',*,*,#1040,.F.);
#1040 = EDGE_CURVE('',#1041,#1009,#1043,.T.);
#1041 = VERTEX_POINT('',#1042);
#1042 = CARTESIAN_POINT('',(222.99940368821,320.09976559344,-12.7));
#1043 = CIRCLE('',#1044,3.174);
#1044 = AXIS2_PLACEMENT_3D('',#1045,#1046,#1047);
#1045 = CARTESIAN_POINT('',(226.17283509767,320.15984129157,-12.7));
#1046 = DIRECTION('',(0.,0.,1.));
#1047 = DIRECTION('',(-1.89274411266E-02,0.999820859941,0.));
#1048 = ORIENTED_EDGE('',*,*,#1049,.F.);
#1049 = EDGE_CURVE('',#1031,#1041,#1050,.T.);
#1050 = LINE('',#1051,#1052);
#1051 = CARTESIAN_POINT('',(222.99940368821,320.09976559344,-21.97));
#1052 = VECTOR('',#1053,1.);
#1053 = DIRECTION('',(0.,0.,1.));
#1054 = CYLINDRICAL_SURFACE('',#1055,3.174);
#1055 = AXIS2_PLACEMENT_3D('',#1056,#1057,#1058);
#1056 = CARTESIAN_POINT('',(226.17283509767,320.15984129157,-21.97));
#1057 = DIRECTION('',(0.,0.,1.));
#1058 = DIRECTION('',(-0.999820859941,-1.89274411266E-02,0.));
#1059 = ADVANCED_FACE('',(#1060),#1085,.F.);
#1060 = FACE_BOUND('',#1061,.F.);
#1061 = EDGE_LOOP('',(#1062,#1070,#1078,#1084));
#1062 = ORIENTED_EDGE('',*,*,#1063,.F.);
#1063 = EDGE_CURVE('',#1064,#1041,#1066,.T.);
#1064 = VERTEX_POINT('',#1065);
#1065 = CARTESIAN_POINT('',(222.21103791041,361.74430405168,-12.7));
#1066 = LINE('',#1067,#1068);
#1067 = CARTESIAN_POINT('',(222.15096221227,364.91773546113,-12.7));
#1068 = VECTOR('',#1069,1.);
#1069 = DIRECTION('',(1.89274411266E-02,-0.999820859941,0.));
#1070 = ORIENTED_EDGE('',*,*,#1071,.F.);
#1071 = EDGE_CURVE('',#1072,#1064,#1074,.T.);
#1072 = VERTEX_POINT('',#1073);
#1073 = CARTESIAN_POINT('',(222.21103791041,361.74430405168,-21.97));
#1074 = LINE('',#1075,#1076);
#1075 = CARTESIAN_POINT('',(222.21103791041,361.74430405168,-21.97));
#1076 = VECTOR('',#1077,1.);
#1077 = DIRECTION('',(0.,0.,1.));
#1078 = ORIENTED_EDGE('',*,*,#1079,.T.);
#1079 = EDGE_CURVE('',#1072,#1031,#1080,.T.);
#1080 = LINE('',#1081,#1082);
#1081 = CARTESIAN_POINT('',(222.15096221227,364.91773546113,-21.97));
#1082 = VECTOR('',#1083,1.);
#1083 = DIRECTION('',(1.89274411266E-02,-0.999820859941,0.));
#1084 = ORIENTED_EDGE('',*,*,#1049,.T.);
#1085 = PLANE('',#1086);
#1086 = AXIS2_PLACEMENT_3D('',#1087,#1088,#1089);
#1087 = CARTESIAN_POINT('',(222.15096221227,364.91773546113,-21.97));
#1088 = DIRECTION('',(-0.999820859941,-1.89274411266E-02,0.));
#1089 = DIRECTION('',(0.,0.,1.));
#1090 = ADVANCED_FACE('',(#1091),#1118,.F.);
#1091 = FACE_BOUND('',#1092,.F.);
#1092 = EDGE_LOOP('',(#1093,#1102,#1103,#1112));
#1093 = ORIENTED_EDGE('',*,*,#1094,.T.);
#1094 = EDGE_CURVE('',#1095,#1072,#1097,.T.);
#1095 = VERTEX_POINT('',#1096);
#1096 = CARTESIAN_POINT('',(225.32439362172,364.97781115927,-21.97));
#1097 = CIRCLE('',#1098,3.174);
#1098 = AXIS2_PLACEMENT_3D('',#1099,#1100,#1101);
#1099 = CARTESIAN_POINT('',(225.38446931986,361.80437974982,-21.97));
#1100 = DIRECTION('',(0.,0.,1.));
#1101 = DIRECTION('',(-1.89274411266E-02,0.999820859941,0.));
#1102 = ORIENTED_EDGE('',*,*,#1071,.T.);
#1103 = ORIENTED_EDGE('',*,*,#1104,.F.);
#1104 = EDGE_CURVE('',#1105,#1064,#1107,.T.);
#1105 = VERTEX_POINT('',#1106);
#1106 = CARTESIAN_POINT('',(225.32439362172,364.97781115927,-12.7));
#1107 = CIRCLE('',#1108,3.174);
#1108 = AXIS2_PLACEMENT_3D('',#1109,#1110,#1111);
#1109 = CARTESIAN_POINT('',(225.38446931986,361.80437974982,-12.7));
#1110 = DIRECTION('',(0.,0.,1.));
#1111 = DIRECTION('',(-1.89274411266E-02,0.999820859941,0.));
#1112 = ORIENTED_EDGE('',*,*,#1113,.F.);
#1113 = EDGE_CURVE('',#1095,#1105,#1114,.T.);
#1114 = LINE('',#1115,#1116);
#1115 = CARTESIAN_POINT('',(225.32439362172,364.97781115927,-21.97));
#1116 = VECTOR('',#1117,1.);
#1117 = DIRECTION('',(0.,0.,1.));
#1118 = CYLINDRICAL_SURFACE('',#1119,3.174);
#1119 = AXIS2_PLACEMENT_3D('',#1120,#1121,#1122);
#1120 = CARTESIAN_POINT('',(225.38446931986,361.80437974982,-21.97));
#1121 = DIRECTION('',(0.,0.,1.));
#1122 = DIRECTION('',(-1.89274411266E-02,0.999820859941,0.));
#1123 = ADVANCED_FACE('',(#1124),#1140,.T.);
#1124 = FACE_BOUND('',#1125,.T.);
#1125 = EDGE_LOOP('',(#1126,#1132,#1133,#1139));
#1126 = ORIENTED_EDGE('',*,*,#1127,.F.);
#1127 = EDGE_CURVE('',#143,#1095,#1128,.T.);
#1128 = LINE('',#1129,#1130);
#1129 = CARTESIAN_POINT('',(245.14684199091,365.35306660705,-21.97));
#1130 = VECTOR('',#1131,1.);
#1131 = DIRECTION('',(-0.999820859941,-1.89274411266E-02,0.));
#1132 = ORIENTED_EDGE('',*,*,#142,.F.);
#1133 = ORIENTED_EDGE('',*,*,#1134,.T.);
#1134 = EDGE_CURVE('',#135,#1105,#1135,.T.);
#1135 = LINE('',#1136,#1137);
#1136 = CARTESIAN_POINT('',(245.14684199091,365.35306660705,-12.7));
#1137 = VECTOR('',#1138,1.);
#1138 = DIRECTION('',(-0.999820859941,-1.89274411266E-02,0.));
#1139 = ORIENTED_EDGE('',*,*,#1113,.F.);
#1140 = PLANE('',#1141);
#1141 = AXIS2_PLACEMENT_3D('',#1142,#1143,#1144);
#1142 = CARTESIAN_POINT('',(245.14684199091,365.35306660705,-21.97));
#1143 = DIRECTION('',(1.89274411266E-02,-0.999820859941,0.));
#1144 = DIRECTION('',(0.,0.,1.));
#1145 = ADVANCED_FACE('',(#1146),#1162,.F.);
#1146 = FACE_BOUND('',#1147,.F.);
#1147 = EDGE_LOOP('',(#1148,#1154,#1155,#1161));
#1148 = ORIENTED_EDGE('',*,*,#1149,.F.);
#1149 = EDGE_CURVE('',#127,#829,#1150,.T.);
#1150 = LINE('',#1151,#1152);
#1151 = CARTESIAN_POINT('',(162.0417749797,368.84663931166,
    -19.09033817672));
#1152 = VECTOR('',#1153,1.);
#1153 = DIRECTION('',(-0.707106781187,-0.707106781187,0.));
#1154 = ORIENTED_EDGE('',*,*,#124,.F.);
#1155 = ORIENTED_EDGE('',*,*,#1156,.F.);
#1156 = EDGE_CURVE('',#838,#125,#1157,.T.);
#1157 = LINE('',#1158,#1159);
#1158 = CARTESIAN_POINT('',(27.73217140686,234.53703573882,-12.7));
#1159 = VECTOR('',#1160,1.);
#1160 = DIRECTION('',(0.707106781187,0.707106781187,0.));
#1161 = ORIENTED_EDGE('',*,*,#837,.F.);
#1162 = PLANE('',#1163);
#1163 = AXIS2_PLACEMENT_3D('',#1164,#1165,#1166);
#1164 = CARTESIAN_POINT('',(162.0417749797,368.84663931166,
    -19.09033817672));
#1165 = DIRECTION('',(0.707106781187,-0.707106781187,0.));
#1166 = DIRECTION('',(0.,0.,1.));
#1167 = ADVANCED_FACE('',(#1168),#1174,.T.);
#1168 = FACE_BOUND('',#1169,.T.);
#1169 = EDGE_LOOP('',(#1170,#1171,#1172,#1173));
#1170 = ORIENTED_EDGE('',*,*,#253,.F.);
#1171 = ORIENTED_EDGE('',*,*,#813,.T.);
#1172 = ORIENTED_EDGE('',*,*,#828,.T.);
#1173 = ORIENTED_EDGE('',*,*,#1149,.F.);
#1174 = PLANE('',#1175);
#1175 = AXIS2_PLACEMENT_3D('',#1176,#1177,#1178);
#1176 = CARTESIAN_POINT('',(147.91519558916,382.97321870219,
    -19.09033817672));
#1177 = DIRECTION('',(0.,0.,1.));
#1178 = DIRECTION('',(-0.707106781187,-0.707106781187,0.));
#1179 = ADVANCED_FACE('',(#1180),#1196,.F.);
#1180 = FACE_BOUND('',#1181,.F.);
#1181 = EDGE_LOOP('',(#1182,#1188,#1189,#1195));
#1182 = ORIENTED_EDGE('',*,*,#1183,.F.);
#1183 = EDGE_CURVE('',#222,#641,#1184,.T.);
#1184 = LINE('',#1185,#1186);
#1185 = CARTESIAN_POINT('',(29.153360688339,370.0417749797,
    -19.09033817672));
#1186 = VECTOR('',#1187,1.);
#1187 = DIRECTION('',(0.707106781187,-0.707106781187,0.));
#1188 = ORIENTED_EDGE('',*,*,#229,.F.);
#1189 = ORIENTED_EDGE('',*,*,#1190,.F.);
#1190 = EDGE_CURVE('',#650,#230,#1191,.T.);
#1191 = LINE('',#1192,#1193);
#1192 = CARTESIAN_POINT('',(117.55046426117,281.64467140686,-12.7));
#1193 = VECTOR('',#1194,1.);
#1194 = DIRECTION('',(-0.707106781187,0.707106781187,0.));
#1195 = ORIENTED_EDGE('',*,*,#649,.F.);
#1196 = PLANE('',#1197);
#1197 = AXIS2_PLACEMENT_3D('',#1198,#1199,#1200);
#1198 = CARTESIAN_POINT('',(29.153360688339,370.0417749797,
    -19.09033817672));
#1199 = DIRECTION('',(0.707106781187,0.707106781187,0.));
#1200 = DIRECTION('',(0.,0.,1.));
#1201 = ADVANCED_FACE('',(#1202),#1212,.T.);
#1202 = FACE_BOUND('',#1203,.T.);
#1203 = EDGE_LOOP('',(#1204,#1205,#1206,#1207,#1208,#1209,#1210,#1211));
#1204 = ORIENTED_EDGE('',*,*,#584,.T.);
#1205 = ORIENTED_EDGE('',*,*,#640,.T.);
#1206 = ORIENTED_EDGE('',*,*,#1183,.F.);
#1207 = ORIENTED_EDGE('',*,*,#221,.F.);
#1208 = ORIENTED_EDGE('',*,*,#455,.F.);
#1209 = ORIENTED_EDGE('',*,*,#471,.T.);
#1210 = ORIENTED_EDGE('',*,*,#513,.T.);
#1211 = ORIENTED_EDGE('',*,*,#535,.T.);
#1212 = PLANE('',#1213);
#1213 = AXIS2_PLACEMENT_3D('',#1214,#1215,#1216);
#1214 = CARTESIAN_POINT('',(15.026781297806,355.91519558916,
    -19.09033817672));
#1215 = DIRECTION('',(0.,0.,1.));
#1216 = DIRECTION('',(0.707106781187,-0.707106781187,0.));
#1217 = ADVANCED_FACE('',(#1218),#1223,.T.);
#1218 = FACE_BOUND('',#1219,.T.);
#1219 = EDGE_LOOP('',(#1220,#1221,#1222));
#1220 = ORIENTED_EDGE('',*,*,#182,.F.);
#1221 = ORIENTED_EDGE('',*,*,#870,.T.);
#1222 = ORIENTED_EDGE('',*,*,#283,.F.);
#1223 = PLANE('',#1224);
#1224 = AXIS2_PLACEMENT_3D('',#1225,#1226,#1227);
#1225 = CARTESIAN_POINT('',(607.27526950395,393.18543569351,
    -19.09033817672));
#1226 = DIRECTION('',(0.,0.,1.));
#1227 = DIRECTION('',(-0.693596388065,-0.720363832007,0.));
#1228 = ADVANCED_FACE('',(#1229,#1240,#1251),#1262,.T.);
#1229 = FACE_BOUND('',#1230,.T.);
#1230 = EDGE_LOOP('',(#1231,#1232,#1233,#1234,#1235,#1236,#1237,#1238,
    #1239));
#1231 = ORIENTED_EDGE('',*,*,#1079,.T.);
#1232 = ORIENTED_EDGE('',*,*,#1030,.T.);
#1233 = ORIENTED_EDGE('',*,*,#999,.F.);
#1234 = ORIENTED_EDGE('',*,*,#966,.F.);
#1235 = ORIENTED_EDGE('',*,*,#944,.F.);
#1236 = ORIENTED_EDGE('',*,*,#912,.T.);
#1237 = ORIENTED_EDGE('',*,*,#150,.F.);
#1238 = ORIENTED_EDGE('',*,*,#1127,.T.);
#1239 = ORIENTED_EDGE('',*,*,#1094,.T.);
#1240 = FACE_BOUND('',#1241,.T.);
#1241 = EDGE_LOOP('',(#1242));
#1242 = ORIENTED_EDGE('',*,*,#1243,.T.);
#1243 = EDGE_CURVE('',#1244,#1244,#1246,.T.);
#1244 = VERTEX_POINT('',#1245);
#1245 = CARTESIAN_POINT('',(235.59345826384,353.67015262109,-21.97));
#1246 = CIRCLE('',#1247,1.7272);
#1247 = AXIS2_PLACEMENT_3D('',#1248,#1249,#1250);
#1248 = CARTESIAN_POINT('',(233.86656767455,353.63746114477,-21.97));
#1249 = DIRECTION('',(0.,0.,-1.));
#1250 = DIRECTION('',(0.999820859941,1.89274411266E-02,0.));
#1251 = FACE_BOUND('',#1252,.T.);
#1252 = EDGE_LOOP('',(#1253));
#1253 = ORIENTED_EDGE('',*,*,#1254,.T.);
#1254 = EDGE_CURVE('',#1255,#1255,#1257,.T.);
#1255 = VERTEX_POINT('',#1256);
#1256 = CARTESIAN_POINT('',(236.066644292,328.67463112257,-21.97));
#1257 = CIRCLE('',#1258,1.7272);
#1258 = AXIS2_PLACEMENT_3D('',#1259,#1260,#1261);
#1259 = CARTESIAN_POINT('',(234.33975370271,328.64193964626,-21.97));
#1260 = DIRECTION('',(0.,0.,-1.));
#1261 = DIRECTION('',(0.999820859941,1.89274411266E-02,0.));
#1262 = PLANE('',#1263);
#1263 = AXIS2_PLACEMENT_3D('',#1264,#1265,#1266);
#1264 = CARTESIAN_POINT('',(245.14684199091,365.35306660705,-21.97));
#1265 = DIRECTION('',(0.,0.,1.));
#1266 = DIRECTION('',(-0.999820859941,-1.89274411266E-02,0.));
#1267 = ADVANCED_FACE('',(#1268),#1287,.F.);
#1268 = FACE_BOUND('',#1269,.F.);
#1269 = EDGE_LOOP('',(#1270,#1271,#1279,#1286));
#1270 = ORIENTED_EDGE('',*,*,#1254,.T.);
#1271 = ORIENTED_EDGE('',*,*,#1272,.T.);
#1272 = EDGE_CURVE('',#1255,#1273,#1275,.T.);
#1273 = VERTEX_POINT('',#1274);
#1274 = CARTESIAN_POINT('',(236.066644292,328.67463112257,-38.1));
#1275 = LINE('',#1276,#1277);
#1276 = CARTESIAN_POINT('',(236.066644292,328.67463112257,-13.97));
#1277 = VECTOR('',#1278,1.);
#1278 = DIRECTION('',(0.,-0.,-1.));
#1279 = ORIENTED_EDGE('',*,*,#1280,.F.);
#1280 = EDGE_CURVE('',#1273,#1273,#1281,.T.);
#1281 = CIRCLE('',#1282,1.7272);
#1282 = AXIS2_PLACEMENT_3D('',#1283,#1284,#1285);
#1283 = CARTESIAN_POINT('',(234.33975370271,328.64193964626,-38.1));
#1284 = DIRECTION('',(0.,0.,-1.));
#1285 = DIRECTION('',(0.999820859941,1.89274411266E-02,0.));
#1286 = ORIENTED_EDGE('',*,*,#1272,.F.);
#1287 = CYLINDRICAL_SURFACE('',#1288,1.7272);
#1288 = AXIS2_PLACEMENT_3D('',#1289,#1290,#1291);
#1289 = CARTESIAN_POINT('',(234.33975370271,328.64193964626,-13.97));
#1290 = DIRECTION('',(0.,-0.,-1.));
#1291 = DIRECTION('',(0.999820859941,1.89274411266E-02,0.));
#1292 = ADVANCED_FACE('',(#1293),#1312,.F.);
#1293 = FACE_BOUND('',#1294,.F.);
#1294 = EDGE_LOOP('',(#1295,#1296,#1304,#1311));
#1295 = ORIENTED_EDGE('',*,*,#1243,.T.);
#1296 = ORIENTED_EDGE('',*,*,#1297,.T.);
#1297 = EDGE_CURVE('',#1244,#1298,#1300,.T.);
#1298 = VERTEX_POINT('',#1299);
#1299 = CARTESIAN_POINT('',(235.59345826384,353.67015262109,-38.1));
#1300 = LINE('',#1301,#1302);
#1301 = CARTESIAN_POINT('',(235.59345826384,353.67015262109,-13.97));
#1302 = VECTOR('',#1303,1.);
#1303 = DIRECTION('',(0.,-0.,-1.));
#1304 = ORIENTED_EDGE('',*,*,#1305,.F.);
#1305 = EDGE_CURVE('',#1298,#1298,#1306,.T.);
#1306 = CIRCLE('',#1307,1.7272);
#1307 = AXIS2_PLACEMENT_3D('',#1308,#1309,#1310);
#1308 = CARTESIAN_POINT('',(233.86656767455,353.63746114477,-38.1));
#1309 = DIRECTION('',(0.,0.,-1.));
#1310 = DIRECTION('',(0.999820859941,1.89274411266E-02,0.));
#1311 = ORIENTED_EDGE('',*,*,#1297,.F.);
#1312 = CYLINDRICAL_SURFACE('',#1313,1.7272);
#1313 = AXIS2_PLACEMENT_3D('',#1314,#1315,#1316);
#1314 = CARTESIAN_POINT('',(233.86656767455,353.63746114477,-13.97));
#1315 = DIRECTION('',(0.,-0.,-1.));
#1316 = DIRECTION('',(0.999820859941,1.89274411266E-02,0.));
#1317 = ADVANCED_FACE('',(#1318),#1329,.F.);
#1318 = FACE_BOUND('',#1319,.F.);
#1319 = EDGE_LOOP('',(#1320,#1321,#1322,#1323));
#1320 = ORIENTED_EDGE('',*,*,#607,.F.);
#1321 = ORIENTED_EDGE('',*,*,#357,.F.);
#1322 = ORIENTED_EDGE('',*,*,#416,.T.);
#1323 = ORIENTED_EDGE('',*,*,#1324,.F.);
#1324 = EDGE_CURVE('',#608,#417,#1325,.T.);
#1325 = LINE('',#1326,#1327);
#1326 = CARTESIAN_POINT('',(435.54201282777,135.03303214323,-12.7));
#1327 = VECTOR('',#1328,1.);
#1328 = DIRECTION('',(0.720363832007,-0.693596388065,0.));
#1329 = PLANE('',#1330);
#1330 = AXIS2_PLACEMENT_3D('',#1331,#1332,#1333);
#1331 = CARTESIAN_POINT('',(587.68042596951,-11.4521870647,
    -19.09033817672));
#1332 = DIRECTION('',(-0.693596388065,-0.720363832007,0.));
#1333 = DIRECTION('',(0.,0.,1.));
#1334 = ADVANCED_FACE('',(#1335,#1377,#1665,#1735,#1940,#2170,#2332,
    #2461,#2590,#2719,#2789,#2859,#2929,#2999,#3069,#3139,#3209,#3279,
    #3349,#3419,#3489,#3577,#3665,#3753,#3841,#3929,#4017,#4105,#4193,
    #4281,#4369,#4457,#4527,#4597,#4667,#4737,#4807,#4818,#4829,#4840,
    #4851,#4862,#4873,#4884,#4895,#4906,#4917,#4928,#4939,#4950,#4961,
    #4972,#4983,#4994,#5005,#5016,#5027,#5038,#5049,#5060,#5071,#5082,
    #5093,#5104,#5115,#5126,#5137,#5148,#5159,#5170,#5181,#5192,#5203,
    #5214,#5225,#5236,#5247,#5258,#5269,#5280,#5291,#5302,#5313,#5324,
    #5335,#5346,#5357,#5368,#5379,#5390,#5401),#5412,.T.);
#1335 = FACE_BOUND('',#1336,.T.);
#1336 = EDGE_LOOP('',(#1337,#1338,#1339,#1340,#1341,#1342,#1343,#1344,
    #1345,#1346,#1347,#1348,#1349,#1350,#1351,#1352,#1353,#1354,#1355,
    #1356,#1357,#1358,#1359,#1360,#1361,#1362,#1363,#1364,#1365,#1366,
    #1367,#1368,#1369,#1370,#1371,#1372,#1373,#1374,#1375,#1376));
#1337 = ORIENTED_EDGE('',*,*,#205,.F.);
#1338 = ORIENTED_EDGE('',*,*,#47,.F.);
#1339 = ORIENTED_EDGE('',*,*,#78,.T.);
#1340 = ORIENTED_EDGE('',*,*,#424,.F.);
#1341 = ORIENTED_EDGE('',*,*,#1324,.F.);
#1342 = ORIENTED_EDGE('',*,*,#615,.F.);
#1343 = ORIENTED_EDGE('',*,*,#624,.F.);
#1344 = ORIENTED_EDGE('',*,*,#682,.F.);
#1345 = ORIENTED_EDGE('',*,*,#715,.F.);
#1346 = ORIENTED_EDGE('',*,*,#740,.T.);
#1347 = ORIENTED_EDGE('',*,*,#764,.F.);
#1348 = ORIENTED_EDGE('',*,*,#780,.T.);
#1349 = ORIENTED_EDGE('',*,*,#323,.F.);
#1350 = ORIENTED_EDGE('',*,*,#110,.T.);
#1351 = ORIENTED_EDGE('',*,*,#267,.T.);
#1352 = ORIENTED_EDGE('',*,*,#878,.F.);
#1353 = ORIENTED_EDGE('',*,*,#887,.F.);
#1354 = ORIENTED_EDGE('',*,*,#166,.F.);
#1355 = ORIENTED_EDGE('',*,*,#920,.F.);
#1356 = ORIENTED_EDGE('',*,*,#935,.T.);
#1357 = ORIENTED_EDGE('',*,*,#983,.T.);
#1358 = ORIENTED_EDGE('',*,*,#1008,.T.);
#1359 = ORIENTED_EDGE('',*,*,#1040,.F.);
#1360 = ORIENTED_EDGE('',*,*,#1063,.F.);
#1361 = ORIENTED_EDGE('',*,*,#1104,.F.);
#1362 = ORIENTED_EDGE('',*,*,#1134,.F.);
#1363 = ORIENTED_EDGE('',*,*,#134,.F.);
#1364 = ORIENTED_EDGE('',*,*,#1156,.F.);
#1365 = ORIENTED_EDGE('',*,*,#845,.F.);
#1366 = ORIENTED_EDGE('',*,*,#854,.F.);
#1367 = ORIENTED_EDGE('',*,*,#806,.F.);
#1368 = ORIENTED_EDGE('',*,*,#237,.F.);
#1369 = ORIENTED_EDGE('',*,*,#1190,.F.);
#1370 = ORIENTED_EDGE('',*,*,#657,.F.);
#1371 = ORIENTED_EDGE('',*,*,#666,.F.);
#1372 = ORIENTED_EDGE('',*,*,#577,.F.);
#1373 = ORIENTED_EDGE('',*,*,#552,.F.);
#1374 = ORIENTED_EDGE('',*,*,#520,.T.);
#1375 = ORIENTED_EDGE('',*,*,#488,.F.);
#1376 = ORIENTED_EDGE('',*,*,#439,.T.);
#1377 = FACE_BOUND('',#1378,.T.);
#1378 = EDGE_LOOP('',(#1379,#1389,#1398,#1406,#1414,#1423,#1431,#1440,
    #1448,#1457,#1465,#1474,#1482,#1491,#1499,#1508,#1516,#1524,#1532,
    #1541,#1549,#1558,#1566,#1575,#1583,#1592,#1600,#1608,#1616,#1625,
    #1633,#1642,#1650,#1658));
#1379 = ORIENTED_EDGE('',*,*,#1380,.F.);
#1380 = EDGE_CURVE('',#1381,#1383,#1385,.T.);
#1381 = VERTEX_POINT('',#1382);
#1382 = CARTESIAN_POINT('',(139.326,301.75,-12.7));
#1383 = VERTEX_POINT('',#1384);
#1384 = CARTESIAN_POINT('',(120.674,301.75,-12.7));
#1385 = LINE('',#1386,#1387);
#1386 = CARTESIAN_POINT('',(142.5,301.75,-12.7));
#1387 = VECTOR('',#1388,1.);
#1388 = DIRECTION('',(-1.,0.,0.));
#1389 = ORIENTED_EDGE('',*,*,#1390,.F.);
#1390 = EDGE_CURVE('',#1391,#1381,#1393,.T.);
#1391 = VERTEX_POINT('',#1392);
#1392 = CARTESIAN_POINT('',(142.5,298.576,-12.7));
#1393 = CIRCLE('',#1394,3.174);
#1394 = AXIS2_PLACEMENT_3D('',#1395,#1396,#1397);
#1395 = CARTESIAN_POINT('',(139.326,298.576,-12.7));
#1396 = DIRECTION('',(0.,0.,1.));
#1397 = DIRECTION('',(1.,0.,0.));
#1398 = ORIENTED_EDGE('',*,*,#1399,.F.);
#1399 = EDGE_CURVE('',#1400,#1391,#1402,.T.);
#1400 = VERTEX_POINT('',#1401);
#1401 = CARTESIAN_POINT('',(142.5,261.5,-12.7));
#1402 = LINE('',#1403,#1404);
#1403 = CARTESIAN_POINT('',(142.5,188.25,-12.7));
#1404 = VECTOR('',#1405,1.);
#1405 = DIRECTION('',(0.,1.,0.));
#1406 = ORIENTED_EDGE('',*,*,#1407,.F.);
#1407 = EDGE_CURVE('',#1408,#1400,#1410,.T.);
#1408 = VERTEX_POINT('',#1409);
#1409 = CARTESIAN_POINT('',(155.826,261.5,-12.7));
#1410 = LINE('',#1411,#1412);
#1411 = CARTESIAN_POINT('',(159.,261.5,-12.7));
#1412 = VECTOR('',#1413,1.);
#1413 = DIRECTION('',(-1.,0.,0.));
#1414 = ORIENTED_EDGE('',*,*,#1415,.F.);
#1415 = EDGE_CURVE('',#1416,#1408,#1418,.T.);
#1416 = VERTEX_POINT('',#1417);
#1417 = CARTESIAN_POINT('',(158.65,259.77489613154,-12.7));
#1418 = CIRCLE('',#1419,3.174);
#1419 = AXIS2_PLACEMENT_3D('',#1420,#1421,#1422);
#1420 = CARTESIAN_POINT('',(155.826,258.326,-12.7));
#1421 = DIRECTION('',(0.,0.,1.));
#1422 = DIRECTION('',(1.,0.,0.));
#1423 = ORIENTED_EDGE('',*,*,#1424,.F.);
#1424 = EDGE_CURVE('',#1425,#1416,#1427,.T.);
#1425 = VERTEX_POINT('',#1426);
#1426 = CARTESIAN_POINT('',(158.65,260.526,-12.7));
#1427 = LINE('',#1428,#1429);
#1428 = CARTESIAN_POINT('',(158.65,127.0875,-12.7));
#1429 = VECTOR('',#1430,1.);
#1430 = DIRECTION('',(0.,-1.,0.));
#1431 = ORIENTED_EDGE('',*,*,#1432,.F.);
#1432 = EDGE_CURVE('',#1433,#1425,#1435,.T.);
#1433 = VERTEX_POINT('',#1434);
#1434 = CARTESIAN_POINT('',(161.824,263.7,-12.7));
#1435 = CIRCLE('',#1436,3.174);
#1436 = AXIS2_PLACEMENT_3D('',#1437,#1438,#1439);
#1437 = CARTESIAN_POINT('',(161.824,260.526,-12.7));
#1438 = DIRECTION('',(0.,-0.,1.));
#1439 = DIRECTION('',(0.,1.,0.));
#1440 = ORIENTED_EDGE('',*,*,#1441,.T.);
#1441 = EDGE_CURVE('',#1433,#1442,#1444,.T.);
#1442 = VERTEX_POINT('',#1443);
#1443 = CARTESIAN_POINT('',(217.476,263.7,-12.7));
#1444 = LINE('',#1445,#1446);
#1445 = CARTESIAN_POINT('',(111.9125,263.7,-12.7));
#1446 = VECTOR('',#1447,1.);
#1447 = DIRECTION('',(1.,0.,0.));
#1448 = ORIENTED_EDGE('',*,*,#1449,.F.);
#1449 = EDGE_CURVE('',#1450,#1442,#1452,.T.);
#1450 = VERTEX_POINT('',#1451);
#1451 = CARTESIAN_POINT('',(220.65,260.526,-12.7));
#1452 = CIRCLE('',#1453,3.174);
#1453 = AXIS2_PLACEMENT_3D('',#1454,#1455,#1456);
#1454 = CARTESIAN_POINT('',(217.476,260.526,-12.7));
#1455 = DIRECTION('',(0.,0.,1.));
#1456 = DIRECTION('',(1.,0.,0.));
#1457 = ORIENTED_EDGE('',*,*,#1458,.T.);
#1458 = EDGE_CURVE('',#1450,#1459,#1461,.T.);
#1459 = VERTEX_POINT('',#1460);
#1460 = CARTESIAN_POINT('',(220.65,220.874,-12.7));
#1461 = LINE('',#1462,#1463);
#1462 = CARTESIAN_POINT('',(220.65,127.0875,-12.7));
#1463 = VECTOR('',#1464,1.);
#1464 = DIRECTION('',(0.,-1.,0.));
#1465 = ORIENTED_EDGE('',*,*,#1466,.F.);
#1466 = EDGE_CURVE('',#1467,#1459,#1469,.T.);
#1467 = VERTEX_POINT('',#1468);
#1468 = CARTESIAN_POINT('',(217.476,217.7,-12.7));
#1469 = CIRCLE('',#1470,3.174);
#1470 = AXIS2_PLACEMENT_3D('',#1471,#1472,#1473);
#1471 = CARTESIAN_POINT('',(217.476,220.874,-12.7));
#1472 = DIRECTION('',(0.,0.,1.));
#1473 = DIRECTION('',(1.,0.,0.));
#1474 = ORIENTED_EDGE('',*,*,#1475,.F.);
#1475 = EDGE_CURVE('',#1476,#1467,#1478,.T.);
#1476 = VERTEX_POINT('',#1477);
#1477 = CARTESIAN_POINT('',(161.824,217.7,-12.7));
#1478 = LINE('',#1479,#1480);
#1479 = CARTESIAN_POINT('',(111.9125,217.7,-12.7));
#1480 = VECTOR('',#1481,1.);
#1481 = DIRECTION('',(1.,0.,0.));
#1482 = ORIENTED_EDGE('',*,*,#1483,.F.);
#1483 = EDGE_CURVE('',#1484,#1476,#1486,.T.);
#1484 = VERTEX_POINT('',#1485);
#1485 = CARTESIAN_POINT('',(158.65,220.874,-12.7));
#1486 = CIRCLE('',#1487,3.174);
#1487 = AXIS2_PLACEMENT_3D('',#1488,#1489,#1490);
#1488 = CARTESIAN_POINT('',(161.824,220.874,-12.7));
#1489 = DIRECTION('',(0.,0.,1.));
#1490 = DIRECTION('',(-1.,0.,0.));
#1491 = ORIENTED_EDGE('',*,*,#1492,.F.);
#1492 = EDGE_CURVE('',#1493,#1484,#1495,.T.);
#1493 = VERTEX_POINT('',#1494);
#1494 = CARTESIAN_POINT('',(158.65,230.22510386845,-12.7));
#1495 = LINE('',#1496,#1497);
#1496 = CARTESIAN_POINT('',(158.65,127.0875,-12.7));
#1497 = VECTOR('',#1498,1.);
#1498 = DIRECTION('',(0.,-1.,0.));
#1499 = ORIENTED_EDGE('',*,*,#1500,.F.);
#1500 = EDGE_CURVE('',#1501,#1493,#1503,.T.);
#1501 = VERTEX_POINT('',#1502);
#1502 = CARTESIAN_POINT('',(155.826,228.5,-12.7));
#1503 = CIRCLE('',#1504,3.174);
#1504 = AXIS2_PLACEMENT_3D('',#1505,#1506,#1507);
#1505 = CARTESIAN_POINT('',(155.826,231.674,-12.7));
#1506 = DIRECTION('',(0.,0.,1.));
#1507 = DIRECTION('',(1.,0.,0.));
#1508 = ORIENTED_EDGE('',*,*,#1509,.T.);
#1509 = EDGE_CURVE('',#1501,#1510,#1512,.T.);
#1510 = VERTEX_POINT('',#1511);
#1511 = CARTESIAN_POINT('',(142.5,228.5,-12.7));
#1512 = LINE('',#1513,#1514);
#1513 = CARTESIAN_POINT('',(159.,228.5,-12.7));
#1514 = VECTOR('',#1515,1.);
#1515 = DIRECTION('',(-1.,0.,0.));
#1516 = ORIENTED_EDGE('',*,*,#1517,.F.);
#1517 = EDGE_CURVE('',#1518,#1510,#1520,.T.);
#1518 = VERTEX_POINT('',#1519);
#1519 = CARTESIAN_POINT('',(142.5,193.397,-12.7));
#1520 = LINE('',#1521,#1522);
#1521 = CARTESIAN_POINT('',(142.5,188.25,-12.7));
#1522 = VECTOR('',#1523,1.);
#1523 = DIRECTION('',(0.,1.,0.));
#1524 = ORIENTED_EDGE('',*,*,#1525,.F.);
#1525 = EDGE_CURVE('',#1526,#1518,#1528,.T.);
#1526 = VERTEX_POINT('',#1527);
#1527 = CARTESIAN_POINT('',(150.826,193.397,-12.7));
#1528 = LINE('',#1529,#1530);
#1529 = CARTESIAN_POINT('',(154.,193.397,-12.7));
#1530 = VECTOR('',#1531,1.);
#1531 = DIRECTION('',(-1.,0.,0.));
#1532 = ORIENTED_EDGE('',*,*,#1533,.F.);
#1533 = EDGE_CURVE('',#1534,#1526,#1536,.T.);
#1534 = VERTEX_POINT('',#1535);
#1535 = CARTESIAN_POINT('',(154.,190.223,-12.7));
#1536 = CIRCLE('',#1537,3.174);
#1537 = AXIS2_PLACEMENT_3D('',#1538,#1539,#1540);
#1538 = CARTESIAN_POINT('',(150.826,190.223,-12.7));
#1539 = DIRECTION('',(0.,0.,1.));
#1540 = DIRECTION('',(1.,0.,0.));
#1541 = ORIENTED_EDGE('',*,*,#1542,.F.);
#1542 = EDGE_CURVE('',#1543,#1534,#1545,.T.);
#1543 = VERTEX_POINT('',#1544);
#1544 = CARTESIAN_POINT('',(154.,173.571,-12.7));
#1545 = LINE('',#1546,#1547);
#1546 = CARTESIAN_POINT('',(154.,170.397,-12.7));
#1547 = VECTOR('',#1548,1.);
#1548 = DIRECTION('',(0.,1.,0.));
#1549 = ORIENTED_EDGE('',*,*,#1550,.F.);
#1550 = EDGE_CURVE('',#1551,#1543,#1553,.T.);
#1551 = VERTEX_POINT('',#1552);
#1552 = CARTESIAN_POINT('',(150.826,170.397,-12.7));
#1553 = CIRCLE('',#1554,3.174);
#1554 = AXIS2_PLACEMENT_3D('',#1555,#1556,#1557);
#1555 = CARTESIAN_POINT('',(150.826,173.571,-12.7));
#1556 = DIRECTION('',(0.,0.,1.));
#1557 = DIRECTION('',(1.,0.,0.));
#1558 = ORIENTED_EDGE('',*,*,#1559,.T.);
#1559 = EDGE_CURVE('',#1551,#1560,#1562,.T.);
#1560 = VERTEX_POINT('',#1561);
#1561 = CARTESIAN_POINT('',(109.174,170.397,-12.7));
#1562 = LINE('',#1563,#1564);
#1563 = CARTESIAN_POINT('',(154.,170.397,-12.7));
#1564 = VECTOR('',#1565,1.);
#1565 = DIRECTION('',(-1.,0.,0.));
#1566 = ORIENTED_EDGE('',*,*,#1567,.T.);
#1567 = EDGE_CURVE('',#1560,#1568,#1570,.T.);
#1568 = VERTEX_POINT('',#1569);
#1569 = CARTESIAN_POINT('',(106.,173.571,-12.7));
#1570 = CIRCLE('',#1571,3.174);
#1571 = AXIS2_PLACEMENT_3D('',#1572,#1573,#1574);
#1572 = CARTESIAN_POINT('',(109.174,173.571,-12.7));
#1573 = DIRECTION('',(0.,0.,-1.));
#1574 = DIRECTION('',(1.,0.,0.));
#1575 = ORIENTED_EDGE('',*,*,#1576,.T.);
#1576 = EDGE_CURVE('',#1568,#1577,#1579,.T.);
#1577 = VERTEX_POINT('',#1578);
#1578 = CARTESIAN_POINT('',(106.,190.223,-12.7));
#1579 = LINE('',#1580,#1581);
#1580 = CARTESIAN_POINT('',(106.,170.397,-12.7));
#1581 = VECTOR('',#1582,1.);
#1582 = DIRECTION('',(0.,1.,0.));
#1583 = ORIENTED_EDGE('',*,*,#1584,.F.);
#1584 = EDGE_CURVE('',#1585,#1577,#1587,.T.);
#1585 = VERTEX_POINT('',#1586);
#1586 = CARTESIAN_POINT('',(109.174,193.397,-12.7));
#1587 = CIRCLE('',#1588,3.174);
#1588 = AXIS2_PLACEMENT_3D('',#1589,#1590,#1591);
#1589 = CARTESIAN_POINT('',(109.174,190.223,-12.7));
#1590 = DIRECTION('',(0.,0.,1.));
#1591 = DIRECTION('',(1.,0.,0.));
#1592 = ORIENTED_EDGE('',*,*,#1593,.F.);
#1593 = EDGE_CURVE('',#1594,#1585,#1596,.T.);
#1594 = VERTEX_POINT('',#1595);
#1595 = CARTESIAN_POINT('',(117.5,193.397,-12.7));
#1596 = LINE('',#1597,#1598);
#1597 = CARTESIAN_POINT('',(154.,193.397,-12.7));
#1598 = VECTOR('',#1599,1.);
#1599 = DIRECTION('',(-1.,0.,0.));
#1600 = ORIENTED_EDGE('',*,*,#1601,.T.);
#1601 = EDGE_CURVE('',#1594,#1602,#1604,.T.);
#1602 = VERTEX_POINT('',#1603);
#1603 = CARTESIAN_POINT('',(117.5,228.5,-12.7));
#1604 = LINE('',#1605,#1606);
#1605 = CARTESIAN_POINT('',(117.5,188.25,-12.7));
#1606 = VECTOR('',#1607,1.);
#1607 = DIRECTION('',(0.,1.,0.));
#1608 = ORIENTED_EDGE('',*,*,#1609,.T.);
#1609 = EDGE_CURVE('',#1602,#1610,#1612,.T.);
#1610 = VERTEX_POINT('',#1611);
#1611 = CARTESIAN_POINT('',(104.174,228.5,-12.7));
#1612 = LINE('',#1613,#1614);
#1613 = CARTESIAN_POINT('',(159.,228.5,-12.7));
#1614 = VECTOR('',#1615,1.);
#1615 = DIRECTION('',(-1.,0.,0.));
#1616 = ORIENTED_EDGE('',*,*,#1617,.T.);
#1617 = EDGE_CURVE('',#1610,#1618,#1620,.T.);
#1618 = VERTEX_POINT('',#1619);
#1619 = CARTESIAN_POINT('',(101.,231.674,-12.7));
#1620 = CIRCLE('',#1621,3.174);
#1621 = AXIS2_PLACEMENT_3D('',#1622,#1623,#1624);
#1622 = CARTESIAN_POINT('',(104.174,231.674,-12.7));
#1623 = DIRECTION('',(0.,0.,-1.));
#1624 = DIRECTION('',(1.,0.,0.));
#1625 = ORIENTED_EDGE('',*,*,#1626,.T.);
#1626 = EDGE_CURVE('',#1618,#1627,#1629,.T.);
#1627 = VERTEX_POINT('',#1628);
#1628 = CARTESIAN_POINT('',(101.,258.326,-12.7));
#1629 = LINE('',#1630,#1631);
#1630 = CARTESIAN_POINT('',(101.,228.5,-12.7));
#1631 = VECTOR('',#1632,1.);
#1632 = DIRECTION('',(0.,1.,0.));
#1633 = ORIENTED_EDGE('',*,*,#1634,.F.);
#1634 = EDGE_CURVE('',#1635,#1627,#1637,.T.);
#1635 = VERTEX_POINT('',#1636);
#1636 = CARTESIAN_POINT('',(104.174,261.5,-12.7));
#1637 = CIRCLE('',#1638,3.174);
#1638 = AXIS2_PLACEMENT_3D('',#1639,#1640,#1641);
#1639 = CARTESIAN_POINT('',(104.174,258.326,-12.7));
#1640 = DIRECTION('',(0.,0.,1.));
#1641 = DIRECTION('',(1.,0.,0.));
#1642 = ORIENTED_EDGE('',*,*,#1643,.F.);
#1643 = EDGE_CURVE('',#1644,#1635,#1646,.T.);
#1644 = VERTEX_POINT('',#1645);
#1645 = CARTESIAN_POINT('',(117.5,261.5,-12.7));
#1646 = LINE('',#1647,#1648);
#1647 = CARTESIAN_POINT('',(159.,261.5,-12.7));
#1648 = VECTOR('',#1649,1.);
#1649 = DIRECTION('',(-1.,0.,0.));
#1650 = ORIENTED_EDGE('',*,*,#1651,.T.);
#1651 = EDGE_CURVE('',#1644,#1652,#1654,.T.);
#1652 = VERTEX_POINT('',#1653);
#1653 = CARTESIAN_POINT('',(117.5,298.576,-12.7));
#1654 = LINE('',#1655,#1656);
#1655 = CARTESIAN_POINT('',(117.5,188.25,-12.7));
#1656 = VECTOR('',#1657,1.);
#1657 = DIRECTION('',(0.,1.,0.));
#1658 = ORIENTED_EDGE('',*,*,#1659,.F.);
#1659 = EDGE_CURVE('',#1383,#1652,#1660,.T.);
#1660 = CIRCLE('',#1661,3.174);
#1661 = AXIS2_PLACEMENT_3D('',#1662,#1663,#1664);
#1662 = CARTESIAN_POINT('',(120.674,298.576,-12.7));
#1663 = DIRECTION('',(0.,0.,1.));
#1664 = DIRECTION('',(1.,0.,0.));
#1665 = FACE_BOUND('',#1666,.T.);
#1666 = EDGE_LOOP('',(#1667,#1677,#1686,#1694,#1703,#1711,#1720,#1728));
#1667 = ORIENTED_EDGE('',*,*,#1668,.F.);
#1668 = EDGE_CURVE('',#1669,#1671,#1673,.T.);
#1669 = VERTEX_POINT('',#1670);
#1670 = CARTESIAN_POINT('',(118.82551553344,167.20003509521,-12.7));
#1671 = VERTEX_POINT('',#1672);
#1672 = CARTESIAN_POINT('',(13.17351171875,167.20003509521,-12.7));
#1673 = LINE('',#1674,#1675);
#1674 = CARTESIAN_POINT('',(121.99951553344,167.20003509521,-12.7));
#1675 = VECTOR('',#1676,1.);
#1676 = DIRECTION('',(-1.,0.,0.));
#1677 = ORIENTED_EDGE('',*,*,#1678,.F.);
#1678 = EDGE_CURVE('',#1679,#1669,#1681,.T.);
#1679 = VERTEX_POINT('',#1680);
#1680 = CARTESIAN_POINT('',(121.99951553344,164.02603509521,-12.7));
#1681 = CIRCLE('',#1682,3.174);
#1682 = AXIS2_PLACEMENT_3D('',#1683,#1684,#1685);
#1683 = CARTESIAN_POINT('',(118.82551553344,164.02603509521,-12.7));
#1684 = DIRECTION('',(0.,0.,1.));
#1685 = DIRECTION('',(1.,0.,0.));
#1686 = ORIENTED_EDGE('',*,*,#1687,.F.);
#1687 = EDGE_CURVE('',#1688,#1679,#1690,.T.);
#1688 = VERTEX_POINT('',#1689);
#1689 = CARTESIAN_POINT('',(121.99951553344,66.374035095215,-12.7));
#1690 = LINE('',#1691,#1692);
#1691 = CARTESIAN_POINT('',(121.99951553344,63.200035095215,-12.7));
#1692 = VECTOR('',#1693,1.);
#1693 = DIRECTION('',(0.,1.,0.));
#1694 = ORIENTED_EDGE('',*,*,#1695,.F.);
#1695 = EDGE_CURVE('',#1696,#1688,#1698,.T.);
#1696 = VERTEX_POINT('',#1697);
#1697 = CARTESIAN_POINT('',(118.82551553344,63.200035095215,-12.7));
#1698 = CIRCLE('',#1699,3.174);
#1699 = AXIS2_PLACEMENT_3D('',#1700,#1701,#1702);
#1700 = CARTESIAN_POINT('',(118.82551553344,66.374035095215,-12.7));
#1701 = DIRECTION('',(0.,0.,1.));
#1702 = DIRECTION('',(1.,0.,0.));
#1703 = ORIENTED_EDGE('',*,*,#1704,.T.);
#1704 = EDGE_CURVE('',#1696,#1705,#1707,.T.);
#1705 = VERTEX_POINT('',#1706);
#1706 = CARTESIAN_POINT('',(13.17351171875,63.200035095215,-12.7));
#1707 = LINE('',#1708,#1709);
#1708 = CARTESIAN_POINT('',(121.99951553344,63.200035095215,-12.7));
#1709 = VECTOR('',#1710,1.);
#1710 = DIRECTION('',(-1.,0.,0.));
#1711 = ORIENTED_EDGE('',*,*,#1712,.T.);
#1712 = EDGE_CURVE('',#1705,#1713,#1715,.T.);
#1713 = VERTEX_POINT('',#1714);
#1714 = CARTESIAN_POINT('',(9.99951171875,66.374035095215,-12.7));
#1715 = CIRCLE('',#1716,3.174);
#1716 = AXIS2_PLACEMENT_3D('',#1717,#1718,#1719);
#1717 = CARTESIAN_POINT('',(13.17351171875,66.374035095215,-12.7));
#1718 = DIRECTION('',(0.,0.,-1.));
#1719 = DIRECTION('',(1.,0.,0.));
#1720 = ORIENTED_EDGE('',*,*,#1721,.T.);
#1721 = EDGE_CURVE('',#1713,#1722,#1724,.T.);
#1722 = VERTEX_POINT('',#1723);
#1723 = CARTESIAN_POINT('',(9.99951171875,164.02603509521,-12.7));
#1724 = LINE('',#1725,#1726);
#1725 = CARTESIAN_POINT('',(9.99951171875,63.200035095215,-12.7));
#1726 = VECTOR('',#1727,1.);
#1727 = DIRECTION('',(0.,1.,0.));
#1728 = ORIENTED_EDGE('',*,*,#1729,.F.);
#1729 = EDGE_CURVE('',#1671,#1722,#1730,.T.);
#1730 = CIRCLE('',#1731,3.174);
#1731 = AXIS2_PLACEMENT_3D('',#1732,#1733,#1734);
#1732 = CARTESIAN_POINT('',(13.17351171875,164.02603509521,-12.7));
#1733 = DIRECTION('',(0.,0.,1.));
#1734 = DIRECTION('',(1.,0.,0.));
#1735 = FACE_BOUND('',#1736,.T.);
#1736 = EDGE_LOOP('',(#1737,#1748,#1756,#1765,#1773,#1782,#1790,#1799,
    #1807,#1815,#1824,#1833,#1841,#1850,#1859,#1867,#1876,#1884,#1892,
    #1900,#1909,#1917,#1926,#1934));
#1737 = ORIENTED_EDGE('',*,*,#1738,.F.);
#1738 = EDGE_CURVE('',#1739,#1741,#1743,.T.);
#1739 = VERTEX_POINT('',#1740);
#1740 = CARTESIAN_POINT('',(219.326,112.,-12.7));
#1741 = VERTEX_POINT('',#1742);
#1742 = CARTESIAN_POINT('',(222.5,115.174,-12.7));
#1743 = CIRCLE('',#1744,3.174);
#1744 = AXIS2_PLACEMENT_3D('',#1745,#1746,#1747);
#1745 = CARTESIAN_POINT('',(219.326,115.174,-12.7));
#1746 = DIRECTION('',(0.,0.,1.));
#1747 = DIRECTION('',(-2.2E-16,-1.,0.));
#1748 = ORIENTED_EDGE('',*,*,#1749,.T.);
#1749 = EDGE_CURVE('',#1739,#1750,#1752,.T.);
#1750 = VERTEX_POINT('',#1751);
#1751 = CARTESIAN_POINT('',(164.274,112.,-12.7));
#1752 = LINE('',#1753,#1754);
#1753 = CARTESIAN_POINT('',(112.8375,112.,-12.7));
#1754 = VECTOR('',#1755,1.);
#1755 = DIRECTION('',(-1.,2.2E-16,0.));
#1756 = ORIENTED_EDGE('',*,*,#1757,.F.);
#1757 = EDGE_CURVE('',#1758,#1750,#1760,.T.);
#1758 = VERTEX_POINT('',#1759);
#1759 = CARTESIAN_POINT('',(161.1,115.174,-12.7));
#1760 = CIRCLE('',#1761,3.174);
#1761 = AXIS2_PLACEMENT_3D('',#1762,#1763,#1764);
#1762 = CARTESIAN_POINT('',(164.274,115.174,-12.7));
#1763 = DIRECTION('',(0.,0.,1.));
#1764 = DIRECTION('',(-2.2E-16,-1.,0.));
#1765 = ORIENTED_EDGE('',*,*,#1766,.F.);
#1766 = EDGE_CURVE('',#1767,#1758,#1769,.T.);
#1767 = VERTEX_POINT('',#1768);
#1768 = CARTESIAN_POINT('',(161.1,208.826,-12.7));
#1769 = LINE('',#1770,#1771);
#1770 = CARTESIAN_POINT('',(161.1,51.2375,-12.7));
#1771 = VECTOR('',#1772,1.);
#1772 = DIRECTION('',(-2.2E-16,-1.,0.));
#1773 = ORIENTED_EDGE('',*,*,#1774,.F.);
#1774 = EDGE_CURVE('',#1775,#1767,#1777,.T.);
#1775 = VERTEX_POINT('',#1776);
#1776 = CARTESIAN_POINT('',(164.274,212.,-12.7));
#1777 = CIRCLE('',#1778,3.174);
#1778 = AXIS2_PLACEMENT_3D('',#1779,#1780,#1781);
#1779 = CARTESIAN_POINT('',(164.274,208.826,-12.7));
#1780 = DIRECTION('',(0.,0.,1.));
#1781 = DIRECTION('',(-1.,2.2E-16,0.));
#1782 = ORIENTED_EDGE('',*,*,#1783,.F.);
#1783 = EDGE_CURVE('',#1784,#1775,#1786,.T.);
#1784 = VERTEX_POINT('',#1785);
#1785 = CARTESIAN_POINT('',(219.326,212.,-12.7));
#1786 = LINE('',#1787,#1788);
#1787 = CARTESIAN_POINT('',(112.8375,212.,-12.7));
#1788 = VECTOR('',#1789,1.);
#1789 = DIRECTION('',(-1.,2.2E-16,0.));
#1790 = ORIENTED_EDGE('',*,*,#1791,.F.);
#1791 = EDGE_CURVE('',#1792,#1784,#1794,.T.);
#1792 = VERTEX_POINT('',#1793);
#1793 = CARTESIAN_POINT('',(222.5,208.826,-12.7));
#1794 = CIRCLE('',#1795,3.174);
#1795 = AXIS2_PLACEMENT_3D('',#1796,#1797,#1798);
#1796 = CARTESIAN_POINT('',(219.326,208.826,-12.7));
#1797 = DIRECTION('',(0.,-0.,1.));
#1798 = DIRECTION('',(2.2E-16,1.,0.));
#1799 = ORIENTED_EDGE('',*,*,#1800,.T.);
#1800 = EDGE_CURVE('',#1792,#1801,#1803,.T.);
#1801 = VERTEX_POINT('',#1802);
#1802 = CARTESIAN_POINT('',(222.5,195.88841429136,-12.7));
#1803 = LINE('',#1804,#1805);
#1804 = CARTESIAN_POINT('',(222.5,51.2375,-12.7));
#1805 = VECTOR('',#1806,1.);
#1806 = DIRECTION('',(-2.2E-16,-1.,0.));
#1807 = ORIENTED_EDGE('',*,*,#1808,.T.);
#1808 = EDGE_CURVE('',#1801,#1809,#1811,.T.);
#1809 = VERTEX_POINT('',#1810);
#1810 = CARTESIAN_POINT('',(229.90900376485,203.29741805621,-12.7));
#1811 = LINE('',#1812,#1813);
#1812 = CARTESIAN_POINT('',(114.07878707606,87.467201367425,-12.7));
#1813 = VECTOR('',#1814,1.);
#1814 = DIRECTION('',(0.707106781187,0.707106781187,0.));
#1815 = ORIENTED_EDGE('',*,*,#1816,.F.);
#1816 = EDGE_CURVE('',#1817,#1809,#1819,.T.);
#1817 = VERTEX_POINT('',#1818);
#1818 = CARTESIAN_POINT('',(232.63871990607,204.18973172903,-12.7));
#1819 = CIRCLE('',#1820,3.174);
#1820 = AXIS2_PLACEMENT_3D('',#1821,#1822,#1823);
#1821 = CARTESIAN_POINT('',(232.15336068833,201.05306113272,-12.7));
#1822 = DIRECTION('',(0.,0.,1.));
#1823 = DIRECTION('',(-0.707106781187,0.707106781187,0.));
#1824 = ORIENTED_EDGE('',*,*,#1825,.F.);
#1825 = EDGE_CURVE('',#1826,#1817,#1828,.T.);
#1826 = VERTEX_POINT('',#1827);
#1827 = CARTESIAN_POINT('',(234.39771761182,203.29741805621,-12.7));
#1828 = CIRCLE('',#1829,3.174);
#1829 = AXIS2_PLACEMENT_3D('',#1830,#1831,#1832);
#1830 = CARTESIAN_POINT('',(232.15336068833,201.05306113272,-12.7));
#1831 = DIRECTION('',(0.,0.,1.));
#1832 = DIRECTION('',(-0.707106781187,0.707106781187,0.));
#1833 = ORIENTED_EDGE('',*,*,#1834,.F.);
#1834 = EDGE_CURVE('',#1835,#1826,#1837,.T.);
#1835 = VERTEX_POINT('',#1836);
#1836 = CARTESIAN_POINT('',(245.47242418061,192.22271148742,-12.7));
#1837 = LINE('',#1838,#1839);
#1838 = CARTESIAN_POINT('',(228.67546426117,209.01967140686,-12.7));
#1839 = VECTOR('',#1840,1.);
#1840 = DIRECTION('',(-0.707106781187,0.707106781187,0.));
#1841 = ORIENTED_EDGE('',*,*,#1842,.F.);
#1842 = EDGE_CURVE('',#1843,#1835,#1845,.T.);
#1843 = VERTEX_POINT('',#1844);
#1844 = CARTESIAN_POINT('',(246.395621555,189.77617699356,-12.7));
#1845 = CIRCLE('',#1846,3.174);
#1846 = AXIS2_PLACEMENT_3D('',#1847,#1848,#1849);
#1847 = CARTESIAN_POINT('',(243.22806725712,189.97835456394,-12.7));
#1848 = DIRECTION('',(-0.,0.,1.));
#1849 = DIRECTION('',(0.707106781187,-0.707106781187,0.));
#1850 = ORIENTED_EDGE('',*,*,#1851,.F.);
#1851 = EDGE_CURVE('',#1852,#1843,#1854,.T.);
#1852 = VERTEX_POINT('',#1853);
#1853 = CARTESIAN_POINT('',(245.47242418061,187.73399764045,-12.7));
#1854 = CIRCLE('',#1855,3.174);
#1855 = AXIS2_PLACEMENT_3D('',#1856,#1857,#1858);
#1856 = CARTESIAN_POINT('',(243.22806725712,189.97835456394,-12.7));
#1857 = DIRECTION('',(-0.,0.,1.));
#1858 = DIRECTION('',(0.707106781187,-0.707106781187,0.));
#1859 = ORIENTED_EDGE('',*,*,#1860,.F.);
#1860 = EDGE_CURVE('',#1861,#1852,#1863,.T.);
#1861 = VERTEX_POINT('',#1862);
#1862 = CARTESIAN_POINT('',(235.83455863705,178.09613209689,-12.7));
#1863 = LINE('',#1864,#1865);
#1864 = CARTESIAN_POINT('',(129.64220749182,71.903780951665,-12.7));
#1865 = VECTOR('',#1866,1.);
#1866 = DIRECTION('',(0.707106781187,0.707106781187,0.));
#1867 = ORIENTED_EDGE('',*,*,#1868,.F.);
#1868 = EDGE_CURVE('',#1869,#1861,#1871,.T.);
#1869 = VERTEX_POINT('',#1870);
#1870 = CARTESIAN_POINT('',(231.34584479008,178.09613209689,-12.7));
#1871 = CIRCLE('',#1872,3.174);
#1872 = AXIS2_PLACEMENT_3D('',#1873,#1874,#1875);
#1873 = CARTESIAN_POINT('',(233.59020171356,180.34048902038,-12.7));
#1874 = DIRECTION('',(0.,0.,1.));
#1875 = DIRECTION('',(-0.707106781187,-0.707106781187,0.));
#1876 = ORIENTED_EDGE('',*,*,#1877,.T.);
#1877 = EDGE_CURVE('',#1869,#1878,#1880,.T.);
#1878 = VERTEX_POINT('',#1879);
#1879 = CARTESIAN_POINT('',(222.5,186.94197688697,-12.7));
#1880 = LINE('',#1881,#1882);
#1881 = CARTESIAN_POINT('',(214.54888487064,194.89309201632,-12.7));
#1882 = VECTOR('',#1883,1.);
#1883 = DIRECTION('',(-0.707106781187,0.707106781187,0.));
#1884 = ORIENTED_EDGE('',*,*,#1885,.T.);
#1885 = EDGE_CURVE('',#1878,#1886,#1888,.T.);
#1886 = VERTEX_POINT('',#1887);
#1887 = CARTESIAN_POINT('',(222.5,170.,-12.7));
#1888 = LINE('',#1889,#1890);
#1889 = CARTESIAN_POINT('',(222.5,51.2375,-12.7));
#1890 = VECTOR('',#1891,1.);
#1891 = DIRECTION('',(-2.2E-16,-1.,0.));
#1892 = ORIENTED_EDGE('',*,*,#1893,.F.);
#1893 = EDGE_CURVE('',#1894,#1886,#1896,.T.);
#1894 = VERTEX_POINT('',#1895);
#1895 = CARTESIAN_POINT('',(240.026,170.,-12.7));
#1896 = LINE('',#1897,#1898);
#1897 = CARTESIAN_POINT('',(123.1875,170.,-12.7));
#1898 = VECTOR('',#1899,1.);
#1899 = DIRECTION('',(-1.,2.2E-16,0.));
#1900 = ORIENTED_EDGE('',*,*,#1901,.F.);
#1901 = EDGE_CURVE('',#1902,#1894,#1904,.T.);
#1902 = VERTEX_POINT('',#1903);
#1903 = CARTESIAN_POINT('',(243.2,166.826,-12.7));
#1904 = CIRCLE('',#1905,3.174);
#1905 = AXIS2_PLACEMENT_3D('',#1906,#1907,#1908);
#1906 = CARTESIAN_POINT('',(240.026,166.826,-12.7));
#1907 = DIRECTION('',(-0.,0.,1.));
#1908 = DIRECTION('',(1.,-2.2E-16,0.));
#1909 = ORIENTED_EDGE('',*,*,#1910,.T.);
#1910 = EDGE_CURVE('',#1902,#1911,#1913,.T.);
#1911 = VERTEX_POINT('',#1912);
#1912 = CARTESIAN_POINT('',(243.2,125.174,-12.7));
#1913 = LINE('',#1914,#1915);
#1914 = CARTESIAN_POINT('',(243.2,56.2375,-12.7));
#1915 = VECTOR('',#1916,1.);
#1916 = DIRECTION('',(-2.2E-16,-1.,0.));
#1917 = ORIENTED_EDGE('',*,*,#1918,.F.);
#1918 = EDGE_CURVE('',#1919,#1911,#1921,.T.);
#1919 = VERTEX_POINT('',#1920);
#1920 = CARTESIAN_POINT('',(240.026,122.,-12.7));
#1921 = CIRCLE('',#1922,3.174);
#1922 = AXIS2_PLACEMENT_3D('',#1923,#1924,#1925);
#1923 = CARTESIAN_POINT('',(240.026,125.174,-12.7));
#1924 = DIRECTION('',(0.,0.,1.));
#1925 = DIRECTION('',(-2.2E-16,-1.,0.));
#1926 = ORIENTED_EDGE('',*,*,#1927,.T.);
#1927 = EDGE_CURVE('',#1919,#1928,#1930,.T.);
#1928 = VERTEX_POINT('',#1929);
#1929 = CARTESIAN_POINT('',(222.5,122.,-12.7));
#1930 = LINE('',#1931,#1932);
#1931 = CARTESIAN_POINT('',(123.1875,122.,-12.7));
#1932 = VECTOR('',#1933,1.);
#1933 = DIRECTION('',(-1.,2.2E-16,0.));
#1934 = ORIENTED_EDGE('',*,*,#1935,.T.);
#1935 = EDGE_CURVE('',#1928,#1741,#1936,.T.);
#1936 = LINE('',#1937,#1938);
#1937 = CARTESIAN_POINT('',(222.5,51.2375,-12.7));
#1938 = VECTOR('',#1939,1.);
#1939 = DIRECTION('',(-2.2E-16,-1.,0.));
#1940 = FACE_BOUND('',#1941,.T.);
#1941 = EDGE_LOOP('',(#1942,#1952,#1961,#1969,#1978,#1986,#1995,#2003,
    #2012,#2020,#2029,#2037,#2046,#2054,#2062,#2070,#2079,#2087,#2096,
    #2104,#2113,#2121,#2130,#2138,#2147,#2155,#2163));
#1942 = ORIENTED_EDGE('',*,*,#1943,.F.);
#1943 = EDGE_CURVE('',#1944,#1946,#1948,.T.);
#1944 = VERTEX_POINT('',#1945);
#1945 = CARTESIAN_POINT('',(325.397,282.174,-12.7));
#1946 = VERTEX_POINT('',#1947);
#1947 = CARTESIAN_POINT('',(325.397,284.54406711112,-12.7));
#1948 = LINE('',#1949,#1950);
#1949 = CARTESIAN_POINT('',(325.397,279.,-12.7));
#1950 = VECTOR('',#1951,1.);
#1951 = DIRECTION('',(0.,1.,0.));
#1952 = ORIENTED_EDGE('',*,*,#1953,.F.);
#1953 = EDGE_CURVE('',#1954,#1944,#1956,.T.);
#1954 = VERTEX_POINT('',#1955);
#1955 = CARTESIAN_POINT('',(322.223,279.,-12.7));
#1956 = CIRCLE('',#1957,3.174);
#1957 = AXIS2_PLACEMENT_3D('',#1958,#1959,#1960);
#1958 = CARTESIAN_POINT('',(322.223,282.174,-12.7));
#1959 = DIRECTION('',(-0.,0.,1.));
#1960 = DIRECTION('',(0.,-1.,0.));
#1961 = ORIENTED_EDGE('',*,*,#1962,.F.);
#1962 = EDGE_CURVE('',#1963,#1954,#1965,.T.);
#1963 = VERTEX_POINT('',#1964);
#1964 = CARTESIAN_POINT('',(305.571,279.,-12.7));
#1965 = LINE('',#1966,#1967);
#1966 = CARTESIAN_POINT('',(302.397,279.,-12.7));
#1967 = VECTOR('',#1968,1.);
#1968 = DIRECTION('',(1.,0.,0.));
#1969 = ORIENTED_EDGE('',*,*,#1970,.F.);
#1970 = EDGE_CURVE('',#1971,#1963,#1973,.T.);
#1971 = VERTEX_POINT('',#1972);
#1972 = CARTESIAN_POINT('',(302.397,282.174,-12.7));
#1973 = CIRCLE('',#1974,3.174);
#1974 = AXIS2_PLACEMENT_3D('',#1975,#1976,#1977);
#1975 = CARTESIAN_POINT('',(305.571,282.174,-12.7));
#1976 = DIRECTION('',(-0.,0.,1.));
#1977 = DIRECTION('',(0.,-1.,0.));
#1978 = ORIENTED_EDGE('',*,*,#1979,.T.);
#1979 = EDGE_CURVE('',#1971,#1980,#1982,.T.);
#1980 = VERTEX_POINT('',#1981);
#1981 = CARTESIAN_POINT('',(302.397,323.826,-12.7));
#1982 = LINE('',#1983,#1984);
#1983 = CARTESIAN_POINT('',(302.397,279.,-12.7));
#1984 = VECTOR('',#1985,1.);
#1985 = DIRECTION('',(0.,1.,0.));
#1986 = ORIENTED_EDGE('',*,*,#1987,.T.);
#1987 = EDGE_CURVE('',#1980,#1988,#1990,.T.);
#1988 = VERTEX_POINT('',#1989);
#1989 = CARTESIAN_POINT('',(305.571,327.,-12.7));
#1990 = CIRCLE('',#1991,3.174);
#1991 = AXIS2_PLACEMENT_3D('',#1992,#1993,#1994);
#1992 = CARTESIAN_POINT('',(305.571,323.826,-12.7));
#1993 = DIRECTION('',(-0.,-0.,-1.));
#1994 = DIRECTION('',(0.,-1.,0.));
#1995 = ORIENTED_EDGE('',*,*,#1996,.T.);
#1996 = EDGE_CURVE('',#1988,#1997,#1999,.T.);
#1997 = VERTEX_POINT('',#1998);
#1998 = CARTESIAN_POINT('',(322.223,327.,-12.7));
#1999 = LINE('',#2000,#2001);
#2000 = CARTESIAN_POINT('',(302.397,327.,-12.7));
#2001 = VECTOR('',#2002,1.);
#2002 = DIRECTION('',(1.,0.,0.));
#2003 = ORIENTED_EDGE('',*,*,#2004,.F.);
#2004 = EDGE_CURVE('',#2005,#1997,#2007,.T.);
#2005 = VERTEX_POINT('',#2006);
#2006 = CARTESIAN_POINT('',(325.397,323.826,-12.7));
#2007 = CIRCLE('',#2008,3.174);
#2008 = AXIS2_PLACEMENT_3D('',#2009,#2010,#2011);
#2009 = CARTESIAN_POINT('',(322.223,323.826,-12.7));
#2010 = DIRECTION('',(-0.,0.,1.));
#2011 = DIRECTION('',(0.,-1.,0.));
#2012 = ORIENTED_EDGE('',*,*,#2013,.F.);
#2013 = EDGE_CURVE('',#2014,#2005,#2016,.T.);
#2014 = VERTEX_POINT('',#2015);
#2015 = CARTESIAN_POINT('',(325.397,321.45593288888,-12.7));
#2016 = LINE('',#2017,#2018);
#2017 = CARTESIAN_POINT('',(325.397,279.,-12.7));
#2018 = VECTOR('',#2019,1.);
#2019 = DIRECTION('',(0.,1.,0.));
#2020 = ORIENTED_EDGE('',*,*,#2021,.F.);
#2021 = EDGE_CURVE('',#2022,#2014,#2024,.T.);
#2022 = VERTEX_POINT('',#2023);
#2023 = CARTESIAN_POINT('',(327.174,322.,-12.7));
#2024 = CIRCLE('',#2025,3.174);
#2025 = AXIS2_PLACEMENT_3D('',#2026,#2027,#2028);
#2026 = CARTESIAN_POINT('',(327.174,318.826,-12.7));
#2027 = DIRECTION('',(0.,0.,1.));
#2028 = DIRECTION('',(-1.,0.,0.));
#2029 = ORIENTED_EDGE('',*,*,#2030,.F.);
#2030 = EDGE_CURVE('',#2031,#2022,#2033,.T.);
#2031 = VERTEX_POINT('',#2032);
#2032 = CARTESIAN_POINT('',(338.826,322.,-12.7));
#2033 = LINE('',#2034,#2035);
#2034 = CARTESIAN_POINT('',(163.5875,322.,-12.7));
#2035 = VECTOR('',#2036,1.);
#2036 = DIRECTION('',(-1.,0.,0.));
#2037 = ORIENTED_EDGE('',*,*,#2038,.F.);
#2038 = EDGE_CURVE('',#2039,#2031,#2041,.T.);
#2039 = VERTEX_POINT('',#2040);
#2040 = CARTESIAN_POINT('',(342.,318.826,-12.7));
#2041 = CIRCLE('',#2042,3.174);
#2042 = AXIS2_PLACEMENT_3D('',#2043,#2044,#2045);
#2043 = CARTESIAN_POINT('',(338.826,318.826,-12.7));
#2044 = DIRECTION('',(0.,0.,1.));
#2045 = DIRECTION('',(1.,0.,0.));
#2046 = ORIENTED_EDGE('',*,*,#2047,.F.);
#2047 = EDGE_CURVE('',#2048,#2039,#2050,.T.);
#2048 = VERTEX_POINT('',#2049);
#2049 = CARTESIAN_POINT('',(342.,293.35811508178,-12.7));
#2050 = LINE('',#2051,#2052);
#2051 = CARTESIAN_POINT('',(342.,137.2375,-12.7));
#2052 = VECTOR('',#2053,1.);
#2053 = DIRECTION('',(0.,1.,0.));
#2054 = ORIENTED_EDGE('',*,*,#2055,.F.);
#2055 = EDGE_CURVE('',#2056,#2048,#2058,.T.);
#2056 = VERTEX_POINT('',#2057);
#2057 = CARTESIAN_POINT('',(358.42105026245,293.35811508178,-12.7));
#2058 = LINE('',#2059,#2060);
#2059 = CARTESIAN_POINT('',(178.73462762776,293.35811508178,-12.7));
#2060 = VECTOR('',#2061,1.);
#2061 = DIRECTION('',(-1.,0.,0.));
#2062 = ORIENTED_EDGE('',*,*,#2063,.T.);
#2063 = EDGE_CURVE('',#2056,#2064,#2066,.T.);
#2064 = VERTEX_POINT('',#2065);
#2065 = CARTESIAN_POINT('',(358.42105026245,325.18411508178,-12.7));
#2066 = LINE('',#2067,#2068);
#2067 = CARTESIAN_POINT('',(358.42105026245,130.19464134216,-12.7));
#2068 = VECTOR('',#2069,1.);
#2069 = DIRECTION('',(0.,1.,0.));
#2070 = ORIENTED_EDGE('',*,*,#2071,.F.);
#2071 = EDGE_CURVE('',#2072,#2064,#2074,.T.);
#2072 = VERTEX_POINT('',#2073);
#2073 = CARTESIAN_POINT('',(361.59505026245,328.35811508178,-12.7));
#2074 = CIRCLE('',#2075,3.174);
#2075 = AXIS2_PLACEMENT_3D('',#2076,#2077,#2078);
#2076 = CARTESIAN_POINT('',(361.59505026245,325.18411508178,-12.7));
#2077 = DIRECTION('',(0.,0.,1.));
#2078 = DIRECTION('',(-1.,0.,0.));
#2079 = ORIENTED_EDGE('',*,*,#2080,.F.);
#2080 = EDGE_CURVE('',#2081,#2072,#2083,.T.);
#2081 = VERTEX_POINT('',#2082);
#2082 = CARTESIAN_POINT('',(397.40130040741,328.35811508178,-12.7));
#2083 = LINE('',#2084,#2085);
#2084 = CARTESIAN_POINT('',(180.79802513122,328.35811508178,-12.7));
#2085 = VECTOR('',#2086,1.);
#2086 = DIRECTION('',(-1.,0.,0.));
#2087 = ORIENTED_EDGE('',*,*,#2088,.F.);
#2088 = EDGE_CURVE('',#2089,#2081,#2091,.T.);
#2089 = VERTEX_POINT('',#2090);
#2090 = CARTESIAN_POINT('',(400.57530040741,325.18411508178,-12.7));
#2091 = CIRCLE('',#2092,3.174);
#2092 = AXIS2_PLACEMENT_3D('',#2093,#2094,#2095);
#2093 = CARTESIAN_POINT('',(397.40130040741,325.18411508178,-12.7));
#2094 = DIRECTION('',(0.,0.,1.));
#2095 = DIRECTION('',(1.,0.,0.));
#2096 = ORIENTED_EDGE('',*,*,#2097,.F.);
#2097 = EDGE_CURVE('',#2098,#2089,#2100,.T.);
#2098 = VERTEX_POINT('',#2099);
#2099 = CARTESIAN_POINT('',(400.57530040741,273.08828268432,-12.7));
#2100 = LINE('',#2101,#2102);
#2101 = CARTESIAN_POINT('',(400.57530040741,130.19464134216,-12.7));
#2102 = VECTOR('',#2103,1.);
#2103 = DIRECTION('',(0.,1.,0.));
#2104 = ORIENTED_EDGE('',*,*,#2105,.F.);
#2105 = EDGE_CURVE('',#2106,#2098,#2108,.T.);
#2106 = VERTEX_POINT('',#2107);
#2107 = CARTESIAN_POINT('',(397.40130040741,269.91428268432,-12.7));
#2108 = CIRCLE('',#2109,3.174);
#2109 = AXIS2_PLACEMENT_3D('',#2110,#2111,#2112);
#2110 = CARTESIAN_POINT('',(397.40130040741,273.08828268432,-12.7));
#2111 = DIRECTION('',(-0.,0.,1.));
#2112 = DIRECTION('',(0.,-1.,0.));
#2113 = ORIENTED_EDGE('',*,*,#2114,.T.);
#2114 = EDGE_CURVE('',#2106,#2115,#2117,.T.);
#2115 = VERTEX_POINT('',#2116);
#2116 = CARTESIAN_POINT('',(372.7705274425,269.91428268432,-12.7));
#2117 = LINE('',#2118,#2119);
#2118 = CARTESIAN_POINT('',(180.79802513122,269.91428268432,-12.7));
#2119 = VECTOR('',#2120,1.);
#2120 = DIRECTION('',(-1.,0.,0.));
#2121 = ORIENTED_EDGE('',*,*,#2122,.F.);
#2122 = EDGE_CURVE('',#2123,#2115,#2125,.T.);
#2123 = VERTEX_POINT('',#2124);
#2124 = CARTESIAN_POINT('',(369.60130040741,266.91428268432,-12.7));
#2125 = CIRCLE('',#2126,3.174);
#2126 = AXIS2_PLACEMENT_3D('',#2127,#2128,#2129);
#2127 = CARTESIAN_POINT('',(369.60130040741,270.08828268432,-12.7));
#2128 = DIRECTION('',(-0.,0.,1.));
#2129 = DIRECTION('',(0.,-1.,0.));
#2130 = ORIENTED_EDGE('',*,*,#2131,.F.);
#2131 = EDGE_CURVE('',#2132,#2123,#2134,.T.);
#2132 = VERTEX_POINT('',#2133);
#2133 = CARTESIAN_POINT('',(341.59505026245,266.91428268432,-12.7));
#2134 = LINE('',#2135,#2136);
#2135 = CARTESIAN_POINT('',(179.6203807539,266.91428268432,-12.7));
#2136 = VECTOR('',#2137,1.);
#2137 = DIRECTION('',(1.,0.,0.));
#2138 = ORIENTED_EDGE('',*,*,#2139,.F.);
#2139 = EDGE_CURVE('',#2140,#2132,#2142,.T.);
#2140 = VERTEX_POINT('',#2141);
#2141 = CARTESIAN_POINT('',(338.42105026245,270.08828268432,-12.7));
#2142 = CIRCLE('',#2143,3.174);
#2143 = AXIS2_PLACEMENT_3D('',#2144,#2145,#2146);
#2144 = CARTESIAN_POINT('',(341.59505026245,270.08828268432,-12.7));
#2145 = DIRECTION('',(0.,0.,1.));
#2146 = DIRECTION('',(-1.,0.,0.));
#2147 = ORIENTED_EDGE('',*,*,#2148,.F.);
#2148 = EDGE_CURVE('',#2149,#2140,#2151,.T.);
#2149 = VERTEX_POINT('',#2150);
#2150 = CARTESIAN_POINT('',(338.42105026245,284.,-12.7));
#2151 = LINE('',#2152,#2153);
#2152 = CARTESIAN_POINT('',(338.42105026245,135.30559944152,-12.7));
#2153 = VECTOR('',#2154,1.);
#2154 = DIRECTION('',(0.,-1.,0.));
#2155 = ORIENTED_EDGE('',*,*,#2156,.T.);
#2156 = EDGE_CURVE('',#2149,#2157,#2159,.T.);
#2157 = VERTEX_POINT('',#2158);
#2158 = CARTESIAN_POINT('',(327.174,284.,-12.7));
#2159 = LINE('',#2160,#2161);
#2160 = CARTESIAN_POINT('',(163.5875,284.,-12.7));
#2161 = VECTOR('',#2162,1.);
#2162 = DIRECTION('',(-1.,0.,0.));
#2163 = ORIENTED_EDGE('',*,*,#2164,.F.);
#2164 = EDGE_CURVE('',#1946,#2157,#2165,.T.);
#2165 = CIRCLE('',#2166,3.174);
#2166 = AXIS2_PLACEMENT_3D('',#2167,#2168,#2169);
#2167 = CARTESIAN_POINT('',(327.174,287.174,-12.7));
#2168 = DIRECTION('',(0.,0.,1.));
#2169 = DIRECTION('',(-1.,0.,0.));
#2170 = FACE_BOUND('',#2171,.T.);
#2171 = EDGE_LOOP('',(#2172,#2182,#2190,#2198,#2207,#2215,#2224,#2232,
    #2241,#2249,#2258,#2266,#2275,#2283,#2291,#2300,#2308,#2317,#2325));
#2172 = ORIENTED_EDGE('',*,*,#2173,.F.);
#2173 = EDGE_CURVE('',#2174,#2176,#2178,.T.);
#2174 = VERTEX_POINT('',#2175);
#2175 = CARTESIAN_POINT('',(320.,72.358115081787,-12.7));
#2176 = VERTEX_POINT('',#2177);
#2177 = CARTESIAN_POINT('',(320.,97.826,-12.7));
#2178 = LINE('',#2179,#2180);
#2179 = CARTESIAN_POINT('',(320.,26.7375,-12.7));
#2180 = VECTOR('',#2181,1.);
#2181 = DIRECTION('',(0.,1.,0.));
#2182 = ORIENTED_EDGE('',*,*,#2183,.F.);
#2183 = EDGE_CURVE('',#2184,#2174,#2186,.T.);
#2184 = VERTEX_POINT('',#2185);
#2185 = CARTESIAN_POINT('',(336.42105026245,72.358115081787,-12.7));
#2186 = LINE('',#2187,#2188);
#2187 = CARTESIAN_POINT('',(167.73462762776,72.358115081787,-12.7));
#2188 = VECTOR('',#2189,1.);
#2189 = DIRECTION('',(-1.,0.,0.));
#2190 = ORIENTED_EDGE('',*,*,#2191,.T.);
#2191 = EDGE_CURVE('',#2184,#2192,#2194,.T.);
#2192 = VERTEX_POINT('',#2193);
#2193 = CARTESIAN_POINT('',(336.42105026245,104.18411508178,-12.7));
#2194 = LINE('',#2195,#2196);
#2195 = CARTESIAN_POINT('',(336.42105026245,19.694641342163,-12.7));
#2196 = VECTOR('',#2197,1.);
#2197 = DIRECTION('',(0.,1.,0.));
#2198 = ORIENTED_EDGE('',*,*,#2199,.F.);
#2199 = EDGE_CURVE('',#2200,#2192,#2202,.T.);
#2200 = VERTEX_POINT('',#2201);
#2201 = CARTESIAN_POINT('',(339.59505026245,107.35811508178,-12.7));
#2202 = CIRCLE('',#2203,3.174);
#2203 = AXIS2_PLACEMENT_3D('',#2204,#2205,#2206);
#2204 = CARTESIAN_POINT('',(339.59505026245,104.18411508178,-12.7));
#2205 = DIRECTION('',(0.,0.,1.));
#2206 = DIRECTION('',(-1.,0.,0.));
#2207 = ORIENTED_EDGE('',*,*,#2208,.F.);
#2208 = EDGE_CURVE('',#2209,#2200,#2211,.T.);
#2209 = VERTEX_POINT('',#2210);
#2210 = CARTESIAN_POINT('',(375.40130040741,107.35811508178,-12.7));
#2211 = LINE('',#2212,#2213);
#2212 = CARTESIAN_POINT('',(169.79802513122,107.35811508178,-12.7));
#2213 = VECTOR('',#2214,1.);
#2214 = DIRECTION('',(-1.,0.,0.));
#2215 = ORIENTED_EDGE('',*,*,#2216,.F.);
#2216 = EDGE_CURVE('',#2217,#2209,#2219,.T.);
#2217 = VERTEX_POINT('',#2218);
#2218 = CARTESIAN_POINT('',(378.57530040741,104.18411508178,-12.7));
#2219 = CIRCLE('',#2220,3.174);
#2220 = AXIS2_PLACEMENT_3D('',#2221,#2222,#2223);
#2221 = CARTESIAN_POINT('',(375.40130040741,104.18411508178,-12.7));
#2222 = DIRECTION('',(0.,0.,1.));
#2223 = DIRECTION('',(1.,0.,0.));
#2224 = ORIENTED_EDGE('',*,*,#2225,.F.);
#2225 = EDGE_CURVE('',#2226,#2217,#2228,.T.);
#2226 = VERTEX_POINT('',#2227);
#2227 = CARTESIAN_POINT('',(378.57530040741,52.088282684326,-12.7));
#2228 = LINE('',#2229,#2230);
#2229 = CARTESIAN_POINT('',(378.57530040741,19.694641342163,-12.7));
#2230 = VECTOR('',#2231,1.);
#2231 = DIRECTION('',(0.,1.,0.));
#2232 = ORIENTED_EDGE('',*,*,#2233,.F.);
#2233 = EDGE_CURVE('',#2234,#2226,#2236,.T.);
#2234 = VERTEX_POINT('',#2235);
#2235 = CARTESIAN_POINT('',(375.40130040741,48.914282684326,-12.7));
#2236 = CIRCLE('',#2237,3.174);
#2237 = AXIS2_PLACEMENT_3D('',#2238,#2239,#2240);
#2238 = CARTESIAN_POINT('',(375.40130040741,52.088282684326,-12.7));
#2239 = DIRECTION('',(-0.,0.,1.));
#2240 = DIRECTION('',(0.,-1.,0.));
#2241 = ORIENTED_EDGE('',*,*,#2242,.T.);
#2242 = EDGE_CURVE('',#2234,#2243,#2245,.T.);
#2243 = VERTEX_POINT('',#2244);
#2244 = CARTESIAN_POINT('',(350.7705274425,48.914282684326,-12.7));
#2245 = LINE('',#2246,#2247);
#2246 = CARTESIAN_POINT('',(169.79802513122,48.914282684326,-12.7));
#2247 = VECTOR('',#2248,1.);
#2248 = DIRECTION('',(-1.,0.,0.));
#2249 = ORIENTED_EDGE('',*,*,#2250,.F.);
#2250 = EDGE_CURVE('',#2251,#2243,#2253,.T.);
#2251 = VERTEX_POINT('',#2252);
#2252 = CARTESIAN_POINT('',(347.60130040741,45.914282684326,-12.7));
#2253 = CIRCLE('',#2254,3.174);
#2254 = AXIS2_PLACEMENT_3D('',#2255,#2256,#2257);
#2255 = CARTESIAN_POINT('',(347.60130040741,49.088282684326,-12.7));
#2256 = DIRECTION('',(-0.,0.,1.));
#2257 = DIRECTION('',(0.,-1.,0.));
#2258 = ORIENTED_EDGE('',*,*,#2259,.F.);
#2259 = EDGE_CURVE('',#2260,#2251,#2262,.T.);
#2260 = VERTEX_POINT('',#2261);
#2261 = CARTESIAN_POINT('',(319.59505026245,45.914282684326,-12.7));
#2262 = LINE('',#2263,#2264);
#2263 = CARTESIAN_POINT('',(168.6203807539,45.914282684326,-12.7));
#2264 = VECTOR('',#2265,1.);
#2265 = DIRECTION('',(1.,0.,0.));
#2266 = ORIENTED_EDGE('',*,*,#2267,.F.);
#2267 = EDGE_CURVE('',#2268,#2260,#2270,.T.);
#2268 = VERTEX_POINT('',#2269);
#2269 = CARTESIAN_POINT('',(316.42105026245,49.088282684326,-12.7));
#2270 = CIRCLE('',#2271,3.174);
#2271 = AXIS2_PLACEMENT_3D('',#2272,#2273,#2274);
#2272 = CARTESIAN_POINT('',(319.59505026245,49.088282684326,-12.7));
#2273 = DIRECTION('',(0.,0.,1.));
#2274 = DIRECTION('',(-1.,0.,0.));
#2275 = ORIENTED_EDGE('',*,*,#2276,.F.);
#2276 = EDGE_CURVE('',#2277,#2268,#2279,.T.);
#2277 = VERTEX_POINT('',#2278);
#2278 = CARTESIAN_POINT('',(316.42105026245,63.,-12.7));
#2279 = LINE('',#2280,#2281);
#2280 = CARTESIAN_POINT('',(316.42105026245,24.805599441528,-12.7));
#2281 = VECTOR('',#2282,1.);
#2282 = DIRECTION('',(0.,-1.,0.));
#2283 = ORIENTED_EDGE('',*,*,#2284,.T.);
#2284 = EDGE_CURVE('',#2277,#2285,#2287,.T.);
#2285 = VERTEX_POINT('',#2286);
#2286 = CARTESIAN_POINT('',(305.174,63.,-12.7));
#2287 = LINE('',#2288,#2289);
#2288 = CARTESIAN_POINT('',(152.5875,63.,-12.7));
#2289 = VECTOR('',#2290,1.);
#2290 = DIRECTION('',(-1.,0.,0.));
#2291 = ORIENTED_EDGE('',*,*,#2292,.F.);
#2292 = EDGE_CURVE('',#2293,#2285,#2295,.T.);
#2293 = VERTEX_POINT('',#2294);
#2294 = CARTESIAN_POINT('',(302.,66.174,-12.7));
#2295 = CIRCLE('',#2296,3.174);
#2296 = AXIS2_PLACEMENT_3D('',#2297,#2298,#2299);
#2297 = CARTESIAN_POINT('',(305.174,66.174,-12.7));
#2298 = DIRECTION('',(0.,0.,1.));
#2299 = DIRECTION('',(-1.,0.,0.));
#2300 = ORIENTED_EDGE('',*,*,#2301,.T.);
#2301 = EDGE_CURVE('',#2293,#2302,#2304,.T.);
#2302 = VERTEX_POINT('',#2303);
#2303 = CARTESIAN_POINT('',(302.,97.826,-12.7));
#2304 = LINE('',#2305,#2306);
#2305 = CARTESIAN_POINT('',(302.,26.7375,-12.7));
#2306 = VECTOR('',#2307,1.);
#2307 = DIRECTION('',(0.,1.,0.));
#2308 = ORIENTED_EDGE('',*,*,#2309,.F.);
#2309 = EDGE_CURVE('',#2310,#2302,#2312,.T.);
#2310 = VERTEX_POINT('',#2311);
#2311 = CARTESIAN_POINT('',(305.174,101.,-12.7));
#2312 = CIRCLE('',#2313,3.174);
#2313 = AXIS2_PLACEMENT_3D('',#2314,#2315,#2316);
#2314 = CARTESIAN_POINT('',(305.174,97.826,-12.7));
#2315 = DIRECTION('',(0.,0.,1.));
#2316 = DIRECTION('',(-1.,0.,0.));
#2317 = ORIENTED_EDGE('',*,*,#2318,.F.);
#2318 = EDGE_CURVE('',#2319,#2310,#2321,.T.);
#2319 = VERTEX_POINT('',#2320);
#2320 = CARTESIAN_POINT('',(316.826,101.,-12.7));
#2321 = LINE('',#2322,#2323);
#2322 = CARTESIAN_POINT('',(152.5875,101.,-12.7));
#2323 = VECTOR('',#2324,1.);
#2324 = DIRECTION('',(-1.,0.,0.));
#2325 = ORIENTED_EDGE('',*,*,#2326,.F.);
#2326 = EDGE_CURVE('',#2176,#2319,#2327,.T.);
#2327 = CIRCLE('',#2328,3.174);
#2328 = AXIS2_PLACEMENT_3D('',#2329,#2330,#2331);
#2329 = CARTESIAN_POINT('',(316.826,97.826,-12.7));
#2330 = DIRECTION('',(0.,0.,1.));
#2331 = DIRECTION('',(1.,0.,0.));
#2332 = FACE_BOUND('',#2333,.T.);
#2333 = EDGE_LOOP('',(#2334,#2344,#2353,#2361,#2369,#2378,#2386,#2395,
    #2403,#2412,#2421,#2429,#2437,#2446,#2454));
#2334 = ORIENTED_EDGE('',*,*,#2335,.F.);
#2335 = EDGE_CURVE('',#2336,#2338,#2340,.T.);
#2336 = VERTEX_POINT('',#2337);
#2337 = CARTESIAN_POINT('',(506.80649819183,185.0135591278,-12.7));
#2338 = VERTEX_POINT('',#2339);
#2339 = CARTESIAN_POINT('',(506.80649819183,161.96155950927,-12.7));
#2340 = LINE('',#2341,#2342);
#2341 = CARTESIAN_POINT('',(506.80649819183,89.331279563904,-12.7));
#2342 = VECTOR('',#2343,1.);
#2343 = DIRECTION('',(0.,-1.,0.));
#2344 = ORIENTED_EDGE('',*,*,#2345,.F.);
#2345 = EDGE_CURVE('',#2346,#2336,#2348,.T.);
#2346 = VERTEX_POINT('',#2347);
#2347 = CARTESIAN_POINT('',(509.98049819183,188.1875591278,-12.7));
#2348 = CIRCLE('',#2349,3.174);
#2349 = AXIS2_PLACEMENT_3D('',#2350,#2351,#2352);
#2350 = CARTESIAN_POINT('',(509.98049819183,185.0135591278,-12.7));
#2351 = DIRECTION('',(0.,-0.,1.));
#2352 = DIRECTION('',(0.,1.,0.));
#2353 = ORIENTED_EDGE('',*,*,#2354,.T.);
#2354 = EDGE_CURVE('',#2346,#2355,#2357,.T.);
#2355 = VERTEX_POINT('',#2356);
#2356 = CARTESIAN_POINT('',(530.7168239746,188.1875591278,-12.7));
#2357 = LINE('',#2358,#2359);
#2358 = CARTESIAN_POINT('',(272.33616182708,188.1875591278,-12.7));
#2359 = VECTOR('',#2360,1.);
#2360 = DIRECTION('',(1.,0.,0.));
#2361 = ORIENTED_EDGE('',*,*,#2362,.F.);
#2362 = EDGE_CURVE('',#2363,#2355,#2365,.T.);
#2363 = VERTEX_POINT('',#2364);
#2364 = CARTESIAN_POINT('',(530.7168239746,190.22091162872,-12.7));
#2365 = LINE('',#2366,#2367);
#2366 = CARTESIAN_POINT('',(530.7168239746,91.934955814362,-12.7));
#2367 = VECTOR('',#2368,1.);
#2368 = DIRECTION('',(0.,-1.,0.));
#2369 = ORIENTED_EDGE('',*,*,#2370,.F.);
#2370 = EDGE_CURVE('',#2371,#2363,#2373,.T.);
#2371 = VERTEX_POINT('',#2372);
#2372 = CARTESIAN_POINT('',(533.8908239746,193.39491162872,-12.7));
#2373 = CIRCLE('',#2374,3.174);
#2374 = AXIS2_PLACEMENT_3D('',#2375,#2376,#2377);
#2375 = CARTESIAN_POINT('',(533.8908239746,190.22091162872,-12.7));
#2376 = DIRECTION('',(0.,-0.,1.));
#2377 = DIRECTION('',(0.,1.,0.));
#2378 = ORIENTED_EDGE('',*,*,#2379,.T.);
#2379 = EDGE_CURVE('',#2371,#2380,#2382,.T.);
#2380 = VERTEX_POINT('',#2381);
#2381 = CARTESIAN_POINT('',(549.55282420349,193.39491162872,-12.7));
#2382 = LINE('',#2383,#2384);
#2383 = CARTESIAN_POINT('',(277.95091210174,193.39491162872,-12.7));
#2384 = VECTOR('',#2385,1.);
#2385 = DIRECTION('',(1.,0.,0.));
#2386 = ORIENTED_EDGE('',*,*,#2387,.F.);
#2387 = EDGE_CURVE('',#2388,#2380,#2390,.T.);
#2388 = VERTEX_POINT('',#2389);
#2389 = CARTESIAN_POINT('',(552.72682420349,190.22091162872,-12.7));
#2390 = CIRCLE('',#2391,3.174);
#2391 = AXIS2_PLACEMENT_3D('',#2392,#2393,#2394);
#2392 = CARTESIAN_POINT('',(549.55282420349,190.22091162872,-12.7));
#2393 = DIRECTION('',(0.,0.,1.));
#2394 = DIRECTION('',(1.,0.,0.));
#2395 = ORIENTED_EDGE('',*,*,#2396,.T.);
#2396 = EDGE_CURVE('',#2388,#2397,#2399,.T.);
#2397 = VERTEX_POINT('',#2398);
#2398 = CARTESIAN_POINT('',(552.72682420349,176.59091146469,-12.7));
#2399 = LINE('',#2400,#2401);
#2400 = CARTESIAN_POINT('',(552.72682420349,91.934955814362,-12.7));
#2401 = VECTOR('',#2402,1.);
#2402 = DIRECTION('',(0.,-1.,0.));
#2403 = ORIENTED_EDGE('',*,*,#2404,.F.);
#2404 = EDGE_CURVE('',#2405,#2397,#2407,.T.);
#2405 = VERTEX_POINT('',#2406);
#2406 = CARTESIAN_POINT('',(550.27393134331,173.49991154669,-12.7));
#2407 = CIRCLE('',#2408,3.174);
#2408 = AXIS2_PLACEMENT_3D('',#2409,#2410,#2411);
#2409 = CARTESIAN_POINT('',(549.55282420349,176.59091146469,-12.7));
#2410 = DIRECTION('',(0.,0.,1.));
#2411 = DIRECTION('',(1.,0.,0.));
#2412 = ORIENTED_EDGE('',*,*,#2413,.F.);
#2413 = EDGE_CURVE('',#2414,#2405,#2416,.T.);
#2414 = VERTEX_POINT('',#2415);
#2415 = CARTESIAN_POINT('',(549.55282420349,173.41691146469,-12.7));
#2416 = CIRCLE('',#2417,3.174);
#2417 = AXIS2_PLACEMENT_3D('',#2418,#2419,#2420);
#2418 = CARTESIAN_POINT('',(549.55282420349,176.59091146469,-12.7));
#2419 = DIRECTION('',(0.,0.,1.));
#2420 = DIRECTION('',(1.,0.,0.));
#2421 = ORIENTED_EDGE('',*,*,#2422,.F.);
#2422 = EDGE_CURVE('',#2423,#2414,#2425,.T.);
#2423 = VERTEX_POINT('',#2424);
#2424 = CARTESIAN_POINT('',(541.49732365417,173.41691146469,-12.7));
#2425 = LINE('',#2426,#2427);
#2426 = CARTESIAN_POINT('',(277.95091210174,173.41691146469,-12.7));
#2427 = VECTOR('',#2428,1.);
#2428 = DIRECTION('',(1.,0.,0.));
#2429 = ORIENTED_EDGE('',*,*,#2430,.T.);
#2430 = EDGE_CURVE('',#2423,#2431,#2433,.T.);
#2431 = VERTEX_POINT('',#2432);
#2432 = CARTESIAN_POINT('',(541.49732365417,161.96155950927,-12.7));
#2433 = LINE('',#2434,#2435);
#2434 = CARTESIAN_POINT('',(541.49732365417,89.331279563904,-12.7));
#2435 = VECTOR('',#2436,1.);
#2436 = DIRECTION('',(0.,-1.,0.));
#2437 = ORIENTED_EDGE('',*,*,#2438,.F.);
#2438 = EDGE_CURVE('',#2439,#2431,#2441,.T.);
#2439 = VERTEX_POINT('',#2440);
#2440 = CARTESIAN_POINT('',(538.32332365417,158.78755950927,-12.7));
#2441 = CIRCLE('',#2442,3.174);
#2442 = AXIS2_PLACEMENT_3D('',#2443,#2444,#2445);
#2443 = CARTESIAN_POINT('',(538.32332365417,161.96155950927,-12.7));
#2444 = DIRECTION('',(0.,0.,1.));
#2445 = DIRECTION('',(1.,0.,0.));
#2446 = ORIENTED_EDGE('',*,*,#2447,.F.);
#2447 = EDGE_CURVE('',#2448,#2439,#2450,.T.);
#2448 = VERTEX_POINT('',#2449);
#2449 = CARTESIAN_POINT('',(509.98049819183,158.78755950927,-12.7));
#2450 = LINE('',#2451,#2452);
#2451 = CARTESIAN_POINT('',(272.33616182708,158.78755950927,-12.7));
#2452 = VECTOR('',#2453,1.);
#2453 = DIRECTION('',(1.,0.,0.));
#2454 = ORIENTED_EDGE('',*,*,#2455,.F.);
#2455 = EDGE_CURVE('',#2338,#2448,#2456,.T.);
#2456 = CIRCLE('',#2457,3.174);
#2457 = AXIS2_PLACEMENT_3D('',#2458,#2459,#2460);
#2458 = CARTESIAN_POINT('',(509.98049819183,161.96155950927,-12.7));
#2459 = DIRECTION('',(0.,0.,1.));
#2460 = DIRECTION('',(-1.,0.,0.));
#2461 = FACE_BOUND('',#2462,.T.);
#2462 = EDGE_LOOP('',(#2463,#2473,#2482,#2490,#2498,#2507,#2515,#2524,
    #2532,#2541,#2550,#2558,#2566,#2575,#2583));
#2463 = ORIENTED_EDGE('',*,*,#2464,.F.);
#2464 = EDGE_CURVE('',#2465,#2467,#2469,.T.);
#2465 = VERTEX_POINT('',#2466);
#2466 = CARTESIAN_POINT('',(506.80649819183,144.0135591278,-12.7));
#2467 = VERTEX_POINT('',#2468);
#2468 = CARTESIAN_POINT('',(506.80649819183,120.96155950927,-12.7));
#2469 = LINE('',#2470,#2471);
#2470 = CARTESIAN_POINT('',(506.80649819183,68.831279563904,-12.7));
#2471 = VECTOR('',#2472,1.);
#2472 = DIRECTION('',(0.,-1.,0.));
#2473 = ORIENTED_EDGE('',*,*,#2474,.F.);
#2474 = EDGE_CURVE('',#2475,#2465,#2477,.T.);
#2475 = VERTEX_POINT('',#2476);
#2476 = CARTESIAN_POINT('',(509.98049819183,147.1875591278,-12.7));
#2477 = CIRCLE('',#2478,3.174);
#2478 = AXIS2_PLACEMENT_3D('',#2479,#2480,#2481);
#2479 = CARTESIAN_POINT('',(509.98049819183,144.0135591278,-12.7));
#2480 = DIRECTION('',(0.,-0.,1.));
#2481 = DIRECTION('',(0.,1.,0.));
#2482 = ORIENTED_EDGE('',*,*,#2483,.T.);
#2483 = EDGE_CURVE('',#2475,#2484,#2486,.T.);
#2484 = VERTEX_POINT('',#2485);
#2485 = CARTESIAN_POINT('',(530.7168239746,147.1875591278,-12.7));
#2486 = LINE('',#2487,#2488);
#2487 = CARTESIAN_POINT('',(272.33616182708,147.1875591278,-12.7));
#2488 = VECTOR('',#2489,1.);
#2489 = DIRECTION('',(1.,0.,0.));
#2490 = ORIENTED_EDGE('',*,*,#2491,.F.);
#2491 = EDGE_CURVE('',#2492,#2484,#2494,.T.);
#2492 = VERTEX_POINT('',#2493);
#2493 = CARTESIAN_POINT('',(530.7168239746,149.22091162872,-12.7));
#2494 = LINE('',#2495,#2496);
#2495 = CARTESIAN_POINT('',(530.7168239746,71.434955814362,-12.7));
#2496 = VECTOR('',#2497,1.);
#2497 = DIRECTION('',(0.,-1.,0.));
#2498 = ORIENTED_EDGE('',*,*,#2499,.F.);
#2499 = EDGE_CURVE('',#2500,#2492,#2502,.T.);
#2500 = VERTEX_POINT('',#2501);
#2501 = CARTESIAN_POINT('',(533.8908239746,152.39491162872,-12.7));
#2502 = CIRCLE('',#2503,3.174);
#2503 = AXIS2_PLACEMENT_3D('',#2504,#2505,#2506);
#2504 = CARTESIAN_POINT('',(533.8908239746,149.22091162872,-12.7));
#2505 = DIRECTION('',(0.,-0.,1.));
#2506 = DIRECTION('',(0.,1.,0.));
#2507 = ORIENTED_EDGE('',*,*,#2508,.T.);
#2508 = EDGE_CURVE('',#2500,#2509,#2511,.T.);
#2509 = VERTEX_POINT('',#2510);
#2510 = CARTESIAN_POINT('',(549.55282420349,152.39491162872,-12.7));
#2511 = LINE('',#2512,#2513);
#2512 = CARTESIAN_POINT('',(277.95091210174,152.39491162872,-12.7));
#2513 = VECTOR('',#2514,1.);
#2514 = DIRECTION('',(1.,0.,0.));
#2515 = ORIENTED_EDGE('',*,*,#2516,.F.);
#2516 = EDGE_CURVE('',#2517,#2509,#2519,.T.);
#2517 = VERTEX_POINT('',#2518);
#2518 = CARTESIAN_POINT('',(552.72682420349,149.22091162872,-12.7));
#2519 = CIRCLE('',#2520,3.174);
#2520 = AXIS2_PLACEMENT_3D('',#2521,#2522,#2523);
#2521 = CARTESIAN_POINT('',(549.55282420349,149.22091162872,-12.7));
#2522 = DIRECTION('',(0.,0.,1.));
#2523 = DIRECTION('',(1.,0.,0.));
#2524 = ORIENTED_EDGE('',*,*,#2525,.T.);
#2525 = EDGE_CURVE('',#2517,#2526,#2528,.T.);
#2526 = VERTEX_POINT('',#2527);
#2527 = CARTESIAN_POINT('',(552.72682420349,135.59091146469,-12.7));
#2528 = LINE('',#2529,#2530);
#2529 = CARTESIAN_POINT('',(552.72682420349,71.434955814362,-12.7));
#2530 = VECTOR('',#2531,1.);
#2531 = DIRECTION('',(0.,-1.,0.));
#2532 = ORIENTED_EDGE('',*,*,#2533,.F.);
#2533 = EDGE_CURVE('',#2534,#2526,#2536,.T.);
#2534 = VERTEX_POINT('',#2535);
#2535 = CARTESIAN_POINT('',(550.27393134327,132.4999115467,-12.7));
#2536 = CIRCLE('',#2537,3.174);
#2537 = AXIS2_PLACEMENT_3D('',#2538,#2539,#2540);
#2538 = CARTESIAN_POINT('',(549.55282420349,135.59091146469,-12.7));
#2539 = DIRECTION('',(0.,0.,1.));
#2540 = DIRECTION('',(1.,0.,0.));
#2541 = ORIENTED_EDGE('',*,*,#2542,.F.);
#2542 = EDGE_CURVE('',#2543,#2534,#2545,.T.);
#2543 = VERTEX_POINT('',#2544);
#2544 = CARTESIAN_POINT('',(549.55282420349,132.41691146469,-12.7));
#2545 = CIRCLE('',#2546,3.174);
#2546 = AXIS2_PLACEMENT_3D('',#2547,#2548,#2549);
#2547 = CARTESIAN_POINT('',(549.55282420349,135.59091146469,-12.7));
#2548 = DIRECTION('',(0.,0.,1.));
#2549 = DIRECTION('',(1.,0.,0.));
#2550 = ORIENTED_EDGE('',*,*,#2551,.F.);
#2551 = EDGE_CURVE('',#2552,#2543,#2554,.T.);
#2552 = VERTEX_POINT('',#2553);
#2553 = CARTESIAN_POINT('',(541.49732365417,132.41691146469,-12.7));
#2554 = LINE('',#2555,#2556);
#2555 = CARTESIAN_POINT('',(277.95091210174,132.41691146469,-12.7));
#2556 = VECTOR('',#2557,1.);
#2557 = DIRECTION('',(1.,0.,0.));
#2558 = ORIENTED_EDGE('',*,*,#2559,.T.);
#2559 = EDGE_CURVE('',#2552,#2560,#2562,.T.);
#2560 = VERTEX_POINT('',#2561);
#2561 = CARTESIAN_POINT('',(541.49732365417,120.96155950927,-12.7));
#2562 = LINE('',#2563,#2564);
#2563 = CARTESIAN_POINT('',(541.49732365417,68.831279563904,-12.7));
#2564 = VECTOR('',#2565,1.);
#2565 = DIRECTION('',(0.,-1.,0.));
#2566 = ORIENTED_EDGE('',*,*,#2567,.F.);
#2567 = EDGE_CURVE('',#2568,#2560,#2570,.T.);
#2568 = VERTEX_POINT('',#2569);
#2569 = CARTESIAN_POINT('',(538.32332365417,117.78755950927,-12.7));
#2570 = CIRCLE('',#2571,3.174);
#2571 = AXIS2_PLACEMENT_3D('',#2572,#2573,#2574);
#2572 = CARTESIAN_POINT('',(538.32332365417,120.96155950927,-12.7));
#2573 = DIRECTION('',(0.,0.,1.));
#2574 = DIRECTION('',(1.,0.,0.));
#2575 = ORIENTED_EDGE('',*,*,#2576,.F.);
#2576 = EDGE_CURVE('',#2577,#2568,#2579,.T.);
#2577 = VERTEX_POINT('',#2578);
#2578 = CARTESIAN_POINT('',(509.98049819183,117.78755950927,-12.7));
#2579 = LINE('',#2580,#2581);
#2580 = CARTESIAN_POINT('',(272.33616182708,117.78755950927,-12.7));
#2581 = VECTOR('',#2582,1.);
#2582 = DIRECTION('',(1.,0.,0.));
#2583 = ORIENTED_EDGE('',*,*,#2584,.F.);
#2584 = EDGE_CURVE('',#2467,#2577,#2585,.T.);
#2585 = CIRCLE('',#2586,3.174);
#2586 = AXIS2_PLACEMENT_3D('',#2587,#2588,#2589);
#2587 = CARTESIAN_POINT('',(509.98049819183,120.96155950927,-12.7));
#2588 = DIRECTION('',(0.,0.,1.));
#2589 = DIRECTION('',(-1.,0.,0.));
#2590 = FACE_BOUND('',#2591,.T.);
#2591 = EDGE_LOOP('',(#2592,#2602,#2611,#2619,#2627,#2636,#2644,#2653,
    #2661,#2670,#2679,#2687,#2695,#2704,#2712));
#2592 = ORIENTED_EDGE('',*,*,#2593,.F.);
#2593 = EDGE_CURVE('',#2594,#2596,#2598,.T.);
#2594 = VERTEX_POINT('',#2595);
#2595 = CARTESIAN_POINT('',(506.80649819183,226.0135591278,-12.7));
#2596 = VERTEX_POINT('',#2597);
#2597 = CARTESIAN_POINT('',(506.80649819183,202.96155950927,-12.7));
#2598 = LINE('',#2599,#2600);
#2599 = CARTESIAN_POINT('',(506.80649819183,109.8312795639,-12.7));
#2600 = VECTOR('',#2601,1.);
#2601 = DIRECTION('',(0.,-1.,0.));
#2602 = ORIENTED_EDGE('',*,*,#2603,.F.);
#2603 = EDGE_CURVE('',#2604,#2594,#2606,.T.);
#2604 = VERTEX_POINT('',#2605);
#2605 = CARTESIAN_POINT('',(509.98049819183,229.1875591278,-12.7));
#2606 = CIRCLE('',#2607,3.174);
#2607 = AXIS2_PLACEMENT_3D('',#2608,#2609,#2610);
#2608 = CARTESIAN_POINT('',(509.98049819183,226.0135591278,-12.7));
#2609 = DIRECTION('',(0.,-0.,1.));
#2610 = DIRECTION('',(0.,1.,0.));
#2611 = ORIENTED_EDGE('',*,*,#2612,.T.);
#2612 = EDGE_CURVE('',#2604,#2613,#2615,.T.);
#2613 = VERTEX_POINT('',#2614);
#2614 = CARTESIAN_POINT('',(530.7168239746,229.1875591278,-12.7));
#2615 = LINE('',#2616,#2617);
#2616 = CARTESIAN_POINT('',(272.33616182708,229.1875591278,-12.7));
#2617 = VECTOR('',#2618,1.);
#2618 = DIRECTION('',(1.,0.,0.));
#2619 = ORIENTED_EDGE('',*,*,#2620,.F.);
#2620 = EDGE_CURVE('',#2621,#2613,#2623,.T.);
#2621 = VERTEX_POINT('',#2622);
#2622 = CARTESIAN_POINT('',(530.7168239746,231.22091162872,-12.7));
#2623 = LINE('',#2624,#2625);
#2624 = CARTESIAN_POINT('',(530.7168239746,112.43495581436,-12.7));
#2625 = VECTOR('',#2626,1.);
#2626 = DIRECTION('',(0.,-1.,0.));
#2627 = ORIENTED_EDGE('',*,*,#2628,.F.);
#2628 = EDGE_CURVE('',#2629,#2621,#2631,.T.);
#2629 = VERTEX_POINT('',#2630);
#2630 = CARTESIAN_POINT('',(533.8908239746,234.39491162872,-12.7));
#2631 = CIRCLE('',#2632,3.174);
#2632 = AXIS2_PLACEMENT_3D('',#2633,#2634,#2635);
#2633 = CARTESIAN_POINT('',(533.8908239746,231.22091162872,-12.7));
#2634 = DIRECTION('',(0.,-0.,1.));
#2635 = DIRECTION('',(0.,1.,0.));
#2636 = ORIENTED_EDGE('',*,*,#2637,.T.);
#2637 = EDGE_CURVE('',#2629,#2638,#2640,.T.);
#2638 = VERTEX_POINT('',#2639);
#2639 = CARTESIAN_POINT('',(549.55282420349,234.39491162872,-12.7));
#2640 = LINE('',#2641,#2642);
#2641 = CARTESIAN_POINT('',(277.95091210174,234.39491162872,-12.7));
#2642 = VECTOR('',#2643,1.);
#2643 = DIRECTION('',(1.,0.,0.));
#2644 = ORIENTED_EDGE('',*,*,#2645,.F.);
#2645 = EDGE_CURVE('',#2646,#2638,#2648,.T.);
#2646 = VERTEX_POINT('',#2647);
#2647 = CARTESIAN_POINT('',(552.72682420349,231.22091162872,-12.7));
#2648 = CIRCLE('',#2649,3.174);
#2649 = AXIS2_PLACEMENT_3D('',#2650,#2651,#2652);
#2650 = CARTESIAN_POINT('',(549.55282420349,231.22091162872,-12.7));
#2651 = DIRECTION('',(0.,0.,1.));
#2652 = DIRECTION('',(1.,0.,0.));
#2653 = ORIENTED_EDGE('',*,*,#2654,.T.);
#2654 = EDGE_CURVE('',#2646,#2655,#2657,.T.);
#2655 = VERTEX_POINT('',#2656);
#2656 = CARTESIAN_POINT('',(552.72682420349,217.59091146469,-12.7));
#2657 = LINE('',#2658,#2659);
#2658 = CARTESIAN_POINT('',(552.72682420349,112.43495581436,-12.7));
#2659 = VECTOR('',#2660,1.);
#2660 = DIRECTION('',(0.,-1.,0.));
#2661 = ORIENTED_EDGE('',*,*,#2662,.F.);
#2662 = EDGE_CURVE('',#2663,#2655,#2665,.T.);
#2663 = VERTEX_POINT('',#2664);
#2664 = CARTESIAN_POINT('',(550.27393134327,214.4999115467,-12.7));
#2665 = CIRCLE('',#2666,3.174);
#2666 = AXIS2_PLACEMENT_3D('',#2667,#2668,#2669);
#2667 = CARTESIAN_POINT('',(549.55282420349,217.59091146469,-12.7));
#2668 = DIRECTION('',(0.,0.,1.));
#2669 = DIRECTION('',(1.,0.,0.));
#2670 = ORIENTED_EDGE('',*,*,#2671,.F.);
#2671 = EDGE_CURVE('',#2672,#2663,#2674,.T.);
#2672 = VERTEX_POINT('',#2673);
#2673 = CARTESIAN_POINT('',(549.55282420349,214.41691146469,-12.7));
#2674 = CIRCLE('',#2675,3.174);
#2675 = AXIS2_PLACEMENT_3D('',#2676,#2677,#2678);
#2676 = CARTESIAN_POINT('',(549.55282420349,217.59091146469,-12.7));
#2677 = DIRECTION('',(0.,0.,1.));
#2678 = DIRECTION('',(1.,0.,0.));
#2679 = ORIENTED_EDGE('',*,*,#2680,.F.);
#2680 = EDGE_CURVE('',#2681,#2672,#2683,.T.);
#2681 = VERTEX_POINT('',#2682);
#2682 = CARTESIAN_POINT('',(541.49732365417,214.41691146469,-12.7));
#2683 = LINE('',#2684,#2685);
#2684 = CARTESIAN_POINT('',(277.95091210174,214.41691146469,-12.7));
#2685 = VECTOR('',#2686,1.);
#2686 = DIRECTION('',(1.,0.,0.));
#2687 = ORIENTED_EDGE('',*,*,#2688,.T.);
#2688 = EDGE_CURVE('',#2681,#2689,#2691,.T.);
#2689 = VERTEX_POINT('',#2690);
#2690 = CARTESIAN_POINT('',(541.49732365417,202.96155950927,-12.7));
#2691 = LINE('',#2692,#2693);
#2692 = CARTESIAN_POINT('',(541.49732365417,109.8312795639,-12.7));
#2693 = VECTOR('',#2694,1.);
#2694 = DIRECTION('',(0.,-1.,0.));
#2695 = ORIENTED_EDGE('',*,*,#2696,.F.);
#2696 = EDGE_CURVE('',#2697,#2689,#2699,.T.);
#2697 = VERTEX_POINT('',#2698);
#2698 = CARTESIAN_POINT('',(538.32332365417,199.78755950927,-12.7));
#2699 = CIRCLE('',#2700,3.174);
#2700 = AXIS2_PLACEMENT_3D('',#2701,#2702,#2703);
#2701 = CARTESIAN_POINT('',(538.32332365417,202.96155950927,-12.7));
#2702 = DIRECTION('',(0.,0.,1.));
#2703 = DIRECTION('',(1.,0.,0.));
#2704 = ORIENTED_EDGE('',*,*,#2705,.F.);
#2705 = EDGE_CURVE('',#2706,#2697,#2708,.T.);
#2706 = VERTEX_POINT('',#2707);
#2707 = CARTESIAN_POINT('',(509.98049819183,199.78755950927,-12.7));
#2708 = LINE('',#2709,#2710);
#2709 = CARTESIAN_POINT('',(272.33616182708,199.78755950927,-12.7));
#2710 = VECTOR('',#2711,1.);
#2711 = DIRECTION('',(1.,0.,0.));
#2712 = ORIENTED_EDGE('',*,*,#2713,.F.);
#2713 = EDGE_CURVE('',#2596,#2706,#2714,.T.);
#2714 = CIRCLE('',#2715,3.174);
#2715 = AXIS2_PLACEMENT_3D('',#2716,#2717,#2718);
#2716 = CARTESIAN_POINT('',(509.98049819183,202.96155950927,-12.7));
#2717 = DIRECTION('',(0.,0.,1.));
#2718 = DIRECTION('',(-1.,0.,0.));
#2719 = FACE_BOUND('',#2720,.T.);
#2720 = EDGE_LOOP('',(#2721,#2731,#2740,#2748,#2757,#2765,#2774,#2782));
#2721 = ORIENTED_EDGE('',*,*,#2722,.F.);
#2722 = EDGE_CURVE('',#2723,#2725,#2727,.T.);
#2723 = VERTEX_POINT('',#2724);
#2724 = CARTESIAN_POINT('',(287.21103791041,35.73692472245,-12.7));
#2725 = VERTEX_POINT('',#2726);
#2726 = CARTESIAN_POINT('',(287.99940368821,-5.907613735796,-12.7));
#2727 = LINE('',#2728,#2729);
#2728 = CARTESIAN_POINT('',(287.15096221227,38.910356131902,-12.7));
#2729 = VECTOR('',#2730,1.);
#2730 = DIRECTION('',(1.89274411266E-02,-0.999820859941,0.));
#2731 = ORIENTED_EDGE('',*,*,#2732,.F.);
#2732 = EDGE_CURVE('',#2733,#2723,#2735,.T.);
#2733 = VERTEX_POINT('',#2734);
#2734 = CARTESIAN_POINT('',(290.32439362172,38.970431830038,-12.7));
#2735 = CIRCLE('',#2736,3.174);
#2736 = AXIS2_PLACEMENT_3D('',#2737,#2738,#2739);
#2737 = CARTESIAN_POINT('',(290.38446931986,35.797000420586,-12.7));
#2738 = DIRECTION('',(0.,0.,1.));
#2739 = DIRECTION('',(-1.89274411266E-02,0.999820859941,0.));
#2740 = ORIENTED_EDGE('',*,*,#2741,.F.);
#2741 = EDGE_CURVE('',#2742,#2733,#2744,.T.);
#2742 = VERTEX_POINT('',#2743);
#2743 = CARTESIAN_POINT('',(306.97341058146,39.285611579678,-12.7));
#2744 = LINE('',#2745,#2746);
#2745 = CARTESIAN_POINT('',(310.14684199091,39.345687277814,-12.7));
#2746 = VECTOR('',#2747,1.);
#2747 = DIRECTION('',(-0.999820859941,-1.89274411266E-02,0.));
#2748 = ORIENTED_EDGE('',*,*,#2749,.F.);
#2749 = EDGE_CURVE('',#2750,#2742,#2752,.T.);
#2750 = VERTEX_POINT('',#2751);
#2751 = CARTESIAN_POINT('',(310.20691768904,36.172255868362,-12.7));
#2752 = CIRCLE('',#2753,3.174);
#2753 = AXIS2_PLACEMENT_3D('',#2754,#2755,#2756);
#2754 = CARTESIAN_POINT('',(307.03348627959,36.112180170226,-12.7));
#2755 = DIRECTION('',(0.,0.,1.));
#2756 = DIRECTION('',(-1.89274411266E-02,0.999820859941,0.));
#2757 = ORIENTED_EDGE('',*,*,#2758,.T.);
#2758 = EDGE_CURVE('',#2750,#2759,#2761,.T.);
#2759 = VERTEX_POINT('',#2760);
#2760 = CARTESIAN_POINT('',(310.99528346685,-5.472282589884,-12.7));
#2761 = LINE('',#2762,#2763);
#2762 = CARTESIAN_POINT('',(310.14684199091,39.345687277814,-12.7));
#2763 = VECTOR('',#2764,1.);
#2764 = DIRECTION('',(1.89274411266E-02,-0.999820859941,0.));
#2765 = ORIENTED_EDGE('',*,*,#2766,.T.);
#2766 = EDGE_CURVE('',#2759,#2767,#2769,.T.);
#2767 = VERTEX_POINT('',#2768);
#2768 = CARTESIAN_POINT('',(307.88192775553,-8.705789697472,-12.7));
#2769 = CIRCLE('',#2770,3.174);
#2770 = AXIS2_PLACEMENT_3D('',#2771,#2772,#2773);
#2771 = CARTESIAN_POINT('',(307.8218520574,-5.53235828802,-12.7));
#2772 = DIRECTION('',(0.,0.,-1.));
#2773 = DIRECTION('',(-1.89274411266E-02,0.999820859941,0.));
#2774 = ORIENTED_EDGE('',*,*,#2775,.T.);
#2775 = EDGE_CURVE('',#2767,#2776,#2778,.T.);
#2776 = VERTEX_POINT('',#2777);
#2777 = CARTESIAN_POINT('',(291.2329107958,-9.020969447112,-12.7));
#2778 = LINE('',#2779,#2780);
#2779 = CARTESIAN_POINT('',(311.05535916498,-8.645713999336,-12.7));
#2780 = VECTOR('',#2781,1.);
#2781 = DIRECTION('',(-0.999820859941,-1.89274411266E-02,0.));
#2782 = ORIENTED_EDGE('',*,*,#2783,.F.);
#2783 = EDGE_CURVE('',#2725,#2776,#2784,.T.);
#2784 = CIRCLE('',#2785,3.174);
#2785 = AXIS2_PLACEMENT_3D('',#2786,#2787,#2788);
#2786 = CARTESIAN_POINT('',(291.17283509767,-5.84753803766,-12.7));
#2787 = DIRECTION('',(0.,0.,1.));
#2788 = DIRECTION('',(-1.89274411266E-02,0.999820859941,0.));
#2789 = FACE_BOUND('',#2790,.T.);
#2790 = EDGE_LOOP('',(#2791,#2801,#2810,#2818,#2827,#2835,#2844,#2852));
#2791 = ORIENTED_EDGE('',*,*,#2792,.F.);
#2792 = EDGE_CURVE('',#2793,#2795,#2797,.T.);
#2793 = VERTEX_POINT('',#2794);
#2794 = CARTESIAN_POINT('',(150.826,327.397,-12.7));
#2795 = VERTEX_POINT('',#2796);
#2796 = CARTESIAN_POINT('',(109.174,327.397,-12.7));
#2797 = LINE('',#2798,#2799);
#2798 = CARTESIAN_POINT('',(154.,327.397,-12.7));
#2799 = VECTOR('',#2800,1.);
#2800 = DIRECTION('',(-1.,0.,0.));
#2801 = ORIENTED_EDGE('',*,*,#2802,.F.);
#2802 = EDGE_CURVE('',#2803,#2793,#2805,.T.);
#2803 = VERTEX_POINT('',#2804);
#2804 = CARTESIAN_POINT('',(154.,324.223,-12.7));
#2805 = CIRCLE('',#2806,3.174);
#2806 = AXIS2_PLACEMENT_3D('',#2807,#2808,#2809);
#2807 = CARTESIAN_POINT('',(150.826,324.223,-12.7));
#2808 = DIRECTION('',(0.,0.,1.));
#2809 = DIRECTION('',(1.,0.,0.));
#2810 = ORIENTED_EDGE('',*,*,#2811,.F.);
#2811 = EDGE_CURVE('',#2812,#2803,#2814,.T.);
#2812 = VERTEX_POINT('',#2813);
#2813 = CARTESIAN_POINT('',(154.,307.571,-12.7));
#2814 = LINE('',#2815,#2816);
#2815 = CARTESIAN_POINT('',(154.,304.397,-12.7));
#2816 = VECTOR('',#2817,1.);
#2817 = DIRECTION('',(0.,1.,0.));
#2818 = ORIENTED_EDGE('',*,*,#2819,.F.);
#2819 = EDGE_CURVE('',#2820,#2812,#2822,.T.);
#2820 = VERTEX_POINT('',#2821);
#2821 = CARTESIAN_POINT('',(150.826,304.397,-12.7));
#2822 = CIRCLE('',#2823,3.174);
#2823 = AXIS2_PLACEMENT_3D('',#2824,#2825,#2826);
#2824 = CARTESIAN_POINT('',(150.826,307.571,-12.7));
#2825 = DIRECTION('',(0.,0.,1.));
#2826 = DIRECTION('',(1.,0.,0.));
#2827 = ORIENTED_EDGE('',*,*,#2828,.T.);
#2828 = EDGE_CURVE('',#2820,#2829,#2831,.T.);
#2829 = VERTEX_POINT('',#2830);
#2830 = CARTESIAN_POINT('',(109.174,304.397,-12.7));
#2831 = LINE('',#2832,#2833);
#2832 = CARTESIAN_POINT('',(154.,304.397,-12.7));
#2833 = VECTOR('',#2834,1.);
#2834 = DIRECTION('',(-1.,0.,0.));
#2835 = ORIENTED_EDGE('',*,*,#2836,.T.);
#2836 = EDGE_CURVE('',#2829,#2837,#2839,.T.);
#2837 = VERTEX_POINT('',#2838);
#2838 = CARTESIAN_POINT('',(106.,307.571,-12.7));
#2839 = CIRCLE('',#2840,3.174);
#2840 = AXIS2_PLACEMENT_3D('',#2841,#2842,#2843);
#2841 = CARTESIAN_POINT('',(109.174,307.571,-12.7));
#2842 = DIRECTION('',(0.,0.,-1.));
#2843 = DIRECTION('',(1.,0.,0.));
#2844 = ORIENTED_EDGE('',*,*,#2845,.T.);
#2845 = EDGE_CURVE('',#2837,#2846,#2848,.T.);
#2846 = VERTEX_POINT('',#2847);
#2847 = CARTESIAN_POINT('',(106.,324.223,-12.7));
#2848 = LINE('',#2849,#2850);
#2849 = CARTESIAN_POINT('',(106.,304.397,-12.7));
#2850 = VECTOR('',#2851,1.);
#2851 = DIRECTION('',(0.,1.,0.));
#2852 = ORIENTED_EDGE('',*,*,#2853,.F.);
#2853 = EDGE_CURVE('',#2795,#2846,#2854,.T.);
#2854 = CIRCLE('',#2855,3.174);
#2855 = AXIS2_PLACEMENT_3D('',#2856,#2857,#2858);
#2856 = CARTESIAN_POINT('',(109.174,324.223,-12.7));
#2857 = DIRECTION('',(0.,0.,1.));
#2858 = DIRECTION('',(1.,0.,0.));
#2859 = FACE_BOUND('',#2860,.T.);
#2860 = EDGE_LOOP('',(#2861,#2871,#2880,#2888,#2897,#2905,#2914,#2922));
#2861 = ORIENTED_EDGE('',*,*,#2862,.F.);
#2862 = EDGE_CURVE('',#2863,#2865,#2867,.T.);
#2863 = VERTEX_POINT('',#2864);
#2864 = CARTESIAN_POINT('',(456.297,193.674,-12.7));
#2865 = VERTEX_POINT('',#2866);
#2866 = CARTESIAN_POINT('',(456.297,235.326,-12.7));
#2867 = LINE('',#2868,#2869);
#2868 = CARTESIAN_POINT('',(456.297,190.5,-12.7));
#2869 = VECTOR('',#2870,1.);
#2870 = DIRECTION('',(0.,1.,0.));
#2871 = ORIENTED_EDGE('',*,*,#2872,.F.);
#2872 = EDGE_CURVE('',#2873,#2863,#2875,.T.);
#2873 = VERTEX_POINT('',#2874);
#2874 = CARTESIAN_POINT('',(453.123,190.5,-12.7));
#2875 = CIRCLE('',#2876,3.174);
#2876 = AXIS2_PLACEMENT_3D('',#2877,#2878,#2879);
#2877 = CARTESIAN_POINT('',(453.123,193.674,-12.7));
#2878 = DIRECTION('',(-0.,0.,1.));
#2879 = DIRECTION('',(0.,-1.,0.));
#2880 = ORIENTED_EDGE('',*,*,#2881,.F.);
#2881 = EDGE_CURVE('',#2882,#2873,#2884,.T.);
#2882 = VERTEX_POINT('',#2883);
#2883 = CARTESIAN_POINT('',(436.471,190.5,-12.7));
#2884 = LINE('',#2885,#2886);
#2885 = CARTESIAN_POINT('',(433.297,190.5,-12.7));
#2886 = VECTOR('',#2887,1.);
#2887 = DIRECTION('',(1.,0.,0.));
#2888 = ORIENTED_EDGE('',*,*,#2889,.F.);
#2889 = EDGE_CURVE('',#2890,#2882,#2892,.T.);
#2890 = VERTEX_POINT('',#2891);
#2891 = CARTESIAN_POINT('',(433.297,193.674,-12.7));
#2892 = CIRCLE('',#2893,3.174);
#2893 = AXIS2_PLACEMENT_3D('',#2894,#2895,#2896);
#2894 = CARTESIAN_POINT('',(436.471,193.674,-12.7));
#2895 = DIRECTION('',(-0.,0.,1.));
#2896 = DIRECTION('',(0.,-1.,0.));
#2897 = ORIENTED_EDGE('',*,*,#2898,.T.);
#2898 = EDGE_CURVE('',#2890,#2899,#2901,.T.);
#2899 = VERTEX_POINT('',#2900);
#2900 = CARTESIAN_POINT('',(433.297,235.326,-12.7));
#2901 = LINE('',#2902,#2903);
#2902 = CARTESIAN_POINT('',(433.297,190.5,-12.7));
#2903 = VECTOR('',#2904,1.);
#2904 = DIRECTION('',(0.,1.,0.));
#2905 = ORIENTED_EDGE('',*,*,#2906,.T.);
#2906 = EDGE_CURVE('',#2899,#2907,#2909,.T.);
#2907 = VERTEX_POINT('',#2908);
#2908 = CARTESIAN_POINT('',(436.471,238.5,-12.7));
#2909 = CIRCLE('',#2910,3.174);
#2910 = AXIS2_PLACEMENT_3D('',#2911,#2912,#2913);
#2911 = CARTESIAN_POINT('',(436.471,235.326,-12.7));
#2912 = DIRECTION('',(-0.,-0.,-1.));
#2913 = DIRECTION('',(0.,-1.,0.));
#2914 = ORIENTED_EDGE('',*,*,#2915,.T.);
#2915 = EDGE_CURVE('',#2907,#2916,#2918,.T.);
#2916 = VERTEX_POINT('',#2917);
#2917 = CARTESIAN_POINT('',(453.123,238.5,-12.7));
#2918 = LINE('',#2919,#2920);
#2919 = CARTESIAN_POINT('',(433.297,238.5,-12.7));
#2920 = VECTOR('',#2921,1.);
#2921 = DIRECTION('',(1.,0.,0.));
#2922 = ORIENTED_EDGE('',*,*,#2923,.F.);
#2923 = EDGE_CURVE('',#2865,#2916,#2924,.T.);
#2924 = CIRCLE('',#2925,3.174);
#2925 = AXIS2_PLACEMENT_3D('',#2926,#2927,#2928);
#2926 = CARTESIAN_POINT('',(453.123,235.326,-12.7));
#2927 = DIRECTION('',(-0.,0.,1.));
#2928 = DIRECTION('',(0.,-1.,0.));
#2929 = FACE_BOUND('',#2930,.T.);
#2930 = EDGE_LOOP('',(#2931,#2941,#2950,#2958,#2967,#2975,#2984,#2992));
#2931 = ORIENTED_EDGE('',*,*,#2932,.F.);
#2932 = EDGE_CURVE('',#2933,#2935,#2937,.T.);
#2933 = VERTEX_POINT('',#2934);
#2934 = CARTESIAN_POINT('',(431.397,111.674,-12.7));
#2935 = VERTEX_POINT('',#2936);
#2936 = CARTESIAN_POINT('',(431.397,153.326,-12.7));
#2937 = LINE('',#2938,#2939);
#2938 = CARTESIAN_POINT('',(431.397,108.5,-12.7));
#2939 = VECTOR('',#2940,1.);
#2940 = DIRECTION('',(0.,1.,0.));
#2941 = ORIENTED_EDGE('',*,*,#2942,.F.);
#2942 = EDGE_CURVE('',#2943,#2933,#2945,.T.);
#2943 = VERTEX_POINT('',#2944);
#2944 = CARTESIAN_POINT('',(428.223,108.5,-12.7));
#2945 = CIRCLE('',#2946,3.174);
#2946 = AXIS2_PLACEMENT_3D('',#2947,#2948,#2949);
#2947 = CARTESIAN_POINT('',(428.223,111.674,-12.7));
#2948 = DIRECTION('',(-0.,0.,1.));
#2949 = DIRECTION('',(0.,-1.,0.));
#2950 = ORIENTED_EDGE('',*,*,#2951,.F.);
#2951 = EDGE_CURVE('',#2952,#2943,#2954,.T.);
#2952 = VERTEX_POINT('',#2953);
#2953 = CARTESIAN_POINT('',(411.571,108.5,-12.7));
#2954 = LINE('',#2955,#2956);
#2955 = CARTESIAN_POINT('',(408.397,108.5,-12.7));
#2956 = VECTOR('',#2957,1.);
#2957 = DIRECTION('',(1.,0.,0.));
#2958 = ORIENTED_EDGE('',*,*,#2959,.F.);
#2959 = EDGE_CURVE('',#2960,#2952,#2962,.T.);
#2960 = VERTEX_POINT('',#2961);
#2961 = CARTESIAN_POINT('',(408.397,111.674,-12.7));
#2962 = CIRCLE('',#2963,3.174);
#2963 = AXIS2_PLACEMENT_3D('',#2964,#2965,#2966);
#2964 = CARTESIAN_POINT('',(411.571,111.674,-12.7));
#2965 = DIRECTION('',(-0.,0.,1.));
#2966 = DIRECTION('',(0.,-1.,0.));
#2967 = ORIENTED_EDGE('',*,*,#2968,.T.);
#2968 = EDGE_CURVE('',#2960,#2969,#2971,.T.);
#2969 = VERTEX_POINT('',#2970);
#2970 = CARTESIAN_POINT('',(408.397,153.326,-12.7));
#2971 = LINE('',#2972,#2973);
#2972 = CARTESIAN_POINT('',(408.397,108.5,-12.7));
#2973 = VECTOR('',#2974,1.);
#2974 = DIRECTION('',(0.,1.,0.));
#2975 = ORIENTED_EDGE('',*,*,#2976,.T.);
#2976 = EDGE_CURVE('',#2969,#2977,#2979,.T.);
#2977 = VERTEX_POINT('',#2978);
#2978 = CARTESIAN_POINT('',(411.571,156.5,-12.7));
#2979 = CIRCLE('',#2980,3.174);
#2980 = AXIS2_PLACEMENT_3D('',#2981,#2982,#2983);
#2981 = CARTESIAN_POINT('',(411.571,153.326,-12.7));
#2982 = DIRECTION('',(-0.,-0.,-1.));
#2983 = DIRECTION('',(0.,-1.,0.));
#2984 = ORIENTED_EDGE('',*,*,#2985,.T.);
#2985 = EDGE_CURVE('',#2977,#2986,#2988,.T.);
#2986 = VERTEX_POINT('',#2987);
#2987 = CARTESIAN_POINT('',(428.223,156.5,-12.7));
#2988 = LINE('',#2989,#2990);
#2989 = CARTESIAN_POINT('',(408.397,156.5,-12.7));
#2990 = VECTOR('',#2991,1.);
#2991 = DIRECTION('',(1.,0.,0.));
#2992 = ORIENTED_EDGE('',*,*,#2993,.F.);
#2993 = EDGE_CURVE('',#2935,#2986,#2994,.T.);
#2994 = CIRCLE('',#2995,3.174);
#2995 = AXIS2_PLACEMENT_3D('',#2996,#2997,#2998);
#2996 = CARTESIAN_POINT('',(428.223,153.326,-12.7));
#2997 = DIRECTION('',(-0.,0.,1.));
#2998 = DIRECTION('',(0.,-1.,0.));
#2999 = FACE_BOUND('',#3000,.T.);
#3000 = EDGE_LOOP('',(#3001,#3011,#3020,#3028,#3037,#3045,#3054,#3062));
#3001 = ORIENTED_EDGE('',*,*,#3002,.F.);
#3002 = EDGE_CURVE('',#3003,#3005,#3007,.T.);
#3003 = VERTEX_POINT('',#3004);
#3004 = CARTESIAN_POINT('',(454.897,111.674,-12.7));
#3005 = VERTEX_POINT('',#3006);
#3006 = CARTESIAN_POINT('',(454.897,153.326,-12.7));
#3007 = LINE('',#3008,#3009);
#3008 = CARTESIAN_POINT('',(454.897,108.5,-12.7));
#3009 = VECTOR('',#3010,1.);
#3010 = DIRECTION('',(0.,1.,0.));
#3011 = ORIENTED_EDGE('',*,*,#3012,.F.);
#3012 = EDGE_CURVE('',#3013,#3003,#3015,.T.);
#3013 = VERTEX_POINT('',#3014);
#3014 = CARTESIAN_POINT('',(451.723,108.5,-12.7));
#3015 = CIRCLE('',#3016,3.174);
#3016 = AXIS2_PLACEMENT_3D('',#3017,#3018,#3019);
#3017 = CARTESIAN_POINT('',(451.723,111.674,-12.7));
#3018 = DIRECTION('',(-0.,0.,1.));
#3019 = DIRECTION('',(0.,-1.,0.));
#3020 = ORIENTED_EDGE('',*,*,#3021,.F.);
#3021 = EDGE_CURVE('',#3022,#3013,#3024,.T.);
#3022 = VERTEX_POINT('',#3023);
#3023 = CARTESIAN_POINT('',(435.071,108.5,-12.7));
#3024 = LINE('',#3025,#3026);
#3025 = CARTESIAN_POINT('',(431.897,108.5,-12.7));
#3026 = VECTOR('',#3027,1.);
#3027 = DIRECTION('',(1.,0.,0.));
#3028 = ORIENTED_EDGE('',*,*,#3029,.F.);
#3029 = EDGE_CURVE('',#3030,#3022,#3032,.T.);
#3030 = VERTEX_POINT('',#3031);
#3031 = CARTESIAN_POINT('',(431.897,111.674,-12.7));
#3032 = CIRCLE('',#3033,3.174);
#3033 = AXIS2_PLACEMENT_3D('',#3034,#3035,#3036);
#3034 = CARTESIAN_POINT('',(435.071,111.674,-12.7));
#3035 = DIRECTION('',(-0.,0.,1.));
#3036 = DIRECTION('',(0.,-1.,0.));
#3037 = ORIENTED_EDGE('',*,*,#3038,.T.);
#3038 = EDGE_CURVE('',#3030,#3039,#3041,.T.);
#3039 = VERTEX_POINT('',#3040);
#3040 = CARTESIAN_POINT('',(431.897,153.326,-12.7));
#3041 = LINE('',#3042,#3043);
#3042 = CARTESIAN_POINT('',(431.897,108.5,-12.7));
#3043 = VECTOR('',#3044,1.);
#3044 = DIRECTION('',(0.,1.,0.));
#3045 = ORIENTED_EDGE('',*,*,#3046,.T.);
#3046 = EDGE_CURVE('',#3039,#3047,#3049,.T.);
#3047 = VERTEX_POINT('',#3048);
#3048 = CARTESIAN_POINT('',(435.071,156.5,-12.7));
#3049 = CIRCLE('',#3050,3.174);
#3050 = AXIS2_PLACEMENT_3D('',#3051,#3052,#3053);
#3051 = CARTESIAN_POINT('',(435.071,153.326,-12.7));
#3052 = DIRECTION('',(-0.,-0.,-1.));
#3053 = DIRECTION('',(0.,-1.,0.));
#3054 = ORIENTED_EDGE('',*,*,#3055,.T.);
#3055 = EDGE_CURVE('',#3047,#3056,#3058,.T.);
#3056 = VERTEX_POINT('',#3057);
#3057 = CARTESIAN_POINT('',(451.723,156.5,-12.7));
#3058 = LINE('',#3059,#3060);
#3059 = CARTESIAN_POINT('',(431.897,156.5,-12.7));
#3060 = VECTOR('',#3061,1.);
#3061 = DIRECTION('',(1.,0.,0.));
#3062 = ORIENTED_EDGE('',*,*,#3063,.F.);
#3063 = EDGE_CURVE('',#3005,#3056,#3064,.T.);
#3064 = CIRCLE('',#3065,3.174);
#3065 = AXIS2_PLACEMENT_3D('',#3066,#3067,#3068);
#3066 = CARTESIAN_POINT('',(451.723,153.326,-12.7));
#3067 = DIRECTION('',(-0.,0.,1.));
#3068 = DIRECTION('',(0.,-1.,0.));
#3069 = FACE_BOUND('',#3070,.T.);
#3070 = EDGE_LOOP('',(#3071,#3081,#3090,#3098,#3107,#3115,#3124,#3132));
#3071 = ORIENTED_EDGE('',*,*,#3072,.F.);
#3072 = EDGE_CURVE('',#3073,#3075,#3077,.T.);
#3073 = VERTEX_POINT('',#3074);
#3074 = CARTESIAN_POINT('',(369.997,193.674,-12.7));
#3075 = VERTEX_POINT('',#3076);
#3076 = CARTESIAN_POINT('',(369.997,235.326,-12.7));
#3077 = LINE('',#3078,#3079);
#3078 = CARTESIAN_POINT('',(369.997,190.5,-12.7));
#3079 = VECTOR('',#3080,1.);
#3080 = DIRECTION('',(0.,1.,0.));
#3081 = ORIENTED_EDGE('',*,*,#3082,.F.);
#3082 = EDGE_CURVE('',#3083,#3073,#3085,.T.);
#3083 = VERTEX_POINT('',#3084);
#3084 = CARTESIAN_POINT('',(366.823,190.5,-12.7));
#3085 = CIRCLE('',#3086,3.174);
#3086 = AXIS2_PLACEMENT_3D('',#3087,#3088,#3089);
#3087 = CARTESIAN_POINT('',(366.823,193.674,-12.7));
#3088 = DIRECTION('',(-0.,0.,1.));
#3089 = DIRECTION('',(0.,-1.,0.));
#3090 = ORIENTED_EDGE('',*,*,#3091,.F.);
#3091 = EDGE_CURVE('',#3092,#3083,#3094,.T.);
#3092 = VERTEX_POINT('',#3093);
#3093 = CARTESIAN_POINT('',(350.171,190.5,-12.7));
#3094 = LINE('',#3095,#3096);
#3095 = CARTESIAN_POINT('',(346.997,190.5,-12.7));
#3096 = VECTOR('',#3097,1.);
#3097 = DIRECTION('',(1.,0.,0.));
#3098 = ORIENTED_EDGE('',*,*,#3099,.F.);
#3099 = EDGE_CURVE('',#3100,#3092,#3102,.T.);
#3100 = VERTEX_POINT('',#3101);
#3101 = CARTESIAN_POINT('',(346.997,193.674,-12.7));
#3102 = CIRCLE('',#3103,3.174);
#3103 = AXIS2_PLACEMENT_3D('',#3104,#3105,#3106);
#3104 = CARTESIAN_POINT('',(350.171,193.674,-12.7));
#3105 = DIRECTION('',(-0.,0.,1.));
#3106 = DIRECTION('',(0.,-1.,0.));
#3107 = ORIENTED_EDGE('',*,*,#3108,.T.);
#3108 = EDGE_CURVE('',#3100,#3109,#3111,.T.);
#3109 = VERTEX_POINT('',#3110);
#3110 = CARTESIAN_POINT('',(346.997,235.326,-12.7));
#3111 = LINE('',#3112,#3113);
#3112 = CARTESIAN_POINT('',(346.997,190.5,-12.7));
#3113 = VECTOR('',#3114,1.);
#3114 = DIRECTION('',(0.,1.,0.));
#3115 = ORIENTED_EDGE('',*,*,#3116,.T.);
#3116 = EDGE_CURVE('',#3109,#3117,#3119,.T.);
#3117 = VERTEX_POINT('',#3118);
#3118 = CARTESIAN_POINT('',(350.171,238.5,-12.7));
#3119 = CIRCLE('',#3120,3.174);
#3120 = AXIS2_PLACEMENT_3D('',#3121,#3122,#3123);
#3121 = CARTESIAN_POINT('',(350.171,235.326,-12.7));
#3122 = DIRECTION('',(-0.,-0.,-1.));
#3123 = DIRECTION('',(0.,-1.,0.));
#3124 = ORIENTED_EDGE('',*,*,#3125,.T.);
#3125 = EDGE_CURVE('',#3117,#3126,#3128,.T.);
#3126 = VERTEX_POINT('',#3127);
#3127 = CARTESIAN_POINT('',(366.823,238.5,-12.7));
#3128 = LINE('',#3129,#3130);
#3129 = CARTESIAN_POINT('',(346.997,238.5,-12.7));
#3130 = VECTOR('',#3131,1.);
#3131 = DIRECTION('',(1.,0.,0.));
#3132 = ORIENTED_EDGE('',*,*,#3133,.F.);
#3133 = EDGE_CURVE('',#3075,#3126,#3134,.T.);
#3134 = CIRCLE('',#3135,3.174);
#3135 = AXIS2_PLACEMENT_3D('',#3136,#3137,#3138);
#3136 = CARTESIAN_POINT('',(366.823,235.326,-12.7));
#3137 = DIRECTION('',(-0.,0.,1.));
#3138 = DIRECTION('',(0.,-1.,0.));
#3139 = FACE_BOUND('',#3140,.T.);
#3140 = EDGE_LOOP('',(#3141,#3151,#3160,#3168,#3177,#3185,#3194,#3202));
#3141 = ORIENTED_EDGE('',*,*,#3142,.F.);
#3142 = EDGE_CURVE('',#3143,#3145,#3147,.T.);
#3143 = VERTEX_POINT('',#3144);
#3144 = CARTESIAN_POINT('',(243.997,253.674,-12.7));
#3145 = VERTEX_POINT('',#3146);
#3146 = CARTESIAN_POINT('',(243.997,295.326,-12.7));
#3147 = LINE('',#3148,#3149);
#3148 = CARTESIAN_POINT('',(243.997,250.5,-12.7));
#3149 = VECTOR('',#3150,1.);
#3150 = DIRECTION('',(0.,1.,0.));
#3151 = ORIENTED_EDGE('',*,*,#3152,.F.);
#3152 = EDGE_CURVE('',#3153,#3143,#3155,.T.);
#3153 = VERTEX_POINT('',#3154);
#3154 = CARTESIAN_POINT('',(240.823,250.5,-12.7));
#3155 = CIRCLE('',#3156,3.174);
#3156 = AXIS2_PLACEMENT_3D('',#3157,#3158,#3159);
#3157 = CARTESIAN_POINT('',(240.823,253.674,-12.7));
#3158 = DIRECTION('',(-0.,0.,1.));
#3159 = DIRECTION('',(0.,-1.,0.));
#3160 = ORIENTED_EDGE('',*,*,#3161,.F.);
#3161 = EDGE_CURVE('',#3162,#3153,#3164,.T.);
#3162 = VERTEX_POINT('',#3163);
#3163 = CARTESIAN_POINT('',(224.171,250.5,-12.7));
#3164 = LINE('',#3165,#3166);
#3165 = CARTESIAN_POINT('',(220.997,250.5,-12.7));
#3166 = VECTOR('',#3167,1.);
#3167 = DIRECTION('',(1.,0.,0.));
#3168 = ORIENTED_EDGE('',*,*,#3169,.F.);
#3169 = EDGE_CURVE('',#3170,#3162,#3172,.T.);
#3170 = VERTEX_POINT('',#3171);
#3171 = CARTESIAN_POINT('',(220.997,253.674,-12.7));
#3172 = CIRCLE('',#3173,3.174);
#3173 = AXIS2_PLACEMENT_3D('',#3174,#3175,#3176);
#3174 = CARTESIAN_POINT('',(224.171,253.674,-12.7));
#3175 = DIRECTION('',(-0.,0.,1.));
#3176 = DIRECTION('',(0.,-1.,0.));
#3177 = ORIENTED_EDGE('',*,*,#3178,.T.);
#3178 = EDGE_CURVE('',#3170,#3179,#3181,.T.);
#3179 = VERTEX_POINT('',#3180);
#3180 = CARTESIAN_POINT('',(220.997,295.326,-12.7));
#3181 = LINE('',#3182,#3183);
#3182 = CARTESIAN_POINT('',(220.997,250.5,-12.7));
#3183 = VECTOR('',#3184,1.);
#3184 = DIRECTION('',(0.,1.,0.));
#3185 = ORIENTED_EDGE('',*,*,#3186,.T.);
#3186 = EDGE_CURVE('',#3179,#3187,#3189,.T.);
#3187 = VERTEX_POINT('',#3188);
#3188 = CARTESIAN_POINT('',(224.171,298.5,-12.7));
#3189 = CIRCLE('',#3190,3.174);
#3190 = AXIS2_PLACEMENT_3D('',#3191,#3192,#3193);
#3191 = CARTESIAN_POINT('',(224.171,295.326,-12.7));
#3192 = DIRECTION('',(-0.,-0.,-1.));
#3193 = DIRECTION('',(0.,-1.,0.));
#3194 = ORIENTED_EDGE('',*,*,#3195,.T.);
#3195 = EDGE_CURVE('',#3187,#3196,#3198,.T.);
#3196 = VERTEX_POINT('',#3197);
#3197 = CARTESIAN_POINT('',(240.823,298.5,-12.7));
#3198 = LINE('',#3199,#3200);
#3199 = CARTESIAN_POINT('',(220.997,298.5,-12.7));
#3200 = VECTOR('',#3201,1.);
#3201 = DIRECTION('',(1.,0.,0.));
#3202 = ORIENTED_EDGE('',*,*,#3203,.F.);
#3203 = EDGE_CURVE('',#3145,#3196,#3204,.T.);
#3204 = CIRCLE('',#3205,3.174);
#3205 = AXIS2_PLACEMENT_3D('',#3206,#3207,#3208);
#3206 = CARTESIAN_POINT('',(240.823,295.326,-12.7));
#3207 = DIRECTION('',(-0.,0.,1.));
#3208 = DIRECTION('',(0.,-1.,0.));
#3209 = FACE_BOUND('',#3210,.T.);
#3210 = EDGE_LOOP('',(#3211,#3221,#3230,#3238,#3247,#3255,#3264,#3272));
#3211 = ORIENTED_EDGE('',*,*,#3212,.F.);
#3212 = EDGE_CURVE('',#3213,#3215,#3217,.T.);
#3213 = VERTEX_POINT('',#3214);
#3214 = CARTESIAN_POINT('',(493.397,61.174,-12.7));
#3215 = VERTEX_POINT('',#3216);
#3216 = CARTESIAN_POINT('',(493.397,102.826,-12.7));
#3217 = LINE('',#3218,#3219);
#3218 = CARTESIAN_POINT('',(493.397,58.,-12.7));
#3219 = VECTOR('',#3220,1.);
#3220 = DIRECTION('',(0.,1.,0.));
#3221 = ORIENTED_EDGE('',*,*,#3222,.F.);
#3222 = EDGE_CURVE('',#3223,#3213,#3225,.T.);
#3223 = VERTEX_POINT('',#3224);
#3224 = CARTESIAN_POINT('',(490.223,58.,-12.7));
#3225 = CIRCLE('',#3226,3.174);
#3226 = AXIS2_PLACEMENT_3D('',#3227,#3228,#3229);
#3227 = CARTESIAN_POINT('',(490.223,61.174,-12.7));
#3228 = DIRECTION('',(-0.,0.,1.));
#3229 = DIRECTION('',(0.,-1.,0.));
#3230 = ORIENTED_EDGE('',*,*,#3231,.F.);
#3231 = EDGE_CURVE('',#3232,#3223,#3234,.T.);
#3232 = VERTEX_POINT('',#3233);
#3233 = CARTESIAN_POINT('',(473.571,58.,-12.7));
#3234 = LINE('',#3235,#3236);
#3235 = CARTESIAN_POINT('',(470.397,58.,-12.7));
#3236 = VECTOR('',#3237,1.);
#3237 = DIRECTION('',(1.,0.,0.));
#3238 = ORIENTED_EDGE('',*,*,#3239,.F.);
#3239 = EDGE_CURVE('',#3240,#3232,#3242,.T.);
#3240 = VERTEX_POINT('',#3241);
#3241 = CARTESIAN_POINT('',(470.397,61.174,-12.7));
#3242 = CIRCLE('',#3243,3.174);
#3243 = AXIS2_PLACEMENT_3D('',#3244,#3245,#3246);
#3244 = CARTESIAN_POINT('',(473.571,61.174,-12.7));
#3245 = DIRECTION('',(-0.,0.,1.));
#3246 = DIRECTION('',(0.,-1.,0.));
#3247 = ORIENTED_EDGE('',*,*,#3248,.T.);
#3248 = EDGE_CURVE('',#3240,#3249,#3251,.T.);
#3249 = VERTEX_POINT('',#3250);
#3250 = CARTESIAN_POINT('',(470.397,102.826,-12.7));
#3251 = LINE('',#3252,#3253);
#3252 = CARTESIAN_POINT('',(470.397,58.,-12.7));
#3253 = VECTOR('',#3254,1.);
#3254 = DIRECTION('',(0.,1.,0.));
#3255 = ORIENTED_EDGE('',*,*,#3256,.T.);
#3256 = EDGE_CURVE('',#3249,#3257,#3259,.T.);
#3257 = VERTEX_POINT('',#3258);
#3258 = CARTESIAN_POINT('',(473.571,106.,-12.7));
#3259 = CIRCLE('',#3260,3.174);
#3260 = AXIS2_PLACEMENT_3D('',#3261,#3262,#3263);
#3261 = CARTESIAN_POINT('',(473.571,102.826,-12.7));
#3262 = DIRECTION('',(-0.,-0.,-1.));
#3263 = DIRECTION('',(0.,-1.,0.));
#3264 = ORIENTED_EDGE('',*,*,#3265,.T.);
#3265 = EDGE_CURVE('',#3257,#3266,#3268,.T.);
#3266 = VERTEX_POINT('',#3267);
#3267 = CARTESIAN_POINT('',(490.223,106.,-12.7));
#3268 = LINE('',#3269,#3270);
#3269 = CARTESIAN_POINT('',(470.397,106.,-12.7));
#3270 = VECTOR('',#3271,1.);
#3271 = DIRECTION('',(1.,0.,0.));
#3272 = ORIENTED_EDGE('',*,*,#3273,.F.);
#3273 = EDGE_CURVE('',#3215,#3266,#3274,.T.);
#3274 = CIRCLE('',#3275,3.174);
#3275 = AXIS2_PLACEMENT_3D('',#3276,#3277,#3278);
#3276 = CARTESIAN_POINT('',(490.223,102.826,-12.7));
#3277 = DIRECTION('',(-0.,0.,1.));
#3278 = DIRECTION('',(0.,-1.,0.));
#3279 = FACE_BOUND('',#3280,.T.);
#3280 = EDGE_LOOP('',(#3281,#3291,#3300,#3308,#3317,#3325,#3334,#3342));
#3281 = ORIENTED_EDGE('',*,*,#3282,.F.);
#3282 = EDGE_CURVE('',#3283,#3285,#3287,.T.);
#3283 = VERTEX_POINT('',#3284);
#3284 = CARTESIAN_POINT('',(300.397,61.174,-12.7));
#3285 = VERTEX_POINT('',#3286);
#3286 = CARTESIAN_POINT('',(300.397,102.826,-12.7));
#3287 = LINE('',#3288,#3289);
#3288 = CARTESIAN_POINT('',(300.397,58.,-12.7));
#3289 = VECTOR('',#3290,1.);
#3290 = DIRECTION('',(0.,1.,0.));
#3291 = ORIENTED_EDGE('',*,*,#3292,.F.);
#3292 = EDGE_CURVE('',#3293,#3283,#3295,.T.);
#3293 = VERTEX_POINT('',#3294);
#3294 = CARTESIAN_POINT('',(297.223,58.,-12.7));
#3295 = CIRCLE('',#3296,3.174);
#3296 = AXIS2_PLACEMENT_3D('',#3297,#3298,#3299);
#3297 = CARTESIAN_POINT('',(297.223,61.174,-12.7));
#3298 = DIRECTION('',(-0.,0.,1.));
#3299 = DIRECTION('',(0.,-1.,0.));
#3300 = ORIENTED_EDGE('',*,*,#3301,.F.);
#3301 = EDGE_CURVE('',#3302,#3293,#3304,.T.);
#3302 = VERTEX_POINT('',#3303);
#3303 = CARTESIAN_POINT('',(280.571,58.,-12.7));
#3304 = LINE('',#3305,#3306);
#3305 = CARTESIAN_POINT('',(277.397,58.,-12.7));
#3306 = VECTOR('',#3307,1.);
#3307 = DIRECTION('',(1.,0.,0.));
#3308 = ORIENTED_EDGE('',*,*,#3309,.F.);
#3309 = EDGE_CURVE('',#3310,#3302,#3312,.T.);
#3310 = VERTEX_POINT('',#3311);
#3311 = CARTESIAN_POINT('',(277.397,61.174,-12.7));
#3312 = CIRCLE('',#3313,3.174);
#3313 = AXIS2_PLACEMENT_3D('',#3314,#3315,#3316);
#3314 = CARTESIAN_POINT('',(280.571,61.174,-12.7));
#3315 = DIRECTION('',(-0.,0.,1.));
#3316 = DIRECTION('',(0.,-1.,0.));
#3317 = ORIENTED_EDGE('',*,*,#3318,.T.);
#3318 = EDGE_CURVE('',#3310,#3319,#3321,.T.);
#3319 = VERTEX_POINT('',#3320);
#3320 = CARTESIAN_POINT('',(277.397,102.826,-12.7));
#3321 = LINE('',#3322,#3323);
#3322 = CARTESIAN_POINT('',(277.397,58.,-12.7));
#3323 = VECTOR('',#3324,1.);
#3324 = DIRECTION('',(0.,1.,0.));
#3325 = ORIENTED_EDGE('',*,*,#3326,.T.);
#3326 = EDGE_CURVE('',#3319,#3327,#3329,.T.);
#3327 = VERTEX_POINT('',#3328);
#3328 = CARTESIAN_POINT('',(280.571,106.,-12.7));
#3329 = CIRCLE('',#3330,3.174);
#3330 = AXIS2_PLACEMENT_3D('',#3331,#3332,#3333);
#3331 = CARTESIAN_POINT('',(280.571,102.826,-12.7));
#3332 = DIRECTION('',(-0.,-0.,-1.));
#3333 = DIRECTION('',(0.,-1.,0.));
#3334 = ORIENTED_EDGE('',*,*,#3335,.T.);
#3335 = EDGE_CURVE('',#3327,#3336,#3338,.T.);
#3336 = VERTEX_POINT('',#3337);
#3337 = CARTESIAN_POINT('',(297.223,106.,-12.7));
#3338 = LINE('',#3339,#3340);
#3339 = CARTESIAN_POINT('',(277.397,106.,-12.7));
#3340 = VECTOR('',#3341,1.);
#3341 = DIRECTION('',(1.,0.,0.));
#3342 = ORIENTED_EDGE('',*,*,#3343,.F.);
#3343 = EDGE_CURVE('',#3285,#3336,#3344,.T.);
#3344 = CIRCLE('',#3345,3.174);
#3345 = AXIS2_PLACEMENT_3D('',#3346,#3347,#3348);
#3346 = CARTESIAN_POINT('',(297.223,102.826,-12.7));
#3347 = DIRECTION('',(-0.,0.,1.));
#3348 = DIRECTION('',(0.,-1.,0.));
#3349 = FACE_BOUND('',#3350,.T.);
#3350 = EDGE_LOOP('',(#3351,#3361,#3370,#3378,#3387,#3395,#3404,#3412));
#3351 = ORIENTED_EDGE('',*,*,#3352,.F.);
#3352 = EDGE_CURVE('',#3353,#3355,#3357,.T.);
#3353 = VERTEX_POINT('',#3354);
#3354 = CARTESIAN_POINT('',(515.397,282.174,-12.7));
#3355 = VERTEX_POINT('',#3356);
#3356 = CARTESIAN_POINT('',(515.397,323.826,-12.7));
#3357 = LINE('',#3358,#3359);
#3358 = CARTESIAN_POINT('',(515.397,279.,-12.7));
#3359 = VECTOR('',#3360,1.);
#3360 = DIRECTION('',(0.,1.,0.));
#3361 = ORIENTED_EDGE('',*,*,#3362,.F.);
#3362 = EDGE_CURVE('',#3363,#3353,#3365,.T.);
#3363 = VERTEX_POINT('',#3364);
#3364 = CARTESIAN_POINT('',(512.223,279.,-12.7));
#3365 = CIRCLE('',#3366,3.174);
#3366 = AXIS2_PLACEMENT_3D('',#3367,#3368,#3369);
#3367 = CARTESIAN_POINT('',(512.223,282.174,-12.7));
#3368 = DIRECTION('',(-0.,0.,1.));
#3369 = DIRECTION('',(0.,-1.,0.));
#3370 = ORIENTED_EDGE('',*,*,#3371,.F.);
#3371 = EDGE_CURVE('',#3372,#3363,#3374,.T.);
#3372 = VERTEX_POINT('',#3373);
#3373 = CARTESIAN_POINT('',(495.571,279.,-12.7));
#3374 = LINE('',#3375,#3376);
#3375 = CARTESIAN_POINT('',(492.397,279.,-12.7));
#3376 = VECTOR('',#3377,1.);
#3377 = DIRECTION('',(1.,0.,0.));
#3378 = ORIENTED_EDGE('',*,*,#3379,.F.);
#3379 = EDGE_CURVE('',#3380,#3372,#3382,.T.);
#3380 = VERTEX_POINT('',#3381);
#3381 = CARTESIAN_POINT('',(492.397,282.174,-12.7));
#3382 = CIRCLE('',#3383,3.174);
#3383 = AXIS2_PLACEMENT_3D('',#3384,#3385,#3386);
#3384 = CARTESIAN_POINT('',(495.571,282.174,-12.7));
#3385 = DIRECTION('',(-0.,0.,1.));
#3386 = DIRECTION('',(0.,-1.,0.));
#3387 = ORIENTED_EDGE('',*,*,#3388,.T.);
#3388 = EDGE_CURVE('',#3380,#3389,#3391,.T.);
#3389 = VERTEX_POINT('',#3390);
#3390 = CARTESIAN_POINT('',(492.397,323.826,-12.7));
#3391 = LINE('',#3392,#3393);
#3392 = CARTESIAN_POINT('',(492.397,279.,-12.7));
#3393 = VECTOR('',#3394,1.);
#3394 = DIRECTION('',(0.,1.,0.));
#3395 = ORIENTED_EDGE('',*,*,#3396,.T.);
#3396 = EDGE_CURVE('',#3389,#3397,#3399,.T.);
#3397 = VERTEX_POINT('',#3398);
#3398 = CARTESIAN_POINT('',(495.571,327.,-12.7));
#3399 = CIRCLE('',#3400,3.174);
#3400 = AXIS2_PLACEMENT_3D('',#3401,#3402,#3403);
#3401 = CARTESIAN_POINT('',(495.571,323.826,-12.7));
#3402 = DIRECTION('',(-0.,-0.,-1.));
#3403 = DIRECTION('',(0.,-1.,0.));
#3404 = ORIENTED_EDGE('',*,*,#3405,.T.);
#3405 = EDGE_CURVE('',#3397,#3406,#3408,.T.);
#3406 = VERTEX_POINT('',#3407);
#3407 = CARTESIAN_POINT('',(512.223,327.,-12.7));
#3408 = LINE('',#3409,#3410);
#3409 = CARTESIAN_POINT('',(492.397,327.,-12.7));
#3410 = VECTOR('',#3411,1.);
#3411 = DIRECTION('',(1.,0.,0.));
#3412 = ORIENTED_EDGE('',*,*,#3413,.F.);
#3413 = EDGE_CURVE('',#3355,#3406,#3414,.T.);
#3414 = CIRCLE('',#3415,3.174);
#3415 = AXIS2_PLACEMENT_3D('',#3416,#3417,#3418);
#3416 = CARTESIAN_POINT('',(512.223,323.826,-12.7));
#3417 = DIRECTION('',(-0.,0.,1.));
#3418 = DIRECTION('',(0.,-1.,0.));
#3419 = FACE_BOUND('',#3420,.T.);
#3420 = EDGE_LOOP('',(#3421,#3431,#3440,#3448,#3457,#3465,#3474,#3482));
#3421 = ORIENTED_EDGE('',*,*,#3422,.F.);
#3422 = EDGE_CURVE('',#3423,#3425,#3427,.T.);
#3423 = VERTEX_POINT('',#3424);
#3424 = CARTESIAN_POINT('',(278.826,283.5,-12.7));
#3425 = VERTEX_POINT('',#3426);
#3426 = CARTESIAN_POINT('',(247.174,283.5,-12.7));
#3427 = LINE('',#3428,#3429);
#3428 = CARTESIAN_POINT('',(142.5875,283.5,-12.7));
#3429 = VECTOR('',#3430,1.);
#3430 = DIRECTION('',(-1.,2.2E-16,0.));
#3431 = ORIENTED_EDGE('',*,*,#3432,.F.);
#3432 = EDGE_CURVE('',#3433,#3423,#3435,.T.);
#3433 = VERTEX_POINT('',#3434);
#3434 = CARTESIAN_POINT('',(282.,280.326,-12.7));
#3435 = CIRCLE('',#3436,3.174);
#3436 = AXIS2_PLACEMENT_3D('',#3437,#3438,#3439);
#3437 = CARTESIAN_POINT('',(278.826,280.326,-12.7));
#3438 = DIRECTION('',(-0.,0.,1.));
#3439 = DIRECTION('',(1.,-2.2E-16,0.));
#3440 = ORIENTED_EDGE('',*,*,#3441,.T.);
#3441 = EDGE_CURVE('',#3433,#3442,#3444,.T.);
#3442 = VERTEX_POINT('',#3443);
#3443 = CARTESIAN_POINT('',(282.,268.674,-12.7));
#3444 = LINE('',#3445,#3446);
#3445 = CARTESIAN_POINT('',(282.,127.9875,-12.7));
#3446 = VECTOR('',#3447,1.);
#3447 = DIRECTION('',(-2.2E-16,-1.,0.));
#3448 = ORIENTED_EDGE('',*,*,#3449,.F.);
#3449 = EDGE_CURVE('',#3450,#3442,#3452,.T.);
#3450 = VERTEX_POINT('',#3451);
#3451 = CARTESIAN_POINT('',(278.826,265.5,-12.7));
#3452 = CIRCLE('',#3453,3.174);
#3453 = AXIS2_PLACEMENT_3D('',#3454,#3455,#3456);
#3454 = CARTESIAN_POINT('',(278.826,268.674,-12.7));
#3455 = DIRECTION('',(0.,0.,1.));
#3456 = DIRECTION('',(-2.2E-16,-1.,0.));
#3457 = ORIENTED_EDGE('',*,*,#3458,.T.);
#3458 = EDGE_CURVE('',#3450,#3459,#3461,.T.);
#3459 = VERTEX_POINT('',#3460);
#3460 = CARTESIAN_POINT('',(247.174,265.5,-12.7));
#3461 = LINE('',#3462,#3463);
#3462 = CARTESIAN_POINT('',(142.5875,265.5,-12.7));
#3463 = VECTOR('',#3464,1.);
#3464 = DIRECTION('',(-1.,2.2E-16,0.));
#3465 = ORIENTED_EDGE('',*,*,#3466,.F.);
#3466 = EDGE_CURVE('',#3467,#3459,#3469,.T.);
#3467 = VERTEX_POINT('',#3468);
#3468 = CARTESIAN_POINT('',(244.,268.674,-12.7));
#3469 = CIRCLE('',#3470,3.174);
#3470 = AXIS2_PLACEMENT_3D('',#3471,#3472,#3473);
#3471 = CARTESIAN_POINT('',(247.174,268.674,-12.7));
#3472 = DIRECTION('',(0.,0.,1.));
#3473 = DIRECTION('',(-2.2E-16,-1.,0.));
#3474 = ORIENTED_EDGE('',*,*,#3475,.F.);
#3475 = EDGE_CURVE('',#3476,#3467,#3478,.T.);
#3476 = VERTEX_POINT('',#3477);
#3477 = CARTESIAN_POINT('',(244.,280.326,-12.7));
#3478 = LINE('',#3479,#3480);
#3479 = CARTESIAN_POINT('',(244.,127.9875,-12.7));
#3480 = VECTOR('',#3481,1.);
#3481 = DIRECTION('',(-2.2E-16,-1.,0.));
#3482 = ORIENTED_EDGE('',*,*,#3483,.F.);
#3483 = EDGE_CURVE('',#3425,#3476,#3484,.T.);
#3484 = CIRCLE('',#3485,3.174);
#3485 = AXIS2_PLACEMENT_3D('',#3486,#3487,#3488);
#3486 = CARTESIAN_POINT('',(247.174,280.326,-12.7));
#3487 = DIRECTION('',(0.,-0.,1.));
#3488 = DIRECTION('',(2.2E-16,1.,0.));
#3489 = FACE_BOUND('',#3490,.T.);
#3490 = EDGE_LOOP('',(#3491,#3502,#3510,#3519,#3527,#3536,#3544,#3553,
    #3562,#3570));
#3491 = ORIENTED_EDGE('',*,*,#3492,.F.);
#3492 = EDGE_CURVE('',#3493,#3495,#3497,.T.);
#3493 = VERTEX_POINT('',#3494);
#3494 = CARTESIAN_POINT('',(115.76600235954,24.472424180612,-12.7));
#3495 = VERTEX_POINT('',#3496);
#3496 = CARTESIAN_POINT('',(113.72382300643,25.395621555009,-12.7));
#3497 = CIRCLE('',#3498,3.174);
#3498 = AXIS2_PLACEMENT_3D('',#3499,#3500,#3501);
#3499 = CARTESIAN_POINT('',(113.52164543605,22.228067257126,-12.7));
#3500 = DIRECTION('',(0.,-0.,1.));
#3501 = DIRECTION('',(0.707106781187,0.707106781187,0.));
#3502 = ORIENTED_EDGE('',*,*,#3503,.F.);
#3503 = EDGE_CURVE('',#3504,#3493,#3506,.T.);
#3504 = VERTEX_POINT('',#3505);
#3505 = CARTESIAN_POINT('',(125.4038679031,14.834558637052,-12.7));
#3506 = LINE('',#3507,#3508);
#3507 = CARTESIAN_POINT('',(102.05871904833,38.179707491822,-12.7));
#3508 = VECTOR('',#3509,1.);
#3509 = DIRECTION('',(-0.707106781187,0.707106781187,0.));
#3510 = ORIENTED_EDGE('',*,*,#3511,.F.);
#3511 = EDGE_CURVE('',#3512,#3504,#3514,.T.);
#3512 = VERTEX_POINT('',#3513);
#3513 = CARTESIAN_POINT('',(125.4038679031,10.34584479008,-12.7));
#3514 = CIRCLE('',#3515,3.174);
#3515 = AXIS2_PLACEMENT_3D('',#3516,#3517,#3518);
#3516 = CARTESIAN_POINT('',(123.15951097962,12.590201713566,-12.7));
#3517 = DIRECTION('',(-0.,0.,1.));
#3518 = DIRECTION('',(0.707106781187,-0.707106781187,0.));
#3519 = ORIENTED_EDGE('',*,*,#3520,.T.);
#3520 = EDGE_CURVE('',#3512,#3521,#3523,.T.);
#3521 = VERTEX_POINT('',#3522);
#3522 = CARTESIAN_POINT('',(114.32916133431,-0.728861778708,-12.7));
#3523 = LINE('',#3524,#3525);
#3524 = CARTESIAN_POINT('',(83.219407983673,-31.83861512935,-12.7));
#3525 = VECTOR('',#3526,1.);
#3526 = DIRECTION('',(-0.707106781187,-0.707106781187,0.));
#3527 = ORIENTED_EDGE('',*,*,#3528,.F.);
#3528 = EDGE_CURVE('',#3529,#3521,#3531,.T.);
#3529 = VERTEX_POINT('',#3530);
#3530 = CARTESIAN_POINT('',(109.84044748734,-0.728861778708,-12.7));
#3531 = CIRCLE('',#3532,3.174);
#3532 = AXIS2_PLACEMENT_3D('',#3533,#3534,#3535);
#3533 = CARTESIAN_POINT('',(112.08480441083,1.515495144778,-12.7));
#3534 = DIRECTION('',(0.,0.,1.));
#3535 = DIRECTION('',(-0.707106781187,-0.707106781187,0.));
#3536 = ORIENTED_EDGE('',*,*,#3537,.T.);
#3537 = EDGE_CURVE('',#3529,#3538,#3540,.T.);
#3538 = VERTEX_POINT('',#3539);
#3539 = CARTESIAN_POINT('',(100.20258194378,8.909003764853,-12.7));
#3540 = LINE('',#3541,#3542);
#3541 = CARTESIAN_POINT('',(86.495298632575,22.616287076062,-12.7));
#3542 = VECTOR('',#3543,1.);
#3543 = DIRECTION('',(-0.707106781187,0.707106781187,0.));
#3544 = ORIENTED_EDGE('',*,*,#3545,.F.);
#3545 = EDGE_CURVE('',#3546,#3538,#3548,.T.);
#3546 = VERTEX_POINT('',#3547);
#3547 = CARTESIAN_POINT('',(99.310268270961,11.638719906077,-12.7));
#3548 = CIRCLE('',#3549,3.174);
#3549 = AXIS2_PLACEMENT_3D('',#3550,#3551,#3552);
#3550 = CARTESIAN_POINT('',(102.44693886727,11.153360688339,-12.7));
#3551 = DIRECTION('',(0.,0.,1.));
#3552 = DIRECTION('',(-0.707106781187,-0.707106781187,0.));
#3553 = ORIENTED_EDGE('',*,*,#3554,.F.);
#3554 = EDGE_CURVE('',#3555,#3546,#3557,.T.);
#3555 = VERTEX_POINT('',#3556);
#3556 = CARTESIAN_POINT('',(100.20258194378,13.397717611825,-12.7));
#3557 = CIRCLE('',#3558,3.174);
#3558 = AXIS2_PLACEMENT_3D('',#3559,#3560,#3561);
#3559 = CARTESIAN_POINT('',(102.44693886727,11.153360688339,-12.7));
#3560 = DIRECTION('',(0.,0.,1.));
#3561 = DIRECTION('',(-0.707106781187,-0.707106781187,0.));
#3562 = ORIENTED_EDGE('',*,*,#3563,.F.);
#3563 = EDGE_CURVE('',#3564,#3555,#3566,.T.);
#3564 = VERTEX_POINT('',#3565);
#3565 = CARTESIAN_POINT('',(111.27728851257,24.472424180612,-12.7));
#3566 = LINE('',#3567,#3568);
#3567 = CARTESIAN_POINT('',(69.09282859314,-17.71203573882,-12.7));
#3568 = VECTOR('',#3569,1.);
#3569 = DIRECTION('',(-0.707106781187,-0.707106781187,0.));
#3570 = ORIENTED_EDGE('',*,*,#3571,.F.);
#3571 = EDGE_CURVE('',#3495,#3564,#3572,.T.);
#3572 = CIRCLE('',#3573,3.174);
#3573 = AXIS2_PLACEMENT_3D('',#3574,#3575,#3576);
#3574 = CARTESIAN_POINT('',(113.52164543605,22.228067257126,-12.7));
#3575 = DIRECTION('',(0.,-0.,1.));
#3576 = DIRECTION('',(0.707106781187,0.707106781187,0.));
#3577 = FACE_BOUND('',#3578,.T.);
#3578 = EDGE_LOOP('',(#3579,#3590,#3598,#3607,#3615,#3624,#3632,#3641,
    #3650,#3658));
#3579 = ORIENTED_EDGE('',*,*,#3580,.F.);
#3580 = EDGE_CURVE('',#3581,#3583,#3585,.T.);
#3581 = VERTEX_POINT('',#3582);
#3582 = CARTESIAN_POINT('',(178.47242418061,288.73399764045,-12.7));
#3583 = VERTEX_POINT('',#3584);
#3584 = CARTESIAN_POINT('',(179.395621555,290.77617699356,-12.7));
#3585 = CIRCLE('',#3586,3.174);
#3586 = AXIS2_PLACEMENT_3D('',#3587,#3588,#3589);
#3587 = CARTESIAN_POINT('',(176.22806725712,290.97835456394,-12.7));
#3588 = DIRECTION('',(-0.,0.,1.));
#3589 = DIRECTION('',(0.707106781187,-0.707106781187,0.));
#3590 = ORIENTED_EDGE('',*,*,#3591,.F.);
#3591 = EDGE_CURVE('',#3592,#3581,#3594,.T.);
#3592 = VERTEX_POINT('',#3593);
#3593 = CARTESIAN_POINT('',(168.83455863705,279.09613209689,-12.7));
#3594 = LINE('',#3595,#3596);
#3595 = CARTESIAN_POINT('',(54.142207491822,164.40378095166,-12.7));
#3596 = VECTOR('',#3597,1.);
#3597 = DIRECTION('',(0.707106781187,0.707106781187,0.));
#3598 = ORIENTED_EDGE('',*,*,#3599,.F.);
#3599 = EDGE_CURVE('',#3600,#3592,#3602,.T.);
#3600 = VERTEX_POINT('',#3601);
#3601 = CARTESIAN_POINT('',(164.34584479007,279.09613209689,-12.7));
#3602 = CIRCLE('',#3603,3.174);
#3603 = AXIS2_PLACEMENT_3D('',#3604,#3605,#3606);
#3604 = CARTESIAN_POINT('',(166.59020171356,281.34048902038,-12.7));
#3605 = DIRECTION('',(0.,0.,1.));
#3606 = DIRECTION('',(-0.707106781187,-0.707106781187,0.));
#3607 = ORIENTED_EDGE('',*,*,#3608,.T.);
#3608 = EDGE_CURVE('',#3600,#3609,#3611,.T.);
#3609 = VERTEX_POINT('',#3610);
#3610 = CARTESIAN_POINT('',(153.27113822129,290.17083866568,-12.7));
#3611 = LINE('',#3612,#3613);
#3612 = CARTESIAN_POINT('',(189.54888487064,253.89309201632,-12.7));
#3613 = VECTOR('',#3614,1.);
#3614 = DIRECTION('',(-0.707106781187,0.707106781187,0.));
#3615 = ORIENTED_EDGE('',*,*,#3616,.F.);
#3616 = EDGE_CURVE('',#3617,#3609,#3619,.T.);
#3617 = VERTEX_POINT('',#3618);
#3618 = CARTESIAN_POINT('',(153.27113822129,294.65955251265,-12.7));
#3619 = CIRCLE('',#3620,3.174);
#3620 = AXIS2_PLACEMENT_3D('',#3621,#3622,#3623);
#3621 = CARTESIAN_POINT('',(155.51549514477,292.41519558916,-12.7));
#3622 = DIRECTION('',(0.,0.,1.));
#3623 = DIRECTION('',(-0.707106781187,0.707106781187,0.));
#3624 = ORIENTED_EDGE('',*,*,#3625,.T.);
#3625 = EDGE_CURVE('',#3617,#3626,#3628,.T.);
#3626 = VERTEX_POINT('',#3627);
#3627 = CARTESIAN_POINT('',(162.90900376485,304.29741805621,-12.7));
#3628 = LINE('',#3629,#3630);
#3629 = CARTESIAN_POINT('',(38.578787076062,179.96720136742,-12.7));
#3630 = VECTOR('',#3631,1.);
#3631 = DIRECTION('',(0.707106781187,0.707106781187,0.));
#3632 = ORIENTED_EDGE('',*,*,#3633,.F.);
#3633 = EDGE_CURVE('',#3634,#3626,#3636,.T.);
#3634 = VERTEX_POINT('',#3635);
#3635 = CARTESIAN_POINT('',(165.63871990607,305.18973172904,-12.7));
#3636 = CIRCLE('',#3637,3.174);
#3637 = AXIS2_PLACEMENT_3D('',#3638,#3639,#3640);
#3638 = CARTESIAN_POINT('',(165.15336068833,302.05306113272,-12.7));
#3639 = DIRECTION('',(0.,0.,1.));
#3640 = DIRECTION('',(-0.707106781187,0.707106781187,0.));
#3641 = ORIENTED_EDGE('',*,*,#3642,.F.);
#3642 = EDGE_CURVE('',#3643,#3634,#3645,.T.);
#3643 = VERTEX_POINT('',#3644);
#3644 = CARTESIAN_POINT('',(167.39771761182,304.29741805621,-12.7));
#3645 = CIRCLE('',#3646,3.174);
#3646 = AXIS2_PLACEMENT_3D('',#3647,#3648,#3649);
#3647 = CARTESIAN_POINT('',(165.15336068833,302.05306113272,-12.7));
#3648 = DIRECTION('',(0.,0.,1.));
#3649 = DIRECTION('',(-0.707106781187,0.707106781187,0.));
#3650 = ORIENTED_EDGE('',*,*,#3651,.F.);
#3651 = EDGE_CURVE('',#3652,#3643,#3654,.T.);
#3652 = VERTEX_POINT('',#3653);
#3653 = CARTESIAN_POINT('',(178.47242418061,293.22271148742,-12.7));
#3654 = LINE('',#3655,#3656);
#3655 = CARTESIAN_POINT('',(203.67546426117,268.01967140686,-12.7));
#3656 = VECTOR('',#3657,1.);
#3657 = DIRECTION('',(-0.707106781187,0.707106781187,0.));
#3658 = ORIENTED_EDGE('',*,*,#3659,.F.);
#3659 = EDGE_CURVE('',#3583,#3652,#3660,.T.);
#3660 = CIRCLE('',#3661,3.174);
#3661 = AXIS2_PLACEMENT_3D('',#3662,#3663,#3664);
#3662 = CARTESIAN_POINT('',(176.22806725712,290.97835456394,-12.7));
#3663 = DIRECTION('',(-0.,0.,1.));
#3664 = DIRECTION('',(0.707106781187,-0.707106781187,0.));
#3665 = FACE_BOUND('',#3666,.T.);
#3666 = EDGE_LOOP('',(#3667,#3678,#3686,#3695,#3703,#3712,#3720,#3729,
    #3738,#3746));
#3667 = ORIENTED_EDGE('',*,*,#3668,.F.);
#3668 = EDGE_CURVE('',#3669,#3671,#3673,.T.);
#3669 = VERTEX_POINT('',#3670);
#3670 = CARTESIAN_POINT('',(213.52757581938,27.766002359545,-12.7));
#3671 = VERTEX_POINT('',#3672);
#3672 = CARTESIAN_POINT('',(212.60437844499,25.723823006433,-12.7));
#3673 = CIRCLE('',#3674,3.174);
#3674 = AXIS2_PLACEMENT_3D('',#3675,#3676,#3677);
#3675 = CARTESIAN_POINT('',(215.77193274287,25.521645436059,-12.7));
#3676 = DIRECTION('',(0.,0.,1.));
#3677 = DIRECTION('',(-0.707106781187,0.707106781187,0.));
#3678 = ORIENTED_EDGE('',*,*,#3679,.F.);
#3679 = EDGE_CURVE('',#3680,#3669,#3682,.T.);
#3680 = VERTEX_POINT('',#3681);
#3681 = CARTESIAN_POINT('',(223.16544136294,37.403867903106,-12.7));
#3682 = LINE('',#3683,#3684);
#3683 = CARTESIAN_POINT('',(157.55779250817,-28.20378095166,-12.7));
#3684 = VECTOR('',#3685,1.);
#3685 = DIRECTION('',(-0.707106781187,-0.707106781187,0.));
#3686 = ORIENTED_EDGE('',*,*,#3687,.F.);
#3687 = EDGE_CURVE('',#3688,#3680,#3690,.T.);
#3688 = VERTEX_POINT('',#3689);
#3689 = CARTESIAN_POINT('',(227.65415520992,37.403867903106,-12.7));
#3690 = CIRCLE('',#3691,3.174);
#3691 = AXIS2_PLACEMENT_3D('',#3692,#3693,#3694);
#3692 = CARTESIAN_POINT('',(225.40979828643,35.15951097962,-12.7));
#3693 = DIRECTION('',(0.,-0.,1.));
#3694 = DIRECTION('',(0.707106781187,0.707106781187,0.));
#3695 = ORIENTED_EDGE('',*,*,#3696,.T.);
#3696 = EDGE_CURVE('',#3688,#3697,#3699,.T.);
#3697 = VERTEX_POINT('',#3698);
#3698 = CARTESIAN_POINT('',(238.7288617787,26.329161334318,-12.7));
#3699 = LINE('',#3700,#3701);
#3700 = CARTESIAN_POINT('',(189.92611512935,75.131907983673,-12.7));
#3701 = VECTOR('',#3702,1.);
#3702 = DIRECTION('',(0.707106781187,-0.707106781187,0.));
#3703 = ORIENTED_EDGE('',*,*,#3704,.F.);
#3704 = EDGE_CURVE('',#3705,#3697,#3707,.T.);
#3705 = VERTEX_POINT('',#3706);
#3706 = CARTESIAN_POINT('',(238.7288617787,21.840447487346,-12.7));
#3707 = CIRCLE('',#3708,3.174);
#3708 = AXIS2_PLACEMENT_3D('',#3709,#3710,#3711);
#3709 = CARTESIAN_POINT('',(236.48450485522,24.084804410832,-12.7));
#3710 = DIRECTION('',(-0.,0.,1.));
#3711 = DIRECTION('',(0.707106781187,-0.707106781187,0.));
#3712 = ORIENTED_EDGE('',*,*,#3713,.T.);
#3713 = EDGE_CURVE('',#3705,#3714,#3716,.T.);
#3714 = VERTEX_POINT('',#3715);
#3715 = CARTESIAN_POINT('',(229.09099623514,12.202581943785,-12.7));
#3716 = LINE('',#3717,#3718);
#3717 = CARTESIAN_POINT('',(173.12121292393,-43.76720136742,-12.7));
#3718 = VECTOR('',#3719,1.);
#3719 = DIRECTION('',(-0.707106781187,-0.707106781187,0.));
#3720 = ORIENTED_EDGE('',*,*,#3721,.F.);
#3721 = EDGE_CURVE('',#3722,#3714,#3724,.T.);
#3722 = VERTEX_POINT('',#3723);
#3723 = CARTESIAN_POINT('',(226.36128009392,11.31026827096,-12.7));
#3724 = CIRCLE('',#3725,3.174);
#3725 = AXIS2_PLACEMENT_3D('',#3726,#3727,#3728);
#3726 = CARTESIAN_POINT('',(226.84663931166,14.446938867271,-12.7));
#3727 = DIRECTION('',(-0.,0.,1.));
#3728 = DIRECTION('',(0.707106781187,-0.707106781187,0.));
#3729 = ORIENTED_EDGE('',*,*,#3730,.F.);
#3730 = EDGE_CURVE('',#3731,#3722,#3733,.T.);
#3731 = VERTEX_POINT('',#3732);
#3732 = CARTESIAN_POINT('',(224.60228238817,12.202581943785,-12.7));
#3733 = CIRCLE('',#3734,3.174);
#3734 = AXIS2_PLACEMENT_3D('',#3735,#3736,#3737);
#3735 = CARTESIAN_POINT('',(226.84663931166,14.446938867271,-12.7));
#3736 = DIRECTION('',(-0.,0.,1.));
#3737 = DIRECTION('',(0.707106781187,-0.707106781187,0.));
#3738 = ORIENTED_EDGE('',*,*,#3739,.F.);
#3739 = EDGE_CURVE('',#3740,#3731,#3742,.T.);
#3740 = VERTEX_POINT('',#3741);
#3741 = CARTESIAN_POINT('',(213.52757581938,23.277288512573,-12.7));
#3742 = LINE('',#3743,#3744);
#3743 = CARTESIAN_POINT('',(175.79953573882,61.00532859314,-12.7));
#3744 = VECTOR('',#3745,1.);
#3745 = DIRECTION('',(0.707106781187,-0.707106781187,0.));
#3746 = ORIENTED_EDGE('',*,*,#3747,.F.);
#3747 = EDGE_CURVE('',#3671,#3740,#3748,.T.);
#3748 = CIRCLE('',#3749,3.174);
#3749 = AXIS2_PLACEMENT_3D('',#3750,#3751,#3752);
#3750 = CARTESIAN_POINT('',(215.77193274287,25.521645436059,-12.7));
#3751 = DIRECTION('',(0.,0.,1.));
#3752 = DIRECTION('',(-0.707106781187,0.707106781187,0.));
#3753 = FACE_BOUND('',#3754,.T.);
#3754 = EDGE_LOOP('',(#3755,#3766,#3774,#3783,#3791,#3800,#3808,#3817,
    #3826,#3834));
#3755 = ORIENTED_EDGE('',*,*,#3756,.F.);
#3756 = EDGE_CURVE('',#3757,#3759,#3761,.T.);
#3757 = VERTEX_POINT('',#3758);
#3758 = CARTESIAN_POINT('',(275.47242418061,317.23399764045,-12.7));
#3759 = VERTEX_POINT('',#3760);
#3760 = CARTESIAN_POINT('',(276.39562155501,319.27617699356,-12.7));
#3761 = CIRCLE('',#3762,3.174);
#3762 = AXIS2_PLACEMENT_3D('',#3763,#3764,#3765);
#3763 = CARTESIAN_POINT('',(273.22806725712,319.47835456394,-12.7));
#3764 = DIRECTION('',(-0.,0.,1.));
#3765 = DIRECTION('',(0.707106781187,-0.707106781187,0.));
#3766 = ORIENTED_EDGE('',*,*,#3767,.F.);
#3767 = EDGE_CURVE('',#3768,#3757,#3770,.T.);
#3768 = VERTEX_POINT('',#3769);
#3769 = CARTESIAN_POINT('',(265.83455863705,307.59613209689,-12.7));
#3770 = LINE('',#3771,#3772);
#3771 = CARTESIAN_POINT('',(119.76720749182,161.52878095166,-12.7));
#3772 = VECTOR('',#3773,1.);
#3773 = DIRECTION('',(0.707106781187,0.707106781187,0.));
#3774 = ORIENTED_EDGE('',*,*,#3775,.F.);
#3775 = EDGE_CURVE('',#3776,#3768,#3778,.T.);
#3776 = VERTEX_POINT('',#3777);
#3777 = CARTESIAN_POINT('',(261.34584479008,307.59613209689,-12.7));
#3778 = CIRCLE('',#3779,3.174);
#3779 = AXIS2_PLACEMENT_3D('',#3780,#3781,#3782);
#3780 = CARTESIAN_POINT('',(263.59020171356,309.84048902038,-12.7));
#3781 = DIRECTION('',(0.,0.,1.));
#3782 = DIRECTION('',(-0.707106781187,-0.707106781187,0.));
#3783 = ORIENTED_EDGE('',*,*,#3784,.T.);
#3784 = EDGE_CURVE('',#3776,#3785,#3787,.T.);
#3785 = VERTEX_POINT('',#3786);
#3786 = CARTESIAN_POINT('',(250.27113822129,318.67083866568,-12.7));
#3787 = LINE('',#3788,#3789);
#3788 = CARTESIAN_POINT('',(269.42388487064,299.51809201632,-12.7));
#3789 = VECTOR('',#3790,1.);
#3790 = DIRECTION('',(-0.707106781187,0.707106781187,0.));
#3791 = ORIENTED_EDGE('',*,*,#3792,.F.);
#3792 = EDGE_CURVE('',#3793,#3785,#3795,.T.);
#3793 = VERTEX_POINT('',#3794);
#3794 = CARTESIAN_POINT('',(250.27113822129,323.15955251265,-12.7));
#3795 = CIRCLE('',#3796,3.174);
#3796 = AXIS2_PLACEMENT_3D('',#3797,#3798,#3799);
#3797 = CARTESIAN_POINT('',(252.51549514477,320.91519558916,-12.7));
#3798 = DIRECTION('',(0.,0.,1.));
#3799 = DIRECTION('',(-0.707106781187,0.707106781187,0.));
#3800 = ORIENTED_EDGE('',*,*,#3801,.T.);
#3801 = EDGE_CURVE('',#3793,#3802,#3804,.T.);
#3802 = VERTEX_POINT('',#3803);
#3803 = CARTESIAN_POINT('',(259.90900376485,332.79741805621,-12.7));
#3804 = LINE('',#3805,#3806);
#3805 = CARTESIAN_POINT('',(104.20378707606,177.09220136742,-12.7));
#3806 = VECTOR('',#3807,1.);
#3807 = DIRECTION('',(0.707106781187,0.707106781187,0.));
#3808 = ORIENTED_EDGE('',*,*,#3809,.F.);
#3809 = EDGE_CURVE('',#3810,#3802,#3812,.T.);
#3810 = VERTEX_POINT('',#3811);
#3811 = CARTESIAN_POINT('',(262.63871990607,333.68973172904,-12.7));
#3812 = CIRCLE('',#3813,3.174);
#3813 = AXIS2_PLACEMENT_3D('',#3814,#3815,#3816);
#3814 = CARTESIAN_POINT('',(262.15336068833,330.55306113272,-12.7));
#3815 = DIRECTION('',(0.,0.,1.));
#3816 = DIRECTION('',(-0.707106781187,0.707106781187,0.));
#3817 = ORIENTED_EDGE('',*,*,#3818,.F.);
#3818 = EDGE_CURVE('',#3819,#3810,#3821,.T.);
#3819 = VERTEX_POINT('',#3820);
#3820 = CARTESIAN_POINT('',(264.39771761182,332.79741805621,-12.7));
#3821 = CIRCLE('',#3822,3.174);
#3822 = AXIS2_PLACEMENT_3D('',#3823,#3824,#3825);
#3823 = CARTESIAN_POINT('',(262.15336068833,330.55306113272,-12.7));
#3824 = DIRECTION('',(0.,0.,1.));
#3825 = DIRECTION('',(-0.707106781187,0.707106781187,0.));
#3826 = ORIENTED_EDGE('',*,*,#3827,.F.);
#3827 = EDGE_CURVE('',#3828,#3819,#3830,.T.);
#3828 = VERTEX_POINT('',#3829);
#3829 = CARTESIAN_POINT('',(275.47242418061,321.72271148742,-12.7));
#3830 = LINE('',#3831,#3832);
#3831 = CARTESIAN_POINT('',(283.55046426117,313.64467140686,-12.7));
#3832 = VECTOR('',#3833,1.);
#3833 = DIRECTION('',(-0.707106781187,0.707106781187,0.));
#3834 = ORIENTED_EDGE('',*,*,#3835,.F.);
#3835 = EDGE_CURVE('',#3759,#3828,#3836,.T.);
#3836 = CIRCLE('',#3837,3.174);
#3837 = AXIS2_PLACEMENT_3D('',#3838,#3839,#3840);
#3838 = CARTESIAN_POINT('',(273.22806725712,319.47835456394,-12.7));
#3839 = DIRECTION('',(-0.,0.,1.));
#3840 = DIRECTION('',(0.707106781187,-0.707106781187,0.));
#3841 = FACE_BOUND('',#3842,.T.);
#3842 = EDGE_LOOP('',(#3843,#3854,#3862,#3871,#3879,#3888,#3896,#3905,
    #3914,#3922));
#3843 = ORIENTED_EDGE('',*,*,#3844,.F.);
#3844 = EDGE_CURVE('',#3845,#3847,#3849,.T.);
#3845 = VERTEX_POINT('',#3846);
#3846 = CARTESIAN_POINT('',(318.76600235954,196.97242418061,-12.7));
#3847 = VERTEX_POINT('',#3848);
#3848 = CARTESIAN_POINT('',(316.72382300643,197.89562155501,-12.7));
#3849 = CIRCLE('',#3850,3.174);
#3850 = AXIS2_PLACEMENT_3D('',#3851,#3852,#3853);
#3851 = CARTESIAN_POINT('',(316.52164543605,194.72806725712,-12.7));
#3852 = DIRECTION('',(0.,-0.,1.));
#3853 = DIRECTION('',(0.707106781187,0.707106781187,0.));
#3854 = ORIENTED_EDGE('',*,*,#3855,.F.);
#3855 = EDGE_CURVE('',#3856,#3845,#3858,.T.);
#3856 = VERTEX_POINT('',#3857);
#3857 = CARTESIAN_POINT('',(328.4038679031,187.33455863705,-12.7));
#3858 = LINE('',#3859,#3860);
#3859 = CARTESIAN_POINT('',(297.43371904833,218.30470749182,-12.7));
#3860 = VECTOR('',#3861,1.);
#3861 = DIRECTION('',(-0.707106781187,0.707106781187,0.));
#3862 = ORIENTED_EDGE('',*,*,#3863,.F.);
#3863 = EDGE_CURVE('',#3864,#3856,#3866,.T.);
#3864 = VERTEX_POINT('',#3865);
#3865 = CARTESIAN_POINT('',(328.4038679031,182.84584479007,-12.7));
#3866 = CIRCLE('',#3867,3.174);
#3867 = AXIS2_PLACEMENT_3D('',#3868,#3869,#3870);
#3868 = CARTESIAN_POINT('',(326.15951097962,185.09020171356,-12.7));
#3869 = DIRECTION('',(-0.,0.,1.));
#3870 = DIRECTION('',(0.707106781187,-0.707106781187,0.));
#3871 = ORIENTED_EDGE('',*,*,#3872,.T.);
#3872 = EDGE_CURVE('',#3864,#3873,#3875,.T.);
#3873 = VERTEX_POINT('',#3874);
#3874 = CARTESIAN_POINT('',(317.32916133431,171.77113822129,-12.7));
#3875 = LINE('',#3876,#3877);
#3876 = CARTESIAN_POINT('',(192.34440798367,46.786384870646,-12.7));
#3877 = VECTOR('',#3878,1.);
#3878 = DIRECTION('',(-0.707106781187,-0.707106781187,0.));
#3879 = ORIENTED_EDGE('',*,*,#3880,.F.);
#3880 = EDGE_CURVE('',#3881,#3873,#3883,.T.);
#3881 = VERTEX_POINT('',#3882);
#3882 = CARTESIAN_POINT('',(312.84044748734,171.77113822129,-12.7));
#3883 = CIRCLE('',#3884,3.174);
#3884 = AXIS2_PLACEMENT_3D('',#3885,#3886,#3887);
#3885 = CARTESIAN_POINT('',(315.08480441083,174.01549514477,-12.7));
#3886 = DIRECTION('',(0.,0.,1.));
#3887 = DIRECTION('',(-0.707106781187,-0.707106781187,0.));
#3888 = ORIENTED_EDGE('',*,*,#3889,.T.);
#3889 = EDGE_CURVE('',#3881,#3890,#3892,.T.);
#3890 = VERTEX_POINT('',#3891);
#3891 = CARTESIAN_POINT('',(303.20258194378,181.40900376485,-12.7));
#3892 = LINE('',#3893,#3894);
#3893 = CARTESIAN_POINT('',(281.87029863257,202.74128707606,-12.7));
#3894 = VECTOR('',#3895,1.);
#3895 = DIRECTION('',(-0.707106781187,0.707106781187,0.));
#3896 = ORIENTED_EDGE('',*,*,#3897,.F.);
#3897 = EDGE_CURVE('',#3898,#3890,#3900,.T.);
#3898 = VERTEX_POINT('',#3899);
#3899 = CARTESIAN_POINT('',(302.31026827096,184.13871990607,-12.7));
#3900 = CIRCLE('',#3901,3.174);
#3901 = AXIS2_PLACEMENT_3D('',#3902,#3903,#3904);
#3902 = CARTESIAN_POINT('',(305.44693886727,183.65336068833,-12.7));
#3903 = DIRECTION('',(0.,0.,1.));
#3904 = DIRECTION('',(-0.707106781187,-0.707106781187,0.));
#3905 = ORIENTED_EDGE('',*,*,#3906,.F.);
#3906 = EDGE_CURVE('',#3907,#3898,#3909,.T.);
#3907 = VERTEX_POINT('',#3908);
#3908 = CARTESIAN_POINT('',(303.20258194378,185.89771761182,-12.7));
#3909 = CIRCLE('',#3910,3.174);
#3910 = AXIS2_PLACEMENT_3D('',#3911,#3912,#3913);
#3911 = CARTESIAN_POINT('',(305.44693886727,183.65336068833,-12.7));
#3912 = DIRECTION('',(0.,0.,1.));
#3913 = DIRECTION('',(-0.707106781187,-0.707106781187,0.));
#3914 = ORIENTED_EDGE('',*,*,#3915,.F.);
#3915 = EDGE_CURVE('',#3916,#3907,#3918,.T.);
#3916 = VERTEX_POINT('',#3917);
#3917 = CARTESIAN_POINT('',(314.27728851257,196.97242418061,-12.7));
#3918 = LINE('',#3919,#3920);
#3919 = CARTESIAN_POINT('',(178.21782859314,60.912964261179,-12.7));
#3920 = VECTOR('',#3921,1.);
#3921 = DIRECTION('',(-0.707106781187,-0.707106781187,0.));
#3922 = ORIENTED_EDGE('',*,*,#3923,.F.);
#3923 = EDGE_CURVE('',#3847,#3916,#3924,.T.);
#3924 = CIRCLE('',#3925,3.174);
#3925 = AXIS2_PLACEMENT_3D('',#3926,#3927,#3928);
#3926 = CARTESIAN_POINT('',(316.52164543605,194.72806725712,-12.7));
#3927 = DIRECTION('',(0.,-0.,1.));
#3928 = DIRECTION('',(0.707106781187,0.707106781187,0.));
#3929 = FACE_BOUND('',#3930,.T.);
#3930 = EDGE_LOOP('',(#3931,#3942,#3950,#3959,#3967,#3976,#3984,#3993,
    #4002,#4010));
#3931 = ORIENTED_EDGE('',*,*,#3932,.F.);
#3932 = EDGE_CURVE('',#3933,#3935,#3937,.T.);
#3933 = VERTEX_POINT('',#3934);
#3934 = CARTESIAN_POINT('',(248.76600235954,64.472424180612,-12.7));
#3935 = VERTEX_POINT('',#3936);
#3936 = CARTESIAN_POINT('',(246.72382300643,65.395621555006,-12.7));
#3937 = CIRCLE('',#3938,3.174);
#3938 = AXIS2_PLACEMENT_3D('',#3939,#3940,#3941);
#3939 = CARTESIAN_POINT('',(246.52164543605,62.228067257126,-12.7));
#3940 = DIRECTION('',(0.,-0.,1.));
#3941 = DIRECTION('',(0.707106781187,0.707106781187,0.));
#3942 = ORIENTED_EDGE('',*,*,#3943,.F.);
#3943 = EDGE_CURVE('',#3944,#3933,#3946,.T.);
#3944 = VERTEX_POINT('',#3945);
#3945 = CARTESIAN_POINT('',(258.4038679031,54.834558637052,-12.7));
#3946 = LINE('',#3947,#3948);
#3947 = CARTESIAN_POINT('',(211.80871904833,101.42970749182,-12.7));
#3948 = VECTOR('',#3949,1.);
#3949 = DIRECTION('',(-0.707106781187,0.707106781187,0.));
#3950 = ORIENTED_EDGE('',*,*,#3951,.F.);
#3951 = EDGE_CURVE('',#3952,#3944,#3954,.T.);
#3952 = VERTEX_POINT('',#3953);
#3953 = CARTESIAN_POINT('',(258.4038679031,50.34584479008,-12.7));
#3954 = CIRCLE('',#3955,3.174);
#3955 = AXIS2_PLACEMENT_3D('',#3956,#3957,#3958);
#3956 = CARTESIAN_POINT('',(256.15951097962,52.590201713566,-12.7));
#3957 = DIRECTION('',(-0.,0.,1.));
#3958 = DIRECTION('',(0.707106781187,-0.707106781187,0.));
#3959 = ORIENTED_EDGE('',*,*,#3960,.T.);
#3960 = EDGE_CURVE('',#3952,#3961,#3963,.T.);
#3961 = VERTEX_POINT('',#3962);
#3962 = CARTESIAN_POINT('',(247.32916133431,39.271138221292,-12.7));
#3963 = LINE('',#3964,#3965);
#3964 = CARTESIAN_POINT('',(172.96940798367,-35.08861512935,-12.7));
#3965 = VECTOR('',#3966,1.);
#3966 = DIRECTION('',(-0.707106781187,-0.707106781187,0.));
#3967 = ORIENTED_EDGE('',*,*,#3968,.F.);
#3968 = EDGE_CURVE('',#3969,#3961,#3971,.T.);
#3969 = VERTEX_POINT('',#3970);
#3970 = CARTESIAN_POINT('',(242.84044748734,39.271138221292,-12.7));
#3971 = CIRCLE('',#3972,3.174);
#3972 = AXIS2_PLACEMENT_3D('',#3973,#3974,#3975);
#3973 = CARTESIAN_POINT('',(245.08480441083,41.515495144778,-12.7));
#3974 = DIRECTION('',(0.,0.,1.));
#3975 = DIRECTION('',(-0.707106781187,-0.707106781187,0.));
#3976 = ORIENTED_EDGE('',*,*,#3977,.T.);
#3977 = EDGE_CURVE('',#3969,#3978,#3980,.T.);
#3978 = VERTEX_POINT('',#3979);
#3979 = CARTESIAN_POINT('',(233.20258194378,48.909003764853,-12.7));
#3980 = LINE('',#3981,#3982);
#3981 = CARTESIAN_POINT('',(196.24529863257,85.866287076062,-12.7));
#3982 = VECTOR('',#3983,1.);
#3983 = DIRECTION('',(-0.707106781187,0.707106781187,0.));
#3984 = ORIENTED_EDGE('',*,*,#3985,.F.);
#3985 = EDGE_CURVE('',#3986,#3978,#3988,.T.);
#3986 = VERTEX_POINT('',#3987);
#3987 = CARTESIAN_POINT('',(232.31026827096,51.638719906077,-12.7));
#3988 = CIRCLE('',#3989,3.174);
#3989 = AXIS2_PLACEMENT_3D('',#3990,#3991,#3992);
#3990 = CARTESIAN_POINT('',(235.44693886727,51.153360688339,-12.7));
#3991 = DIRECTION('',(0.,0.,1.));
#3992 = DIRECTION('',(-0.707106781187,-0.707106781187,0.));
#3993 = ORIENTED_EDGE('',*,*,#3994,.F.);
#3994 = EDGE_CURVE('',#3995,#3986,#3997,.T.);
#3995 = VERTEX_POINT('',#3996);
#3996 = CARTESIAN_POINT('',(233.20258194378,53.397717611825,-12.7));
#3997 = CIRCLE('',#3998,3.174);
#3998 = AXIS2_PLACEMENT_3D('',#3999,#4000,#4001);
#3999 = CARTESIAN_POINT('',(235.44693886727,51.153360688339,-12.7));
#4000 = DIRECTION('',(0.,0.,1.));
#4001 = DIRECTION('',(-0.707106781187,-0.707106781187,0.));
#4002 = ORIENTED_EDGE('',*,*,#4003,.F.);
#4003 = EDGE_CURVE('',#4004,#3995,#4006,.T.);
#4004 = VERTEX_POINT('',#4005);
#4005 = CARTESIAN_POINT('',(244.27728851257,64.472424180612,-12.7));
#4006 = LINE('',#4007,#4008);
#4007 = CARTESIAN_POINT('',(158.84282859314,-20.96203573882,-12.7));
#4008 = VECTOR('',#4009,1.);
#4009 = DIRECTION('',(-0.707106781187,-0.707106781187,0.));
#4010 = ORIENTED_EDGE('',*,*,#4011,.F.);
#4011 = EDGE_CURVE('',#3935,#4004,#4012,.T.);
#4012 = CIRCLE('',#4013,3.174);
#4013 = AXIS2_PLACEMENT_3D('',#4014,#4015,#4016);
#4014 = CARTESIAN_POINT('',(246.52164543605,62.228067257126,-12.7));
#4015 = DIRECTION('',(0.,-0.,1.));
#4016 = DIRECTION('',(0.707106781187,0.707106781187,0.));
#4017 = FACE_BOUND('',#4018,.T.);
#4018 = EDGE_LOOP('',(#4019,#4030,#4038,#4047,#4055,#4064,#4072,#4081,
    #4090,#4098));
#4019 = ORIENTED_EDGE('',*,*,#4020,.F.);
#4020 = EDGE_CURVE('',#4021,#4023,#4025,.T.);
#4021 = VERTEX_POINT('',#4022);
#4022 = CARTESIAN_POINT('',(293.47242418061,146.73399764045,-12.7));
#4023 = VERTEX_POINT('',#4024);
#4024 = CARTESIAN_POINT('',(294.39562155501,148.77617699356,-12.7));
#4025 = CIRCLE('',#4026,3.174);
#4026 = AXIS2_PLACEMENT_3D('',#4027,#4028,#4029);
#4027 = CARTESIAN_POINT('',(291.22806725712,148.97835456394,-12.7));
#4028 = DIRECTION('',(-0.,0.,1.));
#4029 = DIRECTION('',(0.707106781187,-0.707106781187,0.));
#4030 = ORIENTED_EDGE('',*,*,#4031,.F.);
#4031 = EDGE_CURVE('',#4032,#4021,#4034,.T.);
#4032 = VERTEX_POINT('',#4033);
#4033 = CARTESIAN_POINT('',(283.83455863705,137.09613209689,-12.7));
#4034 = LINE('',#4035,#4036);
#4035 = CARTESIAN_POINT('',(175.89220749182,29.153780951665,-12.7));
#4036 = VECTOR('',#4037,1.);
#4037 = DIRECTION('',(0.707106781187,0.707106781187,0.));
#4038 = ORIENTED_EDGE('',*,*,#4039,.F.);
#4039 = EDGE_CURVE('',#4040,#4032,#4042,.T.);
#4040 = VERTEX_POINT('',#4041);
#4041 = CARTESIAN_POINT('',(279.34584479008,137.09613209689,-12.7));
#4042 = CIRCLE('',#4043,3.174);
#4043 = AXIS2_PLACEMENT_3D('',#4044,#4045,#4046);
#4044 = CARTESIAN_POINT('',(281.59020171356,139.34048902038,-12.7));
#4045 = DIRECTION('',(0.,0.,1.));
#4046 = DIRECTION('',(-0.707106781187,-0.707106781187,0.));
#4047 = ORIENTED_EDGE('',*,*,#4048,.T.);
#4048 = EDGE_CURVE('',#4040,#4049,#4051,.T.);
#4049 = VERTEX_POINT('',#4050);
#4050 = CARTESIAN_POINT('',(268.27113822129,148.17083866568,-12.7));
#4051 = LINE('',#4052,#4053);
#4052 = CARTESIAN_POINT('',(240.29888487064,176.14309201632,-12.7));
#4053 = VECTOR('',#4054,1.);
#4054 = DIRECTION('',(-0.707106781187,0.707106781187,0.));
#4055 = ORIENTED_EDGE('',*,*,#4056,.F.);
#4056 = EDGE_CURVE('',#4057,#4049,#4059,.T.);
#4057 = VERTEX_POINT('',#4058);
#4058 = CARTESIAN_POINT('',(268.27113822129,152.65955251265,-12.7));
#4059 = CIRCLE('',#4060,3.174);
#4060 = AXIS2_PLACEMENT_3D('',#4061,#4062,#4063);
#4061 = CARTESIAN_POINT('',(270.51549514477,150.41519558916,-12.7));
#4062 = DIRECTION('',(0.,0.,1.));
#4063 = DIRECTION('',(-0.707106781187,0.707106781187,0.));
#4064 = ORIENTED_EDGE('',*,*,#4065,.T.);
#4065 = EDGE_CURVE('',#4057,#4066,#4068,.T.);
#4066 = VERTEX_POINT('',#4067);
#4067 = CARTESIAN_POINT('',(277.90900376485,162.29741805621,-12.7));
#4068 = LINE('',#4069,#4070);
#4069 = CARTESIAN_POINT('',(160.32878707606,44.717201367425,-12.7));
#4070 = VECTOR('',#4071,1.);
#4071 = DIRECTION('',(0.707106781187,0.707106781187,0.));
#4072 = ORIENTED_EDGE('',*,*,#4073,.F.);
#4073 = EDGE_CURVE('',#4074,#4066,#4076,.T.);
#4074 = VERTEX_POINT('',#4075);
#4075 = CARTESIAN_POINT('',(280.63871990607,163.18973172904,-12.7));
#4076 = CIRCLE('',#4077,3.174);
#4077 = AXIS2_PLACEMENT_3D('',#4078,#4079,#4080);
#4078 = CARTESIAN_POINT('',(280.15336068833,160.05306113272,-12.7));
#4079 = DIRECTION('',(0.,0.,1.));
#4080 = DIRECTION('',(-0.707106781187,0.707106781187,0.));
#4081 = ORIENTED_EDGE('',*,*,#4082,.F.);
#4082 = EDGE_CURVE('',#4083,#4074,#4085,.T.);
#4083 = VERTEX_POINT('',#4084);
#4084 = CARTESIAN_POINT('',(282.39771761182,162.29741805621,-12.7));
#4085 = CIRCLE('',#4086,3.174);
#4086 = AXIS2_PLACEMENT_3D('',#4087,#4088,#4089);
#4087 = CARTESIAN_POINT('',(280.15336068833,160.05306113272,-12.7));
#4088 = DIRECTION('',(0.,0.,1.));
#4089 = DIRECTION('',(-0.707106781187,0.707106781187,0.));
#4090 = ORIENTED_EDGE('',*,*,#4091,.F.);
#4091 = EDGE_CURVE('',#4092,#4083,#4094,.T.);
#4092 = VERTEX_POINT('',#4093);
#4093 = CARTESIAN_POINT('',(293.47242418061,151.22271148742,-12.7));
#4094 = LINE('',#4095,#4096);
#4095 = CARTESIAN_POINT('',(254.42546426117,190.26967140686,-12.7));
#4096 = VECTOR('',#4097,1.);
#4097 = DIRECTION('',(-0.707106781187,0.707106781187,0.));
#4098 = ORIENTED_EDGE('',*,*,#4099,.F.);
#4099 = EDGE_CURVE('',#4023,#4092,#4100,.T.);
#4100 = CIRCLE('',#4101,3.174);
#4101 = AXIS2_PLACEMENT_3D('',#4102,#4103,#4104);
#4102 = CARTESIAN_POINT('',(291.22806725712,148.97835456394,-12.7));
#4103 = DIRECTION('',(-0.,0.,1.));
#4104 = DIRECTION('',(0.707106781187,-0.707106781187,0.));
#4105 = FACE_BOUND('',#4106,.T.);
#4106 = EDGE_LOOP('',(#4107,#4118,#4126,#4135,#4143,#4152,#4160,#4169,
    #4178,#4186));
#4107 = ORIENTED_EDGE('',*,*,#4108,.F.);
#4108 = EDGE_CURVE('',#4109,#4111,#4113,.T.);
#4109 = VERTEX_POINT('',#4110);
#4110 = CARTESIAN_POINT('',(310.52757581938,260.26600235954,-12.7));
#4111 = VERTEX_POINT('',#4112);
#4112 = CARTESIAN_POINT('',(309.60437844497,258.22382300643,-12.7));
#4113 = CIRCLE('',#4114,3.174);
#4114 = AXIS2_PLACEMENT_3D('',#4115,#4116,#4117);
#4115 = CARTESIAN_POINT('',(312.77193274287,258.02164543605,-12.7));
#4116 = DIRECTION('',(0.,0.,1.));
#4117 = DIRECTION('',(-0.707106781187,0.707106781187,0.));
#4118 = ORIENTED_EDGE('',*,*,#4119,.F.);
#4119 = EDGE_CURVE('',#4120,#4109,#4122,.T.);
#4120 = VERTEX_POINT('',#4121);
#4121 = CARTESIAN_POINT('',(320.16544136294,269.9038679031,-12.7));
#4122 = LINE('',#4123,#4124);
#4123 = CARTESIAN_POINT('',(172.18279250817,121.92121904833,-12.7));
#4124 = VECTOR('',#4125,1.);
#4125 = DIRECTION('',(-0.707106781187,-0.707106781187,0.));
#4126 = ORIENTED_EDGE('',*,*,#4127,.F.);
#4127 = EDGE_CURVE('',#4128,#4120,#4130,.T.);
#4128 = VERTEX_POINT('',#4129);
#4129 = CARTESIAN_POINT('',(324.65415520992,269.9038679031,-12.7));
#4130 = CIRCLE('',#4131,3.174);
#4131 = AXIS2_PLACEMENT_3D('',#4132,#4133,#4134);
#4132 = CARTESIAN_POINT('',(322.40979828643,267.65951097962,-12.7));
#4133 = DIRECTION('',(0.,-0.,1.));
#4134 = DIRECTION('',(0.707106781187,0.707106781187,0.));
#4135 = ORIENTED_EDGE('',*,*,#4136,.T.);
#4136 = EDGE_CURVE('',#4128,#4137,#4139,.T.);
#4137 = VERTEX_POINT('',#4138);
#4138 = CARTESIAN_POINT('',(335.7288617787,258.82916133431,-12.7));
#4139 = LINE('',#4140,#4141);
#4140 = CARTESIAN_POINT('',(320.80111512935,273.75690798367,-12.7));
#4141 = VECTOR('',#4142,1.);
#4142 = DIRECTION('',(0.707106781187,-0.707106781187,0.));
#4143 = ORIENTED_EDGE('',*,*,#4144,.F.);
#4144 = EDGE_CURVE('',#4145,#4137,#4147,.T.);
#4145 = VERTEX_POINT('',#4146);
#4146 = CARTESIAN_POINT('',(335.7288617787,254.34044748734,-12.7));
#4147 = CIRCLE('',#4148,3.174);
#4148 = AXIS2_PLACEMENT_3D('',#4149,#4150,#4151);
#4149 = CARTESIAN_POINT('',(333.48450485522,256.58480441083,-12.7));
#4150 = DIRECTION('',(-0.,0.,1.));
#4151 = DIRECTION('',(0.707106781187,-0.707106781187,0.));
#4152 = ORIENTED_EDGE('',*,*,#4153,.T.);
#4153 = EDGE_CURVE('',#4145,#4154,#4156,.T.);
#4154 = VERTEX_POINT('',#4155);
#4155 = CARTESIAN_POINT('',(326.09099623514,244.70258194378,-12.7));
#4156 = LINE('',#4157,#4158);
#4157 = CARTESIAN_POINT('',(187.74621292393,106.35779863257,-12.7));
#4158 = VECTOR('',#4159,1.);
#4159 = DIRECTION('',(-0.707106781187,-0.707106781187,0.));
#4160 = ORIENTED_EDGE('',*,*,#4161,.F.);
#4161 = EDGE_CURVE('',#4162,#4154,#4164,.T.);
#4162 = VERTEX_POINT('',#4163);
#4163 = CARTESIAN_POINT('',(323.36128009392,243.81026827095,-12.7));
#4164 = CIRCLE('',#4165,3.174);
#4165 = AXIS2_PLACEMENT_3D('',#4166,#4167,#4168);
#4166 = CARTESIAN_POINT('',(323.84663931166,246.94693886727,-12.7));
#4167 = DIRECTION('',(-0.,0.,1.));
#4168 = DIRECTION('',(0.707106781187,-0.707106781187,0.));
#4169 = ORIENTED_EDGE('',*,*,#4170,.F.);
#4170 = EDGE_CURVE('',#4171,#4162,#4173,.T.);
#4171 = VERTEX_POINT('',#4172);
#4172 = CARTESIAN_POINT('',(321.60228238817,244.70258194378,-12.7));
#4173 = CIRCLE('',#4174,3.174);
#4174 = AXIS2_PLACEMENT_3D('',#4175,#4176,#4177);
#4175 = CARTESIAN_POINT('',(323.84663931166,246.94693886727,-12.7));
#4176 = DIRECTION('',(-0.,0.,1.));
#4177 = DIRECTION('',(0.707106781187,-0.707106781187,0.));
#4178 = ORIENTED_EDGE('',*,*,#4179,.F.);
#4179 = EDGE_CURVE('',#4180,#4171,#4182,.T.);
#4180 = VERTEX_POINT('',#4181);
#4181 = CARTESIAN_POINT('',(310.52757581938,255.77728851257,-12.7));
#4182 = LINE('',#4183,#4184);
#4183 = CARTESIAN_POINT('',(306.67453573882,259.63032859314,-12.7));
#4184 = VECTOR('',#4185,1.);
#4185 = DIRECTION('',(0.707106781187,-0.707106781187,0.));
#4186 = ORIENTED_EDGE('',*,*,#4187,.F.);
#4187 = EDGE_CURVE('',#4111,#4180,#4188,.T.);
#4188 = CIRCLE('',#4189,3.174);
#4189 = AXIS2_PLACEMENT_3D('',#4190,#4191,#4192);
#4190 = CARTESIAN_POINT('',(312.77193274287,258.02164543605,-12.7));
#4191 = DIRECTION('',(0.,0.,1.));
#4192 = DIRECTION('',(-0.707106781187,0.707106781187,0.));
#4193 = FACE_BOUND('',#4194,.T.);
#4194 = EDGE_LOOP('',(#4195,#4206,#4214,#4223,#4231,#4240,#4248,#4257,
    #4266,#4274));
#4195 = ORIENTED_EDGE('',*,*,#4196,.F.);
#4196 = EDGE_CURVE('',#4197,#4199,#4201,.T.);
#4197 = VERTEX_POINT('',#4198);
#4198 = CARTESIAN_POINT('',(568.89969560185,102.91743642626,-12.7));
#4199 = VERTEX_POINT('',#4200);
#4200 = CARTESIAN_POINT('',(570.95898288279,102.03305766298,-12.7));
#4201 = CIRCLE('',#4202,3.174);
#4202 = AXIS2_PLACEMENT_3D('',#4203,#4204,#4205);
#4203 = CARTESIAN_POINT('',(571.10117053757,105.20387122905,-12.7));
#4204 = DIRECTION('',(0.,0.,1.));
#4205 = DIRECTION('',(-0.693596388065,-0.720363832007,0.));
#4206 = ORIENTED_EDGE('',*,*,#4207,.F.);
#4207 = EDGE_CURVE('',#4208,#4197,#4210,.T.);
#4208 = VERTEX_POINT('',#4209);
#4209 = CARTESIAN_POINT('',(559.08113645344,112.37115530935,-12.7));
#4210 = LINE('',#4211,#4212);
#4211 = CARTESIAN_POINT('',(444.15359134776,223.02819642197,-12.7));
#4212 = VECTOR('',#4213,1.);
#4213 = DIRECTION('',(0.720363832007,-0.693596388065,0.));
#4214 = ORIENTED_EDGE('',*,*,#4215,.F.);
#4215 = EDGE_CURVE('',#4216,#4208,#4218,.T.);
#4216 = VERTEX_POINT('',#4217);
#4217 = CARTESIAN_POINT('',(558.99617658636,116.85906504786,-12.7));
#4218 = CIRCLE('',#4219,3.174);
#4219 = AXIS2_PLACEMENT_3D('',#4220,#4221,#4222);
#4220 = CARTESIAN_POINT('',(561.28261138915,114.65759011214,-12.7));
#4221 = DIRECTION('',(0.,0.,1.));
#4222 = DIRECTION('',(-0.720363832007,0.693596388065,0.));
#4223 = ORIENTED_EDGE('',*,*,#4224,.T.);
#4224 = EDGE_CURVE('',#4216,#4225,#4227,.T.);
#4225 = VERTEX_POINT('',#4226);
#4226 = CARTESIAN_POINT('',(569.85928337499,128.14140354963,-12.7));
#4227 = LINE('',#4228,#4229);
#4228 = CARTESIAN_POINT('',(400.25898945824,-48.00414700069,-12.7));
#4229 = VECTOR('',#4230,1.);
#4230 = DIRECTION('',(0.693596388065,0.720363832007,0.));
#4231 = ORIENTED_EDGE('',*,*,#4232,.F.);
#4232 = EDGE_CURVE('',#4233,#4225,#4235,.T.);
#4233 = VERTEX_POINT('',#4234);
#4234 = CARTESIAN_POINT('',(574.34719311349,128.2263634167,-12.7));
#4235 = CIRCLE('',#4236,3.174);
#4236 = AXIS2_PLACEMENT_3D('',#4237,#4238,#4239);
#4237 = CARTESIAN_POINT('',(572.14571817777,125.93992861391,-12.7));
#4238 = DIRECTION('',(0.,-0.,1.));
#4239 = DIRECTION('',(0.693596388065,0.720363832007,0.));
#4240 = ORIENTED_EDGE('',*,*,#4241,.T.);
#4241 = EDGE_CURVE('',#4233,#4242,#4244,.T.);
#4242 = VERTEX_POINT('',#4243);
#4243 = CARTESIAN_POINT('',(584.16575226191,118.77264453361,-12.7));
#4244 = LINE('',#4245,#4246);
#4245 = CARTESIAN_POINT('',(459.41964800781,238.88340452932,-12.7));
#4246 = VECTOR('',#4247,1.);
#4247 = DIRECTION('',(0.720363832007,-0.693596388065,0.));
#4248 = ORIENTED_EDGE('',*,*,#4249,.F.);
#4249 = EDGE_CURVE('',#4250,#4242,#4252,.T.);
#4250 = VERTEX_POINT('',#4251);
#4251 = CARTESIAN_POINT('',(585.10957262715,116.0603066084,-12.7));
#4252 = CIRCLE('',#4253,3.174);
#4253 = AXIS2_PLACEMENT_3D('',#4254,#4255,#4256);
#4254 = CARTESIAN_POINT('',(581.96427732619,116.48620973082,-12.7));
#4255 = DIRECTION('',(0.,-0.,1.));
#4256 = DIRECTION('',(0.693596388065,0.720363832007,0.));
#4257 = ORIENTED_EDGE('',*,*,#4258,.F.);
#4258 = EDGE_CURVE('',#4259,#4250,#4261,.T.);
#4259 = VERTEX_POINT('',#4260);
#4260 = CARTESIAN_POINT('',(584.25071212898,114.2847347951,-12.7));
#4261 = CIRCLE('',#4262,3.174);
#4262 = AXIS2_PLACEMENT_3D('',#4263,#4264,#4265);
#4263 = CARTESIAN_POINT('',(581.96427732619,116.48620973082,-12.7));
#4264 = DIRECTION('',(0.,-0.,1.));
#4265 = DIRECTION('',(0.693596388065,0.720363832007,0.));
#4266 = ORIENTED_EDGE('',*,*,#4267,.F.);
#4267 = EDGE_CURVE('',#4268,#4259,#4270,.T.);
#4268 = VERTEX_POINT('',#4269);
#4269 = CARTESIAN_POINT('',(573.38760534036,103.00239629333,-12.7));
#4270 = LINE('',#4271,#4272);
#4271 = CARTESIAN_POINT('',(414.65041821223,-61.86081575522,-12.7));
#4272 = VECTOR('',#4273,1.);
#4273 = DIRECTION('',(0.693596388065,0.720363832007,0.));
#4274 = ORIENTED_EDGE('',*,*,#4275,.F.);
#4275 = EDGE_CURVE('',#4199,#4268,#4276,.T.);
#4276 = CIRCLE('',#4277,3.174);
#4277 = AXIS2_PLACEMENT_3D('',#4278,#4279,#4280);
#4278 = CARTESIAN_POINT('',(571.10117053757,105.20387122905,-12.7));
#4279 = DIRECTION('',(0.,0.,1.));
#4280 = DIRECTION('',(-0.693596388065,-0.720363832007,0.));
#4281 = FACE_BOUND('',#4282,.T.);
#4282 = EDGE_LOOP('',(#4283,#4294,#4302,#4311,#4319,#4328,#4336,#4345,
    #4354,#4362));
#4283 = ORIENTED_EDGE('',*,*,#4284,.F.);
#4284 = EDGE_CURVE('',#4285,#4287,#4289,.T.);
#4285 = VERTEX_POINT('',#4286);
#4286 = CARTESIAN_POINT('',(158.53920487426,10.141999636916,-12.7));
#4287 = VERTEX_POINT('',#4288);
#4288 = CARTESIAN_POINT('',(157.70841909416,12.223485858333,-12.7));
#4289 = CIRCLE('',#4290,3.174);
#4290 = AXIS2_PLACEMENT_3D('',#4291,#4292,#4293);
#4291 = CARTESIAN_POINT('',(155.36577346481,10.08192393878,-12.7));
#4292 = DIRECTION('',(0.,-0.,1.));
#4293 = DIRECTION('',(0.999820859941,1.89274411266E-02,0.));
#4294 = ORIENTED_EDGE('',*,*,#4295,.F.);
#4295 = EDGE_CURVE('',#4296,#4285,#4298,.T.);
#4296 = VERTEX_POINT('',#4297);
#4297 = CARTESIAN_POINT('',(158.79718589992,-3.485558848077,-12.7));
#4298 = LINE('',#4299,#4300);
#4299 = CARTESIAN_POINT('',(158.85649342298,-6.618412270205,-12.7));
#4300 = VECTOR('',#4301,1.);
#4301 = DIRECTION('',(-1.89274411266E-02,0.999820859941,0.));
#4302 = ORIENTED_EDGE('',*,*,#4303,.F.);
#4303 = EDGE_CURVE('',#4304,#4296,#4306,.T.);
#4304 = VERTEX_POINT('',#4305);
#4305 = CARTESIAN_POINT('',(155.68383018861,-6.719065955665,-12.7));
#4306 = CIRCLE('',#4307,3.174);
#4307 = AXIS2_PLACEMENT_3D('',#4308,#4309,#4310);
#4308 = CARTESIAN_POINT('',(155.62375449047,-3.545634546213,-12.7));
#4309 = DIRECTION('',(-0.,0.,1.));
#4310 = DIRECTION('',(1.89274411266E-02,-0.999820859941,0.));
#4311 = ORIENTED_EDGE('',*,*,#4312,.T.);
#4312 = EDGE_CURVE('',#4304,#4313,#4315,.T.);
#4313 = VERTEX_POINT('',#4314);
#4314 = CARTESIAN_POINT('',(140.02463565138,-7.015507542922,-12.7));
#4315 = LINE('',#4316,#4317);
#4316 = CARTESIAN_POINT('',(70.013870296042,-8.340869607852,-12.7));
#4317 = VECTOR('',#4318,1.);
#4318 = DIRECTION('',(-0.999820859941,-1.89274411266E-02,0.));
#4319 = ORIENTED_EDGE('',*,*,#4320,.F.);
#4320 = EDGE_CURVE('',#4321,#4313,#4323,.T.);
#4321 = VERTEX_POINT('',#4322);
#4322 = CARTESIAN_POINT('',(136.79112854379,-3.902151831606,-12.7));
#4323 = CIRCLE('',#4324,3.174);
#4324 = AXIS2_PLACEMENT_3D('',#4325,#4326,#4327);
#4325 = CARTESIAN_POINT('',(139.96455995324,-3.84207613347,-12.7));
#4326 = DIRECTION('',(0.,0.,1.));
#4327 = DIRECTION('',(-0.999820859941,-1.89274411266E-02,0.));
#4328 = ORIENTED_EDGE('',*,*,#4329,.T.);
#4329 = EDGE_CURVE('',#4321,#4330,#4332,.T.);
#4330 = VERTEX_POINT('',#4331);
#4331 = CARTESIAN_POINT('',(136.53314751813,9.725406653387,-12.7));
#4332 = LINE('',#4333,#4334);
#4333 = CARTESIAN_POINT('',(136.85043606685,-7.035005253734,-12.7));
#4334 = VECTOR('',#4335,1.);
#4335 = DIRECTION('',(-1.89274411266E-02,0.999820859941,0.));
#4336 = ORIENTED_EDGE('',*,*,#4337,.F.);
#4337 = EDGE_CURVE('',#4338,#4330,#4340,.T.);
#4338 = VERTEX_POINT('',#4339);
#4339 = CARTESIAN_POINT('',(137.78367827742,12.310700973663,-12.7));
#4340 = CIRCLE('',#4341,3.174);
#4341 = AXIS2_PLACEMENT_3D('',#4342,#4343,#4344);
#4342 = CARTESIAN_POINT('',(139.70657892758,9.785482351523,-12.7));
#4343 = DIRECTION('',(0.,0.,1.));
#4344 = DIRECTION('',(-0.999820859941,-1.89274411266E-02,0.));
#4345 = ORIENTED_EDGE('',*,*,#4346,.F.);
#4346 = EDGE_CURVE('',#4347,#4338,#4349,.T.);
#4347 = VERTEX_POINT('',#4348);
#4348 = CARTESIAN_POINT('',(139.64650322944,12.958913760975,-12.7));
#4349 = CIRCLE('',#4350,3.174);
#4350 = AXIS2_PLACEMENT_3D('',#4351,#4352,#4353);
#4351 = CARTESIAN_POINT('',(139.70657892758,9.785482351523,-12.7));
#4352 = DIRECTION('',(0.,0.,1.));
#4353 = DIRECTION('',(-0.999820859941,-1.89274411266E-02,0.));
#4354 = ORIENTED_EDGE('',*,*,#4355,.F.);
#4355 = EDGE_CURVE('',#4356,#4347,#4358,.T.);
#4356 = VERTEX_POINT('',#4357);
#4357 = CARTESIAN_POINT('',(155.30569776668,13.255355348232,-12.7));
#4358 = LINE('',#4359,#4360);
#4359 = CARTESIAN_POINT('',(69.63573787411,11.633551696044,-12.7));
#4360 = VECTOR('',#4361,1.);
#4361 = DIRECTION('',(-0.999820859941,-1.89274411266E-02,0.));
#4362 = ORIENTED_EDGE('',*,*,#4363,.F.);
#4363 = EDGE_CURVE('',#4287,#4356,#4364,.T.);
#4364 = CIRCLE('',#4365,3.174);
#4365 = AXIS2_PLACEMENT_3D('',#4366,#4367,#4368);
#4366 = CARTESIAN_POINT('',(155.36577346481,10.08192393878,-12.7));
#4367 = DIRECTION('',(0.,-0.,1.));
#4368 = DIRECTION('',(0.999820859941,1.89274411266E-02,0.));
#4369 = FACE_BOUND('',#4370,.T.);
#4370 = EDGE_LOOP('',(#4371,#4382,#4391,#4399,#4408,#4417,#4425,#4434,
    #4442,#4451));
#4371 = ORIENTED_EDGE('',*,*,#4372,.F.);
#4372 = EDGE_CURVE('',#4373,#4375,#4377,.T.);
#4373 = VERTEX_POINT('',#4374);
#4374 = CARTESIAN_POINT('',(162.13432409556,340.00956240344,-12.7));
#4375 = VERTEX_POINT('',#4376);
#4376 = CARTESIAN_POINT('',(160.88379333627,337.42426808317,-12.7));
#4377 = CIRCLE('',#4378,3.174);
#4378 = AXIS2_PLACEMENT_3D('',#4379,#4380,#4381);
#4379 = CARTESIAN_POINT('',(164.05722474572,337.48434378131,-12.7));
#4380 = DIRECTION('',(0.,0.,1.));
#4381 = DIRECTION('',(-0.999820859941,-1.89274411266E-02,0.));
#4382 = ORIENTED_EDGE('',*,*,#4383,.F.);
#4383 = EDGE_CURVE('',#4384,#4373,#4386,.T.);
#4384 = VERTEX_POINT('',#4385);
#4385 = CARTESIAN_POINT('',(163.99714904758,340.65777519076,-12.7));
#4386 = CIRCLE('',#4387,3.174);
#4387 = AXIS2_PLACEMENT_3D('',#4388,#4389,#4390);
#4388 = CARTESIAN_POINT('',(164.05722474572,337.48434378131,-12.7));
#4389 = DIRECTION('',(0.,0.,1.));
#4390 = DIRECTION('',(-0.999820859941,-1.89274411266E-02,0.));
#4391 = ORIENTED_EDGE('',*,*,#4392,.F.);
#4392 = EDGE_CURVE('',#4393,#4384,#4395,.T.);
#4393 = VERTEX_POINT('',#4394);
#4394 = CARTESIAN_POINT('',(179.65634358481,340.95421677801,-12.7));
#4395 = LINE('',#4396,#4397);
#4396 = CARTESIAN_POINT('',(78.714727673303,339.04330796531,-12.7));
#4397 = VECTOR('',#4398,1.);
#4398 = DIRECTION('',(-0.999820859941,-1.89274411266E-02,0.));
#4399 = ORIENTED_EDGE('',*,*,#4400,.F.);
#4400 = EDGE_CURVE('',#4401,#4393,#4403,.T.);
#4401 = VERTEX_POINT('',#4402);
#4402 = CARTESIAN_POINT('',(182.0590649123,339.92234728811,-12.7));
#4403 = CIRCLE('',#4404,3.174);
#4404 = AXIS2_PLACEMENT_3D('',#4405,#4406,#4407);
#4405 = CARTESIAN_POINT('',(179.71641928295,337.78078536856,-12.7));
#4406 = DIRECTION('',(0.,-0.,1.));
#4407 = DIRECTION('',(0.999820859941,1.89274411266E-02,0.));
#4408 = ORIENTED_EDGE('',*,*,#4409,.F.);
#4409 = EDGE_CURVE('',#4410,#4401,#4412,.T.);
#4410 = VERTEX_POINT('',#4411);
#4411 = CARTESIAN_POINT('',(182.8898506924,337.8408610667,-12.7));
#4412 = CIRCLE('',#4413,3.174);
#4413 = AXIS2_PLACEMENT_3D('',#4414,#4415,#4416);
#4414 = CARTESIAN_POINT('',(179.71641928295,337.78078536856,-12.7));
#4415 = DIRECTION('',(0.,-0.,1.));
#4416 = DIRECTION('',(0.999820859941,1.89274411266E-02,0.));
#4417 = ORIENTED_EDGE('',*,*,#4418,.F.);
#4418 = EDGE_CURVE('',#4419,#4410,#4421,.T.);
#4419 = VERTEX_POINT('',#4420);
#4420 = CARTESIAN_POINT('',(183.14783171806,324.2133025817,-12.7));
#4421 = LINE('',#4422,#4423);
#4422 = CARTESIAN_POINT('',(186.303472351,157.5201236052,-12.7));
#4423 = VECTOR('',#4424,1.);
#4424 = DIRECTION('',(-1.89274411266E-02,0.999820859941,0.));
#4425 = ORIENTED_EDGE('',*,*,#4426,.F.);
#4426 = EDGE_CURVE('',#4427,#4419,#4429,.T.);
#4427 = VERTEX_POINT('',#4428);
#4428 = CARTESIAN_POINT('',(180.03447600675,320.97979547412,-12.7));
#4429 = CIRCLE('',#4430,3.174);
#4430 = AXIS2_PLACEMENT_3D('',#4431,#4432,#4433);
#4431 = CARTESIAN_POINT('',(179.97440030861,324.15322688357,-12.7));
#4432 = DIRECTION('',(-0.,0.,1.));
#4433 = DIRECTION('',(1.89274411266E-02,-0.999820859941,0.));
#4434 = ORIENTED_EDGE('',*,*,#4435,.T.);
#4435 = EDGE_CURVE('',#4427,#4436,#4438,.T.);
#4436 = VERTEX_POINT('',#4437);
#4437 = CARTESIAN_POINT('',(164.37528146951,320.68335388686,-12.7));
#4438 = LINE('',#4439,#4440);
#4439 = CARTESIAN_POINT('',(79.092860095235,319.06888666141,-12.7));
#4440 = VECTOR('',#4441,1.);
#4441 = DIRECTION('',(-0.999820859941,-1.89274411266E-02,0.));
#4442 = ORIENTED_EDGE('',*,*,#4443,.F.);
#4443 = EDGE_CURVE('',#4444,#4436,#4446,.T.);
#4444 = VERTEX_POINT('',#4445);
#4445 = CARTESIAN_POINT('',(161.14177436193,323.79670959818,-12.7));
#4446 = CIRCLE('',#4447,3.174);
#4447 = AXIS2_PLACEMENT_3D('',#4448,#4449,#4450);
#4448 = CARTESIAN_POINT('',(164.31520577138,323.85678529631,-12.7));
#4449 = DIRECTION('',(0.,0.,1.));
#4450 = DIRECTION('',(-0.999820859941,-1.89274411266E-02,0.));
#4451 = ORIENTED_EDGE('',*,*,#4452,.T.);
#4452 = EDGE_CURVE('',#4444,#4375,#4453,.T.);
#4453 = LINE('',#4454,#4455);
#4454 = CARTESIAN_POINT('',(164.29741499486,157.10353062167,-12.7));
#4455 = VECTOR('',#4456,1.);
#4456 = DIRECTION('',(-1.89274411266E-02,0.999820859941,0.));
#4457 = FACE_BOUND('',#4458,.T.);
#4458 = EDGE_LOOP('',(#4459,#4469,#4478,#4486,#4495,#4503,#4512,#4520));
#4459 = ORIENTED_EDGE('',*,*,#4460,.F.);
#4460 = EDGE_CURVE('',#4461,#4463,#4465,.T.);
#4461 = VERTEX_POINT('',#4462);
#4462 = CARTESIAN_POINT('',(546.360398034,48.777114084353,-12.7));
#4463 = VERTEX_POINT('',#4464);
#4464 = CARTESIAN_POINT('',(565.00905671361,49.130148716246,-12.7));
#4465 = LINE('',#4466,#4467);
#4466 = CARTESIAN_POINT('',(543.18696662454,48.717038386217,-12.7));
#4467 = VECTOR('',#4468,1.);
#4468 = DIRECTION('',(0.999820859941,1.89274411266E-02,0.));
#4469 = ORIENTED_EDGE('',*,*,#4470,.F.);
#4470 = EDGE_CURVE('',#4471,#4461,#4473,.T.);
#4471 = VERTEX_POINT('',#4472);
#4472 = CARTESIAN_POINT('',(543.12689092641,51.890469795669,-12.7));
#4473 = CIRCLE('',#4474,3.174);
#4474 = AXIS2_PLACEMENT_3D('',#4475,#4476,#4477);
#4475 = CARTESIAN_POINT('',(546.30032233586,51.950545493805,-12.7));
#4476 = DIRECTION('',(0.,0.,1.));
#4477 = DIRECTION('',(-0.999820859941,-1.89274411266E-02,0.));
#4478 = ORIENTED_EDGE('',*,*,#4479,.F.);
#4479 = EDGE_CURVE('',#4480,#4471,#4482,.T.);
#4480 = VERTEX_POINT('',#4481);
#4481 = CARTESIAN_POINT('',(543.12401395536,52.04244256638,-12.7));
#4482 = LINE('',#4483,#4484);
#4483 = CARTESIAN_POINT('',(543.06393825722,55.215873975831,-12.7));
#4484 = VECTOR('',#4485,1.);
#4485 = DIRECTION('',(1.89274411266E-02,-0.999820859941,0.));
#4486 = ORIENTED_EDGE('',*,*,#4487,.F.);
#4487 = EDGE_CURVE('',#4488,#4480,#4490,.T.);
#4488 = VERTEX_POINT('',#4489);
#4489 = CARTESIAN_POINT('',(546.23736966667,55.275949673967,-12.7));
#4490 = CIRCLE('',#4491,3.174);
#4491 = AXIS2_PLACEMENT_3D('',#4492,#4493,#4494);
#4492 = CARTESIAN_POINT('',(546.29744536481,52.102518264516,-12.7));
#4493 = DIRECTION('',(0.,0.,1.));
#4494 = DIRECTION('',(-0.999820859941,-1.89274411266E-02,0.));
#4495 = ORIENTED_EDGE('',*,*,#4496,.T.);
#4496 = EDGE_CURVE('',#4488,#4497,#4499,.T.);
#4497 = VERTEX_POINT('',#4498);
#4498 = CARTESIAN_POINT('',(564.88602834629,55.62898430586,-12.7));
#4499 = LINE('',#4500,#4501);
#4500 = CARTESIAN_POINT('',(543.06393825722,55.215873975831,-12.7));
#4501 = VECTOR('',#4502,1.);
#4502 = DIRECTION('',(0.999820859941,1.89274411266E-02,0.));
#4503 = ORIENTED_EDGE('',*,*,#4504,.T.);
#4504 = EDGE_CURVE('',#4497,#4505,#4507,.T.);
#4505 = VERTEX_POINT('',#4506);
#4506 = CARTESIAN_POINT('',(568.11953545387,52.515628594545,-12.7));
#4507 = CIRCLE('',#4508,3.174);
#4508 = AXIS2_PLACEMENT_3D('',#4509,#4510,#4511);
#4509 = CARTESIAN_POINT('',(564.94610404442,52.455552896409,-12.7));
#4510 = DIRECTION('',(-0.,0.,-1.));
#4511 = DIRECTION('',(-0.999820859941,-1.89274411266E-02,0.));
#4512 = ORIENTED_EDGE('',*,*,#4513,.T.);
#4513 = EDGE_CURVE('',#4505,#4514,#4516,.T.);
#4514 = VERTEX_POINT('',#4515);
#4515 = CARTESIAN_POINT('',(568.12241242492,52.363655823834,-12.7));
#4516 = LINE('',#4517,#4518);
#4517 = CARTESIAN_POINT('',(568.05945975574,55.689060003996,-12.7));
#4518 = VECTOR('',#4519,1.);
#4519 = DIRECTION('',(1.89274411266E-02,-0.999820859941,0.));
#4520 = ORIENTED_EDGE('',*,*,#4521,.F.);
#4521 = EDGE_CURVE('',#4463,#4514,#4522,.T.);
#4522 = CIRCLE('',#4523,3.174);
#4523 = AXIS2_PLACEMENT_3D('',#4524,#4525,#4526);
#4524 = CARTESIAN_POINT('',(564.94898101547,52.303580125698,-12.7));
#4525 = DIRECTION('',(0.,0.,1.));
#4526 = DIRECTION('',(-0.999820859941,-1.89274411266E-02,0.));
#4527 = FACE_BOUND('',#4528,.T.);
#4528 = EDGE_LOOP('',(#4529,#4539,#4548,#4556,#4565,#4573,#4582,#4590));
#4529 = ORIENTED_EDGE('',*,*,#4530,.F.);
#4530 = EDGE_CURVE('',#4531,#4533,#4535,.T.);
#4531 = VERTEX_POINT('',#4532);
#4532 = CARTESIAN_POINT('',(581.24423856715,329.00201836461,-12.7));
#4533 = VERTEX_POINT('',#4534);
#4534 = CARTESIAN_POINT('',(599.89289724676,329.3550529965,-12.7));
#4535 = LINE('',#4536,#4537);
#4536 = CARTESIAN_POINT('',(578.0708071577,328.94194266647,-12.7));
#4537 = VECTOR('',#4538,1.);
#4538 = DIRECTION('',(0.999820859941,1.89274411266E-02,0.));
#4539 = ORIENTED_EDGE('',*,*,#4540,.F.);
#4540 = EDGE_CURVE('',#4541,#4531,#4543,.T.);
#4541 = VERTEX_POINT('',#4542);
#4542 = CARTESIAN_POINT('',(578.01073145956,332.11537407592,-12.7));
#4543 = CIRCLE('',#4544,3.174);
#4544 = AXIS2_PLACEMENT_3D('',#4545,#4546,#4547);
#4545 = CARTESIAN_POINT('',(581.18416286901,332.17544977406,-12.7));
#4546 = DIRECTION('',(0.,0.,1.));
#4547 = DIRECTION('',(-0.999820859941,-1.89274411266E-02,0.));
#4548 = ORIENTED_EDGE('',*,*,#4549,.F.);
#4549 = EDGE_CURVE('',#4550,#4541,#4552,.T.);
#4550 = VERTEX_POINT('',#4551);
#4551 = CARTESIAN_POINT('',(578.00785448851,332.26734684663,-12.7));
#4552 = LINE('',#4553,#4554);
#4553 = CARTESIAN_POINT('',(577.94777879038,335.44077825608,-12.7));
#4554 = VECTOR('',#4555,1.);
#4555 = DIRECTION('',(1.89274411266E-02,-0.999820859941,0.));
#4556 = ORIENTED_EDGE('',*,*,#4557,.F.);
#4557 = EDGE_CURVE('',#4558,#4550,#4560,.T.);
#4558 = VERTEX_POINT('',#4559);
#4559 = CARTESIAN_POINT('',(581.12121019983,335.50085395422,-12.7));
#4560 = CIRCLE('',#4561,3.174);
#4561 = AXIS2_PLACEMENT_3D('',#4562,#4563,#4564);
#4562 = CARTESIAN_POINT('',(581.18128589796,332.32742254477,-12.7));
#4563 = DIRECTION('',(0.,0.,1.));
#4564 = DIRECTION('',(-0.999820859941,-1.89274411266E-02,0.));
#4565 = ORIENTED_EDGE('',*,*,#4566,.T.);
#4566 = EDGE_CURVE('',#4558,#4567,#4569,.T.);
#4567 = VERTEX_POINT('',#4568);
#4568 = CARTESIAN_POINT('',(599.76986887944,335.85388858611,-12.7));
#4569 = LINE('',#4570,#4571);
#4570 = CARTESIAN_POINT('',(577.94777879038,335.44077825608,-12.7));
#4571 = VECTOR('',#4572,1.);
#4572 = DIRECTION('',(0.999820859941,1.89274411266E-02,0.));
#4573 = ORIENTED_EDGE('',*,*,#4574,.T.);
#4574 = EDGE_CURVE('',#4567,#4575,#4577,.T.);
#4575 = VERTEX_POINT('',#4576);
#4576 = CARTESIAN_POINT('',(603.00337598703,332.7405328748,-12.7));
#4577 = CIRCLE('',#4578,3.174);
#4578 = AXIS2_PLACEMENT_3D('',#4579,#4580,#4581);
#4579 = CARTESIAN_POINT('',(599.82994457757,332.68045717666,-12.7));
#4580 = DIRECTION('',(-0.,0.,-1.));
#4581 = DIRECTION('',(-0.999820859941,-1.89274411266E-02,0.));
#4582 = ORIENTED_EDGE('',*,*,#4583,.T.);
#4583 = EDGE_CURVE('',#4575,#4584,#4586,.T.);
#4584 = VERTEX_POINT('',#4585);
#4585 = CARTESIAN_POINT('',(603.00625295808,332.58856010409,-12.7));
#4586 = LINE('',#4587,#4588);
#4587 = CARTESIAN_POINT('',(602.94330028889,335.91396428425,-12.7));
#4588 = VECTOR('',#4589,1.);
#4589 = DIRECTION('',(1.89274411266E-02,-0.999820859941,0.));
#4590 = ORIENTED_EDGE('',*,*,#4591,.F.);
#4591 = EDGE_CURVE('',#4533,#4584,#4592,.T.);
#4592 = CIRCLE('',#4593,3.174);
#4593 = AXIS2_PLACEMENT_3D('',#4594,#4595,#4596);
#4594 = CARTESIAN_POINT('',(599.83282154863,332.52848440595,-12.7));
#4595 = DIRECTION('',(0.,0.,1.));
#4596 = DIRECTION('',(-0.999820859941,-1.89274411266E-02,0.));
#4597 = FACE_BOUND('',#4598,.T.);
#4598 = EDGE_LOOP('',(#4599,#4609,#4618,#4626,#4635,#4643,#4652,#4660));
#4599 = ORIENTED_EDGE('',*,*,#4600,.F.);
#4600 = EDGE_CURVE('',#4601,#4603,#4605,.T.);
#4601 = VERTEX_POINT('',#4602);
#4602 = CARTESIAN_POINT('',(466.706,123.174,-12.7));
#4603 = VERTEX_POINT('',#4604);
#4604 = CARTESIAN_POINT('',(466.706,141.826,-12.7));
#4605 = LINE('',#4606,#4607);
#4606 = CARTESIAN_POINT('',(466.706,120.,-12.7));
#4607 = VECTOR('',#4608,1.);
#4608 = DIRECTION('',(0.,1.,0.));
#4609 = ORIENTED_EDGE('',*,*,#4610,.F.);
#4610 = EDGE_CURVE('',#4611,#4601,#4613,.T.);
#4611 = VERTEX_POINT('',#4612);
#4612 = CARTESIAN_POINT('',(463.532,120.,-12.7));
#4613 = CIRCLE('',#4614,3.174);
#4614 = AXIS2_PLACEMENT_3D('',#4615,#4616,#4617);
#4615 = CARTESIAN_POINT('',(463.532,123.174,-12.7));
#4616 = DIRECTION('',(-0.,0.,1.));
#4617 = DIRECTION('',(0.,-1.,0.));
#4618 = ORIENTED_EDGE('',*,*,#4619,.F.);
#4619 = EDGE_CURVE('',#4620,#4611,#4622,.T.);
#4620 = VERTEX_POINT('',#4621);
#4621 = CARTESIAN_POINT('',(463.38,120.,-12.7));
#4622 = LINE('',#4623,#4624);
#4623 = CARTESIAN_POINT('',(460.206,120.,-12.7));
#4624 = VECTOR('',#4625,1.);
#4625 = DIRECTION('',(1.,0.,0.));
#4626 = ORIENTED_EDGE('',*,*,#4627,.F.);
#4627 = EDGE_CURVE('',#4628,#4620,#4630,.T.);
#4628 = VERTEX_POINT('',#4629);
#4629 = CARTESIAN_POINT('',(460.206,123.174,-12.7));
#4630 = CIRCLE('',#4631,3.174);
#4631 = AXIS2_PLACEMENT_3D('',#4632,#4633,#4634);
#4632 = CARTESIAN_POINT('',(463.38,123.174,-12.7));
#4633 = DIRECTION('',(-0.,0.,1.));
#4634 = DIRECTION('',(0.,-1.,0.));
#4635 = ORIENTED_EDGE('',*,*,#4636,.T.);
#4636 = EDGE_CURVE('',#4628,#4637,#4639,.T.);
#4637 = VERTEX_POINT('',#4638);
#4638 = CARTESIAN_POINT('',(460.206,141.826,-12.7));
#4639 = LINE('',#4640,#4641);
#4640 = CARTESIAN_POINT('',(460.206,120.,-12.7));
#4641 = VECTOR('',#4642,1.);
#4642 = DIRECTION('',(0.,1.,0.));
#4643 = ORIENTED_EDGE('',*,*,#4644,.T.);
#4644 = EDGE_CURVE('',#4637,#4645,#4647,.T.);
#4645 = VERTEX_POINT('',#4646);
#4646 = CARTESIAN_POINT('',(463.38,145.,-12.7));
#4647 = CIRCLE('',#4648,3.174);
#4648 = AXIS2_PLACEMENT_3D('',#4649,#4650,#4651);
#4649 = CARTESIAN_POINT('',(463.38,141.826,-12.7));
#4650 = DIRECTION('',(-0.,-0.,-1.));
#4651 = DIRECTION('',(0.,-1.,0.));
#4652 = ORIENTED_EDGE('',*,*,#4653,.T.);
#4653 = EDGE_CURVE('',#4645,#4654,#4656,.T.);
#4654 = VERTEX_POINT('',#4655);
#4655 = CARTESIAN_POINT('',(463.532,145.,-12.7));
#4656 = LINE('',#4657,#4658);
#4657 = CARTESIAN_POINT('',(460.206,145.,-12.7));
#4658 = VECTOR('',#4659,1.);
#4659 = DIRECTION('',(1.,0.,0.));
#4660 = ORIENTED_EDGE('',*,*,#4661,.F.);
#4661 = EDGE_CURVE('',#4603,#4654,#4662,.T.);
#4662 = CIRCLE('',#4663,3.174);
#4663 = AXIS2_PLACEMENT_3D('',#4664,#4665,#4666);
#4664 = CARTESIAN_POINT('',(463.532,141.826,-12.7));
#4665 = DIRECTION('',(-0.,0.,1.));
#4666 = DIRECTION('',(0.,-1.,0.));
#4667 = FACE_BOUND('',#4668,.T.);
#4668 = EDGE_LOOP('',(#4669,#4679,#4688,#4696,#4705,#4713,#4722,#4730));
#4669 = ORIENTED_EDGE('',*,*,#4670,.F.);
#4670 = EDGE_CURVE('',#4671,#4673,#4675,.T.);
#4671 = VERTEX_POINT('',#4672);
#4672 = CARTESIAN_POINT('',(462.794,223.826,-12.7));
#4673 = VERTEX_POINT('',#4674);
#4674 = CARTESIAN_POINT('',(462.794,205.174,-12.7));
#4675 = LINE('',#4676,#4677);
#4676 = CARTESIAN_POINT('',(462.794,227.,-12.7));
#4677 = VECTOR('',#4678,1.);
#4678 = DIRECTION('',(0.,-1.,0.));
#4679 = ORIENTED_EDGE('',*,*,#4680,.F.);
#4680 = EDGE_CURVE('',#4681,#4671,#4683,.T.);
#4681 = VERTEX_POINT('',#4682);
#4682 = CARTESIAN_POINT('',(465.968,227.,-12.7));
#4683 = CIRCLE('',#4684,3.174);
#4684 = AXIS2_PLACEMENT_3D('',#4685,#4686,#4687);
#4685 = CARTESIAN_POINT('',(465.968,223.826,-12.7));
#4686 = DIRECTION('',(0.,-0.,1.));
#4687 = DIRECTION('',(0.,1.,0.));
#4688 = ORIENTED_EDGE('',*,*,#4689,.F.);
#4689 = EDGE_CURVE('',#4690,#4681,#4692,.T.);
#4690 = VERTEX_POINT('',#4691);
#4691 = CARTESIAN_POINT('',(466.12,227.,-12.7));
#4692 = LINE('',#4693,#4694);
#4693 = CARTESIAN_POINT('',(469.294,227.,-12.7));
#4694 = VECTOR('',#4695,1.);
#4695 = DIRECTION('',(-1.,0.,0.));
#4696 = ORIENTED_EDGE('',*,*,#4697,.F.);
#4697 = EDGE_CURVE('',#4698,#4690,#4700,.T.);
#4698 = VERTEX_POINT('',#4699);
#4699 = CARTESIAN_POINT('',(469.294,223.826,-12.7));
#4700 = CIRCLE('',#4701,3.174);
#4701 = AXIS2_PLACEMENT_3D('',#4702,#4703,#4704);
#4702 = CARTESIAN_POINT('',(466.12,223.826,-12.7));
#4703 = DIRECTION('',(0.,-0.,1.));
#4704 = DIRECTION('',(0.,1.,0.));
#4705 = ORIENTED_EDGE('',*,*,#4706,.T.);
#4706 = EDGE_CURVE('',#4698,#4707,#4709,.T.);
#4707 = VERTEX_POINT('',#4708);
#4708 = CARTESIAN_POINT('',(469.294,205.174,-12.7));
#4709 = LINE('',#4710,#4711);
#4710 = CARTESIAN_POINT('',(469.294,227.,-12.7));
#4711 = VECTOR('',#4712,1.);
#4712 = DIRECTION('',(0.,-1.,0.));
#4713 = ORIENTED_EDGE('',*,*,#4714,.T.);
#4714 = EDGE_CURVE('',#4707,#4715,#4717,.T.);
#4715 = VERTEX_POINT('',#4716);
#4716 = CARTESIAN_POINT('',(466.12,202.,-12.7));
#4717 = CIRCLE('',#4718,3.174);
#4718 = AXIS2_PLACEMENT_3D('',#4719,#4720,#4721);
#4719 = CARTESIAN_POINT('',(466.12,205.174,-12.7));
#4720 = DIRECTION('',(0.,0.,-1.));
#4721 = DIRECTION('',(0.,1.,0.));
#4722 = ORIENTED_EDGE('',*,*,#4723,.T.);
#4723 = EDGE_CURVE('',#4715,#4724,#4726,.T.);
#4724 = VERTEX_POINT('',#4725);
#4725 = CARTESIAN_POINT('',(465.968,202.,-12.7));
#4726 = LINE('',#4727,#4728);
#4727 = CARTESIAN_POINT('',(469.294,202.,-12.7));
#4728 = VECTOR('',#4729,1.);
#4729 = DIRECTION('',(-1.,0.,0.));
#4730 = ORIENTED_EDGE('',*,*,#4731,.F.);
#4731 = EDGE_CURVE('',#4673,#4724,#4732,.T.);
#4732 = CIRCLE('',#4733,3.174);
#4733 = AXIS2_PLACEMENT_3D('',#4734,#4735,#4736);
#4734 = CARTESIAN_POINT('',(465.968,205.174,-12.7));
#4735 = DIRECTION('',(0.,-0.,1.));
#4736 = DIRECTION('',(0.,1.,0.));
#4737 = FACE_BOUND('',#4738,.T.);
#4738 = EDGE_LOOP('',(#4739,#4749,#4758,#4766,#4775,#4783,#4792,#4800));
#4739 = ORIENTED_EDGE('',*,*,#4740,.F.);
#4740 = EDGE_CURVE('',#4741,#4743,#4745,.T.);
#4741 = VERTEX_POINT('',#4742);
#4742 = CARTESIAN_POINT('',(282.326,230.706,-12.7));
#4743 = VERTEX_POINT('',#4744);
#4744 = CARTESIAN_POINT('',(263.674,230.706,-12.7));
#4745 = LINE('',#4746,#4747);
#4746 = CARTESIAN_POINT('',(285.5,230.706,-12.7));
#4747 = VECTOR('',#4748,1.);
#4748 = DIRECTION('',(-1.,0.,0.));
#4749 = ORIENTED_EDGE('',*,*,#4750,.F.);
#4750 = EDGE_CURVE('',#4751,#4741,#4753,.T.);
#4751 = VERTEX_POINT('',#4752);
#4752 = CARTESIAN_POINT('',(285.5,227.532,-12.7));
#4753 = CIRCLE('',#4754,3.174);
#4754 = AXIS2_PLACEMENT_3D('',#4755,#4756,#4757);
#4755 = CARTESIAN_POINT('',(282.326,227.532,-12.7));
#4756 = DIRECTION('',(0.,0.,1.));
#4757 = DIRECTION('',(1.,0.,0.));
#4758 = ORIENTED_EDGE('',*,*,#4759,.F.);
#4759 = EDGE_CURVE('',#4760,#4751,#4762,.T.);
#4760 = VERTEX_POINT('',#4761);
#4761 = CARTESIAN_POINT('',(285.5,227.38,-12.7));
#4762 = LINE('',#4763,#4764);
#4763 = CARTESIAN_POINT('',(285.5,224.206,-12.7));
#4764 = VECTOR('',#4765,1.);
#4765 = DIRECTION('',(0.,1.,0.));
#4766 = ORIENTED_EDGE('',*,*,#4767,.F.);
#4767 = EDGE_CURVE('',#4768,#4760,#4770,.T.);
#4768 = VERTEX_POINT('',#4769);
#4769 = CARTESIAN_POINT('',(282.326,224.206,-12.7));
#4770 = CIRCLE('',#4771,3.174);
#4771 = AXIS2_PLACEMENT_3D('',#4772,#4773,#4774);
#4772 = CARTESIAN_POINT('',(282.326,227.38,-12.7));
#4773 = DIRECTION('',(0.,0.,1.));
#4774 = DIRECTION('',(1.,0.,0.));
#4775 = ORIENTED_EDGE('',*,*,#4776,.T.);
#4776 = EDGE_CURVE('',#4768,#4777,#4779,.T.);
#4777 = VERTEX_POINT('',#4778);
#4778 = CARTESIAN_POINT('',(263.674,224.206,-12.7));
#4779 = LINE('',#4780,#4781);
#4780 = CARTESIAN_POINT('',(285.5,224.206,-12.7));
#4781 = VECTOR('',#4782,1.);
#4782 = DIRECTION('',(-1.,0.,0.));
#4783 = ORIENTED_EDGE('',*,*,#4784,.T.);
#4784 = EDGE_CURVE('',#4777,#4785,#4787,.T.);
#4785 = VERTEX_POINT('',#4786);
#4786 = CARTESIAN_POINT('',(260.5,227.38,-12.7));
#4787 = CIRCLE('',#4788,3.174);
#4788 = AXIS2_PLACEMENT_3D('',#4789,#4790,#4791);
#4789 = CARTESIAN_POINT('',(263.674,227.38,-12.7));
#4790 = DIRECTION('',(0.,0.,-1.));
#4791 = DIRECTION('',(1.,0.,0.));
#4792 = ORIENTED_EDGE('',*,*,#4793,.T.);
#4793 = EDGE_CURVE('',#4785,#4794,#4796,.T.);
#4794 = VERTEX_POINT('',#4795);
#4795 = CARTESIAN_POINT('',(260.5,227.532,-12.7));
#4796 = LINE('',#4797,#4798);
#4797 = CARTESIAN_POINT('',(260.5,224.206,-12.7));
#4798 = VECTOR('',#4799,1.);
#4799 = DIRECTION('',(0.,1.,0.));
#4800 = ORIENTED_EDGE('',*,*,#4801,.F.);
#4801 = EDGE_CURVE('',#4743,#4794,#4802,.T.);
#4802 = CIRCLE('',#4803,3.174);
#4803 = AXIS2_PLACEMENT_3D('',#4804,#4805,#4806);
#4804 = CARTESIAN_POINT('',(263.674,227.532,-12.7));
#4805 = DIRECTION('',(0.,0.,1.));
#4806 = DIRECTION('',(1.,0.,0.));
#4807 = FACE_BOUND('',#4808,.T.);
#4808 = EDGE_LOOP('',(#4809));
#4809 = ORIENTED_EDGE('',*,*,#4810,.T.);
#4810 = EDGE_CURVE('',#4811,#4811,#4813,.T.);
#4811 = VERTEX_POINT('',#4812);
#4812 = CARTESIAN_POINT('',(440.53125,304.8,-12.7));
#4813 = CIRCLE('',#4814,7.14375);
#4814 = AXIS2_PLACEMENT_3D('',#4815,#4816,#4817);
#4815 = CARTESIAN_POINT('',(447.675,304.8,-12.7));
#4816 = DIRECTION('',(0.,0.,-1.));
#4817 = DIRECTION('',(-1.,0.,0.));
#4818 = FACE_BOUND('',#4819,.T.);
#4819 = EDGE_LOOP('',(#4820));
#4820 = ORIENTED_EDGE('',*,*,#4821,.T.);
#4821 = EDGE_CURVE('',#4822,#4822,#4824,.T.);
#4822 = VERTEX_POINT('',#4823);
#4823 = CARTESIAN_POINT('',(440.53125,50.8,-12.7));
#4824 = CIRCLE('',#4825,7.14375);
#4825 = AXIS2_PLACEMENT_3D('',#4826,#4827,#4828);
#4826 = CARTESIAN_POINT('',(447.675,50.8,-12.7));
#4827 = DIRECTION('',(0.,0.,-1.));
#4828 = DIRECTION('',(-1.,0.,0.));
#4829 = FACE_BOUND('',#4830,.T.);
#4830 = EDGE_LOOP('',(#4831));
#4831 = ORIENTED_EDGE('',*,*,#4832,.T.);
#4832 = EDGE_CURVE('',#4833,#4833,#4835,.T.);
#4833 = VERTEX_POINT('',#4834);
#4834 = CARTESIAN_POINT('',(34.13125,304.8,-12.7));
#4835 = CIRCLE('',#4836,7.14375);
#4836 = AXIS2_PLACEMENT_3D('',#4837,#4838,#4839);
#4837 = CARTESIAN_POINT('',(41.275,304.8,-12.7));
#4838 = DIRECTION('',(0.,0.,-1.));
#4839 = DIRECTION('',(-1.,0.,0.));
#4840 = FACE_BOUND('',#4841,.T.);
#4841 = EDGE_LOOP('',(#4842));
#4842 = ORIENTED_EDGE('',*,*,#4843,.T.);
#4843 = EDGE_CURVE('',#4844,#4844,#4846,.T.);
#4844 = VERTEX_POINT('',#4845);
#4845 = CARTESIAN_POINT('',(34.13125,50.8,-12.7));
#4846 = CIRCLE('',#4847,7.14375);
#4847 = AXIS2_PLACEMENT_3D('',#4848,#4849,#4850);
#4848 = CARTESIAN_POINT('',(41.275,50.8,-12.7));
#4849 = DIRECTION('',(0.,0.,-1.));
#4850 = DIRECTION('',(-1.,0.,0.));
#4851 = FACE_BOUND('',#4852,.T.);
#4852 = EDGE_LOOP('',(#4853));
#4853 = ORIENTED_EDGE('',*,*,#4854,.T.);
#4854 = EDGE_CURVE('',#4855,#4855,#4857,.T.);
#4855 = VERTEX_POINT('',#4856);
#4856 = CARTESIAN_POINT('',(528.26541761165,53.412652818406,-12.7));
#4857 = CIRCLE('',#4858,1.7272);
#4858 = AXIS2_PLACEMENT_3D('',#4859,#4860,#4861);
#4859 = CARTESIAN_POINT('',(528.29810908796,51.685762229117,-12.7));
#4860 = DIRECTION('',(0.,0.,-1.));
#4861 = DIRECTION('',(-1.89274411266E-02,0.999820859941,0.));
#4862 = FACE_BOUND('',#4863,.T.);
#4863 = EDGE_LOOP('',(#4864));
#4864 = ORIENTED_EDGE('',*,*,#4865,.T.);
#4865 = EDGE_CURVE('',#4866,#4866,#4868,.T.);
#4866 = VERTEX_POINT('',#4867);
#4867 = CARTESIAN_POINT('',(594.5252,223.664,-12.7));
#4868 = CIRCLE('',#4869,1.7272);
#4869 = AXIS2_PLACEMENT_3D('',#4870,#4871,#4872);
#4870 = CARTESIAN_POINT('',(592.798,223.664,-12.7));
#4871 = DIRECTION('',(0.,0.,-1.));
#4872 = DIRECTION('',(1.,0.,0.));
#4873 = FACE_BOUND('',#4874,.T.);
#4874 = EDGE_LOOP('',(#4875));
#4875 = ORIENTED_EDGE('',*,*,#4876,.T.);
#4876 = EDGE_CURVE('',#4877,#4877,#4879,.T.);
#4877 = VERTEX_POINT('',#4878);
#4878 = CARTESIAN_POINT('',(594.5252,182.664,-12.7));
#4879 = CIRCLE('',#4880,1.7272);
#4880 = AXIS2_PLACEMENT_3D('',#4881,#4882,#4883);
#4881 = CARTESIAN_POINT('',(592.798,182.664,-12.7));
#4882 = DIRECTION('',(0.,0.,-1.));
#4883 = DIRECTION('',(1.,0.,0.));
#4884 = FACE_BOUND('',#4885,.T.);
#4885 = EDGE_LOOP('',(#4886));
#4886 = ORIENTED_EDGE('',*,*,#4887,.T.);
#4887 = EDGE_CURVE('',#4888,#4888,#4890,.T.);
#4888 = VERTEX_POINT('',#4889);
#4889 = CARTESIAN_POINT('',(594.5252,164.336,-12.7));
#4890 = CIRCLE('',#4891,1.7272);
#4891 = AXIS2_PLACEMENT_3D('',#4892,#4893,#4894);
#4892 = CARTESIAN_POINT('',(592.798,164.336,-12.7));
#4893 = DIRECTION('',(0.,0.,-1.));
#4894 = DIRECTION('',(1.,0.,0.));
#4895 = FACE_BOUND('',#4896,.T.);
#4896 = EDGE_LOOP('',(#4897));
#4897 = ORIENTED_EDGE('',*,*,#4898,.T.);
#4898 = EDGE_CURVE('',#4899,#4899,#4901,.T.);
#4899 = VERTEX_POINT('',#4900);
#4900 = CARTESIAN_POINT('',(565.18671143222,95.703426873431,-12.7));
#4901 = CIRCLE('',#4902,1.7272);
#4902 = AXIS2_PLACEMENT_3D('',#4903,#4904,#4905);
#4903 = CARTESIAN_POINT('',(563.98873175076,94.459214462789,-12.7));
#4904 = DIRECTION('',(0.,0.,-1.));
#4905 = DIRECTION('',(0.693596388065,0.720363832007,0.));
#4906 = FACE_BOUND('',#4907,.T.);
#4907 = EDGE_LOOP('',(#4908));
#4908 = ORIENTED_EDGE('',*,*,#4909,.T.);
#4909 = EDGE_CURVE('',#4910,#4910,#4912,.T.);
#4910 = VERTEX_POINT('',#4911);
#4911 = CARTESIAN_POINT('',(594.5252,205.336,-12.7));
#4912 = CIRCLE('',#4913,1.7272);
#4913 = AXIS2_PLACEMENT_3D('',#4914,#4915,#4916);
#4914 = CARTESIAN_POINT('',(592.798,205.336,-12.7));
#4915 = DIRECTION('',(0.,0.,-1.));
#4916 = DIRECTION('',(1.,0.,0.));
#4917 = FACE_BOUND('',#4918,.T.);
#4918 = EDGE_LOOP('',(#4919));
#4919 = ORIENTED_EDGE('',*,*,#4920,.T.);
#4920 = EDGE_CURVE('',#4921,#4921,#4923,.T.);
#4921 = VERTEX_POINT('',#4922);
#4922 = CARTESIAN_POINT('',(594.5252,141.664,-12.7));
#4923 = CIRCLE('',#4924,1.7272);
#4924 = AXIS2_PLACEMENT_3D('',#4925,#4926,#4927);
#4925 = CARTESIAN_POINT('',(592.798,141.664,-12.7));
#4926 = DIRECTION('',(0.,0.,-1.));
#4927 = DIRECTION('',(1.,0.,0.));
#4928 = FACE_BOUND('',#4929,.T.);
#4929 = EDGE_LOOP('',(#4930));
#4930 = ORIENTED_EDGE('',*,*,#4931,.T.);
#4931 = EDGE_CURVE('',#4932,#4932,#4934,.T.);
#4932 = VERTEX_POINT('',#4933);
#4933 = CARTESIAN_POINT('',(566.81268324505,9.813288567772,-12.7));
#4934 = CIRCLE('',#4935,1.7272);
#4935 = AXIS2_PLACEMENT_3D('',#4936,#4937,#4938);
#4936 = CARTESIAN_POINT('',(565.5684708344,11.011268249237,-12.7));
#4937 = DIRECTION('',(0.,-0.,-1.));
#4938 = DIRECTION('',(0.720363832007,-0.693596388065,0.));
#4939 = FACE_BOUND('',#4940,.T.);
#4940 = EDGE_LOOP('',(#4941));
#4941 = ORIENTED_EDGE('',*,*,#4942,.T.);
#4942 = EDGE_CURVE('',#4943,#4943,#4945,.T.);
#4943 = VERTEX_POINT('',#4944);
#4944 = CARTESIAN_POINT('',(519.2328,82.,-12.7));
#4945 = CIRCLE('',#4946,1.7272);
#4946 = AXIS2_PLACEMENT_3D('',#4947,#4948,#4949);
#4947 = CARTESIAN_POINT('',(520.96,82.,-12.7));
#4948 = DIRECTION('',(0.,0.,-1.));
#4949 = DIRECTION('',(-1.,0.,0.));
#4950 = FACE_BOUND('',#4951,.T.);
#4951 = EDGE_LOOP('',(#4952));
#4952 = ORIENTED_EDGE('',*,*,#4953,.T.);
#4953 = EDGE_CURVE('',#4954,#4954,#4956,.T.);
#4954 = VERTEX_POINT('',#4955);
#4955 = CARTESIAN_POINT('',(544.2328,82.,-12.7));
#4956 = CIRCLE('',#4957,1.7272);
#4957 = AXIS2_PLACEMENT_3D('',#4958,#4959,#4960);
#4958 = CARTESIAN_POINT('',(545.96,82.,-12.7));
#4959 = DIRECTION('',(0.,0.,-1.));
#4960 = DIRECTION('',(-1.,0.,0.));
#4961 = FACE_BOUND('',#4962,.T.);
#4962 = EDGE_LOOP('',(#4963));
#4963 = ORIENTED_EDGE('',*,*,#4964,.T.);
#4964 = EDGE_CURVE('',#4965,#4965,#4967,.T.);
#4965 = VERTEX_POINT('',#4966);
#4966 = CARTESIAN_POINT('',(563.1492581448,333.63755709866,-12.7));
#4967 = CIRCLE('',#4968,1.7272);
#4968 = AXIS2_PLACEMENT_3D('',#4969,#4970,#4971);
#4969 = CARTESIAN_POINT('',(563.18194962112,331.91066650937,-12.7));
#4970 = DIRECTION('',(0.,0.,-1.));
#4971 = DIRECTION('',(-1.89274411266E-02,0.999820859941,0.));
#4972 = FACE_BOUND('',#4973,.T.);
#4973 = EDGE_LOOP('',(#4974));
#4974 = ORIENTED_EDGE('',*,*,#4975,.T.);
#4975 = EDGE_CURVE('',#4976,#4976,#4978,.T.);
#4976 = VERTEX_POINT('',#4977);
#4977 = CARTESIAN_POINT('',(594.5252,123.336,-12.7));
#4978 = CIRCLE('',#4979,1.7272);
#4979 = AXIS2_PLACEMENT_3D('',#4980,#4981,#4982);
#4980 = CARTESIAN_POINT('',(592.798,123.336,-12.7));
#4981 = DIRECTION('',(0.,0.,-1.));
#4982 = DIRECTION('',(1.,0.,0.));
#4983 = FACE_BOUND('',#4984,.T.);
#4984 = EDGE_LOOP('',(#4985));
#4985 = ORIENTED_EDGE('',*,*,#4986,.T.);
#4986 = EDGE_CURVE('',#4987,#4987,#4989,.T.);
#4987 = VERTEX_POINT('',#4988);
#4988 = CARTESIAN_POINT('',(601.57983952791,296.20190756684,-12.7));
#4989 = CIRCLE('',#4990,1.7272);
#4990 = AXIS2_PLACEMENT_3D('',#4991,#4992,#4993);
#4991 = CARTESIAN_POINT('',(600.33562711727,297.3998872483,-12.7));
#4992 = DIRECTION('',(0.,-0.,-1.));
#4993 = DIRECTION('',(0.720363832007,-0.693596388065,0.));
#4994 = FACE_BOUND('',#4995,.T.);
#4995 = EDGE_LOOP('',(#4996));
#4996 = ORIENTED_EDGE('',*,*,#4997,.T.);
#4997 = EDGE_CURVE('',#4998,#4998,#5000,.T.);
#4998 = VERTEX_POINT('',#4999);
#4999 = CARTESIAN_POINT('',(252.61486412606,183.88513587393,-12.7));
#5000 = CIRCLE('',#5001,1.7272);
#5001 = AXIS2_PLACEMENT_3D('',#5002,#5003,#5004);
#5002 = CARTESIAN_POINT('',(253.83617895853,182.66382104146,-12.7));
#5003 = DIRECTION('',(0.,0.,-1.));
#5004 = DIRECTION('',(-0.707106781187,0.707106781187,0.));
#5005 = FACE_BOUND('',#5006,.T.);
#5006 = EDGE_LOOP('',(#5007));
#5007 = ORIENTED_EDGE('',*,*,#5008,.T.);
#5008 = EDGE_CURVE('',#5009,#5009,#5011,.T.);
#5009 = VERTEX_POINT('',#5010);
#5010 = CARTESIAN_POINT('',(600.40122262547,358.46102421452,-12.7));
#5011 = CIRCLE('',#5012,1.7272);
#5012 = AXIS2_PLACEMENT_3D('',#5013,#5014,#5015);
#5013 = CARTESIAN_POINT('',(599.203242944,357.21681180388,-12.7));
#5014 = DIRECTION('',(0.,0.,-1.));
#5015 = DIRECTION('',(0.693596388065,0.720363832007,0.));
#5016 = FACE_BOUND('',#5017,.T.);
#5017 = EDGE_LOOP('',(#5018));
#5018 = ORIENTED_EDGE('',*,*,#5019,.T.);
#5019 = EDGE_CURVE('',#5020,#5020,#5022,.T.);
#5020 = VERTEX_POINT('',#5021);
#5021 = CARTESIAN_POINT('',(525.2288,275.67,-12.7));
#5022 = CIRCLE('',#5023,1.7272);
#5023 = AXIS2_PLACEMENT_3D('',#5024,#5025,#5026);
#5024 = CARTESIAN_POINT('',(526.956,275.67,-12.7));
#5025 = DIRECTION('',(0.,0.,-1.));
#5026 = DIRECTION('',(-1.,0.,0.));
#5027 = FACE_BOUND('',#5028,.T.);
#5028 = EDGE_LOOP('',(#5029));
#5029 = ORIENTED_EDGE('',*,*,#5030,.T.);
#5030 = EDGE_CURVE('',#5031,#5031,#5033,.T.);
#5031 = VERTEX_POINT('',#5032);
#5032 = CARTESIAN_POINT('',(128.2728,160.,-12.7));
#5033 = CIRCLE('',#5034,1.7272);
#5034 = AXIS2_PLACEMENT_3D('',#5035,#5036,#5037);
#5035 = CARTESIAN_POINT('',(130.,160.,-12.7));
#5036 = DIRECTION('',(0.,0.,-1.));
#5037 = DIRECTION('',(-1.,0.,0.));
#5038 = FACE_BOUND('',#5039,.T.);
#5039 = EDGE_LOOP('',(#5040));
#5040 = ORIENTED_EDGE('',*,*,#5041,.T.);
#5041 = EDGE_CURVE('',#5042,#5042,#5044,.T.);
#5042 = VERTEX_POINT('',#5043);
#5043 = CARTESIAN_POINT('',(571.2328,303.,-12.7));
#5044 = CIRCLE('',#5045,1.7272);
#5045 = AXIS2_PLACEMENT_3D('',#5046,#5047,#5048);
#5046 = CARTESIAN_POINT('',(572.96,303.,-12.7));
#5047 = DIRECTION('',(0.,0.,-1.));
#5048 = DIRECTION('',(-1.,0.,0.));
#5049 = FACE_BOUND('',#5050,.T.);
#5050 = EDGE_LOOP('',(#5051));
#5051 = ORIENTED_EDGE('',*,*,#5052,.T.);
#5052 = EDGE_CURVE('',#5053,#5053,#5055,.T.);
#5053 = VERTEX_POINT('',#5054);
#5054 = CARTESIAN_POINT('',(546.2328,303.,-12.7));
#5055 = CIRCLE('',#5056,1.7272);
#5056 = AXIS2_PLACEMENT_3D('',#5057,#5058,#5059);
#5057 = CARTESIAN_POINT('',(547.96,303.,-12.7));
#5058 = DIRECTION('',(0.,0.,-1.));
#5059 = DIRECTION('',(-1.,0.,0.));
#5060 = FACE_BOUND('',#5061,.T.);
#5061 = EDGE_LOOP('',(#5062));
#5062 = ORIENTED_EDGE('',*,*,#5063,.T.);
#5063 = EDGE_CURVE('',#5064,#5064,#5066,.T.);
#5064 = VERTEX_POINT('',#5065);
#5065 = CARTESIAN_POINT('',(206.38513587393,31.614864126069,-12.7));
#5066 = CIRCLE('',#5067,1.7272);
#5067 = AXIS2_PLACEMENT_3D('',#5068,#5069,#5070);
#5068 = CARTESIAN_POINT('',(205.16382104146,32.836178958535,-12.7));
#5069 = DIRECTION('',(0.,-0.,-1.));
#5070 = DIRECTION('',(0.707106781187,-0.707106781187,0.));
#5071 = FACE_BOUND('',#5072,.T.);
#5072 = EDGE_LOOP('',(#5073));
#5073 = ORIENTED_EDGE('',*,*,#5074,.T.);
#5074 = EDGE_CURVE('',#5075,#5075,#5077,.T.);
#5075 = VERTEX_POINT('',#5076);
#5076 = CARTESIAN_POINT('',(166.2657562334,12.617598426483,-12.7));
#5077 = CIRCLE('',#5078,1.7272);
#5078 = AXIS2_PLACEMENT_3D('',#5079,#5080,#5081);
#5079 = CARTESIAN_POINT('',(167.99264682269,12.650289902797,-12.7));
#5080 = DIRECTION('',(-0.,0.,-1.));
#5081 = DIRECTION('',(-0.999820859941,-1.89274411266E-02,0.));
#5082 = FACE_BOUND('',#5083,.T.);
#5083 = EDGE_LOOP('',(#5084));
#5084 = ORIENTED_EDGE('',*,*,#5085,.T.);
#5085 = EDGE_CURVE('',#5086,#5086,#5088,.T.);
#5086 = VERTEX_POINT('',#5087);
#5087 = CARTESIAN_POINT('',(150.2728,42.,-12.7));
#5088 = CIRCLE('',#5089,1.7272);
#5089 = AXIS2_PLACEMENT_3D('',#5090,#5091,#5092);
#5090 = CARTESIAN_POINT('',(152.,42.,-12.7));
#5091 = DIRECTION('',(0.,0.,-1.));
#5092 = DIRECTION('',(-1.,0.,0.));
#5093 = FACE_BOUND('',#5094,.T.);
#5094 = EDGE_LOOP('',(#5095));
#5095 = ORIENTED_EDGE('',*,*,#5096,.T.);
#5096 = EDGE_CURVE('',#5097,#5097,#5099,.T.);
#5097 = VERTEX_POINT('',#5098);
#5098 = CARTESIAN_POINT('',(194.2728,58.,-12.7));
#5099 = CIRCLE('',#5100,1.7272);
#5100 = AXIS2_PLACEMENT_3D('',#5101,#5102,#5103);
#5101 = CARTESIAN_POINT('',(196.,58.,-12.7));
#5102 = DIRECTION('',(0.,0.,-1.));
#5103 = DIRECTION('',(-1.,0.,0.));
#5104 = FACE_BOUND('',#5105,.T.);
#5105 = EDGE_LOOP('',(#5106));
#5106 = ORIENTED_EDGE('',*,*,#5107,.T.);
#5107 = EDGE_CURVE('',#5108,#5108,#5110,.T.);
#5108 = VERTEX_POINT('',#5109);
#5109 = CARTESIAN_POINT('',(252.61486412606,71.614864126069,-12.7));
#5110 = CIRCLE('',#5111,1.7272);
#5111 = AXIS2_PLACEMENT_3D('',#5112,#5113,#5114);
#5112 = CARTESIAN_POINT('',(253.83617895853,72.836178958535,-12.7));
#5113 = DIRECTION('',(-0.,0.,-1.));
#5114 = DIRECTION('',(-0.707106781187,-0.707106781187,0.));
#5115 = FACE_BOUND('',#5116,.T.);
#5116 = EDGE_LOOP('',(#5117));
#5117 = ORIENTED_EDGE('',*,*,#5118,.T.);
#5118 = EDGE_CURVE('',#5119,#5119,#5121,.T.);
#5119 = VERTEX_POINT('',#5120);
#5120 = CARTESIAN_POINT('',(194.2728,98.,-12.7));
#5121 = CIRCLE('',#5122,1.7272);
#5122 = AXIS2_PLACEMENT_3D('',#5123,#5124,#5125);
#5123 = CARTESIAN_POINT('',(196.,98.,-12.7));
#5124 = DIRECTION('',(0.,0.,-1.));
#5125 = DIRECTION('',(-1.,0.,0.));
#5126 = FACE_BOUND('',#5127,.T.);
#5127 = EDGE_LOOP('',(#5128));
#5128 = ORIENTED_EDGE('',*,*,#5129,.T.);
#5129 = EDGE_CURVE('',#5130,#5130,#5132,.T.);
#5130 = VERTEX_POINT('',#5131);
#5131 = CARTESIAN_POINT('',(128.2728,115.,-12.7));
#5132 = CIRCLE('',#5133,1.7272);
#5133 = AXIS2_PLACEMENT_3D('',#5134,#5135,#5136);
#5134 = CARTESIAN_POINT('',(130.,115.,-12.7));
#5135 = DIRECTION('',(0.,0.,-1.));
#5136 = DIRECTION('',(-1.,0.,0.));
#5137 = FACE_BOUND('',#5138,.T.);
#5138 = EDGE_LOOP('',(#5139));
#5139 = ORIENTED_EDGE('',*,*,#5140,.T.);
#5140 = EDGE_CURVE('',#5141,#5141,#5143,.T.);
#5141 = VERTEX_POINT('',#5142);
#5142 = CARTESIAN_POINT('',(128.2728,70.,-12.7));
#5143 = CIRCLE('',#5144,1.7272);
#5144 = AXIS2_PLACEMENT_3D('',#5145,#5146,#5147);
#5145 = CARTESIAN_POINT('',(130.,70.,-12.7));
#5146 = DIRECTION('',(0.,0.,-1.));
#5147 = DIRECTION('',(-1.,0.,0.));
#5148 = FACE_BOUND('',#5149,.T.);
#5149 = EDGE_LOOP('',(#5150));
#5150 = ORIENTED_EDGE('',*,*,#5151,.T.);
#5151 = EDGE_CURVE('',#5152,#5152,#5154,.T.);
#5152 = VERTEX_POINT('',#5153);
#5153 = CARTESIAN_POINT('',(119.61486412606,31.614864126069,-12.7));
#5154 = CIRCLE('',#5155,1.7272);
#5155 = AXIS2_PLACEMENT_3D('',#5156,#5157,#5158);
#5156 = CARTESIAN_POINT('',(120.83617895853,32.836178958535,-12.7));
#5157 = DIRECTION('',(-0.,0.,-1.));
#5158 = DIRECTION('',(-0.707106781187,-0.707106781187,0.));
#5159 = FACE_BOUND('',#5160,.T.);
#5160 = EDGE_LOOP('',(#5161));
#5161 = ORIENTED_EDGE('',*,*,#5162,.T.);
#5162 = EDGE_CURVE('',#5163,#5163,#5165,.T.);
#5163 = VERTEX_POINT('',#5164);
#5164 = CARTESIAN_POINT('',(140.38513587393,348.38513587393,-12.7));
#5165 = CIRCLE('',#5166,1.7272);
#5166 = AXIS2_PLACEMENT_3D('',#5167,#5168,#5169);
#5167 = CARTESIAN_POINT('',(139.16382104146,347.16382104146,-12.7));
#5168 = DIRECTION('',(0.,0.,-1.));
#5169 = DIRECTION('',(0.707106781187,0.707106781187,0.));
#5170 = FACE_BOUND('',#5171,.T.);
#5171 = EDGE_LOOP('',(#5172));
#5172 = ORIENTED_EDGE('',*,*,#5173,.T.);
#5173 = EDGE_CURVE('',#5174,#5174,#5176,.T.);
#5174 = VERTEX_POINT('',#5175);
#5175 = CARTESIAN_POINT('',(185.61486412606,284.88513587393,-12.7));
#5176 = CIRCLE('',#5177,1.7272);
#5177 = AXIS2_PLACEMENT_3D('',#5178,#5179,#5180);
#5178 = CARTESIAN_POINT('',(186.83617895853,283.66382104146,-12.7));
#5179 = DIRECTION('',(0.,0.,-1.));
#5180 = DIRECTION('',(-0.707106781187,0.707106781187,0.));
#5181 = FACE_BOUND('',#5182,.T.);
#5182 = EDGE_LOOP('',(#5183));
#5183 = ORIENTED_EDGE('',*,*,#5184,.T.);
#5184 = EDGE_CURVE('',#5185,#5185,#5187,.T.);
#5185 = VERTEX_POINT('',#5186);
#5186 = CARTESIAN_POINT('',(360.042148,132.5,-12.7));
#5187 = CIRCLE('',#5188,1.7272);
#5188 = AXIS2_PLACEMENT_3D('',#5189,#5190,#5191);
#5189 = CARTESIAN_POINT('',(361.769348,132.5,-12.7));
#5190 = DIRECTION('',(0.,0.,-1.));
#5191 = DIRECTION('',(-1.,0.,0.));
#5192 = FACE_BOUND('',#5193,.T.);
#5193 = EDGE_LOOP('',(#5194));
#5194 = ORIENTED_EDGE('',*,*,#5195,.T.);
#5195 = EDGE_CURVE('',#5196,#5196,#5198,.T.);
#5196 = VERTEX_POINT('',#5197);
#5197 = CARTESIAN_POINT('',(190.61640205154,340.31645985627,-12.7));
#5198 = CIRCLE('',#5199,1.7272);
#5199 = AXIS2_PLACEMENT_3D('',#5200,#5201,#5202);
#5200 = CARTESIAN_POINT('',(192.34329264083,340.34915133258,-12.7));
#5201 = DIRECTION('',(-0.,0.,-1.));
#5202 = DIRECTION('',(-0.999820859941,-1.89274411266E-02,0.));
#5203 = FACE_BOUND('',#5204,.T.);
#5204 = EDGE_LOOP('',(#5205));
#5205 = ORIENTED_EDGE('',*,*,#5206,.T.);
#5206 = EDGE_CURVE('',#5207,#5207,#5209,.T.);
#5207 = VERTEX_POINT('',#5208);
#5208 = CARTESIAN_POINT('',(300.61486412606,142.88513587393,-12.7));
#5209 = CIRCLE('',#5210,1.7272);
#5210 = AXIS2_PLACEMENT_3D('',#5211,#5212,#5213);
#5211 = CARTESIAN_POINT('',(301.83617895853,141.66382104146,-12.7));
#5212 = DIRECTION('',(0.,0.,-1.));
#5213 = DIRECTION('',(-0.707106781187,0.707106781187,0.));
#5214 = FACE_BOUND('',#5215,.T.);
#5215 = EDGE_LOOP('',(#5216));
#5216 = ORIENTED_EDGE('',*,*,#5217,.T.);
#5217 = EDGE_CURVE('',#5218,#5218,#5220,.T.);
#5218 = VERTEX_POINT('',#5219);
#5219 = CARTESIAN_POINT('',(467.7712,241.83,-12.7));
#5220 = CIRCLE('',#5221,1.7272);
#5221 = AXIS2_PLACEMENT_3D('',#5222,#5223,#5224);
#5222 = CARTESIAN_POINT('',(466.044,241.83,-12.7));
#5223 = DIRECTION('',(0.,0.,-1.));
#5224 = DIRECTION('',(1.,-0.,0.));
#5225 = FACE_BOUND('',#5226,.T.);
#5226 = EDGE_LOOP('',(#5227));
#5227 = ORIENTED_EDGE('',*,*,#5228,.T.);
#5228 = EDGE_CURVE('',#5229,#5229,#5231,.T.);
#5229 = VERTEX_POINT('',#5230);
#5230 = CARTESIAN_POINT('',(404.142148,214.5,-12.7));
#5231 = CIRCLE('',#5232,1.7272);
#5232 = AXIS2_PLACEMENT_3D('',#5233,#5234,#5235);
#5233 = CARTESIAN_POINT('',(405.869348,214.5,-12.7));
#5234 = DIRECTION('',(0.,0.,-1.));
#5235 = DIRECTION('',(-1.,0.,0.));
#5236 = FACE_BOUND('',#5237,.T.);
#5237 = EDGE_LOOP('',(#5238));
#5238 = ORIENTED_EDGE('',*,*,#5239,.T.);
#5239 = EDGE_CURVE('',#5240,#5240,#5242,.T.);
#5240 = VERTEX_POINT('',#5241);
#5241 = CARTESIAN_POINT('',(338.3272,132.5,-12.7));
#5242 = CIRCLE('',#5243,1.7272);
#5243 = AXIS2_PLACEMENT_3D('',#5244,#5245,#5246);
#5244 = CARTESIAN_POINT('',(336.6,132.5,-12.7));
#5245 = DIRECTION('',(0.,0.,-1.));
#5246 = DIRECTION('',(1.,-0.,0.));
#5247 = FACE_BOUND('',#5248,.T.);
#5248 = EDGE_LOOP('',(#5249));
#5249 = ORIENTED_EDGE('',*,*,#5250,.T.);
#5250 = EDGE_CURVE('',#5251,#5251,#5253,.T.);
#5251 = VERTEX_POINT('',#5252);
#5252 = CARTESIAN_POINT('',(382.4272,214.5,-12.7));
#5253 = CIRCLE('',#5254,1.7272);
#5254 = AXIS2_PLACEMENT_3D('',#5255,#5256,#5257);
#5255 = CARTESIAN_POINT('',(380.7,214.5,-12.7));
#5256 = DIRECTION('',(0.,0.,-1.));
#5257 = DIRECTION('',(1.,-0.,0.));
#5258 = FACE_BOUND('',#5259,.T.);
#5259 = EDGE_LOOP('',(#5260));
#5260 = ORIENTED_EDGE('',*,*,#5261,.T.);
#5261 = EDGE_CURVE('',#5262,#5262,#5264,.T.);
#5262 = VERTEX_POINT('',#5263);
#5263 = CARTESIAN_POINT('',(322.61486412606,204.11486412606,-12.7));
#5264 = CIRCLE('',#5265,1.7272);
#5265 = AXIS2_PLACEMENT_3D('',#5266,#5267,#5268);
#5266 = CARTESIAN_POINT('',(323.83617895853,205.33617895853,-12.7));
#5267 = DIRECTION('',(-0.,0.,-1.));
#5268 = DIRECTION('',(-0.707106781187,-0.707106781187,0.));
#5269 = FACE_BOUND('',#5270,.T.);
#5270 = EDGE_LOOP('',(#5271));
#5271 = ORIENTED_EDGE('',*,*,#5272,.T.);
#5272 = EDGE_CURVE('',#5273,#5273,#5275,.T.);
#5273 = VERTEX_POINT('',#5274);
#5274 = CARTESIAN_POINT('',(300.33,225.7288,-12.7));
#5275 = CIRCLE('',#5276,1.7272);
#5276 = AXIS2_PLACEMENT_3D('',#5277,#5278,#5279);
#5277 = CARTESIAN_POINT('',(300.33,227.456,-12.7));
#5278 = DIRECTION('',(-0.,0.,-1.));
#5279 = DIRECTION('',(-0.,-1.,0.));
#5280 = FACE_BOUND('',#5281,.T.);
#5281 = EDGE_LOOP('',(#5282));
#5282 = ORIENTED_EDGE('',*,*,#5283,.T.);
#5283 = EDGE_CURVE('',#5284,#5284,#5286,.T.);
#5284 = VERTEX_POINT('',#5285);
#5285 = CARTESIAN_POINT('',(347.2728,173.5,-12.7));
#5286 = CIRCLE('',#5287,1.7272);
#5287 = AXIS2_PLACEMENT_3D('',#5288,#5289,#5290);
#5288 = CARTESIAN_POINT('',(349.,173.5,-12.7));
#5289 = DIRECTION('',(0.,0.,-1.));
#5290 = DIRECTION('',(-1.,0.,0.));
#5291 = FACE_BOUND('',#5292,.T.);
#5292 = EDGE_LOOP('',(#5293));
#5293 = ORIENTED_EDGE('',*,*,#5294,.T.);
#5294 = EDGE_CURVE('',#5295,#5295,#5297,.T.);
#5295 = VERTEX_POINT('',#5296);
#5296 = CARTESIAN_POINT('',(422.388766,173.5,-12.7));
#5297 = CIRCLE('',#5298,1.7272);
#5298 = AXIS2_PLACEMENT_3D('',#5299,#5300,#5301);
#5299 = CARTESIAN_POINT('',(424.115966,173.5,-12.7));
#5300 = DIRECTION('',(0.,0.,-1.));
#5301 = DIRECTION('',(-1.,0.,0.));
#5302 = FACE_BOUND('',#5303,.T.);
#5303 = EDGE_LOOP('',(#5304));
#5304 = ORIENTED_EDGE('',*,*,#5305,.T.);
#5305 = EDGE_CURVE('',#5306,#5306,#5308,.T.);
#5306 = VERTEX_POINT('',#5307);
#5307 = CARTESIAN_POINT('',(386.2728,173.5,-12.7));
#5308 = CIRCLE('',#5309,1.7272);
#5309 = AXIS2_PLACEMENT_3D('',#5310,#5311,#5312);
#5310 = CARTESIAN_POINT('',(388.,173.5,-12.7));
#5311 = DIRECTION('',(0.,0.,-1.));
#5312 = DIRECTION('',(-1.,0.,0.));
#5313 = FACE_BOUND('',#5314,.T.);
#5314 = EDGE_LOOP('',(#5315));
#5315 = ORIENTED_EDGE('',*,*,#5316,.T.);
#5316 = EDGE_CURVE('',#5317,#5317,#5319,.T.);
#5317 = VERTEX_POINT('',#5318);
#5318 = CARTESIAN_POINT('',(49.614864126069,348.38513587393,-12.7));
#5319 = CIRCLE('',#5320,1.7272);
#5320 = AXIS2_PLACEMENT_3D('',#5321,#5322,#5323);
#5321 = CARTESIAN_POINT('',(50.836178958535,347.16382104146,-12.7));
#5322 = DIRECTION('',(0.,0.,-1.));
#5323 = DIRECTION('',(-0.707106781187,0.707106781187,0.));
#5324 = FACE_BOUND('',#5325,.T.);
#5325 = EDGE_LOOP('',(#5326));
#5326 = ORIENTED_EDGE('',*,*,#5327,.T.);
#5327 = EDGE_CURVE('',#5328,#5328,#5330,.T.);
#5328 = VERTEX_POINT('',#5329);
#5329 = CARTESIAN_POINT('',(472.26615245642,18.410440640809,-12.7));
#5330 = CIRCLE('',#5331,1.7272);
#5331 = AXIS2_PLACEMENT_3D('',#5332,#5333,#5334);
#5332 = CARTESIAN_POINT('',(473.99304304571,18.443132117123,-12.7));
#5333 = DIRECTION('',(-0.,0.,-1.));
#5334 = DIRECTION('',(-0.999820859941,-1.89274411266E-02,0.));
#5335 = FACE_BOUND('',#5336,.T.);
#5336 = EDGE_LOOP('',(#5337));
#5337 = ORIENTED_EDGE('',*,*,#5338,.T.);
#5338 = EDGE_CURVE('',#5339,#5339,#5341,.T.);
#5339 = VERTEX_POINT('',#5340);
#5340 = CARTESIAN_POINT('',(461.7288,105.17,-12.7));
#5341 = CIRCLE('',#5342,1.7272);
#5342 = AXIS2_PLACEMENT_3D('',#5343,#5344,#5345);
#5343 = CARTESIAN_POINT('',(463.456,105.17,-12.7));
#5344 = DIRECTION('',(0.,0.,-1.));
#5345 = DIRECTION('',(-1.,0.,0.));
#5346 = FACE_BOUND('',#5347,.T.);
#5347 = EDGE_LOOP('',(#5348));
#5348 = ORIENTED_EDGE('',*,*,#5349,.T.);
#5349 = EDGE_CURVE('',#5350,#5350,#5352,.T.);
#5350 = VERTEX_POINT('',#5351);
#5351 = CARTESIAN_POINT('',(497.2288,54.67,-12.7));
#5352 = CIRCLE('',#5353,1.7272);
#5353 = AXIS2_PLACEMENT_3D('',#5354,#5355,#5356);
#5354 = CARTESIAN_POINT('',(498.956,54.67,-12.7));
#5355 = DIRECTION('',(0.,0.,-1.));
#5356 = DIRECTION('',(-1.,0.,0.));
#5357 = FACE_BOUND('',#5358,.T.);
#5358 = EDGE_LOOP('',(#5359));
#5359 = ORIENTED_EDGE('',*,*,#5360,.T.);
#5360 = EDGE_CURVE('',#5361,#5361,#5363,.T.);
#5361 = VERTEX_POINT('',#5362);
#5362 = CARTESIAN_POINT('',(447.0228,82.,-12.7));
#5363 = CIRCLE('',#5364,1.7272);
#5364 = AXIS2_PLACEMENT_3D('',#5365,#5366,#5367);
#5365 = CARTESIAN_POINT('',(448.75,82.,-12.7));
#5366 = DIRECTION('',(0.,0.,-1.));
#5367 = DIRECTION('',(-1.,0.,0.));
#5368 = FACE_BOUND('',#5369,.T.);
#5369 = EDGE_LOOP('',(#5370));
#5370 = ORIENTED_EDGE('',*,*,#5371,.T.);
#5371 = EDGE_CURVE('',#5372,#5372,#5374,.T.);
#5372 = VERTEX_POINT('',#5373);
#5373 = CARTESIAN_POINT('',(282.61486412606,313.38513587393,-12.7));
#5374 = CIRCLE('',#5375,1.7272);
#5375 = AXIS2_PLACEMENT_3D('',#5376,#5377,#5378);
#5376 = CARTESIAN_POINT('',(283.83617895853,312.16382104146,-12.7));
#5377 = DIRECTION('',(0.,0.,-1.));
#5378 = DIRECTION('',(-0.707106781187,0.707106781187,0.));
#5379 = FACE_BOUND('',#5380,.T.);
#5380 = EDGE_LOOP('',(#5381));
#5381 = ORIENTED_EDGE('',*,*,#5382,.T.);
#5382 = EDGE_CURVE('',#5383,#5383,#5385,.T.);
#5383 = VERTEX_POINT('',#5384);
#5384 = CARTESIAN_POINT('',(303.38513587393,264.11486412606,-12.7));
#5385 = CIRCLE('',#5386,1.7272);
#5386 = AXIS2_PLACEMENT_3D('',#5387,#5388,#5389);
#5387 = CARTESIAN_POINT('',(302.16382104146,265.33617895853,-12.7));
#5388 = DIRECTION('',(0.,-0.,-1.));
#5389 = DIRECTION('',(0.707106781187,-0.707106781187,0.));
#5390 = FACE_BOUND('',#5391,.T.);
#5391 = EDGE_LOOP('',(#5392));
#5392 = ORIENTED_EDGE('',*,*,#5393,.T.);
#5393 = EDGE_CURVE('',#5394,#5394,#5396,.T.);
#5394 = VERTEX_POINT('',#5395);
#5395 = CARTESIAN_POINT('',(496.61679827456,346.10930207059,-12.7));
#5396 = CIRCLE('',#5397,1.7272);
#5397 = AXIS2_PLACEMENT_3D('',#5398,#5399,#5400);
#5398 = CARTESIAN_POINT('',(498.34368886385,346.14199354691,-12.7));
#5399 = DIRECTION('',(-0.,0.,-1.));
#5400 = DIRECTION('',(-0.999820859941,-1.89274411266E-02,0.));
#5401 = FACE_BOUND('',#5402,.T.);
#5402 = EDGE_LOOP('',(#5403));
#5403 = ORIENTED_EDGE('',*,*,#5404,.T.);
#5404 = EDGE_CURVE('',#5405,#5405,#5407,.T.);
#5405 = VERTEX_POINT('',#5406);
#5406 = CARTESIAN_POINT('',(474.0228,303.,-12.7));
#5407 = CIRCLE('',#5408,1.7272);
#5408 = AXIS2_PLACEMENT_3D('',#5409,#5410,#5411);
#5409 = CARTESIAN_POINT('',(475.75,303.,-12.7));
#5410 = DIRECTION('',(0.,0.,-1.));
#5411 = DIRECTION('',(-1.,0.,0.));
#5412 = PLANE('',#5413);
#5413 = AXIS2_PLACEMENT_3D('',#5414,#5415,#5416);
#5414 = CARTESIAN_POINT('',(302.4381997494,185.66331466634,-12.7));
#5415 = DIRECTION('',(0.,0.,1.));
#5416 = DIRECTION('',(1.,0.,0.));
#5417 = ADVANCED_FACE('',(#5418),#5443,.F.);
#5418 = FACE_BOUND('',#5419,.F.);
#5419 = EDGE_LOOP('',(#5420,#5421,#5429,#5437));
#5420 = ORIENTED_EDGE('',*,*,#1380,.F.);
#5421 = ORIENTED_EDGE('',*,*,#5422,.F.);
#5422 = EDGE_CURVE('',#5423,#1381,#5425,.T.);
#5423 = VERTEX_POINT('',#5424);
#5424 = CARTESIAN_POINT('',(139.326,301.75,-17.7));
#5425 = LINE('',#5426,#5427);
#5426 = CARTESIAN_POINT('',(139.326,301.75,-17.7));
#5427 = VECTOR('',#5428,1.);
#5428 = DIRECTION('',(0.,0.,1.));
#5429 = ORIENTED_EDGE('',*,*,#5430,.T.);
#5430 = EDGE_CURVE('',#5423,#5431,#5433,.T.);
#5431 = VERTEX_POINT('',#5432);
#5432 = CARTESIAN_POINT('',(120.674,301.75,-17.7));
#5433 = LINE('',#5434,#5435);
#5434 = CARTESIAN_POINT('',(142.5,301.75,-17.7));
#5435 = VECTOR('',#5436,1.);
#5436 = DIRECTION('',(-1.,0.,0.));
#5437 = ORIENTED_EDGE('',*,*,#5438,.T.);
#5438 = EDGE_CURVE('',#5431,#1383,#5439,.T.);
#5439 = LINE('',#5440,#5441);
#5440 = CARTESIAN_POINT('',(120.674,301.75,-17.7));
#5441 = VECTOR('',#5442,1.);
#5442 = DIRECTION('',(0.,0.,1.));
#5443 = PLANE('',#5444);
#5444 = AXIS2_PLACEMENT_3D('',#5445,#5446,#5447);
#5445 = CARTESIAN_POINT('',(142.5,301.75,-17.7));
#5446 = DIRECTION('',(0.,1.,0.));
#5447 = DIRECTION('',(0.,0.,1.));
#5448 = ADVANCED_FACE('',(#5449),#5468,.F.);
#5449 = FACE_BOUND('',#5450,.F.);
#5450 = EDGE_LOOP('',(#5451,#5460,#5461,#5462));
#5451 = ORIENTED_EDGE('',*,*,#5452,.T.);
#5452 = EDGE_CURVE('',#5453,#5423,#5455,.T.);
#5453 = VERTEX_POINT('',#5454);
#5454 = CARTESIAN_POINT('',(142.5,298.576,-17.7));
#5455 = CIRCLE('',#5456,3.174);
#5456 = AXIS2_PLACEMENT_3D('',#5457,#5458,#5459);
#5457 = CARTESIAN_POINT('',(139.326,298.576,-17.7));
#5458 = DIRECTION('',(0.,0.,1.));
#5459 = DIRECTION('',(1.,0.,0.));
#5460 = ORIENTED_EDGE('',*,*,#5422,.T.);
#5461 = ORIENTED_EDGE('',*,*,#1390,.F.);
#5462 = ORIENTED_EDGE('',*,*,#5463,.F.);
#5463 = EDGE_CURVE('',#5453,#1391,#5464,.T.);
#5464 = LINE('',#5465,#5466);
#5465 = CARTESIAN_POINT('',(142.5,298.576,-17.7));
#5466 = VECTOR('',#5467,1.);
#5467 = DIRECTION('',(0.,0.,1.));
#5468 = CYLINDRICAL_SURFACE('',#5469,3.174);
#5469 = AXIS2_PLACEMENT_3D('',#5470,#5471,#5472);
#5470 = CARTESIAN_POINT('',(139.326,298.576,-17.7));
#5471 = DIRECTION('',(0.,0.,1.));
#5472 = DIRECTION('',(1.,0.,0.));
#5473 = ADVANCED_FACE('',(#5474),#5493,.F.);
#5474 = FACE_BOUND('',#5475,.F.);
#5475 = EDGE_LOOP('',(#5476,#5485,#5491,#5492));
#5476 = ORIENTED_EDGE('',*,*,#5477,.T.);
#5477 = EDGE_CURVE('',#5431,#5478,#5480,.T.);
#5478 = VERTEX_POINT('',#5479);
#5479 = CARTESIAN_POINT('',(117.5,298.576,-17.7));
#5480 = CIRCLE('',#5481,3.174);
#5481 = AXIS2_PLACEMENT_3D('',#5482,#5483,#5484);
#5482 = CARTESIAN_POINT('',(120.674,298.576,-17.7));
#5483 = DIRECTION('',(0.,0.,1.));
#5484 = DIRECTION('',(1.,0.,0.));
#5485 = ORIENTED_EDGE('',*,*,#5486,.T.);
#5486 = EDGE_CURVE('',#5478,#1652,#5487,.T.);
#5487 = LINE('',#5488,#5489);
#5488 = CARTESIAN_POINT('',(117.5,298.576,-17.7));
#5489 = VECTOR('',#5490,1.);
#5490 = DIRECTION('',(0.,0.,1.));
#5491 = ORIENTED_EDGE('',*,*,#1659,.F.);
#5492 = ORIENTED_EDGE('',*,*,#5438,.F.);
#5493 = CYLINDRICAL_SURFACE('',#5494,3.174);
#5494 = AXIS2_PLACEMENT_3D('',#5495,#5496,#5497);
#5495 = CARTESIAN_POINT('',(120.674,298.576,-17.7));
#5496 = DIRECTION('',(0.,0.,1.));
#5497 = DIRECTION('',(0.,1.,0.));
#5498 = ADVANCED_FACE('',(#5499),#5517,.T.);
#5499 = FACE_BOUND('',#5500,.T.);
#5500 = EDGE_LOOP('',(#5501,#5509,#5515,#5516));
#5501 = ORIENTED_EDGE('',*,*,#5502,.F.);
#5502 = EDGE_CURVE('',#5503,#5453,#5505,.T.);
#5503 = VERTEX_POINT('',#5504);
#5504 = CARTESIAN_POINT('',(142.5,261.5,-17.7));
#5505 = LINE('',#5506,#5507);
#5506 = CARTESIAN_POINT('',(142.5,188.25,-17.7));
#5507 = VECTOR('',#5508,1.);
#5508 = DIRECTION('',(0.,1.,0.));
#5509 = ORIENTED_EDGE('',*,*,#5510,.F.);
#5510 = EDGE_CURVE('',#1400,#5503,#5511,.T.);
#5511 = LINE('',#5512,#5513);
#5512 = CARTESIAN_POINT('',(142.5,261.5,-23.9));
#5513 = VECTOR('',#5514,1.);
#5514 = DIRECTION('',(0.,0.,-1.));
#5515 = ORIENTED_EDGE('',*,*,#1399,.T.);
#5516 = ORIENTED_EDGE('',*,*,#5463,.F.);
#5517 = PLANE('',#5518);
#5518 = AXIS2_PLACEMENT_3D('',#5519,#5520,#5521);
#5519 = CARTESIAN_POINT('',(142.5,188.25,-17.7));
#5520 = DIRECTION('',(-1.,0.,0.));
#5521 = DIRECTION('',(0.,0.,1.));
#5522 = ADVANCED_FACE('',(#5523),#5541,.F.);
#5523 = FACE_BOUND('',#5524,.F.);
#5524 = EDGE_LOOP('',(#5525,#5533,#5539,#5540));
#5525 = ORIENTED_EDGE('',*,*,#5526,.F.);
#5526 = EDGE_CURVE('',#5527,#5478,#5529,.T.);
#5527 = VERTEX_POINT('',#5528);
#5528 = CARTESIAN_POINT('',(117.5,261.5,-17.7));
#5529 = LINE('',#5530,#5531);
#5530 = CARTESIAN_POINT('',(117.5,188.25,-17.7));
#5531 = VECTOR('',#5532,1.);
#5532 = DIRECTION('',(0.,1.,0.));
#5533 = ORIENTED_EDGE('',*,*,#5534,.F.);
#5534 = EDGE_CURVE('',#1644,#5527,#5535,.T.);
#5535 = LINE('',#5536,#5537);
#5536 = CARTESIAN_POINT('',(117.5,261.5,-23.9));
#5537 = VECTOR('',#5538,1.);
#5538 = DIRECTION('',(0.,0.,-1.));
#5539 = ORIENTED_EDGE('',*,*,#1651,.T.);
#5540 = ORIENTED_EDGE('',*,*,#5486,.F.);
#5541 = PLANE('',#5542);
#5542 = AXIS2_PLACEMENT_3D('',#5543,#5544,#5545);
#5543 = CARTESIAN_POINT('',(117.5,188.25,-17.7));
#5544 = DIRECTION('',(-1.,0.,0.));
#5545 = DIRECTION('',(0.,0.,1.));
#5546 = ADVANCED_FACE('',(#5547),#5581,.F.);
#5547 = FACE_BOUND('',#5548,.F.);
#5548 = EDGE_LOOP('',(#5549,#5550,#5558,#5566,#5572,#5573,#5574,#5580));
#5549 = ORIENTED_EDGE('',*,*,#1407,.F.);
#5550 = ORIENTED_EDGE('',*,*,#5551,.F.);
#5551 = EDGE_CURVE('',#5552,#1408,#5554,.T.);
#5552 = VERTEX_POINT('',#5553);
#5553 = CARTESIAN_POINT('',(155.826,261.5,-30.1));
#5554 = LINE('',#5555,#5556);
#5555 = CARTESIAN_POINT('',(155.826,261.5,-30.1));
#5556 = VECTOR('',#5557,1.);
#5557 = DIRECTION('',(0.,0.,1.));
#5558 = ORIENTED_EDGE('',*,*,#5559,.T.);
#5559 = EDGE_CURVE('',#5552,#5560,#5562,.T.);
#5560 = VERTEX_POINT('',#5561);
#5561 = CARTESIAN_POINT('',(104.174,261.5,-30.1));
#5562 = LINE('',#5563,#5564);
#5563 = CARTESIAN_POINT('',(159.,261.5,-30.1));
#5564 = VECTOR('',#5565,1.);
#5565 = DIRECTION('',(-1.,0.,0.));
#5566 = ORIENTED_EDGE('',*,*,#5567,.T.);
#5567 = EDGE_CURVE('',#5560,#1635,#5568,.T.);
#5568 = LINE('',#5569,#5570);
#5569 = CARTESIAN_POINT('',(104.174,261.5,-30.1));
#5570 = VECTOR('',#5571,1.);
#5571 = DIRECTION('',(0.,0.,1.));
#5572 = ORIENTED_EDGE('',*,*,#1643,.F.);
#5573 = ORIENTED_EDGE('',*,*,#5534,.T.);
#5574 = ORIENTED_EDGE('',*,*,#5575,.F.);
#5575 = EDGE_CURVE('',#5503,#5527,#5576,.T.);
#5576 = LINE('',#5577,#5578);
#5577 = CARTESIAN_POINT('',(150.75,261.5,-17.7));
#5578 = VECTOR('',#5579,1.);
#5579 = DIRECTION('',(-1.,2.2E-16,0.));
#5580 = ORIENTED_EDGE('',*,*,#5510,.F.);
#5581 = PLANE('',#5582);
#5582 = AXIS2_PLACEMENT_3D('',#5583,#5584,#5585);
#5583 = CARTESIAN_POINT('',(159.,261.5,-30.1));
#5584 = DIRECTION('',(0.,1.,0.));
#5585 = DIRECTION('',(0.,0.,1.));
#5586 = ADVANCED_FACE('',(#5587),#5623,.F.);
#5587 = FACE_BOUND('',#5588,.F.);
#5588 = EDGE_LOOP('',(#5589,#5599,#5606,#5607,#5608,#5616));
#5589 = ORIENTED_EDGE('',*,*,#5590,.F.);
#5590 = EDGE_CURVE('',#5591,#5593,#5595,.T.);
#5591 = VERTEX_POINT('',#5592);
#5592 = CARTESIAN_POINT('',(159.,258.326,-30.1));
#5593 = VERTEX_POINT('',#5594);
#5594 = CARTESIAN_POINT('',(159.,258.326,-17.33));
#5595 = LINE('',#5596,#5597);
#5596 = CARTESIAN_POINT('',(159.,258.326,-30.1));
#5597 = VECTOR('',#5598,1.);
#5598 = DIRECTION('',(0.,0.,1.));
#5599 = ORIENTED_EDGE('',*,*,#5600,.T.);
#5600 = EDGE_CURVE('',#5591,#5552,#5601,.T.);
#5601 = CIRCLE('',#5602,3.174);
#5602 = AXIS2_PLACEMENT_3D('',#5603,#5604,#5605);
#5603 = CARTESIAN_POINT('',(155.826,258.326,-30.1));
#5604 = DIRECTION('',(0.,0.,1.));
#5605 = DIRECTION('',(1.,0.,0.));
#5606 = ORIENTED_EDGE('',*,*,#5551,.T.);
#5607 = ORIENTED_EDGE('',*,*,#1415,.F.);
#5608 = ORIENTED_EDGE('',*,*,#5609,.F.);
#5609 = EDGE_CURVE('',#5610,#1416,#5612,.T.);
#5610 = VERTEX_POINT('',#5611);
#5611 = CARTESIAN_POINT('',(158.65,259.77489613154,-17.33));
#5612 = LINE('',#5613,#5614);
#5613 = CARTESIAN_POINT('',(158.65,259.77489613154,-30.1));
#5614 = VECTOR('',#5615,1.);
#5615 = DIRECTION('',(0.,0.,1.));
#5616 = ORIENTED_EDGE('',*,*,#5617,.F.);
#5617 = EDGE_CURVE('',#5593,#5610,#5618,.T.);
#5618 = CIRCLE('',#5619,3.174);
#5619 = AXIS2_PLACEMENT_3D('',#5620,#5621,#5622);
#5620 = CARTESIAN_POINT('',(155.826,258.326,-17.33));
#5621 = DIRECTION('',(-0.,0.,1.));
#5622 = DIRECTION('',(1.,-2.2E-16,0.));
#5623 = CYLINDRICAL_SURFACE('',#5624,3.174);
#5624 = AXIS2_PLACEMENT_3D('',#5625,#5626,#5627);
#5625 = CARTESIAN_POINT('',(155.826,258.326,-30.1));
#5626 = DIRECTION('',(0.,0.,1.));
#5627 = DIRECTION('',(1.,0.,0.));
#5628 = ADVANCED_FACE('',(#5629),#5648,.F.);
#5629 = FACE_BOUND('',#5630,.F.);
#5630 = EDGE_LOOP('',(#5631,#5640,#5646,#5647));
#5631 = ORIENTED_EDGE('',*,*,#5632,.T.);
#5632 = EDGE_CURVE('',#5560,#5633,#5635,.T.);
#5633 = VERTEX_POINT('',#5634);
#5634 = CARTESIAN_POINT('',(101.,258.326,-30.1));
#5635 = CIRCLE('',#5636,3.174);
#5636 = AXIS2_PLACEMENT_3D('',#5637,#5638,#5639);
#5637 = CARTESIAN_POINT('',(104.174,258.326,-30.1));
#5638 = DIRECTION('',(0.,0.,1.));
#5639 = DIRECTION('',(1.,0.,0.));
#5640 = ORIENTED_EDGE('',*,*,#5641,.T.);
#5641 = EDGE_CURVE('',#5633,#1627,#5642,.T.);
#5642 = LINE('',#5643,#5644);
#5643 = CARTESIAN_POINT('',(101.,258.326,-30.1));
#5644 = VECTOR('',#5645,1.);
#5645 = DIRECTION('',(0.,0.,1.));
#5646 = ORIENTED_EDGE('',*,*,#1634,.F.);
#5647 = ORIENTED_EDGE('',*,*,#5567,.F.);
#5648 = CYLINDRICAL_SURFACE('',#5649,3.174);
#5649 = AXIS2_PLACEMENT_3D('',#5650,#5651,#5652);
#5650 = CARTESIAN_POINT('',(104.174,258.326,-30.1));
#5651 = DIRECTION('',(0.,0.,1.));
#5652 = DIRECTION('',(0.,1.,0.));
#5653 = ADVANCED_FACE('',(#5654),#5672,.F.);
#5654 = FACE_BOUND('',#5655,.F.);
#5655 = EDGE_LOOP('',(#5656,#5657,#5665,#5671));
#5656 = ORIENTED_EDGE('',*,*,#1424,.F.);
#5657 = ORIENTED_EDGE('',*,*,#5658,.F.);
#5658 = EDGE_CURVE('',#5659,#1425,#5661,.T.);
#5659 = VERTEX_POINT('',#5660);
#5660 = CARTESIAN_POINT('',(158.65,260.526,-17.33));
#5661 = LINE('',#5662,#5663);
#5662 = CARTESIAN_POINT('',(158.65,260.526,-17.33));
#5663 = VECTOR('',#5664,1.);
#5664 = DIRECTION('',(0.,0.,1.));
#5665 = ORIENTED_EDGE('',*,*,#5666,.T.);
#5666 = EDGE_CURVE('',#5659,#5610,#5667,.T.);
#5667 = LINE('',#5668,#5669);
#5668 = CARTESIAN_POINT('',(158.65,263.7,-17.33));
#5669 = VECTOR('',#5670,1.);
#5670 = DIRECTION('',(0.,-1.,0.));
#5671 = ORIENTED_EDGE('',*,*,#5609,.T.);
#5672 = PLANE('',#5673);
#5673 = AXIS2_PLACEMENT_3D('',#5674,#5675,#5676);
#5674 = CARTESIAN_POINT('',(158.65,263.7,-17.33));
#5675 = DIRECTION('',(-1.,0.,0.));
#5676 = DIRECTION('',(0.,0.,1.));
#5677 = ADVANCED_FACE('',(#5678),#5696,.F.);
#5678 = FACE_BOUND('',#5679,.F.);
#5679 = EDGE_LOOP('',(#5680,#5688,#5694,#5695));
#5680 = ORIENTED_EDGE('',*,*,#5681,.F.);
#5681 = EDGE_CURVE('',#5682,#5633,#5684,.T.);
#5682 = VERTEX_POINT('',#5683);
#5683 = CARTESIAN_POINT('',(101.,231.674,-30.1));
#5684 = LINE('',#5685,#5686);
#5685 = CARTESIAN_POINT('',(101.,228.5,-30.1));
#5686 = VECTOR('',#5687,1.);
#5687 = DIRECTION('',(0.,1.,0.));
#5688 = ORIENTED_EDGE('',*,*,#5689,.T.);
#5689 = EDGE_CURVE('',#5682,#1618,#5690,.T.);
#5690 = LINE('',#5691,#5692);
#5691 = CARTESIAN_POINT('',(101.,231.674,-30.1));
#5692 = VECTOR('',#5693,1.);
#5693 = DIRECTION('',(0.,0.,1.));
#5694 = ORIENTED_EDGE('',*,*,#1626,.T.);
#5695 = ORIENTED_EDGE('',*,*,#5641,.F.);
#5696 = PLANE('',#5697);
#5697 = AXIS2_PLACEMENT_3D('',#5698,#5699,#5700);
#5698 = CARTESIAN_POINT('',(101.,228.5,-30.1));
#5699 = DIRECTION('',(-1.,0.,0.));
#5700 = DIRECTION('',(0.,0.,1.));
#5701 = ADVANCED_FACE('',(#5702),#5721,.F.);
#5702 = FACE_BOUND('',#5703,.F.);
#5703 = EDGE_LOOP('',(#5704,#5712,#5719,#5720));
#5704 = ORIENTED_EDGE('',*,*,#5705,.F.);
#5705 = EDGE_CURVE('',#5706,#1433,#5708,.T.);
#5706 = VERTEX_POINT('',#5707);
#5707 = CARTESIAN_POINT('',(161.824,263.7,-17.33));
#5708 = LINE('',#5709,#5710);
#5709 = CARTESIAN_POINT('',(161.824,263.7,-17.33));
#5710 = VECTOR('',#5711,1.);
#5711 = DIRECTION('',(0.,0.,1.));
#5712 = ORIENTED_EDGE('',*,*,#5713,.T.);
#5713 = EDGE_CURVE('',#5706,#5659,#5714,.T.);
#5714 = CIRCLE('',#5715,3.174);
#5715 = AXIS2_PLACEMENT_3D('',#5716,#5717,#5718);
#5716 = CARTESIAN_POINT('',(161.824,260.526,-17.33));
#5717 = DIRECTION('',(0.,-0.,1.));
#5718 = DIRECTION('',(0.,1.,0.));
#5719 = ORIENTED_EDGE('',*,*,#5658,.T.);
#5720 = ORIENTED_EDGE('',*,*,#1432,.F.);
#5721 = CYLINDRICAL_SURFACE('',#5722,3.174);
#5722 = AXIS2_PLACEMENT_3D('',#5723,#5724,#5725);
#5723 = CARTESIAN_POINT('',(161.824,260.526,-17.33));
#5724 = DIRECTION('',(0.,0.,1.));
#5725 = DIRECTION('',(0.,1.,0.));
#5726 = ADVANCED_FACE('',(#5727),#5746,.F.);
#5727 = FACE_BOUND('',#5728,.T.);
#5728 = EDGE_LOOP('',(#5729,#5738,#5739,#5740));
#5729 = ORIENTED_EDGE('',*,*,#5730,.T.);
#5730 = EDGE_CURVE('',#5731,#5682,#5733,.T.);
#5731 = VERTEX_POINT('',#5732);
#5732 = CARTESIAN_POINT('',(104.174,228.5,-30.1));
#5733 = CIRCLE('',#5734,3.174);
#5734 = AXIS2_PLACEMENT_3D('',#5735,#5736,#5737);
#5735 = CARTESIAN_POINT('',(104.174,231.674,-30.1));
#5736 = DIRECTION('',(0.,0.,-1.));
#5737 = DIRECTION('',(1.,0.,0.));
#5738 = ORIENTED_EDGE('',*,*,#5689,.T.);
#5739 = ORIENTED_EDGE('',*,*,#1617,.F.);
#5740 = ORIENTED_EDGE('',*,*,#5741,.F.);
#5741 = EDGE_CURVE('',#5731,#1610,#5742,.T.);
#5742 = LINE('',#5743,#5744);
#5743 = CARTESIAN_POINT('',(104.174,228.5,-30.1));
#5744 = VECTOR('',#5745,1.);
#5745 = DIRECTION('',(0.,0.,1.));
#5746 = CYLINDRICAL_SURFACE('',#5747,3.174);
#5747 = AXIS2_PLACEMENT_3D('',#5748,#5749,#5750);
#5748 = CARTESIAN_POINT('',(104.174,231.674,-30.1));
#5749 = DIRECTION('',(0.,0.,1.));
#5750 = DIRECTION('',(0.,-1.,0.));
#5751 = ADVANCED_FACE('',(#5752),#5770,.T.);
#5752 = FACE_BOUND('',#5753,.T.);
#5753 = EDGE_LOOP('',(#5754,#5755,#5763,#5769));
#5754 = ORIENTED_EDGE('',*,*,#5705,.F.);
#5755 = ORIENTED_EDGE('',*,*,#5756,.F.);
#5756 = EDGE_CURVE('',#5757,#5706,#5759,.T.);
#5757 = VERTEX_POINT('',#5758);
#5758 = CARTESIAN_POINT('',(217.476,263.7,-17.33));
#5759 = LINE('',#5760,#5761);
#5760 = CARTESIAN_POINT('',(220.65,263.7,-17.33));
#5761 = VECTOR('',#5762,1.);
#5762 = DIRECTION('',(-1.,0.,0.));
#5763 = ORIENTED_EDGE('',*,*,#5764,.T.);
#5764 = EDGE_CURVE('',#5757,#1442,#5765,.T.);
#5765 = LINE('',#5766,#5767);
#5766 = CARTESIAN_POINT('',(217.476,263.7,-17.33));
#5767 = VECTOR('',#5768,1.);
#5768 = DIRECTION('',(0.,0.,1.));
#5769 = ORIENTED_EDGE('',*,*,#1441,.F.);
#5770 = PLANE('',#5771);
#5771 = AXIS2_PLACEMENT_3D('',#5772,#5773,#5774);
#5772 = CARTESIAN_POINT('',(220.65,263.7,-17.33));
#5773 = DIRECTION('',(0.,-1.,0.));
#5774 = DIRECTION('',(0.,0.,1.));
#5775 = ADVANCED_FACE('',(#5776),#5817,.T.);
#5776 = FACE_BOUND('',#5777,.T.);
#5777 = EDGE_LOOP('',(#5778,#5779,#5787,#5793,#5794,#5795,#5803,#5811));
#5778 = ORIENTED_EDGE('',*,*,#1509,.F.);
#5779 = ORIENTED_EDGE('',*,*,#5780,.F.);
#5780 = EDGE_CURVE('',#5781,#1501,#5783,.T.);
#5781 = VERTEX_POINT('',#5782);
#5782 = CARTESIAN_POINT('',(155.826,228.5,-30.1));
#5783 = LINE('',#5784,#5785);
#5784 = CARTESIAN_POINT('',(155.826,228.5,-30.1));
#5785 = VECTOR('',#5786,1.);
#5786 = DIRECTION('',(0.,0.,1.));
#5787 = ORIENTED_EDGE('',*,*,#5788,.T.);
#5788 = EDGE_CURVE('',#5781,#5731,#5789,.T.);
#5789 = LINE('',#5790,#5791);
#5790 = CARTESIAN_POINT('',(159.,228.5,-30.1));
#5791 = VECTOR('',#5792,1.);
#5792 = DIRECTION('',(-1.,0.,0.));
#5793 = ORIENTED_EDGE('',*,*,#5741,.T.);
#5794 = ORIENTED_EDGE('',*,*,#1609,.F.);
#5795 = ORIENTED_EDGE('',*,*,#5796,.T.);
#5796 = EDGE_CURVE('',#1602,#5797,#5799,.T.);
#5797 = VERTEX_POINT('',#5798);
#5798 = CARTESIAN_POINT('',(117.5,228.5,-17.7));
#5799 = LINE('',#5800,#5801);
#5800 = CARTESIAN_POINT('',(117.5,228.5,-23.9));
#5801 = VECTOR('',#5802,1.);
#5802 = DIRECTION('',(0.,0.,-1.));
#5803 = ORIENTED_EDGE('',*,*,#5804,.F.);
#5804 = EDGE_CURVE('',#5805,#5797,#5807,.T.);
#5805 = VERTEX_POINT('',#5806);
#5806 = CARTESIAN_POINT('',(142.5,228.5,-17.7));
#5807 = LINE('',#5808,#5809);
#5808 = CARTESIAN_POINT('',(150.75,228.5,-17.7));
#5809 = VECTOR('',#5810,1.);
#5810 = DIRECTION('',(-1.,2.2E-16,0.));
#5811 = ORIENTED_EDGE('',*,*,#5812,.F.);
#5812 = EDGE_CURVE('',#1510,#5805,#5813,.T.);
#5813 = LINE('',#5814,#5815);
#5814 = CARTESIAN_POINT('',(142.5,228.5,-23.9));
#5815 = VECTOR('',#5816,1.);
#5816 = DIRECTION('',(0.,0.,-1.));
#5817 = PLANE('',#5818);
#5818 = AXIS2_PLACEMENT_3D('',#5819,#5820,#5821);
#5819 = CARTESIAN_POINT('',(159.,228.5,-30.1));
#5820 = DIRECTION('',(0.,1.,0.));
#5821 = DIRECTION('',(0.,0.,1.));
#5822 = ADVANCED_FACE('',(#5823),#5842,.F.);
#5823 = FACE_BOUND('',#5824,.F.);
#5824 = EDGE_LOOP('',(#5825,#5833,#5840,#5841));
#5825 = ORIENTED_EDGE('',*,*,#5826,.F.);
#5826 = EDGE_CURVE('',#5827,#1450,#5829,.T.);
#5827 = VERTEX_POINT('',#5828);
#5828 = CARTESIAN_POINT('',(220.65,260.526,-17.33));
#5829 = LINE('',#5830,#5831);
#5830 = CARTESIAN_POINT('',(220.65,260.526,-17.33));
#5831 = VECTOR('',#5832,1.);
#5832 = DIRECTION('',(0.,0.,1.));
#5833 = ORIENTED_EDGE('',*,*,#5834,.T.);
#5834 = EDGE_CURVE('',#5827,#5757,#5835,.T.);
#5835 = CIRCLE('',#5836,3.174);
#5836 = AXIS2_PLACEMENT_3D('',#5837,#5838,#5839);
#5837 = CARTESIAN_POINT('',(217.476,260.526,-17.33));
#5838 = DIRECTION('',(0.,-0.,1.));
#5839 = DIRECTION('',(0.,1.,0.));
#5840 = ORIENTED_EDGE('',*,*,#5764,.T.);
#5841 = ORIENTED_EDGE('',*,*,#1449,.F.);
#5842 = CYLINDRICAL_SURFACE('',#5843,3.174);
#5843 = AXIS2_PLACEMENT_3D('',#5844,#5845,#5846);
#5844 = CARTESIAN_POINT('',(217.476,260.526,-17.33));
#5845 = DIRECTION('',(0.,0.,1.));
#5846 = DIRECTION('',(1.,0.,0.));
#5847 = ADVANCED_FACE('',(#5848),#5866,.F.);
#5848 = FACE_BOUND('',#5849,.F.);
#5849 = EDGE_LOOP('',(#5850,#5858,#5864,#5865));
#5850 = ORIENTED_EDGE('',*,*,#5851,.F.);
#5851 = EDGE_CURVE('',#5852,#5797,#5854,.T.);
#5852 = VERTEX_POINT('',#5853);
#5853 = CARTESIAN_POINT('',(117.5,193.397,-17.7));
#5854 = LINE('',#5855,#5856);
#5855 = CARTESIAN_POINT('',(117.5,188.25,-17.7));
#5856 = VECTOR('',#5857,1.);
#5857 = DIRECTION('',(0.,1.,0.));
#5858 = ORIENTED_EDGE('',*,*,#5859,.F.);
#5859 = EDGE_CURVE('',#1594,#5852,#5860,.T.);
#5860 = LINE('',#5861,#5862);
#5861 = CARTESIAN_POINT('',(117.5,193.397,-19.835));
#5862 = VECTOR('',#5863,1.);
#5863 = DIRECTION('',(0.,0.,-1.));
#5864 = ORIENTED_EDGE('',*,*,#1601,.T.);
#5865 = ORIENTED_EDGE('',*,*,#5796,.T.);
#5866 = PLANE('',#5867);
#5867 = AXIS2_PLACEMENT_3D('',#5868,#5869,#5870);
#5868 = CARTESIAN_POINT('',(117.5,188.25,-17.7));
#5869 = DIRECTION('',(-1.,0.,0.));
#5870 = DIRECTION('',(0.,0.,1.));
#5871 = ADVANCED_FACE('',(#5872),#5890,.T.);
#5872 = FACE_BOUND('',#5873,.T.);
#5873 = EDGE_LOOP('',(#5874,#5882,#5883,#5884));
#5874 = ORIENTED_EDGE('',*,*,#5875,.T.);
#5875 = EDGE_CURVE('',#5876,#1459,#5878,.T.);
#5876 = VERTEX_POINT('',#5877);
#5877 = CARTESIAN_POINT('',(220.65,220.874,-17.33));
#5878 = LINE('',#5879,#5880);
#5879 = CARTESIAN_POINT('',(220.65,220.874,-17.33));
#5880 = VECTOR('',#5881,1.);
#5881 = DIRECTION('',(0.,0.,1.));
#5882 = ORIENTED_EDGE('',*,*,#1458,.F.);
#5883 = ORIENTED_EDGE('',*,*,#5826,.F.);
#5884 = ORIENTED_EDGE('',*,*,#5885,.T.);
#5885 = EDGE_CURVE('',#5827,#5876,#5886,.T.);
#5886 = LINE('',#5887,#5888);
#5887 = CARTESIAN_POINT('',(220.65,263.7,-17.33));
#5888 = VECTOR('',#5889,1.);
#5889 = DIRECTION('',(0.,-1.,0.));
#5890 = PLANE('',#5891);
#5891 = AXIS2_PLACEMENT_3D('',#5892,#5893,#5894);
#5892 = CARTESIAN_POINT('',(220.65,263.7,-17.33));
#5893 = DIRECTION('',(-1.,0.,0.));
#5894 = DIRECTION('',(0.,0.,1.));
#5895 = ADVANCED_FACE('',(#5896),#5937,.F.);
#5896 = FACE_BOUND('',#5897,.F.);
#5897 = EDGE_LOOP('',(#5898,#5899,#5907,#5915,#5921,#5922,#5923,#5931));
#5898 = ORIENTED_EDGE('',*,*,#1525,.F.);
#5899 = ORIENTED_EDGE('',*,*,#5900,.F.);
#5900 = EDGE_CURVE('',#5901,#1526,#5903,.T.);
#5901 = VERTEX_POINT('',#5902);
#5902 = CARTESIAN_POINT('',(150.826,193.397,-21.97));
#5903 = LINE('',#5904,#5905);
#5904 = CARTESIAN_POINT('',(150.826,193.397,-21.97));
#5905 = VECTOR('',#5906,1.);
#5906 = DIRECTION('',(0.,0.,1.));
#5907 = ORIENTED_EDGE('',*,*,#5908,.T.);
#5908 = EDGE_CURVE('',#5901,#5909,#5911,.T.);
#5909 = VERTEX_POINT('',#5910);
#5910 = CARTESIAN_POINT('',(109.174,193.397,-21.97));
#5911 = LINE('',#5912,#5913);
#5912 = CARTESIAN_POINT('',(154.,193.397,-21.97));
#5913 = VECTOR('',#5914,1.);
#5914 = DIRECTION('',(-1.,0.,0.));
#5915 = ORIENTED_EDGE('',*,*,#5916,.T.);
#5916 = EDGE_CURVE('',#5909,#1585,#5917,.T.);
#5917 = LINE('',#5918,#5919);
#5918 = CARTESIAN_POINT('',(109.174,193.397,-21.97));
#5919 = VECTOR('',#5920,1.);
#5920 = DIRECTION('',(0.,0.,1.));
#5921 = ORIENTED_EDGE('',*,*,#1593,.F.);
#5922 = ORIENTED_EDGE('',*,*,#5859,.T.);
#5923 = ORIENTED_EDGE('',*,*,#5924,.F.);
#5924 = EDGE_CURVE('',#5925,#5852,#5927,.T.);
#5925 = VERTEX_POINT('',#5926);
#5926 = CARTESIAN_POINT('',(142.5,193.397,-17.7));
#5927 = LINE('',#5928,#5929);
#5928 = CARTESIAN_POINT('',(148.25,193.397,-17.7));
#5929 = VECTOR('',#5930,1.);
#5930 = DIRECTION('',(-1.,2.2E-16,0.));
#5931 = ORIENTED_EDGE('',*,*,#5932,.F.);
#5932 = EDGE_CURVE('',#1518,#5925,#5933,.T.);
#5933 = LINE('',#5934,#5935);
#5934 = CARTESIAN_POINT('',(142.5,193.397,-19.835));
#5935 = VECTOR('',#5936,1.);
#5936 = DIRECTION('',(0.,0.,-1.));
#5937 = PLANE('',#5938);
#5938 = AXIS2_PLACEMENT_3D('',#5939,#5940,#5941);
#5939 = CARTESIAN_POINT('',(154.,193.397,-21.97));
#5940 = DIRECTION('',(0.,1.,0.));
#5941 = DIRECTION('',(0.,0.,1.));
#5942 = ADVANCED_FACE('',(#5943),#5962,.F.);
#5943 = FACE_BOUND('',#5944,.T.);
#5944 = EDGE_LOOP('',(#5945,#5946,#5955,#5961));
#5945 = ORIENTED_EDGE('',*,*,#5875,.F.);
#5946 = ORIENTED_EDGE('',*,*,#5947,.T.);
#5947 = EDGE_CURVE('',#5876,#5948,#5950,.T.);
#5948 = VERTEX_POINT('',#5949);
#5949 = CARTESIAN_POINT('',(217.476,217.7,-17.33));
#5950 = CIRCLE('',#5951,3.174);
#5951 = AXIS2_PLACEMENT_3D('',#5952,#5953,#5954);
#5952 = CARTESIAN_POINT('',(217.476,220.874,-17.33));
#5953 = DIRECTION('',(0.,0.,-1.));
#5954 = DIRECTION('',(0.,1.,0.));
#5955 = ORIENTED_EDGE('',*,*,#5956,.T.);
#5956 = EDGE_CURVE('',#5948,#1467,#5957,.T.);
#5957 = LINE('',#5958,#5959);
#5958 = CARTESIAN_POINT('',(217.476,217.7,-17.33));
#5959 = VECTOR('',#5960,1.);
#5960 = DIRECTION('',(0.,0.,1.));
#5961 = ORIENTED_EDGE('',*,*,#1466,.T.);
#5962 = CYLINDRICAL_SURFACE('',#5963,3.174);
#5963 = AXIS2_PLACEMENT_3D('',#5964,#5965,#5966);
#5964 = CARTESIAN_POINT('',(217.476,220.874,-17.33));
#5965 = DIRECTION('',(0.,0.,1.));
#5966 = DIRECTION('',(1.,0.,0.));
#5967 = ADVANCED_FACE('',(#5968),#5987,.F.);
#5968 = FACE_BOUND('',#5969,.F.);
#5969 = EDGE_LOOP('',(#5970,#5979,#5985,#5986));
#5970 = ORIENTED_EDGE('',*,*,#5971,.T.);
#5971 = EDGE_CURVE('',#5909,#5972,#5974,.T.);
#5972 = VERTEX_POINT('',#5973);
#5973 = CARTESIAN_POINT('',(106.,190.223,-21.97));
#5974 = CIRCLE('',#5975,3.174);
#5975 = AXIS2_PLACEMENT_3D('',#5976,#5977,#5978);
#5976 = CARTESIAN_POINT('',(109.174,190.223,-21.97));
#5977 = DIRECTION('',(0.,0.,1.));
#5978 = DIRECTION('',(1.,0.,0.));
#5979 = ORIENTED_EDGE('',*,*,#5980,.T.);
#5980 = EDGE_CURVE('',#5972,#1577,#5981,.T.);
#5981 = LINE('',#5982,#5983);
#5982 = CARTESIAN_POINT('',(106.,190.223,-21.97));
#5983 = VECTOR('',#5984,1.);
#5984 = DIRECTION('',(0.,0.,1.));
#5985 = ORIENTED_EDGE('',*,*,#1584,.F.);
#5986 = ORIENTED_EDGE('',*,*,#5916,.F.);
#5987 = CYLINDRICAL_SURFACE('',#5988,3.174);
#5988 = AXIS2_PLACEMENT_3D('',#5989,#5990,#5991);
#5989 = CARTESIAN_POINT('',(109.174,190.223,-21.97));
#5990 = DIRECTION('',(0.,0.,1.));
#5991 = DIRECTION('',(0.,1.,0.));
#5992 = ADVANCED_FACE('',(#5993),#6011,.F.);
#5993 = FACE_BOUND('',#5994,.F.);
#5994 = EDGE_LOOP('',(#5995,#6003,#6009,#6010));
#5995 = ORIENTED_EDGE('',*,*,#5996,.F.);
#5996 = EDGE_CURVE('',#5997,#1476,#5999,.T.);
#5997 = VERTEX_POINT('',#5998);
#5998 = CARTESIAN_POINT('',(161.824,217.7,-17.33));
#5999 = LINE('',#6000,#6001);
#6000 = CARTESIAN_POINT('',(161.824,217.7,-17.33));
#6001 = VECTOR('',#6002,1.);
#6002 = DIRECTION('',(0.,0.,1.));
#6003 = ORIENTED_EDGE('',*,*,#6004,.F.);
#6004 = EDGE_CURVE('',#5948,#5997,#6005,.T.);
#6005 = LINE('',#6006,#6007);
#6006 = CARTESIAN_POINT('',(220.65,217.7,-17.33));
#6007 = VECTOR('',#6008,1.);
#6008 = DIRECTION('',(-1.,0.,0.));
#6009 = ORIENTED_EDGE('',*,*,#5956,.T.);
#6010 = ORIENTED_EDGE('',*,*,#1475,.F.);
#6011 = PLANE('',#6012);
#6012 = AXIS2_PLACEMENT_3D('',#6013,#6014,#6015);
#6013 = CARTESIAN_POINT('',(220.65,217.7,-17.33));
#6014 = DIRECTION('',(0.,-1.,0.));
#6015 = DIRECTION('',(0.,0.,1.));
#6016 = ADVANCED_FACE('',(#6017),#6035,.F.);
#6017 = FACE_BOUND('',#6018,.F.);
#6018 = EDGE_LOOP('',(#6019,#6027,#6033,#6034));
#6019 = ORIENTED_EDGE('',*,*,#6020,.F.);
#6020 = EDGE_CURVE('',#6021,#5972,#6023,.T.);
#6021 = VERTEX_POINT('',#6022);
#6022 = CARTESIAN_POINT('',(106.,173.571,-21.97));
#6023 = LINE('',#6024,#6025);
#6024 = CARTESIAN_POINT('',(106.,170.397,-21.97));
#6025 = VECTOR('',#6026,1.);
#6026 = DIRECTION('',(0.,1.,0.));
#6027 = ORIENTED_EDGE('',*,*,#6028,.T.);
#6028 = EDGE_CURVE('',#6021,#1568,#6029,.T.);
#6029 = LINE('',#6030,#6031);
#6030 = CARTESIAN_POINT('',(106.,173.571,-21.97));
#6031 = VECTOR('',#6032,1.);
#6032 = DIRECTION('',(0.,0.,1.));
#6033 = ORIENTED_EDGE('',*,*,#1576,.T.);
#6034 = ORIENTED_EDGE('',*,*,#5980,.F.);
#6035 = PLANE('',#6036);
#6036 = AXIS2_PLACEMENT_3D('',#6037,#6038,#6039);
#6037 = CARTESIAN_POINT('',(106.,170.397,-21.97));
#6038 = DIRECTION('',(-1.,0.,0.));
#6039 = DIRECTION('',(0.,0.,1.));
#6040 = ADVANCED_FACE('',(#6041),#6060,.F.);
#6041 = FACE_BOUND('',#6042,.F.);
#6042 = EDGE_LOOP('',(#6043,#6051,#6058,#6059));
#6043 = ORIENTED_EDGE('',*,*,#6044,.F.);
#6044 = EDGE_CURVE('',#6045,#1484,#6047,.T.);
#6045 = VERTEX_POINT('',#6046);
#6046 = CARTESIAN_POINT('',(158.65,220.874,-17.33));
#6047 = LINE('',#6048,#6049);
#6048 = CARTESIAN_POINT('',(158.65,220.874,-17.33));
#6049 = VECTOR('',#6050,1.);
#6050 = DIRECTION('',(0.,0.,1.));
#6051 = ORIENTED_EDGE('',*,*,#6052,.T.);
#6052 = EDGE_CURVE('',#6045,#5997,#6053,.T.);
#6053 = CIRCLE('',#6054,3.174);
#6054 = AXIS2_PLACEMENT_3D('',#6055,#6056,#6057);
#6055 = CARTESIAN_POINT('',(161.824,220.874,-17.33));
#6056 = DIRECTION('',(0.,-0.,1.));
#6057 = DIRECTION('',(0.,1.,0.));
#6058 = ORIENTED_EDGE('',*,*,#5996,.T.);
#6059 = ORIENTED_EDGE('',*,*,#1483,.F.);
#6060 = CYLINDRICAL_SURFACE('',#6061,3.174);
#6061 = AXIS2_PLACEMENT_3D('',#6062,#6063,#6064);
#6062 = CARTESIAN_POINT('',(161.824,220.874,-17.33));
#6063 = DIRECTION('',(0.,0.,1.));
#6064 = DIRECTION('',(-1.,0.,0.));
#6065 = ADVANCED_FACE('',(#6066),#6085,.F.);
#6066 = FACE_BOUND('',#6067,.T.);
#6067 = EDGE_LOOP('',(#6068,#6077,#6078,#6079));
#6068 = ORIENTED_EDGE('',*,*,#6069,.T.);
#6069 = EDGE_CURVE('',#6070,#6021,#6072,.T.);
#6070 = VERTEX_POINT('',#6071);
#6071 = CARTESIAN_POINT('',(109.174,170.397,-21.97));
#6072 = CIRCLE('',#6073,3.174);
#6073 = AXIS2_PLACEMENT_3D('',#6074,#6075,#6076);
#6074 = CARTESIAN_POINT('',(109.174,173.571,-21.97));
#6075 = DIRECTION('',(0.,0.,-1.));
#6076 = DIRECTION('',(1.,0.,0.));
#6077 = ORIENTED_EDGE('',*,*,#6028,.T.);
#6078 = ORIENTED_EDGE('',*,*,#1567,.F.);
#6079 = ORIENTED_EDGE('',*,*,#6080,.F.);
#6080 = EDGE_CURVE('',#6070,#1560,#6081,.T.);
#6081 = LINE('',#6082,#6083);
#6082 = CARTESIAN_POINT('',(109.174,170.397,-21.97));
#6083 = VECTOR('',#6084,1.);
#6084 = DIRECTION('',(0.,0.,1.));
#6085 = CYLINDRICAL_SURFACE('',#6086,3.174);
#6086 = AXIS2_PLACEMENT_3D('',#6087,#6088,#6089);
#6087 = CARTESIAN_POINT('',(109.174,173.571,-21.97));
#6088 = DIRECTION('',(0.,0.,1.));
#6089 = DIRECTION('',(0.,-1.,0.));
#6090 = ADVANCED_FACE('',(#6091),#6109,.F.);
#6091 = FACE_BOUND('',#6092,.F.);
#6092 = EDGE_LOOP('',(#6093,#6094,#6095,#6103));
#6093 = ORIENTED_EDGE('',*,*,#6044,.T.);
#6094 = ORIENTED_EDGE('',*,*,#1492,.F.);
#6095 = ORIENTED_EDGE('',*,*,#6096,.F.);
#6096 = EDGE_CURVE('',#6097,#1493,#6099,.T.);
#6097 = VERTEX_POINT('',#6098);
#6098 = CARTESIAN_POINT('',(158.65,230.22510386844,-17.33));
#6099 = LINE('',#6100,#6101);
#6100 = CARTESIAN_POINT('',(158.65,230.22510386845,-30.1));
#6101 = VECTOR('',#6102,1.);
#6102 = DIRECTION('',(0.,0.,1.));
#6103 = ORIENTED_EDGE('',*,*,#6104,.T.);
#6104 = EDGE_CURVE('',#6097,#6045,#6105,.T.);
#6105 = LINE('',#6106,#6107);
#6106 = CARTESIAN_POINT('',(158.65,263.7,-17.33));
#6107 = VECTOR('',#6108,1.);
#6108 = DIRECTION('',(0.,-1.,0.));
#6109 = PLANE('',#6110);
#6110 = AXIS2_PLACEMENT_3D('',#6111,#6112,#6113);
#6111 = CARTESIAN_POINT('',(158.65,263.7,-17.33));
#6112 = DIRECTION('',(-1.,0.,0.));
#6113 = DIRECTION('',(0.,0.,1.));
#6114 = ADVANCED_FACE('',(#6115),#6133,.T.);
#6115 = FACE_BOUND('',#6116,.T.);
#6116 = EDGE_LOOP('',(#6117,#6118,#6126,#6132));
#6117 = ORIENTED_EDGE('',*,*,#1559,.F.);
#6118 = ORIENTED_EDGE('',*,*,#6119,.F.);
#6119 = EDGE_CURVE('',#6120,#1551,#6122,.T.);
#6120 = VERTEX_POINT('',#6121);
#6121 = CARTESIAN_POINT('',(150.826,170.397,-21.97));
#6122 = LINE('',#6123,#6124);
#6123 = CARTESIAN_POINT('',(150.826,170.397,-21.97));
#6124 = VECTOR('',#6125,1.);
#6125 = DIRECTION('',(0.,0.,1.));
#6126 = ORIENTED_EDGE('',*,*,#6127,.T.);
#6127 = EDGE_CURVE('',#6120,#6070,#6128,.T.);
#6128 = LINE('',#6129,#6130);
#6129 = CARTESIAN_POINT('',(154.,170.397,-21.97));
#6130 = VECTOR('',#6131,1.);
#6131 = DIRECTION('',(-1.,0.,0.));
#6132 = ORIENTED_EDGE('',*,*,#6080,.T.);
#6133 = PLANE('',#6134);
#6134 = AXIS2_PLACEMENT_3D('',#6135,#6136,#6137);
#6135 = CARTESIAN_POINT('',(154.,170.397,-21.97));
#6136 = DIRECTION('',(0.,1.,0.));
#6137 = DIRECTION('',(0.,0.,1.));
#6138 = ADVANCED_FACE('',(#6139),#6168,.F.);
#6139 = FACE_BOUND('',#6140,.F.);
#6140 = EDGE_LOOP('',(#6141,#6142,#6151,#6159,#6166,#6167));
#6141 = ORIENTED_EDGE('',*,*,#5780,.F.);
#6142 = ORIENTED_EDGE('',*,*,#6143,.T.);
#6143 = EDGE_CURVE('',#5781,#6144,#6146,.T.);
#6144 = VERTEX_POINT('',#6145);
#6145 = CARTESIAN_POINT('',(159.,231.674,-30.1));
#6146 = CIRCLE('',#6147,3.174);
#6147 = AXIS2_PLACEMENT_3D('',#6148,#6149,#6150);
#6148 = CARTESIAN_POINT('',(155.826,231.674,-30.1));
#6149 = DIRECTION('',(0.,0.,1.));
#6150 = DIRECTION('',(1.,0.,0.));
#6151 = ORIENTED_EDGE('',*,*,#6152,.T.);
#6152 = EDGE_CURVE('',#6144,#6153,#6155,.T.);
#6153 = VERTEX_POINT('',#6154);
#6154 = CARTESIAN_POINT('',(159.,231.674,-17.33));
#6155 = LINE('',#6156,#6157);
#6156 = CARTESIAN_POINT('',(159.,231.674,-30.1));
#6157 = VECTOR('',#6158,1.);
#6158 = DIRECTION('',(0.,0.,1.));
#6159 = ORIENTED_EDGE('',*,*,#6160,.F.);
#6160 = EDGE_CURVE('',#6097,#6153,#6161,.T.);
#6161 = CIRCLE('',#6162,3.174);
#6162 = AXIS2_PLACEMENT_3D('',#6163,#6164,#6165);
#6163 = CARTESIAN_POINT('',(155.826,231.674,-17.33));
#6164 = DIRECTION('',(0.,0.,1.));
#6165 = DIRECTION('',(-2.2E-16,-1.,0.));
#6166 = ORIENTED_EDGE('',*,*,#6096,.T.);
#6167 = ORIENTED_EDGE('',*,*,#1500,.F.);
#6168 = CYLINDRICAL_SURFACE('',#6169,3.174);
#6169 = AXIS2_PLACEMENT_3D('',#6170,#6171,#6172);
#6170 = CARTESIAN_POINT('',(155.826,231.674,-30.1));
#6171 = DIRECTION('',(0.,0.,1.));
#6172 = DIRECTION('',(0.,-1.,0.));
#6173 = ADVANCED_FACE('',(#6174),#6193,.F.);
#6174 = FACE_BOUND('',#6175,.F.);
#6175 = EDGE_LOOP('',(#6176,#6185,#6191,#6192));
#6176 = ORIENTED_EDGE('',*,*,#6177,.T.);
#6177 = EDGE_CURVE('',#6120,#6178,#6180,.T.);
#6178 = VERTEX_POINT('',#6179);
#6179 = CARTESIAN_POINT('',(154.,173.571,-21.97));
#6180 = CIRCLE('',#6181,3.174);
#6181 = AXIS2_PLACEMENT_3D('',#6182,#6183,#6184);
#6182 = CARTESIAN_POINT('',(150.826,173.571,-21.97));
#6183 = DIRECTION('',(0.,0.,1.));
#6184 = DIRECTION('',(1.,0.,0.));
#6185 = ORIENTED_EDGE('',*,*,#6186,.T.);
#6186 = EDGE_CURVE('',#6178,#1543,#6187,.T.);
#6187 = LINE('',#6188,#6189);
#6188 = CARTESIAN_POINT('',(154.,173.571,-21.97));
#6189 = VECTOR('',#6190,1.);
#6190 = DIRECTION('',(0.,0.,1.));
#6191 = ORIENTED_EDGE('',*,*,#1550,.F.);
#6192 = ORIENTED_EDGE('',*,*,#6119,.F.);
#6193 = CYLINDRICAL_SURFACE('',#6194,3.174);
#6194 = AXIS2_PLACEMENT_3D('',#6195,#6196,#6197);
#6195 = CARTESIAN_POINT('',(150.826,173.571,-21.97));
#6196 = DIRECTION('',(0.,0.,1.));
#6197 = DIRECTION('',(0.,-1.,0.));
#6198 = ADVANCED_FACE('',(#6199),#6217,.T.);
#6199 = FACE_BOUND('',#6200,.T.);
#6200 = EDGE_LOOP('',(#6201,#6209,#6210,#6211));
#6201 = ORIENTED_EDGE('',*,*,#6202,.F.);
#6202 = EDGE_CURVE('',#6178,#6203,#6205,.T.);
#6203 = VERTEX_POINT('',#6204);
#6204 = CARTESIAN_POINT('',(154.,190.223,-21.97));
#6205 = LINE('',#6206,#6207);
#6206 = CARTESIAN_POINT('',(154.,170.397,-21.97));
#6207 = VECTOR('',#6208,1.);
#6208 = DIRECTION('',(0.,1.,0.));
#6209 = ORIENTED_EDGE('',*,*,#6186,.T.);
#6210 = ORIENTED_EDGE('',*,*,#1542,.T.);
#6211 = ORIENTED_EDGE('',*,*,#6212,.F.);
#6212 = EDGE_CURVE('',#6203,#1534,#6213,.T.);
#6213 = LINE('',#6214,#6215);
#6214 = CARTESIAN_POINT('',(154.,190.223,-21.97));
#6215 = VECTOR('',#6216,1.);
#6216 = DIRECTION('',(0.,0.,1.));
#6217 = PLANE('',#6218);
#6218 = AXIS2_PLACEMENT_3D('',#6219,#6220,#6221);
#6219 = CARTESIAN_POINT('',(154.,170.397,-21.97));
#6220 = DIRECTION('',(-1.,0.,0.));
#6221 = DIRECTION('',(0.,0.,1.));
#6222 = ADVANCED_FACE('',(#6223),#6234,.T.);
#6223 = FACE_BOUND('',#6224,.T.);
#6224 = EDGE_LOOP('',(#6225,#6231,#6232,#6233));
#6225 = ORIENTED_EDGE('',*,*,#6226,.F.);
#6226 = EDGE_CURVE('',#5925,#5805,#6227,.T.);
#6227 = LINE('',#6228,#6229);
#6228 = CARTESIAN_POINT('',(142.5,188.25,-17.7));
#6229 = VECTOR('',#6230,1.);
#6230 = DIRECTION('',(0.,1.,0.));
#6231 = ORIENTED_EDGE('',*,*,#5932,.F.);
#6232 = ORIENTED_EDGE('',*,*,#1517,.T.);
#6233 = ORIENTED_EDGE('',*,*,#5812,.T.);
#6234 = PLANE('',#6235);
#6235 = AXIS2_PLACEMENT_3D('',#6236,#6237,#6238);
#6236 = CARTESIAN_POINT('',(142.5,188.25,-17.7));
#6237 = DIRECTION('',(-1.,0.,0.));
#6238 = DIRECTION('',(0.,0.,1.));
#6239 = ADVANCED_FACE('',(#6240),#6252,.F.);
#6240 = FACE_BOUND('',#6241,.F.);
#6241 = EDGE_LOOP('',(#6242,#6249,#6250,#6251));
#6242 = ORIENTED_EDGE('',*,*,#6243,.T.);
#6243 = EDGE_CURVE('',#6203,#5901,#6244,.T.);
#6244 = CIRCLE('',#6245,3.174);
#6245 = AXIS2_PLACEMENT_3D('',#6246,#6247,#6248);
#6246 = CARTESIAN_POINT('',(150.826,190.223,-21.97));
#6247 = DIRECTION('',(0.,0.,1.));
#6248 = DIRECTION('',(1.,0.,0.));
#6249 = ORIENTED_EDGE('',*,*,#5900,.T.);
#6250 = ORIENTED_EDGE('',*,*,#1533,.F.);
#6251 = ORIENTED_EDGE('',*,*,#6212,.F.);
#6252 = CYLINDRICAL_SURFACE('',#6253,3.174);
#6253 = AXIS2_PLACEMENT_3D('',#6254,#6255,#6256);
#6254 = CARTESIAN_POINT('',(150.826,190.223,-21.97));
#6255 = DIRECTION('',(0.,0.,1.));
#6256 = DIRECTION('',(1.,0.,0.));
#6257 = ADVANCED_FACE('',(#6258),#6266,.T.);
#6258 = FACE_BOUND('',#6259,.T.);
#6259 = EDGE_LOOP('',(#6260,#6261,#6262,#6263,#6264,#6265));
#6260 = ORIENTED_EDGE('',*,*,#5430,.T.);
#6261 = ORIENTED_EDGE('',*,*,#5477,.T.);
#6262 = ORIENTED_EDGE('',*,*,#5526,.F.);
#6263 = ORIENTED_EDGE('',*,*,#5575,.F.);
#6264 = ORIENTED_EDGE('',*,*,#5502,.T.);
#6265 = ORIENTED_EDGE('',*,*,#5452,.T.);
#6266 = PLANE('',#6267);
#6267 = AXIS2_PLACEMENT_3D('',#6268,#6269,#6270);
#6268 = CARTESIAN_POINT('',(142.5,188.25,-17.7));
#6269 = DIRECTION('',(0.,0.,1.));
#6270 = DIRECTION('',(0.,1.,0.));
#6271 = ADVANCED_FACE('',(#6272,#6287,#6298),#6309,.T.);
#6272 = FACE_BOUND('',#6273,.T.);
#6273 = EDGE_LOOP('',(#6274,#6275,#6276,#6277,#6278,#6279,#6280,#6286));
#6274 = ORIENTED_EDGE('',*,*,#5559,.T.);
#6275 = ORIENTED_EDGE('',*,*,#5632,.T.);
#6276 = ORIENTED_EDGE('',*,*,#5681,.F.);
#6277 = ORIENTED_EDGE('',*,*,#5730,.F.);
#6278 = ORIENTED_EDGE('',*,*,#5788,.F.);
#6279 = ORIENTED_EDGE('',*,*,#6143,.T.);
#6280 = ORIENTED_EDGE('',*,*,#6281,.T.);
#6281 = EDGE_CURVE('',#6144,#5591,#6282,.T.);
#6282 = LINE('',#6283,#6284);
#6283 = CARTESIAN_POINT('',(159.,228.5,-30.1));
#6284 = VECTOR('',#6285,1.);
#6285 = DIRECTION('',(0.,1.,0.));
#6286 = ORIENTED_EDGE('',*,*,#5600,.T.);
#6287 = FACE_BOUND('',#6288,.T.);
#6288 = EDGE_LOOP('',(#6289));
#6289 = ORIENTED_EDGE('',*,*,#6290,.T.);
#6290 = EDGE_CURVE('',#6291,#6291,#6293,.T.);
#6291 = VERTEX_POINT('',#6292);
#6292 = CARTESIAN_POINT('',(152.5,243.2728,-30.1));
#6293 = CIRCLE('',#6294,1.7272);
#6294 = AXIS2_PLACEMENT_3D('',#6295,#6296,#6297);
#6295 = CARTESIAN_POINT('',(152.5,245.,-30.1));
#6296 = DIRECTION('',(-0.,0.,-1.));
#6297 = DIRECTION('',(-0.,-1.,0.));
#6298 = FACE_BOUND('',#6299,.T.);
#6299 = EDGE_LOOP('',(#6300));
#6300 = ORIENTED_EDGE('',*,*,#6301,.T.);
#6301 = EDGE_CURVE('',#6302,#6302,#6304,.T.);
#6302 = VERTEX_POINT('',#6303);
#6303 = CARTESIAN_POINT('',(107.5,243.2728,-30.1));
#6304 = CIRCLE('',#6305,1.7272);
#6305 = AXIS2_PLACEMENT_3D('',#6306,#6307,#6308);
#6306 = CARTESIAN_POINT('',(107.5,245.,-30.1));
#6307 = DIRECTION('',(-0.,0.,-1.));
#6308 = DIRECTION('',(-0.,-1.,0.));
#6309 = PLANE('',#6310);
#6310 = AXIS2_PLACEMENT_3D('',#6311,#6312,#6313);
#6311 = CARTESIAN_POINT('',(159.,228.5,-30.1));
#6312 = DIRECTION('',(0.,0.,1.));
#6313 = DIRECTION('',(0.,1.,0.));
#6314 = ADVANCED_FACE('',(#6315),#6334,.F.);
#6315 = FACE_BOUND('',#6316,.F.);
#6316 = EDGE_LOOP('',(#6317,#6318,#6326,#6333));
#6317 = ORIENTED_EDGE('',*,*,#6290,.T.);
#6318 = ORIENTED_EDGE('',*,*,#6319,.T.);
#6319 = EDGE_CURVE('',#6291,#6320,#6322,.T.);
#6320 = VERTEX_POINT('',#6321);
#6321 = CARTESIAN_POINT('',(152.5,243.2728,-38.1));
#6322 = LINE('',#6323,#6324);
#6323 = CARTESIAN_POINT('',(152.5,243.2728,-22.1));
#6324 = VECTOR('',#6325,1.);
#6325 = DIRECTION('',(0.,0.,-1.));
#6326 = ORIENTED_EDGE('',*,*,#6327,.F.);
#6327 = EDGE_CURVE('',#6320,#6320,#6328,.T.);
#6328 = CIRCLE('',#6329,1.7272);
#6329 = AXIS2_PLACEMENT_3D('',#6330,#6331,#6332);
#6330 = CARTESIAN_POINT('',(152.5,245.,-38.1));
#6331 = DIRECTION('',(0.,0.,-1.));
#6332 = DIRECTION('',(-2.2E-16,-1.,-0.));
#6333 = ORIENTED_EDGE('',*,*,#6319,.F.);
#6334 = CYLINDRICAL_SURFACE('',#6335,1.7272);
#6335 = AXIS2_PLACEMENT_3D('',#6336,#6337,#6338);
#6336 = CARTESIAN_POINT('',(152.5,245.,-22.1));
#6337 = DIRECTION('',(0.,0.,-1.));
#6338 = DIRECTION('',(-0.,-1.,0.));
#6339 = ADVANCED_FACE('',(#6340),#6359,.F.);
#6340 = FACE_BOUND('',#6341,.F.);
#6341 = EDGE_LOOP('',(#6342,#6343,#6351,#6358));
#6342 = ORIENTED_EDGE('',*,*,#6301,.T.);
#6343 = ORIENTED_EDGE('',*,*,#6344,.T.);
#6344 = EDGE_CURVE('',#6302,#6345,#6347,.T.);
#6345 = VERTEX_POINT('',#6346);
#6346 = CARTESIAN_POINT('',(107.5,243.2728,-38.1));
#6347 = LINE('',#6348,#6349);
#6348 = CARTESIAN_POINT('',(107.5,243.2728,-22.1));
#6349 = VECTOR('',#6350,1.);
#6350 = DIRECTION('',(0.,0.,-1.));
#6351 = ORIENTED_EDGE('',*,*,#6352,.F.);
#6352 = EDGE_CURVE('',#6345,#6345,#6353,.T.);
#6353 = CIRCLE('',#6354,1.7272);
#6354 = AXIS2_PLACEMENT_3D('',#6355,#6356,#6357);
#6355 = CARTESIAN_POINT('',(107.5,245.,-38.1));
#6356 = DIRECTION('',(0.,0.,-1.));
#6357 = DIRECTION('',(-2.2E-16,-1.,-0.));
#6358 = ORIENTED_EDGE('',*,*,#6344,.F.);
#6359 = CYLINDRICAL_SURFACE('',#6360,1.7272);
#6360 = AXIS2_PLACEMENT_3D('',#6361,#6362,#6363);
#6361 = CARTESIAN_POINT('',(107.5,245.,-22.1));
#6362 = DIRECTION('',(0.,0.,-1.));
#6363 = DIRECTION('',(-0.,-1.,0.));
#6364 = ADVANCED_FACE('',(#6365),#6376,.T.);
#6365 = FACE_BOUND('',#6366,.T.);
#6366 = EDGE_LOOP('',(#6367,#6368,#6369,#6370));
#6367 = ORIENTED_EDGE('',*,*,#5590,.F.);
#6368 = ORIENTED_EDGE('',*,*,#6281,.F.);
#6369 = ORIENTED_EDGE('',*,*,#6152,.T.);
#6370 = ORIENTED_EDGE('',*,*,#6371,.T.);
#6371 = EDGE_CURVE('',#6153,#5593,#6372,.T.);
#6372 = LINE('',#6373,#6374);
#6373 = CARTESIAN_POINT('',(159.,246.1,-17.33));
#6374 = VECTOR('',#6375,1.);
#6375 = DIRECTION('',(2.2E-16,1.,0.));
#6376 = PLANE('',#6377);
#6377 = AXIS2_PLACEMENT_3D('',#6378,#6379,#6380);
#6378 = CARTESIAN_POINT('',(159.,228.5,-30.1));
#6379 = DIRECTION('',(-1.,0.,0.));
#6380 = DIRECTION('',(0.,0.,1.));
#6381 = ADVANCED_FACE('',(#6382,#6396,#6407,#6418,#6429),#6440,.T.);
#6382 = FACE_BOUND('',#6383,.T.);
#6383 = EDGE_LOOP('',(#6384,#6385,#6386,#6387,#6388,#6389,#6390,#6391,
    #6392,#6393,#6394,#6395));
#6384 = ORIENTED_EDGE('',*,*,#5713,.T.);
#6385 = ORIENTED_EDGE('',*,*,#5666,.T.);
#6386 = ORIENTED_EDGE('',*,*,#5617,.F.);
#6387 = ORIENTED_EDGE('',*,*,#6371,.F.);
#6388 = ORIENTED_EDGE('',*,*,#6160,.F.);
#6389 = ORIENTED_EDGE('',*,*,#6104,.T.);
#6390 = ORIENTED_EDGE('',*,*,#6052,.T.);
#6391 = ORIENTED_EDGE('',*,*,#6004,.F.);
#6392 = ORIENTED_EDGE('',*,*,#5947,.F.);
#6393 = ORIENTED_EDGE('',*,*,#5885,.F.);
#6394 = ORIENTED_EDGE('',*,*,#5834,.T.);
#6395 = ORIENTED_EDGE('',*,*,#5756,.T.);
#6396 = FACE_BOUND('',#6397,.T.);
#6397 = EDGE_LOOP('',(#6398));
#6398 = ORIENTED_EDGE('',*,*,#6399,.T.);
#6399 = EDGE_CURVE('',#6400,#6400,#6402,.T.);
#6400 = VERTEX_POINT('',#6401);
#6401 = CARTESIAN_POINT('',(214.2372,257.7,-17.33));
#6402 = CIRCLE('',#6403,1.7272);
#6403 = AXIS2_PLACEMENT_3D('',#6404,#6405,#6406);
#6404 = CARTESIAN_POINT('',(212.51,257.7,-17.33));
#6405 = DIRECTION('',(0.,0.,-1.));
#6406 = DIRECTION('',(1.,-0.,0.));
#6407 = FACE_BOUND('',#6408,.T.);
#6408 = EDGE_LOOP('',(#6409));
#6409 = ORIENTED_EDGE('',*,*,#6410,.T.);
#6410 = EDGE_CURVE('',#6411,#6411,#6413,.T.);
#6411 = VERTEX_POINT('',#6412);
#6412 = CARTESIAN_POINT('',(168.5172,257.7,-17.33));
#6413 = CIRCLE('',#6414,1.7272);
#6414 = AXIS2_PLACEMENT_3D('',#6415,#6416,#6417);
#6415 = CARTESIAN_POINT('',(166.79,257.7,-17.33));
#6416 = DIRECTION('',(0.,0.,-1.));
#6417 = DIRECTION('',(1.,-0.,0.));
#6418 = FACE_BOUND('',#6419,.T.);
#6419 = EDGE_LOOP('',(#6420));
#6420 = ORIENTED_EDGE('',*,*,#6421,.T.);
#6421 = EDGE_CURVE('',#6422,#6422,#6424,.T.);
#6422 = VERTEX_POINT('',#6423);
#6423 = CARTESIAN_POINT('',(214.2372,223.7,-17.33));
#6424 = CIRCLE('',#6425,1.7272);
#6425 = AXIS2_PLACEMENT_3D('',#6426,#6427,#6428);
#6426 = CARTESIAN_POINT('',(212.51,223.7,-17.33));
#6427 = DIRECTION('',(0.,0.,-1.));
#6428 = DIRECTION('',(1.,-0.,0.));
#6429 = FACE_BOUND('',#6430,.T.);
#6430 = EDGE_LOOP('',(#6431));
#6431 = ORIENTED_EDGE('',*,*,#6432,.T.);
#6432 = EDGE_CURVE('',#6433,#6433,#6435,.T.);
#6433 = VERTEX_POINT('',#6434);
#6434 = CARTESIAN_POINT('',(168.5172,223.7,-17.33));
#6435 = CIRCLE('',#6436,1.7272);
#6436 = AXIS2_PLACEMENT_3D('',#6437,#6438,#6439);
#6437 = CARTESIAN_POINT('',(166.79,223.7,-17.33));
#6438 = DIRECTION('',(0.,0.,-1.));
#6439 = DIRECTION('',(1.,-0.,0.));
#6440 = PLANE('',#6441);
#6441 = AXIS2_PLACEMENT_3D('',#6442,#6443,#6444);
#6442 = CARTESIAN_POINT('',(220.65,263.7,-17.33));
#6443 = DIRECTION('',(0.,0.,1.));
#6444 = DIRECTION('',(-1.,0.,0.));
#6445 = ADVANCED_FACE('',(#6446),#6465,.F.);
#6446 = FACE_BOUND('',#6447,.F.);
#6447 = EDGE_LOOP('',(#6448,#6449,#6457,#6464));
#6448 = ORIENTED_EDGE('',*,*,#6399,.T.);
#6449 = ORIENTED_EDGE('',*,*,#6450,.T.);
#6450 = EDGE_CURVE('',#6400,#6451,#6453,.T.);
#6451 = VERTEX_POINT('',#6452);
#6452 = CARTESIAN_POINT('',(214.2372,257.7,-38.1));
#6453 = LINE('',#6454,#6455);
#6454 = CARTESIAN_POINT('',(214.2372,257.7,-4.83));
#6455 = VECTOR('',#6456,1.);
#6456 = DIRECTION('',(0.,0.,-1.));
#6457 = ORIENTED_EDGE('',*,*,#6458,.F.);
#6458 = EDGE_CURVE('',#6451,#6451,#6459,.T.);
#6459 = CIRCLE('',#6460,1.7272);
#6460 = AXIS2_PLACEMENT_3D('',#6461,#6462,#6463);
#6461 = CARTESIAN_POINT('',(212.51,257.7,-38.1));
#6462 = DIRECTION('',(0.,0.,-1.));
#6463 = DIRECTION('',(1.,0.,0.));
#6464 = ORIENTED_EDGE('',*,*,#6450,.F.);
#6465 = CYLINDRICAL_SURFACE('',#6466,1.7272);
#6466 = AXIS2_PLACEMENT_3D('',#6467,#6468,#6469);
#6467 = CARTESIAN_POINT('',(212.51,257.7,-4.83));
#6468 = DIRECTION('',(0.,0.,-1.));
#6469 = DIRECTION('',(1.,-0.,0.));
#6470 = ADVANCED_FACE('',(#6471),#6490,.F.);
#6471 = FACE_BOUND('',#6472,.F.);
#6472 = EDGE_LOOP('',(#6473,#6474,#6482,#6489));
#6473 = ORIENTED_EDGE('',*,*,#6410,.T.);
#6474 = ORIENTED_EDGE('',*,*,#6475,.T.);
#6475 = EDGE_CURVE('',#6411,#6476,#6478,.T.);
#6476 = VERTEX_POINT('',#6477);
#6477 = CARTESIAN_POINT('',(168.5172,257.7,-38.1));
#6478 = LINE('',#6479,#6480);
#6479 = CARTESIAN_POINT('',(168.5172,257.7,-4.83));
#6480 = VECTOR('',#6481,1.);
#6481 = DIRECTION('',(0.,0.,-1.));
#6482 = ORIENTED_EDGE('',*,*,#6483,.F.);
#6483 = EDGE_CURVE('',#6476,#6476,#6484,.T.);
#6484 = CIRCLE('',#6485,1.7272);
#6485 = AXIS2_PLACEMENT_3D('',#6486,#6487,#6488);
#6486 = CARTESIAN_POINT('',(166.79,257.7,-38.1));
#6487 = DIRECTION('',(0.,0.,-1.));
#6488 = DIRECTION('',(1.,0.,0.));
#6489 = ORIENTED_EDGE('',*,*,#6475,.F.);
#6490 = CYLINDRICAL_SURFACE('',#6491,1.7272);
#6491 = AXIS2_PLACEMENT_3D('',#6492,#6493,#6494);
#6492 = CARTESIAN_POINT('',(166.79,257.7,-4.83));
#6493 = DIRECTION('',(0.,0.,-1.));
#6494 = DIRECTION('',(1.,-0.,0.));
#6495 = ADVANCED_FACE('',(#6496),#6515,.F.);
#6496 = FACE_BOUND('',#6497,.F.);
#6497 = EDGE_LOOP('',(#6498,#6499,#6507,#6514));
#6498 = ORIENTED_EDGE('',*,*,#6421,.T.);
#6499 = ORIENTED_EDGE('',*,*,#6500,.T.);
#6500 = EDGE_CURVE('',#6422,#6501,#6503,.T.);
#6501 = VERTEX_POINT('',#6502);
#6502 = CARTESIAN_POINT('',(214.2372,223.7,-38.1));
#6503 = LINE('',#6504,#6505);
#6504 = CARTESIAN_POINT('',(214.2372,223.7,-4.83));
#6505 = VECTOR('',#6506,1.);
#6506 = DIRECTION('',(0.,0.,-1.));
#6507 = ORIENTED_EDGE('',*,*,#6508,.F.);
#6508 = EDGE_CURVE('',#6501,#6501,#6509,.T.);
#6509 = CIRCLE('',#6510,1.7272);
#6510 = AXIS2_PLACEMENT_3D('',#6511,#6512,#6513);
#6511 = CARTESIAN_POINT('',(212.51,223.7,-38.1));
#6512 = DIRECTION('',(0.,0.,-1.));
#6513 = DIRECTION('',(1.,0.,0.));
#6514 = ORIENTED_EDGE('',*,*,#6500,.F.);
#6515 = CYLINDRICAL_SURFACE('',#6516,1.7272);
#6516 = AXIS2_PLACEMENT_3D('',#6517,#6518,#6519);
#6517 = CARTESIAN_POINT('',(212.51,223.7,-4.83));
#6518 = DIRECTION('',(0.,0.,-1.));
#6519 = DIRECTION('',(1.,-0.,0.));
#6520 = ADVANCED_FACE('',(#6521),#6540,.F.);
#6521 = FACE_BOUND('',#6522,.F.);
#6522 = EDGE_LOOP('',(#6523,#6524,#6532,#6539));
#6523 = ORIENTED_EDGE('',*,*,#6432,.T.);
#6524 = ORIENTED_EDGE('',*,*,#6525,.T.);
#6525 = EDGE_CURVE('',#6433,#6526,#6528,.T.);
#6526 = VERTEX_POINT('',#6527);
#6527 = CARTESIAN_POINT('',(168.5172,223.7,-38.1));
#6528 = LINE('',#6529,#6530);
#6529 = CARTESIAN_POINT('',(168.5172,223.7,-4.83));
#6530 = VECTOR('',#6531,1.);
#6531 = DIRECTION('',(0.,0.,-1.));
#6532 = ORIENTED_EDGE('',*,*,#6533,.F.);
#6533 = EDGE_CURVE('',#6526,#6526,#6534,.T.);
#6534 = CIRCLE('',#6535,1.7272);
#6535 = AXIS2_PLACEMENT_3D('',#6536,#6537,#6538);
#6536 = CARTESIAN_POINT('',(166.79,223.7,-38.1));
#6537 = DIRECTION('',(0.,0.,-1.));
#6538 = DIRECTION('',(1.,0.,0.));
#6539 = ORIENTED_EDGE('',*,*,#6525,.F.);
#6540 = CYLINDRICAL_SURFACE('',#6541,1.7272);
#6541 = AXIS2_PLACEMENT_3D('',#6542,#6543,#6544);
#6542 = CARTESIAN_POINT('',(166.79,223.7,-4.83));
#6543 = DIRECTION('',(0.,0.,-1.));
#6544 = DIRECTION('',(1.,-0.,0.));
#6545 = ADVANCED_FACE('',(#6546),#6552,.T.);
#6546 = FACE_BOUND('',#6547,.T.);
#6547 = EDGE_LOOP('',(#6548,#6549,#6550,#6551));
#6548 = ORIENTED_EDGE('',*,*,#6226,.T.);
#6549 = ORIENTED_EDGE('',*,*,#5804,.T.);
#6550 = ORIENTED_EDGE('',*,*,#5851,.F.);
#6551 = ORIENTED_EDGE('',*,*,#5924,.F.);
#6552 = PLANE('',#6553);
#6553 = AXIS2_PLACEMENT_3D('',#6554,#6555,#6556);
#6554 = CARTESIAN_POINT('',(142.5,188.25,-17.7));
#6555 = DIRECTION('',(0.,0.,1.));
#6556 = DIRECTION('',(0.,1.,0.));
#6557 = ADVANCED_FACE('',(#6558,#6568,#6579),#6590,.T.);
#6558 = FACE_BOUND('',#6559,.T.);
#6559 = EDGE_LOOP('',(#6560,#6561,#6562,#6563,#6564,#6565,#6566,#6567));
#6560 = ORIENTED_EDGE('',*,*,#5908,.T.);
#6561 = ORIENTED_EDGE('',*,*,#5971,.T.);
#6562 = ORIENTED_EDGE('',*,*,#6020,.F.);
#6563 = ORIENTED_EDGE('',*,*,#6069,.F.);
#6564 = ORIENTED_EDGE('',*,*,#6127,.F.);
#6565 = ORIENTED_EDGE('',*,*,#6177,.T.);
#6566 = ORIENTED_EDGE('',*,*,#6202,.T.);
#6567 = ORIENTED_EDGE('',*,*,#6243,.T.);
#6568 = FACE_BOUND('',#6569,.T.);
#6569 = EDGE_LOOP('',(#6570));
#6570 = ORIENTED_EDGE('',*,*,#6571,.T.);
#6571 = EDGE_CURVE('',#6572,#6572,#6574,.T.);
#6572 = VERTEX_POINT('',#6573);
#6573 = CARTESIAN_POINT('',(142.5,180.1698,-21.97));
#6574 = CIRCLE('',#6575,1.7272);
#6575 = AXIS2_PLACEMENT_3D('',#6576,#6577,#6578);
#6576 = CARTESIAN_POINT('',(142.5,181.897,-21.97));
#6577 = DIRECTION('',(-0.,0.,-1.));
#6578 = DIRECTION('',(-0.,-1.,0.));
#6579 = FACE_BOUND('',#6580,.T.);
#6580 = EDGE_LOOP('',(#6581));
#6581 = ORIENTED_EDGE('',*,*,#6582,.T.);
#6582 = EDGE_CURVE('',#6583,#6583,#6585,.T.);
#6583 = VERTEX_POINT('',#6584);
#6584 = CARTESIAN_POINT('',(117.5,180.1698,-21.97));
#6585 = CIRCLE('',#6586,1.7272);
#6586 = AXIS2_PLACEMENT_3D('',#6587,#6588,#6589);
#6587 = CARTESIAN_POINT('',(117.5,181.897,-21.97));
#6588 = DIRECTION('',(-0.,0.,-1.));
#6589 = DIRECTION('',(-0.,-1.,0.));
#6590 = PLANE('',#6591);
#6591 = AXIS2_PLACEMENT_3D('',#6592,#6593,#6594);
#6592 = CARTESIAN_POINT('',(154.,170.397,-21.97));
#6593 = DIRECTION('',(0.,0.,1.));
#6594 = DIRECTION('',(0.,1.,0.));
#6595 = ADVANCED_FACE('',(#6596),#6615,.F.);
#6596 = FACE_BOUND('',#6597,.F.);
#6597 = EDGE_LOOP('',(#6598,#6599,#6607,#6614));
#6598 = ORIENTED_EDGE('',*,*,#6571,.T.);
#6599 = ORIENTED_EDGE('',*,*,#6600,.T.);
#6600 = EDGE_CURVE('',#6572,#6601,#6603,.T.);
#6601 = VERTEX_POINT('',#6602);
#6602 = CARTESIAN_POINT('',(142.5,180.1698,-38.1));
#6603 = LINE('',#6604,#6605);
#6604 = CARTESIAN_POINT('',(142.5,180.1698,-13.97));
#6605 = VECTOR('',#6606,1.);
#6606 = DIRECTION('',(0.,0.,-1.));
#6607 = ORIENTED_EDGE('',*,*,#6608,.F.);
#6608 = EDGE_CURVE('',#6601,#6601,#6609,.T.);
#6609 = CIRCLE('',#6610,1.7272);
#6610 = AXIS2_PLACEMENT_3D('',#6611,#6612,#6613);
#6611 = CARTESIAN_POINT('',(142.5,181.897,-38.1));
#6612 = DIRECTION('',(0.,0.,-1.));
#6613 = DIRECTION('',(-2.2E-16,-1.,-0.));
#6614 = ORIENTED_EDGE('',*,*,#6600,.F.);
#6615 = CYLINDRICAL_SURFACE('',#6616,1.7272);
#6616 = AXIS2_PLACEMENT_3D('',#6617,#6618,#6619);
#6617 = CARTESIAN_POINT('',(142.5,181.897,-13.97));
#6618 = DIRECTION('',(0.,0.,-1.));
#6619 = DIRECTION('',(-0.,-1.,0.));
#6620 = ADVANCED_FACE('',(#6621),#6640,.F.);
#6621 = FACE_BOUND('',#6622,.F.);
#6622 = EDGE_LOOP('',(#6623,#6624,#6632,#6639));
#6623 = ORIENTED_EDGE('',*,*,#6582,.T.);
#6624 = ORIENTED_EDGE('',*,*,#6625,.T.);
#6625 = EDGE_CURVE('',#6583,#6626,#6628,.T.);
#6626 = VERTEX_POINT('',#6627);
#6627 = CARTESIAN_POINT('',(117.5,180.1698,-38.1));
#6628 = LINE('',#6629,#6630);
#6629 = CARTESIAN_POINT('',(117.5,180.1698,-13.97));
#6630 = VECTOR('',#6631,1.);
#6631 = DIRECTION('',(0.,0.,-1.));
#6632 = ORIENTED_EDGE('',*,*,#6633,.F.);
#6633 = EDGE_CURVE('',#6626,#6626,#6634,.T.);
#6634 = CIRCLE('',#6635,1.7272);
#6635 = AXIS2_PLACEMENT_3D('',#6636,#6637,#6638);
#6636 = CARTESIAN_POINT('',(117.5,181.897,-38.1));
#6637 = DIRECTION('',(0.,0.,-1.));
#6638 = DIRECTION('',(-2.2E-16,-1.,-0.));
#6639 = ORIENTED_EDGE('',*,*,#6625,.F.);
#6640 = CYLINDRICAL_SURFACE('',#6641,1.7272);
#6641 = AXIS2_PLACEMENT_3D('',#6642,#6643,#6644);
#6642 = CARTESIAN_POINT('',(117.5,181.897,-13.97));
#6643 = DIRECTION('',(0.,0.,-1.));
#6644 = DIRECTION('',(-0.,-1.,0.));
#6645 = ADVANCED_FACE('',(#6646),#6671,.F.);
#6646 = FACE_BOUND('',#6647,.F.);
#6647 = EDGE_LOOP('',(#6648,#6649,#6657,#6665));
#6648 = ORIENTED_EDGE('',*,*,#1668,.F.);
#6649 = ORIENTED_EDGE('',*,*,#6650,.F.);
#6650 = EDGE_CURVE('',#6651,#1669,#6653,.T.);
#6651 = VERTEX_POINT('',#6652);
#6652 = CARTESIAN_POINT('',(118.82551553344,167.20003509521,
    -24.3000011444));
#6653 = LINE('',#6654,#6655);
#6654 = CARTESIAN_POINT('',(118.82551553344,167.20003509521,
    -24.3000011444));
#6655 = VECTOR('',#6656,1.);
#6656 = DIRECTION('',(0.,0.,1.));
#6657 = ORIENTED_EDGE('',*,*,#6658,.T.);
#6658 = EDGE_CURVE('',#6651,#6659,#6661,.T.);
#6659 = VERTEX_POINT('',#6660);
#6660 = CARTESIAN_POINT('',(13.17351171875,167.20003509521,
    -24.3000011444));
#6661 = LINE('',#6662,#6663);
#6662 = CARTESIAN_POINT('',(121.99951553344,167.20003509521,
    -24.3000011444));
#6663 = VECTOR('',#6664,1.);
#6664 = DIRECTION('',(-1.,0.,0.));
#6665 = ORIENTED_EDGE('',*,*,#6666,.T.);
#6666 = EDGE_CURVE('',#6659,#1671,#6667,.T.);
#6667 = LINE('',#6668,#6669);
#6668 = CARTESIAN_POINT('',(13.17351171875,167.20003509521,
    -24.3000011444));
#6669 = VECTOR('',#6670,1.);
#6670 = DIRECTION('',(0.,0.,1.));
#6671 = PLANE('',#6672);
#6672 = AXIS2_PLACEMENT_3D('',#6673,#6674,#6675);
#6673 = CARTESIAN_POINT('',(121.99951553344,167.20003509521,
    -24.3000011444));
#6674 = DIRECTION('',(0.,1.,0.));
#6675 = DIRECTION('',(0.,0.,1.));
#6676 = ADVANCED_FACE('',(#6677),#6696,.F.);
#6677 = FACE_BOUND('',#6678,.F.);
#6678 = EDGE_LOOP('',(#6679,#6688,#6689,#6690));
#6679 = ORIENTED_EDGE('',*,*,#6680,.T.);
#6680 = EDGE_CURVE('',#6681,#6651,#6683,.T.);
#6681 = VERTEX_POINT('',#6682);
#6682 = CARTESIAN_POINT('',(121.99951553344,164.02603509521,
    -24.3000011444));
#6683 = CIRCLE('',#6684,3.174);
#6684 = AXIS2_PLACEMENT_3D('',#6685,#6686,#6687);
#6685 = CARTESIAN_POINT('',(118.82551553344,164.02603509521,
    -24.3000011444));
#6686 = DIRECTION('',(0.,0.,1.));
#6687 = DIRECTION('',(1.,0.,0.));
#6688 = ORIENTED_EDGE('',*,*,#6650,.T.);
#6689 = ORIENTED_EDGE('',*,*,#1678,.F.);
#6690 = ORIENTED_EDGE('',*,*,#6691,.F.);
#6691 = EDGE_CURVE('',#6681,#1679,#6692,.T.);
#6692 = LINE('',#6693,#6694);
#6693 = CARTESIAN_POINT('',(121.99951553344,164.02603509521,
    -24.3000011444));
#6694 = VECTOR('',#6695,1.);
#6695 = DIRECTION('',(0.,0.,1.));
#6696 = CYLINDRICAL_SURFACE('',#6697,3.174);
#6697 = AXIS2_PLACEMENT_3D('',#6698,#6699,#6700);
#6698 = CARTESIAN_POINT('',(118.82551553344,164.02603509521,
    -24.3000011444));
#6699 = DIRECTION('',(0.,0.,1.));
#6700 = DIRECTION('',(1.,0.,0.));
#6701 = ADVANCED_FACE('',(#6702),#6721,.F.);
#6702 = FACE_BOUND('',#6703,.F.);
#6703 = EDGE_LOOP('',(#6704,#6713,#6719,#6720));
#6704 = ORIENTED_EDGE('',*,*,#6705,.T.);
#6705 = EDGE_CURVE('',#6659,#6706,#6708,.T.);
#6706 = VERTEX_POINT('',#6707);
#6707 = CARTESIAN_POINT('',(9.99951171875,164.02603509521,-24.3000011444
    ));
#6708 = CIRCLE('',#6709,3.174);
#6709 = AXIS2_PLACEMENT_3D('',#6710,#6711,#6712);
#6710 = CARTESIAN_POINT('',(13.17351171875,164.02603509521,
    -24.3000011444));
#6711 = DIRECTION('',(0.,0.,1.));
#6712 = DIRECTION('',(1.,0.,0.));
#6713 = ORIENTED_EDGE('',*,*,#6714,.T.);
#6714 = EDGE_CURVE('',#6706,#1722,#6715,.T.);
#6715 = LINE('',#6716,#6717);
#6716 = CARTESIAN_POINT('',(9.99951171875,164.02603509521,-24.3000011444
    ));
#6717 = VECTOR('',#6718,1.);
#6718 = DIRECTION('',(0.,0.,1.));
#6719 = ORIENTED_EDGE('',*,*,#1729,.F.);
#6720 = ORIENTED_EDGE('',*,*,#6666,.F.);
#6721 = CYLINDRICAL_SURFACE('',#6722,3.174);
#6722 = AXIS2_PLACEMENT_3D('',#6723,#6724,#6725);
#6723 = CARTESIAN_POINT('',(13.17351171875,164.02603509521,
    -24.3000011444));
#6724 = DIRECTION('',(0.,0.,1.));
#6725 = DIRECTION('',(0.,1.,0.));
#6726 = ADVANCED_FACE('',(#6727),#6745,.T.);
#6727 = FACE_BOUND('',#6728,.T.);
#6728 = EDGE_LOOP('',(#6729,#6737,#6743,#6744));
#6729 = ORIENTED_EDGE('',*,*,#6730,.F.);
#6730 = EDGE_CURVE('',#6731,#6681,#6733,.T.);
#6731 = VERTEX_POINT('',#6732);
#6732 = CARTESIAN_POINT('',(121.99951553344,66.374035095215,
    -24.3000011444));
#6733 = LINE('',#6734,#6735);
#6734 = CARTESIAN_POINT('',(121.99951553344,63.200035095215,
    -24.3000011444));
#6735 = VECTOR('',#6736,1.);
#6736 = DIRECTION('',(0.,1.,0.));
#6737 = ORIENTED_EDGE('',*,*,#6738,.T.);
#6738 = EDGE_CURVE('',#6731,#1688,#6739,.T.);
#6739 = LINE('',#6740,#6741);
#6740 = CARTESIAN_POINT('',(121.99951553344,66.374035095215,
    -24.3000011444));
#6741 = VECTOR('',#6742,1.);
#6742 = DIRECTION('',(0.,0.,1.));
#6743 = ORIENTED_EDGE('',*,*,#1687,.T.);
#6744 = ORIENTED_EDGE('',*,*,#6691,.F.);
#6745 = PLANE('',#6746);
#6746 = AXIS2_PLACEMENT_3D('',#6747,#6748,#6749);
#6747 = CARTESIAN_POINT('',(121.99951553344,63.200035095215,
    -24.3000011444));
#6748 = DIRECTION('',(-1.,0.,0.));
#6749 = DIRECTION('',(0.,0.,1.));
#6750 = ADVANCED_FACE('',(#6751),#6769,.F.);
#6751 = FACE_BOUND('',#6752,.F.);
#6752 = EDGE_LOOP('',(#6753,#6761,#6767,#6768));
#6753 = ORIENTED_EDGE('',*,*,#6754,.F.);
#6754 = EDGE_CURVE('',#6755,#6706,#6757,.T.);
#6755 = VERTEX_POINT('',#6756);
#6756 = CARTESIAN_POINT('',(9.99951171875,66.374035095215,-24.3000011444
    ));
#6757 = LINE('',#6758,#6759);
#6758 = CARTESIAN_POINT('',(9.99951171875,63.200035095215,-24.3000011444
    ));
#6759 = VECTOR('',#6760,1.);
#6760 = DIRECTION('',(0.,1.,0.));
#6761 = ORIENTED_EDGE('',*,*,#6762,.T.);
#6762 = EDGE_CURVE('',#6755,#1713,#6763,.T.);
#6763 = LINE('',#6764,#6765);
#6764 = CARTESIAN_POINT('',(9.99951171875,66.374035095215,-24.3000011444
    ));
#6765 = VECTOR('',#6766,1.);
#6766 = DIRECTION('',(0.,0.,1.));
#6767 = ORIENTED_EDGE('',*,*,#1721,.T.);
#6768 = ORIENTED_EDGE('',*,*,#6714,.F.);
#6769 = PLANE('',#6770);
#6770 = AXIS2_PLACEMENT_3D('',#6771,#6772,#6773);
#6771 = CARTESIAN_POINT('',(9.99951171875,63.200035095215,-24.3000011444
    ));
#6772 = DIRECTION('',(-1.,0.,0.));
#6773 = DIRECTION('',(0.,0.,1.));
#6774 = ADVANCED_FACE('',(#6775),#6794,.F.);
#6775 = FACE_BOUND('',#6776,.F.);
#6776 = EDGE_LOOP('',(#6777,#6786,#6787,#6788));
#6777 = ORIENTED_EDGE('',*,*,#6778,.T.);
#6778 = EDGE_CURVE('',#6779,#6731,#6781,.T.);
#6779 = VERTEX_POINT('',#6780);
#6780 = CARTESIAN_POINT('',(118.82551553344,63.200035095215,
    -24.3000011444));
#6781 = CIRCLE('',#6782,3.174);
#6782 = AXIS2_PLACEMENT_3D('',#6783,#6784,#6785);
#6783 = CARTESIAN_POINT('',(118.82551553344,66.374035095215,
    -24.3000011444));
#6784 = DIRECTION('',(0.,0.,1.));
#6785 = DIRECTION('',(1.,0.,0.));
#6786 = ORIENTED_EDGE('',*,*,#6738,.T.);
#6787 = ORIENTED_EDGE('',*,*,#1695,.F.);
#6788 = ORIENTED_EDGE('',*,*,#6789,.F.);
#6789 = EDGE_CURVE('',#6779,#1696,#6790,.T.);
#6790 = LINE('',#6791,#6792);
#6791 = CARTESIAN_POINT('',(118.82551553344,63.200035095215,
    -24.3000011444));
#6792 = VECTOR('',#6793,1.);
#6793 = DIRECTION('',(0.,0.,1.));
#6794 = CYLINDRICAL_SURFACE('',#6795,3.174);
#6795 = AXIS2_PLACEMENT_3D('',#6796,#6797,#6798);
#6796 = CARTESIAN_POINT('',(118.82551553344,66.374035095215,
    -24.3000011444));
#6797 = DIRECTION('',(0.,0.,1.));
#6798 = DIRECTION('',(0.,-1.,0.));
#6799 = ADVANCED_FACE('',(#6800),#6819,.F.);
#6800 = FACE_BOUND('',#6801,.T.);
#6801 = EDGE_LOOP('',(#6802,#6811,#6812,#6813));
#6802 = ORIENTED_EDGE('',*,*,#6803,.T.);
#6803 = EDGE_CURVE('',#6804,#6755,#6806,.T.);
#6804 = VERTEX_POINT('',#6805);
#6805 = CARTESIAN_POINT('',(13.17351171875,63.200035095215,
    -24.3000011444));
#6806 = CIRCLE('',#6807,3.174);
#6807 = AXIS2_PLACEMENT_3D('',#6808,#6809,#6810);
#6808 = CARTESIAN_POINT('',(13.17351171875,66.374035095215,
    -24.3000011444));
#6809 = DIRECTION('',(0.,0.,-1.));
#6810 = DIRECTION('',(1.,0.,0.));
#6811 = ORIENTED_EDGE('',*,*,#6762,.T.);
#6812 = ORIENTED_EDGE('',*,*,#1712,.F.);
#6813 = ORIENTED_EDGE('',*,*,#6814,.F.);
#6814 = EDGE_CURVE('',#6804,#1705,#6815,.T.);
#6815 = LINE('',#6816,#6817);
#6816 = CARTESIAN_POINT('',(13.17351171875,63.200035095215,
    -24.3000011444));
#6817 = VECTOR('',#6818,1.);
#6818 = DIRECTION('',(0.,0.,1.));
#6819 = CYLINDRICAL_SURFACE('',#6820,3.174);
#6820 = AXIS2_PLACEMENT_3D('',#6821,#6822,#6823);
#6821 = CARTESIAN_POINT('',(13.17351171875,66.374035095215,
    -24.3000011444));
#6822 = DIRECTION('',(0.,0.,1.));
#6823 = DIRECTION('',(0.,-1.,0.));
#6824 = ADVANCED_FACE('',(#6825),#6836,.T.);
#6825 = FACE_BOUND('',#6826,.T.);
#6826 = EDGE_LOOP('',(#6827,#6828,#6829,#6835));
#6827 = ORIENTED_EDGE('',*,*,#1704,.F.);
#6828 = ORIENTED_EDGE('',*,*,#6789,.F.);
#6829 = ORIENTED_EDGE('',*,*,#6830,.T.);
#6830 = EDGE_CURVE('',#6779,#6804,#6831,.T.);
#6831 = LINE('',#6832,#6833);
#6832 = CARTESIAN_POINT('',(121.99951553344,63.200035095215,
    -24.3000011444));
#6833 = VECTOR('',#6834,1.);
#6834 = DIRECTION('',(-1.,0.,0.));
#6835 = ORIENTED_EDGE('',*,*,#6814,.T.);
#6836 = PLANE('',#6837);
#6837 = AXIS2_PLACEMENT_3D('',#6838,#6839,#6840);
#6838 = CARTESIAN_POINT('',(121.99951553344,63.200035095215,
    -24.3000011444));
#6839 = DIRECTION('',(0.,1.,0.));
#6840 = DIRECTION('',(0.,0.,1.));
#6841 = ADVANCED_FACE('',(#6842,#6852,#6863,#6874,#6885),#6896,.T.);
#6842 = FACE_BOUND('',#6843,.T.);
#6843 = EDGE_LOOP('',(#6844,#6845,#6846,#6847,#6848,#6849,#6850,#6851));
#6844 = ORIENTED_EDGE('',*,*,#6658,.T.);
#6845 = ORIENTED_EDGE('',*,*,#6705,.T.);
#6846 = ORIENTED_EDGE('',*,*,#6754,.F.);
#6847 = ORIENTED_EDGE('',*,*,#6803,.F.);
#6848 = ORIENTED_EDGE('',*,*,#6830,.F.);
#6849 = ORIENTED_EDGE('',*,*,#6778,.T.);
#6850 = ORIENTED_EDGE('',*,*,#6730,.T.);
#6851 = ORIENTED_EDGE('',*,*,#6680,.T.);
#6852 = FACE_BOUND('',#6853,.T.);
#6853 = EDGE_LOOP('',(#6854));
#6854 = ORIENTED_EDGE('',*,*,#6855,.T.);
#6855 = EDGE_CURVE('',#6856,#6856,#6858,.T.);
#6856 = VERTEX_POINT('',#6857);
#6857 = CARTESIAN_POINT('',(97.5,77.2728,-24.3000011444));
#6858 = CIRCLE('',#6859,1.7272);
#6859 = AXIS2_PLACEMENT_3D('',#6860,#6861,#6862);
#6860 = CARTESIAN_POINT('',(97.5,79.,-24.3000011444));
#6861 = DIRECTION('',(-0.,0.,-1.));
#6862 = DIRECTION('',(-0.,-1.,0.));
#6863 = FACE_BOUND('',#6864,.T.);
#6864 = EDGE_LOOP('',(#6865));
#6865 = ORIENTED_EDGE('',*,*,#6866,.T.);
#6866 = EDGE_CURVE('',#6867,#6867,#6869,.T.);
#6867 = VERTEX_POINT('',#6868);
#6868 = CARTESIAN_POINT('',(97.5,152.2728,-24.3000011444));
#6869 = CIRCLE('',#6870,1.7272);
#6870 = AXIS2_PLACEMENT_3D('',#6871,#6872,#6873);
#6871 = CARTESIAN_POINT('',(97.5,154.,-24.3000011444));
#6872 = DIRECTION('',(-0.,0.,-1.));
#6873 = DIRECTION('',(-0.,-1.,0.));
#6874 = FACE_BOUND('',#6875,.T.);
#6875 = EDGE_LOOP('',(#6876));
#6876 = ORIENTED_EDGE('',*,*,#6877,.T.);
#6877 = EDGE_CURVE('',#6878,#6878,#6880,.T.);
#6878 = VERTEX_POINT('',#6879);
#6879 = CARTESIAN_POINT('',(22.5,77.2728,-24.3000011444));
#6880 = CIRCLE('',#6881,1.7272);
#6881 = AXIS2_PLACEMENT_3D('',#6882,#6883,#6884);
#6882 = CARTESIAN_POINT('',(22.5,79.,-24.3000011444));
#6883 = DIRECTION('',(-0.,0.,-1.));
#6884 = DIRECTION('',(-0.,-1.,0.));
#6885 = FACE_BOUND('',#6886,.T.);
#6886 = EDGE_LOOP('',(#6887));
#6887 = ORIENTED_EDGE('',*,*,#6888,.T.);
#6888 = EDGE_CURVE('',#6889,#6889,#6891,.T.);
#6889 = VERTEX_POINT('',#6890);
#6890 = CARTESIAN_POINT('',(22.5,152.2728,-24.3000011444));
#6891 = CIRCLE('',#6892,1.7272);
#6892 = AXIS2_PLACEMENT_3D('',#6893,#6894,#6895);
#6893 = CARTESIAN_POINT('',(22.5,154.,-24.3000011444));
#6894 = DIRECTION('',(-0.,0.,-1.));
#6895 = DIRECTION('',(-0.,-1.,0.));
#6896 = PLANE('',#6897);
#6897 = AXIS2_PLACEMENT_3D('',#6898,#6899,#6900);
#6898 = CARTESIAN_POINT('',(121.99951553344,63.200035095215,
    -24.3000011444));
#6899 = DIRECTION('',(0.,0.,1.));
#6900 = DIRECTION('',(0.,1.,0.));
#6901 = ADVANCED_FACE('',(#6902),#6921,.F.);
#6902 = FACE_BOUND('',#6903,.F.);
#6903 = EDGE_LOOP('',(#6904,#6905,#6913,#6920));
#6904 = ORIENTED_EDGE('',*,*,#6855,.T.);
#6905 = ORIENTED_EDGE('',*,*,#6906,.T.);
#6906 = EDGE_CURVE('',#6856,#6907,#6909,.T.);
#6907 = VERTEX_POINT('',#6908);
#6908 = CARTESIAN_POINT('',(97.5,77.2728,-38.1));
#6909 = LINE('',#6910,#6911);
#6910 = CARTESIAN_POINT('',(97.5,77.2728,0.));
#6911 = VECTOR('',#6912,1.);
#6912 = DIRECTION('',(0.,0.,-1.));
#6913 = ORIENTED_EDGE('',*,*,#6914,.F.);
#6914 = EDGE_CURVE('',#6907,#6907,#6915,.T.);
#6915 = CIRCLE('',#6916,1.7272);
#6916 = AXIS2_PLACEMENT_3D('',#6917,#6918,#6919);
#6917 = CARTESIAN_POINT('',(97.5,79.,-38.1));
#6918 = DIRECTION('',(0.,0.,-1.));
#6919 = DIRECTION('',(-2.2E-16,-1.,-0.));
#6920 = ORIENTED_EDGE('',*,*,#6906,.F.);
#6921 = CYLINDRICAL_SURFACE('',#6922,1.7272);
#6922 = AXIS2_PLACEMENT_3D('',#6923,#6924,#6925);
#6923 = CARTESIAN_POINT('',(97.5,79.,0.));
#6924 = DIRECTION('',(0.,0.,-1.));
#6925 = DIRECTION('',(-0.,-1.,0.));
#6926 = ADVANCED_FACE('',(#6927),#6946,.F.);
#6927 = FACE_BOUND('',#6928,.F.);
#6928 = EDGE_LOOP('',(#6929,#6930,#6938,#6945));
#6929 = ORIENTED_EDGE('',*,*,#6866,.T.);
#6930 = ORIENTED_EDGE('',*,*,#6931,.T.);
#6931 = EDGE_CURVE('',#6867,#6932,#6934,.T.);
#6932 = VERTEX_POINT('',#6933);
#6933 = CARTESIAN_POINT('',(97.5,152.2728,-38.1));
#6934 = LINE('',#6935,#6936);
#6935 = CARTESIAN_POINT('',(97.5,152.2728,0.));
#6936 = VECTOR('',#6937,1.);
#6937 = DIRECTION('',(0.,0.,-1.));
#6938 = ORIENTED_EDGE('',*,*,#6939,.F.);
#6939 = EDGE_CURVE('',#6932,#6932,#6940,.T.);
#6940 = CIRCLE('',#6941,1.7272);
#6941 = AXIS2_PLACEMENT_3D('',#6942,#6943,#6944);
#6942 = CARTESIAN_POINT('',(97.5,154.,-38.1));
#6943 = DIRECTION('',(0.,0.,-1.));
#6944 = DIRECTION('',(-2.2E-16,-1.,-0.));
#6945 = ORIENTED_EDGE('',*,*,#6931,.F.);
#6946 = CYLINDRICAL_SURFACE('',#6947,1.7272);
#6947 = AXIS2_PLACEMENT_3D('',#6948,#6949,#6950);
#6948 = CARTESIAN_POINT('',(97.5,154.,0.));
#6949 = DIRECTION('',(0.,0.,-1.));
#6950 = DIRECTION('',(-0.,-1.,0.));
#6951 = ADVANCED_FACE('',(#6952),#6971,.F.);
#6952 = FACE_BOUND('',#6953,.F.);
#6953 = EDGE_LOOP('',(#6954,#6955,#6963,#6970));
#6954 = ORIENTED_EDGE('',*,*,#6877,.T.);
#6955 = ORIENTED_EDGE('',*,*,#6956,.T.);
#6956 = EDGE_CURVE('',#6878,#6957,#6959,.T.);
#6957 = VERTEX_POINT('',#6958);
#6958 = CARTESIAN_POINT('',(22.5,77.2728,-38.1));
#6959 = LINE('',#6960,#6961);
#6960 = CARTESIAN_POINT('',(22.5,77.2728,0.));
#6961 = VECTOR('',#6962,1.);
#6962 = DIRECTION('',(0.,0.,-1.));
#6963 = ORIENTED_EDGE('',*,*,#6964,.F.);
#6964 = EDGE_CURVE('',#6957,#6957,#6965,.T.);
#6965 = CIRCLE('',#6966,1.7272);
#6966 = AXIS2_PLACEMENT_3D('',#6967,#6968,#6969);
#6967 = CARTESIAN_POINT('',(22.5,79.,-38.1));
#6968 = DIRECTION('',(0.,0.,-1.));
#6969 = DIRECTION('',(-2.2E-16,-1.,-0.));
#6970 = ORIENTED_EDGE('',*,*,#6956,.F.);
#6971 = CYLINDRICAL_SURFACE('',#6972,1.7272);
#6972 = AXIS2_PLACEMENT_3D('',#6973,#6974,#6975);
#6973 = CARTESIAN_POINT('',(22.5,79.,0.));
#6974 = DIRECTION('',(0.,0.,-1.));
#6975 = DIRECTION('',(-0.,-1.,0.));
#6976 = ADVANCED_FACE('',(#6977),#6996,.F.);
#6977 = FACE_BOUND('',#6978,.F.);
#6978 = EDGE_LOOP('',(#6979,#6980,#6988,#6995));
#6979 = ORIENTED_EDGE('',*,*,#6888,.T.);
#6980 = ORIENTED_EDGE('',*,*,#6981,.T.);
#6981 = EDGE_CURVE('',#6889,#6982,#6984,.T.);
#6982 = VERTEX_POINT('',#6983);
#6983 = CARTESIAN_POINT('',(22.5,152.2728,-38.1));
#6984 = LINE('',#6985,#6986);
#6985 = CARTESIAN_POINT('',(22.5,152.2728,0.));
#6986 = VECTOR('',#6987,1.);
#6987 = DIRECTION('',(0.,0.,-1.));
#6988 = ORIENTED_EDGE('',*,*,#6989,.F.);
#6989 = EDGE_CURVE('',#6982,#6982,#6990,.T.);
#6990 = CIRCLE('',#6991,1.7272);
#6991 = AXIS2_PLACEMENT_3D('',#6992,#6993,#6994);
#6992 = CARTESIAN_POINT('',(22.5,154.,-38.1));
#6993 = DIRECTION('',(0.,0.,-1.));
#6994 = DIRECTION('',(-2.2E-16,-1.,-0.));
#6995 = ORIENTED_EDGE('',*,*,#6981,.F.);
#6996 = CYLINDRICAL_SURFACE('',#6997,1.7272);
#6997 = AXIS2_PLACEMENT_3D('',#6998,#6999,#7000);
#6998 = CARTESIAN_POINT('',(22.5,154.,0.));
#6999 = DIRECTION('',(0.,0.,-1.));
#7000 = DIRECTION('',(-0.,-1.,0.));
#7001 = ADVANCED_FACE('',(#7002),#7028,.F.);
#7002 = FACE_BOUND('',#7003,.F.);
#7003 = EDGE_LOOP('',(#7004,#7012,#7021,#7027));
#7004 = ORIENTED_EDGE('',*,*,#7005,.F.);
#7005 = EDGE_CURVE('',#7006,#1739,#7008,.T.);
#7006 = VERTEX_POINT('',#7007);
#7007 = CARTESIAN_POINT('',(219.326,112.,-23.));
#7008 = LINE('',#7009,#7010);
#7009 = CARTESIAN_POINT('',(219.326,112.,-23.));
#7010 = VECTOR('',#7011,1.);
#7011 = DIRECTION('',(0.,0.,1.));
#7012 = ORIENTED_EDGE('',*,*,#7013,.T.);
#7013 = EDGE_CURVE('',#7006,#7014,#7016,.T.);
#7014 = VERTEX_POINT('',#7015);
#7015 = CARTESIAN_POINT('',(222.5,115.174,-23.));
#7016 = CIRCLE('',#7017,3.174);
#7017 = AXIS2_PLACEMENT_3D('',#7018,#7019,#7020);
#7018 = CARTESIAN_POINT('',(219.326,115.174,-23.));
#7019 = DIRECTION('',(0.,0.,1.));
#7020 = DIRECTION('',(1.,0.,0.));
#7021 = ORIENTED_EDGE('',*,*,#7022,.T.);
#7022 = EDGE_CURVE('',#7014,#1741,#7023,.T.);
#7023 = LINE('',#7024,#7025);
#7024 = CARTESIAN_POINT('',(222.5,115.174,-23.));
#7025 = VECTOR('',#7026,1.);
#7026 = DIRECTION('',(0.,0.,1.));
#7027 = ORIENTED_EDGE('',*,*,#1738,.F.);
#7028 = CYLINDRICAL_SURFACE('',#7029,3.174);
#7029 = AXIS2_PLACEMENT_3D('',#7030,#7031,#7032);
#7030 = CARTESIAN_POINT('',(219.326,115.174,-23.));
#7031 = DIRECTION('',(0.,0.,1.));
#7032 = DIRECTION('',(0.,-1.,0.));
#7033 = ADVANCED_FACE('',(#7034),#7052,.T.);
#7034 = FACE_BOUND('',#7035,.T.);
#7035 = EDGE_LOOP('',(#7036,#7037,#7038,#7046));
#7036 = ORIENTED_EDGE('',*,*,#1749,.F.);
#7037 = ORIENTED_EDGE('',*,*,#7005,.F.);
#7038 = ORIENTED_EDGE('',*,*,#7039,.T.);
#7039 = EDGE_CURVE('',#7006,#7040,#7042,.T.);
#7040 = VERTEX_POINT('',#7041);
#7041 = CARTESIAN_POINT('',(164.274,112.,-23.));
#7042 = LINE('',#7043,#7044);
#7043 = CARTESIAN_POINT('',(222.5,112.,-23.));
#7044 = VECTOR('',#7045,1.);
#7045 = DIRECTION('',(-1.,0.,0.));
#7046 = ORIENTED_EDGE('',*,*,#7047,.T.);
#7047 = EDGE_CURVE('',#7040,#1750,#7048,.T.);
#7048 = LINE('',#7049,#7050);
#7049 = CARTESIAN_POINT('',(164.274,112.,-23.));
#7050 = VECTOR('',#7051,1.);
#7051 = DIRECTION('',(0.,0.,1.));
#7052 = PLANE('',#7053);
#7053 = AXIS2_PLACEMENT_3D('',#7054,#7055,#7056);
#7054 = CARTESIAN_POINT('',(222.5,112.,-23.));
#7055 = DIRECTION('',(0.,1.,0.));
#7056 = DIRECTION('',(0.,0.,1.));
#7057 = ADVANCED_FACE('',(#7058),#7076,.T.);
#7058 = FACE_BOUND('',#7059,.T.);
#7059 = EDGE_LOOP('',(#7060,#7068,#7069,#7070));
#7060 = ORIENTED_EDGE('',*,*,#7061,.F.);
#7061 = EDGE_CURVE('',#7014,#7062,#7064,.T.);
#7062 = VERTEX_POINT('',#7063);
#7063 = CARTESIAN_POINT('',(222.5,122.,-23.));
#7064 = LINE('',#7065,#7066);
#7065 = CARTESIAN_POINT('',(222.5,112.,-23.));
#7066 = VECTOR('',#7067,1.);
#7067 = DIRECTION('',(0.,1.,0.));
#7068 = ORIENTED_EDGE('',*,*,#7022,.T.);
#7069 = ORIENTED_EDGE('',*,*,#1935,.F.);
#7070 = ORIENTED_EDGE('',*,*,#7071,.T.);
#7071 = EDGE_CURVE('',#1928,#7062,#7072,.T.);
#7072 = LINE('',#7073,#7074);
#7073 = CARTESIAN_POINT('',(222.5,122.,-23.));
#7074 = VECTOR('',#7075,1.);
#7075 = DIRECTION('',(-0.,0.,-1.));
#7076 = PLANE('',#7077);
#7077 = AXIS2_PLACEMENT_3D('',#7078,#7079,#7080);
#7078 = CARTESIAN_POINT('',(222.5,112.,-23.));
#7079 = DIRECTION('',(-1.,0.,0.));
#7080 = DIRECTION('',(0.,0.,1.));
#7081 = ADVANCED_FACE('',(#7082),#7101,.F.);
#7082 = FACE_BOUND('',#7083,.T.);
#7083 = EDGE_LOOP('',(#7084,#7085,#7094,#7100));
#7084 = ORIENTED_EDGE('',*,*,#7047,.F.);
#7085 = ORIENTED_EDGE('',*,*,#7086,.T.);
#7086 = EDGE_CURVE('',#7040,#7087,#7089,.T.);
#7087 = VERTEX_POINT('',#7088);
#7088 = CARTESIAN_POINT('',(161.1,115.174,-23.));
#7089 = CIRCLE('',#7090,3.174);
#7090 = AXIS2_PLACEMENT_3D('',#7091,#7092,#7093);
#7091 = CARTESIAN_POINT('',(164.274,115.174,-23.));
#7092 = DIRECTION('',(0.,0.,-1.));
#7093 = DIRECTION('',(1.,0.,0.));
#7094 = ORIENTED_EDGE('',*,*,#7095,.T.);
#7095 = EDGE_CURVE('',#7087,#1758,#7096,.T.);
#7096 = LINE('',#7097,#7098);
#7097 = CARTESIAN_POINT('',(161.1,115.174,-23.));
#7098 = VECTOR('',#7099,1.);
#7099 = DIRECTION('',(0.,0.,1.));
#7100 = ORIENTED_EDGE('',*,*,#1757,.T.);
#7101 = CYLINDRICAL_SURFACE('',#7102,3.174);
#7102 = AXIS2_PLACEMENT_3D('',#7103,#7104,#7105);
#7103 = CARTESIAN_POINT('',(164.274,115.174,-23.));
#7104 = DIRECTION('',(0.,0.,1.));
#7105 = DIRECTION('',(0.,-1.,0.));
#7106 = ADVANCED_FACE('',(#7107),#7125,.T.);
#7107 = FACE_BOUND('',#7108,.T.);
#7108 = EDGE_LOOP('',(#7109,#7110,#7118,#7124));
#7109 = ORIENTED_EDGE('',*,*,#1927,.F.);
#7110 = ORIENTED_EDGE('',*,*,#7111,.F.);
#7111 = EDGE_CURVE('',#7112,#1919,#7114,.T.);
#7112 = VERTEX_POINT('',#7113);
#7113 = CARTESIAN_POINT('',(240.026,122.,-23.));
#7114 = LINE('',#7115,#7116);
#7115 = CARTESIAN_POINT('',(240.026,122.,-23.));
#7116 = VECTOR('',#7117,1.);
#7117 = DIRECTION('',(0.,0.,1.));
#7118 = ORIENTED_EDGE('',*,*,#7119,.T.);
#7119 = EDGE_CURVE('',#7112,#7062,#7120,.T.);
#7120 = LINE('',#7121,#7122);
#7121 = CARTESIAN_POINT('',(243.2,122.,-23.));
#7122 = VECTOR('',#7123,1.);
#7123 = DIRECTION('',(-1.,0.,0.));
#7124 = ORIENTED_EDGE('',*,*,#7071,.F.);
#7125 = PLANE('',#7126);
#7126 = AXIS2_PLACEMENT_3D('',#7127,#7128,#7129);
#7127 = CARTESIAN_POINT('',(243.2,122.,-23.));
#7128 = DIRECTION('',(0.,1.,0.));
#7129 = DIRECTION('',(0.,0.,1.));
#7130 = ADVANCED_FACE('',(#7131),#7149,.F.);
#7131 = FACE_BOUND('',#7132,.F.);
#7132 = EDGE_LOOP('',(#7133,#7141,#7142,#7143));
#7133 = ORIENTED_EDGE('',*,*,#7134,.F.);
#7134 = EDGE_CURVE('',#7087,#7135,#7137,.T.);
#7135 = VERTEX_POINT('',#7136);
#7136 = CARTESIAN_POINT('',(161.1,208.826,-23.));
#7137 = LINE('',#7138,#7139);
#7138 = CARTESIAN_POINT('',(161.1,112.,-23.));
#7139 = VECTOR('',#7140,1.);
#7140 = DIRECTION('',(0.,1.,0.));
#7141 = ORIENTED_EDGE('',*,*,#7095,.T.);
#7142 = ORIENTED_EDGE('',*,*,#1766,.F.);
#7143 = ORIENTED_EDGE('',*,*,#7144,.F.);
#7144 = EDGE_CURVE('',#7135,#1767,#7145,.T.);
#7145 = LINE('',#7146,#7147);
#7146 = CARTESIAN_POINT('',(161.1,208.826,-23.));
#7147 = VECTOR('',#7148,1.);
#7148 = DIRECTION('',(0.,0.,1.));
#7149 = PLANE('',#7150);
#7150 = AXIS2_PLACEMENT_3D('',#7151,#7152,#7153);
#7151 = CARTESIAN_POINT('',(161.1,112.,-23.));
#7152 = DIRECTION('',(-1.,0.,0.));
#7153 = DIRECTION('',(0.,0.,1.));
#7154 = ADVANCED_FACE('',(#7155),#7174,.F.);
#7155 = FACE_BOUND('',#7156,.F.);
#7156 = EDGE_LOOP('',(#7157,#7158,#7167,#7173));
#7157 = ORIENTED_EDGE('',*,*,#7111,.F.);
#7158 = ORIENTED_EDGE('',*,*,#7159,.T.);
#7159 = EDGE_CURVE('',#7112,#7160,#7162,.T.);
#7160 = VERTEX_POINT('',#7161);
#7161 = CARTESIAN_POINT('',(243.2,125.174,-23.));
#7162 = CIRCLE('',#7163,3.174);
#7163 = AXIS2_PLACEMENT_3D('',#7164,#7165,#7166);
#7164 = CARTESIAN_POINT('',(240.026,125.174,-23.));
#7165 = DIRECTION('',(0.,0.,1.));
#7166 = DIRECTION('',(1.,0.,0.));
#7167 = ORIENTED_EDGE('',*,*,#7168,.T.);
#7168 = EDGE_CURVE('',#7160,#1911,#7169,.T.);
#7169 = LINE('',#7170,#7171);
#7170 = CARTESIAN_POINT('',(243.2,125.174,-23.));
#7171 = VECTOR('',#7172,1.);
#7172 = DIRECTION('',(0.,0.,1.));
#7173 = ORIENTED_EDGE('',*,*,#1918,.F.);
#7174 = CYLINDRICAL_SURFACE('',#7175,3.174);
#7175 = AXIS2_PLACEMENT_3D('',#7176,#7177,#7178);
#7176 = CARTESIAN_POINT('',(240.026,125.174,-23.));
#7177 = DIRECTION('',(0.,0.,1.));
#7178 = DIRECTION('',(0.,-1.,0.));
#7179 = ADVANCED_FACE('',(#7180),#7199,.F.);
#7180 = FACE_BOUND('',#7181,.T.);
#7181 = EDGE_LOOP('',(#7182,#7183,#7192,#7198));
#7182 = ORIENTED_EDGE('',*,*,#7144,.F.);
#7183 = ORIENTED_EDGE('',*,*,#7184,.T.);
#7184 = EDGE_CURVE('',#7135,#7185,#7187,.T.);
#7185 = VERTEX_POINT('',#7186);
#7186 = CARTESIAN_POINT('',(164.274,212.,-23.));
#7187 = CIRCLE('',#7188,3.174);
#7188 = AXIS2_PLACEMENT_3D('',#7189,#7190,#7191);
#7189 = CARTESIAN_POINT('',(164.274,208.826,-23.));
#7190 = DIRECTION('',(0.,0.,-1.));
#7191 = DIRECTION('',(1.,0.,0.));
#7192 = ORIENTED_EDGE('',*,*,#7193,.T.);
#7193 = EDGE_CURVE('',#7185,#1775,#7194,.T.);
#7194 = LINE('',#7195,#7196);
#7195 = CARTESIAN_POINT('',(164.274,212.,-23.));
#7196 = VECTOR('',#7197,1.);
#7197 = DIRECTION('',(0.,0.,1.));
#7198 = ORIENTED_EDGE('',*,*,#1774,.T.);
#7199 = CYLINDRICAL_SURFACE('',#7200,3.174);
#7200 = AXIS2_PLACEMENT_3D('',#7201,#7202,#7203);
#7201 = CARTESIAN_POINT('',(164.274,208.826,-23.));
#7202 = DIRECTION('',(0.,0.,1.));
#7203 = DIRECTION('',(-1.,0.,0.));
#7204 = ADVANCED_FACE('',(#7205),#7223,.T.);
#7205 = FACE_BOUND('',#7206,.T.);
#7206 = EDGE_LOOP('',(#7207,#7215,#7216,#7217));
#7207 = ORIENTED_EDGE('',*,*,#7208,.F.);
#7208 = EDGE_CURVE('',#7160,#7209,#7211,.T.);
#7209 = VERTEX_POINT('',#7210);
#7210 = CARTESIAN_POINT('',(243.2,166.826,-23.));
#7211 = LINE('',#7212,#7213);
#7212 = CARTESIAN_POINT('',(243.2,122.,-23.));
#7213 = VECTOR('',#7214,1.);
#7214 = DIRECTION('',(0.,1.,0.));
#7215 = ORIENTED_EDGE('',*,*,#7168,.T.);
#7216 = ORIENTED_EDGE('',*,*,#1910,.F.);
#7217 = ORIENTED_EDGE('',*,*,#7218,.F.);
#7218 = EDGE_CURVE('',#7209,#1902,#7219,.T.);
#7219 = LINE('',#7220,#7221);
#7220 = CARTESIAN_POINT('',(243.2,166.826,-23.));
#7221 = VECTOR('',#7222,1.);
#7222 = DIRECTION('',(0.,0.,1.));
#7223 = PLANE('',#7224);
#7224 = AXIS2_PLACEMENT_3D('',#7225,#7226,#7227);
#7225 = CARTESIAN_POINT('',(243.2,122.,-23.));
#7226 = DIRECTION('',(-1.,0.,0.));
#7227 = DIRECTION('',(0.,0.,1.));
#7228 = ADVANCED_FACE('',(#7229),#7247,.F.);
#7229 = FACE_BOUND('',#7230,.F.);
#7230 = EDGE_LOOP('',(#7231,#7232,#7240,#7246));
#7231 = ORIENTED_EDGE('',*,*,#1783,.F.);
#7232 = ORIENTED_EDGE('',*,*,#7233,.F.);
#7233 = EDGE_CURVE('',#7234,#1784,#7236,.T.);
#7234 = VERTEX_POINT('',#7235);
#7235 = CARTESIAN_POINT('',(219.326,212.,-23.));
#7236 = LINE('',#7237,#7238);
#7237 = CARTESIAN_POINT('',(219.326,212.,-23.));
#7238 = VECTOR('',#7239,1.);
#7239 = DIRECTION('',(0.,0.,1.));
#7240 = ORIENTED_EDGE('',*,*,#7241,.T.);
#7241 = EDGE_CURVE('',#7234,#7185,#7242,.T.);
#7242 = LINE('',#7243,#7244);
#7243 = CARTESIAN_POINT('',(222.5,212.,-23.));
#7244 = VECTOR('',#7245,1.);
#7245 = DIRECTION('',(-1.,0.,0.));
#7246 = ORIENTED_EDGE('',*,*,#7193,.T.);
#7247 = PLANE('',#7248);
#7248 = AXIS2_PLACEMENT_3D('',#7249,#7250,#7251);
#7249 = CARTESIAN_POINT('',(222.5,212.,-23.));
#7250 = DIRECTION('',(0.,1.,0.));
#7251 = DIRECTION('',(0.,0.,1.));
#7252 = ADVANCED_FACE('',(#7253),#7272,.F.);
#7253 = FACE_BOUND('',#7254,.F.);
#7254 = EDGE_LOOP('',(#7255,#7256,#7265,#7271));
#7255 = ORIENTED_EDGE('',*,*,#7218,.F.);
#7256 = ORIENTED_EDGE('',*,*,#7257,.T.);
#7257 = EDGE_CURVE('',#7209,#7258,#7260,.T.);
#7258 = VERTEX_POINT('',#7259);
#7259 = CARTESIAN_POINT('',(240.026,170.,-23.));
#7260 = CIRCLE('',#7261,3.174);
#7261 = AXIS2_PLACEMENT_3D('',#7262,#7263,#7264);
#7262 = CARTESIAN_POINT('',(240.026,166.826,-23.));
#7263 = DIRECTION('',(0.,0.,1.));
#7264 = DIRECTION('',(1.,0.,0.));
#7265 = ORIENTED_EDGE('',*,*,#7266,.T.);
#7266 = EDGE_CURVE('',#7258,#1894,#7267,.T.);
#7267 = LINE('',#7268,#7269);
#7268 = CARTESIAN_POINT('',(240.026,170.,-23.));
#7269 = VECTOR('',#7270,1.);
#7270 = DIRECTION('',(0.,0.,1.));
#7271 = ORIENTED_EDGE('',*,*,#1901,.F.);
#7272 = CYLINDRICAL_SURFACE('',#7273,3.174);
#7273 = AXIS2_PLACEMENT_3D('',#7274,#7275,#7276);
#7274 = CARTESIAN_POINT('',(240.026,166.826,-23.));
#7275 = DIRECTION('',(0.,0.,1.));
#7276 = DIRECTION('',(1.,0.,0.));
#7277 = ADVANCED_FACE('',(#7278),#7297,.F.);
#7278 = FACE_BOUND('',#7279,.T.);
#7279 = EDGE_LOOP('',(#7280,#7281,#7290,#7296));
#7280 = ORIENTED_EDGE('',*,*,#7233,.F.);
#7281 = ORIENTED_EDGE('',*,*,#7282,.T.);
#7282 = EDGE_CURVE('',#7234,#7283,#7285,.T.);
#7283 = VERTEX_POINT('',#7284);
#7284 = CARTESIAN_POINT('',(222.5,208.826,-23.));
#7285 = CIRCLE('',#7286,3.174);
#7286 = AXIS2_PLACEMENT_3D('',#7287,#7288,#7289);
#7287 = CARTESIAN_POINT('',(219.326,208.826,-23.));
#7288 = DIRECTION('',(0.,0.,-1.));
#7289 = DIRECTION('',(1.,0.,0.));
#7290 = ORIENTED_EDGE('',*,*,#7291,.T.);
#7291 = EDGE_CURVE('',#7283,#1792,#7292,.T.);
#7292 = LINE('',#7293,#7294);
#7293 = CARTESIAN_POINT('',(222.5,208.826,-23.));
#7294 = VECTOR('',#7295,1.);
#7295 = DIRECTION('',(0.,0.,1.));
#7296 = ORIENTED_EDGE('',*,*,#1791,.T.);
#7297 = CYLINDRICAL_SURFACE('',#7298,3.174);
#7298 = AXIS2_PLACEMENT_3D('',#7299,#7300,#7301);
#7299 = CARTESIAN_POINT('',(219.326,208.826,-23.));
#7300 = DIRECTION('',(0.,0.,1.));
#7301 = DIRECTION('',(0.,1.,0.));
#7302 = ADVANCED_FACE('',(#7303),#7321,.F.);
#7303 = FACE_BOUND('',#7304,.F.);
#7304 = EDGE_LOOP('',(#7305,#7306,#7307,#7315));
#7305 = ORIENTED_EDGE('',*,*,#1893,.F.);
#7306 = ORIENTED_EDGE('',*,*,#7266,.F.);
#7307 = ORIENTED_EDGE('',*,*,#7308,.T.);
#7308 = EDGE_CURVE('',#7258,#7309,#7311,.T.);
#7309 = VERTEX_POINT('',#7310);
#7310 = CARTESIAN_POINT('',(222.5,170.,-23.));
#7311 = LINE('',#7312,#7313);
#7312 = CARTESIAN_POINT('',(243.2,170.,-23.));
#7313 = VECTOR('',#7314,1.);
#7314 = DIRECTION('',(-1.,0.,0.));
#7315 = ORIENTED_EDGE('',*,*,#7316,.F.);
#7316 = EDGE_CURVE('',#1886,#7309,#7317,.T.);
#7317 = LINE('',#7318,#7319);
#7318 = CARTESIAN_POINT('',(222.5,170.,-23.));
#7319 = VECTOR('',#7320,1.);
#7320 = DIRECTION('',(-0.,0.,-1.));
#7321 = PLANE('',#7322);
#7322 = AXIS2_PLACEMENT_3D('',#7323,#7324,#7325);
#7323 = CARTESIAN_POINT('',(243.2,170.,-23.));
#7324 = DIRECTION('',(0.,1.,0.));
#7325 = DIRECTION('',(0.,0.,1.));
#7326 = ADVANCED_FACE('',(#7327),#7361,.T.);
#7327 = FACE_BOUND('',#7328,.T.);
#7328 = EDGE_LOOP('',(#7329,#7330,#7336,#7337,#7338,#7346,#7354,#7360));
#7329 = ORIENTED_EDGE('',*,*,#7291,.F.);
#7330 = ORIENTED_EDGE('',*,*,#7331,.F.);
#7331 = EDGE_CURVE('',#7309,#7283,#7332,.T.);
#7332 = LINE('',#7333,#7334);
#7333 = CARTESIAN_POINT('',(222.5,112.,-23.));
#7334 = VECTOR('',#7335,1.);
#7335 = DIRECTION('',(0.,1.,0.));
#7336 = ORIENTED_EDGE('',*,*,#7316,.F.);
#7337 = ORIENTED_EDGE('',*,*,#1885,.F.);
#7338 = ORIENTED_EDGE('',*,*,#7339,.T.);
#7339 = EDGE_CURVE('',#1878,#7340,#7342,.T.);
#7340 = VERTEX_POINT('',#7341);
#7341 = CARTESIAN_POINT('',(222.5,186.94197688697,-19.09033817672));
#7342 = LINE('',#7343,#7344);
#7343 = CARTESIAN_POINT('',(222.5,186.94197688697,-21.04516908836));
#7344 = VECTOR('',#7345,1.);
#7345 = DIRECTION('',(0.,0.,-1.));
#7346 = ORIENTED_EDGE('',*,*,#7347,.T.);
#7347 = EDGE_CURVE('',#7340,#7348,#7350,.T.);
#7348 = VERTEX_POINT('',#7349);
#7349 = CARTESIAN_POINT('',(222.5,195.88841429136,-19.09033817672));
#7350 = LINE('',#7351,#7352);
#7351 = CARTESIAN_POINT('',(222.5,151.70759779458,-19.09033817672));
#7352 = VECTOR('',#7353,1.);
#7353 = DIRECTION('',(2.2E-16,1.,0.));
#7354 = ORIENTED_EDGE('',*,*,#7355,.T.);
#7355 = EDGE_CURVE('',#7348,#1801,#7356,.T.);
#7356 = LINE('',#7357,#7358);
#7357 = CARTESIAN_POINT('',(222.5,195.88841429136,-21.04516908836));
#7358 = VECTOR('',#7359,1.);
#7359 = DIRECTION('',(0.,0.,1.));
#7360 = ORIENTED_EDGE('',*,*,#1800,.F.);
#7361 = PLANE('',#7362);
#7362 = AXIS2_PLACEMENT_3D('',#7363,#7364,#7365);
#7363 = CARTESIAN_POINT('',(222.5,112.,-23.));
#7364 = DIRECTION('',(-1.,0.,0.));
#7365 = DIRECTION('',(0.,0.,1.));
#7366 = ADVANCED_FACE('',(#7367),#7385,.T.);
#7367 = FACE_BOUND('',#7368,.T.);
#7368 = EDGE_LOOP('',(#7369,#7377,#7378,#7379));
#7369 = ORIENTED_EDGE('',*,*,#7370,.T.);
#7370 = EDGE_CURVE('',#7371,#1809,#7373,.T.);
#7371 = VERTEX_POINT('',#7372);
#7372 = CARTESIAN_POINT('',(229.90900376485,203.29741805621,
    -19.09033817672));
#7373 = LINE('',#7374,#7375);
#7374 = CARTESIAN_POINT('',(229.90900376485,203.29741805621,
    -19.09033817672));
#7375 = VECTOR('',#7376,1.);
#7376 = DIRECTION('',(0.,0.,1.));
#7377 = ORIENTED_EDGE('',*,*,#1808,.F.);
#7378 = ORIENTED_EDGE('',*,*,#7355,.F.);
#7379 = ORIENTED_EDGE('',*,*,#7380,.T.);
#7380 = EDGE_CURVE('',#7348,#7371,#7381,.T.);
#7381 = LINE('',#7382,#7383);
#7382 = CARTESIAN_POINT('',(218.0267812978,191.41519558916,
    -19.09033817672));
#7383 = VECTOR('',#7384,1.);
#7384 = DIRECTION('',(0.707106781187,0.707106781187,0.));
#7385 = PLANE('',#7386);
#7386 = AXIS2_PLACEMENT_3D('',#7387,#7388,#7389);
#7387 = CARTESIAN_POINT('',(218.0267812978,191.41519558916,
    -19.09033817672));
#7388 = DIRECTION('',(0.707106781187,-0.707106781187,0.));
#7389 = DIRECTION('',(0.,0.,1.));
#7390 = ADVANCED_FACE('',(#7391),#7409,.T.);
#7391 = FACE_BOUND('',#7392,.T.);
#7392 = EDGE_LOOP('',(#7393,#7401,#7402,#7403));
#7393 = ORIENTED_EDGE('',*,*,#7394,.F.);
#7394 = EDGE_CURVE('',#7340,#7395,#7397,.T.);
#7395 = VERTEX_POINT('',#7396);
#7396 = CARTESIAN_POINT('',(231.34584479008,178.09613209689,
    -19.09033817672));
#7397 = LINE('',#7398,#7399);
#7398 = CARTESIAN_POINT('',(218.0267812978,191.41519558916,
    -19.09033817672));
#7399 = VECTOR('',#7400,1.);
#7400 = DIRECTION('',(0.707106781187,-0.707106781187,0.));
#7401 = ORIENTED_EDGE('',*,*,#7339,.F.);
#7402 = ORIENTED_EDGE('',*,*,#1877,.F.);
#7403 = ORIENTED_EDGE('',*,*,#7404,.F.);
#7404 = EDGE_CURVE('',#7395,#1869,#7405,.T.);
#7405 = LINE('',#7406,#7407);
#7406 = CARTESIAN_POINT('',(231.34584479008,178.09613209689,
    -19.09033817672));
#7407 = VECTOR('',#7408,1.);
#7408 = DIRECTION('',(0.,0.,1.));
#7409 = PLANE('',#7410);
#7410 = AXIS2_PLACEMENT_3D('',#7411,#7412,#7413);
#7411 = CARTESIAN_POINT('',(218.0267812978,191.41519558916,
    -19.09033817672));
#7412 = DIRECTION('',(0.707106781187,0.707106781187,0.));
#7413 = DIRECTION('',(0.,0.,1.));
#7414 = ADVANCED_FACE('',(#7415),#7435,.F.);
#7415 = FACE_BOUND('',#7416,.T.);
#7416 = EDGE_LOOP('',(#7417,#7418,#7427,#7433,#7434));
#7417 = ORIENTED_EDGE('',*,*,#7370,.F.);
#7418 = ORIENTED_EDGE('',*,*,#7419,.T.);
#7419 = EDGE_CURVE('',#7371,#7420,#7422,.T.);
#7420 = VERTEX_POINT('',#7421);
#7421 = CARTESIAN_POINT('',(234.39771761182,203.29741805621,
    -19.09033817672));
#7422 = CIRCLE('',#7423,3.174);
#7423 = AXIS2_PLACEMENT_3D('',#7424,#7425,#7426);
#7424 = CARTESIAN_POINT('',(232.15336068833,201.05306113272,
    -19.09033817672));
#7425 = DIRECTION('',(-0.,0.,-1.));
#7426 = DIRECTION('',(-0.707106781187,-0.707106781187,0.));
#7427 = ORIENTED_EDGE('',*,*,#7428,.T.);
#7428 = EDGE_CURVE('',#7420,#1826,#7429,.T.);
#7429 = LINE('',#7430,#7431);
#7430 = CARTESIAN_POINT('',(234.39771761182,203.29741805621,
    -19.09033817672));
#7431 = VECTOR('',#7432,1.);
#7432 = DIRECTION('',(0.,0.,1.));
#7433 = ORIENTED_EDGE('',*,*,#1825,.T.);
#7434 = ORIENTED_EDGE('',*,*,#1816,.T.);
#7435 = CYLINDRICAL_SURFACE('',#7436,3.174);
#7436 = AXIS2_PLACEMENT_3D('',#7437,#7438,#7439);
#7437 = CARTESIAN_POINT('',(232.15336068833,201.05306113272,
    -19.09033817672));
#7438 = DIRECTION('',(0.,0.,1.));
#7439 = DIRECTION('',(-0.707106781187,0.707106781187,0.));
#7440 = ADVANCED_FACE('',(#7441),#7460,.F.);
#7441 = FACE_BOUND('',#7442,.F.);
#7442 = EDGE_LOOP('',(#7443,#7444,#7453,#7459));
#7443 = ORIENTED_EDGE('',*,*,#7404,.F.);
#7444 = ORIENTED_EDGE('',*,*,#7445,.T.);
#7445 = EDGE_CURVE('',#7395,#7446,#7448,.T.);
#7446 = VERTEX_POINT('',#7447);
#7447 = CARTESIAN_POINT('',(235.83455863705,178.09613209689,
    -19.09033817672));
#7448 = CIRCLE('',#7449,3.174);
#7449 = AXIS2_PLACEMENT_3D('',#7450,#7451,#7452);
#7450 = CARTESIAN_POINT('',(233.59020171356,180.34048902038,
    -19.09033817672));
#7451 = DIRECTION('',(0.,0.,1.));
#7452 = DIRECTION('',(-0.707106781187,-0.707106781187,0.));
#7453 = ORIENTED_EDGE('',*,*,#7454,.T.);
#7454 = EDGE_CURVE('',#7446,#1861,#7455,.T.);
#7455 = LINE('',#7456,#7457);
#7456 = CARTESIAN_POINT('',(235.83455863705,178.09613209689,
    -19.09033817672));
#7457 = VECTOR('',#7458,1.);
#7458 = DIRECTION('',(0.,0.,1.));
#7459 = ORIENTED_EDGE('',*,*,#1868,.F.);
#7460 = CYLINDRICAL_SURFACE('',#7461,3.174);
#7461 = AXIS2_PLACEMENT_3D('',#7462,#7463,#7464);
#7462 = CARTESIAN_POINT('',(233.59020171356,180.34048902038,
    -19.09033817672));
#7463 = DIRECTION('',(0.,0.,1.));
#7464 = DIRECTION('',(-0.707106781187,-0.707106781187,0.));
#7465 = ADVANCED_FACE('',(#7466),#7484,.F.);
#7466 = FACE_BOUND('',#7467,.F.);
#7467 = EDGE_LOOP('',(#7468,#7476,#7477,#7478));
#7468 = ORIENTED_EDGE('',*,*,#7469,.T.);
#7469 = EDGE_CURVE('',#7470,#1852,#7472,.T.);
#7470 = VERTEX_POINT('',#7471);
#7471 = CARTESIAN_POINT('',(245.47242418061,187.73399764045,
    -19.09033817672));
#7472 = LINE('',#7473,#7474);
#7473 = CARTESIAN_POINT('',(245.47242418061,187.73399764045,
    -19.09033817672));
#7474 = VECTOR('',#7475,1.);
#7475 = DIRECTION('',(0.,0.,1.));
#7476 = ORIENTED_EDGE('',*,*,#1860,.F.);
#7477 = ORIENTED_EDGE('',*,*,#7454,.F.);
#7478 = ORIENTED_EDGE('',*,*,#7479,.T.);
#7479 = EDGE_CURVE('',#7446,#7470,#7480,.T.);
#7480 = LINE('',#7481,#7482);
#7481 = CARTESIAN_POINT('',(233.59020171356,175.8517751734,
    -19.09033817672));
#7482 = VECTOR('',#7483,1.);
#7483 = DIRECTION('',(0.707106781187,0.707106781187,0.));
#7484 = PLANE('',#7485);
#7485 = AXIS2_PLACEMENT_3D('',#7486,#7487,#7488);
#7486 = CARTESIAN_POINT('',(233.59020171356,175.8517751734,
    -19.09033817672));
#7487 = DIRECTION('',(0.707106781187,-0.707106781187,0.));
#7488 = DIRECTION('',(0.,0.,1.));
#7489 = ADVANCED_FACE('',(#7490),#7510,.F.);
#7490 = FACE_BOUND('',#7491,.F.);
#7491 = EDGE_LOOP('',(#7492,#7493,#7502,#7508,#7509));
#7492 = ORIENTED_EDGE('',*,*,#7469,.F.);
#7493 = ORIENTED_EDGE('',*,*,#7494,.T.);
#7494 = EDGE_CURVE('',#7470,#7495,#7497,.T.);
#7495 = VERTEX_POINT('',#7496);
#7496 = CARTESIAN_POINT('',(245.47242418061,192.22271148742,
    -19.09033817672));
#7497 = CIRCLE('',#7498,3.174);
#7498 = AXIS2_PLACEMENT_3D('',#7499,#7500,#7501);
#7499 = CARTESIAN_POINT('',(243.22806725712,189.97835456394,
    -19.09033817672));
#7500 = DIRECTION('',(0.,0.,1.));
#7501 = DIRECTION('',(-0.707106781187,-0.707106781187,0.));
#7502 = ORIENTED_EDGE('',*,*,#7503,.T.);
#7503 = EDGE_CURVE('',#7495,#1835,#7504,.T.);
#7504 = LINE('',#7505,#7506);
#7505 = CARTESIAN_POINT('',(245.47242418061,192.22271148742,
    -19.09033817672));
#7506 = VECTOR('',#7507,1.);
#7507 = DIRECTION('',(0.,0.,1.));
#7508 = ORIENTED_EDGE('',*,*,#1842,.F.);
#7509 = ORIENTED_EDGE('',*,*,#1851,.F.);
#7510 = CYLINDRICAL_SURFACE('',#7511,3.174);
#7511 = AXIS2_PLACEMENT_3D('',#7512,#7513,#7514);
#7512 = CARTESIAN_POINT('',(243.22806725712,189.97835456394,
    -19.09033817672));
#7513 = DIRECTION('',(0.,0.,1.));
#7514 = DIRECTION('',(0.707106781187,-0.707106781187,0.));
#7515 = ADVANCED_FACE('',(#7516,#7532,#7543),#7554,.F.);
#7516 = FACE_BOUND('',#7517,.F.);
#7517 = EDGE_LOOP('',(#7518,#7519,#7520,#7521,#7522,#7523,#7524,#7525,
    #7526,#7527,#7528,#7529,#7530,#7531));
#7518 = ORIENTED_EDGE('',*,*,#7134,.T.);
#7519 = ORIENTED_EDGE('',*,*,#7184,.T.);
#7520 = ORIENTED_EDGE('',*,*,#7241,.F.);
#7521 = ORIENTED_EDGE('',*,*,#7282,.T.);
#7522 = ORIENTED_EDGE('',*,*,#7331,.F.);
#7523 = ORIENTED_EDGE('',*,*,#7308,.F.);
#7524 = ORIENTED_EDGE('',*,*,#7257,.F.);
#7525 = ORIENTED_EDGE('',*,*,#7208,.F.);
#7526 = ORIENTED_EDGE('',*,*,#7159,.F.);
#7527 = ORIENTED_EDGE('',*,*,#7119,.T.);
#7528 = ORIENTED_EDGE('',*,*,#7061,.F.);
#7529 = ORIENTED_EDGE('',*,*,#7013,.F.);
#7530 = ORIENTED_EDGE('',*,*,#7039,.T.);
#7531 = ORIENTED_EDGE('',*,*,#7086,.T.);
#7532 = FACE_BOUND('',#7533,.F.);
#7533 = EDGE_LOOP('',(#7534));
#7534 = ORIENTED_EDGE('',*,*,#7535,.F.);
#7535 = EDGE_CURVE('',#7536,#7536,#7538,.T.);
#7536 = VERTEX_POINT('',#7537);
#7537 = CARTESIAN_POINT('',(223.35,160.2728,-23.));
#7538 = CIRCLE('',#7539,1.7272);
#7539 = AXIS2_PLACEMENT_3D('',#7540,#7541,#7542);
#7540 = CARTESIAN_POINT('',(223.35,162.,-23.));
#7541 = DIRECTION('',(-0.,0.,-1.));
#7542 = DIRECTION('',(-0.,-1.,0.));
#7543 = FACE_BOUND('',#7544,.F.);
#7544 = EDGE_LOOP('',(#7545));
#7545 = ORIENTED_EDGE('',*,*,#7546,.F.);
#7546 = EDGE_CURVE('',#7547,#7547,#7549,.T.);
#7547 = VERTEX_POINT('',#7548);
#7548 = CARTESIAN_POINT('',(223.35,130.2728,-23.));
#7549 = CIRCLE('',#7550,1.7272);
#7550 = AXIS2_PLACEMENT_3D('',#7551,#7552,#7553);
#7551 = CARTESIAN_POINT('',(223.35,132.,-23.));
#7552 = DIRECTION('',(-0.,0.,-1.));
#7553 = DIRECTION('',(-0.,-1.,0.));
#7554 = PLANE('',#7555);
#7555 = AXIS2_PLACEMENT_3D('',#7556,#7557,#7558);
#7556 = CARTESIAN_POINT('',(199.19448105436,160.18121911037,-23.));
#7557 = DIRECTION('',(0.,-0.,-1.));
#7558 = DIRECTION('',(0.,-1.,0.));
#7559 = ADVANCED_FACE('',(#7560),#7579,.F.);
#7560 = FACE_BOUND('',#7561,.F.);
#7561 = EDGE_LOOP('',(#7562,#7563,#7571,#7578));
#7562 = ORIENTED_EDGE('',*,*,#7535,.T.);
#7563 = ORIENTED_EDGE('',*,*,#7564,.T.);
#7564 = EDGE_CURVE('',#7536,#7565,#7567,.T.);
#7565 = VERTEX_POINT('',#7566);
#7566 = CARTESIAN_POINT('',(223.35,160.2728,-38.1));
#7567 = LINE('',#7568,#7569);
#7568 = CARTESIAN_POINT('',(223.35,160.2728,-11.7));
#7569 = VECTOR('',#7570,1.);
#7570 = DIRECTION('',(0.,0.,-1.));
#7571 = ORIENTED_EDGE('',*,*,#7572,.F.);
#7572 = EDGE_CURVE('',#7565,#7565,#7573,.T.);
#7573 = CIRCLE('',#7574,1.7272);
#7574 = AXIS2_PLACEMENT_3D('',#7575,#7576,#7577);
#7575 = CARTESIAN_POINT('',(223.35,162.,-38.1));
#7576 = DIRECTION('',(0.,0.,-1.));
#7577 = DIRECTION('',(-2.2E-16,-1.,-0.));
#7578 = ORIENTED_EDGE('',*,*,#7564,.F.);
#7579 = CYLINDRICAL_SURFACE('',#7580,1.7272);
#7580 = AXIS2_PLACEMENT_3D('',#7581,#7582,#7583);
#7581 = CARTESIAN_POINT('',(223.35,162.,-11.7));
#7582 = DIRECTION('',(0.,0.,-1.));
#7583 = DIRECTION('',(-0.,-1.,0.));
#7584 = ADVANCED_FACE('',(#7585),#7604,.F.);
#7585 = FACE_BOUND('',#7586,.F.);
#7586 = EDGE_LOOP('',(#7587,#7588,#7596,#7603));
#7587 = ORIENTED_EDGE('',*,*,#7546,.T.);
#7588 = ORIENTED_EDGE('',*,*,#7589,.T.);
#7589 = EDGE_CURVE('',#7547,#7590,#7592,.T.);
#7590 = VERTEX_POINT('',#7591);
#7591 = CARTESIAN_POINT('',(223.35,130.2728,-38.1));
#7592 = LINE('',#7593,#7594);
#7593 = CARTESIAN_POINT('',(223.35,130.2728,-11.7));
#7594 = VECTOR('',#7595,1.);
#7595 = DIRECTION('',(0.,0.,-1.));
#7596 = ORIENTED_EDGE('',*,*,#7597,.F.);
#7597 = EDGE_CURVE('',#7590,#7590,#7598,.T.);
#7598 = CIRCLE('',#7599,1.7272);
#7599 = AXIS2_PLACEMENT_3D('',#7600,#7601,#7602);
#7600 = CARTESIAN_POINT('',(223.35,132.,-38.1));
#7601 = DIRECTION('',(0.,0.,-1.));
#7602 = DIRECTION('',(-2.2E-16,-1.,-0.));
#7603 = ORIENTED_EDGE('',*,*,#7589,.F.);
#7604 = CYLINDRICAL_SURFACE('',#7605,1.7272);
#7605 = AXIS2_PLACEMENT_3D('',#7606,#7607,#7608);
#7606 = CARTESIAN_POINT('',(223.35,132.,-11.7));
#7607 = DIRECTION('',(0.,0.,-1.));
#7608 = DIRECTION('',(-0.,-1.,0.));
#7609 = ADVANCED_FACE('',(#7610),#7625,.T.);
#7610 = FACE_BOUND('',#7611,.T.);
#7611 = EDGE_LOOP('',(#7612,#7613,#7614,#7620,#7621,#7622,#7623,#7624));
#7612 = ORIENTED_EDGE('',*,*,#7479,.T.);
#7613 = ORIENTED_EDGE('',*,*,#7494,.T.);
#7614 = ORIENTED_EDGE('',*,*,#7615,.F.);
#7615 = EDGE_CURVE('',#7420,#7495,#7616,.T.);
#7616 = LINE('',#7617,#7618);
#7617 = CARTESIAN_POINT('',(232.15336068833,205.5417749797,
    -19.09033817672));
#7618 = VECTOR('',#7619,1.);
#7619 = DIRECTION('',(0.707106781187,-0.707106781187,0.));
#7620 = ORIENTED_EDGE('',*,*,#7419,.F.);
#7621 = ORIENTED_EDGE('',*,*,#7380,.F.);
#7622 = ORIENTED_EDGE('',*,*,#7347,.F.);
#7623 = ORIENTED_EDGE('',*,*,#7394,.T.);
#7624 = ORIENTED_EDGE('',*,*,#7445,.T.);
#7625 = PLANE('',#7626);
#7626 = AXIS2_PLACEMENT_3D('',#7627,#7628,#7629);
#7627 = CARTESIAN_POINT('',(218.0267812978,191.41519558916,
    -19.09033817672));
#7628 = DIRECTION('',(0.,0.,1.));
#7629 = DIRECTION('',(0.707106781187,-0.707106781187,0.));
#7630 = ADVANCED_FACE('',(#7631),#7637,.F.);
#7631 = FACE_BOUND('',#7632,.F.);
#7632 = EDGE_LOOP('',(#7633,#7634,#7635,#7636));
#7633 = ORIENTED_EDGE('',*,*,#7503,.F.);
#7634 = ORIENTED_EDGE('',*,*,#7615,.F.);
#7635 = ORIENTED_EDGE('',*,*,#7428,.T.);
#7636 = ORIENTED_EDGE('',*,*,#1834,.F.);
#7637 = PLANE('',#7638);
#7638 = AXIS2_PLACEMENT_3D('',#7639,#7640,#7641);
#7639 = CARTESIAN_POINT('',(232.15336068833,205.5417749797,
    -19.09033817672));
#7640 = DIRECTION('',(0.707106781187,0.707106781187,0.));
#7641 = DIRECTION('',(0.,0.,1.));
#7642 = ADVANCED_FACE('',(#7643),#7691,.F.);
#7643 = FACE_BOUND('',#7644,.F.);
#7644 = EDGE_LOOP('',(#7645,#7646,#7654,#7662,#7668,#7669,#7677,#7685));
#7645 = ORIENTED_EDGE('',*,*,#1943,.F.);
#7646 = ORIENTED_EDGE('',*,*,#7647,.F.);
#7647 = EDGE_CURVE('',#7648,#1944,#7650,.T.);
#7648 = VERTEX_POINT('',#7649);
#7649 = CARTESIAN_POINT('',(325.397,282.174,-21.97));
#7650 = LINE('',#7651,#7652);
#7651 = CARTESIAN_POINT('',(325.397,282.174,-21.97));
#7652 = VECTOR('',#7653,1.);
#7653 = DIRECTION('',(0.,0.,1.));
#7654 = ORIENTED_EDGE('',*,*,#7655,.T.);
#7655 = EDGE_CURVE('',#7648,#7656,#7658,.T.);
#7656 = VERTEX_POINT('',#7657);
#7657 = CARTESIAN_POINT('',(325.397,323.826,-21.97));
#7658 = LINE('',#7659,#7660);
#7659 = CARTESIAN_POINT('',(325.397,279.,-21.97));
#7660 = VECTOR('',#7661,1.);
#7661 = DIRECTION('',(0.,1.,0.));
#7662 = ORIENTED_EDGE('',*,*,#7663,.T.);
#7663 = EDGE_CURVE('',#7656,#2005,#7664,.T.);
#7664 = LINE('',#7665,#7666);
#7665 = CARTESIAN_POINT('',(325.397,323.826,-21.97));
#7666 = VECTOR('',#7667,1.);
#7667 = DIRECTION('',(0.,0.,1.));
#7668 = ORIENTED_EDGE('',*,*,#2013,.F.);
#7669 = ORIENTED_EDGE('',*,*,#7670,.F.);
#7670 = EDGE_CURVE('',#7671,#2014,#7673,.T.);
#7671 = VERTEX_POINT('',#7672);
#7672 = CARTESIAN_POINT('',(325.397,321.45593288887,-14.05100021362));
#7673 = LINE('',#7674,#7675);
#7674 = CARTESIAN_POINT('',(325.397,321.45593288887,-14.05100021362));
#7675 = VECTOR('',#7676,1.);
#7676 = DIRECTION('',(0.,0.,1.));
#7677 = ORIENTED_EDGE('',*,*,#7678,.T.);
#7678 = EDGE_CURVE('',#7671,#7679,#7681,.T.);
#7679 = VERTEX_POINT('',#7680);
#7680 = CARTESIAN_POINT('',(325.397,284.54406711112,-14.05100021362));
#7681 = LINE('',#7682,#7683);
#7682 = CARTESIAN_POINT('',(325.397,281.5,-14.05100021362));
#7683 = VECTOR('',#7684,1.);
#7684 = DIRECTION('',(0.,-1.,0.));
#7685 = ORIENTED_EDGE('',*,*,#7686,.T.);
#7686 = EDGE_CURVE('',#7679,#1946,#7687,.T.);
#7687 = LINE('',#7688,#7689);
#7688 = CARTESIAN_POINT('',(325.397,284.54406711112,-14.05100021362));
#7689 = VECTOR('',#7690,1.);
#7690 = DIRECTION('',(0.,0.,1.));
#7691 = PLANE('',#7692);
#7692 = AXIS2_PLACEMENT_3D('',#7693,#7694,#7695);
#7693 = CARTESIAN_POINT('',(325.397,279.,-21.97));
#7694 = DIRECTION('',(1.,0.,0.));
#7695 = DIRECTION('',(0.,0.,1.));
#7696 = ADVANCED_FACE('',(#7697),#7716,.F.);
#7697 = FACE_BOUND('',#7698,.F.);
#7698 = EDGE_LOOP('',(#7699,#7708,#7709,#7710));
#7699 = ORIENTED_EDGE('',*,*,#7700,.T.);
#7700 = EDGE_CURVE('',#7701,#7648,#7703,.T.);
#7701 = VERTEX_POINT('',#7702);
#7702 = CARTESIAN_POINT('',(322.223,279.,-21.97));
#7703 = CIRCLE('',#7704,3.174);
#7704 = AXIS2_PLACEMENT_3D('',#7705,#7706,#7707);
#7705 = CARTESIAN_POINT('',(322.223,282.174,-21.97));
#7706 = DIRECTION('',(-0.,0.,1.));
#7707 = DIRECTION('',(0.,-1.,0.));
#7708 = ORIENTED_EDGE('',*,*,#7647,.T.);
#7709 = ORIENTED_EDGE('',*,*,#1953,.F.);
#7710 = ORIENTED_EDGE('',*,*,#7711,.F.);
#7711 = EDGE_CURVE('',#7701,#1954,#7712,.T.);
#7712 = LINE('',#7713,#7714);
#7713 = CARTESIAN_POINT('',(322.223,279.,-21.97));
#7714 = VECTOR('',#7715,1.);
#7715 = DIRECTION('',(0.,0.,1.));
#7716 = CYLINDRICAL_SURFACE('',#7717,3.174);
#7717 = AXIS2_PLACEMENT_3D('',#7718,#7719,#7720);
#7718 = CARTESIAN_POINT('',(322.223,282.174,-21.97));
#7719 = DIRECTION('',(0.,0.,1.));
#7720 = DIRECTION('',(0.,-1.,0.));
#7721 = ADVANCED_FACE('',(#7722),#7741,.F.);
#7722 = FACE_BOUND('',#7723,.F.);
#7723 = EDGE_LOOP('',(#7724,#7725,#7734,#7740));
#7724 = ORIENTED_EDGE('',*,*,#7686,.F.);
#7725 = ORIENTED_EDGE('',*,*,#7726,.T.);
#7726 = EDGE_CURVE('',#7679,#7727,#7729,.T.);
#7727 = VERTEX_POINT('',#7728);
#7728 = CARTESIAN_POINT('',(327.174,284.,-14.05100021362));
#7729 = CIRCLE('',#7730,3.174);
#7730 = AXIS2_PLACEMENT_3D('',#7731,#7732,#7733);
#7731 = CARTESIAN_POINT('',(327.174,287.174,-14.05100021362));
#7732 = DIRECTION('',(-0.,0.,1.));
#7733 = DIRECTION('',(0.,-1.,0.));
#7734 = ORIENTED_EDGE('',*,*,#7735,.T.);
#7735 = EDGE_CURVE('',#7727,#2157,#7736,.T.);
#7736 = LINE('',#7737,#7738);
#7737 = CARTESIAN_POINT('',(327.174,284.,-14.05100021362));
#7738 = VECTOR('',#7739,1.);
#7739 = DIRECTION('',(0.,0.,1.));
#7740 = ORIENTED_EDGE('',*,*,#2164,.F.);
#7741 = CYLINDRICAL_SURFACE('',#7742,3.174);
#7742 = AXIS2_PLACEMENT_3D('',#7743,#7744,#7745);
#7743 = CARTESIAN_POINT('',(327.174,287.174,-14.05100021362));
#7744 = DIRECTION('',(0.,0.,1.));
#7745 = DIRECTION('',(-1.,0.,0.));
#7746 = ADVANCED_FACE('',(#7747),#7765,.T.);
#7747 = FACE_BOUND('',#7748,.T.);
#7748 = EDGE_LOOP('',(#7749,#7757,#7763,#7764));
#7749 = ORIENTED_EDGE('',*,*,#7750,.F.);
#7750 = EDGE_CURVE('',#7751,#7701,#7753,.T.);
#7751 = VERTEX_POINT('',#7752);
#7752 = CARTESIAN_POINT('',(305.571,279.,-21.97));
#7753 = LINE('',#7754,#7755);
#7754 = CARTESIAN_POINT('',(302.397,279.,-21.97));
#7755 = VECTOR('',#7756,1.);
#7756 = DIRECTION('',(1.,0.,0.));
#7757 = ORIENTED_EDGE('',*,*,#7758,.T.);
#7758 = EDGE_CURVE('',#7751,#1963,#7759,.T.);
#7759 = LINE('',#7760,#7761);
#7760 = CARTESIAN_POINT('',(305.571,279.,-21.97));
#7761 = VECTOR('',#7762,1.);
#7762 = DIRECTION('',(0.,0.,1.));
#7763 = ORIENTED_EDGE('',*,*,#1962,.T.);
#7764 = ORIENTED_EDGE('',*,*,#7711,.F.);
#7765 = PLANE('',#7766);
#7766 = AXIS2_PLACEMENT_3D('',#7767,#7768,#7769);
#7767 = CARTESIAN_POINT('',(302.397,279.,-21.97));
#7768 = DIRECTION('',(0.,1.,0.));
#7769 = DIRECTION('',(0.,0.,1.));
#7770 = ADVANCED_FACE('',(#7771),#7789,.T.);
#7771 = FACE_BOUND('',#7772,.T.);
#7772 = EDGE_LOOP('',(#7773,#7781,#7787,#7788));
#7773 = ORIENTED_EDGE('',*,*,#7774,.F.);
#7774 = EDGE_CURVE('',#7775,#2149,#7777,.T.);
#7775 = VERTEX_POINT('',#7776);
#7776 = CARTESIAN_POINT('',(338.42105026245,284.,-14.05100021362));
#7777 = LINE('',#7778,#7779);
#7778 = CARTESIAN_POINT('',(338.42105026245,284.,-31.9050958315));
#7779 = VECTOR('',#7780,1.);
#7780 = DIRECTION('',(0.,0.,1.));
#7781 = ORIENTED_EDGE('',*,*,#7782,.F.);
#7782 = EDGE_CURVE('',#7727,#7775,#7783,.T.);
#7783 = LINE('',#7784,#7785);
#7784 = CARTESIAN_POINT('',(324.,284.,-14.05100021362));
#7785 = VECTOR('',#7786,1.);
#7786 = DIRECTION('',(1.,0.,0.));
#7787 = ORIENTED_EDGE('',*,*,#7735,.T.);
#7788 = ORIENTED_EDGE('',*,*,#2156,.F.);
#7789 = PLANE('',#7790);
#7790 = AXIS2_PLACEMENT_3D('',#7791,#7792,#7793);
#7791 = CARTESIAN_POINT('',(324.,284.,-14.05100021362));
#7792 = DIRECTION('',(0.,1.,0.));
#7793 = DIRECTION('',(0.,0.,1.));
#7794 = ADVANCED_FACE('',(#7795),#7814,.F.);
#7795 = FACE_BOUND('',#7796,.F.);
#7796 = EDGE_LOOP('',(#7797,#7806,#7807,#7808));
#7797 = ORIENTED_EDGE('',*,*,#7798,.T.);
#7798 = EDGE_CURVE('',#7799,#7751,#7801,.T.);
#7799 = VERTEX_POINT('',#7800);
#7800 = CARTESIAN_POINT('',(302.397,282.174,-21.97));
#7801 = CIRCLE('',#7802,3.174);
#7802 = AXIS2_PLACEMENT_3D('',#7803,#7804,#7805);
#7803 = CARTESIAN_POINT('',(305.571,282.174,-21.97));
#7804 = DIRECTION('',(-0.,0.,1.));
#7805 = DIRECTION('',(0.,-1.,0.));
#7806 = ORIENTED_EDGE('',*,*,#7758,.T.);
#7807 = ORIENTED_EDGE('',*,*,#1970,.F.);
#7808 = ORIENTED_EDGE('',*,*,#7809,.F.);
#7809 = EDGE_CURVE('',#7799,#1971,#7810,.T.);
#7810 = LINE('',#7811,#7812);
#7811 = CARTESIAN_POINT('',(302.397,282.174,-21.97));
#7812 = VECTOR('',#7813,1.);
#7813 = DIRECTION('',(0.,0.,1.));
#7814 = CYLINDRICAL_SURFACE('',#7815,3.174);
#7815 = AXIS2_PLACEMENT_3D('',#7816,#7817,#7818);
#7816 = CARTESIAN_POINT('',(305.571,282.174,-21.97));
#7817 = DIRECTION('',(0.,0.,1.));
#7818 = DIRECTION('',(-1.,0.,0.));
#7819 = ADVANCED_FACE('',(#7820),#7886,.F.);
#7820 = FACE_BOUND('',#7821,.F.);
#7821 = EDGE_LOOP('',(#7822,#7832,#7840,#7848,#7856,#7864,#7872,#7878,
    #7879,#7880));
#7822 = ORIENTED_EDGE('',*,*,#7823,.F.);
#7823 = EDGE_CURVE('',#7824,#7826,#7828,.T.);
#7824 = VERTEX_POINT('',#7825);
#7825 = CARTESIAN_POINT('',(338.42105026245,290.18411508178,-24.385));
#7826 = VERTEX_POINT('',#7827);
#7827 = CARTESIAN_POINT('',(338.42105026245,290.18411508178,
    -14.05100021362));
#7828 = LINE('',#7829,#7830);
#7829 = CARTESIAN_POINT('',(338.42105026245,290.18411508178,
    -37.75071645736));
#7830 = VECTOR('',#7831,1.);
#7831 = DIRECTION('',(0.,0.,1.));
#7832 = ORIENTED_EDGE('',*,*,#7833,.T.);
#7833 = EDGE_CURVE('',#7824,#7834,#7836,.T.);
#7834 = VERTEX_POINT('',#7835);
#7835 = CARTESIAN_POINT('',(338.42105026245,293.35811508178,-24.385));
#7836 = LINE('',#7837,#7838);
#7837 = CARTESIAN_POINT('',(338.42105026245,266.91428268432,-24.385));
#7838 = VECTOR('',#7839,1.);
#7839 = DIRECTION('',(0.,1.,0.));
#7840 = ORIENTED_EDGE('',*,*,#7841,.F.);
#7841 = EDGE_CURVE('',#7842,#7834,#7844,.T.);
#7842 = VERTEX_POINT('',#7843);
#7843 = CARTESIAN_POINT('',(338.42105026245,293.35811508178,-38.1));
#7844 = LINE('',#7845,#7846);
#7845 = CARTESIAN_POINT('',(338.42105026245,293.35811508178,-124.385));
#7846 = VECTOR('',#7847,1.);
#7847 = DIRECTION('',(0.,0.,1.));
#7848 = ORIENTED_EDGE('',*,*,#7849,.T.);
#7849 = EDGE_CURVE('',#7842,#7850,#7852,.T.);
#7850 = VERTEX_POINT('',#7851);
#7851 = CARTESIAN_POINT('',(338.42105026245,266.91428268432,-38.1));
#7852 = LINE('',#7853,#7854);
#7853 = CARTESIAN_POINT('',(338.42105026245,135.30559944152,-38.1));
#7854 = VECTOR('',#7855,1.);
#7855 = DIRECTION('',(0.,-1.,0.));
#7856 = ORIENTED_EDGE('',*,*,#7857,.T.);
#7857 = EDGE_CURVE('',#7850,#7858,#7860,.T.);
#7858 = VERTEX_POINT('',#7859);
#7859 = CARTESIAN_POINT('',(338.42105026245,266.91428268432,-24.385));
#7860 = LINE('',#7861,#7862);
#7861 = CARTESIAN_POINT('',(338.42105026245,266.91428268432,-124.385));
#7862 = VECTOR('',#7863,1.);
#7863 = DIRECTION('',(0.,0.,1.));
#7864 = ORIENTED_EDGE('',*,*,#7865,.T.);
#7865 = EDGE_CURVE('',#7858,#7866,#7868,.T.);
#7866 = VERTEX_POINT('',#7867);
#7867 = CARTESIAN_POINT('',(338.42105026245,270.08828268432,-24.385));
#7868 = LINE('',#7869,#7870);
#7869 = CARTESIAN_POINT('',(338.42105026245,266.91428268432,-24.385));
#7870 = VECTOR('',#7871,1.);
#7871 = DIRECTION('',(0.,1.,0.));
#7872 = ORIENTED_EDGE('',*,*,#7873,.T.);
#7873 = EDGE_CURVE('',#7866,#2140,#7874,.T.);
#7874 = LINE('',#7875,#7876);
#7875 = CARTESIAN_POINT('',(338.42105026245,270.08828268432,
    -37.75071645736));
#7876 = VECTOR('',#7877,1.);
#7877 = DIRECTION('',(0.,0.,1.));
#7878 = ORIENTED_EDGE('',*,*,#2148,.F.);
#7879 = ORIENTED_EDGE('',*,*,#7774,.F.);
#7880 = ORIENTED_EDGE('',*,*,#7881,.F.);
#7881 = EDGE_CURVE('',#7826,#7775,#7882,.T.);
#7882 = LINE('',#7883,#7884);
#7883 = CARTESIAN_POINT('',(338.42105026245,282.06809944152,
    -14.05100021362));
#7884 = VECTOR('',#7885,1.);
#7885 = DIRECTION('',(0.,-1.,0.));
#7886 = PLANE('',#7887);
#7887 = AXIS2_PLACEMENT_3D('',#7888,#7889,#7890);
#7888 = CARTESIAN_POINT('',(338.42105026245,280.13619888305,
    -49.75919144937));
#7889 = DIRECTION('',(-1.,-0.,-0.));
#7890 = DIRECTION('',(0.,0.,-1.));
#7891 = ADVANCED_FACE('',(#7892),#7910,.T.);
#7892 = FACE_BOUND('',#7893,.T.);
#7893 = EDGE_LOOP('',(#7894,#7895,#7896,#7904));
#7894 = ORIENTED_EDGE('',*,*,#1979,.F.);
#7895 = ORIENTED_EDGE('',*,*,#7809,.F.);
#7896 = ORIENTED_EDGE('',*,*,#7897,.T.);
#7897 = EDGE_CURVE('',#7799,#7898,#7900,.T.);
#7898 = VERTEX_POINT('',#7899);
#7899 = CARTESIAN_POINT('',(302.397,323.826,-21.97));
#7900 = LINE('',#7901,#7902);
#7901 = CARTESIAN_POINT('',(302.397,279.,-21.97));
#7902 = VECTOR('',#7903,1.);
#7903 = DIRECTION('',(0.,1.,0.));
#7904 = ORIENTED_EDGE('',*,*,#7905,.T.);
#7905 = EDGE_CURVE('',#7898,#1980,#7906,.T.);
#7906 = LINE('',#7907,#7908);
#7907 = CARTESIAN_POINT('',(302.397,323.826,-21.97));
#7908 = VECTOR('',#7909,1.);
#7909 = DIRECTION('',(0.,0.,1.));
#7910 = PLANE('',#7911);
#7911 = AXIS2_PLACEMENT_3D('',#7912,#7913,#7914);
#7912 = CARTESIAN_POINT('',(302.397,279.,-21.97));
#7913 = DIRECTION('',(1.,0.,0.));
#7914 = DIRECTION('',(0.,0.,1.));
#7915 = ADVANCED_FACE('',(#7916),#7935,.F.);
#7916 = FACE_BOUND('',#7917,.F.);
#7917 = EDGE_LOOP('',(#7918,#7919,#7928,#7934));
#7918 = ORIENTED_EDGE('',*,*,#7873,.F.);
#7919 = ORIENTED_EDGE('',*,*,#7920,.T.);
#7920 = EDGE_CURVE('',#7866,#7921,#7923,.T.);
#7921 = VERTEX_POINT('',#7922);
#7922 = CARTESIAN_POINT('',(341.59505026245,266.91428268432,-24.385));
#7923 = CIRCLE('',#7924,3.174);
#7924 = AXIS2_PLACEMENT_3D('',#7925,#7926,#7927);
#7925 = CARTESIAN_POINT('',(341.59505026245,270.08828268432,-24.385));
#7926 = DIRECTION('',(0.,0.,1.));
#7927 = DIRECTION('',(-1.,0.,0.));
#7928 = ORIENTED_EDGE('',*,*,#7929,.T.);
#7929 = EDGE_CURVE('',#7921,#2132,#7930,.T.);
#7930 = LINE('',#7931,#7932);
#7931 = CARTESIAN_POINT('',(341.59505026245,266.91428268432,
    -37.75071645736));
#7932 = VECTOR('',#7933,1.);
#7933 = DIRECTION('',(0.,0.,1.));
#7934 = ORIENTED_EDGE('',*,*,#2139,.F.);
#7935 = CYLINDRICAL_SURFACE('',#7936,3.174);
#7936 = AXIS2_PLACEMENT_3D('',#7937,#7938,#7939);
#7937 = CARTESIAN_POINT('',(341.59505026245,270.08828268432,
    -37.75071645736));
#7938 = DIRECTION('',(0.,0.,1.));
#7939 = DIRECTION('',(-1.,0.,0.));
#7940 = ADVANCED_FACE('',(#7941),#7960,.F.);
#7941 = FACE_BOUND('',#7942,.T.);
#7942 = EDGE_LOOP('',(#7943,#7952,#7958,#7959));
#7943 = ORIENTED_EDGE('',*,*,#7944,.T.);
#7944 = EDGE_CURVE('',#7898,#7945,#7947,.T.);
#7945 = VERTEX_POINT('',#7946);
#7946 = CARTESIAN_POINT('',(305.571,327.,-21.97));
#7947 = CIRCLE('',#7948,3.174);
#7948 = AXIS2_PLACEMENT_3D('',#7949,#7950,#7951);
#7949 = CARTESIAN_POINT('',(305.571,323.826,-21.97));
#7950 = DIRECTION('',(-0.,-0.,-1.));
#7951 = DIRECTION('',(0.,-1.,0.));
#7952 = ORIENTED_EDGE('',*,*,#7953,.T.);
#7953 = EDGE_CURVE('',#7945,#1988,#7954,.T.);
#7954 = LINE('',#7955,#7956);
#7955 = CARTESIAN_POINT('',(305.571,327.,-21.97));
#7956 = VECTOR('',#7957,1.);
#7957 = DIRECTION('',(0.,0.,1.));
#7958 = ORIENTED_EDGE('',*,*,#1987,.F.);
#7959 = ORIENTED_EDGE('',*,*,#7905,.F.);
#7960 = CYLINDRICAL_SURFACE('',#7961,3.174);
#7961 = AXIS2_PLACEMENT_3D('',#7962,#7963,#7964);
#7962 = CARTESIAN_POINT('',(305.571,323.826,-21.97));
#7963 = DIRECTION('',(0.,0.,1.));
#7964 = DIRECTION('',(-1.,0.,0.));
#7965 = ADVANCED_FACE('',(#7966),#8023,.F.);
#7966 = FACE_BOUND('',#7967,.F.);
#7967 = EDGE_LOOP('',(#7968,#7978,#7984,#7985,#7986,#7992,#7993,#8001,
    #8009,#8017));
#7968 = ORIENTED_EDGE('',*,*,#7969,.F.);
#7969 = EDGE_CURVE('',#7970,#7972,#7974,.T.);
#7970 = VERTEX_POINT('',#7971);
#7971 = CARTESIAN_POINT('',(369.60130040741,266.91428268432,-24.385));
#7972 = VERTEX_POINT('',#7973);
#7973 = CARTESIAN_POINT('',(372.77530040741,266.91428268432,-24.385));
#7974 = LINE('',#7975,#7976);
#7975 = CARTESIAN_POINT('',(338.42105026245,266.91428268432,-24.385));
#7976 = VECTOR('',#7977,1.);
#7977 = DIRECTION('',(1.,0.,0.));
#7978 = ORIENTED_EDGE('',*,*,#7979,.T.);
#7979 = EDGE_CURVE('',#7970,#2123,#7980,.T.);
#7980 = LINE('',#7981,#7982);
#7981 = CARTESIAN_POINT('',(369.60130040741,266.91428268432,
    -37.75071645736));
#7982 = VECTOR('',#7983,1.);
#7983 = DIRECTION('',(0.,0.,1.));
#7984 = ORIENTED_EDGE('',*,*,#2131,.F.);
#7985 = ORIENTED_EDGE('',*,*,#7929,.F.);
#7986 = ORIENTED_EDGE('',*,*,#7987,.F.);
#7987 = EDGE_CURVE('',#7858,#7921,#7988,.T.);
#7988 = LINE('',#7989,#7990);
#7989 = CARTESIAN_POINT('',(338.42105026245,266.91428268432,-24.385));
#7990 = VECTOR('',#7991,1.);
#7991 = DIRECTION('',(1.,0.,0.));
#7992 = ORIENTED_EDGE('',*,*,#7857,.F.);
#7993 = ORIENTED_EDGE('',*,*,#7994,.T.);
#7994 = EDGE_CURVE('',#7850,#7995,#7997,.T.);
#7995 = VERTEX_POINT('',#7996);
#7996 = CARTESIAN_POINT('',(358.42105026245,266.91428268432,-38.1));
#7997 = LINE('',#7998,#7999);
#7998 = CARTESIAN_POINT('',(179.6203807539,266.91428268432,-38.1));
#7999 = VECTOR('',#8000,1.);
#8000 = DIRECTION('',(1.,0.,0.));
#8001 = ORIENTED_EDGE('',*,*,#8002,.T.);
#8002 = EDGE_CURVE('',#7995,#8003,#8005,.T.);
#8003 = VERTEX_POINT('',#8004);
#8004 = CARTESIAN_POINT('',(358.42105026245,266.91428268432,-31.116));
#8005 = LINE('',#8006,#8007);
#8006 = CARTESIAN_POINT('',(358.42105026245,266.91428268432,-38.1));
#8007 = VECTOR('',#8008,1.);
#8008 = DIRECTION('',(0.,0.,1.));
#8009 = ORIENTED_EDGE('',*,*,#8010,.T.);
#8010 = EDGE_CURVE('',#8003,#8011,#8013,.T.);
#8011 = VERTEX_POINT('',#8012);
#8012 = CARTESIAN_POINT('',(372.77530040741,266.91428268432,-31.116));
#8013 = LINE('',#8014,#8015);
#8014 = CARTESIAN_POINT('',(358.42105026245,266.91428268432,-31.116));
#8015 = VECTOR('',#8016,1.);
#8016 = DIRECTION('',(1.,0.,0.));
#8017 = ORIENTED_EDGE('',*,*,#8018,.T.);
#8018 = EDGE_CURVE('',#8011,#7972,#8019,.T.);
#8019 = LINE('',#8020,#8021);
#8020 = CARTESIAN_POINT('',(372.77530040741,266.91428268432,-124.385));
#8021 = VECTOR('',#8022,1.);
#8022 = DIRECTION('',(0.,0.,1.));
#8023 = PLANE('',#8024);
#8024 = AXIS2_PLACEMENT_3D('',#8025,#8026,#8027);
#8025 = CARTESIAN_POINT('',(356.0657615078,266.91428268432,
    -48.63445053948));
#8026 = DIRECTION('',(-0.,-1.,-0.));
#8027 = DIRECTION('',(0.,0.,-1.));
#8028 = ADVANCED_FACE('',(#8029),#8047,.F.);
#8029 = FACE_BOUND('',#8030,.F.);
#8030 = EDGE_LOOP('',(#8031,#8039,#8040,#8041));
#8031 = ORIENTED_EDGE('',*,*,#8032,.F.);
#8032 = EDGE_CURVE('',#7945,#8033,#8035,.T.);
#8033 = VERTEX_POINT('',#8034);
#8034 = CARTESIAN_POINT('',(322.223,327.,-21.97));
#8035 = LINE('',#8036,#8037);
#8036 = CARTESIAN_POINT('',(302.397,327.,-21.97));
#8037 = VECTOR('',#8038,1.);
#8038 = DIRECTION('',(1.,0.,0.));
#8039 = ORIENTED_EDGE('',*,*,#7953,.T.);
#8040 = ORIENTED_EDGE('',*,*,#1996,.T.);
#8041 = ORIENTED_EDGE('',*,*,#8042,.F.);
#8042 = EDGE_CURVE('',#8033,#1997,#8043,.T.);
#8043 = LINE('',#8044,#8045);
#8044 = CARTESIAN_POINT('',(322.223,327.,-21.97));
#8045 = VECTOR('',#8046,1.);
#8046 = DIRECTION('',(0.,0.,1.));
#8047 = PLANE('',#8048);
#8048 = AXIS2_PLACEMENT_3D('',#8049,#8050,#8051);
#8049 = CARTESIAN_POINT('',(302.397,327.,-21.97));
#8050 = DIRECTION('',(0.,1.,0.));
#8051 = DIRECTION('',(0.,0.,1.));
#8052 = ADVANCED_FACE('',(#8053),#8072,.F.);
#8053 = FACE_BOUND('',#8054,.F.);
#8054 = EDGE_LOOP('',(#8055,#8056,#8065,#8071));
#8055 = ORIENTED_EDGE('',*,*,#7979,.F.);
#8056 = ORIENTED_EDGE('',*,*,#8057,.T.);
#8057 = EDGE_CURVE('',#7970,#8058,#8060,.T.);
#8058 = VERTEX_POINT('',#8059);
#8059 = CARTESIAN_POINT('',(372.7705274425,269.91428268432,-24.385));
#8060 = CIRCLE('',#8061,3.174);
#8061 = AXIS2_PLACEMENT_3D('',#8062,#8063,#8064);
#8062 = CARTESIAN_POINT('',(369.60130040741,270.08828268432,-24.385));
#8063 = DIRECTION('',(-0.,0.,1.));
#8064 = DIRECTION('',(0.,-1.,0.));
#8065 = ORIENTED_EDGE('',*,*,#8066,.T.);
#8066 = EDGE_CURVE('',#8058,#2115,#8067,.T.);
#8067 = LINE('',#8068,#8069);
#8068 = CARTESIAN_POINT('',(372.7705274425,269.91428268432,
    -37.75071645736));
#8069 = VECTOR('',#8070,1.);
#8070 = DIRECTION('',(0.,0.,1.));
#8071 = ORIENTED_EDGE('',*,*,#2122,.F.);
#8072 = CYLINDRICAL_SURFACE('',#8073,3.174);
#8073 = AXIS2_PLACEMENT_3D('',#8074,#8075,#8076);
#8074 = CARTESIAN_POINT('',(369.60130040741,270.08828268432,
    -37.75071645736));
#8075 = DIRECTION('',(0.,0.,1.));
#8076 = DIRECTION('',(0.,-1.,0.));
#8077 = ADVANCED_FACE('',(#8078),#8090,.F.);
#8078 = FACE_BOUND('',#8079,.F.);
#8079 = EDGE_LOOP('',(#8080,#8087,#8088,#8089));
#8080 = ORIENTED_EDGE('',*,*,#8081,.T.);
#8081 = EDGE_CURVE('',#7656,#8033,#8082,.T.);
#8082 = CIRCLE('',#8083,3.174);
#8083 = AXIS2_PLACEMENT_3D('',#8084,#8085,#8086);
#8084 = CARTESIAN_POINT('',(322.223,323.826,-21.97));
#8085 = DIRECTION('',(-0.,0.,1.));
#8086 = DIRECTION('',(0.,-1.,0.));
#8087 = ORIENTED_EDGE('',*,*,#8042,.T.);
#8088 = ORIENTED_EDGE('',*,*,#2004,.F.);
#8089 = ORIENTED_EDGE('',*,*,#7663,.F.);
#8090 = CYLINDRICAL_SURFACE('',#8091,3.174);
#8091 = AXIS2_PLACEMENT_3D('',#8092,#8093,#8094);
#8092 = CARTESIAN_POINT('',(322.223,323.826,-21.97));
#8093 = DIRECTION('',(0.,0.,1.));
#8094 = DIRECTION('',(1.,0.,0.));
#8095 = ADVANCED_FACE('',(#8096),#8146,.T.);
#8096 = FACE_BOUND('',#8097,.T.);
#8097 = EDGE_LOOP('',(#8098,#8108,#8116,#8124,#8132,#8138,#8139,#8140));
#8098 = ORIENTED_EDGE('',*,*,#8099,.F.);
#8099 = EDGE_CURVE('',#8100,#8102,#8104,.T.);
#8100 = VERTEX_POINT('',#8101);
#8101 = CARTESIAN_POINT('',(372.8,269.91428268432,-32.15071645736));
#8102 = VERTEX_POINT('',#8103);
#8103 = CARTESIAN_POINT('',(397.40130040741,269.91428268432,
    -32.15071645736));
#8104 = LINE('',#8105,#8106);
#8105 = CARTESIAN_POINT('',(358.42105026245,269.91428268432,
    -32.15071645736));
#8106 = VECTOR('',#8107,1.);
#8107 = DIRECTION('',(1.,0.,0.));
#8108 = ORIENTED_EDGE('',*,*,#8109,.F.);
#8109 = EDGE_CURVE('',#8110,#8100,#8112,.T.);
#8110 = VERTEX_POINT('',#8111);
#8111 = CARTESIAN_POINT('',(372.8,269.91428268432,-31.116));
#8112 = LINE('',#8113,#8114);
#8113 = CARTESIAN_POINT('',(372.8,269.91428268432,-35.12535822868));
#8114 = VECTOR('',#8115,1.);
#8115 = DIRECTION('',(0.,0.,-1.));
#8116 = ORIENTED_EDGE('',*,*,#8117,.F.);
#8117 = EDGE_CURVE('',#8118,#8110,#8120,.T.);
#8118 = VERTEX_POINT('',#8119);
#8119 = CARTESIAN_POINT('',(372.77530040741,269.91428268432,-31.116));
#8120 = LINE('',#8121,#8122);
#8121 = CARTESIAN_POINT('',(358.42105026245,269.91428268432,-31.116));
#8122 = VECTOR('',#8123,1.);
#8123 = DIRECTION('',(1.,0.,0.));
#8124 = ORIENTED_EDGE('',*,*,#8125,.T.);
#8125 = EDGE_CURVE('',#8118,#8126,#8128,.T.);
#8126 = VERTEX_POINT('',#8127);
#8127 = CARTESIAN_POINT('',(372.77530040741,269.91428268432,-24.385));
#8128 = LINE('',#8129,#8130);
#8129 = CARTESIAN_POINT('',(372.77530040741,269.91428268432,
    -78.26785822868));
#8130 = VECTOR('',#8131,1.);
#8131 = DIRECTION('',(0.,0.,1.));
#8132 = ORIENTED_EDGE('',*,*,#8133,.T.);
#8133 = EDGE_CURVE('',#8126,#8058,#8134,.T.);
#8134 = LINE('',#8135,#8136);
#8135 = CARTESIAN_POINT('',(348.42105026245,269.91428268432,-24.385));
#8136 = VECTOR('',#8137,1.);
#8137 = DIRECTION('',(-1.,0.,0.));
#8138 = ORIENTED_EDGE('',*,*,#8066,.T.);
#8139 = ORIENTED_EDGE('',*,*,#2114,.F.);
#8140 = ORIENTED_EDGE('',*,*,#8141,.F.);
#8141 = EDGE_CURVE('',#8102,#2106,#8142,.T.);
#8142 = LINE('',#8143,#8144);
#8143 = CARTESIAN_POINT('',(397.40130040741,269.91428268432,
    -32.15071645736));
#8144 = VECTOR('',#8145,1.);
#8145 = DIRECTION('',(0.,0.,1.));
#8146 = PLANE('',#8147);
#8147 = AXIS2_PLACEMENT_3D('',#8148,#8149,#8150);
#8148 = CARTESIAN_POINT('',(358.42105026245,269.91428268432,
    -32.15071645736));
#8149 = DIRECTION('',(0.,1.,0.));
#8150 = DIRECTION('',(0.,0.,1.));
#8151 = ADVANCED_FACE('',(#8152),#8171,.F.);
#8152 = FACE_BOUND('',#8153,.F.);
#8153 = EDGE_LOOP('',(#8154,#8155,#8164,#8170));
#8154 = ORIENTED_EDGE('',*,*,#8141,.F.);
#8155 = ORIENTED_EDGE('',*,*,#8156,.T.);
#8156 = EDGE_CURVE('',#8102,#8157,#8159,.T.);
#8157 = VERTEX_POINT('',#8158);
#8158 = CARTESIAN_POINT('',(400.57530040741,273.08828268432,
    -32.15071645736));
#8159 = CIRCLE('',#8160,3.174);
#8160 = AXIS2_PLACEMENT_3D('',#8161,#8162,#8163);
#8161 = CARTESIAN_POINT('',(397.40130040741,273.08828268432,
    -32.15071645736));
#8162 = DIRECTION('',(-0.,0.,1.));
#8163 = DIRECTION('',(0.,-1.,0.));
#8164 = ORIENTED_EDGE('',*,*,#8165,.T.);
#8165 = EDGE_CURVE('',#8157,#2098,#8166,.T.);
#8166 = LINE('',#8167,#8168);
#8167 = CARTESIAN_POINT('',(400.57530040741,273.08828268432,
    -32.15071645736));
#8168 = VECTOR('',#8169,1.);
#8169 = DIRECTION('',(0.,0.,1.));
#8170 = ORIENTED_EDGE('',*,*,#2105,.F.);
#8171 = CYLINDRICAL_SURFACE('',#8172,3.174);
#8172 = AXIS2_PLACEMENT_3D('',#8173,#8174,#8175);
#8173 = CARTESIAN_POINT('',(397.40130040741,273.08828268432,
    -32.15071645736));
#8174 = DIRECTION('',(0.,0.,1.));
#8175 = DIRECTION('',(0.,-1.,0.));
#8176 = ADVANCED_FACE('',(#8177),#8196,.F.);
#8177 = FACE_BOUND('',#8178,.T.);
#8178 = EDGE_LOOP('',(#8179,#8180,#8189,#8195));
#8179 = ORIENTED_EDGE('',*,*,#7670,.F.);
#8180 = ORIENTED_EDGE('',*,*,#8181,.T.);
#8181 = EDGE_CURVE('',#7671,#8182,#8184,.T.);
#8182 = VERTEX_POINT('',#8183);
#8183 = CARTESIAN_POINT('',(327.174,322.,-14.05100021362));
#8184 = CIRCLE('',#8185,3.174);
#8185 = AXIS2_PLACEMENT_3D('',#8186,#8187,#8188);
#8186 = CARTESIAN_POINT('',(327.174,318.826,-14.05100021362));
#8187 = DIRECTION('',(-0.,-0.,-1.));
#8188 = DIRECTION('',(0.,-1.,0.));
#8189 = ORIENTED_EDGE('',*,*,#8190,.T.);
#8190 = EDGE_CURVE('',#8182,#2022,#8191,.T.);
#8191 = LINE('',#8192,#8193);
#8192 = CARTESIAN_POINT('',(327.174,322.,-14.05100021362));
#8193 = VECTOR('',#8194,1.);
#8194 = DIRECTION('',(0.,0.,1.));
#8195 = ORIENTED_EDGE('',*,*,#2021,.T.);
#8196 = CYLINDRICAL_SURFACE('',#8197,3.174);
#8197 = AXIS2_PLACEMENT_3D('',#8198,#8199,#8200);
#8198 = CARTESIAN_POINT('',(327.174,318.826,-14.05100021362));
#8199 = DIRECTION('',(0.,0.,1.));
#8200 = DIRECTION('',(-1.,0.,0.));
#8201 = ADVANCED_FACE('',(#8202),#8220,.F.);
#8202 = FACE_BOUND('',#8203,.F.);
#8203 = EDGE_LOOP('',(#8204,#8212,#8218,#8219));
#8204 = ORIENTED_EDGE('',*,*,#8205,.T.);
#8205 = EDGE_CURVE('',#8157,#8206,#8208,.T.);
#8206 = VERTEX_POINT('',#8207);
#8207 = CARTESIAN_POINT('',(400.57530040741,325.18411508178,
    -32.15071645736));
#8208 = LINE('',#8209,#8210);
#8209 = CARTESIAN_POINT('',(400.57530040741,269.91428268432,
    -32.15071645736));
#8210 = VECTOR('',#8211,1.);
#8211 = DIRECTION('',(0.,1.,0.));
#8212 = ORIENTED_EDGE('',*,*,#8213,.T.);
#8213 = EDGE_CURVE('',#8206,#2089,#8214,.T.);
#8214 = LINE('',#8215,#8216);
#8215 = CARTESIAN_POINT('',(400.57530040741,325.18411508178,
    -32.15071645736));
#8216 = VECTOR('',#8217,1.);
#8217 = DIRECTION('',(0.,0.,1.));
#8218 = ORIENTED_EDGE('',*,*,#2097,.F.);
#8219 = ORIENTED_EDGE('',*,*,#8165,.F.);
#8220 = PLANE('',#8221);
#8221 = AXIS2_PLACEMENT_3D('',#8222,#8223,#8224);
#8222 = CARTESIAN_POINT('',(400.57530040741,269.91428268432,
    -32.15071645736));
#8223 = DIRECTION('',(1.,0.,0.));
#8224 = DIRECTION('',(0.,0.,1.));
#8225 = ADVANCED_FACE('',(#8226),#8244,.F.);
#8226 = FACE_BOUND('',#8227,.F.);
#8227 = EDGE_LOOP('',(#8228,#8236,#8242,#8243));
#8228 = ORIENTED_EDGE('',*,*,#8229,.F.);
#8229 = EDGE_CURVE('',#8230,#2031,#8232,.T.);
#8230 = VERTEX_POINT('',#8231);
#8231 = CARTESIAN_POINT('',(338.826,322.,-14.05100021362));
#8232 = LINE('',#8233,#8234);
#8233 = CARTESIAN_POINT('',(338.826,322.,-14.05100021362));
#8234 = VECTOR('',#8235,1.);
#8235 = DIRECTION('',(0.,0.,1.));
#8236 = ORIENTED_EDGE('',*,*,#8237,.F.);
#8237 = EDGE_CURVE('',#8182,#8230,#8238,.T.);
#8238 = LINE('',#8239,#8240);
#8239 = CARTESIAN_POINT('',(324.,322.,-14.05100021362));
#8240 = VECTOR('',#8241,1.);
#8241 = DIRECTION('',(1.,0.,0.));
#8242 = ORIENTED_EDGE('',*,*,#8190,.T.);
#8243 = ORIENTED_EDGE('',*,*,#2030,.F.);
#8244 = PLANE('',#8245);
#8245 = AXIS2_PLACEMENT_3D('',#8246,#8247,#8248);
#8246 = CARTESIAN_POINT('',(324.,322.,-14.05100021362));
#8247 = DIRECTION('',(0.,1.,0.));
#8248 = DIRECTION('',(0.,0.,1.));
#8249 = ADVANCED_FACE('',(#8250),#8269,.F.);
#8250 = FACE_BOUND('',#8251,.F.);
#8251 = EDGE_LOOP('',(#8252,#8253,#8262,#8268));
#8252 = ORIENTED_EDGE('',*,*,#8213,.F.);
#8253 = ORIENTED_EDGE('',*,*,#8254,.T.);
#8254 = EDGE_CURVE('',#8206,#8255,#8257,.T.);
#8255 = VERTEX_POINT('',#8256);
#8256 = CARTESIAN_POINT('',(397.40130040741,328.35811508178,
    -32.15071645736));
#8257 = CIRCLE('',#8258,3.174);
#8258 = AXIS2_PLACEMENT_3D('',#8259,#8260,#8261);
#8259 = CARTESIAN_POINT('',(397.40130040741,325.18411508178,
    -32.15071645736));
#8260 = DIRECTION('',(-0.,0.,1.));
#8261 = DIRECTION('',(0.,-1.,0.));
#8262 = ORIENTED_EDGE('',*,*,#8263,.T.);
#8263 = EDGE_CURVE('',#8255,#2081,#8264,.T.);
#8264 = LINE('',#8265,#8266);
#8265 = CARTESIAN_POINT('',(397.40130040741,328.35811508178,
    -32.15071645736));
#8266 = VECTOR('',#8267,1.);
#8267 = DIRECTION('',(0.,0.,1.));
#8268 = ORIENTED_EDGE('',*,*,#2088,.F.);
#8269 = CYLINDRICAL_SURFACE('',#8270,3.174);
#8270 = AXIS2_PLACEMENT_3D('',#8271,#8272,#8273);
#8271 = CARTESIAN_POINT('',(397.40130040741,325.18411508178,
    -32.15071645736));
#8272 = DIRECTION('',(0.,0.,1.));
#8273 = DIRECTION('',(1.,0.,0.));
#8274 = ADVANCED_FACE('',(#8275),#8294,.F.);
#8275 = FACE_BOUND('',#8276,.F.);
#8276 = EDGE_LOOP('',(#8277,#8285,#8292,#8293));
#8277 = ORIENTED_EDGE('',*,*,#8278,.F.);
#8278 = EDGE_CURVE('',#8279,#2039,#8281,.T.);
#8279 = VERTEX_POINT('',#8280);
#8280 = CARTESIAN_POINT('',(342.,318.826,-14.05100021362));
#8281 = LINE('',#8282,#8283);
#8282 = CARTESIAN_POINT('',(342.,318.826,-14.05100021362));
#8283 = VECTOR('',#8284,1.);
#8284 = DIRECTION('',(0.,0.,1.));
#8285 = ORIENTED_EDGE('',*,*,#8286,.T.);
#8286 = EDGE_CURVE('',#8279,#8230,#8287,.T.);
#8287 = CIRCLE('',#8288,3.174);
#8288 = AXIS2_PLACEMENT_3D('',#8289,#8290,#8291);
#8289 = CARTESIAN_POINT('',(338.826,318.826,-14.05100021362));
#8290 = DIRECTION('',(-0.,0.,1.));
#8291 = DIRECTION('',(0.,-1.,0.));
#8292 = ORIENTED_EDGE('',*,*,#8229,.T.);
#8293 = ORIENTED_EDGE('',*,*,#2038,.F.);
#8294 = CYLINDRICAL_SURFACE('',#8295,3.174);
#8295 = AXIS2_PLACEMENT_3D('',#8296,#8297,#8298);
#8296 = CARTESIAN_POINT('',(338.826,318.826,-14.05100021362));
#8297 = DIRECTION('',(0.,0.,1.));
#8298 = DIRECTION('',(1.,0.,0.));
#8299 = ADVANCED_FACE('',(#8300),#8334,.F.);
#8300 = FACE_BOUND('',#8301,.F.);
#8301 = EDGE_LOOP('',(#8302,#8310,#8318,#8326,#8332,#8333));
#8302 = ORIENTED_EDGE('',*,*,#8303,.F.);
#8303 = EDGE_CURVE('',#8304,#8255,#8306,.T.);
#8304 = VERTEX_POINT('',#8305);
#8305 = CARTESIAN_POINT('',(372.8,328.35811508178,-32.15071645736));
#8306 = LINE('',#8307,#8308);
#8307 = CARTESIAN_POINT('',(358.42105026245,328.35811508178,
    -32.15071645736));
#8308 = VECTOR('',#8309,1.);
#8309 = DIRECTION('',(1.,0.,0.));
#8310 = ORIENTED_EDGE('',*,*,#8311,.T.);
#8311 = EDGE_CURVE('',#8304,#8312,#8314,.T.);
#8312 = VERTEX_POINT('',#8313);
#8313 = CARTESIAN_POINT('',(372.8,328.35811508178,-31.116));
#8314 = LINE('',#8315,#8316);
#8315 = CARTESIAN_POINT('',(372.8,328.35811508178,-38.1));
#8316 = VECTOR('',#8317,1.);
#8317 = DIRECTION('',(0.,0.,1.));
#8318 = ORIENTED_EDGE('',*,*,#8319,.F.);
#8319 = EDGE_CURVE('',#8320,#8312,#8322,.T.);
#8320 = VERTEX_POINT('',#8321);
#8321 = CARTESIAN_POINT('',(361.59505026245,328.35811508178,-31.116));
#8322 = LINE('',#8323,#8324);
#8323 = CARTESIAN_POINT('',(358.42105026245,328.35811508178,-31.116));
#8324 = VECTOR('',#8325,1.);
#8325 = DIRECTION('',(1.,0.,0.));
#8326 = ORIENTED_EDGE('',*,*,#8327,.T.);
#8327 = EDGE_CURVE('',#8320,#2072,#8328,.T.);
#8328 = LINE('',#8329,#8330);
#8329 = CARTESIAN_POINT('',(361.59505026245,328.35811508178,
    -32.15071645736));
#8330 = VECTOR('',#8331,1.);
#8331 = DIRECTION('',(0.,0.,1.));
#8332 = ORIENTED_EDGE('',*,*,#2080,.F.);
#8333 = ORIENTED_EDGE('',*,*,#8263,.F.);
#8334 = PLANE('',#8335);
#8335 = AXIS2_PLACEMENT_3D('',#8336,#8337,#8338);
#8336 = CARTESIAN_POINT('',(358.42105026245,328.35811508178,
    -32.15071645736));
#8337 = DIRECTION('',(0.,1.,0.));
#8338 = DIRECTION('',(0.,0.,1.));
#8339 = ADVANCED_FACE('',(#8340),#8358,.F.);
#8340 = FACE_BOUND('',#8341,.F.);
#8341 = EDGE_LOOP('',(#8342,#8350,#8351,#8352));
#8342 = ORIENTED_EDGE('',*,*,#8343,.T.);
#8343 = EDGE_CURVE('',#8344,#8279,#8346,.T.);
#8344 = VERTEX_POINT('',#8345);
#8345 = CARTESIAN_POINT('',(342.,293.35811508178,-14.05100021362));
#8346 = LINE('',#8347,#8348);
#8347 = CARTESIAN_POINT('',(342.,284.,-14.05100021362));
#8348 = VECTOR('',#8349,1.);
#8349 = DIRECTION('',(0.,1.,0.));
#8350 = ORIENTED_EDGE('',*,*,#8278,.T.);
#8351 = ORIENTED_EDGE('',*,*,#2047,.F.);
#8352 = ORIENTED_EDGE('',*,*,#8353,.F.);
#8353 = EDGE_CURVE('',#8344,#2048,#8354,.T.);
#8354 = LINE('',#8355,#8356);
#8355 = CARTESIAN_POINT('',(342.,293.35811508178,-30.77477152485));
#8356 = VECTOR('',#8357,1.);
#8357 = DIRECTION('',(0.,0.,1.));
#8358 = PLANE('',#8359);
#8359 = AXIS2_PLACEMENT_3D('',#8360,#8361,#8362);
#8360 = CARTESIAN_POINT('',(342.,284.,-14.05100021362));
#8361 = DIRECTION('',(1.,0.,0.));
#8362 = DIRECTION('',(0.,0.,1.));
#8363 = ADVANCED_FACE('',(#8364),#8383,.F.);
#8364 = FACE_BOUND('',#8365,.T.);
#8365 = EDGE_LOOP('',(#8366,#8374,#8381,#8382));
#8366 = ORIENTED_EDGE('',*,*,#8367,.F.);
#8367 = EDGE_CURVE('',#8368,#2064,#8370,.T.);
#8368 = VERTEX_POINT('',#8369);
#8369 = CARTESIAN_POINT('',(358.42105026245,325.18411508178,-31.116));
#8370 = LINE('',#8371,#8372);
#8371 = CARTESIAN_POINT('',(358.42105026245,325.18411508178,
    -32.15071645736));
#8372 = VECTOR('',#8373,1.);
#8373 = DIRECTION('',(0.,0.,1.));
#8374 = ORIENTED_EDGE('',*,*,#8375,.F.);
#8375 = EDGE_CURVE('',#8320,#8368,#8376,.T.);
#8376 = CIRCLE('',#8377,3.174);
#8377 = AXIS2_PLACEMENT_3D('',#8378,#8379,#8380);
#8378 = CARTESIAN_POINT('',(361.59505026245,325.18411508178,-31.116));
#8379 = DIRECTION('',(0.,0.,1.));
#8380 = DIRECTION('',(-1.,0.,0.));
#8381 = ORIENTED_EDGE('',*,*,#8327,.T.);
#8382 = ORIENTED_EDGE('',*,*,#2071,.T.);
#8383 = CYLINDRICAL_SURFACE('',#8384,3.174);
#8384 = AXIS2_PLACEMENT_3D('',#8385,#8386,#8387);
#8385 = CARTESIAN_POINT('',(361.59505026245,325.18411508178,
    -32.15071645736));
#8386 = DIRECTION('',(0.,0.,1.));
#8387 = DIRECTION('',(-1.,0.,0.));
#8388 = ADVANCED_FACE('',(#8389),#8438,.F.);
#8389 = FACE_BOUND('',#8390,.F.);
#8390 = EDGE_LOOP('',(#8391,#8392,#8400,#8408,#8414,#8415,#8423,#8431,
    #8437));
#8391 = ORIENTED_EDGE('',*,*,#2055,.F.);
#8392 = ORIENTED_EDGE('',*,*,#8393,.T.);
#8393 = EDGE_CURVE('',#2056,#8394,#8396,.T.);
#8394 = VERTEX_POINT('',#8395);
#8395 = CARTESIAN_POINT('',(358.42105026245,293.35811508178,-31.116));
#8396 = LINE('',#8397,#8398);
#8397 = CARTESIAN_POINT('',(358.42105026245,293.35811508178,
    -34.95071645736));
#8398 = VECTOR('',#8399,1.);
#8399 = DIRECTION('',(0.,0.,-1.));
#8400 = ORIENTED_EDGE('',*,*,#8401,.T.);
#8401 = EDGE_CURVE('',#8394,#8402,#8404,.T.);
#8402 = VERTEX_POINT('',#8403);
#8403 = CARTESIAN_POINT('',(358.42105026245,293.35811508178,-38.1));
#8404 = LINE('',#8405,#8406);
#8405 = CARTESIAN_POINT('',(358.42105026245,293.35811508178,-81.2425));
#8406 = VECTOR('',#8407,1.);
#8407 = DIRECTION('',(0.,0.,-1.));
#8408 = ORIENTED_EDGE('',*,*,#8409,.T.);
#8409 = EDGE_CURVE('',#8402,#7842,#8410,.T.);
#8410 = LINE('',#8411,#8412);
#8411 = CARTESIAN_POINT('',(178.73462762776,293.35811508178,-38.1));
#8412 = VECTOR('',#8413,1.);
#8413 = DIRECTION('',(-1.,0.,0.));
#8414 = ORIENTED_EDGE('',*,*,#7841,.T.);
#8415 = ORIENTED_EDGE('',*,*,#8416,.T.);
#8416 = EDGE_CURVE('',#7834,#8417,#8419,.T.);
#8417 = VERTEX_POINT('',#8418);
#8418 = CARTESIAN_POINT('',(341.59505026245,293.35811508178,-24.385));
#8419 = LINE('',#8420,#8421);
#8420 = CARTESIAN_POINT('',(338.42105026245,293.35811508178,-24.385));
#8421 = VECTOR('',#8422,1.);
#8422 = DIRECTION('',(1.,0.,0.));
#8423 = ORIENTED_EDGE('',*,*,#8424,.T.);
#8424 = EDGE_CURVE('',#8417,#8425,#8427,.T.);
#8425 = VERTEX_POINT('',#8426);
#8426 = CARTESIAN_POINT('',(341.59505026245,293.35811508178,
    -14.05100021362));
#8427 = LINE('',#8428,#8429);
#8428 = CARTESIAN_POINT('',(341.59505026245,293.35811508178,
    -37.75071645736));
#8429 = VECTOR('',#8430,1.);
#8430 = DIRECTION('',(0.,0.,1.));
#8431 = ORIENTED_EDGE('',*,*,#8432,.F.);
#8432 = EDGE_CURVE('',#8344,#8425,#8433,.T.);
#8433 = LINE('',#8434,#8435);
#8434 = CARTESIAN_POINT('',(339.14712762776,293.35811508178,
    -14.05100021362));
#8435 = VECTOR('',#8436,1.);
#8436 = DIRECTION('',(-1.,0.,0.));
#8437 = ORIENTED_EDGE('',*,*,#8353,.T.);
#8438 = PLANE('',#8439);
#8439 = AXIS2_PLACEMENT_3D('',#8440,#8441,#8442);
#8440 = CARTESIAN_POINT('',(354.29425525551,293.35811508178,
    -47.49854283609));
#8441 = DIRECTION('',(0.,1.,0.));
#8442 = DIRECTION('',(0.,0.,1.));
#8443 = ADVANCED_FACE('',(#8444),#8455,.T.);
#8444 = FACE_BOUND('',#8445,.T.);
#8445 = EDGE_LOOP('',(#8446,#8447,#8448,#8454));
#8446 = ORIENTED_EDGE('',*,*,#2063,.F.);
#8447 = ORIENTED_EDGE('',*,*,#8393,.T.);
#8448 = ORIENTED_EDGE('',*,*,#8449,.T.);
#8449 = EDGE_CURVE('',#8394,#8368,#8450,.T.);
#8450 = LINE('',#8451,#8452);
#8451 = CARTESIAN_POINT('',(358.42105026245,266.91428268432,-31.116));
#8452 = VECTOR('',#8453,1.);
#8453 = DIRECTION('',(0.,1.,0.));
#8454 = ORIENTED_EDGE('',*,*,#8367,.T.);
#8455 = PLANE('',#8456);
#8456 = AXIS2_PLACEMENT_3D('',#8457,#8458,#8459);
#8457 = CARTESIAN_POINT('',(358.42105026245,269.91428268432,
    -32.15071645736));
#8458 = DIRECTION('',(1.,0.,0.));
#8459 = DIRECTION('',(0.,0.,1.));
#8460 = ADVANCED_FACE('',(#8461,#8479,#8490),#8501,.T.);
#8461 = FACE_BOUND('',#8462,.T.);
#8462 = EDGE_LOOP('',(#8463,#8464,#8465,#8466,#8467,#8468,#8469,#8470,
    #8471,#8472));
#8463 = ORIENTED_EDGE('',*,*,#8432,.F.);
#8464 = ORIENTED_EDGE('',*,*,#8343,.T.);
#8465 = ORIENTED_EDGE('',*,*,#8286,.T.);
#8466 = ORIENTED_EDGE('',*,*,#8237,.F.);
#8467 = ORIENTED_EDGE('',*,*,#8181,.F.);
#8468 = ORIENTED_EDGE('',*,*,#7678,.T.);
#8469 = ORIENTED_EDGE('',*,*,#7726,.T.);
#8470 = ORIENTED_EDGE('',*,*,#7782,.T.);
#8471 = ORIENTED_EDGE('',*,*,#7881,.F.);
#8472 = ORIENTED_EDGE('',*,*,#8473,.F.);
#8473 = EDGE_CURVE('',#8425,#7826,#8474,.T.);
#8474 = CIRCLE('',#8475,3.174);
#8475 = AXIS2_PLACEMENT_3D('',#8476,#8477,#8478);
#8476 = CARTESIAN_POINT('',(341.59505026245,290.18411508178,
    -14.05100021362));
#8477 = DIRECTION('',(0.,0.,1.));
#8478 = DIRECTION('',(-1.,0.,0.));
#8479 = FACE_BOUND('',#8480,.T.);
#8480 = EDGE_LOOP('',(#8481));
#8481 = ORIENTED_EDGE('',*,*,#8482,.T.);
#8482 = EDGE_CURVE('',#8483,#8483,#8485,.T.);
#8483 = VERTEX_POINT('',#8484);
#8484 = CARTESIAN_POINT('',(331.2728,291.7,-14.05100021362));
#8485 = CIRCLE('',#8486,1.7272);
#8486 = AXIS2_PLACEMENT_3D('',#8487,#8488,#8489);
#8487 = CARTESIAN_POINT('',(333.,291.7,-14.05100021362));
#8488 = DIRECTION('',(0.,0.,-1.));
#8489 = DIRECTION('',(-1.,0.,0.));
#8490 = FACE_BOUND('',#8491,.T.);
#8491 = EDGE_LOOP('',(#8492));
#8492 = ORIENTED_EDGE('',*,*,#8493,.T.);
#8493 = EDGE_CURVE('',#8494,#8494,#8496,.T.);
#8494 = VERTEX_POINT('',#8495);
#8495 = CARTESIAN_POINT('',(331.2728,314.3,-14.05100021362));
#8496 = CIRCLE('',#8497,1.7272);
#8497 = AXIS2_PLACEMENT_3D('',#8498,#8499,#8500);
#8498 = CARTESIAN_POINT('',(333.,314.3,-14.05100021362));
#8499 = DIRECTION('',(0.,0.,-1.));
#8500 = DIRECTION('',(-1.,0.,0.));
#8501 = PLANE('',#8502);
#8502 = AXIS2_PLACEMENT_3D('',#8503,#8504,#8505);
#8503 = CARTESIAN_POINT('',(324.,284.,-14.05100021362));
#8504 = DIRECTION('',(0.,0.,1.));
#8505 = DIRECTION('',(1.,0.,0.));
#8506 = ADVANCED_FACE('',(#8507),#8526,.F.);
#8507 = FACE_BOUND('',#8508,.F.);
#8508 = EDGE_LOOP('',(#8509,#8510,#8518,#8525));
#8509 = ORIENTED_EDGE('',*,*,#8482,.T.);
#8510 = ORIENTED_EDGE('',*,*,#8511,.T.);
#8511 = EDGE_CURVE('',#8483,#8512,#8514,.T.);
#8512 = VERTEX_POINT('',#8513);
#8513 = CARTESIAN_POINT('',(331.2728,291.7,-38.1));
#8514 = LINE('',#8515,#8516);
#8515 = CARTESIAN_POINT('',(331.2728,291.7,-6.35));
#8516 = VECTOR('',#8517,1.);
#8517 = DIRECTION('',(0.,0.,-1.));
#8518 = ORIENTED_EDGE('',*,*,#8519,.F.);
#8519 = EDGE_CURVE('',#8512,#8512,#8520,.T.);
#8520 = CIRCLE('',#8521,1.7272);
#8521 = AXIS2_PLACEMENT_3D('',#8522,#8523,#8524);
#8522 = CARTESIAN_POINT('',(333.,291.7,-38.1));
#8523 = DIRECTION('',(0.,0.,-1.));
#8524 = DIRECTION('',(-1.,0.,0.));
#8525 = ORIENTED_EDGE('',*,*,#8511,.F.);
#8526 = CYLINDRICAL_SURFACE('',#8527,1.7272);
#8527 = AXIS2_PLACEMENT_3D('',#8528,#8529,#8530);
#8528 = CARTESIAN_POINT('',(333.,291.7,-6.35));
#8529 = DIRECTION('',(0.,0.,-1.));
#8530 = DIRECTION('',(-1.,0.,0.));
#8531 = ADVANCED_FACE('',(#8532),#8551,.F.);
#8532 = FACE_BOUND('',#8533,.F.);
#8533 = EDGE_LOOP('',(#8534,#8535,#8543,#8550));
#8534 = ORIENTED_EDGE('',*,*,#8493,.T.);
#8535 = ORIENTED_EDGE('',*,*,#8536,.T.);
#8536 = EDGE_CURVE('',#8494,#8537,#8539,.T.);
#8537 = VERTEX_POINT('',#8538);
#8538 = CARTESIAN_POINT('',(331.2728,314.3,-38.1));
#8539 = LINE('',#8540,#8541);
#8540 = CARTESIAN_POINT('',(331.2728,314.3,-6.35));
#8541 = VECTOR('',#8542,1.);
#8542 = DIRECTION('',(0.,0.,-1.));
#8543 = ORIENTED_EDGE('',*,*,#8544,.F.);
#8544 = EDGE_CURVE('',#8537,#8537,#8545,.T.);
#8545 = CIRCLE('',#8546,1.7272);
#8546 = AXIS2_PLACEMENT_3D('',#8547,#8548,#8549);
#8547 = CARTESIAN_POINT('',(333.,314.3,-38.1));
#8548 = DIRECTION('',(0.,0.,-1.));
#8549 = DIRECTION('',(-1.,0.,0.));
#8550 = ORIENTED_EDGE('',*,*,#8536,.F.);
#8551 = CYLINDRICAL_SURFACE('',#8552,1.7272);
#8552 = AXIS2_PLACEMENT_3D('',#8553,#8554,#8555);
#8553 = CARTESIAN_POINT('',(333.,314.3,-6.35));
#8554 = DIRECTION('',(0.,0.,-1.));
#8555 = DIRECTION('',(-1.,0.,0.));
#8556 = ADVANCED_FACE('',(#8557,#8567,#8578),#8589,.T.);
#8557 = FACE_BOUND('',#8558,.T.);
#8558 = EDGE_LOOP('',(#8559,#8560,#8561,#8562,#8563,#8564,#8565,#8566));
#8559 = ORIENTED_EDGE('',*,*,#7655,.T.);
#8560 = ORIENTED_EDGE('',*,*,#8081,.T.);
#8561 = ORIENTED_EDGE('',*,*,#8032,.F.);
#8562 = ORIENTED_EDGE('',*,*,#7944,.F.);
#8563 = ORIENTED_EDGE('',*,*,#7897,.F.);
#8564 = ORIENTED_EDGE('',*,*,#7798,.T.);
#8565 = ORIENTED_EDGE('',*,*,#7750,.T.);
#8566 = ORIENTED_EDGE('',*,*,#7700,.T.);
#8567 = FACE_BOUND('',#8568,.T.);
#8568 = EDGE_LOOP('',(#8569));
#8569 = ORIENTED_EDGE('',*,*,#8570,.T.);
#8570 = EDGE_CURVE('',#8571,#8571,#8573,.T.);
#8571 = VERTEX_POINT('',#8572);
#8572 = CARTESIAN_POINT('',(312.1698,290.5,-21.97));
#8573 = CIRCLE('',#8574,1.7272);
#8574 = AXIS2_PLACEMENT_3D('',#8575,#8576,#8577);
#8575 = CARTESIAN_POINT('',(313.897,290.5,-21.97));
#8576 = DIRECTION('',(0.,0.,-1.));
#8577 = DIRECTION('',(-1.,0.,0.));
#8578 = FACE_BOUND('',#8579,.T.);
#8579 = EDGE_LOOP('',(#8580));
#8580 = ORIENTED_EDGE('',*,*,#8581,.T.);
#8581 = EDGE_CURVE('',#8582,#8582,#8584,.T.);
#8582 = VERTEX_POINT('',#8583);
#8583 = CARTESIAN_POINT('',(312.1698,315.5,-21.97));
#8584 = CIRCLE('',#8585,1.7272);
#8585 = AXIS2_PLACEMENT_3D('',#8586,#8587,#8588);
#8586 = CARTESIAN_POINT('',(313.897,315.5,-21.97));
#8587 = DIRECTION('',(0.,0.,-1.));
#8588 = DIRECTION('',(-1.,0.,0.));
#8589 = PLANE('',#8590);
#8590 = AXIS2_PLACEMENT_3D('',#8591,#8592,#8593);
#8591 = CARTESIAN_POINT('',(302.397,279.,-21.97));
#8592 = DIRECTION('',(0.,0.,1.));
#8593 = DIRECTION('',(1.,0.,0.));
#8594 = ADVANCED_FACE('',(#8595),#8614,.F.);
#8595 = FACE_BOUND('',#8596,.F.);
#8596 = EDGE_LOOP('',(#8597,#8598,#8606,#8613));
#8597 = ORIENTED_EDGE('',*,*,#8570,.T.);
#8598 = ORIENTED_EDGE('',*,*,#8599,.T.);
#8599 = EDGE_CURVE('',#8571,#8600,#8602,.T.);
#8600 = VERTEX_POINT('',#8601);
#8601 = CARTESIAN_POINT('',(312.1698,290.5,-38.1));
#8602 = LINE('',#8603,#8604);
#8603 = CARTESIAN_POINT('',(312.1698,290.5,-13.97));
#8604 = VECTOR('',#8605,1.);
#8605 = DIRECTION('',(0.,0.,-1.));
#8606 = ORIENTED_EDGE('',*,*,#8607,.F.);
#8607 = EDGE_CURVE('',#8600,#8600,#8608,.T.);
#8608 = CIRCLE('',#8609,1.7272);
#8609 = AXIS2_PLACEMENT_3D('',#8610,#8611,#8612);
#8610 = CARTESIAN_POINT('',(313.897,290.5,-38.1));
#8611 = DIRECTION('',(0.,0.,-1.));
#8612 = DIRECTION('',(-1.,0.,0.));
#8613 = ORIENTED_EDGE('',*,*,#8599,.F.);
#8614 = CYLINDRICAL_SURFACE('',#8615,1.7272);
#8615 = AXIS2_PLACEMENT_3D('',#8616,#8617,#8618);
#8616 = CARTESIAN_POINT('',(313.897,290.5,-13.97));
#8617 = DIRECTION('',(0.,0.,-1.));
#8618 = DIRECTION('',(-1.,0.,0.));
#8619 = ADVANCED_FACE('',(#8620),#8639,.F.);
#8620 = FACE_BOUND('',#8621,.F.);
#8621 = EDGE_LOOP('',(#8622,#8623,#8631,#8638));
#8622 = ORIENTED_EDGE('',*,*,#8581,.T.);
#8623 = ORIENTED_EDGE('',*,*,#8624,.T.);
#8624 = EDGE_CURVE('',#8582,#8625,#8627,.T.);
#8625 = VERTEX_POINT('',#8626);
#8626 = CARTESIAN_POINT('',(312.1698,315.5,-38.1));
#8627 = LINE('',#8628,#8629);
#8628 = CARTESIAN_POINT('',(312.1698,315.5,-13.97));
#8629 = VECTOR('',#8630,1.);
#8630 = DIRECTION('',(0.,0.,-1.));
#8631 = ORIENTED_EDGE('',*,*,#8632,.F.);
#8632 = EDGE_CURVE('',#8625,#8625,#8633,.T.);
#8633 = CIRCLE('',#8634,1.7272);
#8634 = AXIS2_PLACEMENT_3D('',#8635,#8636,#8637);
#8635 = CARTESIAN_POINT('',(313.897,315.5,-38.1));
#8636 = DIRECTION('',(0.,0.,-1.));
#8637 = DIRECTION('',(-1.,0.,0.));
#8638 = ORIENTED_EDGE('',*,*,#8624,.F.);
#8639 = CYLINDRICAL_SURFACE('',#8640,1.7272);
#8640 = AXIS2_PLACEMENT_3D('',#8641,#8642,#8643);
#8641 = CARTESIAN_POINT('',(313.897,315.5,-13.97));
#8642 = DIRECTION('',(0.,0.,-1.));
#8643 = DIRECTION('',(-1.,0.,0.));
#8644 = ADVANCED_FACE('',(#8645),#8657,.F.);
#8645 = FACE_BOUND('',#8646,.T.);
#8646 = EDGE_LOOP('',(#8647,#8648,#8655,#8656));
#8647 = ORIENTED_EDGE('',*,*,#7823,.F.);
#8648 = ORIENTED_EDGE('',*,*,#8649,.F.);
#8649 = EDGE_CURVE('',#8417,#7824,#8650,.T.);
#8650 = CIRCLE('',#8651,3.174);
#8651 = AXIS2_PLACEMENT_3D('',#8652,#8653,#8654);
#8652 = CARTESIAN_POINT('',(341.59505026245,290.18411508178,-24.385));
#8653 = DIRECTION('',(0.,0.,1.));
#8654 = DIRECTION('',(-1.,0.,0.));
#8655 = ORIENTED_EDGE('',*,*,#8424,.T.);
#8656 = ORIENTED_EDGE('',*,*,#8473,.T.);
#8657 = CYLINDRICAL_SURFACE('',#8658,3.174);
#8658 = AXIS2_PLACEMENT_3D('',#8659,#8660,#8661);
#8659 = CARTESIAN_POINT('',(341.59505026245,290.18411508178,
    -37.75071645736));
#8660 = DIRECTION('',(0.,0.,1.));
#8661 = DIRECTION('',(-1.,0.,0.));
#8662 = ADVANCED_FACE('',(#8663),#8668,.F.);
#8663 = FACE_BOUND('',#8664,.F.);
#8664 = EDGE_LOOP('',(#8665,#8666,#8667));
#8665 = ORIENTED_EDGE('',*,*,#7865,.F.);
#8666 = ORIENTED_EDGE('',*,*,#7987,.T.);
#8667 = ORIENTED_EDGE('',*,*,#7920,.F.);
#8668 = PLANE('',#8669);
#8669 = AXIS2_PLACEMENT_3D('',#8670,#8671,#8672);
#8670 = CARTESIAN_POINT('',(338.42105026245,266.91428268432,-24.385));
#8671 = DIRECTION('',(0.,0.,1.));
#8672 = DIRECTION('',(1.,0.,0.));
#8673 = ADVANCED_FACE('',(#8674),#8679,.F.);
#8674 = FACE_BOUND('',#8675,.F.);
#8675 = EDGE_LOOP('',(#8676,#8677,#8678));
#8676 = ORIENTED_EDGE('',*,*,#7833,.F.);
#8677 = ORIENTED_EDGE('',*,*,#8649,.F.);
#8678 = ORIENTED_EDGE('',*,*,#8416,.F.);
#8679 = PLANE('',#8680);
#8680 = AXIS2_PLACEMENT_3D('',#8681,#8682,#8683);
#8681 = CARTESIAN_POINT('',(338.42105026245,266.91428268432,-24.385));
#8682 = DIRECTION('',(0.,0.,1.));
#8683 = DIRECTION('',(1.,0.,0.));
#8684 = ADVANCED_FACE('',(#8685),#8696,.F.);
#8685 = FACE_BOUND('',#8686,.F.);
#8686 = EDGE_LOOP('',(#8687,#8688,#8689,#8695));
#8687 = ORIENTED_EDGE('',*,*,#8057,.F.);
#8688 = ORIENTED_EDGE('',*,*,#7969,.T.);
#8689 = ORIENTED_EDGE('',*,*,#8690,.T.);
#8690 = EDGE_CURVE('',#7972,#8126,#8691,.T.);
#8691 = LINE('',#8692,#8693);
#8692 = CARTESIAN_POINT('',(372.77530040741,266.91428268432,-24.385));
#8693 = VECTOR('',#8694,1.);
#8694 = DIRECTION('',(0.,1.,0.));
#8695 = ORIENTED_EDGE('',*,*,#8133,.T.);
#8696 = PLANE('',#8697);
#8697 = AXIS2_PLACEMENT_3D('',#8698,#8699,#8700);
#8698 = CARTESIAN_POINT('',(338.42105026245,266.91428268432,-24.385));
#8699 = DIRECTION('',(0.,0.,1.));
#8700 = DIRECTION('',(1.,0.,0.));
#8701 = ADVANCED_FACE('',(#8702),#8713,.F.);
#8702 = FACE_BOUND('',#8703,.F.);
#8703 = EDGE_LOOP('',(#8704,#8705,#8706,#8712));
#8704 = ORIENTED_EDGE('',*,*,#8690,.F.);
#8705 = ORIENTED_EDGE('',*,*,#8018,.F.);
#8706 = ORIENTED_EDGE('',*,*,#8707,.F.);
#8707 = EDGE_CURVE('',#8118,#8011,#8708,.T.);
#8708 = LINE('',#8709,#8710);
#8709 = CARTESIAN_POINT('',(372.77530040741,266.91428268432,-31.116));
#8710 = VECTOR('',#8711,1.);
#8711 = DIRECTION('',(0.,-1.,0.));
#8712 = ORIENTED_EDGE('',*,*,#8125,.T.);
#8713 = PLANE('',#8714);
#8714 = AXIS2_PLACEMENT_3D('',#8715,#8716,#8717);
#8715 = CARTESIAN_POINT('',(372.77530040741,266.91428268432,-124.385));
#8716 = DIRECTION('',(1.,0.,0.));
#8717 = DIRECTION('',(0.,0.,1.));
#8718 = ADVANCED_FACE('',(#8719,#8739,#8773),#8784,.T.);
#8719 = FACE_BOUND('',#8720,.T.);
#8720 = EDGE_LOOP('',(#8721,#8727,#8728,#8729,#8730,#8736,#8737,#8738));
#8721 = ORIENTED_EDGE('',*,*,#8722,.F.);
#8722 = EDGE_CURVE('',#8003,#8394,#8723,.T.);
#8723 = LINE('',#8724,#8725);
#8724 = CARTESIAN_POINT('',(358.42105026245,266.91428268432,-31.116));
#8725 = VECTOR('',#8726,1.);
#8726 = DIRECTION('',(0.,1.,0.));
#8727 = ORIENTED_EDGE('',*,*,#8010,.T.);
#8728 = ORIENTED_EDGE('',*,*,#8707,.F.);
#8729 = ORIENTED_EDGE('',*,*,#8117,.T.);
#8730 = ORIENTED_EDGE('',*,*,#8731,.T.);
#8731 = EDGE_CURVE('',#8110,#8312,#8732,.T.);
#8732 = LINE('',#8733,#8734);
#8733 = CARTESIAN_POINT('',(372.8,266.91428268432,-31.116));
#8734 = VECTOR('',#8735,1.);
#8735 = DIRECTION('',(0.,1.,0.));
#8736 = ORIENTED_EDGE('',*,*,#8319,.F.);
#8737 = ORIENTED_EDGE('',*,*,#8375,.T.);
#8738 = ORIENTED_EDGE('',*,*,#8449,.F.);
#8739 = FACE_BOUND('',#8740,.T.);
#8740 = EDGE_LOOP('',(#8741,#8751,#8759,#8767));
#8741 = ORIENTED_EDGE('',*,*,#8742,.F.);
#8742 = EDGE_CURVE('',#8743,#8745,#8747,.T.);
#8743 = VERTEX_POINT('',#8744);
#8744 = CARTESIAN_POINT('',(360.45,284.38,-31.116));
#8745 = VERTEX_POINT('',#8746);
#8746 = CARTESIAN_POINT('',(362.45,284.38,-31.116));
#8747 = LINE('',#8748,#8749);
#8748 = CARTESIAN_POINT('',(360.45,284.38,-31.116));
#8749 = VECTOR('',#8750,1.);
#8750 = DIRECTION('',(1.,0.,0.));
#8751 = ORIENTED_EDGE('',*,*,#8752,.T.);
#8752 = EDGE_CURVE('',#8743,#8753,#8755,.T.);
#8753 = VERTEX_POINT('',#8754);
#8754 = CARTESIAN_POINT('',(360.45,314.38,-31.116));
#8755 = LINE('',#8756,#8757);
#8756 = CARTESIAN_POINT('',(360.45,284.38,-31.116));
#8757 = VECTOR('',#8758,1.);
#8758 = DIRECTION('',(0.,1.,0.));
#8759 = ORIENTED_EDGE('',*,*,#8760,.T.);
#8760 = EDGE_CURVE('',#8753,#8761,#8763,.T.);
#8761 = VERTEX_POINT('',#8762);
#8762 = CARTESIAN_POINT('',(362.45,314.38,-31.116));
#8763 = LINE('',#8764,#8765);
#8764 = CARTESIAN_POINT('',(360.45,314.38,-31.116));
#8765 = VECTOR('',#8766,1.);
#8766 = DIRECTION('',(1.,0.,0.));
#8767 = ORIENTED_EDGE('',*,*,#8768,.F.);
#8768 = EDGE_CURVE('',#8745,#8761,#8769,.T.);
#8769 = LINE('',#8770,#8771);
#8770 = CARTESIAN_POINT('',(362.45,284.38,-31.116));
#8771 = VECTOR('',#8772,1.);
#8772 = DIRECTION('',(0.,1.,0.));
#8773 = FACE_BOUND('',#8774,.T.);
#8774 = EDGE_LOOP('',(#8775));
#8775 = ORIENTED_EDGE('',*,*,#8776,.T.);
#8776 = EDGE_CURVE('',#8777,#8777,#8779,.T.);
#8777 = VERTEX_POINT('',#8778);
#8778 = CARTESIAN_POINT('',(365.8728,299.38,-31.116));
#8779 = CIRCLE('',#8780,1.7272);
#8780 = AXIS2_PLACEMENT_3D('',#8781,#8782,#8783);
#8781 = CARTESIAN_POINT('',(367.6,299.38,-31.116));
#8782 = DIRECTION('',(0.,0.,-1.));
#8783 = DIRECTION('',(-1.,0.,0.));
#8784 = PLANE('',#8785);
#8785 = AXIS2_PLACEMENT_3D('',#8786,#8787,#8788);
#8786 = CARTESIAN_POINT('',(358.42105026245,266.91428268432,-31.116));
#8787 = DIRECTION('',(0.,0.,1.));
#8788 = DIRECTION('',(1.,0.,0.));
#8789 = ADVANCED_FACE('',(#8790),#8809,.F.);
#8790 = FACE_BOUND('',#8791,.F.);
#8791 = EDGE_LOOP('',(#8792,#8793,#8801,#8808));
#8792 = ORIENTED_EDGE('',*,*,#8776,.T.);
#8793 = ORIENTED_EDGE('',*,*,#8794,.T.);
#8794 = EDGE_CURVE('',#8777,#8795,#8797,.T.);
#8795 = VERTEX_POINT('',#8796);
#8796 = CARTESIAN_POINT('',(365.8728,299.38,-38.1));
#8797 = LINE('',#8798,#8799);
#8798 = CARTESIAN_POINT('',(365.8728,299.38,-11.7));
#8799 = VECTOR('',#8800,1.);
#8800 = DIRECTION('',(0.,0.,-1.));
#8801 = ORIENTED_EDGE('',*,*,#8802,.F.);
#8802 = EDGE_CURVE('',#8795,#8795,#8803,.T.);
#8803 = CIRCLE('',#8804,1.7272);
#8804 = AXIS2_PLACEMENT_3D('',#8805,#8806,#8807);
#8805 = CARTESIAN_POINT('',(367.6,299.38,-38.1));
#8806 = DIRECTION('',(0.,0.,-1.));
#8807 = DIRECTION('',(-1.,0.,0.));
#8808 = ORIENTED_EDGE('',*,*,#8794,.F.);
#8809 = CYLINDRICAL_SURFACE('',#8810,1.7272);
#8810 = AXIS2_PLACEMENT_3D('',#8811,#8812,#8813);
#8811 = CARTESIAN_POINT('',(367.6,299.38,-11.7));
#8812 = DIRECTION('',(0.,0.,-1.));
#8813 = DIRECTION('',(-1.,0.,0.));
#8814 = ADVANCED_FACE('',(#8815),#8826,.F.);
#8815 = FACE_BOUND('',#8816,.F.);
#8816 = EDGE_LOOP('',(#8817,#8818,#8824,#8825));
#8817 = ORIENTED_EDGE('',*,*,#8002,.F.);
#8818 = ORIENTED_EDGE('',*,*,#8819,.T.);
#8819 = EDGE_CURVE('',#7995,#8402,#8820,.T.);
#8820 = LINE('',#8821,#8822);
#8821 = CARTESIAN_POINT('',(358.42105026245,266.91428268432,-38.1));
#8822 = VECTOR('',#8823,1.);
#8823 = DIRECTION('',(0.,1.,0.));
#8824 = ORIENTED_EDGE('',*,*,#8401,.F.);
#8825 = ORIENTED_EDGE('',*,*,#8722,.F.);
#8826 = PLANE('',#8827);
#8827 = AXIS2_PLACEMENT_3D('',#8828,#8829,#8830);
#8828 = CARTESIAN_POINT('',(358.42105026245,266.91428268432,-38.1));
#8829 = DIRECTION('',(1.,0.,0.));
#8830 = DIRECTION('',(0.,0.,1.));
#8831 = ADVANCED_FACE('',(#8832),#8845,.T.);
#8832 = FACE_BOUND('',#8833,.T.);
#8833 = EDGE_LOOP('',(#8834,#8835,#8836,#8837,#8843,#8844));
#8834 = ORIENTED_EDGE('',*,*,#8205,.T.);
#8835 = ORIENTED_EDGE('',*,*,#8254,.T.);
#8836 = ORIENTED_EDGE('',*,*,#8303,.F.);
#8837 = ORIENTED_EDGE('',*,*,#8838,.F.);
#8838 = EDGE_CURVE('',#8100,#8304,#8839,.T.);
#8839 = LINE('',#8840,#8841);
#8840 = CARTESIAN_POINT('',(372.8,268.41428268432,-32.15071645736));
#8841 = VECTOR('',#8842,1.);
#8842 = DIRECTION('',(0.,1.,0.));
#8843 = ORIENTED_EDGE('',*,*,#8099,.T.);
#8844 = ORIENTED_EDGE('',*,*,#8156,.T.);
#8845 = PLANE('',#8846);
#8846 = AXIS2_PLACEMENT_3D('',#8847,#8848,#8849);
#8847 = CARTESIAN_POINT('',(358.42105026245,269.91428268432,
    -32.15071645736));
#8848 = DIRECTION('',(0.,0.,1.));
#8849 = DIRECTION('',(1.,0.,0.));
#8850 = ADVANCED_FACE('',(#8851),#8857,.T.);
#8851 = FACE_BOUND('',#8852,.T.);
#8852 = EDGE_LOOP('',(#8853,#8854,#8855,#8856));
#8853 = ORIENTED_EDGE('',*,*,#8731,.F.);
#8854 = ORIENTED_EDGE('',*,*,#8109,.T.);
#8855 = ORIENTED_EDGE('',*,*,#8838,.T.);
#8856 = ORIENTED_EDGE('',*,*,#8311,.T.);
#8857 = PLANE('',#8858);
#8858 = AXIS2_PLACEMENT_3D('',#8859,#8860,#8861);
#8859 = CARTESIAN_POINT('',(372.8,266.91428268432,-38.1));
#8860 = DIRECTION('',(1.,0.,0.));
#8861 = DIRECTION('',(0.,0.,1.));
#8862 = ADVANCED_FACE('',(#8863),#8888,.F.);
#8863 = FACE_BOUND('',#8864,.F.);
#8864 = EDGE_LOOP('',(#8865,#8866,#8874,#8882));
#8865 = ORIENTED_EDGE('',*,*,#8742,.F.);
#8866 = ORIENTED_EDGE('',*,*,#8867,.T.);
#8867 = EDGE_CURVE('',#8743,#8868,#8870,.T.);
#8868 = VERTEX_POINT('',#8869);
#8869 = CARTESIAN_POINT('',(360.45,284.38,-27.885));
#8870 = LINE('',#8871,#8872);
#8871 = CARTESIAN_POINT('',(360.45,284.38,-31.116));
#8872 = VECTOR('',#8873,1.);
#8873 = DIRECTION('',(0.,0.,1.));
#8874 = ORIENTED_EDGE('',*,*,#8875,.T.);
#8875 = EDGE_CURVE('',#8868,#8876,#8878,.T.);
#8876 = VERTEX_POINT('',#8877);
#8877 = CARTESIAN_POINT('',(362.45,284.38,-27.885));
#8878 = LINE('',#8879,#8880);
#8879 = CARTESIAN_POINT('',(360.45,284.38,-27.885));
#8880 = VECTOR('',#8881,1.);
#8881 = DIRECTION('',(1.,0.,0.));
#8882 = ORIENTED_EDGE('',*,*,#8883,.F.);
#8883 = EDGE_CURVE('',#8745,#8876,#8884,.T.);
#8884 = LINE('',#8885,#8886);
#8885 = CARTESIAN_POINT('',(362.45,284.38,-31.116));
#8886 = VECTOR('',#8887,1.);
#8887 = DIRECTION('',(0.,0.,1.));
#8888 = PLANE('',#8889);
#8889 = AXIS2_PLACEMENT_3D('',#8890,#8891,#8892);
#8890 = CARTESIAN_POINT('',(360.45,284.38,-31.116));
#8891 = DIRECTION('',(0.,1.,0.));
#8892 = DIRECTION('',(0.,0.,1.));
#8893 = ADVANCED_FACE('',(#8894),#8912,.F.);
#8894 = FACE_BOUND('',#8895,.F.);
#8895 = EDGE_LOOP('',(#8896,#8897,#8898,#8906));
#8896 = ORIENTED_EDGE('',*,*,#8867,.F.);
#8897 = ORIENTED_EDGE('',*,*,#8752,.T.);
#8898 = ORIENTED_EDGE('',*,*,#8899,.T.);
#8899 = EDGE_CURVE('',#8753,#8900,#8902,.T.);
#8900 = VERTEX_POINT('',#8901);
#8901 = CARTESIAN_POINT('',(360.45,314.38,-27.885));
#8902 = LINE('',#8903,#8904);
#8903 = CARTESIAN_POINT('',(360.45,314.38,-31.116));
#8904 = VECTOR('',#8905,1.);
#8905 = DIRECTION('',(0.,0.,1.));
#8906 = ORIENTED_EDGE('',*,*,#8907,.F.);
#8907 = EDGE_CURVE('',#8868,#8900,#8908,.T.);
#8908 = LINE('',#8909,#8910);
#8909 = CARTESIAN_POINT('',(360.45,284.38,-27.885));
#8910 = VECTOR('',#8911,1.);
#8911 = DIRECTION('',(0.,1.,0.));
#8912 = PLANE('',#8913);
#8913 = AXIS2_PLACEMENT_3D('',#8914,#8915,#8916);
#8914 = CARTESIAN_POINT('',(360.45,284.38,-31.116));
#8915 = DIRECTION('',(1.,0.,0.));
#8916 = DIRECTION('',(0.,0.,1.));
#8917 = ADVANCED_FACE('',(#8918),#8936,.T.);
#8918 = FACE_BOUND('',#8919,.T.);
#8919 = EDGE_LOOP('',(#8920,#8921,#8922,#8930));
#8920 = ORIENTED_EDGE('',*,*,#8883,.F.);
#8921 = ORIENTED_EDGE('',*,*,#8768,.T.);
#8922 = ORIENTED_EDGE('',*,*,#8923,.T.);
#8923 = EDGE_CURVE('',#8761,#8924,#8926,.T.);
#8924 = VERTEX_POINT('',#8925);
#8925 = CARTESIAN_POINT('',(362.45,314.38,-27.885));
#8926 = LINE('',#8927,#8928);
#8927 = CARTESIAN_POINT('',(362.45,314.38,-31.116));
#8928 = VECTOR('',#8929,1.);
#8929 = DIRECTION('',(0.,0.,1.));
#8930 = ORIENTED_EDGE('',*,*,#8931,.F.);
#8931 = EDGE_CURVE('',#8876,#8924,#8932,.T.);
#8932 = LINE('',#8933,#8934);
#8933 = CARTESIAN_POINT('',(362.45,284.38,-27.885));
#8934 = VECTOR('',#8935,1.);
#8935 = DIRECTION('',(0.,1.,0.));
#8936 = PLANE('',#8937);
#8937 = AXIS2_PLACEMENT_3D('',#8938,#8939,#8940);
#8938 = CARTESIAN_POINT('',(362.45,284.38,-31.116));
#8939 = DIRECTION('',(1.,0.,0.));
#8940 = DIRECTION('',(0.,0.,1.));
#8941 = ADVANCED_FACE('',(#8942),#8953,.T.);
#8942 = FACE_BOUND('',#8943,.T.);
#8943 = EDGE_LOOP('',(#8944,#8945,#8946,#8952));
#8944 = ORIENTED_EDGE('',*,*,#8760,.F.);
#8945 = ORIENTED_EDGE('',*,*,#8899,.T.);
#8946 = ORIENTED_EDGE('',*,*,#8947,.T.);
#8947 = EDGE_CURVE('',#8900,#8924,#8948,.T.);
#8948 = LINE('',#8949,#8950);
#8949 = CARTESIAN_POINT('',(360.45,314.38,-27.885));
#8950 = VECTOR('',#8951,1.);
#8951 = DIRECTION('',(1.,0.,0.));
#8952 = ORIENTED_EDGE('',*,*,#8923,.F.);
#8953 = PLANE('',#8954);
#8954 = AXIS2_PLACEMENT_3D('',#8955,#8956,#8957);
#8955 = CARTESIAN_POINT('',(360.45,314.38,-31.116));
#8956 = DIRECTION('',(0.,1.,0.));
#8957 = DIRECTION('',(0.,0.,1.));
#8958 = ADVANCED_FACE('',(#8959),#8965,.T.);
#8959 = FACE_BOUND('',#8960,.T.);
#8960 = EDGE_LOOP('',(#8961,#8962,#8963,#8964));
#8961 = ORIENTED_EDGE('',*,*,#8907,.F.);
#8962 = ORIENTED_EDGE('',*,*,#8875,.T.);
#8963 = ORIENTED_EDGE('',*,*,#8931,.T.);
#8964 = ORIENTED_EDGE('',*,*,#8947,.F.);
#8965 = PLANE('',#8966);
#8966 = AXIS2_PLACEMENT_3D('',#8967,#8968,#8969);
#8967 = CARTESIAN_POINT('',(360.45,284.38,-27.885));
#8968 = DIRECTION('',(0.,0.,1.));
#8969 = DIRECTION('',(1.,0.,0.));
#8970 = ADVANCED_FACE('',(#8971),#8996,.F.);
#8971 = FACE_BOUND('',#8972,.F.);
#8972 = EDGE_LOOP('',(#8973,#8983,#8989,#8990));
#8973 = ORIENTED_EDGE('',*,*,#8974,.T.);
#8974 = EDGE_CURVE('',#8975,#8977,#8979,.T.);
#8975 = VERTEX_POINT('',#8976);
#8976 = CARTESIAN_POINT('',(320.,72.358115081787,-14.05100021362));
#8977 = VERTEX_POINT('',#8978);
#8978 = CARTESIAN_POINT('',(320.,97.826,-14.05100021362));
#8979 = LINE('',#8980,#8981);
#8980 = CARTESIAN_POINT('',(320.,63.,-14.05100021362));
#8981 = VECTOR('',#8982,1.);
#8982 = DIRECTION('',(0.,1.,0.));
#8983 = ORIENTED_EDGE('',*,*,#8984,.T.);
#8984 = EDGE_CURVE('',#8977,#2176,#8985,.T.);
#8985 = LINE('',#8986,#8987);
#8986 = CARTESIAN_POINT('',(320.,97.826,-14.05100021362));
#8987 = VECTOR('',#8988,1.);
#8988 = DIRECTION('',(0.,0.,1.));
#8989 = ORIENTED_EDGE('',*,*,#2173,.F.);
#8990 = ORIENTED_EDGE('',*,*,#8991,.F.);
#8991 = EDGE_CURVE('',#8975,#2174,#8992,.T.);
#8992 = LINE('',#8993,#8994);
#8993 = CARTESIAN_POINT('',(320.,72.358115081787,-30.77477152485));
#8994 = VECTOR('',#8995,1.);
#8995 = DIRECTION('',(0.,0.,1.));
#8996 = PLANE('',#8997);
#8997 = AXIS2_PLACEMENT_3D('',#8998,#8999,#9000);
#8998 = CARTESIAN_POINT('',(320.,63.,-14.05100021362));
#8999 = DIRECTION('',(1.,0.,0.));
#9000 = DIRECTION('',(0.,0.,1.));
#9001 = ADVANCED_FACE('',(#9002),#9060,.F.);
#9002 = FACE_BOUND('',#9003,.F.);
#9003 = EDGE_LOOP('',(#9004,#9005,#9013,#9021,#9029,#9037,#9045,#9053,
    #9059));
#9004 = ORIENTED_EDGE('',*,*,#2183,.F.);
#9005 = ORIENTED_EDGE('',*,*,#9006,.T.);
#9006 = EDGE_CURVE('',#2184,#9007,#9009,.T.);
#9007 = VERTEX_POINT('',#9008);
#9008 = CARTESIAN_POINT('',(336.42105026245,72.358115081787,-31.116));
#9009 = LINE('',#9010,#9011);
#9010 = CARTESIAN_POINT('',(336.42105026245,72.358115081787,
    -34.95071645736));
#9011 = VECTOR('',#9012,1.);
#9012 = DIRECTION('',(0.,0.,-1.));
#9013 = ORIENTED_EDGE('',*,*,#9014,.T.);
#9014 = EDGE_CURVE('',#9007,#9015,#9017,.T.);
#9015 = VERTEX_POINT('',#9016);
#9016 = CARTESIAN_POINT('',(336.42105026245,72.358115081787,-38.1));
#9017 = LINE('',#9018,#9019);
#9018 = CARTESIAN_POINT('',(336.42105026245,72.358115081787,-81.2425));
#9019 = VECTOR('',#9020,1.);
#9020 = DIRECTION('',(0.,0.,-1.));
#9021 = ORIENTED_EDGE('',*,*,#9022,.T.);
#9022 = EDGE_CURVE('',#9015,#9023,#9025,.T.);
#9023 = VERTEX_POINT('',#9024);
#9024 = CARTESIAN_POINT('',(316.42105026245,72.358115081787,-38.1));
#9025 = LINE('',#9026,#9027);
#9026 = CARTESIAN_POINT('',(167.73462762776,72.358115081787,-38.1));
#9027 = VECTOR('',#9028,1.);
#9028 = DIRECTION('',(-1.,0.,0.));
#9029 = ORIENTED_EDGE('',*,*,#9030,.T.);
#9030 = EDGE_CURVE('',#9023,#9031,#9033,.T.);
#9031 = VERTEX_POINT('',#9032);
#9032 = CARTESIAN_POINT('',(316.42105026245,72.358115081787,-24.385));
#9033 = LINE('',#9034,#9035);
#9034 = CARTESIAN_POINT('',(316.42105026245,72.358115081787,-124.385));
#9035 = VECTOR('',#9036,1.);
#9036 = DIRECTION('',(0.,0.,1.));
#9037 = ORIENTED_EDGE('',*,*,#9038,.T.);
#9038 = EDGE_CURVE('',#9031,#9039,#9041,.T.);
#9039 = VERTEX_POINT('',#9040);
#9040 = CARTESIAN_POINT('',(319.59505026245,72.358115081787,-24.385));
#9041 = LINE('',#9042,#9043);
#9042 = CARTESIAN_POINT('',(316.42105026245,72.358115081787,-24.385));
#9043 = VECTOR('',#9044,1.);
#9044 = DIRECTION('',(1.,0.,0.));
#9045 = ORIENTED_EDGE('',*,*,#9046,.T.);
#9046 = EDGE_CURVE('',#9039,#9047,#9049,.T.);
#9047 = VERTEX_POINT('',#9048);
#9048 = CARTESIAN_POINT('',(319.59505026245,72.358115081787,
    -14.05100021362));
#9049 = LINE('',#9050,#9051);
#9050 = CARTESIAN_POINT('',(319.59505026245,72.358115081787,
    -37.75071645736));
#9051 = VECTOR('',#9052,1.);
#9052 = DIRECTION('',(0.,0.,1.));
#9053 = ORIENTED_EDGE('',*,*,#9054,.F.);
#9054 = EDGE_CURVE('',#8975,#9047,#9055,.T.);
#9055 = LINE('',#9056,#9057);
#9056 = CARTESIAN_POINT('',(317.14712762776,72.358115081787,
    -14.05100021362));
#9057 = VECTOR('',#9058,1.);
#9058 = DIRECTION('',(-1.,0.,0.));
#9059 = ORIENTED_EDGE('',*,*,#8991,.T.);
#9060 = PLANE('',#9061);
#9061 = AXIS2_PLACEMENT_3D('',#9062,#9063,#9064);
#9062 = CARTESIAN_POINT('',(332.29425525551,72.358115081787,
    -47.49854283609));
#9063 = DIRECTION('',(0.,1.,0.));
#9064 = DIRECTION('',(0.,0.,1.));
#9065 = ADVANCED_FACE('',(#9066),#9085,.F.);
#9066 = FACE_BOUND('',#9067,.F.);
#9067 = EDGE_LOOP('',(#9068,#9069,#9078,#9084));
#9068 = ORIENTED_EDGE('',*,*,#8984,.F.);
#9069 = ORIENTED_EDGE('',*,*,#9070,.T.);
#9070 = EDGE_CURVE('',#8977,#9071,#9073,.T.);
#9071 = VERTEX_POINT('',#9072);
#9072 = CARTESIAN_POINT('',(316.826,101.,-14.05100021362));
#9073 = CIRCLE('',#9074,3.174);
#9074 = AXIS2_PLACEMENT_3D('',#9075,#9076,#9077);
#9075 = CARTESIAN_POINT('',(316.826,97.826,-14.05100021362));
#9076 = DIRECTION('',(-0.,0.,1.));
#9077 = DIRECTION('',(0.,-1.,0.));
#9078 = ORIENTED_EDGE('',*,*,#9079,.T.);
#9079 = EDGE_CURVE('',#9071,#2319,#9080,.T.);
#9080 = LINE('',#9081,#9082);
#9081 = CARTESIAN_POINT('',(316.826,101.,-14.05100021362));
#9082 = VECTOR('',#9083,1.);
#9083 = DIRECTION('',(0.,0.,1.));
#9084 = ORIENTED_EDGE('',*,*,#2326,.F.);
#9085 = CYLINDRICAL_SURFACE('',#9086,3.174);
#9086 = AXIS2_PLACEMENT_3D('',#9087,#9088,#9089);
#9087 = CARTESIAN_POINT('',(316.826,97.826,-14.05100021362));
#9088 = DIRECTION('',(0.,0.,1.));
#9089 = DIRECTION('',(1.,0.,0.));
#9090 = ADVANCED_FACE('',(#9091),#9109,.T.);
#9091 = FACE_BOUND('',#9092,.T.);
#9092 = EDGE_LOOP('',(#9093,#9094,#9095,#9103));
#9093 = ORIENTED_EDGE('',*,*,#2191,.F.);
#9094 = ORIENTED_EDGE('',*,*,#9006,.T.);
#9095 = ORIENTED_EDGE('',*,*,#9096,.T.);
#9096 = EDGE_CURVE('',#9007,#9097,#9099,.T.);
#9097 = VERTEX_POINT('',#9098);
#9098 = CARTESIAN_POINT('',(336.42105026245,104.18411508178,-31.116));
#9099 = LINE('',#9100,#9101);
#9100 = CARTESIAN_POINT('',(336.42105026245,45.914282684326,-31.116));
#9101 = VECTOR('',#9102,1.);
#9102 = DIRECTION('',(0.,1.,0.));
#9103 = ORIENTED_EDGE('',*,*,#9104,.T.);
#9104 = EDGE_CURVE('',#9097,#2192,#9105,.T.);
#9105 = LINE('',#9106,#9107);
#9106 = CARTESIAN_POINT('',(336.42105026245,104.18411508178,
    -32.15071645736));
#9107 = VECTOR('',#9108,1.);
#9108 = DIRECTION('',(0.,0.,1.));
#9109 = PLANE('',#9110);
#9110 = AXIS2_PLACEMENT_3D('',#9111,#9112,#9113);
#9111 = CARTESIAN_POINT('',(336.42105026245,48.914282684326,
    -32.15071645736));
#9112 = DIRECTION('',(1.,0.,0.));
#9113 = DIRECTION('',(0.,0.,1.));
#9114 = ADVANCED_FACE('',(#9115),#9133,.F.);
#9115 = FACE_BOUND('',#9116,.F.);
#9116 = EDGE_LOOP('',(#9117,#9118,#9126,#9132));
#9117 = ORIENTED_EDGE('',*,*,#9079,.F.);
#9118 = ORIENTED_EDGE('',*,*,#9119,.F.);
#9119 = EDGE_CURVE('',#9120,#9071,#9122,.T.);
#9120 = VERTEX_POINT('',#9121);
#9121 = CARTESIAN_POINT('',(305.174,101.,-14.05100021362));
#9122 = LINE('',#9123,#9124);
#9123 = CARTESIAN_POINT('',(302.,101.,-14.05100021362));
#9124 = VECTOR('',#9125,1.);
#9125 = DIRECTION('',(1.,0.,0.));
#9126 = ORIENTED_EDGE('',*,*,#9127,.T.);
#9127 = EDGE_CURVE('',#9120,#2310,#9128,.T.);
#9128 = LINE('',#9129,#9130);
#9129 = CARTESIAN_POINT('',(305.174,101.,-14.05100021362));
#9130 = VECTOR('',#9131,1.);
#9131 = DIRECTION('',(0.,0.,1.));
#9132 = ORIENTED_EDGE('',*,*,#2318,.F.);
#9133 = PLANE('',#9134);
#9134 = AXIS2_PLACEMENT_3D('',#9135,#9136,#9137);
#9135 = CARTESIAN_POINT('',(302.,101.,-14.05100021362));
#9136 = DIRECTION('',(0.,1.,0.));
#9137 = DIRECTION('',(0.,0.,1.));
#9138 = ADVANCED_FACE('',(#9139),#9158,.F.);
#9139 = FACE_BOUND('',#9140,.T.);
#9140 = EDGE_LOOP('',(#9141,#9142,#9151,#9157));
#9141 = ORIENTED_EDGE('',*,*,#9104,.F.);
#9142 = ORIENTED_EDGE('',*,*,#9143,.F.);
#9143 = EDGE_CURVE('',#9144,#9097,#9146,.T.);
#9144 = VERTEX_POINT('',#9145);
#9145 = CARTESIAN_POINT('',(339.59505026245,107.35811508178,-31.116));
#9146 = CIRCLE('',#9147,3.174);
#9147 = AXIS2_PLACEMENT_3D('',#9148,#9149,#9150);
#9148 = CARTESIAN_POINT('',(339.59505026245,104.18411508178,-31.116));
#9149 = DIRECTION('',(0.,0.,1.));
#9150 = DIRECTION('',(-1.,0.,0.));
#9151 = ORIENTED_EDGE('',*,*,#9152,.T.);
#9152 = EDGE_CURVE('',#9144,#2200,#9153,.T.);
#9153 = LINE('',#9154,#9155);
#9154 = CARTESIAN_POINT('',(339.59505026245,107.35811508178,
    -32.15071645736));
#9155 = VECTOR('',#9156,1.);
#9156 = DIRECTION('',(0.,0.,1.));
#9157 = ORIENTED_EDGE('',*,*,#2199,.T.);
#9158 = CYLINDRICAL_SURFACE('',#9159,3.174);
#9159 = AXIS2_PLACEMENT_3D('',#9160,#9161,#9162);
#9160 = CARTESIAN_POINT('',(339.59505026245,104.18411508178,
    -32.15071645736));
#9161 = DIRECTION('',(0.,0.,1.));
#9162 = DIRECTION('',(-1.,0.,0.));
#9163 = ADVANCED_FACE('',(#9164),#9183,.F.);
#9164 = FACE_BOUND('',#9165,.T.);
#9165 = EDGE_LOOP('',(#9166,#9174,#9181,#9182));
#9166 = ORIENTED_EDGE('',*,*,#9167,.F.);
#9167 = EDGE_CURVE('',#9168,#2302,#9170,.T.);
#9168 = VERTEX_POINT('',#9169);
#9169 = CARTESIAN_POINT('',(302.,97.826,-14.05100021362));
#9170 = LINE('',#9171,#9172);
#9171 = CARTESIAN_POINT('',(302.,97.826,-14.05100021362));
#9172 = VECTOR('',#9173,1.);
#9173 = DIRECTION('',(0.,0.,1.));
#9174 = ORIENTED_EDGE('',*,*,#9175,.T.);
#9175 = EDGE_CURVE('',#9168,#9120,#9176,.T.);
#9176 = CIRCLE('',#9177,3.174);
#9177 = AXIS2_PLACEMENT_3D('',#9178,#9179,#9180);
#9178 = CARTESIAN_POINT('',(305.174,97.826,-14.05100021362));
#9179 = DIRECTION('',(-0.,-0.,-1.));
#9180 = DIRECTION('',(0.,-1.,0.));
#9181 = ORIENTED_EDGE('',*,*,#9127,.T.);
#9182 = ORIENTED_EDGE('',*,*,#2309,.T.);
#9183 = CYLINDRICAL_SURFACE('',#9184,3.174);
#9184 = AXIS2_PLACEMENT_3D('',#9185,#9186,#9187);
#9185 = CARTESIAN_POINT('',(305.174,97.826,-14.05100021362));
#9186 = DIRECTION('',(0.,0.,1.));
#9187 = DIRECTION('',(-1.,0.,0.));
#9188 = ADVANCED_FACE('',(#9189),#9223,.F.);
#9189 = FACE_BOUND('',#9190,.F.);
#9190 = EDGE_LOOP('',(#9191,#9201,#9209,#9215,#9216,#9217));
#9191 = ORIENTED_EDGE('',*,*,#9192,.F.);
#9192 = EDGE_CURVE('',#9193,#9195,#9197,.T.);
#9193 = VERTEX_POINT('',#9194);
#9194 = CARTESIAN_POINT('',(350.8,107.35811508178,-32.15071645736));
#9195 = VERTEX_POINT('',#9196);
#9196 = CARTESIAN_POINT('',(375.40130040741,107.35811508178,
    -32.15071645736));
#9197 = LINE('',#9198,#9199);
#9198 = CARTESIAN_POINT('',(336.42105026245,107.35811508178,
    -32.15071645736));
#9199 = VECTOR('',#9200,1.);
#9200 = DIRECTION('',(1.,0.,0.));
#9201 = ORIENTED_EDGE('',*,*,#9202,.T.);
#9202 = EDGE_CURVE('',#9193,#9203,#9205,.T.);
#9203 = VERTEX_POINT('',#9204);
#9204 = CARTESIAN_POINT('',(350.8,107.35811508178,-31.116));
#9205 = LINE('',#9206,#9207);
#9206 = CARTESIAN_POINT('',(350.8,107.35811508178,-38.1));
#9207 = VECTOR('',#9208,1.);
#9208 = DIRECTION('',(0.,0.,1.));
#9209 = ORIENTED_EDGE('',*,*,#9210,.F.);
#9210 = EDGE_CURVE('',#9144,#9203,#9211,.T.);
#9211 = LINE('',#9212,#9213);
#9212 = CARTESIAN_POINT('',(336.42105026245,107.35811508178,-31.116));
#9213 = VECTOR('',#9214,1.);
#9214 = DIRECTION('',(1.,0.,0.));
#9215 = ORIENTED_EDGE('',*,*,#9152,.T.);
#9216 = ORIENTED_EDGE('',*,*,#2208,.F.);
#9217 = ORIENTED_EDGE('',*,*,#9218,.F.);
#9218 = EDGE_CURVE('',#9195,#2209,#9219,.T.);
#9219 = LINE('',#9220,#9221);
#9220 = CARTESIAN_POINT('',(375.40130040741,107.35811508178,
    -32.15071645736));
#9221 = VECTOR('',#9222,1.);
#9222 = DIRECTION('',(0.,0.,1.));
#9223 = PLANE('',#9224);
#9224 = AXIS2_PLACEMENT_3D('',#9225,#9226,#9227);
#9225 = CARTESIAN_POINT('',(336.42105026245,107.35811508178,
    -32.15071645736));
#9226 = DIRECTION('',(0.,1.,0.));
#9227 = DIRECTION('',(0.,0.,1.));
#9228 = ADVANCED_FACE('',(#9229),#9247,.T.);
#9229 = FACE_BOUND('',#9230,.T.);
#9230 = EDGE_LOOP('',(#9231,#9232,#9233,#9241));
#9231 = ORIENTED_EDGE('',*,*,#9167,.T.);
#9232 = ORIENTED_EDGE('',*,*,#2301,.F.);
#9233 = ORIENTED_EDGE('',*,*,#9234,.F.);
#9234 = EDGE_CURVE('',#9235,#2293,#9237,.T.);
#9235 = VERTEX_POINT('',#9236);
#9236 = CARTESIAN_POINT('',(302.,66.174,-14.05100021362));
#9237 = LINE('',#9238,#9239);
#9238 = CARTESIAN_POINT('',(302.,66.174,-14.05100021362));
#9239 = VECTOR('',#9240,1.);
#9240 = DIRECTION('',(0.,0.,1.));
#9241 = ORIENTED_EDGE('',*,*,#9242,.T.);
#9242 = EDGE_CURVE('',#9235,#9168,#9243,.T.);
#9243 = LINE('',#9244,#9245);
#9244 = CARTESIAN_POINT('',(302.,63.,-14.05100021362));
#9245 = VECTOR('',#9246,1.);
#9246 = DIRECTION('',(0.,1.,0.));
#9247 = PLANE('',#9248);
#9248 = AXIS2_PLACEMENT_3D('',#9249,#9250,#9251);
#9249 = CARTESIAN_POINT('',(302.,63.,-14.05100021362));
#9250 = DIRECTION('',(1.,0.,0.));
#9251 = DIRECTION('',(0.,0.,1.));
#9252 = ADVANCED_FACE('',(#9253),#9272,.F.);
#9253 = FACE_BOUND('',#9254,.F.);
#9254 = EDGE_LOOP('',(#9255,#9263,#9270,#9271));
#9255 = ORIENTED_EDGE('',*,*,#9256,.F.);
#9256 = EDGE_CURVE('',#9257,#2217,#9259,.T.);
#9257 = VERTEX_POINT('',#9258);
#9258 = CARTESIAN_POINT('',(378.57530040741,104.18411508178,
    -32.15071645736));
#9259 = LINE('',#9260,#9261);
#9260 = CARTESIAN_POINT('',(378.57530040741,104.18411508178,
    -32.15071645736));
#9261 = VECTOR('',#9262,1.);
#9262 = DIRECTION('',(0.,0.,1.));
#9263 = ORIENTED_EDGE('',*,*,#9264,.T.);
#9264 = EDGE_CURVE('',#9257,#9195,#9265,.T.);
#9265 = CIRCLE('',#9266,3.174);
#9266 = AXIS2_PLACEMENT_3D('',#9267,#9268,#9269);
#9267 = CARTESIAN_POINT('',(375.40130040741,104.18411508178,
    -32.15071645736));
#9268 = DIRECTION('',(-0.,0.,1.));
#9269 = DIRECTION('',(0.,-1.,0.));
#9270 = ORIENTED_EDGE('',*,*,#9218,.T.);
#9271 = ORIENTED_EDGE('',*,*,#2216,.F.);
#9272 = CYLINDRICAL_SURFACE('',#9273,3.174);
#9273 = AXIS2_PLACEMENT_3D('',#9274,#9275,#9276);
#9274 = CARTESIAN_POINT('',(375.40130040741,104.18411508178,
    -32.15071645736));
#9275 = DIRECTION('',(0.,0.,1.));
#9276 = DIRECTION('',(1.,0.,0.));
#9277 = ADVANCED_FACE('',(#9278),#9297,.F.);
#9278 = FACE_BOUND('',#9279,.F.);
#9279 = EDGE_LOOP('',(#9280,#9281,#9290,#9296));
#9280 = ORIENTED_EDGE('',*,*,#9234,.F.);
#9281 = ORIENTED_EDGE('',*,*,#9282,.T.);
#9282 = EDGE_CURVE('',#9235,#9283,#9285,.T.);
#9283 = VERTEX_POINT('',#9284);
#9284 = CARTESIAN_POINT('',(305.174,63.,-14.05100021362));
#9285 = CIRCLE('',#9286,3.174);
#9286 = AXIS2_PLACEMENT_3D('',#9287,#9288,#9289);
#9287 = CARTESIAN_POINT('',(305.174,66.174,-14.05100021362));
#9288 = DIRECTION('',(-0.,0.,1.));
#9289 = DIRECTION('',(0.,-1.,0.));
#9290 = ORIENTED_EDGE('',*,*,#9291,.T.);
#9291 = EDGE_CURVE('',#9283,#2285,#9292,.T.);
#9292 = LINE('',#9293,#9294);
#9293 = CARTESIAN_POINT('',(305.174,63.,-14.05100021362));
#9294 = VECTOR('',#9295,1.);
#9295 = DIRECTION('',(0.,0.,1.));
#9296 = ORIENTED_EDGE('',*,*,#2292,.F.);
#9297 = CYLINDRICAL_SURFACE('',#9298,3.174);
#9298 = AXIS2_PLACEMENT_3D('',#9299,#9300,#9301);
#9299 = CARTESIAN_POINT('',(305.174,66.174,-14.05100021362));
#9300 = DIRECTION('',(0.,0.,1.));
#9301 = DIRECTION('',(-1.,0.,0.));
#9302 = ADVANCED_FACE('',(#9303),#9321,.F.);
#9303 = FACE_BOUND('',#9304,.F.);
#9304 = EDGE_LOOP('',(#9305,#9313,#9314,#9315));
#9305 = ORIENTED_EDGE('',*,*,#9306,.T.);
#9306 = EDGE_CURVE('',#9307,#9257,#9309,.T.);
#9307 = VERTEX_POINT('',#9308);
#9308 = CARTESIAN_POINT('',(378.57530040741,52.088282684326,
    -32.15071645736));
#9309 = LINE('',#9310,#9311);
#9310 = CARTESIAN_POINT('',(378.57530040741,48.914282684326,
    -32.15071645736));
#9311 = VECTOR('',#9312,1.);
#9312 = DIRECTION('',(0.,1.,0.));
#9313 = ORIENTED_EDGE('',*,*,#9256,.T.);
#9314 = ORIENTED_EDGE('',*,*,#2225,.F.);
#9315 = ORIENTED_EDGE('',*,*,#9316,.F.);
#9316 = EDGE_CURVE('',#9307,#2226,#9317,.T.);
#9317 = LINE('',#9318,#9319);
#9318 = CARTESIAN_POINT('',(378.57530040741,52.088282684326,
    -32.15071645736));
#9319 = VECTOR('',#9320,1.);
#9320 = DIRECTION('',(0.,0.,1.));
#9321 = PLANE('',#9322);
#9322 = AXIS2_PLACEMENT_3D('',#9323,#9324,#9325);
#9323 = CARTESIAN_POINT('',(378.57530040741,48.914282684326,
    -32.15071645736));
#9324 = DIRECTION('',(1.,0.,0.));
#9325 = DIRECTION('',(0.,0.,1.));
#9326 = ADVANCED_FACE('',(#9327),#9345,.T.);
#9327 = FACE_BOUND('',#9328,.T.);
#9328 = EDGE_LOOP('',(#9329,#9337,#9343,#9344));
#9329 = ORIENTED_EDGE('',*,*,#9330,.F.);
#9330 = EDGE_CURVE('',#9331,#2277,#9333,.T.);
#9331 = VERTEX_POINT('',#9332);
#9332 = CARTESIAN_POINT('',(316.42105026245,63.,-14.05100021362));
#9333 = LINE('',#9334,#9335);
#9334 = CARTESIAN_POINT('',(316.42105026245,63.,-31.9050958315));
#9335 = VECTOR('',#9336,1.);
#9336 = DIRECTION('',(0.,0.,1.));
#9337 = ORIENTED_EDGE('',*,*,#9338,.F.);
#9338 = EDGE_CURVE('',#9283,#9331,#9339,.T.);
#9339 = LINE('',#9340,#9341);
#9340 = CARTESIAN_POINT('',(302.,63.,-14.05100021362));
#9341 = VECTOR('',#9342,1.);
#9342 = DIRECTION('',(1.,0.,0.));
#9343 = ORIENTED_EDGE('',*,*,#9291,.T.);
#9344 = ORIENTED_EDGE('',*,*,#2284,.F.);
#9345 = PLANE('',#9346);
#9346 = AXIS2_PLACEMENT_3D('',#9347,#9348,#9349);
#9347 = CARTESIAN_POINT('',(302.,63.,-14.05100021362));
#9348 = DIRECTION('',(0.,1.,0.));
#9349 = DIRECTION('',(0.,0.,1.));
#9350 = ADVANCED_FACE('',(#9351),#9370,.F.);
#9351 = FACE_BOUND('',#9352,.F.);
#9352 = EDGE_LOOP('',(#9353,#9361,#9368,#9369));
#9353 = ORIENTED_EDGE('',*,*,#9354,.F.);
#9354 = EDGE_CURVE('',#9355,#2234,#9357,.T.);
#9355 = VERTEX_POINT('',#9356);
#9356 = CARTESIAN_POINT('',(375.40130040741,48.914282684326,
    -32.15071645736));
#9357 = LINE('',#9358,#9359);
#9358 = CARTESIAN_POINT('',(375.40130040741,48.914282684326,
    -32.15071645736));
#9359 = VECTOR('',#9360,1.);
#9360 = DIRECTION('',(0.,0.,1.));
#9361 = ORIENTED_EDGE('',*,*,#9362,.T.);
#9362 = EDGE_CURVE('',#9355,#9307,#9363,.T.);
#9363 = CIRCLE('',#9364,3.174);
#9364 = AXIS2_PLACEMENT_3D('',#9365,#9366,#9367);
#9365 = CARTESIAN_POINT('',(375.40130040741,52.088282684326,
    -32.15071645736));
#9366 = DIRECTION('',(-0.,0.,1.));
#9367 = DIRECTION('',(0.,-1.,0.));
#9368 = ORIENTED_EDGE('',*,*,#9316,.T.);
#9369 = ORIENTED_EDGE('',*,*,#2233,.F.);
#9370 = CYLINDRICAL_SURFACE('',#9371,3.174);
#9371 = AXIS2_PLACEMENT_3D('',#9372,#9373,#9374);
#9372 = CARTESIAN_POINT('',(375.40130040741,52.088282684326,
    -32.15071645736));
#9373 = DIRECTION('',(0.,0.,1.));
#9374 = DIRECTION('',(0.,-1.,0.));
#9375 = ADVANCED_FACE('',(#9376),#9433,.F.);
#9376 = FACE_BOUND('',#9377,.F.);
#9377 = EDGE_LOOP('',(#9378,#9388,#9394,#9395,#9403,#9411,#9419,#9425,
    #9426,#9427));
#9378 = ORIENTED_EDGE('',*,*,#9379,.F.);
#9379 = EDGE_CURVE('',#9380,#9382,#9384,.T.);
#9380 = VERTEX_POINT('',#9381);
#9381 = CARTESIAN_POINT('',(316.42105026245,69.184115081787,-24.385));
#9382 = VERTEX_POINT('',#9383);
#9383 = CARTESIAN_POINT('',(316.42105026245,69.184115081787,
    -14.05100021362));
#9384 = LINE('',#9385,#9386);
#9385 = CARTESIAN_POINT('',(316.42105026245,69.184115081787,
    -37.75071645736));
#9386 = VECTOR('',#9387,1.);
#9387 = DIRECTION('',(0.,0.,1.));
#9388 = ORIENTED_EDGE('',*,*,#9389,.T.);
#9389 = EDGE_CURVE('',#9380,#9031,#9390,.T.);
#9390 = LINE('',#9391,#9392);
#9391 = CARTESIAN_POINT('',(316.42105026245,45.914282684326,-24.385));
#9392 = VECTOR('',#9393,1.);
#9393 = DIRECTION('',(0.,1.,0.));
#9394 = ORIENTED_EDGE('',*,*,#9030,.F.);
#9395 = ORIENTED_EDGE('',*,*,#9396,.T.);
#9396 = EDGE_CURVE('',#9023,#9397,#9399,.T.);
#9397 = VERTEX_POINT('',#9398);
#9398 = CARTESIAN_POINT('',(316.42105026245,45.914282684326,-38.1));
#9399 = LINE('',#9400,#9401);
#9400 = CARTESIAN_POINT('',(316.42105026245,24.805599441528,-38.1));
#9401 = VECTOR('',#9402,1.);
#9402 = DIRECTION('',(0.,-1.,0.));
#9403 = ORIENTED_EDGE('',*,*,#9404,.T.);
#9404 = EDGE_CURVE('',#9397,#9405,#9407,.T.);
#9405 = VERTEX_POINT('',#9406);
#9406 = CARTESIAN_POINT('',(316.42105026245,45.914282684326,-24.385));
#9407 = LINE('',#9408,#9409);
#9408 = CARTESIAN_POINT('',(316.42105026245,45.914282684326,-124.385));
#9409 = VECTOR('',#9410,1.);
#9410 = DIRECTION('',(0.,0.,1.));
#9411 = ORIENTED_EDGE('',*,*,#9412,.T.);
#9412 = EDGE_CURVE('',#9405,#9413,#9415,.T.);
#9413 = VERTEX_POINT('',#9414);
#9414 = CARTESIAN_POINT('',(316.42105026245,49.088282684326,-24.385));
#9415 = LINE('',#9416,#9417);
#9416 = CARTESIAN_POINT('',(316.42105026245,45.914282684326,-24.385));
#9417 = VECTOR('',#9418,1.);
#9418 = DIRECTION('',(0.,1.,0.));
#9419 = ORIENTED_EDGE('',*,*,#9420,.T.);
#9420 = EDGE_CURVE('',#9413,#2268,#9421,.T.);
#9421 = LINE('',#9422,#9423);
#9422 = CARTESIAN_POINT('',(316.42105026245,49.088282684326,
    -37.75071645736));
#9423 = VECTOR('',#9424,1.);
#9424 = DIRECTION('',(0.,0.,1.));
#9425 = ORIENTED_EDGE('',*,*,#2276,.F.);
#9426 = ORIENTED_EDGE('',*,*,#9330,.F.);
#9427 = ORIENTED_EDGE('',*,*,#9428,.F.);
#9428 = EDGE_CURVE('',#9382,#9331,#9429,.T.);
#9429 = LINE('',#9430,#9431);
#9430 = CARTESIAN_POINT('',(316.42105026245,61.068099441528,
    -14.05100021362));
#9431 = VECTOR('',#9432,1.);
#9432 = DIRECTION('',(0.,-1.,0.));
#9433 = PLANE('',#9434);
#9434 = AXIS2_PLACEMENT_3D('',#9435,#9436,#9437);
#9435 = CARTESIAN_POINT('',(316.42105026245,59.136198883057,
    -49.75919144937));
#9436 = DIRECTION('',(-1.,-0.,-0.));
#9437 = DIRECTION('',(0.,0.,-1.));
#9438 = ADVANCED_FACE('',(#9439),#9489,.T.);
#9439 = FACE_BOUND('',#9440,.T.);
#9440 = EDGE_LOOP('',(#9441,#9449,#9457,#9465,#9473,#9481,#9487,#9488));
#9441 = ORIENTED_EDGE('',*,*,#9442,.F.);
#9442 = EDGE_CURVE('',#9443,#9355,#9445,.T.);
#9443 = VERTEX_POINT('',#9444);
#9444 = CARTESIAN_POINT('',(350.8,48.914282684326,-32.15071645736));
#9445 = LINE('',#9446,#9447);
#9446 = CARTESIAN_POINT('',(336.42105026245,48.914282684326,
    -32.15071645736));
#9447 = VECTOR('',#9448,1.);
#9448 = DIRECTION('',(1.,0.,0.));
#9449 = ORIENTED_EDGE('',*,*,#9450,.F.);
#9450 = EDGE_CURVE('',#9451,#9443,#9453,.T.);
#9451 = VERTEX_POINT('',#9452);
#9452 = CARTESIAN_POINT('',(350.8,48.914282684326,-31.116));
#9453 = LINE('',#9454,#9455);
#9454 = CARTESIAN_POINT('',(350.8,48.914282684326,-35.12535822868));
#9455 = VECTOR('',#9456,1.);
#9456 = DIRECTION('',(0.,0.,-1.));
#9457 = ORIENTED_EDGE('',*,*,#9458,.F.);
#9458 = EDGE_CURVE('',#9459,#9451,#9461,.T.);
#9459 = VERTEX_POINT('',#9460);
#9460 = CARTESIAN_POINT('',(350.77530040741,48.914282684326,-31.116));
#9461 = LINE('',#9462,#9463);
#9462 = CARTESIAN_POINT('',(336.42105026245,48.914282684326,-31.116));
#9463 = VECTOR('',#9464,1.);
#9464 = DIRECTION('',(1.,0.,0.));
#9465 = ORIENTED_EDGE('',*,*,#9466,.T.);
#9466 = EDGE_CURVE('',#9459,#9467,#9469,.T.);
#9467 = VERTEX_POINT('',#9468);
#9468 = CARTESIAN_POINT('',(350.77530040741,48.914282684326,-24.385));
#9469 = LINE('',#9470,#9471);
#9470 = CARTESIAN_POINT('',(350.77530040741,48.914282684326,
    -78.26785822868));
#9471 = VECTOR('',#9472,1.);
#9472 = DIRECTION('',(0.,0.,1.));
#9473 = ORIENTED_EDGE('',*,*,#9474,.T.);
#9474 = EDGE_CURVE('',#9467,#9475,#9477,.T.);
#9475 = VERTEX_POINT('',#9476);
#9476 = CARTESIAN_POINT('',(350.7705274425,48.914282684326,-24.385));
#9477 = LINE('',#9478,#9479);
#9478 = CARTESIAN_POINT('',(326.42105026245,48.914282684326,-24.385));
#9479 = VECTOR('',#9480,1.);
#9480 = DIRECTION('',(-1.,0.,0.));
#9481 = ORIENTED_EDGE('',*,*,#9482,.T.);
#9482 = EDGE_CURVE('',#9475,#2243,#9483,.T.);
#9483 = LINE('',#9484,#9485);
#9484 = CARTESIAN_POINT('',(350.7705274425,48.914282684326,
    -37.75071645736));
#9485 = VECTOR('',#9486,1.);
#9486 = DIRECTION('',(0.,0.,1.));
#9487 = ORIENTED_EDGE('',*,*,#2242,.F.);
#9488 = ORIENTED_EDGE('',*,*,#9354,.F.);
#9489 = PLANE('',#9490);
#9490 = AXIS2_PLACEMENT_3D('',#9491,#9492,#9493);
#9491 = CARTESIAN_POINT('',(336.42105026245,48.914282684326,
    -32.15071645736));
#9492 = DIRECTION('',(0.,1.,0.));
#9493 = DIRECTION('',(0.,0.,1.));
#9494 = ADVANCED_FACE('',(#9495),#9514,.F.);
#9495 = FACE_BOUND('',#9496,.F.);
#9496 = EDGE_LOOP('',(#9497,#9498,#9507,#9513));
#9497 = ORIENTED_EDGE('',*,*,#9420,.F.);
#9498 = ORIENTED_EDGE('',*,*,#9499,.T.);
#9499 = EDGE_CURVE('',#9413,#9500,#9502,.T.);
#9500 = VERTEX_POINT('',#9501);
#9501 = CARTESIAN_POINT('',(319.59505026245,45.914282684326,-24.385));
#9502 = CIRCLE('',#9503,3.174);
#9503 = AXIS2_PLACEMENT_3D('',#9504,#9505,#9506);
#9504 = CARTESIAN_POINT('',(319.59505026245,49.088282684326,-24.385));
#9505 = DIRECTION('',(0.,0.,1.));
#9506 = DIRECTION('',(-1.,0.,0.));
#9507 = ORIENTED_EDGE('',*,*,#9508,.T.);
#9508 = EDGE_CURVE('',#9500,#2260,#9509,.T.);
#9509 = LINE('',#9510,#9511);
#9510 = CARTESIAN_POINT('',(319.59505026245,45.914282684326,
    -37.75071645736));
#9511 = VECTOR('',#9512,1.);
#9512 = DIRECTION('',(0.,0.,1.));
#9513 = ORIENTED_EDGE('',*,*,#2267,.F.);
#9514 = CYLINDRICAL_SURFACE('',#9515,3.174);
#9515 = AXIS2_PLACEMENT_3D('',#9516,#9517,#9518);
#9516 = CARTESIAN_POINT('',(319.59505026245,49.088282684326,
    -37.75071645736));
#9517 = DIRECTION('',(0.,0.,1.));
#9518 = DIRECTION('',(-1.,0.,0.));
#9519 = ADVANCED_FACE('',(#9520),#9539,.F.);
#9520 = FACE_BOUND('',#9521,.F.);
#9521 = EDGE_LOOP('',(#9522,#9530,#9537,#9538));
#9522 = ORIENTED_EDGE('',*,*,#9523,.F.);
#9523 = EDGE_CURVE('',#9524,#2251,#9526,.T.);
#9524 = VERTEX_POINT('',#9525);
#9525 = CARTESIAN_POINT('',(347.60130040741,45.914282684326,-24.385));
#9526 = LINE('',#9527,#9528);
#9527 = CARTESIAN_POINT('',(347.60130040741,45.914282684326,
    -37.75071645736));
#9528 = VECTOR('',#9529,1.);
#9529 = DIRECTION('',(0.,0.,1.));
#9530 = ORIENTED_EDGE('',*,*,#9531,.T.);
#9531 = EDGE_CURVE('',#9524,#9475,#9532,.T.);
#9532 = CIRCLE('',#9533,3.174);
#9533 = AXIS2_PLACEMENT_3D('',#9534,#9535,#9536);
#9534 = CARTESIAN_POINT('',(347.60130040741,49.088282684326,-24.385));
#9535 = DIRECTION('',(-0.,0.,1.));
#9536 = DIRECTION('',(0.,-1.,0.));
#9537 = ORIENTED_EDGE('',*,*,#9482,.T.);
#9538 = ORIENTED_EDGE('',*,*,#2250,.F.);
#9539 = CYLINDRICAL_SURFACE('',#9540,3.174);
#9540 = AXIS2_PLACEMENT_3D('',#9541,#9542,#9543);
#9541 = CARTESIAN_POINT('',(347.60130040741,49.088282684326,
    -37.75071645736));
#9542 = DIRECTION('',(0.,0.,1.));
#9543 = DIRECTION('',(0.,-1.,0.));
#9544 = ADVANCED_FACE('',(#9545),#9595,.F.);
#9545 = FACE_BOUND('',#9546,.F.);
#9546 = EDGE_LOOP('',(#9547,#9555,#9556,#9557,#9558,#9564,#9565,#9573,
    #9581,#9589));
#9547 = ORIENTED_EDGE('',*,*,#9548,.F.);
#9548 = EDGE_CURVE('',#9524,#9549,#9551,.T.);
#9549 = VERTEX_POINT('',#9550);
#9550 = CARTESIAN_POINT('',(350.77530040741,45.914282684326,-24.385));
#9551 = LINE('',#9552,#9553);
#9552 = CARTESIAN_POINT('',(316.42105026245,45.914282684326,-24.385));
#9553 = VECTOR('',#9554,1.);
#9554 = DIRECTION('',(1.,0.,0.));
#9555 = ORIENTED_EDGE('',*,*,#9523,.T.);
#9556 = ORIENTED_EDGE('',*,*,#2259,.F.);
#9557 = ORIENTED_EDGE('',*,*,#9508,.F.);
#9558 = ORIENTED_EDGE('',*,*,#9559,.F.);
#9559 = EDGE_CURVE('',#9405,#9500,#9560,.T.);
#9560 = LINE('',#9561,#9562);
#9561 = CARTESIAN_POINT('',(316.42105026245,45.914282684326,-24.385));
#9562 = VECTOR('',#9563,1.);
#9563 = DIRECTION('',(1.,0.,0.));
#9564 = ORIENTED_EDGE('',*,*,#9404,.F.);
#9565 = ORIENTED_EDGE('',*,*,#9566,.T.);
#9566 = EDGE_CURVE('',#9397,#9567,#9569,.T.);
#9567 = VERTEX_POINT('',#9568);
#9568 = CARTESIAN_POINT('',(336.42105026245,45.914282684326,-38.1));
#9569 = LINE('',#9570,#9571);
#9570 = CARTESIAN_POINT('',(168.6203807539,45.914282684326,-38.1));
#9571 = VECTOR('',#9572,1.);
#9572 = DIRECTION('',(1.,0.,0.));
#9573 = ORIENTED_EDGE('',*,*,#9574,.T.);
#9574 = EDGE_CURVE('',#9567,#9575,#9577,.T.);
#9575 = VERTEX_POINT('',#9576);
#9576 = CARTESIAN_POINT('',(336.42105026245,45.914282684326,-31.116));
#9577 = LINE('',#9578,#9579);
#9578 = CARTESIAN_POINT('',(336.42105026245,45.914282684326,-38.1));
#9579 = VECTOR('',#9580,1.);
#9580 = DIRECTION('',(0.,0.,1.));
#9581 = ORIENTED_EDGE('',*,*,#9582,.T.);
#9582 = EDGE_CURVE('',#9575,#9583,#9585,.T.);
#9583 = VERTEX_POINT('',#9584);
#9584 = CARTESIAN_POINT('',(350.77530040741,45.914282684326,-31.116));
#9585 = LINE('',#9586,#9587);
#9586 = CARTESIAN_POINT('',(336.42105026245,45.914282684326,-31.116));
#9587 = VECTOR('',#9588,1.);
#9588 = DIRECTION('',(1.,0.,0.));
#9589 = ORIENTED_EDGE('',*,*,#9590,.T.);
#9590 = EDGE_CURVE('',#9583,#9549,#9591,.T.);
#9591 = LINE('',#9592,#9593);
#9592 = CARTESIAN_POINT('',(350.77530040741,45.914282684326,-124.385));
#9593 = VECTOR('',#9594,1.);
#9594 = DIRECTION('',(0.,0.,1.));
#9595 = PLANE('',#9596);
#9596 = AXIS2_PLACEMENT_3D('',#9597,#9598,#9599);
#9597 = CARTESIAN_POINT('',(334.0657615078,45.914282684326,
    -48.63445053948));
#9598 = DIRECTION('',(-0.,-1.,-0.));
#9599 = DIRECTION('',(0.,0.,-1.));
#9600 = ADVANCED_FACE('',(#9601,#9619,#9630),#9641,.T.);
#9601 = FACE_BOUND('',#9602,.T.);
#9602 = EDGE_LOOP('',(#9603,#9604,#9605,#9606,#9607,#9608,#9609,#9610,
    #9611,#9612));
#9603 = ORIENTED_EDGE('',*,*,#9054,.F.);
#9604 = ORIENTED_EDGE('',*,*,#8974,.T.);
#9605 = ORIENTED_EDGE('',*,*,#9070,.T.);
#9606 = ORIENTED_EDGE('',*,*,#9119,.F.);
#9607 = ORIENTED_EDGE('',*,*,#9175,.F.);
#9608 = ORIENTED_EDGE('',*,*,#9242,.F.);
#9609 = ORIENTED_EDGE('',*,*,#9282,.T.);
#9610 = ORIENTED_EDGE('',*,*,#9338,.T.);
#9611 = ORIENTED_EDGE('',*,*,#9428,.F.);
#9612 = ORIENTED_EDGE('',*,*,#9613,.F.);
#9613 = EDGE_CURVE('',#9047,#9382,#9614,.T.);
#9614 = CIRCLE('',#9615,3.174);
#9615 = AXIS2_PLACEMENT_3D('',#9616,#9617,#9618);
#9616 = CARTESIAN_POINT('',(319.59505026245,69.184115081787,
    -14.05100021362));
#9617 = DIRECTION('',(0.,0.,1.));
#9618 = DIRECTION('',(-1.,0.,0.));
#9619 = FACE_BOUND('',#9620,.T.);
#9620 = EDGE_LOOP('',(#9621));
#9621 = ORIENTED_EDGE('',*,*,#9622,.T.);
#9622 = EDGE_CURVE('',#9623,#9623,#9625,.T.);
#9623 = VERTEX_POINT('',#9624);
#9624 = CARTESIAN_POINT('',(309.2728,70.7,-14.05100021362));
#9625 = CIRCLE('',#9626,1.7272);
#9626 = AXIS2_PLACEMENT_3D('',#9627,#9628,#9629);
#9627 = CARTESIAN_POINT('',(311.,70.7,-14.05100021362));
#9628 = DIRECTION('',(0.,0.,-1.));
#9629 = DIRECTION('',(-1.,0.,0.));
#9630 = FACE_BOUND('',#9631,.T.);
#9631 = EDGE_LOOP('',(#9632));
#9632 = ORIENTED_EDGE('',*,*,#9633,.T.);
#9633 = EDGE_CURVE('',#9634,#9634,#9636,.T.);
#9634 = VERTEX_POINT('',#9635);
#9635 = CARTESIAN_POINT('',(309.2728,93.3,-14.05100021362));
#9636 = CIRCLE('',#9637,1.7272);
#9637 = AXIS2_PLACEMENT_3D('',#9638,#9639,#9640);
#9638 = CARTESIAN_POINT('',(311.,93.3,-14.05100021362));
#9639 = DIRECTION('',(0.,0.,-1.));
#9640 = DIRECTION('',(-1.,0.,0.));
#9641 = PLANE('',#9642);
#9642 = AXIS2_PLACEMENT_3D('',#9643,#9644,#9645);
#9643 = CARTESIAN_POINT('',(302.,63.,-14.05100021362));
#9644 = DIRECTION('',(0.,0.,1.));
#9645 = DIRECTION('',(1.,0.,0.));
#9646 = ADVANCED_FACE('',(#9647),#9666,.F.);
#9647 = FACE_BOUND('',#9648,.F.);
#9648 = EDGE_LOOP('',(#9649,#9650,#9658,#9665));
#9649 = ORIENTED_EDGE('',*,*,#9622,.T.);
#9650 = ORIENTED_EDGE('',*,*,#9651,.T.);
#9651 = EDGE_CURVE('',#9623,#9652,#9654,.T.);
#9652 = VERTEX_POINT('',#9653);
#9653 = CARTESIAN_POINT('',(309.2728,70.7,-38.1));
#9654 = LINE('',#9655,#9656);
#9655 = CARTESIAN_POINT('',(309.2728,70.7,-6.35));
#9656 = VECTOR('',#9657,1.);
#9657 = DIRECTION('',(0.,0.,-1.));
#9658 = ORIENTED_EDGE('',*,*,#9659,.F.);
#9659 = EDGE_CURVE('',#9652,#9652,#9660,.T.);
#9660 = CIRCLE('',#9661,1.7272);
#9661 = AXIS2_PLACEMENT_3D('',#9662,#9663,#9664);
#9662 = CARTESIAN_POINT('',(311.,70.7,-38.1));
#9663 = DIRECTION('',(0.,0.,-1.));
#9664 = DIRECTION('',(-1.,0.,0.));
#9665 = ORIENTED_EDGE('',*,*,#9651,.F.);
#9666 = CYLINDRICAL_SURFACE('',#9667,1.7272);
#9667 = AXIS2_PLACEMENT_3D('',#9668,#9669,#9670);
#9668 = CARTESIAN_POINT('',(311.,70.7,-6.35));
#9669 = DIRECTION('',(0.,0.,-1.));
#9670 = DIRECTION('',(-1.,0.,0.));
#9671 = ADVANCED_FACE('',(#9672),#9691,.F.);
#9672 = FACE_BOUND('',#9673,.F.);
#9673 = EDGE_LOOP('',(#9674,#9675,#9683,#9690));
#9674 = ORIENTED_EDGE('',*,*,#9633,.T.);
#9675 = ORIENTED_EDGE('',*,*,#9676,.T.);
#9676 = EDGE_CURVE('',#9634,#9677,#9679,.T.);
#9677 = VERTEX_POINT('',#9678);
#9678 = CARTESIAN_POINT('',(309.2728,93.3,-38.1));
#9679 = LINE('',#9680,#9681);
#9680 = CARTESIAN_POINT('',(309.2728,93.3,-6.35));
#9681 = VECTOR('',#9682,1.);
#9682 = DIRECTION('',(0.,0.,-1.));
#9683 = ORIENTED_EDGE('',*,*,#9684,.F.);
#9684 = EDGE_CURVE('',#9677,#9677,#9685,.T.);
#9685 = CIRCLE('',#9686,1.7272);
#9686 = AXIS2_PLACEMENT_3D('',#9687,#9688,#9689);
#9687 = CARTESIAN_POINT('',(311.,93.3,-38.1));
#9688 = DIRECTION('',(0.,0.,-1.));
#9689 = DIRECTION('',(-1.,0.,0.));
#9690 = ORIENTED_EDGE('',*,*,#9676,.F.);
#9691 = CYLINDRICAL_SURFACE('',#9692,1.7272);
#9692 = AXIS2_PLACEMENT_3D('',#9693,#9694,#9695);
#9693 = CARTESIAN_POINT('',(311.,93.3,-6.35));
#9694 = DIRECTION('',(0.,0.,-1.));
#9695 = DIRECTION('',(-1.,0.,0.));
#9696 = ADVANCED_FACE('',(#9697),#9709,.F.);
#9697 = FACE_BOUND('',#9698,.T.);
#9698 = EDGE_LOOP('',(#9699,#9700,#9707,#9708));
#9699 = ORIENTED_EDGE('',*,*,#9379,.F.);
#9700 = ORIENTED_EDGE('',*,*,#9701,.F.);
#9701 = EDGE_CURVE('',#9039,#9380,#9702,.T.);
#9702 = CIRCLE('',#9703,3.174);
#9703 = AXIS2_PLACEMENT_3D('',#9704,#9705,#9706);
#9704 = CARTESIAN_POINT('',(319.59505026245,69.184115081787,-24.385));
#9705 = DIRECTION('',(0.,0.,1.));
#9706 = DIRECTION('',(-1.,0.,0.));
#9707 = ORIENTED_EDGE('',*,*,#9046,.T.);
#9708 = ORIENTED_EDGE('',*,*,#9613,.T.);
#9709 = CYLINDRICAL_SURFACE('',#9710,3.174);
#9710 = AXIS2_PLACEMENT_3D('',#9711,#9712,#9713);
#9711 = CARTESIAN_POINT('',(319.59505026245,69.184115081787,
    -37.75071645736));
#9712 = DIRECTION('',(0.,0.,1.));
#9713 = DIRECTION('',(-1.,0.,0.));
#9714 = ADVANCED_FACE('',(#9715),#9720,.F.);
#9715 = FACE_BOUND('',#9716,.F.);
#9716 = EDGE_LOOP('',(#9717,#9718,#9719));
#9717 = ORIENTED_EDGE('',*,*,#9389,.F.);
#9718 = ORIENTED_EDGE('',*,*,#9701,.F.);
#9719 = ORIENTED_EDGE('',*,*,#9038,.F.);
#9720 = PLANE('',#9721);
#9721 = AXIS2_PLACEMENT_3D('',#9722,#9723,#9724);
#9722 = CARTESIAN_POINT('',(316.42105026245,45.914282684326,-24.385));
#9723 = DIRECTION('',(0.,0.,1.));
#9724 = DIRECTION('',(1.,0.,0.));
#9725 = ADVANCED_FACE('',(#9726),#9742,.F.);
#9726 = FACE_BOUND('',#9727,.F.);
#9727 = EDGE_LOOP('',(#9728,#9729,#9735,#9736));
#9728 = ORIENTED_EDGE('',*,*,#9574,.F.);
#9729 = ORIENTED_EDGE('',*,*,#9730,.T.);
#9730 = EDGE_CURVE('',#9567,#9015,#9731,.T.);
#9731 = LINE('',#9732,#9733);
#9732 = CARTESIAN_POINT('',(336.42105026245,45.914282684326,-38.1));
#9733 = VECTOR('',#9734,1.);
#9734 = DIRECTION('',(0.,1.,0.));
#9735 = ORIENTED_EDGE('',*,*,#9014,.F.);
#9736 = ORIENTED_EDGE('',*,*,#9737,.F.);
#9737 = EDGE_CURVE('',#9575,#9007,#9738,.T.);
#9738 = LINE('',#9739,#9740);
#9739 = CARTESIAN_POINT('',(336.42105026245,45.914282684326,-31.116));
#9740 = VECTOR('',#9741,1.);
#9741 = DIRECTION('',(0.,1.,0.));
#9742 = PLANE('',#9743);
#9743 = AXIS2_PLACEMENT_3D('',#9744,#9745,#9746);
#9744 = CARTESIAN_POINT('',(336.42105026245,45.914282684326,-38.1));
#9745 = DIRECTION('',(1.,0.,0.));
#9746 = DIRECTION('',(0.,0.,1.));
#9747 = ADVANCED_FACE('',(#9748,#9768,#9802),#9813,.T.);
#9748 = FACE_BOUND('',#9749,.T.);
#9749 = EDGE_LOOP('',(#9750,#9751,#9752,#9758,#9759,#9765,#9766,#9767));
#9750 = ORIENTED_EDGE('',*,*,#9737,.F.);
#9751 = ORIENTED_EDGE('',*,*,#9582,.T.);
#9752 = ORIENTED_EDGE('',*,*,#9753,.F.);
#9753 = EDGE_CURVE('',#9459,#9583,#9754,.T.);
#9754 = LINE('',#9755,#9756);
#9755 = CARTESIAN_POINT('',(350.77530040741,45.914282684326,-31.116));
#9756 = VECTOR('',#9757,1.);
#9757 = DIRECTION('',(0.,-1.,0.));
#9758 = ORIENTED_EDGE('',*,*,#9458,.T.);
#9759 = ORIENTED_EDGE('',*,*,#9760,.T.);
#9760 = EDGE_CURVE('',#9451,#9203,#9761,.T.);
#9761 = LINE('',#9762,#9763);
#9762 = CARTESIAN_POINT('',(350.8,45.914282684326,-31.116));
#9763 = VECTOR('',#9764,1.);
#9764 = DIRECTION('',(0.,1.,0.));
#9765 = ORIENTED_EDGE('',*,*,#9210,.F.);
#9766 = ORIENTED_EDGE('',*,*,#9143,.T.);
#9767 = ORIENTED_EDGE('',*,*,#9096,.F.);
#9768 = FACE_BOUND('',#9769,.T.);
#9769 = EDGE_LOOP('',(#9770,#9780,#9788,#9796));
#9770 = ORIENTED_EDGE('',*,*,#9771,.F.);
#9771 = EDGE_CURVE('',#9772,#9774,#9776,.T.);
#9772 = VERTEX_POINT('',#9773);
#9773 = CARTESIAN_POINT('',(338.45,63.38,-31.116));
#9774 = VERTEX_POINT('',#9775);
#9775 = CARTESIAN_POINT('',(340.45,63.38,-31.116));
#9776 = LINE('',#9777,#9778);
#9777 = CARTESIAN_POINT('',(338.45,63.38,-31.116));
#9778 = VECTOR('',#9779,1.);
#9779 = DIRECTION('',(1.,0.,0.));
#9780 = ORIENTED_EDGE('',*,*,#9781,.T.);
#9781 = EDGE_CURVE('',#9772,#9782,#9784,.T.);
#9782 = VERTEX_POINT('',#9783);
#9783 = CARTESIAN_POINT('',(338.45,93.38,-31.116));
#9784 = LINE('',#9785,#9786);
#9785 = CARTESIAN_POINT('',(338.45,63.38,-31.116));
#9786 = VECTOR('',#9787,1.);
#9787 = DIRECTION('',(0.,1.,0.));
#9788 = ORIENTED_EDGE('',*,*,#9789,.T.);
#9789 = EDGE_CURVE('',#9782,#9790,#9792,.T.);
#9790 = VERTEX_POINT('',#9791);
#9791 = CARTESIAN_POINT('',(340.45,93.38,-31.116));
#9792 = LINE('',#9793,#9794);
#9793 = CARTESIAN_POINT('',(338.45,93.38,-31.116));
#9794 = VECTOR('',#9795,1.);
#9795 = DIRECTION('',(1.,0.,0.));
#9796 = ORIENTED_EDGE('',*,*,#9797,.F.);
#9797 = EDGE_CURVE('',#9774,#9790,#9798,.T.);
#9798 = LINE('',#9799,#9800);
#9799 = CARTESIAN_POINT('',(340.45,63.38,-31.116));
#9800 = VECTOR('',#9801,1.);
#9801 = DIRECTION('',(0.,1.,0.));
#9802 = FACE_BOUND('',#9803,.T.);
#9803 = EDGE_LOOP('',(#9804));
#9804 = ORIENTED_EDGE('',*,*,#9805,.T.);
#9805 = EDGE_CURVE('',#9806,#9806,#9808,.T.);
#9806 = VERTEX_POINT('',#9807);
#9807 = CARTESIAN_POINT('',(343.8728,78.38,-31.116));
#9808 = CIRCLE('',#9809,1.7272);
#9809 = AXIS2_PLACEMENT_3D('',#9810,#9811,#9812);
#9810 = CARTESIAN_POINT('',(345.6,78.38,-31.116));
#9811 = DIRECTION('',(0.,0.,-1.));
#9812 = DIRECTION('',(-1.,0.,0.));
#9813 = PLANE('',#9814);
#9814 = AXIS2_PLACEMENT_3D('',#9815,#9816,#9817);
#9815 = CARTESIAN_POINT('',(336.42105026245,45.914282684326,-31.116));
#9816 = DIRECTION('',(0.,0.,1.));
#9817 = DIRECTION('',(1.,0.,0.));
#9818 = ADVANCED_FACE('',(#9819),#9838,.F.);
#9819 = FACE_BOUND('',#9820,.F.);
#9820 = EDGE_LOOP('',(#9821,#9822,#9830,#9837));
#9821 = ORIENTED_EDGE('',*,*,#9805,.T.);
#9822 = ORIENTED_EDGE('',*,*,#9823,.T.);
#9823 = EDGE_CURVE('',#9806,#9824,#9826,.T.);
#9824 = VERTEX_POINT('',#9825);
#9825 = CARTESIAN_POINT('',(343.8728,78.38,-38.1));
#9826 = LINE('',#9827,#9828);
#9827 = CARTESIAN_POINT('',(343.8728,78.38,-11.7));
#9828 = VECTOR('',#9829,1.);
#9829 = DIRECTION('',(0.,0.,-1.));
#9830 = ORIENTED_EDGE('',*,*,#9831,.F.);
#9831 = EDGE_CURVE('',#9824,#9824,#9832,.T.);
#9832 = CIRCLE('',#9833,1.7272);
#9833 = AXIS2_PLACEMENT_3D('',#9834,#9835,#9836);
#9834 = CARTESIAN_POINT('',(345.6,78.38,-38.1));
#9835 = DIRECTION('',(0.,0.,-1.));
#9836 = DIRECTION('',(-1.,0.,0.));
#9837 = ORIENTED_EDGE('',*,*,#9823,.F.);
#9838 = CYLINDRICAL_SURFACE('',#9839,1.7272);
#9839 = AXIS2_PLACEMENT_3D('',#9840,#9841,#9842);
#9840 = CARTESIAN_POINT('',(345.6,78.38,-11.7));
#9841 = DIRECTION('',(0.,0.,-1.));
#9842 = DIRECTION('',(-1.,0.,0.));
#9843 = ADVANCED_FACE('',(#9844),#9857,.T.);
#9844 = FACE_BOUND('',#9845,.T.);
#9845 = EDGE_LOOP('',(#9846,#9847,#9848,#9849,#9855,#9856));
#9846 = ORIENTED_EDGE('',*,*,#9306,.T.);
#9847 = ORIENTED_EDGE('',*,*,#9264,.T.);
#9848 = ORIENTED_EDGE('',*,*,#9192,.F.);
#9849 = ORIENTED_EDGE('',*,*,#9850,.F.);
#9850 = EDGE_CURVE('',#9443,#9193,#9851,.T.);
#9851 = LINE('',#9852,#9853);
#9852 = CARTESIAN_POINT('',(350.8,47.414282684326,-32.15071645736));
#9853 = VECTOR('',#9854,1.);
#9854 = DIRECTION('',(0.,1.,0.));
#9855 = ORIENTED_EDGE('',*,*,#9442,.T.);
#9856 = ORIENTED_EDGE('',*,*,#9362,.T.);
#9857 = PLANE('',#9858);
#9858 = AXIS2_PLACEMENT_3D('',#9859,#9860,#9861);
#9859 = CARTESIAN_POINT('',(336.42105026245,48.914282684326,
    -32.15071645736));
#9860 = DIRECTION('',(0.,0.,1.));
#9861 = DIRECTION('',(1.,0.,0.));
#9862 = ADVANCED_FACE('',(#9863),#9869,.T.);
#9863 = FACE_BOUND('',#9864,.T.);
#9864 = EDGE_LOOP('',(#9865,#9866,#9867,#9868));
#9865 = ORIENTED_EDGE('',*,*,#9760,.F.);
#9866 = ORIENTED_EDGE('',*,*,#9450,.T.);
#9867 = ORIENTED_EDGE('',*,*,#9850,.T.);
#9868 = ORIENTED_EDGE('',*,*,#9202,.T.);
#9869 = PLANE('',#9870);
#9870 = AXIS2_PLACEMENT_3D('',#9871,#9872,#9873);
#9871 = CARTESIAN_POINT('',(350.8,45.914282684326,-38.1));
#9872 = DIRECTION('',(1.,0.,0.));
#9873 = DIRECTION('',(0.,0.,1.));
#9874 = ADVANCED_FACE('',(#9875),#9880,.F.);
#9875 = FACE_BOUND('',#9876,.F.);
#9876 = EDGE_LOOP('',(#9877,#9878,#9879));
#9877 = ORIENTED_EDGE('',*,*,#9412,.F.);
#9878 = ORIENTED_EDGE('',*,*,#9559,.T.);
#9879 = ORIENTED_EDGE('',*,*,#9499,.F.);
#9880 = PLANE('',#9881);
#9881 = AXIS2_PLACEMENT_3D('',#9882,#9883,#9884);
#9882 = CARTESIAN_POINT('',(316.42105026245,45.914282684326,-24.385));
#9883 = DIRECTION('',(0.,0.,1.));
#9884 = DIRECTION('',(1.,0.,0.));
#9885 = ADVANCED_FACE('',(#9886),#9897,.F.);
#9886 = FACE_BOUND('',#9887,.F.);
#9887 = EDGE_LOOP('',(#9888,#9889,#9890,#9896));
#9888 = ORIENTED_EDGE('',*,*,#9531,.F.);
#9889 = ORIENTED_EDGE('',*,*,#9548,.T.);
#9890 = ORIENTED_EDGE('',*,*,#9891,.T.);
#9891 = EDGE_CURVE('',#9549,#9467,#9892,.T.);
#9892 = LINE('',#9893,#9894);
#9893 = CARTESIAN_POINT('',(350.77530040741,45.914282684326,-24.385));
#9894 = VECTOR('',#9895,1.);
#9895 = DIRECTION('',(0.,1.,0.));
#9896 = ORIENTED_EDGE('',*,*,#9474,.T.);
#9897 = PLANE('',#9898);
#9898 = AXIS2_PLACEMENT_3D('',#9899,#9900,#9901);
#9899 = CARTESIAN_POINT('',(316.42105026245,45.914282684326,-24.385));
#9900 = DIRECTION('',(0.,0.,1.));
#9901 = DIRECTION('',(1.,0.,0.));
#9902 = ADVANCED_FACE('',(#9903),#9909,.F.);
#9903 = FACE_BOUND('',#9904,.F.);
#9904 = EDGE_LOOP('',(#9905,#9906,#9907,#9908));
#9905 = ORIENTED_EDGE('',*,*,#9891,.F.);
#9906 = ORIENTED_EDGE('',*,*,#9590,.F.);
#9907 = ORIENTED_EDGE('',*,*,#9753,.F.);
#9908 = ORIENTED_EDGE('',*,*,#9466,.T.);
#9909 = PLANE('',#9910);
#9910 = AXIS2_PLACEMENT_3D('',#9911,#9912,#9913);
#9911 = CARTESIAN_POINT('',(350.77530040741,45.914282684326,-124.385));
#9912 = DIRECTION('',(1.,0.,0.));
#9913 = DIRECTION('',(0.,0.,1.));
#9914 = ADVANCED_FACE('',(#9915),#9940,.F.);
#9915 = FACE_BOUND('',#9916,.F.);
#9916 = EDGE_LOOP('',(#9917,#9918,#9926,#9934));
#9917 = ORIENTED_EDGE('',*,*,#9771,.F.);
#9918 = ORIENTED_EDGE('',*,*,#9919,.T.);
#9919 = EDGE_CURVE('',#9772,#9920,#9922,.T.);
#9920 = VERTEX_POINT('',#9921);
#9921 = CARTESIAN_POINT('',(338.45,63.38,-27.885));
#9922 = LINE('',#9923,#9924);
#9923 = CARTESIAN_POINT('',(338.45,63.38,-31.116));
#9924 = VECTOR('',#9925,1.);
#9925 = DIRECTION('',(0.,0.,1.));
#9926 = ORIENTED_EDGE('',*,*,#9927,.T.);
#9927 = EDGE_CURVE('',#9920,#9928,#9930,.T.);
#9928 = VERTEX_POINT('',#9929);
#9929 = CARTESIAN_POINT('',(340.45,63.38,-27.885));
#9930 = LINE('',#9931,#9932);
#9931 = CARTESIAN_POINT('',(338.45,63.38,-27.885));
#9932 = VECTOR('',#9933,1.);
#9933 = DIRECTION('',(1.,0.,0.));
#9934 = ORIENTED_EDGE('',*,*,#9935,.F.);
#9935 = EDGE_CURVE('',#9774,#9928,#9936,.T.);
#9936 = LINE('',#9937,#9938);
#9937 = CARTESIAN_POINT('',(340.45,63.38,-31.116));
#9938 = VECTOR('',#9939,1.);
#9939 = DIRECTION('',(0.,0.,1.));
#9940 = PLANE('',#9941);
#9941 = AXIS2_PLACEMENT_3D('',#9942,#9943,#9944);
#9942 = CARTESIAN_POINT('',(338.45,63.38,-31.116));
#9943 = DIRECTION('',(0.,1.,0.));
#9944 = DIRECTION('',(0.,0.,1.));
#9945 = ADVANCED_FACE('',(#9946),#9964,.F.);
#9946 = FACE_BOUND('',#9947,.F.);
#9947 = EDGE_LOOP('',(#9948,#9949,#9950,#9958));
#9948 = ORIENTED_EDGE('',*,*,#9919,.F.);
#9949 = ORIENTED_EDGE('',*,*,#9781,.T.);
#9950 = ORIENTED_EDGE('',*,*,#9951,.T.);
#9951 = EDGE_CURVE('',#9782,#9952,#9954,.T.);
#9952 = VERTEX_POINT('',#9953);
#9953 = CARTESIAN_POINT('',(338.45,93.38,-27.885));
#9954 = LINE('',#9955,#9956);
#9955 = CARTESIAN_POINT('',(338.45,93.38,-31.116));
#9956 = VECTOR('',#9957,1.);
#9957 = DIRECTION('',(0.,0.,1.));
#9958 = ORIENTED_EDGE('',*,*,#9959,.F.);
#9959 = EDGE_CURVE('',#9920,#9952,#9960,.T.);
#9960 = LINE('',#9961,#9962);
#9961 = CARTESIAN_POINT('',(338.45,63.38,-27.885));
#9962 = VECTOR('',#9963,1.);
#9963 = DIRECTION('',(0.,1.,0.));
#9964 = PLANE('',#9965);
#9965 = AXIS2_PLACEMENT_3D('',#9966,#9967,#9968);
#9966 = CARTESIAN_POINT('',(338.45,63.38,-31.116));
#9967 = DIRECTION('',(1.,0.,0.));
#9968 = DIRECTION('',(0.,0.,1.));
#9969 = ADVANCED_FACE('',(#9970),#9988,.T.);
#9970 = FACE_BOUND('',#9971,.T.);
#9971 = EDGE_LOOP('',(#9972,#9973,#9974,#9982));
#9972 = ORIENTED_EDGE('',*,*,#9935,.F.);
#9973 = ORIENTED_EDGE('',*,*,#9797,.T.);
#9974 = ORIENTED_EDGE('',*,*,#9975,.T.);
#9975 = EDGE_CURVE('',#9790,#9976,#9978,.T.);
#9976 = VERTEX_POINT('',#9977);
#9977 = CARTESIAN_POINT('',(340.45,93.38,-27.885));
#9978 = LINE('',#9979,#9980);
#9979 = CARTESIAN_POINT('',(340.45,93.38,-31.116));
#9980 = VECTOR('',#9981,1.);
#9981 = DIRECTION('',(0.,0.,1.));
#9982 = ORIENTED_EDGE('',*,*,#9983,.F.);
#9983 = EDGE_CURVE('',#9928,#9976,#9984,.T.);
#9984 = LINE('',#9985,#9986);
#9985 = CARTESIAN_POINT('',(340.45,63.38,-27.885));
#9986 = VECTOR('',#9987,1.);
#9987 = DIRECTION('',(0.,1.,0.));
#9988 = PLANE('',#9989);
#9989 = AXIS2_PLACEMENT_3D('',#9990,#9991,#9992);
#9990 = CARTESIAN_POINT('',(340.45,63.38,-31.116));
#9991 = DIRECTION('',(1.,0.,0.));
#9992 = DIRECTION('',(0.,0.,1.));
#9993 = ADVANCED_FACE('',(#9994),#10005,.T.);
#9994 = FACE_BOUND('',#9995,.T.);
#9995 = EDGE_LOOP('',(#9996,#9997,#9998,#10004));
#9996 = ORIENTED_EDGE('',*,*,#9789,.F.);
#9997 = ORIENTED_EDGE('',*,*,#9951,.T.);
#9998 = ORIENTED_EDGE('',*,*,#9999,.T.);
#9999 = EDGE_CURVE('',#9952,#9976,#10000,.T.);
#10000 = LINE('',#10001,#10002);
#10001 = CARTESIAN_POINT('',(338.45,93.38,-27.885));
#10002 = VECTOR('',#10003,1.);
#10003 = DIRECTION('',(1.,0.,0.));
#10004 = ORIENTED_EDGE('',*,*,#9975,.F.);
#10005 = PLANE('',#10006);
#10006 = AXIS2_PLACEMENT_3D('',#10007,#10008,#10009);
#10007 = CARTESIAN_POINT('',(338.45,93.38,-31.116));
#10008 = DIRECTION('',(0.,1.,0.));
#10009 = DIRECTION('',(0.,0.,1.));
#10010 = ADVANCED_FACE('',(#10011),#10017,.T.);
#10011 = FACE_BOUND('',#10012,.T.);
#10012 = EDGE_LOOP('',(#10013,#10014,#10015,#10016));
#10013 = ORIENTED_EDGE('',*,*,#9959,.F.);
#10014 = ORIENTED_EDGE('',*,*,#9927,.T.);
#10015 = ORIENTED_EDGE('',*,*,#9983,.T.);
#10016 = ORIENTED_EDGE('',*,*,#9999,.F.);
#10017 = PLANE('',#10018);
#10018 = AXIS2_PLACEMENT_3D('',#10019,#10020,#10021);
#10019 = CARTESIAN_POINT('',(338.45,63.38,-27.885));
#10020 = DIRECTION('',(0.,0.,1.));
#10021 = DIRECTION('',(1.,0.,0.));
#10022 = ADVANCED_FACE('',(#10023),#10048,.F.);
#10023 = FACE_BOUND('',#10024,.F.);
#10024 = EDGE_LOOP('',(#10025,#10033,#10034,#10042));
#10025 = ORIENTED_EDGE('',*,*,#10026,.T.);
#10026 = EDGE_CURVE('',#10027,#2338,#10029,.T.);
#10027 = VERTEX_POINT('',#10028);
#10028 = CARTESIAN_POINT('',(506.80649819183,161.96155950927,
    -12.70230102539));
#10029 = LINE('',#10030,#10031);
#10030 = CARTESIAN_POINT('',(506.80649819183,161.96155950927,
    -12.70230102539));
#10031 = VECTOR('',#10032,1.);
#10032 = DIRECTION('',(0.,0.,1.));
#10033 = ORIENTED_EDGE('',*,*,#2335,.F.);
#10034 = ORIENTED_EDGE('',*,*,#10035,.F.);
#10035 = EDGE_CURVE('',#10036,#2336,#10038,.T.);
#10036 = VERTEX_POINT('',#10037);
#10037 = CARTESIAN_POINT('',(506.80649819183,185.0135591278,
    -12.70230102539));
#10038 = LINE('',#10039,#10040);
#10039 = CARTESIAN_POINT('',(506.80649819183,185.0135591278,
    -12.70230102539));
#10040 = VECTOR('',#10041,1.);
#10041 = DIRECTION('',(0.,0.,1.));
#10042 = ORIENTED_EDGE('',*,*,#10043,.T.);
#10043 = EDGE_CURVE('',#10036,#10027,#10044,.T.);
#10044 = LINE('',#10045,#10046);
#10045 = CARTESIAN_POINT('',(506.80649819183,188.1875591278,
    -12.70230102539));
#10046 = VECTOR('',#10047,1.);
#10047 = DIRECTION('',(0.,-1.,0.));
#10048 = PLANE('',#10049);
#10049 = AXIS2_PLACEMENT_3D('',#10050,#10051,#10052);
#10050 = CARTESIAN_POINT('',(506.80649819183,188.1875591278,
    -12.70230102539));
#10051 = DIRECTION('',(-1.,0.,0.));
#10052 = DIRECTION('',(0.,0.,1.));
#10053 = ADVANCED_FACE('',(#10054),#10073,.F.);
#10054 = FACE_BOUND('',#10055,.F.);
#10055 = EDGE_LOOP('',(#10056,#10064,#10071,#10072));
#10056 = ORIENTED_EDGE('',*,*,#10057,.F.);
#10057 = EDGE_CURVE('',#10058,#2346,#10060,.T.);
#10058 = VERTEX_POINT('',#10059);
#10059 = CARTESIAN_POINT('',(509.98049819183,188.1875591278,
    -12.70230102539));
#10060 = LINE('',#10061,#10062);
#10061 = CARTESIAN_POINT('',(509.98049819183,188.1875591278,
    -12.70230102539));
#10062 = VECTOR('',#10063,1.);
#10063 = DIRECTION('',(0.,0.,1.));
#10064 = ORIENTED_EDGE('',*,*,#10065,.T.);
#10065 = EDGE_CURVE('',#10058,#10036,#10066,.T.);
#10066 = CIRCLE('',#10067,3.174);
#10067 = AXIS2_PLACEMENT_3D('',#10068,#10069,#10070);
#10068 = CARTESIAN_POINT('',(509.98049819183,185.0135591278,
    -12.70230102539));
#10069 = DIRECTION('',(0.,-0.,1.));
#10070 = DIRECTION('',(0.,1.,0.));
#10071 = ORIENTED_EDGE('',*,*,#10035,.T.);
#10072 = ORIENTED_EDGE('',*,*,#2345,.F.);
#10073 = CYLINDRICAL_SURFACE('',#10074,3.174);
#10074 = AXIS2_PLACEMENT_3D('',#10075,#10076,#10077);
#10075 = CARTESIAN_POINT('',(509.98049819183,185.0135591278,
    -12.70230102539));
#10076 = DIRECTION('',(0.,0.,1.));
#10077 = DIRECTION('',(0.,1.,0.));
#10078 = ADVANCED_FACE('',(#10079),#10098,.F.);
#10079 = FACE_BOUND('',#10080,.F.);
#10080 = EDGE_LOOP('',(#10081,#10082,#10091,#10097));
#10081 = ORIENTED_EDGE('',*,*,#10026,.F.);
#10082 = ORIENTED_EDGE('',*,*,#10083,.T.);
#10083 = EDGE_CURVE('',#10027,#10084,#10086,.T.);
#10084 = VERTEX_POINT('',#10085);
#10085 = CARTESIAN_POINT('',(509.98049819183,158.78755950927,
    -12.70230102539));
#10086 = CIRCLE('',#10087,3.174);
#10087 = AXIS2_PLACEMENT_3D('',#10088,#10089,#10090);
#10088 = CARTESIAN_POINT('',(509.98049819183,161.96155950927,
    -12.70230102539));
#10089 = DIRECTION('',(0.,-0.,1.));
#10090 = DIRECTION('',(0.,1.,0.));
#10091 = ORIENTED_EDGE('',*,*,#10092,.T.);
#10092 = EDGE_CURVE('',#10084,#2448,#10093,.T.);
#10093 = LINE('',#10094,#10095);
#10094 = CARTESIAN_POINT('',(509.98049819183,158.78755950927,
    -12.70230102539));
#10095 = VECTOR('',#10096,1.);
#10096 = DIRECTION('',(0.,0.,1.));
#10097 = ORIENTED_EDGE('',*,*,#2455,.F.);
#10098 = CYLINDRICAL_SURFACE('',#10099,3.174);
#10099 = AXIS2_PLACEMENT_3D('',#10100,#10101,#10102);
#10100 = CARTESIAN_POINT('',(509.98049819183,161.96155950927,
    -12.70230102539));
#10101 = DIRECTION('',(0.,0.,1.));
#10102 = DIRECTION('',(-1.,0.,0.));
#10103 = ADVANCED_FACE('',(#10104),#10122,.T.);
#10104 = FACE_BOUND('',#10105,.T.);
#10105 = EDGE_LOOP('',(#10106,#10107,#10115,#10121));
#10106 = ORIENTED_EDGE('',*,*,#10057,.F.);
#10107 = ORIENTED_EDGE('',*,*,#10108,.F.);
#10108 = EDGE_CURVE('',#10109,#10058,#10111,.T.);
#10109 = VERTEX_POINT('',#10110);
#10110 = CARTESIAN_POINT('',(530.7168239746,188.1875591278,
    -12.70230102539));
#10111 = LINE('',#10112,#10113);
#10112 = CARTESIAN_POINT('',(541.49732365417,188.1875591278,
    -12.70230102539));
#10113 = VECTOR('',#10114,1.);
#10114 = DIRECTION('',(-1.,0.,0.));
#10115 = ORIENTED_EDGE('',*,*,#10116,.F.);
#10116 = EDGE_CURVE('',#2355,#10109,#10117,.T.);
#10117 = LINE('',#10118,#10119);
#10118 = CARTESIAN_POINT('',(530.7168239746,188.1875591278,
    -16.27731960105));
#10119 = VECTOR('',#10120,1.);
#10120 = DIRECTION('',(-0.,-0.,-1.));
#10121 = ORIENTED_EDGE('',*,*,#2354,.F.);
#10122 = PLANE('',#10123);
#10123 = AXIS2_PLACEMENT_3D('',#10124,#10125,#10126);
#10124 = CARTESIAN_POINT('',(541.49732365417,188.1875591278,
    -12.70230102539));
#10125 = DIRECTION('',(0.,-1.,0.));
#10126 = DIRECTION('',(0.,0.,1.));
#10127 = ADVANCED_FACE('',(#10128),#10146,.F.);
#10128 = FACE_BOUND('',#10129,.F.);
#10129 = EDGE_LOOP('',(#10130,#10131,#10139,#10145));
#10130 = ORIENTED_EDGE('',*,*,#10092,.F.);
#10131 = ORIENTED_EDGE('',*,*,#10132,.F.);
#10132 = EDGE_CURVE('',#10133,#10084,#10135,.T.);
#10133 = VERTEX_POINT('',#10134);
#10134 = CARTESIAN_POINT('',(538.32332365417,158.78755950927,
    -12.70230102539));
#10135 = LINE('',#10136,#10137);
#10136 = CARTESIAN_POINT('',(541.49732365417,158.78755950927,
    -12.70230102539));
#10137 = VECTOR('',#10138,1.);
#10138 = DIRECTION('',(-1.,0.,0.));
#10139 = ORIENTED_EDGE('',*,*,#10140,.T.);
#10140 = EDGE_CURVE('',#10133,#2439,#10141,.T.);
#10141 = LINE('',#10142,#10143);
#10142 = CARTESIAN_POINT('',(538.32332365417,158.78755950927,
    -12.70230102539));
#10143 = VECTOR('',#10144,1.);
#10144 = DIRECTION('',(0.,0.,1.));
#10145 = ORIENTED_EDGE('',*,*,#2447,.F.);
#10146 = PLANE('',#10147);
#10147 = AXIS2_PLACEMENT_3D('',#10148,#10149,#10150);
#10148 = CARTESIAN_POINT('',(541.49732365417,158.78755950927,
    -12.70230102539));
#10149 = DIRECTION('',(0.,-1.,0.));
#10150 = DIRECTION('',(0.,0.,1.));
#10151 = ADVANCED_FACE('',(#10152),#10186,.F.);
#10152 = FACE_BOUND('',#10153,.F.);
#10153 = EDGE_LOOP('',(#10154,#10164,#10170,#10171,#10172,#10180));
#10154 = ORIENTED_EDGE('',*,*,#10155,.T.);
#10155 = EDGE_CURVE('',#10156,#10158,#10160,.T.);
#10156 = VERTEX_POINT('',#10157);
#10157 = CARTESIAN_POINT('',(530.7168239746,176.59091146469,
    -19.85233817672));
#10158 = VERTEX_POINT('',#10159);
#10159 = CARTESIAN_POINT('',(530.7168239746,176.59091146469,
    -12.70230102539));
#10160 = LINE('',#10161,#10162);
#10161 = CARTESIAN_POINT('',(530.7168239746,176.59091146469,
    -19.85233817672));
#10162 = VECTOR('',#10163,1.);
#10163 = DIRECTION('',(0.,0.,1.));
#10164 = ORIENTED_EDGE('',*,*,#10165,.F.);
#10165 = EDGE_CURVE('',#10109,#10158,#10166,.T.);
#10166 = LINE('',#10167,#10168);
#10167 = CARTESIAN_POINT('',(530.7168239746,190.79123537826,
    -12.70230102539));
#10168 = VECTOR('',#10169,1.);
#10169 = DIRECTION('',(0.,-1.,0.));
#10170 = ORIENTED_EDGE('',*,*,#10116,.F.);
#10171 = ORIENTED_EDGE('',*,*,#2362,.F.);
#10172 = ORIENTED_EDGE('',*,*,#10173,.F.);
#10173 = EDGE_CURVE('',#10174,#2363,#10176,.T.);
#10174 = VERTEX_POINT('',#10175);
#10175 = CARTESIAN_POINT('',(530.7168239746,190.22091162872,
    -19.85233817672));
#10176 = LINE('',#10177,#10178);
#10177 = CARTESIAN_POINT('',(530.7168239746,190.22091162872,
    -19.85233817672));
#10178 = VECTOR('',#10179,1.);
#10179 = DIRECTION('',(0.,0.,1.));
#10180 = ORIENTED_EDGE('',*,*,#10181,.T.);
#10181 = EDGE_CURVE('',#10174,#10156,#10182,.T.);
#10182 = LINE('',#10183,#10184);
#10183 = CARTESIAN_POINT('',(530.7168239746,193.39491162872,
    -19.85233817672));
#10184 = VECTOR('',#10185,1.);
#10185 = DIRECTION('',(0.,-1.,0.));
#10186 = PLANE('',#10187);
#10187 = AXIS2_PLACEMENT_3D('',#10188,#10189,#10190);
#10188 = CARTESIAN_POINT('',(530.7168239746,193.39491162872,
    -19.85233817672));
#10189 = DIRECTION('',(-1.,0.,0.));
#10190 = DIRECTION('',(0.,0.,1.));
#10191 = ADVANCED_FACE('',(#10192),#10211,.F.);
#10192 = FACE_BOUND('',#10193,.F.);
#10193 = EDGE_LOOP('',(#10194,#10202,#10209,#10210));
#10194 = ORIENTED_EDGE('',*,*,#10195,.F.);
#10195 = EDGE_CURVE('',#10196,#2371,#10198,.T.);
#10196 = VERTEX_POINT('',#10197);
#10197 = CARTESIAN_POINT('',(533.8908239746,193.39491162872,
    -19.85233817672));
#10198 = LINE('',#10199,#10200);
#10199 = CARTESIAN_POINT('',(533.8908239746,193.39491162872,
    -19.85233817672));
#10200 = VECTOR('',#10201,1.);
#10201 = DIRECTION('',(0.,0.,1.));
#10202 = ORIENTED_EDGE('',*,*,#10203,.T.);
#10203 = EDGE_CURVE('',#10196,#10174,#10204,.T.);
#10204 = CIRCLE('',#10205,3.174);
#10205 = AXIS2_PLACEMENT_3D('',#10206,#10207,#10208);
#10206 = CARTESIAN_POINT('',(533.8908239746,190.22091162872,
    -19.85233817672));
#10207 = DIRECTION('',(0.,-0.,1.));
#10208 = DIRECTION('',(0.,1.,0.));
#10209 = ORIENTED_EDGE('',*,*,#10173,.T.);
#10210 = ORIENTED_EDGE('',*,*,#2370,.F.);
#10211 = CYLINDRICAL_SURFACE('',#10212,3.174);
#10212 = AXIS2_PLACEMENT_3D('',#10213,#10214,#10215);
#10213 = CARTESIAN_POINT('',(533.8908239746,190.22091162872,
    -19.85233817672));
#10214 = DIRECTION('',(0.,0.,1.));
#10215 = DIRECTION('',(0.,1.,0.));
#10216 = ADVANCED_FACE('',(#10217),#10235,.T.);
#10217 = FACE_BOUND('',#10218,.T.);
#10218 = EDGE_LOOP('',(#10219,#10220,#10228,#10234));
#10219 = ORIENTED_EDGE('',*,*,#10195,.F.);
#10220 = ORIENTED_EDGE('',*,*,#10221,.F.);
#10221 = EDGE_CURVE('',#10222,#10196,#10224,.T.);
#10222 = VERTEX_POINT('',#10223);
#10223 = CARTESIAN_POINT('',(549.55282420349,193.39491162872,
    -19.85233817672));
#10224 = LINE('',#10225,#10226);
#10225 = CARTESIAN_POINT('',(552.72682420349,193.39491162872,
    -19.85233817672));
#10226 = VECTOR('',#10227,1.);
#10227 = DIRECTION('',(-1.,0.,0.));
#10228 = ORIENTED_EDGE('',*,*,#10229,.T.);
#10229 = EDGE_CURVE('',#10222,#2380,#10230,.T.);
#10230 = LINE('',#10231,#10232);
#10231 = CARTESIAN_POINT('',(549.55282420349,193.39491162872,
    -19.85233817672));
#10232 = VECTOR('',#10233,1.);
#10233 = DIRECTION('',(0.,0.,1.));
#10234 = ORIENTED_EDGE('',*,*,#2379,.F.);
#10235 = PLANE('',#10236);
#10236 = AXIS2_PLACEMENT_3D('',#10237,#10238,#10239);
#10237 = CARTESIAN_POINT('',(552.72682420349,193.39491162872,
    -19.85233817672));
#10238 = DIRECTION('',(0.,-1.,0.));
#10239 = DIRECTION('',(0.,0.,1.));
#10240 = ADVANCED_FACE('',(#10241),#10260,.F.);
#10241 = FACE_BOUND('',#10242,.F.);
#10242 = EDGE_LOOP('',(#10243,#10251,#10258,#10259));
#10243 = ORIENTED_EDGE('',*,*,#10244,.F.);
#10244 = EDGE_CURVE('',#10245,#2388,#10247,.T.);
#10245 = VERTEX_POINT('',#10246);
#10246 = CARTESIAN_POINT('',(552.72682420349,190.22091162872,
    -19.85233817672));
#10247 = LINE('',#10248,#10249);
#10248 = CARTESIAN_POINT('',(552.72682420349,190.22091162872,
    -19.85233817672));
#10249 = VECTOR('',#10250,1.);
#10250 = DIRECTION('',(0.,0.,1.));
#10251 = ORIENTED_EDGE('',*,*,#10252,.T.);
#10252 = EDGE_CURVE('',#10245,#10222,#10253,.T.);
#10253 = CIRCLE('',#10254,3.174);
#10254 = AXIS2_PLACEMENT_3D('',#10255,#10256,#10257);
#10255 = CARTESIAN_POINT('',(549.55282420349,190.22091162872,
    -19.85233817672));
#10256 = DIRECTION('',(0.,-0.,1.));
#10257 = DIRECTION('',(0.,1.,0.));
#10258 = ORIENTED_EDGE('',*,*,#10229,.T.);
#10259 = ORIENTED_EDGE('',*,*,#2387,.F.);
#10260 = CYLINDRICAL_SURFACE('',#10261,3.174);
#10261 = AXIS2_PLACEMENT_3D('',#10262,#10263,#10264);
#10262 = CARTESIAN_POINT('',(549.55282420349,190.22091162872,
    -19.85233817672));
#10263 = DIRECTION('',(0.,0.,1.));
#10264 = DIRECTION('',(1.,0.,0.));
#10265 = ADVANCED_FACE('',(#10266),#10284,.T.);
#10266 = FACE_BOUND('',#10267,.T.);
#10267 = EDGE_LOOP('',(#10268,#10276,#10277,#10278));
#10268 = ORIENTED_EDGE('',*,*,#10269,.T.);
#10269 = EDGE_CURVE('',#10270,#2397,#10272,.T.);
#10270 = VERTEX_POINT('',#10271);
#10271 = CARTESIAN_POINT('',(552.72682420349,176.59091146469,
    -19.85233817672));
#10272 = LINE('',#10273,#10274);
#10273 = CARTESIAN_POINT('',(552.72682420349,176.59091146469,
    -19.85233817672));
#10274 = VECTOR('',#10275,1.);
#10275 = DIRECTION('',(0.,0.,1.));
#10276 = ORIENTED_EDGE('',*,*,#2396,.F.);
#10277 = ORIENTED_EDGE('',*,*,#10244,.F.);
#10278 = ORIENTED_EDGE('',*,*,#10279,.T.);
#10279 = EDGE_CURVE('',#10245,#10270,#10280,.T.);
#10280 = LINE('',#10281,#10282);
#10281 = CARTESIAN_POINT('',(552.72682420349,193.39491162872,
    -19.85233817672));
#10282 = VECTOR('',#10283,1.);
#10283 = DIRECTION('',(0.,-1.,0.));
#10284 = PLANE('',#10285);
#10285 = AXIS2_PLACEMENT_3D('',#10286,#10287,#10288);
#10286 = CARTESIAN_POINT('',(552.72682420349,193.39491162872,
    -19.85233817672));
#10287 = DIRECTION('',(-1.,0.,0.));
#10288 = DIRECTION('',(0.,0.,1.));
#10289 = ADVANCED_FACE('',(#10290),#10310,.F.);
#10290 = FACE_BOUND('',#10291,.T.);
#10291 = EDGE_LOOP('',(#10292,#10293,#10302,#10308,#10309));
#10292 = ORIENTED_EDGE('',*,*,#10269,.F.);
#10293 = ORIENTED_EDGE('',*,*,#10294,.T.);
#10294 = EDGE_CURVE('',#10270,#10295,#10297,.T.);
#10295 = VERTEX_POINT('',#10296);
#10296 = CARTESIAN_POINT('',(549.55282420349,173.41691146469,
    -19.85233817672));
#10297 = CIRCLE('',#10298,3.174);
#10298 = AXIS2_PLACEMENT_3D('',#10299,#10300,#10301);
#10299 = CARTESIAN_POINT('',(549.55282420349,176.59091146469,
    -19.85233817672));
#10300 = DIRECTION('',(0.,0.,-1.));
#10301 = DIRECTION('',(0.,1.,0.));
#10302 = ORIENTED_EDGE('',*,*,#10303,.T.);
#10303 = EDGE_CURVE('',#10295,#2414,#10304,.T.);
#10304 = LINE('',#10305,#10306);
#10305 = CARTESIAN_POINT('',(549.55282420349,173.41691146469,
    -19.85233817672));
#10306 = VECTOR('',#10307,1.);
#10307 = DIRECTION('',(0.,0.,1.));
#10308 = ORIENTED_EDGE('',*,*,#2413,.T.);
#10309 = ORIENTED_EDGE('',*,*,#2404,.T.);
#10310 = CYLINDRICAL_SURFACE('',#10311,3.174);
#10311 = AXIS2_PLACEMENT_3D('',#10312,#10313,#10314);
#10312 = CARTESIAN_POINT('',(549.55282420349,176.59091146469,
    -19.85233817672));
#10313 = DIRECTION('',(0.,0.,1.));
#10314 = DIRECTION('',(1.,0.,0.));
#10315 = ADVANCED_FACE('',(#10316,#10356),#10367,.T.);
#10316 = FACE_BOUND('',#10317,.T.);
#10317 = EDGE_LOOP('',(#10318,#10319,#10320,#10321,#10330,#10338,#10346,
    #10353,#10354,#10355));
#10318 = ORIENTED_EDGE('',*,*,#10043,.T.);
#10319 = ORIENTED_EDGE('',*,*,#10083,.T.);
#10320 = ORIENTED_EDGE('',*,*,#10132,.F.);
#10321 = ORIENTED_EDGE('',*,*,#10322,.F.);
#10322 = EDGE_CURVE('',#10323,#10133,#10325,.T.);
#10323 = VERTEX_POINT('',#10324);
#10324 = CARTESIAN_POINT('',(541.49732365417,161.96155950927,
    -12.70230102539));
#10325 = CIRCLE('',#10326,3.174);
#10326 = AXIS2_PLACEMENT_3D('',#10327,#10328,#10329);
#10327 = CARTESIAN_POINT('',(538.32332365417,161.96155950927,
    -12.70230102539));
#10328 = DIRECTION('',(0.,0.,-1.));
#10329 = DIRECTION('',(0.,1.,0.));
#10330 = ORIENTED_EDGE('',*,*,#10331,.F.);
#10331 = EDGE_CURVE('',#10332,#10323,#10334,.T.);
#10332 = VERTEX_POINT('',#10333);
#10333 = CARTESIAN_POINT('',(541.49732365417,173.41691146469,
    -12.70230102539));
#10334 = LINE('',#10335,#10336);
#10335 = CARTESIAN_POINT('',(541.49732365417,188.1875591278,
    -12.70230102539));
#10336 = VECTOR('',#10337,1.);
#10337 = DIRECTION('',(0.,-1.,0.));
#10338 = ORIENTED_EDGE('',*,*,#10339,.F.);
#10339 = EDGE_CURVE('',#10340,#10332,#10342,.T.);
#10340 = VERTEX_POINT('',#10341);
#10341 = CARTESIAN_POINT('',(533.8908239746,173.41691146469,
    -12.70230102539));
#10342 = LINE('',#10343,#10344);
#10343 = CARTESIAN_POINT('',(547.11207392883,173.41691146469,
    -12.70230102539));
#10344 = VECTOR('',#10345,1.);
#10345 = DIRECTION('',(1.,0.,0.));
#10346 = ORIENTED_EDGE('',*,*,#10347,.F.);
#10347 = EDGE_CURVE('',#10158,#10340,#10348,.T.);
#10348 = CIRCLE('',#10349,3.174);
#10349 = AXIS2_PLACEMENT_3D('',#10350,#10351,#10352);
#10350 = CARTESIAN_POINT('',(533.8908239746,176.59091146469,
    -12.70230102539));
#10351 = DIRECTION('',(0.,0.,1.));
#10352 = DIRECTION('',(-1.,0.,0.));
#10353 = ORIENTED_EDGE('',*,*,#10165,.F.);
#10354 = ORIENTED_EDGE('',*,*,#10108,.T.);
#10355 = ORIENTED_EDGE('',*,*,#10065,.T.);
#10356 = FACE_BOUND('',#10357,.T.);
#10357 = EDGE_LOOP('',(#10358));
#10358 = ORIENTED_EDGE('',*,*,#10359,.T.);
#10359 = EDGE_CURVE('',#10360,#10360,#10362,.T.);
#10360 = VERTEX_POINT('',#10361);
#10361 = CARTESIAN_POINT('',(526.720375634,173.5,-12.70230102539));
#10362 = CIRCLE('',#10363,1.7272);
#10363 = AXIS2_PLACEMENT_3D('',#10364,#10365,#10366);
#10364 = CARTESIAN_POINT('',(524.993175634,173.5,-12.70230102539));
#10365 = DIRECTION('',(0.,0.,-1.));
#10366 = DIRECTION('',(1.,-0.,0.));
#10367 = PLANE('',#10368);
#10368 = AXIS2_PLACEMENT_3D('',#10369,#10370,#10371);
#10369 = CARTESIAN_POINT('',(541.49732365417,188.1875591278,
    -12.70230102539));
#10370 = DIRECTION('',(0.,0.,1.));
#10371 = DIRECTION('',(-1.,0.,0.));
#10372 = ADVANCED_FACE('',(#10373),#10392,.F.);
#10373 = FACE_BOUND('',#10374,.F.);
#10374 = EDGE_LOOP('',(#10375,#10376,#10384,#10391));
#10375 = ORIENTED_EDGE('',*,*,#10359,.T.);
#10376 = ORIENTED_EDGE('',*,*,#10377,.T.);
#10377 = EDGE_CURVE('',#10360,#10378,#10380,.T.);
#10378 = VERTEX_POINT('',#10379);
#10379 = CARTESIAN_POINT('',(526.720375634,173.5,-38.1));
#10380 = LINE('',#10381,#10382);
#10381 = CARTESIAN_POINT('',(526.720375634,173.5,-12.7));
#10382 = VECTOR('',#10383,1.);
#10383 = DIRECTION('',(0.,0.,-1.));
#10384 = ORIENTED_EDGE('',*,*,#10385,.F.);
#10385 = EDGE_CURVE('',#10378,#10378,#10386,.T.);
#10386 = CIRCLE('',#10387,1.7272);
#10387 = AXIS2_PLACEMENT_3D('',#10388,#10389,#10390);
#10388 = CARTESIAN_POINT('',(524.993175634,173.5,-38.1));
#10389 = DIRECTION('',(0.,0.,-1.));
#10390 = DIRECTION('',(1.,0.,0.));
#10391 = ORIENTED_EDGE('',*,*,#10377,.F.);
#10392 = CYLINDRICAL_SURFACE('',#10393,1.7272);
#10393 = AXIS2_PLACEMENT_3D('',#10394,#10395,#10396);
#10394 = CARTESIAN_POINT('',(524.993175634,173.5,-12.7));
#10395 = DIRECTION('',(0.,0.,-1.));
#10396 = DIRECTION('',(1.,-0.,0.));
#10397 = ADVANCED_FACE('',(#10398),#10409,.F.);
#10398 = FACE_BOUND('',#10399,.T.);
#10399 = EDGE_LOOP('',(#10400,#10406,#10407,#10408));
#10400 = ORIENTED_EDGE('',*,*,#10401,.F.);
#10401 = EDGE_CURVE('',#10323,#2431,#10402,.T.);
#10402 = LINE('',#10403,#10404);
#10403 = CARTESIAN_POINT('',(541.49732365417,161.96155950927,
    -12.70230102539));
#10404 = VECTOR('',#10405,1.);
#10405 = DIRECTION('',(0.,0.,1.));
#10406 = ORIENTED_EDGE('',*,*,#10322,.T.);
#10407 = ORIENTED_EDGE('',*,*,#10140,.T.);
#10408 = ORIENTED_EDGE('',*,*,#2438,.T.);
#10409 = CYLINDRICAL_SURFACE('',#10410,3.174);
#10410 = AXIS2_PLACEMENT_3D('',#10411,#10412,#10413);
#10411 = CARTESIAN_POINT('',(538.32332365417,161.96155950927,
    -12.70230102539));
#10412 = DIRECTION('',(0.,0.,1.));
#10413 = DIRECTION('',(1.,0.,0.));
#10414 = ADVANCED_FACE('',(#10415),#10434,.F.);
#10415 = FACE_BOUND('',#10416,.F.);
#10416 = EDGE_LOOP('',(#10417,#10418,#10427,#10433));
#10417 = ORIENTED_EDGE('',*,*,#10155,.F.);
#10418 = ORIENTED_EDGE('',*,*,#10419,.T.);
#10419 = EDGE_CURVE('',#10156,#10420,#10422,.T.);
#10420 = VERTEX_POINT('',#10421);
#10421 = CARTESIAN_POINT('',(533.8908239746,173.41691146469,
    -19.85233817672));
#10422 = CIRCLE('',#10423,3.174);
#10423 = AXIS2_PLACEMENT_3D('',#10424,#10425,#10426);
#10424 = CARTESIAN_POINT('',(533.8908239746,176.59091146469,
    -19.85233817672));
#10425 = DIRECTION('',(0.,-0.,1.));
#10426 = DIRECTION('',(0.,1.,0.));
#10427 = ORIENTED_EDGE('',*,*,#10428,.T.);
#10428 = EDGE_CURVE('',#10420,#10340,#10429,.T.);
#10429 = LINE('',#10430,#10431);
#10430 = CARTESIAN_POINT('',(533.8908239746,173.41691146469,
    -19.85233817672));
#10431 = VECTOR('',#10432,1.);
#10432 = DIRECTION('',(0.,0.,1.));
#10433 = ORIENTED_EDGE('',*,*,#10347,.F.);
#10434 = CYLINDRICAL_SURFACE('',#10435,3.174);
#10435 = AXIS2_PLACEMENT_3D('',#10436,#10437,#10438);
#10436 = CARTESIAN_POINT('',(533.8908239746,176.59091146469,
    -19.85233817672));
#10437 = DIRECTION('',(0.,0.,1.));
#10438 = DIRECTION('',(-1.,0.,0.));
#10439 = ADVANCED_FACE('',(#10440),#10455,.T.);
#10440 = FACE_BOUND('',#10441,.T.);
#10441 = EDGE_LOOP('',(#10442,#10443,#10444,#10450,#10451,#10452,#10453,
    #10454));
#10442 = ORIENTED_EDGE('',*,*,#10181,.T.);
#10443 = ORIENTED_EDGE('',*,*,#10419,.T.);
#10444 = ORIENTED_EDGE('',*,*,#10445,.F.);
#10445 = EDGE_CURVE('',#10295,#10420,#10446,.T.);
#10446 = LINE('',#10447,#10448);
#10447 = CARTESIAN_POINT('',(552.72682420349,173.41691146469,
    -19.85233817672));
#10448 = VECTOR('',#10449,1.);
#10449 = DIRECTION('',(-1.,0.,0.));
#10450 = ORIENTED_EDGE('',*,*,#10294,.F.);
#10451 = ORIENTED_EDGE('',*,*,#10279,.F.);
#10452 = ORIENTED_EDGE('',*,*,#10252,.T.);
#10453 = ORIENTED_EDGE('',*,*,#10221,.T.);
#10454 = ORIENTED_EDGE('',*,*,#10203,.T.);
#10455 = PLANE('',#10456);
#10456 = AXIS2_PLACEMENT_3D('',#10457,#10458,#10459);
#10457 = CARTESIAN_POINT('',(552.72682420349,193.39491162872,
    -19.85233817672));
#10458 = DIRECTION('',(0.,0.,1.));
#10459 = DIRECTION('',(-1.,0.,0.));
#10460 = ADVANCED_FACE('',(#10461),#10472,.T.);
#10461 = FACE_BOUND('',#10462,.T.);
#10462 = EDGE_LOOP('',(#10463,#10464,#10465,#10466));
#10463 = ORIENTED_EDGE('',*,*,#10331,.T.);
#10464 = ORIENTED_EDGE('',*,*,#10401,.T.);
#10465 = ORIENTED_EDGE('',*,*,#2430,.F.);
#10466 = ORIENTED_EDGE('',*,*,#10467,.F.);
#10467 = EDGE_CURVE('',#10332,#2423,#10468,.T.);
#10468 = LINE('',#10469,#10470);
#10469 = CARTESIAN_POINT('',(541.49732365417,173.41691146469,
    -16.27731960105));
#10470 = VECTOR('',#10471,1.);
#10471 = DIRECTION('',(0.,0.,1.));
#10472 = PLANE('',#10473);
#10473 = AXIS2_PLACEMENT_3D('',#10474,#10475,#10476);
#10474 = CARTESIAN_POINT('',(541.49732365417,188.1875591278,
    -12.70230102539));
#10475 = DIRECTION('',(-1.,0.,0.));
#10476 = DIRECTION('',(0.,0.,1.));
#10477 = ADVANCED_FACE('',(#10478),#10486,.F.);
#10478 = FACE_BOUND('',#10479,.F.);
#10479 = EDGE_LOOP('',(#10480,#10481,#10482,#10483,#10484,#10485));
#10480 = ORIENTED_EDGE('',*,*,#10428,.F.);
#10481 = ORIENTED_EDGE('',*,*,#10445,.F.);
#10482 = ORIENTED_EDGE('',*,*,#10303,.T.);
#10483 = ORIENTED_EDGE('',*,*,#2422,.F.);
#10484 = ORIENTED_EDGE('',*,*,#10467,.F.);
#10485 = ORIENTED_EDGE('',*,*,#10339,.F.);
#10486 = PLANE('',#10487);
#10487 = AXIS2_PLACEMENT_3D('',#10488,#10489,#10490);
#10488 = CARTESIAN_POINT('',(552.72682420349,173.41691146469,
    -19.85233817672));
#10489 = DIRECTION('',(0.,-1.,0.));
#10490 = DIRECTION('',(0.,0.,1.));
#10491 = ADVANCED_FACE('',(#10492),#10517,.F.);
#10492 = FACE_BOUND('',#10493,.F.);
#10493 = EDGE_LOOP('',(#10494,#10502,#10503,#10511));
#10494 = ORIENTED_EDGE('',*,*,#10495,.T.);
#10495 = EDGE_CURVE('',#10496,#2467,#10498,.T.);
#10496 = VERTEX_POINT('',#10497);
#10497 = CARTESIAN_POINT('',(506.80649819183,120.96155950927,
    -12.70230102539));
#10498 = LINE('',#10499,#10500);
#10499 = CARTESIAN_POINT('',(506.80649819183,120.96155950927,
    -12.70230102539));
#10500 = VECTOR('',#10501,1.);
#10501 = DIRECTION('',(0.,0.,1.));
#10502 = ORIENTED_EDGE('',*,*,#2464,.F.);
#10503 = ORIENTED_EDGE('',*,*,#10504,.F.);
#10504 = EDGE_CURVE('',#10505,#2465,#10507,.T.);
#10505 = VERTEX_POINT('',#10506);
#10506 = CARTESIAN_POINT('',(506.80649819183,144.0135591278,
    -12.70230102539));
#10507 = LINE('',#10508,#10509);
#10508 = CARTESIAN_POINT('',(506.80649819183,144.0135591278,
    -12.70230102539));
#10509 = VECTOR('',#10510,1.);
#10510 = DIRECTION('',(0.,0.,1.));
#10511 = ORIENTED_EDGE('',*,*,#10512,.T.);
#10512 = EDGE_CURVE('',#10505,#10496,#10513,.T.);
#10513 = LINE('',#10514,#10515);
#10514 = CARTESIAN_POINT('',(506.80649819183,147.1875591278,
    -12.70230102539));
#10515 = VECTOR('',#10516,1.);
#10516 = DIRECTION('',(0.,-1.,0.));
#10517 = PLANE('',#10518);
#10518 = AXIS2_PLACEMENT_3D('',#10519,#10520,#10521);
#10519 = CARTESIAN_POINT('',(506.80649819183,147.1875591278,
    -12.70230102539));
#10520 = DIRECTION('',(-1.,0.,0.));
#10521 = DIRECTION('',(0.,0.,1.));
#10522 = ADVANCED_FACE('',(#10523),#10542,.F.);
#10523 = FACE_BOUND('',#10524,.F.);
#10524 = EDGE_LOOP('',(#10525,#10533,#10540,#10541));
#10525 = ORIENTED_EDGE('',*,*,#10526,.F.);
#10526 = EDGE_CURVE('',#10527,#2475,#10529,.T.);
#10527 = VERTEX_POINT('',#10528);
#10528 = CARTESIAN_POINT('',(509.98049819183,147.1875591278,
    -12.70230102539));
#10529 = LINE('',#10530,#10531);
#10530 = CARTESIAN_POINT('',(509.98049819183,147.1875591278,
    -12.70230102539));
#10531 = VECTOR('',#10532,1.);
#10532 = DIRECTION('',(0.,0.,1.));
#10533 = ORIENTED_EDGE('',*,*,#10534,.T.);
#10534 = EDGE_CURVE('',#10527,#10505,#10535,.T.);
#10535 = CIRCLE('',#10536,3.174);
#10536 = AXIS2_PLACEMENT_3D('',#10537,#10538,#10539);
#10537 = CARTESIAN_POINT('',(509.98049819183,144.0135591278,
    -12.70230102539));
#10538 = DIRECTION('',(0.,-0.,1.));
#10539 = DIRECTION('',(0.,1.,0.));
#10540 = ORIENTED_EDGE('',*,*,#10504,.T.);
#10541 = ORIENTED_EDGE('',*,*,#2474,.F.);
#10542 = CYLINDRICAL_SURFACE('',#10543,3.174);
#10543 = AXIS2_PLACEMENT_3D('',#10544,#10545,#10546);
#10544 = CARTESIAN_POINT('',(509.98049819183,144.0135591278,
    -12.70230102539));
#10545 = DIRECTION('',(0.,0.,1.));
#10546 = DIRECTION('',(0.,1.,0.));
#10547 = ADVANCED_FACE('',(#10548),#10567,.F.);
#10548 = FACE_BOUND('',#10549,.F.);
#10549 = EDGE_LOOP('',(#10550,#10551,#10560,#10566));
#10550 = ORIENTED_EDGE('',*,*,#10495,.F.);
#10551 = ORIENTED_EDGE('',*,*,#10552,.T.);
#10552 = EDGE_CURVE('',#10496,#10553,#10555,.T.);
#10553 = VERTEX_POINT('',#10554);
#10554 = CARTESIAN_POINT('',(509.98049819183,117.78755950927,
    -12.70230102539));
#10555 = CIRCLE('',#10556,3.174);
#10556 = AXIS2_PLACEMENT_3D('',#10557,#10558,#10559);
#10557 = CARTESIAN_POINT('',(509.98049819183,120.96155950927,
    -12.70230102539));
#10558 = DIRECTION('',(0.,-0.,1.));
#10559 = DIRECTION('',(0.,1.,0.));
#10560 = ORIENTED_EDGE('',*,*,#10561,.T.);
#10561 = EDGE_CURVE('',#10553,#2577,#10562,.T.);
#10562 = LINE('',#10563,#10564);
#10563 = CARTESIAN_POINT('',(509.98049819183,117.78755950927,
    -12.70230102539));
#10564 = VECTOR('',#10565,1.);
#10565 = DIRECTION('',(0.,0.,1.));
#10566 = ORIENTED_EDGE('',*,*,#2584,.F.);
#10567 = CYLINDRICAL_SURFACE('',#10568,3.174);
#10568 = AXIS2_PLACEMENT_3D('',#10569,#10570,#10571);
#10569 = CARTESIAN_POINT('',(509.98049819183,120.96155950927,
    -12.70230102539));
#10570 = DIRECTION('',(0.,0.,1.));
#10571 = DIRECTION('',(-1.,0.,0.));
#10572 = ADVANCED_FACE('',(#10573),#10591,.T.);
#10573 = FACE_BOUND('',#10574,.T.);
#10574 = EDGE_LOOP('',(#10575,#10576,#10584,#10590));
#10575 = ORIENTED_EDGE('',*,*,#10526,.F.);
#10576 = ORIENTED_EDGE('',*,*,#10577,.F.);
#10577 = EDGE_CURVE('',#10578,#10527,#10580,.T.);
#10578 = VERTEX_POINT('',#10579);
#10579 = CARTESIAN_POINT('',(530.7168239746,147.1875591278,
    -12.70230102539));
#10580 = LINE('',#10581,#10582);
#10581 = CARTESIAN_POINT('',(541.49732365417,147.1875591278,
    -12.70230102539));
#10582 = VECTOR('',#10583,1.);
#10583 = DIRECTION('',(-1.,0.,0.));
#10584 = ORIENTED_EDGE('',*,*,#10585,.F.);
#10585 = EDGE_CURVE('',#2484,#10578,#10586,.T.);
#10586 = LINE('',#10587,#10588);
#10587 = CARTESIAN_POINT('',(530.7168239746,147.1875591278,
    -16.27731960105));
#10588 = VECTOR('',#10589,1.);
#10589 = DIRECTION('',(-0.,-0.,-1.));
#10590 = ORIENTED_EDGE('',*,*,#2483,.F.);
#10591 = PLANE('',#10592);
#10592 = AXIS2_PLACEMENT_3D('',#10593,#10594,#10595);
#10593 = CARTESIAN_POINT('',(541.49732365417,147.1875591278,
    -12.70230102539));
#10594 = DIRECTION('',(0.,-1.,0.));
#10595 = DIRECTION('',(0.,0.,1.));
#10596 = ADVANCED_FACE('',(#10597),#10615,.F.);
#10597 = FACE_BOUND('',#10598,.F.);
#10598 = EDGE_LOOP('',(#10599,#10600,#10608,#10614));
#10599 = ORIENTED_EDGE('',*,*,#10561,.F.);
#10600 = ORIENTED_EDGE('',*,*,#10601,.F.);
#10601 = EDGE_CURVE('',#10602,#10553,#10604,.T.);
#10602 = VERTEX_POINT('',#10603);
#10603 = CARTESIAN_POINT('',(538.32332365417,117.78755950927,
    -12.70230102539));
#10604 = LINE('',#10605,#10606);
#10605 = CARTESIAN_POINT('',(541.49732365417,117.78755950927,
    -12.70230102539));
#10606 = VECTOR('',#10607,1.);
#10607 = DIRECTION('',(-1.,0.,0.));
#10608 = ORIENTED_EDGE('',*,*,#10609,.T.);
#10609 = EDGE_CURVE('',#10602,#2568,#10610,.T.);
#10610 = LINE('',#10611,#10612);
#10611 = CARTESIAN_POINT('',(538.32332365417,117.78755950927,
    -12.70230102539));
#10612 = VECTOR('',#10613,1.);
#10613 = DIRECTION('',(0.,0.,1.));
#10614 = ORIENTED_EDGE('',*,*,#2576,.F.);
#10615 = PLANE('',#10616);
#10616 = AXIS2_PLACEMENT_3D('',#10617,#10618,#10619);
#10617 = CARTESIAN_POINT('',(541.49732365417,117.78755950927,
    -12.70230102539));
#10618 = DIRECTION('',(0.,-1.,0.));
#10619 = DIRECTION('',(0.,0.,1.));
#10620 = ADVANCED_FACE('',(#10621),#10655,.F.);
#10621 = FACE_BOUND('',#10622,.F.);
#10622 = EDGE_LOOP('',(#10623,#10633,#10639,#10640,#10641,#10649));
#10623 = ORIENTED_EDGE('',*,*,#10624,.T.);
#10624 = EDGE_CURVE('',#10625,#10627,#10629,.T.);
#10625 = VERTEX_POINT('',#10626);
#10626 = CARTESIAN_POINT('',(530.7168239746,135.59091146469,
    -19.85233817672));
#10627 = VERTEX_POINT('',#10628);
#10628 = CARTESIAN_POINT('',(530.7168239746,135.59091146469,
    -12.70230102539));
#10629 = LINE('',#10630,#10631);
#10630 = CARTESIAN_POINT('',(530.7168239746,135.59091146469,
    -19.85233817672));
#10631 = VECTOR('',#10632,1.);
#10632 = DIRECTION('',(0.,0.,1.));
#10633 = ORIENTED_EDGE('',*,*,#10634,.F.);
#10634 = EDGE_CURVE('',#10578,#10627,#10635,.T.);
#10635 = LINE('',#10636,#10637);
#10636 = CARTESIAN_POINT('',(530.7168239746,149.79123537826,
    -12.70230102539));
#10637 = VECTOR('',#10638,1.);
#10638 = DIRECTION('',(0.,-1.,0.));
#10639 = ORIENTED_EDGE('',*,*,#10585,.F.);
#10640 = ORIENTED_EDGE('',*,*,#2491,.F.);
#10641 = ORIENTED_EDGE('',*,*,#10642,.F.);
#10642 = EDGE_CURVE('',#10643,#2492,#10645,.T.);
#10643 = VERTEX_POINT('',#10644);
#10644 = CARTESIAN_POINT('',(530.7168239746,149.22091162872,
    -19.85233817672));
#10645 = LINE('',#10646,#10647);
#10646 = CARTESIAN_POINT('',(530.7168239746,149.22091162872,
    -19.85233817672));
#10647 = VECTOR('',#10648,1.);
#10648 = DIRECTION('',(0.,0.,1.));
#10649 = ORIENTED_EDGE('',*,*,#10650,.T.);
#10650 = EDGE_CURVE('',#10643,#10625,#10651,.T.);
#10651 = LINE('',#10652,#10653);
#10652 = CARTESIAN_POINT('',(530.7168239746,152.39491162872,
    -19.85233817672));
#10653 = VECTOR('',#10654,1.);
#10654 = DIRECTION('',(0.,-1.,0.));
#10655 = PLANE('',#10656);
#10656 = AXIS2_PLACEMENT_3D('',#10657,#10658,#10659);
#10657 = CARTESIAN_POINT('',(530.7168239746,152.39491162872,
    -19.85233817672));
#10658 = DIRECTION('',(-1.,0.,0.));
#10659 = DIRECTION('',(0.,0.,1.));
#10660 = ADVANCED_FACE('',(#10661),#10680,.F.);
#10661 = FACE_BOUND('',#10662,.F.);
#10662 = EDGE_LOOP('',(#10663,#10671,#10678,#10679));
#10663 = ORIENTED_EDGE('',*,*,#10664,.F.);
#10664 = EDGE_CURVE('',#10665,#2500,#10667,.T.);
#10665 = VERTEX_POINT('',#10666);
#10666 = CARTESIAN_POINT('',(533.8908239746,152.39491162872,
    -19.85233817672));
#10667 = LINE('',#10668,#10669);
#10668 = CARTESIAN_POINT('',(533.8908239746,152.39491162872,
    -19.85233817672));
#10669 = VECTOR('',#10670,1.);
#10670 = DIRECTION('',(0.,0.,1.));
#10671 = ORIENTED_EDGE('',*,*,#10672,.T.);
#10672 = EDGE_CURVE('',#10665,#10643,#10673,.T.);
#10673 = CIRCLE('',#10674,3.174);
#10674 = AXIS2_PLACEMENT_3D('',#10675,#10676,#10677);
#10675 = CARTESIAN_POINT('',(533.8908239746,149.22091162872,
    -19.85233817672));
#10676 = DIRECTION('',(0.,-0.,1.));
#10677 = DIRECTION('',(0.,1.,0.));
#10678 = ORIENTED_EDGE('',*,*,#10642,.T.);
#10679 = ORIENTED_EDGE('',*,*,#2499,.F.);
#10680 = CYLINDRICAL_SURFACE('',#10681,3.174);
#10681 = AXIS2_PLACEMENT_3D('',#10682,#10683,#10684);
#10682 = CARTESIAN_POINT('',(533.8908239746,149.22091162872,
    -19.85233817672));
#10683 = DIRECTION('',(0.,0.,1.));
#10684 = DIRECTION('',(0.,1.,0.));
#10685 = ADVANCED_FACE('',(#10686),#10704,.T.);
#10686 = FACE_BOUND('',#10687,.T.);
#10687 = EDGE_LOOP('',(#10688,#10689,#10697,#10703));
#10688 = ORIENTED_EDGE('',*,*,#10664,.F.);
#10689 = ORIENTED_EDGE('',*,*,#10690,.F.);
#10690 = EDGE_CURVE('',#10691,#10665,#10693,.T.);
#10691 = VERTEX_POINT('',#10692);
#10692 = CARTESIAN_POINT('',(549.55282420349,152.39491162872,
    -19.85233817672));
#10693 = LINE('',#10694,#10695);
#10694 = CARTESIAN_POINT('',(552.72682420349,152.39491162872,
    -19.85233817672));
#10695 = VECTOR('',#10696,1.);
#10696 = DIRECTION('',(-1.,0.,0.));
#10697 = ORIENTED_EDGE('',*,*,#10698,.T.);
#10698 = EDGE_CURVE('',#10691,#2509,#10699,.T.);
#10699 = LINE('',#10700,#10701);
#10700 = CARTESIAN_POINT('',(549.55282420349,152.39491162872,
    -19.85233817672));
#10701 = VECTOR('',#10702,1.);
#10702 = DIRECTION('',(0.,0.,1.));
#10703 = ORIENTED_EDGE('',*,*,#2508,.F.);
#10704 = PLANE('',#10705);
#10705 = AXIS2_PLACEMENT_3D('',#10706,#10707,#10708);
#10706 = CARTESIAN_POINT('',(552.72682420349,152.39491162872,
    -19.85233817672));
#10707 = DIRECTION('',(0.,-1.,0.));
#10708 = DIRECTION('',(0.,0.,1.));
#10709 = ADVANCED_FACE('',(#10710),#10729,.F.);
#10710 = FACE_BOUND('',#10711,.F.);
#10711 = EDGE_LOOP('',(#10712,#10720,#10727,#10728));
#10712 = ORIENTED_EDGE('',*,*,#10713,.F.);
#10713 = EDGE_CURVE('',#10714,#2517,#10716,.T.);
#10714 = VERTEX_POINT('',#10715);
#10715 = CARTESIAN_POINT('',(552.72682420349,149.22091162872,
    -19.85233817672));
#10716 = LINE('',#10717,#10718);
#10717 = CARTESIAN_POINT('',(552.72682420349,149.22091162872,
    -19.85233817672));
#10718 = VECTOR('',#10719,1.);
#10719 = DIRECTION('',(0.,0.,1.));
#10720 = ORIENTED_EDGE('',*,*,#10721,.T.);
#10721 = EDGE_CURVE('',#10714,#10691,#10722,.T.);
#10722 = CIRCLE('',#10723,3.174);
#10723 = AXIS2_PLACEMENT_3D('',#10724,#10725,#10726);
#10724 = CARTESIAN_POINT('',(549.55282420349,149.22091162872,
    -19.85233817672));
#10725 = DIRECTION('',(0.,-0.,1.));
#10726 = DIRECTION('',(0.,1.,0.));
#10727 = ORIENTED_EDGE('',*,*,#10698,.T.);
#10728 = ORIENTED_EDGE('',*,*,#2516,.F.);
#10729 = CYLINDRICAL_SURFACE('',#10730,3.174);
#10730 = AXIS2_PLACEMENT_3D('',#10731,#10732,#10733);
#10731 = CARTESIAN_POINT('',(549.55282420349,149.22091162872,
    -19.85233817672));
#10732 = DIRECTION('',(0.,0.,1.));
#10733 = DIRECTION('',(1.,0.,0.));
#10734 = ADVANCED_FACE('',(#10735),#10753,.T.);
#10735 = FACE_BOUND('',#10736,.T.);
#10736 = EDGE_LOOP('',(#10737,#10745,#10746,#10747));
#10737 = ORIENTED_EDGE('',*,*,#10738,.T.);
#10738 = EDGE_CURVE('',#10739,#2526,#10741,.T.);
#10739 = VERTEX_POINT('',#10740);
#10740 = CARTESIAN_POINT('',(552.72682420349,135.59091146469,
    -19.85233817672));
#10741 = LINE('',#10742,#10743);
#10742 = CARTESIAN_POINT('',(552.72682420349,135.59091146469,
    -19.85233817672));
#10743 = VECTOR('',#10744,1.);
#10744 = DIRECTION('',(0.,0.,1.));
#10745 = ORIENTED_EDGE('',*,*,#2525,.F.);
#10746 = ORIENTED_EDGE('',*,*,#10713,.F.);
#10747 = ORIENTED_EDGE('',*,*,#10748,.T.);
#10748 = EDGE_CURVE('',#10714,#10739,#10749,.T.);
#10749 = LINE('',#10750,#10751);
#10750 = CARTESIAN_POINT('',(552.72682420349,152.39491162872,
    -19.85233817672));
#10751 = VECTOR('',#10752,1.);
#10752 = DIRECTION('',(0.,-1.,0.));
#10753 = PLANE('',#10754);
#10754 = AXIS2_PLACEMENT_3D('',#10755,#10756,#10757);
#10755 = CARTESIAN_POINT('',(552.72682420349,152.39491162872,
    -19.85233817672));
#10756 = DIRECTION('',(-1.,0.,0.));
#10757 = DIRECTION('',(0.,0.,1.));
#10758 = ADVANCED_FACE('',(#10759),#10779,.F.);
#10759 = FACE_BOUND('',#10760,.T.);
#10760 = EDGE_LOOP('',(#10761,#10762,#10771,#10777,#10778));
#10761 = ORIENTED_EDGE('',*,*,#10738,.F.);
#10762 = ORIENTED_EDGE('',*,*,#10763,.T.);
#10763 = EDGE_CURVE('',#10739,#10764,#10766,.T.);
#10764 = VERTEX_POINT('',#10765);
#10765 = CARTESIAN_POINT('',(549.55282420349,132.41691146469,
    -19.85233817672));
#10766 = CIRCLE('',#10767,3.174);
#10767 = AXIS2_PLACEMENT_3D('',#10768,#10769,#10770);
#10768 = CARTESIAN_POINT('',(549.55282420349,135.59091146469,
    -19.85233817672));
#10769 = DIRECTION('',(0.,0.,-1.));
#10770 = DIRECTION('',(0.,1.,0.));
#10771 = ORIENTED_EDGE('',*,*,#10772,.T.);
#10772 = EDGE_CURVE('',#10764,#2543,#10773,.T.);
#10773 = LINE('',#10774,#10775);
#10774 = CARTESIAN_POINT('',(549.55282420349,132.41691146469,
    -19.85233817672));
#10775 = VECTOR('',#10776,1.);
#10776 = DIRECTION('',(0.,0.,1.));
#10777 = ORIENTED_EDGE('',*,*,#2542,.T.);
#10778 = ORIENTED_EDGE('',*,*,#2533,.T.);
#10779 = CYLINDRICAL_SURFACE('',#10780,3.174);
#10780 = AXIS2_PLACEMENT_3D('',#10781,#10782,#10783);
#10781 = CARTESIAN_POINT('',(549.55282420349,135.59091146469,
    -19.85233817672));
#10782 = DIRECTION('',(0.,0.,1.));
#10783 = DIRECTION('',(1.,0.,0.));
#10784 = ADVANCED_FACE('',(#10785,#10825),#10836,.T.);
#10785 = FACE_BOUND('',#10786,.T.);
#10786 = EDGE_LOOP('',(#10787,#10788,#10789,#10790,#10799,#10807,#10815,
    #10822,#10823,#10824));
#10787 = ORIENTED_EDGE('',*,*,#10512,.T.);
#10788 = ORIENTED_EDGE('',*,*,#10552,.T.);
#10789 = ORIENTED_EDGE('',*,*,#10601,.F.);
#10790 = ORIENTED_EDGE('',*,*,#10791,.F.);
#10791 = EDGE_CURVE('',#10792,#10602,#10794,.T.);
#10792 = VERTEX_POINT('',#10793);
#10793 = CARTESIAN_POINT('',(541.49732365417,120.96155950927,
    -12.70230102539));
#10794 = CIRCLE('',#10795,3.174);
#10795 = AXIS2_PLACEMENT_3D('',#10796,#10797,#10798);
#10796 = CARTESIAN_POINT('',(538.32332365417,120.96155950927,
    -12.70230102539));
#10797 = DIRECTION('',(0.,0.,-1.));
#10798 = DIRECTION('',(0.,1.,0.));
#10799 = ORIENTED_EDGE('',*,*,#10800,.F.);
#10800 = EDGE_CURVE('',#10801,#10792,#10803,.T.);
#10801 = VERTEX_POINT('',#10802);
#10802 = CARTESIAN_POINT('',(541.49732365417,132.41691146469,
    -12.70230102539));
#10803 = LINE('',#10804,#10805);
#10804 = CARTESIAN_POINT('',(541.49732365417,147.1875591278,
    -12.70230102539));
#10805 = VECTOR('',#10806,1.);
#10806 = DIRECTION('',(0.,-1.,0.));
#10807 = ORIENTED_EDGE('',*,*,#10808,.F.);
#10808 = EDGE_CURVE('',#10809,#10801,#10811,.T.);
#10809 = VERTEX_POINT('',#10810);
#10810 = CARTESIAN_POINT('',(533.8908239746,132.41691146469,
    -12.70230102539));
#10811 = LINE('',#10812,#10813);
#10812 = CARTESIAN_POINT('',(547.11207392883,132.41691146469,
    -12.70230102539));
#10813 = VECTOR('',#10814,1.);
#10814 = DIRECTION('',(1.,0.,0.));
#10815 = ORIENTED_EDGE('',*,*,#10816,.F.);
#10816 = EDGE_CURVE('',#10627,#10809,#10817,.T.);
#10817 = CIRCLE('',#10818,3.174);
#10818 = AXIS2_PLACEMENT_3D('',#10819,#10820,#10821);
#10819 = CARTESIAN_POINT('',(533.8908239746,135.59091146469,
    -12.70230102539));
#10820 = DIRECTION('',(0.,0.,1.));
#10821 = DIRECTION('',(-1.,0.,0.));
#10822 = ORIENTED_EDGE('',*,*,#10634,.F.);
#10823 = ORIENTED_EDGE('',*,*,#10577,.T.);
#10824 = ORIENTED_EDGE('',*,*,#10534,.T.);
#10825 = FACE_BOUND('',#10826,.T.);
#10826 = EDGE_LOOP('',(#10827));
#10827 = ORIENTED_EDGE('',*,*,#10828,.T.);
#10828 = EDGE_CURVE('',#10829,#10829,#10831,.T.);
#10829 = VERTEX_POINT('',#10830);
#10830 = CARTESIAN_POINT('',(526.720375634,132.5,-12.70230102539));
#10831 = CIRCLE('',#10832,1.7272);
#10832 = AXIS2_PLACEMENT_3D('',#10833,#10834,#10835);
#10833 = CARTESIAN_POINT('',(524.993175634,132.5,-12.70230102539));
#10834 = DIRECTION('',(0.,0.,-1.));
#10835 = DIRECTION('',(1.,-0.,0.));
#10836 = PLANE('',#10837);
#10837 = AXIS2_PLACEMENT_3D('',#10838,#10839,#10840);
#10838 = CARTESIAN_POINT('',(541.49732365417,147.1875591278,
    -12.70230102539));
#10839 = DIRECTION('',(0.,0.,1.));
#10840 = DIRECTION('',(-1.,0.,0.));
#10841 = ADVANCED_FACE('',(#10842),#10861,.F.);
#10842 = FACE_BOUND('',#10843,.F.);
#10843 = EDGE_LOOP('',(#10844,#10845,#10853,#10860));
#10844 = ORIENTED_EDGE('',*,*,#10828,.T.);
#10845 = ORIENTED_EDGE('',*,*,#10846,.T.);
#10846 = EDGE_CURVE('',#10829,#10847,#10849,.T.);
#10847 = VERTEX_POINT('',#10848);
#10848 = CARTESIAN_POINT('',(526.720375634,132.5,-38.1));
#10849 = LINE('',#10850,#10851);
#10850 = CARTESIAN_POINT('',(526.720375634,132.5,-12.7));
#10851 = VECTOR('',#10852,1.);
#10852 = DIRECTION('',(0.,0.,-1.));
#10853 = ORIENTED_EDGE('',*,*,#10854,.F.);
#10854 = EDGE_CURVE('',#10847,#10847,#10855,.T.);
#10855 = CIRCLE('',#10856,1.7272);
#10856 = AXIS2_PLACEMENT_3D('',#10857,#10858,#10859);
#10857 = CARTESIAN_POINT('',(524.993175634,132.5,-38.1));
#10858 = DIRECTION('',(0.,0.,-1.));
#10859 = DIRECTION('',(1.,0.,0.));
#10860 = ORIENTED_EDGE('',*,*,#10846,.F.);
#10861 = CYLINDRICAL_SURFACE('',#10862,1.7272);
#10862 = AXIS2_PLACEMENT_3D('',#10863,#10864,#10865);
#10863 = CARTESIAN_POINT('',(524.993175634,132.5,-12.7));
#10864 = DIRECTION('',(0.,0.,-1.));
#10865 = DIRECTION('',(1.,-0.,0.));
#10866 = ADVANCED_FACE('',(#10867),#10878,.F.);
#10867 = FACE_BOUND('',#10868,.T.);
#10868 = EDGE_LOOP('',(#10869,#10875,#10876,#10877));
#10869 = ORIENTED_EDGE('',*,*,#10870,.F.);
#10870 = EDGE_CURVE('',#10792,#2560,#10871,.T.);
#10871 = LINE('',#10872,#10873);
#10872 = CARTESIAN_POINT('',(541.49732365417,120.96155950927,
    -12.70230102539));
#10873 = VECTOR('',#10874,1.);
#10874 = DIRECTION('',(0.,0.,1.));
#10875 = ORIENTED_EDGE('',*,*,#10791,.T.);
#10876 = ORIENTED_EDGE('',*,*,#10609,.T.);
#10877 = ORIENTED_EDGE('',*,*,#2567,.T.);
#10878 = CYLINDRICAL_SURFACE('',#10879,3.174);
#10879 = AXIS2_PLACEMENT_3D('',#10880,#10881,#10882);
#10880 = CARTESIAN_POINT('',(538.32332365417,120.96155950927,
    -12.70230102539));
#10881 = DIRECTION('',(0.,0.,1.));
#10882 = DIRECTION('',(1.,0.,0.));
#10883 = ADVANCED_FACE('',(#10884),#10903,.F.);
#10884 = FACE_BOUND('',#10885,.F.);
#10885 = EDGE_LOOP('',(#10886,#10887,#10896,#10902));
#10886 = ORIENTED_EDGE('',*,*,#10624,.F.);
#10887 = ORIENTED_EDGE('',*,*,#10888,.T.);
#10888 = EDGE_CURVE('',#10625,#10889,#10891,.T.);
#10889 = VERTEX_POINT('',#10890);
#10890 = CARTESIAN_POINT('',(533.8908239746,132.41691146469,
    -19.85233817672));
#10891 = CIRCLE('',#10892,3.174);
#10892 = AXIS2_PLACEMENT_3D('',#10893,#10894,#10895);
#10893 = CARTESIAN_POINT('',(533.8908239746,135.59091146469,
    -19.85233817672));
#10894 = DIRECTION('',(0.,-0.,1.));
#10895 = DIRECTION('',(0.,1.,0.));
#10896 = ORIENTED_EDGE('',*,*,#10897,.T.);
#10897 = EDGE_CURVE('',#10889,#10809,#10898,.T.);
#10898 = LINE('',#10899,#10900);
#10899 = CARTESIAN_POINT('',(533.8908239746,132.41691146469,
    -19.85233817672));
#10900 = VECTOR('',#10901,1.);
#10901 = DIRECTION('',(0.,0.,1.));
#10902 = ORIENTED_EDGE('',*,*,#10816,.F.);
#10903 = CYLINDRICAL_SURFACE('',#10904,3.174);
#10904 = AXIS2_PLACEMENT_3D('',#10905,#10906,#10907);
#10905 = CARTESIAN_POINT('',(533.8908239746,135.59091146469,
    -19.85233817672));
#10906 = DIRECTION('',(0.,0.,1.));
#10907 = DIRECTION('',(-1.,0.,0.));
#10908 = ADVANCED_FACE('',(#10909),#10924,.T.);
#10909 = FACE_BOUND('',#10910,.T.);
#10910 = EDGE_LOOP('',(#10911,#10912,#10913,#10919,#10920,#10921,#10922,
    #10923));
#10911 = ORIENTED_EDGE('',*,*,#10650,.T.);
#10912 = ORIENTED_EDGE('',*,*,#10888,.T.);
#10913 = ORIENTED_EDGE('',*,*,#10914,.F.);
#10914 = EDGE_CURVE('',#10764,#10889,#10915,.T.);
#10915 = LINE('',#10916,#10917);
#10916 = CARTESIAN_POINT('',(552.72682420349,132.41691146469,
    -19.85233817672));
#10917 = VECTOR('',#10918,1.);
#10918 = DIRECTION('',(-1.,0.,0.));
#10919 = ORIENTED_EDGE('',*,*,#10763,.F.);
#10920 = ORIENTED_EDGE('',*,*,#10748,.F.);
#10921 = ORIENTED_EDGE('',*,*,#10721,.T.);
#10922 = ORIENTED_EDGE('',*,*,#10690,.T.);
#10923 = ORIENTED_EDGE('',*,*,#10672,.T.);
#10924 = PLANE('',#10925);
#10925 = AXIS2_PLACEMENT_3D('',#10926,#10927,#10928);
#10926 = CARTESIAN_POINT('',(552.72682420349,152.39491162872,
    -19.85233817672));
#10927 = DIRECTION('',(0.,0.,1.));
#10928 = DIRECTION('',(-1.,0.,0.));
#10929 = ADVANCED_FACE('',(#10930),#10941,.T.);
#10930 = FACE_BOUND('',#10931,.T.);
#10931 = EDGE_LOOP('',(#10932,#10933,#10934,#10935));
#10932 = ORIENTED_EDGE('',*,*,#10800,.T.);
#10933 = ORIENTED_EDGE('',*,*,#10870,.T.);
#10934 = ORIENTED_EDGE('',*,*,#2559,.F.);
#10935 = ORIENTED_EDGE('',*,*,#10936,.F.);
#10936 = EDGE_CURVE('',#10801,#2552,#10937,.T.);
#10937 = LINE('',#10938,#10939);
#10938 = CARTESIAN_POINT('',(541.49732365417,132.41691146469,
    -16.27731960105));
#10939 = VECTOR('',#10940,1.);
#10940 = DIRECTION('',(0.,0.,1.));
#10941 = PLANE('',#10942);
#10942 = AXIS2_PLACEMENT_3D('',#10943,#10944,#10945);
#10943 = CARTESIAN_POINT('',(541.49732365417,147.1875591278,
    -12.70230102539));
#10944 = DIRECTION('',(-1.,0.,0.));
#10945 = DIRECTION('',(0.,0.,1.));
#10946 = ADVANCED_FACE('',(#10947),#10955,.F.);
#10947 = FACE_BOUND('',#10948,.F.);
#10948 = EDGE_LOOP('',(#10949,#10950,#10951,#10952,#10953,#10954));
#10949 = ORIENTED_EDGE('',*,*,#10897,.F.);
#10950 = ORIENTED_EDGE('',*,*,#10914,.F.);
#10951 = ORIENTED_EDGE('',*,*,#10772,.T.);
#10952 = ORIENTED_EDGE('',*,*,#2551,.F.);
#10953 = ORIENTED_EDGE('',*,*,#10936,.F.);
#10954 = ORIENTED_EDGE('',*,*,#10808,.F.);
#10955 = PLANE('',#10956);
#10956 = AXIS2_PLACEMENT_3D('',#10957,#10958,#10959);
#10957 = CARTESIAN_POINT('',(552.72682420349,132.41691146469,
    -19.85233817672));
#10958 = DIRECTION('',(0.,-1.,0.));
#10959 = DIRECTION('',(0.,0.,1.));
#10960 = ADVANCED_FACE('',(#10961),#10986,.F.);
#10961 = FACE_BOUND('',#10962,.F.);
#10962 = EDGE_LOOP('',(#10963,#10971,#10972,#10980));
#10963 = ORIENTED_EDGE('',*,*,#10964,.T.);
#10964 = EDGE_CURVE('',#10965,#2596,#10967,.T.);
#10965 = VERTEX_POINT('',#10966);
#10966 = CARTESIAN_POINT('',(506.80649819183,202.96155950927,
    -12.70230102539));
#10967 = LINE('',#10968,#10969);
#10968 = CARTESIAN_POINT('',(506.80649819183,202.96155950927,
    -12.70230102539));
#10969 = VECTOR('',#10970,1.);
#10970 = DIRECTION('',(0.,0.,1.));
#10971 = ORIENTED_EDGE('',*,*,#2593,.F.);
#10972 = ORIENTED_EDGE('',*,*,#10973,.F.);
#10973 = EDGE_CURVE('',#10974,#2594,#10976,.T.);
#10974 = VERTEX_POINT('',#10975);
#10975 = CARTESIAN_POINT('',(506.80649819183,226.0135591278,
    -12.70230102539));
#10976 = LINE('',#10977,#10978);
#10977 = CARTESIAN_POINT('',(506.80649819183,226.0135591278,
    -12.70230102539));
#10978 = VECTOR('',#10979,1.);
#10979 = DIRECTION('',(0.,0.,1.));
#10980 = ORIENTED_EDGE('',*,*,#10981,.T.);
#10981 = EDGE_CURVE('',#10974,#10965,#10982,.T.);
#10982 = LINE('',#10983,#10984);
#10983 = CARTESIAN_POINT('',(506.80649819183,229.1875591278,
    -12.70230102539));
#10984 = VECTOR('',#10985,1.);
#10985 = DIRECTION('',(0.,-1.,0.));
#10986 = PLANE('',#10987);
#10987 = AXIS2_PLACEMENT_3D('',#10988,#10989,#10990);
#10988 = CARTESIAN_POINT('',(506.80649819183,229.1875591278,
    -12.70230102539));
#10989 = DIRECTION('',(-1.,0.,0.));
#10990 = DIRECTION('',(0.,0.,1.));
#10991 = ADVANCED_FACE('',(#10992),#11011,.F.);
#10992 = FACE_BOUND('',#10993,.F.);
#10993 = EDGE_LOOP('',(#10994,#11002,#11009,#11010));
#10994 = ORIENTED_EDGE('',*,*,#10995,.F.);
#10995 = EDGE_CURVE('',#10996,#2604,#10998,.T.);
#10996 = VERTEX_POINT('',#10997);
#10997 = CARTESIAN_POINT('',(509.98049819183,229.1875591278,
    -12.70230102539));
#10998 = LINE('',#10999,#11000);
#10999 = CARTESIAN_POINT('',(509.98049819183,229.1875591278,
    -12.70230102539));
#11000 = VECTOR('',#11001,1.);
#11001 = DIRECTION('',(0.,0.,1.));
#11002 = ORIENTED_EDGE('',*,*,#11003,.T.);
#11003 = EDGE_CURVE('',#10996,#10974,#11004,.T.);
#11004 = CIRCLE('',#11005,3.174);
#11005 = AXIS2_PLACEMENT_3D('',#11006,#11007,#11008);
#11006 = CARTESIAN_POINT('',(509.98049819183,226.0135591278,
    -12.70230102539));
#11007 = DIRECTION('',(0.,-0.,1.));
#11008 = DIRECTION('',(0.,1.,0.));
#11009 = ORIENTED_EDGE('',*,*,#10973,.T.);
#11010 = ORIENTED_EDGE('',*,*,#2603,.F.);
#11011 = CYLINDRICAL_SURFACE('',#11012,3.174);
#11012 = AXIS2_PLACEMENT_3D('',#11013,#11014,#11015);
#11013 = CARTESIAN_POINT('',(509.98049819183,226.0135591278,
    -12.70230102539));
#11014 = DIRECTION('',(0.,0.,1.));
#11015 = DIRECTION('',(0.,1.,0.));
#11016 = ADVANCED_FACE('',(#11017),#11036,.F.);
#11017 = FACE_BOUND('',#11018,.F.);
#11018 = EDGE_LOOP('',(#11019,#11020,#11029,#11035));
#11019 = ORIENTED_EDGE('',*,*,#10964,.F.);
#11020 = ORIENTED_EDGE('',*,*,#11021,.T.);
#11021 = EDGE_CURVE('',#10965,#11022,#11024,.T.);
#11022 = VERTEX_POINT('',#11023);
#11023 = CARTESIAN_POINT('',(509.98049819183,199.78755950927,
    -12.70230102539));
#11024 = CIRCLE('',#11025,3.174);
#11025 = AXIS2_PLACEMENT_3D('',#11026,#11027,#11028);
#11026 = CARTESIAN_POINT('',(509.98049819183,202.96155950927,
    -12.70230102539));
#11027 = DIRECTION('',(0.,-0.,1.));
#11028 = DIRECTION('',(0.,1.,0.));
#11029 = ORIENTED_EDGE('',*,*,#11030,.T.);
#11030 = EDGE_CURVE('',#11022,#2706,#11031,.T.);
#11031 = LINE('',#11032,#11033);
#11032 = CARTESIAN_POINT('',(509.98049819183,199.78755950927,
    -12.70230102539));
#11033 = VECTOR('',#11034,1.);
#11034 = DIRECTION('',(0.,0.,1.));
#11035 = ORIENTED_EDGE('',*,*,#2713,.F.);
#11036 = CYLINDRICAL_SURFACE('',#11037,3.174);
#11037 = AXIS2_PLACEMENT_3D('',#11038,#11039,#11040);
#11038 = CARTESIAN_POINT('',(509.98049819183,202.96155950927,
    -12.70230102539));
#11039 = DIRECTION('',(0.,0.,1.));
#11040 = DIRECTION('',(-1.,0.,0.));
#11041 = ADVANCED_FACE('',(#11042),#11060,.T.);
#11042 = FACE_BOUND('',#11043,.T.);
#11043 = EDGE_LOOP('',(#11044,#11045,#11053,#11059));
#11044 = ORIENTED_EDGE('',*,*,#10995,.F.);
#11045 = ORIENTED_EDGE('',*,*,#11046,.F.);
#11046 = EDGE_CURVE('',#11047,#10996,#11049,.T.);
#11047 = VERTEX_POINT('',#11048);
#11048 = CARTESIAN_POINT('',(530.7168239746,229.1875591278,
    -12.70230102539));
#11049 = LINE('',#11050,#11051);
#11050 = CARTESIAN_POINT('',(541.49732365417,229.1875591278,
    -12.70230102539));
#11051 = VECTOR('',#11052,1.);
#11052 = DIRECTION('',(-1.,0.,0.));
#11053 = ORIENTED_EDGE('',*,*,#11054,.F.);
#11054 = EDGE_CURVE('',#2613,#11047,#11055,.T.);
#11055 = LINE('',#11056,#11057);
#11056 = CARTESIAN_POINT('',(530.7168239746,229.1875591278,
    -16.27731960105));
#11057 = VECTOR('',#11058,1.);
#11058 = DIRECTION('',(-0.,-0.,-1.));
#11059 = ORIENTED_EDGE('',*,*,#2612,.F.);
#11060 = PLANE('',#11061);
#11061 = AXIS2_PLACEMENT_3D('',#11062,#11063,#11064);
#11062 = CARTESIAN_POINT('',(541.49732365417,229.1875591278,
    -12.70230102539));
#11063 = DIRECTION('',(0.,-1.,0.));
#11064 = DIRECTION('',(0.,0.,1.));
#11065 = ADVANCED_FACE('',(#11066),#11084,.F.);
#11066 = FACE_BOUND('',#11067,.F.);
#11067 = EDGE_LOOP('',(#11068,#11069,#11077,#11083));
#11068 = ORIENTED_EDGE('',*,*,#11030,.F.);
#11069 = ORIENTED_EDGE('',*,*,#11070,.F.);
#11070 = EDGE_CURVE('',#11071,#11022,#11073,.T.);
#11071 = VERTEX_POINT('',#11072);
#11072 = CARTESIAN_POINT('',(538.32332365417,199.78755950927,
    -12.70230102539));
#11073 = LINE('',#11074,#11075);
#11074 = CARTESIAN_POINT('',(541.49732365417,199.78755950927,
    -12.70230102539));
#11075 = VECTOR('',#11076,1.);
#11076 = DIRECTION('',(-1.,0.,0.));
#11077 = ORIENTED_EDGE('',*,*,#11078,.T.);
#11078 = EDGE_CURVE('',#11071,#2697,#11079,.T.);
#11079 = LINE('',#11080,#11081);
#11080 = CARTESIAN_POINT('',(538.32332365417,199.78755950927,
    -12.70230102539));
#11081 = VECTOR('',#11082,1.);
#11082 = DIRECTION('',(0.,0.,1.));
#11083 = ORIENTED_EDGE('',*,*,#2705,.F.);
#11084 = PLANE('',#11085);
#11085 = AXIS2_PLACEMENT_3D('',#11086,#11087,#11088);
#11086 = CARTESIAN_POINT('',(541.49732365417,199.78755950927,
    -12.70230102539));
#11087 = DIRECTION('',(0.,-1.,0.));
#11088 = DIRECTION('',(0.,0.,1.));
#11089 = ADVANCED_FACE('',(#11090),#11124,.F.);
#11090 = FACE_BOUND('',#11091,.F.);
#11091 = EDGE_LOOP('',(#11092,#11102,#11108,#11109,#11110,#11118));
#11092 = ORIENTED_EDGE('',*,*,#11093,.T.);
#11093 = EDGE_CURVE('',#11094,#11096,#11098,.T.);
#11094 = VERTEX_POINT('',#11095);
#11095 = CARTESIAN_POINT('',(530.7168239746,217.59091146469,
    -19.85233817672));
#11096 = VERTEX_POINT('',#11097);
#11097 = CARTESIAN_POINT('',(530.7168239746,217.59091146469,
    -12.70230102539));
#11098 = LINE('',#11099,#11100);
#11099 = CARTESIAN_POINT('',(530.7168239746,217.59091146469,
    -19.85233817672));
#11100 = VECTOR('',#11101,1.);
#11101 = DIRECTION('',(0.,0.,1.));
#11102 = ORIENTED_EDGE('',*,*,#11103,.F.);
#11103 = EDGE_CURVE('',#11047,#11096,#11104,.T.);
#11104 = LINE('',#11105,#11106);
#11105 = CARTESIAN_POINT('',(530.7168239746,231.79123537826,
    -12.70230102539));
#11106 = VECTOR('',#11107,1.);
#11107 = DIRECTION('',(0.,-1.,0.));
#11108 = ORIENTED_EDGE('',*,*,#11054,.F.);
#11109 = ORIENTED_EDGE('',*,*,#2620,.F.);
#11110 = ORIENTED_EDGE('',*,*,#11111,.F.);
#11111 = EDGE_CURVE('',#11112,#2621,#11114,.T.);
#11112 = VERTEX_POINT('',#11113);
#11113 = CARTESIAN_POINT('',(530.7168239746,231.22091162872,
    -19.85233817672));
#11114 = LINE('',#11115,#11116);
#11115 = CARTESIAN_POINT('',(530.7168239746,231.22091162872,
    -19.85233817672));
#11116 = VECTOR('',#11117,1.);
#11117 = DIRECTION('',(0.,0.,1.));
#11118 = ORIENTED_EDGE('',*,*,#11119,.T.);
#11119 = EDGE_CURVE('',#11112,#11094,#11120,.T.);
#11120 = LINE('',#11121,#11122);
#11121 = CARTESIAN_POINT('',(530.7168239746,234.39491162872,
    -19.85233817672));
#11122 = VECTOR('',#11123,1.);
#11123 = DIRECTION('',(0.,-1.,0.));
#11124 = PLANE('',#11125);
#11125 = AXIS2_PLACEMENT_3D('',#11126,#11127,#11128);
#11126 = CARTESIAN_POINT('',(530.7168239746,234.39491162872,
    -19.85233817672));
#11127 = DIRECTION('',(-1.,0.,0.));
#11128 = DIRECTION('',(0.,0.,1.));
#11129 = ADVANCED_FACE('',(#11130),#11149,.F.);
#11130 = FACE_BOUND('',#11131,.F.);
#11131 = EDGE_LOOP('',(#11132,#11140,#11147,#11148));
#11132 = ORIENTED_EDGE('',*,*,#11133,.F.);
#11133 = EDGE_CURVE('',#11134,#2629,#11136,.T.);
#11134 = VERTEX_POINT('',#11135);
#11135 = CARTESIAN_POINT('',(533.8908239746,234.39491162872,
    -19.85233817672));
#11136 = LINE('',#11137,#11138);
#11137 = CARTESIAN_POINT('',(533.8908239746,234.39491162872,
    -19.85233817672));
#11138 = VECTOR('',#11139,1.);
#11139 = DIRECTION('',(0.,0.,1.));
#11140 = ORIENTED_EDGE('',*,*,#11141,.T.);
#11141 = EDGE_CURVE('',#11134,#11112,#11142,.T.);
#11142 = CIRCLE('',#11143,3.174);
#11143 = AXIS2_PLACEMENT_3D('',#11144,#11145,#11146);
#11144 = CARTESIAN_POINT('',(533.8908239746,231.22091162872,
    -19.85233817672));
#11145 = DIRECTION('',(0.,-0.,1.));
#11146 = DIRECTION('',(0.,1.,0.));
#11147 = ORIENTED_EDGE('',*,*,#11111,.T.);
#11148 = ORIENTED_EDGE('',*,*,#2628,.F.);
#11149 = CYLINDRICAL_SURFACE('',#11150,3.174);
#11150 = AXIS2_PLACEMENT_3D('',#11151,#11152,#11153);
#11151 = CARTESIAN_POINT('',(533.8908239746,231.22091162872,
    -19.85233817672));
#11152 = DIRECTION('',(0.,0.,1.));
#11153 = DIRECTION('',(0.,1.,0.));
#11154 = ADVANCED_FACE('',(#11155),#11173,.T.);
#11155 = FACE_BOUND('',#11156,.T.);
#11156 = EDGE_LOOP('',(#11157,#11158,#11166,#11172));
#11157 = ORIENTED_EDGE('',*,*,#11133,.F.);
#11158 = ORIENTED_EDGE('',*,*,#11159,.F.);
#11159 = EDGE_CURVE('',#11160,#11134,#11162,.T.);
#11160 = VERTEX_POINT('',#11161);
#11161 = CARTESIAN_POINT('',(549.55282420349,234.39491162872,
    -19.85233817672));
#11162 = LINE('',#11163,#11164);
#11163 = CARTESIAN_POINT('',(552.72682420349,234.39491162872,
    -19.85233817672));
#11164 = VECTOR('',#11165,1.);
#11165 = DIRECTION('',(-1.,0.,0.));
#11166 = ORIENTED_EDGE('',*,*,#11167,.T.);
#11167 = EDGE_CURVE('',#11160,#2638,#11168,.T.);
#11168 = LINE('',#11169,#11170);
#11169 = CARTESIAN_POINT('',(549.55282420349,234.39491162872,
    -19.85233817672));
#11170 = VECTOR('',#11171,1.);
#11171 = DIRECTION('',(0.,0.,1.));
#11172 = ORIENTED_EDGE('',*,*,#2637,.F.);
#11173 = PLANE('',#11174);
#11174 = AXIS2_PLACEMENT_3D('',#11175,#11176,#11177);
#11175 = CARTESIAN_POINT('',(552.72682420349,234.39491162872,
    -19.85233817672));
#11176 = DIRECTION('',(0.,-1.,0.));
#11177 = DIRECTION('',(0.,0.,1.));
#11178 = ADVANCED_FACE('',(#11179),#11198,.F.);
#11179 = FACE_BOUND('',#11180,.F.);
#11180 = EDGE_LOOP('',(#11181,#11189,#11196,#11197));
#11181 = ORIENTED_EDGE('',*,*,#11182,.F.);
#11182 = EDGE_CURVE('',#11183,#2646,#11185,.T.);
#11183 = VERTEX_POINT('',#11184);
#11184 = CARTESIAN_POINT('',(552.72682420349,231.22091162872,
    -19.85233817672));
#11185 = LINE('',#11186,#11187);
#11186 = CARTESIAN_POINT('',(552.72682420349,231.22091162872,
    -19.85233817672));
#11187 = VECTOR('',#11188,1.);
#11188 = DIRECTION('',(0.,0.,1.));
#11189 = ORIENTED_EDGE('',*,*,#11190,.T.);
#11190 = EDGE_CURVE('',#11183,#11160,#11191,.T.);
#11191 = CIRCLE('',#11192,3.174);
#11192 = AXIS2_PLACEMENT_3D('',#11193,#11194,#11195);
#11193 = CARTESIAN_POINT('',(549.55282420349,231.22091162872,
    -19.85233817672));
#11194 = DIRECTION('',(0.,-0.,1.));
#11195 = DIRECTION('',(0.,1.,0.));
#11196 = ORIENTED_EDGE('',*,*,#11167,.T.);
#11197 = ORIENTED_EDGE('',*,*,#2645,.F.);
#11198 = CYLINDRICAL_SURFACE('',#11199,3.174);
#11199 = AXIS2_PLACEMENT_3D('',#11200,#11201,#11202);
#11200 = CARTESIAN_POINT('',(549.55282420349,231.22091162872,
    -19.85233817672));
#11201 = DIRECTION('',(0.,0.,1.));
#11202 = DIRECTION('',(1.,0.,0.));
#11203 = ADVANCED_FACE('',(#11204),#11222,.T.);
#11204 = FACE_BOUND('',#11205,.T.);
#11205 = EDGE_LOOP('',(#11206,#11214,#11215,#11216));
#11206 = ORIENTED_EDGE('',*,*,#11207,.T.);
#11207 = EDGE_CURVE('',#11208,#2655,#11210,.T.);
#11208 = VERTEX_POINT('',#11209);
#11209 = CARTESIAN_POINT('',(552.72682420349,217.59091146469,
    -19.85233817672));
#11210 = LINE('',#11211,#11212);
#11211 = CARTESIAN_POINT('',(552.72682420349,217.59091146469,
    -19.85233817672));
#11212 = VECTOR('',#11213,1.);
#11213 = DIRECTION('',(0.,0.,1.));
#11214 = ORIENTED_EDGE('',*,*,#2654,.F.);
#11215 = ORIENTED_EDGE('',*,*,#11182,.F.);
#11216 = ORIENTED_EDGE('',*,*,#11217,.T.);
#11217 = EDGE_CURVE('',#11183,#11208,#11218,.T.);
#11218 = LINE('',#11219,#11220);
#11219 = CARTESIAN_POINT('',(552.72682420349,234.39491162872,
    -19.85233817672));
#11220 = VECTOR('',#11221,1.);
#11221 = DIRECTION('',(0.,-1.,0.));
#11222 = PLANE('',#11223);
#11223 = AXIS2_PLACEMENT_3D('',#11224,#11225,#11226);
#11224 = CARTESIAN_POINT('',(552.72682420349,234.39491162872,
    -19.85233817672));
#11225 = DIRECTION('',(-1.,0.,0.));
#11226 = DIRECTION('',(0.,0.,1.));
#11227 = ADVANCED_FACE('',(#11228),#11248,.F.);
#11228 = FACE_BOUND('',#11229,.T.);
#11229 = EDGE_LOOP('',(#11230,#11231,#11240,#11246,#11247));
#11230 = ORIENTED_EDGE('',*,*,#11207,.F.);
#11231 = ORIENTED_EDGE('',*,*,#11232,.T.);
#11232 = EDGE_CURVE('',#11208,#11233,#11235,.T.);
#11233 = VERTEX_POINT('',#11234);
#11234 = CARTESIAN_POINT('',(549.55282420349,214.41691146469,
    -19.85233817672));
#11235 = CIRCLE('',#11236,3.174);
#11236 = AXIS2_PLACEMENT_3D('',#11237,#11238,#11239);
#11237 = CARTESIAN_POINT('',(549.55282420349,217.59091146469,
    -19.85233817672));
#11238 = DIRECTION('',(0.,0.,-1.));
#11239 = DIRECTION('',(0.,1.,0.));
#11240 = ORIENTED_EDGE('',*,*,#11241,.T.);
#11241 = EDGE_CURVE('',#11233,#2672,#11242,.T.);
#11242 = LINE('',#11243,#11244);
#11243 = CARTESIAN_POINT('',(549.55282420349,214.41691146469,
    -19.85233817672));
#11244 = VECTOR('',#11245,1.);
#11245 = DIRECTION('',(0.,0.,1.));
#11246 = ORIENTED_EDGE('',*,*,#2671,.T.);
#11247 = ORIENTED_EDGE('',*,*,#2662,.T.);
#11248 = CYLINDRICAL_SURFACE('',#11249,3.174);
#11249 = AXIS2_PLACEMENT_3D('',#11250,#11251,#11252);
#11250 = CARTESIAN_POINT('',(549.55282420349,217.59091146469,
    -19.85233817672));
#11251 = DIRECTION('',(0.,0.,1.));
#11252 = DIRECTION('',(1.,0.,0.));
#11253 = ADVANCED_FACE('',(#11254,#11294),#11305,.T.);
#11254 = FACE_BOUND('',#11255,.T.);
#11255 = EDGE_LOOP('',(#11256,#11257,#11258,#11259,#11268,#11276,#11284,
    #11291,#11292,#11293));
#11256 = ORIENTED_EDGE('',*,*,#10981,.T.);
#11257 = ORIENTED_EDGE('',*,*,#11021,.T.);
#11258 = ORIENTED_EDGE('',*,*,#11070,.F.);
#11259 = ORIENTED_EDGE('',*,*,#11260,.F.);
#11260 = EDGE_CURVE('',#11261,#11071,#11263,.T.);
#11261 = VERTEX_POINT('',#11262);
#11262 = CARTESIAN_POINT('',(541.49732365417,202.96155950927,
    -12.70230102539));
#11263 = CIRCLE('',#11264,3.174);
#11264 = AXIS2_PLACEMENT_3D('',#11265,#11266,#11267);
#11265 = CARTESIAN_POINT('',(538.32332365417,202.96155950927,
    -12.70230102539));
#11266 = DIRECTION('',(0.,0.,-1.));
#11267 = DIRECTION('',(0.,1.,0.));
#11268 = ORIENTED_EDGE('',*,*,#11269,.F.);
#11269 = EDGE_CURVE('',#11270,#11261,#11272,.T.);
#11270 = VERTEX_POINT('',#11271);
#11271 = CARTESIAN_POINT('',(541.49732365417,214.41691146469,
    -12.70230102539));
#11272 = LINE('',#11273,#11274);
#11273 = CARTESIAN_POINT('',(541.49732365417,229.1875591278,
    -12.70230102539));
#11274 = VECTOR('',#11275,1.);
#11275 = DIRECTION('',(0.,-1.,0.));
#11276 = ORIENTED_EDGE('',*,*,#11277,.F.);
#11277 = EDGE_CURVE('',#11278,#11270,#11280,.T.);
#11278 = VERTEX_POINT('',#11279);
#11279 = CARTESIAN_POINT('',(533.8908239746,214.41691146469,
    -12.70230102539));
#11280 = LINE('',#11281,#11282);
#11281 = CARTESIAN_POINT('',(547.11207392883,214.41691146469,
    -12.70230102539));
#11282 = VECTOR('',#11283,1.);
#11283 = DIRECTION('',(1.,0.,0.));
#11284 = ORIENTED_EDGE('',*,*,#11285,.F.);
#11285 = EDGE_CURVE('',#11096,#11278,#11286,.T.);
#11286 = CIRCLE('',#11287,3.174);
#11287 = AXIS2_PLACEMENT_3D('',#11288,#11289,#11290);
#11288 = CARTESIAN_POINT('',(533.8908239746,217.59091146469,
    -12.70230102539));
#11289 = DIRECTION('',(0.,0.,1.));
#11290 = DIRECTION('',(-1.,0.,0.));
#11291 = ORIENTED_EDGE('',*,*,#11103,.F.);
#11292 = ORIENTED_EDGE('',*,*,#11046,.T.);
#11293 = ORIENTED_EDGE('',*,*,#11003,.T.);
#11294 = FACE_BOUND('',#11295,.T.);
#11295 = EDGE_LOOP('',(#11296));
#11296 = ORIENTED_EDGE('',*,*,#11297,.T.);
#11297 = EDGE_CURVE('',#11298,#11298,#11300,.T.);
#11298 = VERTEX_POINT('',#11299);
#11299 = CARTESIAN_POINT('',(526.720375634,214.5,-12.70230102539));
#11300 = CIRCLE('',#11301,1.7272);
#11301 = AXIS2_PLACEMENT_3D('',#11302,#11303,#11304);
#11302 = CARTESIAN_POINT('',(524.993175634,214.5,-12.70230102539));
#11303 = DIRECTION('',(0.,0.,-1.));
#11304 = DIRECTION('',(1.,-0.,0.));
#11305 = PLANE('',#11306);
#11306 = AXIS2_PLACEMENT_3D('',#11307,#11308,#11309);
#11307 = CARTESIAN_POINT('',(541.49732365417,229.1875591278,
    -12.70230102539));
#11308 = DIRECTION('',(0.,0.,1.));
#11309 = DIRECTION('',(-1.,0.,0.));
#11310 = ADVANCED_FACE('',(#11311),#11330,.F.);
#11311 = FACE_BOUND('',#11312,.F.);
#11312 = EDGE_LOOP('',(#11313,#11314,#11322,#11329));
#11313 = ORIENTED_EDGE('',*,*,#11297,.T.);
#11314 = ORIENTED_EDGE('',*,*,#11315,.T.);
#11315 = EDGE_CURVE('',#11298,#11316,#11318,.T.);
#11316 = VERTEX_POINT('',#11317);
#11317 = CARTESIAN_POINT('',(526.720375634,214.5,-38.1));
#11318 = LINE('',#11319,#11320);
#11319 = CARTESIAN_POINT('',(526.720375634,214.5,-12.7));
#11320 = VECTOR('',#11321,1.);
#11321 = DIRECTION('',(0.,0.,-1.));
#11322 = ORIENTED_EDGE('',*,*,#11323,.F.);
#11323 = EDGE_CURVE('',#11316,#11316,#11324,.T.);
#11324 = CIRCLE('',#11325,1.7272);
#11325 = AXIS2_PLACEMENT_3D('',#11326,#11327,#11328);
#11326 = CARTESIAN_POINT('',(524.993175634,214.5,-38.1));
#11327 = DIRECTION('',(0.,0.,-1.));
#11328 = DIRECTION('',(1.,0.,0.));
#11329 = ORIENTED_EDGE('',*,*,#11315,.F.);
#11330 = CYLINDRICAL_SURFACE('',#11331,1.7272);
#11331 = AXIS2_PLACEMENT_3D('',#11332,#11333,#11334);
#11332 = CARTESIAN_POINT('',(524.993175634,214.5,-12.7));
#11333 = DIRECTION('',(0.,0.,-1.));
#11334 = DIRECTION('',(1.,-0.,0.));
#11335 = ADVANCED_FACE('',(#11336),#11347,.F.);
#11336 = FACE_BOUND('',#11337,.T.);
#11337 = EDGE_LOOP('',(#11338,#11344,#11345,#11346));
#11338 = ORIENTED_EDGE('',*,*,#11339,.F.);
#11339 = EDGE_CURVE('',#11261,#2689,#11340,.T.);
#11340 = LINE('',#11341,#11342);
#11341 = CARTESIAN_POINT('',(541.49732365417,202.96155950927,
    -12.70230102539));
#11342 = VECTOR('',#11343,1.);
#11343 = DIRECTION('',(0.,0.,1.));
#11344 = ORIENTED_EDGE('',*,*,#11260,.T.);
#11345 = ORIENTED_EDGE('',*,*,#11078,.T.);
#11346 = ORIENTED_EDGE('',*,*,#2696,.T.);
#11347 = CYLINDRICAL_SURFACE('',#11348,3.174);
#11348 = AXIS2_PLACEMENT_3D('',#11349,#11350,#11351);
#11349 = CARTESIAN_POINT('',(538.32332365417,202.96155950927,
    -12.70230102539));
#11350 = DIRECTION('',(0.,0.,1.));
#11351 = DIRECTION('',(1.,0.,0.));
#11352 = ADVANCED_FACE('',(#11353),#11372,.F.);
#11353 = FACE_BOUND('',#11354,.F.);
#11354 = EDGE_LOOP('',(#11355,#11356,#11365,#11371));
#11355 = ORIENTED_EDGE('',*,*,#11093,.F.);
#11356 = ORIENTED_EDGE('',*,*,#11357,.T.);
#11357 = EDGE_CURVE('',#11094,#11358,#11360,.T.);
#11358 = VERTEX_POINT('',#11359);
#11359 = CARTESIAN_POINT('',(533.8908239746,214.41691146469,
    -19.85233817672));
#11360 = CIRCLE('',#11361,3.174);
#11361 = AXIS2_PLACEMENT_3D('',#11362,#11363,#11364);
#11362 = CARTESIAN_POINT('',(533.8908239746,217.59091146469,
    -19.85233817672));
#11363 = DIRECTION('',(0.,-0.,1.));
#11364 = DIRECTION('',(0.,1.,0.));
#11365 = ORIENTED_EDGE('',*,*,#11366,.T.);
#11366 = EDGE_CURVE('',#11358,#11278,#11367,.T.);
#11367 = LINE('',#11368,#11369);
#11368 = CARTESIAN_POINT('',(533.8908239746,214.41691146469,
    -19.85233817672));
#11369 = VECTOR('',#11370,1.);
#11370 = DIRECTION('',(0.,0.,1.));
#11371 = ORIENTED_EDGE('',*,*,#11285,.F.);
#11372 = CYLINDRICAL_SURFACE('',#11373,3.174);
#11373 = AXIS2_PLACEMENT_3D('',#11374,#11375,#11376);
#11374 = CARTESIAN_POINT('',(533.8908239746,217.59091146469,
    -19.85233817672));
#11375 = DIRECTION('',(0.,0.,1.));
#11376 = DIRECTION('',(-1.,0.,0.));
#11377 = ADVANCED_FACE('',(#11378),#11393,.T.);
#11378 = FACE_BOUND('',#11379,.T.);
#11379 = EDGE_LOOP('',(#11380,#11381,#11382,#11388,#11389,#11390,#11391,
    #11392));
#11380 = ORIENTED_EDGE('',*,*,#11119,.T.);
#11381 = ORIENTED_EDGE('',*,*,#11357,.T.);
#11382 = ORIENTED_EDGE('',*,*,#11383,.F.);
#11383 = EDGE_CURVE('',#11233,#11358,#11384,.T.);
#11384 = LINE('',#11385,#11386);
#11385 = CARTESIAN_POINT('',(552.72682420349,214.41691146469,
    -19.85233817672));
#11386 = VECTOR('',#11387,1.);
#11387 = DIRECTION('',(-1.,0.,0.));
#11388 = ORIENTED_EDGE('',*,*,#11232,.F.);
#11389 = ORIENTED_EDGE('',*,*,#11217,.F.);
#11390 = ORIENTED_EDGE('',*,*,#11190,.T.);
#11391 = ORIENTED_EDGE('',*,*,#11159,.T.);
#11392 = ORIENTED_EDGE('',*,*,#11141,.T.);
#11393 = PLANE('',#11394);
#11394 = AXIS2_PLACEMENT_3D('',#11395,#11396,#11397);
#11395 = CARTESIAN_POINT('',(552.72682420349,234.39491162872,
    -19.85233817672));
#11396 = DIRECTION('',(0.,0.,1.));
#11397 = DIRECTION('',(-1.,0.,0.));
#11398 = ADVANCED_FACE('',(#11399),#11410,.T.);
#11399 = FACE_BOUND('',#11400,.T.);
#11400 = EDGE_LOOP('',(#11401,#11402,#11403,#11404));
#11401 = ORIENTED_EDGE('',*,*,#11269,.T.);
#11402 = ORIENTED_EDGE('',*,*,#11339,.T.);
#11403 = ORIENTED_EDGE('',*,*,#2688,.F.);
#11404 = ORIENTED_EDGE('',*,*,#11405,.F.);
#11405 = EDGE_CURVE('',#11270,#2681,#11406,.T.);
#11406 = LINE('',#11407,#11408);
#11407 = CARTESIAN_POINT('',(541.49732365417,214.41691146469,
    -16.27731960105));
#11408 = VECTOR('',#11409,1.);
#11409 = DIRECTION('',(0.,0.,1.));
#11410 = PLANE('',#11411);
#11411 = AXIS2_PLACEMENT_3D('',#11412,#11413,#11414);
#11412 = CARTESIAN_POINT('',(541.49732365417,229.1875591278,
    -12.70230102539));
#11413 = DIRECTION('',(-1.,0.,0.));
#11414 = DIRECTION('',(0.,0.,1.));
#11415 = ADVANCED_FACE('',(#11416),#11424,.F.);
#11416 = FACE_BOUND('',#11417,.F.);
#11417 = EDGE_LOOP('',(#11418,#11419,#11420,#11421,#11422,#11423));
#11418 = ORIENTED_EDGE('',*,*,#11366,.F.);
#11419 = ORIENTED_EDGE('',*,*,#11383,.F.);
#11420 = ORIENTED_EDGE('',*,*,#11241,.T.);
#11421 = ORIENTED_EDGE('',*,*,#2680,.F.);
#11422 = ORIENTED_EDGE('',*,*,#11405,.F.);
#11423 = ORIENTED_EDGE('',*,*,#11277,.F.);
#11424 = PLANE('',#11425);
#11425 = AXIS2_PLACEMENT_3D('',#11426,#11427,#11428);
#11426 = CARTESIAN_POINT('',(552.72682420349,214.41691146469,
    -19.85233817672));
#11427 = DIRECTION('',(0.,-1.,0.));
#11428 = DIRECTION('',(0.,0.,1.));
#11429 = ADVANCED_FACE('',(#11430),#11455,.F.);
#11430 = FACE_BOUND('',#11431,.F.);
#11431 = EDGE_LOOP('',(#11432,#11433,#11441,#11449));
#11432 = ORIENTED_EDGE('',*,*,#2722,.F.);
#11433 = ORIENTED_EDGE('',*,*,#11434,.F.);
#11434 = EDGE_CURVE('',#11435,#2723,#11437,.T.);
#11435 = VERTEX_POINT('',#11436);
#11436 = CARTESIAN_POINT('',(287.21103791041,35.73692472245,-21.97));
#11437 = LINE('',#11438,#11439);
#11438 = CARTESIAN_POINT('',(287.21103791041,35.73692472245,-21.97));
#11439 = VECTOR('',#11440,1.);
#11440 = DIRECTION('',(0.,0.,1.));
#11441 = ORIENTED_EDGE('',*,*,#11442,.T.);
#11442 = EDGE_CURVE('',#11435,#11443,#11445,.T.);
#11443 = VERTEX_POINT('',#11444);
#11444 = CARTESIAN_POINT('',(287.99940368821,-5.907613735796,-21.97));
#11445 = LINE('',#11446,#11447);
#11446 = CARTESIAN_POINT('',(287.15096221227,38.910356131902,-21.97));
#11447 = VECTOR('',#11448,1.);
#11448 = DIRECTION('',(1.89274411266E-02,-0.999820859941,0.));
#11449 = ORIENTED_EDGE('',*,*,#11450,.T.);
#11450 = EDGE_CURVE('',#11443,#2725,#11451,.T.);
#11451 = LINE('',#11452,#11453);
#11452 = CARTESIAN_POINT('',(287.99940368821,-5.907613735796,-21.97));
#11453 = VECTOR('',#11454,1.);
#11454 = DIRECTION('',(0.,0.,1.));
#11455 = PLANE('',#11456);
#11456 = AXIS2_PLACEMENT_3D('',#11457,#11458,#11459);
#11457 = CARTESIAN_POINT('',(287.15096221227,38.910356131902,-21.97));
#11458 = DIRECTION('',(-0.999820859941,-1.89274411266E-02,0.));
#11459 = DIRECTION('',(0.,0.,1.));
#11460 = ADVANCED_FACE('',(#11461),#11480,.F.);
#11461 = FACE_BOUND('',#11462,.F.);
#11462 = EDGE_LOOP('',(#11463,#11472,#11473,#11474));
#11463 = ORIENTED_EDGE('',*,*,#11464,.T.);
#11464 = EDGE_CURVE('',#11465,#11435,#11467,.T.);
#11465 = VERTEX_POINT('',#11466);
#11466 = CARTESIAN_POINT('',(290.32439362172,38.970431830038,-21.97));
#11467 = CIRCLE('',#11468,3.174);
#11468 = AXIS2_PLACEMENT_3D('',#11469,#11470,#11471);
#11469 = CARTESIAN_POINT('',(290.38446931986,35.797000420586,-21.97));
#11470 = DIRECTION('',(0.,0.,1.));
#11471 = DIRECTION('',(-1.89274411266E-02,0.999820859941,0.));
#11472 = ORIENTED_EDGE('',*,*,#11434,.T.);
#11473 = ORIENTED_EDGE('',*,*,#2732,.F.);
#11474 = ORIENTED_EDGE('',*,*,#11475,.F.);
#11475 = EDGE_CURVE('',#11465,#2733,#11476,.T.);
#11476 = LINE('',#11477,#11478);
#11477 = CARTESIAN_POINT('',(290.32439362172,38.970431830038,-21.97));
#11478 = VECTOR('',#11479,1.);
#11479 = DIRECTION('',(0.,0.,1.));
#11480 = CYLINDRICAL_SURFACE('',#11481,3.174);
#11481 = AXIS2_PLACEMENT_3D('',#11482,#11483,#11484);
#11482 = CARTESIAN_POINT('',(290.38446931986,35.797000420586,-21.97));
#11483 = DIRECTION('',(0.,0.,1.));
#11484 = DIRECTION('',(-1.89274411266E-02,0.999820859941,0.));
#11485 = ADVANCED_FACE('',(#11486),#11505,.F.);
#11486 = FACE_BOUND('',#11487,.F.);
#11487 = EDGE_LOOP('',(#11488,#11497,#11503,#11504));
#11488 = ORIENTED_EDGE('',*,*,#11489,.T.);
#11489 = EDGE_CURVE('',#11443,#11490,#11492,.T.);
#11490 = VERTEX_POINT('',#11491);
#11491 = CARTESIAN_POINT('',(291.2329107958,-9.020969447112,-21.97));
#11492 = CIRCLE('',#11493,3.174);
#11493 = AXIS2_PLACEMENT_3D('',#11494,#11495,#11496);
#11494 = CARTESIAN_POINT('',(291.17283509767,-5.84753803766,-21.97));
#11495 = DIRECTION('',(0.,0.,1.));
#11496 = DIRECTION('',(-1.89274411266E-02,0.999820859941,0.));
#11497 = ORIENTED_EDGE('',*,*,#11498,.T.);
#11498 = EDGE_CURVE('',#11490,#2776,#11499,.T.);
#11499 = LINE('',#11500,#11501);
#11500 = CARTESIAN_POINT('',(291.2329107958,-9.020969447112,-21.97));
#11501 = VECTOR('',#11502,1.);
#11502 = DIRECTION('',(0.,0.,1.));
#11503 = ORIENTED_EDGE('',*,*,#2783,.F.);
#11504 = ORIENTED_EDGE('',*,*,#11450,.F.);
#11505 = CYLINDRICAL_SURFACE('',#11506,3.174);
#11506 = AXIS2_PLACEMENT_3D('',#11507,#11508,#11509);
#11507 = CARTESIAN_POINT('',(291.17283509767,-5.84753803766,-21.97));
#11508 = DIRECTION('',(0.,0.,1.));
#11509 = DIRECTION('',(-0.999820859941,-1.89274411266E-02,0.));
#11510 = ADVANCED_FACE('',(#11511),#11529,.T.);
#11511 = FACE_BOUND('',#11512,.T.);
#11512 = EDGE_LOOP('',(#11513,#11521,#11527,#11528));
#11513 = ORIENTED_EDGE('',*,*,#11514,.F.);
#11514 = EDGE_CURVE('',#11515,#11465,#11517,.T.);
#11515 = VERTEX_POINT('',#11516);
#11516 = CARTESIAN_POINT('',(306.97341058146,39.285611579678,-21.97));
#11517 = LINE('',#11518,#11519);
#11518 = CARTESIAN_POINT('',(310.14684199091,39.345687277814,-21.97));
#11519 = VECTOR('',#11520,1.);
#11520 = DIRECTION('',(-0.999820859941,-1.89274411266E-02,0.));
#11521 = ORIENTED_EDGE('',*,*,#11522,.T.);
#11522 = EDGE_CURVE('',#11515,#2742,#11523,.T.);
#11523 = LINE('',#11524,#11525);
#11524 = CARTESIAN_POINT('',(306.97341058146,39.285611579678,-21.97));
#11525 = VECTOR('',#11526,1.);
#11526 = DIRECTION('',(0.,0.,1.));
#11527 = ORIENTED_EDGE('',*,*,#2741,.T.);
#11528 = ORIENTED_EDGE('',*,*,#11475,.F.);
#11529 = PLANE('',#11530);
#11530 = AXIS2_PLACEMENT_3D('',#11531,#11532,#11533);
#11531 = CARTESIAN_POINT('',(310.14684199091,39.345687277814,-21.97));
#11532 = DIRECTION('',(1.89274411266E-02,-0.999820859941,0.));
#11533 = DIRECTION('',(0.,0.,1.));
#11534 = ADVANCED_FACE('',(#11535),#11553,.F.);
#11535 = FACE_BOUND('',#11536,.F.);
#11536 = EDGE_LOOP('',(#11537,#11545,#11551,#11552));
#11537 = ORIENTED_EDGE('',*,*,#11538,.F.);
#11538 = EDGE_CURVE('',#11539,#11490,#11541,.T.);
#11539 = VERTEX_POINT('',#11540);
#11540 = CARTESIAN_POINT('',(307.88192775553,-8.705789697472,-21.97));
#11541 = LINE('',#11542,#11543);
#11542 = CARTESIAN_POINT('',(311.05535916498,-8.645713999336,-21.97));
#11543 = VECTOR('',#11544,1.);
#11544 = DIRECTION('',(-0.999820859941,-1.89274411266E-02,0.));
#11545 = ORIENTED_EDGE('',*,*,#11546,.T.);
#11546 = EDGE_CURVE('',#11539,#2767,#11547,.T.);
#11547 = LINE('',#11548,#11549);
#11548 = CARTESIAN_POINT('',(307.88192775553,-8.705789697472,-21.97));
#11549 = VECTOR('',#11550,1.);
#11550 = DIRECTION('',(0.,0.,1.));
#11551 = ORIENTED_EDGE('',*,*,#2775,.T.);
#11552 = ORIENTED_EDGE('',*,*,#11498,.F.);
#11553 = PLANE('',#11554);
#11554 = AXIS2_PLACEMENT_3D('',#11555,#11556,#11557);
#11555 = CARTESIAN_POINT('',(311.05535916498,-8.645713999336,-21.97));
#11556 = DIRECTION('',(1.89274411266E-02,-0.999820859941,0.));
#11557 = DIRECTION('',(0.,0.,1.));
#11558 = ADVANCED_FACE('',(#11559),#11578,.F.);
#11559 = FACE_BOUND('',#11560,.F.);
#11560 = EDGE_LOOP('',(#11561,#11570,#11571,#11572));
#11561 = ORIENTED_EDGE('',*,*,#11562,.T.);
#11562 = EDGE_CURVE('',#11563,#11515,#11565,.T.);
#11563 = VERTEX_POINT('',#11564);
#11564 = CARTESIAN_POINT('',(310.20691768904,36.172255868362,-21.97));
#11565 = CIRCLE('',#11566,3.174);
#11566 = AXIS2_PLACEMENT_3D('',#11567,#11568,#11569);
#11567 = CARTESIAN_POINT('',(307.03348627959,36.112180170226,-21.97));
#11568 = DIRECTION('',(0.,0.,1.));
#11569 = DIRECTION('',(-1.89274411266E-02,0.999820859941,0.));
#11570 = ORIENTED_EDGE('',*,*,#11522,.T.);
#11571 = ORIENTED_EDGE('',*,*,#2749,.F.);
#11572 = ORIENTED_EDGE('',*,*,#11573,.F.);
#11573 = EDGE_CURVE('',#11563,#2750,#11574,.T.);
#11574 = LINE('',#11575,#11576);
#11575 = CARTESIAN_POINT('',(310.20691768904,36.172255868362,-21.97));
#11576 = VECTOR('',#11577,1.);
#11577 = DIRECTION('',(0.,0.,1.));
#11578 = CYLINDRICAL_SURFACE('',#11579,3.174);
#11579 = AXIS2_PLACEMENT_3D('',#11580,#11581,#11582);
#11580 = CARTESIAN_POINT('',(307.03348627959,36.112180170226,-21.97));
#11581 = DIRECTION('',(0.,0.,1.));
#11582 = DIRECTION('',(0.999820859941,1.89274411266E-02,0.));
#11583 = ADVANCED_FACE('',(#11584),#11603,.F.);
#11584 = FACE_BOUND('',#11585,.T.);
#11585 = EDGE_LOOP('',(#11586,#11595,#11596,#11597));
#11586 = ORIENTED_EDGE('',*,*,#11587,.T.);
#11587 = EDGE_CURVE('',#11588,#11539,#11590,.T.);
#11588 = VERTEX_POINT('',#11589);
#11589 = CARTESIAN_POINT('',(310.99528346685,-5.472282589884,-21.97));
#11590 = CIRCLE('',#11591,3.174);
#11591 = AXIS2_PLACEMENT_3D('',#11592,#11593,#11594);
#11592 = CARTESIAN_POINT('',(307.8218520574,-5.53235828802,-21.97));
#11593 = DIRECTION('',(0.,0.,-1.));
#11594 = DIRECTION('',(-1.89274411266E-02,0.999820859941,0.));
#11595 = ORIENTED_EDGE('',*,*,#11546,.T.);
#11596 = ORIENTED_EDGE('',*,*,#2766,.F.);
#11597 = ORIENTED_EDGE('',*,*,#11598,.F.);
#11598 = EDGE_CURVE('',#11588,#2759,#11599,.T.);
#11599 = LINE('',#11600,#11601);
#11600 = CARTESIAN_POINT('',(310.99528346685,-5.472282589884,-21.97));
#11601 = VECTOR('',#11602,1.);
#11602 = DIRECTION('',(0.,0.,1.));
#11603 = CYLINDRICAL_SURFACE('',#11604,3.174);
#11604 = AXIS2_PLACEMENT_3D('',#11605,#11606,#11607);
#11605 = CARTESIAN_POINT('',(307.8218520574,-5.53235828802,-21.97));
#11606 = DIRECTION('',(0.,0.,1.));
#11607 = DIRECTION('',(0.999820859941,1.89274411266E-02,0.));
#11608 = ADVANCED_FACE('',(#11609),#11620,.T.);
#11609 = FACE_BOUND('',#11610,.T.);
#11610 = EDGE_LOOP('',(#11611,#11612,#11613,#11619));
#11611 = ORIENTED_EDGE('',*,*,#2758,.F.);
#11612 = ORIENTED_EDGE('',*,*,#11573,.F.);
#11613 = ORIENTED_EDGE('',*,*,#11614,.T.);
#11614 = EDGE_CURVE('',#11563,#11588,#11615,.T.);
#11615 = LINE('',#11616,#11617);
#11616 = CARTESIAN_POINT('',(310.14684199091,39.345687277814,-21.97));
#11617 = VECTOR('',#11618,1.);
#11618 = DIRECTION('',(1.89274411266E-02,-0.999820859941,0.));
#11619 = ORIENTED_EDGE('',*,*,#11598,.T.);
#11620 = PLANE('',#11621);
#11621 = AXIS2_PLACEMENT_3D('',#11622,#11623,#11624);
#11622 = CARTESIAN_POINT('',(310.14684199091,39.345687277814,-21.97));
#11623 = DIRECTION('',(-0.999820859941,-1.89274411266E-02,0.));
#11624 = DIRECTION('',(0.,0.,1.));
#11625 = ADVANCED_FACE('',(#11626,#11636,#11647),#11658,.T.);
#11626 = FACE_BOUND('',#11627,.T.);
#11627 = EDGE_LOOP('',(#11628,#11629,#11630,#11631,#11632,#11633,#11634,
    #11635));
#11628 = ORIENTED_EDGE('',*,*,#11442,.T.);
#11629 = ORIENTED_EDGE('',*,*,#11489,.T.);
#11630 = ORIENTED_EDGE('',*,*,#11538,.F.);
#11631 = ORIENTED_EDGE('',*,*,#11587,.F.);
#11632 = ORIENTED_EDGE('',*,*,#11614,.F.);
#11633 = ORIENTED_EDGE('',*,*,#11562,.T.);
#11634 = ORIENTED_EDGE('',*,*,#11514,.T.);
#11635 = ORIENTED_EDGE('',*,*,#11464,.T.);
#11636 = FACE_BOUND('',#11637,.T.);
#11637 = EDGE_LOOP('',(#11638));
#11638 = ORIENTED_EDGE('',*,*,#11639,.T.);
#11639 = EDGE_CURVE('',#11640,#11640,#11642,.T.);
#11640 = VERTEX_POINT('',#11641);
#11641 = CARTESIAN_POINT('',(300.59345826384,27.662773291855,-21.97));
#11642 = CIRCLE('',#11643,1.7272);
#11643 = AXIS2_PLACEMENT_3D('',#11644,#11645,#11646);
#11644 = CARTESIAN_POINT('',(298.86656767455,27.630081815541,-21.97));
#11645 = DIRECTION('',(0.,0.,-1.));
#11646 = DIRECTION('',(0.999820859941,1.89274411266E-02,0.));
#11647 = FACE_BOUND('',#11648,.T.);
#11648 = EDGE_LOOP('',(#11649));
#11649 = ORIENTED_EDGE('',*,*,#11650,.T.);
#11650 = EDGE_CURVE('',#11651,#11651,#11653,.T.);
#11651 = VERTEX_POINT('',#11652);
#11652 = CARTESIAN_POINT('',(301.066644292,2.667251793339,-21.97));
#11653 = CIRCLE('',#11654,1.7272);
#11654 = AXIS2_PLACEMENT_3D('',#11655,#11656,#11657);
#11655 = CARTESIAN_POINT('',(299.33975370271,2.634560317025,-21.97));
#11656 = DIRECTION('',(0.,0.,-1.));
#11657 = DIRECTION('',(0.999820859941,1.89274411266E-02,0.));
#11658 = PLANE('',#11659);
#11659 = AXIS2_PLACEMENT_3D('',#11660,#11661,#11662);
#11660 = CARTESIAN_POINT('',(310.14684199091,39.345687277814,-21.97));
#11661 = DIRECTION('',(0.,0.,1.));
#11662 = DIRECTION('',(-0.999820859941,-1.89274411266E-02,0.));
#11663 = ADVANCED_FACE('',(#11664),#11683,.F.);
#11664 = FACE_BOUND('',#11665,.F.);
#11665 = EDGE_LOOP('',(#11666,#11667,#11675,#11682));
#11666 = ORIENTED_EDGE('',*,*,#11639,.T.);
#11667 = ORIENTED_EDGE('',*,*,#11668,.T.);
#11668 = EDGE_CURVE('',#11640,#11669,#11671,.T.);
#11669 = VERTEX_POINT('',#11670);
#11670 = CARTESIAN_POINT('',(300.59345826384,27.662773291855,-38.1));
#11671 = LINE('',#11672,#11673);
#11672 = CARTESIAN_POINT('',(300.59345826384,27.662773291855,-13.97));
#11673 = VECTOR('',#11674,1.);
#11674 = DIRECTION('',(0.,-0.,-1.));
#11675 = ORIENTED_EDGE('',*,*,#11676,.F.);
#11676 = EDGE_CURVE('',#11669,#11669,#11677,.T.);
#11677 = CIRCLE('',#11678,1.7272);
#11678 = AXIS2_PLACEMENT_3D('',#11679,#11680,#11681);
#11679 = CARTESIAN_POINT('',(298.86656767455,27.630081815541,-38.1));
#11680 = DIRECTION('',(0.,0.,-1.));
#11681 = DIRECTION('',(0.999820859941,1.89274411266E-02,0.));
#11682 = ORIENTED_EDGE('',*,*,#11668,.F.);
#11683 = CYLINDRICAL_SURFACE('',#11684,1.7272);
#11684 = AXIS2_PLACEMENT_3D('',#11685,#11686,#11687);
#11685 = CARTESIAN_POINT('',(298.86656767455,27.630081815541,-13.97));
#11686 = DIRECTION('',(0.,-0.,-1.));
#11687 = DIRECTION('',(0.999820859941,1.89274411266E-02,0.));
#11688 = ADVANCED_FACE('',(#11689),#11708,.F.);
#11689 = FACE_BOUND('',#11690,.F.);
#11690 = EDGE_LOOP('',(#11691,#11692,#11700,#11707));
#11691 = ORIENTED_EDGE('',*,*,#11650,.T.);
#11692 = ORIENTED_EDGE('',*,*,#11693,.T.);
#11693 = EDGE_CURVE('',#11651,#11694,#11696,.T.);
#11694 = VERTEX_POINT('',#11695);
#11695 = CARTESIAN_POINT('',(301.066644292,2.667251793339,-38.1));
#11696 = LINE('',#11697,#11698);
#11697 = CARTESIAN_POINT('',(301.066644292,2.667251793339,-13.97));
#11698 = VECTOR('',#11699,1.);
#11699 = DIRECTION('',(0.,-0.,-1.));
#11700 = ORIENTED_EDGE('',*,*,#11701,.F.);
#11701 = EDGE_CURVE('',#11694,#11694,#11702,.T.);
#11702 = CIRCLE('',#11703,1.7272);
#11703 = AXIS2_PLACEMENT_3D('',#11704,#11705,#11706);
#11704 = CARTESIAN_POINT('',(299.33975370271,2.634560317025,-38.1));
#11705 = DIRECTION('',(0.,0.,-1.));
#11706 = DIRECTION('',(0.999820859941,1.89274411266E-02,0.));
#11707 = ORIENTED_EDGE('',*,*,#11693,.F.);
#11708 = CYLINDRICAL_SURFACE('',#11709,1.7272);
#11709 = AXIS2_PLACEMENT_3D('',#11710,#11711,#11712);
#11710 = CARTESIAN_POINT('',(299.33975370271,2.634560317025,-13.97));
#11711 = DIRECTION('',(0.,-0.,-1.));
#11712 = DIRECTION('',(0.999820859941,1.89274411266E-02,0.));
#11713 = ADVANCED_FACE('',(#11714),#11739,.F.);
#11714 = FACE_BOUND('',#11715,.F.);
#11715 = EDGE_LOOP('',(#11716,#11717,#11725,#11733));
#11716 = ORIENTED_EDGE('',*,*,#2792,.F.);
#11717 = ORIENTED_EDGE('',*,*,#11718,.F.);
#11718 = EDGE_CURVE('',#11719,#2793,#11721,.T.);
#11719 = VERTEX_POINT('',#11720);
#11720 = CARTESIAN_POINT('',(150.826,327.397,-21.97));
#11721 = LINE('',#11722,#11723);
#11722 = CARTESIAN_POINT('',(150.826,327.397,-21.97));
#11723 = VECTOR('',#11724,1.);
#11724 = DIRECTION('',(0.,0.,1.));
#11725 = ORIENTED_EDGE('',*,*,#11726,.T.);
#11726 = EDGE_CURVE('',#11719,#11727,#11729,.T.);
#11727 = VERTEX_POINT('',#11728);
#11728 = CARTESIAN_POINT('',(109.174,327.397,-21.97));
#11729 = LINE('',#11730,#11731);
#11730 = CARTESIAN_POINT('',(154.,327.397,-21.97));
#11731 = VECTOR('',#11732,1.);
#11732 = DIRECTION('',(-1.,0.,0.));
#11733 = ORIENTED_EDGE('',*,*,#11734,.T.);
#11734 = EDGE_CURVE('',#11727,#2795,#11735,.T.);
#11735 = LINE('',#11736,#11737);
#11736 = CARTESIAN_POINT('',(109.174,327.397,-21.97));
#11737 = VECTOR('',#11738,1.);
#11738 = DIRECTION('',(0.,0.,1.));
#11739 = PLANE('',#11740);
#11740 = AXIS2_PLACEMENT_3D('',#11741,#11742,#11743);
#11741 = CARTESIAN_POINT('',(154.,327.397,-21.97));
#11742 = DIRECTION('',(0.,1.,0.));
#11743 = DIRECTION('',(0.,0.,1.));
#11744 = ADVANCED_FACE('',(#11745),#11764,.F.);
#11745 = FACE_BOUND('',#11746,.F.);
#11746 = EDGE_LOOP('',(#11747,#11756,#11757,#11758));
#11747 = ORIENTED_EDGE('',*,*,#11748,.T.);
#11748 = EDGE_CURVE('',#11749,#11719,#11751,.T.);
#11749 = VERTEX_POINT('',#11750);
#11750 = CARTESIAN_POINT('',(154.,324.223,-21.97));
#11751 = CIRCLE('',#11752,3.174);
#11752 = AXIS2_PLACEMENT_3D('',#11753,#11754,#11755);
#11753 = CARTESIAN_POINT('',(150.826,324.223,-21.97));
#11754 = DIRECTION('',(0.,0.,1.));
#11755 = DIRECTION('',(1.,0.,0.));
#11756 = ORIENTED_EDGE('',*,*,#11718,.T.);
#11757 = ORIENTED_EDGE('',*,*,#2802,.F.);
#11758 = ORIENTED_EDGE('',*,*,#11759,.F.);
#11759 = EDGE_CURVE('',#11749,#2803,#11760,.T.);
#11760 = LINE('',#11761,#11762);
#11761 = CARTESIAN_POINT('',(154.,324.223,-21.97));
#11762 = VECTOR('',#11763,1.);
#11763 = DIRECTION('',(0.,0.,1.));
#11764 = CYLINDRICAL_SURFACE('',#11765,3.174);
#11765 = AXIS2_PLACEMENT_3D('',#11766,#11767,#11768);
#11766 = CARTESIAN_POINT('',(150.826,324.223,-21.97));
#11767 = DIRECTION('',(0.,0.,1.));
#11768 = DIRECTION('',(1.,0.,0.));
#11769 = ADVANCED_FACE('',(#11770),#11789,.F.);
#11770 = FACE_BOUND('',#11771,.F.);
#11771 = EDGE_LOOP('',(#11772,#11781,#11787,#11788));
#11772 = ORIENTED_EDGE('',*,*,#11773,.T.);
#11773 = EDGE_CURVE('',#11727,#11774,#11776,.T.);
#11774 = VERTEX_POINT('',#11775);
#11775 = CARTESIAN_POINT('',(106.,324.223,-21.97));
#11776 = CIRCLE('',#11777,3.174);
#11777 = AXIS2_PLACEMENT_3D('',#11778,#11779,#11780);
#11778 = CARTESIAN_POINT('',(109.174,324.223,-21.97));
#11779 = DIRECTION('',(0.,0.,1.));
#11780 = DIRECTION('',(1.,0.,0.));
#11781 = ORIENTED_EDGE('',*,*,#11782,.T.);
#11782 = EDGE_CURVE('',#11774,#2846,#11783,.T.);
#11783 = LINE('',#11784,#11785);
#11784 = CARTESIAN_POINT('',(106.,324.223,-21.97));
#11785 = VECTOR('',#11786,1.);
#11786 = DIRECTION('',(0.,0.,1.));
#11787 = ORIENTED_EDGE('',*,*,#2853,.F.);
#11788 = ORIENTED_EDGE('',*,*,#11734,.F.);
#11789 = CYLINDRICAL_SURFACE('',#11790,3.174);
#11790 = AXIS2_PLACEMENT_3D('',#11791,#11792,#11793);
#11791 = CARTESIAN_POINT('',(109.174,324.223,-21.97));
#11792 = DIRECTION('',(0.,0.,1.));
#11793 = DIRECTION('',(0.,1.,0.));
#11794 = ADVANCED_FACE('',(#11795),#11813,.T.);
#11795 = FACE_BOUND('',#11796,.T.);
#11796 = EDGE_LOOP('',(#11797,#11805,#11811,#11812));
#11797 = ORIENTED_EDGE('',*,*,#11798,.F.);
#11798 = EDGE_CURVE('',#11799,#11749,#11801,.T.);
#11799 = VERTEX_POINT('',#11800);
#11800 = CARTESIAN_POINT('',(154.,307.571,-21.97));
#11801 = LINE('',#11802,#11803);
#11802 = CARTESIAN_POINT('',(154.,304.397,-21.97));
#11803 = VECTOR('',#11804,1.);
#11804 = DIRECTION('',(0.,1.,0.));
#11805 = ORIENTED_EDGE('',*,*,#11806,.T.);
#11806 = EDGE_CURVE('',#11799,#2812,#11807,.T.);
#11807 = LINE('',#11808,#11809);
#11808 = CARTESIAN_POINT('',(154.,307.571,-21.97));
#11809 = VECTOR('',#11810,1.);
#11810 = DIRECTION('',(0.,0.,1.));
#11811 = ORIENTED_EDGE('',*,*,#2811,.T.);
#11812 = ORIENTED_EDGE('',*,*,#11759,.F.);
#11813 = PLANE('',#11814);
#11814 = AXIS2_PLACEMENT_3D('',#11815,#11816,#11817);
#11815 = CARTESIAN_POINT('',(154.,304.397,-21.97));
#11816 = DIRECTION('',(-1.,0.,0.));
#11817 = DIRECTION('',(0.,0.,1.));
#11818 = ADVANCED_FACE('',(#11819),#11837,.F.);
#11819 = FACE_BOUND('',#11820,.F.);
#11820 = EDGE_LOOP('',(#11821,#11829,#11835,#11836));
#11821 = ORIENTED_EDGE('',*,*,#11822,.F.);
#11822 = EDGE_CURVE('',#11823,#11774,#11825,.T.);
#11823 = VERTEX_POINT('',#11824);
#11824 = CARTESIAN_POINT('',(106.,307.571,-21.97));
#11825 = LINE('',#11826,#11827);
#11826 = CARTESIAN_POINT('',(106.,304.397,-21.97));
#11827 = VECTOR('',#11828,1.);
#11828 = DIRECTION('',(0.,1.,0.));
#11829 = ORIENTED_EDGE('',*,*,#11830,.T.);
#11830 = EDGE_CURVE('',#11823,#2837,#11831,.T.);
#11831 = LINE('',#11832,#11833);
#11832 = CARTESIAN_POINT('',(106.,307.571,-21.97));
#11833 = VECTOR('',#11834,1.);
#11834 = DIRECTION('',(0.,0.,1.));
#11835 = ORIENTED_EDGE('',*,*,#2845,.T.);
#11836 = ORIENTED_EDGE('',*,*,#11782,.F.);
#11837 = PLANE('',#11838);
#11838 = AXIS2_PLACEMENT_3D('',#11839,#11840,#11841);
#11839 = CARTESIAN_POINT('',(106.,304.397,-21.97));
#11840 = DIRECTION('',(-1.,0.,0.));
#11841 = DIRECTION('',(0.,0.,1.));
#11842 = ADVANCED_FACE('',(#11843),#11862,.F.);
#11843 = FACE_BOUND('',#11844,.F.);
#11844 = EDGE_LOOP('',(#11845,#11854,#11855,#11856));
#11845 = ORIENTED_EDGE('',*,*,#11846,.T.);
#11846 = EDGE_CURVE('',#11847,#11799,#11849,.T.);
#11847 = VERTEX_POINT('',#11848);
#11848 = CARTESIAN_POINT('',(150.826,304.397,-21.97));
#11849 = CIRCLE('',#11850,3.174);
#11850 = AXIS2_PLACEMENT_3D('',#11851,#11852,#11853);
#11851 = CARTESIAN_POINT('',(150.826,307.571,-21.97));
#11852 = DIRECTION('',(0.,0.,1.));
#11853 = DIRECTION('',(1.,0.,0.));
#11854 = ORIENTED_EDGE('',*,*,#11806,.T.);
#11855 = ORIENTED_EDGE('',*,*,#2819,.F.);
#11856 = ORIENTED_EDGE('',*,*,#11857,.F.);
#11857 = EDGE_CURVE('',#11847,#2820,#11858,.T.);
#11858 = LINE('',#11859,#11860);
#11859 = CARTESIAN_POINT('',(150.826,304.397,-21.97));
#11860 = VECTOR('',#11861,1.);
#11861 = DIRECTION('',(0.,0.,1.));
#11862 = CYLINDRICAL_SURFACE('',#11863,3.174);
#11863 = AXIS2_PLACEMENT_3D('',#11864,#11865,#11866);
#11864 = CARTESIAN_POINT('',(150.826,307.571,-21.97));
#11865 = DIRECTION('',(0.,0.,1.));
#11866 = DIRECTION('',(0.,-1.,0.));
#11867 = ADVANCED_FACE('',(#11868),#11887,.F.);
#11868 = FACE_BOUND('',#11869,.T.);
#11869 = EDGE_LOOP('',(#11870,#11879,#11880,#11881));
#11870 = ORIENTED_EDGE('',*,*,#11871,.T.);
#11871 = EDGE_CURVE('',#11872,#11823,#11874,.T.);
#11872 = VERTEX_POINT('',#11873);
#11873 = CARTESIAN_POINT('',(109.174,304.397,-21.97));
#11874 = CIRCLE('',#11875,3.174);
#11875 = AXIS2_PLACEMENT_3D('',#11876,#11877,#11878);
#11876 = CARTESIAN_POINT('',(109.174,307.571,-21.97));
#11877 = DIRECTION('',(0.,0.,-1.));
#11878 = DIRECTION('',(1.,0.,0.));
#11879 = ORIENTED_EDGE('',*,*,#11830,.T.);
#11880 = ORIENTED_EDGE('',*,*,#2836,.F.);
#11881 = ORIENTED_EDGE('',*,*,#11882,.F.);
#11882 = EDGE_CURVE('',#11872,#2829,#11883,.T.);
#11883 = LINE('',#11884,#11885);
#11884 = CARTESIAN_POINT('',(109.174,304.397,-21.97));
#11885 = VECTOR('',#11886,1.);
#11886 = DIRECTION('',(0.,0.,1.));
#11887 = CYLINDRICAL_SURFACE('',#11888,3.174);
#11888 = AXIS2_PLACEMENT_3D('',#11889,#11890,#11891);
#11889 = CARTESIAN_POINT('',(109.174,307.571,-21.97));
#11890 = DIRECTION('',(0.,0.,1.));
#11891 = DIRECTION('',(0.,-1.,0.));
#11892 = ADVANCED_FACE('',(#11893),#11904,.T.);
#11893 = FACE_BOUND('',#11894,.T.);
#11894 = EDGE_LOOP('',(#11895,#11896,#11897,#11903));
#11895 = ORIENTED_EDGE('',*,*,#2828,.F.);
#11896 = ORIENTED_EDGE('',*,*,#11857,.F.);
#11897 = ORIENTED_EDGE('',*,*,#11898,.T.);
#11898 = EDGE_CURVE('',#11847,#11872,#11899,.T.);
#11899 = LINE('',#11900,#11901);
#11900 = CARTESIAN_POINT('',(154.,304.397,-21.97));
#11901 = VECTOR('',#11902,1.);
#11902 = DIRECTION('',(-1.,0.,0.));
#11903 = ORIENTED_EDGE('',*,*,#11882,.T.);
#11904 = PLANE('',#11905);
#11905 = AXIS2_PLACEMENT_3D('',#11906,#11907,#11908);
#11906 = CARTESIAN_POINT('',(154.,304.397,-21.97));
#11907 = DIRECTION('',(0.,1.,0.));
#11908 = DIRECTION('',(0.,0.,1.));
#11909 = ADVANCED_FACE('',(#11910,#11920,#11931),#11942,.T.);
#11910 = FACE_BOUND('',#11911,.T.);
#11911 = EDGE_LOOP('',(#11912,#11913,#11914,#11915,#11916,#11917,#11918,
    #11919));
#11912 = ORIENTED_EDGE('',*,*,#11726,.T.);
#11913 = ORIENTED_EDGE('',*,*,#11773,.T.);
#11914 = ORIENTED_EDGE('',*,*,#11822,.F.);
#11915 = ORIENTED_EDGE('',*,*,#11871,.F.);
#11916 = ORIENTED_EDGE('',*,*,#11898,.F.);
#11917 = ORIENTED_EDGE('',*,*,#11846,.T.);
#11918 = ORIENTED_EDGE('',*,*,#11798,.T.);
#11919 = ORIENTED_EDGE('',*,*,#11748,.T.);
#11920 = FACE_BOUND('',#11921,.T.);
#11921 = EDGE_LOOP('',(#11922));
#11922 = ORIENTED_EDGE('',*,*,#11923,.T.);
#11923 = EDGE_CURVE('',#11924,#11924,#11926,.T.);
#11924 = VERTEX_POINT('',#11925);
#11925 = CARTESIAN_POINT('',(142.5,314.1698,-21.97));
#11926 = CIRCLE('',#11927,1.7272);
#11927 = AXIS2_PLACEMENT_3D('',#11928,#11929,#11930);
#11928 = CARTESIAN_POINT('',(142.5,315.897,-21.97));
#11929 = DIRECTION('',(-0.,0.,-1.));
#11930 = DIRECTION('',(-0.,-1.,0.));
#11931 = FACE_BOUND('',#11932,.T.);
#11932 = EDGE_LOOP('',(#11933));
#11933 = ORIENTED_EDGE('',*,*,#11934,.T.);
#11934 = EDGE_CURVE('',#11935,#11935,#11937,.T.);
#11935 = VERTEX_POINT('',#11936);
#11936 = CARTESIAN_POINT('',(117.5,314.1698,-21.97));
#11937 = CIRCLE('',#11938,1.7272);
#11938 = AXIS2_PLACEMENT_3D('',#11939,#11940,#11941);
#11939 = CARTESIAN_POINT('',(117.5,315.897,-21.97));
#11940 = DIRECTION('',(-0.,0.,-1.));
#11941 = DIRECTION('',(-0.,-1.,0.));
#11942 = PLANE('',#11943);
#11943 = AXIS2_PLACEMENT_3D('',#11944,#11945,#11946);
#11944 = CARTESIAN_POINT('',(154.,304.397,-21.97));
#11945 = DIRECTION('',(0.,0.,1.));
#11946 = DIRECTION('',(0.,1.,0.));
#11947 = ADVANCED_FACE('',(#11948),#11967,.F.);
#11948 = FACE_BOUND('',#11949,.F.);
#11949 = EDGE_LOOP('',(#11950,#11951,#11959,#11966));
#11950 = ORIENTED_EDGE('',*,*,#11923,.T.);
#11951 = ORIENTED_EDGE('',*,*,#11952,.T.);
#11952 = EDGE_CURVE('',#11924,#11953,#11955,.T.);
#11953 = VERTEX_POINT('',#11954);
#11954 = CARTESIAN_POINT('',(142.5,314.1698,-38.1));
#11955 = LINE('',#11956,#11957);
#11956 = CARTESIAN_POINT('',(142.5,314.1698,-13.97));
#11957 = VECTOR('',#11958,1.);
#11958 = DIRECTION('',(0.,0.,-1.));
#11959 = ORIENTED_EDGE('',*,*,#11960,.F.);
#11960 = EDGE_CURVE('',#11953,#11953,#11961,.T.);
#11961 = CIRCLE('',#11962,1.7272);
#11962 = AXIS2_PLACEMENT_3D('',#11963,#11964,#11965);
#11963 = CARTESIAN_POINT('',(142.5,315.897,-38.1));
#11964 = DIRECTION('',(0.,0.,-1.));
#11965 = DIRECTION('',(-2.2E-16,-1.,-0.));
#11966 = ORIENTED_EDGE('',*,*,#11952,.F.);
#11967 = CYLINDRICAL_SURFACE('',#11968,1.7272);
#11968 = AXIS2_PLACEMENT_3D('',#11969,#11970,#11971);
#11969 = CARTESIAN_POINT('',(142.5,315.897,-13.97));
#11970 = DIRECTION('',(0.,0.,-1.));
#11971 = DIRECTION('',(-0.,-1.,0.));
#11972 = ADVANCED_FACE('',(#11973),#11992,.F.);
#11973 = FACE_BOUND('',#11974,.F.);
#11974 = EDGE_LOOP('',(#11975,#11976,#11984,#11991));
#11975 = ORIENTED_EDGE('',*,*,#11934,.T.);
#11976 = ORIENTED_EDGE('',*,*,#11977,.T.);
#11977 = EDGE_CURVE('',#11935,#11978,#11980,.T.);
#11978 = VERTEX_POINT('',#11979);
#11979 = CARTESIAN_POINT('',(117.5,314.1698,-38.1));
#11980 = LINE('',#11981,#11982);
#11981 = CARTESIAN_POINT('',(117.5,314.1698,-13.97));
#11982 = VECTOR('',#11983,1.);
#11983 = DIRECTION('',(0.,0.,-1.));
#11984 = ORIENTED_EDGE('',*,*,#11985,.F.);
#11985 = EDGE_CURVE('',#11978,#11978,#11986,.T.);
#11986 = CIRCLE('',#11987,1.7272);
#11987 = AXIS2_PLACEMENT_3D('',#11988,#11989,#11990);
#11988 = CARTESIAN_POINT('',(117.5,315.897,-38.1));
#11989 = DIRECTION('',(0.,0.,-1.));
#11990 = DIRECTION('',(-2.2E-16,-1.,-0.));
#11991 = ORIENTED_EDGE('',*,*,#11977,.F.);
#11992 = CYLINDRICAL_SURFACE('',#11993,1.7272);
#11993 = AXIS2_PLACEMENT_3D('',#11994,#11995,#11996);
#11994 = CARTESIAN_POINT('',(117.5,315.897,-13.97));
#11995 = DIRECTION('',(0.,0.,-1.));
#11996 = DIRECTION('',(-0.,-1.,0.));
#11997 = ADVANCED_FACE('',(#11998),#12023,.F.);
#11998 = FACE_BOUND('',#11999,.F.);
#11999 = EDGE_LOOP('',(#12000,#12001,#12009,#12017));
#12000 = ORIENTED_EDGE('',*,*,#2862,.F.);
#12001 = ORIENTED_EDGE('',*,*,#12002,.F.);
#12002 = EDGE_CURVE('',#12003,#2863,#12005,.T.);
#12003 = VERTEX_POINT('',#12004);
#12004 = CARTESIAN_POINT('',(456.297,193.674,-21.97));
#12005 = LINE('',#12006,#12007);
#12006 = CARTESIAN_POINT('',(456.297,193.674,-21.97));
#12007 = VECTOR('',#12008,1.);
#12008 = DIRECTION('',(0.,0.,1.));
#12009 = ORIENTED_EDGE('',*,*,#12010,.T.);
#12010 = EDGE_CURVE('',#12003,#12011,#12013,.T.);
#12011 = VERTEX_POINT('',#12012);
#12012 = CARTESIAN_POINT('',(456.297,235.326,-21.97));
#12013 = LINE('',#12014,#12015);
#12014 = CARTESIAN_POINT('',(456.297,190.5,-21.97));
#12015 = VECTOR('',#12016,1.);
#12016 = DIRECTION('',(0.,1.,0.));
#12017 = ORIENTED_EDGE('',*,*,#12018,.T.);
#12018 = EDGE_CURVE('',#12011,#2865,#12019,.T.);
#12019 = LINE('',#12020,#12021);
#12020 = CARTESIAN_POINT('',(456.297,235.326,-21.97));
#12021 = VECTOR('',#12022,1.);
#12022 = DIRECTION('',(0.,0.,1.));
#12023 = PLANE('',#12024);
#12024 = AXIS2_PLACEMENT_3D('',#12025,#12026,#12027);
#12025 = CARTESIAN_POINT('',(456.297,190.5,-21.97));
#12026 = DIRECTION('',(1.,0.,0.));
#12027 = DIRECTION('',(0.,0.,1.));
#12028 = ADVANCED_FACE('',(#12029),#12048,.F.);
#12029 = FACE_BOUND('',#12030,.F.);
#12030 = EDGE_LOOP('',(#12031,#12040,#12041,#12042));
#12031 = ORIENTED_EDGE('',*,*,#12032,.T.);
#12032 = EDGE_CURVE('',#12033,#12003,#12035,.T.);
#12033 = VERTEX_POINT('',#12034);
#12034 = CARTESIAN_POINT('',(453.123,190.5,-21.97));
#12035 = CIRCLE('',#12036,3.174);
#12036 = AXIS2_PLACEMENT_3D('',#12037,#12038,#12039);
#12037 = CARTESIAN_POINT('',(453.123,193.674,-21.97));
#12038 = DIRECTION('',(-0.,0.,1.));
#12039 = DIRECTION('',(0.,-1.,0.));
#12040 = ORIENTED_EDGE('',*,*,#12002,.T.);
#12041 = ORIENTED_EDGE('',*,*,#2872,.F.);
#12042 = ORIENTED_EDGE('',*,*,#12043,.F.);
#12043 = EDGE_CURVE('',#12033,#2873,#12044,.T.);
#12044 = LINE('',#12045,#12046);
#12045 = CARTESIAN_POINT('',(453.123,190.5,-21.97));
#12046 = VECTOR('',#12047,1.);
#12047 = DIRECTION('',(0.,0.,1.));
#12048 = CYLINDRICAL_SURFACE('',#12049,3.174);
#12049 = AXIS2_PLACEMENT_3D('',#12050,#12051,#12052);
#12050 = CARTESIAN_POINT('',(453.123,193.674,-21.97));
#12051 = DIRECTION('',(0.,0.,1.));
#12052 = DIRECTION('',(0.,-1.,0.));
#12053 = ADVANCED_FACE('',(#12054),#12073,.F.);
#12054 = FACE_BOUND('',#12055,.F.);
#12055 = EDGE_LOOP('',(#12056,#12065,#12071,#12072));
#12056 = ORIENTED_EDGE('',*,*,#12057,.T.);
#12057 = EDGE_CURVE('',#12011,#12058,#12060,.T.);
#12058 = VERTEX_POINT('',#12059);
#12059 = CARTESIAN_POINT('',(453.123,238.5,-21.97));
#12060 = CIRCLE('',#12061,3.174);
#12061 = AXIS2_PLACEMENT_3D('',#12062,#12063,#12064);
#12062 = CARTESIAN_POINT('',(453.123,235.326,-21.97));
#12063 = DIRECTION('',(-0.,0.,1.));
#12064 = DIRECTION('',(0.,-1.,0.));
#12065 = ORIENTED_EDGE('',*,*,#12066,.T.);
#12066 = EDGE_CURVE('',#12058,#2916,#12067,.T.);
#12067 = LINE('',#12068,#12069);
#12068 = CARTESIAN_POINT('',(453.123,238.5,-21.97));
#12069 = VECTOR('',#12070,1.);
#12070 = DIRECTION('',(0.,0.,1.));
#12071 = ORIENTED_EDGE('',*,*,#2923,.F.);
#12072 = ORIENTED_EDGE('',*,*,#12018,.F.);
#12073 = CYLINDRICAL_SURFACE('',#12074,3.174);
#12074 = AXIS2_PLACEMENT_3D('',#12075,#12076,#12077);
#12075 = CARTESIAN_POINT('',(453.123,235.326,-21.97));
#12076 = DIRECTION('',(0.,0.,1.));
#12077 = DIRECTION('',(1.,0.,0.));
#12078 = ADVANCED_FACE('',(#12079),#12097,.T.);
#12079 = FACE_BOUND('',#12080,.T.);
#12080 = EDGE_LOOP('',(#12081,#12089,#12095,#12096));
#12081 = ORIENTED_EDGE('',*,*,#12082,.F.);
#12082 = EDGE_CURVE('',#12083,#12033,#12085,.T.);
#12083 = VERTEX_POINT('',#12084);
#12084 = CARTESIAN_POINT('',(436.471,190.5,-21.97));
#12085 = LINE('',#12086,#12087);
#12086 = CARTESIAN_POINT('',(433.297,190.5,-21.97));
#12087 = VECTOR('',#12088,1.);
#12088 = DIRECTION('',(1.,0.,0.));
#12089 = ORIENTED_EDGE('',*,*,#12090,.T.);
#12090 = EDGE_CURVE('',#12083,#2882,#12091,.T.);
#12091 = LINE('',#12092,#12093);
#12092 = CARTESIAN_POINT('',(436.471,190.5,-21.97));
#12093 = VECTOR('',#12094,1.);
#12094 = DIRECTION('',(0.,0.,1.));
#12095 = ORIENTED_EDGE('',*,*,#2881,.T.);
#12096 = ORIENTED_EDGE('',*,*,#12043,.F.);
#12097 = PLANE('',#12098);
#12098 = AXIS2_PLACEMENT_3D('',#12099,#12100,#12101);
#12099 = CARTESIAN_POINT('',(433.297,190.5,-21.97));
#12100 = DIRECTION('',(0.,1.,0.));
#12101 = DIRECTION('',(0.,0.,1.));
#12102 = ADVANCED_FACE('',(#12103),#12121,.F.);
#12103 = FACE_BOUND('',#12104,.F.);
#12104 = EDGE_LOOP('',(#12105,#12113,#12119,#12120));
#12105 = ORIENTED_EDGE('',*,*,#12106,.F.);
#12106 = EDGE_CURVE('',#12107,#12058,#12109,.T.);
#12107 = VERTEX_POINT('',#12108);
#12108 = CARTESIAN_POINT('',(436.471,238.5,-21.97));
#12109 = LINE('',#12110,#12111);
#12110 = CARTESIAN_POINT('',(433.297,238.5,-21.97));
#12111 = VECTOR('',#12112,1.);
#12112 = DIRECTION('',(1.,0.,0.));
#12113 = ORIENTED_EDGE('',*,*,#12114,.T.);
#12114 = EDGE_CURVE('',#12107,#2907,#12115,.T.);
#12115 = LINE('',#12116,#12117);
#12116 = CARTESIAN_POINT('',(436.471,238.5,-21.97));
#12117 = VECTOR('',#12118,1.);
#12118 = DIRECTION('',(0.,0.,1.));
#12119 = ORIENTED_EDGE('',*,*,#2915,.T.);
#12120 = ORIENTED_EDGE('',*,*,#12066,.F.);
#12121 = PLANE('',#12122);
#12122 = AXIS2_PLACEMENT_3D('',#12123,#12124,#12125);
#12123 = CARTESIAN_POINT('',(433.297,238.5,-21.97));
#12124 = DIRECTION('',(0.,1.,0.));
#12125 = DIRECTION('',(0.,0.,1.));
#12126 = ADVANCED_FACE('',(#12127),#12146,.F.);
#12127 = FACE_BOUND('',#12128,.F.);
#12128 = EDGE_LOOP('',(#12129,#12138,#12139,#12140));
#12129 = ORIENTED_EDGE('',*,*,#12130,.T.);
#12130 = EDGE_CURVE('',#12131,#12083,#12133,.T.);
#12131 = VERTEX_POINT('',#12132);
#12132 = CARTESIAN_POINT('',(433.297,193.674,-21.97));
#12133 = CIRCLE('',#12134,3.174);
#12134 = AXIS2_PLACEMENT_3D('',#12135,#12136,#12137);
#12135 = CARTESIAN_POINT('',(436.471,193.674,-21.97));
#12136 = DIRECTION('',(-0.,0.,1.));
#12137 = DIRECTION('',(0.,-1.,0.));
#12138 = ORIENTED_EDGE('',*,*,#12090,.T.);
#12139 = ORIENTED_EDGE('',*,*,#2889,.F.);
#12140 = ORIENTED_EDGE('',*,*,#12141,.F.);
#12141 = EDGE_CURVE('',#12131,#2890,#12142,.T.);
#12142 = LINE('',#12143,#12144);
#12143 = CARTESIAN_POINT('',(433.297,193.674,-21.97));
#12144 = VECTOR('',#12145,1.);
#12145 = DIRECTION('',(0.,0.,1.));
#12146 = CYLINDRICAL_SURFACE('',#12147,3.174);
#12147 = AXIS2_PLACEMENT_3D('',#12148,#12149,#12150);
#12148 = CARTESIAN_POINT('',(436.471,193.674,-21.97));
#12149 = DIRECTION('',(0.,0.,1.));
#12150 = DIRECTION('',(-1.,0.,0.));
#12151 = ADVANCED_FACE('',(#12152),#12171,.F.);
#12152 = FACE_BOUND('',#12153,.T.);
#12153 = EDGE_LOOP('',(#12154,#12163,#12164,#12165));
#12154 = ORIENTED_EDGE('',*,*,#12155,.T.);
#12155 = EDGE_CURVE('',#12156,#12107,#12158,.T.);
#12156 = VERTEX_POINT('',#12157);
#12157 = CARTESIAN_POINT('',(433.297,235.326,-21.97));
#12158 = CIRCLE('',#12159,3.174);
#12159 = AXIS2_PLACEMENT_3D('',#12160,#12161,#12162);
#12160 = CARTESIAN_POINT('',(436.471,235.326,-21.97));
#12161 = DIRECTION('',(-0.,-0.,-1.));
#12162 = DIRECTION('',(0.,-1.,0.));
#12163 = ORIENTED_EDGE('',*,*,#12114,.T.);
#12164 = ORIENTED_EDGE('',*,*,#2906,.F.);
#12165 = ORIENTED_EDGE('',*,*,#12166,.F.);
#12166 = EDGE_CURVE('',#12156,#2899,#12167,.T.);
#12167 = LINE('',#12168,#12169);
#12168 = CARTESIAN_POINT('',(433.297,235.326,-21.97));
#12169 = VECTOR('',#12170,1.);
#12170 = DIRECTION('',(0.,0.,1.));
#12171 = CYLINDRICAL_SURFACE('',#12172,3.174);
#12172 = AXIS2_PLACEMENT_3D('',#12173,#12174,#12175);
#12173 = CARTESIAN_POINT('',(436.471,235.326,-21.97));
#12174 = DIRECTION('',(0.,0.,1.));
#12175 = DIRECTION('',(-1.,0.,0.));
#12176 = ADVANCED_FACE('',(#12177),#12188,.T.);
#12177 = FACE_BOUND('',#12178,.T.);
#12178 = EDGE_LOOP('',(#12179,#12180,#12181,#12187));
#12179 = ORIENTED_EDGE('',*,*,#2898,.F.);
#12180 = ORIENTED_EDGE('',*,*,#12141,.F.);
#12181 = ORIENTED_EDGE('',*,*,#12182,.T.);
#12182 = EDGE_CURVE('',#12131,#12156,#12183,.T.);
#12183 = LINE('',#12184,#12185);
#12184 = CARTESIAN_POINT('',(433.297,190.5,-21.97));
#12185 = VECTOR('',#12186,1.);
#12186 = DIRECTION('',(0.,1.,0.));
#12187 = ORIENTED_EDGE('',*,*,#12166,.T.);
#12188 = PLANE('',#12189);
#12189 = AXIS2_PLACEMENT_3D('',#12190,#12191,#12192);
#12190 = CARTESIAN_POINT('',(433.297,190.5,-21.97));
#12191 = DIRECTION('',(1.,0.,0.));
#12192 = DIRECTION('',(0.,0.,1.));
#12193 = ADVANCED_FACE('',(#12194,#12204,#12215),#12226,.T.);
#12194 = FACE_BOUND('',#12195,.T.);
#12195 = EDGE_LOOP('',(#12196,#12197,#12198,#12199,#12200,#12201,#12202,
    #12203));
#12196 = ORIENTED_EDGE('',*,*,#12010,.T.);
#12197 = ORIENTED_EDGE('',*,*,#12057,.T.);
#12198 = ORIENTED_EDGE('',*,*,#12106,.F.);
#12199 = ORIENTED_EDGE('',*,*,#12155,.F.);
#12200 = ORIENTED_EDGE('',*,*,#12182,.F.);
#12201 = ORIENTED_EDGE('',*,*,#12130,.T.);
#12202 = ORIENTED_EDGE('',*,*,#12082,.T.);
#12203 = ORIENTED_EDGE('',*,*,#12032,.T.);
#12204 = FACE_BOUND('',#12205,.T.);
#12205 = EDGE_LOOP('',(#12206));
#12206 = ORIENTED_EDGE('',*,*,#12207,.T.);
#12207 = EDGE_CURVE('',#12208,#12208,#12210,.T.);
#12208 = VERTEX_POINT('',#12209);
#12209 = CARTESIAN_POINT('',(443.0698,202.,-21.97));
#12210 = CIRCLE('',#12211,1.7272);
#12211 = AXIS2_PLACEMENT_3D('',#12212,#12213,#12214);
#12212 = CARTESIAN_POINT('',(444.797,202.,-21.97));
#12213 = DIRECTION('',(0.,0.,-1.));
#12214 = DIRECTION('',(-1.,0.,0.));
#12215 = FACE_BOUND('',#12216,.T.);
#12216 = EDGE_LOOP('',(#12217));
#12217 = ORIENTED_EDGE('',*,*,#12218,.T.);
#12218 = EDGE_CURVE('',#12219,#12219,#12221,.T.);
#12219 = VERTEX_POINT('',#12220);
#12220 = CARTESIAN_POINT('',(443.0698,227.,-21.97));
#12221 = CIRCLE('',#12222,1.7272);
#12222 = AXIS2_PLACEMENT_3D('',#12223,#12224,#12225);
#12223 = CARTESIAN_POINT('',(444.797,227.,-21.97));
#12224 = DIRECTION('',(0.,0.,-1.));
#12225 = DIRECTION('',(-1.,0.,0.));
#12226 = PLANE('',#12227);
#12227 = AXIS2_PLACEMENT_3D('',#12228,#12229,#12230);
#12228 = CARTESIAN_POINT('',(433.297,190.5,-21.97));
#12229 = DIRECTION('',(0.,0.,1.));
#12230 = DIRECTION('',(1.,0.,0.));
#12231 = ADVANCED_FACE('',(#12232),#12251,.F.);
#12232 = FACE_BOUND('',#12233,.F.);
#12233 = EDGE_LOOP('',(#12234,#12235,#12243,#12250));
#12234 = ORIENTED_EDGE('',*,*,#12207,.T.);
#12235 = ORIENTED_EDGE('',*,*,#12236,.T.);
#12236 = EDGE_CURVE('',#12208,#12237,#12239,.T.);
#12237 = VERTEX_POINT('',#12238);
#12238 = CARTESIAN_POINT('',(443.0698,202.,-38.1));
#12239 = LINE('',#12240,#12241);
#12240 = CARTESIAN_POINT('',(443.0698,202.,-13.97));
#12241 = VECTOR('',#12242,1.);
#12242 = DIRECTION('',(0.,0.,-1.));
#12243 = ORIENTED_EDGE('',*,*,#12244,.F.);
#12244 = EDGE_CURVE('',#12237,#12237,#12245,.T.);
#12245 = CIRCLE('',#12246,1.7272);
#12246 = AXIS2_PLACEMENT_3D('',#12247,#12248,#12249);
#12247 = CARTESIAN_POINT('',(444.797,202.,-38.1));
#12248 = DIRECTION('',(0.,0.,-1.));
#12249 = DIRECTION('',(-1.,0.,0.));
#12250 = ORIENTED_EDGE('',*,*,#12236,.F.);
#12251 = CYLINDRICAL_SURFACE('',#12252,1.7272);
#12252 = AXIS2_PLACEMENT_3D('',#12253,#12254,#12255);
#12253 = CARTESIAN_POINT('',(444.797,202.,-13.97));
#12254 = DIRECTION('',(0.,0.,-1.));
#12255 = DIRECTION('',(-1.,0.,0.));
#12256 = ADVANCED_FACE('',(#12257),#12276,.F.);
#12257 = FACE_BOUND('',#12258,.F.);
#12258 = EDGE_LOOP('',(#12259,#12260,#12268,#12275));
#12259 = ORIENTED_EDGE('',*,*,#12218,.T.);
#12260 = ORIENTED_EDGE('',*,*,#12261,.T.);
#12261 = EDGE_CURVE('',#12219,#12262,#12264,.T.);
#12262 = VERTEX_POINT('',#12263);
#12263 = CARTESIAN_POINT('',(443.0698,227.,-38.1));
#12264 = LINE('',#12265,#12266);
#12265 = CARTESIAN_POINT('',(443.0698,227.,-13.97));
#12266 = VECTOR('',#12267,1.);
#12267 = DIRECTION('',(0.,0.,-1.));
#12268 = ORIENTED_EDGE('',*,*,#12269,.F.);
#12269 = EDGE_CURVE('',#12262,#12262,#12270,.T.);
#12270 = CIRCLE('',#12271,1.7272);
#12271 = AXIS2_PLACEMENT_3D('',#12272,#12273,#12274);
#12272 = CARTESIAN_POINT('',(444.797,227.,-38.1));
#12273 = DIRECTION('',(0.,0.,-1.));
#12274 = DIRECTION('',(-1.,0.,0.));
#12275 = ORIENTED_EDGE('',*,*,#12261,.F.);
#12276 = CYLINDRICAL_SURFACE('',#12277,1.7272);
#12277 = AXIS2_PLACEMENT_3D('',#12278,#12279,#12280);
#12278 = CARTESIAN_POINT('',(444.797,227.,-13.97));
#12279 = DIRECTION('',(0.,0.,-1.));
#12280 = DIRECTION('',(-1.,0.,0.));
#12281 = ADVANCED_FACE('',(#12282),#12307,.F.);
#12282 = FACE_BOUND('',#12283,.F.);
#12283 = EDGE_LOOP('',(#12284,#12285,#12293,#12301));
#12284 = ORIENTED_EDGE('',*,*,#2932,.F.);
#12285 = ORIENTED_EDGE('',*,*,#12286,.F.);
#12286 = EDGE_CURVE('',#12287,#2933,#12289,.T.);
#12287 = VERTEX_POINT('',#12288);
#12288 = CARTESIAN_POINT('',(431.397,111.674,-21.97));
#12289 = LINE('',#12290,#12291);
#12290 = CARTESIAN_POINT('',(431.397,111.674,-21.97));
#12291 = VECTOR('',#12292,1.);
#12292 = DIRECTION('',(0.,0.,1.));
#12293 = ORIENTED_EDGE('',*,*,#12294,.T.);
#12294 = EDGE_CURVE('',#12287,#12295,#12297,.T.);
#12295 = VERTEX_POINT('',#12296);
#12296 = CARTESIAN_POINT('',(431.397,153.326,-21.97));
#12297 = LINE('',#12298,#12299);
#12298 = CARTESIAN_POINT('',(431.397,108.5,-21.97));
#12299 = VECTOR('',#12300,1.);
#12300 = DIRECTION('',(0.,1.,0.));
#12301 = ORIENTED_EDGE('',*,*,#12302,.T.);
#12302 = EDGE_CURVE('',#12295,#2935,#12303,.T.);
#12303 = LINE('',#12304,#12305);
#12304 = CARTESIAN_POINT('',(431.397,153.326,-21.97));
#12305 = VECTOR('',#12306,1.);
#12306 = DIRECTION('',(0.,0.,1.));
#12307 = PLANE('',#12308);
#12308 = AXIS2_PLACEMENT_3D('',#12309,#12310,#12311);
#12309 = CARTESIAN_POINT('',(431.397,108.5,-21.97));
#12310 = DIRECTION('',(1.,0.,0.));
#12311 = DIRECTION('',(0.,0.,1.));
#12312 = ADVANCED_FACE('',(#12313),#12332,.F.);
#12313 = FACE_BOUND('',#12314,.F.);
#12314 = EDGE_LOOP('',(#12315,#12324,#12325,#12326));
#12315 = ORIENTED_EDGE('',*,*,#12316,.T.);
#12316 = EDGE_CURVE('',#12317,#12287,#12319,.T.);
#12317 = VERTEX_POINT('',#12318);
#12318 = CARTESIAN_POINT('',(428.223,108.5,-21.97));
#12319 = CIRCLE('',#12320,3.174);
#12320 = AXIS2_PLACEMENT_3D('',#12321,#12322,#12323);
#12321 = CARTESIAN_POINT('',(428.223,111.674,-21.97));
#12322 = DIRECTION('',(-0.,0.,1.));
#12323 = DIRECTION('',(0.,-1.,0.));
#12324 = ORIENTED_EDGE('',*,*,#12286,.T.);
#12325 = ORIENTED_EDGE('',*,*,#2942,.F.);
#12326 = ORIENTED_EDGE('',*,*,#12327,.F.);
#12327 = EDGE_CURVE('',#12317,#2943,#12328,.T.);
#12328 = LINE('',#12329,#12330);
#12329 = CARTESIAN_POINT('',(428.223,108.5,-21.97));
#12330 = VECTOR('',#12331,1.);
#12331 = DIRECTION('',(0.,0.,1.));
#12332 = CYLINDRICAL_SURFACE('',#12333,3.174);
#12333 = AXIS2_PLACEMENT_3D('',#12334,#12335,#12336);
#12334 = CARTESIAN_POINT('',(428.223,111.674,-21.97));
#12335 = DIRECTION('',(0.,0.,1.));
#12336 = DIRECTION('',(0.,-1.,0.));
#12337 = ADVANCED_FACE('',(#12338),#12357,.F.);
#12338 = FACE_BOUND('',#12339,.F.);
#12339 = EDGE_LOOP('',(#12340,#12349,#12355,#12356));
#12340 = ORIENTED_EDGE('',*,*,#12341,.T.);
#12341 = EDGE_CURVE('',#12295,#12342,#12344,.T.);
#12342 = VERTEX_POINT('',#12343);
#12343 = CARTESIAN_POINT('',(428.223,156.5,-21.97));
#12344 = CIRCLE('',#12345,3.174);
#12345 = AXIS2_PLACEMENT_3D('',#12346,#12347,#12348);
#12346 = CARTESIAN_POINT('',(428.223,153.326,-21.97));
#12347 = DIRECTION('',(-0.,0.,1.));
#12348 = DIRECTION('',(0.,-1.,0.));
#12349 = ORIENTED_EDGE('',*,*,#12350,.T.);
#12350 = EDGE_CURVE('',#12342,#2986,#12351,.T.);
#12351 = LINE('',#12352,#12353);
#12352 = CARTESIAN_POINT('',(428.223,156.5,-21.97));
#12353 = VECTOR('',#12354,1.);
#12354 = DIRECTION('',(0.,0.,1.));
#12355 = ORIENTED_EDGE('',*,*,#2993,.F.);
#12356 = ORIENTED_EDGE('',*,*,#12302,.F.);
#12357 = CYLINDRICAL_SURFACE('',#12358,3.174);
#12358 = AXIS2_PLACEMENT_3D('',#12359,#12360,#12361);
#12359 = CARTESIAN_POINT('',(428.223,153.326,-21.97));
#12360 = DIRECTION('',(0.,0.,1.));
#12361 = DIRECTION('',(1.,0.,0.));
#12362 = ADVANCED_FACE('',(#12363),#12381,.T.);
#12363 = FACE_BOUND('',#12364,.T.);
#12364 = EDGE_LOOP('',(#12365,#12373,#12379,#12380));
#12365 = ORIENTED_EDGE('',*,*,#12366,.F.);
#12366 = EDGE_CURVE('',#12367,#12317,#12369,.T.);
#12367 = VERTEX_POINT('',#12368);
#12368 = CARTESIAN_POINT('',(411.571,108.5,-21.97));
#12369 = LINE('',#12370,#12371);
#12370 = CARTESIAN_POINT('',(408.397,108.5,-21.97));
#12371 = VECTOR('',#12372,1.);
#12372 = DIRECTION('',(1.,0.,0.));
#12373 = ORIENTED_EDGE('',*,*,#12374,.T.);
#12374 = EDGE_CURVE('',#12367,#2952,#12375,.T.);
#12375 = LINE('',#12376,#12377);
#12376 = CARTESIAN_POINT('',(411.571,108.5,-21.97));
#12377 = VECTOR('',#12378,1.);
#12378 = DIRECTION('',(0.,0.,1.));
#12379 = ORIENTED_EDGE('',*,*,#2951,.T.);
#12380 = ORIENTED_EDGE('',*,*,#12327,.F.);
#12381 = PLANE('',#12382);
#12382 = AXIS2_PLACEMENT_3D('',#12383,#12384,#12385);
#12383 = CARTESIAN_POINT('',(408.397,108.5,-21.97));
#12384 = DIRECTION('',(0.,1.,0.));
#12385 = DIRECTION('',(0.,0.,1.));
#12386 = ADVANCED_FACE('',(#12387),#12405,.F.);
#12387 = FACE_BOUND('',#12388,.F.);
#12388 = EDGE_LOOP('',(#12389,#12397,#12403,#12404));
#12389 = ORIENTED_EDGE('',*,*,#12390,.F.);
#12390 = EDGE_CURVE('',#12391,#12342,#12393,.T.);
#12391 = VERTEX_POINT('',#12392);
#12392 = CARTESIAN_POINT('',(411.571,156.5,-21.97));
#12393 = LINE('',#12394,#12395);
#12394 = CARTESIAN_POINT('',(408.397,156.5,-21.97));
#12395 = VECTOR('',#12396,1.);
#12396 = DIRECTION('',(1.,0.,0.));
#12397 = ORIENTED_EDGE('',*,*,#12398,.T.);
#12398 = EDGE_CURVE('',#12391,#2977,#12399,.T.);
#12399 = LINE('',#12400,#12401);
#12400 = CARTESIAN_POINT('',(411.571,156.5,-21.97));
#12401 = VECTOR('',#12402,1.);
#12402 = DIRECTION('',(0.,0.,1.));
#12403 = ORIENTED_EDGE('',*,*,#2985,.T.);
#12404 = ORIENTED_EDGE('',*,*,#12350,.F.);
#12405 = PLANE('',#12406);
#12406 = AXIS2_PLACEMENT_3D('',#12407,#12408,#12409);
#12407 = CARTESIAN_POINT('',(408.397,156.5,-21.97));
#12408 = DIRECTION('',(0.,1.,0.));
#12409 = DIRECTION('',(0.,0.,1.));
#12410 = ADVANCED_FACE('',(#12411),#12430,.F.);
#12411 = FACE_BOUND('',#12412,.F.);
#12412 = EDGE_LOOP('',(#12413,#12422,#12423,#12424));
#12413 = ORIENTED_EDGE('',*,*,#12414,.T.);
#12414 = EDGE_CURVE('',#12415,#12367,#12417,.T.);
#12415 = VERTEX_POINT('',#12416);
#12416 = CARTESIAN_POINT('',(408.397,111.674,-21.97));
#12417 = CIRCLE('',#12418,3.174);
#12418 = AXIS2_PLACEMENT_3D('',#12419,#12420,#12421);
#12419 = CARTESIAN_POINT('',(411.571,111.674,-21.97));
#12420 = DIRECTION('',(-0.,0.,1.));
#12421 = DIRECTION('',(0.,-1.,0.));
#12422 = ORIENTED_EDGE('',*,*,#12374,.T.);
#12423 = ORIENTED_EDGE('',*,*,#2959,.F.);
#12424 = ORIENTED_EDGE('',*,*,#12425,.F.);
#12425 = EDGE_CURVE('',#12415,#2960,#12426,.T.);
#12426 = LINE('',#12427,#12428);
#12427 = CARTESIAN_POINT('',(408.397,111.674,-21.97));
#12428 = VECTOR('',#12429,1.);
#12429 = DIRECTION('',(0.,0.,1.));
#12430 = CYLINDRICAL_SURFACE('',#12431,3.174);
#12431 = AXIS2_PLACEMENT_3D('',#12432,#12433,#12434);
#12432 = CARTESIAN_POINT('',(411.571,111.674,-21.97));
#12433 = DIRECTION('',(0.,0.,1.));
#12434 = DIRECTION('',(-1.,0.,0.));
#12435 = ADVANCED_FACE('',(#12436),#12455,.F.);
#12436 = FACE_BOUND('',#12437,.T.);
#12437 = EDGE_LOOP('',(#12438,#12447,#12448,#12449));
#12438 = ORIENTED_EDGE('',*,*,#12439,.T.);
#12439 = EDGE_CURVE('',#12440,#12391,#12442,.T.);
#12440 = VERTEX_POINT('',#12441);
#12441 = CARTESIAN_POINT('',(408.397,153.326,-21.97));
#12442 = CIRCLE('',#12443,3.174);
#12443 = AXIS2_PLACEMENT_3D('',#12444,#12445,#12446);
#12444 = CARTESIAN_POINT('',(411.571,153.326,-21.97));
#12445 = DIRECTION('',(-0.,-0.,-1.));
#12446 = DIRECTION('',(0.,-1.,0.));
#12447 = ORIENTED_EDGE('',*,*,#12398,.T.);
#12448 = ORIENTED_EDGE('',*,*,#2976,.F.);
#12449 = ORIENTED_EDGE('',*,*,#12450,.F.);
#12450 = EDGE_CURVE('',#12440,#2969,#12451,.T.);
#12451 = LINE('',#12452,#12453);
#12452 = CARTESIAN_POINT('',(408.397,153.326,-21.97));
#12453 = VECTOR('',#12454,1.);
#12454 = DIRECTION('',(0.,0.,1.));
#12455 = CYLINDRICAL_SURFACE('',#12456,3.174);
#12456 = AXIS2_PLACEMENT_3D('',#12457,#12458,#12459);
#12457 = CARTESIAN_POINT('',(411.571,153.326,-21.97));
#12458 = DIRECTION('',(0.,0.,1.));
#12459 = DIRECTION('',(-1.,0.,0.));
#12460 = ADVANCED_FACE('',(#12461),#12472,.T.);
#12461 = FACE_BOUND('',#12462,.T.);
#12462 = EDGE_LOOP('',(#12463,#12464,#12465,#12471));
#12463 = ORIENTED_EDGE('',*,*,#2968,.F.);
#12464 = ORIENTED_EDGE('',*,*,#12425,.F.);
#12465 = ORIENTED_EDGE('',*,*,#12466,.T.);
#12466 = EDGE_CURVE('',#12415,#12440,#12467,.T.);
#12467 = LINE('',#12468,#12469);
#12468 = CARTESIAN_POINT('',(408.397,108.5,-21.97));
#12469 = VECTOR('',#12470,1.);
#12470 = DIRECTION('',(0.,1.,0.));
#12471 = ORIENTED_EDGE('',*,*,#12450,.T.);
#12472 = PLANE('',#12473);
#12473 = AXIS2_PLACEMENT_3D('',#12474,#12475,#12476);
#12474 = CARTESIAN_POINT('',(408.397,108.5,-21.97));
#12475 = DIRECTION('',(1.,0.,0.));
#12476 = DIRECTION('',(0.,0.,1.));
#12477 = ADVANCED_FACE('',(#12478,#12488,#12499),#12510,.T.);
#12478 = FACE_BOUND('',#12479,.T.);
#12479 = EDGE_LOOP('',(#12480,#12481,#12482,#12483,#12484,#12485,#12486,
    #12487));
#12480 = ORIENTED_EDGE('',*,*,#12294,.T.);
#12481 = ORIENTED_EDGE('',*,*,#12341,.T.);
#12482 = ORIENTED_EDGE('',*,*,#12390,.F.);
#12483 = ORIENTED_EDGE('',*,*,#12439,.F.);
#12484 = ORIENTED_EDGE('',*,*,#12466,.F.);
#12485 = ORIENTED_EDGE('',*,*,#12414,.T.);
#12486 = ORIENTED_EDGE('',*,*,#12366,.T.);
#12487 = ORIENTED_EDGE('',*,*,#12316,.T.);
#12488 = FACE_BOUND('',#12489,.T.);
#12489 = EDGE_LOOP('',(#12490));
#12490 = ORIENTED_EDGE('',*,*,#12491,.T.);
#12491 = EDGE_CURVE('',#12492,#12492,#12494,.T.);
#12492 = VERTEX_POINT('',#12493);
#12493 = CARTESIAN_POINT('',(418.1698,120.,-21.97));
#12494 = CIRCLE('',#12495,1.7272);
#12495 = AXIS2_PLACEMENT_3D('',#12496,#12497,#12498);
#12496 = CARTESIAN_POINT('',(419.897,120.,-21.97));
#12497 = DIRECTION('',(0.,0.,-1.));
#12498 = DIRECTION('',(-1.,0.,0.));
#12499 = FACE_BOUND('',#12500,.T.);
#12500 = EDGE_LOOP('',(#12501));
#12501 = ORIENTED_EDGE('',*,*,#12502,.T.);
#12502 = EDGE_CURVE('',#12503,#12503,#12505,.T.);
#12503 = VERTEX_POINT('',#12504);
#12504 = CARTESIAN_POINT('',(418.1698,145.,-21.97));
#12505 = CIRCLE('',#12506,1.7272);
#12506 = AXIS2_PLACEMENT_3D('',#12507,#12508,#12509);
#12507 = CARTESIAN_POINT('',(419.897,145.,-21.97));
#12508 = DIRECTION('',(0.,0.,-1.));
#12509 = DIRECTION('',(-1.,0.,0.));
#12510 = PLANE('',#12511);
#12511 = AXIS2_PLACEMENT_3D('',#12512,#12513,#12514);
#12512 = CARTESIAN_POINT('',(408.397,108.5,-21.97));
#12513 = DIRECTION('',(0.,0.,1.));
#12514 = DIRECTION('',(1.,0.,0.));
#12515 = ADVANCED_FACE('',(#12516),#12535,.F.);
#12516 = FACE_BOUND('',#12517,.F.);
#12517 = EDGE_LOOP('',(#12518,#12519,#12527,#12534));
#12518 = ORIENTED_EDGE('',*,*,#12491,.T.);
#12519 = ORIENTED_EDGE('',*,*,#12520,.T.);
#12520 = EDGE_CURVE('',#12492,#12521,#12523,.T.);
#12521 = VERTEX_POINT('',#12522);
#12522 = CARTESIAN_POINT('',(418.1698,120.,-38.1));
#12523 = LINE('',#12524,#12525);
#12524 = CARTESIAN_POINT('',(418.1698,120.,-13.97));
#12525 = VECTOR('',#12526,1.);
#12526 = DIRECTION('',(0.,0.,-1.));
#12527 = ORIENTED_EDGE('',*,*,#12528,.F.);
#12528 = EDGE_CURVE('',#12521,#12521,#12529,.T.);
#12529 = CIRCLE('',#12530,1.7272);
#12530 = AXIS2_PLACEMENT_3D('',#12531,#12532,#12533);
#12531 = CARTESIAN_POINT('',(419.897,120.,-38.1));
#12532 = DIRECTION('',(0.,0.,-1.));
#12533 = DIRECTION('',(-1.,0.,0.));
#12534 = ORIENTED_EDGE('',*,*,#12520,.F.);
#12535 = CYLINDRICAL_SURFACE('',#12536,1.7272);
#12536 = AXIS2_PLACEMENT_3D('',#12537,#12538,#12539);
#12537 = CARTESIAN_POINT('',(419.897,120.,-13.97));
#12538 = DIRECTION('',(0.,0.,-1.));
#12539 = DIRECTION('',(-1.,0.,0.));
#12540 = ADVANCED_FACE('',(#12541),#12560,.F.);
#12541 = FACE_BOUND('',#12542,.F.);
#12542 = EDGE_LOOP('',(#12543,#12544,#12552,#12559));
#12543 = ORIENTED_EDGE('',*,*,#12502,.T.);
#12544 = ORIENTED_EDGE('',*,*,#12545,.T.);
#12545 = EDGE_CURVE('',#12503,#12546,#12548,.T.);
#12546 = VERTEX_POINT('',#12547);
#12547 = CARTESIAN_POINT('',(418.1698,145.,-38.1));
#12548 = LINE('',#12549,#12550);
#12549 = CARTESIAN_POINT('',(418.1698,145.,-13.97));
#12550 = VECTOR('',#12551,1.);
#12551 = DIRECTION('',(0.,0.,-1.));
#12552 = ORIENTED_EDGE('',*,*,#12553,.F.);
#12553 = EDGE_CURVE('',#12546,#12546,#12554,.T.);
#12554 = CIRCLE('',#12555,1.7272);
#12555 = AXIS2_PLACEMENT_3D('',#12556,#12557,#12558);
#12556 = CARTESIAN_POINT('',(419.897,145.,-38.1));
#12557 = DIRECTION('',(0.,0.,-1.));
#12558 = DIRECTION('',(-1.,0.,0.));
#12559 = ORIENTED_EDGE('',*,*,#12545,.F.);
#12560 = CYLINDRICAL_SURFACE('',#12561,1.7272);
#12561 = AXIS2_PLACEMENT_3D('',#12562,#12563,#12564);
#12562 = CARTESIAN_POINT('',(419.897,145.,-13.97));
#12563 = DIRECTION('',(0.,0.,-1.));
#12564 = DIRECTION('',(-1.,0.,0.));
#12565 = ADVANCED_FACE('',(#12566),#12591,.F.);
#12566 = FACE_BOUND('',#12567,.F.);
#12567 = EDGE_LOOP('',(#12568,#12569,#12577,#12585));
#12568 = ORIENTED_EDGE('',*,*,#3002,.F.);
#12569 = ORIENTED_EDGE('',*,*,#12570,.F.);
#12570 = EDGE_CURVE('',#12571,#3003,#12573,.T.);
#12571 = VERTEX_POINT('',#12572);
#12572 = CARTESIAN_POINT('',(454.897,111.674,-21.97));
#12573 = LINE('',#12574,#12575);
#12574 = CARTESIAN_POINT('',(454.897,111.674,-21.97));
#12575 = VECTOR('',#12576,1.);
#12576 = DIRECTION('',(0.,0.,1.));
#12577 = ORIENTED_EDGE('',*,*,#12578,.T.);
#12578 = EDGE_CURVE('',#12571,#12579,#12581,.T.);
#12579 = VERTEX_POINT('',#12580);
#12580 = CARTESIAN_POINT('',(454.897,153.326,-21.97));
#12581 = LINE('',#12582,#12583);
#12582 = CARTESIAN_POINT('',(454.897,108.5,-21.97));
#12583 = VECTOR('',#12584,1.);
#12584 = DIRECTION('',(0.,1.,0.));
#12585 = ORIENTED_EDGE('',*,*,#12586,.T.);
#12586 = EDGE_CURVE('',#12579,#3005,#12587,.T.);
#12587 = LINE('',#12588,#12589);
#12588 = CARTESIAN_POINT('',(454.897,153.326,-21.97));
#12589 = VECTOR('',#12590,1.);
#12590 = DIRECTION('',(0.,0.,1.));
#12591 = PLANE('',#12592);
#12592 = AXIS2_PLACEMENT_3D('',#12593,#12594,#12595);
#12593 = CARTESIAN_POINT('',(454.897,108.5,-21.97));
#12594 = DIRECTION('',(1.,0.,0.));
#12595 = DIRECTION('',(0.,0.,1.));
#12596 = ADVANCED_FACE('',(#12597),#12616,.F.);
#12597 = FACE_BOUND('',#12598,.F.);
#12598 = EDGE_LOOP('',(#12599,#12608,#12609,#12610));
#12599 = ORIENTED_EDGE('',*,*,#12600,.T.);
#12600 = EDGE_CURVE('',#12601,#12571,#12603,.T.);
#12601 = VERTEX_POINT('',#12602);
#12602 = CARTESIAN_POINT('',(451.723,108.5,-21.97));
#12603 = CIRCLE('',#12604,3.174);
#12604 = AXIS2_PLACEMENT_3D('',#12605,#12606,#12607);
#12605 = CARTESIAN_POINT('',(451.723,111.674,-21.97));
#12606 = DIRECTION('',(-0.,0.,1.));
#12607 = DIRECTION('',(0.,-1.,0.));
#12608 = ORIENTED_EDGE('',*,*,#12570,.T.);
#12609 = ORIENTED_EDGE('',*,*,#3012,.F.);
#12610 = ORIENTED_EDGE('',*,*,#12611,.F.);
#12611 = EDGE_CURVE('',#12601,#3013,#12612,.T.);
#12612 = LINE('',#12613,#12614);
#12613 = CARTESIAN_POINT('',(451.723,108.5,-21.97));
#12614 = VECTOR('',#12615,1.);
#12615 = DIRECTION('',(0.,0.,1.));
#12616 = CYLINDRICAL_SURFACE('',#12617,3.174);
#12617 = AXIS2_PLACEMENT_3D('',#12618,#12619,#12620);
#12618 = CARTESIAN_POINT('',(451.723,111.674,-21.97));
#12619 = DIRECTION('',(0.,0.,1.));
#12620 = DIRECTION('',(0.,-1.,0.));
#12621 = ADVANCED_FACE('',(#12622),#12641,.F.);
#12622 = FACE_BOUND('',#12623,.F.);
#12623 = EDGE_LOOP('',(#12624,#12633,#12639,#12640));
#12624 = ORIENTED_EDGE('',*,*,#12625,.T.);
#12625 = EDGE_CURVE('',#12579,#12626,#12628,.T.);
#12626 = VERTEX_POINT('',#12627);
#12627 = CARTESIAN_POINT('',(451.723,156.5,-21.97));
#12628 = CIRCLE('',#12629,3.174);
#12629 = AXIS2_PLACEMENT_3D('',#12630,#12631,#12632);
#12630 = CARTESIAN_POINT('',(451.723,153.326,-21.97));
#12631 = DIRECTION('',(-0.,0.,1.));
#12632 = DIRECTION('',(0.,-1.,0.));
#12633 = ORIENTED_EDGE('',*,*,#12634,.T.);
#12634 = EDGE_CURVE('',#12626,#3056,#12635,.T.);
#12635 = LINE('',#12636,#12637);
#12636 = CARTESIAN_POINT('',(451.723,156.5,-21.97));
#12637 = VECTOR('',#12638,1.);
#12638 = DIRECTION('',(0.,0.,1.));
#12639 = ORIENTED_EDGE('',*,*,#3063,.F.);
#12640 = ORIENTED_EDGE('',*,*,#12586,.F.);
#12641 = CYLINDRICAL_SURFACE('',#12642,3.174);
#12642 = AXIS2_PLACEMENT_3D('',#12643,#12644,#12645);
#12643 = CARTESIAN_POINT('',(451.723,153.326,-21.97));
#12644 = DIRECTION('',(0.,0.,1.));
#12645 = DIRECTION('',(1.,0.,0.));
#12646 = ADVANCED_FACE('',(#12647),#12665,.T.);
#12647 = FACE_BOUND('',#12648,.T.);
#12648 = EDGE_LOOP('',(#12649,#12657,#12663,#12664));
#12649 = ORIENTED_EDGE('',*,*,#12650,.F.);
#12650 = EDGE_CURVE('',#12651,#12601,#12653,.T.);
#12651 = VERTEX_POINT('',#12652);
#12652 = CARTESIAN_POINT('',(435.071,108.5,-21.97));
#12653 = LINE('',#12654,#12655);
#12654 = CARTESIAN_POINT('',(431.897,108.5,-21.97));
#12655 = VECTOR('',#12656,1.);
#12656 = DIRECTION('',(1.,0.,0.));
#12657 = ORIENTED_EDGE('',*,*,#12658,.T.);
#12658 = EDGE_CURVE('',#12651,#3022,#12659,.T.);
#12659 = LINE('',#12660,#12661);
#12660 = CARTESIAN_POINT('',(435.071,108.5,-21.97));
#12661 = VECTOR('',#12662,1.);
#12662 = DIRECTION('',(0.,0.,1.));
#12663 = ORIENTED_EDGE('',*,*,#3021,.T.);
#12664 = ORIENTED_EDGE('',*,*,#12611,.F.);
#12665 = PLANE('',#12666);
#12666 = AXIS2_PLACEMENT_3D('',#12667,#12668,#12669);
#12667 = CARTESIAN_POINT('',(431.897,108.5,-21.97));
#12668 = DIRECTION('',(0.,1.,0.));
#12669 = DIRECTION('',(0.,0.,1.));
#12670 = ADVANCED_FACE('',(#12671),#12689,.F.);
#12671 = FACE_BOUND('',#12672,.F.);
#12672 = EDGE_LOOP('',(#12673,#12681,#12687,#12688));
#12673 = ORIENTED_EDGE('',*,*,#12674,.F.);
#12674 = EDGE_CURVE('',#12675,#12626,#12677,.T.);
#12675 = VERTEX_POINT('',#12676);
#12676 = CARTESIAN_POINT('',(435.071,156.5,-21.97));
#12677 = LINE('',#12678,#12679);
#12678 = CARTESIAN_POINT('',(431.897,156.5,-21.97));
#12679 = VECTOR('',#12680,1.);
#12680 = DIRECTION('',(1.,0.,0.));
#12681 = ORIENTED_EDGE('',*,*,#12682,.T.);
#12682 = EDGE_CURVE('',#12675,#3047,#12683,.T.);
#12683 = LINE('',#12684,#12685);
#12684 = CARTESIAN_POINT('',(435.071,156.5,-21.97));
#12685 = VECTOR('',#12686,1.);
#12686 = DIRECTION('',(0.,0.,1.));
#12687 = ORIENTED_EDGE('',*,*,#3055,.T.);
#12688 = ORIENTED_EDGE('',*,*,#12634,.F.);
#12689 = PLANE('',#12690);
#12690 = AXIS2_PLACEMENT_3D('',#12691,#12692,#12693);
#12691 = CARTESIAN_POINT('',(431.897,156.5,-21.97));
#12692 = DIRECTION('',(0.,1.,0.));
#12693 = DIRECTION('',(0.,0.,1.));
#12694 = ADVANCED_FACE('',(#12695),#12714,.F.);
#12695 = FACE_BOUND('',#12696,.F.);
#12696 = EDGE_LOOP('',(#12697,#12706,#12707,#12708));
#12697 = ORIENTED_EDGE('',*,*,#12698,.T.);
#12698 = EDGE_CURVE('',#12699,#12651,#12701,.T.);
#12699 = VERTEX_POINT('',#12700);
#12700 = CARTESIAN_POINT('',(431.897,111.674,-21.97));
#12701 = CIRCLE('',#12702,3.174);
#12702 = AXIS2_PLACEMENT_3D('',#12703,#12704,#12705);
#12703 = CARTESIAN_POINT('',(435.071,111.674,-21.97));
#12704 = DIRECTION('',(-0.,0.,1.));
#12705 = DIRECTION('',(0.,-1.,0.));
#12706 = ORIENTED_EDGE('',*,*,#12658,.T.);
#12707 = ORIENTED_EDGE('',*,*,#3029,.F.);
#12708 = ORIENTED_EDGE('',*,*,#12709,.F.);
#12709 = EDGE_CURVE('',#12699,#3030,#12710,.T.);
#12710 = LINE('',#12711,#12712);
#12711 = CARTESIAN_POINT('',(431.897,111.674,-21.97));
#12712 = VECTOR('',#12713,1.);
#12713 = DIRECTION('',(0.,0.,1.));
#12714 = CYLINDRICAL_SURFACE('',#12715,3.174);
#12715 = AXIS2_PLACEMENT_3D('',#12716,#12717,#12718);
#12716 = CARTESIAN_POINT('',(435.071,111.674,-21.97));
#12717 = DIRECTION('',(0.,0.,1.));
#12718 = DIRECTION('',(-1.,0.,0.));
#12719 = ADVANCED_FACE('',(#12720),#12739,.F.);
#12720 = FACE_BOUND('',#12721,.T.);
#12721 = EDGE_LOOP('',(#12722,#12731,#12732,#12733));
#12722 = ORIENTED_EDGE('',*,*,#12723,.T.);
#12723 = EDGE_CURVE('',#12724,#12675,#12726,.T.);
#12724 = VERTEX_POINT('',#12725);
#12725 = CARTESIAN_POINT('',(431.897,153.326,-21.97));
#12726 = CIRCLE('',#12727,3.174);
#12727 = AXIS2_PLACEMENT_3D('',#12728,#12729,#12730);
#12728 = CARTESIAN_POINT('',(435.071,153.326,-21.97));
#12729 = DIRECTION('',(-0.,-0.,-1.));
#12730 = DIRECTION('',(0.,-1.,0.));
#12731 = ORIENTED_EDGE('',*,*,#12682,.T.);
#12732 = ORIENTED_EDGE('',*,*,#3046,.F.);
#12733 = ORIENTED_EDGE('',*,*,#12734,.F.);
#12734 = EDGE_CURVE('',#12724,#3039,#12735,.T.);
#12735 = LINE('',#12736,#12737);
#12736 = CARTESIAN_POINT('',(431.897,153.326,-21.97));
#12737 = VECTOR('',#12738,1.);
#12738 = DIRECTION('',(0.,0.,1.));
#12739 = CYLINDRICAL_SURFACE('',#12740,3.174);
#12740 = AXIS2_PLACEMENT_3D('',#12741,#12742,#12743);
#12741 = CARTESIAN_POINT('',(435.071,153.326,-21.97));
#12742 = DIRECTION('',(0.,0.,1.));
#12743 = DIRECTION('',(-1.,0.,0.));
#12744 = ADVANCED_FACE('',(#12745),#12756,.T.);
#12745 = FACE_BOUND('',#12746,.T.);
#12746 = EDGE_LOOP('',(#12747,#12748,#12749,#12755));
#12747 = ORIENTED_EDGE('',*,*,#3038,.F.);
#12748 = ORIENTED_EDGE('',*,*,#12709,.F.);
#12749 = ORIENTED_EDGE('',*,*,#12750,.T.);
#12750 = EDGE_CURVE('',#12699,#12724,#12751,.T.);
#12751 = LINE('',#12752,#12753);
#12752 = CARTESIAN_POINT('',(431.897,108.5,-21.97));
#12753 = VECTOR('',#12754,1.);
#12754 = DIRECTION('',(0.,1.,0.));
#12755 = ORIENTED_EDGE('',*,*,#12734,.T.);
#12756 = PLANE('',#12757);
#12757 = AXIS2_PLACEMENT_3D('',#12758,#12759,#12760);
#12758 = CARTESIAN_POINT('',(431.897,108.5,-21.97));
#12759 = DIRECTION('',(1.,0.,0.));
#12760 = DIRECTION('',(0.,0.,1.));
#12761 = ADVANCED_FACE('',(#12762,#12772,#12783),#12794,.T.);
#12762 = FACE_BOUND('',#12763,.T.);
#12763 = EDGE_LOOP('',(#12764,#12765,#12766,#12767,#12768,#12769,#12770,
    #12771));
#12764 = ORIENTED_EDGE('',*,*,#12578,.T.);
#12765 = ORIENTED_EDGE('',*,*,#12625,.T.);
#12766 = ORIENTED_EDGE('',*,*,#12674,.F.);
#12767 = ORIENTED_EDGE('',*,*,#12723,.F.);
#12768 = ORIENTED_EDGE('',*,*,#12750,.F.);
#12769 = ORIENTED_EDGE('',*,*,#12698,.T.);
#12770 = ORIENTED_EDGE('',*,*,#12650,.T.);
#12771 = ORIENTED_EDGE('',*,*,#12600,.T.);
#12772 = FACE_BOUND('',#12773,.T.);
#12773 = EDGE_LOOP('',(#12774));
#12774 = ORIENTED_EDGE('',*,*,#12775,.T.);
#12775 = EDGE_CURVE('',#12776,#12776,#12778,.T.);
#12776 = VERTEX_POINT('',#12777);
#12777 = CARTESIAN_POINT('',(441.6698,120.,-21.97));
#12778 = CIRCLE('',#12779,1.7272);
#12779 = AXIS2_PLACEMENT_3D('',#12780,#12781,#12782);
#12780 = CARTESIAN_POINT('',(443.397,120.,-21.97));
#12781 = DIRECTION('',(0.,0.,-1.));
#12782 = DIRECTION('',(-1.,0.,0.));
#12783 = FACE_BOUND('',#12784,.T.);
#12784 = EDGE_LOOP('',(#12785));
#12785 = ORIENTED_EDGE('',*,*,#12786,.T.);
#12786 = EDGE_CURVE('',#12787,#12787,#12789,.T.);
#12787 = VERTEX_POINT('',#12788);
#12788 = CARTESIAN_POINT('',(441.6698,145.,-21.97));
#12789 = CIRCLE('',#12790,1.7272);
#12790 = AXIS2_PLACEMENT_3D('',#12791,#12792,#12793);
#12791 = CARTESIAN_POINT('',(443.397,145.,-21.97));
#12792 = DIRECTION('',(0.,0.,-1.));
#12793 = DIRECTION('',(-1.,0.,0.));
#12794 = PLANE('',#12795);
#12795 = AXIS2_PLACEMENT_3D('',#12796,#12797,#12798);
#12796 = CARTESIAN_POINT('',(431.897,108.5,-21.97));
#12797 = DIRECTION('',(0.,0.,1.));
#12798 = DIRECTION('',(1.,0.,0.));
#12799 = ADVANCED_FACE('',(#12800),#12819,.F.);
#12800 = FACE_BOUND('',#12801,.F.);
#12801 = EDGE_LOOP('',(#12802,#12803,#12811,#12818));
#12802 = ORIENTED_EDGE('',*,*,#12775,.T.);
#12803 = ORIENTED_EDGE('',*,*,#12804,.T.);
#12804 = EDGE_CURVE('',#12776,#12805,#12807,.T.);
#12805 = VERTEX_POINT('',#12806);
#12806 = CARTESIAN_POINT('',(441.6698,120.,-38.1));
#12807 = LINE('',#12808,#12809);
#12808 = CARTESIAN_POINT('',(441.6698,120.,-13.97));
#12809 = VECTOR('',#12810,1.);
#12810 = DIRECTION('',(0.,0.,-1.));
#12811 = ORIENTED_EDGE('',*,*,#12812,.F.);
#12812 = EDGE_CURVE('',#12805,#12805,#12813,.T.);
#12813 = CIRCLE('',#12814,1.7272);
#12814 = AXIS2_PLACEMENT_3D('',#12815,#12816,#12817);
#12815 = CARTESIAN_POINT('',(443.397,120.,-38.1));
#12816 = DIRECTION('',(0.,0.,-1.));
#12817 = DIRECTION('',(-1.,0.,0.));
#12818 = ORIENTED_EDGE('',*,*,#12804,.F.);
#12819 = CYLINDRICAL_SURFACE('',#12820,1.7272);
#12820 = AXIS2_PLACEMENT_3D('',#12821,#12822,#12823);
#12821 = CARTESIAN_POINT('',(443.397,120.,-13.97));
#12822 = DIRECTION('',(0.,0.,-1.));
#12823 = DIRECTION('',(-1.,0.,0.));
#12824 = ADVANCED_FACE('',(#12825),#12844,.F.);
#12825 = FACE_BOUND('',#12826,.F.);
#12826 = EDGE_LOOP('',(#12827,#12828,#12836,#12843));
#12827 = ORIENTED_EDGE('',*,*,#12786,.T.);
#12828 = ORIENTED_EDGE('',*,*,#12829,.T.);
#12829 = EDGE_CURVE('',#12787,#12830,#12832,.T.);
#12830 = VERTEX_POINT('',#12831);
#12831 = CARTESIAN_POINT('',(441.6698,145.,-38.1));
#12832 = LINE('',#12833,#12834);
#12833 = CARTESIAN_POINT('',(441.6698,145.,-13.97));
#12834 = VECTOR('',#12835,1.);
#12835 = DIRECTION('',(0.,0.,-1.));
#12836 = ORIENTED_EDGE('',*,*,#12837,.F.);
#12837 = EDGE_CURVE('',#12830,#12830,#12838,.T.);
#12838 = CIRCLE('',#12839,1.7272);
#12839 = AXIS2_PLACEMENT_3D('',#12840,#12841,#12842);
#12840 = CARTESIAN_POINT('',(443.397,145.,-38.1));
#12841 = DIRECTION('',(0.,0.,-1.));
#12842 = DIRECTION('',(-1.,0.,0.));
#12843 = ORIENTED_EDGE('',*,*,#12829,.F.);
#12844 = CYLINDRICAL_SURFACE('',#12845,1.7272);
#12845 = AXIS2_PLACEMENT_3D('',#12846,#12847,#12848);
#12846 = CARTESIAN_POINT('',(443.397,145.,-13.97));
#12847 = DIRECTION('',(0.,0.,-1.));
#12848 = DIRECTION('',(-1.,0.,0.));
#12849 = ADVANCED_FACE('',(#12850),#12875,.F.);
#12850 = FACE_BOUND('',#12851,.F.);
#12851 = EDGE_LOOP('',(#12852,#12853,#12861,#12869));
#12852 = ORIENTED_EDGE('',*,*,#3072,.F.);
#12853 = ORIENTED_EDGE('',*,*,#12854,.F.);
#12854 = EDGE_CURVE('',#12855,#3073,#12857,.T.);
#12855 = VERTEX_POINT('',#12856);
#12856 = CARTESIAN_POINT('',(369.997,193.674,-21.97));
#12857 = LINE('',#12858,#12859);
#12858 = CARTESIAN_POINT('',(369.997,193.674,-21.97));
#12859 = VECTOR('',#12860,1.);
#12860 = DIRECTION('',(0.,0.,1.));
#12861 = ORIENTED_EDGE('',*,*,#12862,.T.);
#12862 = EDGE_CURVE('',#12855,#12863,#12865,.T.);
#12863 = VERTEX_POINT('',#12864);
#12864 = CARTESIAN_POINT('',(369.997,235.326,-21.97));
#12865 = LINE('',#12866,#12867);
#12866 = CARTESIAN_POINT('',(369.997,190.5,-21.97));
#12867 = VECTOR('',#12868,1.);
#12868 = DIRECTION('',(0.,1.,0.));
#12869 = ORIENTED_EDGE('',*,*,#12870,.T.);
#12870 = EDGE_CURVE('',#12863,#3075,#12871,.T.);
#12871 = LINE('',#12872,#12873);
#12872 = CARTESIAN_POINT('',(369.997,235.326,-21.97));
#12873 = VECTOR('',#12874,1.);
#12874 = DIRECTION('',(0.,0.,1.));
#12875 = PLANE('',#12876);
#12876 = AXIS2_PLACEMENT_3D('',#12877,#12878,#12879);
#12877 = CARTESIAN_POINT('',(369.997,190.5,-21.97));
#12878 = DIRECTION('',(1.,0.,0.));
#12879 = DIRECTION('',(0.,0.,1.));
#12880 = ADVANCED_FACE('',(#12881),#12900,.F.);
#12881 = FACE_BOUND('',#12882,.F.);
#12882 = EDGE_LOOP('',(#12883,#12892,#12893,#12894));
#12883 = ORIENTED_EDGE('',*,*,#12884,.T.);
#12884 = EDGE_CURVE('',#12885,#12855,#12887,.T.);
#12885 = VERTEX_POINT('',#12886);
#12886 = CARTESIAN_POINT('',(366.823,190.5,-21.97));
#12887 = CIRCLE('',#12888,3.174);
#12888 = AXIS2_PLACEMENT_3D('',#12889,#12890,#12891);
#12889 = CARTESIAN_POINT('',(366.823,193.674,-21.97));
#12890 = DIRECTION('',(-0.,0.,1.));
#12891 = DIRECTION('',(0.,-1.,0.));
#12892 = ORIENTED_EDGE('',*,*,#12854,.T.);
#12893 = ORIENTED_EDGE('',*,*,#3082,.F.);
#12894 = ORIENTED_EDGE('',*,*,#12895,.F.);
#12895 = EDGE_CURVE('',#12885,#3083,#12896,.T.);
#12896 = LINE('',#12897,#12898);
#12897 = CARTESIAN_POINT('',(366.823,190.5,-21.97));
#12898 = VECTOR('',#12899,1.);
#12899 = DIRECTION('',(0.,0.,1.));
#12900 = CYLINDRICAL_SURFACE('',#12901,3.174);
#12901 = AXIS2_PLACEMENT_3D('',#12902,#12903,#12904);
#12902 = CARTESIAN_POINT('',(366.823,193.674,-21.97));
#12903 = DIRECTION('',(0.,0.,1.));
#12904 = DIRECTION('',(0.,-1.,0.));
#12905 = ADVANCED_FACE('',(#12906),#12925,.F.);
#12906 = FACE_BOUND('',#12907,.F.);
#12907 = EDGE_LOOP('',(#12908,#12917,#12923,#12924));
#12908 = ORIENTED_EDGE('',*,*,#12909,.T.);
#12909 = EDGE_CURVE('',#12863,#12910,#12912,.T.);
#12910 = VERTEX_POINT('',#12911);
#12911 = CARTESIAN_POINT('',(366.823,238.5,-21.97));
#12912 = CIRCLE('',#12913,3.174);
#12913 = AXIS2_PLACEMENT_3D('',#12914,#12915,#12916);
#12914 = CARTESIAN_POINT('',(366.823,235.326,-21.97));
#12915 = DIRECTION('',(-0.,0.,1.));
#12916 = DIRECTION('',(0.,-1.,0.));
#12917 = ORIENTED_EDGE('',*,*,#12918,.T.);
#12918 = EDGE_CURVE('',#12910,#3126,#12919,.T.);
#12919 = LINE('',#12920,#12921);
#12920 = CARTESIAN_POINT('',(366.823,238.5,-21.97));
#12921 = VECTOR('',#12922,1.);
#12922 = DIRECTION('',(0.,0.,1.));
#12923 = ORIENTED_EDGE('',*,*,#3133,.F.);
#12924 = ORIENTED_EDGE('',*,*,#12870,.F.);
#12925 = CYLINDRICAL_SURFACE('',#12926,3.174);
#12926 = AXIS2_PLACEMENT_3D('',#12927,#12928,#12929);
#12927 = CARTESIAN_POINT('',(366.823,235.326,-21.97));
#12928 = DIRECTION('',(0.,0.,1.));
#12929 = DIRECTION('',(1.,0.,0.));
#12930 = ADVANCED_FACE('',(#12931),#12949,.T.);
#12931 = FACE_BOUND('',#12932,.T.);
#12932 = EDGE_LOOP('',(#12933,#12941,#12947,#12948));
#12933 = ORIENTED_EDGE('',*,*,#12934,.F.);
#12934 = EDGE_CURVE('',#12935,#12885,#12937,.T.);
#12935 = VERTEX_POINT('',#12936);
#12936 = CARTESIAN_POINT('',(350.171,190.5,-21.97));
#12937 = LINE('',#12938,#12939);
#12938 = CARTESIAN_POINT('',(346.997,190.5,-21.97));
#12939 = VECTOR('',#12940,1.);
#12940 = DIRECTION('',(1.,0.,0.));
#12941 = ORIENTED_EDGE('',*,*,#12942,.T.);
#12942 = EDGE_CURVE('',#12935,#3092,#12943,.T.);
#12943 = LINE('',#12944,#12945);
#12944 = CARTESIAN_POINT('',(350.171,190.5,-21.97));
#12945 = VECTOR('',#12946,1.);
#12946 = DIRECTION('',(0.,0.,1.));
#12947 = ORIENTED_EDGE('',*,*,#3091,.T.);
#12948 = ORIENTED_EDGE('',*,*,#12895,.F.);
#12949 = PLANE('',#12950);
#12950 = AXIS2_PLACEMENT_3D('',#12951,#12952,#12953);
#12951 = CARTESIAN_POINT('',(346.997,190.5,-21.97));
#12952 = DIRECTION('',(0.,1.,0.));
#12953 = DIRECTION('',(0.,0.,1.));
#12954 = ADVANCED_FACE('',(#12955),#12973,.F.);
#12955 = FACE_BOUND('',#12956,.F.);
#12956 = EDGE_LOOP('',(#12957,#12965,#12971,#12972));
#12957 = ORIENTED_EDGE('',*,*,#12958,.F.);
#12958 = EDGE_CURVE('',#12959,#12910,#12961,.T.);
#12959 = VERTEX_POINT('',#12960);
#12960 = CARTESIAN_POINT('',(350.171,238.5,-21.97));
#12961 = LINE('',#12962,#12963);
#12962 = CARTESIAN_POINT('',(346.997,238.5,-21.97));
#12963 = VECTOR('',#12964,1.);
#12964 = DIRECTION('',(1.,0.,0.));
#12965 = ORIENTED_EDGE('',*,*,#12966,.T.);
#12966 = EDGE_CURVE('',#12959,#3117,#12967,.T.);
#12967 = LINE('',#12968,#12969);
#12968 = CARTESIAN_POINT('',(350.171,238.5,-21.97));
#12969 = VECTOR('',#12970,1.);
#12970 = DIRECTION('',(0.,0.,1.));
#12971 = ORIENTED_EDGE('',*,*,#3125,.T.);
#12972 = ORIENTED_EDGE('',*,*,#12918,.F.);
#12973 = PLANE('',#12974);
#12974 = AXIS2_PLACEMENT_3D('',#12975,#12976,#12977);
#12975 = CARTESIAN_POINT('',(346.997,238.5,-21.97));
#12976 = DIRECTION('',(0.,1.,0.));
#12977 = DIRECTION('',(0.,0.,1.));
#12978 = ADVANCED_FACE('',(#12979),#12998,.F.);
#12979 = FACE_BOUND('',#12980,.F.);
#12980 = EDGE_LOOP('',(#12981,#12990,#12991,#12992));
#12981 = ORIENTED_EDGE('',*,*,#12982,.T.);
#12982 = EDGE_CURVE('',#12983,#12935,#12985,.T.);
#12983 = VERTEX_POINT('',#12984);
#12984 = CARTESIAN_POINT('',(346.997,193.674,-21.97));
#12985 = CIRCLE('',#12986,3.174);
#12986 = AXIS2_PLACEMENT_3D('',#12987,#12988,#12989);
#12987 = CARTESIAN_POINT('',(350.171,193.674,-21.97));
#12988 = DIRECTION('',(-0.,0.,1.));
#12989 = DIRECTION('',(0.,-1.,0.));
#12990 = ORIENTED_EDGE('',*,*,#12942,.T.);
#12991 = ORIENTED_EDGE('',*,*,#3099,.F.);
#12992 = ORIENTED_EDGE('',*,*,#12993,.F.);
#12993 = EDGE_CURVE('',#12983,#3100,#12994,.T.);
#12994 = LINE('',#12995,#12996);
#12995 = CARTESIAN_POINT('',(346.997,193.674,-21.97));
#12996 = VECTOR('',#12997,1.);
#12997 = DIRECTION('',(0.,0.,1.));
#12998 = CYLINDRICAL_SURFACE('',#12999,3.174);
#12999 = AXIS2_PLACEMENT_3D('',#13000,#13001,#13002);
#13000 = CARTESIAN_POINT('',(350.171,193.674,-21.97));
#13001 = DIRECTION('',(0.,0.,1.));
#13002 = DIRECTION('',(-1.,0.,0.));
#13003 = ADVANCED_FACE('',(#13004),#13023,.F.);
#13004 = FACE_BOUND('',#13005,.T.);
#13005 = EDGE_LOOP('',(#13006,#13015,#13016,#13017));
#13006 = ORIENTED_EDGE('',*,*,#13007,.T.);
#13007 = EDGE_CURVE('',#13008,#12959,#13010,.T.);
#13008 = VERTEX_POINT('',#13009);
#13009 = CARTESIAN_POINT('',(346.997,235.326,-21.97));
#13010 = CIRCLE('',#13011,3.174);
#13011 = AXIS2_PLACEMENT_3D('',#13012,#13013,#13014);
#13012 = CARTESIAN_POINT('',(350.171,235.326,-21.97));
#13013 = DIRECTION('',(-0.,-0.,-1.));
#13014 = DIRECTION('',(0.,-1.,0.));
#13015 = ORIENTED_EDGE('',*,*,#12966,.T.);
#13016 = ORIENTED_EDGE('',*,*,#3116,.F.);
#13017 = ORIENTED_EDGE('',*,*,#13018,.F.);
#13018 = EDGE_CURVE('',#13008,#3109,#13019,.T.);
#13019 = LINE('',#13020,#13021);
#13020 = CARTESIAN_POINT('',(346.997,235.326,-21.97));
#13021 = VECTOR('',#13022,1.);
#13022 = DIRECTION('',(0.,0.,1.));
#13023 = CYLINDRICAL_SURFACE('',#13024,3.174);
#13024 = AXIS2_PLACEMENT_3D('',#13025,#13026,#13027);
#13025 = CARTESIAN_POINT('',(350.171,235.326,-21.97));
#13026 = DIRECTION('',(0.,0.,1.));
#13027 = DIRECTION('',(-1.,0.,0.));
#13028 = ADVANCED_FACE('',(#13029),#13040,.T.);
#13029 = FACE_BOUND('',#13030,.T.);
#13030 = EDGE_LOOP('',(#13031,#13032,#13033,#13039));
#13031 = ORIENTED_EDGE('',*,*,#3108,.F.);
#13032 = ORIENTED_EDGE('',*,*,#12993,.F.);
#13033 = ORIENTED_EDGE('',*,*,#13034,.T.);
#13034 = EDGE_CURVE('',#12983,#13008,#13035,.T.);
#13035 = LINE('',#13036,#13037);
#13036 = CARTESIAN_POINT('',(346.997,190.5,-21.97));
#13037 = VECTOR('',#13038,1.);
#13038 = DIRECTION('',(0.,1.,0.));
#13039 = ORIENTED_EDGE('',*,*,#13018,.T.);
#13040 = PLANE('',#13041);
#13041 = AXIS2_PLACEMENT_3D('',#13042,#13043,#13044);
#13042 = CARTESIAN_POINT('',(346.997,190.5,-21.97));
#13043 = DIRECTION('',(1.,0.,0.));
#13044 = DIRECTION('',(0.,0.,1.));
#13045 = ADVANCED_FACE('',(#13046,#13056,#13067),#13078,.T.);
#13046 = FACE_BOUND('',#13047,.T.);
#13047 = EDGE_LOOP('',(#13048,#13049,#13050,#13051,#13052,#13053,#13054,
    #13055));
#13048 = ORIENTED_EDGE('',*,*,#12862,.T.);
#13049 = ORIENTED_EDGE('',*,*,#12909,.T.);
#13050 = ORIENTED_EDGE('',*,*,#12958,.F.);
#13051 = ORIENTED_EDGE('',*,*,#13007,.F.);
#13052 = ORIENTED_EDGE('',*,*,#13034,.F.);
#13053 = ORIENTED_EDGE('',*,*,#12982,.T.);
#13054 = ORIENTED_EDGE('',*,*,#12934,.T.);
#13055 = ORIENTED_EDGE('',*,*,#12884,.T.);
#13056 = FACE_BOUND('',#13057,.T.);
#13057 = EDGE_LOOP('',(#13058));
#13058 = ORIENTED_EDGE('',*,*,#13059,.T.);
#13059 = EDGE_CURVE('',#13060,#13060,#13062,.T.);
#13060 = VERTEX_POINT('',#13061);
#13061 = CARTESIAN_POINT('',(356.7698,202.,-21.97));
#13062 = CIRCLE('',#13063,1.7272);
#13063 = AXIS2_PLACEMENT_3D('',#13064,#13065,#13066);
#13064 = CARTESIAN_POINT('',(358.497,202.,-21.97));
#13065 = DIRECTION('',(0.,0.,-1.));
#13066 = DIRECTION('',(-1.,0.,0.));
#13067 = FACE_BOUND('',#13068,.T.);
#13068 = EDGE_LOOP('',(#13069));
#13069 = ORIENTED_EDGE('',*,*,#13070,.T.);
#13070 = EDGE_CURVE('',#13071,#13071,#13073,.T.);
#13071 = VERTEX_POINT('',#13072);
#13072 = CARTESIAN_POINT('',(356.7698,227.,-21.97));
#13073 = CIRCLE('',#13074,1.7272);
#13074 = AXIS2_PLACEMENT_3D('',#13075,#13076,#13077);
#13075 = CARTESIAN_POINT('',(358.497,227.,-21.97));
#13076 = DIRECTION('',(0.,0.,-1.));
#13077 = DIRECTION('',(-1.,0.,0.));
#13078 = PLANE('',#13079);
#13079 = AXIS2_PLACEMENT_3D('',#13080,#13081,#13082);
#13080 = CARTESIAN_POINT('',(346.997,190.5,-21.97));
#13081 = DIRECTION('',(0.,0.,1.));
#13082 = DIRECTION('',(1.,0.,0.));
#13083 = ADVANCED_FACE('',(#13084),#13103,.F.);
#13084 = FACE_BOUND('',#13085,.F.);
#13085 = EDGE_LOOP('',(#13086,#13087,#13095,#13102));
#13086 = ORIENTED_EDGE('',*,*,#13059,.T.);
#13087 = ORIENTED_EDGE('',*,*,#13088,.T.);
#13088 = EDGE_CURVE('',#13060,#13089,#13091,.T.);
#13089 = VERTEX_POINT('',#13090);
#13090 = CARTESIAN_POINT('',(356.7698,202.,-38.1));
#13091 = LINE('',#13092,#13093);
#13092 = CARTESIAN_POINT('',(356.7698,202.,-13.97));
#13093 = VECTOR('',#13094,1.);
#13094 = DIRECTION('',(0.,0.,-1.));
#13095 = ORIENTED_EDGE('',*,*,#13096,.F.);
#13096 = EDGE_CURVE('',#13089,#13089,#13097,.T.);
#13097 = CIRCLE('',#13098,1.7272);
#13098 = AXIS2_PLACEMENT_3D('',#13099,#13100,#13101);
#13099 = CARTESIAN_POINT('',(358.497,202.,-38.1));
#13100 = DIRECTION('',(0.,0.,-1.));
#13101 = DIRECTION('',(-1.,0.,0.));
#13102 = ORIENTED_EDGE('',*,*,#13088,.F.);
#13103 = CYLINDRICAL_SURFACE('',#13104,1.7272);
#13104 = AXIS2_PLACEMENT_3D('',#13105,#13106,#13107);
#13105 = CARTESIAN_POINT('',(358.497,202.,-13.97));
#13106 = DIRECTION('',(0.,0.,-1.));
#13107 = DIRECTION('',(-1.,0.,0.));
#13108 = ADVANCED_FACE('',(#13109),#13128,.F.);
#13109 = FACE_BOUND('',#13110,.F.);
#13110 = EDGE_LOOP('',(#13111,#13112,#13120,#13127));
#13111 = ORIENTED_EDGE('',*,*,#13070,.T.);
#13112 = ORIENTED_EDGE('',*,*,#13113,.T.);
#13113 = EDGE_CURVE('',#13071,#13114,#13116,.T.);
#13114 = VERTEX_POINT('',#13115);
#13115 = CARTESIAN_POINT('',(356.7698,227.,-38.1));
#13116 = LINE('',#13117,#13118);
#13117 = CARTESIAN_POINT('',(356.7698,227.,-13.97));
#13118 = VECTOR('',#13119,1.);
#13119 = DIRECTION('',(0.,0.,-1.));
#13120 = ORIENTED_EDGE('',*,*,#13121,.F.);
#13121 = EDGE_CURVE('',#13114,#13114,#13122,.T.);
#13122 = CIRCLE('',#13123,1.7272);
#13123 = AXIS2_PLACEMENT_3D('',#13124,#13125,#13126);
#13124 = CARTESIAN_POINT('',(358.497,227.,-38.1));
#13125 = DIRECTION('',(0.,0.,-1.));
#13126 = DIRECTION('',(-1.,0.,0.));
#13127 = ORIENTED_EDGE('',*,*,#13113,.F.);
#13128 = CYLINDRICAL_SURFACE('',#13129,1.7272);
#13129 = AXIS2_PLACEMENT_3D('',#13130,#13131,#13132);
#13130 = CARTESIAN_POINT('',(358.497,227.,-13.97));
#13131 = DIRECTION('',(0.,0.,-1.));
#13132 = DIRECTION('',(-1.,0.,0.));
#13133 = ADVANCED_FACE('',(#13134),#13159,.F.);
#13134 = FACE_BOUND('',#13135,.F.);
#13135 = EDGE_LOOP('',(#13136,#13137,#13145,#13153));
#13136 = ORIENTED_EDGE('',*,*,#3142,.F.);
#13137 = ORIENTED_EDGE('',*,*,#13138,.F.);
#13138 = EDGE_CURVE('',#13139,#3143,#13141,.T.);
#13139 = VERTEX_POINT('',#13140);
#13140 = CARTESIAN_POINT('',(243.997,253.674,-21.97));
#13141 = LINE('',#13142,#13143);
#13142 = CARTESIAN_POINT('',(243.997,253.674,-21.97));
#13143 = VECTOR('',#13144,1.);
#13144 = DIRECTION('',(0.,0.,1.));
#13145 = ORIENTED_EDGE('',*,*,#13146,.T.);
#13146 = EDGE_CURVE('',#13139,#13147,#13149,.T.);
#13147 = VERTEX_POINT('',#13148);
#13148 = CARTESIAN_POINT('',(243.997,295.326,-21.97));
#13149 = LINE('',#13150,#13151);
#13150 = CARTESIAN_POINT('',(243.997,250.5,-21.97));
#13151 = VECTOR('',#13152,1.);
#13152 = DIRECTION('',(0.,1.,0.));
#13153 = ORIENTED_EDGE('',*,*,#13154,.T.);
#13154 = EDGE_CURVE('',#13147,#3145,#13155,.T.);
#13155 = LINE('',#13156,#13157);
#13156 = CARTESIAN_POINT('',(243.997,295.326,-21.97));
#13157 = VECTOR('',#13158,1.);
#13158 = DIRECTION('',(0.,0.,1.));
#13159 = PLANE('',#13160);
#13160 = AXIS2_PLACEMENT_3D('',#13161,#13162,#13163);
#13161 = CARTESIAN_POINT('',(243.997,250.5,-21.97));
#13162 = DIRECTION('',(1.,0.,0.));
#13163 = DIRECTION('',(0.,0.,1.));
#13164 = ADVANCED_FACE('',(#13165),#13184,.F.);
#13165 = FACE_BOUND('',#13166,.F.);
#13166 = EDGE_LOOP('',(#13167,#13176,#13177,#13178));
#13167 = ORIENTED_EDGE('',*,*,#13168,.T.);
#13168 = EDGE_CURVE('',#13169,#13139,#13171,.T.);
#13169 = VERTEX_POINT('',#13170);
#13170 = CARTESIAN_POINT('',(240.823,250.5,-21.97));
#13171 = CIRCLE('',#13172,3.174);
#13172 = AXIS2_PLACEMENT_3D('',#13173,#13174,#13175);
#13173 = CARTESIAN_POINT('',(240.823,253.674,-21.97));
#13174 = DIRECTION('',(-0.,0.,1.));
#13175 = DIRECTION('',(0.,-1.,0.));
#13176 = ORIENTED_EDGE('',*,*,#13138,.T.);
#13177 = ORIENTED_EDGE('',*,*,#3152,.F.);
#13178 = ORIENTED_EDGE('',*,*,#13179,.F.);
#13179 = EDGE_CURVE('',#13169,#3153,#13180,.T.);
#13180 = LINE('',#13181,#13182);
#13181 = CARTESIAN_POINT('',(240.823,250.5,-21.97));
#13182 = VECTOR('',#13183,1.);
#13183 = DIRECTION('',(0.,0.,1.));
#13184 = CYLINDRICAL_SURFACE('',#13185,3.174);
#13185 = AXIS2_PLACEMENT_3D('',#13186,#13187,#13188);
#13186 = CARTESIAN_POINT('',(240.823,253.674,-21.97));
#13187 = DIRECTION('',(0.,0.,1.));
#13188 = DIRECTION('',(0.,-1.,0.));
#13189 = ADVANCED_FACE('',(#13190),#13209,.F.);
#13190 = FACE_BOUND('',#13191,.F.);
#13191 = EDGE_LOOP('',(#13192,#13201,#13207,#13208));
#13192 = ORIENTED_EDGE('',*,*,#13193,.T.);
#13193 = EDGE_CURVE('',#13147,#13194,#13196,.T.);
#13194 = VERTEX_POINT('',#13195);
#13195 = CARTESIAN_POINT('',(240.823,298.5,-21.97));
#13196 = CIRCLE('',#13197,3.174);
#13197 = AXIS2_PLACEMENT_3D('',#13198,#13199,#13200);
#13198 = CARTESIAN_POINT('',(240.823,295.326,-21.97));
#13199 = DIRECTION('',(-0.,0.,1.));
#13200 = DIRECTION('',(0.,-1.,0.));
#13201 = ORIENTED_EDGE('',*,*,#13202,.T.);
#13202 = EDGE_CURVE('',#13194,#3196,#13203,.T.);
#13203 = LINE('',#13204,#13205);
#13204 = CARTESIAN_POINT('',(240.823,298.5,-21.97));
#13205 = VECTOR('',#13206,1.);
#13206 = DIRECTION('',(0.,0.,1.));
#13207 = ORIENTED_EDGE('',*,*,#3203,.F.);
#13208 = ORIENTED_EDGE('',*,*,#13154,.F.);
#13209 = CYLINDRICAL_SURFACE('',#13210,3.174);
#13210 = AXIS2_PLACEMENT_3D('',#13211,#13212,#13213);
#13211 = CARTESIAN_POINT('',(240.823,295.326,-21.97));
#13212 = DIRECTION('',(0.,0.,1.));
#13213 = DIRECTION('',(1.,0.,0.));
#13214 = ADVANCED_FACE('',(#13215),#13233,.T.);
#13215 = FACE_BOUND('',#13216,.T.);
#13216 = EDGE_LOOP('',(#13217,#13225,#13231,#13232));
#13217 = ORIENTED_EDGE('',*,*,#13218,.F.);
#13218 = EDGE_CURVE('',#13219,#13169,#13221,.T.);
#13219 = VERTEX_POINT('',#13220);
#13220 = CARTESIAN_POINT('',(224.171,250.5,-21.97));
#13221 = LINE('',#13222,#13223);
#13222 = CARTESIAN_POINT('',(220.997,250.5,-21.97));
#13223 = VECTOR('',#13224,1.);
#13224 = DIRECTION('',(1.,0.,0.));
#13225 = ORIENTED_EDGE('',*,*,#13226,.T.);
#13226 = EDGE_CURVE('',#13219,#3162,#13227,.T.);
#13227 = LINE('',#13228,#13229);
#13228 = CARTESIAN_POINT('',(224.171,250.5,-21.97));
#13229 = VECTOR('',#13230,1.);
#13230 = DIRECTION('',(0.,0.,1.));
#13231 = ORIENTED_EDGE('',*,*,#3161,.T.);
#13232 = ORIENTED_EDGE('',*,*,#13179,.F.);
#13233 = PLANE('',#13234);
#13234 = AXIS2_PLACEMENT_3D('',#13235,#13236,#13237);
#13235 = CARTESIAN_POINT('',(220.997,250.5,-21.97));
#13236 = DIRECTION('',(0.,1.,0.));
#13237 = DIRECTION('',(0.,0.,1.));
#13238 = ADVANCED_FACE('',(#13239),#13257,.F.);
#13239 = FACE_BOUND('',#13240,.F.);
#13240 = EDGE_LOOP('',(#13241,#13249,#13255,#13256));
#13241 = ORIENTED_EDGE('',*,*,#13242,.F.);
#13242 = EDGE_CURVE('',#13243,#13194,#13245,.T.);
#13243 = VERTEX_POINT('',#13244);
#13244 = CARTESIAN_POINT('',(224.171,298.5,-21.97));
#13245 = LINE('',#13246,#13247);
#13246 = CARTESIAN_POINT('',(220.997,298.5,-21.97));
#13247 = VECTOR('',#13248,1.);
#13248 = DIRECTION('',(1.,0.,0.));
#13249 = ORIENTED_EDGE('',*,*,#13250,.T.);
#13250 = EDGE_CURVE('',#13243,#3187,#13251,.T.);
#13251 = LINE('',#13252,#13253);
#13252 = CARTESIAN_POINT('',(224.171,298.5,-21.97));
#13253 = VECTOR('',#13254,1.);
#13254 = DIRECTION('',(0.,0.,1.));
#13255 = ORIENTED_EDGE('',*,*,#3195,.T.);
#13256 = ORIENTED_EDGE('',*,*,#13202,.F.);
#13257 = PLANE('',#13258);
#13258 = AXIS2_PLACEMENT_3D('',#13259,#13260,#13261);
#13259 = CARTESIAN_POINT('',(220.997,298.5,-21.97));
#13260 = DIRECTION('',(0.,1.,0.));
#13261 = DIRECTION('',(0.,0.,1.));
#13262 = ADVANCED_FACE('',(#13263),#13282,.F.);
#13263 = FACE_BOUND('',#13264,.F.);
#13264 = EDGE_LOOP('',(#13265,#13274,#13275,#13276));
#13265 = ORIENTED_EDGE('',*,*,#13266,.T.);
#13266 = EDGE_CURVE('',#13267,#13219,#13269,.T.);
#13267 = VERTEX_POINT('',#13268);
#13268 = CARTESIAN_POINT('',(220.997,253.674,-21.97));
#13269 = CIRCLE('',#13270,3.174);
#13270 = AXIS2_PLACEMENT_3D('',#13271,#13272,#13273);
#13271 = CARTESIAN_POINT('',(224.171,253.674,-21.97));
#13272 = DIRECTION('',(-0.,0.,1.));
#13273 = DIRECTION('',(0.,-1.,0.));
#13274 = ORIENTED_EDGE('',*,*,#13226,.T.);
#13275 = ORIENTED_EDGE('',*,*,#3169,.F.);
#13276 = ORIENTED_EDGE('',*,*,#13277,.F.);
#13277 = EDGE_CURVE('',#13267,#3170,#13278,.T.);
#13278 = LINE('',#13279,#13280);
#13279 = CARTESIAN_POINT('',(220.997,253.674,-21.97));
#13280 = VECTOR('',#13281,1.);
#13281 = DIRECTION('',(0.,0.,1.));
#13282 = CYLINDRICAL_SURFACE('',#13283,3.174);
#13283 = AXIS2_PLACEMENT_3D('',#13284,#13285,#13286);
#13284 = CARTESIAN_POINT('',(224.171,253.674,-21.97));
#13285 = DIRECTION('',(0.,0.,1.));
#13286 = DIRECTION('',(-1.,0.,0.));
#13287 = ADVANCED_FACE('',(#13288),#13307,.F.);
#13288 = FACE_BOUND('',#13289,.T.);
#13289 = EDGE_LOOP('',(#13290,#13299,#13300,#13301));
#13290 = ORIENTED_EDGE('',*,*,#13291,.T.);
#13291 = EDGE_CURVE('',#13292,#13243,#13294,.T.);
#13292 = VERTEX_POINT('',#13293);
#13293 = CARTESIAN_POINT('',(220.997,295.326,-21.97));
#13294 = CIRCLE('',#13295,3.174);
#13295 = AXIS2_PLACEMENT_3D('',#13296,#13297,#13298);
#13296 = CARTESIAN_POINT('',(224.171,295.326,-21.97));
#13297 = DIRECTION('',(-0.,-0.,-1.));
#13298 = DIRECTION('',(0.,-1.,0.));
#13299 = ORIENTED_EDGE('',*,*,#13250,.T.);
#13300 = ORIENTED_EDGE('',*,*,#3186,.F.);
#13301 = ORIENTED_EDGE('',*,*,#13302,.F.);
#13302 = EDGE_CURVE('',#13292,#3179,#13303,.T.);
#13303 = LINE('',#13304,#13305);
#13304 = CARTESIAN_POINT('',(220.997,295.326,-21.97));
#13305 = VECTOR('',#13306,1.);
#13306 = DIRECTION('',(0.,0.,1.));
#13307 = CYLINDRICAL_SURFACE('',#13308,3.174);
#13308 = AXIS2_PLACEMENT_3D('',#13309,#13310,#13311);
#13309 = CARTESIAN_POINT('',(224.171,295.326,-21.97));
#13310 = DIRECTION('',(0.,0.,1.));
#13311 = DIRECTION('',(-1.,0.,0.));
#13312 = ADVANCED_FACE('',(#13313),#13324,.T.);
#13313 = FACE_BOUND('',#13314,.T.);
#13314 = EDGE_LOOP('',(#13315,#13316,#13317,#13323));
#13315 = ORIENTED_EDGE('',*,*,#3178,.F.);
#13316 = ORIENTED_EDGE('',*,*,#13277,.F.);
#13317 = ORIENTED_EDGE('',*,*,#13318,.T.);
#13318 = EDGE_CURVE('',#13267,#13292,#13319,.T.);
#13319 = LINE('',#13320,#13321);
#13320 = CARTESIAN_POINT('',(220.997,250.5,-21.97));
#13321 = VECTOR('',#13322,1.);
#13322 = DIRECTION('',(0.,1.,0.));
#13323 = ORIENTED_EDGE('',*,*,#13302,.T.);
#13324 = PLANE('',#13325);
#13325 = AXIS2_PLACEMENT_3D('',#13326,#13327,#13328);
#13326 = CARTESIAN_POINT('',(220.997,250.5,-21.97));
#13327 = DIRECTION('',(1.,0.,0.));
#13328 = DIRECTION('',(0.,0.,1.));
#13329 = ADVANCED_FACE('',(#13330,#13340,#13351),#13362,.T.);
#13330 = FACE_BOUND('',#13331,.T.);
#13331 = EDGE_LOOP('',(#13332,#13333,#13334,#13335,#13336,#13337,#13338,
    #13339));
#13332 = ORIENTED_EDGE('',*,*,#13146,.T.);
#13333 = ORIENTED_EDGE('',*,*,#13193,.T.);
#13334 = ORIENTED_EDGE('',*,*,#13242,.F.);
#13335 = ORIENTED_EDGE('',*,*,#13291,.F.);
#13336 = ORIENTED_EDGE('',*,*,#13318,.F.);
#13337 = ORIENTED_EDGE('',*,*,#13266,.T.);
#13338 = ORIENTED_EDGE('',*,*,#13218,.T.);
#13339 = ORIENTED_EDGE('',*,*,#13168,.T.);
#13340 = FACE_BOUND('',#13341,.T.);
#13341 = EDGE_LOOP('',(#13342));
#13342 = ORIENTED_EDGE('',*,*,#13343,.T.);
#13343 = EDGE_CURVE('',#13344,#13344,#13346,.T.);
#13344 = VERTEX_POINT('',#13345);
#13345 = CARTESIAN_POINT('',(230.7698,262.,-21.97));
#13346 = CIRCLE('',#13347,1.7272);
#13347 = AXIS2_PLACEMENT_3D('',#13348,#13349,#13350);
#13348 = CARTESIAN_POINT('',(232.497,262.,-21.97));
#13349 = DIRECTION('',(0.,0.,-1.));
#13350 = DIRECTION('',(-1.,0.,0.));
#13351 = FACE_BOUND('',#13352,.T.);
#13352 = EDGE_LOOP('',(#13353));
#13353 = ORIENTED_EDGE('',*,*,#13354,.T.);
#13354 = EDGE_CURVE('',#13355,#13355,#13357,.T.);
#13355 = VERTEX_POINT('',#13356);
#13356 = CARTESIAN_POINT('',(230.7698,287.,-21.97));
#13357 = CIRCLE('',#13358,1.7272);
#13358 = AXIS2_PLACEMENT_3D('',#13359,#13360,#13361);
#13359 = CARTESIAN_POINT('',(232.497,287.,-21.97));
#13360 = DIRECTION('',(0.,0.,-1.));
#13361 = DIRECTION('',(-1.,0.,0.));
#13362 = PLANE('',#13363);
#13363 = AXIS2_PLACEMENT_3D('',#13364,#13365,#13366);
#13364 = CARTESIAN_POINT('',(220.997,250.5,-21.97));
#13365 = DIRECTION('',(0.,0.,1.));
#13366 = DIRECTION('',(1.,0.,0.));
#13367 = ADVANCED_FACE('',(#13368),#13387,.F.);
#13368 = FACE_BOUND('',#13369,.F.);
#13369 = EDGE_LOOP('',(#13370,#13371,#13379,#13386));
#13370 = ORIENTED_EDGE('',*,*,#13343,.T.);
#13371 = ORIENTED_EDGE('',*,*,#13372,.T.);
#13372 = EDGE_CURVE('',#13344,#13373,#13375,.T.);
#13373 = VERTEX_POINT('',#13374);
#13374 = CARTESIAN_POINT('',(230.7698,262.,-38.1));
#13375 = LINE('',#13376,#13377);
#13376 = CARTESIAN_POINT('',(230.7698,262.,-13.97));
#13377 = VECTOR('',#13378,1.);
#13378 = DIRECTION('',(0.,0.,-1.));
#13379 = ORIENTED_EDGE('',*,*,#13380,.F.);
#13380 = EDGE_CURVE('',#13373,#13373,#13381,.T.);
#13381 = CIRCLE('',#13382,1.7272);
#13382 = AXIS2_PLACEMENT_3D('',#13383,#13384,#13385);
#13383 = CARTESIAN_POINT('',(232.497,262.,-38.1));
#13384 = DIRECTION('',(0.,0.,-1.));
#13385 = DIRECTION('',(-1.,0.,0.));
#13386 = ORIENTED_EDGE('',*,*,#13372,.F.);
#13387 = CYLINDRICAL_SURFACE('',#13388,1.7272);
#13388 = AXIS2_PLACEMENT_3D('',#13389,#13390,#13391);
#13389 = CARTESIAN_POINT('',(232.497,262.,-13.97));
#13390 = DIRECTION('',(0.,0.,-1.));
#13391 = DIRECTION('',(-1.,0.,0.));
#13392 = ADVANCED_FACE('',(#13393),#13412,.F.);
#13393 = FACE_BOUND('',#13394,.F.);
#13394 = EDGE_LOOP('',(#13395,#13396,#13404,#13411));
#13395 = ORIENTED_EDGE('',*,*,#13354,.T.);
#13396 = ORIENTED_EDGE('',*,*,#13397,.T.);
#13397 = EDGE_CURVE('',#13355,#13398,#13400,.T.);
#13398 = VERTEX_POINT('',#13399);
#13399 = CARTESIAN_POINT('',(230.7698,287.,-38.1));
#13400 = LINE('',#13401,#13402);
#13401 = CARTESIAN_POINT('',(230.7698,287.,-13.97));
#13402 = VECTOR('',#13403,1.);
#13403 = DIRECTION('',(0.,0.,-1.));
#13404 = ORIENTED_EDGE('',*,*,#13405,.F.);
#13405 = EDGE_CURVE('',#13398,#13398,#13406,.T.);
#13406 = CIRCLE('',#13407,1.7272);
#13407 = AXIS2_PLACEMENT_3D('',#13408,#13409,#13410);
#13408 = CARTESIAN_POINT('',(232.497,287.,-38.1));
#13409 = DIRECTION('',(0.,0.,-1.));
#13410 = DIRECTION('',(-1.,0.,0.));
#13411 = ORIENTED_EDGE('',*,*,#13397,.F.);
#13412 = CYLINDRICAL_SURFACE('',#13413,1.7272);
#13413 = AXIS2_PLACEMENT_3D('',#13414,#13415,#13416);
#13414 = CARTESIAN_POINT('',(232.497,287.,-13.97));
#13415 = DIRECTION('',(0.,0.,-1.));
#13416 = DIRECTION('',(-1.,0.,0.));
#13417 = ADVANCED_FACE('',(#13418),#13443,.F.);
#13418 = FACE_BOUND('',#13419,.F.);
#13419 = EDGE_LOOP('',(#13420,#13421,#13429,#13437));
#13420 = ORIENTED_EDGE('',*,*,#3212,.F.);
#13421 = ORIENTED_EDGE('',*,*,#13422,.F.);
#13422 = EDGE_CURVE('',#13423,#3213,#13425,.T.);
#13423 = VERTEX_POINT('',#13424);
#13424 = CARTESIAN_POINT('',(493.397,61.174,-21.97));
#13425 = LINE('',#13426,#13427);
#13426 = CARTESIAN_POINT('',(493.397,61.174,-21.97));
#13427 = VECTOR('',#13428,1.);
#13428 = DIRECTION('',(0.,0.,1.));
#13429 = ORIENTED_EDGE('',*,*,#13430,.T.);
#13430 = EDGE_CURVE('',#13423,#13431,#13433,.T.);
#13431 = VERTEX_POINT('',#13432);
#13432 = CARTESIAN_POINT('',(493.397,102.826,-21.97));
#13433 = LINE('',#13434,#13435);
#13434 = CARTESIAN_POINT('',(493.397,58.,-21.97));
#13435 = VECTOR('',#13436,1.);
#13436 = DIRECTION('',(0.,1.,0.));
#13437 = ORIENTED_EDGE('',*,*,#13438,.T.);
#13438 = EDGE_CURVE('',#13431,#3215,#13439,.T.);
#13439 = LINE('',#13440,#13441);
#13440 = CARTESIAN_POINT('',(493.397,102.826,-21.97));
#13441 = VECTOR('',#13442,1.);
#13442 = DIRECTION('',(0.,0.,1.));
#13443 = PLANE('',#13444);
#13444 = AXIS2_PLACEMENT_3D('',#13445,#13446,#13447);
#13445 = CARTESIAN_POINT('',(493.397,58.,-21.97));
#13446 = DIRECTION('',(1.,0.,0.));
#13447 = DIRECTION('',(0.,0.,1.));
#13448 = ADVANCED_FACE('',(#13449),#13468,.F.);
#13449 = FACE_BOUND('',#13450,.F.);
#13450 = EDGE_LOOP('',(#13451,#13460,#13461,#13462));
#13451 = ORIENTED_EDGE('',*,*,#13452,.T.);
#13452 = EDGE_CURVE('',#13453,#13423,#13455,.T.);
#13453 = VERTEX_POINT('',#13454);
#13454 = CARTESIAN_POINT('',(490.223,58.,-21.97));
#13455 = CIRCLE('',#13456,3.174);
#13456 = AXIS2_PLACEMENT_3D('',#13457,#13458,#13459);
#13457 = CARTESIAN_POINT('',(490.223,61.174,-21.97));
#13458 = DIRECTION('',(-0.,0.,1.));
#13459 = DIRECTION('',(0.,-1.,0.));
#13460 = ORIENTED_EDGE('',*,*,#13422,.T.);
#13461 = ORIENTED_EDGE('',*,*,#3222,.F.);
#13462 = ORIENTED_EDGE('',*,*,#13463,.F.);
#13463 = EDGE_CURVE('',#13453,#3223,#13464,.T.);
#13464 = LINE('',#13465,#13466);
#13465 = CARTESIAN_POINT('',(490.223,58.,-21.97));
#13466 = VECTOR('',#13467,1.);
#13467 = DIRECTION('',(0.,0.,1.));
#13468 = CYLINDRICAL_SURFACE('',#13469,3.174);
#13469 = AXIS2_PLACEMENT_3D('',#13470,#13471,#13472);
#13470 = CARTESIAN_POINT('',(490.223,61.174,-21.97));
#13471 = DIRECTION('',(0.,0.,1.));
#13472 = DIRECTION('',(0.,-1.,0.));
#13473 = ADVANCED_FACE('',(#13474),#13493,.F.);
#13474 = FACE_BOUND('',#13475,.F.);
#13475 = EDGE_LOOP('',(#13476,#13485,#13491,#13492));
#13476 = ORIENTED_EDGE('',*,*,#13477,.T.);
#13477 = EDGE_CURVE('',#13431,#13478,#13480,.T.);
#13478 = VERTEX_POINT('',#13479);
#13479 = CARTESIAN_POINT('',(490.223,106.,-21.97));
#13480 = CIRCLE('',#13481,3.174);
#13481 = AXIS2_PLACEMENT_3D('',#13482,#13483,#13484);
#13482 = CARTESIAN_POINT('',(490.223,102.826,-21.97));
#13483 = DIRECTION('',(-0.,0.,1.));
#13484 = DIRECTION('',(0.,-1.,0.));
#13485 = ORIENTED_EDGE('',*,*,#13486,.T.);
#13486 = EDGE_CURVE('',#13478,#3266,#13487,.T.);
#13487 = LINE('',#13488,#13489);
#13488 = CARTESIAN_POINT('',(490.223,106.,-21.97));
#13489 = VECTOR('',#13490,1.);
#13490 = DIRECTION('',(0.,0.,1.));
#13491 = ORIENTED_EDGE('',*,*,#3273,.F.);
#13492 = ORIENTED_EDGE('',*,*,#13438,.F.);
#13493 = CYLINDRICAL_SURFACE('',#13494,3.174);
#13494 = AXIS2_PLACEMENT_3D('',#13495,#13496,#13497);
#13495 = CARTESIAN_POINT('',(490.223,102.826,-21.97));
#13496 = DIRECTION('',(0.,0.,1.));
#13497 = DIRECTION('',(1.,0.,0.));
#13498 = ADVANCED_FACE('',(#13499),#13517,.T.);
#13499 = FACE_BOUND('',#13500,.T.);
#13500 = EDGE_LOOP('',(#13501,#13509,#13515,#13516));
#13501 = ORIENTED_EDGE('',*,*,#13502,.F.);
#13502 = EDGE_CURVE('',#13503,#13453,#13505,.T.);
#13503 = VERTEX_POINT('',#13504);
#13504 = CARTESIAN_POINT('',(473.571,58.,-21.97));
#13505 = LINE('',#13506,#13507);
#13506 = CARTESIAN_POINT('',(470.397,58.,-21.97));
#13507 = VECTOR('',#13508,1.);
#13508 = DIRECTION('',(1.,0.,0.));
#13509 = ORIENTED_EDGE('',*,*,#13510,.T.);
#13510 = EDGE_CURVE('',#13503,#3232,#13511,.T.);
#13511 = LINE('',#13512,#13513);
#13512 = CARTESIAN_POINT('',(473.571,58.,-21.97));
#13513 = VECTOR('',#13514,1.);
#13514 = DIRECTION('',(0.,0.,1.));
#13515 = ORIENTED_EDGE('',*,*,#3231,.T.);
#13516 = ORIENTED_EDGE('',*,*,#13463,.F.);
#13517 = PLANE('',#13518);
#13518 = AXIS2_PLACEMENT_3D('',#13519,#13520,#13521);
#13519 = CARTESIAN_POINT('',(470.397,58.,-21.97));
#13520 = DIRECTION('',(0.,1.,0.));
#13521 = DIRECTION('',(0.,0.,1.));
#13522 = ADVANCED_FACE('',(#13523),#13541,.F.);
#13523 = FACE_BOUND('',#13524,.F.);
#13524 = EDGE_LOOP('',(#13525,#13533,#13539,#13540));
#13525 = ORIENTED_EDGE('',*,*,#13526,.F.);
#13526 = EDGE_CURVE('',#13527,#13478,#13529,.T.);
#13527 = VERTEX_POINT('',#13528);
#13528 = CARTESIAN_POINT('',(473.571,106.,-21.97));
#13529 = LINE('',#13530,#13531);
#13530 = CARTESIAN_POINT('',(470.397,106.,-21.97));
#13531 = VECTOR('',#13532,1.);
#13532 = DIRECTION('',(1.,0.,0.));
#13533 = ORIENTED_EDGE('',*,*,#13534,.T.);
#13534 = EDGE_CURVE('',#13527,#3257,#13535,.T.);
#13535 = LINE('',#13536,#13537);
#13536 = CARTESIAN_POINT('',(473.571,106.,-21.97));
#13537 = VECTOR('',#13538,1.);
#13538 = DIRECTION('',(0.,0.,1.));
#13539 = ORIENTED_EDGE('',*,*,#3265,.T.);
#13540 = ORIENTED_EDGE('',*,*,#13486,.F.);
#13541 = PLANE('',#13542);
#13542 = AXIS2_PLACEMENT_3D('',#13543,#13544,#13545);
#13543 = CARTESIAN_POINT('',(470.397,106.,-21.97));
#13544 = DIRECTION('',(0.,1.,0.));
#13545 = DIRECTION('',(0.,0.,1.));
#13546 = ADVANCED_FACE('',(#13547),#13566,.F.);
#13547 = FACE_BOUND('',#13548,.F.);
#13548 = EDGE_LOOP('',(#13549,#13558,#13559,#13560));
#13549 = ORIENTED_EDGE('',*,*,#13550,.T.);
#13550 = EDGE_CURVE('',#13551,#13503,#13553,.T.);
#13551 = VERTEX_POINT('',#13552);
#13552 = CARTESIAN_POINT('',(470.397,61.174,-21.97));
#13553 = CIRCLE('',#13554,3.174);
#13554 = AXIS2_PLACEMENT_3D('',#13555,#13556,#13557);
#13555 = CARTESIAN_POINT('',(473.571,61.174,-21.97));
#13556 = DIRECTION('',(-0.,0.,1.));
#13557 = DIRECTION('',(0.,-1.,0.));
#13558 = ORIENTED_EDGE('',*,*,#13510,.T.);
#13559 = ORIENTED_EDGE('',*,*,#3239,.F.);
#13560 = ORIENTED_EDGE('',*,*,#13561,.F.);
#13561 = EDGE_CURVE('',#13551,#3240,#13562,.T.);
#13562 = LINE('',#13563,#13564);
#13563 = CARTESIAN_POINT('',(470.397,61.174,-21.97));
#13564 = VECTOR('',#13565,1.);
#13565 = DIRECTION('',(0.,0.,1.));
#13566 = CYLINDRICAL_SURFACE('',#13567,3.174);
#13567 = AXIS2_PLACEMENT_3D('',#13568,#13569,#13570);
#13568 = CARTESIAN_POINT('',(473.571,61.174,-21.97));
#13569 = DIRECTION('',(0.,0.,1.));
#13570 = DIRECTION('',(-1.,0.,0.));
#13571 = ADVANCED_FACE('',(#13572),#13591,.F.);
#13572 = FACE_BOUND('',#13573,.T.);
#13573 = EDGE_LOOP('',(#13574,#13583,#13584,#13585));
#13574 = ORIENTED_EDGE('',*,*,#13575,.T.);
#13575 = EDGE_CURVE('',#13576,#13527,#13578,.T.);
#13576 = VERTEX_POINT('',#13577);
#13577 = CARTESIAN_POINT('',(470.397,102.826,-21.97));
#13578 = CIRCLE('',#13579,3.174);
#13579 = AXIS2_PLACEMENT_3D('',#13580,#13581,#13582);
#13580 = CARTESIAN_POINT('',(473.571,102.826,-21.97));
#13581 = DIRECTION('',(-0.,-0.,-1.));
#13582 = DIRECTION('',(0.,-1.,0.));
#13583 = ORIENTED_EDGE('',*,*,#13534,.T.);
#13584 = ORIENTED_EDGE('',*,*,#3256,.F.);
#13585 = ORIENTED_EDGE('',*,*,#13586,.F.);
#13586 = EDGE_CURVE('',#13576,#3249,#13587,.T.);
#13587 = LINE('',#13588,#13589);
#13588 = CARTESIAN_POINT('',(470.397,102.826,-21.97));
#13589 = VECTOR('',#13590,1.);
#13590 = DIRECTION('',(0.,0.,1.));
#13591 = CYLINDRICAL_SURFACE('',#13592,3.174);
#13592 = AXIS2_PLACEMENT_3D('',#13593,#13594,#13595);
#13593 = CARTESIAN_POINT('',(473.571,102.826,-21.97));
#13594 = DIRECTION('',(0.,0.,1.));
#13595 = DIRECTION('',(-1.,0.,0.));
#13596 = ADVANCED_FACE('',(#13597),#13608,.T.);
#13597 = FACE_BOUND('',#13598,.T.);
#13598 = EDGE_LOOP('',(#13599,#13600,#13601,#13607));
#13599 = ORIENTED_EDGE('',*,*,#3248,.F.);
#13600 = ORIENTED_EDGE('',*,*,#13561,.F.);
#13601 = ORIENTED_EDGE('',*,*,#13602,.T.);
#13602 = EDGE_CURVE('',#13551,#13576,#13603,.T.);
#13603 = LINE('',#13604,#13605);
#13604 = CARTESIAN_POINT('',(470.397,58.,-21.97));
#13605 = VECTOR('',#13606,1.);
#13606 = DIRECTION('',(0.,1.,0.));
#13607 = ORIENTED_EDGE('',*,*,#13586,.T.);
#13608 = PLANE('',#13609);
#13609 = AXIS2_PLACEMENT_3D('',#13610,#13611,#13612);
#13610 = CARTESIAN_POINT('',(470.397,58.,-21.97));
#13611 = DIRECTION('',(1.,0.,0.));
#13612 = DIRECTION('',(0.,0.,1.));
#13613 = ADVANCED_FACE('',(#13614,#13624,#13635),#13646,.T.);
#13614 = FACE_BOUND('',#13615,.T.);
#13615 = EDGE_LOOP('',(#13616,#13617,#13618,#13619,#13620,#13621,#13622,
    #13623));
#13616 = ORIENTED_EDGE('',*,*,#13430,.T.);
#13617 = ORIENTED_EDGE('',*,*,#13477,.T.);
#13618 = ORIENTED_EDGE('',*,*,#13526,.F.);
#13619 = ORIENTED_EDGE('',*,*,#13575,.F.);
#13620 = ORIENTED_EDGE('',*,*,#13602,.F.);
#13621 = ORIENTED_EDGE('',*,*,#13550,.T.);
#13622 = ORIENTED_EDGE('',*,*,#13502,.T.);
#13623 = ORIENTED_EDGE('',*,*,#13452,.T.);
#13624 = FACE_BOUND('',#13625,.T.);
#13625 = EDGE_LOOP('',(#13626));
#13626 = ORIENTED_EDGE('',*,*,#13627,.T.);
#13627 = EDGE_CURVE('',#13628,#13628,#13630,.T.);
#13628 = VERTEX_POINT('',#13629);
#13629 = CARTESIAN_POINT('',(480.1698,69.5,-21.97));
#13630 = CIRCLE('',#13631,1.7272);
#13631 = AXIS2_PLACEMENT_3D('',#13632,#13633,#13634);
#13632 = CARTESIAN_POINT('',(481.897,69.5,-21.97));
#13633 = DIRECTION('',(0.,0.,-1.));
#13634 = DIRECTION('',(-1.,0.,0.));
#13635 = FACE_BOUND('',#13636,.T.);
#13636 = EDGE_LOOP('',(#13637));
#13637 = ORIENTED_EDGE('',*,*,#13638,.T.);
#13638 = EDGE_CURVE('',#13639,#13639,#13641,.T.);
#13639 = VERTEX_POINT('',#13640);
#13640 = CARTESIAN_POINT('',(480.1698,94.5,-21.97));
#13641 = CIRCLE('',#13642,1.7272);
#13642 = AXIS2_PLACEMENT_3D('',#13643,#13644,#13645);
#13643 = CARTESIAN_POINT('',(481.897,94.5,-21.97));
#13644 = DIRECTION('',(0.,0.,-1.));
#13645 = DIRECTION('',(-1.,0.,0.));
#13646 = PLANE('',#13647);
#13647 = AXIS2_PLACEMENT_3D('',#13648,#13649,#13650);
#13648 = CARTESIAN_POINT('',(470.397,58.,-21.97));
#13649 = DIRECTION('',(0.,0.,1.));
#13650 = DIRECTION('',(1.,0.,0.));
#13651 = ADVANCED_FACE('',(#13652),#13671,.F.);
#13652 = FACE_BOUND('',#13653,.F.);
#13653 = EDGE_LOOP('',(#13654,#13655,#13663,#13670));
#13654 = ORIENTED_EDGE('',*,*,#13627,.T.);
#13655 = ORIENTED_EDGE('',*,*,#13656,.T.);
#13656 = EDGE_CURVE('',#13628,#13657,#13659,.T.);
#13657 = VERTEX_POINT('',#13658);
#13658 = CARTESIAN_POINT('',(480.1698,69.5,-38.1));
#13659 = LINE('',#13660,#13661);
#13660 = CARTESIAN_POINT('',(480.1698,69.5,-13.97));
#13661 = VECTOR('',#13662,1.);
#13662 = DIRECTION('',(0.,0.,-1.));
#13663 = ORIENTED_EDGE('',*,*,#13664,.F.);
#13664 = EDGE_CURVE('',#13657,#13657,#13665,.T.);
#13665 = CIRCLE('',#13666,1.7272);
#13666 = AXIS2_PLACEMENT_3D('',#13667,#13668,#13669);
#13667 = CARTESIAN_POINT('',(481.897,69.5,-38.1));
#13668 = DIRECTION('',(0.,0.,-1.));
#13669 = DIRECTION('',(-1.,0.,0.));
#13670 = ORIENTED_EDGE('',*,*,#13656,.F.);
#13671 = CYLINDRICAL_SURFACE('',#13672,1.7272);
#13672 = AXIS2_PLACEMENT_3D('',#13673,#13674,#13675);
#13673 = CARTESIAN_POINT('',(481.897,69.5,-13.97));
#13674 = DIRECTION('',(0.,0.,-1.));
#13675 = DIRECTION('',(-1.,0.,0.));
#13676 = ADVANCED_FACE('',(#13677),#13696,.F.);
#13677 = FACE_BOUND('',#13678,.F.);
#13678 = EDGE_LOOP('',(#13679,#13680,#13688,#13695));
#13679 = ORIENTED_EDGE('',*,*,#13638,.T.);
#13680 = ORIENTED_EDGE('',*,*,#13681,.T.);
#13681 = EDGE_CURVE('',#13639,#13682,#13684,.T.);
#13682 = VERTEX_POINT('',#13683);
#13683 = CARTESIAN_POINT('',(480.1698,94.5,-38.1));
#13684 = LINE('',#13685,#13686);
#13685 = CARTESIAN_POINT('',(480.1698,94.5,-13.97));
#13686 = VECTOR('',#13687,1.);
#13687 = DIRECTION('',(0.,0.,-1.));
#13688 = ORIENTED_EDGE('',*,*,#13689,.F.);
#13689 = EDGE_CURVE('',#13682,#13682,#13690,.T.);
#13690 = CIRCLE('',#13691,1.7272);
#13691 = AXIS2_PLACEMENT_3D('',#13692,#13693,#13694);
#13692 = CARTESIAN_POINT('',(481.897,94.5,-38.1));
#13693 = DIRECTION('',(0.,0.,-1.));
#13694 = DIRECTION('',(-1.,0.,0.));
#13695 = ORIENTED_EDGE('',*,*,#13681,.F.);
#13696 = CYLINDRICAL_SURFACE('',#13697,1.7272);
#13697 = AXIS2_PLACEMENT_3D('',#13698,#13699,#13700);
#13698 = CARTESIAN_POINT('',(481.897,94.5,-13.97));
#13699 = DIRECTION('',(0.,0.,-1.));
#13700 = DIRECTION('',(-1.,0.,0.));
#13701 = ADVANCED_FACE('',(#13702),#13727,.F.);
#13702 = FACE_BOUND('',#13703,.F.);
#13703 = EDGE_LOOP('',(#13704,#13705,#13713,#13721));
#13704 = ORIENTED_EDGE('',*,*,#3282,.F.);
#13705 = ORIENTED_EDGE('',*,*,#13706,.F.);
#13706 = EDGE_CURVE('',#13707,#3283,#13709,.T.);
#13707 = VERTEX_POINT('',#13708);
#13708 = CARTESIAN_POINT('',(300.397,61.174,-21.97));
#13709 = LINE('',#13710,#13711);
#13710 = CARTESIAN_POINT('',(300.397,61.174,-21.97));
#13711 = VECTOR('',#13712,1.);
#13712 = DIRECTION('',(0.,0.,1.));
#13713 = ORIENTED_EDGE('',*,*,#13714,.T.);
#13714 = EDGE_CURVE('',#13707,#13715,#13717,.T.);
#13715 = VERTEX_POINT('',#13716);
#13716 = CARTESIAN_POINT('',(300.397,102.826,-21.97));
#13717 = LINE('',#13718,#13719);
#13718 = CARTESIAN_POINT('',(300.397,58.,-21.97));
#13719 = VECTOR('',#13720,1.);
#13720 = DIRECTION('',(0.,1.,0.));
#13721 = ORIENTED_EDGE('',*,*,#13722,.T.);
#13722 = EDGE_CURVE('',#13715,#3285,#13723,.T.);
#13723 = LINE('',#13724,#13725);
#13724 = CARTESIAN_POINT('',(300.397,102.826,-21.97));
#13725 = VECTOR('',#13726,1.);
#13726 = DIRECTION('',(0.,0.,1.));
#13727 = PLANE('',#13728);
#13728 = AXIS2_PLACEMENT_3D('',#13729,#13730,#13731);
#13729 = CARTESIAN_POINT('',(300.397,58.,-21.97));
#13730 = DIRECTION('',(1.,0.,0.));
#13731 = DIRECTION('',(0.,0.,1.));
#13732 = ADVANCED_FACE('',(#13733),#13752,.F.);
#13733 = FACE_BOUND('',#13734,.F.);
#13734 = EDGE_LOOP('',(#13735,#13744,#13745,#13746));
#13735 = ORIENTED_EDGE('',*,*,#13736,.T.);
#13736 = EDGE_CURVE('',#13737,#13707,#13739,.T.);
#13737 = VERTEX_POINT('',#13738);
#13738 = CARTESIAN_POINT('',(297.223,58.,-21.97));
#13739 = CIRCLE('',#13740,3.174);
#13740 = AXIS2_PLACEMENT_3D('',#13741,#13742,#13743);
#13741 = CARTESIAN_POINT('',(297.223,61.174,-21.97));
#13742 = DIRECTION('',(-0.,0.,1.));
#13743 = DIRECTION('',(0.,-1.,0.));
#13744 = ORIENTED_EDGE('',*,*,#13706,.T.);
#13745 = ORIENTED_EDGE('',*,*,#3292,.F.);
#13746 = ORIENTED_EDGE('',*,*,#13747,.F.);
#13747 = EDGE_CURVE('',#13737,#3293,#13748,.T.);
#13748 = LINE('',#13749,#13750);
#13749 = CARTESIAN_POINT('',(297.223,58.,-21.97));
#13750 = VECTOR('',#13751,1.);
#13751 = DIRECTION('',(0.,0.,1.));
#13752 = CYLINDRICAL_SURFACE('',#13753,3.174);
#13753 = AXIS2_PLACEMENT_3D('',#13754,#13755,#13756);
#13754 = CARTESIAN_POINT('',(297.223,61.174,-21.97));
#13755 = DIRECTION('',(0.,0.,1.));
#13756 = DIRECTION('',(0.,-1.,0.));
#13757 = ADVANCED_FACE('',(#13758),#13777,.F.);
#13758 = FACE_BOUND('',#13759,.F.);
#13759 = EDGE_LOOP('',(#13760,#13769,#13775,#13776));
#13760 = ORIENTED_EDGE('',*,*,#13761,.T.);
#13761 = EDGE_CURVE('',#13715,#13762,#13764,.T.);
#13762 = VERTEX_POINT('',#13763);
#13763 = CARTESIAN_POINT('',(297.223,106.,-21.97));
#13764 = CIRCLE('',#13765,3.174);
#13765 = AXIS2_PLACEMENT_3D('',#13766,#13767,#13768);
#13766 = CARTESIAN_POINT('',(297.223,102.826,-21.97));
#13767 = DIRECTION('',(-0.,0.,1.));
#13768 = DIRECTION('',(0.,-1.,0.));
#13769 = ORIENTED_EDGE('',*,*,#13770,.T.);
#13770 = EDGE_CURVE('',#13762,#3336,#13771,.T.);
#13771 = LINE('',#13772,#13773);
#13772 = CARTESIAN_POINT('',(297.223,106.,-21.97));
#13773 = VECTOR('',#13774,1.);
#13774 = DIRECTION('',(0.,0.,1.));
#13775 = ORIENTED_EDGE('',*,*,#3343,.F.);
#13776 = ORIENTED_EDGE('',*,*,#13722,.F.);
#13777 = CYLINDRICAL_SURFACE('',#13778,3.174);
#13778 = AXIS2_PLACEMENT_3D('',#13779,#13780,#13781);
#13779 = CARTESIAN_POINT('',(297.223,102.826,-21.97));
#13780 = DIRECTION('',(0.,0.,1.));
#13781 = DIRECTION('',(1.,0.,0.));
#13782 = ADVANCED_FACE('',(#13783),#13801,.T.);
#13783 = FACE_BOUND('',#13784,.T.);
#13784 = EDGE_LOOP('',(#13785,#13793,#13799,#13800));
#13785 = ORIENTED_EDGE('',*,*,#13786,.F.);
#13786 = EDGE_CURVE('',#13787,#13737,#13789,.T.);
#13787 = VERTEX_POINT('',#13788);
#13788 = CARTESIAN_POINT('',(280.571,58.,-21.97));
#13789 = LINE('',#13790,#13791);
#13790 = CARTESIAN_POINT('',(277.397,58.,-21.97));
#13791 = VECTOR('',#13792,1.);
#13792 = DIRECTION('',(1.,0.,0.));
#13793 = ORIENTED_EDGE('',*,*,#13794,.T.);
#13794 = EDGE_CURVE('',#13787,#3302,#13795,.T.);
#13795 = LINE('',#13796,#13797);
#13796 = CARTESIAN_POINT('',(280.571,58.,-21.97));
#13797 = VECTOR('',#13798,1.);
#13798 = DIRECTION('',(0.,0.,1.));
#13799 = ORIENTED_EDGE('',*,*,#3301,.T.);
#13800 = ORIENTED_EDGE('',*,*,#13747,.F.);
#13801 = PLANE('',#13802);
#13802 = AXIS2_PLACEMENT_3D('',#13803,#13804,#13805);
#13803 = CARTESIAN_POINT('',(277.397,58.,-21.97));
#13804 = DIRECTION('',(0.,1.,0.));
#13805 = DIRECTION('',(0.,0.,1.));
#13806 = ADVANCED_FACE('',(#13807),#13825,.F.);
#13807 = FACE_BOUND('',#13808,.F.);
#13808 = EDGE_LOOP('',(#13809,#13817,#13823,#13824));
#13809 = ORIENTED_EDGE('',*,*,#13810,.F.);
#13810 = EDGE_CURVE('',#13811,#13762,#13813,.T.);
#13811 = VERTEX_POINT('',#13812);
#13812 = CARTESIAN_POINT('',(280.571,106.,-21.97));
#13813 = LINE('',#13814,#13815);
#13814 = CARTESIAN_POINT('',(277.397,106.,-21.97));
#13815 = VECTOR('',#13816,1.);
#13816 = DIRECTION('',(1.,0.,0.));
#13817 = ORIENTED_EDGE('',*,*,#13818,.T.);
#13818 = EDGE_CURVE('',#13811,#3327,#13819,.T.);
#13819 = LINE('',#13820,#13821);
#13820 = CARTESIAN_POINT('',(280.571,106.,-21.97));
#13821 = VECTOR('',#13822,1.);
#13822 = DIRECTION('',(0.,0.,1.));
#13823 = ORIENTED_EDGE('',*,*,#3335,.T.);
#13824 = ORIENTED_EDGE('',*,*,#13770,.F.);
#13825 = PLANE('',#13826);
#13826 = AXIS2_PLACEMENT_3D('',#13827,#13828,#13829);
#13827 = CARTESIAN_POINT('',(277.397,106.,-21.97));
#13828 = DIRECTION('',(0.,1.,0.));
#13829 = DIRECTION('',(0.,0.,1.));
#13830 = ADVANCED_FACE('',(#13831),#13850,.F.);
#13831 = FACE_BOUND('',#13832,.F.);
#13832 = EDGE_LOOP('',(#13833,#13842,#13843,#13844));
#13833 = ORIENTED_EDGE('',*,*,#13834,.T.);
#13834 = EDGE_CURVE('',#13835,#13787,#13837,.T.);
#13835 = VERTEX_POINT('',#13836);
#13836 = CARTESIAN_POINT('',(277.397,61.174,-21.97));
#13837 = CIRCLE('',#13838,3.174);
#13838 = AXIS2_PLACEMENT_3D('',#13839,#13840,#13841);
#13839 = CARTESIAN_POINT('',(280.571,61.174,-21.97));
#13840 = DIRECTION('',(-0.,0.,1.));
#13841 = DIRECTION('',(0.,-1.,0.));
#13842 = ORIENTED_EDGE('',*,*,#13794,.T.);
#13843 = ORIENTED_EDGE('',*,*,#3309,.F.);
#13844 = ORIENTED_EDGE('',*,*,#13845,.F.);
#13845 = EDGE_CURVE('',#13835,#3310,#13846,.T.);
#13846 = LINE('',#13847,#13848);
#13847 = CARTESIAN_POINT('',(277.397,61.174,-21.97));
#13848 = VECTOR('',#13849,1.);
#13849 = DIRECTION('',(0.,0.,1.));
#13850 = CYLINDRICAL_SURFACE('',#13851,3.174);
#13851 = AXIS2_PLACEMENT_3D('',#13852,#13853,#13854);
#13852 = CARTESIAN_POINT('',(280.571,61.174,-21.97));
#13853 = DIRECTION('',(0.,0.,1.));
#13854 = DIRECTION('',(-1.,0.,0.));
#13855 = ADVANCED_FACE('',(#13856),#13875,.F.);
#13856 = FACE_BOUND('',#13857,.T.);
#13857 = EDGE_LOOP('',(#13858,#13867,#13868,#13869));
#13858 = ORIENTED_EDGE('',*,*,#13859,.T.);
#13859 = EDGE_CURVE('',#13860,#13811,#13862,.T.);
#13860 = VERTEX_POINT('',#13861);
#13861 = CARTESIAN_POINT('',(277.397,102.826,-21.97));
#13862 = CIRCLE('',#13863,3.174);
#13863 = AXIS2_PLACEMENT_3D('',#13864,#13865,#13866);
#13864 = CARTESIAN_POINT('',(280.571,102.826,-21.97));
#13865 = DIRECTION('',(-0.,-0.,-1.));
#13866 = DIRECTION('',(0.,-1.,0.));
#13867 = ORIENTED_EDGE('',*,*,#13818,.T.);
#13868 = ORIENTED_EDGE('',*,*,#3326,.F.);
#13869 = ORIENTED_EDGE('',*,*,#13870,.F.);
#13870 = EDGE_CURVE('',#13860,#3319,#13871,.T.);
#13871 = LINE('',#13872,#13873);
#13872 = CARTESIAN_POINT('',(277.397,102.826,-21.97));
#13873 = VECTOR('',#13874,1.);
#13874 = DIRECTION('',(0.,0.,1.));
#13875 = CYLINDRICAL_SURFACE('',#13876,3.174);
#13876 = AXIS2_PLACEMENT_3D('',#13877,#13878,#13879);
#13877 = CARTESIAN_POINT('',(280.571,102.826,-21.97));
#13878 = DIRECTION('',(0.,0.,1.));
#13879 = DIRECTION('',(-1.,0.,0.));
#13880 = ADVANCED_FACE('',(#13881),#13892,.T.);
#13881 = FACE_BOUND('',#13882,.T.);
#13882 = EDGE_LOOP('',(#13883,#13884,#13885,#13891));
#13883 = ORIENTED_EDGE('',*,*,#3318,.F.);
#13884 = ORIENTED_EDGE('',*,*,#13845,.F.);
#13885 = ORIENTED_EDGE('',*,*,#13886,.T.);
#13886 = EDGE_CURVE('',#13835,#13860,#13887,.T.);
#13887 = LINE('',#13888,#13889);
#13888 = CARTESIAN_POINT('',(277.397,58.,-21.97));
#13889 = VECTOR('',#13890,1.);
#13890 = DIRECTION('',(0.,1.,0.));
#13891 = ORIENTED_EDGE('',*,*,#13870,.T.);
#13892 = PLANE('',#13893);
#13893 = AXIS2_PLACEMENT_3D('',#13894,#13895,#13896);
#13894 = CARTESIAN_POINT('',(277.397,58.,-21.97));
#13895 = DIRECTION('',(1.,0.,0.));
#13896 = DIRECTION('',(0.,0.,1.));
#13897 = ADVANCED_FACE('',(#13898,#13908,#13919),#13930,.T.);
#13898 = FACE_BOUND('',#13899,.T.);
#13899 = EDGE_LOOP('',(#13900,#13901,#13902,#13903,#13904,#13905,#13906,
    #13907));
#13900 = ORIENTED_EDGE('',*,*,#13714,.T.);
#13901 = ORIENTED_EDGE('',*,*,#13761,.T.);
#13902 = ORIENTED_EDGE('',*,*,#13810,.F.);
#13903 = ORIENTED_EDGE('',*,*,#13859,.F.);
#13904 = ORIENTED_EDGE('',*,*,#13886,.F.);
#13905 = ORIENTED_EDGE('',*,*,#13834,.T.);
#13906 = ORIENTED_EDGE('',*,*,#13786,.T.);
#13907 = ORIENTED_EDGE('',*,*,#13736,.T.);
#13908 = FACE_BOUND('',#13909,.T.);
#13909 = EDGE_LOOP('',(#13910));
#13910 = ORIENTED_EDGE('',*,*,#13911,.T.);
#13911 = EDGE_CURVE('',#13912,#13912,#13914,.T.);
#13912 = VERTEX_POINT('',#13913);
#13913 = CARTESIAN_POINT('',(287.1698,69.5,-21.97));
#13914 = CIRCLE('',#13915,1.7272);
#13915 = AXIS2_PLACEMENT_3D('',#13916,#13917,#13918);
#13916 = CARTESIAN_POINT('',(288.897,69.5,-21.97));
#13917 = DIRECTION('',(0.,0.,-1.));
#13918 = DIRECTION('',(-1.,0.,0.));
#13919 = FACE_BOUND('',#13920,.T.);
#13920 = EDGE_LOOP('',(#13921));
#13921 = ORIENTED_EDGE('',*,*,#13922,.T.);
#13922 = EDGE_CURVE('',#13923,#13923,#13925,.T.);
#13923 = VERTEX_POINT('',#13924);
#13924 = CARTESIAN_POINT('',(287.1698,94.5,-21.97));
#13925 = CIRCLE('',#13926,1.7272);
#13926 = AXIS2_PLACEMENT_3D('',#13927,#13928,#13929);
#13927 = CARTESIAN_POINT('',(288.897,94.5,-21.97));
#13928 = DIRECTION('',(0.,0.,-1.));
#13929 = DIRECTION('',(-1.,0.,0.));
#13930 = PLANE('',#13931);
#13931 = AXIS2_PLACEMENT_3D('',#13932,#13933,#13934);
#13932 = CARTESIAN_POINT('',(277.397,58.,-21.97));
#13933 = DIRECTION('',(0.,0.,1.));
#13934 = DIRECTION('',(1.,0.,0.));
#13935 = ADVANCED_FACE('',(#13936),#13955,.F.);
#13936 = FACE_BOUND('',#13937,.F.);
#13937 = EDGE_LOOP('',(#13938,#13939,#13947,#13954));
#13938 = ORIENTED_EDGE('',*,*,#13911,.T.);
#13939 = ORIENTED_EDGE('',*,*,#13940,.T.);
#13940 = EDGE_CURVE('',#13912,#13941,#13943,.T.);
#13941 = VERTEX_POINT('',#13942);
#13942 = CARTESIAN_POINT('',(287.1698,69.5,-38.1));
#13943 = LINE('',#13944,#13945);
#13944 = CARTESIAN_POINT('',(287.1698,69.5,-13.97));
#13945 = VECTOR('',#13946,1.);
#13946 = DIRECTION('',(0.,0.,-1.));
#13947 = ORIENTED_EDGE('',*,*,#13948,.F.);
#13948 = EDGE_CURVE('',#13941,#13941,#13949,.T.);
#13949 = CIRCLE('',#13950,1.7272);
#13950 = AXIS2_PLACEMENT_3D('',#13951,#13952,#13953);
#13951 = CARTESIAN_POINT('',(288.897,69.5,-38.1));
#13952 = DIRECTION('',(0.,0.,-1.));
#13953 = DIRECTION('',(-1.,0.,0.));
#13954 = ORIENTED_EDGE('',*,*,#13940,.F.);
#13955 = CYLINDRICAL_SURFACE('',#13956,1.7272);
#13956 = AXIS2_PLACEMENT_3D('',#13957,#13958,#13959);
#13957 = CARTESIAN_POINT('',(288.897,69.5,-13.97));
#13958 = DIRECTION('',(0.,0.,-1.));
#13959 = DIRECTION('',(-1.,0.,0.));
#13960 = ADVANCED_FACE('',(#13961),#13980,.F.);
#13961 = FACE_BOUND('',#13962,.F.);
#13962 = EDGE_LOOP('',(#13963,#13964,#13972,#13979));
#13963 = ORIENTED_EDGE('',*,*,#13922,.T.);
#13964 = ORIENTED_EDGE('',*,*,#13965,.T.);
#13965 = EDGE_CURVE('',#13923,#13966,#13968,.T.);
#13966 = VERTEX_POINT('',#13967);
#13967 = CARTESIAN_POINT('',(287.1698,94.5,-38.1));
#13968 = LINE('',#13969,#13970);
#13969 = CARTESIAN_POINT('',(287.1698,94.5,-13.97));
#13970 = VECTOR('',#13971,1.);
#13971 = DIRECTION('',(0.,0.,-1.));
#13972 = ORIENTED_EDGE('',*,*,#13973,.F.);
#13973 = EDGE_CURVE('',#13966,#13966,#13974,.T.);
#13974 = CIRCLE('',#13975,1.7272);
#13975 = AXIS2_PLACEMENT_3D('',#13976,#13977,#13978);
#13976 = CARTESIAN_POINT('',(288.897,94.5,-38.1));
#13977 = DIRECTION('',(0.,0.,-1.));
#13978 = DIRECTION('',(-1.,0.,0.));
#13979 = ORIENTED_EDGE('',*,*,#13965,.F.);
#13980 = CYLINDRICAL_SURFACE('',#13981,1.7272);
#13981 = AXIS2_PLACEMENT_3D('',#13982,#13983,#13984);
#13982 = CARTESIAN_POINT('',(288.897,94.5,-13.97));
#13983 = DIRECTION('',(0.,0.,-1.));
#13984 = DIRECTION('',(-1.,0.,0.));
#13985 = ADVANCED_FACE('',(#13986),#14011,.F.);
#13986 = FACE_BOUND('',#13987,.F.);
#13987 = EDGE_LOOP('',(#13988,#13989,#13997,#14005));
#13988 = ORIENTED_EDGE('',*,*,#3352,.F.);
#13989 = ORIENTED_EDGE('',*,*,#13990,.F.);
#13990 = EDGE_CURVE('',#13991,#3353,#13993,.T.);
#13991 = VERTEX_POINT('',#13992);
#13992 = CARTESIAN_POINT('',(515.397,282.174,-21.97));
#13993 = LINE('',#13994,#13995);
#13994 = CARTESIAN_POINT('',(515.397,282.174,-21.97));
#13995 = VECTOR('',#13996,1.);
#13996 = DIRECTION('',(0.,0.,1.));
#13997 = ORIENTED_EDGE('',*,*,#13998,.T.);
#13998 = EDGE_CURVE('',#13991,#13999,#14001,.T.);
#13999 = VERTEX_POINT('',#14000);
#14000 = CARTESIAN_POINT('',(515.397,323.826,-21.97));
#14001 = LINE('',#14002,#14003);
#14002 = CARTESIAN_POINT('',(515.397,279.,-21.97));
#14003 = VECTOR('',#14004,1.);
#14004 = DIRECTION('',(0.,1.,0.));
#14005 = ORIENTED_EDGE('',*,*,#14006,.T.);
#14006 = EDGE_CURVE('',#13999,#3355,#14007,.T.);
#14007 = LINE('',#14008,#14009);
#14008 = CARTESIAN_POINT('',(515.397,323.826,-21.97));
#14009 = VECTOR('',#14010,1.);
#14010 = DIRECTION('',(0.,0.,1.));
#14011 = PLANE('',#14012);
#14012 = AXIS2_PLACEMENT_3D('',#14013,#14014,#14015);
#14013 = CARTESIAN_POINT('',(515.397,279.,-21.97));
#14014 = DIRECTION('',(1.,0.,0.));
#14015 = DIRECTION('',(0.,0.,1.));
#14016 = ADVANCED_FACE('',(#14017),#14036,.F.);
#14017 = FACE_BOUND('',#14018,.F.);
#14018 = EDGE_LOOP('',(#14019,#14028,#14029,#14030));
#14019 = ORIENTED_EDGE('',*,*,#14020,.T.);
#14020 = EDGE_CURVE('',#14021,#13991,#14023,.T.);
#14021 = VERTEX_POINT('',#14022);
#14022 = CARTESIAN_POINT('',(512.223,279.,-21.97));
#14023 = CIRCLE('',#14024,3.174);
#14024 = AXIS2_PLACEMENT_3D('',#14025,#14026,#14027);
#14025 = CARTESIAN_POINT('',(512.223,282.174,-21.97));
#14026 = DIRECTION('',(-0.,0.,1.));
#14027 = DIRECTION('',(0.,-1.,0.));
#14028 = ORIENTED_EDGE('',*,*,#13990,.T.);
#14029 = ORIENTED_EDGE('',*,*,#3362,.F.);
#14030 = ORIENTED_EDGE('',*,*,#14031,.F.);
#14031 = EDGE_CURVE('',#14021,#3363,#14032,.T.);
#14032 = LINE('',#14033,#14034);
#14033 = CARTESIAN_POINT('',(512.223,279.,-21.97));
#14034 = VECTOR('',#14035,1.);
#14035 = DIRECTION('',(0.,0.,1.));
#14036 = CYLINDRICAL_SURFACE('',#14037,3.174);
#14037 = AXIS2_PLACEMENT_3D('',#14038,#14039,#14040);
#14038 = CARTESIAN_POINT('',(512.223,282.174,-21.97));
#14039 = DIRECTION('',(0.,0.,1.));
#14040 = DIRECTION('',(0.,-1.,0.));
#14041 = ADVANCED_FACE('',(#14042),#14061,.F.);
#14042 = FACE_BOUND('',#14043,.F.);
#14043 = EDGE_LOOP('',(#14044,#14053,#14059,#14060));
#14044 = ORIENTED_EDGE('',*,*,#14045,.T.);
#14045 = EDGE_CURVE('',#13999,#14046,#14048,.T.);
#14046 = VERTEX_POINT('',#14047);
#14047 = CARTESIAN_POINT('',(512.223,327.,-21.97));
#14048 = CIRCLE('',#14049,3.174);
#14049 = AXIS2_PLACEMENT_3D('',#14050,#14051,#14052);
#14050 = CARTESIAN_POINT('',(512.223,323.826,-21.97));
#14051 = DIRECTION('',(-0.,0.,1.));
#14052 = DIRECTION('',(0.,-1.,0.));
#14053 = ORIENTED_EDGE('',*,*,#14054,.T.);
#14054 = EDGE_CURVE('',#14046,#3406,#14055,.T.);
#14055 = LINE('',#14056,#14057);
#14056 = CARTESIAN_POINT('',(512.223,327.,-21.97));
#14057 = VECTOR('',#14058,1.);
#14058 = DIRECTION('',(0.,0.,1.));
#14059 = ORIENTED_EDGE('',*,*,#3413,.F.);
#14060 = ORIENTED_EDGE('',*,*,#14006,.F.);
#14061 = CYLINDRICAL_SURFACE('',#14062,3.174);
#14062 = AXIS2_PLACEMENT_3D('',#14063,#14064,#14065);
#14063 = CARTESIAN_POINT('',(512.223,323.826,-21.97));
#14064 = DIRECTION('',(0.,0.,1.));
#14065 = DIRECTION('',(1.,0.,0.));
#14066 = ADVANCED_FACE('',(#14067),#14085,.T.);
#14067 = FACE_BOUND('',#14068,.T.);
#14068 = EDGE_LOOP('',(#14069,#14077,#14083,#14084));
#14069 = ORIENTED_EDGE('',*,*,#14070,.F.);
#14070 = EDGE_CURVE('',#14071,#14021,#14073,.T.);
#14071 = VERTEX_POINT('',#14072);
#14072 = CARTESIAN_POINT('',(495.571,279.,-21.97));
#14073 = LINE('',#14074,#14075);
#14074 = CARTESIAN_POINT('',(492.397,279.,-21.97));
#14075 = VECTOR('',#14076,1.);
#14076 = DIRECTION('',(1.,0.,0.));
#14077 = ORIENTED_EDGE('',*,*,#14078,.T.);
#14078 = EDGE_CURVE('',#14071,#3372,#14079,.T.);
#14079 = LINE('',#14080,#14081);
#14080 = CARTESIAN_POINT('',(495.571,279.,-21.97));
#14081 = VECTOR('',#14082,1.);
#14082 = DIRECTION('',(0.,0.,1.));
#14083 = ORIENTED_EDGE('',*,*,#3371,.T.);
#14084 = ORIENTED_EDGE('',*,*,#14031,.F.);
#14085 = PLANE('',#14086);
#14086 = AXIS2_PLACEMENT_3D('',#14087,#14088,#14089);
#14087 = CARTESIAN_POINT('',(492.397,279.,-21.97));
#14088 = DIRECTION('',(0.,1.,0.));
#14089 = DIRECTION('',(0.,0.,1.));
#14090 = ADVANCED_FACE('',(#14091),#14109,.F.);
#14091 = FACE_BOUND('',#14092,.F.);
#14092 = EDGE_LOOP('',(#14093,#14101,#14107,#14108));
#14093 = ORIENTED_EDGE('',*,*,#14094,.F.);
#14094 = EDGE_CURVE('',#14095,#14046,#14097,.T.);
#14095 = VERTEX_POINT('',#14096);
#14096 = CARTESIAN_POINT('',(495.571,327.,-21.97));
#14097 = LINE('',#14098,#14099);
#14098 = CARTESIAN_POINT('',(492.397,327.,-21.97));
#14099 = VECTOR('',#14100,1.);
#14100 = DIRECTION('',(1.,0.,0.));
#14101 = ORIENTED_EDGE('',*,*,#14102,.T.);
#14102 = EDGE_CURVE('',#14095,#3397,#14103,.T.);
#14103 = LINE('',#14104,#14105);
#14104 = CARTESIAN_POINT('',(495.571,327.,-21.97));
#14105 = VECTOR('',#14106,1.);
#14106 = DIRECTION('',(0.,0.,1.));
#14107 = ORIENTED_EDGE('',*,*,#3405,.T.);
#14108 = ORIENTED_EDGE('',*,*,#14054,.F.);
#14109 = PLANE('',#14110);
#14110 = AXIS2_PLACEMENT_3D('',#14111,#14112,#14113);
#14111 = CARTESIAN_POINT('',(492.397,327.,-21.97));
#14112 = DIRECTION('',(0.,1.,0.));
#14113 = DIRECTION('',(0.,0.,1.));
#14114 = ADVANCED_FACE('',(#14115),#14134,.F.);
#14115 = FACE_BOUND('',#14116,.F.);
#14116 = EDGE_LOOP('',(#14117,#14126,#14127,#14128));
#14117 = ORIENTED_EDGE('',*,*,#14118,.T.);
#14118 = EDGE_CURVE('',#14119,#14071,#14121,.T.);
#14119 = VERTEX_POINT('',#14120);
#14120 = CARTESIAN_POINT('',(492.397,282.174,-21.97));
#14121 = CIRCLE('',#14122,3.174);
#14122 = AXIS2_PLACEMENT_3D('',#14123,#14124,#14125);
#14123 = CARTESIAN_POINT('',(495.571,282.174,-21.97));
#14124 = DIRECTION('',(-0.,0.,1.));
#14125 = DIRECTION('',(0.,-1.,0.));
#14126 = ORIENTED_EDGE('',*,*,#14078,.T.);
#14127 = ORIENTED_EDGE('',*,*,#3379,.F.);
#14128 = ORIENTED_EDGE('',*,*,#14129,.F.);
#14129 = EDGE_CURVE('',#14119,#3380,#14130,.T.);
#14130 = LINE('',#14131,#14132);
#14131 = CARTESIAN_POINT('',(492.397,282.174,-21.97));
#14132 = VECTOR('',#14133,1.);
#14133 = DIRECTION('',(0.,0.,1.));
#14134 = CYLINDRICAL_SURFACE('',#14135,3.174);
#14135 = AXIS2_PLACEMENT_3D('',#14136,#14137,#14138);
#14136 = CARTESIAN_POINT('',(495.571,282.174,-21.97));
#14137 = DIRECTION('',(0.,0.,1.));
#14138 = DIRECTION('',(-1.,0.,0.));
#14139 = ADVANCED_FACE('',(#14140),#14159,.F.);
#14140 = FACE_BOUND('',#14141,.T.);
#14141 = EDGE_LOOP('',(#14142,#14151,#14152,#14153));
#14142 = ORIENTED_EDGE('',*,*,#14143,.T.);
#14143 = EDGE_CURVE('',#14144,#14095,#14146,.T.);
#14144 = VERTEX_POINT('',#14145);
#14145 = CARTESIAN_POINT('',(492.397,323.826,-21.97));
#14146 = CIRCLE('',#14147,3.174);
#14147 = AXIS2_PLACEMENT_3D('',#14148,#14149,#14150);
#14148 = CARTESIAN_POINT('',(495.571,323.826,-21.97));
#14149 = DIRECTION('',(-0.,-0.,-1.));
#14150 = DIRECTION('',(0.,-1.,0.));
#14151 = ORIENTED_EDGE('',*,*,#14102,.T.);
#14152 = ORIENTED_EDGE('',*,*,#3396,.F.);
#14153 = ORIENTED_EDGE('',*,*,#14154,.F.);
#14154 = EDGE_CURVE('',#14144,#3389,#14155,.T.);
#14155 = LINE('',#14156,#14157);
#14156 = CARTESIAN_POINT('',(492.397,323.826,-21.97));
#14157 = VECTOR('',#14158,1.);
#14158 = DIRECTION('',(0.,0.,1.));
#14159 = CYLINDRICAL_SURFACE('',#14160,3.174);
#14160 = AXIS2_PLACEMENT_3D('',#14161,#14162,#14163);
#14161 = CARTESIAN_POINT('',(495.571,323.826,-21.97));
#14162 = DIRECTION('',(0.,0.,1.));
#14163 = DIRECTION('',(-1.,0.,0.));
#14164 = ADVANCED_FACE('',(#14165),#14176,.T.);
#14165 = FACE_BOUND('',#14166,.T.);
#14166 = EDGE_LOOP('',(#14167,#14168,#14169,#14175));
#14167 = ORIENTED_EDGE('',*,*,#3388,.F.);
#14168 = ORIENTED_EDGE('',*,*,#14129,.F.);
#14169 = ORIENTED_EDGE('',*,*,#14170,.T.);
#14170 = EDGE_CURVE('',#14119,#14144,#14171,.T.);
#14171 = LINE('',#14172,#14173);
#14172 = CARTESIAN_POINT('',(492.397,279.,-21.97));
#14173 = VECTOR('',#14174,1.);
#14174 = DIRECTION('',(0.,1.,0.));
#14175 = ORIENTED_EDGE('',*,*,#14154,.T.);
#14176 = PLANE('',#14177);
#14177 = AXIS2_PLACEMENT_3D('',#14178,#14179,#14180);
#14178 = CARTESIAN_POINT('',(492.397,279.,-21.97));
#14179 = DIRECTION('',(1.,0.,0.));
#14180 = DIRECTION('',(0.,0.,1.));
#14181 = ADVANCED_FACE('',(#14182,#14192,#14203),#14214,.T.);
#14182 = FACE_BOUND('',#14183,.T.);
#14183 = EDGE_LOOP('',(#14184,#14185,#14186,#14187,#14188,#14189,#14190,
    #14191));
#14184 = ORIENTED_EDGE('',*,*,#13998,.T.);
#14185 = ORIENTED_EDGE('',*,*,#14045,.T.);
#14186 = ORIENTED_EDGE('',*,*,#14094,.F.);
#14187 = ORIENTED_EDGE('',*,*,#14143,.F.);
#14188 = ORIENTED_EDGE('',*,*,#14170,.F.);
#14189 = ORIENTED_EDGE('',*,*,#14118,.T.);
#14190 = ORIENTED_EDGE('',*,*,#14070,.T.);
#14191 = ORIENTED_EDGE('',*,*,#14020,.T.);
#14192 = FACE_BOUND('',#14193,.T.);
#14193 = EDGE_LOOP('',(#14194));
#14194 = ORIENTED_EDGE('',*,*,#14195,.T.);
#14195 = EDGE_CURVE('',#14196,#14196,#14198,.T.);
#14196 = VERTEX_POINT('',#14197);
#14197 = CARTESIAN_POINT('',(502.1698,290.5,-21.97));
#14198 = CIRCLE('',#14199,1.7272);
#14199 = AXIS2_PLACEMENT_3D('',#14200,#14201,#14202);
#14200 = CARTESIAN_POINT('',(503.897,290.5,-21.97));
#14201 = DIRECTION('',(0.,0.,-1.));
#14202 = DIRECTION('',(-1.,0.,0.));
#14203 = FACE_BOUND('',#14204,.T.);
#14204 = EDGE_LOOP('',(#14205));
#14205 = ORIENTED_EDGE('',*,*,#14206,.T.);
#14206 = EDGE_CURVE('',#14207,#14207,#14209,.T.);
#14207 = VERTEX_POINT('',#14208);
#14208 = CARTESIAN_POINT('',(502.1698,315.5,-21.97));
#14209 = CIRCLE('',#14210,1.7272);
#14210 = AXIS2_PLACEMENT_3D('',#14211,#14212,#14213);
#14211 = CARTESIAN_POINT('',(503.897,315.5,-21.97));
#14212 = DIRECTION('',(0.,0.,-1.));
#14213 = DIRECTION('',(-1.,0.,0.));
#14214 = PLANE('',#14215);
#14215 = AXIS2_PLACEMENT_3D('',#14216,#14217,#14218);
#14216 = CARTESIAN_POINT('',(492.397,279.,-21.97));
#14217 = DIRECTION('',(0.,0.,1.));
#14218 = DIRECTION('',(1.,0.,0.));
#14219 = ADVANCED_FACE('',(#14220),#14239,.F.);
#14220 = FACE_BOUND('',#14221,.F.);
#14221 = EDGE_LOOP('',(#14222,#14223,#14231,#14238));
#14222 = ORIENTED_EDGE('',*,*,#14195,.T.);
#14223 = ORIENTED_EDGE('',*,*,#14224,.T.);
#14224 = EDGE_CURVE('',#14196,#14225,#14227,.T.);
#14225 = VERTEX_POINT('',#14226);
#14226 = CARTESIAN_POINT('',(502.1698,290.5,-38.1));
#14227 = LINE('',#14228,#14229);
#14228 = CARTESIAN_POINT('',(502.1698,290.5,-13.97));
#14229 = VECTOR('',#14230,1.);
#14230 = DIRECTION('',(0.,0.,-1.));
#14231 = ORIENTED_EDGE('',*,*,#14232,.F.);
#14232 = EDGE_CURVE('',#14225,#14225,#14233,.T.);
#14233 = CIRCLE('',#14234,1.7272);
#14234 = AXIS2_PLACEMENT_3D('',#14235,#14236,#14237);
#14235 = CARTESIAN_POINT('',(503.897,290.5,-38.1));
#14236 = DIRECTION('',(0.,0.,-1.));
#14237 = DIRECTION('',(-1.,0.,0.));
#14238 = ORIENTED_EDGE('',*,*,#14224,.F.);
#14239 = CYLINDRICAL_SURFACE('',#14240,1.7272);
#14240 = AXIS2_PLACEMENT_3D('',#14241,#14242,#14243);
#14241 = CARTESIAN_POINT('',(503.897,290.5,-13.97));
#14242 = DIRECTION('',(0.,0.,-1.));
#14243 = DIRECTION('',(-1.,0.,0.));
#14244 = ADVANCED_FACE('',(#14245),#14264,.F.);
#14245 = FACE_BOUND('',#14246,.F.);
#14246 = EDGE_LOOP('',(#14247,#14248,#14256,#14263));
#14247 = ORIENTED_EDGE('',*,*,#14206,.T.);
#14248 = ORIENTED_EDGE('',*,*,#14249,.T.);
#14249 = EDGE_CURVE('',#14207,#14250,#14252,.T.);
#14250 = VERTEX_POINT('',#14251);
#14251 = CARTESIAN_POINT('',(502.1698,315.5,-38.1));
#14252 = LINE('',#14253,#14254);
#14253 = CARTESIAN_POINT('',(502.1698,315.5,-13.97));
#14254 = VECTOR('',#14255,1.);
#14255 = DIRECTION('',(0.,0.,-1.));
#14256 = ORIENTED_EDGE('',*,*,#14257,.F.);
#14257 = EDGE_CURVE('',#14250,#14250,#14258,.T.);
#14258 = CIRCLE('',#14259,1.7272);
#14259 = AXIS2_PLACEMENT_3D('',#14260,#14261,#14262);
#14260 = CARTESIAN_POINT('',(503.897,315.5,-38.1));
#14261 = DIRECTION('',(0.,0.,-1.));
#14262 = DIRECTION('',(-1.,0.,0.));
#14263 = ORIENTED_EDGE('',*,*,#14249,.F.);
#14264 = CYLINDRICAL_SURFACE('',#14265,1.7272);
#14265 = AXIS2_PLACEMENT_3D('',#14266,#14267,#14268);
#14266 = CARTESIAN_POINT('',(503.897,315.5,-13.97));
#14267 = DIRECTION('',(0.,0.,-1.));
#14268 = DIRECTION('',(-1.,0.,0.));
#14269 = ADVANCED_FACE('',(#14270),#14295,.F.);
#14270 = FACE_BOUND('',#14271,.F.);
#14271 = EDGE_LOOP('',(#14272,#14280,#14281,#14289));
#14272 = ORIENTED_EDGE('',*,*,#14273,.T.);
#14273 = EDGE_CURVE('',#14274,#3425,#14276,.T.);
#14274 = VERTEX_POINT('',#14275);
#14275 = CARTESIAN_POINT('',(247.174,283.5,-14.05100021362));
#14276 = LINE('',#14277,#14278);
#14277 = CARTESIAN_POINT('',(247.174,283.5,-14.05100021362));
#14278 = VECTOR('',#14279,1.);
#14279 = DIRECTION('',(0.,0.,1.));
#14280 = ORIENTED_EDGE('',*,*,#3422,.F.);
#14281 = ORIENTED_EDGE('',*,*,#14282,.F.);
#14282 = EDGE_CURVE('',#14283,#3423,#14285,.T.);
#14283 = VERTEX_POINT('',#14284);
#14284 = CARTESIAN_POINT('',(278.826,283.5,-14.05100021362));
#14285 = LINE('',#14286,#14287);
#14286 = CARTESIAN_POINT('',(278.826,283.5,-14.05100021362));
#14287 = VECTOR('',#14288,1.);
#14288 = DIRECTION('',(0.,0.,1.));
#14289 = ORIENTED_EDGE('',*,*,#14290,.T.);
#14290 = EDGE_CURVE('',#14283,#14274,#14291,.T.);
#14291 = LINE('',#14292,#14293);
#14292 = CARTESIAN_POINT('',(282.,283.5,-14.05100021362));
#14293 = VECTOR('',#14294,1.);
#14294 = DIRECTION('',(-1.,0.,0.));
#14295 = PLANE('',#14296);
#14296 = AXIS2_PLACEMENT_3D('',#14297,#14298,#14299);
#14297 = CARTESIAN_POINT('',(282.,283.5,-14.05100021362));
#14298 = DIRECTION('',(0.,1.,0.));
#14299 = DIRECTION('',(0.,0.,1.));
#14300 = ADVANCED_FACE('',(#14301),#14320,.F.);
#14301 = FACE_BOUND('',#14302,.F.);
#14302 = EDGE_LOOP('',(#14303,#14311,#14318,#14319));
#14303 = ORIENTED_EDGE('',*,*,#14304,.F.);
#14304 = EDGE_CURVE('',#14305,#3433,#14307,.T.);
#14305 = VERTEX_POINT('',#14306);
#14306 = CARTESIAN_POINT('',(282.,280.326,-14.05100021362));
#14307 = LINE('',#14308,#14309);
#14308 = CARTESIAN_POINT('',(282.,280.326,-14.05100021362));
#14309 = VECTOR('',#14310,1.);
#14310 = DIRECTION('',(0.,0.,1.));
#14311 = ORIENTED_EDGE('',*,*,#14312,.T.);
#14312 = EDGE_CURVE('',#14305,#14283,#14313,.T.);
#14313 = CIRCLE('',#14314,3.174);
#14314 = AXIS2_PLACEMENT_3D('',#14315,#14316,#14317);
#14315 = CARTESIAN_POINT('',(278.826,280.326,-14.05100021362));
#14316 = DIRECTION('',(0.,0.,1.));
#14317 = DIRECTION('',(1.,0.,0.));
#14318 = ORIENTED_EDGE('',*,*,#14282,.T.);
#14319 = ORIENTED_EDGE('',*,*,#3432,.F.);
#14320 = CYLINDRICAL_SURFACE('',#14321,3.174);
#14321 = AXIS2_PLACEMENT_3D('',#14322,#14323,#14324);
#14322 = CARTESIAN_POINT('',(278.826,280.326,-14.05100021362));
#14323 = DIRECTION('',(0.,0.,1.));
#14324 = DIRECTION('',(1.,0.,0.));
#14325 = ADVANCED_FACE('',(#14326),#14345,.F.);
#14326 = FACE_BOUND('',#14327,.F.);
#14327 = EDGE_LOOP('',(#14328,#14329,#14338,#14344));
#14328 = ORIENTED_EDGE('',*,*,#14273,.F.);
#14329 = ORIENTED_EDGE('',*,*,#14330,.T.);
#14330 = EDGE_CURVE('',#14274,#14331,#14333,.T.);
#14331 = VERTEX_POINT('',#14332);
#14332 = CARTESIAN_POINT('',(244.,280.326,-14.05100021362));
#14333 = CIRCLE('',#14334,3.174);
#14334 = AXIS2_PLACEMENT_3D('',#14335,#14336,#14337);
#14335 = CARTESIAN_POINT('',(247.174,280.326,-14.05100021362));
#14336 = DIRECTION('',(0.,0.,1.));
#14337 = DIRECTION('',(1.,0.,0.));
#14338 = ORIENTED_EDGE('',*,*,#14339,.T.);
#14339 = EDGE_CURVE('',#14331,#3476,#14340,.T.);
#14340 = LINE('',#14341,#14342);
#14341 = CARTESIAN_POINT('',(244.,280.326,-14.05100021362));
#14342 = VECTOR('',#14343,1.);
#14343 = DIRECTION('',(0.,0.,1.));
#14344 = ORIENTED_EDGE('',*,*,#3483,.F.);
#14345 = CYLINDRICAL_SURFACE('',#14346,3.174);
#14346 = AXIS2_PLACEMENT_3D('',#14347,#14348,#14349);
#14347 = CARTESIAN_POINT('',(247.174,280.326,-14.05100021362));
#14348 = DIRECTION('',(0.,0.,1.));
#14349 = DIRECTION('',(0.,1.,0.));
#14350 = ADVANCED_FACE('',(#14351),#14369,.T.);
#14351 = FACE_BOUND('',#14352,.T.);
#14352 = EDGE_LOOP('',(#14353,#14354,#14362,#14368));
#14353 = ORIENTED_EDGE('',*,*,#14304,.F.);
#14354 = ORIENTED_EDGE('',*,*,#14355,.F.);
#14355 = EDGE_CURVE('',#14356,#14305,#14358,.T.);
#14356 = VERTEX_POINT('',#14357);
#14357 = CARTESIAN_POINT('',(282.,268.674,-14.05100021362));
#14358 = LINE('',#14359,#14360);
#14359 = CARTESIAN_POINT('',(282.,265.5,-14.05100021362));
#14360 = VECTOR('',#14361,1.);
#14361 = DIRECTION('',(0.,1.,0.));
#14362 = ORIENTED_EDGE('',*,*,#14363,.T.);
#14363 = EDGE_CURVE('',#14356,#3442,#14364,.T.);
#14364 = LINE('',#14365,#14366);
#14365 = CARTESIAN_POINT('',(282.,268.674,-14.05100021362));
#14366 = VECTOR('',#14367,1.);
#14367 = DIRECTION('',(0.,0.,1.));
#14368 = ORIENTED_EDGE('',*,*,#3441,.F.);
#14369 = PLANE('',#14370);
#14370 = AXIS2_PLACEMENT_3D('',#14371,#14372,#14373);
#14371 = CARTESIAN_POINT('',(282.,265.5,-14.05100021362));
#14372 = DIRECTION('',(-1.,0.,0.));
#14373 = DIRECTION('',(0.,0.,1.));
#14374 = ADVANCED_FACE('',(#14375),#14393,.F.);
#14375 = FACE_BOUND('',#14376,.F.);
#14376 = EDGE_LOOP('',(#14377,#14378,#14386,#14392));
#14377 = ORIENTED_EDGE('',*,*,#14339,.F.);
#14378 = ORIENTED_EDGE('',*,*,#14379,.F.);
#14379 = EDGE_CURVE('',#14380,#14331,#14382,.T.);
#14380 = VERTEX_POINT('',#14381);
#14381 = CARTESIAN_POINT('',(244.,268.674,-14.05100021362));
#14382 = LINE('',#14383,#14384);
#14383 = CARTESIAN_POINT('',(244.,265.5,-14.05100021362));
#14384 = VECTOR('',#14385,1.);
#14385 = DIRECTION('',(0.,1.,0.));
#14386 = ORIENTED_EDGE('',*,*,#14387,.T.);
#14387 = EDGE_CURVE('',#14380,#3467,#14388,.T.);
#14388 = LINE('',#14389,#14390);
#14389 = CARTESIAN_POINT('',(244.,268.674,-14.05100021362));
#14390 = VECTOR('',#14391,1.);
#14391 = DIRECTION('',(0.,0.,1.));
#14392 = ORIENTED_EDGE('',*,*,#3475,.F.);
#14393 = PLANE('',#14394);
#14394 = AXIS2_PLACEMENT_3D('',#14395,#14396,#14397);
#14395 = CARTESIAN_POINT('',(244.,265.5,-14.05100021362));
#14396 = DIRECTION('',(-1.,0.,0.));
#14397 = DIRECTION('',(0.,0.,1.));
#14398 = ADVANCED_FACE('',(#14399),#14418,.F.);
#14399 = FACE_BOUND('',#14400,.F.);
#14400 = EDGE_LOOP('',(#14401,#14409,#14416,#14417));
#14401 = ORIENTED_EDGE('',*,*,#14402,.F.);
#14402 = EDGE_CURVE('',#14403,#3450,#14405,.T.);
#14403 = VERTEX_POINT('',#14404);
#14404 = CARTESIAN_POINT('',(278.826,265.5,-14.05100021362));
#14405 = LINE('',#14406,#14407);
#14406 = CARTESIAN_POINT('',(278.826,265.5,-14.05100021362));
#14407 = VECTOR('',#14408,1.);
#14408 = DIRECTION('',(0.,0.,1.));
#14409 = ORIENTED_EDGE('',*,*,#14410,.T.);
#14410 = EDGE_CURVE('',#14403,#14356,#14411,.T.);
#14411 = CIRCLE('',#14412,3.174);
#14412 = AXIS2_PLACEMENT_3D('',#14413,#14414,#14415);
#14413 = CARTESIAN_POINT('',(278.826,268.674,-14.05100021362));
#14414 = DIRECTION('',(0.,0.,1.));
#14415 = DIRECTION('',(1.,0.,0.));
#14416 = ORIENTED_EDGE('',*,*,#14363,.T.);
#14417 = ORIENTED_EDGE('',*,*,#3449,.F.);
#14418 = CYLINDRICAL_SURFACE('',#14419,3.174);
#14419 = AXIS2_PLACEMENT_3D('',#14420,#14421,#14422);
#14420 = CARTESIAN_POINT('',(278.826,268.674,-14.05100021362));
#14421 = DIRECTION('',(0.,0.,1.));
#14422 = DIRECTION('',(0.,-1.,0.));
#14423 = ADVANCED_FACE('',(#14424),#14443,.F.);
#14424 = FACE_BOUND('',#14425,.T.);
#14425 = EDGE_LOOP('',(#14426,#14434,#14441,#14442));
#14426 = ORIENTED_EDGE('',*,*,#14427,.F.);
#14427 = EDGE_CURVE('',#14428,#3459,#14430,.T.);
#14428 = VERTEX_POINT('',#14429);
#14429 = CARTESIAN_POINT('',(247.174,265.5,-14.05100021362));
#14430 = LINE('',#14431,#14432);
#14431 = CARTESIAN_POINT('',(247.174,265.5,-14.05100021362));
#14432 = VECTOR('',#14433,1.);
#14433 = DIRECTION('',(0.,0.,1.));
#14434 = ORIENTED_EDGE('',*,*,#14435,.T.);
#14435 = EDGE_CURVE('',#14428,#14380,#14436,.T.);
#14436 = CIRCLE('',#14437,3.174);
#14437 = AXIS2_PLACEMENT_3D('',#14438,#14439,#14440);
#14438 = CARTESIAN_POINT('',(247.174,268.674,-14.05100021362));
#14439 = DIRECTION('',(0.,0.,-1.));
#14440 = DIRECTION('',(1.,0.,0.));
#14441 = ORIENTED_EDGE('',*,*,#14387,.T.);
#14442 = ORIENTED_EDGE('',*,*,#3466,.T.);
#14443 = CYLINDRICAL_SURFACE('',#14444,3.174);
#14444 = AXIS2_PLACEMENT_3D('',#14445,#14446,#14447);
#14445 = CARTESIAN_POINT('',(247.174,268.674,-14.05100021362));
#14446 = DIRECTION('',(0.,0.,1.));
#14447 = DIRECTION('',(0.,-1.,0.));
#14448 = ADVANCED_FACE('',(#14449),#14460,.T.);
#14449 = FACE_BOUND('',#14450,.T.);
#14450 = EDGE_LOOP('',(#14451,#14452,#14453,#14454));
#14451 = ORIENTED_EDGE('',*,*,#14427,.T.);
#14452 = ORIENTED_EDGE('',*,*,#3458,.F.);
#14453 = ORIENTED_EDGE('',*,*,#14402,.F.);
#14454 = ORIENTED_EDGE('',*,*,#14455,.T.);
#14455 = EDGE_CURVE('',#14403,#14428,#14456,.T.);
#14456 = LINE('',#14457,#14458);
#14457 = CARTESIAN_POINT('',(282.,265.5,-14.05100021362));
#14458 = VECTOR('',#14459,1.);
#14459 = DIRECTION('',(-1.,0.,0.));
#14460 = PLANE('',#14461);
#14461 = AXIS2_PLACEMENT_3D('',#14462,#14463,#14464);
#14462 = CARTESIAN_POINT('',(282.,265.5,-14.05100021362));
#14463 = DIRECTION('',(0.,1.,0.));
#14464 = DIRECTION('',(0.,0.,1.));
#14465 = ADVANCED_FACE('',(#14466,#14476,#14487),#14498,.T.);
#14466 = FACE_BOUND('',#14467,.T.);
#14467 = EDGE_LOOP('',(#14468,#14469,#14470,#14471,#14472,#14473,#14474,
    #14475));
#14468 = ORIENTED_EDGE('',*,*,#14290,.T.);
#14469 = ORIENTED_EDGE('',*,*,#14330,.T.);
#14470 = ORIENTED_EDGE('',*,*,#14379,.F.);
#14471 = ORIENTED_EDGE('',*,*,#14435,.F.);
#14472 = ORIENTED_EDGE('',*,*,#14455,.F.);
#14473 = ORIENTED_EDGE('',*,*,#14410,.T.);
#14474 = ORIENTED_EDGE('',*,*,#14355,.T.);
#14475 = ORIENTED_EDGE('',*,*,#14312,.T.);
#14476 = FACE_BOUND('',#14477,.T.);
#14477 = EDGE_LOOP('',(#14478));
#14478 = ORIENTED_EDGE('',*,*,#14479,.T.);
#14479 = EDGE_CURVE('',#14480,#14480,#14482,.T.);
#14480 = VERTEX_POINT('',#14481);
#14481 = CARTESIAN_POINT('',(274.3,272.7728,-14.05100021362));
#14482 = CIRCLE('',#14483,1.7272);
#14483 = AXIS2_PLACEMENT_3D('',#14484,#14485,#14486);
#14484 = CARTESIAN_POINT('',(274.3,274.5,-14.05100021362));
#14485 = DIRECTION('',(-0.,0.,-1.));
#14486 = DIRECTION('',(-0.,-1.,0.));
#14487 = FACE_BOUND('',#14488,.T.);
#14488 = EDGE_LOOP('',(#14489));
#14489 = ORIENTED_EDGE('',*,*,#14490,.T.);
#14490 = EDGE_CURVE('',#14491,#14491,#14493,.T.);
#14491 = VERTEX_POINT('',#14492);
#14492 = CARTESIAN_POINT('',(251.7,272.7728,-14.05100021362));
#14493 = CIRCLE('',#14494,1.7272);
#14494 = AXIS2_PLACEMENT_3D('',#14495,#14496,#14497);
#14495 = CARTESIAN_POINT('',(251.7,274.5,-14.05100021362));
#14496 = DIRECTION('',(-0.,0.,-1.));
#14497 = DIRECTION('',(-0.,-1.,0.));
#14498 = PLANE('',#14499);
#14499 = AXIS2_PLACEMENT_3D('',#14500,#14501,#14502);
#14500 = CARTESIAN_POINT('',(282.,265.5,-14.05100021362));
#14501 = DIRECTION('',(0.,0.,1.));
#14502 = DIRECTION('',(0.,1.,0.));
#14503 = ADVANCED_FACE('',(#14504),#14523,.F.);
#14504 = FACE_BOUND('',#14505,.F.);
#14505 = EDGE_LOOP('',(#14506,#14507,#14515,#14522));
#14506 = ORIENTED_EDGE('',*,*,#14479,.T.);
#14507 = ORIENTED_EDGE('',*,*,#14508,.T.);
#14508 = EDGE_CURVE('',#14480,#14509,#14511,.T.);
#14509 = VERTEX_POINT('',#14510);
#14510 = CARTESIAN_POINT('',(274.3,272.7728,-38.1));
#14511 = LINE('',#14512,#14513);
#14512 = CARTESIAN_POINT('',(274.3,272.7728,-6.35));
#14513 = VECTOR('',#14514,1.);
#14514 = DIRECTION('',(0.,0.,-1.));
#14515 = ORIENTED_EDGE('',*,*,#14516,.F.);
#14516 = EDGE_CURVE('',#14509,#14509,#14517,.T.);
#14517 = CIRCLE('',#14518,1.7272);
#14518 = AXIS2_PLACEMENT_3D('',#14519,#14520,#14521);
#14519 = CARTESIAN_POINT('',(274.3,274.5,-38.1));
#14520 = DIRECTION('',(0.,0.,-1.));
#14521 = DIRECTION('',(-2.2E-16,-1.,-0.));
#14522 = ORIENTED_EDGE('',*,*,#14508,.F.);
#14523 = CYLINDRICAL_SURFACE('',#14524,1.7272);
#14524 = AXIS2_PLACEMENT_3D('',#14525,#14526,#14527);
#14525 = CARTESIAN_POINT('',(274.3,274.5,-6.35));
#14526 = DIRECTION('',(0.,0.,-1.));
#14527 = DIRECTION('',(-0.,-1.,0.));
#14528 = ADVANCED_FACE('',(#14529),#14548,.F.);
#14529 = FACE_BOUND('',#14530,.F.);
#14530 = EDGE_LOOP('',(#14531,#14532,#14540,#14547));
#14531 = ORIENTED_EDGE('',*,*,#14490,.T.);
#14532 = ORIENTED_EDGE('',*,*,#14533,.T.);
#14533 = EDGE_CURVE('',#14491,#14534,#14536,.T.);
#14534 = VERTEX_POINT('',#14535);
#14535 = CARTESIAN_POINT('',(251.7,272.7728,-38.1));
#14536 = LINE('',#14537,#14538);
#14537 = CARTESIAN_POINT('',(251.7,272.7728,-6.35));
#14538 = VECTOR('',#14539,1.);
#14539 = DIRECTION('',(0.,0.,-1.));
#14540 = ORIENTED_EDGE('',*,*,#14541,.F.);
#14541 = EDGE_CURVE('',#14534,#14534,#14542,.T.);
#14542 = CIRCLE('',#14543,1.7272);
#14543 = AXIS2_PLACEMENT_3D('',#14544,#14545,#14546);
#14544 = CARTESIAN_POINT('',(251.7,274.5,-38.1));
#14545 = DIRECTION('',(0.,0.,-1.));
#14546 = DIRECTION('',(-2.2E-16,-1.,-0.));
#14547 = ORIENTED_EDGE('',*,*,#14533,.F.);
#14548 = CYLINDRICAL_SURFACE('',#14549,1.7272);
#14549 = AXIS2_PLACEMENT_3D('',#14550,#14551,#14552);
#14550 = CARTESIAN_POINT('',(251.7,274.5,-6.35));
#14551 = DIRECTION('',(0.,0.,-1.));
#14552 = DIRECTION('',(-0.,-1.,0.));
#14553 = ADVANCED_FACE('',(#14554),#14581,.F.);
#14554 = FACE_BOUND('',#14555,.T.);
#14555 = EDGE_LOOP('',(#14556,#14564,#14573,#14579,#14580));
#14556 = ORIENTED_EDGE('',*,*,#14557,.F.);
#14557 = EDGE_CURVE('',#14558,#3538,#14560,.T.);
#14558 = VERTEX_POINT('',#14559);
#14559 = CARTESIAN_POINT('',(100.20258194378,8.909003764853,
    -19.09033817672));
#14560 = LINE('',#14561,#14562);
#14561 = CARTESIAN_POINT('',(100.20258194378,8.909003764853,
    -19.09033817672));
#14562 = VECTOR('',#14563,1.);
#14563 = DIRECTION('',(0.,0.,1.));
#14564 = ORIENTED_EDGE('',*,*,#14565,.T.);
#14565 = EDGE_CURVE('',#14558,#14566,#14568,.T.);
#14566 = VERTEX_POINT('',#14567);
#14567 = CARTESIAN_POINT('',(100.20258194378,13.397717611825,
    -19.09033817672));
#14568 = CIRCLE('',#14569,3.174);
#14569 = AXIS2_PLACEMENT_3D('',#14570,#14571,#14572);
#14570 = CARTESIAN_POINT('',(102.44693886727,11.153360688339,
    -19.09033817672));
#14571 = DIRECTION('',(0.,-0.,-1.));
#14572 = DIRECTION('',(0.707106781187,-0.707106781187,0.));
#14573 = ORIENTED_EDGE('',*,*,#14574,.T.);
#14574 = EDGE_CURVE('',#14566,#3555,#14575,.T.);
#14575 = LINE('',#14576,#14577);
#14576 = CARTESIAN_POINT('',(100.20258194378,13.397717611825,
    -19.09033817672));
#14577 = VECTOR('',#14578,1.);
#14578 = DIRECTION('',(0.,0.,1.));
#14579 = ORIENTED_EDGE('',*,*,#3554,.T.);
#14580 = ORIENTED_EDGE('',*,*,#3545,.T.);
#14581 = CYLINDRICAL_SURFACE('',#14582,3.174);
#14582 = AXIS2_PLACEMENT_3D('',#14583,#14584,#14585);
#14583 = CARTESIAN_POINT('',(102.44693886727,11.153360688339,
    -19.09033817672));
#14584 = DIRECTION('',(0.,0.,1.));
#14585 = DIRECTION('',(-0.707106781187,-0.707106781187,0.));
#14586 = ADVANCED_FACE('',(#14587),#14605,.T.);
#14587 = FACE_BOUND('',#14588,.T.);
#14588 = EDGE_LOOP('',(#14589,#14590,#14591,#14599));
#14589 = ORIENTED_EDGE('',*,*,#14557,.T.);
#14590 = ORIENTED_EDGE('',*,*,#3537,.F.);
#14591 = ORIENTED_EDGE('',*,*,#14592,.F.);
#14592 = EDGE_CURVE('',#14593,#3529,#14595,.T.);
#14593 = VERTEX_POINT('',#14594);
#14594 = CARTESIAN_POINT('',(109.84044748734,-0.728861778708,
    -19.09033817672));
#14595 = LINE('',#14596,#14597);
#14596 = CARTESIAN_POINT('',(109.84044748734,-0.728861778708,
    -19.09033817672));
#14597 = VECTOR('',#14598,1.);
#14598 = DIRECTION('',(0.,0.,1.));
#14599 = ORIENTED_EDGE('',*,*,#14600,.T.);
#14600 = EDGE_CURVE('',#14593,#14558,#14601,.T.);
#14601 = LINE('',#14602,#14603);
#14602 = CARTESIAN_POINT('',(112.08480441083,-2.973218702194,
    -19.09033817672));
#14603 = VECTOR('',#14604,1.);
#14604 = DIRECTION('',(-0.707106781187,0.707106781187,0.));
#14605 = PLANE('',#14606);
#14606 = AXIS2_PLACEMENT_3D('',#14607,#14608,#14609);
#14607 = CARTESIAN_POINT('',(112.08480441083,-2.973218702194,
    -19.09033817672));
#14608 = DIRECTION('',(0.707106781187,0.707106781187,0.));
#14609 = DIRECTION('',(0.,0.,1.));
#14610 = ADVANCED_FACE('',(#14611),#14638,.F.);
#14611 = FACE_BOUND('',#14612,.F.);
#14612 = EDGE_LOOP('',(#14613,#14621,#14630,#14636,#14637));
#14613 = ORIENTED_EDGE('',*,*,#14614,.F.);
#14614 = EDGE_CURVE('',#14615,#3493,#14617,.T.);
#14615 = VERTEX_POINT('',#14616);
#14616 = CARTESIAN_POINT('',(115.76600235954,24.472424180612,
    -19.09033817672));
#14617 = LINE('',#14618,#14619);
#14618 = CARTESIAN_POINT('',(115.76600235954,24.472424180612,
    -19.09033817672));
#14619 = VECTOR('',#14620,1.);
#14620 = DIRECTION('',(0.,0.,1.));
#14621 = ORIENTED_EDGE('',*,*,#14622,.T.);
#14622 = EDGE_CURVE('',#14615,#14623,#14625,.T.);
#14623 = VERTEX_POINT('',#14624);
#14624 = CARTESIAN_POINT('',(111.27728851257,24.472424180612,
    -19.09033817672));
#14625 = CIRCLE('',#14626,3.174);
#14626 = AXIS2_PLACEMENT_3D('',#14627,#14628,#14629);
#14627 = CARTESIAN_POINT('',(113.52164543605,22.228067257126,
    -19.09033817672));
#14628 = DIRECTION('',(-0.,0.,1.));
#14629 = DIRECTION('',(0.707106781187,-0.707106781187,0.));
#14630 = ORIENTED_EDGE('',*,*,#14631,.T.);
#14631 = EDGE_CURVE('',#14623,#3564,#14632,.T.);
#14632 = LINE('',#14633,#14634);
#14633 = CARTESIAN_POINT('',(111.27728851257,24.472424180612,
    -19.09033817672));
#14634 = VECTOR('',#14635,1.);
#14635 = DIRECTION('',(0.,0.,1.));
#14636 = ORIENTED_EDGE('',*,*,#3571,.F.);
#14637 = ORIENTED_EDGE('',*,*,#3492,.F.);
#14638 = CYLINDRICAL_SURFACE('',#14639,3.174);
#14639 = AXIS2_PLACEMENT_3D('',#14640,#14641,#14642);
#14640 = CARTESIAN_POINT('',(113.52164543605,22.228067257126,
    -19.09033817672));
#14641 = DIRECTION('',(0.,0.,1.));
#14642 = DIRECTION('',(0.707106781187,0.707106781187,0.));
#14643 = ADVANCED_FACE('',(#14644),#14662,.F.);
#14644 = FACE_BOUND('',#14645,.F.);
#14645 = EDGE_LOOP('',(#14646,#14647,#14648,#14656));
#14646 = ORIENTED_EDGE('',*,*,#14614,.T.);
#14647 = ORIENTED_EDGE('',*,*,#3503,.F.);
#14648 = ORIENTED_EDGE('',*,*,#14649,.F.);
#14649 = EDGE_CURVE('',#14650,#3504,#14652,.T.);
#14650 = VERTEX_POINT('',#14651);
#14651 = CARTESIAN_POINT('',(125.4038679031,14.834558637052,
    -19.09033817672));
#14652 = LINE('',#14653,#14654);
#14653 = CARTESIAN_POINT('',(125.4038679031,14.834558637052,
    -19.09033817672));
#14654 = VECTOR('',#14655,1.);
#14655 = DIRECTION('',(0.,0.,1.));
#14656 = ORIENTED_EDGE('',*,*,#14657,.T.);
#14657 = EDGE_CURVE('',#14650,#14615,#14658,.T.);
#14658 = LINE('',#14659,#14660);
#14659 = CARTESIAN_POINT('',(127.64822482659,12.590201713566,
    -19.09033817672));
#14660 = VECTOR('',#14661,1.);
#14661 = DIRECTION('',(-0.707106781187,0.707106781187,0.));
#14662 = PLANE('',#14663);
#14663 = AXIS2_PLACEMENT_3D('',#14664,#14665,#14666);
#14664 = CARTESIAN_POINT('',(127.64822482659,12.590201713566,
    -19.09033817672));
#14665 = DIRECTION('',(0.707106781187,0.707106781187,0.));
#14666 = DIRECTION('',(0.,0.,1.));
#14667 = ADVANCED_FACE('',(#14668),#14687,.F.);
#14668 = FACE_BOUND('',#14669,.F.);
#14669 = EDGE_LOOP('',(#14670,#14678,#14685,#14686));
#14670 = ORIENTED_EDGE('',*,*,#14671,.F.);
#14671 = EDGE_CURVE('',#14672,#3512,#14674,.T.);
#14672 = VERTEX_POINT('',#14673);
#14673 = CARTESIAN_POINT('',(125.4038679031,10.34584479008,
    -19.09033817672));
#14674 = LINE('',#14675,#14676);
#14675 = CARTESIAN_POINT('',(125.4038679031,10.34584479008,
    -19.09033817672));
#14676 = VECTOR('',#14677,1.);
#14677 = DIRECTION('',(0.,0.,1.));
#14678 = ORIENTED_EDGE('',*,*,#14679,.T.);
#14679 = EDGE_CURVE('',#14672,#14650,#14680,.T.);
#14680 = CIRCLE('',#14681,3.174);
#14681 = AXIS2_PLACEMENT_3D('',#14682,#14683,#14684);
#14682 = CARTESIAN_POINT('',(123.15951097962,12.590201713566,
    -19.09033817672));
#14683 = DIRECTION('',(-0.,0.,1.));
#14684 = DIRECTION('',(0.707106781187,-0.707106781187,0.));
#14685 = ORIENTED_EDGE('',*,*,#14649,.T.);
#14686 = ORIENTED_EDGE('',*,*,#3511,.F.);
#14687 = CYLINDRICAL_SURFACE('',#14688,3.174);
#14688 = AXIS2_PLACEMENT_3D('',#14689,#14690,#14691);
#14689 = CARTESIAN_POINT('',(123.15951097962,12.590201713566,
    -19.09033817672));
#14690 = DIRECTION('',(0.,0.,1.));
#14691 = DIRECTION('',(0.707106781187,-0.707106781187,0.));
#14692 = ADVANCED_FACE('',(#14693),#14711,.T.);
#14693 = FACE_BOUND('',#14694,.T.);
#14694 = EDGE_LOOP('',(#14695,#14696,#14704,#14710));
#14695 = ORIENTED_EDGE('',*,*,#14671,.F.);
#14696 = ORIENTED_EDGE('',*,*,#14697,.F.);
#14697 = EDGE_CURVE('',#14698,#14672,#14700,.T.);
#14698 = VERTEX_POINT('',#14699);
#14699 = CARTESIAN_POINT('',(114.32916133431,-0.728861778708,
    -19.09033817672));
#14700 = LINE('',#14701,#14702);
#14701 = CARTESIAN_POINT('',(112.08480441083,-2.973218702194,
    -19.09033817672));
#14702 = VECTOR('',#14703,1.);
#14703 = DIRECTION('',(0.707106781187,0.707106781187,0.));
#14704 = ORIENTED_EDGE('',*,*,#14705,.T.);
#14705 = EDGE_CURVE('',#14698,#3521,#14706,.T.);
#14706 = LINE('',#14707,#14708);
#14707 = CARTESIAN_POINT('',(114.32916133431,-0.728861778708,
    -19.09033817672));
#14708 = VECTOR('',#14709,1.);
#14709 = DIRECTION('',(0.,0.,1.));
#14710 = ORIENTED_EDGE('',*,*,#3520,.F.);
#14711 = PLANE('',#14712);
#14712 = AXIS2_PLACEMENT_3D('',#14713,#14714,#14715);
#14713 = CARTESIAN_POINT('',(112.08480441083,-2.973218702194,
    -19.09033817672));
#14714 = DIRECTION('',(-0.707106781187,0.707106781187,0.));
#14715 = DIRECTION('',(0.,0.,1.));
#14716 = ADVANCED_FACE('',(#14717),#14729,.F.);
#14717 = FACE_BOUND('',#14718,.F.);
#14718 = EDGE_LOOP('',(#14719,#14720,#14727,#14728));
#14719 = ORIENTED_EDGE('',*,*,#14592,.F.);
#14720 = ORIENTED_EDGE('',*,*,#14721,.T.);
#14721 = EDGE_CURVE('',#14593,#14698,#14722,.T.);
#14722 = CIRCLE('',#14723,3.174);
#14723 = AXIS2_PLACEMENT_3D('',#14724,#14725,#14726);
#14724 = CARTESIAN_POINT('',(112.08480441083,1.515495144778,
    -19.09033817672));
#14725 = DIRECTION('',(-0.,0.,1.));
#14726 = DIRECTION('',(0.707106781187,-0.707106781187,0.));
#14727 = ORIENTED_EDGE('',*,*,#14705,.T.);
#14728 = ORIENTED_EDGE('',*,*,#3528,.F.);
#14729 = CYLINDRICAL_SURFACE('',#14730,3.174);
#14730 = AXIS2_PLACEMENT_3D('',#14731,#14732,#14733);
#14731 = CARTESIAN_POINT('',(112.08480441083,1.515495144778,
    -19.09033817672));
#14732 = DIRECTION('',(0.,0.,1.));
#14733 = DIRECTION('',(-0.707106781187,-0.707106781187,0.));
#14734 = ADVANCED_FACE('',(#14735),#14746,.F.);
#14735 = FACE_BOUND('',#14736,.F.);
#14736 = EDGE_LOOP('',(#14737,#14738,#14744,#14745));
#14737 = ORIENTED_EDGE('',*,*,#14631,.F.);
#14738 = ORIENTED_EDGE('',*,*,#14739,.F.);
#14739 = EDGE_CURVE('',#14566,#14623,#14740,.T.);
#14740 = LINE('',#14741,#14742);
#14741 = CARTESIAN_POINT('',(97.958225020299,11.153360688339,
    -19.09033817672));
#14742 = VECTOR('',#14743,1.);
#14743 = DIRECTION('',(0.707106781187,0.707106781187,0.));
#14744 = ORIENTED_EDGE('',*,*,#14574,.T.);
#14745 = ORIENTED_EDGE('',*,*,#3563,.F.);
#14746 = PLANE('',#14747);
#14747 = AXIS2_PLACEMENT_3D('',#14748,#14749,#14750);
#14748 = CARTESIAN_POINT('',(97.958225020299,11.153360688339,
    -19.09033817672));
#14749 = DIRECTION('',(-0.707106781187,0.707106781187,0.));
#14750 = DIRECTION('',(0.,0.,1.));
#14751 = ADVANCED_FACE('',(#14752),#14762,.T.);
#14752 = FACE_BOUND('',#14753,.T.);
#14753 = EDGE_LOOP('',(#14754,#14755,#14756,#14757,#14758,#14759,#14760,
    #14761));
#14754 = ORIENTED_EDGE('',*,*,#14657,.T.);
#14755 = ORIENTED_EDGE('',*,*,#14622,.T.);
#14756 = ORIENTED_EDGE('',*,*,#14739,.F.);
#14757 = ORIENTED_EDGE('',*,*,#14565,.F.);
#14758 = ORIENTED_EDGE('',*,*,#14600,.F.);
#14759 = ORIENTED_EDGE('',*,*,#14721,.T.);
#14760 = ORIENTED_EDGE('',*,*,#14697,.T.);
#14761 = ORIENTED_EDGE('',*,*,#14679,.T.);
#14762 = PLANE('',#14763);
#14763 = AXIS2_PLACEMENT_3D('',#14764,#14765,#14766);
#14764 = CARTESIAN_POINT('',(112.08480441083,-2.973218702194,
    -19.09033817672));
#14765 = DIRECTION('',(0.,0.,1.));
#14766 = DIRECTION('',(0.707106781187,0.707106781187,0.));
#14767 = ADVANCED_FACE('',(#14768),#14795,.F.);
#14768 = FACE_BOUND('',#14769,.T.);
#14769 = EDGE_LOOP('',(#14770,#14778,#14787,#14793,#14794));
#14770 = ORIENTED_EDGE('',*,*,#14771,.F.);
#14771 = EDGE_CURVE('',#14772,#3626,#14774,.T.);
#14772 = VERTEX_POINT('',#14773);
#14773 = CARTESIAN_POINT('',(162.90900376485,304.29741805621,
    -19.09033817672));
#14774 = LINE('',#14775,#14776);
#14775 = CARTESIAN_POINT('',(162.90900376485,304.29741805621,
    -19.09033817672));
#14776 = VECTOR('',#14777,1.);
#14777 = DIRECTION('',(0.,0.,1.));
#14778 = ORIENTED_EDGE('',*,*,#14779,.T.);
#14779 = EDGE_CURVE('',#14772,#14780,#14782,.T.);
#14780 = VERTEX_POINT('',#14781);
#14781 = CARTESIAN_POINT('',(167.39771761182,304.29741805621,
    -19.09033817672));
#14782 = CIRCLE('',#14783,3.174);
#14783 = AXIS2_PLACEMENT_3D('',#14784,#14785,#14786);
#14784 = CARTESIAN_POINT('',(165.15336068833,302.05306113272,
    -19.09033817672));
#14785 = DIRECTION('',(-0.,0.,-1.));
#14786 = DIRECTION('',(-0.707106781187,-0.707106781187,0.));
#14787 = ORIENTED_EDGE('',*,*,#14788,.T.);
#14788 = EDGE_CURVE('',#14780,#3643,#14789,.T.);
#14789 = LINE('',#14790,#14791);
#14790 = CARTESIAN_POINT('',(167.39771761182,304.29741805621,
    -19.09033817672));
#14791 = VECTOR('',#14792,1.);
#14792 = DIRECTION('',(0.,0.,1.));
#14793 = ORIENTED_EDGE('',*,*,#3642,.T.);
#14794 = ORIENTED_EDGE('',*,*,#3633,.T.);
#14795 = CYLINDRICAL_SURFACE('',#14796,3.174);
#14796 = AXIS2_PLACEMENT_3D('',#14797,#14798,#14799);
#14797 = CARTESIAN_POINT('',(165.15336068833,302.05306113272,
    -19.09033817672));
#14798 = DIRECTION('',(0.,0.,1.));
#14799 = DIRECTION('',(-0.707106781187,0.707106781187,0.));
#14800 = ADVANCED_FACE('',(#14801),#14819,.T.);
#14801 = FACE_BOUND('',#14802,.T.);
#14802 = EDGE_LOOP('',(#14803,#14804,#14805,#14813));
#14803 = ORIENTED_EDGE('',*,*,#14771,.T.);
#14804 = ORIENTED_EDGE('',*,*,#3625,.F.);
#14805 = ORIENTED_EDGE('',*,*,#14806,.F.);
#14806 = EDGE_CURVE('',#14807,#3617,#14809,.T.);
#14807 = VERTEX_POINT('',#14808);
#14808 = CARTESIAN_POINT('',(153.27113822129,294.65955251265,
    -19.09033817672));
#14809 = LINE('',#14810,#14811);
#14810 = CARTESIAN_POINT('',(153.27113822129,294.65955251265,
    -19.09033817672));
#14811 = VECTOR('',#14812,1.);
#14812 = DIRECTION('',(0.,0.,1.));
#14813 = ORIENTED_EDGE('',*,*,#14814,.T.);
#14814 = EDGE_CURVE('',#14807,#14772,#14815,.T.);
#14815 = LINE('',#14816,#14817);
#14816 = CARTESIAN_POINT('',(151.0267812978,292.41519558916,
    -19.09033817672));
#14817 = VECTOR('',#14818,1.);
#14818 = DIRECTION('',(0.707106781187,0.707106781187,0.));
#14819 = PLANE('',#14820);
#14820 = AXIS2_PLACEMENT_3D('',#14821,#14822,#14823);
#14821 = CARTESIAN_POINT('',(151.0267812978,292.41519558916,
    -19.09033817672));
#14822 = DIRECTION('',(0.707106781187,-0.707106781187,0.));
#14823 = DIRECTION('',(0.,0.,1.));
#14824 = ADVANCED_FACE('',(#14825),#14852,.F.);
#14825 = FACE_BOUND('',#14826,.F.);
#14826 = EDGE_LOOP('',(#14827,#14835,#14844,#14850,#14851));
#14827 = ORIENTED_EDGE('',*,*,#14828,.F.);
#14828 = EDGE_CURVE('',#14829,#3581,#14831,.T.);
#14829 = VERTEX_POINT('',#14830);
#14830 = CARTESIAN_POINT('',(178.47242418061,288.73399764045,
    -19.09033817672));
#14831 = LINE('',#14832,#14833);
#14832 = CARTESIAN_POINT('',(178.47242418061,288.73399764045,
    -19.09033817672));
#14833 = VECTOR('',#14834,1.);
#14834 = DIRECTION('',(0.,0.,1.));
#14835 = ORIENTED_EDGE('',*,*,#14836,.T.);
#14836 = EDGE_CURVE('',#14829,#14837,#14839,.T.);
#14837 = VERTEX_POINT('',#14838);
#14838 = CARTESIAN_POINT('',(178.47242418061,293.22271148742,
    -19.09033817672));
#14839 = CIRCLE('',#14840,3.174);
#14840 = AXIS2_PLACEMENT_3D('',#14841,#14842,#14843);
#14841 = CARTESIAN_POINT('',(176.22806725712,290.97835456394,
    -19.09033817672));
#14842 = DIRECTION('',(0.,0.,1.));
#14843 = DIRECTION('',(-0.707106781187,-0.707106781187,0.));
#14844 = ORIENTED_EDGE('',*,*,#14845,.T.);
#14845 = EDGE_CURVE('',#14837,#3652,#14846,.T.);
#14846 = LINE('',#14847,#14848);
#14847 = CARTESIAN_POINT('',(178.47242418061,293.22271148742,
    -19.09033817672));
#14848 = VECTOR('',#14849,1.);
#14849 = DIRECTION('',(0.,0.,1.));
#14850 = ORIENTED_EDGE('',*,*,#3659,.F.);
#14851 = ORIENTED_EDGE('',*,*,#3580,.F.);
#14852 = CYLINDRICAL_SURFACE('',#14853,3.174);
#14853 = AXIS2_PLACEMENT_3D('',#14854,#14855,#14856);
#14854 = CARTESIAN_POINT('',(176.22806725712,290.97835456394,
    -19.09033817672));
#14855 = DIRECTION('',(0.,0.,1.));
#14856 = DIRECTION('',(0.707106781187,-0.707106781187,0.));
#14857 = ADVANCED_FACE('',(#14858),#14876,.F.);
#14858 = FACE_BOUND('',#14859,.F.);
#14859 = EDGE_LOOP('',(#14860,#14861,#14862,#14870));
#14860 = ORIENTED_EDGE('',*,*,#14828,.T.);
#14861 = ORIENTED_EDGE('',*,*,#3591,.F.);
#14862 = ORIENTED_EDGE('',*,*,#14863,.F.);
#14863 = EDGE_CURVE('',#14864,#3592,#14866,.T.);
#14864 = VERTEX_POINT('',#14865);
#14865 = CARTESIAN_POINT('',(168.83455863705,279.09613209689,
    -19.09033817672));
#14866 = LINE('',#14867,#14868);
#14867 = CARTESIAN_POINT('',(168.83455863705,279.09613209689,
    -19.09033817672));
#14868 = VECTOR('',#14869,1.);
#14869 = DIRECTION('',(0.,0.,1.));
#14870 = ORIENTED_EDGE('',*,*,#14871,.T.);
#14871 = EDGE_CURVE('',#14864,#14829,#14872,.T.);
#14872 = LINE('',#14873,#14874);
#14873 = CARTESIAN_POINT('',(166.59020171356,276.8517751734,
    -19.09033817672));
#14874 = VECTOR('',#14875,1.);
#14875 = DIRECTION('',(0.707106781187,0.707106781187,0.));
#14876 = PLANE('',#14877);
#14877 = AXIS2_PLACEMENT_3D('',#14878,#14879,#14880);
#14878 = CARTESIAN_POINT('',(166.59020171356,276.8517751734,
    -19.09033817672));
#14879 = DIRECTION('',(0.707106781187,-0.707106781187,0.));
#14880 = DIRECTION('',(0.,0.,1.));
#14881 = ADVANCED_FACE('',(#14882),#14901,.F.);
#14882 = FACE_BOUND('',#14883,.F.);
#14883 = EDGE_LOOP('',(#14884,#14892,#14899,#14900));
#14884 = ORIENTED_EDGE('',*,*,#14885,.F.);
#14885 = EDGE_CURVE('',#14886,#3600,#14888,.T.);
#14886 = VERTEX_POINT('',#14887);
#14887 = CARTESIAN_POINT('',(164.34584479007,279.09613209689,
    -19.09033817672));
#14888 = LINE('',#14889,#14890);
#14889 = CARTESIAN_POINT('',(164.34584479007,279.09613209689,
    -19.09033817672));
#14890 = VECTOR('',#14891,1.);
#14891 = DIRECTION('',(0.,0.,1.));
#14892 = ORIENTED_EDGE('',*,*,#14893,.T.);
#14893 = EDGE_CURVE('',#14886,#14864,#14894,.T.);
#14894 = CIRCLE('',#14895,3.174);
#14895 = AXIS2_PLACEMENT_3D('',#14896,#14897,#14898);
#14896 = CARTESIAN_POINT('',(166.59020171356,281.34048902038,
    -19.09033817672));
#14897 = DIRECTION('',(0.,0.,1.));
#14898 = DIRECTION('',(-0.707106781187,-0.707106781187,0.));
#14899 = ORIENTED_EDGE('',*,*,#14863,.T.);
#14900 = ORIENTED_EDGE('',*,*,#3599,.F.);
#14901 = CYLINDRICAL_SURFACE('',#14902,3.174);
#14902 = AXIS2_PLACEMENT_3D('',#14903,#14904,#14905);
#14903 = CARTESIAN_POINT('',(166.59020171356,281.34048902038,
    -19.09033817672));
#14904 = DIRECTION('',(0.,0.,1.));
#14905 = DIRECTION('',(-0.707106781187,-0.707106781187,0.));
#14906 = ADVANCED_FACE('',(#14907),#14925,.T.);
#14907 = FACE_BOUND('',#14908,.T.);
#14908 = EDGE_LOOP('',(#14909,#14910,#14918,#14924));
#14909 = ORIENTED_EDGE('',*,*,#14885,.F.);
#14910 = ORIENTED_EDGE('',*,*,#14911,.F.);
#14911 = EDGE_CURVE('',#14912,#14886,#14914,.T.);
#14912 = VERTEX_POINT('',#14913);
#14913 = CARTESIAN_POINT('',(153.27113822129,290.17083866568,
    -19.09033817672));
#14914 = LINE('',#14915,#14916);
#14915 = CARTESIAN_POINT('',(151.0267812978,292.41519558916,
    -19.09033817672));
#14916 = VECTOR('',#14917,1.);
#14917 = DIRECTION('',(0.707106781187,-0.707106781187,0.));
#14918 = ORIENTED_EDGE('',*,*,#14919,.T.);
#14919 = EDGE_CURVE('',#14912,#3609,#14920,.T.);
#14920 = LINE('',#14921,#14922);
#14921 = CARTESIAN_POINT('',(153.27113822129,290.17083866568,
    -19.09033817672));
#14922 = VECTOR('',#14923,1.);
#14923 = DIRECTION('',(0.,0.,1.));
#14924 = ORIENTED_EDGE('',*,*,#3608,.F.);
#14925 = PLANE('',#14926);
#14926 = AXIS2_PLACEMENT_3D('',#14927,#14928,#14929);
#14927 = CARTESIAN_POINT('',(151.0267812978,292.41519558916,
    -19.09033817672));
#14928 = DIRECTION('',(0.707106781187,0.707106781187,0.));
#14929 = DIRECTION('',(0.,0.,1.));
#14930 = ADVANCED_FACE('',(#14931),#14943,.F.);
#14931 = FACE_BOUND('',#14932,.F.);
#14932 = EDGE_LOOP('',(#14933,#14934,#14941,#14942));
#14933 = ORIENTED_EDGE('',*,*,#14806,.F.);
#14934 = ORIENTED_EDGE('',*,*,#14935,.T.);
#14935 = EDGE_CURVE('',#14807,#14912,#14936,.T.);
#14936 = CIRCLE('',#14937,3.174);
#14937 = AXIS2_PLACEMENT_3D('',#14938,#14939,#14940);
#14938 = CARTESIAN_POINT('',(155.51549514477,292.41519558916,
    -19.09033817672));
#14939 = DIRECTION('',(0.,0.,1.));
#14940 = DIRECTION('',(-0.707106781187,-0.707106781187,0.));
#14941 = ORIENTED_EDGE('',*,*,#14919,.T.);
#14942 = ORIENTED_EDGE('',*,*,#3616,.F.);
#14943 = CYLINDRICAL_SURFACE('',#14944,3.174);
#14944 = AXIS2_PLACEMENT_3D('',#14945,#14946,#14947);
#14945 = CARTESIAN_POINT('',(155.51549514477,292.41519558916,
    -19.09033817672));
#14946 = DIRECTION('',(0.,0.,1.));
#14947 = DIRECTION('',(-0.707106781187,0.707106781187,0.));
#14948 = ADVANCED_FACE('',(#14949),#14960,.F.);
#14949 = FACE_BOUND('',#14950,.F.);
#14950 = EDGE_LOOP('',(#14951,#14952,#14958,#14959));
#14951 = ORIENTED_EDGE('',*,*,#14845,.F.);
#14952 = ORIENTED_EDGE('',*,*,#14953,.F.);
#14953 = EDGE_CURVE('',#14780,#14837,#14954,.T.);
#14954 = LINE('',#14955,#14956);
#14955 = CARTESIAN_POINT('',(165.15336068833,306.5417749797,
    -19.09033817672));
#14956 = VECTOR('',#14957,1.);
#14957 = DIRECTION('',(0.707106781187,-0.707106781187,0.));
#14958 = ORIENTED_EDGE('',*,*,#14788,.T.);
#14959 = ORIENTED_EDGE('',*,*,#3651,.F.);
#14960 = PLANE('',#14961);
#14961 = AXIS2_PLACEMENT_3D('',#14962,#14963,#14964);
#14962 = CARTESIAN_POINT('',(165.15336068833,306.5417749797,
    -19.09033817672));
#14963 = DIRECTION('',(0.707106781187,0.707106781187,0.));
#14964 = DIRECTION('',(0.,0.,1.));
#14965 = ADVANCED_FACE('',(#14966),#14976,.T.);
#14966 = FACE_BOUND('',#14967,.T.);
#14967 = EDGE_LOOP('',(#14968,#14969,#14970,#14971,#14972,#14973,#14974,
    #14975));
#14968 = ORIENTED_EDGE('',*,*,#14871,.T.);
#14969 = ORIENTED_EDGE('',*,*,#14836,.T.);
#14970 = ORIENTED_EDGE('',*,*,#14953,.F.);
#14971 = ORIENTED_EDGE('',*,*,#14779,.F.);
#14972 = ORIENTED_EDGE('',*,*,#14814,.F.);
#14973 = ORIENTED_EDGE('',*,*,#14935,.T.);
#14974 = ORIENTED_EDGE('',*,*,#14911,.T.);
#14975 = ORIENTED_EDGE('',*,*,#14893,.T.);
#14976 = PLANE('',#14977);
#14977 = AXIS2_PLACEMENT_3D('',#14978,#14979,#14980);
#14978 = CARTESIAN_POINT('',(151.0267812978,292.41519558916,
    -19.09033817672));
#14979 = DIRECTION('',(0.,0.,1.));
#14980 = DIRECTION('',(0.707106781187,-0.707106781187,0.));
#14981 = ADVANCED_FACE('',(#14982),#15009,.F.);
#14982 = FACE_BOUND('',#14983,.T.);
#14983 = EDGE_LOOP('',(#14984,#14992,#15001,#15007,#15008));
#14984 = ORIENTED_EDGE('',*,*,#14985,.F.);
#14985 = EDGE_CURVE('',#14986,#3714,#14988,.T.);
#14986 = VERTEX_POINT('',#14987);
#14987 = CARTESIAN_POINT('',(229.09099623514,12.202581943785,
    -19.09033817672));
#14988 = LINE('',#14989,#14990);
#14989 = CARTESIAN_POINT('',(229.09099623514,12.202581943785,
    -19.09033817672));
#14990 = VECTOR('',#14991,1.);
#14991 = DIRECTION('',(0.,0.,1.));
#14992 = ORIENTED_EDGE('',*,*,#14993,.T.);
#14993 = EDGE_CURVE('',#14986,#14994,#14996,.T.);
#14994 = VERTEX_POINT('',#14995);
#14995 = CARTESIAN_POINT('',(224.60228238817,12.202581943785,
    -19.09033817672));
#14996 = CIRCLE('',#14997,3.174);
#14997 = AXIS2_PLACEMENT_3D('',#14998,#14999,#15000);
#14998 = CARTESIAN_POINT('',(226.84663931166,14.446938867271,
    -19.09033817672));
#14999 = DIRECTION('',(0.,0.,-1.));
#15000 = DIRECTION('',(0.707106781187,0.707106781187,0.));
#15001 = ORIENTED_EDGE('',*,*,#15002,.T.);
#15002 = EDGE_CURVE('',#14994,#3731,#15003,.T.);
#15003 = LINE('',#15004,#15005);
#15004 = CARTESIAN_POINT('',(224.60228238817,12.202581943785,
    -19.09033817672));
#15005 = VECTOR('',#15006,1.);
#15006 = DIRECTION('',(0.,0.,1.));
#15007 = ORIENTED_EDGE('',*,*,#3730,.T.);
#15008 = ORIENTED_EDGE('',*,*,#3721,.T.);
#15009 = CYLINDRICAL_SURFACE('',#15010,3.174);
#15010 = AXIS2_PLACEMENT_3D('',#15011,#15012,#15013);
#15011 = CARTESIAN_POINT('',(226.84663931166,14.446938867271,
    -19.09033817672));
#15012 = DIRECTION('',(0.,0.,1.));
#15013 = DIRECTION('',(0.707106781187,-0.707106781187,0.));
#15014 = ADVANCED_FACE('',(#15015),#15033,.T.);
#15015 = FACE_BOUND('',#15016,.T.);
#15016 = EDGE_LOOP('',(#15017,#15018,#15019,#15027));
#15017 = ORIENTED_EDGE('',*,*,#14985,.T.);
#15018 = ORIENTED_EDGE('',*,*,#3713,.F.);
#15019 = ORIENTED_EDGE('',*,*,#15020,.F.);
#15020 = EDGE_CURVE('',#15021,#3705,#15023,.T.);
#15021 = VERTEX_POINT('',#15022);
#15022 = CARTESIAN_POINT('',(238.7288617787,21.840447487346,
    -19.09033817672));
#15023 = LINE('',#15024,#15025);
#15024 = CARTESIAN_POINT('',(238.7288617787,21.840447487346,
    -19.09033817672));
#15025 = VECTOR('',#15026,1.);
#15026 = DIRECTION('',(0.,0.,1.));
#15027 = ORIENTED_EDGE('',*,*,#15028,.T.);
#15028 = EDGE_CURVE('',#15021,#14986,#15029,.T.);
#15029 = LINE('',#15030,#15031);
#15030 = CARTESIAN_POINT('',(240.97321870219,24.084804410832,
    -19.09033817672));
#15031 = VECTOR('',#15032,1.);
#15032 = DIRECTION('',(-0.707106781187,-0.707106781187,0.));
#15033 = PLANE('',#15034);
#15034 = AXIS2_PLACEMENT_3D('',#15035,#15036,#15037);
#15035 = CARTESIAN_POINT('',(240.97321870219,24.084804410832,
    -19.09033817672));
#15036 = DIRECTION('',(-0.707106781187,0.707106781187,0.));
#15037 = DIRECTION('',(0.,0.,1.));
#15038 = ADVANCED_FACE('',(#15039),#15066,.F.);
#15039 = FACE_BOUND('',#15040,.F.);
#15040 = EDGE_LOOP('',(#15041,#15049,#15058,#15064,#15065));
#15041 = ORIENTED_EDGE('',*,*,#15042,.F.);
#15042 = EDGE_CURVE('',#15043,#3669,#15045,.T.);
#15043 = VERTEX_POINT('',#15044);
#15044 = CARTESIAN_POINT('',(213.52757581938,27.766002359545,
    -19.09033817672));
#15045 = LINE('',#15046,#15047);
#15046 = CARTESIAN_POINT('',(213.52757581938,27.766002359545,
    -19.09033817672));
#15047 = VECTOR('',#15048,1.);
#15048 = DIRECTION('',(0.,0.,1.));
#15049 = ORIENTED_EDGE('',*,*,#15050,.T.);
#15050 = EDGE_CURVE('',#15043,#15051,#15053,.T.);
#15051 = VERTEX_POINT('',#15052);
#15052 = CARTESIAN_POINT('',(213.52757581938,23.277288512573,
    -19.09033817672));
#15053 = CIRCLE('',#15054,3.174);
#15054 = AXIS2_PLACEMENT_3D('',#15055,#15056,#15057);
#15055 = CARTESIAN_POINT('',(215.77193274287,25.521645436059,
    -19.09033817672));
#15056 = DIRECTION('',(0.,-0.,1.));
#15057 = DIRECTION('',(0.707106781187,0.707106781187,0.));
#15058 = ORIENTED_EDGE('',*,*,#15059,.T.);
#15059 = EDGE_CURVE('',#15051,#3740,#15060,.T.);
#15060 = LINE('',#15061,#15062);
#15061 = CARTESIAN_POINT('',(213.52757581938,23.277288512573,
    -19.09033817672));
#15062 = VECTOR('',#15063,1.);
#15063 = DIRECTION('',(0.,0.,1.));
#15064 = ORIENTED_EDGE('',*,*,#3747,.F.);
#15065 = ORIENTED_EDGE('',*,*,#3668,.F.);
#15066 = CYLINDRICAL_SURFACE('',#15067,3.174);
#15067 = AXIS2_PLACEMENT_3D('',#15068,#15069,#15070);
#15068 = CARTESIAN_POINT('',(215.77193274287,25.521645436059,
    -19.09033817672));
#15069 = DIRECTION('',(0.,0.,1.));
#15070 = DIRECTION('',(-0.707106781187,0.707106781187,0.));
#15071 = ADVANCED_FACE('',(#15072),#15090,.F.);
#15072 = FACE_BOUND('',#15073,.F.);
#15073 = EDGE_LOOP('',(#15074,#15075,#15076,#15084));
#15074 = ORIENTED_EDGE('',*,*,#15042,.T.);
#15075 = ORIENTED_EDGE('',*,*,#3679,.F.);
#15076 = ORIENTED_EDGE('',*,*,#15077,.F.);
#15077 = EDGE_CURVE('',#15078,#3680,#15080,.T.);
#15078 = VERTEX_POINT('',#15079);
#15079 = CARTESIAN_POINT('',(223.16544136294,37.403867903106,
    -19.09033817672));
#15080 = LINE('',#15081,#15082);
#15081 = CARTESIAN_POINT('',(223.16544136294,37.403867903106,
    -19.09033817672));
#15082 = VECTOR('',#15083,1.);
#15083 = DIRECTION('',(0.,0.,1.));
#15084 = ORIENTED_EDGE('',*,*,#15085,.T.);
#15085 = EDGE_CURVE('',#15078,#15043,#15086,.T.);
#15086 = LINE('',#15087,#15088);
#15087 = CARTESIAN_POINT('',(225.40979828643,39.648224826592,
    -19.09033817672));
#15088 = VECTOR('',#15089,1.);
#15089 = DIRECTION('',(-0.707106781187,-0.707106781187,0.));
#15090 = PLANE('',#15091);
#15091 = AXIS2_PLACEMENT_3D('',#15092,#15093,#15094);
#15092 = CARTESIAN_POINT('',(225.40979828643,39.648224826592,
    -19.09033817672));
#15093 = DIRECTION('',(-0.707106781187,0.707106781187,0.));
#15094 = DIRECTION('',(0.,0.,1.));
#15095 = ADVANCED_FACE('',(#15096),#15115,.F.);
#15096 = FACE_BOUND('',#15097,.F.);
#15097 = EDGE_LOOP('',(#15098,#15106,#15113,#15114));
#15098 = ORIENTED_EDGE('',*,*,#15099,.F.);
#15099 = EDGE_CURVE('',#15100,#3688,#15102,.T.);
#15100 = VERTEX_POINT('',#15101);
#15101 = CARTESIAN_POINT('',(227.65415520992,37.403867903106,
    -19.09033817672));
#15102 = LINE('',#15103,#15104);
#15103 = CARTESIAN_POINT('',(227.65415520992,37.403867903106,
    -19.09033817672));
#15104 = VECTOR('',#15105,1.);
#15105 = DIRECTION('',(0.,0.,1.));
#15106 = ORIENTED_EDGE('',*,*,#15107,.T.);
#15107 = EDGE_CURVE('',#15100,#15078,#15108,.T.);
#15108 = CIRCLE('',#15109,3.174);
#15109 = AXIS2_PLACEMENT_3D('',#15110,#15111,#15112);
#15110 = CARTESIAN_POINT('',(225.40979828643,35.15951097962,
    -19.09033817672));
#15111 = DIRECTION('',(0.,-0.,1.));
#15112 = DIRECTION('',(0.707106781187,0.707106781187,0.));
#15113 = ORIENTED_EDGE('',*,*,#15077,.T.);
#15114 = ORIENTED_EDGE('',*,*,#3687,.F.);
#15115 = CYLINDRICAL_SURFACE('',#15116,3.174);
#15116 = AXIS2_PLACEMENT_3D('',#15117,#15118,#15119);
#15117 = CARTESIAN_POINT('',(225.40979828643,35.15951097962,
    -19.09033817672));
#15118 = DIRECTION('',(0.,0.,1.));
#15119 = DIRECTION('',(0.707106781187,0.707106781187,0.));
#15120 = ADVANCED_FACE('',(#15121),#15139,.T.);
#15121 = FACE_BOUND('',#15122,.T.);
#15122 = EDGE_LOOP('',(#15123,#15124,#15132,#15138));
#15123 = ORIENTED_EDGE('',*,*,#15099,.F.);
#15124 = ORIENTED_EDGE('',*,*,#15125,.F.);
#15125 = EDGE_CURVE('',#15126,#15100,#15128,.T.);
#15126 = VERTEX_POINT('',#15127);
#15127 = CARTESIAN_POINT('',(238.7288617787,26.329161334318,
    -19.09033817672));
#15128 = LINE('',#15129,#15130);
#15129 = CARTESIAN_POINT('',(240.97321870219,24.084804410832,
    -19.09033817672));
#15130 = VECTOR('',#15131,1.);
#15131 = DIRECTION('',(-0.707106781187,0.707106781187,0.));
#15132 = ORIENTED_EDGE('',*,*,#15133,.T.);
#15133 = EDGE_CURVE('',#15126,#3697,#15134,.T.);
#15134 = LINE('',#15135,#15136);
#15135 = CARTESIAN_POINT('',(238.7288617787,26.329161334318,
    -19.09033817672));
#15136 = VECTOR('',#15137,1.);
#15137 = DIRECTION('',(0.,0.,1.));
#15138 = ORIENTED_EDGE('',*,*,#3696,.F.);
#15139 = PLANE('',#15140);
#15140 = AXIS2_PLACEMENT_3D('',#15141,#15142,#15143);
#15141 = CARTESIAN_POINT('',(240.97321870219,24.084804410832,
    -19.09033817672));
#15142 = DIRECTION('',(-0.707106781187,-0.707106781187,0.));
#15143 = DIRECTION('',(0.,0.,1.));
#15144 = ADVANCED_FACE('',(#15145),#15157,.F.);
#15145 = FACE_BOUND('',#15146,.F.);
#15146 = EDGE_LOOP('',(#15147,#15148,#15155,#15156));
#15147 = ORIENTED_EDGE('',*,*,#15020,.F.);
#15148 = ORIENTED_EDGE('',*,*,#15149,.T.);
#15149 = EDGE_CURVE('',#15021,#15126,#15150,.T.);
#15150 = CIRCLE('',#15151,3.174);
#15151 = AXIS2_PLACEMENT_3D('',#15152,#15153,#15154);
#15152 = CARTESIAN_POINT('',(236.48450485522,24.084804410832,
    -19.09033817672));
#15153 = DIRECTION('',(0.,-0.,1.));
#15154 = DIRECTION('',(0.707106781187,0.707106781187,0.));
#15155 = ORIENTED_EDGE('',*,*,#15133,.T.);
#15156 = ORIENTED_EDGE('',*,*,#3704,.F.);
#15157 = CYLINDRICAL_SURFACE('',#15158,3.174);
#15158 = AXIS2_PLACEMENT_3D('',#15159,#15160,#15161);
#15159 = CARTESIAN_POINT('',(236.48450485522,24.084804410832,
    -19.09033817672));
#15160 = DIRECTION('',(0.,0.,1.));
#15161 = DIRECTION('',(0.707106781187,-0.707106781187,0.));
#15162 = ADVANCED_FACE('',(#15163),#15174,.F.);
#15163 = FACE_BOUND('',#15164,.F.);
#15164 = EDGE_LOOP('',(#15165,#15166,#15172,#15173));
#15165 = ORIENTED_EDGE('',*,*,#15059,.F.);
#15166 = ORIENTED_EDGE('',*,*,#15167,.F.);
#15167 = EDGE_CURVE('',#14994,#15051,#15168,.T.);
#15168 = LINE('',#15169,#15170);
#15169 = CARTESIAN_POINT('',(226.84663931166,9.958225020299,
    -19.09033817672));
#15170 = VECTOR('',#15171,1.);
#15171 = DIRECTION('',(-0.707106781187,0.707106781187,0.));
#15172 = ORIENTED_EDGE('',*,*,#15002,.T.);
#15173 = ORIENTED_EDGE('',*,*,#3739,.F.);
#15174 = PLANE('',#15175);
#15175 = AXIS2_PLACEMENT_3D('',#15176,#15177,#15178);
#15176 = CARTESIAN_POINT('',(226.84663931166,9.958225020299,
    -19.09033817672));
#15177 = DIRECTION('',(-0.707106781187,-0.707106781187,0.));
#15178 = DIRECTION('',(0.,0.,1.));
#15179 = ADVANCED_FACE('',(#15180),#15190,.T.);
#15180 = FACE_BOUND('',#15181,.T.);
#15181 = EDGE_LOOP('',(#15182,#15183,#15184,#15185,#15186,#15187,#15188,
    #15189));
#15182 = ORIENTED_EDGE('',*,*,#15085,.T.);
#15183 = ORIENTED_EDGE('',*,*,#15050,.T.);
#15184 = ORIENTED_EDGE('',*,*,#15167,.F.);
#15185 = ORIENTED_EDGE('',*,*,#14993,.F.);
#15186 = ORIENTED_EDGE('',*,*,#15028,.F.);
#15187 = ORIENTED_EDGE('',*,*,#15149,.T.);
#15188 = ORIENTED_EDGE('',*,*,#15125,.T.);
#15189 = ORIENTED_EDGE('',*,*,#15107,.T.);
#15190 = PLANE('',#15191);
#15191 = AXIS2_PLACEMENT_3D('',#15192,#15193,#15194);
#15192 = CARTESIAN_POINT('',(240.97321870219,24.084804410832,
    -19.09033817672));
#15193 = DIRECTION('',(0.,0.,1.));
#15194 = DIRECTION('',(-0.707106781187,0.707106781187,0.));
#15195 = ADVANCED_FACE('',(#15196),#15223,.F.);
#15196 = FACE_BOUND('',#15197,.T.);
#15197 = EDGE_LOOP('',(#15198,#15206,#15215,#15221,#15222));
#15198 = ORIENTED_EDGE('',*,*,#15199,.F.);
#15199 = EDGE_CURVE('',#15200,#3802,#15202,.T.);
#15200 = VERTEX_POINT('',#15201);
#15201 = CARTESIAN_POINT('',(259.90900376485,332.79741805621,
    -19.09033817672));
#15202 = LINE('',#15203,#15204);
#15203 = CARTESIAN_POINT('',(259.90900376485,332.79741805621,
    -19.09033817672));
#15204 = VECTOR('',#15205,1.);
#15205 = DIRECTION('',(0.,0.,1.));
#15206 = ORIENTED_EDGE('',*,*,#15207,.T.);
#15207 = EDGE_CURVE('',#15200,#15208,#15210,.T.);
#15208 = VERTEX_POINT('',#15209);
#15209 = CARTESIAN_POINT('',(264.39771761182,332.79741805621,
    -19.09033817672));
#15210 = CIRCLE('',#15211,3.174);
#15211 = AXIS2_PLACEMENT_3D('',#15212,#15213,#15214);
#15212 = CARTESIAN_POINT('',(262.15336068833,330.55306113272,
    -19.09033817672));
#15213 = DIRECTION('',(-0.,0.,-1.));
#15214 = DIRECTION('',(-0.707106781187,-0.707106781187,0.));
#15215 = ORIENTED_EDGE('',*,*,#15216,.T.);
#15216 = EDGE_CURVE('',#15208,#3819,#15217,.T.);
#15217 = LINE('',#15218,#15219);
#15218 = CARTESIAN_POINT('',(264.39771761182,332.79741805621,
    -19.09033817672));
#15219 = VECTOR('',#15220,1.);
#15220 = DIRECTION('',(0.,0.,1.));
#15221 = ORIENTED_EDGE('',*,*,#3818,.T.);
#15222 = ORIENTED_EDGE('',*,*,#3809,.T.);
#15223 = CYLINDRICAL_SURFACE('',#15224,3.174);
#15224 = AXIS2_PLACEMENT_3D('',#15225,#15226,#15227);
#15225 = CARTESIAN_POINT('',(262.15336068833,330.55306113272,
    -19.09033817672));
#15226 = DIRECTION('',(0.,0.,1.));
#15227 = DIRECTION('',(-0.707106781187,0.707106781187,0.));
#15228 = ADVANCED_FACE('',(#15229),#15247,.T.);
#15229 = FACE_BOUND('',#15230,.T.);
#15230 = EDGE_LOOP('',(#15231,#15232,#15233,#15241));
#15231 = ORIENTED_EDGE('',*,*,#15199,.T.);
#15232 = ORIENTED_EDGE('',*,*,#3801,.F.);
#15233 = ORIENTED_EDGE('',*,*,#15234,.F.);
#15234 = EDGE_CURVE('',#15235,#3793,#15237,.T.);
#15235 = VERTEX_POINT('',#15236);
#15236 = CARTESIAN_POINT('',(250.27113822129,323.15955251265,
    -19.09033817672));
#15237 = LINE('',#15238,#15239);
#15238 = CARTESIAN_POINT('',(250.27113822129,323.15955251265,
    -19.09033817672));
#15239 = VECTOR('',#15240,1.);
#15240 = DIRECTION('',(0.,0.,1.));
#15241 = ORIENTED_EDGE('',*,*,#15242,.T.);
#15242 = EDGE_CURVE('',#15235,#15200,#15243,.T.);
#15243 = LINE('',#15244,#15245);
#15244 = CARTESIAN_POINT('',(248.0267812978,320.91519558916,
    -19.09033817672));
#15245 = VECTOR('',#15246,1.);
#15246 = DIRECTION('',(0.707106781187,0.707106781187,0.));
#15247 = PLANE('',#15248);
#15248 = AXIS2_PLACEMENT_3D('',#15249,#15250,#15251);
#15249 = CARTESIAN_POINT('',(248.0267812978,320.91519558916,
    -19.09033817672));
#15250 = DIRECTION('',(0.707106781187,-0.707106781187,0.));
#15251 = DIRECTION('',(0.,0.,1.));
#15252 = ADVANCED_FACE('',(#15253),#15280,.F.);
#15253 = FACE_BOUND('',#15254,.F.);
#15254 = EDGE_LOOP('',(#15255,#15263,#15272,#15278,#15279));
#15255 = ORIENTED_EDGE('',*,*,#15256,.F.);
#15256 = EDGE_CURVE('',#15257,#3757,#15259,.T.);
#15257 = VERTEX_POINT('',#15258);
#15258 = CARTESIAN_POINT('',(275.47242418061,317.23399764045,
    -19.09033817672));
#15259 = LINE('',#15260,#15261);
#15260 = CARTESIAN_POINT('',(275.47242418061,317.23399764045,
    -19.09033817672));
#15261 = VECTOR('',#15262,1.);
#15262 = DIRECTION('',(0.,0.,1.));
#15263 = ORIENTED_EDGE('',*,*,#15264,.T.);
#15264 = EDGE_CURVE('',#15257,#15265,#15267,.T.);
#15265 = VERTEX_POINT('',#15266);
#15266 = CARTESIAN_POINT('',(275.47242418061,321.72271148742,
    -19.09033817672));
#15267 = CIRCLE('',#15268,3.174);
#15268 = AXIS2_PLACEMENT_3D('',#15269,#15270,#15271);
#15269 = CARTESIAN_POINT('',(273.22806725712,319.47835456394,
    -19.09033817672));
#15270 = DIRECTION('',(0.,0.,1.));
#15271 = DIRECTION('',(-0.707106781187,-0.707106781187,0.));
#15272 = ORIENTED_EDGE('',*,*,#15273,.T.);
#15273 = EDGE_CURVE('',#15265,#3828,#15274,.T.);
#15274 = LINE('',#15275,#15276);
#15275 = CARTESIAN_POINT('',(275.47242418061,321.72271148742,
    -19.09033817672));
#15276 = VECTOR('',#15277,1.);
#15277 = DIRECTION('',(0.,0.,1.));
#15278 = ORIENTED_EDGE('',*,*,#3835,.F.);
#15279 = ORIENTED_EDGE('',*,*,#3756,.F.);
#15280 = CYLINDRICAL_SURFACE('',#15281,3.174);
#15281 = AXIS2_PLACEMENT_3D('',#15282,#15283,#15284);
#15282 = CARTESIAN_POINT('',(273.22806725712,319.47835456394,
    -19.09033817672));
#15283 = DIRECTION('',(0.,0.,1.));
#15284 = DIRECTION('',(0.707106781187,-0.707106781187,0.));
#15285 = ADVANCED_FACE('',(#15286),#15304,.F.);
#15286 = FACE_BOUND('',#15287,.F.);
#15287 = EDGE_LOOP('',(#15288,#15289,#15290,#15298));
#15288 = ORIENTED_EDGE('',*,*,#15256,.T.);
#15289 = ORIENTED_EDGE('',*,*,#3767,.F.);
#15290 = ORIENTED_EDGE('',*,*,#15291,.F.);
#15291 = EDGE_CURVE('',#15292,#3768,#15294,.T.);
#15292 = VERTEX_POINT('',#15293);
#15293 = CARTESIAN_POINT('',(265.83455863705,307.59613209689,
    -19.09033817672));
#15294 = LINE('',#15295,#15296);
#15295 = CARTESIAN_POINT('',(265.83455863705,307.59613209689,
    -19.09033817672));
#15296 = VECTOR('',#15297,1.);
#15297 = DIRECTION('',(0.,0.,1.));
#15298 = ORIENTED_EDGE('',*,*,#15299,.T.);
#15299 = EDGE_CURVE('',#15292,#15257,#15300,.T.);
#15300 = LINE('',#15301,#15302);
#15301 = CARTESIAN_POINT('',(263.59020171356,305.3517751734,
    -19.09033817672));
#15302 = VECTOR('',#15303,1.);
#15303 = DIRECTION('',(0.707106781187,0.707106781187,0.));
#15304 = PLANE('',#15305);
#15305 = AXIS2_PLACEMENT_3D('',#15306,#15307,#15308);
#15306 = CARTESIAN_POINT('',(263.59020171356,305.3517751734,
    -19.09033817672));
#15307 = DIRECTION('',(0.707106781187,-0.707106781187,0.));
#15308 = DIRECTION('',(0.,0.,1.));
#15309 = ADVANCED_FACE('',(#15310),#15329,.F.);
#15310 = FACE_BOUND('',#15311,.F.);
#15311 = EDGE_LOOP('',(#15312,#15320,#15327,#15328));
#15312 = ORIENTED_EDGE('',*,*,#15313,.F.);
#15313 = EDGE_CURVE('',#15314,#3776,#15316,.T.);
#15314 = VERTEX_POINT('',#15315);
#15315 = CARTESIAN_POINT('',(261.34584479008,307.59613209689,
    -19.09033817672));
#15316 = LINE('',#15317,#15318);
#15317 = CARTESIAN_POINT('',(261.34584479008,307.59613209689,
    -19.09033817672));
#15318 = VECTOR('',#15319,1.);
#15319 = DIRECTION('',(0.,0.,1.));
#15320 = ORIENTED_EDGE('',*,*,#15321,.T.);
#15321 = EDGE_CURVE('',#15314,#15292,#15322,.T.);
#15322 = CIRCLE('',#15323,3.174);
#15323 = AXIS2_PLACEMENT_3D('',#15324,#15325,#15326);
#15324 = CARTESIAN_POINT('',(263.59020171356,309.84048902038,
    -19.09033817672));
#15325 = DIRECTION('',(0.,0.,1.));
#15326 = DIRECTION('',(-0.707106781187,-0.707106781187,0.));
#15327 = ORIENTED_EDGE('',*,*,#15291,.T.);
#15328 = ORIENTED_EDGE('',*,*,#3775,.F.);
#15329 = CYLINDRICAL_SURFACE('',#15330,3.174);
#15330 = AXIS2_PLACEMENT_3D('',#15331,#15332,#15333);
#15331 = CARTESIAN_POINT('',(263.59020171356,309.84048902038,
    -19.09033817672));
#15332 = DIRECTION('',(0.,0.,1.));
#15333 = DIRECTION('',(-0.707106781187,-0.707106781187,0.));
#15334 = ADVANCED_FACE('',(#15335),#15353,.T.);
#15335 = FACE_BOUND('',#15336,.T.);
#15336 = EDGE_LOOP('',(#15337,#15338,#15346,#15352));
#15337 = ORIENTED_EDGE('',*,*,#15313,.F.);
#15338 = ORIENTED_EDGE('',*,*,#15339,.F.);
#15339 = EDGE_CURVE('',#15340,#15314,#15342,.T.);
#15340 = VERTEX_POINT('',#15341);
#15341 = CARTESIAN_POINT('',(250.27113822129,318.67083866568,
    -19.09033817672));
#15342 = LINE('',#15343,#15344);
#15343 = CARTESIAN_POINT('',(248.0267812978,320.91519558916,
    -19.09033817672));
#15344 = VECTOR('',#15345,1.);
#15345 = DIRECTION('',(0.707106781187,-0.707106781187,0.));
#15346 = ORIENTED_EDGE('',*,*,#15347,.T.);
#15347 = EDGE_CURVE('',#15340,#3785,#15348,.T.);
#15348 = LINE('',#15349,#15350);
#15349 = CARTESIAN_POINT('',(250.27113822129,318.67083866568,
    -19.09033817672));
#15350 = VECTOR('',#15351,1.);
#15351 = DIRECTION('',(0.,0.,1.));
#15352 = ORIENTED_EDGE('',*,*,#3784,.F.);
#15353 = PLANE('',#15354);
#15354 = AXIS2_PLACEMENT_3D('',#15355,#15356,#15357);
#15355 = CARTESIAN_POINT('',(248.0267812978,320.91519558916,
    -19.09033817672));
#15356 = DIRECTION('',(0.707106781187,0.707106781187,0.));
#15357 = DIRECTION('',(0.,0.,1.));
#15358 = ADVANCED_FACE('',(#15359),#15371,.F.);
#15359 = FACE_BOUND('',#15360,.F.);
#15360 = EDGE_LOOP('',(#15361,#15362,#15369,#15370));
#15361 = ORIENTED_EDGE('',*,*,#15234,.F.);
#15362 = ORIENTED_EDGE('',*,*,#15363,.T.);
#15363 = EDGE_CURVE('',#15235,#15340,#15364,.T.);
#15364 = CIRCLE('',#15365,3.174);
#15365 = AXIS2_PLACEMENT_3D('',#15366,#15367,#15368);
#15366 = CARTESIAN_POINT('',(252.51549514477,320.91519558916,
    -19.09033817672));
#15367 = DIRECTION('',(0.,0.,1.));
#15368 = DIRECTION('',(-0.707106781187,-0.707106781187,0.));
#15369 = ORIENTED_EDGE('',*,*,#15347,.T.);
#15370 = ORIENTED_EDGE('',*,*,#3792,.F.);
#15371 = CYLINDRICAL_SURFACE('',#15372,3.174);
#15372 = AXIS2_PLACEMENT_3D('',#15373,#15374,#15375);
#15373 = CARTESIAN_POINT('',(252.51549514477,320.91519558916,
    -19.09033817672));
#15374 = DIRECTION('',(0.,0.,1.));
#15375 = DIRECTION('',(-0.707106781187,0.707106781187,0.));
#15376 = ADVANCED_FACE('',(#15377),#15388,.F.);
#15377 = FACE_BOUND('',#15378,.F.);
#15378 = EDGE_LOOP('',(#15379,#15380,#15386,#15387));
#15379 = ORIENTED_EDGE('',*,*,#15273,.F.);
#15380 = ORIENTED_EDGE('',*,*,#15381,.F.);
#15381 = EDGE_CURVE('',#15208,#15265,#15382,.T.);
#15382 = LINE('',#15383,#15384);
#15383 = CARTESIAN_POINT('',(262.15336068833,335.0417749797,
    -19.09033817672));
#15384 = VECTOR('',#15385,1.);
#15385 = DIRECTION('',(0.707106781187,-0.707106781187,0.));
#15386 = ORIENTED_EDGE('',*,*,#15216,.T.);
#15387 = ORIENTED_EDGE('',*,*,#3827,.F.);
#15388 = PLANE('',#15389);
#15389 = AXIS2_PLACEMENT_3D('',#15390,#15391,#15392);
#15390 = CARTESIAN_POINT('',(262.15336068833,335.0417749797,
    -19.09033817672));
#15391 = DIRECTION('',(0.707106781187,0.707106781187,0.));
#15392 = DIRECTION('',(0.,0.,1.));
#15393 = ADVANCED_FACE('',(#15394),#15404,.T.);
#15394 = FACE_BOUND('',#15395,.T.);
#15395 = EDGE_LOOP('',(#15396,#15397,#15398,#15399,#15400,#15401,#15402,
    #15403));
#15396 = ORIENTED_EDGE('',*,*,#15299,.T.);
#15397 = ORIENTED_EDGE('',*,*,#15264,.T.);
#15398 = ORIENTED_EDGE('',*,*,#15381,.F.);
#15399 = ORIENTED_EDGE('',*,*,#15207,.F.);
#15400 = ORIENTED_EDGE('',*,*,#15242,.F.);
#15401 = ORIENTED_EDGE('',*,*,#15363,.T.);
#15402 = ORIENTED_EDGE('',*,*,#15339,.T.);
#15403 = ORIENTED_EDGE('',*,*,#15321,.T.);
#15404 = PLANE('',#15405);
#15405 = AXIS2_PLACEMENT_3D('',#15406,#15407,#15408);
#15406 = CARTESIAN_POINT('',(248.0267812978,320.91519558916,
    -19.09033817672));
#15407 = DIRECTION('',(0.,0.,1.));
#15408 = DIRECTION('',(0.707106781187,-0.707106781187,0.));
#15409 = ADVANCED_FACE('',(#15410),#15437,.F.);
#15410 = FACE_BOUND('',#15411,.T.);
#15411 = EDGE_LOOP('',(#15412,#15420,#15429,#15435,#15436));
#15412 = ORIENTED_EDGE('',*,*,#15413,.F.);
#15413 = EDGE_CURVE('',#15414,#3890,#15416,.T.);
#15414 = VERTEX_POINT('',#15415);
#15415 = CARTESIAN_POINT('',(303.20258194378,181.40900376485,
    -19.09033817672));
#15416 = LINE('',#15417,#15418);
#15417 = CARTESIAN_POINT('',(303.20258194378,181.40900376485,
    -19.09033817672));
#15418 = VECTOR('',#15419,1.);
#15419 = DIRECTION('',(0.,0.,1.));
#15420 = ORIENTED_EDGE('',*,*,#15421,.T.);
#15421 = EDGE_CURVE('',#15414,#15422,#15424,.T.);
#15422 = VERTEX_POINT('',#15423);
#15423 = CARTESIAN_POINT('',(303.20258194378,185.89771761182,
    -19.09033817672));
#15424 = CIRCLE('',#15425,3.174);
#15425 = AXIS2_PLACEMENT_3D('',#15426,#15427,#15428);
#15426 = CARTESIAN_POINT('',(305.44693886727,183.65336068833,
    -19.09033817672));
#15427 = DIRECTION('',(0.,-0.,-1.));
#15428 = DIRECTION('',(0.707106781187,-0.707106781187,0.));
#15429 = ORIENTED_EDGE('',*,*,#15430,.T.);
#15430 = EDGE_CURVE('',#15422,#3907,#15431,.T.);
#15431 = LINE('',#15432,#15433);
#15432 = CARTESIAN_POINT('',(303.20258194378,185.89771761182,
    -19.09033817672));
#15433 = VECTOR('',#15434,1.);
#15434 = DIRECTION('',(0.,0.,1.));
#15435 = ORIENTED_EDGE('',*,*,#3906,.T.);
#15436 = ORIENTED_EDGE('',*,*,#3897,.T.);
#15437 = CYLINDRICAL_SURFACE('',#15438,3.174);
#15438 = AXIS2_PLACEMENT_3D('',#15439,#15440,#15441);
#15439 = CARTESIAN_POINT('',(305.44693886727,183.65336068833,
    -19.09033817672));
#15440 = DIRECTION('',(0.,0.,1.));
#15441 = DIRECTION('',(-0.707106781187,-0.707106781187,0.));
#15442 = ADVANCED_FACE('',(#15443),#15461,.T.);
#15443 = FACE_BOUND('',#15444,.T.);
#15444 = EDGE_LOOP('',(#15445,#15446,#15447,#15455));
#15445 = ORIENTED_EDGE('',*,*,#15413,.T.);
#15446 = ORIENTED_EDGE('',*,*,#3889,.F.);
#15447 = ORIENTED_EDGE('',*,*,#15448,.F.);
#15448 = EDGE_CURVE('',#15449,#3881,#15451,.T.);
#15449 = VERTEX_POINT('',#15450);
#15450 = CARTESIAN_POINT('',(312.84044748734,171.77113822129,
    -19.09033817672));
#15451 = LINE('',#15452,#15453);
#15452 = CARTESIAN_POINT('',(312.84044748734,171.77113822129,
    -19.09033817672));
#15453 = VECTOR('',#15454,1.);
#15454 = DIRECTION('',(0.,0.,1.));
#15455 = ORIENTED_EDGE('',*,*,#15456,.T.);
#15456 = EDGE_CURVE('',#15449,#15414,#15457,.T.);
#15457 = LINE('',#15458,#15459);
#15458 = CARTESIAN_POINT('',(315.08480441083,169.5267812978,
    -19.09033817672));
#15459 = VECTOR('',#15460,1.);
#15460 = DIRECTION('',(-0.707106781187,0.707106781187,0.));
#15461 = PLANE('',#15462);
#15462 = AXIS2_PLACEMENT_3D('',#15463,#15464,#15465);
#15463 = CARTESIAN_POINT('',(315.08480441083,169.5267812978,
    -19.09033817672));
#15464 = DIRECTION('',(0.707106781187,0.707106781187,0.));
#15465 = DIRECTION('',(0.,0.,1.));
#15466 = ADVANCED_FACE('',(#15467),#15494,.F.);
#15467 = FACE_BOUND('',#15468,.F.);
#15468 = EDGE_LOOP('',(#15469,#15477,#15486,#15492,#15493));
#15469 = ORIENTED_EDGE('',*,*,#15470,.F.);
#15470 = EDGE_CURVE('',#15471,#3845,#15473,.T.);
#15471 = VERTEX_POINT('',#15472);
#15472 = CARTESIAN_POINT('',(318.76600235954,196.97242418061,
    -19.09033817672));
#15473 = LINE('',#15474,#15475);
#15474 = CARTESIAN_POINT('',(318.76600235954,196.97242418061,
    -19.09033817672));
#15475 = VECTOR('',#15476,1.);
#15476 = DIRECTION('',(0.,0.,1.));
#15477 = ORIENTED_EDGE('',*,*,#15478,.T.);
#15478 = EDGE_CURVE('',#15471,#15479,#15481,.T.);
#15479 = VERTEX_POINT('',#15480);
#15480 = CARTESIAN_POINT('',(314.27728851257,196.97242418061,
    -19.09033817672));
#15481 = CIRCLE('',#15482,3.174);
#15482 = AXIS2_PLACEMENT_3D('',#15483,#15484,#15485);
#15483 = CARTESIAN_POINT('',(316.52164543605,194.72806725712,
    -19.09033817672));
#15484 = DIRECTION('',(-0.,0.,1.));
#15485 = DIRECTION('',(0.707106781187,-0.707106781187,0.));
#15486 = ORIENTED_EDGE('',*,*,#15487,.T.);
#15487 = EDGE_CURVE('',#15479,#3916,#15488,.T.);
#15488 = LINE('',#15489,#15490);
#15489 = CARTESIAN_POINT('',(314.27728851257,196.97242418061,
    -19.09033817672));
#15490 = VECTOR('',#15491,1.);
#15491 = DIRECTION('',(0.,0.,1.));
#15492 = ORIENTED_EDGE('',*,*,#3923,.F.);
#15493 = ORIENTED_EDGE('',*,*,#3844,.F.);
#15494 = CYLINDRICAL_SURFACE('',#15495,3.174);
#15495 = AXIS2_PLACEMENT_3D('',#15496,#15497,#15498);
#15496 = CARTESIAN_POINT('',(316.52164543605,194.72806725712,
    -19.09033817672));
#15497 = DIRECTION('',(0.,0.,1.));
#15498 = DIRECTION('',(0.707106781187,0.707106781187,0.));
#15499 = ADVANCED_FACE('',(#15500),#15518,.F.);
#15500 = FACE_BOUND('',#15501,.F.);
#15501 = EDGE_LOOP('',(#15502,#15503,#15504,#15512));
#15502 = ORIENTED_EDGE('',*,*,#15470,.T.);
#15503 = ORIENTED_EDGE('',*,*,#3855,.F.);
#15504 = ORIENTED_EDGE('',*,*,#15505,.F.);
#15505 = EDGE_CURVE('',#15506,#3856,#15508,.T.);
#15506 = VERTEX_POINT('',#15507);
#15507 = CARTESIAN_POINT('',(328.4038679031,187.33455863705,
    -19.09033817672));
#15508 = LINE('',#15509,#15510);
#15509 = CARTESIAN_POINT('',(328.4038679031,187.33455863705,
    -19.09033817672));
#15510 = VECTOR('',#15511,1.);
#15511 = DIRECTION('',(0.,0.,1.));
#15512 = ORIENTED_EDGE('',*,*,#15513,.T.);
#15513 = EDGE_CURVE('',#15506,#15471,#15514,.T.);
#15514 = LINE('',#15515,#15516);
#15515 = CARTESIAN_POINT('',(330.64822482659,185.09020171356,
    -19.09033817672));
#15516 = VECTOR('',#15517,1.);
#15517 = DIRECTION('',(-0.707106781187,0.707106781187,0.));
#15518 = PLANE('',#15519);
#15519 = AXIS2_PLACEMENT_3D('',#15520,#15521,#15522);
#15520 = CARTESIAN_POINT('',(330.64822482659,185.09020171356,
    -19.09033817672));
#15521 = DIRECTION('',(0.707106781187,0.707106781187,0.));
#15522 = DIRECTION('',(0.,0.,1.));
#15523 = ADVANCED_FACE('',(#15524),#15543,.F.);
#15524 = FACE_BOUND('',#15525,.F.);
#15525 = EDGE_LOOP('',(#15526,#15534,#15541,#15542));
#15526 = ORIENTED_EDGE('',*,*,#15527,.F.);
#15527 = EDGE_CURVE('',#15528,#3864,#15530,.T.);
#15528 = VERTEX_POINT('',#15529);
#15529 = CARTESIAN_POINT('',(328.4038679031,182.84584479008,
    -19.09033817672));
#15530 = LINE('',#15531,#15532);
#15531 = CARTESIAN_POINT('',(328.4038679031,182.84584479007,
    -19.09033817672));
#15532 = VECTOR('',#15533,1.);
#15533 = DIRECTION('',(0.,0.,1.));
#15534 = ORIENTED_EDGE('',*,*,#15535,.T.);
#15535 = EDGE_CURVE('',#15528,#15506,#15536,.T.);
#15536 = CIRCLE('',#15537,3.174);
#15537 = AXIS2_PLACEMENT_3D('',#15538,#15539,#15540);
#15538 = CARTESIAN_POINT('',(326.15951097962,185.09020171356,
    -19.09033817672));
#15539 = DIRECTION('',(-0.,0.,1.));
#15540 = DIRECTION('',(0.707106781187,-0.707106781187,0.));
#15541 = ORIENTED_EDGE('',*,*,#15505,.T.);
#15542 = ORIENTED_EDGE('',*,*,#3863,.F.);
#15543 = CYLINDRICAL_SURFACE('',#15544,3.174);
#15544 = AXIS2_PLACEMENT_3D('',#15545,#15546,#15547);
#15545 = CARTESIAN_POINT('',(326.15951097962,185.09020171356,
    -19.09033817672));
#15546 = DIRECTION('',(0.,0.,1.));
#15547 = DIRECTION('',(0.707106781187,-0.707106781187,0.));
#15548 = ADVANCED_FACE('',(#15549),#15567,.T.);
#15549 = FACE_BOUND('',#15550,.T.);
#15550 = EDGE_LOOP('',(#15551,#15552,#15560,#15566));
#15551 = ORIENTED_EDGE('',*,*,#15527,.F.);
#15552 = ORIENTED_EDGE('',*,*,#15553,.F.);
#15553 = EDGE_CURVE('',#15554,#15528,#15556,.T.);
#15554 = VERTEX_POINT('',#15555);
#15555 = CARTESIAN_POINT('',(317.32916133431,171.77113822129,
    -19.09033817672));
#15556 = LINE('',#15557,#15558);
#15557 = CARTESIAN_POINT('',(315.08480441083,169.5267812978,
    -19.09033817672));
#15558 = VECTOR('',#15559,1.);
#15559 = DIRECTION('',(0.707106781187,0.707106781187,0.));
#15560 = ORIENTED_EDGE('',*,*,#15561,.T.);
#15561 = EDGE_CURVE('',#15554,#3873,#15562,.T.);
#15562 = LINE('',#15563,#15564);
#15563 = CARTESIAN_POINT('',(317.32916133431,171.77113822129,
    -19.09033817672));
#15564 = VECTOR('',#15565,1.);
#15565 = DIRECTION('',(0.,0.,1.));
#15566 = ORIENTED_EDGE('',*,*,#3872,.F.);
#15567 = PLANE('',#15568);
#15568 = AXIS2_PLACEMENT_3D('',#15569,#15570,#15571);
#15569 = CARTESIAN_POINT('',(315.08480441083,169.5267812978,
    -19.09033817672));
#15570 = DIRECTION('',(-0.707106781187,0.707106781187,0.));
#15571 = DIRECTION('',(0.,0.,1.));
#15572 = ADVANCED_FACE('',(#15573),#15585,.F.);
#15573 = FACE_BOUND('',#15574,.F.);
#15574 = EDGE_LOOP('',(#15575,#15576,#15583,#15584));
#15575 = ORIENTED_EDGE('',*,*,#15448,.F.);
#15576 = ORIENTED_EDGE('',*,*,#15577,.T.);
#15577 = EDGE_CURVE('',#15449,#15554,#15578,.T.);
#15578 = CIRCLE('',#15579,3.174);
#15579 = AXIS2_PLACEMENT_3D('',#15580,#15581,#15582);
#15580 = CARTESIAN_POINT('',(315.08480441083,174.01549514477,
    -19.09033817672));
#15581 = DIRECTION('',(-0.,0.,1.));
#15582 = DIRECTION('',(0.707106781187,-0.707106781187,0.));
#15583 = ORIENTED_EDGE('',*,*,#15561,.T.);
#15584 = ORIENTED_EDGE('',*,*,#3880,.F.);
#15585 = CYLINDRICAL_SURFACE('',#15586,3.174);
#15586 = AXIS2_PLACEMENT_3D('',#15587,#15588,#15589);
#15587 = CARTESIAN_POINT('',(315.08480441083,174.01549514477,
    -19.09033817672));
#15588 = DIRECTION('',(0.,0.,1.));
#15589 = DIRECTION('',(-0.707106781187,-0.707106781187,0.));
#15590 = ADVANCED_FACE('',(#15591),#15602,.F.);
#15591 = FACE_BOUND('',#15592,.F.);
#15592 = EDGE_LOOP('',(#15593,#15594,#15600,#15601));
#15593 = ORIENTED_EDGE('',*,*,#15487,.F.);
#15594 = ORIENTED_EDGE('',*,*,#15595,.F.);
#15595 = EDGE_CURVE('',#15422,#15479,#15596,.T.);
#15596 = LINE('',#15597,#15598);
#15597 = CARTESIAN_POINT('',(300.95822502029,183.65336068833,
    -19.09033817672));
#15598 = VECTOR('',#15599,1.);
#15599 = DIRECTION('',(0.707106781187,0.707106781187,0.));
#15600 = ORIENTED_EDGE('',*,*,#15430,.T.);
#15601 = ORIENTED_EDGE('',*,*,#3915,.F.);
#15602 = PLANE('',#15603);
#15603 = AXIS2_PLACEMENT_3D('',#15604,#15605,#15606);
#15604 = CARTESIAN_POINT('',(300.95822502029,183.65336068833,
    -19.09033817672));
#15605 = DIRECTION('',(-0.707106781187,0.707106781187,0.));
#15606 = DIRECTION('',(0.,0.,1.));
#15607 = ADVANCED_FACE('',(#15608),#15618,.T.);
#15608 = FACE_BOUND('',#15609,.T.);
#15609 = EDGE_LOOP('',(#15610,#15611,#15612,#15613,#15614,#15615,#15616,
    #15617));
#15610 = ORIENTED_EDGE('',*,*,#15513,.T.);
#15611 = ORIENTED_EDGE('',*,*,#15478,.T.);
#15612 = ORIENTED_EDGE('',*,*,#15595,.F.);
#15613 = ORIENTED_EDGE('',*,*,#15421,.F.);
#15614 = ORIENTED_EDGE('',*,*,#15456,.F.);
#15615 = ORIENTED_EDGE('',*,*,#15577,.T.);
#15616 = ORIENTED_EDGE('',*,*,#15553,.T.);
#15617 = ORIENTED_EDGE('',*,*,#15535,.T.);
#15618 = PLANE('',#15619);
#15619 = AXIS2_PLACEMENT_3D('',#15620,#15621,#15622);
#15620 = CARTESIAN_POINT('',(315.08480441083,169.5267812978,
    -19.09033817672));
#15621 = DIRECTION('',(0.,0.,1.));
#15622 = DIRECTION('',(0.707106781187,0.707106781187,0.));
#15623 = ADVANCED_FACE('',(#15624),#15651,.F.);
#15624 = FACE_BOUND('',#15625,.T.);
#15625 = EDGE_LOOP('',(#15626,#15634,#15643,#15649,#15650));
#15626 = ORIENTED_EDGE('',*,*,#15627,.F.);
#15627 = EDGE_CURVE('',#15628,#3978,#15630,.T.);
#15628 = VERTEX_POINT('',#15629);
#15629 = CARTESIAN_POINT('',(233.20258194378,48.909003764853,
    -19.09033817672));
#15630 = LINE('',#15631,#15632);
#15631 = CARTESIAN_POINT('',(233.20258194378,48.909003764853,
    -19.09033817672));
#15632 = VECTOR('',#15633,1.);
#15633 = DIRECTION('',(0.,0.,1.));
#15634 = ORIENTED_EDGE('',*,*,#15635,.T.);
#15635 = EDGE_CURVE('',#15628,#15636,#15638,.T.);
#15636 = VERTEX_POINT('',#15637);
#15637 = CARTESIAN_POINT('',(233.20258194378,53.397717611825,
    -19.09033817672));
#15638 = CIRCLE('',#15639,3.174);
#15639 = AXIS2_PLACEMENT_3D('',#15640,#15641,#15642);
#15640 = CARTESIAN_POINT('',(235.44693886727,51.153360688339,
    -19.09033817672));
#15641 = DIRECTION('',(0.,-0.,-1.));
#15642 = DIRECTION('',(0.707106781187,-0.707106781187,0.));
#15643 = ORIENTED_EDGE('',*,*,#15644,.T.);
#15644 = EDGE_CURVE('',#15636,#3995,#15645,.T.);
#15645 = LINE('',#15646,#15647);
#15646 = CARTESIAN_POINT('',(233.20258194378,53.397717611825,
    -19.09033817672));
#15647 = VECTOR('',#15648,1.);
#15648 = DIRECTION('',(0.,0.,1.));
#15649 = ORIENTED_EDGE('',*,*,#3994,.T.);
#15650 = ORIENTED_EDGE('',*,*,#3985,.T.);
#15651 = CYLINDRICAL_SURFACE('',#15652,3.174);
#15652 = AXIS2_PLACEMENT_3D('',#15653,#15654,#15655);
#15653 = CARTESIAN_POINT('',(235.44693886727,51.153360688339,
    -19.09033817672));
#15654 = DIRECTION('',(0.,0.,1.));
#15655 = DIRECTION('',(-0.707106781187,-0.707106781187,0.));
#15656 = ADVANCED_FACE('',(#15657),#15675,.T.);
#15657 = FACE_BOUND('',#15658,.T.);
#15658 = EDGE_LOOP('',(#15659,#15660,#15661,#15669));
#15659 = ORIENTED_EDGE('',*,*,#15627,.T.);
#15660 = ORIENTED_EDGE('',*,*,#3977,.F.);
#15661 = ORIENTED_EDGE('',*,*,#15662,.F.);
#15662 = EDGE_CURVE('',#15663,#3969,#15665,.T.);
#15663 = VERTEX_POINT('',#15664);
#15664 = CARTESIAN_POINT('',(242.84044748734,39.271138221292,
    -19.09033817672));
#15665 = LINE('',#15666,#15667);
#15666 = CARTESIAN_POINT('',(242.84044748734,39.271138221292,
    -19.09033817672));
#15667 = VECTOR('',#15668,1.);
#15668 = DIRECTION('',(0.,0.,1.));
#15669 = ORIENTED_EDGE('',*,*,#15670,.T.);
#15670 = EDGE_CURVE('',#15663,#15628,#15671,.T.);
#15671 = LINE('',#15672,#15673);
#15672 = CARTESIAN_POINT('',(245.08480441083,37.026781297806,
    -19.09033817672));
#15673 = VECTOR('',#15674,1.);
#15674 = DIRECTION('',(-0.707106781187,0.707106781187,0.));
#15675 = PLANE('',#15676);
#15676 = AXIS2_PLACEMENT_3D('',#15677,#15678,#15679);
#15677 = CARTESIAN_POINT('',(245.08480441083,37.026781297806,
    -19.09033817672));
#15678 = DIRECTION('',(0.707106781187,0.707106781187,0.));
#15679 = DIRECTION('',(0.,0.,1.));
#15680 = ADVANCED_FACE('',(#15681),#15708,.F.);
#15681 = FACE_BOUND('',#15682,.F.);
#15682 = EDGE_LOOP('',(#15683,#15691,#15700,#15706,#15707));
#15683 = ORIENTED_EDGE('',*,*,#15684,.F.);
#15684 = EDGE_CURVE('',#15685,#3933,#15687,.T.);
#15685 = VERTEX_POINT('',#15686);
#15686 = CARTESIAN_POINT('',(248.76600235954,64.472424180612,
    -19.09033817672));
#15687 = LINE('',#15688,#15689);
#15688 = CARTESIAN_POINT('',(248.76600235954,64.472424180612,
    -19.09033817672));
#15689 = VECTOR('',#15690,1.);
#15690 = DIRECTION('',(0.,0.,1.));
#15691 = ORIENTED_EDGE('',*,*,#15692,.T.);
#15692 = EDGE_CURVE('',#15685,#15693,#15695,.T.);
#15693 = VERTEX_POINT('',#15694);
#15694 = CARTESIAN_POINT('',(244.27728851257,64.472424180612,
    -19.09033817672));
#15695 = CIRCLE('',#15696,3.174);
#15696 = AXIS2_PLACEMENT_3D('',#15697,#15698,#15699);
#15697 = CARTESIAN_POINT('',(246.52164543605,62.228067257126,
    -19.09033817672));
#15698 = DIRECTION('',(-0.,0.,1.));
#15699 = DIRECTION('',(0.707106781187,-0.707106781187,0.));
#15700 = ORIENTED_EDGE('',*,*,#15701,.T.);
#15701 = EDGE_CURVE('',#15693,#4004,#15702,.T.);
#15702 = LINE('',#15703,#15704);
#15703 = CARTESIAN_POINT('',(244.27728851257,64.472424180612,
    -19.09033817672));
#15704 = VECTOR('',#15705,1.);
#15705 = DIRECTION('',(0.,0.,1.));
#15706 = ORIENTED_EDGE('',*,*,#4011,.F.);
#15707 = ORIENTED_EDGE('',*,*,#3932,.F.);
#15708 = CYLINDRICAL_SURFACE('',#15709,3.174);
#15709 = AXIS2_PLACEMENT_3D('',#15710,#15711,#15712);
#15710 = CARTESIAN_POINT('',(246.52164543605,62.228067257126,
    -19.09033817672));
#15711 = DIRECTION('',(0.,0.,1.));
#15712 = DIRECTION('',(0.707106781187,0.707106781187,0.));
#15713 = ADVANCED_FACE('',(#15714),#15732,.F.);
#15714 = FACE_BOUND('',#15715,.F.);
#15715 = EDGE_LOOP('',(#15716,#15717,#15718,#15726));
#15716 = ORIENTED_EDGE('',*,*,#15684,.T.);
#15717 = ORIENTED_EDGE('',*,*,#3943,.F.);
#15718 = ORIENTED_EDGE('',*,*,#15719,.F.);
#15719 = EDGE_CURVE('',#15720,#3944,#15722,.T.);
#15720 = VERTEX_POINT('',#15721);
#15721 = CARTESIAN_POINT('',(258.4038679031,54.834558637052,
    -19.09033817672));
#15722 = LINE('',#15723,#15724);
#15723 = CARTESIAN_POINT('',(258.4038679031,54.834558637052,
    -19.09033817672));
#15724 = VECTOR('',#15725,1.);
#15725 = DIRECTION('',(0.,0.,1.));
#15726 = ORIENTED_EDGE('',*,*,#15727,.T.);
#15727 = EDGE_CURVE('',#15720,#15685,#15728,.T.);
#15728 = LINE('',#15729,#15730);
#15729 = CARTESIAN_POINT('',(260.64822482659,52.590201713566,
    -19.09033817672));
#15730 = VECTOR('',#15731,1.);
#15731 = DIRECTION('',(-0.707106781187,0.707106781187,0.));
#15732 = PLANE('',#15733);
#15733 = AXIS2_PLACEMENT_3D('',#15734,#15735,#15736);
#15734 = CARTESIAN_POINT('',(260.64822482659,52.590201713566,
    -19.09033817672));
#15735 = DIRECTION('',(0.707106781187,0.707106781187,0.));
#15736 = DIRECTION('',(0.,0.,1.));
#15737 = ADVANCED_FACE('',(#15738),#15757,.F.);
#15738 = FACE_BOUND('',#15739,.F.);
#15739 = EDGE_LOOP('',(#15740,#15748,#15755,#15756));
#15740 = ORIENTED_EDGE('',*,*,#15741,.F.);
#15741 = EDGE_CURVE('',#15742,#3952,#15744,.T.);
#15742 = VERTEX_POINT('',#15743);
#15743 = CARTESIAN_POINT('',(258.4038679031,50.34584479008,
    -19.09033817672));
#15744 = LINE('',#15745,#15746);
#15745 = CARTESIAN_POINT('',(258.4038679031,50.34584479008,
    -19.09033817672));
#15746 = VECTOR('',#15747,1.);
#15747 = DIRECTION('',(0.,0.,1.));
#15748 = ORIENTED_EDGE('',*,*,#15749,.T.);
#15749 = EDGE_CURVE('',#15742,#15720,#15750,.T.);
#15750 = CIRCLE('',#15751,3.174);
#15751 = AXIS2_PLACEMENT_3D('',#15752,#15753,#15754);
#15752 = CARTESIAN_POINT('',(256.15951097962,52.590201713566,
    -19.09033817672));
#15753 = DIRECTION('',(-0.,0.,1.));
#15754 = DIRECTION('',(0.707106781187,-0.707106781187,0.));
#15755 = ORIENTED_EDGE('',*,*,#15719,.T.);
#15756 = ORIENTED_EDGE('',*,*,#3951,.F.);
#15757 = CYLINDRICAL_SURFACE('',#15758,3.174);
#15758 = AXIS2_PLACEMENT_3D('',#15759,#15760,#15761);
#15759 = CARTESIAN_POINT('',(256.15951097962,52.590201713566,
    -19.09033817672));
#15760 = DIRECTION('',(0.,0.,1.));
#15761 = DIRECTION('',(0.707106781187,-0.707106781187,0.));
#15762 = ADVANCED_FACE('',(#15763),#15781,.T.);
#15763 = FACE_BOUND('',#15764,.T.);
#15764 = EDGE_LOOP('',(#15765,#15766,#15774,#15780));
#15765 = ORIENTED_EDGE('',*,*,#15741,.F.);
#15766 = ORIENTED_EDGE('',*,*,#15767,.F.);
#15767 = EDGE_CURVE('',#15768,#15742,#15770,.T.);
#15768 = VERTEX_POINT('',#15769);
#15769 = CARTESIAN_POINT('',(247.32916133431,39.271138221292,
    -19.09033817672));
#15770 = LINE('',#15771,#15772);
#15771 = CARTESIAN_POINT('',(245.08480441083,37.026781297806,
    -19.09033817672));
#15772 = VECTOR('',#15773,1.);
#15773 = DIRECTION('',(0.707106781187,0.707106781187,0.));
#15774 = ORIENTED_EDGE('',*,*,#15775,.T.);
#15775 = EDGE_CURVE('',#15768,#3961,#15776,.T.);
#15776 = LINE('',#15777,#15778);
#15777 = CARTESIAN_POINT('',(247.32916133431,39.271138221292,
    -19.09033817672));
#15778 = VECTOR('',#15779,1.);
#15779 = DIRECTION('',(0.,0.,1.));
#15780 = ORIENTED_EDGE('',*,*,#3960,.F.);
#15781 = PLANE('',#15782);
#15782 = AXIS2_PLACEMENT_3D('',#15783,#15784,#15785);
#15783 = CARTESIAN_POINT('',(245.08480441083,37.026781297806,
    -19.09033817672));
#15784 = DIRECTION('',(-0.707106781187,0.707106781187,0.));
#15785 = DIRECTION('',(0.,0.,1.));
#15786 = ADVANCED_FACE('',(#15787),#15799,.F.);
#15787 = FACE_BOUND('',#15788,.F.);
#15788 = EDGE_LOOP('',(#15789,#15790,#15797,#15798));
#15789 = ORIENTED_EDGE('',*,*,#15662,.F.);
#15790 = ORIENTED_EDGE('',*,*,#15791,.T.);
#15791 = EDGE_CURVE('',#15663,#15768,#15792,.T.);
#15792 = CIRCLE('',#15793,3.174);
#15793 = AXIS2_PLACEMENT_3D('',#15794,#15795,#15796);
#15794 = CARTESIAN_POINT('',(245.08480441083,41.515495144778,
    -19.09033817672));
#15795 = DIRECTION('',(-0.,0.,1.));
#15796 = DIRECTION('',(0.707106781187,-0.707106781187,0.));
#15797 = ORIENTED_EDGE('',*,*,#15775,.T.);
#15798 = ORIENTED_EDGE('',*,*,#3968,.F.);
#15799 = CYLINDRICAL_SURFACE('',#15800,3.174);
#15800 = AXIS2_PLACEMENT_3D('',#15801,#15802,#15803);
#15801 = CARTESIAN_POINT('',(245.08480441083,41.515495144778,
    -19.09033817672));
#15802 = DIRECTION('',(0.,0.,1.));
#15803 = DIRECTION('',(-0.707106781187,-0.707106781187,0.));
#15804 = ADVANCED_FACE('',(#15805),#15816,.F.);
#15805 = FACE_BOUND('',#15806,.F.);
#15806 = EDGE_LOOP('',(#15807,#15808,#15814,#15815));
#15807 = ORIENTED_EDGE('',*,*,#15701,.F.);
#15808 = ORIENTED_EDGE('',*,*,#15809,.F.);
#15809 = EDGE_CURVE('',#15636,#15693,#15810,.T.);
#15810 = LINE('',#15811,#15812);
#15811 = CARTESIAN_POINT('',(230.95822502029,51.153360688339,
    -19.09033817672));
#15812 = VECTOR('',#15813,1.);
#15813 = DIRECTION('',(0.707106781187,0.707106781187,0.));
#15814 = ORIENTED_EDGE('',*,*,#15644,.T.);
#15815 = ORIENTED_EDGE('',*,*,#4003,.F.);
#15816 = PLANE('',#15817);
#15817 = AXIS2_PLACEMENT_3D('',#15818,#15819,#15820);
#15818 = CARTESIAN_POINT('',(230.95822502029,51.153360688339,
    -19.09033817672));
#15819 = DIRECTION('',(-0.707106781187,0.707106781187,0.));
#15820 = DIRECTION('',(0.,0.,1.));
#15821 = ADVANCED_FACE('',(#15822),#15832,.T.);
#15822 = FACE_BOUND('',#15823,.T.);
#15823 = EDGE_LOOP('',(#15824,#15825,#15826,#15827,#15828,#15829,#15830,
    #15831));
#15824 = ORIENTED_EDGE('',*,*,#15727,.T.);
#15825 = ORIENTED_EDGE('',*,*,#15692,.T.);
#15826 = ORIENTED_EDGE('',*,*,#15809,.F.);
#15827 = ORIENTED_EDGE('',*,*,#15635,.F.);
#15828 = ORIENTED_EDGE('',*,*,#15670,.F.);
#15829 = ORIENTED_EDGE('',*,*,#15791,.T.);
#15830 = ORIENTED_EDGE('',*,*,#15767,.T.);
#15831 = ORIENTED_EDGE('',*,*,#15749,.T.);
#15832 = PLANE('',#15833);
#15833 = AXIS2_PLACEMENT_3D('',#15834,#15835,#15836);
#15834 = CARTESIAN_POINT('',(245.08480441083,37.026781297806,
    -19.09033817672));
#15835 = DIRECTION('',(0.,0.,1.));
#15836 = DIRECTION('',(0.707106781187,0.707106781187,0.));
#15837 = ADVANCED_FACE('',(#15838),#15865,.F.);
#15838 = FACE_BOUND('',#15839,.T.);
#15839 = EDGE_LOOP('',(#15840,#15848,#15857,#15863,#15864));
#15840 = ORIENTED_EDGE('',*,*,#15841,.F.);
#15841 = EDGE_CURVE('',#15842,#4066,#15844,.T.);
#15842 = VERTEX_POINT('',#15843);
#15843 = CARTESIAN_POINT('',(277.90900376485,162.29741805621,
    -19.09033817672));
#15844 = LINE('',#15845,#15846);
#15845 = CARTESIAN_POINT('',(277.90900376485,162.29741805621,
    -19.09033817672));
#15846 = VECTOR('',#15847,1.);
#15847 = DIRECTION('',(0.,0.,1.));
#15848 = ORIENTED_EDGE('',*,*,#15849,.T.);
#15849 = EDGE_CURVE('',#15842,#15850,#15852,.T.);
#15850 = VERTEX_POINT('',#15851);
#15851 = CARTESIAN_POINT('',(282.39771761182,162.29741805621,
    -19.09033817672));
#15852 = CIRCLE('',#15853,3.174);
#15853 = AXIS2_PLACEMENT_3D('',#15854,#15855,#15856);
#15854 = CARTESIAN_POINT('',(280.15336068833,160.05306113272,
    -19.09033817672));
#15855 = DIRECTION('',(-0.,0.,-1.));
#15856 = DIRECTION('',(-0.707106781187,-0.707106781187,0.));
#15857 = ORIENTED_EDGE('',*,*,#15858,.T.);
#15858 = EDGE_CURVE('',#15850,#4083,#15859,.T.);
#15859 = LINE('',#15860,#15861);
#15860 = CARTESIAN_POINT('',(282.39771761182,162.29741805621,
    -19.09033817672));
#15861 = VECTOR('',#15862,1.);
#15862 = DIRECTION('',(0.,0.,1.));
#15863 = ORIENTED_EDGE('',*,*,#4082,.T.);
#15864 = ORIENTED_EDGE('',*,*,#4073,.T.);
#15865 = CYLINDRICAL_SURFACE('',#15866,3.174);
#15866 = AXIS2_PLACEMENT_3D('',#15867,#15868,#15869);
#15867 = CARTESIAN_POINT('',(280.15336068833,160.05306113272,
    -19.09033817672));
#15868 = DIRECTION('',(0.,0.,1.));
#15869 = DIRECTION('',(-0.707106781187,0.707106781187,0.));
#15870 = ADVANCED_FACE('',(#15871),#15889,.T.);
#15871 = FACE_BOUND('',#15872,.T.);
#15872 = EDGE_LOOP('',(#15873,#15874,#15875,#15883));
#15873 = ORIENTED_EDGE('',*,*,#15841,.T.);
#15874 = ORIENTED_EDGE('',*,*,#4065,.F.);
#15875 = ORIENTED_EDGE('',*,*,#15876,.F.);
#15876 = EDGE_CURVE('',#15877,#4057,#15879,.T.);
#15877 = VERTEX_POINT('',#15878);
#15878 = CARTESIAN_POINT('',(268.27113822129,152.65955251265,
    -19.09033817672));
#15879 = LINE('',#15880,#15881);
#15880 = CARTESIAN_POINT('',(268.27113822129,152.65955251265,
    -19.09033817672));
#15881 = VECTOR('',#15882,1.);
#15882 = DIRECTION('',(0.,0.,1.));
#15883 = ORIENTED_EDGE('',*,*,#15884,.T.);
#15884 = EDGE_CURVE('',#15877,#15842,#15885,.T.);
#15885 = LINE('',#15886,#15887);
#15886 = CARTESIAN_POINT('',(266.0267812978,150.41519558916,
    -19.09033817672));
#15887 = VECTOR('',#15888,1.);
#15888 = DIRECTION('',(0.707106781187,0.707106781187,0.));
#15889 = PLANE('',#15890);
#15890 = AXIS2_PLACEMENT_3D('',#15891,#15892,#15893);
#15891 = CARTESIAN_POINT('',(266.0267812978,150.41519558916,
    -19.09033817672));
#15892 = DIRECTION('',(0.707106781187,-0.707106781187,0.));
#15893 = DIRECTION('',(0.,0.,1.));
#15894 = ADVANCED_FACE('',(#15895),#15922,.F.);
#15895 = FACE_BOUND('',#15896,.F.);
#15896 = EDGE_LOOP('',(#15897,#15905,#15914,#15920,#15921));
#15897 = ORIENTED_EDGE('',*,*,#15898,.F.);
#15898 = EDGE_CURVE('',#15899,#4021,#15901,.T.);
#15899 = VERTEX_POINT('',#15900);
#15900 = CARTESIAN_POINT('',(293.47242418061,146.73399764045,
    -19.09033817672));
#15901 = LINE('',#15902,#15903);
#15902 = CARTESIAN_POINT('',(293.47242418061,146.73399764045,
    -19.09033817672));
#15903 = VECTOR('',#15904,1.);
#15904 = DIRECTION('',(0.,0.,1.));
#15905 = ORIENTED_EDGE('',*,*,#15906,.T.);
#15906 = EDGE_CURVE('',#15899,#15907,#15909,.T.);
#15907 = VERTEX_POINT('',#15908);
#15908 = CARTESIAN_POINT('',(293.47242418061,151.22271148742,
    -19.09033817672));
#15909 = CIRCLE('',#15910,3.174);
#15910 = AXIS2_PLACEMENT_3D('',#15911,#15912,#15913);
#15911 = CARTESIAN_POINT('',(291.22806725712,148.97835456394,
    -19.09033817672));
#15912 = DIRECTION('',(0.,0.,1.));
#15913 = DIRECTION('',(-0.707106781187,-0.707106781187,0.));
#15914 = ORIENTED_EDGE('',*,*,#15915,.T.);
#15915 = EDGE_CURVE('',#15907,#4092,#15916,.T.);
#15916 = LINE('',#15917,#15918);
#15917 = CARTESIAN_POINT('',(293.47242418061,151.22271148742,
    -19.09033817672));
#15918 = VECTOR('',#15919,1.);
#15919 = DIRECTION('',(0.,0.,1.));
#15920 = ORIENTED_EDGE('',*,*,#4099,.F.);
#15921 = ORIENTED_EDGE('',*,*,#4020,.F.);
#15922 = CYLINDRICAL_SURFACE('',#15923,3.174);
#15923 = AXIS2_PLACEMENT_3D('',#15924,#15925,#15926);
#15924 = CARTESIAN_POINT('',(291.22806725712,148.97835456394,
    -19.09033817672));
#15925 = DIRECTION('',(0.,0.,1.));
#15926 = DIRECTION('',(0.707106781187,-0.707106781187,0.));
#15927 = ADVANCED_FACE('',(#15928),#15946,.F.);
#15928 = FACE_BOUND('',#15929,.F.);
#15929 = EDGE_LOOP('',(#15930,#15931,#15932,#15940));
#15930 = ORIENTED_EDGE('',*,*,#15898,.T.);
#15931 = ORIENTED_EDGE('',*,*,#4031,.F.);
#15932 = ORIENTED_EDGE('',*,*,#15933,.F.);
#15933 = EDGE_CURVE('',#15934,#4032,#15936,.T.);
#15934 = VERTEX_POINT('',#15935);
#15935 = CARTESIAN_POINT('',(283.83455863705,137.09613209689,
    -19.09033817672));
#15936 = LINE('',#15937,#15938);
#15937 = CARTESIAN_POINT('',(283.83455863705,137.09613209689,
    -19.09033817672));
#15938 = VECTOR('',#15939,1.);
#15939 = DIRECTION('',(0.,0.,1.));
#15940 = ORIENTED_EDGE('',*,*,#15941,.T.);
#15941 = EDGE_CURVE('',#15934,#15899,#15942,.T.);
#15942 = LINE('',#15943,#15944);
#15943 = CARTESIAN_POINT('',(281.59020171356,134.8517751734,
    -19.09033817672));
#15944 = VECTOR('',#15945,1.);
#15945 = DIRECTION('',(0.707106781187,0.707106781187,0.));
#15946 = PLANE('',#15947);
#15947 = AXIS2_PLACEMENT_3D('',#15948,#15949,#15950);
#15948 = CARTESIAN_POINT('',(281.59020171356,134.8517751734,
    -19.09033817672));
#15949 = DIRECTION('',(0.707106781187,-0.707106781187,0.));
#15950 = DIRECTION('',(0.,0.,1.));
#15951 = ADVANCED_FACE('',(#15952),#15971,.F.);
#15952 = FACE_BOUND('',#15953,.F.);
#15953 = EDGE_LOOP('',(#15954,#15962,#15969,#15970));
#15954 = ORIENTED_EDGE('',*,*,#15955,.F.);
#15955 = EDGE_CURVE('',#15956,#4040,#15958,.T.);
#15956 = VERTEX_POINT('',#15957);
#15957 = CARTESIAN_POINT('',(279.34584479008,137.09613209689,
    -19.09033817672));
#15958 = LINE('',#15959,#15960);
#15959 = CARTESIAN_POINT('',(279.34584479008,137.09613209689,
    -19.09033817672));
#15960 = VECTOR('',#15961,1.);
#15961 = DIRECTION('',(0.,0.,1.));
#15962 = ORIENTED_EDGE('',*,*,#15963,.T.);
#15963 = EDGE_CURVE('',#15956,#15934,#15964,.T.);
#15964 = CIRCLE('',#15965,3.174);
#15965 = AXIS2_PLACEMENT_3D('',#15966,#15967,#15968);
#15966 = CARTESIAN_POINT('',(281.59020171356,139.34048902038,
    -19.09033817672));
#15967 = DIRECTION('',(0.,0.,1.));
#15968 = DIRECTION('',(-0.707106781187,-0.707106781187,0.));
#15969 = ORIENTED_EDGE('',*,*,#15933,.T.);
#15970 = ORIENTED_EDGE('',*,*,#4039,.F.);
#15971 = CYLINDRICAL_SURFACE('',#15972,3.174);
#15972 = AXIS2_PLACEMENT_3D('',#15973,#15974,#15975);
#15973 = CARTESIAN_POINT('',(281.59020171356,139.34048902038,
    -19.09033817672));
#15974 = DIRECTION('',(0.,0.,1.));
#15975 = DIRECTION('',(-0.707106781187,-0.707106781187,0.));
#15976 = ADVANCED_FACE('',(#15977),#15995,.T.);
#15977 = FACE_BOUND('',#15978,.T.);
#15978 = EDGE_LOOP('',(#15979,#15980,#15988,#15994));
#15979 = ORIENTED_EDGE('',*,*,#15955,.F.);
#15980 = ORIENTED_EDGE('',*,*,#15981,.F.);
#15981 = EDGE_CURVE('',#15982,#15956,#15984,.T.);
#15982 = VERTEX_POINT('',#15983);
#15983 = CARTESIAN_POINT('',(268.27113822129,148.17083866568,
    -19.09033817672));
#15984 = LINE('',#15985,#15986);
#15985 = CARTESIAN_POINT('',(266.0267812978,150.41519558916,
    -19.09033817672));
#15986 = VECTOR('',#15987,1.);
#15987 = DIRECTION('',(0.707106781187,-0.707106781187,0.));
#15988 = ORIENTED_EDGE('',*,*,#15989,.T.);
#15989 = EDGE_CURVE('',#15982,#4049,#15990,.T.);
#15990 = LINE('',#15991,#15992);
#15991 = CARTESIAN_POINT('',(268.27113822129,148.17083866568,
    -19.09033817672));
#15992 = VECTOR('',#15993,1.);
#15993 = DIRECTION('',(0.,0.,1.));
#15994 = ORIENTED_EDGE('',*,*,#4048,.F.);
#15995 = PLANE('',#15996);
#15996 = AXIS2_PLACEMENT_3D('',#15997,#15998,#15999);
#15997 = CARTESIAN_POINT('',(266.0267812978,150.41519558916,
    -19.09033817672));
#15998 = DIRECTION('',(0.707106781187,0.707106781187,0.));
#15999 = DIRECTION('',(0.,0.,1.));
#16000 = ADVANCED_FACE('',(#16001),#16013,.F.);
#16001 = FACE_BOUND('',#16002,.F.);
#16002 = EDGE_LOOP('',(#16003,#16004,#16011,#16012));
#16003 = ORIENTED_EDGE('',*,*,#15876,.F.);
#16004 = ORIENTED_EDGE('',*,*,#16005,.T.);
#16005 = EDGE_CURVE('',#15877,#15982,#16006,.T.);
#16006 = CIRCLE('',#16007,3.174);
#16007 = AXIS2_PLACEMENT_3D('',#16008,#16009,#16010);
#16008 = CARTESIAN_POINT('',(270.51549514477,150.41519558916,
    -19.09033817672));
#16009 = DIRECTION('',(0.,0.,1.));
#16010 = DIRECTION('',(-0.707106781187,-0.707106781187,0.));
#16011 = ORIENTED_EDGE('',*,*,#15989,.T.);
#16012 = ORIENTED_EDGE('',*,*,#4056,.F.);
#16013 = CYLINDRICAL_SURFACE('',#16014,3.174);
#16014 = AXIS2_PLACEMENT_3D('',#16015,#16016,#16017);
#16015 = CARTESIAN_POINT('',(270.51549514477,150.41519558916,
    -19.09033817672));
#16016 = DIRECTION('',(0.,0.,1.));
#16017 = DIRECTION('',(-0.707106781187,0.707106781187,0.));
#16018 = ADVANCED_FACE('',(#16019),#16030,.F.);
#16019 = FACE_BOUND('',#16020,.F.);
#16020 = EDGE_LOOP('',(#16021,#16022,#16028,#16029));
#16021 = ORIENTED_EDGE('',*,*,#15915,.F.);
#16022 = ORIENTED_EDGE('',*,*,#16023,.F.);
#16023 = EDGE_CURVE('',#15850,#15907,#16024,.T.);
#16024 = LINE('',#16025,#16026);
#16025 = CARTESIAN_POINT('',(280.15336068833,164.5417749797,
    -19.09033817672));
#16026 = VECTOR('',#16027,1.);
#16027 = DIRECTION('',(0.707106781187,-0.707106781187,0.));
#16028 = ORIENTED_EDGE('',*,*,#15858,.T.);
#16029 = ORIENTED_EDGE('',*,*,#4091,.F.);
#16030 = PLANE('',#16031);
#16031 = AXIS2_PLACEMENT_3D('',#16032,#16033,#16034);
#16032 = CARTESIAN_POINT('',(280.15336068833,164.5417749797,
    -19.09033817672));
#16033 = DIRECTION('',(0.707106781187,0.707106781187,0.));
#16034 = DIRECTION('',(0.,0.,1.));
#16035 = ADVANCED_FACE('',(#16036),#16046,.T.);
#16036 = FACE_BOUND('',#16037,.T.);
#16037 = EDGE_LOOP('',(#16038,#16039,#16040,#16041,#16042,#16043,#16044,
    #16045));
#16038 = ORIENTED_EDGE('',*,*,#15941,.T.);
#16039 = ORIENTED_EDGE('',*,*,#15906,.T.);
#16040 = ORIENTED_EDGE('',*,*,#16023,.F.);
#16041 = ORIENTED_EDGE('',*,*,#15849,.F.);
#16042 = ORIENTED_EDGE('',*,*,#15884,.F.);
#16043 = ORIENTED_EDGE('',*,*,#16005,.T.);
#16044 = ORIENTED_EDGE('',*,*,#15981,.T.);
#16045 = ORIENTED_EDGE('',*,*,#15963,.T.);
#16046 = PLANE('',#16047);
#16047 = AXIS2_PLACEMENT_3D('',#16048,#16049,#16050);
#16048 = CARTESIAN_POINT('',(266.0267812978,150.41519558916,
    -19.09033817672));
#16049 = DIRECTION('',(0.,0.,1.));
#16050 = DIRECTION('',(0.707106781187,-0.707106781187,0.));
#16051 = ADVANCED_FACE('',(#16052),#16079,.F.);
#16052 = FACE_BOUND('',#16053,.T.);
#16053 = EDGE_LOOP('',(#16054,#16062,#16071,#16077,#16078));
#16054 = ORIENTED_EDGE('',*,*,#16055,.F.);
#16055 = EDGE_CURVE('',#16056,#4154,#16058,.T.);
#16056 = VERTEX_POINT('',#16057);
#16057 = CARTESIAN_POINT('',(326.09099623514,244.70258194378,
    -19.09033817672));
#16058 = LINE('',#16059,#16060);
#16059 = CARTESIAN_POINT('',(326.09099623514,244.70258194378,
    -19.09033817672));
#16060 = VECTOR('',#16061,1.);
#16061 = DIRECTION('',(0.,0.,1.));
#16062 = ORIENTED_EDGE('',*,*,#16063,.T.);
#16063 = EDGE_CURVE('',#16056,#16064,#16066,.T.);
#16064 = VERTEX_POINT('',#16065);
#16065 = CARTESIAN_POINT('',(321.60228238817,244.70258194378,
    -19.09033817672));
#16066 = CIRCLE('',#16067,3.174);
#16067 = AXIS2_PLACEMENT_3D('',#16068,#16069,#16070);
#16068 = CARTESIAN_POINT('',(323.84663931166,246.94693886727,
    -19.09033817672));
#16069 = DIRECTION('',(0.,0.,-1.));
#16070 = DIRECTION('',(0.707106781187,0.707106781187,0.));
#16071 = ORIENTED_EDGE('',*,*,#16072,.T.);
#16072 = EDGE_CURVE('',#16064,#4171,#16073,.T.);
#16073 = LINE('',#16074,#16075);
#16074 = CARTESIAN_POINT('',(321.60228238817,244.70258194378,
    -19.09033817672));
#16075 = VECTOR('',#16076,1.);
#16076 = DIRECTION('',(0.,0.,1.));
#16077 = ORIENTED_EDGE('',*,*,#4170,.T.);
#16078 = ORIENTED_EDGE('',*,*,#4161,.T.);
#16079 = CYLINDRICAL_SURFACE('',#16080,3.174);
#16080 = AXIS2_PLACEMENT_3D('',#16081,#16082,#16083);
#16081 = CARTESIAN_POINT('',(323.84663931166,246.94693886727,
    -19.09033817672));
#16082 = DIRECTION('',(0.,0.,1.));
#16083 = DIRECTION('',(0.707106781187,-0.707106781187,0.));
#16084 = ADVANCED_FACE('',(#16085),#16103,.T.);
#16085 = FACE_BOUND('',#16086,.T.);
#16086 = EDGE_LOOP('',(#16087,#16088,#16089,#16097));
#16087 = ORIENTED_EDGE('',*,*,#16055,.T.);
#16088 = ORIENTED_EDGE('',*,*,#4153,.F.);
#16089 = ORIENTED_EDGE('',*,*,#16090,.F.);
#16090 = EDGE_CURVE('',#16091,#4145,#16093,.T.);
#16091 = VERTEX_POINT('',#16092);
#16092 = CARTESIAN_POINT('',(335.7288617787,254.34044748734,
    -19.09033817672));
#16093 = LINE('',#16094,#16095);
#16094 = CARTESIAN_POINT('',(335.7288617787,254.34044748734,
    -19.09033817672));
#16095 = VECTOR('',#16096,1.);
#16096 = DIRECTION('',(0.,0.,1.));
#16097 = ORIENTED_EDGE('',*,*,#16098,.T.);
#16098 = EDGE_CURVE('',#16091,#16056,#16099,.T.);
#16099 = LINE('',#16100,#16101);
#16100 = CARTESIAN_POINT('',(337.97321870219,256.58480441083,
    -19.09033817672));
#16101 = VECTOR('',#16102,1.);
#16102 = DIRECTION('',(-0.707106781187,-0.707106781187,0.));
#16103 = PLANE('',#16104);
#16104 = AXIS2_PLACEMENT_3D('',#16105,#16106,#16107);
#16105 = CARTESIAN_POINT('',(337.97321870219,256.58480441083,
    -19.09033817672));
#16106 = DIRECTION('',(-0.707106781187,0.707106781187,0.));
#16107 = DIRECTION('',(0.,0.,1.));
#16108 = ADVANCED_FACE('',(#16109),#16136,.F.);
#16109 = FACE_BOUND('',#16110,.F.);
#16110 = EDGE_LOOP('',(#16111,#16119,#16128,#16134,#16135));
#16111 = ORIENTED_EDGE('',*,*,#16112,.F.);
#16112 = EDGE_CURVE('',#16113,#4109,#16115,.T.);
#16113 = VERTEX_POINT('',#16114);
#16114 = CARTESIAN_POINT('',(310.52757581938,260.26600235954,
    -19.09033817672));
#16115 = LINE('',#16116,#16117);
#16116 = CARTESIAN_POINT('',(310.52757581938,260.26600235954,
    -19.09033817672));
#16117 = VECTOR('',#16118,1.);
#16118 = DIRECTION('',(0.,0.,1.));
#16119 = ORIENTED_EDGE('',*,*,#16120,.T.);
#16120 = EDGE_CURVE('',#16113,#16121,#16123,.T.);
#16121 = VERTEX_POINT('',#16122);
#16122 = CARTESIAN_POINT('',(310.52757581938,255.77728851257,
    -19.09033817672));
#16123 = CIRCLE('',#16124,3.174);
#16124 = AXIS2_PLACEMENT_3D('',#16125,#16126,#16127);
#16125 = CARTESIAN_POINT('',(312.77193274287,258.02164543605,
    -19.09033817672));
#16126 = DIRECTION('',(0.,-0.,1.));
#16127 = DIRECTION('',(0.707106781187,0.707106781187,0.));
#16128 = ORIENTED_EDGE('',*,*,#16129,.T.);
#16129 = EDGE_CURVE('',#16121,#4180,#16130,.T.);
#16130 = LINE('',#16131,#16132);
#16131 = CARTESIAN_POINT('',(310.52757581938,255.77728851257,
    -19.09033817672));
#16132 = VECTOR('',#16133,1.);
#16133 = DIRECTION('',(0.,0.,1.));
#16134 = ORIENTED_EDGE('',*,*,#4187,.F.);
#16135 = ORIENTED_EDGE('',*,*,#4108,.F.);
#16136 = CYLINDRICAL_SURFACE('',#16137,3.174);
#16137 = AXIS2_PLACEMENT_3D('',#16138,#16139,#16140);
#16138 = CARTESIAN_POINT('',(312.77193274287,258.02164543605,
    -19.09033817672));
#16139 = DIRECTION('',(0.,0.,1.));
#16140 = DIRECTION('',(-0.707106781187,0.707106781187,0.));
#16141 = ADVANCED_FACE('',(#16142),#16160,.F.);
#16142 = FACE_BOUND('',#16143,.F.);
#16143 = EDGE_LOOP('',(#16144,#16145,#16146,#16154));
#16144 = ORIENTED_EDGE('',*,*,#16112,.T.);
#16145 = ORIENTED_EDGE('',*,*,#4119,.F.);
#16146 = ORIENTED_EDGE('',*,*,#16147,.F.);
#16147 = EDGE_CURVE('',#16148,#4120,#16150,.T.);
#16148 = VERTEX_POINT('',#16149);
#16149 = CARTESIAN_POINT('',(320.16544136294,269.9038679031,
    -19.09033817672));
#16150 = LINE('',#16151,#16152);
#16151 = CARTESIAN_POINT('',(320.16544136294,269.9038679031,
    -19.09033817672));
#16152 = VECTOR('',#16153,1.);
#16153 = DIRECTION('',(0.,0.,1.));
#16154 = ORIENTED_EDGE('',*,*,#16155,.T.);
#16155 = EDGE_CURVE('',#16148,#16113,#16156,.T.);
#16156 = LINE('',#16157,#16158);
#16157 = CARTESIAN_POINT('',(322.40979828643,272.14822482659,
    -19.09033817672));
#16158 = VECTOR('',#16159,1.);
#16159 = DIRECTION('',(-0.707106781187,-0.707106781187,0.));
#16160 = PLANE('',#16161);
#16161 = AXIS2_PLACEMENT_3D('',#16162,#16163,#16164);
#16162 = CARTESIAN_POINT('',(322.40979828643,272.14822482659,
    -19.09033817672));
#16163 = DIRECTION('',(-0.707106781187,0.707106781187,0.));
#16164 = DIRECTION('',(0.,0.,1.));
#16165 = ADVANCED_FACE('',(#16166),#16185,.F.);
#16166 = FACE_BOUND('',#16167,.F.);
#16167 = EDGE_LOOP('',(#16168,#16176,#16183,#16184));
#16168 = ORIENTED_EDGE('',*,*,#16169,.F.);
#16169 = EDGE_CURVE('',#16170,#4128,#16172,.T.);
#16170 = VERTEX_POINT('',#16171);
#16171 = CARTESIAN_POINT('',(324.65415520992,269.9038679031,
    -19.09033817672));
#16172 = LINE('',#16173,#16174);
#16173 = CARTESIAN_POINT('',(324.65415520992,269.9038679031,
    -19.09033817672));
#16174 = VECTOR('',#16175,1.);
#16175 = DIRECTION('',(0.,0.,1.));
#16176 = ORIENTED_EDGE('',*,*,#16177,.T.);
#16177 = EDGE_CURVE('',#16170,#16148,#16178,.T.);
#16178 = CIRCLE('',#16179,3.174);
#16179 = AXIS2_PLACEMENT_3D('',#16180,#16181,#16182);
#16180 = CARTESIAN_POINT('',(322.40979828643,267.65951097962,
    -19.09033817672));
#16181 = DIRECTION('',(0.,-0.,1.));
#16182 = DIRECTION('',(0.707106781187,0.707106781187,0.));
#16183 = ORIENTED_EDGE('',*,*,#16147,.T.);
#16184 = ORIENTED_EDGE('',*,*,#4127,.F.);
#16185 = CYLINDRICAL_SURFACE('',#16186,3.174);
#16186 = AXIS2_PLACEMENT_3D('',#16187,#16188,#16189);
#16187 = CARTESIAN_POINT('',(322.40979828643,267.65951097962,
    -19.09033817672));
#16188 = DIRECTION('',(0.,0.,1.));
#16189 = DIRECTION('',(0.707106781187,0.707106781187,0.));
#16190 = ADVANCED_FACE('',(#16191),#16209,.T.);
#16191 = FACE_BOUND('',#16192,.T.);
#16192 = EDGE_LOOP('',(#16193,#16194,#16202,#16208));
#16193 = ORIENTED_EDGE('',*,*,#16169,.F.);
#16194 = ORIENTED_EDGE('',*,*,#16195,.F.);
#16195 = EDGE_CURVE('',#16196,#16170,#16198,.T.);
#16196 = VERTEX_POINT('',#16197);
#16197 = CARTESIAN_POINT('',(335.7288617787,258.82916133431,
    -19.09033817672));
#16198 = LINE('',#16199,#16200);
#16199 = CARTESIAN_POINT('',(337.97321870219,256.58480441083,
    -19.09033817672));
#16200 = VECTOR('',#16201,1.);
#16201 = DIRECTION('',(-0.707106781187,0.707106781187,0.));
#16202 = ORIENTED_EDGE('',*,*,#16203,.T.);
#16203 = EDGE_CURVE('',#16196,#4137,#16204,.T.);
#16204 = LINE('',#16205,#16206);
#16205 = CARTESIAN_POINT('',(335.7288617787,258.82916133431,
    -19.09033817672));
#16206 = VECTOR('',#16207,1.);
#16207 = DIRECTION('',(0.,0.,1.));
#16208 = ORIENTED_EDGE('',*,*,#4136,.F.);
#16209 = PLANE('',#16210);
#16210 = AXIS2_PLACEMENT_3D('',#16211,#16212,#16213);
#16211 = CARTESIAN_POINT('',(337.97321870219,256.58480441083,
    -19.09033817672));
#16212 = DIRECTION('',(-0.707106781187,-0.707106781187,0.));
#16213 = DIRECTION('',(0.,0.,1.));
#16214 = ADVANCED_FACE('',(#16215),#16227,.F.);
#16215 = FACE_BOUND('',#16216,.F.);
#16216 = EDGE_LOOP('',(#16217,#16218,#16225,#16226));
#16217 = ORIENTED_EDGE('',*,*,#16090,.F.);
#16218 = ORIENTED_EDGE('',*,*,#16219,.T.);
#16219 = EDGE_CURVE('',#16091,#16196,#16220,.T.);
#16220 = CIRCLE('',#16221,3.174);
#16221 = AXIS2_PLACEMENT_3D('',#16222,#16223,#16224);
#16222 = CARTESIAN_POINT('',(333.48450485522,256.58480441083,
    -19.09033817672));
#16223 = DIRECTION('',(0.,-0.,1.));
#16224 = DIRECTION('',(0.707106781187,0.707106781187,0.));
#16225 = ORIENTED_EDGE('',*,*,#16203,.T.);
#16226 = ORIENTED_EDGE('',*,*,#4144,.F.);
#16227 = CYLINDRICAL_SURFACE('',#16228,3.174);
#16228 = AXIS2_PLACEMENT_3D('',#16229,#16230,#16231);
#16229 = CARTESIAN_POINT('',(333.48450485522,256.58480441083,
    -19.09033817672));
#16230 = DIRECTION('',(0.,0.,1.));
#16231 = DIRECTION('',(0.707106781187,-0.707106781187,0.));
#16232 = ADVANCED_FACE('',(#16233),#16244,.F.);
#16233 = FACE_BOUND('',#16234,.F.);
#16234 = EDGE_LOOP('',(#16235,#16236,#16242,#16243));
#16235 = ORIENTED_EDGE('',*,*,#16129,.F.);
#16236 = ORIENTED_EDGE('',*,*,#16237,.F.);
#16237 = EDGE_CURVE('',#16064,#16121,#16238,.T.);
#16238 = LINE('',#16239,#16240);
#16239 = CARTESIAN_POINT('',(323.84663931166,242.45822502029,
    -19.09033817672));
#16240 = VECTOR('',#16241,1.);
#16241 = DIRECTION('',(-0.707106781187,0.707106781187,0.));
#16242 = ORIENTED_EDGE('',*,*,#16072,.T.);
#16243 = ORIENTED_EDGE('',*,*,#4179,.F.);
#16244 = PLANE('',#16245);
#16245 = AXIS2_PLACEMENT_3D('',#16246,#16247,#16248);
#16246 = CARTESIAN_POINT('',(323.84663931166,242.45822502029,
    -19.09033817672));
#16247 = DIRECTION('',(-0.707106781187,-0.707106781187,0.));
#16248 = DIRECTION('',(0.,0.,1.));
#16249 = ADVANCED_FACE('',(#16250),#16260,.T.);
#16250 = FACE_BOUND('',#16251,.T.);
#16251 = EDGE_LOOP('',(#16252,#16253,#16254,#16255,#16256,#16257,#16258,
    #16259));
#16252 = ORIENTED_EDGE('',*,*,#16155,.T.);
#16253 = ORIENTED_EDGE('',*,*,#16120,.T.);
#16254 = ORIENTED_EDGE('',*,*,#16237,.F.);
#16255 = ORIENTED_EDGE('',*,*,#16063,.F.);
#16256 = ORIENTED_EDGE('',*,*,#16098,.F.);
#16257 = ORIENTED_EDGE('',*,*,#16219,.T.);
#16258 = ORIENTED_EDGE('',*,*,#16195,.T.);
#16259 = ORIENTED_EDGE('',*,*,#16177,.T.);
#16260 = PLANE('',#16261);
#16261 = AXIS2_PLACEMENT_3D('',#16262,#16263,#16264);
#16262 = CARTESIAN_POINT('',(337.97321870219,256.58480441083,
    -19.09033817672));
#16263 = DIRECTION('',(0.,0.,1.));
#16264 = DIRECTION('',(-0.707106781187,0.707106781187,0.));
#16265 = ADVANCED_FACE('',(#16266),#16293,.F.);
#16266 = FACE_BOUND('',#16267,.T.);
#16267 = EDGE_LOOP('',(#16268,#16276,#16285,#16291,#16292));
#16268 = ORIENTED_EDGE('',*,*,#16269,.F.);
#16269 = EDGE_CURVE('',#16270,#4242,#16272,.T.);
#16270 = VERTEX_POINT('',#16271);
#16271 = CARTESIAN_POINT('',(584.16575226191,118.77264453361,
    -19.09033817672));
#16272 = LINE('',#16273,#16274);
#16273 = CARTESIAN_POINT('',(584.16575226191,118.77264453361,
    -19.09033817672));
#16274 = VECTOR('',#16275,1.);
#16275 = DIRECTION('',(0.,0.,1.));
#16276 = ORIENTED_EDGE('',*,*,#16277,.T.);
#16277 = EDGE_CURVE('',#16270,#16278,#16280,.T.);
#16278 = VERTEX_POINT('',#16279);
#16279 = CARTESIAN_POINT('',(584.25071212898,114.2847347951,
    -19.09033817672));
#16280 = CIRCLE('',#16281,3.174);
#16281 = AXIS2_PLACEMENT_3D('',#16282,#16283,#16284);
#16282 = CARTESIAN_POINT('',(581.96427732619,116.48620973082,
    -19.09033817672));
#16283 = DIRECTION('',(0.,0.,-1.));
#16284 = DIRECTION('',(-0.720363832007,0.693596388065,0.));
#16285 = ORIENTED_EDGE('',*,*,#16286,.T.);
#16286 = EDGE_CURVE('',#16278,#4259,#16287,.T.);
#16287 = LINE('',#16288,#16289);
#16288 = CARTESIAN_POINT('',(584.25071212898,114.2847347951,
    -19.09033817672));
#16289 = VECTOR('',#16290,1.);
#16290 = DIRECTION('',(0.,0.,1.));
#16291 = ORIENTED_EDGE('',*,*,#4258,.T.);
#16292 = ORIENTED_EDGE('',*,*,#4249,.T.);
#16293 = CYLINDRICAL_SURFACE('',#16294,3.174);
#16294 = AXIS2_PLACEMENT_3D('',#16295,#16296,#16297);
#16295 = CARTESIAN_POINT('',(581.96427732619,116.48620973082,
    -19.09033817672));
#16296 = DIRECTION('',(0.,0.,1.));
#16297 = DIRECTION('',(0.693596388065,0.720363832007,0.));
#16298 = ADVANCED_FACE('',(#16299),#16317,.T.);
#16299 = FACE_BOUND('',#16300,.T.);
#16300 = EDGE_LOOP('',(#16301,#16302,#16303,#16311));
#16301 = ORIENTED_EDGE('',*,*,#16269,.T.);
#16302 = ORIENTED_EDGE('',*,*,#4241,.F.);
#16303 = ORIENTED_EDGE('',*,*,#16304,.F.);
#16304 = EDGE_CURVE('',#16305,#4233,#16307,.T.);
#16305 = VERTEX_POINT('',#16306);
#16306 = CARTESIAN_POINT('',(574.34719311349,128.2263634167,
    -19.09033817672));
#16307 = LINE('',#16308,#16309);
#16308 = CARTESIAN_POINT('',(574.34719311349,128.2263634167,
    -19.09033817672));
#16309 = VECTOR('',#16310,1.);
#16310 = DIRECTION('',(0.,0.,1.));
#16311 = ORIENTED_EDGE('',*,*,#16312,.T.);
#16312 = EDGE_CURVE('',#16305,#16270,#16313,.T.);
#16313 = LINE('',#16314,#16315);
#16314 = CARTESIAN_POINT('',(572.0607583107,130.42783835242,
    -19.09033817672));
#16315 = VECTOR('',#16316,1.);
#16316 = DIRECTION('',(0.720363832007,-0.693596388065,0.));
#16317 = PLANE('',#16318);
#16318 = AXIS2_PLACEMENT_3D('',#16319,#16320,#16321);
#16319 = CARTESIAN_POINT('',(572.0607583107,130.42783835242,
    -19.09033817672));
#16320 = DIRECTION('',(-0.693596388065,-0.720363832007,0.));
#16321 = DIRECTION('',(0.,0.,1.));
#16322 = ADVANCED_FACE('',(#16323),#16350,.F.);
#16323 = FACE_BOUND('',#16324,.F.);
#16324 = EDGE_LOOP('',(#16325,#16333,#16342,#16348,#16349));
#16325 = ORIENTED_EDGE('',*,*,#16326,.F.);
#16326 = EDGE_CURVE('',#16327,#4197,#16329,.T.);
#16327 = VERTEX_POINT('',#16328);
#16328 = CARTESIAN_POINT('',(568.89969560185,102.91743642626,
    -19.09033817672));
#16329 = LINE('',#16330,#16331);
#16330 = CARTESIAN_POINT('',(568.89969560185,102.91743642626,
    -19.09033817672));
#16331 = VECTOR('',#16332,1.);
#16332 = DIRECTION('',(0.,0.,1.));
#16333 = ORIENTED_EDGE('',*,*,#16334,.T.);
#16334 = EDGE_CURVE('',#16327,#16335,#16337,.T.);
#16335 = VERTEX_POINT('',#16336);
#16336 = CARTESIAN_POINT('',(573.38760534036,103.00239629333,
    -19.09033817672));
#16337 = CIRCLE('',#16338,3.174);
#16338 = AXIS2_PLACEMENT_3D('',#16339,#16340,#16341);
#16339 = CARTESIAN_POINT('',(571.10117053757,105.20387122905,
    -19.09033817672));
#16340 = DIRECTION('',(0.,0.,1.));
#16341 = DIRECTION('',(-0.720363832007,0.693596388065,0.));
#16342 = ORIENTED_EDGE('',*,*,#16343,.T.);
#16343 = EDGE_CURVE('',#16335,#4268,#16344,.T.);
#16344 = LINE('',#16345,#16346);
#16345 = CARTESIAN_POINT('',(573.38760534036,103.00239629333,
    -19.09033817672));
#16346 = VECTOR('',#16347,1.);
#16347 = DIRECTION('',(0.,0.,1.));
#16348 = ORIENTED_EDGE('',*,*,#4275,.F.);
#16349 = ORIENTED_EDGE('',*,*,#4196,.F.);
#16350 = CYLINDRICAL_SURFACE('',#16351,3.174);
#16351 = AXIS2_PLACEMENT_3D('',#16352,#16353,#16354);
#16352 = CARTESIAN_POINT('',(571.10117053757,105.20387122905,
    -19.09033817672));
#16353 = DIRECTION('',(0.,0.,1.));
#16354 = DIRECTION('',(-0.693596388065,-0.720363832007,0.));
#16355 = ADVANCED_FACE('',(#16356),#16374,.F.);
#16356 = FACE_BOUND('',#16357,.F.);
#16357 = EDGE_LOOP('',(#16358,#16359,#16360,#16368));
#16358 = ORIENTED_EDGE('',*,*,#16326,.T.);
#16359 = ORIENTED_EDGE('',*,*,#4207,.F.);
#16360 = ORIENTED_EDGE('',*,*,#16361,.F.);
#16361 = EDGE_CURVE('',#16362,#4208,#16364,.T.);
#16362 = VERTEX_POINT('',#16363);
#16363 = CARTESIAN_POINT('',(559.08113645344,112.37115530935,
    -19.09033817672));
#16364 = LINE('',#16365,#16366);
#16365 = CARTESIAN_POINT('',(559.08113645344,112.37115530935,
    -19.09033817672));
#16366 = VECTOR('',#16367,1.);
#16367 = DIRECTION('',(0.,0.,1.));
#16368 = ORIENTED_EDGE('',*,*,#16369,.T.);
#16369 = EDGE_CURVE('',#16362,#16327,#16370,.T.);
#16370 = LINE('',#16371,#16372);
#16371 = CARTESIAN_POINT('',(556.79470165065,114.57263024507,
    -19.09033817672));
#16372 = VECTOR('',#16373,1.);
#16373 = DIRECTION('',(0.720363832007,-0.693596388065,0.));
#16374 = PLANE('',#16375);
#16375 = AXIS2_PLACEMENT_3D('',#16376,#16377,#16378);
#16376 = CARTESIAN_POINT('',(556.79470165065,114.57263024507,
    -19.09033817672));
#16377 = DIRECTION('',(-0.693596388065,-0.720363832007,0.));
#16378 = DIRECTION('',(0.,0.,1.));
#16379 = ADVANCED_FACE('',(#16380),#16399,.F.);
#16380 = FACE_BOUND('',#16381,.F.);
#16381 = EDGE_LOOP('',(#16382,#16390,#16397,#16398));
#16382 = ORIENTED_EDGE('',*,*,#16383,.F.);
#16383 = EDGE_CURVE('',#16384,#4216,#16386,.T.);
#16384 = VERTEX_POINT('',#16385);
#16385 = CARTESIAN_POINT('',(558.99617658636,116.85906504786,
    -19.09033817672));
#16386 = LINE('',#16387,#16388);
#16387 = CARTESIAN_POINT('',(558.99617658636,116.85906504786,
    -19.09033817672));
#16388 = VECTOR('',#16389,1.);
#16389 = DIRECTION('',(0.,0.,1.));
#16390 = ORIENTED_EDGE('',*,*,#16391,.T.);
#16391 = EDGE_CURVE('',#16384,#16362,#16392,.T.);
#16392 = CIRCLE('',#16393,3.174);
#16393 = AXIS2_PLACEMENT_3D('',#16394,#16395,#16396);
#16394 = CARTESIAN_POINT('',(561.28261138915,114.65759011214,
    -19.09033817672));
#16395 = DIRECTION('',(0.,0.,1.));
#16396 = DIRECTION('',(-0.720363832007,0.693596388065,0.));
#16397 = ORIENTED_EDGE('',*,*,#16361,.T.);
#16398 = ORIENTED_EDGE('',*,*,#4215,.F.);
#16399 = CYLINDRICAL_SURFACE('',#16400,3.174);
#16400 = AXIS2_PLACEMENT_3D('',#16401,#16402,#16403);
#16401 = CARTESIAN_POINT('',(561.28261138915,114.65759011214,
    -19.09033817672));
#16402 = DIRECTION('',(0.,0.,1.));
#16403 = DIRECTION('',(-0.720363832007,0.693596388065,0.));
#16404 = ADVANCED_FACE('',(#16405),#16423,.T.);
#16405 = FACE_BOUND('',#16406,.T.);
#16406 = EDGE_LOOP('',(#16407,#16408,#16416,#16422));
#16407 = ORIENTED_EDGE('',*,*,#16383,.F.);
#16408 = ORIENTED_EDGE('',*,*,#16409,.F.);
#16409 = EDGE_CURVE('',#16410,#16384,#16412,.T.);
#16410 = VERTEX_POINT('',#16411);
#16411 = CARTESIAN_POINT('',(569.85928337499,128.14140354963,
    -19.09033817672));
#16412 = LINE('',#16413,#16414);
#16413 = CARTESIAN_POINT('',(572.0607583107,130.42783835242,
    -19.09033817672));
#16414 = VECTOR('',#16415,1.);
#16415 = DIRECTION('',(-0.693596388065,-0.720363832007,0.));
#16416 = ORIENTED_EDGE('',*,*,#16417,.T.);
#16417 = EDGE_CURVE('',#16410,#4225,#16418,.T.);
#16418 = LINE('',#16419,#16420);
#16419 = CARTESIAN_POINT('',(569.85928337499,128.14140354963,
    -19.09033817672));
#16420 = VECTOR('',#16421,1.);
#16421 = DIRECTION('',(0.,0.,1.));
#16422 = ORIENTED_EDGE('',*,*,#4224,.F.);
#16423 = PLANE('',#16424);
#16424 = AXIS2_PLACEMENT_3D('',#16425,#16426,#16427);
#16425 = CARTESIAN_POINT('',(572.0607583107,130.42783835242,
    -19.09033817672));
#16426 = DIRECTION('',(0.720363832007,-0.693596388065,0.));
#16427 = DIRECTION('',(0.,0.,1.));
#16428 = ADVANCED_FACE('',(#16429),#16441,.F.);
#16429 = FACE_BOUND('',#16430,.F.);
#16430 = EDGE_LOOP('',(#16431,#16432,#16439,#16440));
#16431 = ORIENTED_EDGE('',*,*,#16304,.F.);
#16432 = ORIENTED_EDGE('',*,*,#16433,.T.);
#16433 = EDGE_CURVE('',#16305,#16410,#16434,.T.);
#16434 = CIRCLE('',#16435,3.174);
#16435 = AXIS2_PLACEMENT_3D('',#16436,#16437,#16438);
#16436 = CARTESIAN_POINT('',(572.14571817777,125.93992861391,
    -19.09033817672));
#16437 = DIRECTION('',(0.,0.,1.));
#16438 = DIRECTION('',(-0.720363832007,0.693596388065,0.));
#16439 = ORIENTED_EDGE('',*,*,#16417,.T.);
#16440 = ORIENTED_EDGE('',*,*,#4232,.F.);
#16441 = CYLINDRICAL_SURFACE('',#16442,3.174);
#16442 = AXIS2_PLACEMENT_3D('',#16443,#16444,#16445);
#16443 = CARTESIAN_POINT('',(572.14571817777,125.93992861391,
    -19.09033817672));
#16444 = DIRECTION('',(0.,0.,1.));
#16445 = DIRECTION('',(0.693596388065,0.720363832007,0.));
#16446 = ADVANCED_FACE('',(#16447),#16458,.F.);
#16447 = FACE_BOUND('',#16448,.F.);
#16448 = EDGE_LOOP('',(#16449,#16450,#16456,#16457));
#16449 = ORIENTED_EDGE('',*,*,#16343,.F.);
#16450 = ORIENTED_EDGE('',*,*,#16451,.F.);
#16451 = EDGE_CURVE('',#16278,#16335,#16452,.T.);
#16452 = LINE('',#16453,#16454);
#16453 = CARTESIAN_POINT('',(586.4521870647,116.57116959789,
    -19.09033817672));
#16454 = VECTOR('',#16455,1.);
#16455 = DIRECTION('',(-0.693596388065,-0.720363832007,0.));
#16456 = ORIENTED_EDGE('',*,*,#16286,.T.);
#16457 = ORIENTED_EDGE('',*,*,#4267,.F.);
#16458 = PLANE('',#16459);
#16459 = AXIS2_PLACEMENT_3D('',#16460,#16461,#16462);
#16460 = CARTESIAN_POINT('',(586.4521870647,116.57116959789,
    -19.09033817672));
#16461 = DIRECTION('',(0.720363832007,-0.693596388065,0.));
#16462 = DIRECTION('',(0.,0.,1.));
#16463 = ADVANCED_FACE('',(#16464),#16474,.T.);
#16464 = FACE_BOUND('',#16465,.T.);
#16465 = EDGE_LOOP('',(#16466,#16467,#16468,#16469,#16470,#16471,#16472,
    #16473));
#16466 = ORIENTED_EDGE('',*,*,#16369,.T.);
#16467 = ORIENTED_EDGE('',*,*,#16334,.T.);
#16468 = ORIENTED_EDGE('',*,*,#16451,.F.);
#16469 = ORIENTED_EDGE('',*,*,#16277,.F.);
#16470 = ORIENTED_EDGE('',*,*,#16312,.F.);
#16471 = ORIENTED_EDGE('',*,*,#16433,.T.);
#16472 = ORIENTED_EDGE('',*,*,#16409,.T.);
#16473 = ORIENTED_EDGE('',*,*,#16391,.T.);
#16474 = PLANE('',#16475);
#16475 = AXIS2_PLACEMENT_3D('',#16476,#16477,#16478);
#16476 = CARTESIAN_POINT('',(572.0607583107,130.42783835242,
    -19.09033817672));
#16477 = DIRECTION('',(0.,0.,1.));
#16478 = DIRECTION('',(-0.693596388065,-0.720363832007,0.));
#16479 = ADVANCED_FACE('',(#16480),#16507,.F.);
#16480 = FACE_BOUND('',#16481,.T.);
#16481 = EDGE_LOOP('',(#16482,#16490,#16499,#16505,#16506));
#16482 = ORIENTED_EDGE('',*,*,#16483,.F.);
#16483 = EDGE_CURVE('',#16484,#4330,#16486,.T.);
#16484 = VERTEX_POINT('',#16485);
#16485 = CARTESIAN_POINT('',(136.53314751813,9.725406653387,
    -19.09033817672));
#16486 = LINE('',#16487,#16488);
#16487 = CARTESIAN_POINT('',(136.53314751813,9.725406653387,
    -19.09033817672));
#16488 = VECTOR('',#16489,1.);
#16489 = DIRECTION('',(0.,0.,1.));
#16490 = ORIENTED_EDGE('',*,*,#16491,.T.);
#16491 = EDGE_CURVE('',#16484,#16492,#16494,.T.);
#16492 = VERTEX_POINT('',#16493);
#16493 = CARTESIAN_POINT('',(139.64650322944,12.958913760975,
    -19.09033817672));
#16494 = CIRCLE('',#16495,3.174);
#16495 = AXIS2_PLACEMENT_3D('',#16496,#16497,#16498);
#16496 = CARTESIAN_POINT('',(139.70657892758,9.785482351523,
    -19.09033817672));
#16497 = DIRECTION('',(0.,-0.,-1.));
#16498 = DIRECTION('',(1.89274411266E-02,-0.999820859941,0.));
#16499 = ORIENTED_EDGE('',*,*,#16500,.T.);
#16500 = EDGE_CURVE('',#16492,#4347,#16501,.T.);
#16501 = LINE('',#16502,#16503);
#16502 = CARTESIAN_POINT('',(139.64650322944,12.958913760975,
    -19.09033817672));
#16503 = VECTOR('',#16504,1.);
#16504 = DIRECTION('',(0.,0.,1.));
#16505 = ORIENTED_EDGE('',*,*,#4346,.T.);
#16506 = ORIENTED_EDGE('',*,*,#4337,.T.);
#16507 = CYLINDRICAL_SURFACE('',#16508,3.174);
#16508 = AXIS2_PLACEMENT_3D('',#16509,#16510,#16511);
#16509 = CARTESIAN_POINT('',(139.70657892758,9.785482351523,
    -19.09033817672));
#16510 = DIRECTION('',(0.,0.,1.));
#16511 = DIRECTION('',(-0.999820859941,-1.89274411266E-02,0.));
#16512 = ADVANCED_FACE('',(#16513),#16531,.T.);
#16513 = FACE_BOUND('',#16514,.T.);
#16514 = EDGE_LOOP('',(#16515,#16516,#16517,#16525));
#16515 = ORIENTED_EDGE('',*,*,#16483,.T.);
#16516 = ORIENTED_EDGE('',*,*,#4329,.F.);
#16517 = ORIENTED_EDGE('',*,*,#16518,.F.);
#16518 = EDGE_CURVE('',#16519,#4321,#16521,.T.);
#16519 = VERTEX_POINT('',#16520);
#16520 = CARTESIAN_POINT('',(136.79112854379,-3.902151831606,
    -19.09033817672));
#16521 = LINE('',#16522,#16523);
#16522 = CARTESIAN_POINT('',(136.79112854379,-3.902151831606,
    -19.09033817672));
#16523 = VECTOR('',#16524,1.);
#16524 = DIRECTION('',(0.,0.,1.));
#16525 = ORIENTED_EDGE('',*,*,#16526,.T.);
#16526 = EDGE_CURVE('',#16519,#16484,#16527,.T.);
#16527 = LINE('',#16528,#16529);
#16528 = CARTESIAN_POINT('',(136.85120424193,-7.075583241058,
    -19.09033817672));
#16529 = VECTOR('',#16530,1.);
#16530 = DIRECTION('',(-1.89274411266E-02,0.999820859941,0.));
#16531 = PLANE('',#16532);
#16532 = AXIS2_PLACEMENT_3D('',#16533,#16534,#16535);
#16533 = CARTESIAN_POINT('',(136.85120424193,-7.075583241058,
    -19.09033817672));
#16534 = DIRECTION('',(0.999820859941,1.89274411266E-02,0.));
#16535 = DIRECTION('',(0.,0.,1.));
#16536 = ADVANCED_FACE('',(#16537),#16564,.F.);
#16537 = FACE_BOUND('',#16538,.F.);
#16538 = EDGE_LOOP('',(#16539,#16547,#16556,#16562,#16563));
#16539 = ORIENTED_EDGE('',*,*,#16540,.F.);
#16540 = EDGE_CURVE('',#16541,#4285,#16543,.T.);
#16541 = VERTEX_POINT('',#16542);
#16542 = CARTESIAN_POINT('',(158.53920487426,10.141999636916,
    -19.09033817672));
#16543 = LINE('',#16544,#16545);
#16544 = CARTESIAN_POINT('',(158.53920487426,10.141999636916,
    -19.09033817672));
#16545 = VECTOR('',#16546,1.);
#16546 = DIRECTION('',(0.,0.,1.));
#16547 = ORIENTED_EDGE('',*,*,#16548,.T.);
#16548 = EDGE_CURVE('',#16541,#16549,#16551,.T.);
#16549 = VERTEX_POINT('',#16550);
#16550 = CARTESIAN_POINT('',(155.30569776668,13.255355348232,
    -19.09033817672));
#16551 = CIRCLE('',#16552,3.174);
#16552 = AXIS2_PLACEMENT_3D('',#16553,#16554,#16555);
#16553 = CARTESIAN_POINT('',(155.36577346481,10.08192393878,
    -19.09033817672));
#16554 = DIRECTION('',(-0.,0.,1.));
#16555 = DIRECTION('',(1.89274411266E-02,-0.999820859941,0.));
#16556 = ORIENTED_EDGE('',*,*,#16557,.T.);
#16557 = EDGE_CURVE('',#16549,#4356,#16558,.T.);
#16558 = LINE('',#16559,#16560);
#16559 = CARTESIAN_POINT('',(155.30569776668,13.255355348232,
    -19.09033817672));
#16560 = VECTOR('',#16561,1.);
#16561 = DIRECTION('',(0.,0.,1.));
#16562 = ORIENTED_EDGE('',*,*,#4363,.F.);
#16563 = ORIENTED_EDGE('',*,*,#4284,.F.);
#16564 = CYLINDRICAL_SURFACE('',#16565,3.174);
#16565 = AXIS2_PLACEMENT_3D('',#16566,#16567,#16568);
#16566 = CARTESIAN_POINT('',(155.36577346481,10.08192393878,
    -19.09033817672));
#16567 = DIRECTION('',(0.,0.,1.));
#16568 = DIRECTION('',(0.999820859941,1.89274411266E-02,0.));
#16569 = ADVANCED_FACE('',(#16570),#16588,.F.);
#16570 = FACE_BOUND('',#16571,.F.);
#16571 = EDGE_LOOP('',(#16572,#16573,#16574,#16582));
#16572 = ORIENTED_EDGE('',*,*,#16540,.T.);
#16573 = ORIENTED_EDGE('',*,*,#4295,.F.);
#16574 = ORIENTED_EDGE('',*,*,#16575,.F.);
#16575 = EDGE_CURVE('',#16576,#4296,#16578,.T.);
#16576 = VERTEX_POINT('',#16577);
#16577 = CARTESIAN_POINT('',(158.79718589992,-3.485558848077,
    -19.09033817672));
#16578 = LINE('',#16579,#16580);
#16579 = CARTESIAN_POINT('',(158.79718589992,-3.485558848077,
    -19.09033817672));
#16580 = VECTOR('',#16581,1.);
#16581 = DIRECTION('',(0.,0.,1.));
#16582 = ORIENTED_EDGE('',*,*,#16583,.T.);
#16583 = EDGE_CURVE('',#16576,#16541,#16584,.T.);
#16584 = LINE('',#16585,#16586);
#16585 = CARTESIAN_POINT('',(158.85726159806,-6.658990257529,
    -19.09033817672));
#16586 = VECTOR('',#16587,1.);
#16587 = DIRECTION('',(-1.89274411266E-02,0.999820859941,0.));
#16588 = PLANE('',#16589);
#16589 = AXIS2_PLACEMENT_3D('',#16590,#16591,#16592);
#16590 = CARTESIAN_POINT('',(158.85726159806,-6.658990257529,
    -19.09033817672));
#16591 = DIRECTION('',(0.999820859941,1.89274411266E-02,0.));
#16592 = DIRECTION('',(0.,0.,1.));
#16593 = ADVANCED_FACE('',(#16594),#16613,.F.);
#16594 = FACE_BOUND('',#16595,.F.);
#16595 = EDGE_LOOP('',(#16596,#16604,#16611,#16612));
#16596 = ORIENTED_EDGE('',*,*,#16597,.F.);
#16597 = EDGE_CURVE('',#16598,#4304,#16600,.T.);
#16598 = VERTEX_POINT('',#16599);
#16599 = CARTESIAN_POINT('',(155.68383018861,-6.719065955665,
    -19.09033817672));
#16600 = LINE('',#16601,#16602);
#16601 = CARTESIAN_POINT('',(155.68383018861,-6.719065955665,
    -19.09033817672));
#16602 = VECTOR('',#16603,1.);
#16603 = DIRECTION('',(0.,0.,1.));
#16604 = ORIENTED_EDGE('',*,*,#16605,.T.);
#16605 = EDGE_CURVE('',#16598,#16576,#16606,.T.);
#16606 = CIRCLE('',#16607,3.174);
#16607 = AXIS2_PLACEMENT_3D('',#16608,#16609,#16610);
#16608 = CARTESIAN_POINT('',(155.62375449047,-3.545634546213,
    -19.09033817672));
#16609 = DIRECTION('',(-0.,0.,1.));
#16610 = DIRECTION('',(1.89274411266E-02,-0.999820859941,0.));
#16611 = ORIENTED_EDGE('',*,*,#16575,.T.);
#16612 = ORIENTED_EDGE('',*,*,#4303,.F.);
#16613 = CYLINDRICAL_SURFACE('',#16614,3.174);
#16614 = AXIS2_PLACEMENT_3D('',#16615,#16616,#16617);
#16615 = CARTESIAN_POINT('',(155.62375449047,-3.545634546213,
    -19.09033817672));
#16616 = DIRECTION('',(0.,0.,1.));
#16617 = DIRECTION('',(1.89274411266E-02,-0.999820859941,0.));
#16618 = ADVANCED_FACE('',(#16619),#16637,.T.);
#16619 = FACE_BOUND('',#16620,.T.);
#16620 = EDGE_LOOP('',(#16621,#16622,#16630,#16636));
#16621 = ORIENTED_EDGE('',*,*,#16597,.F.);
#16622 = ORIENTED_EDGE('',*,*,#16623,.F.);
#16623 = EDGE_CURVE('',#16624,#16598,#16626,.T.);
#16624 = VERTEX_POINT('',#16625);
#16625 = CARTESIAN_POINT('',(140.02463565138,-7.015507542922,
    -19.09033817672));
#16626 = LINE('',#16627,#16628);
#16627 = CARTESIAN_POINT('',(136.85120424193,-7.075583241058,
    -19.09033817672));
#16628 = VECTOR('',#16629,1.);
#16629 = DIRECTION('',(0.999820859941,1.89274411266E-02,0.));
#16630 = ORIENTED_EDGE('',*,*,#16631,.T.);
#16631 = EDGE_CURVE('',#16624,#4313,#16632,.T.);
#16632 = LINE('',#16633,#16634);
#16633 = CARTESIAN_POINT('',(140.02463565138,-7.015507542922,
    -19.09033817672));
#16634 = VECTOR('',#16635,1.);
#16635 = DIRECTION('',(0.,0.,1.));
#16636 = ORIENTED_EDGE('',*,*,#4312,.F.);
#16637 = PLANE('',#16638);
#16638 = AXIS2_PLACEMENT_3D('',#16639,#16640,#16641);
#16639 = CARTESIAN_POINT('',(136.85120424193,-7.075583241058,
    -19.09033817672));
#16640 = DIRECTION('',(-1.89274411266E-02,0.999820859941,0.));
#16641 = DIRECTION('',(0.,0.,1.));
#16642 = ADVANCED_FACE('',(#16643),#16655,.F.);
#16643 = FACE_BOUND('',#16644,.F.);
#16644 = EDGE_LOOP('',(#16645,#16646,#16653,#16654));
#16645 = ORIENTED_EDGE('',*,*,#16518,.F.);
#16646 = ORIENTED_EDGE('',*,*,#16647,.T.);
#16647 = EDGE_CURVE('',#16519,#16624,#16648,.T.);
#16648 = CIRCLE('',#16649,3.174);
#16649 = AXIS2_PLACEMENT_3D('',#16650,#16651,#16652);
#16650 = CARTESIAN_POINT('',(139.96455995324,-3.84207613347,
    -19.09033817672));
#16651 = DIRECTION('',(-0.,0.,1.));
#16652 = DIRECTION('',(1.89274411266E-02,-0.999820859941,0.));
#16653 = ORIENTED_EDGE('',*,*,#16631,.T.);
#16654 = ORIENTED_EDGE('',*,*,#4320,.F.);
#16655 = CYLINDRICAL_SURFACE('',#16656,3.174);
#16656 = AXIS2_PLACEMENT_3D('',#16657,#16658,#16659);
#16657 = CARTESIAN_POINT('',(139.96455995324,-3.84207613347,
    -19.09033817672));
#16658 = DIRECTION('',(0.,0.,1.));
#16659 = DIRECTION('',(-0.999820859941,-1.89274411266E-02,0.));
#16660 = ADVANCED_FACE('',(#16661),#16672,.F.);
#16661 = FACE_BOUND('',#16662,.F.);
#16662 = EDGE_LOOP('',(#16663,#16664,#16670,#16671));
#16663 = ORIENTED_EDGE('',*,*,#16557,.F.);
#16664 = ORIENTED_EDGE('',*,*,#16665,.F.);
#16665 = EDGE_CURVE('',#16492,#16549,#16666,.T.);
#16666 = LINE('',#16667,#16668);
#16667 = CARTESIAN_POINT('',(136.47307181999,12.898838062839,
    -19.09033817672));
#16668 = VECTOR('',#16669,1.);
#16669 = DIRECTION('',(0.999820859941,1.89274411266E-02,0.));
#16670 = ORIENTED_EDGE('',*,*,#16500,.T.);
#16671 = ORIENTED_EDGE('',*,*,#4355,.F.);
#16672 = PLANE('',#16673);
#16673 = AXIS2_PLACEMENT_3D('',#16674,#16675,#16676);
#16674 = CARTESIAN_POINT('',(136.47307181999,12.898838062839,
    -19.09033817672));
#16675 = DIRECTION('',(-1.89274411266E-02,0.999820859941,0.));
#16676 = DIRECTION('',(0.,0.,1.));
#16677 = ADVANCED_FACE('',(#16678),#16688,.T.);
#16678 = FACE_BOUND('',#16679,.T.);
#16679 = EDGE_LOOP('',(#16680,#16681,#16682,#16683,#16684,#16685,#16686,
    #16687));
#16680 = ORIENTED_EDGE('',*,*,#16583,.T.);
#16681 = ORIENTED_EDGE('',*,*,#16548,.T.);
#16682 = ORIENTED_EDGE('',*,*,#16665,.F.);
#16683 = ORIENTED_EDGE('',*,*,#16491,.F.);
#16684 = ORIENTED_EDGE('',*,*,#16526,.F.);
#16685 = ORIENTED_EDGE('',*,*,#16647,.T.);
#16686 = ORIENTED_EDGE('',*,*,#16623,.T.);
#16687 = ORIENTED_EDGE('',*,*,#16605,.T.);
#16688 = PLANE('',#16689);
#16689 = AXIS2_PLACEMENT_3D('',#16690,#16691,#16692);
#16690 = CARTESIAN_POINT('',(136.85120424193,-7.075583241058,
    -19.09033817672));
#16691 = DIRECTION('',(0.,0.,1.));
#16692 = DIRECTION('',(0.999820859941,1.89274411266E-02,0.));
#16693 = ADVANCED_FACE('',(#16694),#16721,.F.);
#16694 = FACE_BOUND('',#16695,.T.);
#16695 = EDGE_LOOP('',(#16696,#16704,#16713,#16719,#16720));
#16696 = ORIENTED_EDGE('',*,*,#16697,.F.);
#16697 = EDGE_CURVE('',#16698,#4375,#16700,.T.);
#16698 = VERTEX_POINT('',#16699);
#16699 = CARTESIAN_POINT('',(160.88379333627,337.42426808317,
    -19.09033817672));
#16700 = LINE('',#16701,#16702);
#16701 = CARTESIAN_POINT('',(160.88379333627,337.42426808317,
    -19.09033817672));
#16702 = VECTOR('',#16703,1.);
#16703 = DIRECTION('',(0.,0.,1.));
#16704 = ORIENTED_EDGE('',*,*,#16705,.T.);
#16705 = EDGE_CURVE('',#16698,#16706,#16708,.T.);
#16706 = VERTEX_POINT('',#16707);
#16707 = CARTESIAN_POINT('',(163.99714904758,340.65777519076,
    -19.09033817672));
#16708 = CIRCLE('',#16709,3.174);
#16709 = AXIS2_PLACEMENT_3D('',#16710,#16711,#16712);
#16710 = CARTESIAN_POINT('',(164.05722474572,337.48434378131,
    -19.09033817672));
#16711 = DIRECTION('',(0.,-0.,-1.));
#16712 = DIRECTION('',(1.89274411266E-02,-0.999820859941,0.));
#16713 = ORIENTED_EDGE('',*,*,#16714,.T.);
#16714 = EDGE_CURVE('',#16706,#4384,#16715,.T.);
#16715 = LINE('',#16716,#16717);
#16716 = CARTESIAN_POINT('',(163.99714904758,340.65777519076,
    -19.09033817672));
#16717 = VECTOR('',#16718,1.);
#16718 = DIRECTION('',(0.,0.,1.));
#16719 = ORIENTED_EDGE('',*,*,#4383,.T.);
#16720 = ORIENTED_EDGE('',*,*,#4372,.T.);
#16721 = CYLINDRICAL_SURFACE('',#16722,3.174);
#16722 = AXIS2_PLACEMENT_3D('',#16723,#16724,#16725);
#16723 = CARTESIAN_POINT('',(164.05722474572,337.48434378131,
    -19.09033817672));
#16724 = DIRECTION('',(0.,0.,1.));
#16725 = DIRECTION('',(-0.999820859941,-1.89274411266E-02,0.));
#16726 = ADVANCED_FACE('',(#16727),#16745,.T.);
#16727 = FACE_BOUND('',#16728,.T.);
#16728 = EDGE_LOOP('',(#16729,#16730,#16731,#16739));
#16729 = ORIENTED_EDGE('',*,*,#16697,.T.);
#16730 = ORIENTED_EDGE('',*,*,#4452,.F.);
#16731 = ORIENTED_EDGE('',*,*,#16732,.F.);
#16732 = EDGE_CURVE('',#16733,#4444,#16735,.T.);
#16733 = VERTEX_POINT('',#16734);
#16734 = CARTESIAN_POINT('',(161.14177436193,323.79670959818,
    -19.09033817672));
#16735 = LINE('',#16736,#16737);
#16736 = CARTESIAN_POINT('',(161.14177436193,323.79670959818,
    -19.09033817672));
#16737 = VECTOR('',#16738,1.);
#16738 = DIRECTION('',(0.,0.,1.));
#16739 = ORIENTED_EDGE('',*,*,#16740,.T.);
#16740 = EDGE_CURVE('',#16733,#16698,#16741,.T.);
#16741 = LINE('',#16742,#16743);
#16742 = CARTESIAN_POINT('',(161.20185006006,320.62327818872,
    -19.09033817672));
#16743 = VECTOR('',#16744,1.);
#16744 = DIRECTION('',(-1.89274411266E-02,0.999820859941,0.));
#16745 = PLANE('',#16746);
#16746 = AXIS2_PLACEMENT_3D('',#16747,#16748,#16749);
#16747 = CARTESIAN_POINT('',(161.20185006006,320.62327818872,
    -19.09033817672));
#16748 = DIRECTION('',(0.999820859941,1.89274411266E-02,0.));
#16749 = DIRECTION('',(0.,0.,1.));
#16750 = ADVANCED_FACE('',(#16751),#16770,.F.);
#16751 = FACE_BOUND('',#16752,.F.);
#16752 = EDGE_LOOP('',(#16753,#16754,#16763,#16769));
#16753 = ORIENTED_EDGE('',*,*,#16732,.F.);
#16754 = ORIENTED_EDGE('',*,*,#16755,.T.);
#16755 = EDGE_CURVE('',#16733,#16756,#16758,.T.);
#16756 = VERTEX_POINT('',#16757);
#16757 = CARTESIAN_POINT('',(164.37528146951,320.68335388686,
    -19.09033817672));
#16758 = CIRCLE('',#16759,3.174);
#16759 = AXIS2_PLACEMENT_3D('',#16760,#16761,#16762);
#16760 = CARTESIAN_POINT('',(164.31520577138,323.85678529631,
    -19.09033817672));
#16761 = DIRECTION('',(-0.,0.,1.));
#16762 = DIRECTION('',(1.89274411266E-02,-0.999820859941,0.));
#16763 = ORIENTED_EDGE('',*,*,#16764,.T.);
#16764 = EDGE_CURVE('',#16756,#4436,#16765,.T.);
#16765 = LINE('',#16766,#16767);
#16766 = CARTESIAN_POINT('',(164.37528146951,320.68335388686,
    -19.09033817672));
#16767 = VECTOR('',#16768,1.);
#16768 = DIRECTION('',(0.,0.,1.));
#16769 = ORIENTED_EDGE('',*,*,#4443,.F.);
#16770 = CYLINDRICAL_SURFACE('',#16771,3.174);
#16771 = AXIS2_PLACEMENT_3D('',#16772,#16773,#16774);
#16772 = CARTESIAN_POINT('',(164.31520577138,323.85678529631,
    -19.09033817672));
#16773 = DIRECTION('',(0.,0.,1.));
#16774 = DIRECTION('',(-0.999820859941,-1.89274411266E-02,0.));
#16775 = ADVANCED_FACE('',(#16776),#16794,.T.);
#16776 = FACE_BOUND('',#16777,.T.);
#16777 = EDGE_LOOP('',(#16778,#16786,#16792,#16793));
#16778 = ORIENTED_EDGE('',*,*,#16779,.F.);
#16779 = EDGE_CURVE('',#16780,#4427,#16782,.T.);
#16780 = VERTEX_POINT('',#16781);
#16781 = CARTESIAN_POINT('',(180.03447600675,320.97979547412,
    -19.09033817672));
#16782 = LINE('',#16783,#16784);
#16783 = CARTESIAN_POINT('',(180.03447600675,320.97979547412,
    -19.09033817672));
#16784 = VECTOR('',#16785,1.);
#16785 = DIRECTION('',(0.,0.,1.));
#16786 = ORIENTED_EDGE('',*,*,#16787,.F.);
#16787 = EDGE_CURVE('',#16756,#16780,#16788,.T.);
#16788 = LINE('',#16789,#16790);
#16789 = CARTESIAN_POINT('',(161.20185006006,320.62327818872,
    -19.09033817672));
#16790 = VECTOR('',#16791,1.);
#16791 = DIRECTION('',(0.999820859941,1.89274411266E-02,0.));
#16792 = ORIENTED_EDGE('',*,*,#16764,.T.);
#16793 = ORIENTED_EDGE('',*,*,#4435,.F.);
#16794 = PLANE('',#16795);
#16795 = AXIS2_PLACEMENT_3D('',#16796,#16797,#16798);
#16796 = CARTESIAN_POINT('',(161.20185006006,320.62327818872,
    -19.09033817672));
#16797 = DIRECTION('',(-1.89274411266E-02,0.999820859941,0.));
#16798 = DIRECTION('',(0.,0.,1.));
#16799 = ADVANCED_FACE('',(#16800),#16819,.F.);
#16800 = FACE_BOUND('',#16801,.F.);
#16801 = EDGE_LOOP('',(#16802,#16803,#16812,#16818));
#16802 = ORIENTED_EDGE('',*,*,#16779,.F.);
#16803 = ORIENTED_EDGE('',*,*,#16804,.T.);
#16804 = EDGE_CURVE('',#16780,#16805,#16807,.T.);
#16805 = VERTEX_POINT('',#16806);
#16806 = CARTESIAN_POINT('',(183.14783171806,324.2133025817,
    -19.09033817672));
#16807 = CIRCLE('',#16808,3.174);
#16808 = AXIS2_PLACEMENT_3D('',#16809,#16810,#16811);
#16809 = CARTESIAN_POINT('',(179.97440030861,324.15322688357,
    -19.09033817672));
#16810 = DIRECTION('',(-0.,0.,1.));
#16811 = DIRECTION('',(1.89274411266E-02,-0.999820859941,0.));
#16812 = ORIENTED_EDGE('',*,*,#16813,.T.);
#16813 = EDGE_CURVE('',#16805,#4419,#16814,.T.);
#16814 = LINE('',#16815,#16816);
#16815 = CARTESIAN_POINT('',(183.14783171806,324.2133025817,
    -19.09033817672));
#16816 = VECTOR('',#16817,1.);
#16817 = DIRECTION('',(0.,0.,1.));
#16818 = ORIENTED_EDGE('',*,*,#4426,.F.);
#16819 = CYLINDRICAL_SURFACE('',#16820,3.174);
#16820 = AXIS2_PLACEMENT_3D('',#16821,#16822,#16823);
#16821 = CARTESIAN_POINT('',(179.97440030861,324.15322688357,
    -19.09033817672));
#16822 = DIRECTION('',(0.,0.,1.));
#16823 = DIRECTION('',(1.89274411266E-02,-0.999820859941,0.));
#16824 = ADVANCED_FACE('',(#16825),#16843,.F.);
#16825 = FACE_BOUND('',#16826,.F.);
#16826 = EDGE_LOOP('',(#16827,#16835,#16836,#16837));
#16827 = ORIENTED_EDGE('',*,*,#16828,.T.);
#16828 = EDGE_CURVE('',#16829,#4410,#16831,.T.);
#16829 = VERTEX_POINT('',#16830);
#16830 = CARTESIAN_POINT('',(182.8898506924,337.8408610667,
    -19.09033817672));
#16831 = LINE('',#16832,#16833);
#16832 = CARTESIAN_POINT('',(182.8898506924,337.8408610667,
    -19.09033817672));
#16833 = VECTOR('',#16834,1.);
#16834 = DIRECTION('',(0.,0.,1.));
#16835 = ORIENTED_EDGE('',*,*,#4418,.F.);
#16836 = ORIENTED_EDGE('',*,*,#16813,.F.);
#16837 = ORIENTED_EDGE('',*,*,#16838,.T.);
#16838 = EDGE_CURVE('',#16805,#16829,#16839,.T.);
#16839 = LINE('',#16840,#16841);
#16840 = CARTESIAN_POINT('',(183.2079074162,321.03987117225,
    -19.09033817672));
#16841 = VECTOR('',#16842,1.);
#16842 = DIRECTION('',(-1.89274411266E-02,0.999820859941,0.));
#16843 = PLANE('',#16844);
#16844 = AXIS2_PLACEMENT_3D('',#16845,#16846,#16847);
#16845 = CARTESIAN_POINT('',(183.2079074162,321.03987117225,
    -19.09033817672));
#16846 = DIRECTION('',(0.999820859941,1.89274411266E-02,0.));
#16847 = DIRECTION('',(0.,0.,1.));
#16848 = ADVANCED_FACE('',(#16849),#16869,.F.);
#16849 = FACE_BOUND('',#16850,.F.);
#16850 = EDGE_LOOP('',(#16851,#16852,#16861,#16867,#16868));
#16851 = ORIENTED_EDGE('',*,*,#16828,.F.);
#16852 = ORIENTED_EDGE('',*,*,#16853,.T.);
#16853 = EDGE_CURVE('',#16829,#16854,#16856,.T.);
#16854 = VERTEX_POINT('',#16855);
#16855 = CARTESIAN_POINT('',(179.65634358481,340.95421677801,
    -19.09033817672));
#16856 = CIRCLE('',#16857,3.174);
#16857 = AXIS2_PLACEMENT_3D('',#16858,#16859,#16860);
#16858 = CARTESIAN_POINT('',(179.71641928295,337.78078536856,
    -19.09033817672));
#16859 = DIRECTION('',(-0.,0.,1.));
#16860 = DIRECTION('',(1.89274411266E-02,-0.999820859941,0.));
#16861 = ORIENTED_EDGE('',*,*,#16862,.T.);
#16862 = EDGE_CURVE('',#16854,#4393,#16863,.T.);
#16863 = LINE('',#16864,#16865);
#16864 = CARTESIAN_POINT('',(179.65634358481,340.95421677801,
    -19.09033817672));
#16865 = VECTOR('',#16866,1.);
#16866 = DIRECTION('',(0.,0.,1.));
#16867 = ORIENTED_EDGE('',*,*,#4400,.F.);
#16868 = ORIENTED_EDGE('',*,*,#4409,.F.);
#16869 = CYLINDRICAL_SURFACE('',#16870,3.174);
#16870 = AXIS2_PLACEMENT_3D('',#16871,#16872,#16873);
#16871 = CARTESIAN_POINT('',(179.71641928295,337.78078536856,
    -19.09033817672));
#16872 = DIRECTION('',(0.,0.,1.));
#16873 = DIRECTION('',(0.999820859941,1.89274411266E-02,0.));
#16874 = ADVANCED_FACE('',(#16875),#16886,.F.);
#16875 = FACE_BOUND('',#16876,.F.);
#16876 = EDGE_LOOP('',(#16877,#16878,#16884,#16885));
#16877 = ORIENTED_EDGE('',*,*,#16862,.F.);
#16878 = ORIENTED_EDGE('',*,*,#16879,.F.);
#16879 = EDGE_CURVE('',#16706,#16854,#16880,.T.);
#16880 = LINE('',#16881,#16882);
#16881 = CARTESIAN_POINT('',(160.82371763813,340.59769949262,
    -19.09033817672));
#16882 = VECTOR('',#16883,1.);
#16883 = DIRECTION('',(0.999820859941,1.89274411266E-02,0.));
#16884 = ORIENTED_EDGE('',*,*,#16714,.T.);
#16885 = ORIENTED_EDGE('',*,*,#4392,.F.);
#16886 = PLANE('',#16887);
#16887 = AXIS2_PLACEMENT_3D('',#16888,#16889,#16890);
#16888 = CARTESIAN_POINT('',(160.82371763813,340.59769949262,
    -19.09033817672));
#16889 = DIRECTION('',(-1.89274411266E-02,0.999820859941,0.));
#16890 = DIRECTION('',(0.,0.,1.));
#16891 = ADVANCED_FACE('',(#16892),#16902,.T.);
#16892 = FACE_BOUND('',#16893,.T.);
#16893 = EDGE_LOOP('',(#16894,#16895,#16896,#16897,#16898,#16899,#16900,
    #16901));
#16894 = ORIENTED_EDGE('',*,*,#16838,.T.);
#16895 = ORIENTED_EDGE('',*,*,#16853,.T.);
#16896 = ORIENTED_EDGE('',*,*,#16879,.F.);
#16897 = ORIENTED_EDGE('',*,*,#16705,.F.);
#16898 = ORIENTED_EDGE('',*,*,#16740,.F.);
#16899 = ORIENTED_EDGE('',*,*,#16755,.T.);
#16900 = ORIENTED_EDGE('',*,*,#16787,.T.);
#16901 = ORIENTED_EDGE('',*,*,#16804,.T.);
#16902 = PLANE('',#16903);
#16903 = AXIS2_PLACEMENT_3D('',#16904,#16905,#16906);
#16904 = CARTESIAN_POINT('',(161.20185006006,320.62327818872,
    -19.09033817672));
#16905 = DIRECTION('',(0.,0.,1.));
#16906 = DIRECTION('',(0.999820859941,1.89274411266E-02,0.));
#16907 = ADVANCED_FACE('',(#16908),#16933,.F.);
#16908 = FACE_BOUND('',#16909,.F.);
#16909 = EDGE_LOOP('',(#16910,#16911,#16919,#16927));
#16910 = ORIENTED_EDGE('',*,*,#4460,.F.);
#16911 = ORIENTED_EDGE('',*,*,#16912,.F.);
#16912 = EDGE_CURVE('',#16913,#4461,#16915,.T.);
#16913 = VERTEX_POINT('',#16914);
#16914 = CARTESIAN_POINT('',(546.360398034,48.777114084353,-13.7));
#16915 = LINE('',#16916,#16917);
#16916 = CARTESIAN_POINT('',(546.360398034,48.777114084353,-13.7));
#16917 = VECTOR('',#16918,1.);
#16918 = DIRECTION('',(0.,0.,1.));
#16919 = ORIENTED_EDGE('',*,*,#16920,.T.);
#16920 = EDGE_CURVE('',#16913,#16921,#16923,.T.);
#16921 = VERTEX_POINT('',#16922);
#16922 = CARTESIAN_POINT('',(565.00905671361,49.130148716246,-13.7));
#16923 = LINE('',#16924,#16925);
#16924 = CARTESIAN_POINT('',(543.18696662454,48.717038386217,-13.7));
#16925 = VECTOR('',#16926,1.);
#16926 = DIRECTION('',(0.999820859941,1.89274411266E-02,0.));
#16927 = ORIENTED_EDGE('',*,*,#16928,.T.);
#16928 = EDGE_CURVE('',#16921,#4463,#16929,.T.);
#16929 = LINE('',#16930,#16931);
#16930 = CARTESIAN_POINT('',(565.00905671361,49.130148716246,-13.7));
#16931 = VECTOR('',#16932,1.);
#16932 = DIRECTION('',(0.,0.,1.));
#16933 = PLANE('',#16934);
#16934 = AXIS2_PLACEMENT_3D('',#16935,#16936,#16937);
#16935 = CARTESIAN_POINT('',(543.18696662454,48.717038386217,-13.7));
#16936 = DIRECTION('',(1.89274411266E-02,-0.999820859941,0.));
#16937 = DIRECTION('',(0.,0.,1.));
#16938 = ADVANCED_FACE('',(#16939),#16958,.F.);
#16939 = FACE_BOUND('',#16940,.F.);
#16940 = EDGE_LOOP('',(#16941,#16950,#16951,#16952));
#16941 = ORIENTED_EDGE('',*,*,#16942,.T.);
#16942 = EDGE_CURVE('',#16943,#16913,#16945,.T.);
#16943 = VERTEX_POINT('',#16944);
#16944 = CARTESIAN_POINT('',(543.12689092641,51.890469795669,-13.7));
#16945 = CIRCLE('',#16946,3.174);
#16946 = AXIS2_PLACEMENT_3D('',#16947,#16948,#16949);
#16947 = CARTESIAN_POINT('',(546.30032233586,51.950545493805,-13.7));
#16948 = DIRECTION('',(0.,0.,1.));
#16949 = DIRECTION('',(-0.999820859941,-1.89274411266E-02,0.));
#16950 = ORIENTED_EDGE('',*,*,#16912,.T.);
#16951 = ORIENTED_EDGE('',*,*,#4470,.F.);
#16952 = ORIENTED_EDGE('',*,*,#16953,.F.);
#16953 = EDGE_CURVE('',#16943,#4471,#16954,.T.);
#16954 = LINE('',#16955,#16956);
#16955 = CARTESIAN_POINT('',(543.12689092641,51.890469795669,-13.7));
#16956 = VECTOR('',#16957,1.);
#16957 = DIRECTION('',(0.,0.,1.));
#16958 = CYLINDRICAL_SURFACE('',#16959,3.174);
#16959 = AXIS2_PLACEMENT_3D('',#16960,#16961,#16962);
#16960 = CARTESIAN_POINT('',(546.30032233586,51.950545493805,-13.7));
#16961 = DIRECTION('',(0.,0.,1.));
#16962 = DIRECTION('',(-0.999820859941,-1.89274411266E-02,0.));
#16963 = ADVANCED_FACE('',(#16964),#16983,.F.);
#16964 = FACE_BOUND('',#16965,.F.);
#16965 = EDGE_LOOP('',(#16966,#16975,#16981,#16982));
#16966 = ORIENTED_EDGE('',*,*,#16967,.T.);
#16967 = EDGE_CURVE('',#16921,#16968,#16970,.T.);
#16968 = VERTEX_POINT('',#16969);
#16969 = CARTESIAN_POINT('',(568.12241242492,52.363655823834,-13.7));
#16970 = CIRCLE('',#16971,3.174);
#16971 = AXIS2_PLACEMENT_3D('',#16972,#16973,#16974);
#16972 = CARTESIAN_POINT('',(564.94898101547,52.303580125698,-13.7));
#16973 = DIRECTION('',(0.,0.,1.));
#16974 = DIRECTION('',(-0.999820859941,-1.89274411266E-02,0.));
#16975 = ORIENTED_EDGE('',*,*,#16976,.T.);
#16976 = EDGE_CURVE('',#16968,#4514,#16977,.T.);
#16977 = LINE('',#16978,#16979);
#16978 = CARTESIAN_POINT('',(568.12241242492,52.363655823834,-13.7));
#16979 = VECTOR('',#16980,1.);
#16980 = DIRECTION('',(0.,0.,1.));
#16981 = ORIENTED_EDGE('',*,*,#4521,.F.);
#16982 = ORIENTED_EDGE('',*,*,#16928,.F.);
#16983 = CYLINDRICAL_SURFACE('',#16984,3.174);
#16984 = AXIS2_PLACEMENT_3D('',#16985,#16986,#16987);
#16985 = CARTESIAN_POINT('',(564.94898101547,52.303580125698,-13.7));
#16986 = DIRECTION('',(0.,0.,1.));
#16987 = DIRECTION('',(1.89274411266E-02,-0.999820859941,0.));
#16988 = ADVANCED_FACE('',(#16989),#17007,.T.);
#16989 = FACE_BOUND('',#16990,.T.);
#16990 = EDGE_LOOP('',(#16991,#16999,#17005,#17006));
#16991 = ORIENTED_EDGE('',*,*,#16992,.F.);
#16992 = EDGE_CURVE('',#16993,#16943,#16995,.T.);
#16993 = VERTEX_POINT('',#16994);
#16994 = CARTESIAN_POINT('',(543.12401395536,52.04244256638,-13.7));
#16995 = LINE('',#16996,#16997);
#16996 = CARTESIAN_POINT('',(543.06393825722,55.215873975831,-13.7));
#16997 = VECTOR('',#16998,1.);
#16998 = DIRECTION('',(1.89274411266E-02,-0.999820859941,0.));
#16999 = ORIENTED_EDGE('',*,*,#17000,.T.);
#17000 = EDGE_CURVE('',#16993,#4480,#17001,.T.);
#17001 = LINE('',#17002,#17003);
#17002 = CARTESIAN_POINT('',(543.12401395536,52.04244256638,-13.7));
#17003 = VECTOR('',#17004,1.);
#17004 = DIRECTION('',(0.,0.,1.));
#17005 = ORIENTED_EDGE('',*,*,#4479,.T.);
#17006 = ORIENTED_EDGE('',*,*,#16953,.F.);
#17007 = PLANE('',#17008);
#17008 = AXIS2_PLACEMENT_3D('',#17009,#17010,#17011);
#17009 = CARTESIAN_POINT('',(543.06393825722,55.215873975831,-13.7));
#17010 = DIRECTION('',(0.999820859941,1.89274411266E-02,0.));
#17011 = DIRECTION('',(0.,0.,1.));
#17012 = ADVANCED_FACE('',(#17013),#17031,.F.);
#17013 = FACE_BOUND('',#17014,.F.);
#17014 = EDGE_LOOP('',(#17015,#17023,#17029,#17030));
#17015 = ORIENTED_EDGE('',*,*,#17016,.F.);
#17016 = EDGE_CURVE('',#17017,#16968,#17019,.T.);
#17017 = VERTEX_POINT('',#17018);
#17018 = CARTESIAN_POINT('',(568.11953545387,52.515628594545,-13.7));
#17019 = LINE('',#17020,#17021);
#17020 = CARTESIAN_POINT('',(568.05945975574,55.689060003996,-13.7));
#17021 = VECTOR('',#17022,1.);
#17022 = DIRECTION('',(1.89274411266E-02,-0.999820859941,0.));
#17023 = ORIENTED_EDGE('',*,*,#17024,.T.);
#17024 = EDGE_CURVE('',#17017,#4505,#17025,.T.);
#17025 = LINE('',#17026,#17027);
#17026 = CARTESIAN_POINT('',(568.11953545387,52.515628594545,-13.7));
#17027 = VECTOR('',#17028,1.);
#17028 = DIRECTION('',(0.,0.,1.));
#17029 = ORIENTED_EDGE('',*,*,#4513,.T.);
#17030 = ORIENTED_EDGE('',*,*,#16976,.F.);
#17031 = PLANE('',#17032);
#17032 = AXIS2_PLACEMENT_3D('',#17033,#17034,#17035);
#17033 = CARTESIAN_POINT('',(568.05945975574,55.689060003996,-13.7));
#17034 = DIRECTION('',(0.999820859941,1.89274411266E-02,0.));
#17035 = DIRECTION('',(0.,0.,1.));
#17036 = ADVANCED_FACE('',(#17037),#17056,.F.);
#17037 = FACE_BOUND('',#17038,.F.);
#17038 = EDGE_LOOP('',(#17039,#17048,#17049,#17050));
#17039 = ORIENTED_EDGE('',*,*,#17040,.T.);
#17040 = EDGE_CURVE('',#17041,#16993,#17043,.T.);
#17041 = VERTEX_POINT('',#17042);
#17042 = CARTESIAN_POINT('',(546.23736966667,55.275949673967,-13.7));
#17043 = CIRCLE('',#17044,3.174);
#17044 = AXIS2_PLACEMENT_3D('',#17045,#17046,#17047);
#17045 = CARTESIAN_POINT('',(546.29744536481,52.102518264516,-13.7));
#17046 = DIRECTION('',(0.,0.,1.));
#17047 = DIRECTION('',(-0.999820859941,-1.89274411266E-02,0.));
#17048 = ORIENTED_EDGE('',*,*,#17000,.T.);
#17049 = ORIENTED_EDGE('',*,*,#4487,.F.);
#17050 = ORIENTED_EDGE('',*,*,#17051,.F.);
#17051 = EDGE_CURVE('',#17041,#4488,#17052,.T.);
#17052 = LINE('',#17053,#17054);
#17053 = CARTESIAN_POINT('',(546.23736966667,55.275949673967,-13.7));
#17054 = VECTOR('',#17055,1.);
#17055 = DIRECTION('',(0.,0.,1.));
#17056 = CYLINDRICAL_SURFACE('',#17057,3.174);
#17057 = AXIS2_PLACEMENT_3D('',#17058,#17059,#17060);
#17058 = CARTESIAN_POINT('',(546.29744536481,52.102518264516,-13.7));
#17059 = DIRECTION('',(0.,0.,1.));
#17060 = DIRECTION('',(-1.89274411266E-02,0.999820859941,0.));
#17061 = ADVANCED_FACE('',(#17062),#17081,.F.);
#17062 = FACE_BOUND('',#17063,.T.);
#17063 = EDGE_LOOP('',(#17064,#17073,#17074,#17075));
#17064 = ORIENTED_EDGE('',*,*,#17065,.T.);
#17065 = EDGE_CURVE('',#17066,#17017,#17068,.T.);
#17066 = VERTEX_POINT('',#17067);
#17067 = CARTESIAN_POINT('',(564.88602834629,55.62898430586,-13.7));
#17068 = CIRCLE('',#17069,3.174);
#17069 = AXIS2_PLACEMENT_3D('',#17070,#17071,#17072);
#17070 = CARTESIAN_POINT('',(564.94610404442,52.455552896409,-13.7));
#17071 = DIRECTION('',(-0.,0.,-1.));
#17072 = DIRECTION('',(-0.999820859941,-1.89274411266E-02,0.));
#17073 = ORIENTED_EDGE('',*,*,#17024,.T.);
#17074 = ORIENTED_EDGE('',*,*,#4504,.F.);
#17075 = ORIENTED_EDGE('',*,*,#17076,.F.);
#17076 = EDGE_CURVE('',#17066,#4497,#17077,.T.);
#17077 = LINE('',#17078,#17079);
#17078 = CARTESIAN_POINT('',(564.88602834629,55.62898430586,-13.7));
#17079 = VECTOR('',#17080,1.);
#17080 = DIRECTION('',(0.,0.,1.));
#17081 = CYLINDRICAL_SURFACE('',#17082,3.174);
#17082 = AXIS2_PLACEMENT_3D('',#17083,#17084,#17085);
#17083 = CARTESIAN_POINT('',(564.94610404442,52.455552896409,-13.7));
#17084 = DIRECTION('',(0.,0.,1.));
#17085 = DIRECTION('',(-1.89274411266E-02,0.999820859941,0.));
#17086 = ADVANCED_FACE('',(#17087),#17098,.T.);
#17087 = FACE_BOUND('',#17088,.T.);
#17088 = EDGE_LOOP('',(#17089,#17090,#17091,#17097));
#17089 = ORIENTED_EDGE('',*,*,#4496,.F.);
#17090 = ORIENTED_EDGE('',*,*,#17051,.F.);
#17091 = ORIENTED_EDGE('',*,*,#17092,.T.);
#17092 = EDGE_CURVE('',#17041,#17066,#17093,.T.);
#17093 = LINE('',#17094,#17095);
#17094 = CARTESIAN_POINT('',(543.06393825722,55.215873975831,-13.7));
#17095 = VECTOR('',#17096,1.);
#17096 = DIRECTION('',(0.999820859941,1.89274411266E-02,0.));
#17097 = ORIENTED_EDGE('',*,*,#17076,.T.);
#17098 = PLANE('',#17099);
#17099 = AXIS2_PLACEMENT_3D('',#17100,#17101,#17102);
#17100 = CARTESIAN_POINT('',(543.06393825722,55.215873975831,-13.7));
#17101 = DIRECTION('',(1.89274411266E-02,-0.999820859941,0.));
#17102 = DIRECTION('',(0.,0.,1.));
#17103 = ADVANCED_FACE('',(#17104),#17114,.T.);
#17104 = FACE_BOUND('',#17105,.T.);
#17105 = EDGE_LOOP('',(#17106,#17107,#17108,#17109,#17110,#17111,#17112,
    #17113));
#17106 = ORIENTED_EDGE('',*,*,#16920,.T.);
#17107 = ORIENTED_EDGE('',*,*,#16967,.T.);
#17108 = ORIENTED_EDGE('',*,*,#17016,.F.);
#17109 = ORIENTED_EDGE('',*,*,#17065,.F.);
#17110 = ORIENTED_EDGE('',*,*,#17092,.F.);
#17111 = ORIENTED_EDGE('',*,*,#17040,.T.);
#17112 = ORIENTED_EDGE('',*,*,#16992,.T.);
#17113 = ORIENTED_EDGE('',*,*,#16942,.T.);
#17114 = PLANE('',#17115);
#17115 = AXIS2_PLACEMENT_3D('',#17116,#17117,#17118);
#17116 = CARTESIAN_POINT('',(543.06393825722,55.215873975831,-13.7));
#17117 = DIRECTION('',(0.,0.,1.));
#17118 = DIRECTION('',(1.89274411266E-02,-0.999820859941,0.));
#17119 = ADVANCED_FACE('',(#17120),#17145,.F.);
#17120 = FACE_BOUND('',#17121,.F.);
#17121 = EDGE_LOOP('',(#17122,#17123,#17131,#17139));
#17122 = ORIENTED_EDGE('',*,*,#4530,.F.);
#17123 = ORIENTED_EDGE('',*,*,#17124,.F.);
#17124 = EDGE_CURVE('',#17125,#4531,#17127,.T.);
#17125 = VERTEX_POINT('',#17126);
#17126 = CARTESIAN_POINT('',(581.24423856715,329.00201836461,-13.7));
#17127 = LINE('',#17128,#17129);
#17128 = CARTESIAN_POINT('',(581.24423856715,329.00201836461,-13.7));
#17129 = VECTOR('',#17130,1.);
#17130 = DIRECTION('',(0.,0.,1.));
#17131 = ORIENTED_EDGE('',*,*,#17132,.T.);
#17132 = EDGE_CURVE('',#17125,#17133,#17135,.T.);
#17133 = VERTEX_POINT('',#17134);
#17134 = CARTESIAN_POINT('',(599.89289724676,329.3550529965,-13.7));
#17135 = LINE('',#17136,#17137);
#17136 = CARTESIAN_POINT('',(578.0708071577,328.94194266647,-13.7));
#17137 = VECTOR('',#17138,1.);
#17138 = DIRECTION('',(0.999820859941,1.89274411266E-02,0.));
#17139 = ORIENTED_EDGE('',*,*,#17140,.T.);
#17140 = EDGE_CURVE('',#17133,#4533,#17141,.T.);
#17141 = LINE('',#17142,#17143);
#17142 = CARTESIAN_POINT('',(599.89289724676,329.3550529965,-13.7));
#17143 = VECTOR('',#17144,1.);
#17144 = DIRECTION('',(0.,0.,1.));
#17145 = PLANE('',#17146);
#17146 = AXIS2_PLACEMENT_3D('',#17147,#17148,#17149);
#17147 = CARTESIAN_POINT('',(578.0708071577,328.94194266647,-13.7));
#17148 = DIRECTION('',(1.89274411266E-02,-0.999820859941,0.));
#17149 = DIRECTION('',(0.,0.,1.));
#17150 = ADVANCED_FACE('',(#17151),#17170,.F.);
#17151 = FACE_BOUND('',#17152,.F.);
#17152 = EDGE_LOOP('',(#17153,#17162,#17163,#17164));
#17153 = ORIENTED_EDGE('',*,*,#17154,.T.);
#17154 = EDGE_CURVE('',#17155,#17125,#17157,.T.);
#17155 = VERTEX_POINT('',#17156);
#17156 = CARTESIAN_POINT('',(578.01073145956,332.11537407592,-13.7));
#17157 = CIRCLE('',#17158,3.174);
#17158 = AXIS2_PLACEMENT_3D('',#17159,#17160,#17161);
#17159 = CARTESIAN_POINT('',(581.18416286901,332.17544977406,-13.7));
#17160 = DIRECTION('',(0.,0.,1.));
#17161 = DIRECTION('',(-0.999820859941,-1.89274411266E-02,0.));
#17162 = ORIENTED_EDGE('',*,*,#17124,.T.);
#17163 = ORIENTED_EDGE('',*,*,#4540,.F.);
#17164 = ORIENTED_EDGE('',*,*,#17165,.F.);
#17165 = EDGE_CURVE('',#17155,#4541,#17166,.T.);
#17166 = LINE('',#17167,#17168);
#17167 = CARTESIAN_POINT('',(578.01073145956,332.11537407592,-13.7));
#17168 = VECTOR('',#17169,1.);
#17169 = DIRECTION('',(0.,0.,1.));
#17170 = CYLINDRICAL_SURFACE('',#17171,3.174);
#17171 = AXIS2_PLACEMENT_3D('',#17172,#17173,#17174);
#17172 = CARTESIAN_POINT('',(581.18416286901,332.17544977406,-13.7));
#17173 = DIRECTION('',(0.,0.,1.));
#17174 = DIRECTION('',(-0.999820859941,-1.89274411266E-02,0.));
#17175 = ADVANCED_FACE('',(#17176),#17195,.F.);
#17176 = FACE_BOUND('',#17177,.F.);
#17177 = EDGE_LOOP('',(#17178,#17187,#17193,#17194));
#17178 = ORIENTED_EDGE('',*,*,#17179,.T.);
#17179 = EDGE_CURVE('',#17133,#17180,#17182,.T.);
#17180 = VERTEX_POINT('',#17181);
#17181 = CARTESIAN_POINT('',(603.00625295808,332.58856010409,-13.7));
#17182 = CIRCLE('',#17183,3.174);
#17183 = AXIS2_PLACEMENT_3D('',#17184,#17185,#17186);
#17184 = CARTESIAN_POINT('',(599.83282154863,332.52848440595,-13.7));
#17185 = DIRECTION('',(0.,0.,1.));
#17186 = DIRECTION('',(-0.999820859941,-1.89274411266E-02,0.));
#17187 = ORIENTED_EDGE('',*,*,#17188,.T.);
#17188 = EDGE_CURVE('',#17180,#4584,#17189,.T.);
#17189 = LINE('',#17190,#17191);
#17190 = CARTESIAN_POINT('',(603.00625295808,332.58856010409,-13.7));
#17191 = VECTOR('',#17192,1.);
#17192 = DIRECTION('',(0.,0.,1.));
#17193 = ORIENTED_EDGE('',*,*,#4591,.F.);
#17194 = ORIENTED_EDGE('',*,*,#17140,.F.);
#17195 = CYLINDRICAL_SURFACE('',#17196,3.174);
#17196 = AXIS2_PLACEMENT_3D('',#17197,#17198,#17199);
#17197 = CARTESIAN_POINT('',(599.83282154863,332.52848440595,-13.7));
#17198 = DIRECTION('',(0.,0.,1.));
#17199 = DIRECTION('',(1.89274411266E-02,-0.999820859941,0.));
#17200 = ADVANCED_FACE('',(#17201),#17219,.T.);
#17201 = FACE_BOUND('',#17202,.T.);
#17202 = EDGE_LOOP('',(#17203,#17211,#17217,#17218));
#17203 = ORIENTED_EDGE('',*,*,#17204,.F.);
#17204 = EDGE_CURVE('',#17205,#17155,#17207,.T.);
#17205 = VERTEX_POINT('',#17206);
#17206 = CARTESIAN_POINT('',(578.00785448851,332.26734684663,-13.7));
#17207 = LINE('',#17208,#17209);
#17208 = CARTESIAN_POINT('',(577.94777879038,335.44077825608,-13.7));
#17209 = VECTOR('',#17210,1.);
#17210 = DIRECTION('',(1.89274411266E-02,-0.999820859941,0.));
#17211 = ORIENTED_EDGE('',*,*,#17212,.T.);
#17212 = EDGE_CURVE('',#17205,#4550,#17213,.T.);
#17213 = LINE('',#17214,#17215);
#17214 = CARTESIAN_POINT('',(578.00785448851,332.26734684663,-13.7));
#17215 = VECTOR('',#17216,1.);
#17216 = DIRECTION('',(0.,0.,1.));
#17217 = ORIENTED_EDGE('',*,*,#4549,.T.);
#17218 = ORIENTED_EDGE('',*,*,#17165,.F.);
#17219 = PLANE('',#17220);
#17220 = AXIS2_PLACEMENT_3D('',#17221,#17222,#17223);
#17221 = CARTESIAN_POINT('',(577.94777879038,335.44077825608,-13.7));
#17222 = DIRECTION('',(0.999820859941,1.89274411266E-02,0.));
#17223 = DIRECTION('',(0.,0.,1.));
#17224 = ADVANCED_FACE('',(#17225),#17243,.F.);
#17225 = FACE_BOUND('',#17226,.F.);
#17226 = EDGE_LOOP('',(#17227,#17235,#17241,#17242));
#17227 = ORIENTED_EDGE('',*,*,#17228,.F.);
#17228 = EDGE_CURVE('',#17229,#17180,#17231,.T.);
#17229 = VERTEX_POINT('',#17230);
#17230 = CARTESIAN_POINT('',(603.00337598703,332.7405328748,-13.7));
#17231 = LINE('',#17232,#17233);
#17232 = CARTESIAN_POINT('',(602.94330028889,335.91396428425,-13.7));
#17233 = VECTOR('',#17234,1.);
#17234 = DIRECTION('',(1.89274411266E-02,-0.999820859941,0.));
#17235 = ORIENTED_EDGE('',*,*,#17236,.T.);
#17236 = EDGE_CURVE('',#17229,#4575,#17237,.T.);
#17237 = LINE('',#17238,#17239);
#17238 = CARTESIAN_POINT('',(603.00337598703,332.7405328748,-13.7));
#17239 = VECTOR('',#17240,1.);
#17240 = DIRECTION('',(0.,0.,1.));
#17241 = ORIENTED_EDGE('',*,*,#4583,.T.);
#17242 = ORIENTED_EDGE('',*,*,#17188,.F.);
#17243 = PLANE('',#17244);
#17244 = AXIS2_PLACEMENT_3D('',#17245,#17246,#17247);
#17245 = CARTESIAN_POINT('',(602.94330028889,335.91396428425,-13.7));
#17246 = DIRECTION('',(0.999820859941,1.89274411266E-02,0.));
#17247 = DIRECTION('',(0.,0.,1.));
#17248 = ADVANCED_FACE('',(#17249),#17268,.F.);
#17249 = FACE_BOUND('',#17250,.F.);
#17250 = EDGE_LOOP('',(#17251,#17260,#17261,#17262));
#17251 = ORIENTED_EDGE('',*,*,#17252,.T.);
#17252 = EDGE_CURVE('',#17253,#17205,#17255,.T.);
#17253 = VERTEX_POINT('',#17254);
#17254 = CARTESIAN_POINT('',(581.12121019983,335.50085395422,-13.7));
#17255 = CIRCLE('',#17256,3.174);
#17256 = AXIS2_PLACEMENT_3D('',#17257,#17258,#17259);
#17257 = CARTESIAN_POINT('',(581.18128589796,332.32742254477,-13.7));
#17258 = DIRECTION('',(0.,0.,1.));
#17259 = DIRECTION('',(-0.999820859941,-1.89274411266E-02,0.));
#17260 = ORIENTED_EDGE('',*,*,#17212,.T.);
#17261 = ORIENTED_EDGE('',*,*,#4557,.F.);
#17262 = ORIENTED_EDGE('',*,*,#17263,.F.);
#17263 = EDGE_CURVE('',#17253,#4558,#17264,.T.);
#17264 = LINE('',#17265,#17266);
#17265 = CARTESIAN_POINT('',(581.12121019983,335.50085395422,-13.7));
#17266 = VECTOR('',#17267,1.);
#17267 = DIRECTION('',(0.,0.,1.));
#17268 = CYLINDRICAL_SURFACE('',#17269,3.174);
#17269 = AXIS2_PLACEMENT_3D('',#17270,#17271,#17272);
#17270 = CARTESIAN_POINT('',(581.18128589796,332.32742254477,-13.7));
#17271 = DIRECTION('',(0.,0.,1.));
#17272 = DIRECTION('',(-1.89274411266E-02,0.999820859941,0.));
#17273 = ADVANCED_FACE('',(#17274),#17293,.F.);
#17274 = FACE_BOUND('',#17275,.T.);
#17275 = EDGE_LOOP('',(#17276,#17285,#17286,#17287));
#17276 = ORIENTED_EDGE('',*,*,#17277,.T.);
#17277 = EDGE_CURVE('',#17278,#17229,#17280,.T.);
#17278 = VERTEX_POINT('',#17279);
#17279 = CARTESIAN_POINT('',(599.76986887944,335.85388858611,-13.7));
#17280 = CIRCLE('',#17281,3.174);
#17281 = AXIS2_PLACEMENT_3D('',#17282,#17283,#17284);
#17282 = CARTESIAN_POINT('',(599.82994457757,332.68045717666,-13.7));
#17283 = DIRECTION('',(-0.,0.,-1.));
#17284 = DIRECTION('',(-0.999820859941,-1.89274411266E-02,0.));
#17285 = ORIENTED_EDGE('',*,*,#17236,.T.);
#17286 = ORIENTED_EDGE('',*,*,#4574,.F.);
#17287 = ORIENTED_EDGE('',*,*,#17288,.F.);
#17288 = EDGE_CURVE('',#17278,#4567,#17289,.T.);
#17289 = LINE('',#17290,#17291);
#17290 = CARTESIAN_POINT('',(599.76986887944,335.85388858611,-13.7));
#17291 = VECTOR('',#17292,1.);
#17292 = DIRECTION('',(0.,0.,1.));
#17293 = CYLINDRICAL_SURFACE('',#17294,3.174);
#17294 = AXIS2_PLACEMENT_3D('',#17295,#17296,#17297);
#17295 = CARTESIAN_POINT('',(599.82994457757,332.68045717666,-13.7));
#17296 = DIRECTION('',(0.,0.,1.));
#17297 = DIRECTION('',(-1.89274411266E-02,0.999820859941,0.));
#17298 = ADVANCED_FACE('',(#17299),#17310,.T.);
#17299 = FACE_BOUND('',#17300,.T.);
#17300 = EDGE_LOOP('',(#17301,#17302,#17303,#17309));
#17301 = ORIENTED_EDGE('',*,*,#4566,.F.);
#17302 = ORIENTED_EDGE('',*,*,#17263,.F.);
#17303 = ORIENTED_EDGE('',*,*,#17304,.T.);
#17304 = EDGE_CURVE('',#17253,#17278,#17305,.T.);
#17305 = LINE('',#17306,#17307);
#17306 = CARTESIAN_POINT('',(577.94777879038,335.44077825608,-13.7));
#17307 = VECTOR('',#17308,1.);
#17308 = DIRECTION('',(0.999820859941,1.89274411266E-02,0.));
#17309 = ORIENTED_EDGE('',*,*,#17288,.T.);
#17310 = PLANE('',#17311);
#17311 = AXIS2_PLACEMENT_3D('',#17312,#17313,#17314);
#17312 = CARTESIAN_POINT('',(577.94777879038,335.44077825608,-13.7));
#17313 = DIRECTION('',(1.89274411266E-02,-0.999820859941,0.));
#17314 = DIRECTION('',(0.,0.,1.));
#17315 = ADVANCED_FACE('',(#17316),#17326,.T.);
#17316 = FACE_BOUND('',#17317,.T.);
#17317 = EDGE_LOOP('',(#17318,#17319,#17320,#17321,#17322,#17323,#17324,
    #17325));
#17318 = ORIENTED_EDGE('',*,*,#17132,.T.);
#17319 = ORIENTED_EDGE('',*,*,#17179,.T.);
#17320 = ORIENTED_EDGE('',*,*,#17228,.F.);
#17321 = ORIENTED_EDGE('',*,*,#17277,.F.);
#17322 = ORIENTED_EDGE('',*,*,#17304,.F.);
#17323 = ORIENTED_EDGE('',*,*,#17252,.T.);
#17324 = ORIENTED_EDGE('',*,*,#17204,.T.);
#17325 = ORIENTED_EDGE('',*,*,#17154,.T.);
#17326 = PLANE('',#17327);
#17327 = AXIS2_PLACEMENT_3D('',#17328,#17329,#17330);
#17328 = CARTESIAN_POINT('',(577.94777879038,335.44077825608,-13.7));
#17329 = DIRECTION('',(0.,0.,1.));
#17330 = DIRECTION('',(1.89274411266E-02,-0.999820859941,0.));
#17331 = ADVANCED_FACE('',(#17332),#17357,.F.);
#17332 = FACE_BOUND('',#17333,.F.);
#17333 = EDGE_LOOP('',(#17334,#17335,#17343,#17351));
#17334 = ORIENTED_EDGE('',*,*,#4600,.F.);
#17335 = ORIENTED_EDGE('',*,*,#17336,.F.);
#17336 = EDGE_CURVE('',#17337,#4601,#17339,.T.);
#17337 = VERTEX_POINT('',#17338);
#17338 = CARTESIAN_POINT('',(466.706,123.174,-13.7));
#17339 = LINE('',#17340,#17341);
#17340 = CARTESIAN_POINT('',(466.706,123.174,-13.7));
#17341 = VECTOR('',#17342,1.);
#17342 = DIRECTION('',(0.,0.,1.));
#17343 = ORIENTED_EDGE('',*,*,#17344,.T.);
#17344 = EDGE_CURVE('',#17337,#17345,#17347,.T.);
#17345 = VERTEX_POINT('',#17346);
#17346 = CARTESIAN_POINT('',(466.706,141.826,-13.7));
#17347 = LINE('',#17348,#17349);
#17348 = CARTESIAN_POINT('',(466.706,120.,-13.7));
#17349 = VECTOR('',#17350,1.);
#17350 = DIRECTION('',(0.,1.,0.));
#17351 = ORIENTED_EDGE('',*,*,#17352,.T.);
#17352 = EDGE_CURVE('',#17345,#4603,#17353,.T.);
#17353 = LINE('',#17354,#17355);
#17354 = CARTESIAN_POINT('',(466.706,141.826,-13.7));
#17355 = VECTOR('',#17356,1.);
#17356 = DIRECTION('',(0.,0.,1.));
#17357 = PLANE('',#17358);
#17358 = AXIS2_PLACEMENT_3D('',#17359,#17360,#17361);
#17359 = CARTESIAN_POINT('',(466.706,120.,-13.7));
#17360 = DIRECTION('',(1.,0.,0.));
#17361 = DIRECTION('',(0.,0.,1.));
#17362 = ADVANCED_FACE('',(#17363),#17382,.F.);
#17363 = FACE_BOUND('',#17364,.F.);
#17364 = EDGE_LOOP('',(#17365,#17374,#17375,#17376));
#17365 = ORIENTED_EDGE('',*,*,#17366,.T.);
#17366 = EDGE_CURVE('',#17367,#17337,#17369,.T.);
#17367 = VERTEX_POINT('',#17368);
#17368 = CARTESIAN_POINT('',(463.532,120.,-13.7));
#17369 = CIRCLE('',#17370,3.174);
#17370 = AXIS2_PLACEMENT_3D('',#17371,#17372,#17373);
#17371 = CARTESIAN_POINT('',(463.532,123.174,-13.7));
#17372 = DIRECTION('',(-0.,0.,1.));
#17373 = DIRECTION('',(0.,-1.,0.));
#17374 = ORIENTED_EDGE('',*,*,#17336,.T.);
#17375 = ORIENTED_EDGE('',*,*,#4610,.F.);
#17376 = ORIENTED_EDGE('',*,*,#17377,.F.);
#17377 = EDGE_CURVE('',#17367,#4611,#17378,.T.);
#17378 = LINE('',#17379,#17380);
#17379 = CARTESIAN_POINT('',(463.532,120.,-13.7));
#17380 = VECTOR('',#17381,1.);
#17381 = DIRECTION('',(0.,0.,1.));
#17382 = CYLINDRICAL_SURFACE('',#17383,3.174);
#17383 = AXIS2_PLACEMENT_3D('',#17384,#17385,#17386);
#17384 = CARTESIAN_POINT('',(463.532,123.174,-13.7));
#17385 = DIRECTION('',(0.,0.,1.));
#17386 = DIRECTION('',(0.,-1.,0.));
#17387 = ADVANCED_FACE('',(#17388),#17407,.F.);
#17388 = FACE_BOUND('',#17389,.F.);
#17389 = EDGE_LOOP('',(#17390,#17399,#17405,#17406));
#17390 = ORIENTED_EDGE('',*,*,#17391,.T.);
#17391 = EDGE_CURVE('',#17345,#17392,#17394,.T.);
#17392 = VERTEX_POINT('',#17393);
#17393 = CARTESIAN_POINT('',(463.532,145.,-13.7));
#17394 = CIRCLE('',#17395,3.174);
#17395 = AXIS2_PLACEMENT_3D('',#17396,#17397,#17398);
#17396 = CARTESIAN_POINT('',(463.532,141.826,-13.7));
#17397 = DIRECTION('',(-0.,0.,1.));
#17398 = DIRECTION('',(0.,-1.,0.));
#17399 = ORIENTED_EDGE('',*,*,#17400,.T.);
#17400 = EDGE_CURVE('',#17392,#4654,#17401,.T.);
#17401 = LINE('',#17402,#17403);
#17402 = CARTESIAN_POINT('',(463.532,145.,-13.7));
#17403 = VECTOR('',#17404,1.);
#17404 = DIRECTION('',(0.,0.,1.));
#17405 = ORIENTED_EDGE('',*,*,#4661,.F.);
#17406 = ORIENTED_EDGE('',*,*,#17352,.F.);
#17407 = CYLINDRICAL_SURFACE('',#17408,3.174);
#17408 = AXIS2_PLACEMENT_3D('',#17409,#17410,#17411);
#17409 = CARTESIAN_POINT('',(463.532,141.826,-13.7));
#17410 = DIRECTION('',(0.,0.,1.));
#17411 = DIRECTION('',(1.,0.,0.));
#17412 = ADVANCED_FACE('',(#17413),#17431,.T.);
#17413 = FACE_BOUND('',#17414,.T.);
#17414 = EDGE_LOOP('',(#17415,#17423,#17429,#17430));
#17415 = ORIENTED_EDGE('',*,*,#17416,.F.);
#17416 = EDGE_CURVE('',#17417,#17367,#17419,.T.);
#17417 = VERTEX_POINT('',#17418);
#17418 = CARTESIAN_POINT('',(463.38,120.,-13.7));
#17419 = LINE('',#17420,#17421);
#17420 = CARTESIAN_POINT('',(460.206,120.,-13.7));
#17421 = VECTOR('',#17422,1.);
#17422 = DIRECTION('',(1.,0.,0.));
#17423 = ORIENTED_EDGE('',*,*,#17424,.T.);
#17424 = EDGE_CURVE('',#17417,#4620,#17425,.T.);
#17425 = LINE('',#17426,#17427);
#17426 = CARTESIAN_POINT('',(463.38,120.,-13.7));
#17427 = VECTOR('',#17428,1.);
#17428 = DIRECTION('',(0.,0.,1.));
#17429 = ORIENTED_EDGE('',*,*,#4619,.T.);
#17430 = ORIENTED_EDGE('',*,*,#17377,.F.);
#17431 = PLANE('',#17432);
#17432 = AXIS2_PLACEMENT_3D('',#17433,#17434,#17435);
#17433 = CARTESIAN_POINT('',(460.206,120.,-13.7));
#17434 = DIRECTION('',(0.,1.,0.));
#17435 = DIRECTION('',(0.,0.,1.));
#17436 = ADVANCED_FACE('',(#17437),#17455,.F.);
#17437 = FACE_BOUND('',#17438,.F.);
#17438 = EDGE_LOOP('',(#17439,#17447,#17453,#17454));
#17439 = ORIENTED_EDGE('',*,*,#17440,.F.);
#17440 = EDGE_CURVE('',#17441,#17392,#17443,.T.);
#17441 = VERTEX_POINT('',#17442);
#17442 = CARTESIAN_POINT('',(463.38,145.,-13.7));
#17443 = LINE('',#17444,#17445);
#17444 = CARTESIAN_POINT('',(460.206,145.,-13.7));
#17445 = VECTOR('',#17446,1.);
#17446 = DIRECTION('',(1.,0.,0.));
#17447 = ORIENTED_EDGE('',*,*,#17448,.T.);
#17448 = EDGE_CURVE('',#17441,#4645,#17449,.T.);
#17449 = LINE('',#17450,#17451);
#17450 = CARTESIAN_POINT('',(463.38,145.,-13.7));
#17451 = VECTOR('',#17452,1.);
#17452 = DIRECTION('',(0.,0.,1.));
#17453 = ORIENTED_EDGE('',*,*,#4653,.T.);
#17454 = ORIENTED_EDGE('',*,*,#17400,.F.);
#17455 = PLANE('',#17456);
#17456 = AXIS2_PLACEMENT_3D('',#17457,#17458,#17459);
#17457 = CARTESIAN_POINT('',(460.206,145.,-13.7));
#17458 = DIRECTION('',(0.,1.,0.));
#17459 = DIRECTION('',(0.,0.,1.));
#17460 = ADVANCED_FACE('',(#17461),#17480,.F.);
#17461 = FACE_BOUND('',#17462,.F.);
#17462 = EDGE_LOOP('',(#17463,#17472,#17473,#17474));
#17463 = ORIENTED_EDGE('',*,*,#17464,.T.);
#17464 = EDGE_CURVE('',#17465,#17417,#17467,.T.);
#17465 = VERTEX_POINT('',#17466);
#17466 = CARTESIAN_POINT('',(460.206,123.174,-13.7));
#17467 = CIRCLE('',#17468,3.174);
#17468 = AXIS2_PLACEMENT_3D('',#17469,#17470,#17471);
#17469 = CARTESIAN_POINT('',(463.38,123.174,-13.7));
#17470 = DIRECTION('',(-0.,0.,1.));
#17471 = DIRECTION('',(0.,-1.,0.));
#17472 = ORIENTED_EDGE('',*,*,#17424,.T.);
#17473 = ORIENTED_EDGE('',*,*,#4627,.F.);
#17474 = ORIENTED_EDGE('',*,*,#17475,.F.);
#17475 = EDGE_CURVE('',#17465,#4628,#17476,.T.);
#17476 = LINE('',#17477,#17478);
#17477 = CARTESIAN_POINT('',(460.206,123.174,-13.7));
#17478 = VECTOR('',#17479,1.);
#17479 = DIRECTION('',(0.,0.,1.));
#17480 = CYLINDRICAL_SURFACE('',#17481,3.174);
#17481 = AXIS2_PLACEMENT_3D('',#17482,#17483,#17484);
#17482 = CARTESIAN_POINT('',(463.38,123.174,-13.7));
#17483 = DIRECTION('',(0.,0.,1.));
#17484 = DIRECTION('',(-1.,0.,0.));
#17485 = ADVANCED_FACE('',(#17486),#17505,.F.);
#17486 = FACE_BOUND('',#17487,.T.);
#17487 = EDGE_LOOP('',(#17488,#17497,#17498,#17499));
#17488 = ORIENTED_EDGE('',*,*,#17489,.T.);
#17489 = EDGE_CURVE('',#17490,#17441,#17492,.T.);
#17490 = VERTEX_POINT('',#17491);
#17491 = CARTESIAN_POINT('',(460.206,141.826,-13.7));
#17492 = CIRCLE('',#17493,3.174);
#17493 = AXIS2_PLACEMENT_3D('',#17494,#17495,#17496);
#17494 = CARTESIAN_POINT('',(463.38,141.826,-13.7));
#17495 = DIRECTION('',(-0.,-0.,-1.));
#17496 = DIRECTION('',(0.,-1.,0.));
#17497 = ORIENTED_EDGE('',*,*,#17448,.T.);
#17498 = ORIENTED_EDGE('',*,*,#4644,.F.);
#17499 = ORIENTED_EDGE('',*,*,#17500,.F.);
#17500 = EDGE_CURVE('',#17490,#4637,#17501,.T.);
#17501 = LINE('',#17502,#17503);
#17502 = CARTESIAN_POINT('',(460.206,141.826,-13.7));
#17503 = VECTOR('',#17504,1.);
#17504 = DIRECTION('',(0.,0.,1.));
#17505 = CYLINDRICAL_SURFACE('',#17506,3.174);
#17506 = AXIS2_PLACEMENT_3D('',#17507,#17508,#17509);
#17507 = CARTESIAN_POINT('',(463.38,141.826,-13.7));
#17508 = DIRECTION('',(0.,0.,1.));
#17509 = DIRECTION('',(-1.,0.,0.));
#17510 = ADVANCED_FACE('',(#17511),#17522,.T.);
#17511 = FACE_BOUND('',#17512,.T.);
#17512 = EDGE_LOOP('',(#17513,#17514,#17515,#17521));
#17513 = ORIENTED_EDGE('',*,*,#4636,.F.);
#17514 = ORIENTED_EDGE('',*,*,#17475,.F.);
#17515 = ORIENTED_EDGE('',*,*,#17516,.T.);
#17516 = EDGE_CURVE('',#17465,#17490,#17517,.T.);
#17517 = LINE('',#17518,#17519);
#17518 = CARTESIAN_POINT('',(460.206,120.,-13.7));
#17519 = VECTOR('',#17520,1.);
#17520 = DIRECTION('',(0.,1.,0.));
#17521 = ORIENTED_EDGE('',*,*,#17500,.T.);
#17522 = PLANE('',#17523);
#17523 = AXIS2_PLACEMENT_3D('',#17524,#17525,#17526);
#17524 = CARTESIAN_POINT('',(460.206,120.,-13.7));
#17525 = DIRECTION('',(1.,0.,0.));
#17526 = DIRECTION('',(0.,0.,1.));
#17527 = ADVANCED_FACE('',(#17528),#17538,.T.);
#17528 = FACE_BOUND('',#17529,.T.);
#17529 = EDGE_LOOP('',(#17530,#17531,#17532,#17533,#17534,#17535,#17536,
    #17537));
#17530 = ORIENTED_EDGE('',*,*,#17344,.T.);
#17531 = ORIENTED_EDGE('',*,*,#17391,.T.);
#17532 = ORIENTED_EDGE('',*,*,#17440,.F.);
#17533 = ORIENTED_EDGE('',*,*,#17489,.F.);
#17534 = ORIENTED_EDGE('',*,*,#17516,.F.);
#17535 = ORIENTED_EDGE('',*,*,#17464,.T.);
#17536 = ORIENTED_EDGE('',*,*,#17416,.T.);
#17537 = ORIENTED_EDGE('',*,*,#17366,.T.);
#17538 = PLANE('',#17539);
#17539 = AXIS2_PLACEMENT_3D('',#17540,#17541,#17542);
#17540 = CARTESIAN_POINT('',(460.206,120.,-13.7));
#17541 = DIRECTION('',(0.,0.,1.));
#17542 = DIRECTION('',(1.,0.,0.));
#17543 = ADVANCED_FACE('',(#17544),#17569,.F.);
#17544 = FACE_BOUND('',#17545,.F.);
#17545 = EDGE_LOOP('',(#17546,#17547,#17555,#17563));
#17546 = ORIENTED_EDGE('',*,*,#4670,.F.);
#17547 = ORIENTED_EDGE('',*,*,#17548,.F.);
#17548 = EDGE_CURVE('',#17549,#4671,#17551,.T.);
#17549 = VERTEX_POINT('',#17550);
#17550 = CARTESIAN_POINT('',(462.794,223.826,-13.7));
#17551 = LINE('',#17552,#17553);
#17552 = CARTESIAN_POINT('',(462.794,223.826,-13.7));
#17553 = VECTOR('',#17554,1.);
#17554 = DIRECTION('',(0.,0.,1.));
#17555 = ORIENTED_EDGE('',*,*,#17556,.T.);
#17556 = EDGE_CURVE('',#17549,#17557,#17559,.T.);
#17557 = VERTEX_POINT('',#17558);
#17558 = CARTESIAN_POINT('',(462.794,205.174,-13.7));
#17559 = LINE('',#17560,#17561);
#17560 = CARTESIAN_POINT('',(462.794,227.,-13.7));
#17561 = VECTOR('',#17562,1.);
#17562 = DIRECTION('',(0.,-1.,0.));
#17563 = ORIENTED_EDGE('',*,*,#17564,.T.);
#17564 = EDGE_CURVE('',#17557,#4673,#17565,.T.);
#17565 = LINE('',#17566,#17567);
#17566 = CARTESIAN_POINT('',(462.794,205.174,-13.7));
#17567 = VECTOR('',#17568,1.);
#17568 = DIRECTION('',(0.,0.,1.));
#17569 = PLANE('',#17570);
#17570 = AXIS2_PLACEMENT_3D('',#17571,#17572,#17573);
#17571 = CARTESIAN_POINT('',(462.794,227.,-13.7));
#17572 = DIRECTION('',(-1.,0.,0.));
#17573 = DIRECTION('',(0.,0.,1.));
#17574 = ADVANCED_FACE('',(#17575),#17594,.F.);
#17575 = FACE_BOUND('',#17576,.F.);
#17576 = EDGE_LOOP('',(#17577,#17586,#17587,#17588));
#17577 = ORIENTED_EDGE('',*,*,#17578,.T.);
#17578 = EDGE_CURVE('',#17579,#17549,#17581,.T.);
#17579 = VERTEX_POINT('',#17580);
#17580 = CARTESIAN_POINT('',(465.968,227.,-13.7));
#17581 = CIRCLE('',#17582,3.174);
#17582 = AXIS2_PLACEMENT_3D('',#17583,#17584,#17585);
#17583 = CARTESIAN_POINT('',(465.968,223.826,-13.7));
#17584 = DIRECTION('',(0.,-0.,1.));
#17585 = DIRECTION('',(0.,1.,0.));
#17586 = ORIENTED_EDGE('',*,*,#17548,.T.);
#17587 = ORIENTED_EDGE('',*,*,#4680,.F.);
#17588 = ORIENTED_EDGE('',*,*,#17589,.F.);
#17589 = EDGE_CURVE('',#17579,#4681,#17590,.T.);
#17590 = LINE('',#17591,#17592);
#17591 = CARTESIAN_POINT('',(465.968,227.,-13.7));
#17592 = VECTOR('',#17593,1.);
#17593 = DIRECTION('',(0.,0.,1.));
#17594 = CYLINDRICAL_SURFACE('',#17595,3.174);
#17595 = AXIS2_PLACEMENT_3D('',#17596,#17597,#17598);
#17596 = CARTESIAN_POINT('',(465.968,223.826,-13.7));
#17597 = DIRECTION('',(0.,0.,1.));
#17598 = DIRECTION('',(0.,1.,0.));
#17599 = ADVANCED_FACE('',(#17600),#17619,.F.);
#17600 = FACE_BOUND('',#17601,.F.);
#17601 = EDGE_LOOP('',(#17602,#17611,#17617,#17618));
#17602 = ORIENTED_EDGE('',*,*,#17603,.T.);
#17603 = EDGE_CURVE('',#17557,#17604,#17606,.T.);
#17604 = VERTEX_POINT('',#17605);
#17605 = CARTESIAN_POINT('',(465.968,202.,-13.7));
#17606 = CIRCLE('',#17607,3.174);
#17607 = AXIS2_PLACEMENT_3D('',#17608,#17609,#17610);
#17608 = CARTESIAN_POINT('',(465.968,205.174,-13.7));
#17609 = DIRECTION('',(0.,-0.,1.));
#17610 = DIRECTION('',(0.,1.,0.));
#17611 = ORIENTED_EDGE('',*,*,#17612,.T.);
#17612 = EDGE_CURVE('',#17604,#4724,#17613,.T.);
#17613 = LINE('',#17614,#17615);
#17614 = CARTESIAN_POINT('',(465.968,202.,-13.7));
#17615 = VECTOR('',#17616,1.);
#17616 = DIRECTION('',(0.,0.,1.));
#17617 = ORIENTED_EDGE('',*,*,#4731,.F.);
#17618 = ORIENTED_EDGE('',*,*,#17564,.F.);
#17619 = CYLINDRICAL_SURFACE('',#17620,3.174);
#17620 = AXIS2_PLACEMENT_3D('',#17621,#17622,#17623);
#17621 = CARTESIAN_POINT('',(465.968,205.174,-13.7));
#17622 = DIRECTION('',(0.,0.,1.));
#17623 = DIRECTION('',(-1.,0.,0.));
#17624 = ADVANCED_FACE('',(#17625),#17643,.T.);
#17625 = FACE_BOUND('',#17626,.T.);
#17626 = EDGE_LOOP('',(#17627,#17635,#17641,#17642));
#17627 = ORIENTED_EDGE('',*,*,#17628,.F.);
#17628 = EDGE_CURVE('',#17629,#17579,#17631,.T.);
#17629 = VERTEX_POINT('',#17630);
#17630 = CARTESIAN_POINT('',(466.12,227.,-13.7));
#17631 = LINE('',#17632,#17633);
#17632 = CARTESIAN_POINT('',(469.294,227.,-13.7));
#17633 = VECTOR('',#17634,1.);
#17634 = DIRECTION('',(-1.,0.,0.));
#17635 = ORIENTED_EDGE('',*,*,#17636,.T.);
#17636 = EDGE_CURVE('',#17629,#4690,#17637,.T.);
#17637 = LINE('',#17638,#17639);
#17638 = CARTESIAN_POINT('',(466.12,227.,-13.7));
#17639 = VECTOR('',#17640,1.);
#17640 = DIRECTION('',(0.,0.,1.));
#17641 = ORIENTED_EDGE('',*,*,#4689,.T.);
#17642 = ORIENTED_EDGE('',*,*,#17589,.F.);
#17643 = PLANE('',#17644);
#17644 = AXIS2_PLACEMENT_3D('',#17645,#17646,#17647);
#17645 = CARTESIAN_POINT('',(469.294,227.,-13.7));
#17646 = DIRECTION('',(0.,-1.,0.));
#17647 = DIRECTION('',(0.,0.,1.));
#17648 = ADVANCED_FACE('',(#17649),#17667,.F.);
#17649 = FACE_BOUND('',#17650,.F.);
#17650 = EDGE_LOOP('',(#17651,#17659,#17665,#17666));
#17651 = ORIENTED_EDGE('',*,*,#17652,.F.);
#17652 = EDGE_CURVE('',#17653,#17604,#17655,.T.);
#17653 = VERTEX_POINT('',#17654);
#17654 = CARTESIAN_POINT('',(466.12,202.,-13.7));
#17655 = LINE('',#17656,#17657);
#17656 = CARTESIAN_POINT('',(469.294,202.,-13.7));
#17657 = VECTOR('',#17658,1.);
#17658 = DIRECTION('',(-1.,0.,0.));
#17659 = ORIENTED_EDGE('',*,*,#17660,.T.);
#17660 = EDGE_CURVE('',#17653,#4715,#17661,.T.);
#17661 = LINE('',#17662,#17663);
#17662 = CARTESIAN_POINT('',(466.12,202.,-13.7));
#17663 = VECTOR('',#17664,1.);
#17664 = DIRECTION('',(0.,0.,1.));
#17665 = ORIENTED_EDGE('',*,*,#4723,.T.);
#17666 = ORIENTED_EDGE('',*,*,#17612,.F.);
#17667 = PLANE('',#17668);
#17668 = AXIS2_PLACEMENT_3D('',#17669,#17670,#17671);
#17669 = CARTESIAN_POINT('',(469.294,202.,-13.7));
#17670 = DIRECTION('',(0.,-1.,0.));
#17671 = DIRECTION('',(0.,0.,1.));
#17672 = ADVANCED_FACE('',(#17673),#17692,.F.);
#17673 = FACE_BOUND('',#17674,.F.);
#17674 = EDGE_LOOP('',(#17675,#17684,#17685,#17686));
#17675 = ORIENTED_EDGE('',*,*,#17676,.T.);
#17676 = EDGE_CURVE('',#17677,#17629,#17679,.T.);
#17677 = VERTEX_POINT('',#17678);
#17678 = CARTESIAN_POINT('',(469.294,223.826,-13.7));
#17679 = CIRCLE('',#17680,3.174);
#17680 = AXIS2_PLACEMENT_3D('',#17681,#17682,#17683);
#17681 = CARTESIAN_POINT('',(466.12,223.826,-13.7));
#17682 = DIRECTION('',(0.,-0.,1.));
#17683 = DIRECTION('',(0.,1.,0.));
#17684 = ORIENTED_EDGE('',*,*,#17636,.T.);
#17685 = ORIENTED_EDGE('',*,*,#4697,.F.);
#17686 = ORIENTED_EDGE('',*,*,#17687,.F.);
#17687 = EDGE_CURVE('',#17677,#4698,#17688,.T.);
#17688 = LINE('',#17689,#17690);
#17689 = CARTESIAN_POINT('',(469.294,223.826,-13.7));
#17690 = VECTOR('',#17691,1.);
#17691 = DIRECTION('',(0.,0.,1.));
#17692 = CYLINDRICAL_SURFACE('',#17693,3.174);
#17693 = AXIS2_PLACEMENT_3D('',#17694,#17695,#17696);
#17694 = CARTESIAN_POINT('',(466.12,223.826,-13.7));
#17695 = DIRECTION('',(0.,0.,1.));
#17696 = DIRECTION('',(1.,0.,0.));
#17697 = ADVANCED_FACE('',(#17698),#17717,.F.);
#17698 = FACE_BOUND('',#17699,.T.);
#17699 = EDGE_LOOP('',(#17700,#17709,#17710,#17711));
#17700 = ORIENTED_EDGE('',*,*,#17701,.T.);
#17701 = EDGE_CURVE('',#17702,#17653,#17704,.T.);
#17702 = VERTEX_POINT('',#17703);
#17703 = CARTESIAN_POINT('',(469.294,205.174,-13.7));
#17704 = CIRCLE('',#17705,3.174);
#17705 = AXIS2_PLACEMENT_3D('',#17706,#17707,#17708);
#17706 = CARTESIAN_POINT('',(466.12,205.174,-13.7));
#17707 = DIRECTION('',(0.,0.,-1.));
#17708 = DIRECTION('',(0.,1.,0.));
#17709 = ORIENTED_EDGE('',*,*,#17660,.T.);
#17710 = ORIENTED_EDGE('',*,*,#4714,.F.);
#17711 = ORIENTED_EDGE('',*,*,#17712,.F.);
#17712 = EDGE_CURVE('',#17702,#4707,#17713,.T.);
#17713 = LINE('',#17714,#17715);
#17714 = CARTESIAN_POINT('',(469.294,205.174,-13.7));
#17715 = VECTOR('',#17716,1.);
#17716 = DIRECTION('',(0.,0.,1.));
#17717 = CYLINDRICAL_SURFACE('',#17718,3.174);
#17718 = AXIS2_PLACEMENT_3D('',#17719,#17720,#17721);
#17719 = CARTESIAN_POINT('',(466.12,205.174,-13.7));
#17720 = DIRECTION('',(0.,0.,1.));
#17721 = DIRECTION('',(1.,0.,0.));
#17722 = ADVANCED_FACE('',(#17723),#17734,.T.);
#17723 = FACE_BOUND('',#17724,.T.);
#17724 = EDGE_LOOP('',(#17725,#17726,#17727,#17733));
#17725 = ORIENTED_EDGE('',*,*,#4706,.F.);
#17726 = ORIENTED_EDGE('',*,*,#17687,.F.);
#17727 = ORIENTED_EDGE('',*,*,#17728,.T.);
#17728 = EDGE_CURVE('',#17677,#17702,#17729,.T.);
#17729 = LINE('',#17730,#17731);
#17730 = CARTESIAN_POINT('',(469.294,227.,-13.7));
#17731 = VECTOR('',#17732,1.);
#17732 = DIRECTION('',(0.,-1.,0.));
#17733 = ORIENTED_EDGE('',*,*,#17712,.T.);
#17734 = PLANE('',#17735);
#17735 = AXIS2_PLACEMENT_3D('',#17736,#17737,#17738);
#17736 = CARTESIAN_POINT('',(469.294,227.,-13.7));
#17737 = DIRECTION('',(-1.,0.,0.));
#17738 = DIRECTION('',(0.,0.,1.));
#17739 = ADVANCED_FACE('',(#17740),#17750,.T.);
#17740 = FACE_BOUND('',#17741,.T.);
#17741 = EDGE_LOOP('',(#17742,#17743,#17744,#17745,#17746,#17747,#17748,
    #17749));
#17742 = ORIENTED_EDGE('',*,*,#17556,.T.);
#17743 = ORIENTED_EDGE('',*,*,#17603,.T.);
#17744 = ORIENTED_EDGE('',*,*,#17652,.F.);
#17745 = ORIENTED_EDGE('',*,*,#17701,.F.);
#17746 = ORIENTED_EDGE('',*,*,#17728,.F.);
#17747 = ORIENTED_EDGE('',*,*,#17676,.T.);
#17748 = ORIENTED_EDGE('',*,*,#17628,.T.);
#17749 = ORIENTED_EDGE('',*,*,#17578,.T.);
#17750 = PLANE('',#17751);
#17751 = AXIS2_PLACEMENT_3D('',#17752,#17753,#17754);
#17752 = CARTESIAN_POINT('',(469.294,227.,-13.7));
#17753 = DIRECTION('',(0.,0.,1.));
#17754 = DIRECTION('',(-1.,0.,0.));
#17755 = ADVANCED_FACE('',(#17756),#17781,.F.);
#17756 = FACE_BOUND('',#17757,.F.);
#17757 = EDGE_LOOP('',(#17758,#17759,#17767,#17775));
#17758 = ORIENTED_EDGE('',*,*,#4740,.F.);
#17759 = ORIENTED_EDGE('',*,*,#17760,.F.);
#17760 = EDGE_CURVE('',#17761,#4741,#17763,.T.);
#17761 = VERTEX_POINT('',#17762);
#17762 = CARTESIAN_POINT('',(282.326,230.706,-13.7));
#17763 = LINE('',#17764,#17765);
#17764 = CARTESIAN_POINT('',(282.326,230.706,-13.7));
#17765 = VECTOR('',#17766,1.);
#17766 = DIRECTION('',(0.,0.,1.));
#17767 = ORIENTED_EDGE('',*,*,#17768,.T.);
#17768 = EDGE_CURVE('',#17761,#17769,#17771,.T.);
#17769 = VERTEX_POINT('',#17770);
#17770 = CARTESIAN_POINT('',(263.674,230.706,-13.7));
#17771 = LINE('',#17772,#17773);
#17772 = CARTESIAN_POINT('',(285.5,230.706,-13.7));
#17773 = VECTOR('',#17774,1.);
#17774 = DIRECTION('',(-1.,0.,0.));
#17775 = ORIENTED_EDGE('',*,*,#17776,.T.);
#17776 = EDGE_CURVE('',#17769,#4743,#17777,.T.);
#17777 = LINE('',#17778,#17779);
#17778 = CARTESIAN_POINT('',(263.674,230.706,-13.7));
#17779 = VECTOR('',#17780,1.);
#17780 = DIRECTION('',(0.,0.,1.));
#17781 = PLANE('',#17782);
#17782 = AXIS2_PLACEMENT_3D('',#17783,#17784,#17785);
#17783 = CARTESIAN_POINT('',(285.5,230.706,-13.7));
#17784 = DIRECTION('',(0.,1.,0.));
#17785 = DIRECTION('',(0.,0.,1.));
#17786 = ADVANCED_FACE('',(#17787),#17806,.F.);
#17787 = FACE_BOUND('',#17788,.F.);
#17788 = EDGE_LOOP('',(#17789,#17798,#17799,#17800));
#17789 = ORIENTED_EDGE('',*,*,#17790,.T.);
#17790 = EDGE_CURVE('',#17791,#17761,#17793,.T.);
#17791 = VERTEX_POINT('',#17792);
#17792 = CARTESIAN_POINT('',(285.5,227.532,-13.7));
#17793 = CIRCLE('',#17794,3.174);
#17794 = AXIS2_PLACEMENT_3D('',#17795,#17796,#17797);
#17795 = CARTESIAN_POINT('',(282.326,227.532,-13.7));
#17796 = DIRECTION('',(0.,0.,1.));
#17797 = DIRECTION('',(1.,0.,0.));
#17798 = ORIENTED_EDGE('',*,*,#17760,.T.);
#17799 = ORIENTED_EDGE('',*,*,#4750,.F.);
#17800 = ORIENTED_EDGE('',*,*,#17801,.F.);
#17801 = EDGE_CURVE('',#17791,#4751,#17802,.T.);
#17802 = LINE('',#17803,#17804);
#17803 = CARTESIAN_POINT('',(285.5,227.532,-13.7));
#17804 = VECTOR('',#17805,1.);
#17805 = DIRECTION('',(0.,0.,1.));
#17806 = CYLINDRICAL_SURFACE('',#17807,3.174);
#17807 = AXIS2_PLACEMENT_3D('',#17808,#17809,#17810);
#17808 = CARTESIAN_POINT('',(282.326,227.532,-13.7));
#17809 = DIRECTION('',(0.,0.,1.));
#17810 = DIRECTION('',(1.,0.,0.));
#17811 = ADVANCED_FACE('',(#17812),#17831,.F.);
#17812 = FACE_BOUND('',#17813,.F.);
#17813 = EDGE_LOOP('',(#17814,#17823,#17829,#17830));
#17814 = ORIENTED_EDGE('',*,*,#17815,.T.);
#17815 = EDGE_CURVE('',#17769,#17816,#17818,.T.);
#17816 = VERTEX_POINT('',#17817);
#17817 = CARTESIAN_POINT('',(260.5,227.532,-13.7));
#17818 = CIRCLE('',#17819,3.174);
#17819 = AXIS2_PLACEMENT_3D('',#17820,#17821,#17822);
#17820 = CARTESIAN_POINT('',(263.674,227.532,-13.7));
#17821 = DIRECTION('',(0.,0.,1.));
#17822 = DIRECTION('',(1.,0.,0.));
#17823 = ORIENTED_EDGE('',*,*,#17824,.T.);
#17824 = EDGE_CURVE('',#17816,#4794,#17825,.T.);
#17825 = LINE('',#17826,#17827);
#17826 = CARTESIAN_POINT('',(260.5,227.532,-13.7));
#17827 = VECTOR('',#17828,1.);
#17828 = DIRECTION('',(0.,0.,1.));
#17829 = ORIENTED_EDGE('',*,*,#4801,.F.);
#17830 = ORIENTED_EDGE('',*,*,#17776,.F.);
#17831 = CYLINDRICAL_SURFACE('',#17832,3.174);
#17832 = AXIS2_PLACEMENT_3D('',#17833,#17834,#17835);
#17833 = CARTESIAN_POINT('',(263.674,227.532,-13.7));
#17834 = DIRECTION('',(0.,0.,1.));
#17835 = DIRECTION('',(0.,1.,0.));
#17836 = ADVANCED_FACE('',(#17837),#17855,.T.);
#17837 = FACE_BOUND('',#17838,.T.);
#17838 = EDGE_LOOP('',(#17839,#17847,#17853,#17854));
#17839 = ORIENTED_EDGE('',*,*,#17840,.F.);
#17840 = EDGE_CURVE('',#17841,#17791,#17843,.T.);
#17841 = VERTEX_POINT('',#17842);
#17842 = CARTESIAN_POINT('',(285.5,227.38,-13.7));
#17843 = LINE('',#17844,#17845);
#17844 = CARTESIAN_POINT('',(285.5,224.206,-13.7));
#17845 = VECTOR('',#17846,1.);
#17846 = DIRECTION('',(0.,1.,0.));
#17847 = ORIENTED_EDGE('',*,*,#17848,.T.);
#17848 = EDGE_CURVE('',#17841,#4760,#17849,.T.);
#17849 = LINE('',#17850,#17851);
#17850 = CARTESIAN_POINT('',(285.5,227.38,-13.7));
#17851 = VECTOR('',#17852,1.);
#17852 = DIRECTION('',(0.,0.,1.));
#17853 = ORIENTED_EDGE('',*,*,#4759,.T.);
#17854 = ORIENTED_EDGE('',*,*,#17801,.F.);
#17855 = PLANE('',#17856);
#17856 = AXIS2_PLACEMENT_3D('',#17857,#17858,#17859);
#17857 = CARTESIAN_POINT('',(285.5,224.206,-13.7));
#17858 = DIRECTION('',(-1.,0.,0.));
#17859 = DIRECTION('',(0.,0.,1.));
#17860 = ADVANCED_FACE('',(#17861),#17879,.F.);
#17861 = FACE_BOUND('',#17862,.F.);
#17862 = EDGE_LOOP('',(#17863,#17871,#17877,#17878));
#17863 = ORIENTED_EDGE('',*,*,#17864,.F.);
#17864 = EDGE_CURVE('',#17865,#17816,#17867,.T.);
#17865 = VERTEX_POINT('',#17866);
#17866 = CARTESIAN_POINT('',(260.5,227.38,-13.7));
#17867 = LINE('',#17868,#17869);
#17868 = CARTESIAN_POINT('',(260.5,224.206,-13.7));
#17869 = VECTOR('',#17870,1.);
#17870 = DIRECTION('',(0.,1.,0.));
#17871 = ORIENTED_EDGE('',*,*,#17872,.T.);
#17872 = EDGE_CURVE('',#17865,#4785,#17873,.T.);
#17873 = LINE('',#17874,#17875);
#17874 = CARTESIAN_POINT('',(260.5,227.38,-13.7));
#17875 = VECTOR('',#17876,1.);
#17876 = DIRECTION('',(0.,0.,1.));
#17877 = ORIENTED_EDGE('',*,*,#4793,.T.);
#17878 = ORIENTED_EDGE('',*,*,#17824,.F.);
#17879 = PLANE('',#17880);
#17880 = AXIS2_PLACEMENT_3D('',#17881,#17882,#17883);
#17881 = CARTESIAN_POINT('',(260.5,224.206,-13.7));
#17882 = DIRECTION('',(-1.,0.,0.));
#17883 = DIRECTION('',(0.,0.,1.));
#17884 = ADVANCED_FACE('',(#17885),#17904,.F.);
#17885 = FACE_BOUND('',#17886,.F.);
#17886 = EDGE_LOOP('',(#17887,#17896,#17897,#17898));
#17887 = ORIENTED_EDGE('',*,*,#17888,.T.);
#17888 = EDGE_CURVE('',#17889,#17841,#17891,.T.);
#17889 = VERTEX_POINT('',#17890);
#17890 = CARTESIAN_POINT('',(282.326,224.206,-13.7));
#17891 = CIRCLE('',#17892,3.174);
#17892 = AXIS2_PLACEMENT_3D('',#17893,#17894,#17895);
#17893 = CARTESIAN_POINT('',(282.326,227.38,-13.7));
#17894 = DIRECTION('',(0.,0.,1.));
#17895 = DIRECTION('',(1.,0.,0.));
#17896 = ORIENTED_EDGE('',*,*,#17848,.T.);
#17897 = ORIENTED_EDGE('',*,*,#4767,.F.);
#17898 = ORIENTED_EDGE('',*,*,#17899,.F.);
#17899 = EDGE_CURVE('',#17889,#4768,#17900,.T.);
#17900 = LINE('',#17901,#17902);
#17901 = CARTESIAN_POINT('',(282.326,224.206,-13.7));
#17902 = VECTOR('',#17903,1.);
#17903 = DIRECTION('',(0.,0.,1.));
#17904 = CYLINDRICAL_SURFACE('',#17905,3.174);
#17905 = AXIS2_PLACEMENT_3D('',#17906,#17907,#17908);
#17906 = CARTESIAN_POINT('',(282.326,227.38,-13.7));
#17907 = DIRECTION('',(0.,0.,1.));
#17908 = DIRECTION('',(0.,-1.,0.));
#17909 = ADVANCED_FACE('',(#17910),#17929,.F.);
#17910 = FACE_BOUND('',#17911,.T.);
#17911 = EDGE_LOOP('',(#17912,#17921,#17922,#17923));
#17912 = ORIENTED_EDGE('',*,*,#17913,.T.);
#17913 = EDGE_CURVE('',#17914,#17865,#17916,.T.);
#17914 = VERTEX_POINT('',#17915);
#17915 = CARTESIAN_POINT('',(263.674,224.206,-13.7));
#17916 = CIRCLE('',#17917,3.174);
#17917 = AXIS2_PLACEMENT_3D('',#17918,#17919,#17920);
#17918 = CARTESIAN_POINT('',(263.674,227.38,-13.7));
#17919 = DIRECTION('',(0.,0.,-1.));
#17920 = DIRECTION('',(1.,0.,0.));
#17921 = ORIENTED_EDGE('',*,*,#17872,.T.);
#17922 = ORIENTED_EDGE('',*,*,#4784,.F.);
#17923 = ORIENTED_EDGE('',*,*,#17924,.F.);
#17924 = EDGE_CURVE('',#17914,#4777,#17925,.T.);
#17925 = LINE('',#17926,#17927);
#17926 = CARTESIAN_POINT('',(263.674,224.206,-13.7));
#17927 = VECTOR('',#17928,1.);
#17928 = DIRECTION('',(0.,0.,1.));
#17929 = CYLINDRICAL_SURFACE('',#17930,3.174);
#17930 = AXIS2_PLACEMENT_3D('',#17931,#17932,#17933);
#17931 = CARTESIAN_POINT('',(263.674,227.38,-13.7));
#17932 = DIRECTION('',(0.,0.,1.));
#17933 = DIRECTION('',(0.,-1.,0.));
#17934 = ADVANCED_FACE('',(#17935),#17946,.T.);
#17935 = FACE_BOUND('',#17936,.T.);
#17936 = EDGE_LOOP('',(#17937,#17938,#17939,#17945));
#17937 = ORIENTED_EDGE('',*,*,#4776,.F.);
#17938 = ORIENTED_EDGE('',*,*,#17899,.F.);
#17939 = ORIENTED_EDGE('',*,*,#17940,.T.);
#17940 = EDGE_CURVE('',#17889,#17914,#17941,.T.);
#17941 = LINE('',#17942,#17943);
#17942 = CARTESIAN_POINT('',(285.5,224.206,-13.7));
#17943 = VECTOR('',#17944,1.);
#17944 = DIRECTION('',(-1.,0.,0.));
#17945 = ORIENTED_EDGE('',*,*,#17924,.T.);
#17946 = PLANE('',#17947);
#17947 = AXIS2_PLACEMENT_3D('',#17948,#17949,#17950);
#17948 = CARTESIAN_POINT('',(285.5,224.206,-13.7));
#17949 = DIRECTION('',(0.,1.,0.));
#17950 = DIRECTION('',(0.,0.,1.));
#17951 = ADVANCED_FACE('',(#17952),#17962,.T.);
#17952 = FACE_BOUND('',#17953,.T.);
#17953 = EDGE_LOOP('',(#17954,#17955,#17956,#17957,#17958,#17959,#17960,
    #17961));
#17954 = ORIENTED_EDGE('',*,*,#17768,.T.);
#17955 = ORIENTED_EDGE('',*,*,#17815,.T.);
#17956 = ORIENTED_EDGE('',*,*,#17864,.F.);
#17957 = ORIENTED_EDGE('',*,*,#17913,.F.);
#17958 = ORIENTED_EDGE('',*,*,#17940,.F.);
#17959 = ORIENTED_EDGE('',*,*,#17888,.T.);
#17960 = ORIENTED_EDGE('',*,*,#17840,.T.);
#17961 = ORIENTED_EDGE('',*,*,#17790,.T.);
#17962 = PLANE('',#17963);
#17963 = AXIS2_PLACEMENT_3D('',#17964,#17965,#17966);
#17964 = CARTESIAN_POINT('',(285.5,224.206,-13.7));
#17965 = DIRECTION('',(0.,0.,1.));
#17966 = DIRECTION('',(0.,1.,0.));
#17967 = ADVANCED_FACE('',(#17968),#17987,.F.);
#17968 = FACE_BOUND('',#17969,.F.);
#17969 = EDGE_LOOP('',(#17970,#17979,#17985,#17986));
#17970 = ORIENTED_EDGE('',*,*,#17971,.F.);
#17971 = EDGE_CURVE('',#17972,#17972,#17974,.T.);
#17972 = VERTEX_POINT('',#17973);
#17973 = CARTESIAN_POINT('',(440.53125,304.8,-22.7));
#17974 = CIRCLE('',#17975,7.14375);
#17975 = AXIS2_PLACEMENT_3D('',#17976,#17977,#17978);
#17976 = CARTESIAN_POINT('',(447.675,304.8,-22.7));
#17977 = DIRECTION('',(0.,0.,-1.));
#17978 = DIRECTION('',(-1.,0.,0.));
#17979 = ORIENTED_EDGE('',*,*,#17980,.F.);
#17980 = EDGE_CURVE('',#4811,#17972,#17981,.T.);
#17981 = LINE('',#17982,#17983);
#17982 = CARTESIAN_POINT('',(440.53125,304.8,-12.7));
#17983 = VECTOR('',#17984,1.);
#17984 = DIRECTION('',(0.,0.,-1.));
#17985 = ORIENTED_EDGE('',*,*,#4810,.T.);
#17986 = ORIENTED_EDGE('',*,*,#17980,.T.);
#17987 = CYLINDRICAL_SURFACE('',#17988,7.14375);
#17988 = AXIS2_PLACEMENT_3D('',#17989,#17990,#17991);
#17989 = CARTESIAN_POINT('',(447.675,304.8,-12.7));
#17990 = DIRECTION('',(0.,0.,-1.));
#17991 = DIRECTION('',(-1.,0.,0.));
#17992 = ADVANCED_FACE('',(#17993,#17996),#18007,.F.);
#17993 = FACE_BOUND('',#17994,.F.);
#17994 = EDGE_LOOP('',(#17995));
#17995 = ORIENTED_EDGE('',*,*,#17971,.T.);
#17996 = FACE_BOUND('',#17997,.F.);
#17997 = EDGE_LOOP('',(#17998));
#17998 = ORIENTED_EDGE('',*,*,#17999,.F.);
#17999 = EDGE_CURVE('',#18000,#18000,#18002,.T.);
#18000 = VERTEX_POINT('',#18001);
#18001 = CARTESIAN_POINT('',(444.373,304.8,-22.7));
#18002 = CIRCLE('',#18003,3.302);
#18003 = AXIS2_PLACEMENT_3D('',#18004,#18005,#18006);
#18004 = CARTESIAN_POINT('',(447.675,304.8,-22.7));
#18005 = DIRECTION('',(0.,0.,-1.));
#18006 = DIRECTION('',(-1.,0.,0.));
#18007 = PLANE('',#18008);
#18008 = AXIS2_PLACEMENT_3D('',#18009,#18010,#18011);
#18009 = CARTESIAN_POINT('',(447.675,304.8,-22.7));
#18010 = DIRECTION('',(0.,0.,-1.));
#18011 = DIRECTION('',(-1.,0.,0.));
#18012 = ADVANCED_FACE('',(#18013),#18032,.F.);
#18013 = FACE_BOUND('',#18014,.F.);
#18014 = EDGE_LOOP('',(#18015,#18016,#18024,#18031));
#18015 = ORIENTED_EDGE('',*,*,#17999,.T.);
#18016 = ORIENTED_EDGE('',*,*,#18017,.T.);
#18017 = EDGE_CURVE('',#18000,#18018,#18020,.T.);
#18018 = VERTEX_POINT('',#18019);
#18019 = CARTESIAN_POINT('',(444.373,304.8,-38.1));
#18020 = LINE('',#18021,#18022);
#18021 = CARTESIAN_POINT('',(444.373,304.8,-12.7));
#18022 = VECTOR('',#18023,1.);
#18023 = DIRECTION('',(0.,0.,-1.));
#18024 = ORIENTED_EDGE('',*,*,#18025,.F.);
#18025 = EDGE_CURVE('',#18018,#18018,#18026,.T.);
#18026 = CIRCLE('',#18027,3.302);
#18027 = AXIS2_PLACEMENT_3D('',#18028,#18029,#18030);
#18028 = CARTESIAN_POINT('',(447.675,304.8,-38.1));
#18029 = DIRECTION('',(0.,0.,-1.));
#18030 = DIRECTION('',(-1.,0.,0.));
#18031 = ORIENTED_EDGE('',*,*,#18017,.F.);
#18032 = CYLINDRICAL_SURFACE('',#18033,3.302);
#18033 = AXIS2_PLACEMENT_3D('',#18034,#18035,#18036);
#18034 = CARTESIAN_POINT('',(447.675,304.8,-12.7));
#18035 = DIRECTION('',(0.,0.,-1.));
#18036 = DIRECTION('',(-1.,0.,0.));
#18037 = ADVANCED_FACE('',(#18038),#18057,.F.);
#18038 = FACE_BOUND('',#18039,.F.);
#18039 = EDGE_LOOP('',(#18040,#18049,#18055,#18056));
#18040 = ORIENTED_EDGE('',*,*,#18041,.F.);
#18041 = EDGE_CURVE('',#18042,#18042,#18044,.T.);
#18042 = VERTEX_POINT('',#18043);
#18043 = CARTESIAN_POINT('',(440.53125,50.8,-22.7));
#18044 = CIRCLE('',#18045,7.14375);
#18045 = AXIS2_PLACEMENT_3D('',#18046,#18047,#18048);
#18046 = CARTESIAN_POINT('',(447.675,50.8,-22.7));
#18047 = DIRECTION('',(0.,0.,-1.));
#18048 = DIRECTION('',(-1.,0.,0.));
#18049 = ORIENTED_EDGE('',*,*,#18050,.F.);
#18050 = EDGE_CURVE('',#4822,#18042,#18051,.T.);
#18051 = LINE('',#18052,#18053);
#18052 = CARTESIAN_POINT('',(440.53125,50.8,-12.7));
#18053 = VECTOR('',#18054,1.);
#18054 = DIRECTION('',(0.,0.,-1.));
#18055 = ORIENTED_EDGE('',*,*,#4821,.T.);
#18056 = ORIENTED_EDGE('',*,*,#18050,.T.);
#18057 = CYLINDRICAL_SURFACE('',#18058,7.14375);
#18058 = AXIS2_PLACEMENT_3D('',#18059,#18060,#18061);
#18059 = CARTESIAN_POINT('',(447.675,50.8,-12.7));
#18060 = DIRECTION('',(0.,0.,-1.));
#18061 = DIRECTION('',(-1.,0.,0.));
#18062 = ADVANCED_FACE('',(#18063,#18066),#18077,.F.);
#18063 = FACE_BOUND('',#18064,.F.);
#18064 = EDGE_LOOP('',(#18065));
#18065 = ORIENTED_EDGE('',*,*,#18041,.T.);
#18066 = FACE_BOUND('',#18067,.F.);
#18067 = EDGE_LOOP('',(#18068));
#18068 = ORIENTED_EDGE('',*,*,#18069,.F.);
#18069 = EDGE_CURVE('',#18070,#18070,#18072,.T.);
#18070 = VERTEX_POINT('',#18071);
#18071 = CARTESIAN_POINT('',(444.373,50.8,-22.7));
#18072 = CIRCLE('',#18073,3.302);
#18073 = AXIS2_PLACEMENT_3D('',#18074,#18075,#18076);
#18074 = CARTESIAN_POINT('',(447.675,50.8,-22.7));
#18075 = DIRECTION('',(0.,0.,-1.));
#18076 = DIRECTION('',(-1.,0.,0.));
#18077 = PLANE('',#18078);
#18078 = AXIS2_PLACEMENT_3D('',#18079,#18080,#18081);
#18079 = CARTESIAN_POINT('',(447.675,50.8,-22.7));
#18080 = DIRECTION('',(0.,0.,-1.));
#18081 = DIRECTION('',(-1.,0.,0.));
#18082 = ADVANCED_FACE('',(#18083),#18102,.F.);
#18083 = FACE_BOUND('',#18084,.F.);
#18084 = EDGE_LOOP('',(#18085,#18086,#18094,#18101));
#18085 = ORIENTED_EDGE('',*,*,#18069,.T.);
#18086 = ORIENTED_EDGE('',*,*,#18087,.T.);
#18087 = EDGE_CURVE('',#18070,#18088,#18090,.T.);
#18088 = VERTEX_POINT('',#18089);
#18089 = CARTESIAN_POINT('',(444.373,50.8,-38.1));
#18090 = LINE('',#18091,#18092);
#18091 = CARTESIAN_POINT('',(444.373,50.8,-12.7));
#18092 = VECTOR('',#18093,1.);
#18093 = DIRECTION('',(0.,0.,-1.));
#18094 = ORIENTED_EDGE('',*,*,#18095,.F.);
#18095 = EDGE_CURVE('',#18088,#18088,#18096,.T.);
#18096 = CIRCLE('',#18097,3.302);
#18097 = AXIS2_PLACEMENT_3D('',#18098,#18099,#18100);
#18098 = CARTESIAN_POINT('',(447.675,50.8,-38.1));
#18099 = DIRECTION('',(0.,0.,-1.));
#18100 = DIRECTION('',(-1.,0.,0.));
#18101 = ORIENTED_EDGE('',*,*,#18087,.F.);
#18102 = CYLINDRICAL_SURFACE('',#18103,3.302);
#18103 = AXIS2_PLACEMENT_3D('',#18104,#18105,#18106);
#18104 = CARTESIAN_POINT('',(447.675,50.8,-12.7));
#18105 = DIRECTION('',(0.,0.,-1.));
#18106 = DIRECTION('',(-1.,0.,0.));
#18107 = ADVANCED_FACE('',(#18108),#18127,.F.);
#18108 = FACE_BOUND('',#18109,.F.);
#18109 = EDGE_LOOP('',(#18110,#18119,#18125,#18126));
#18110 = ORIENTED_EDGE('',*,*,#18111,.F.);
#18111 = EDGE_CURVE('',#18112,#18112,#18114,.T.);
#18112 = VERTEX_POINT('',#18113);
#18113 = CARTESIAN_POINT('',(34.13125,304.8,-22.7));
#18114 = CIRCLE('',#18115,7.14375);
#18115 = AXIS2_PLACEMENT_3D('',#18116,#18117,#18118);
#18116 = CARTESIAN_POINT('',(41.275,304.8,-22.7));
#18117 = DIRECTION('',(0.,0.,-1.));
#18118 = DIRECTION('',(-1.,0.,0.));
#18119 = ORIENTED_EDGE('',*,*,#18120,.F.);
#18120 = EDGE_CURVE('',#4833,#18112,#18121,.T.);
#18121 = LINE('',#18122,#18123);
#18122 = CARTESIAN_POINT('',(34.13125,304.8,-12.7));
#18123 = VECTOR('',#18124,1.);
#18124 = DIRECTION('',(0.,0.,-1.));
#18125 = ORIENTED_EDGE('',*,*,#4832,.T.);
#18126 = ORIENTED_EDGE('',*,*,#18120,.T.);
#18127 = CYLINDRICAL_SURFACE('',#18128,7.14375);
#18128 = AXIS2_PLACEMENT_3D('',#18129,#18130,#18131);
#18129 = CARTESIAN_POINT('',(41.275,304.8,-12.7));
#18130 = DIRECTION('',(0.,0.,-1.));
#18131 = DIRECTION('',(-1.,0.,0.));
#18132 = ADVANCED_FACE('',(#18133,#18136),#18147,.F.);
#18133 = FACE_BOUND('',#18134,.F.);
#18134 = EDGE_LOOP('',(#18135));
#18135 = ORIENTED_EDGE('',*,*,#18111,.T.);
#18136 = FACE_BOUND('',#18137,.F.);
#18137 = EDGE_LOOP('',(#18138));
#18138 = ORIENTED_EDGE('',*,*,#18139,.F.);
#18139 = EDGE_CURVE('',#18140,#18140,#18142,.T.);
#18140 = VERTEX_POINT('',#18141);
#18141 = CARTESIAN_POINT('',(37.973,304.8,-22.7));
#18142 = CIRCLE('',#18143,3.302);
#18143 = AXIS2_PLACEMENT_3D('',#18144,#18145,#18146);
#18144 = CARTESIAN_POINT('',(41.275,304.8,-22.7));
#18145 = DIRECTION('',(0.,0.,-1.));
#18146 = DIRECTION('',(-1.,0.,0.));
#18147 = PLANE('',#18148);
#18148 = AXIS2_PLACEMENT_3D('',#18149,#18150,#18151);
#18149 = CARTESIAN_POINT('',(41.275,304.8,-22.7));
#18150 = DIRECTION('',(0.,0.,-1.));
#18151 = DIRECTION('',(-1.,0.,0.));
#18152 = ADVANCED_FACE('',(#18153),#18172,.F.);
#18153 = FACE_BOUND('',#18154,.F.);
#18154 = EDGE_LOOP('',(#18155,#18156,#18164,#18171));
#18155 = ORIENTED_EDGE('',*,*,#18139,.T.);
#18156 = ORIENTED_EDGE('',*,*,#18157,.T.);
#18157 = EDGE_CURVE('',#18140,#18158,#18160,.T.);
#18158 = VERTEX_POINT('',#18159);
#18159 = CARTESIAN_POINT('',(37.973,304.8,-38.1));
#18160 = LINE('',#18161,#18162);
#18161 = CARTESIAN_POINT('',(37.973,304.8,-12.7));
#18162 = VECTOR('',#18163,1.);
#18163 = DIRECTION('',(0.,0.,-1.));
#18164 = ORIENTED_EDGE('',*,*,#18165,.F.);
#18165 = EDGE_CURVE('',#18158,#18158,#18166,.T.);
#18166 = CIRCLE('',#18167,3.302);
#18167 = AXIS2_PLACEMENT_3D('',#18168,#18169,#18170);
#18168 = CARTESIAN_POINT('',(41.275,304.8,-38.1));
#18169 = DIRECTION('',(0.,0.,-1.));
#18170 = DIRECTION('',(-1.,0.,0.));
#18171 = ORIENTED_EDGE('',*,*,#18157,.F.);
#18172 = CYLINDRICAL_SURFACE('',#18173,3.302);
#18173 = AXIS2_PLACEMENT_3D('',#18174,#18175,#18176);
#18174 = CARTESIAN_POINT('',(41.275,304.8,-12.7));
#18175 = DIRECTION('',(0.,0.,-1.));
#18176 = DIRECTION('',(-1.,0.,0.));
#18177 = ADVANCED_FACE('',(#18178),#18197,.F.);
#18178 = FACE_BOUND('',#18179,.F.);
#18179 = EDGE_LOOP('',(#18180,#18189,#18195,#18196));
#18180 = ORIENTED_EDGE('',*,*,#18181,.F.);
#18181 = EDGE_CURVE('',#18182,#18182,#18184,.T.);
#18182 = VERTEX_POINT('',#18183);
#18183 = CARTESIAN_POINT('',(34.13125,50.8,-22.7));
#18184 = CIRCLE('',#18185,7.14375);
#18185 = AXIS2_PLACEMENT_3D('',#18186,#18187,#18188);
#18186 = CARTESIAN_POINT('',(41.275,50.8,-22.7));
#18187 = DIRECTION('',(0.,0.,-1.));
#18188 = DIRECTION('',(-1.,0.,0.));
#18189 = ORIENTED_EDGE('',*,*,#18190,.F.);
#18190 = EDGE_CURVE('',#4844,#18182,#18191,.T.);
#18191 = LINE('',#18192,#18193);
#18192 = CARTESIAN_POINT('',(34.13125,50.8,-12.7));
#18193 = VECTOR('',#18194,1.);
#18194 = DIRECTION('',(0.,0.,-1.));
#18195 = ORIENTED_EDGE('',*,*,#4843,.T.);
#18196 = ORIENTED_EDGE('',*,*,#18190,.T.);
#18197 = CYLINDRICAL_SURFACE('',#18198,7.14375);
#18198 = AXIS2_PLACEMENT_3D('',#18199,#18200,#18201);
#18199 = CARTESIAN_POINT('',(41.275,50.8,-12.7));
#18200 = DIRECTION('',(0.,0.,-1.));
#18201 = DIRECTION('',(-1.,0.,0.));
#18202 = ADVANCED_FACE('',(#18203,#18206),#18217,.F.);
#18203 = FACE_BOUND('',#18204,.F.);
#18204 = EDGE_LOOP('',(#18205));
#18205 = ORIENTED_EDGE('',*,*,#18181,.T.);
#18206 = FACE_BOUND('',#18207,.F.);
#18207 = EDGE_LOOP('',(#18208));
#18208 = ORIENTED_EDGE('',*,*,#18209,.F.);
#18209 = EDGE_CURVE('',#18210,#18210,#18212,.T.);
#18210 = VERTEX_POINT('',#18211);
#18211 = CARTESIAN_POINT('',(37.973,50.8,-22.7));
#18212 = CIRCLE('',#18213,3.302);
#18213 = AXIS2_PLACEMENT_3D('',#18214,#18215,#18216);
#18214 = CARTESIAN_POINT('',(41.275,50.8,-22.7));
#18215 = DIRECTION('',(0.,0.,-1.));
#18216 = DIRECTION('',(-1.,0.,0.));
#18217 = PLANE('',#18218);
#18218 = AXIS2_PLACEMENT_3D('',#18219,#18220,#18221);
#18219 = CARTESIAN_POINT('',(41.275,50.8,-22.7));
#18220 = DIRECTION('',(0.,0.,-1.));
#18221 = DIRECTION('',(-1.,0.,0.));
#18222 = ADVANCED_FACE('',(#18223),#18242,.F.);
#18223 = FACE_BOUND('',#18224,.F.);
#18224 = EDGE_LOOP('',(#18225,#18226,#18234,#18241));
#18225 = ORIENTED_EDGE('',*,*,#18209,.T.);
#18226 = ORIENTED_EDGE('',*,*,#18227,.T.);
#18227 = EDGE_CURVE('',#18210,#18228,#18230,.T.);
#18228 = VERTEX_POINT('',#18229);
#18229 = CARTESIAN_POINT('',(37.973,50.8,-38.1));
#18230 = LINE('',#18231,#18232);
#18231 = CARTESIAN_POINT('',(37.973,50.8,-12.7));
#18232 = VECTOR('',#18233,1.);
#18233 = DIRECTION('',(0.,0.,-1.));
#18234 = ORIENTED_EDGE('',*,*,#18235,.F.);
#18235 = EDGE_CURVE('',#18228,#18228,#18236,.T.);
#18236 = CIRCLE('',#18237,3.302);
#18237 = AXIS2_PLACEMENT_3D('',#18238,#18239,#18240);
#18238 = CARTESIAN_POINT('',(41.275,50.8,-38.1));
#18239 = DIRECTION('',(0.,0.,-1.));
#18240 = DIRECTION('',(-1.,0.,0.));
#18241 = ORIENTED_EDGE('',*,*,#18227,.F.);
#18242 = CYLINDRICAL_SURFACE('',#18243,3.302);
#18243 = AXIS2_PLACEMENT_3D('',#18244,#18245,#18246);
#18244 = CARTESIAN_POINT('',(41.275,50.8,-12.7));
#18245 = DIRECTION('',(0.,0.,-1.));
#18246 = DIRECTION('',(-1.,0.,0.));
#18247 = ADVANCED_FACE('',(#18248),#18267,.F.);
#18248 = FACE_BOUND('',#18249,.F.);
#18249 = EDGE_LOOP('',(#18250,#18259,#18265,#18266));
#18250 = ORIENTED_EDGE('',*,*,#18251,.F.);
#18251 = EDGE_CURVE('',#18252,#18252,#18254,.T.);
#18252 = VERTEX_POINT('',#18253);
#18253 = CARTESIAN_POINT('',(528.26541761165,53.412652818406,-38.1));
#18254 = CIRCLE('',#18255,1.7272);
#18255 = AXIS2_PLACEMENT_3D('',#18256,#18257,#18258);
#18256 = CARTESIAN_POINT('',(528.29810908796,51.685762229117,-38.1));
#18257 = DIRECTION('',(0.,0.,-1.));
#18258 = DIRECTION('',(-1.89274411266E-02,0.999820859941,0.));
#18259 = ORIENTED_EDGE('',*,*,#18260,.F.);
#18260 = EDGE_CURVE('',#4855,#18252,#18261,.T.);
#18261 = LINE('',#18262,#18263);
#18262 = CARTESIAN_POINT('',(528.26541761165,53.412652818406,-12.7));
#18263 = VECTOR('',#18264,1.);
#18264 = DIRECTION('',(0.,0.,-1.));
#18265 = ORIENTED_EDGE('',*,*,#4854,.T.);
#18266 = ORIENTED_EDGE('',*,*,#18260,.T.);
#18267 = CYLINDRICAL_SURFACE('',#18268,1.7272);
#18268 = AXIS2_PLACEMENT_3D('',#18269,#18270,#18271);
#18269 = CARTESIAN_POINT('',(528.29810908796,51.685762229117,-12.7));
#18270 = DIRECTION('',(0.,0.,-1.));
#18271 = DIRECTION('',(-1.89274411266E-02,0.999820859941,0.));
#18272 = ADVANCED_FACE('',(#18273),#18292,.F.);
#18273 = FACE_BOUND('',#18274,.F.);
#18274 = EDGE_LOOP('',(#18275,#18284,#18290,#18291));
#18275 = ORIENTED_EDGE('',*,*,#18276,.F.);
#18276 = EDGE_CURVE('',#18277,#18277,#18279,.T.);
#18277 = VERTEX_POINT('',#18278);
#18278 = CARTESIAN_POINT('',(594.5252,223.664,-38.1));
#18279 = CIRCLE('',#18280,1.7272);
#18280 = AXIS2_PLACEMENT_3D('',#18281,#18282,#18283);
#18281 = CARTESIAN_POINT('',(592.798,223.664,-38.1));
#18282 = DIRECTION('',(0.,0.,-1.));
#18283 = DIRECTION('',(1.,0.,0.));
#18284 = ORIENTED_EDGE('',*,*,#18285,.F.);
#18285 = EDGE_CURVE('',#4866,#18277,#18286,.T.);
#18286 = LINE('',#18287,#18288);
#18287 = CARTESIAN_POINT('',(594.5252,223.664,0.));
#18288 = VECTOR('',#18289,1.);
#18289 = DIRECTION('',(0.,0.,-1.));
#18290 = ORIENTED_EDGE('',*,*,#4865,.T.);
#18291 = ORIENTED_EDGE('',*,*,#18285,.T.);
#18292 = CYLINDRICAL_SURFACE('',#18293,1.7272);
#18293 = AXIS2_PLACEMENT_3D('',#18294,#18295,#18296);
#18294 = CARTESIAN_POINT('',(592.798,223.664,0.));
#18295 = DIRECTION('',(0.,0.,-1.));
#18296 = DIRECTION('',(1.,-0.,0.));
#18297 = ADVANCED_FACE('',(#18298),#18317,.F.);
#18298 = FACE_BOUND('',#18299,.F.);
#18299 = EDGE_LOOP('',(#18300,#18309,#18315,#18316));
#18300 = ORIENTED_EDGE('',*,*,#18301,.F.);
#18301 = EDGE_CURVE('',#18302,#18302,#18304,.T.);
#18302 = VERTEX_POINT('',#18303);
#18303 = CARTESIAN_POINT('',(594.5252,182.664,-38.1));
#18304 = CIRCLE('',#18305,1.7272);
#18305 = AXIS2_PLACEMENT_3D('',#18306,#18307,#18308);
#18306 = CARTESIAN_POINT('',(592.798,182.664,-38.1));
#18307 = DIRECTION('',(0.,0.,-1.));
#18308 = DIRECTION('',(1.,0.,0.));
#18309 = ORIENTED_EDGE('',*,*,#18310,.F.);
#18310 = EDGE_CURVE('',#4877,#18302,#18311,.T.);
#18311 = LINE('',#18312,#18313);
#18312 = CARTESIAN_POINT('',(594.5252,182.664,0.));
#18313 = VECTOR('',#18314,1.);
#18314 = DIRECTION('',(0.,0.,-1.));
#18315 = ORIENTED_EDGE('',*,*,#4876,.T.);
#18316 = ORIENTED_EDGE('',*,*,#18310,.T.);
#18317 = CYLINDRICAL_SURFACE('',#18318,1.7272);
#18318 = AXIS2_PLACEMENT_3D('',#18319,#18320,#18321);
#18319 = CARTESIAN_POINT('',(592.798,182.664,0.));
#18320 = DIRECTION('',(0.,0.,-1.));
#18321 = DIRECTION('',(1.,-0.,0.));
#18322 = ADVANCED_FACE('',(#18323),#18342,.F.);
#18323 = FACE_BOUND('',#18324,.F.);
#18324 = EDGE_LOOP('',(#18325,#18334,#18340,#18341));
#18325 = ORIENTED_EDGE('',*,*,#18326,.F.);
#18326 = EDGE_CURVE('',#18327,#18327,#18329,.T.);
#18327 = VERTEX_POINT('',#18328);
#18328 = CARTESIAN_POINT('',(594.5252,164.336,-38.1));
#18329 = CIRCLE('',#18330,1.7272);
#18330 = AXIS2_PLACEMENT_3D('',#18331,#18332,#18333);
#18331 = CARTESIAN_POINT('',(592.798,164.336,-38.1));
#18332 = DIRECTION('',(0.,0.,-1.));
#18333 = DIRECTION('',(1.,0.,0.));
#18334 = ORIENTED_EDGE('',*,*,#18335,.F.);
#18335 = EDGE_CURVE('',#4888,#18327,#18336,.T.);
#18336 = LINE('',#18337,#18338);
#18337 = CARTESIAN_POINT('',(594.5252,164.336,0.));
#18338 = VECTOR('',#18339,1.);
#18339 = DIRECTION('',(0.,0.,-1.));
#18340 = ORIENTED_EDGE('',*,*,#4887,.T.);
#18341 = ORIENTED_EDGE('',*,*,#18335,.T.);
#18342 = CYLINDRICAL_SURFACE('',#18343,1.7272);
#18343 = AXIS2_PLACEMENT_3D('',#18344,#18345,#18346);
#18344 = CARTESIAN_POINT('',(592.798,164.336,0.));
#18345 = DIRECTION('',(0.,0.,-1.));
#18346 = DIRECTION('',(1.,-0.,0.));
#18347 = ADVANCED_FACE('',(#18348),#18367,.F.);
#18348 = FACE_BOUND('',#18349,.F.);
#18349 = EDGE_LOOP('',(#18350,#18359,#18365,#18366));
#18350 = ORIENTED_EDGE('',*,*,#18351,.F.);
#18351 = EDGE_CURVE('',#18352,#18352,#18354,.T.);
#18352 = VERTEX_POINT('',#18353);
#18353 = CARTESIAN_POINT('',(565.18671143222,95.703426873431,-38.1));
#18354 = CIRCLE('',#18355,1.7272);
#18355 = AXIS2_PLACEMENT_3D('',#18356,#18357,#18358);
#18356 = CARTESIAN_POINT('',(563.98873175076,94.459214462789,-38.1));
#18357 = DIRECTION('',(0.,0.,-1.));
#18358 = DIRECTION('',(0.693596388065,0.720363832007,0.));
#18359 = ORIENTED_EDGE('',*,*,#18360,.F.);
#18360 = EDGE_CURVE('',#4899,#18352,#18361,.T.);
#18361 = LINE('',#18362,#18363);
#18362 = CARTESIAN_POINT('',(565.18671143222,95.703426873431,-12.7));
#18363 = VECTOR('',#18364,1.);
#18364 = DIRECTION('',(0.,-0.,-1.));
#18365 = ORIENTED_EDGE('',*,*,#4898,.T.);
#18366 = ORIENTED_EDGE('',*,*,#18360,.T.);
#18367 = CYLINDRICAL_SURFACE('',#18368,1.7272);
#18368 = AXIS2_PLACEMENT_3D('',#18369,#18370,#18371);
#18369 = CARTESIAN_POINT('',(563.98873175076,94.459214462789,-12.7));
#18370 = DIRECTION('',(0.,-0.,-1.));
#18371 = DIRECTION('',(0.693596388065,0.720363832007,0.));
#18372 = ADVANCED_FACE('',(#18373),#18392,.F.);
#18373 = FACE_BOUND('',#18374,.F.);
#18374 = EDGE_LOOP('',(#18375,#18384,#18390,#18391));
#18375 = ORIENTED_EDGE('',*,*,#18376,.F.);
#18376 = EDGE_CURVE('',#18377,#18377,#18379,.T.);
#18377 = VERTEX_POINT('',#18378);
#18378 = CARTESIAN_POINT('',(594.5252,205.336,-38.1));
#18379 = CIRCLE('',#18380,1.7272);
#18380 = AXIS2_PLACEMENT_3D('',#18381,#18382,#18383);
#18381 = CARTESIAN_POINT('',(592.798,205.336,-38.1));
#18382 = DIRECTION('',(0.,0.,-1.));
#18383 = DIRECTION('',(1.,0.,0.));
#18384 = ORIENTED_EDGE('',*,*,#18385,.F.);
#18385 = EDGE_CURVE('',#4910,#18377,#18386,.T.);
#18386 = LINE('',#18387,#18388);
#18387 = CARTESIAN_POINT('',(594.5252,205.336,0.));
#18388 = VECTOR('',#18389,1.);
#18389 = DIRECTION('',(0.,0.,-1.));
#18390 = ORIENTED_EDGE('',*,*,#4909,.T.);
#18391 = ORIENTED_EDGE('',*,*,#18385,.T.);
#18392 = CYLINDRICAL_SURFACE('',#18393,1.7272);
#18393 = AXIS2_PLACEMENT_3D('',#18394,#18395,#18396);
#18394 = CARTESIAN_POINT('',(592.798,205.336,0.));
#18395 = DIRECTION('',(0.,0.,-1.));
#18396 = DIRECTION('',(1.,-0.,0.));
#18397 = ADVANCED_FACE('',(#18398),#18417,.F.);
#18398 = FACE_BOUND('',#18399,.F.);
#18399 = EDGE_LOOP('',(#18400,#18409,#18415,#18416));
#18400 = ORIENTED_EDGE('',*,*,#18401,.F.);
#18401 = EDGE_CURVE('',#18402,#18402,#18404,.T.);
#18402 = VERTEX_POINT('',#18403);
#18403 = CARTESIAN_POINT('',(594.5252,141.664,-38.1));
#18404 = CIRCLE('',#18405,1.7272);
#18405 = AXIS2_PLACEMENT_3D('',#18406,#18407,#18408);
#18406 = CARTESIAN_POINT('',(592.798,141.664,-38.1));
#18407 = DIRECTION('',(0.,0.,-1.));
#18408 = DIRECTION('',(1.,0.,0.));
#18409 = ORIENTED_EDGE('',*,*,#18410,.F.);
#18410 = EDGE_CURVE('',#4921,#18402,#18411,.T.);
#18411 = LINE('',#18412,#18413);
#18412 = CARTESIAN_POINT('',(594.5252,141.664,0.));
#18413 = VECTOR('',#18414,1.);
#18414 = DIRECTION('',(0.,0.,-1.));
#18415 = ORIENTED_EDGE('',*,*,#4920,.T.);
#18416 = ORIENTED_EDGE('',*,*,#18410,.T.);
#18417 = CYLINDRICAL_SURFACE('',#18418,1.7272);
#18418 = AXIS2_PLACEMENT_3D('',#18419,#18420,#18421);
#18419 = CARTESIAN_POINT('',(592.798,141.664,0.));
#18420 = DIRECTION('',(0.,0.,-1.));
#18421 = DIRECTION('',(1.,-0.,0.));
#18422 = ADVANCED_FACE('',(#18423),#18442,.F.);
#18423 = FACE_BOUND('',#18424,.F.);
#18424 = EDGE_LOOP('',(#18425,#18434,#18440,#18441));
#18425 = ORIENTED_EDGE('',*,*,#18426,.F.);
#18426 = EDGE_CURVE('',#18427,#18427,#18429,.T.);
#18427 = VERTEX_POINT('',#18428);
#18428 = CARTESIAN_POINT('',(566.81268324505,9.813288567772,-38.1));
#18429 = CIRCLE('',#18430,1.7272);
#18430 = AXIS2_PLACEMENT_3D('',#18431,#18432,#18433);
#18431 = CARTESIAN_POINT('',(565.5684708344,11.011268249237,-38.1));
#18432 = DIRECTION('',(0.,-0.,-1.));
#18433 = DIRECTION('',(0.720363832007,-0.693596388065,0.));
#18434 = ORIENTED_EDGE('',*,*,#18435,.F.);
#18435 = EDGE_CURVE('',#4932,#18427,#18436,.T.);
#18436 = LINE('',#18437,#18438);
#18437 = CARTESIAN_POINT('',(566.81268324505,9.813288567772,-12.7));
#18438 = VECTOR('',#18439,1.);
#18439 = DIRECTION('',(-0.,0.,-1.));
#18440 = ORIENTED_EDGE('',*,*,#4931,.T.);
#18441 = ORIENTED_EDGE('',*,*,#18435,.T.);
#18442 = CYLINDRICAL_SURFACE('',#18443,1.7272);
#18443 = AXIS2_PLACEMENT_3D('',#18444,#18445,#18446);
#18444 = CARTESIAN_POINT('',(565.5684708344,11.011268249237,-12.7));
#18445 = DIRECTION('',(-0.,0.,-1.));
#18446 = DIRECTION('',(0.720363832007,-0.693596388065,0.));
#18447 = ADVANCED_FACE('',(#18448),#18467,.F.);
#18448 = FACE_BOUND('',#18449,.F.);
#18449 = EDGE_LOOP('',(#18450,#18459,#18465,#18466));
#18450 = ORIENTED_EDGE('',*,*,#18451,.F.);
#18451 = EDGE_CURVE('',#18452,#18452,#18454,.T.);
#18452 = VERTEX_POINT('',#18453);
#18453 = CARTESIAN_POINT('',(519.2328,82.,-38.1));
#18454 = CIRCLE('',#18455,1.7272);
#18455 = AXIS2_PLACEMENT_3D('',#18456,#18457,#18458);
#18456 = CARTESIAN_POINT('',(520.96,82.,-38.1));
#18457 = DIRECTION('',(0.,0.,-1.));
#18458 = DIRECTION('',(-1.,0.,0.));
#18459 = ORIENTED_EDGE('',*,*,#18460,.F.);
#18460 = EDGE_CURVE('',#4943,#18452,#18461,.T.);
#18461 = LINE('',#18462,#18463);
#18462 = CARTESIAN_POINT('',(519.2328,82.,0.));
#18463 = VECTOR('',#18464,1.);
#18464 = DIRECTION('',(0.,0.,-1.));
#18465 = ORIENTED_EDGE('',*,*,#4942,.T.);
#18466 = ORIENTED_EDGE('',*,*,#18460,.T.);
#18467 = CYLINDRICAL_SURFACE('',#18468,1.7272);
#18468 = AXIS2_PLACEMENT_3D('',#18469,#18470,#18471);
#18469 = CARTESIAN_POINT('',(520.96,82.,0.));
#18470 = DIRECTION('',(0.,0.,-1.));
#18471 = DIRECTION('',(-1.,0.,0.));
#18472 = ADVANCED_FACE('',(#18473),#18492,.F.);
#18473 = FACE_BOUND('',#18474,.F.);
#18474 = EDGE_LOOP('',(#18475,#18484,#18490,#18491));
#18475 = ORIENTED_EDGE('',*,*,#18476,.F.);
#18476 = EDGE_CURVE('',#18477,#18477,#18479,.T.);
#18477 = VERTEX_POINT('',#18478);
#18478 = CARTESIAN_POINT('',(544.2328,82.,-38.1));
#18479 = CIRCLE('',#18480,1.7272);
#18480 = AXIS2_PLACEMENT_3D('',#18481,#18482,#18483);
#18481 = CARTESIAN_POINT('',(545.96,82.,-38.1));
#18482 = DIRECTION('',(0.,0.,-1.));
#18483 = DIRECTION('',(-1.,0.,0.));
#18484 = ORIENTED_EDGE('',*,*,#18485,.F.);
#18485 = EDGE_CURVE('',#4954,#18477,#18486,.T.);
#18486 = LINE('',#18487,#18488);
#18487 = CARTESIAN_POINT('',(544.2328,82.,0.));
#18488 = VECTOR('',#18489,1.);
#18489 = DIRECTION('',(0.,0.,-1.));
#18490 = ORIENTED_EDGE('',*,*,#4953,.T.);
#18491 = ORIENTED_EDGE('',*,*,#18485,.T.);
#18492 = CYLINDRICAL_SURFACE('',#18493,1.7272);
#18493 = AXIS2_PLACEMENT_3D('',#18494,#18495,#18496);
#18494 = CARTESIAN_POINT('',(545.96,82.,0.));
#18495 = DIRECTION('',(0.,0.,-1.));
#18496 = DIRECTION('',(-1.,0.,0.));
#18497 = ADVANCED_FACE('',(#18498),#18517,.F.);
#18498 = FACE_BOUND('',#18499,.F.);
#18499 = EDGE_LOOP('',(#18500,#18509,#18515,#18516));
#18500 = ORIENTED_EDGE('',*,*,#18501,.F.);
#18501 = EDGE_CURVE('',#18502,#18502,#18504,.T.);
#18502 = VERTEX_POINT('',#18503);
#18503 = CARTESIAN_POINT('',(563.1492581448,333.63755709866,-38.1));
#18504 = CIRCLE('',#18505,1.7272);
#18505 = AXIS2_PLACEMENT_3D('',#18506,#18507,#18508);
#18506 = CARTESIAN_POINT('',(563.18194962112,331.91066650937,-38.1));
#18507 = DIRECTION('',(0.,0.,-1.));
#18508 = DIRECTION('',(-1.89274411266E-02,0.999820859941,0.));
#18509 = ORIENTED_EDGE('',*,*,#18510,.F.);
#18510 = EDGE_CURVE('',#4965,#18502,#18511,.T.);
#18511 = LINE('',#18512,#18513);
#18512 = CARTESIAN_POINT('',(563.1492581448,333.63755709866,-12.7));
#18513 = VECTOR('',#18514,1.);
#18514 = DIRECTION('',(0.,0.,-1.));
#18515 = ORIENTED_EDGE('',*,*,#4964,.T.);
#18516 = ORIENTED_EDGE('',*,*,#18510,.T.);
#18517 = CYLINDRICAL_SURFACE('',#18518,1.7272);
#18518 = AXIS2_PLACEMENT_3D('',#18519,#18520,#18521);
#18519 = CARTESIAN_POINT('',(563.18194962112,331.91066650937,-12.7));
#18520 = DIRECTION('',(0.,0.,-1.));
#18521 = DIRECTION('',(-1.89274411266E-02,0.999820859941,0.));
#18522 = ADVANCED_FACE('',(#18523),#18542,.F.);
#18523 = FACE_BOUND('',#18524,.F.);
#18524 = EDGE_LOOP('',(#18525,#18534,#18540,#18541));
#18525 = ORIENTED_EDGE('',*,*,#18526,.F.);
#18526 = EDGE_CURVE('',#18527,#18527,#18529,.T.);
#18527 = VERTEX_POINT('',#18528);
#18528 = CARTESIAN_POINT('',(594.5252,123.336,-38.1));
#18529 = CIRCLE('',#18530,1.7272);
#18530 = AXIS2_PLACEMENT_3D('',#18531,#18532,#18533);
#18531 = CARTESIAN_POINT('',(592.798,123.336,-38.1));
#18532 = DIRECTION('',(0.,0.,-1.));
#18533 = DIRECTION('',(1.,0.,0.));
#18534 = ORIENTED_EDGE('',*,*,#18535,.F.);
#18535 = EDGE_CURVE('',#4976,#18527,#18536,.T.);
#18536 = LINE('',#18537,#18538);
#18537 = CARTESIAN_POINT('',(594.5252,123.336,0.));
#18538 = VECTOR('',#18539,1.);
#18539 = DIRECTION('',(0.,0.,-1.));
#18540 = ORIENTED_EDGE('',*,*,#4975,.T.);
#18541 = ORIENTED_EDGE('',*,*,#18535,.T.);
#18542 = CYLINDRICAL_SURFACE('',#18543,1.7272);
#18543 = AXIS2_PLACEMENT_3D('',#18544,#18545,#18546);
#18544 = CARTESIAN_POINT('',(592.798,123.336,0.));
#18545 = DIRECTION('',(0.,0.,-1.));
#18546 = DIRECTION('',(1.,-0.,0.));
#18547 = ADVANCED_FACE('',(#18548),#18567,.F.);
#18548 = FACE_BOUND('',#18549,.F.);
#18549 = EDGE_LOOP('',(#18550,#18559,#18565,#18566));
#18550 = ORIENTED_EDGE('',*,*,#18551,.F.);
#18551 = EDGE_CURVE('',#18552,#18552,#18554,.T.);
#18552 = VERTEX_POINT('',#18553);
#18553 = CARTESIAN_POINT('',(601.57983952791,296.20190756684,-38.1));
#18554 = CIRCLE('',#18555,1.7272);
#18555 = AXIS2_PLACEMENT_3D('',#18556,#18557,#18558);
#18556 = CARTESIAN_POINT('',(600.33562711727,297.3998872483,-38.1));
#18557 = DIRECTION('',(0.,-0.,-1.));
#18558 = DIRECTION('',(0.720363832007,-0.693596388065,0.));
#18559 = ORIENTED_EDGE('',*,*,#18560,.F.);
#18560 = EDGE_CURVE('',#4987,#18552,#18561,.T.);
#18561 = LINE('',#18562,#18563);
#18562 = CARTESIAN_POINT('',(601.57983952791,296.20190756684,-12.7));
#18563 = VECTOR('',#18564,1.);
#18564 = DIRECTION('',(-0.,0.,-1.));
#18565 = ORIENTED_EDGE('',*,*,#4986,.T.);
#18566 = ORIENTED_EDGE('',*,*,#18560,.T.);
#18567 = CYLINDRICAL_SURFACE('',#18568,1.7272);
#18568 = AXIS2_PLACEMENT_3D('',#18569,#18570,#18571);
#18569 = CARTESIAN_POINT('',(600.33562711727,297.3998872483,-12.7));
#18570 = DIRECTION('',(-0.,0.,-1.));
#18571 = DIRECTION('',(0.720363832007,-0.693596388065,0.));
#18572 = ADVANCED_FACE('',(#18573),#18592,.F.);
#18573 = FACE_BOUND('',#18574,.F.);
#18574 = EDGE_LOOP('',(#18575,#18584,#18590,#18591));
#18575 = ORIENTED_EDGE('',*,*,#18576,.F.);
#18576 = EDGE_CURVE('',#18577,#18577,#18579,.T.);
#18577 = VERTEX_POINT('',#18578);
#18578 = CARTESIAN_POINT('',(252.61486412606,183.88513587393,-38.1));
#18579 = CIRCLE('',#18580,1.7272);
#18580 = AXIS2_PLACEMENT_3D('',#18581,#18582,#18583);
#18581 = CARTESIAN_POINT('',(253.83617895853,182.66382104146,-38.1));
#18582 = DIRECTION('',(0.,0.,-1.));
#18583 = DIRECTION('',(-0.707106781187,0.707106781187,0.));
#18584 = ORIENTED_EDGE('',*,*,#18585,.F.);
#18585 = EDGE_CURVE('',#4998,#18577,#18586,.T.);
#18586 = LINE('',#18587,#18588);
#18587 = CARTESIAN_POINT('',(252.61486412606,183.88513587393,-12.7));
#18588 = VECTOR('',#18589,1.);
#18589 = DIRECTION('',(0.,0.,-1.));
#18590 = ORIENTED_EDGE('',*,*,#4997,.T.);
#18591 = ORIENTED_EDGE('',*,*,#18585,.T.);
#18592 = CYLINDRICAL_SURFACE('',#18593,1.7272);
#18593 = AXIS2_PLACEMENT_3D('',#18594,#18595,#18596);
#18594 = CARTESIAN_POINT('',(253.83617895853,182.66382104146,-12.7));
#18595 = DIRECTION('',(0.,0.,-1.));
#18596 = DIRECTION('',(-0.707106781187,0.707106781187,0.));
#18597 = ADVANCED_FACE('',(#18598),#18617,.F.);
#18598 = FACE_BOUND('',#18599,.F.);
#18599 = EDGE_LOOP('',(#18600,#18609,#18615,#18616));
#18600 = ORIENTED_EDGE('',*,*,#18601,.F.);
#18601 = EDGE_CURVE('',#18602,#18602,#18604,.T.);
#18602 = VERTEX_POINT('',#18603);
#18603 = CARTESIAN_POINT('',(600.40122262547,358.46102421452,-38.1));
#18604 = CIRCLE('',#18605,1.7272);
#18605 = AXIS2_PLACEMENT_3D('',#18606,#18607,#18608);
#18606 = CARTESIAN_POINT('',(599.203242944,357.21681180388,-38.1));
#18607 = DIRECTION('',(0.,0.,-1.));
#18608 = DIRECTION('',(0.693596388065,0.720363832007,0.));
#18609 = ORIENTED_EDGE('',*,*,#18610,.F.);
#18610 = EDGE_CURVE('',#5009,#18602,#18611,.T.);
#18611 = LINE('',#18612,#18613);
#18612 = CARTESIAN_POINT('',(600.40122262547,358.46102421452,-12.7));
#18613 = VECTOR('',#18614,1.);
#18614 = DIRECTION('',(0.,-0.,-1.));
#18615 = ORIENTED_EDGE('',*,*,#5008,.T.);
#18616 = ORIENTED_EDGE('',*,*,#18610,.T.);
#18617 = CYLINDRICAL_SURFACE('',#18618,1.7272);
#18618 = AXIS2_PLACEMENT_3D('',#18619,#18620,#18621);
#18619 = CARTESIAN_POINT('',(599.203242944,357.21681180388,-12.7));
#18620 = DIRECTION('',(0.,-0.,-1.));
#18621 = DIRECTION('',(0.693596388065,0.720363832007,0.));
#18622 = ADVANCED_FACE('',(#18623),#18642,.F.);
#18623 = FACE_BOUND('',#18624,.F.);
#18624 = EDGE_LOOP('',(#18625,#18634,#18640,#18641));
#18625 = ORIENTED_EDGE('',*,*,#18626,.F.);
#18626 = EDGE_CURVE('',#18627,#18627,#18629,.T.);
#18627 = VERTEX_POINT('',#18628);
#18628 = CARTESIAN_POINT('',(525.2288,275.67,-38.1));
#18629 = CIRCLE('',#18630,1.7272);
#18630 = AXIS2_PLACEMENT_3D('',#18631,#18632,#18633);
#18631 = CARTESIAN_POINT('',(526.956,275.67,-38.1));
#18632 = DIRECTION('',(0.,0.,-1.));
#18633 = DIRECTION('',(-1.,0.,0.));
#18634 = ORIENTED_EDGE('',*,*,#18635,.F.);
#18635 = EDGE_CURVE('',#5020,#18627,#18636,.T.);
#18636 = LINE('',#18637,#18638);
#18637 = CARTESIAN_POINT('',(525.2288,275.67,0.));
#18638 = VECTOR('',#18639,1.);
#18639 = DIRECTION('',(0.,0.,-1.));
#18640 = ORIENTED_EDGE('',*,*,#5019,.T.);
#18641 = ORIENTED_EDGE('',*,*,#18635,.T.);
#18642 = CYLINDRICAL_SURFACE('',#18643,1.7272);
#18643 = AXIS2_PLACEMENT_3D('',#18644,#18645,#18646);
#18644 = CARTESIAN_POINT('',(526.956,275.67,0.));
#18645 = DIRECTION('',(0.,0.,-1.));
#18646 = DIRECTION('',(-1.,0.,0.));
#18647 = ADVANCED_FACE('',(#18648),#18667,.F.);
#18648 = FACE_BOUND('',#18649,.F.);
#18649 = EDGE_LOOP('',(#18650,#18659,#18665,#18666));
#18650 = ORIENTED_EDGE('',*,*,#18651,.F.);
#18651 = EDGE_CURVE('',#18652,#18652,#18654,.T.);
#18652 = VERTEX_POINT('',#18653);
#18653 = CARTESIAN_POINT('',(128.2728,160.,-38.1));
#18654 = CIRCLE('',#18655,1.7272);
#18655 = AXIS2_PLACEMENT_3D('',#18656,#18657,#18658);
#18656 = CARTESIAN_POINT('',(130.,160.,-38.1));
#18657 = DIRECTION('',(0.,0.,-1.));
#18658 = DIRECTION('',(-1.,0.,0.));
#18659 = ORIENTED_EDGE('',*,*,#18660,.F.);
#18660 = EDGE_CURVE('',#5031,#18652,#18661,.T.);
#18661 = LINE('',#18662,#18663);
#18662 = CARTESIAN_POINT('',(128.2728,160.,0.));
#18663 = VECTOR('',#18664,1.);
#18664 = DIRECTION('',(0.,0.,-1.));
#18665 = ORIENTED_EDGE('',*,*,#5030,.T.);
#18666 = ORIENTED_EDGE('',*,*,#18660,.T.);
#18667 = CYLINDRICAL_SURFACE('',#18668,1.7272);
#18668 = AXIS2_PLACEMENT_3D('',#18669,#18670,#18671);
#18669 = CARTESIAN_POINT('',(130.,160.,0.));
#18670 = DIRECTION('',(0.,0.,-1.));
#18671 = DIRECTION('',(-1.,0.,0.));
#18672 = ADVANCED_FACE('',(#18673),#18692,.F.);
#18673 = FACE_BOUND('',#18674,.F.);
#18674 = EDGE_LOOP('',(#18675,#18684,#18690,#18691));
#18675 = ORIENTED_EDGE('',*,*,#18676,.F.);
#18676 = EDGE_CURVE('',#18677,#18677,#18679,.T.);
#18677 = VERTEX_POINT('',#18678);
#18678 = CARTESIAN_POINT('',(571.2328,303.,-38.1));
#18679 = CIRCLE('',#18680,1.7272);
#18680 = AXIS2_PLACEMENT_3D('',#18681,#18682,#18683);
#18681 = CARTESIAN_POINT('',(572.96,303.,-38.1));
#18682 = DIRECTION('',(0.,0.,-1.));
#18683 = DIRECTION('',(-1.,0.,0.));
#18684 = ORIENTED_EDGE('',*,*,#18685,.F.);
#18685 = EDGE_CURVE('',#5042,#18677,#18686,.T.);
#18686 = LINE('',#18687,#18688);
#18687 = CARTESIAN_POINT('',(571.2328,303.,0.));
#18688 = VECTOR('',#18689,1.);
#18689 = DIRECTION('',(0.,0.,-1.));
#18690 = ORIENTED_EDGE('',*,*,#5041,.T.);
#18691 = ORIENTED_EDGE('',*,*,#18685,.T.);
#18692 = CYLINDRICAL_SURFACE('',#18693,1.7272);
#18693 = AXIS2_PLACEMENT_3D('',#18694,#18695,#18696);
#18694 = CARTESIAN_POINT('',(572.96,303.,0.));
#18695 = DIRECTION('',(0.,0.,-1.));
#18696 = DIRECTION('',(-1.,0.,0.));
#18697 = ADVANCED_FACE('',(#18698),#18717,.F.);
#18698 = FACE_BOUND('',#18699,.F.);
#18699 = EDGE_LOOP('',(#18700,#18709,#18715,#18716));
#18700 = ORIENTED_EDGE('',*,*,#18701,.F.);
#18701 = EDGE_CURVE('',#18702,#18702,#18704,.T.);
#18702 = VERTEX_POINT('',#18703);
#18703 = CARTESIAN_POINT('',(546.2328,303.,-38.1));
#18704 = CIRCLE('',#18705,1.7272);
#18705 = AXIS2_PLACEMENT_3D('',#18706,#18707,#18708);
#18706 = CARTESIAN_POINT('',(547.96,303.,-38.1));
#18707 = DIRECTION('',(0.,0.,-1.));
#18708 = DIRECTION('',(-1.,0.,0.));
#18709 = ORIENTED_EDGE('',*,*,#18710,.F.);
#18710 = EDGE_CURVE('',#5053,#18702,#18711,.T.);
#18711 = LINE('',#18712,#18713);
#18712 = CARTESIAN_POINT('',(546.2328,303.,0.));
#18713 = VECTOR('',#18714,1.);
#18714 = DIRECTION('',(0.,0.,-1.));
#18715 = ORIENTED_EDGE('',*,*,#5052,.T.);
#18716 = ORIENTED_EDGE('',*,*,#18710,.T.);
#18717 = CYLINDRICAL_SURFACE('',#18718,1.7272);
#18718 = AXIS2_PLACEMENT_3D('',#18719,#18720,#18721);
#18719 = CARTESIAN_POINT('',(547.96,303.,0.));
#18720 = DIRECTION('',(0.,0.,-1.));
#18721 = DIRECTION('',(-1.,0.,0.));
#18722 = ADVANCED_FACE('',(#18723),#18742,.F.);
#18723 = FACE_BOUND('',#18724,.F.);
#18724 = EDGE_LOOP('',(#18725,#18734,#18740,#18741));
#18725 = ORIENTED_EDGE('',*,*,#18726,.F.);
#18726 = EDGE_CURVE('',#18727,#18727,#18729,.T.);
#18727 = VERTEX_POINT('',#18728);
#18728 = CARTESIAN_POINT('',(206.38513587393,31.614864126069,-38.1));
#18729 = CIRCLE('',#18730,1.7272);
#18730 = AXIS2_PLACEMENT_3D('',#18731,#18732,#18733);
#18731 = CARTESIAN_POINT('',(205.16382104146,32.836178958535,-38.1));
#18732 = DIRECTION('',(0.,-0.,-1.));
#18733 = DIRECTION('',(0.707106781187,-0.707106781187,0.));
#18734 = ORIENTED_EDGE('',*,*,#18735,.F.);
#18735 = EDGE_CURVE('',#5064,#18727,#18736,.T.);
#18736 = LINE('',#18737,#18738);
#18737 = CARTESIAN_POINT('',(206.38513587393,31.614864126069,-12.7));
#18738 = VECTOR('',#18739,1.);
#18739 = DIRECTION('',(-0.,0.,-1.));
#18740 = ORIENTED_EDGE('',*,*,#5063,.T.);
#18741 = ORIENTED_EDGE('',*,*,#18735,.T.);
#18742 = CYLINDRICAL_SURFACE('',#18743,1.7272);
#18743 = AXIS2_PLACEMENT_3D('',#18744,#18745,#18746);
#18744 = CARTESIAN_POINT('',(205.16382104146,32.836178958535,-12.7));
#18745 = DIRECTION('',(-0.,0.,-1.));
#18746 = DIRECTION('',(0.707106781187,-0.707106781187,0.));
#18747 = ADVANCED_FACE('',(#18748),#18767,.F.);
#18748 = FACE_BOUND('',#18749,.F.);
#18749 = EDGE_LOOP('',(#18750,#18759,#18765,#18766));
#18750 = ORIENTED_EDGE('',*,*,#18751,.F.);
#18751 = EDGE_CURVE('',#18752,#18752,#18754,.T.);
#18752 = VERTEX_POINT('',#18753);
#18753 = CARTESIAN_POINT('',(166.2657562334,12.617598426483,-38.1));
#18754 = CIRCLE('',#18755,1.7272);
#18755 = AXIS2_PLACEMENT_3D('',#18756,#18757,#18758);
#18756 = CARTESIAN_POINT('',(167.99264682269,12.650289902797,-38.1));
#18757 = DIRECTION('',(0.,0.,-1.));
#18758 = DIRECTION('',(-0.999820859941,-1.89274411266E-02,-0.));
#18759 = ORIENTED_EDGE('',*,*,#18760,.F.);
#18760 = EDGE_CURVE('',#5075,#18752,#18761,.T.);
#18761 = LINE('',#18762,#18763);
#18762 = CARTESIAN_POINT('',(166.2657562334,12.617598426483,-12.7));
#18763 = VECTOR('',#18764,1.);
#18764 = DIRECTION('',(0.,0.,-1.));
#18765 = ORIENTED_EDGE('',*,*,#5074,.T.);
#18766 = ORIENTED_EDGE('',*,*,#18760,.T.);
#18767 = CYLINDRICAL_SURFACE('',#18768,1.7272);
#18768 = AXIS2_PLACEMENT_3D('',#18769,#18770,#18771);
#18769 = CARTESIAN_POINT('',(167.99264682269,12.650289902797,-12.7));
#18770 = DIRECTION('',(0.,0.,-1.));
#18771 = DIRECTION('',(-0.999820859941,-1.89274411266E-02,0.));
#18772 = ADVANCED_FACE('',(#18773),#18792,.F.);
#18773 = FACE_BOUND('',#18774,.F.);
#18774 = EDGE_LOOP('',(#18775,#18784,#18790,#18791));
#18775 = ORIENTED_EDGE('',*,*,#18776,.F.);
#18776 = EDGE_CURVE('',#18777,#18777,#18779,.T.);
#18777 = VERTEX_POINT('',#18778);
#18778 = CARTESIAN_POINT('',(150.2728,42.,-38.1));
#18779 = CIRCLE('',#18780,1.7272);
#18780 = AXIS2_PLACEMENT_3D('',#18781,#18782,#18783);
#18781 = CARTESIAN_POINT('',(152.,42.,-38.1));
#18782 = DIRECTION('',(0.,0.,-1.));
#18783 = DIRECTION('',(-1.,0.,0.));
#18784 = ORIENTED_EDGE('',*,*,#18785,.F.);
#18785 = EDGE_CURVE('',#5086,#18777,#18786,.T.);
#18786 = LINE('',#18787,#18788);
#18787 = CARTESIAN_POINT('',(150.2728,42.,0.));
#18788 = VECTOR('',#18789,1.);
#18789 = DIRECTION('',(0.,0.,-1.));
#18790 = ORIENTED_EDGE('',*,*,#5085,.T.);
#18791 = ORIENTED_EDGE('',*,*,#18785,.T.);
#18792 = CYLINDRICAL_SURFACE('',#18793,1.7272);
#18793 = AXIS2_PLACEMENT_3D('',#18794,#18795,#18796);
#18794 = CARTESIAN_POINT('',(152.,42.,0.));
#18795 = DIRECTION('',(0.,0.,-1.));
#18796 = DIRECTION('',(-1.,0.,0.));
#18797 = ADVANCED_FACE('',(#18798),#18817,.F.);
#18798 = FACE_BOUND('',#18799,.F.);
#18799 = EDGE_LOOP('',(#18800,#18809,#18815,#18816));
#18800 = ORIENTED_EDGE('',*,*,#18801,.F.);
#18801 = EDGE_CURVE('',#18802,#18802,#18804,.T.);
#18802 = VERTEX_POINT('',#18803);
#18803 = CARTESIAN_POINT('',(194.2728,58.,-38.1));
#18804 = CIRCLE('',#18805,1.7272);
#18805 = AXIS2_PLACEMENT_3D('',#18806,#18807,#18808);
#18806 = CARTESIAN_POINT('',(196.,58.,-38.1));
#18807 = DIRECTION('',(0.,0.,-1.));
#18808 = DIRECTION('',(-1.,0.,0.));
#18809 = ORIENTED_EDGE('',*,*,#18810,.F.);
#18810 = EDGE_CURVE('',#5097,#18802,#18811,.T.);
#18811 = LINE('',#18812,#18813);
#18812 = CARTESIAN_POINT('',(194.2728,58.,0.));
#18813 = VECTOR('',#18814,1.);
#18814 = DIRECTION('',(0.,0.,-1.));
#18815 = ORIENTED_EDGE('',*,*,#5096,.T.);
#18816 = ORIENTED_EDGE('',*,*,#18810,.T.);
#18817 = CYLINDRICAL_SURFACE('',#18818,1.7272);
#18818 = AXIS2_PLACEMENT_3D('',#18819,#18820,#18821);
#18819 = CARTESIAN_POINT('',(196.,58.,0.));
#18820 = DIRECTION('',(0.,0.,-1.));
#18821 = DIRECTION('',(-1.,0.,0.));
#18822 = ADVANCED_FACE('',(#18823),#18842,.F.);
#18823 = FACE_BOUND('',#18824,.F.);
#18824 = EDGE_LOOP('',(#18825,#18834,#18840,#18841));
#18825 = ORIENTED_EDGE('',*,*,#18826,.F.);
#18826 = EDGE_CURVE('',#18827,#18827,#18829,.T.);
#18827 = VERTEX_POINT('',#18828);
#18828 = CARTESIAN_POINT('',(252.61486412606,71.614864126069,-38.1));
#18829 = CIRCLE('',#18830,1.7272);
#18830 = AXIS2_PLACEMENT_3D('',#18831,#18832,#18833);
#18831 = CARTESIAN_POINT('',(253.83617895853,72.836178958535,-38.1));
#18832 = DIRECTION('',(0.,0.,-1.));
#18833 = DIRECTION('',(-0.707106781187,-0.707106781187,-0.));
#18834 = ORIENTED_EDGE('',*,*,#18835,.F.);
#18835 = EDGE_CURVE('',#5108,#18827,#18836,.T.);
#18836 = LINE('',#18837,#18838);
#18837 = CARTESIAN_POINT('',(252.61486412606,71.614864126069,-12.7));
#18838 = VECTOR('',#18839,1.);
#18839 = DIRECTION('',(0.,0.,-1.));
#18840 = ORIENTED_EDGE('',*,*,#5107,.T.);
#18841 = ORIENTED_EDGE('',*,*,#18835,.T.);
#18842 = CYLINDRICAL_SURFACE('',#18843,1.7272);
#18843 = AXIS2_PLACEMENT_3D('',#18844,#18845,#18846);
#18844 = CARTESIAN_POINT('',(253.83617895853,72.836178958535,-12.7));
#18845 = DIRECTION('',(0.,0.,-1.));
#18846 = DIRECTION('',(-0.707106781187,-0.707106781187,0.));
#18847 = ADVANCED_FACE('',(#18848),#18867,.F.);
#18848 = FACE_BOUND('',#18849,.F.);
#18849 = EDGE_LOOP('',(#18850,#18859,#18865,#18866));
#18850 = ORIENTED_EDGE('',*,*,#18851,.F.);
#18851 = EDGE_CURVE('',#18852,#18852,#18854,.T.);
#18852 = VERTEX_POINT('',#18853);
#18853 = CARTESIAN_POINT('',(194.2728,98.,-38.1));
#18854 = CIRCLE('',#18855,1.7272);
#18855 = AXIS2_PLACEMENT_3D('',#18856,#18857,#18858);
#18856 = CARTESIAN_POINT('',(196.,98.,-38.1));
#18857 = DIRECTION('',(0.,0.,-1.));
#18858 = DIRECTION('',(-1.,0.,0.));
#18859 = ORIENTED_EDGE('',*,*,#18860,.F.);
#18860 = EDGE_CURVE('',#5119,#18852,#18861,.T.);
#18861 = LINE('',#18862,#18863);
#18862 = CARTESIAN_POINT('',(194.2728,98.,0.));
#18863 = VECTOR('',#18864,1.);
#18864 = DIRECTION('',(0.,0.,-1.));
#18865 = ORIENTED_EDGE('',*,*,#5118,.T.);
#18866 = ORIENTED_EDGE('',*,*,#18860,.T.);
#18867 = CYLINDRICAL_SURFACE('',#18868,1.7272);
#18868 = AXIS2_PLACEMENT_3D('',#18869,#18870,#18871);
#18869 = CARTESIAN_POINT('',(196.,98.,0.));
#18870 = DIRECTION('',(0.,0.,-1.));
#18871 = DIRECTION('',(-1.,0.,0.));
#18872 = ADVANCED_FACE('',(#18873),#18892,.F.);
#18873 = FACE_BOUND('',#18874,.F.);
#18874 = EDGE_LOOP('',(#18875,#18884,#18890,#18891));
#18875 = ORIENTED_EDGE('',*,*,#18876,.F.);
#18876 = EDGE_CURVE('',#18877,#18877,#18879,.T.);
#18877 = VERTEX_POINT('',#18878);
#18878 = CARTESIAN_POINT('',(128.2728,115.,-38.1));
#18879 = CIRCLE('',#18880,1.7272);
#18880 = AXIS2_PLACEMENT_3D('',#18881,#18882,#18883);
#18881 = CARTESIAN_POINT('',(130.,115.,-38.1));
#18882 = DIRECTION('',(0.,0.,-1.));
#18883 = DIRECTION('',(-1.,0.,0.));
#18884 = ORIENTED_EDGE('',*,*,#18885,.F.);
#18885 = EDGE_CURVE('',#5130,#18877,#18886,.T.);
#18886 = LINE('',#18887,#18888);
#18887 = CARTESIAN_POINT('',(128.2728,115.,0.));
#18888 = VECTOR('',#18889,1.);
#18889 = DIRECTION('',(0.,0.,-1.));
#18890 = ORIENTED_EDGE('',*,*,#5129,.T.);
#18891 = ORIENTED_EDGE('',*,*,#18885,.T.);
#18892 = CYLINDRICAL_SURFACE('',#18893,1.7272);
#18893 = AXIS2_PLACEMENT_3D('',#18894,#18895,#18896);
#18894 = CARTESIAN_POINT('',(130.,115.,0.));
#18895 = DIRECTION('',(0.,0.,-1.));
#18896 = DIRECTION('',(-1.,0.,0.));
#18897 = ADVANCED_FACE('',(#18898),#18917,.F.);
#18898 = FACE_BOUND('',#18899,.F.);
#18899 = EDGE_LOOP('',(#18900,#18909,#18915,#18916));
#18900 = ORIENTED_EDGE('',*,*,#18901,.F.);
#18901 = EDGE_CURVE('',#18902,#18902,#18904,.T.);
#18902 = VERTEX_POINT('',#18903);
#18903 = CARTESIAN_POINT('',(128.2728,70.,-38.1));
#18904 = CIRCLE('',#18905,1.7272);
#18905 = AXIS2_PLACEMENT_3D('',#18906,#18907,#18908);
#18906 = CARTESIAN_POINT('',(130.,70.,-38.1));
#18907 = DIRECTION('',(0.,0.,-1.));
#18908 = DIRECTION('',(-1.,0.,0.));
#18909 = ORIENTED_EDGE('',*,*,#18910,.F.);
#18910 = EDGE_CURVE('',#5141,#18902,#18911,.T.);
#18911 = LINE('',#18912,#18913);
#18912 = CARTESIAN_POINT('',(128.2728,70.,0.));
#18913 = VECTOR('',#18914,1.);
#18914 = DIRECTION('',(0.,0.,-1.));
#18915 = ORIENTED_EDGE('',*,*,#5140,.T.);
#18916 = ORIENTED_EDGE('',*,*,#18910,.T.);
#18917 = CYLINDRICAL_SURFACE('',#18918,1.7272);
#18918 = AXIS2_PLACEMENT_3D('',#18919,#18920,#18921);
#18919 = CARTESIAN_POINT('',(130.,70.,0.));
#18920 = DIRECTION('',(0.,0.,-1.));
#18921 = DIRECTION('',(-1.,0.,0.));
#18922 = ADVANCED_FACE('',(#18923),#18942,.F.);
#18923 = FACE_BOUND('',#18924,.F.);
#18924 = EDGE_LOOP('',(#18925,#18934,#18940,#18941));
#18925 = ORIENTED_EDGE('',*,*,#18926,.F.);
#18926 = EDGE_CURVE('',#18927,#18927,#18929,.T.);
#18927 = VERTEX_POINT('',#18928);
#18928 = CARTESIAN_POINT('',(119.61486412606,31.614864126069,-38.1));
#18929 = CIRCLE('',#18930,1.7272);
#18930 = AXIS2_PLACEMENT_3D('',#18931,#18932,#18933);
#18931 = CARTESIAN_POINT('',(120.83617895853,32.836178958535,-38.1));
#18932 = DIRECTION('',(0.,0.,-1.));
#18933 = DIRECTION('',(-0.707106781187,-0.707106781187,-0.));
#18934 = ORIENTED_EDGE('',*,*,#18935,.F.);
#18935 = EDGE_CURVE('',#5152,#18927,#18936,.T.);
#18936 = LINE('',#18937,#18938);
#18937 = CARTESIAN_POINT('',(119.61486412606,31.614864126069,-12.7));
#18938 = VECTOR('',#18939,1.);
#18939 = DIRECTION('',(0.,0.,-1.));
#18940 = ORIENTED_EDGE('',*,*,#5151,.T.);
#18941 = ORIENTED_EDGE('',*,*,#18935,.T.);
#18942 = CYLINDRICAL_SURFACE('',#18943,1.7272);
#18943 = AXIS2_PLACEMENT_3D('',#18944,#18945,#18946);
#18944 = CARTESIAN_POINT('',(120.83617895853,32.836178958535,-12.7));
#18945 = DIRECTION('',(0.,0.,-1.));
#18946 = DIRECTION('',(-0.707106781187,-0.707106781187,0.));
#18947 = ADVANCED_FACE('',(#18948),#18967,.F.);
#18948 = FACE_BOUND('',#18949,.F.);
#18949 = EDGE_LOOP('',(#18950,#18959,#18965,#18966));
#18950 = ORIENTED_EDGE('',*,*,#18951,.F.);
#18951 = EDGE_CURVE('',#18952,#18952,#18954,.T.);
#18952 = VERTEX_POINT('',#18953);
#18953 = CARTESIAN_POINT('',(140.38513587393,348.38513587393,-38.1));
#18954 = CIRCLE('',#18955,1.7272);
#18955 = AXIS2_PLACEMENT_3D('',#18956,#18957,#18958);
#18956 = CARTESIAN_POINT('',(139.16382104146,347.16382104146,-38.1));
#18957 = DIRECTION('',(0.,0.,-1.));
#18958 = DIRECTION('',(0.707106781187,0.707106781187,0.));
#18959 = ORIENTED_EDGE('',*,*,#18960,.F.);
#18960 = EDGE_CURVE('',#5163,#18952,#18961,.T.);
#18961 = LINE('',#18962,#18963);
#18962 = CARTESIAN_POINT('',(140.38513587393,348.38513587393,-12.7));
#18963 = VECTOR('',#18964,1.);
#18964 = DIRECTION('',(0.,-0.,-1.));
#18965 = ORIENTED_EDGE('',*,*,#5162,.T.);
#18966 = ORIENTED_EDGE('',*,*,#18960,.T.);
#18967 = CYLINDRICAL_SURFACE('',#18968,1.7272);
#18968 = AXIS2_PLACEMENT_3D('',#18969,#18970,#18971);
#18969 = CARTESIAN_POINT('',(139.16382104146,347.16382104146,-12.7));
#18970 = DIRECTION('',(0.,-0.,-1.));
#18971 = DIRECTION('',(0.707106781187,0.707106781187,0.));
#18972 = ADVANCED_FACE('',(#18973),#18992,.F.);
#18973 = FACE_BOUND('',#18974,.F.);
#18974 = EDGE_LOOP('',(#18975,#18984,#18990,#18991));
#18975 = ORIENTED_EDGE('',*,*,#18976,.F.);
#18976 = EDGE_CURVE('',#18977,#18977,#18979,.T.);
#18977 = VERTEX_POINT('',#18978);
#18978 = CARTESIAN_POINT('',(185.61486412606,284.88513587393,-38.1));
#18979 = CIRCLE('',#18980,1.7272);
#18980 = AXIS2_PLACEMENT_3D('',#18981,#18982,#18983);
#18981 = CARTESIAN_POINT('',(186.83617895853,283.66382104146,-38.1));
#18982 = DIRECTION('',(0.,0.,-1.));
#18983 = DIRECTION('',(-0.707106781187,0.707106781187,0.));
#18984 = ORIENTED_EDGE('',*,*,#18985,.F.);
#18985 = EDGE_CURVE('',#5174,#18977,#18986,.T.);
#18986 = LINE('',#18987,#18988);
#18987 = CARTESIAN_POINT('',(185.61486412606,284.88513587393,-12.7));
#18988 = VECTOR('',#18989,1.);
#18989 = DIRECTION('',(0.,0.,-1.));
#18990 = ORIENTED_EDGE('',*,*,#5173,.T.);
#18991 = ORIENTED_EDGE('',*,*,#18985,.T.);
#18992 = CYLINDRICAL_SURFACE('',#18993,1.7272);
#18993 = AXIS2_PLACEMENT_3D('',#18994,#18995,#18996);
#18994 = CARTESIAN_POINT('',(186.83617895853,283.66382104146,-12.7));
#18995 = DIRECTION('',(0.,0.,-1.));
#18996 = DIRECTION('',(-0.707106781187,0.707106781187,0.));
#18997 = ADVANCED_FACE('',(#18998),#19017,.F.);
#18998 = FACE_BOUND('',#18999,.F.);
#18999 = EDGE_LOOP('',(#19000,#19009,#19015,#19016));
#19000 = ORIENTED_EDGE('',*,*,#19001,.F.);
#19001 = EDGE_CURVE('',#19002,#19002,#19004,.T.);
#19002 = VERTEX_POINT('',#19003);
#19003 = CARTESIAN_POINT('',(360.042148,132.5,-38.1));
#19004 = CIRCLE('',#19005,1.7272);
#19005 = AXIS2_PLACEMENT_3D('',#19006,#19007,#19008);
#19006 = CARTESIAN_POINT('',(361.769348,132.5,-38.1));
#19007 = DIRECTION('',(0.,0.,-1.));
#19008 = DIRECTION('',(-1.,0.,0.));
#19009 = ORIENTED_EDGE('',*,*,#19010,.F.);
#19010 = EDGE_CURVE('',#5185,#19002,#19011,.T.);
#19011 = LINE('',#19012,#19013);
#19012 = CARTESIAN_POINT('',(360.042148,132.5,-12.7));
#19013 = VECTOR('',#19014,1.);
#19014 = DIRECTION('',(0.,0.,-1.));
#19015 = ORIENTED_EDGE('',*,*,#5184,.T.);
#19016 = ORIENTED_EDGE('',*,*,#19010,.T.);
#19017 = CYLINDRICAL_SURFACE('',#19018,1.7272);
#19018 = AXIS2_PLACEMENT_3D('',#19019,#19020,#19021);
#19019 = CARTESIAN_POINT('',(361.769348,132.5,-12.7));
#19020 = DIRECTION('',(0.,0.,-1.));
#19021 = DIRECTION('',(-1.,0.,0.));
#19022 = ADVANCED_FACE('',(#19023),#19042,.F.);
#19023 = FACE_BOUND('',#19024,.F.);
#19024 = EDGE_LOOP('',(#19025,#19034,#19040,#19041));
#19025 = ORIENTED_EDGE('',*,*,#19026,.F.);
#19026 = EDGE_CURVE('',#19027,#19027,#19029,.T.);
#19027 = VERTEX_POINT('',#19028);
#19028 = CARTESIAN_POINT('',(190.61640205154,340.31645985627,-38.1));
#19029 = CIRCLE('',#19030,1.7272);
#19030 = AXIS2_PLACEMENT_3D('',#19031,#19032,#19033);
#19031 = CARTESIAN_POINT('',(192.34329264083,340.34915133258,-38.1));
#19032 = DIRECTION('',(0.,0.,-1.));
#19033 = DIRECTION('',(-0.999820859941,-1.89274411266E-02,-0.));
#19034 = ORIENTED_EDGE('',*,*,#19035,.F.);
#19035 = EDGE_CURVE('',#5196,#19027,#19036,.T.);
#19036 = LINE('',#19037,#19038);
#19037 = CARTESIAN_POINT('',(190.61640205154,340.31645985627,-12.7));
#19038 = VECTOR('',#19039,1.);
#19039 = DIRECTION('',(0.,0.,-1.));
#19040 = ORIENTED_EDGE('',*,*,#5195,.T.);
#19041 = ORIENTED_EDGE('',*,*,#19035,.T.);
#19042 = CYLINDRICAL_SURFACE('',#19043,1.7272);
#19043 = AXIS2_PLACEMENT_3D('',#19044,#19045,#19046);
#19044 = CARTESIAN_POINT('',(192.34329264083,340.34915133258,-12.7));
#19045 = DIRECTION('',(0.,0.,-1.));
#19046 = DIRECTION('',(-0.999820859941,-1.89274411266E-02,0.));
#19047 = ADVANCED_FACE('',(#19048),#19067,.F.);
#19048 = FACE_BOUND('',#19049,.F.);
#19049 = EDGE_LOOP('',(#19050,#19059,#19065,#19066));
#19050 = ORIENTED_EDGE('',*,*,#19051,.F.);
#19051 = EDGE_CURVE('',#19052,#19052,#19054,.T.);
#19052 = VERTEX_POINT('',#19053);
#19053 = CARTESIAN_POINT('',(300.61486412606,142.88513587393,-38.1));
#19054 = CIRCLE('',#19055,1.7272);
#19055 = AXIS2_PLACEMENT_3D('',#19056,#19057,#19058);
#19056 = CARTESIAN_POINT('',(301.83617895853,141.66382104146,-38.1));
#19057 = DIRECTION('',(0.,0.,-1.));
#19058 = DIRECTION('',(-0.707106781187,0.707106781187,0.));
#19059 = ORIENTED_EDGE('',*,*,#19060,.F.);
#19060 = EDGE_CURVE('',#5207,#19052,#19061,.T.);
#19061 = LINE('',#19062,#19063);
#19062 = CARTESIAN_POINT('',(300.61486412606,142.88513587393,-12.7));
#19063 = VECTOR('',#19064,1.);
#19064 = DIRECTION('',(0.,0.,-1.));
#19065 = ORIENTED_EDGE('',*,*,#5206,.T.);
#19066 = ORIENTED_EDGE('',*,*,#19060,.T.);
#19067 = CYLINDRICAL_SURFACE('',#19068,1.7272);
#19068 = AXIS2_PLACEMENT_3D('',#19069,#19070,#19071);
#19069 = CARTESIAN_POINT('',(301.83617895853,141.66382104146,-12.7));
#19070 = DIRECTION('',(0.,0.,-1.));
#19071 = DIRECTION('',(-0.707106781187,0.707106781187,0.));
#19072 = ADVANCED_FACE('',(#19073),#19092,.F.);
#19073 = FACE_BOUND('',#19074,.F.);
#19074 = EDGE_LOOP('',(#19075,#19084,#19090,#19091));
#19075 = ORIENTED_EDGE('',*,*,#19076,.F.);
#19076 = EDGE_CURVE('',#19077,#19077,#19079,.T.);
#19077 = VERTEX_POINT('',#19078);
#19078 = CARTESIAN_POINT('',(467.7712,241.83,-38.1));
#19079 = CIRCLE('',#19080,1.7272);
#19080 = AXIS2_PLACEMENT_3D('',#19081,#19082,#19083);
#19081 = CARTESIAN_POINT('',(466.044,241.83,-38.1));
#19082 = DIRECTION('',(0.,0.,-1.));
#19083 = DIRECTION('',(1.,0.,0.));
#19084 = ORIENTED_EDGE('',*,*,#19085,.F.);
#19085 = EDGE_CURVE('',#5218,#19077,#19086,.T.);
#19086 = LINE('',#19087,#19088);
#19087 = CARTESIAN_POINT('',(467.7712,241.83,-12.7));
#19088 = VECTOR('',#19089,1.);
#19089 = DIRECTION('',(0.,0.,-1.));
#19090 = ORIENTED_EDGE('',*,*,#5217,.T.);
#19091 = ORIENTED_EDGE('',*,*,#19085,.T.);
#19092 = CYLINDRICAL_SURFACE('',#19093,1.7272);
#19093 = AXIS2_PLACEMENT_3D('',#19094,#19095,#19096);
#19094 = CARTESIAN_POINT('',(466.044,241.83,-12.7));
#19095 = DIRECTION('',(0.,0.,-1.));
#19096 = DIRECTION('',(1.,-0.,0.));
#19097 = ADVANCED_FACE('',(#19098),#19117,.F.);
#19098 = FACE_BOUND('',#19099,.F.);
#19099 = EDGE_LOOP('',(#19100,#19109,#19115,#19116));
#19100 = ORIENTED_EDGE('',*,*,#19101,.F.);
#19101 = EDGE_CURVE('',#19102,#19102,#19104,.T.);
#19102 = VERTEX_POINT('',#19103);
#19103 = CARTESIAN_POINT('',(404.142148,214.5,-38.1));
#19104 = CIRCLE('',#19105,1.7272);
#19105 = AXIS2_PLACEMENT_3D('',#19106,#19107,#19108);
#19106 = CARTESIAN_POINT('',(405.869348,214.5,-38.1));
#19107 = DIRECTION('',(0.,0.,-1.));
#19108 = DIRECTION('',(-1.,0.,0.));
#19109 = ORIENTED_EDGE('',*,*,#19110,.F.);
#19110 = EDGE_CURVE('',#5229,#19102,#19111,.T.);
#19111 = LINE('',#19112,#19113);
#19112 = CARTESIAN_POINT('',(404.142148,214.5,-12.7));
#19113 = VECTOR('',#19114,1.);
#19114 = DIRECTION('',(0.,0.,-1.));
#19115 = ORIENTED_EDGE('',*,*,#5228,.T.);
#19116 = ORIENTED_EDGE('',*,*,#19110,.T.);
#19117 = CYLINDRICAL_SURFACE('',#19118,1.7272);
#19118 = AXIS2_PLACEMENT_3D('',#19119,#19120,#19121);
#19119 = CARTESIAN_POINT('',(405.869348,214.5,-12.7));
#19120 = DIRECTION('',(0.,0.,-1.));
#19121 = DIRECTION('',(-1.,0.,0.));
#19122 = ADVANCED_FACE('',(#19123),#19142,.F.);
#19123 = FACE_BOUND('',#19124,.F.);
#19124 = EDGE_LOOP('',(#19125,#19134,#19140,#19141));
#19125 = ORIENTED_EDGE('',*,*,#19126,.F.);
#19126 = EDGE_CURVE('',#19127,#19127,#19129,.T.);
#19127 = VERTEX_POINT('',#19128);
#19128 = CARTESIAN_POINT('',(338.3272,132.5,-38.1));
#19129 = CIRCLE('',#19130,1.7272);
#19130 = AXIS2_PLACEMENT_3D('',#19131,#19132,#19133);
#19131 = CARTESIAN_POINT('',(336.6,132.5,-38.1));
#19132 = DIRECTION('',(0.,0.,-1.));
#19133 = DIRECTION('',(1.,0.,0.));
#19134 = ORIENTED_EDGE('',*,*,#19135,.F.);
#19135 = EDGE_CURVE('',#5240,#19127,#19136,.T.);
#19136 = LINE('',#19137,#19138);
#19137 = CARTESIAN_POINT('',(338.3272,132.5,-12.7));
#19138 = VECTOR('',#19139,1.);
#19139 = DIRECTION('',(0.,0.,-1.));
#19140 = ORIENTED_EDGE('',*,*,#5239,.T.);
#19141 = ORIENTED_EDGE('',*,*,#19135,.T.);
#19142 = CYLINDRICAL_SURFACE('',#19143,1.7272);
#19143 = AXIS2_PLACEMENT_3D('',#19144,#19145,#19146);
#19144 = CARTESIAN_POINT('',(336.6,132.5,-12.7));
#19145 = DIRECTION('',(0.,0.,-1.));
#19146 = DIRECTION('',(1.,-0.,0.));
#19147 = ADVANCED_FACE('',(#19148),#19167,.F.);
#19148 = FACE_BOUND('',#19149,.F.);
#19149 = EDGE_LOOP('',(#19150,#19159,#19165,#19166));
#19150 = ORIENTED_EDGE('',*,*,#19151,.F.);
#19151 = EDGE_CURVE('',#19152,#19152,#19154,.T.);
#19152 = VERTEX_POINT('',#19153);
#19153 = CARTESIAN_POINT('',(382.4272,214.5,-38.1));
#19154 = CIRCLE('',#19155,1.7272);
#19155 = AXIS2_PLACEMENT_3D('',#19156,#19157,#19158);
#19156 = CARTESIAN_POINT('',(380.7,214.5,-38.1));
#19157 = DIRECTION('',(0.,0.,-1.));
#19158 = DIRECTION('',(1.,0.,0.));
#19159 = ORIENTED_EDGE('',*,*,#19160,.F.);
#19160 = EDGE_CURVE('',#5251,#19152,#19161,.T.);
#19161 = LINE('',#19162,#19163);
#19162 = CARTESIAN_POINT('',(382.4272,214.5,-12.7));
#19163 = VECTOR('',#19164,1.);
#19164 = DIRECTION('',(0.,0.,-1.));
#19165 = ORIENTED_EDGE('',*,*,#5250,.T.);
#19166 = ORIENTED_EDGE('',*,*,#19160,.T.);
#19167 = CYLINDRICAL_SURFACE('',#19168,1.7272);
#19168 = AXIS2_PLACEMENT_3D('',#19169,#19170,#19171);
#19169 = CARTESIAN_POINT('',(380.7,214.5,-12.7));
#19170 = DIRECTION('',(0.,0.,-1.));
#19171 = DIRECTION('',(1.,-0.,0.));
#19172 = ADVANCED_FACE('',(#19173),#19192,.F.);
#19173 = FACE_BOUND('',#19174,.F.);
#19174 = EDGE_LOOP('',(#19175,#19184,#19190,#19191));
#19175 = ORIENTED_EDGE('',*,*,#19176,.F.);
#19176 = EDGE_CURVE('',#19177,#19177,#19179,.T.);
#19177 = VERTEX_POINT('',#19178);
#19178 = CARTESIAN_POINT('',(322.61486412606,204.11486412606,-38.1));
#19179 = CIRCLE('',#19180,1.7272);
#19180 = AXIS2_PLACEMENT_3D('',#19181,#19182,#19183);
#19181 = CARTESIAN_POINT('',(323.83617895853,205.33617895853,-38.1));
#19182 = DIRECTION('',(0.,0.,-1.));
#19183 = DIRECTION('',(-0.707106781187,-0.707106781187,-0.));
#19184 = ORIENTED_EDGE('',*,*,#19185,.F.);
#19185 = EDGE_CURVE('',#5262,#19177,#19186,.T.);
#19186 = LINE('',#19187,#19188);
#19187 = CARTESIAN_POINT('',(322.61486412606,204.11486412606,-12.7));
#19188 = VECTOR('',#19189,1.);
#19189 = DIRECTION('',(0.,0.,-1.));
#19190 = ORIENTED_EDGE('',*,*,#5261,.T.);
#19191 = ORIENTED_EDGE('',*,*,#19185,.T.);
#19192 = CYLINDRICAL_SURFACE('',#19193,1.7272);
#19193 = AXIS2_PLACEMENT_3D('',#19194,#19195,#19196);
#19194 = CARTESIAN_POINT('',(323.83617895853,205.33617895853,-12.7));
#19195 = DIRECTION('',(0.,0.,-1.));
#19196 = DIRECTION('',(-0.707106781187,-0.707106781187,0.));
#19197 = ADVANCED_FACE('',(#19198),#19217,.F.);
#19198 = FACE_BOUND('',#19199,.F.);
#19199 = EDGE_LOOP('',(#19200,#19209,#19215,#19216));
#19200 = ORIENTED_EDGE('',*,*,#19201,.F.);
#19201 = EDGE_CURVE('',#19202,#19202,#19204,.T.);
#19202 = VERTEX_POINT('',#19203);
#19203 = CARTESIAN_POINT('',(300.33,225.7288,-38.1));
#19204 = CIRCLE('',#19205,1.7272);
#19205 = AXIS2_PLACEMENT_3D('',#19206,#19207,#19208);
#19206 = CARTESIAN_POINT('',(300.33,227.456,-38.1));
#19207 = DIRECTION('',(0.,0.,-1.));
#19208 = DIRECTION('',(-2.2E-16,-1.,-0.));
#19209 = ORIENTED_EDGE('',*,*,#19210,.F.);
#19210 = EDGE_CURVE('',#5273,#19202,#19211,.T.);
#19211 = LINE('',#19212,#19213);
#19212 = CARTESIAN_POINT('',(300.33,225.7288,-12.7));
#19213 = VECTOR('',#19214,1.);
#19214 = DIRECTION('',(0.,0.,-1.));
#19215 = ORIENTED_EDGE('',*,*,#5272,.T.);
#19216 = ORIENTED_EDGE('',*,*,#19210,.T.);
#19217 = CYLINDRICAL_SURFACE('',#19218,1.7272);
#19218 = AXIS2_PLACEMENT_3D('',#19219,#19220,#19221);
#19219 = CARTESIAN_POINT('',(300.33,227.456,-12.7));
#19220 = DIRECTION('',(0.,0.,-1.));
#19221 = DIRECTION('',(-0.,-1.,0.));
#19222 = ADVANCED_FACE('',(#19223),#19242,.F.);
#19223 = FACE_BOUND('',#19224,.F.);
#19224 = EDGE_LOOP('',(#19225,#19234,#19240,#19241));
#19225 = ORIENTED_EDGE('',*,*,#19226,.F.);
#19226 = EDGE_CURVE('',#19227,#19227,#19229,.T.);
#19227 = VERTEX_POINT('',#19228);
#19228 = CARTESIAN_POINT('',(347.2728,173.5,-38.1));
#19229 = CIRCLE('',#19230,1.7272);
#19230 = AXIS2_PLACEMENT_3D('',#19231,#19232,#19233);
#19231 = CARTESIAN_POINT('',(349.,173.5,-38.1));
#19232 = DIRECTION('',(0.,0.,-1.));
#19233 = DIRECTION('',(-1.,0.,0.));
#19234 = ORIENTED_EDGE('',*,*,#19235,.F.);
#19235 = EDGE_CURVE('',#5284,#19227,#19236,.T.);
#19236 = LINE('',#19237,#19238);
#19237 = CARTESIAN_POINT('',(347.2728,173.5,0.));
#19238 = VECTOR('',#19239,1.);
#19239 = DIRECTION('',(0.,0.,-1.));
#19240 = ORIENTED_EDGE('',*,*,#5283,.T.);
#19241 = ORIENTED_EDGE('',*,*,#19235,.T.);
#19242 = CYLINDRICAL_SURFACE('',#19243,1.7272);
#19243 = AXIS2_PLACEMENT_3D('',#19244,#19245,#19246);
#19244 = CARTESIAN_POINT('',(349.,173.5,0.));
#19245 = DIRECTION('',(0.,0.,-1.));
#19246 = DIRECTION('',(-1.,0.,0.));
#19247 = ADVANCED_FACE('',(#19248),#19267,.F.);
#19248 = FACE_BOUND('',#19249,.F.);
#19249 = EDGE_LOOP('',(#19250,#19259,#19265,#19266));
#19250 = ORIENTED_EDGE('',*,*,#19251,.F.);
#19251 = EDGE_CURVE('',#19252,#19252,#19254,.T.);
#19252 = VERTEX_POINT('',#19253);
#19253 = CARTESIAN_POINT('',(422.388766,173.5,-38.1));
#19254 = CIRCLE('',#19255,1.7272);
#19255 = AXIS2_PLACEMENT_3D('',#19256,#19257,#19258);
#19256 = CARTESIAN_POINT('',(424.115966,173.5,-38.1));
#19257 = DIRECTION('',(0.,0.,-1.));
#19258 = DIRECTION('',(-1.,0.,0.));
#19259 = ORIENTED_EDGE('',*,*,#19260,.F.);
#19260 = EDGE_CURVE('',#5295,#19252,#19261,.T.);
#19261 = LINE('',#19262,#19263);
#19262 = CARTESIAN_POINT('',(422.388766,173.5,0.));
#19263 = VECTOR('',#19264,1.);
#19264 = DIRECTION('',(0.,0.,-1.));
#19265 = ORIENTED_EDGE('',*,*,#5294,.T.);
#19266 = ORIENTED_EDGE('',*,*,#19260,.T.);
#19267 = CYLINDRICAL_SURFACE('',#19268,1.7272);
#19268 = AXIS2_PLACEMENT_3D('',#19269,#19270,#19271);
#19269 = CARTESIAN_POINT('',(424.115966,173.5,0.));
#19270 = DIRECTION('',(0.,0.,-1.));
#19271 = DIRECTION('',(-1.,0.,0.));
#19272 = ADVANCED_FACE('',(#19273),#19292,.F.);
#19273 = FACE_BOUND('',#19274,.F.);
#19274 = EDGE_LOOP('',(#19275,#19284,#19290,#19291));
#19275 = ORIENTED_EDGE('',*,*,#19276,.F.);
#19276 = EDGE_CURVE('',#19277,#19277,#19279,.T.);
#19277 = VERTEX_POINT('',#19278);
#19278 = CARTESIAN_POINT('',(386.2728,173.5,-38.1));
#19279 = CIRCLE('',#19280,1.7272);
#19280 = AXIS2_PLACEMENT_3D('',#19281,#19282,#19283);
#19281 = CARTESIAN_POINT('',(388.,173.5,-38.1));
#19282 = DIRECTION('',(0.,0.,-1.));
#19283 = DIRECTION('',(-1.,0.,0.));
#19284 = ORIENTED_EDGE('',*,*,#19285,.F.);
#19285 = EDGE_CURVE('',#5306,#19277,#19286,.T.);
#19286 = LINE('',#19287,#19288);
#19287 = CARTESIAN_POINT('',(386.2728,173.5,0.));
#19288 = VECTOR('',#19289,1.);
#19289 = DIRECTION('',(0.,0.,-1.));
#19290 = ORIENTED_EDGE('',*,*,#5305,.T.);
#19291 = ORIENTED_EDGE('',*,*,#19285,.T.);
#19292 = CYLINDRICAL_SURFACE('',#19293,1.7272);
#19293 = AXIS2_PLACEMENT_3D('',#19294,#19295,#19296);
#19294 = CARTESIAN_POINT('',(388.,173.5,0.));
#19295 = DIRECTION('',(0.,0.,-1.));
#19296 = DIRECTION('',(-1.,0.,0.));
#19297 = ADVANCED_FACE('',(#19298),#19317,.F.);
#19298 = FACE_BOUND('',#19299,.F.);
#19299 = EDGE_LOOP('',(#19300,#19309,#19315,#19316));
#19300 = ORIENTED_EDGE('',*,*,#19301,.F.);
#19301 = EDGE_CURVE('',#19302,#19302,#19304,.T.);
#19302 = VERTEX_POINT('',#19303);
#19303 = CARTESIAN_POINT('',(49.614864126069,348.38513587393,-38.1));
#19304 = CIRCLE('',#19305,1.7272);
#19305 = AXIS2_PLACEMENT_3D('',#19306,#19307,#19308);
#19306 = CARTESIAN_POINT('',(50.836178958535,347.16382104146,-38.1));
#19307 = DIRECTION('',(0.,0.,-1.));
#19308 = DIRECTION('',(-0.707106781187,0.707106781187,0.));
#19309 = ORIENTED_EDGE('',*,*,#19310,.F.);
#19310 = EDGE_CURVE('',#5317,#19302,#19311,.T.);
#19311 = LINE('',#19312,#19313);
#19312 = CARTESIAN_POINT('',(49.614864126069,348.38513587393,-12.7));
#19313 = VECTOR('',#19314,1.);
#19314 = DIRECTION('',(0.,0.,-1.));
#19315 = ORIENTED_EDGE('',*,*,#5316,.T.);
#19316 = ORIENTED_EDGE('',*,*,#19310,.T.);
#19317 = CYLINDRICAL_SURFACE('',#19318,1.7272);
#19318 = AXIS2_PLACEMENT_3D('',#19319,#19320,#19321);
#19319 = CARTESIAN_POINT('',(50.836178958535,347.16382104146,-12.7));
#19320 = DIRECTION('',(0.,0.,-1.));
#19321 = DIRECTION('',(-0.707106781187,0.707106781187,0.));
#19322 = ADVANCED_FACE('',(#19323),#19342,.F.);
#19323 = FACE_BOUND('',#19324,.F.);
#19324 = EDGE_LOOP('',(#19325,#19334,#19340,#19341));
#19325 = ORIENTED_EDGE('',*,*,#19326,.F.);
#19326 = EDGE_CURVE('',#19327,#19327,#19329,.T.);
#19327 = VERTEX_POINT('',#19328);
#19328 = CARTESIAN_POINT('',(472.26615245642,18.410440640809,-38.1));
#19329 = CIRCLE('',#19330,1.7272);
#19330 = AXIS2_PLACEMENT_3D('',#19331,#19332,#19333);
#19331 = CARTESIAN_POINT('',(473.99304304571,18.443132117123,-38.1));
#19332 = DIRECTION('',(0.,0.,-1.));
#19333 = DIRECTION('',(-0.999820859941,-1.89274411266E-02,-0.));
#19334 = ORIENTED_EDGE('',*,*,#19335,.F.);
#19335 = EDGE_CURVE('',#5328,#19327,#19336,.T.);
#19336 = LINE('',#19337,#19338);
#19337 = CARTESIAN_POINT('',(472.26615245642,18.410440640809,-12.7));
#19338 = VECTOR('',#19339,1.);
#19339 = DIRECTION('',(0.,0.,-1.));
#19340 = ORIENTED_EDGE('',*,*,#5327,.T.);
#19341 = ORIENTED_EDGE('',*,*,#19335,.T.);
#19342 = CYLINDRICAL_SURFACE('',#19343,1.7272);
#19343 = AXIS2_PLACEMENT_3D('',#19344,#19345,#19346);
#19344 = CARTESIAN_POINT('',(473.99304304571,18.443132117123,-12.7));
#19345 = DIRECTION('',(0.,0.,-1.));
#19346 = DIRECTION('',(-0.999820859941,-1.89274411266E-02,0.));
#19347 = ADVANCED_FACE('',(#19348),#19367,.F.);
#19348 = FACE_BOUND('',#19349,.F.);
#19349 = EDGE_LOOP('',(#19350,#19359,#19365,#19366));
#19350 = ORIENTED_EDGE('',*,*,#19351,.F.);
#19351 = EDGE_CURVE('',#19352,#19352,#19354,.T.);
#19352 = VERTEX_POINT('',#19353);
#19353 = CARTESIAN_POINT('',(461.7288,105.17,-38.1));
#19354 = CIRCLE('',#19355,1.7272);
#19355 = AXIS2_PLACEMENT_3D('',#19356,#19357,#19358);
#19356 = CARTESIAN_POINT('',(463.456,105.17,-38.1));
#19357 = DIRECTION('',(0.,0.,-1.));
#19358 = DIRECTION('',(-1.,0.,0.));
#19359 = ORIENTED_EDGE('',*,*,#19360,.F.);
#19360 = EDGE_CURVE('',#5339,#19352,#19361,.T.);
#19361 = LINE('',#19362,#19363);
#19362 = CARTESIAN_POINT('',(461.7288,105.17,-12.7));
#19363 = VECTOR('',#19364,1.);
#19364 = DIRECTION('',(0.,0.,-1.));
#19365 = ORIENTED_EDGE('',*,*,#5338,.T.);
#19366 = ORIENTED_EDGE('',*,*,#19360,.T.);
#19367 = CYLINDRICAL_SURFACE('',#19368,1.7272);
#19368 = AXIS2_PLACEMENT_3D('',#19369,#19370,#19371);
#19369 = CARTESIAN_POINT('',(463.456,105.17,-12.7));
#19370 = DIRECTION('',(0.,0.,-1.));
#19371 = DIRECTION('',(-1.,0.,0.));
#19372 = ADVANCED_FACE('',(#19373),#19392,.F.);
#19373 = FACE_BOUND('',#19374,.F.);
#19374 = EDGE_LOOP('',(#19375,#19384,#19390,#19391));
#19375 = ORIENTED_EDGE('',*,*,#19376,.F.);
#19376 = EDGE_CURVE('',#19377,#19377,#19379,.T.);
#19377 = VERTEX_POINT('',#19378);
#19378 = CARTESIAN_POINT('',(497.2288,54.67,-38.1));
#19379 = CIRCLE('',#19380,1.7272);
#19380 = AXIS2_PLACEMENT_3D('',#19381,#19382,#19383);
#19381 = CARTESIAN_POINT('',(498.956,54.67,-38.1));
#19382 = DIRECTION('',(0.,0.,-1.));
#19383 = DIRECTION('',(-1.,0.,0.));
#19384 = ORIENTED_EDGE('',*,*,#19385,.F.);
#19385 = EDGE_CURVE('',#5350,#19377,#19386,.T.);
#19386 = LINE('',#19387,#19388);
#19387 = CARTESIAN_POINT('',(497.2288,54.67,0.));
#19388 = VECTOR('',#19389,1.);
#19389 = DIRECTION('',(0.,0.,-1.));
#19390 = ORIENTED_EDGE('',*,*,#5349,.T.);
#19391 = ORIENTED_EDGE('',*,*,#19385,.T.);
#19392 = CYLINDRICAL_SURFACE('',#19393,1.7272);
#19393 = AXIS2_PLACEMENT_3D('',#19394,#19395,#19396);
#19394 = CARTESIAN_POINT('',(498.956,54.67,0.));
#19395 = DIRECTION('',(0.,0.,-1.));
#19396 = DIRECTION('',(-1.,0.,0.));
#19397 = ADVANCED_FACE('',(#19398),#19417,.F.);
#19398 = FACE_BOUND('',#19399,.F.);
#19399 = EDGE_LOOP('',(#19400,#19409,#19415,#19416));
#19400 = ORIENTED_EDGE('',*,*,#19401,.F.);
#19401 = EDGE_CURVE('',#19402,#19402,#19404,.T.);
#19402 = VERTEX_POINT('',#19403);
#19403 = CARTESIAN_POINT('',(447.0228,82.,-38.1));
#19404 = CIRCLE('',#19405,1.7272);
#19405 = AXIS2_PLACEMENT_3D('',#19406,#19407,#19408);
#19406 = CARTESIAN_POINT('',(448.75,82.,-38.1));
#19407 = DIRECTION('',(0.,0.,-1.));
#19408 = DIRECTION('',(-1.,0.,0.));
#19409 = ORIENTED_EDGE('',*,*,#19410,.F.);
#19410 = EDGE_CURVE('',#5361,#19402,#19411,.T.);
#19411 = LINE('',#19412,#19413);
#19412 = CARTESIAN_POINT('',(447.0228,82.,0.));
#19413 = VECTOR('',#19414,1.);
#19414 = DIRECTION('',(0.,0.,-1.));
#19415 = ORIENTED_EDGE('',*,*,#5360,.T.);
#19416 = ORIENTED_EDGE('',*,*,#19410,.T.);
#19417 = CYLINDRICAL_SURFACE('',#19418,1.7272);
#19418 = AXIS2_PLACEMENT_3D('',#19419,#19420,#19421);
#19419 = CARTESIAN_POINT('',(448.75,82.,0.));
#19420 = DIRECTION('',(0.,0.,-1.));
#19421 = DIRECTION('',(-1.,0.,0.));
#19422 = ADVANCED_FACE('',(#19423),#19442,.F.);
#19423 = FACE_BOUND('',#19424,.F.);
#19424 = EDGE_LOOP('',(#19425,#19434,#19440,#19441));
#19425 = ORIENTED_EDGE('',*,*,#19426,.F.);
#19426 = EDGE_CURVE('',#19427,#19427,#19429,.T.);
#19427 = VERTEX_POINT('',#19428);
#19428 = CARTESIAN_POINT('',(282.61486412606,313.38513587393,-38.1));
#19429 = CIRCLE('',#19430,1.7272);
#19430 = AXIS2_PLACEMENT_3D('',#19431,#19432,#19433);
#19431 = CARTESIAN_POINT('',(283.83617895853,312.16382104146,-38.1));
#19432 = DIRECTION('',(0.,0.,-1.));
#19433 = DIRECTION('',(-0.707106781187,0.707106781187,0.));
#19434 = ORIENTED_EDGE('',*,*,#19435,.F.);
#19435 = EDGE_CURVE('',#5372,#19427,#19436,.T.);
#19436 = LINE('',#19437,#19438);
#19437 = CARTESIAN_POINT('',(282.61486412606,313.38513587393,-12.7));
#19438 = VECTOR('',#19439,1.);
#19439 = DIRECTION('',(0.,0.,-1.));
#19440 = ORIENTED_EDGE('',*,*,#5371,.T.);
#19441 = ORIENTED_EDGE('',*,*,#19435,.T.);
#19442 = CYLINDRICAL_SURFACE('',#19443,1.7272);
#19443 = AXIS2_PLACEMENT_3D('',#19444,#19445,#19446);
#19444 = CARTESIAN_POINT('',(283.83617895853,312.16382104146,-12.7));
#19445 = DIRECTION('',(0.,0.,-1.));
#19446 = DIRECTION('',(-0.707106781187,0.707106781187,0.));
#19447 = ADVANCED_FACE('',(#19448),#19467,.F.);
#19448 = FACE_BOUND('',#19449,.F.);
#19449 = EDGE_LOOP('',(#19450,#19459,#19465,#19466));
#19450 = ORIENTED_EDGE('',*,*,#19451,.F.);
#19451 = EDGE_CURVE('',#19452,#19452,#19454,.T.);
#19452 = VERTEX_POINT('',#19453);
#19453 = CARTESIAN_POINT('',(303.38513587393,264.11486412606,-38.1));
#19454 = CIRCLE('',#19455,1.7272);
#19455 = AXIS2_PLACEMENT_3D('',#19456,#19457,#19458);
#19456 = CARTESIAN_POINT('',(302.16382104146,265.33617895853,-38.1));
#19457 = DIRECTION('',(0.,-0.,-1.));
#19458 = DIRECTION('',(0.707106781187,-0.707106781187,0.));
#19459 = ORIENTED_EDGE('',*,*,#19460,.F.);
#19460 = EDGE_CURVE('',#5383,#19452,#19461,.T.);
#19461 = LINE('',#19462,#19463);
#19462 = CARTESIAN_POINT('',(303.38513587393,264.11486412606,-12.7));
#19463 = VECTOR('',#19464,1.);
#19464 = DIRECTION('',(-0.,0.,-1.));
#19465 = ORIENTED_EDGE('',*,*,#5382,.T.);
#19466 = ORIENTED_EDGE('',*,*,#19460,.T.);
#19467 = CYLINDRICAL_SURFACE('',#19468,1.7272);
#19468 = AXIS2_PLACEMENT_3D('',#19469,#19470,#19471);
#19469 = CARTESIAN_POINT('',(302.16382104146,265.33617895853,-12.7));
#19470 = DIRECTION('',(-0.,0.,-1.));
#19471 = DIRECTION('',(0.707106781187,-0.707106781187,0.));
#19472 = ADVANCED_FACE('',(#19473),#19492,.F.);
#19473 = FACE_BOUND('',#19474,.F.);
#19474 = EDGE_LOOP('',(#19475,#19484,#19490,#19491));
#19475 = ORIENTED_EDGE('',*,*,#19476,.F.);
#19476 = EDGE_CURVE('',#19477,#19477,#19479,.T.);
#19477 = VERTEX_POINT('',#19478);
#19478 = CARTESIAN_POINT('',(496.61679827456,346.10930207059,-38.1));
#19479 = CIRCLE('',#19480,1.7272);
#19480 = AXIS2_PLACEMENT_3D('',#19481,#19482,#19483);
#19481 = CARTESIAN_POINT('',(498.34368886385,346.14199354691,-38.1));
#19482 = DIRECTION('',(0.,0.,-1.));
#19483 = DIRECTION('',(-0.999820859941,-1.89274411266E-02,-0.));
#19484 = ORIENTED_EDGE('',*,*,#19485,.F.);
#19485 = EDGE_CURVE('',#5394,#19477,#19486,.T.);
#19486 = LINE('',#19487,#19488);
#19487 = CARTESIAN_POINT('',(496.61679827456,346.10930207059,-12.7));
#19488 = VECTOR('',#19489,1.);
#19489 = DIRECTION('',(0.,0.,-1.));
#19490 = ORIENTED_EDGE('',*,*,#5393,.T.);
#19491 = ORIENTED_EDGE('',*,*,#19485,.T.);
#19492 = CYLINDRICAL_SURFACE('',#19493,1.7272);
#19493 = AXIS2_PLACEMENT_3D('',#19494,#19495,#19496);
#19494 = CARTESIAN_POINT('',(498.34368886385,346.14199354691,-12.7));
#19495 = DIRECTION('',(0.,0.,-1.));
#19496 = DIRECTION('',(-0.999820859941,-1.89274411266E-02,0.));
#19497 = ADVANCED_FACE('',(#19498),#19517,.F.);
#19498 = FACE_BOUND('',#19499,.F.);
#19499 = EDGE_LOOP('',(#19500,#19509,#19515,#19516));
#19500 = ORIENTED_EDGE('',*,*,#19501,.F.);
#19501 = EDGE_CURVE('',#19502,#19502,#19504,.T.);
#19502 = VERTEX_POINT('',#19503);
#19503 = CARTESIAN_POINT('',(474.0228,303.,-38.1));
#19504 = CIRCLE('',#19505,1.7272);
#19505 = AXIS2_PLACEMENT_3D('',#19506,#19507,#19508);
#19506 = CARTESIAN_POINT('',(475.75,303.,-38.1));
#19507 = DIRECTION('',(0.,0.,-1.));
#19508 = DIRECTION('',(-1.,0.,0.));
#19509 = ORIENTED_EDGE('',*,*,#19510,.F.);
#19510 = EDGE_CURVE('',#5405,#19502,#19511,.T.);
#19511 = LINE('',#19512,#19513);
#19512 = CARTESIAN_POINT('',(474.0228,303.,0.));
#19513 = VECTOR('',#19514,1.);
#19514 = DIRECTION('',(0.,0.,-1.));
#19515 = ORIENTED_EDGE('',*,*,#5404,.T.);
#19516 = ORIENTED_EDGE('',*,*,#19510,.T.);
#19517 = CYLINDRICAL_SURFACE('',#19518,1.7272);
#19518 = AXIS2_PLACEMENT_3D('',#19519,#19520,#19521);
#19519 = CARTESIAN_POINT('',(475.75,303.,0.));
#19520 = DIRECTION('',(0.,0.,-1.));
#19521 = DIRECTION('',(-1.,0.,0.));
#19522 = ADVANCED_FACE('',(#19523,#19529,#19535,#19541,#19544,#19547,
    #19550,#19553,#19556,#19559,#19562,#19565,#19568,#19571,#19574,
    #19577,#19580,#19583,#19586,#19589,#19592,#19595,#19598,#19601,
    #19604,#19607,#19610,#19613,#19616,#19619,#19622,#19625,#19628,
    #19631,#19634,#19637,#19640,#19643,#19646,#19649,#19652,#19655,
    #19658,#19661,#19664,#19667,#19670,#19673,#19676,#19679,#19682,
    #19685,#19688,#19691,#19694,#19697,#19700,#19703,#19706,#19709,
    #19712,#19715,#19718,#19721,#19724,#19727,#19730,#19733,#19736,
    #19739,#19742,#19745,#19748,#19751,#19754,#19757,#19760,#19763,
    #19766,#19769,#19772,#19775,#19778,#19781,#19784,#19787,#19790,
    #19793,#19796,#19799,#19802,#19805,#19808,#19811,#19814,#19817,
    #19820,#19823,#19826,#19829,#19832,#19835,#19838,#19841,#19844,
    #19847,#19850),#19853,.F.);
#19523 = FACE_BOUND('',#19524,.T.);
#19524 = EDGE_LOOP('',(#19525,#19526,#19527,#19528));
#19525 = ORIENTED_EDGE('',*,*,#31,.T.);
#19526 = ORIENTED_EDGE('',*,*,#198,.T.);
#19527 = ORIENTED_EDGE('',*,*,#276,.F.);
#19528 = ORIENTED_EDGE('',*,*,#71,.F.);
#19529 = FACE_BOUND('',#19530,.F.);
#19530 = EDGE_LOOP('',(#19531,#19532,#19533,#19534));
#19531 = ORIENTED_EDGE('',*,*,#9396,.F.);
#19532 = ORIENTED_EDGE('',*,*,#9022,.F.);
#19533 = ORIENTED_EDGE('',*,*,#9730,.F.);
#19534 = ORIENTED_EDGE('',*,*,#9566,.F.);
#19535 = FACE_BOUND('',#19536,.F.);
#19536 = EDGE_LOOP('',(#19537,#19538,#19539,#19540));
#19537 = ORIENTED_EDGE('',*,*,#7849,.F.);
#19538 = ORIENTED_EDGE('',*,*,#8409,.F.);
#19539 = ORIENTED_EDGE('',*,*,#8819,.F.);
#19540 = ORIENTED_EDGE('',*,*,#7994,.F.);
#19541 = FACE_BOUND('',#19542,.F.);
#19542 = EDGE_LOOP('',(#19543));
#19543 = ORIENTED_EDGE('',*,*,#18025,.T.);
#19544 = FACE_BOUND('',#19545,.F.);
#19545 = EDGE_LOOP('',(#19546));
#19546 = ORIENTED_EDGE('',*,*,#18095,.T.);
#19547 = FACE_BOUND('',#19548,.F.);
#19548 = EDGE_LOOP('',(#19549));
#19549 = ORIENTED_EDGE('',*,*,#18165,.T.);
#19550 = FACE_BOUND('',#19551,.F.);
#19551 = EDGE_LOOP('',(#19552));
#19552 = ORIENTED_EDGE('',*,*,#18235,.T.);
#19553 = FACE_BOUND('',#19554,.F.);
#19554 = EDGE_LOOP('',(#19555));
#19555 = ORIENTED_EDGE('',*,*,#10385,.T.);
#19556 = FACE_BOUND('',#19557,.F.);
#19557 = EDGE_LOOP('',(#19558));
#19558 = ORIENTED_EDGE('',*,*,#18326,.T.);
#19559 = FACE_BOUND('',#19560,.F.);
#19560 = EDGE_LOOP('',(#19561));
#19561 = ORIENTED_EDGE('',*,*,#10854,.T.);
#19562 = FACE_BOUND('',#19563,.F.);
#19563 = EDGE_LOOP('',(#19564));
#19564 = ORIENTED_EDGE('',*,*,#18276,.T.);
#19565 = FACE_BOUND('',#19566,.F.);
#19566 = EDGE_LOOP('',(#19567));
#19567 = ORIENTED_EDGE('',*,*,#18376,.T.);
#19568 = FACE_BOUND('',#19569,.F.);
#19569 = EDGE_LOOP('',(#19570));
#19570 = ORIENTED_EDGE('',*,*,#18301,.T.);
#19571 = FACE_BOUND('',#19572,.F.);
#19572 = EDGE_LOOP('',(#19573));
#19573 = ORIENTED_EDGE('',*,*,#11323,.T.);
#19574 = FACE_BOUND('',#19575,.F.);
#19575 = EDGE_LOOP('',(#19576));
#19576 = ORIENTED_EDGE('',*,*,#18401,.T.);
#19577 = FACE_BOUND('',#19578,.F.);
#19578 = EDGE_LOOP('',(#19579));
#19579 = ORIENTED_EDGE('',*,*,#18251,.T.);
#19580 = FACE_BOUND('',#19581,.F.);
#19581 = EDGE_LOOP('',(#19582));
#19582 = ORIENTED_EDGE('',*,*,#18426,.T.);
#19583 = FACE_BOUND('',#19584,.F.);
#19584 = EDGE_LOOP('',(#19585));
#19585 = ORIENTED_EDGE('',*,*,#18526,.T.);
#19586 = FACE_BOUND('',#19587,.F.);
#19587 = EDGE_LOOP('',(#19588));
#19588 = ORIENTED_EDGE('',*,*,#18351,.T.);
#19589 = FACE_BOUND('',#19590,.F.);
#19590 = EDGE_LOOP('',(#19591));
#19591 = ORIENTED_EDGE('',*,*,#18476,.T.);
#19592 = FACE_BOUND('',#19593,.F.);
#19593 = EDGE_LOOP('',(#19594));
#19594 = ORIENTED_EDGE('',*,*,#18451,.T.);
#19595 = FACE_BOUND('',#19596,.F.);
#19596 = EDGE_LOOP('',(#19597));
#19597 = ORIENTED_EDGE('',*,*,#7597,.T.);
#19598 = FACE_BOUND('',#19599,.F.);
#19599 = EDGE_LOOP('',(#19600));
#19600 = ORIENTED_EDGE('',*,*,#18601,.T.);
#19601 = FACE_BOUND('',#19602,.F.);
#19602 = EDGE_LOOP('',(#19603));
#19603 = ORIENTED_EDGE('',*,*,#7572,.T.);
#19604 = FACE_BOUND('',#19605,.F.);
#19605 = EDGE_LOOP('',(#19606));
#19606 = ORIENTED_EDGE('',*,*,#6608,.T.);
#19607 = FACE_BOUND('',#19608,.F.);
#19608 = EDGE_LOOP('',(#19609));
#19609 = ORIENTED_EDGE('',*,*,#6533,.T.);
#19610 = FACE_BOUND('',#19611,.F.);
#19611 = EDGE_LOOP('',(#19612));
#19612 = ORIENTED_EDGE('',*,*,#6508,.T.);
#19613 = FACE_BOUND('',#19614,.F.);
#19614 = EDGE_LOOP('',(#19615));
#19615 = ORIENTED_EDGE('',*,*,#6327,.T.);
#19616 = FACE_BOUND('',#19617,.F.);
#19617 = EDGE_LOOP('',(#19618));
#19618 = ORIENTED_EDGE('',*,*,#18576,.T.);
#19619 = FACE_BOUND('',#19620,.F.);
#19620 = EDGE_LOOP('',(#19621));
#19621 = ORIENTED_EDGE('',*,*,#18651,.T.);
#19622 = FACE_BOUND('',#19623,.F.);
#19623 = EDGE_LOOP('',(#19624));
#19624 = ORIENTED_EDGE('',*,*,#18626,.T.);
#19625 = FACE_BOUND('',#19626,.F.);
#19626 = EDGE_LOOP('',(#19627));
#19627 = ORIENTED_EDGE('',*,*,#18701,.T.);
#19628 = FACE_BOUND('',#19629,.F.);
#19629 = EDGE_LOOP('',(#19630));
#19630 = ORIENTED_EDGE('',*,*,#18676,.T.);
#19631 = FACE_BOUND('',#19632,.F.);
#19632 = EDGE_LOOP('',(#19633));
#19633 = ORIENTED_EDGE('',*,*,#18551,.T.);
#19634 = FACE_BOUND('',#19635,.F.);
#19635 = EDGE_LOOP('',(#19636));
#19636 = ORIENTED_EDGE('',*,*,#18501,.T.);
#19637 = FACE_BOUND('',#19638,.F.);
#19638 = EDGE_LOOP('',(#19639));
#19639 = ORIENTED_EDGE('',*,*,#18801,.T.);
#19640 = FACE_BOUND('',#19641,.F.);
#19641 = EDGE_LOOP('',(#19642));
#19642 = ORIENTED_EDGE('',*,*,#18776,.T.);
#19643 = FACE_BOUND('',#19644,.F.);
#19644 = EDGE_LOOP('',(#19645));
#19645 = ORIENTED_EDGE('',*,*,#18726,.T.);
#19646 = FACE_BOUND('',#19647,.F.);
#19647 = EDGE_LOOP('',(#19648));
#19648 = ORIENTED_EDGE('',*,*,#18751,.T.);
#19649 = FACE_BOUND('',#19650,.F.);
#19650 = EDGE_LOOP('',(#19651));
#19651 = ORIENTED_EDGE('',*,*,#6989,.T.);
#19652 = FACE_BOUND('',#19653,.F.);
#19653 = EDGE_LOOP('',(#19654));
#19654 = ORIENTED_EDGE('',*,*,#6633,.T.);
#19655 = FACE_BOUND('',#19656,.F.);
#19656 = EDGE_LOOP('',(#19657));
#19657 = ORIENTED_EDGE('',*,*,#6458,.T.);
#19658 = FACE_BOUND('',#19659,.F.);
#19659 = EDGE_LOOP('',(#19660));
#19660 = ORIENTED_EDGE('',*,*,#18901,.T.);
#19661 = FACE_BOUND('',#19662,.F.);
#19662 = EDGE_LOOP('',(#19663));
#19663 = ORIENTED_EDGE('',*,*,#6483,.T.);
#19664 = FACE_BOUND('',#19665,.F.);
#19665 = EDGE_LOOP('',(#19666));
#19666 = ORIENTED_EDGE('',*,*,#18876,.T.);
#19667 = FACE_BOUND('',#19668,.F.);
#19668 = EDGE_LOOP('',(#19669));
#19669 = ORIENTED_EDGE('',*,*,#18851,.T.);
#19670 = FACE_BOUND('',#19671,.F.);
#19671 = EDGE_LOOP('',(#19672));
#19672 = ORIENTED_EDGE('',*,*,#6352,.T.);
#19673 = FACE_BOUND('',#19674,.F.);
#19674 = EDGE_LOOP('',(#19675));
#19675 = ORIENTED_EDGE('',*,*,#6939,.T.);
#19676 = FACE_BOUND('',#19677,.F.);
#19677 = EDGE_LOOP('',(#19678));
#19678 = ORIENTED_EDGE('',*,*,#18826,.T.);
#19679 = FACE_BOUND('',#19680,.F.);
#19680 = EDGE_LOOP('',(#19681));
#19681 = ORIENTED_EDGE('',*,*,#18926,.T.);
#19682 = FACE_BOUND('',#19683,.F.);
#19683 = EDGE_LOOP('',(#19684));
#19684 = ORIENTED_EDGE('',*,*,#6964,.T.);
#19685 = FACE_BOUND('',#19686,.F.);
#19686 = EDGE_LOOP('',(#19687));
#19687 = ORIENTED_EDGE('',*,*,#19276,.T.);
#19688 = FACE_BOUND('',#19689,.F.);
#19689 = EDGE_LOOP('',(#19690));
#19690 = ORIENTED_EDGE('',*,*,#19251,.T.);
#19691 = FACE_BOUND('',#19692,.F.);
#19692 = EDGE_LOOP('',(#19693));
#19693 = ORIENTED_EDGE('',*,*,#19151,.T.);
#19694 = FACE_BOUND('',#19695,.F.);
#19695 = EDGE_LOOP('',(#19696));
#19696 = ORIENTED_EDGE('',*,*,#13380,.T.);
#19697 = FACE_BOUND('',#19698,.F.);
#19698 = EDGE_LOOP('',(#19699));
#19699 = ORIENTED_EDGE('',*,*,#19201,.T.);
#19700 = FACE_BOUND('',#19701,.F.);
#19701 = EDGE_LOOP('',(#19702));
#19702 = ORIENTED_EDGE('',*,*,#11960,.T.);
#19703 = FACE_BOUND('',#19704,.F.);
#19704 = EDGE_LOOP('',(#19705));
#19705 = ORIENTED_EDGE('',*,*,#18951,.T.);
#19706 = FACE_BOUND('',#19707,.F.);
#19707 = EDGE_LOOP('',(#19708));
#19708 = ORIENTED_EDGE('',*,*,#18976,.T.);
#19709 = FACE_BOUND('',#19710,.F.);
#19710 = EDGE_LOOP('',(#19711));
#19711 = ORIENTED_EDGE('',*,*,#13405,.T.);
#19712 = FACE_BOUND('',#19713,.F.);
#19713 = EDGE_LOOP('',(#19714));
#19714 = ORIENTED_EDGE('',*,*,#14541,.T.);
#19715 = FACE_BOUND('',#19716,.F.);
#19716 = EDGE_LOOP('',(#19717));
#19717 = ORIENTED_EDGE('',*,*,#1280,.T.);
#19718 = FACE_BOUND('',#19719,.F.);
#19719 = EDGE_LOOP('',(#19720));
#19720 = ORIENTED_EDGE('',*,*,#19026,.T.);
#19721 = FACE_BOUND('',#19722,.F.);
#19722 = EDGE_LOOP('',(#19723));
#19723 = ORIENTED_EDGE('',*,*,#1305,.T.);
#19724 = FACE_BOUND('',#19725,.F.);
#19725 = EDGE_LOOP('',(#19726));
#19726 = ORIENTED_EDGE('',*,*,#13096,.T.);
#19727 = FACE_BOUND('',#19728,.F.);
#19728 = EDGE_LOOP('',(#19729));
#19729 = ORIENTED_EDGE('',*,*,#19176,.T.);
#19730 = FACE_BOUND('',#19731,.F.);
#19731 = EDGE_LOOP('',(#19732));
#19732 = ORIENTED_EDGE('',*,*,#12244,.T.);
#19733 = FACE_BOUND('',#19734,.F.);
#19734 = EDGE_LOOP('',(#19735));
#19735 = ORIENTED_EDGE('',*,*,#19101,.T.);
#19736 = FACE_BOUND('',#19737,.F.);
#19737 = EDGE_LOOP('',(#19738));
#19738 = ORIENTED_EDGE('',*,*,#13121,.T.);
#19739 = FACE_BOUND('',#19740,.F.);
#19740 = EDGE_LOOP('',(#19741));
#19741 = ORIENTED_EDGE('',*,*,#12269,.T.);
#19742 = FACE_BOUND('',#19743,.F.);
#19743 = EDGE_LOOP('',(#19744));
#19744 = ORIENTED_EDGE('',*,*,#19076,.T.);
#19745 = FACE_BOUND('',#19746,.F.);
#19746 = EDGE_LOOP('',(#19747));
#19747 = ORIENTED_EDGE('',*,*,#19226,.T.);
#19748 = FACE_BOUND('',#19749,.F.);
#19749 = EDGE_LOOP('',(#19750));
#19750 = ORIENTED_EDGE('',*,*,#19051,.T.);
#19751 = FACE_BOUND('',#19752,.F.);
#19752 = EDGE_LOOP('',(#19753));
#19753 = ORIENTED_EDGE('',*,*,#19126,.T.);
#19754 = FACE_BOUND('',#19755,.F.);
#19755 = EDGE_LOOP('',(#19756));
#19756 = ORIENTED_EDGE('',*,*,#19001,.T.);
#19757 = FACE_BOUND('',#19758,.F.);
#19758 = EDGE_LOOP('',(#19759));
#19759 = ORIENTED_EDGE('',*,*,#12553,.T.);
#19760 = FACE_BOUND('',#19761,.F.);
#19761 = EDGE_LOOP('',(#19762));
#19762 = ORIENTED_EDGE('',*,*,#12837,.T.);
#19763 = FACE_BOUND('',#19764,.F.);
#19764 = EDGE_LOOP('',(#19765));
#19765 = ORIENTED_EDGE('',*,*,#6914,.T.);
#19766 = FACE_BOUND('',#19767,.F.);
#19767 = EDGE_LOOP('',(#19768));
#19768 = ORIENTED_EDGE('',*,*,#19301,.T.);
#19769 = FACE_BOUND('',#19770,.F.);
#19770 = EDGE_LOOP('',(#19771));
#19771 = ORIENTED_EDGE('',*,*,#19376,.T.);
#19772 = FACE_BOUND('',#19773,.F.);
#19773 = EDGE_LOOP('',(#19774));
#19774 = ORIENTED_EDGE('',*,*,#11676,.T.);
#19775 = FACE_BOUND('',#19776,.F.);
#19776 = EDGE_LOOP('',(#19777));
#19777 = ORIENTED_EDGE('',*,*,#11701,.T.);
#19778 = FACE_BOUND('',#19779,.F.);
#19779 = EDGE_LOOP('',(#19780));
#19780 = ORIENTED_EDGE('',*,*,#19326,.T.);
#19781 = FACE_BOUND('',#19782,.F.);
#19782 = EDGE_LOOP('',(#19783));
#19783 = ORIENTED_EDGE('',*,*,#13689,.T.);
#19784 = FACE_BOUND('',#19785,.F.);
#19785 = EDGE_LOOP('',(#19786));
#19786 = ORIENTED_EDGE('',*,*,#9831,.T.);
#19787 = FACE_BOUND('',#19788,.F.);
#19788 = EDGE_LOOP('',(#19789));
#19789 = ORIENTED_EDGE('',*,*,#9684,.T.);
#19790 = FACE_BOUND('',#19791,.F.);
#19791 = EDGE_LOOP('',(#19792));
#19792 = ORIENTED_EDGE('',*,*,#11985,.T.);
#19793 = FACE_BOUND('',#19794,.F.);
#19794 = EDGE_LOOP('',(#19795));
#19795 = ORIENTED_EDGE('',*,*,#12812,.T.);
#19796 = FACE_BOUND('',#19797,.F.);
#19797 = EDGE_LOOP('',(#19798));
#19798 = ORIENTED_EDGE('',*,*,#12528,.T.);
#19799 = FACE_BOUND('',#19800,.F.);
#19800 = EDGE_LOOP('',(#19801));
#19801 = ORIENTED_EDGE('',*,*,#13973,.T.);
#19802 = FACE_BOUND('',#19803,.F.);
#19803 = EDGE_LOOP('',(#19804));
#19804 = ORIENTED_EDGE('',*,*,#9659,.T.);
#19805 = FACE_BOUND('',#19806,.F.);
#19806 = EDGE_LOOP('',(#19807));
#19807 = ORIENTED_EDGE('',*,*,#13664,.T.);
#19808 = FACE_BOUND('',#19809,.F.);
#19809 = EDGE_LOOP('',(#19810));
#19810 = ORIENTED_EDGE('',*,*,#13948,.T.);
#19811 = FACE_BOUND('',#19812,.F.);
#19812 = EDGE_LOOP('',(#19813));
#19813 = ORIENTED_EDGE('',*,*,#19401,.T.);
#19814 = FACE_BOUND('',#19815,.F.);
#19815 = EDGE_LOOP('',(#19816));
#19816 = ORIENTED_EDGE('',*,*,#19351,.T.);
#19817 = FACE_BOUND('',#19818,.F.);
#19818 = EDGE_LOOP('',(#19819));
#19819 = ORIENTED_EDGE('',*,*,#19451,.T.);
#19820 = FACE_BOUND('',#19821,.F.);
#19821 = EDGE_LOOP('',(#19822));
#19822 = ORIENTED_EDGE('',*,*,#8607,.T.);
#19823 = FACE_BOUND('',#19824,.F.);
#19824 = EDGE_LOOP('',(#19825));
#19825 = ORIENTED_EDGE('',*,*,#8519,.T.);
#19826 = FACE_BOUND('',#19827,.F.);
#19827 = EDGE_LOOP('',(#19828));
#19828 = ORIENTED_EDGE('',*,*,#8632,.T.);
#19829 = FACE_BOUND('',#19830,.F.);
#19830 = EDGE_LOOP('',(#19831));
#19831 = ORIENTED_EDGE('',*,*,#8544,.T.);
#19832 = FACE_BOUND('',#19833,.F.);
#19833 = EDGE_LOOP('',(#19834));
#19834 = ORIENTED_EDGE('',*,*,#14232,.T.);
#19835 = FACE_BOUND('',#19836,.F.);
#19836 = EDGE_LOOP('',(#19837));
#19837 = ORIENTED_EDGE('',*,*,#19501,.T.);
#19838 = FACE_BOUND('',#19839,.F.);
#19839 = EDGE_LOOP('',(#19840));
#19840 = ORIENTED_EDGE('',*,*,#14516,.T.);
#19841 = FACE_BOUND('',#19842,.F.);
#19842 = EDGE_LOOP('',(#19843));
#19843 = ORIENTED_EDGE('',*,*,#19426,.T.);
#19844 = FACE_BOUND('',#19845,.F.);
#19845 = EDGE_LOOP('',(#19846));
#19846 = ORIENTED_EDGE('',*,*,#14257,.T.);
#19847 = FACE_BOUND('',#19848,.F.);
#19848 = EDGE_LOOP('',(#19849));
#19849 = ORIENTED_EDGE('',*,*,#19476,.T.);
#19850 = FACE_BOUND('',#19851,.F.);
#19851 = EDGE_LOOP('',(#19852));
#19852 = ORIENTED_EDGE('',*,*,#8802,.T.);
#19853 = PLANE('',#19854);
#19854 = AXIS2_PLACEMENT_3D('',#19855,#19856,#19857);
#19855 = CARTESIAN_POINT('',(3.175,-9.525,-38.1));
#19856 = DIRECTION('',(0.,0.,1.));
#19857 = DIRECTION('',(1.,0.,0.));
#19858 = ( GEOMETRIC_REPRESENTATION_CONTEXT(3) 
GLOBAL_UNCERTAINTY_ASSIGNED_CONTEXT((#19862)) 
GLOBAL_UNIT_ASSIGNED_CONTEXT((#19859,#19860,#19861)) 
REPRESENTATION_CONTEXT('Context #1',
  '3D Context with UNIT and UNCERTAINTY') );
#19859 = ( LENGTH_UNIT() NAMED_UNIT(*) SI_UNIT(.MILLI.,.METRE.) );
#19860 = ( NAMED_UNIT(*) PLANE_ANGLE_UNIT() SI_UNIT($,.RADIAN.) );
#19861 = ( NAMED_UNIT(*) SI_UNIT($,.STERADIAN.) SOLID_ANGLE_UNIT() );
#19862 = UNCERTAINTY_MEASURE_WITH_UNIT(LENGTH_MEASURE(1.E-07),#19859,
  'distance_accuracy_value','confusion accuracy');
#19863 = PRODUCT_RELATED_PRODUCT_CATEGORY('part',$,(#7));
ENDSEC;
END-ISO-10303-21;
