ISO-10303-21;
HEADER;
FILE_DESCRIPTION(('FreeCAD Model'),'2;1');
FILE_NAME('Open CASCADE Shape Model','2026-09-24T21:28:50',('FreeCAD'),(
    'FreeCAD'),'Open CASCADE STEP processor 7.8','FreeCAD','Unknown');
FILE_SCHEMA(('AUTOMOTIVE_DESIGN { 1 0 10303 214 1 1 1 1 }'));
ENDSEC;
DATA;
#1 = APPLICATION_PROTOCOL_DEFINITION('international standard',
  'automotive_design',2000,#2);
#2 = APPLICATION_CONTEXT(
  'core data for automotive mechanical design processes');
#3 = SHAPE_DEFINITION_REPRESENTATION(#4,#10);
#4 = PRODUCT_DEFINITION_SHAPE('','',#5);
#5 = PRODUCT_DEFINITION('design','',#6,#9);
#6 = PRODUCT_DEFINITION_FORMATION('','',#7);
#7 = PRODUCT('Open CASCADE STEP translator 7.8 2',
  'Open CASCADE STEP translator 7.8 2','',(#8));
#8 = PRODUCT_CONTEXT('',#2,'mechanical');
#9 = PRODUCT_DEFINITION_CONTEXT('part definition',#2,'design');
#10 = ADVANCED_BREP_SHAPE_REPRESENTATION('',(#11,#15),#17618);
#11 = AXIS2_PLACEMENT_3D('',#12,#13,#14);
#12 = CARTESIAN_POINT('',(0.,0.,0.));
#13 = DIRECTION('',(0.,0.,1.));
#14 = DIRECTION('',(1.,0.,-0.));
#15 = MANIFOLD_SOLID_BREP('',#16);
#16 = CLOSED_SHELL('',(#17,#57,#152,#215,#246,#305,#329,#360,#419,#443,
    #465,#496,#529,#560,#594,#618,#659,#683,#701,#726,#750,#784,#818,
    #831,#848,#865,#4443,#4474,#4499,#4524,#4548,#4572,#4612,#4654,#4679
    ,#4703,#4727,#4752,#4777,#4801,#4848,#4873,#4897,#4921,#4968,#4993,
    #5018,#5042,#5066,#5091,#5116,#5140,#5164,#5199,#5224,#5248,#5265,
    #5283,#5297,#5340,#5365,#5390,#5407,#5471,#5496,#5521,#5546,#5571,
    #5583,#5621,#5646,#5671,#5702,#5727,#5752,#5776,#5800,#5825,#5850,
    #5867,#5971,#5996,#6021,#6046,#6071,#6096,#6121,#6146,#6171,#6204,
    #6228,#6253,#6277,#6324,#6349,#6373,#6399,#6423,#6448,#6473,#6497,
    #6521,#6539,#6556,#6572,#6632,#6657,#6682,#6707,#6732,#6764,#6836,
    #6892,#6917,#6942,#6989,#7013,#7038,#7063,#7102,#7142,#7166,#7184,
    #7201,#7218,#7289,#7314,#7331,#7342,#7361,#7373,#7384,#7415,#7439,
    #7463,#7480,#7492,#7524,#7596,#7652,#7677,#7702,#7749,#7773,#7798,
    #7823,#7862,#7902,#7926,#7944,#7961,#7978,#8049,#8074,#8091,#8102,
    #8121,#8133,#8144,#8175,#8199,#8223,#8240,#8252,#8284,#8309,#8333,
    #8357,#8382,#8407,#8431,#8455,#8480,#8505,#8529,#8553,#8578,#8596,
    #8650,#8675,#8700,#8724,#8748,#8773,#8798,#8822,#8846,#8871,#8896,
    #8920,#8944,#8962,#8980,#9018,#9043,#9068,#9106,#9131,#9156,#9187,
    #9212,#9237,#9261,#9285,#9325,#9350,#9374,#9399,#9423,#9449,#9506,
    #9531,#9548,#9573,#9594,#9611,#9625,#9656,#9681,#9706,#9730,#9754,
    #9794,#9819,#9843,#9868,#9892,#9918,#9975,#10000,#10017,#10042,
    #10063,#10080,#10094,#10125,#10150,#10175,#10199,#10223,#10263,
    #10288,#10312,#10337,#10361,#10387,#10444,#10469,#10486,#10511,
    #10532,#10549,#10563,#10594,#10619,#10644,#10668,#10692,#10717,
    #10742,#10759,#10797,#10822,#10847,#10878,#10903,#10928,#10952,
    #10976,#11001,#11026,#11043,#11081,#11106,#11131,#11162,#11187,
    #11212,#11236,#11260,#11285,#11310,#11327,#11365,#11390,#11415,
    #11446,#11471,#11496,#11520,#11544,#11569,#11594,#11611,#11649,
    #11674,#11699,#11730,#11755,#11780,#11804,#11828,#11853,#11878,
    #11895,#11933,#11958,#11983,#12014,#12039,#12064,#12088,#12112,
    #12137,#12162,#12179,#12217,#12242,#12267,#12298,#12323,#12348,
    #12372,#12396,#12421,#12446,#12463,#12501,#12526,#12551,#12582,
    #12607,#12631,#12656,#12680,#12705,#12729,#12747,#12785,#12810,
    #12835,#12866,#12891,#12916,#12940,#12964,#12989,#13014,#13031,
    #13069,#13094,#13119,#13152,#13176,#13201,#13225,#13250,#13274,
    #13300,#13317,#13333,#13366,#13390,#13423,#13447,#13472,#13496,
    #13514,#13531,#13547,#13580,#13604,#13637,#13661,#13686,#13710,
    #13728,#13745,#13761,#13794,#13818,#13851,#13875,#13900,#13924,
    #13942,#13959,#13975,#14008,#14032,#14065,#14089,#14114,#14138,
    #14156,#14173,#14189,#14222,#14246,#14279,#14303,#14328,#14352,
    #14370,#14387,#14403,#14436,#14460,#14493,#14517,#14542,#14566,
    #14584,#14601,#14617,#14650,#14674,#14707,#14731,#14756,#14780,
    #14798,#14815,#14831,#14862,#14887,#14912,#14936,#14960,#14985,
    #15010,#15027,#15043,#15074,#15099,#15124,#15148,#15172,#15197,
    #15222,#15239,#15255,#15286,#15311,#15336,#15360,#15384,#15409,
    #15434,#15451,#15467,#15498,#15523,#15548,#15572,#15596,#15621,
    #15646,#15663,#15679,#15710,#15735,#15760,#15784,#15808,#15833,
    #15858,#15875,#15891,#15916,#15936,#15961,#15986,#16006,#16031,
    #16056,#16076,#16101,#16126,#16146,#16171,#16196,#16221,#16246,
    #16271,#16296,#16321,#16346,#16371,#16396,#16421,#16446,#16471,
    #16496,#16521,#16546,#16571,#16596,#16621,#16646,#16671,#16696,
    #16721,#16746,#16771,#16796,#16821,#16846,#16871,#16896,#16921,
    #16946,#16971,#16996,#17021,#17046,#17071,#17096,#17121,#17146,
    #17484,#17509,#17534,#17559,#17584));
#17 = ADVANCED_FACE('',(#18),#52,.F.);
#18 = FACE_BOUND('',#19,.F.);
#19 = EDGE_LOOP('',(#20,#30,#38,#46));
#20 = ORIENTED_EDGE('',*,*,#21,.F.);
#21 = EDGE_CURVE('',#22,#24,#26,.T.);
#22 = VERTEX_POINT('',#23);
#23 = CARTESIAN_POINT('',(3.175,3.175,-38.1));
#24 = VERTEX_POINT('',#25);
#25 = CARTESIAN_POINT('',(3.175,3.175,-12.7));
#26 = LINE('',#27,#28);
#27 = CARTESIAN_POINT('',(3.175,3.175,-38.1));
#28 = VECTOR('',#29,1.);
#29 = DIRECTION('',(0.,0.,1.));
#30 = ORIENTED_EDGE('',*,*,#31,.T.);
#31 = EDGE_CURVE('',#22,#32,#34,.T.);
#32 = VERTEX_POINT('',#33);
#33 = CARTESIAN_POINT('',(3.175,352.425,-38.1));
#34 = LINE('',#35,#36);
#35 = CARTESIAN_POINT('',(3.175,3.175,-38.1));
#36 = VECTOR('',#37,1.);
#37 = DIRECTION('',(0.,1.,0.));
#38 = ORIENTED_EDGE('',*,*,#39,.T.);
#39 = EDGE_CURVE('',#32,#40,#42,.T.);
#40 = VERTEX_POINT('',#41);
#41 = CARTESIAN_POINT('',(3.175,352.425,-12.7));
#42 = LINE('',#43,#44);
#43 = CARTESIAN_POINT('',(3.175,352.425,-38.1));
#44 = VECTOR('',#45,1.);
#45 = DIRECTION('',(0.,0.,1.));
#46 = ORIENTED_EDGE('',*,*,#47,.F.);
#47 = EDGE_CURVE('',#24,#40,#48,.T.);
#48 = LINE('',#49,#50);
#49 = CARTESIAN_POINT('',(3.175,3.175,-12.7));
#50 = VECTOR('',#51,1.);
#51 = DIRECTION('',(0.,1.,0.));
#52 = PLANE('',#53);
#53 = AXIS2_PLACEMENT_3D('',#54,#55,#56);
#54 = CARTESIAN_POINT('',(3.175,3.175,-38.1));
#55 = DIRECTION('',(1.,0.,0.));
#56 = DIRECTION('',(0.,0.,1.));
#57 = ADVANCED_FACE('',(#58),#147,.F.);
#58 = FACE_BOUND('',#59,.F.);
#59 = EDGE_LOOP('',(#60,#70,#78,#84,#85,#93,#101,#109,#117,#125,#133,
    #141));
#60 = ORIENTED_EDGE('',*,*,#61,.T.);
#61 = EDGE_CURVE('',#62,#64,#66,.T.);
#62 = VERTEX_POINT('',#63);
#63 = CARTESIAN_POINT('',(322.23302311302,3.175,-12.7));
#64 = VERTEX_POINT('',#65);
#65 = CARTESIAN_POINT('',(606.425,3.175,-12.7));
#66 = LINE('',#67,#68);
#67 = CARTESIAN_POINT('',(3.175,3.175,-12.7));
#68 = VECTOR('',#69,1.);
#69 = DIRECTION('',(1.,0.,0.));
#70 = ORIENTED_EDGE('',*,*,#71,.F.);
#71 = EDGE_CURVE('',#72,#64,#74,.T.);
#72 = VERTEX_POINT('',#73);
#73 = CARTESIAN_POINT('',(606.425,3.175,-38.1));
#74 = LINE('',#75,#76);
#75 = CARTESIAN_POINT('',(606.425,3.175,-38.1));
#76 = VECTOR('',#77,1.);
#77 = DIRECTION('',(0.,0.,1.));
#78 = ORIENTED_EDGE('',*,*,#79,.F.);
#79 = EDGE_CURVE('',#22,#72,#80,.T.);
#80 = LINE('',#81,#82);
#81 = CARTESIAN_POINT('',(3.175,3.175,-38.1));
#82 = VECTOR('',#83,1.);
#83 = DIRECTION('',(1.,0.,0.));
#84 = ORIENTED_EDGE('',*,*,#21,.T.);
#85 = ORIENTED_EDGE('',*,*,#86,.T.);
#86 = EDGE_CURVE('',#24,#87,#89,.T.);
#87 = VERTEX_POINT('',#88);
#88 = CARTESIAN_POINT('',(113.93658570863,3.175,-12.7));
#89 = LINE('',#90,#91);
#90 = CARTESIAN_POINT('',(3.175,3.175,-12.7));
#91 = VECTOR('',#92,1.);
#92 = DIRECTION('',(1.,0.,0.));
#93 = ORIENTED_EDGE('',*,*,#94,.T.);
#94 = EDGE_CURVE('',#87,#95,#97,.T.);
#95 = VERTEX_POINT('',#96);
#96 = CARTESIAN_POINT('',(113.93658570863,3.175,-19.09033817672));
#97 = LINE('',#98,#99);
#98 = CARTESIAN_POINT('',(113.93658570863,3.175,-28.59516908836));
#99 = VECTOR('',#100,1.);
#100 = DIRECTION('',(0.,0.,-1.));
#101 = ORIENTED_EDGE('',*,*,#102,.T.);
#102 = EDGE_CURVE('',#95,#103,#105,.T.);
#103 = VERTEX_POINT('',#104);
#104 = CARTESIAN_POINT('',(126.23302311302,3.175,-19.09033817672));
#105 = LINE('',#106,#107);
#106 = CARTESIAN_POINT('',(61.629902205416,3.175,-19.09033817672));
#107 = VECTOR('',#108,1.);
#108 = DIRECTION('',(1.,0.,0.));
#109 = ORIENTED_EDGE('',*,*,#110,.T.);
#110 = EDGE_CURVE('',#103,#111,#113,.T.);
#111 = VERTEX_POINT('',#112);
#112 = CARTESIAN_POINT('',(126.23302311302,3.175,-12.7));
#113 = LINE('',#114,#115);
#114 = CARTESIAN_POINT('',(126.23302311302,3.175,-28.59516908836));
#115 = VECTOR('',#116,1.);
#116 = DIRECTION('',(0.,0.,1.));
#117 = ORIENTED_EDGE('',*,*,#118,.T.);
#118 = EDGE_CURVE('',#111,#119,#121,.T.);
#119 = VERTEX_POINT('',#120);
#120 = CARTESIAN_POINT('',(307.93658570863,3.175,-12.7));
#121 = LINE('',#122,#123);
#122 = CARTESIAN_POINT('',(3.175,3.175,-12.7));
#123 = VECTOR('',#124,1.);
#124 = DIRECTION('',(1.,0.,0.));
#125 = ORIENTED_EDGE('',*,*,#126,.T.);
#126 = EDGE_CURVE('',#119,#127,#129,.T.);
#127 = VERTEX_POINT('',#128);
#128 = CARTESIAN_POINT('',(307.93658570863,3.175,-19.09033817672));
#129 = LINE('',#130,#131);
#130 = CARTESIAN_POINT('',(307.93658570863,3.175,-28.59516908836));
#131 = VECTOR('',#132,1.);
#132 = DIRECTION('',(0.,0.,-1.));
#133 = ORIENTED_EDGE('',*,*,#134,.T.);
#134 = EDGE_CURVE('',#127,#135,#137,.T.);
#135 = VERTEX_POINT('',#136);
#136 = CARTESIAN_POINT('',(322.23302311302,3.175,-19.09033817672));
#137 = LINE('',#138,#139);
#138 = CARTESIAN_POINT('',(159.12990220541,3.175,-19.09033817672));
#139 = VECTOR('',#140,1.);
#140 = DIRECTION('',(1.,0.,0.));
#141 = ORIENTED_EDGE('',*,*,#142,.T.);
#142 = EDGE_CURVE('',#135,#62,#143,.T.);
#143 = LINE('',#144,#145);
#144 = CARTESIAN_POINT('',(322.23302311302,3.175,-28.59516908836));
#145 = VECTOR('',#146,1.);
#146 = DIRECTION('',(0.,0.,1.));
#147 = PLANE('',#148);
#148 = AXIS2_PLACEMENT_3D('',#149,#150,#151);
#149 = CARTESIAN_POINT('',(3.175,3.175,-38.1));
#150 = DIRECTION('',(0.,1.,0.));
#151 = DIRECTION('',(0.,0.,1.));
#152 = ADVANCED_FACE('',(#153),#210,.T.);
#153 = FACE_BOUND('',#154,.T.);
#154 = EDGE_LOOP('',(#155,#165,#171,#172,#180,#188,#196,#204));
#155 = ORIENTED_EDGE('',*,*,#156,.F.);
#156 = EDGE_CURVE('',#157,#159,#161,.T.);
#157 = VERTEX_POINT('',#158);
#158 = CARTESIAN_POINT('',(606.425,352.425,-38.1));
#159 = VERTEX_POINT('',#160);
#160 = CARTESIAN_POINT('',(606.425,352.425,-12.7));
#161 = LINE('',#162,#163);
#162 = CARTESIAN_POINT('',(606.425,352.425,-38.1));
#163 = VECTOR('',#164,1.);
#164 = DIRECTION('',(0.,0.,1.));
#165 = ORIENTED_EDGE('',*,*,#166,.F.);
#166 = EDGE_CURVE('',#32,#157,#167,.T.);
#167 = LINE('',#168,#169);
#168 = CARTESIAN_POINT('',(3.175,352.425,-38.1));
#169 = VECTOR('',#170,1.);
#170 = DIRECTION('',(1.,0.,0.));
#171 = ORIENTED_EDGE('',*,*,#39,.T.);
#172 = ORIENTED_EDGE('',*,*,#173,.T.);
#173 = EDGE_CURVE('',#40,#174,#176,.T.);
#174 = VERTEX_POINT('',#175);
#175 = CARTESIAN_POINT('',(18.516976886974,352.425,-12.7));
#176 = LINE('',#177,#178);
#177 = CARTESIAN_POINT('',(3.175,352.425,-12.7));
#178 = VECTOR('',#179,1.);
#179 = DIRECTION('',(1.,0.,0.));
#180 = ORIENTED_EDGE('',*,*,#181,.T.);
#181 = EDGE_CURVE('',#174,#182,#184,.T.);
#182 = VERTEX_POINT('',#183);
#183 = CARTESIAN_POINT('',(18.516976886974,352.425,-19.09033817672));
#184 = LINE('',#185,#186);
#185 = CARTESIAN_POINT('',(18.516976886974,352.425,-28.59516908836));
#186 = VECTOR('',#187,1.);
#187 = DIRECTION('',(0.,0.,-1.));
#188 = ORIENTED_EDGE('',*,*,#189,.T.);
#189 = EDGE_CURVE('',#182,#190,#192,.T.);
#190 = VERTEX_POINT('',#191);
#191 = CARTESIAN_POINT('',(42.648400092656,352.425,-19.09033817672));
#192 = LINE('',#193,#194);
#193 = CARTESIAN_POINT('',(9.100890648903,352.425,-19.09033817672));
#194 = VECTOR('',#195,1.);
#195 = DIRECTION('',(1.,0.,0.));
#196 = ORIENTED_EDGE('',*,*,#197,.T.);
#197 = EDGE_CURVE('',#190,#198,#200,.T.);
#198 = VERTEX_POINT('',#199);
#199 = CARTESIAN_POINT('',(42.648400092651,352.425,-12.7));
#200 = LINE('',#201,#202);
#201 = CARTESIAN_POINT('',(42.648400092656,352.425,-19.09033817672));
#202 = VECTOR('',#203,1.);
#203 = DIRECTION('',(0.,0.,1.));
#204 = ORIENTED_EDGE('',*,*,#205,.T.);
#205 = EDGE_CURVE('',#198,#159,#206,.T.);
#206 = LINE('',#207,#208);
#207 = CARTESIAN_POINT('',(3.175,352.425,-12.7));
#208 = VECTOR('',#209,1.);
#209 = DIRECTION('',(1.,0.,0.));
#210 = PLANE('',#211);
#211 = AXIS2_PLACEMENT_3D('',#212,#213,#214);
#212 = CARTESIAN_POINT('',(3.175,352.425,-38.1));
#213 = DIRECTION('',(0.,1.,0.));
#214 = DIRECTION('',(0.,0.,1.));
#215 = ADVANCED_FACE('',(#216),#241,.T.);
#216 = FACE_BOUND('',#217,.T.);
#217 = EDGE_LOOP('',(#218,#226,#227,#235));
#218 = ORIENTED_EDGE('',*,*,#219,.F.);
#219 = EDGE_CURVE('',#135,#220,#222,.T.);
#220 = VERTEX_POINT('',#221);
#221 = CARTESIAN_POINT('',(328.4038679031,9.34584479008,-19.09033817672)
  );
#222 = LINE('',#223,#224);
#223 = CARTESIAN_POINT('',(315.08480441083,-3.973218702194,
    -19.09033817672));
#224 = VECTOR('',#225,1.);
#225 = DIRECTION('',(0.707106781187,0.707106781187,0.));
#226 = ORIENTED_EDGE('',*,*,#142,.T.);
#227 = ORIENTED_EDGE('',*,*,#228,.F.);
#228 = EDGE_CURVE('',#229,#62,#231,.T.);
#229 = VERTEX_POINT('',#230);
#230 = CARTESIAN_POINT('',(328.4038679031,9.34584479008,-12.7));
#231 = LINE('',#232,#233);
#232 = CARTESIAN_POINT('',(238.89440798367,-80.16361512935,-12.7));
#233 = VECTOR('',#234,1.);
#234 = DIRECTION('',(-0.707106781187,-0.707106781187,0.));
#235 = ORIENTED_EDGE('',*,*,#236,.F.);
#236 = EDGE_CURVE('',#220,#229,#237,.T.);
#237 = LINE('',#238,#239);
#238 = CARTESIAN_POINT('',(328.4038679031,9.34584479008,-19.09033817672)
  );
#239 = VECTOR('',#240,1.);
#240 = DIRECTION('',(0.,0.,1.));
#241 = PLANE('',#242);
#242 = AXIS2_PLACEMENT_3D('',#243,#244,#245);
#243 = CARTESIAN_POINT('',(315.08480441083,-3.973218702194,
    -19.09033817672));
#244 = DIRECTION('',(-0.707106781187,0.707106781187,0.));
#245 = DIRECTION('',(0.,0.,1.));
#246 = ADVANCED_FACE('',(#247),#300,.T.);
#247 = FACE_BOUND('',#248,.T.);
#248 = EDGE_LOOP('',(#249,#259,#268,#276,#285,#291,#292,#293));
#249 = ORIENTED_EDGE('',*,*,#250,.T.);
#250 = EDGE_CURVE('',#251,#253,#255,.T.);
#251 = VERTEX_POINT('',#252);
#252 = CARTESIAN_POINT('',(328.4038679031,13.834558637052,
    -19.09033817672));
#253 = VERTEX_POINT('',#254);
#254 = CARTESIAN_POINT('',(318.76600235954,23.472424180612,
    -19.09033817672));
#255 = LINE('',#256,#257);
#256 = CARTESIAN_POINT('',(330.64822482659,11.590201713566,
    -19.09033817672));
#257 = VECTOR('',#258,1.);
#258 = DIRECTION('',(-0.707106781187,0.707106781187,0.));
#259 = ORIENTED_EDGE('',*,*,#260,.T.);
#260 = EDGE_CURVE('',#253,#261,#263,.T.);
#261 = VERTEX_POINT('',#262);
#262 = CARTESIAN_POINT('',(314.27728851257,23.472424180612,
    -19.09033817672));
#263 = CIRCLE('',#264,3.174);
#264 = AXIS2_PLACEMENT_3D('',#265,#266,#267);
#265 = CARTESIAN_POINT('',(316.52164543605,21.228067257126,
    -19.09033817672));
#266 = DIRECTION('',(-0.,0.,1.));
#267 = DIRECTION('',(0.707106781187,-0.707106781187,0.));
#268 = ORIENTED_EDGE('',*,*,#269,.F.);
#269 = EDGE_CURVE('',#270,#261,#272,.T.);
#270 = VERTEX_POINT('',#271);
#271 = CARTESIAN_POINT('',(303.20258194378,12.397717611825,
    -19.09033817672));
#272 = LINE('',#273,#274);
#273 = CARTESIAN_POINT('',(300.95822502029,10.153360688339,
    -19.09033817672));
#274 = VECTOR('',#275,1.);
#275 = DIRECTION('',(0.707106781187,0.707106781187,0.));
#276 = ORIENTED_EDGE('',*,*,#277,.F.);
#277 = EDGE_CURVE('',#278,#270,#280,.T.);
#278 = VERTEX_POINT('',#279);
#279 = CARTESIAN_POINT('',(303.20258194378,7.909003764853,
    -19.09033817672));
#280 = CIRCLE('',#281,3.174);
#281 = AXIS2_PLACEMENT_3D('',#282,#283,#284);
#282 = CARTESIAN_POINT('',(305.44693886727,10.153360688339,
    -19.09033817672));
#283 = DIRECTION('',(0.,-0.,-1.));
#284 = DIRECTION('',(0.707106781187,-0.707106781187,0.));
#285 = ORIENTED_EDGE('',*,*,#286,.F.);
#286 = EDGE_CURVE('',#127,#278,#287,.T.);
#287 = LINE('',#288,#289);
#288 = CARTESIAN_POINT('',(315.08480441083,-3.973218702194,
    -19.09033817672));
#289 = VECTOR('',#290,1.);
#290 = DIRECTION('',(-0.707106781187,0.707106781187,0.));
#291 = ORIENTED_EDGE('',*,*,#134,.T.);
#292 = ORIENTED_EDGE('',*,*,#219,.T.);
#293 = ORIENTED_EDGE('',*,*,#294,.T.);
#294 = EDGE_CURVE('',#220,#251,#295,.T.);
#295 = CIRCLE('',#296,3.174);
#296 = AXIS2_PLACEMENT_3D('',#297,#298,#299);
#297 = CARTESIAN_POINT('',(326.15951097962,11.590201713566,
    -19.09033817672));
#298 = DIRECTION('',(-0.,0.,1.));
#299 = DIRECTION('',(0.707106781187,-0.707106781187,0.));
#300 = PLANE('',#301);
#301 = AXIS2_PLACEMENT_3D('',#302,#303,#304);
#302 = CARTESIAN_POINT('',(315.08480441083,-3.973218702194,
    -19.09033817672));
#303 = DIRECTION('',(0.,0.,1.));
#304 = DIRECTION('',(0.707106781187,0.707106781187,0.));
#305 = ADVANCED_FACE('',(#306),#324,.T.);
#306 = FACE_BOUND('',#307,.T.);
#307 = EDGE_LOOP('',(#308,#316,#322,#323));
#308 = ORIENTED_EDGE('',*,*,#309,.T.);
#309 = EDGE_CURVE('',#278,#310,#312,.T.);
#310 = VERTEX_POINT('',#311);
#311 = CARTESIAN_POINT('',(303.20258194378,7.909003764853,-12.7));
#312 = LINE('',#313,#314);
#313 = CARTESIAN_POINT('',(303.20258194378,7.909003764853,
    -19.09033817672));
#314 = VECTOR('',#315,1.);
#315 = DIRECTION('',(0.,0.,1.));
#316 = ORIENTED_EDGE('',*,*,#317,.F.);
#317 = EDGE_CURVE('',#119,#310,#318,.T.);
#318 = LINE('',#319,#320);
#319 = CARTESIAN_POINT('',(235.32029863257,75.791287076062,-12.7));
#320 = VECTOR('',#321,1.);
#321 = DIRECTION('',(-0.707106781187,0.707106781187,0.));
#322 = ORIENTED_EDGE('',*,*,#126,.T.);
#323 = ORIENTED_EDGE('',*,*,#286,.T.);
#324 = PLANE('',#325);
#325 = AXIS2_PLACEMENT_3D('',#326,#327,#328);
#326 = CARTESIAN_POINT('',(315.08480441083,-3.973218702194,
    -19.09033817672));
#327 = DIRECTION('',(0.707106781187,0.707106781187,0.));
#328 = DIRECTION('',(0.,0.,1.));
#329 = ADVANCED_FACE('',(#330),#355,.T.);
#330 = FACE_BOUND('',#331,.T.);
#331 = EDGE_LOOP('',(#332,#340,#341,#349));
#332 = ORIENTED_EDGE('',*,*,#333,.F.);
#333 = EDGE_CURVE('',#103,#334,#336,.T.);
#334 = VERTEX_POINT('',#335);
#335 = CARTESIAN_POINT('',(133.4038679031,10.34584479008,-19.09033817672
    ));
#336 = LINE('',#337,#338);
#337 = CARTESIAN_POINT('',(120.08480441083,-2.973218702194,
    -19.09033817672));
#338 = VECTOR('',#339,1.);
#339 = DIRECTION('',(0.707106781187,0.707106781187,0.));
#340 = ORIENTED_EDGE('',*,*,#110,.T.);
#341 = ORIENTED_EDGE('',*,*,#342,.F.);
#342 = EDGE_CURVE('',#343,#111,#345,.T.);
#343 = VERTEX_POINT('',#344);
#344 = CARTESIAN_POINT('',(133.4038679031,10.34584479008,-12.7));
#345 = LINE('',#346,#347);
#346 = CARTESIAN_POINT('',(92.394407983673,-30.66361512935,-12.7));
#347 = VECTOR('',#348,1.);
#348 = DIRECTION('',(-0.707106781187,-0.707106781187,0.));
#349 = ORIENTED_EDGE('',*,*,#350,.F.);
#350 = EDGE_CURVE('',#334,#343,#351,.T.);
#351 = LINE('',#352,#353);
#352 = CARTESIAN_POINT('',(133.4038679031,10.34584479008,-19.09033817672
    ));
#353 = VECTOR('',#354,1.);
#354 = DIRECTION('',(0.,0.,1.));
#355 = PLANE('',#356);
#356 = AXIS2_PLACEMENT_3D('',#357,#358,#359);
#357 = CARTESIAN_POINT('',(120.08480441083,-2.973218702194,
    -19.09033817672));
#358 = DIRECTION('',(-0.707106781187,0.707106781187,0.));
#359 = DIRECTION('',(0.,0.,1.));
#360 = ADVANCED_FACE('',(#361),#414,.T.);
#361 = FACE_BOUND('',#362,.T.);
#362 = EDGE_LOOP('',(#363,#373,#382,#390,#399,#405,#406,#407));
#363 = ORIENTED_EDGE('',*,*,#364,.T.);
#364 = EDGE_CURVE('',#365,#367,#369,.T.);
#365 = VERTEX_POINT('',#366);
#366 = CARTESIAN_POINT('',(133.4038679031,14.834558637052,
    -19.09033817672));
#367 = VERTEX_POINT('',#368);
#368 = CARTESIAN_POINT('',(123.76600235954,24.472424180612,
    -19.09033817672));
#369 = LINE('',#370,#371);
#370 = CARTESIAN_POINT('',(135.64822482659,12.590201713566,
    -19.09033817672));
#371 = VECTOR('',#372,1.);
#372 = DIRECTION('',(-0.707106781187,0.707106781187,0.));
#373 = ORIENTED_EDGE('',*,*,#374,.T.);
#374 = EDGE_CURVE('',#367,#375,#377,.T.);
#375 = VERTEX_POINT('',#376);
#376 = CARTESIAN_POINT('',(119.27728851257,24.472424180612,
    -19.09033817672));
#377 = CIRCLE('',#378,3.174);
#378 = AXIS2_PLACEMENT_3D('',#379,#380,#381);
#379 = CARTESIAN_POINT('',(121.52164543605,22.228067257126,
    -19.09033817672));
#380 = DIRECTION('',(-0.,0.,1.));
#381 = DIRECTION('',(0.707106781187,-0.707106781187,0.));
#382 = ORIENTED_EDGE('',*,*,#383,.F.);
#383 = EDGE_CURVE('',#384,#375,#386,.T.);
#384 = VERTEX_POINT('',#385);
#385 = CARTESIAN_POINT('',(108.20258194378,13.397717611825,
    -19.09033817672));
#386 = LINE('',#387,#388);
#387 = CARTESIAN_POINT('',(105.95822502029,11.153360688339,
    -19.09033817672));
#388 = VECTOR('',#389,1.);
#389 = DIRECTION('',(0.707106781187,0.707106781187,0.));
#390 = ORIENTED_EDGE('',*,*,#391,.F.);
#391 = EDGE_CURVE('',#392,#384,#394,.T.);
#392 = VERTEX_POINT('',#393);
#393 = CARTESIAN_POINT('',(108.20258194378,8.909003764853,
    -19.09033817672));
#394 = CIRCLE('',#395,3.174);
#395 = AXIS2_PLACEMENT_3D('',#396,#397,#398);
#396 = CARTESIAN_POINT('',(110.44693886727,11.153360688339,
    -19.09033817672));
#397 = DIRECTION('',(0.,-0.,-1.));
#398 = DIRECTION('',(0.707106781187,-0.707106781187,0.));
#399 = ORIENTED_EDGE('',*,*,#400,.F.);
#400 = EDGE_CURVE('',#95,#392,#401,.T.);
#401 = LINE('',#402,#403);
#402 = CARTESIAN_POINT('',(120.08480441083,-2.973218702194,
    -19.09033817672));
#403 = VECTOR('',#404,1.);
#404 = DIRECTION('',(-0.707106781187,0.707106781187,0.));
#405 = ORIENTED_EDGE('',*,*,#102,.T.);
#406 = ORIENTED_EDGE('',*,*,#333,.T.);
#407 = ORIENTED_EDGE('',*,*,#408,.T.);
#408 = EDGE_CURVE('',#334,#365,#409,.T.);
#409 = CIRCLE('',#410,3.174);
#410 = AXIS2_PLACEMENT_3D('',#411,#412,#413);
#411 = CARTESIAN_POINT('',(131.15951097962,12.590201713566,
    -19.09033817672));
#412 = DIRECTION('',(-0.,0.,1.));
#413 = DIRECTION('',(0.707106781187,-0.707106781187,0.));
#414 = PLANE('',#415);
#415 = AXIS2_PLACEMENT_3D('',#416,#417,#418);
#416 = CARTESIAN_POINT('',(120.08480441083,-2.973218702194,
    -19.09033817672));
#417 = DIRECTION('',(0.,0.,1.));
#418 = DIRECTION('',(0.707106781187,0.707106781187,0.));
#419 = ADVANCED_FACE('',(#420),#438,.T.);
#420 = FACE_BOUND('',#421,.T.);
#421 = EDGE_LOOP('',(#422,#430,#436,#437));
#422 = ORIENTED_EDGE('',*,*,#423,.T.);
#423 = EDGE_CURVE('',#392,#424,#426,.T.);
#424 = VERTEX_POINT('',#425);
#425 = CARTESIAN_POINT('',(108.20258194378,8.909003764853,-12.7));
#426 = LINE('',#427,#428);
#427 = CARTESIAN_POINT('',(108.20258194378,8.909003764853,
    -19.09033817672));
#428 = VECTOR('',#429,1.);
#429 = DIRECTION('',(0.,0.,1.));
#430 = ORIENTED_EDGE('',*,*,#431,.F.);
#431 = EDGE_CURVE('',#87,#424,#432,.T.);
#432 = LINE('',#433,#434);
#433 = CARTESIAN_POINT('',(89.320298632575,27.791287076062,-12.7));
#434 = VECTOR('',#435,1.);
#435 = DIRECTION('',(-0.707106781187,0.707106781187,0.));
#436 = ORIENTED_EDGE('',*,*,#94,.T.);
#437 = ORIENTED_EDGE('',*,*,#400,.T.);
#438 = PLANE('',#439);
#439 = AXIS2_PLACEMENT_3D('',#440,#441,#442);
#440 = CARTESIAN_POINT('',(120.08480441083,-2.973218702194,
    -19.09033817672));
#441 = DIRECTION('',(0.707106781187,0.707106781187,0.));
#442 = DIRECTION('',(0.,0.,1.));
#443 = ADVANCED_FACE('',(#444),#460,.T.);
#444 = FACE_BOUND('',#445,.T.);
#445 = EDGE_LOOP('',(#446,#447,#453,#454));
#446 = ORIENTED_EDGE('',*,*,#71,.F.);
#447 = ORIENTED_EDGE('',*,*,#448,.T.);
#448 = EDGE_CURVE('',#72,#157,#449,.T.);
#449 = LINE('',#450,#451);
#450 = CARTESIAN_POINT('',(606.425,3.175,-38.1));
#451 = VECTOR('',#452,1.);
#452 = DIRECTION('',(0.,1.,0.));
#453 = ORIENTED_EDGE('',*,*,#156,.T.);
#454 = ORIENTED_EDGE('',*,*,#455,.F.);
#455 = EDGE_CURVE('',#64,#159,#456,.T.);
#456 = LINE('',#457,#458);
#457 = CARTESIAN_POINT('',(606.425,3.175,-12.7));
#458 = VECTOR('',#459,1.);
#459 = DIRECTION('',(0.,1.,0.));
#460 = PLANE('',#461);
#461 = AXIS2_PLACEMENT_3D('',#462,#463,#464);
#462 = CARTESIAN_POINT('',(606.425,3.175,-38.1));
#463 = DIRECTION('',(1.,0.,0.));
#464 = DIRECTION('',(0.,0.,1.));
#465 = ADVANCED_FACE('',(#466),#491,.T.);
#466 = FACE_BOUND('',#467,.T.);
#467 = EDGE_LOOP('',(#468,#476,#477,#485));
#468 = ORIENTED_EDGE('',*,*,#469,.F.);
#469 = EDGE_CURVE('',#182,#470,#472,.T.);
#470 = VERTEX_POINT('',#471);
#471 = CARTESIAN_POINT('',(28.34584479008,342.59613209689,
    -19.09033817672));
#472 = LINE('',#473,#474);
#473 = CARTESIAN_POINT('',(15.026781297806,355.91519558916,
    -19.09033817672));
#474 = VECTOR('',#475,1.);
#475 = DIRECTION('',(0.707106781187,-0.707106781187,0.));
#476 = ORIENTED_EDGE('',*,*,#181,.F.);
#477 = ORIENTED_EDGE('',*,*,#478,.F.);
#478 = EDGE_CURVE('',#479,#174,#481,.T.);
#479 = VERTEX_POINT('',#480);
#480 = CARTESIAN_POINT('',(28.34584479008,342.59613209689,-12.7));
#481 = LINE('',#482,#483);
#482 = CARTESIAN_POINT('',(100.24888487064,270.69309201632,-12.7));
#483 = VECTOR('',#484,1.);
#484 = DIRECTION('',(-0.707106781187,0.707106781187,0.));
#485 = ORIENTED_EDGE('',*,*,#486,.F.);
#486 = EDGE_CURVE('',#470,#479,#487,.T.);
#487 = LINE('',#488,#489);
#488 = CARTESIAN_POINT('',(28.34584479008,342.59613209689,
    -19.09033817672));
#489 = VECTOR('',#490,1.);
#490 = DIRECTION('',(0.,0.,1.));
#491 = PLANE('',#492);
#492 = AXIS2_PLACEMENT_3D('',#493,#494,#495);
#493 = CARTESIAN_POINT('',(15.026781297806,355.91519558916,
    -19.09033817672));
#494 = DIRECTION('',(0.707106781187,0.707106781187,0.));
#495 = DIRECTION('',(0.,0.,1.));
#496 = ADVANCED_FACE('',(#497),#524,.F.);
#497 = FACE_BOUND('',#498,.F.);
#498 = EDGE_LOOP('',(#499,#500,#509,#517));
#499 = ORIENTED_EDGE('',*,*,#486,.F.);
#500 = ORIENTED_EDGE('',*,*,#501,.T.);
#501 = EDGE_CURVE('',#470,#502,#504,.T.);
#502 = VERTEX_POINT('',#503);
#503 = CARTESIAN_POINT('',(32.834558637052,342.59613209689,
    -19.09033817672));
#504 = CIRCLE('',#505,3.174);
#505 = AXIS2_PLACEMENT_3D('',#506,#507,#508);
#506 = CARTESIAN_POINT('',(30.590201713566,344.84048902038,
    -19.09033817672));
#507 = DIRECTION('',(0.,0.,1.));
#508 = DIRECTION('',(-0.707106781187,-0.707106781187,0.));
#509 = ORIENTED_EDGE('',*,*,#510,.T.);
#510 = EDGE_CURVE('',#502,#511,#513,.T.);
#511 = VERTEX_POINT('',#512);
#512 = CARTESIAN_POINT('',(32.834558637052,342.59613209689,-12.7));
#513 = LINE('',#514,#515);
#514 = CARTESIAN_POINT('',(32.834558637052,342.59613209689,
    -19.09033817672));
#515 = VECTOR('',#516,1.);
#516 = DIRECTION('',(0.,0.,1.));
#517 = ORIENTED_EDGE('',*,*,#518,.F.);
#518 = EDGE_CURVE('',#479,#511,#519,.T.);
#519 = CIRCLE('',#520,3.174);
#520 = AXIS2_PLACEMENT_3D('',#521,#522,#523);
#521 = CARTESIAN_POINT('',(30.590201713566,344.84048902038,-12.7));
#522 = DIRECTION('',(0.,0.,1.));
#523 = DIRECTION('',(-0.707106781187,-0.707106781187,0.));
#524 = CYLINDRICAL_SURFACE('',#525,3.174);
#525 = AXIS2_PLACEMENT_3D('',#526,#527,#528);
#526 = CARTESIAN_POINT('',(30.590201713566,344.84048902038,
    -19.09033817672));
#527 = DIRECTION('',(0.,0.,1.));
#528 = DIRECTION('',(-0.707106781187,-0.707106781187,0.));
#529 = ADVANCED_FACE('',(#530),#555,.F.);
#530 = FACE_BOUND('',#531,.F.);
#531 = EDGE_LOOP('',(#532,#542,#548,#549));
#532 = ORIENTED_EDGE('',*,*,#533,.T.);
#533 = EDGE_CURVE('',#534,#536,#538,.T.);
#534 = VERTEX_POINT('',#535);
#535 = CARTESIAN_POINT('',(42.472424180613,352.23399764045,
    -19.09033817672));
#536 = VERTEX_POINT('',#537);
#537 = CARTESIAN_POINT('',(42.472424180612,352.23399764045,-12.7));
#538 = LINE('',#539,#540);
#539 = CARTESIAN_POINT('',(42.472424180612,352.23399764045,
    -19.09033817672));
#540 = VECTOR('',#541,1.);
#541 = DIRECTION('',(0.,0.,1.));
#542 = ORIENTED_EDGE('',*,*,#543,.F.);
#543 = EDGE_CURVE('',#511,#536,#544,.T.);
#544 = LINE('',#545,#546);
#545 = CARTESIAN_POINT('',(-60.55779250817,249.20378095166,-12.7));
#546 = VECTOR('',#547,1.);
#547 = DIRECTION('',(0.707106781187,0.707106781187,0.));
#548 = ORIENTED_EDGE('',*,*,#510,.F.);
#549 = ORIENTED_EDGE('',*,*,#550,.T.);
#550 = EDGE_CURVE('',#502,#534,#551,.T.);
#551 = LINE('',#552,#553);
#552 = CARTESIAN_POINT('',(30.590201713566,340.3517751734,
    -19.09033817672));
#553 = VECTOR('',#554,1.);
#554 = DIRECTION('',(0.707106781187,0.707106781187,0.));
#555 = PLANE('',#556);
#556 = AXIS2_PLACEMENT_3D('',#557,#558,#559);
#557 = CARTESIAN_POINT('',(30.590201713566,340.3517751734,
    -19.09033817672));
#558 = DIRECTION('',(0.707106781187,-0.707106781187,0.));
#559 = DIRECTION('',(0.,0.,1.));
#560 = ADVANCED_FACE('',(#561),#589,.F.);
#561 = FACE_BOUND('',#562,.T.);
#562 = EDGE_LOOP('',(#563,#564,#565,#573,#582));
#563 = ORIENTED_EDGE('',*,*,#423,.F.);
#564 = ORIENTED_EDGE('',*,*,#391,.T.);
#565 = ORIENTED_EDGE('',*,*,#566,.T.);
#566 = EDGE_CURVE('',#384,#567,#569,.T.);
#567 = VERTEX_POINT('',#568);
#568 = CARTESIAN_POINT('',(108.20258194378,13.397717611825,-12.7));
#569 = LINE('',#570,#571);
#570 = CARTESIAN_POINT('',(108.20258194378,13.397717611825,
    -19.09033817672));
#571 = VECTOR('',#572,1.);
#572 = DIRECTION('',(0.,0.,1.));
#573 = ORIENTED_EDGE('',*,*,#574,.T.);
#574 = EDGE_CURVE('',#567,#575,#577,.T.);
#575 = VERTEX_POINT('',#576);
#576 = CARTESIAN_POINT('',(107.31026827096,11.638719906077,-12.7));
#577 = CIRCLE('',#578,3.174);
#578 = AXIS2_PLACEMENT_3D('',#579,#580,#581);
#579 = CARTESIAN_POINT('',(110.44693886727,11.153360688339,-12.7));
#580 = DIRECTION('',(0.,0.,1.));
#581 = DIRECTION('',(-0.707106781187,-0.707106781187,0.));
#582 = ORIENTED_EDGE('',*,*,#583,.T.);
#583 = EDGE_CURVE('',#575,#424,#584,.T.);
#584 = CIRCLE('',#585,3.174);
#585 = AXIS2_PLACEMENT_3D('',#586,#587,#588);
#586 = CARTESIAN_POINT('',(110.44693886727,11.153360688339,-12.7));
#587 = DIRECTION('',(0.,0.,1.));
#588 = DIRECTION('',(-0.707106781187,-0.707106781187,0.));
#589 = CYLINDRICAL_SURFACE('',#590,3.174);
#590 = AXIS2_PLACEMENT_3D('',#591,#592,#593);
#591 = CARTESIAN_POINT('',(110.44693886727,11.153360688339,
    -19.09033817672));
#592 = DIRECTION('',(0.,0.,1.));
#593 = DIRECTION('',(-0.707106781187,-0.707106781187,0.));
#594 = ADVANCED_FACE('',(#595),#613,.F.);
#595 = FACE_BOUND('',#596,.F.);
#596 = EDGE_LOOP('',(#597,#598,#605,#606));
#597 = ORIENTED_EDGE('',*,*,#533,.F.);
#598 = ORIENTED_EDGE('',*,*,#599,.T.);
#599 = EDGE_CURVE('',#534,#190,#600,.T.);
#600 = CIRCLE('',#601,3.174);
#601 = AXIS2_PLACEMENT_3D('',#602,#603,#604);
#602 = CARTESIAN_POINT('',(40.228067257126,354.47835456394,
    -19.09033817672));
#603 = DIRECTION('',(0.,0.,1.));
#604 = DIRECTION('',(-0.707106781187,-0.707106781187,0.));
#605 = ORIENTED_EDGE('',*,*,#197,.T.);
#606 = ORIENTED_EDGE('',*,*,#607,.F.);
#607 = EDGE_CURVE('',#536,#198,#608,.T.);
#608 = CIRCLE('',#609,3.174);
#609 = AXIS2_PLACEMENT_3D('',#610,#611,#612);
#610 = CARTESIAN_POINT('',(40.228067257126,354.47835456394,-12.7));
#611 = DIRECTION('',(-0.,0.,1.));
#612 = DIRECTION('',(0.707106781187,-0.707106781187,0.));
#613 = CYLINDRICAL_SURFACE('',#614,3.174);
#614 = AXIS2_PLACEMENT_3D('',#615,#616,#617);
#615 = CARTESIAN_POINT('',(40.228067257126,354.47835456394,
    -19.09033817672));
#616 = DIRECTION('',(0.,0.,1.));
#617 = DIRECTION('',(0.707106781187,-0.707106781187,0.));
#618 = ADVANCED_FACE('',(#619),#654,.F.);
#619 = FACE_BOUND('',#620,.F.);
#620 = EDGE_LOOP('',(#621,#629,#630,#638,#647));
#621 = ORIENTED_EDGE('',*,*,#622,.F.);
#622 = EDGE_CURVE('',#367,#623,#625,.T.);
#623 = VERTEX_POINT('',#624);
#624 = CARTESIAN_POINT('',(123.76600235954,24.472424180612,-12.7));
#625 = LINE('',#626,#627);
#626 = CARTESIAN_POINT('',(123.76600235954,24.472424180612,
    -19.09033817672));
#627 = VECTOR('',#628,1.);
#628 = DIRECTION('',(0.,0.,1.));
#629 = ORIENTED_EDGE('',*,*,#374,.T.);
#630 = ORIENTED_EDGE('',*,*,#631,.T.);
#631 = EDGE_CURVE('',#375,#632,#634,.T.);
#632 = VERTEX_POINT('',#633);
#633 = CARTESIAN_POINT('',(119.27728851257,24.472424180612,-12.7));
#634 = LINE('',#635,#636);
#635 = CARTESIAN_POINT('',(119.27728851257,24.472424180612,
    -19.09033817672));
#636 = VECTOR('',#637,1.);
#637 = DIRECTION('',(0.,0.,1.));
#638 = ORIENTED_EDGE('',*,*,#639,.F.);
#639 = EDGE_CURVE('',#640,#632,#642,.T.);
#640 = VERTEX_POINT('',#641);
#641 = CARTESIAN_POINT('',(121.72382300643,25.395621555009,-12.7));
#642 = CIRCLE('',#643,3.174);
#643 = AXIS2_PLACEMENT_3D('',#644,#645,#646);
#644 = CARTESIAN_POINT('',(121.52164543605,22.228067257126,-12.7));
#645 = DIRECTION('',(0.,-0.,1.));
#646 = DIRECTION('',(0.707106781187,0.707106781187,0.));
#647 = ORIENTED_EDGE('',*,*,#648,.F.);
#648 = EDGE_CURVE('',#623,#640,#649,.T.);
#649 = CIRCLE('',#650,3.174);
#650 = AXIS2_PLACEMENT_3D('',#651,#652,#653);
#651 = CARTESIAN_POINT('',(121.52164543605,22.228067257126,-12.7));
#652 = DIRECTION('',(0.,-0.,1.));
#653 = DIRECTION('',(0.707106781187,0.707106781187,0.));
#654 = CYLINDRICAL_SURFACE('',#655,3.174);
#655 = AXIS2_PLACEMENT_3D('',#656,#657,#658);
#656 = CARTESIAN_POINT('',(121.52164543605,22.228067257126,
    -19.09033817672));
#657 = DIRECTION('',(0.,0.,1.));
#658 = DIRECTION('',(0.707106781187,0.707106781187,0.));
#659 = ADVANCED_FACE('',(#660),#678,.F.);
#660 = FACE_BOUND('',#661,.F.);
#661 = EDGE_LOOP('',(#662,#663,#671,#677));
#662 = ORIENTED_EDGE('',*,*,#622,.T.);
#663 = ORIENTED_EDGE('',*,*,#664,.F.);
#664 = EDGE_CURVE('',#665,#623,#667,.T.);
#665 = VERTEX_POINT('',#666);
#666 = CARTESIAN_POINT('',(133.4038679031,14.834558637052,-12.7));
#667 = LINE('',#668,#669);
#668 = CARTESIAN_POINT('',(104.88371904833,43.354707491822,-12.7));
#669 = VECTOR('',#670,1.);
#670 = DIRECTION('',(-0.707106781187,0.707106781187,0.));
#671 = ORIENTED_EDGE('',*,*,#672,.F.);
#672 = EDGE_CURVE('',#365,#665,#673,.T.);
#673 = LINE('',#674,#675);
#674 = CARTESIAN_POINT('',(133.4038679031,14.834558637052,
    -19.09033817672));
#675 = VECTOR('',#676,1.);
#676 = DIRECTION('',(0.,0.,1.));
#677 = ORIENTED_EDGE('',*,*,#364,.T.);
#678 = PLANE('',#679);
#679 = AXIS2_PLACEMENT_3D('',#680,#681,#682);
#680 = CARTESIAN_POINT('',(135.64822482659,12.590201713566,
    -19.09033817672));
#681 = DIRECTION('',(0.707106781187,0.707106781187,0.));
#682 = DIRECTION('',(0.,0.,1.));
#683 = ADVANCED_FACE('',(#684),#696,.F.);
#684 = FACE_BOUND('',#685,.F.);
#685 = EDGE_LOOP('',(#686,#687,#688,#689));
#686 = ORIENTED_EDGE('',*,*,#350,.F.);
#687 = ORIENTED_EDGE('',*,*,#408,.T.);
#688 = ORIENTED_EDGE('',*,*,#672,.T.);
#689 = ORIENTED_EDGE('',*,*,#690,.F.);
#690 = EDGE_CURVE('',#343,#665,#691,.T.);
#691 = CIRCLE('',#692,3.174);
#692 = AXIS2_PLACEMENT_3D('',#693,#694,#695);
#693 = CARTESIAN_POINT('',(131.15951097962,12.590201713566,-12.7));
#694 = DIRECTION('',(-0.,0.,1.));
#695 = DIRECTION('',(0.707106781187,-0.707106781187,0.));
#696 = CYLINDRICAL_SURFACE('',#697,3.174);
#697 = AXIS2_PLACEMENT_3D('',#698,#699,#700);
#698 = CARTESIAN_POINT('',(131.15951097962,12.590201713566,
    -19.09033817672));
#699 = DIRECTION('',(0.,0.,1.));
#700 = DIRECTION('',(0.707106781187,-0.707106781187,0.));
#701 = ADVANCED_FACE('',(#702),#721,.F.);
#702 = FACE_BOUND('',#703,.F.);
#703 = EDGE_LOOP('',(#704,#705,#706,#714));
#704 = ORIENTED_EDGE('',*,*,#236,.F.);
#705 = ORIENTED_EDGE('',*,*,#294,.T.);
#706 = ORIENTED_EDGE('',*,*,#707,.T.);
#707 = EDGE_CURVE('',#251,#708,#710,.T.);
#708 = VERTEX_POINT('',#709);
#709 = CARTESIAN_POINT('',(328.4038679031,13.834558637052,-12.7));
#710 = LINE('',#711,#712);
#711 = CARTESIAN_POINT('',(328.4038679031,13.834558637052,
    -19.09033817672));
#712 = VECTOR('',#713,1.);
#713 = DIRECTION('',(0.,0.,1.));
#714 = ORIENTED_EDGE('',*,*,#715,.F.);
#715 = EDGE_CURVE('',#229,#708,#716,.T.);
#716 = CIRCLE('',#717,3.174);
#717 = AXIS2_PLACEMENT_3D('',#718,#719,#720);
#718 = CARTESIAN_POINT('',(326.15951097962,11.590201713566,-12.7));
#719 = DIRECTION('',(-0.,0.,1.));
#720 = DIRECTION('',(0.707106781187,-0.707106781187,0.));
#721 = CYLINDRICAL_SURFACE('',#722,3.174);
#722 = AXIS2_PLACEMENT_3D('',#723,#724,#725);
#723 = CARTESIAN_POINT('',(326.15951097962,11.590201713566,
    -19.09033817672));
#724 = DIRECTION('',(0.,0.,1.));
#725 = DIRECTION('',(0.707106781187,-0.707106781187,0.));
#726 = ADVANCED_FACE('',(#727),#745,.F.);
#727 = FACE_BOUND('',#728,.F.);
#728 = EDGE_LOOP('',(#729,#737,#743,#744));
#729 = ORIENTED_EDGE('',*,*,#730,.T.);
#730 = EDGE_CURVE('',#253,#731,#733,.T.);
#731 = VERTEX_POINT('',#732);
#732 = CARTESIAN_POINT('',(318.76600235954,23.472424180612,-12.7));
#733 = LINE('',#734,#735);
#734 = CARTESIAN_POINT('',(318.76600235954,23.472424180612,
    -19.09033817672));
#735 = VECTOR('',#736,1.);
#736 = DIRECTION('',(0.,0.,1.));
#737 = ORIENTED_EDGE('',*,*,#738,.F.);
#738 = EDGE_CURVE('',#708,#731,#739,.T.);
#739 = LINE('',#740,#741);
#740 = CARTESIAN_POINT('',(250.88371904833,91.354707491822,-12.7));
#741 = VECTOR('',#742,1.);
#742 = DIRECTION('',(-0.707106781187,0.707106781187,0.));
#743 = ORIENTED_EDGE('',*,*,#707,.F.);
#744 = ORIENTED_EDGE('',*,*,#250,.T.);
#745 = PLANE('',#746);
#746 = AXIS2_PLACEMENT_3D('',#747,#748,#749);
#747 = CARTESIAN_POINT('',(330.64822482659,11.590201713566,
    -19.09033817672));
#748 = DIRECTION('',(0.707106781187,0.707106781187,0.));
#749 = DIRECTION('',(0.,0.,1.));
#750 = ADVANCED_FACE('',(#751),#779,.F.);
#751 = FACE_BOUND('',#752,.F.);
#752 = EDGE_LOOP('',(#753,#754,#755,#763,#772));
#753 = ORIENTED_EDGE('',*,*,#730,.F.);
#754 = ORIENTED_EDGE('',*,*,#260,.T.);
#755 = ORIENTED_EDGE('',*,*,#756,.T.);
#756 = EDGE_CURVE('',#261,#757,#759,.T.);
#757 = VERTEX_POINT('',#758);
#758 = CARTESIAN_POINT('',(314.27728851257,23.472424180612,-12.7));
#759 = LINE('',#760,#761);
#760 = CARTESIAN_POINT('',(314.27728851257,23.472424180612,
    -19.09033817672));
#761 = VECTOR('',#762,1.);
#762 = DIRECTION('',(0.,0.,1.));
#763 = ORIENTED_EDGE('',*,*,#764,.F.);
#764 = EDGE_CURVE('',#765,#757,#767,.T.);
#765 = VERTEX_POINT('',#766);
#766 = CARTESIAN_POINT('',(316.72382300643,24.395621555001,-12.7));
#767 = CIRCLE('',#768,3.174);
#768 = AXIS2_PLACEMENT_3D('',#769,#770,#771);
#769 = CARTESIAN_POINT('',(316.52164543605,21.228067257126,-12.7));
#770 = DIRECTION('',(0.,-0.,1.));
#771 = DIRECTION('',(0.707106781187,0.707106781187,0.));
#772 = ORIENTED_EDGE('',*,*,#773,.F.);
#773 = EDGE_CURVE('',#731,#765,#774,.T.);
#774 = CIRCLE('',#775,3.174);
#775 = AXIS2_PLACEMENT_3D('',#776,#777,#778);
#776 = CARTESIAN_POINT('',(316.52164543605,21.228067257126,-12.7));
#777 = DIRECTION('',(0.,-0.,1.));
#778 = DIRECTION('',(0.707106781187,0.707106781187,0.));
#779 = CYLINDRICAL_SURFACE('',#780,3.174);
#780 = AXIS2_PLACEMENT_3D('',#781,#782,#783);
#781 = CARTESIAN_POINT('',(316.52164543605,21.228067257126,
    -19.09033817672));
#782 = DIRECTION('',(0.,0.,1.));
#783 = DIRECTION('',(0.707106781187,0.707106781187,0.));
#784 = ADVANCED_FACE('',(#785),#813,.F.);
#785 = FACE_BOUND('',#786,.T.);
#786 = EDGE_LOOP('',(#787,#788,#789,#797,#806));
#787 = ORIENTED_EDGE('',*,*,#309,.F.);
#788 = ORIENTED_EDGE('',*,*,#277,.T.);
#789 = ORIENTED_EDGE('',*,*,#790,.T.);
#790 = EDGE_CURVE('',#270,#791,#793,.T.);
#791 = VERTEX_POINT('',#792);
#792 = CARTESIAN_POINT('',(303.20258194378,12.397717611825,-12.7));
#793 = LINE('',#794,#795);
#794 = CARTESIAN_POINT('',(303.20258194378,12.397717611825,
    -19.09033817672));
#795 = VECTOR('',#796,1.);
#796 = DIRECTION('',(0.,0.,1.));
#797 = ORIENTED_EDGE('',*,*,#798,.T.);
#798 = EDGE_CURVE('',#791,#799,#801,.T.);
#799 = VERTEX_POINT('',#800);
#800 = CARTESIAN_POINT('',(302.31026827096,10.638719906077,-12.7));
#801 = CIRCLE('',#802,3.174);
#802 = AXIS2_PLACEMENT_3D('',#803,#804,#805);
#803 = CARTESIAN_POINT('',(305.44693886727,10.153360688339,-12.7));
#804 = DIRECTION('',(0.,0.,1.));
#805 = DIRECTION('',(-0.707106781187,-0.707106781187,0.));
#806 = ORIENTED_EDGE('',*,*,#807,.T.);
#807 = EDGE_CURVE('',#799,#310,#808,.T.);
#808 = CIRCLE('',#809,3.174);
#809 = AXIS2_PLACEMENT_3D('',#810,#811,#812);
#810 = CARTESIAN_POINT('',(305.44693886727,10.153360688339,-12.7));
#811 = DIRECTION('',(0.,0.,1.));
#812 = DIRECTION('',(-0.707106781187,-0.707106781187,0.));
#813 = CYLINDRICAL_SURFACE('',#814,3.174);
#814 = AXIS2_PLACEMENT_3D('',#815,#816,#817);
#815 = CARTESIAN_POINT('',(305.44693886727,10.153360688339,
    -19.09033817672));
#816 = DIRECTION('',(0.,0.,1.));
#817 = DIRECTION('',(-0.707106781187,-0.707106781187,0.));
#818 = ADVANCED_FACE('',(#819),#826,.T.);
#819 = FACE_BOUND('',#820,.T.);
#820 = EDGE_LOOP('',(#821,#822,#823,#824,#825));
#821 = ORIENTED_EDGE('',*,*,#550,.T.);
#822 = ORIENTED_EDGE('',*,*,#599,.T.);
#823 = ORIENTED_EDGE('',*,*,#189,.F.);
#824 = ORIENTED_EDGE('',*,*,#469,.T.);
#825 = ORIENTED_EDGE('',*,*,#501,.T.);
#826 = PLANE('',#827);
#827 = AXIS2_PLACEMENT_3D('',#828,#829,#830);
#828 = CARTESIAN_POINT('',(15.026781297806,355.91519558916,
    -19.09033817672));
#829 = DIRECTION('',(0.,0.,1.));
#830 = DIRECTION('',(0.707106781187,-0.707106781187,0.));
#831 = ADVANCED_FACE('',(#832),#843,.F.);
#832 = FACE_BOUND('',#833,.F.);
#833 = EDGE_LOOP('',(#834,#835,#836,#837));
#834 = ORIENTED_EDGE('',*,*,#756,.F.);
#835 = ORIENTED_EDGE('',*,*,#269,.F.);
#836 = ORIENTED_EDGE('',*,*,#790,.T.);
#837 = ORIENTED_EDGE('',*,*,#838,.F.);
#838 = EDGE_CURVE('',#757,#791,#839,.T.);
#839 = LINE('',#840,#841);
#840 = CARTESIAN_POINT('',(224.76782859314,-66.03703573882,-12.7));
#841 = VECTOR('',#842,1.);
#842 = DIRECTION('',(-0.707106781187,-0.707106781187,0.));
#843 = PLANE('',#844);
#844 = AXIS2_PLACEMENT_3D('',#845,#846,#847);
#845 = CARTESIAN_POINT('',(300.95822502029,10.153360688339,
    -19.09033817672));
#846 = DIRECTION('',(-0.707106781187,0.707106781187,0.));
#847 = DIRECTION('',(0.,0.,1.));
#848 = ADVANCED_FACE('',(#849),#860,.F.);
#849 = FACE_BOUND('',#850,.F.);
#850 = EDGE_LOOP('',(#851,#852,#853,#854));
#851 = ORIENTED_EDGE('',*,*,#631,.F.);
#852 = ORIENTED_EDGE('',*,*,#383,.F.);
#853 = ORIENTED_EDGE('',*,*,#566,.T.);
#854 = ORIENTED_EDGE('',*,*,#855,.F.);
#855 = EDGE_CURVE('',#632,#567,#856,.T.);
#856 = LINE('',#857,#858);
#857 = CARTESIAN_POINT('',(78.26782859314,-16.53703573882,-12.7));
#858 = VECTOR('',#859,1.);
#859 = DIRECTION('',(-0.707106781187,-0.707106781187,0.));
#860 = PLANE('',#861);
#861 = AXIS2_PLACEMENT_3D('',#862,#863,#864);
#862 = CARTESIAN_POINT('',(105.95822502029,11.153360688339,
    -19.09033817672));
#863 = DIRECTION('',(-0.707106781187,0.707106781187,0.));
#864 = DIRECTION('',(0.,0.,1.));
#865 = ADVANCED_FACE('',(#866,#897,#1185,#1255,#1410,#1522,#1634,#1756,
    #1894,#2023,#2152,#2281,#2351,#2421,#2491,#2561,#2631,#2701,#2771,
    #2841,#2911,#2999,#3087,#3175,#3263,#3351,#3439,#3527,#3615,#3685,
    #3755,#3825,#3895,#3965,#3976,#3987,#3998,#4009,#4020,#4031,#4042,
    #4053,#4064,#4075,#4086,#4097,#4108,#4119,#4130,#4141,#4152,#4163,
    #4174,#4185,#4196,#4207,#4218,#4229,#4240,#4251,#4262,#4273,#4284,
    #4295,#4306,#4317,#4328,#4339,#4350,#4361,#4372,#4383,#4394,#4405,
    #4416,#4427),#4438,.T.);
#866 = FACE_BOUND('',#867,.T.);
#867 = EDGE_LOOP('',(#868,#869,#870,#871,#872,#873,#874,#875,#876,#877,
    #878,#879,#880,#881,#882,#883,#884,#885,#886,#887,#888,#889,#890,
    #891,#892,#893,#894,#895,#896));
#868 = ORIENTED_EDGE('',*,*,#173,.F.);
#869 = ORIENTED_EDGE('',*,*,#47,.F.);
#870 = ORIENTED_EDGE('',*,*,#86,.T.);
#871 = ORIENTED_EDGE('',*,*,#431,.T.);
#872 = ORIENTED_EDGE('',*,*,#583,.F.);
#873 = ORIENTED_EDGE('',*,*,#574,.F.);
#874 = ORIENTED_EDGE('',*,*,#855,.F.);
#875 = ORIENTED_EDGE('',*,*,#639,.F.);
#876 = ORIENTED_EDGE('',*,*,#648,.F.);
#877 = ORIENTED_EDGE('',*,*,#664,.F.);
#878 = ORIENTED_EDGE('',*,*,#690,.F.);
#879 = ORIENTED_EDGE('',*,*,#342,.T.);
#880 = ORIENTED_EDGE('',*,*,#118,.T.);
#881 = ORIENTED_EDGE('',*,*,#317,.T.);
#882 = ORIENTED_EDGE('',*,*,#807,.F.);
#883 = ORIENTED_EDGE('',*,*,#798,.F.);
#884 = ORIENTED_EDGE('',*,*,#838,.F.);
#885 = ORIENTED_EDGE('',*,*,#764,.F.);
#886 = ORIENTED_EDGE('',*,*,#773,.F.);
#887 = ORIENTED_EDGE('',*,*,#738,.F.);
#888 = ORIENTED_EDGE('',*,*,#715,.F.);
#889 = ORIENTED_EDGE('',*,*,#228,.T.);
#890 = ORIENTED_EDGE('',*,*,#61,.T.);
#891 = ORIENTED_EDGE('',*,*,#455,.T.);
#892 = ORIENTED_EDGE('',*,*,#205,.F.);
#893 = ORIENTED_EDGE('',*,*,#607,.F.);
#894 = ORIENTED_EDGE('',*,*,#543,.F.);
#895 = ORIENTED_EDGE('',*,*,#518,.F.);
#896 = ORIENTED_EDGE('',*,*,#478,.T.);
#897 = FACE_BOUND('',#898,.T.);
#898 = EDGE_LOOP('',(#899,#909,#918,#926,#934,#943,#951,#960,#968,#977,
    #985,#994,#1002,#1011,#1019,#1028,#1036,#1044,#1052,#1061,#1069,
    #1078,#1086,#1095,#1103,#1112,#1120,#1128,#1136,#1145,#1153,#1162,
    #1170,#1178));
#899 = ORIENTED_EDGE('',*,*,#900,.F.);
#900 = EDGE_CURVE('',#901,#903,#905,.T.);
#901 = VERTEX_POINT('',#902);
#902 = CARTESIAN_POINT('',(147.326,301.75,-12.7));
#903 = VERTEX_POINT('',#904);
#904 = CARTESIAN_POINT('',(128.674,301.75,-12.7));
#905 = LINE('',#906,#907);
#906 = CARTESIAN_POINT('',(150.5,301.75,-12.7));
#907 = VECTOR('',#908,1.);
#908 = DIRECTION('',(-1.,0.,0.));
#909 = ORIENTED_EDGE('',*,*,#910,.F.);
#910 = EDGE_CURVE('',#911,#901,#913,.T.);
#911 = VERTEX_POINT('',#912);
#912 = CARTESIAN_POINT('',(150.5,298.576,-12.7));
#913 = CIRCLE('',#914,3.174);
#914 = AXIS2_PLACEMENT_3D('',#915,#916,#917);
#915 = CARTESIAN_POINT('',(147.326,298.576,-12.7));
#916 = DIRECTION('',(0.,0.,1.));
#917 = DIRECTION('',(1.,0.,0.));
#918 = ORIENTED_EDGE('',*,*,#919,.F.);
#919 = EDGE_CURVE('',#920,#911,#922,.T.);
#920 = VERTEX_POINT('',#921);
#921 = CARTESIAN_POINT('',(150.5,261.5,-12.7));
#922 = LINE('',#923,#924);
#923 = CARTESIAN_POINT('',(150.5,188.25,-12.7));
#924 = VECTOR('',#925,1.);
#925 = DIRECTION('',(0.,1.,0.));
#926 = ORIENTED_EDGE('',*,*,#927,.F.);
#927 = EDGE_CURVE('',#928,#920,#930,.T.);
#928 = VERTEX_POINT('',#929);
#929 = CARTESIAN_POINT('',(163.826,261.5,-12.7));
#930 = LINE('',#931,#932);
#931 = CARTESIAN_POINT('',(167.,261.5,-12.7));
#932 = VECTOR('',#933,1.);
#933 = DIRECTION('',(-1.,0.,0.));
#934 = ORIENTED_EDGE('',*,*,#935,.F.);
#935 = EDGE_CURVE('',#936,#928,#938,.T.);
#936 = VERTEX_POINT('',#937);
#937 = CARTESIAN_POINT('',(166.65,259.77489613154,-12.7));
#938 = CIRCLE('',#939,3.174);
#939 = AXIS2_PLACEMENT_3D('',#940,#941,#942);
#940 = CARTESIAN_POINT('',(163.826,258.326,-12.7));
#941 = DIRECTION('',(0.,0.,1.));
#942 = DIRECTION('',(1.,0.,0.));
#943 = ORIENTED_EDGE('',*,*,#944,.F.);
#944 = EDGE_CURVE('',#945,#936,#947,.T.);
#945 = VERTEX_POINT('',#946);
#946 = CARTESIAN_POINT('',(166.65,262.526,-12.7));
#947 = LINE('',#948,#949);
#948 = CARTESIAN_POINT('',(166.65,134.4375,-12.7));
#949 = VECTOR('',#950,1.);
#950 = DIRECTION('',(0.,-1.,0.));
#951 = ORIENTED_EDGE('',*,*,#952,.F.);
#952 = EDGE_CURVE('',#953,#945,#955,.T.);
#953 = VERTEX_POINT('',#954);
#954 = CARTESIAN_POINT('',(169.824,265.7,-12.7));
#955 = CIRCLE('',#956,3.174);
#956 = AXIS2_PLACEMENT_3D('',#957,#958,#959);
#957 = CARTESIAN_POINT('',(169.824,262.526,-12.7));
#958 = DIRECTION('',(0.,-0.,1.));
#959 = DIRECTION('',(0.,1.,0.));
#960 = ORIENTED_EDGE('',*,*,#961,.T.);
#961 = EDGE_CURVE('',#953,#962,#964,.T.);
#962 = VERTEX_POINT('',#963);
#963 = CARTESIAN_POINT('',(225.476,265.7,-12.7));
#964 = LINE('',#965,#966);
#965 = CARTESIAN_POINT('',(115.9125,265.7,-12.7));
#966 = VECTOR('',#967,1.);
#967 = DIRECTION('',(1.,0.,0.));
#968 = ORIENTED_EDGE('',*,*,#969,.F.);
#969 = EDGE_CURVE('',#970,#962,#972,.T.);
#970 = VERTEX_POINT('',#971);
#971 = CARTESIAN_POINT('',(228.65,262.526,-12.7));
#972 = CIRCLE('',#973,3.174);
#973 = AXIS2_PLACEMENT_3D('',#974,#975,#976);
#974 = CARTESIAN_POINT('',(225.476,262.526,-12.7));
#975 = DIRECTION('',(0.,0.,1.));
#976 = DIRECTION('',(1.,0.,0.));
#977 = ORIENTED_EDGE('',*,*,#978,.T.);
#978 = EDGE_CURVE('',#970,#979,#981,.T.);
#979 = VERTEX_POINT('',#980);
#980 = CARTESIAN_POINT('',(228.65,222.874,-12.7));
#981 = LINE('',#982,#983);
#982 = CARTESIAN_POINT('',(228.65,134.4375,-12.7));
#983 = VECTOR('',#984,1.);
#984 = DIRECTION('',(0.,-1.,0.));
#985 = ORIENTED_EDGE('',*,*,#986,.F.);
#986 = EDGE_CURVE('',#987,#979,#989,.T.);
#987 = VERTEX_POINT('',#988);
#988 = CARTESIAN_POINT('',(225.476,219.7,-12.7));
#989 = CIRCLE('',#990,3.174);
#990 = AXIS2_PLACEMENT_3D('',#991,#992,#993);
#991 = CARTESIAN_POINT('',(225.476,222.874,-12.7));
#992 = DIRECTION('',(0.,0.,1.));
#993 = DIRECTION('',(1.,0.,0.));
#994 = ORIENTED_EDGE('',*,*,#995,.F.);
#995 = EDGE_CURVE('',#996,#987,#998,.T.);
#996 = VERTEX_POINT('',#997);
#997 = CARTESIAN_POINT('',(169.824,219.7,-12.7));
#998 = LINE('',#999,#1000);
#999 = CARTESIAN_POINT('',(115.9125,219.7,-12.7));
#1000 = VECTOR('',#1001,1.);
#1001 = DIRECTION('',(1.,0.,0.));
#1002 = ORIENTED_EDGE('',*,*,#1003,.F.);
#1003 = EDGE_CURVE('',#1004,#996,#1006,.T.);
#1004 = VERTEX_POINT('',#1005);
#1005 = CARTESIAN_POINT('',(166.65,222.874,-12.7));
#1006 = CIRCLE('',#1007,3.174);
#1007 = AXIS2_PLACEMENT_3D('',#1008,#1009,#1010);
#1008 = CARTESIAN_POINT('',(169.824,222.874,-12.7));
#1009 = DIRECTION('',(0.,0.,1.));
#1010 = DIRECTION('',(-1.,0.,0.));
#1011 = ORIENTED_EDGE('',*,*,#1012,.F.);
#1012 = EDGE_CURVE('',#1013,#1004,#1015,.T.);
#1013 = VERTEX_POINT('',#1014);
#1014 = CARTESIAN_POINT('',(166.65,230.22510386845,-12.7));
#1015 = LINE('',#1016,#1017);
#1016 = CARTESIAN_POINT('',(166.65,134.4375,-12.7));
#1017 = VECTOR('',#1018,1.);
#1018 = DIRECTION('',(0.,-1.,0.));
#1019 = ORIENTED_EDGE('',*,*,#1020,.F.);
#1020 = EDGE_CURVE('',#1021,#1013,#1023,.T.);
#1021 = VERTEX_POINT('',#1022);
#1022 = CARTESIAN_POINT('',(163.826,228.5,-12.7));
#1023 = CIRCLE('',#1024,3.174);
#1024 = AXIS2_PLACEMENT_3D('',#1025,#1026,#1027);
#1025 = CARTESIAN_POINT('',(163.826,231.674,-12.7));
#1026 = DIRECTION('',(0.,0.,1.));
#1027 = DIRECTION('',(1.,0.,0.));
#1028 = ORIENTED_EDGE('',*,*,#1029,.T.);
#1029 = EDGE_CURVE('',#1021,#1030,#1032,.T.);
#1030 = VERTEX_POINT('',#1031);
#1031 = CARTESIAN_POINT('',(150.5,228.5,-12.7));
#1032 = LINE('',#1033,#1034);
#1033 = CARTESIAN_POINT('',(167.,228.5,-12.7));
#1034 = VECTOR('',#1035,1.);
#1035 = DIRECTION('',(-1.,0.,0.));
#1036 = ORIENTED_EDGE('',*,*,#1037,.F.);
#1037 = EDGE_CURVE('',#1038,#1030,#1040,.T.);
#1038 = VERTEX_POINT('',#1039);
#1039 = CARTESIAN_POINT('',(150.5,193.397,-12.7));
#1040 = LINE('',#1041,#1042);
#1041 = CARTESIAN_POINT('',(150.5,188.25,-12.7));
#1042 = VECTOR('',#1043,1.);
#1043 = DIRECTION('',(0.,1.,0.));
#1044 = ORIENTED_EDGE('',*,*,#1045,.F.);
#1045 = EDGE_CURVE('',#1046,#1038,#1048,.T.);
#1046 = VERTEX_POINT('',#1047);
#1047 = CARTESIAN_POINT('',(158.826,193.397,-12.7));
#1048 = LINE('',#1049,#1050);
#1049 = CARTESIAN_POINT('',(162.,193.397,-12.7));
#1050 = VECTOR('',#1051,1.);
#1051 = DIRECTION('',(-1.,0.,0.));
#1052 = ORIENTED_EDGE('',*,*,#1053,.F.);
#1053 = EDGE_CURVE('',#1054,#1046,#1056,.T.);
#1054 = VERTEX_POINT('',#1055);
#1055 = CARTESIAN_POINT('',(162.,190.223,-12.7));
#1056 = CIRCLE('',#1057,3.174);
#1057 = AXIS2_PLACEMENT_3D('',#1058,#1059,#1060);
#1058 = CARTESIAN_POINT('',(158.826,190.223,-12.7));
#1059 = DIRECTION('',(0.,0.,1.));
#1060 = DIRECTION('',(1.,0.,0.));
#1061 = ORIENTED_EDGE('',*,*,#1062,.F.);
#1062 = EDGE_CURVE('',#1063,#1054,#1065,.T.);
#1063 = VERTEX_POINT('',#1064);
#1064 = CARTESIAN_POINT('',(162.,173.571,-12.7));
#1065 = LINE('',#1066,#1067);
#1066 = CARTESIAN_POINT('',(162.,170.397,-12.7));
#1067 = VECTOR('',#1068,1.);
#1068 = DIRECTION('',(0.,1.,0.));
#1069 = ORIENTED_EDGE('',*,*,#1070,.F.);
#1070 = EDGE_CURVE('',#1071,#1063,#1073,.T.);
#1071 = VERTEX_POINT('',#1072);
#1072 = CARTESIAN_POINT('',(158.826,170.397,-12.7));
#1073 = CIRCLE('',#1074,3.174);
#1074 = AXIS2_PLACEMENT_3D('',#1075,#1076,#1077);
#1075 = CARTESIAN_POINT('',(158.826,173.571,-12.7));
#1076 = DIRECTION('',(0.,0.,1.));
#1077 = DIRECTION('',(1.,0.,0.));
#1078 = ORIENTED_EDGE('',*,*,#1079,.T.);
#1079 = EDGE_CURVE('',#1071,#1080,#1082,.T.);
#1080 = VERTEX_POINT('',#1081);
#1081 = CARTESIAN_POINT('',(117.174,170.397,-12.7));
#1082 = LINE('',#1083,#1084);
#1083 = CARTESIAN_POINT('',(162.,170.397,-12.7));
#1084 = VECTOR('',#1085,1.);
#1085 = DIRECTION('',(-1.,0.,0.));
#1086 = ORIENTED_EDGE('',*,*,#1087,.T.);
#1087 = EDGE_CURVE('',#1080,#1088,#1090,.T.);
#1088 = VERTEX_POINT('',#1089);
#1089 = CARTESIAN_POINT('',(114.,173.571,-12.7));
#1090 = CIRCLE('',#1091,3.174);
#1091 = AXIS2_PLACEMENT_3D('',#1092,#1093,#1094);
#1092 = CARTESIAN_POINT('',(117.174,173.571,-12.7));
#1093 = DIRECTION('',(0.,0.,-1.));
#1094 = DIRECTION('',(1.,0.,0.));
#1095 = ORIENTED_EDGE('',*,*,#1096,.T.);
#1096 = EDGE_CURVE('',#1088,#1097,#1099,.T.);
#1097 = VERTEX_POINT('',#1098);
#1098 = CARTESIAN_POINT('',(114.,190.223,-12.7));
#1099 = LINE('',#1100,#1101);
#1100 = CARTESIAN_POINT('',(114.,170.397,-12.7));
#1101 = VECTOR('',#1102,1.);
#1102 = DIRECTION('',(0.,1.,0.));
#1103 = ORIENTED_EDGE('',*,*,#1104,.F.);
#1104 = EDGE_CURVE('',#1105,#1097,#1107,.T.);
#1105 = VERTEX_POINT('',#1106);
#1106 = CARTESIAN_POINT('',(117.174,193.397,-12.7));
#1107 = CIRCLE('',#1108,3.174);
#1108 = AXIS2_PLACEMENT_3D('',#1109,#1110,#1111);
#1109 = CARTESIAN_POINT('',(117.174,190.223,-12.7));
#1110 = DIRECTION('',(0.,0.,1.));
#1111 = DIRECTION('',(1.,0.,0.));
#1112 = ORIENTED_EDGE('',*,*,#1113,.F.);
#1113 = EDGE_CURVE('',#1114,#1105,#1116,.T.);
#1114 = VERTEX_POINT('',#1115);
#1115 = CARTESIAN_POINT('',(125.5,193.397,-12.7));
#1116 = LINE('',#1117,#1118);
#1117 = CARTESIAN_POINT('',(162.,193.397,-12.7));
#1118 = VECTOR('',#1119,1.);
#1119 = DIRECTION('',(-1.,0.,0.));
#1120 = ORIENTED_EDGE('',*,*,#1121,.T.);
#1121 = EDGE_CURVE('',#1114,#1122,#1124,.T.);
#1122 = VERTEX_POINT('',#1123);
#1123 = CARTESIAN_POINT('',(125.5,228.5,-12.7));
#1124 = LINE('',#1125,#1126);
#1125 = CARTESIAN_POINT('',(125.5,188.25,-12.7));
#1126 = VECTOR('',#1127,1.);
#1127 = DIRECTION('',(0.,1.,0.));
#1128 = ORIENTED_EDGE('',*,*,#1129,.T.);
#1129 = EDGE_CURVE('',#1122,#1130,#1132,.T.);
#1130 = VERTEX_POINT('',#1131);
#1131 = CARTESIAN_POINT('',(112.174,228.5,-12.7));
#1132 = LINE('',#1133,#1134);
#1133 = CARTESIAN_POINT('',(167.,228.5,-12.7));
#1134 = VECTOR('',#1135,1.);
#1135 = DIRECTION('',(-1.,0.,0.));
#1136 = ORIENTED_EDGE('',*,*,#1137,.T.);
#1137 = EDGE_CURVE('',#1130,#1138,#1140,.T.);
#1138 = VERTEX_POINT('',#1139);
#1139 = CARTESIAN_POINT('',(109.,231.674,-12.7));
#1140 = CIRCLE('',#1141,3.174);
#1141 = AXIS2_PLACEMENT_3D('',#1142,#1143,#1144);
#1142 = CARTESIAN_POINT('',(112.174,231.674,-12.7));
#1143 = DIRECTION('',(0.,0.,-1.));
#1144 = DIRECTION('',(1.,0.,0.));
#1145 = ORIENTED_EDGE('',*,*,#1146,.T.);
#1146 = EDGE_CURVE('',#1138,#1147,#1149,.T.);
#1147 = VERTEX_POINT('',#1148);
#1148 = CARTESIAN_POINT('',(109.,258.326,-12.7));
#1149 = LINE('',#1150,#1151);
#1150 = CARTESIAN_POINT('',(109.,228.5,-12.7));
#1151 = VECTOR('',#1152,1.);
#1152 = DIRECTION('',(0.,1.,0.));
#1153 = ORIENTED_EDGE('',*,*,#1154,.F.);
#1154 = EDGE_CURVE('',#1155,#1147,#1157,.T.);
#1155 = VERTEX_POINT('',#1156);
#1156 = CARTESIAN_POINT('',(112.174,261.5,-12.7));
#1157 = CIRCLE('',#1158,3.174);
#1158 = AXIS2_PLACEMENT_3D('',#1159,#1160,#1161);
#1159 = CARTESIAN_POINT('',(112.174,258.326,-12.7));
#1160 = DIRECTION('',(0.,0.,1.));
#1161 = DIRECTION('',(1.,0.,0.));
#1162 = ORIENTED_EDGE('',*,*,#1163,.F.);
#1163 = EDGE_CURVE('',#1164,#1155,#1166,.T.);
#1164 = VERTEX_POINT('',#1165);
#1165 = CARTESIAN_POINT('',(125.5,261.5,-12.7));
#1166 = LINE('',#1167,#1168);
#1167 = CARTESIAN_POINT('',(167.,261.5,-12.7));
#1168 = VECTOR('',#1169,1.);
#1169 = DIRECTION('',(-1.,0.,0.));
#1170 = ORIENTED_EDGE('',*,*,#1171,.T.);
#1171 = EDGE_CURVE('',#1164,#1172,#1174,.T.);
#1172 = VERTEX_POINT('',#1173);
#1173 = CARTESIAN_POINT('',(125.5,298.576,-12.7));
#1174 = LINE('',#1175,#1176);
#1175 = CARTESIAN_POINT('',(125.5,188.25,-12.7));
#1176 = VECTOR('',#1177,1.);
#1177 = DIRECTION('',(0.,1.,0.));
#1178 = ORIENTED_EDGE('',*,*,#1179,.F.);
#1179 = EDGE_CURVE('',#903,#1172,#1180,.T.);
#1180 = CIRCLE('',#1181,3.174);
#1181 = AXIS2_PLACEMENT_3D('',#1182,#1183,#1184);
#1182 = CARTESIAN_POINT('',(128.674,298.576,-12.7));
#1183 = DIRECTION('',(0.,0.,1.));
#1184 = DIRECTION('',(1.,0.,0.));
#1185 = FACE_BOUND('',#1186,.T.);
#1186 = EDGE_LOOP('',(#1187,#1197,#1206,#1214,#1223,#1231,#1240,#1248));
#1187 = ORIENTED_EDGE('',*,*,#1188,.F.);
#1188 = EDGE_CURVE('',#1189,#1191,#1193,.T.);
#1189 = VERTEX_POINT('',#1190);
#1190 = CARTESIAN_POINT('',(118.82551553344,162.20003509521,-12.7));
#1191 = VERTEX_POINT('',#1192);
#1192 = CARTESIAN_POINT('',(13.17351171875,162.20003509521,-12.7));
#1193 = LINE('',#1194,#1195);
#1194 = CARTESIAN_POINT('',(121.99951553344,162.20003509521,-12.7));
#1195 = VECTOR('',#1196,1.);
#1196 = DIRECTION('',(-1.,0.,0.));
#1197 = ORIENTED_EDGE('',*,*,#1198,.F.);
#1198 = EDGE_CURVE('',#1199,#1189,#1201,.T.);
#1199 = VERTEX_POINT('',#1200);
#1200 = CARTESIAN_POINT('',(121.99951553344,159.02603509521,-12.7));
#1201 = CIRCLE('',#1202,3.174);
#1202 = AXIS2_PLACEMENT_3D('',#1203,#1204,#1205);
#1203 = CARTESIAN_POINT('',(118.82551553344,159.02603509521,-12.7));
#1204 = DIRECTION('',(0.,0.,1.));
#1205 = DIRECTION('',(1.,0.,0.));
#1206 = ORIENTED_EDGE('',*,*,#1207,.F.);
#1207 = EDGE_CURVE('',#1208,#1199,#1210,.T.);
#1208 = VERTEX_POINT('',#1209);
#1209 = CARTESIAN_POINT('',(121.99951553344,61.374035095215,-12.7));
#1210 = LINE('',#1211,#1212);
#1211 = CARTESIAN_POINT('',(121.99951553344,58.200035095215,-12.7));
#1212 = VECTOR('',#1213,1.);
#1213 = DIRECTION('',(0.,1.,0.));
#1214 = ORIENTED_EDGE('',*,*,#1215,.F.);
#1215 = EDGE_CURVE('',#1216,#1208,#1218,.T.);
#1216 = VERTEX_POINT('',#1217);
#1217 = CARTESIAN_POINT('',(118.82551553344,58.200035095215,-12.7));
#1218 = CIRCLE('',#1219,3.174);
#1219 = AXIS2_PLACEMENT_3D('',#1220,#1221,#1222);
#1220 = CARTESIAN_POINT('',(118.82551553344,61.374035095215,-12.7));
#1221 = DIRECTION('',(0.,0.,1.));
#1222 = DIRECTION('',(1.,0.,0.));
#1223 = ORIENTED_EDGE('',*,*,#1224,.T.);
#1224 = EDGE_CURVE('',#1216,#1225,#1227,.T.);
#1225 = VERTEX_POINT('',#1226);
#1226 = CARTESIAN_POINT('',(13.17351171875,58.200035095215,-12.7));
#1227 = LINE('',#1228,#1229);
#1228 = CARTESIAN_POINT('',(121.99951553344,58.200035095215,-12.7));
#1229 = VECTOR('',#1230,1.);
#1230 = DIRECTION('',(-1.,0.,0.));
#1231 = ORIENTED_EDGE('',*,*,#1232,.T.);
#1232 = EDGE_CURVE('',#1225,#1233,#1235,.T.);
#1233 = VERTEX_POINT('',#1234);
#1234 = CARTESIAN_POINT('',(9.99951171875,61.374035095215,-12.7));
#1235 = CIRCLE('',#1236,3.174);
#1236 = AXIS2_PLACEMENT_3D('',#1237,#1238,#1239);
#1237 = CARTESIAN_POINT('',(13.17351171875,61.374035095215,-12.7));
#1238 = DIRECTION('',(0.,0.,-1.));
#1239 = DIRECTION('',(1.,0.,0.));
#1240 = ORIENTED_EDGE('',*,*,#1241,.T.);
#1241 = EDGE_CURVE('',#1233,#1242,#1244,.T.);
#1242 = VERTEX_POINT('',#1243);
#1243 = CARTESIAN_POINT('',(9.99951171875,159.02603509521,-12.7));
#1244 = LINE('',#1245,#1246);
#1245 = CARTESIAN_POINT('',(9.99951171875,58.200035095215,-12.7));
#1246 = VECTOR('',#1247,1.);
#1247 = DIRECTION('',(0.,1.,0.));
#1248 = ORIENTED_EDGE('',*,*,#1249,.F.);
#1249 = EDGE_CURVE('',#1191,#1242,#1250,.T.);
#1250 = CIRCLE('',#1251,3.174);
#1251 = AXIS2_PLACEMENT_3D('',#1252,#1253,#1254);
#1252 = CARTESIAN_POINT('',(13.17351171875,159.02603509521,-12.7));
#1253 = DIRECTION('',(0.,0.,1.));
#1254 = DIRECTION('',(1.,0.,0.));
#1255 = FACE_BOUND('',#1256,.T.);
#1256 = EDGE_LOOP('',(#1257,#1268,#1276,#1285,#1293,#1301,#1310,#1318,
    #1327,#1335,#1344,#1352,#1361,#1369,#1377,#1386,#1395,#1403));
#1257 = ORIENTED_EDGE('',*,*,#1258,.F.);
#1258 = EDGE_CURVE('',#1259,#1261,#1263,.T.);
#1259 = VERTEX_POINT('',#1260);
#1260 = CARTESIAN_POINT('',(255.47242418061,179.23399764045,-12.7));
#1261 = VERTEX_POINT('',#1262);
#1262 = CARTESIAN_POINT('',(256.395621555,181.27617699356,-12.7));
#1263 = CIRCLE('',#1264,3.174);
#1264 = AXIS2_PLACEMENT_3D('',#1265,#1266,#1267);
#1265 = CARTESIAN_POINT('',(253.22806725712,181.47835456394,-12.7));
#1266 = DIRECTION('',(-0.,0.,1.));
#1267 = DIRECTION('',(0.707106781187,-0.707106781187,0.));
#1268 = ORIENTED_EDGE('',*,*,#1269,.F.);
#1269 = EDGE_CURVE('',#1270,#1259,#1272,.T.);
#1270 = VERTEX_POINT('',#1271);
#1271 = CARTESIAN_POINT('',(245.83455863705,169.59613209689,-12.7));
#1272 = LINE('',#1273,#1274);
#1273 = CARTESIAN_POINT('',(142.44220749182,66.203780951665,-12.7));
#1274 = VECTOR('',#1275,1.);
#1275 = DIRECTION('',(0.707106781187,0.707106781187,0.));
#1276 = ORIENTED_EDGE('',*,*,#1277,.F.);
#1277 = EDGE_CURVE('',#1278,#1270,#1280,.T.);
#1278 = VERTEX_POINT('',#1279);
#1279 = CARTESIAN_POINT('',(241.34584479008,169.59613209689,-12.7));
#1280 = CIRCLE('',#1281,3.174);
#1281 = AXIS2_PLACEMENT_3D('',#1282,#1283,#1284);
#1282 = CARTESIAN_POINT('',(243.59020171356,171.84048902038,-12.7));
#1283 = DIRECTION('',(0.,0.,1.));
#1284 = DIRECTION('',(-0.707106781187,-0.707106781187,0.));
#1285 = ORIENTED_EDGE('',*,*,#1286,.T.);
#1286 = EDGE_CURVE('',#1278,#1287,#1289,.T.);
#1287 = VERTEX_POINT('',#1288);
#1288 = CARTESIAN_POINT('',(232.,178.94197688697,-12.7));
#1289 = LINE('',#1290,#1291);
#1290 = CARTESIAN_POINT('',(216.74888487064,194.19309201632,-12.7));
#1291 = VECTOR('',#1292,1.);
#1292 = DIRECTION('',(-0.707106781187,0.707106781187,0.));
#1293 = ORIENTED_EDGE('',*,*,#1294,.T.);
#1294 = EDGE_CURVE('',#1287,#1295,#1297,.T.);
#1295 = VERTEX_POINT('',#1296);
#1296 = CARTESIAN_POINT('',(232.,116.174,-12.7));
#1297 = LINE('',#1298,#1299);
#1298 = CARTESIAN_POINT('',(232.,58.0875,-12.7));
#1299 = VECTOR('',#1300,1.);
#1300 = DIRECTION('',(-2.2E-16,-1.,0.));
#1301 = ORIENTED_EDGE('',*,*,#1302,.F.);
#1302 = EDGE_CURVE('',#1303,#1295,#1305,.T.);
#1303 = VERTEX_POINT('',#1304);
#1304 = CARTESIAN_POINT('',(228.826,113.,-12.7));
#1305 = CIRCLE('',#1306,3.174);
#1306 = AXIS2_PLACEMENT_3D('',#1307,#1308,#1309);
#1307 = CARTESIAN_POINT('',(228.826,116.174,-12.7));
#1308 = DIRECTION('',(0.,0.,1.));
#1309 = DIRECTION('',(-2.2E-16,-1.,0.));
#1310 = ORIENTED_EDGE('',*,*,#1311,.T.);
#1311 = EDGE_CURVE('',#1303,#1312,#1314,.T.);
#1312 = VERTEX_POINT('',#1313);
#1313 = CARTESIAN_POINT('',(179.174,113.,-12.7));
#1314 = LINE('',#1315,#1316);
#1315 = CARTESIAN_POINT('',(117.5875,113.,-12.7));
#1316 = VECTOR('',#1317,1.);
#1317 = DIRECTION('',(-1.,2.2E-16,0.));
#1318 = ORIENTED_EDGE('',*,*,#1319,.F.);
#1319 = EDGE_CURVE('',#1320,#1312,#1322,.T.);
#1320 = VERTEX_POINT('',#1321);
#1321 = CARTESIAN_POINT('',(176.,116.174,-12.7));
#1322 = CIRCLE('',#1323,3.174);
#1323 = AXIS2_PLACEMENT_3D('',#1324,#1325,#1326);
#1324 = CARTESIAN_POINT('',(179.174,116.174,-12.7));
#1325 = DIRECTION('',(0.,0.,1.));
#1326 = DIRECTION('',(-2.2E-16,-1.,0.));
#1327 = ORIENTED_EDGE('',*,*,#1328,.F.);
#1328 = EDGE_CURVE('',#1329,#1320,#1331,.T.);
#1329 = VERTEX_POINT('',#1330);
#1330 = CARTESIAN_POINT('',(176.,213.826,-12.7));
#1331 = LINE('',#1332,#1333);
#1332 = CARTESIAN_POINT('',(176.,58.0875,-12.7));
#1333 = VECTOR('',#1334,1.);
#1334 = DIRECTION('',(-2.2E-16,-1.,0.));
#1335 = ORIENTED_EDGE('',*,*,#1336,.F.);
#1336 = EDGE_CURVE('',#1337,#1329,#1339,.T.);
#1337 = VERTEX_POINT('',#1338);
#1338 = CARTESIAN_POINT('',(179.174,217.,-12.7));
#1339 = CIRCLE('',#1340,3.174);
#1340 = AXIS2_PLACEMENT_3D('',#1341,#1342,#1343);
#1341 = CARTESIAN_POINT('',(179.174,213.826,-12.7));
#1342 = DIRECTION('',(0.,-0.,1.));
#1343 = DIRECTION('',(2.2E-16,1.,0.));
#1344 = ORIENTED_EDGE('',*,*,#1345,.F.);
#1345 = EDGE_CURVE('',#1346,#1337,#1348,.T.);
#1346 = VERTEX_POINT('',#1347);
#1347 = CARTESIAN_POINT('',(228.826,217.,-12.7));
#1348 = LINE('',#1349,#1350);
#1349 = CARTESIAN_POINT('',(117.5875,217.,-12.7));
#1350 = VECTOR('',#1351,1.);
#1351 = DIRECTION('',(-1.,2.2E-16,0.));
#1352 = ORIENTED_EDGE('',*,*,#1353,.F.);
#1353 = EDGE_CURVE('',#1354,#1346,#1356,.T.);
#1354 = VERTEX_POINT('',#1355);
#1355 = CARTESIAN_POINT('',(232.,213.826,-12.7));
#1356 = CIRCLE('',#1357,3.174);
#1357 = AXIS2_PLACEMENT_3D('',#1358,#1359,#1360);
#1358 = CARTESIAN_POINT('',(228.826,213.826,-12.7));
#1359 = DIRECTION('',(0.,-0.,1.));
#1360 = DIRECTION('',(2.2E-16,1.,0.));
#1361 = ORIENTED_EDGE('',*,*,#1362,.T.);
#1362 = EDGE_CURVE('',#1354,#1363,#1365,.T.);
#1363 = VERTEX_POINT('',#1364);
#1364 = CARTESIAN_POINT('',(232.,186.88841429136,-12.7));
#1365 = LINE('',#1366,#1367);
#1366 = CARTESIAN_POINT('',(232.,58.0875,-12.7));
#1367 = VECTOR('',#1368,1.);
#1368 = DIRECTION('',(-2.2E-16,-1.,0.));
#1369 = ORIENTED_EDGE('',*,*,#1370,.T.);
#1370 = EDGE_CURVE('',#1363,#1371,#1373,.T.);
#1371 = VERTEX_POINT('',#1372);
#1372 = CARTESIAN_POINT('',(239.90900376485,194.79741805621,-12.7));
#1373 = LINE('',#1374,#1375);
#1374 = CARTESIAN_POINT('',(126.87878707606,81.767201367425,-12.7));
#1375 = VECTOR('',#1376,1.);
#1376 = DIRECTION('',(0.707106781187,0.707106781187,0.));
#1377 = ORIENTED_EDGE('',*,*,#1378,.F.);
#1378 = EDGE_CURVE('',#1379,#1371,#1381,.T.);
#1379 = VERTEX_POINT('',#1380);
#1380 = CARTESIAN_POINT('',(242.63871990607,195.68973172903,-12.7));
#1381 = CIRCLE('',#1382,3.174);
#1382 = AXIS2_PLACEMENT_3D('',#1383,#1384,#1385);
#1383 = CARTESIAN_POINT('',(242.15336068833,192.55306113272,-12.7));
#1384 = DIRECTION('',(0.,0.,1.));
#1385 = DIRECTION('',(-0.707106781187,0.707106781187,0.));
#1386 = ORIENTED_EDGE('',*,*,#1387,.F.);
#1387 = EDGE_CURVE('',#1388,#1379,#1390,.T.);
#1388 = VERTEX_POINT('',#1389);
#1389 = CARTESIAN_POINT('',(244.39771761182,194.79741805621,-12.7));
#1390 = CIRCLE('',#1391,3.174);
#1391 = AXIS2_PLACEMENT_3D('',#1392,#1393,#1394);
#1392 = CARTESIAN_POINT('',(242.15336068833,192.55306113272,-12.7));
#1393 = DIRECTION('',(0.,0.,1.));
#1394 = DIRECTION('',(-0.707106781187,0.707106781187,0.));
#1395 = ORIENTED_EDGE('',*,*,#1396,.F.);
#1396 = EDGE_CURVE('',#1397,#1388,#1399,.T.);
#1397 = VERTEX_POINT('',#1398);
#1398 = CARTESIAN_POINT('',(255.47242418061,183.72271148742,-12.7));
#1399 = LINE('',#1400,#1401);
#1400 = CARTESIAN_POINT('',(230.87546426117,208.31967140686,-12.7));
#1401 = VECTOR('',#1402,1.);
#1402 = DIRECTION('',(-0.707106781187,0.707106781187,0.));
#1403 = ORIENTED_EDGE('',*,*,#1404,.F.);
#1404 = EDGE_CURVE('',#1261,#1397,#1405,.T.);
#1405 = CIRCLE('',#1406,3.174);
#1406 = AXIS2_PLACEMENT_3D('',#1407,#1408,#1409);
#1407 = CARTESIAN_POINT('',(253.22806725712,181.47835456394,-12.7));
#1408 = DIRECTION('',(-0.,0.,1.));
#1409 = DIRECTION('',(0.707106781187,-0.707106781187,0.));
#1410 = FACE_BOUND('',#1411,.T.);
#1411 = EDGE_LOOP('',(#1412,#1423,#1431,#1440,#1448,#1457,#1465,#1473,
    #1482,#1490,#1499,#1507,#1516));
#1412 = ORIENTED_EDGE('',*,*,#1413,.F.);
#1413 = EDGE_CURVE('',#1414,#1416,#1418,.T.);
#1414 = VERTEX_POINT('',#1415);
#1415 = CARTESIAN_POINT('',(430.39869959259,136.08571731567,-12.7));
#1416 = VERTEX_POINT('',#1417);
#1417 = CARTESIAN_POINT('',(427.22947255749,133.08571731567,-12.7));
#1418 = CIRCLE('',#1419,3.174);
#1419 = AXIS2_PLACEMENT_3D('',#1420,#1421,#1422);
#1420 = CARTESIAN_POINT('',(430.39869959259,132.91171731567,-12.7));
#1421 = DIRECTION('',(0.,-0.,1.));
#1422 = DIRECTION('',(0.,1.,0.));
#1423 = ORIENTED_EDGE('',*,*,#1424,.F.);
#1424 = EDGE_CURVE('',#1425,#1414,#1427,.T.);
#1425 = VERTEX_POINT('',#1426);
#1426 = CARTESIAN_POINT('',(458.40494973754,136.08571731567,-12.7));
#1427 = LINE('',#1428,#1429);
#1428 = CARTESIAN_POINT('',(223.55461924609,136.08571731567,-12.7));
#1429 = VECTOR('',#1430,1.);
#1430 = DIRECTION('',(-1.,0.,0.));
#1431 = ORIENTED_EDGE('',*,*,#1432,.F.);
#1432 = EDGE_CURVE('',#1433,#1425,#1435,.T.);
#1433 = VERTEX_POINT('',#1434);
#1434 = CARTESIAN_POINT('',(461.57894973754,132.91171731567,-12.7));
#1435 = CIRCLE('',#1436,3.174);
#1436 = AXIS2_PLACEMENT_3D('',#1437,#1438,#1439);
#1437 = CARTESIAN_POINT('',(458.40494973754,132.91171731567,-12.7));
#1438 = DIRECTION('',(0.,0.,1.));
#1439 = DIRECTION('',(1.,0.,0.));
#1440 = ORIENTED_EDGE('',*,*,#1441,.F.);
#1441 = EDGE_CURVE('',#1442,#1433,#1444,.T.);
#1442 = VERTEX_POINT('',#1443);
#1443 = CARTESIAN_POINT('',(461.57894973754,112.81588491821,-12.7));
#1444 = LINE('',#1445,#1446);
#1445 = CARTESIAN_POINT('',(461.57894973754,63.019400558472,-12.7));
#1446 = VECTOR('',#1447,1.);
#1447 = DIRECTION('',(0.,1.,0.));
#1448 = ORIENTED_EDGE('',*,*,#1449,.F.);
#1449 = EDGE_CURVE('',#1450,#1442,#1452,.T.);
#1450 = VERTEX_POINT('',#1451);
#1451 = CARTESIAN_POINT('',(458.40494973754,109.64188491821,-12.7));
#1452 = CIRCLE('',#1453,3.174);
#1453 = AXIS2_PLACEMENT_3D('',#1454,#1455,#1456);
#1454 = CARTESIAN_POINT('',(458.40494973754,112.81588491821,-12.7));
#1455 = DIRECTION('',(0.,0.,1.));
#1456 = DIRECTION('',(1.,0.,0.));
#1457 = ORIENTED_EDGE('',*,*,#1458,.F.);
#1458 = EDGE_CURVE('',#1459,#1450,#1461,.T.);
#1459 = VERTEX_POINT('',#1460);
#1460 = CARTESIAN_POINT('',(441.57894973754,109.64188491821,-12.7));
#1461 = LINE('',#1462,#1463);
#1462 = CARTESIAN_POINT('',(224.44037237224,109.64188491821,-12.7));
#1463 = VECTOR('',#1464,1.);
#1464 = DIRECTION('',(1.,0.,0.));
#1465 = ORIENTED_EDGE('',*,*,#1466,.T.);
#1466 = EDGE_CURVE('',#1459,#1467,#1469,.T.);
#1467 = VERTEX_POINT('',#1468);
#1468 = CARTESIAN_POINT('',(441.57894973754,77.815884918213,-12.7));
#1469 = LINE('',#1470,#1471);
#1470 = CARTESIAN_POINT('',(441.57894973754,68.130358657837,-12.7));
#1471 = VECTOR('',#1472,1.);
#1472 = DIRECTION('',(0.,-1.,0.));
#1473 = ORIENTED_EDGE('',*,*,#1474,.F.);
#1474 = EDGE_CURVE('',#1475,#1467,#1477,.T.);
#1475 = VERTEX_POINT('',#1476);
#1476 = CARTESIAN_POINT('',(438.40494973754,74.641884918213,-12.7));
#1477 = CIRCLE('',#1478,3.174);
#1478 = AXIS2_PLACEMENT_3D('',#1479,#1480,#1481);
#1479 = CARTESIAN_POINT('',(438.40494973754,77.815884918213,-12.7));
#1480 = DIRECTION('',(0.,0.,1.));
#1481 = DIRECTION('',(1.,0.,0.));
#1482 = ORIENTED_EDGE('',*,*,#1483,.F.);
#1483 = EDGE_CURVE('',#1484,#1475,#1486,.T.);
#1484 = VERTEX_POINT('',#1485);
#1485 = CARTESIAN_POINT('',(402.59869959259,74.641884918213,-12.7));
#1486 = LINE('',#1487,#1488);
#1487 = CARTESIAN_POINT('',(222.37697486877,74.641884918213,-12.7));
#1488 = VECTOR('',#1489,1.);
#1489 = DIRECTION('',(1.,0.,0.));
#1490 = ORIENTED_EDGE('',*,*,#1491,.F.);
#1491 = EDGE_CURVE('',#1492,#1484,#1494,.T.);
#1492 = VERTEX_POINT('',#1493);
#1493 = CARTESIAN_POINT('',(399.42469959259,77.815884918213,-12.7));
#1494 = CIRCLE('',#1495,3.174);
#1495 = AXIS2_PLACEMENT_3D('',#1496,#1497,#1498);
#1496 = CARTESIAN_POINT('',(402.59869959259,77.815884918213,-12.7));
#1497 = DIRECTION('',(0.,0.,1.));
#1498 = DIRECTION('',(-1.,0.,0.));
#1499 = ORIENTED_EDGE('',*,*,#1500,.F.);
#1500 = EDGE_CURVE('',#1501,#1492,#1503,.T.);
#1501 = VERTEX_POINT('',#1502);
#1502 = CARTESIAN_POINT('',(399.42469959259,129.91171731567,-12.7));
#1503 = LINE('',#1504,#1505);
#1504 = CARTESIAN_POINT('',(399.42469959259,68.130358657837,-12.7));
#1505 = VECTOR('',#1506,1.);
#1506 = DIRECTION('',(0.,-1.,0.));
#1507 = ORIENTED_EDGE('',*,*,#1508,.F.);
#1508 = EDGE_CURVE('',#1509,#1501,#1511,.T.);
#1509 = VERTEX_POINT('',#1510);
#1510 = CARTESIAN_POINT('',(402.59869959259,133.08571731567,-12.7));
#1511 = CIRCLE('',#1512,3.174);
#1512 = AXIS2_PLACEMENT_3D('',#1513,#1514,#1515);
#1513 = CARTESIAN_POINT('',(402.59869959259,129.91171731567,-12.7));
#1514 = DIRECTION('',(0.,-0.,1.));
#1515 = DIRECTION('',(0.,1.,0.));
#1516 = ORIENTED_EDGE('',*,*,#1517,.T.);
#1517 = EDGE_CURVE('',#1509,#1416,#1518,.T.);
#1518 = LINE('',#1519,#1520);
#1519 = CARTESIAN_POINT('',(222.37697486877,133.08571731567,-12.7));
#1520 = VECTOR('',#1521,1.);
#1521 = DIRECTION('',(1.,0.,0.));
#1522 = FACE_BOUND('',#1523,.T.);
#1523 = EDGE_LOOP('',(#1524,#1535,#1543,#1552,#1560,#1569,#1577,#1585,
    #1594,#1602,#1611,#1619,#1628));
#1524 = ORIENTED_EDGE('',*,*,#1525,.F.);
#1525 = EDGE_CURVE('',#1526,#1528,#1530,.T.);
#1526 = VERTEX_POINT('',#1527);
#1527 = CARTESIAN_POINT('',(440.39869959259,343.08571731567,-12.7));
#1528 = VERTEX_POINT('',#1529);
#1529 = CARTESIAN_POINT('',(437.22947255749,340.08571731567,-12.7));
#1530 = CIRCLE('',#1531,3.174);
#1531 = AXIS2_PLACEMENT_3D('',#1532,#1533,#1534);
#1532 = CARTESIAN_POINT('',(440.39869959259,339.91171731567,-12.7));
#1533 = DIRECTION('',(0.,-0.,1.));
#1534 = DIRECTION('',(0.,1.,0.));
#1535 = ORIENTED_EDGE('',*,*,#1536,.F.);
#1536 = EDGE_CURVE('',#1537,#1526,#1539,.T.);
#1537 = VERTEX_POINT('',#1538);
#1538 = CARTESIAN_POINT('',(468.40494973754,343.08571731567,-12.7));
#1539 = LINE('',#1540,#1541);
#1540 = CARTESIAN_POINT('',(228.55461924609,343.08571731567,-12.7));
#1541 = VECTOR('',#1542,1.);
#1542 = DIRECTION('',(-1.,0.,0.));
#1543 = ORIENTED_EDGE('',*,*,#1544,.F.);
#1544 = EDGE_CURVE('',#1545,#1537,#1547,.T.);
#1545 = VERTEX_POINT('',#1546);
#1546 = CARTESIAN_POINT('',(471.57894973754,339.91171731567,-12.7));
#1547 = CIRCLE('',#1548,3.174);
#1548 = AXIS2_PLACEMENT_3D('',#1549,#1550,#1551);
#1549 = CARTESIAN_POINT('',(468.40494973754,339.91171731567,-12.7));
#1550 = DIRECTION('',(0.,0.,1.));
#1551 = DIRECTION('',(1.,0.,0.));
#1552 = ORIENTED_EDGE('',*,*,#1553,.F.);
#1553 = EDGE_CURVE('',#1554,#1545,#1556,.T.);
#1554 = VERTEX_POINT('',#1555);
#1555 = CARTESIAN_POINT('',(471.57894973754,319.81588491821,-12.7));
#1556 = LINE('',#1557,#1558);
#1557 = CARTESIAN_POINT('',(471.57894973754,166.51940055847,-12.7));
#1558 = VECTOR('',#1559,1.);
#1559 = DIRECTION('',(0.,1.,0.));
#1560 = ORIENTED_EDGE('',*,*,#1561,.F.);
#1561 = EDGE_CURVE('',#1562,#1554,#1564,.T.);
#1562 = VERTEX_POINT('',#1563);
#1563 = CARTESIAN_POINT('',(468.40494973754,316.64188491821,-12.7));
#1564 = CIRCLE('',#1565,3.174);
#1565 = AXIS2_PLACEMENT_3D('',#1566,#1567,#1568);
#1566 = CARTESIAN_POINT('',(468.40494973754,319.81588491821,-12.7));
#1567 = DIRECTION('',(0.,0.,1.));
#1568 = DIRECTION('',(1.,0.,0.));
#1569 = ORIENTED_EDGE('',*,*,#1570,.F.);
#1570 = EDGE_CURVE('',#1571,#1562,#1573,.T.);
#1571 = VERTEX_POINT('',#1572);
#1572 = CARTESIAN_POINT('',(451.57894973754,316.64188491821,-12.7));
#1573 = LINE('',#1574,#1575);
#1574 = CARTESIAN_POINT('',(229.44037237224,316.64188491821,-12.7));
#1575 = VECTOR('',#1576,1.);
#1576 = DIRECTION('',(1.,0.,0.));
#1577 = ORIENTED_EDGE('',*,*,#1578,.T.);
#1578 = EDGE_CURVE('',#1571,#1579,#1581,.T.);
#1579 = VERTEX_POINT('',#1580);
#1580 = CARTESIAN_POINT('',(451.57894973754,284.81588491821,-12.7));
#1581 = LINE('',#1582,#1583);
#1582 = CARTESIAN_POINT('',(451.57894973754,171.63035865783,-12.7));
#1583 = VECTOR('',#1584,1.);
#1584 = DIRECTION('',(0.,-1.,0.));
#1585 = ORIENTED_EDGE('',*,*,#1586,.F.);
#1586 = EDGE_CURVE('',#1587,#1579,#1589,.T.);
#1587 = VERTEX_POINT('',#1588);
#1588 = CARTESIAN_POINT('',(448.40494973754,281.64188491821,-12.7));
#1589 = CIRCLE('',#1590,3.174);
#1590 = AXIS2_PLACEMENT_3D('',#1591,#1592,#1593);
#1591 = CARTESIAN_POINT('',(448.40494973754,284.81588491821,-12.7));
#1592 = DIRECTION('',(0.,0.,1.));
#1593 = DIRECTION('',(1.,0.,0.));
#1594 = ORIENTED_EDGE('',*,*,#1595,.F.);
#1595 = EDGE_CURVE('',#1596,#1587,#1598,.T.);
#1596 = VERTEX_POINT('',#1597);
#1597 = CARTESIAN_POINT('',(412.59869959259,281.64188491821,-12.7));
#1598 = LINE('',#1599,#1600);
#1599 = CARTESIAN_POINT('',(227.37697486877,281.64188491821,-12.7));
#1600 = VECTOR('',#1601,1.);
#1601 = DIRECTION('',(1.,0.,0.));
#1602 = ORIENTED_EDGE('',*,*,#1603,.F.);
#1603 = EDGE_CURVE('',#1604,#1596,#1606,.T.);
#1604 = VERTEX_POINT('',#1605);
#1605 = CARTESIAN_POINT('',(409.42469959259,284.81588491821,-12.7));
#1606 = CIRCLE('',#1607,3.174);
#1607 = AXIS2_PLACEMENT_3D('',#1608,#1609,#1610);
#1608 = CARTESIAN_POINT('',(412.59869959259,284.81588491821,-12.7));
#1609 = DIRECTION('',(0.,0.,1.));
#1610 = DIRECTION('',(-1.,0.,0.));
#1611 = ORIENTED_EDGE('',*,*,#1612,.F.);
#1612 = EDGE_CURVE('',#1613,#1604,#1615,.T.);
#1613 = VERTEX_POINT('',#1614);
#1614 = CARTESIAN_POINT('',(409.42469959259,336.91171731567,-12.7));
#1615 = LINE('',#1616,#1617);
#1616 = CARTESIAN_POINT('',(409.42469959259,171.63035865783,-12.7));
#1617 = VECTOR('',#1618,1.);
#1618 = DIRECTION('',(0.,-1.,0.));
#1619 = ORIENTED_EDGE('',*,*,#1620,.F.);
#1620 = EDGE_CURVE('',#1621,#1613,#1623,.T.);
#1621 = VERTEX_POINT('',#1622);
#1622 = CARTESIAN_POINT('',(412.59869959259,340.08571731567,-12.7));
#1623 = CIRCLE('',#1624,3.174);
#1624 = AXIS2_PLACEMENT_3D('',#1625,#1626,#1627);
#1625 = CARTESIAN_POINT('',(412.59869959259,336.91171731567,-12.7));
#1626 = DIRECTION('',(0.,-0.,1.));
#1627 = DIRECTION('',(0.,1.,0.));
#1628 = ORIENTED_EDGE('',*,*,#1629,.T.);
#1629 = EDGE_CURVE('',#1621,#1528,#1630,.T.);
#1630 = LINE('',#1631,#1632);
#1631 = CARTESIAN_POINT('',(227.37697486877,340.08571731567,-12.7));
#1632 = VECTOR('',#1633,1.);
#1633 = DIRECTION('',(1.,0.,0.));
#1634 = FACE_BOUND('',#1635,.T.);
#1635 = EDGE_LOOP('',(#1636,#1647,#1656,#1664,#1673,#1681,#1690,#1698,
    #1707,#1716,#1724,#1733,#1741,#1750));
#1636 = ORIENTED_EDGE('',*,*,#1637,.F.);
#1637 = EDGE_CURVE('',#1638,#1640,#1642,.T.);
#1638 = VERTEX_POINT('',#1639);
#1639 = CARTESIAN_POINT('',(427.147,207.93929355715,-12.7));
#1640 = VERTEX_POINT('',#1641);
#1641 = CARTESIAN_POINT('',(430.071,206.,-12.7));
#1642 = CIRCLE('',#1643,3.174);
#1643 = AXIS2_PLACEMENT_3D('',#1644,#1645,#1646);
#1644 = CARTESIAN_POINT('',(430.071,209.174,-12.7));
#1645 = DIRECTION('',(-0.,0.,1.));
#1646 = DIRECTION('',(0.,-1.,0.));
#1647 = ORIENTED_EDGE('',*,*,#1648,.F.);
#1648 = EDGE_CURVE('',#1649,#1638,#1651,.T.);
#1649 = VERTEX_POINT('',#1650);
#1650 = CARTESIAN_POINT('',(424.223,206.,-12.7));
#1651 = CIRCLE('',#1652,3.174);
#1652 = AXIS2_PLACEMENT_3D('',#1653,#1654,#1655);
#1653 = CARTESIAN_POINT('',(424.223,209.174,-12.7));
#1654 = DIRECTION('',(-0.,0.,1.));
#1655 = DIRECTION('',(0.,-1.,0.));
#1656 = ORIENTED_EDGE('',*,*,#1657,.F.);
#1657 = EDGE_CURVE('',#1658,#1649,#1660,.T.);
#1658 = VERTEX_POINT('',#1659);
#1659 = CARTESIAN_POINT('',(407.571,206.,-12.7));
#1660 = LINE('',#1661,#1662);
#1661 = CARTESIAN_POINT('',(404.397,206.,-12.7));
#1662 = VECTOR('',#1663,1.);
#1663 = DIRECTION('',(1.,0.,0.));
#1664 = ORIENTED_EDGE('',*,*,#1665,.F.);
#1665 = EDGE_CURVE('',#1666,#1658,#1668,.T.);
#1666 = VERTEX_POINT('',#1667);
#1667 = CARTESIAN_POINT('',(404.397,209.174,-12.7));
#1668 = CIRCLE('',#1669,3.174);
#1669 = AXIS2_PLACEMENT_3D('',#1670,#1671,#1672);
#1670 = CARTESIAN_POINT('',(407.571,209.174,-12.7));
#1671 = DIRECTION('',(-0.,0.,1.));
#1672 = DIRECTION('',(0.,-1.,0.));
#1673 = ORIENTED_EDGE('',*,*,#1674,.T.);
#1674 = EDGE_CURVE('',#1666,#1675,#1677,.T.);
#1675 = VERTEX_POINT('',#1676);
#1676 = CARTESIAN_POINT('',(404.397,250.826,-12.7));
#1677 = LINE('',#1678,#1679);
#1678 = CARTESIAN_POINT('',(404.397,206.,-12.7));
#1679 = VECTOR('',#1680,1.);
#1680 = DIRECTION('',(0.,1.,0.));
#1681 = ORIENTED_EDGE('',*,*,#1682,.T.);
#1682 = EDGE_CURVE('',#1675,#1683,#1685,.T.);
#1683 = VERTEX_POINT('',#1684);
#1684 = CARTESIAN_POINT('',(407.571,254.,-12.7));
#1685 = CIRCLE('',#1686,3.174);
#1686 = AXIS2_PLACEMENT_3D('',#1687,#1688,#1689);
#1687 = CARTESIAN_POINT('',(407.571,250.826,-12.7));
#1688 = DIRECTION('',(-0.,-0.,-1.));
#1689 = DIRECTION('',(0.,-1.,0.));
#1690 = ORIENTED_EDGE('',*,*,#1691,.T.);
#1691 = EDGE_CURVE('',#1683,#1692,#1694,.T.);
#1692 = VERTEX_POINT('',#1693);
#1693 = CARTESIAN_POINT('',(424.223,254.,-12.7));
#1694 = LINE('',#1695,#1696);
#1695 = CARTESIAN_POINT('',(404.397,254.,-12.7));
#1696 = VECTOR('',#1697,1.);
#1697 = DIRECTION('',(1.,0.,0.));
#1698 = ORIENTED_EDGE('',*,*,#1699,.F.);
#1699 = EDGE_CURVE('',#1700,#1692,#1702,.T.);
#1700 = VERTEX_POINT('',#1701);
#1701 = CARTESIAN_POINT('',(427.147,252.06070644284,-12.7));
#1702 = CIRCLE('',#1703,3.174);
#1703 = AXIS2_PLACEMENT_3D('',#1704,#1705,#1706);
#1704 = CARTESIAN_POINT('',(424.223,250.826,-12.7));
#1705 = DIRECTION('',(-0.,0.,1.));
#1706 = DIRECTION('',(0.,-1.,0.));
#1707 = ORIENTED_EDGE('',*,*,#1708,.T.);
#1708 = EDGE_CURVE('',#1700,#1709,#1711,.T.);
#1709 = VERTEX_POINT('',#1710);
#1710 = CARTESIAN_POINT('',(430.071,254.,-12.7));
#1711 = CIRCLE('',#1712,3.174);
#1712 = AXIS2_PLACEMENT_3D('',#1713,#1714,#1715);
#1713 = CARTESIAN_POINT('',(430.071,250.826,-12.7));
#1714 = DIRECTION('',(-0.,-0.,-1.));
#1715 = DIRECTION('',(0.,-1.,0.));
#1716 = ORIENTED_EDGE('',*,*,#1717,.T.);
#1717 = EDGE_CURVE('',#1709,#1718,#1720,.T.);
#1718 = VERTEX_POINT('',#1719);
#1719 = CARTESIAN_POINT('',(446.723,254.,-12.7));
#1720 = LINE('',#1721,#1722);
#1721 = CARTESIAN_POINT('',(426.897,254.,-12.7));
#1722 = VECTOR('',#1723,1.);
#1723 = DIRECTION('',(1.,0.,0.));
#1724 = ORIENTED_EDGE('',*,*,#1725,.F.);
#1725 = EDGE_CURVE('',#1726,#1718,#1728,.T.);
#1726 = VERTEX_POINT('',#1727);
#1727 = CARTESIAN_POINT('',(449.897,250.826,-12.7));
#1728 = CIRCLE('',#1729,3.174);
#1729 = AXIS2_PLACEMENT_3D('',#1730,#1731,#1732);
#1730 = CARTESIAN_POINT('',(446.723,250.826,-12.7));
#1731 = DIRECTION('',(-0.,0.,1.));
#1732 = DIRECTION('',(0.,-1.,0.));
#1733 = ORIENTED_EDGE('',*,*,#1734,.F.);
#1734 = EDGE_CURVE('',#1735,#1726,#1737,.T.);
#1735 = VERTEX_POINT('',#1736);
#1736 = CARTESIAN_POINT('',(449.897,209.174,-12.7));
#1737 = LINE('',#1738,#1739);
#1738 = CARTESIAN_POINT('',(449.897,206.,-12.7));
#1739 = VECTOR('',#1740,1.);
#1740 = DIRECTION('',(0.,1.,0.));
#1741 = ORIENTED_EDGE('',*,*,#1742,.F.);
#1742 = EDGE_CURVE('',#1743,#1735,#1745,.T.);
#1743 = VERTEX_POINT('',#1744);
#1744 = CARTESIAN_POINT('',(446.723,206.,-12.7));
#1745 = CIRCLE('',#1746,3.174);
#1746 = AXIS2_PLACEMENT_3D('',#1747,#1748,#1749);
#1747 = CARTESIAN_POINT('',(446.723,209.174,-12.7));
#1748 = DIRECTION('',(-0.,0.,1.));
#1749 = DIRECTION('',(0.,-1.,0.));
#1750 = ORIENTED_EDGE('',*,*,#1751,.F.);
#1751 = EDGE_CURVE('',#1640,#1743,#1752,.T.);
#1752 = LINE('',#1753,#1754);
#1753 = CARTESIAN_POINT('',(426.897,206.,-12.7));
#1754 = VECTOR('',#1755,1.);
#1755 = DIRECTION('',(1.,0.,0.));
#1756 = FACE_BOUND('',#1757,.T.);
#1757 = EDGE_LOOP('',(#1758,#1768,#1777,#1785,#1794,#1802,#1811,#1819,
    #1828,#1836,#1845,#1853,#1862,#1870,#1879,#1887));
#1758 = ORIENTED_EDGE('',*,*,#1759,.F.);
#1759 = EDGE_CURVE('',#1760,#1762,#1764,.T.);
#1760 = VERTEX_POINT('',#1761);
#1761 = CARTESIAN_POINT('',(335.397,286.174,-12.7));
#1762 = VERTEX_POINT('',#1763);
#1763 = CARTESIAN_POINT('',(335.397,288.54406711112,-12.7));
#1764 = LINE('',#1765,#1766);
#1765 = CARTESIAN_POINT('',(335.397,283.,-12.7));
#1766 = VECTOR('',#1767,1.);
#1767 = DIRECTION('',(0.,1.,0.));
#1768 = ORIENTED_EDGE('',*,*,#1769,.F.);
#1769 = EDGE_CURVE('',#1770,#1760,#1772,.T.);
#1770 = VERTEX_POINT('',#1771);
#1771 = CARTESIAN_POINT('',(332.223,283.,-12.7));
#1772 = CIRCLE('',#1773,3.174);
#1773 = AXIS2_PLACEMENT_3D('',#1774,#1775,#1776);
#1774 = CARTESIAN_POINT('',(332.223,286.174,-12.7));
#1775 = DIRECTION('',(-0.,0.,1.));
#1776 = DIRECTION('',(0.,-1.,0.));
#1777 = ORIENTED_EDGE('',*,*,#1778,.F.);
#1778 = EDGE_CURVE('',#1779,#1770,#1781,.T.);
#1779 = VERTEX_POINT('',#1780);
#1780 = CARTESIAN_POINT('',(315.571,283.,-12.7));
#1781 = LINE('',#1782,#1783);
#1782 = CARTESIAN_POINT('',(312.397,283.,-12.7));
#1783 = VECTOR('',#1784,1.);
#1784 = DIRECTION('',(1.,0.,0.));
#1785 = ORIENTED_EDGE('',*,*,#1786,.F.);
#1786 = EDGE_CURVE('',#1787,#1779,#1789,.T.);
#1787 = VERTEX_POINT('',#1788);
#1788 = CARTESIAN_POINT('',(312.397,286.174,-12.7));
#1789 = CIRCLE('',#1790,3.174);
#1790 = AXIS2_PLACEMENT_3D('',#1791,#1792,#1793);
#1791 = CARTESIAN_POINT('',(315.571,286.174,-12.7));
#1792 = DIRECTION('',(-0.,0.,1.));
#1793 = DIRECTION('',(0.,-1.,0.));
#1794 = ORIENTED_EDGE('',*,*,#1795,.T.);
#1795 = EDGE_CURVE('',#1787,#1796,#1798,.T.);
#1796 = VERTEX_POINT('',#1797);
#1797 = CARTESIAN_POINT('',(312.397,327.826,-12.7));
#1798 = LINE('',#1799,#1800);
#1799 = CARTESIAN_POINT('',(312.397,283.,-12.7));
#1800 = VECTOR('',#1801,1.);
#1801 = DIRECTION('',(0.,1.,0.));
#1802 = ORIENTED_EDGE('',*,*,#1803,.T.);
#1803 = EDGE_CURVE('',#1796,#1804,#1806,.T.);
#1804 = VERTEX_POINT('',#1805);
#1805 = CARTESIAN_POINT('',(315.571,331.,-12.7));
#1806 = CIRCLE('',#1807,3.174);
#1807 = AXIS2_PLACEMENT_3D('',#1808,#1809,#1810);
#1808 = CARTESIAN_POINT('',(315.571,327.826,-12.7));
#1809 = DIRECTION('',(-0.,-0.,-1.));
#1810 = DIRECTION('',(0.,-1.,0.));
#1811 = ORIENTED_EDGE('',*,*,#1812,.T.);
#1812 = EDGE_CURVE('',#1804,#1813,#1815,.T.);
#1813 = VERTEX_POINT('',#1814);
#1814 = CARTESIAN_POINT('',(332.223,331.,-12.7));
#1815 = LINE('',#1816,#1817);
#1816 = CARTESIAN_POINT('',(312.397,331.,-12.7));
#1817 = VECTOR('',#1818,1.);
#1818 = DIRECTION('',(1.,0.,0.));
#1819 = ORIENTED_EDGE('',*,*,#1820,.F.);
#1820 = EDGE_CURVE('',#1821,#1813,#1823,.T.);
#1821 = VERTEX_POINT('',#1822);
#1822 = CARTESIAN_POINT('',(335.397,327.826,-12.7));
#1823 = CIRCLE('',#1824,3.174);
#1824 = AXIS2_PLACEMENT_3D('',#1825,#1826,#1827);
#1825 = CARTESIAN_POINT('',(332.223,327.826,-12.7));
#1826 = DIRECTION('',(-0.,0.,1.));
#1827 = DIRECTION('',(0.,-1.,0.));
#1828 = ORIENTED_EDGE('',*,*,#1829,.F.);
#1829 = EDGE_CURVE('',#1830,#1821,#1832,.T.);
#1830 = VERTEX_POINT('',#1831);
#1831 = CARTESIAN_POINT('',(335.397,325.45593288886,-12.7));
#1832 = LINE('',#1833,#1834);
#1833 = CARTESIAN_POINT('',(335.397,283.,-12.7));
#1834 = VECTOR('',#1835,1.);
#1835 = DIRECTION('',(0.,1.,0.));
#1836 = ORIENTED_EDGE('',*,*,#1837,.F.);
#1837 = EDGE_CURVE('',#1838,#1830,#1840,.T.);
#1838 = VERTEX_POINT('',#1839);
#1839 = CARTESIAN_POINT('',(337.174,326.,-12.7));
#1840 = CIRCLE('',#1841,3.174);
#1841 = AXIS2_PLACEMENT_3D('',#1842,#1843,#1844);
#1842 = CARTESIAN_POINT('',(337.174,322.826,-12.7));
#1843 = DIRECTION('',(0.,0.,1.));
#1844 = DIRECTION('',(-1.,0.,0.));
#1845 = ORIENTED_EDGE('',*,*,#1846,.F.);
#1846 = EDGE_CURVE('',#1847,#1838,#1849,.T.);
#1847 = VERTEX_POINT('',#1848);
#1848 = CARTESIAN_POINT('',(348.826,326.,-12.7));
#1849 = LINE('',#1850,#1851);
#1850 = CARTESIAN_POINT('',(168.5875,326.,-12.7));
#1851 = VECTOR('',#1852,1.);
#1852 = DIRECTION('',(-1.,0.,0.));
#1853 = ORIENTED_EDGE('',*,*,#1854,.F.);
#1854 = EDGE_CURVE('',#1855,#1847,#1857,.T.);
#1855 = VERTEX_POINT('',#1856);
#1856 = CARTESIAN_POINT('',(352.,322.826,-12.7));
#1857 = CIRCLE('',#1858,3.174);
#1858 = AXIS2_PLACEMENT_3D('',#1859,#1860,#1861);
#1859 = CARTESIAN_POINT('',(348.826,322.826,-12.7));
#1860 = DIRECTION('',(0.,0.,1.));
#1861 = DIRECTION('',(1.,0.,0.));
#1862 = ORIENTED_EDGE('',*,*,#1863,.F.);
#1863 = EDGE_CURVE('',#1864,#1855,#1866,.T.);
#1864 = VERTEX_POINT('',#1865);
#1865 = CARTESIAN_POINT('',(352.,291.174,-12.7));
#1866 = LINE('',#1867,#1868);
#1867 = CARTESIAN_POINT('',(352.,145.5875,-12.7));
#1868 = VECTOR('',#1869,1.);
#1869 = DIRECTION('',(0.,1.,0.));
#1870 = ORIENTED_EDGE('',*,*,#1871,.F.);
#1871 = EDGE_CURVE('',#1872,#1864,#1874,.T.);
#1872 = VERTEX_POINT('',#1873);
#1873 = CARTESIAN_POINT('',(348.826,288.,-12.7));
#1874 = CIRCLE('',#1875,3.174);
#1875 = AXIS2_PLACEMENT_3D('',#1876,#1877,#1878);
#1876 = CARTESIAN_POINT('',(348.826,291.174,-12.7));
#1877 = DIRECTION('',(-0.,0.,1.));
#1878 = DIRECTION('',(0.,-1.,0.));
#1879 = ORIENTED_EDGE('',*,*,#1880,.T.);
#1880 = EDGE_CURVE('',#1872,#1881,#1883,.T.);
#1881 = VERTEX_POINT('',#1882);
#1882 = CARTESIAN_POINT('',(337.174,288.,-12.7));
#1883 = LINE('',#1884,#1885);
#1884 = CARTESIAN_POINT('',(168.5875,288.,-12.7));
#1885 = VECTOR('',#1886,1.);
#1886 = DIRECTION('',(-1.,0.,0.));
#1887 = ORIENTED_EDGE('',*,*,#1888,.F.);
#1888 = EDGE_CURVE('',#1762,#1881,#1889,.T.);
#1889 = CIRCLE('',#1890,3.174);
#1890 = AXIS2_PLACEMENT_3D('',#1891,#1892,#1893);
#1891 = CARTESIAN_POINT('',(337.174,291.174,-12.7));
#1892 = DIRECTION('',(0.,0.,1.));
#1893 = DIRECTION('',(-1.,0.,0.));
#1894 = FACE_BOUND('',#1895,.T.);
#1895 = EDGE_LOOP('',(#1896,#1906,#1915,#1923,#1931,#1940,#1948,#1957,
    #1965,#1974,#1983,#1991,#1999,#2008,#2016));
#1896 = ORIENTED_EDGE('',*,*,#1897,.F.);
#1897 = EDGE_CURVE('',#1898,#1900,#1902,.T.);
#1898 = VERTEX_POINT('',#1899);
#1899 = CARTESIAN_POINT('',(506.80649819183,176.5135591278,-12.7));
#1900 = VERTEX_POINT('',#1901);
#1901 = CARTESIAN_POINT('',(506.80649819183,153.46155950927,-12.7));
#1902 = LINE('',#1903,#1904);
#1903 = CARTESIAN_POINT('',(506.80649819183,91.431279563904,-12.7));
#1904 = VECTOR('',#1905,1.);
#1905 = DIRECTION('',(0.,-1.,0.));
#1906 = ORIENTED_EDGE('',*,*,#1907,.F.);
#1907 = EDGE_CURVE('',#1908,#1898,#1910,.T.);
#1908 = VERTEX_POINT('',#1909);
#1909 = CARTESIAN_POINT('',(509.98049819183,179.6875591278,-12.7));
#1910 = CIRCLE('',#1911,3.174);
#1911 = AXIS2_PLACEMENT_3D('',#1912,#1913,#1914);
#1912 = CARTESIAN_POINT('',(509.98049819183,176.5135591278,-12.7));
#1913 = DIRECTION('',(0.,-0.,1.));
#1914 = DIRECTION('',(0.,1.,0.));
#1915 = ORIENTED_EDGE('',*,*,#1916,.T.);
#1916 = EDGE_CURVE('',#1908,#1917,#1919,.T.);
#1917 = VERTEX_POINT('',#1918);
#1918 = CARTESIAN_POINT('',(530.7168239746,179.6875591278,-12.7));
#1919 = LINE('',#1920,#1921);
#1920 = CARTESIAN_POINT('',(272.33616182708,179.6875591278,-12.7));
#1921 = VECTOR('',#1922,1.);
#1922 = DIRECTION('',(1.,0.,0.));
#1923 = ORIENTED_EDGE('',*,*,#1924,.F.);
#1924 = EDGE_CURVE('',#1925,#1917,#1927,.T.);
#1925 = VERTEX_POINT('',#1926);
#1926 = CARTESIAN_POINT('',(530.7168239746,181.72091162872,-12.7));
#1927 = LINE('',#1928,#1929);
#1928 = CARTESIAN_POINT('',(530.7168239746,94.034955814362,-12.7));
#1929 = VECTOR('',#1930,1.);
#1930 = DIRECTION('',(0.,-1.,0.));
#1931 = ORIENTED_EDGE('',*,*,#1932,.F.);
#1932 = EDGE_CURVE('',#1933,#1925,#1935,.T.);
#1933 = VERTEX_POINT('',#1934);
#1934 = CARTESIAN_POINT('',(533.8908239746,184.89491162872,-12.7));
#1935 = CIRCLE('',#1936,3.174);
#1936 = AXIS2_PLACEMENT_3D('',#1937,#1938,#1939);
#1937 = CARTESIAN_POINT('',(533.8908239746,181.72091162872,-12.7));
#1938 = DIRECTION('',(0.,-0.,1.));
#1939 = DIRECTION('',(0.,1.,0.));
#1940 = ORIENTED_EDGE('',*,*,#1941,.T.);
#1941 = EDGE_CURVE('',#1933,#1942,#1944,.T.);
#1942 = VERTEX_POINT('',#1943);
#1943 = CARTESIAN_POINT('',(549.55282420349,184.89491162872,-12.7));
#1944 = LINE('',#1945,#1946);
#1945 = CARTESIAN_POINT('',(277.95091210174,184.89491162872,-12.7));
#1946 = VECTOR('',#1947,1.);
#1947 = DIRECTION('',(1.,0.,0.));
#1948 = ORIENTED_EDGE('',*,*,#1949,.F.);
#1949 = EDGE_CURVE('',#1950,#1942,#1952,.T.);
#1950 = VERTEX_POINT('',#1951);
#1951 = CARTESIAN_POINT('',(552.72682420349,181.72091162872,-12.7));
#1952 = CIRCLE('',#1953,3.174);
#1953 = AXIS2_PLACEMENT_3D('',#1954,#1955,#1956);
#1954 = CARTESIAN_POINT('',(549.55282420349,181.72091162872,-12.7));
#1955 = DIRECTION('',(0.,0.,1.));
#1956 = DIRECTION('',(1.,0.,0.));
#1957 = ORIENTED_EDGE('',*,*,#1958,.T.);
#1958 = EDGE_CURVE('',#1950,#1959,#1961,.T.);
#1959 = VERTEX_POINT('',#1960);
#1960 = CARTESIAN_POINT('',(552.72682420349,168.09091146469,-12.7));
#1961 = LINE('',#1962,#1963);
#1962 = CARTESIAN_POINT('',(552.72682420349,94.034955814362,-12.7));
#1963 = VECTOR('',#1964,1.);
#1964 = DIRECTION('',(0.,-1.,0.));
#1965 = ORIENTED_EDGE('',*,*,#1966,.F.);
#1966 = EDGE_CURVE('',#1967,#1959,#1969,.T.);
#1967 = VERTEX_POINT('',#1968);
#1968 = CARTESIAN_POINT('',(550.27393134323,164.99991154671,-12.7));
#1969 = CIRCLE('',#1970,3.174);
#1970 = AXIS2_PLACEMENT_3D('',#1971,#1972,#1973);
#1971 = CARTESIAN_POINT('',(549.55282420349,168.09091146469,-12.7));
#1972 = DIRECTION('',(0.,0.,1.));
#1973 = DIRECTION('',(1.,0.,0.));
#1974 = ORIENTED_EDGE('',*,*,#1975,.F.);
#1975 = EDGE_CURVE('',#1976,#1967,#1978,.T.);
#1976 = VERTEX_POINT('',#1977);
#1977 = CARTESIAN_POINT('',(549.55282420349,164.91691146469,-12.7));
#1978 = CIRCLE('',#1979,3.174);
#1979 = AXIS2_PLACEMENT_3D('',#1980,#1981,#1982);
#1980 = CARTESIAN_POINT('',(549.55282420349,168.09091146469,-12.7));
#1981 = DIRECTION('',(0.,0.,1.));
#1982 = DIRECTION('',(1.,0.,0.));
#1983 = ORIENTED_EDGE('',*,*,#1984,.F.);
#1984 = EDGE_CURVE('',#1985,#1976,#1987,.T.);
#1985 = VERTEX_POINT('',#1986);
#1986 = CARTESIAN_POINT('',(541.49732365417,164.91691146469,-12.7));
#1987 = LINE('',#1988,#1989);
#1988 = CARTESIAN_POINT('',(277.95091210174,164.91691146469,-12.7));
#1989 = VECTOR('',#1990,1.);
#1990 = DIRECTION('',(1.,0.,0.));
#1991 = ORIENTED_EDGE('',*,*,#1992,.T.);
#1992 = EDGE_CURVE('',#1985,#1993,#1995,.T.);
#1993 = VERTEX_POINT('',#1994);
#1994 = CARTESIAN_POINT('',(541.49732365417,153.46155950927,-12.7));
#1995 = LINE('',#1996,#1997);
#1996 = CARTESIAN_POINT('',(541.49732365417,91.431279563904,-12.7));
#1997 = VECTOR('',#1998,1.);
#1998 = DIRECTION('',(0.,-1.,0.));
#1999 = ORIENTED_EDGE('',*,*,#2000,.F.);
#2000 = EDGE_CURVE('',#2001,#1993,#2003,.T.);
#2001 = VERTEX_POINT('',#2002);
#2002 = CARTESIAN_POINT('',(538.32332365417,150.28755950927,-12.7));
#2003 = CIRCLE('',#2004,3.174);
#2004 = AXIS2_PLACEMENT_3D('',#2005,#2006,#2007);
#2005 = CARTESIAN_POINT('',(538.32332365417,153.46155950927,-12.7));
#2006 = DIRECTION('',(0.,0.,1.));
#2007 = DIRECTION('',(1.,0.,0.));
#2008 = ORIENTED_EDGE('',*,*,#2009,.F.);
#2009 = EDGE_CURVE('',#2010,#2001,#2012,.T.);
#2010 = VERTEX_POINT('',#2011);
#2011 = CARTESIAN_POINT('',(509.98049819183,150.28755950927,-12.7));
#2012 = LINE('',#2013,#2014);
#2013 = CARTESIAN_POINT('',(272.33616182708,150.28755950927,-12.7));
#2014 = VECTOR('',#2015,1.);
#2015 = DIRECTION('',(1.,0.,0.));
#2016 = ORIENTED_EDGE('',*,*,#2017,.F.);
#2017 = EDGE_CURVE('',#1900,#2010,#2018,.T.);
#2018 = CIRCLE('',#2019,3.174);
#2019 = AXIS2_PLACEMENT_3D('',#2020,#2021,#2022);
#2020 = CARTESIAN_POINT('',(509.98049819183,153.46155950927,-12.7));
#2021 = DIRECTION('',(0.,0.,1.));
#2022 = DIRECTION('',(-1.,0.,0.));
#2023 = FACE_BOUND('',#2024,.T.);
#2024 = EDGE_LOOP('',(#2025,#2035,#2044,#2052,#2060,#2069,#2077,#2086,
    #2094,#2103,#2112,#2120,#2128,#2137,#2145));
#2025 = ORIENTED_EDGE('',*,*,#2026,.F.);
#2026 = EDGE_CURVE('',#2027,#2029,#2031,.T.);
#2027 = VERTEX_POINT('',#2028);
#2028 = CARTESIAN_POINT('',(506.80649819183,241.5135591278,-12.7));
#2029 = VERTEX_POINT('',#2030);
#2030 = CARTESIAN_POINT('',(506.80649819183,218.46155950927,-12.7));
#2031 = LINE('',#2032,#2033);
#2032 = CARTESIAN_POINT('',(506.80649819183,123.9312795639,-12.7));
#2033 = VECTOR('',#2034,1.);
#2034 = DIRECTION('',(0.,-1.,0.));
#2035 = ORIENTED_EDGE('',*,*,#2036,.F.);
#2036 = EDGE_CURVE('',#2037,#2027,#2039,.T.);
#2037 = VERTEX_POINT('',#2038);
#2038 = CARTESIAN_POINT('',(509.98049819183,244.6875591278,-12.7));
#2039 = CIRCLE('',#2040,3.174);
#2040 = AXIS2_PLACEMENT_3D('',#2041,#2042,#2043);
#2041 = CARTESIAN_POINT('',(509.98049819183,241.5135591278,-12.7));
#2042 = DIRECTION('',(0.,-0.,1.));
#2043 = DIRECTION('',(0.,1.,0.));
#2044 = ORIENTED_EDGE('',*,*,#2045,.T.);
#2045 = EDGE_CURVE('',#2037,#2046,#2048,.T.);
#2046 = VERTEX_POINT('',#2047);
#2047 = CARTESIAN_POINT('',(530.7168239746,244.6875591278,-12.7));
#2048 = LINE('',#2049,#2050);
#2049 = CARTESIAN_POINT('',(272.33616182708,244.6875591278,-12.7));
#2050 = VECTOR('',#2051,1.);
#2051 = DIRECTION('',(1.,0.,0.));
#2052 = ORIENTED_EDGE('',*,*,#2053,.F.);
#2053 = EDGE_CURVE('',#2054,#2046,#2056,.T.);
#2054 = VERTEX_POINT('',#2055);
#2055 = CARTESIAN_POINT('',(530.7168239746,246.72091162872,-12.7));
#2056 = LINE('',#2057,#2058);
#2057 = CARTESIAN_POINT('',(530.7168239746,126.53495581436,-12.7));
#2058 = VECTOR('',#2059,1.);
#2059 = DIRECTION('',(0.,-1.,0.));
#2060 = ORIENTED_EDGE('',*,*,#2061,.F.);
#2061 = EDGE_CURVE('',#2062,#2054,#2064,.T.);
#2062 = VERTEX_POINT('',#2063);
#2063 = CARTESIAN_POINT('',(533.8908239746,249.89491162872,-12.7));
#2064 = CIRCLE('',#2065,3.174);
#2065 = AXIS2_PLACEMENT_3D('',#2066,#2067,#2068);
#2066 = CARTESIAN_POINT('',(533.8908239746,246.72091162872,-12.7));
#2067 = DIRECTION('',(0.,-0.,1.));
#2068 = DIRECTION('',(0.,1.,0.));
#2069 = ORIENTED_EDGE('',*,*,#2070,.T.);
#2070 = EDGE_CURVE('',#2062,#2071,#2073,.T.);
#2071 = VERTEX_POINT('',#2072);
#2072 = CARTESIAN_POINT('',(549.55282420349,249.89491162872,-12.7));
#2073 = LINE('',#2074,#2075);
#2074 = CARTESIAN_POINT('',(277.95091210174,249.89491162872,-12.7));
#2075 = VECTOR('',#2076,1.);
#2076 = DIRECTION('',(1.,0.,0.));
#2077 = ORIENTED_EDGE('',*,*,#2078,.F.);
#2078 = EDGE_CURVE('',#2079,#2071,#2081,.T.);
#2079 = VERTEX_POINT('',#2080);
#2080 = CARTESIAN_POINT('',(552.72682420349,246.72091162872,-12.7));
#2081 = CIRCLE('',#2082,3.174);
#2082 = AXIS2_PLACEMENT_3D('',#2083,#2084,#2085);
#2083 = CARTESIAN_POINT('',(549.55282420349,246.72091162872,-12.7));
#2084 = DIRECTION('',(0.,0.,1.));
#2085 = DIRECTION('',(1.,0.,0.));
#2086 = ORIENTED_EDGE('',*,*,#2087,.T.);
#2087 = EDGE_CURVE('',#2079,#2088,#2090,.T.);
#2088 = VERTEX_POINT('',#2089);
#2089 = CARTESIAN_POINT('',(552.72682420349,233.09091146469,-12.7));
#2090 = LINE('',#2091,#2092);
#2091 = CARTESIAN_POINT('',(552.72682420349,126.53495581436,-12.7));
#2092 = VECTOR('',#2093,1.);
#2093 = DIRECTION('',(0.,-1.,0.));
#2094 = ORIENTED_EDGE('',*,*,#2095,.F.);
#2095 = EDGE_CURVE('',#2096,#2088,#2098,.T.);
#2096 = VERTEX_POINT('',#2097);
#2097 = CARTESIAN_POINT('',(550.27393134327,229.9999115467,-12.7));
#2098 = CIRCLE('',#2099,3.174);
#2099 = AXIS2_PLACEMENT_3D('',#2100,#2101,#2102);
#2100 = CARTESIAN_POINT('',(549.55282420349,233.09091146469,-12.7));
#2101 = DIRECTION('',(0.,0.,1.));
#2102 = DIRECTION('',(1.,0.,0.));
#2103 = ORIENTED_EDGE('',*,*,#2104,.F.);
#2104 = EDGE_CURVE('',#2105,#2096,#2107,.T.);
#2105 = VERTEX_POINT('',#2106);
#2106 = CARTESIAN_POINT('',(549.55282420349,229.91691146469,-12.7));
#2107 = CIRCLE('',#2108,3.174);
#2108 = AXIS2_PLACEMENT_3D('',#2109,#2110,#2111);
#2109 = CARTESIAN_POINT('',(549.55282420349,233.09091146469,-12.7));
#2110 = DIRECTION('',(0.,0.,1.));
#2111 = DIRECTION('',(1.,0.,0.));
#2112 = ORIENTED_EDGE('',*,*,#2113,.F.);
#2113 = EDGE_CURVE('',#2114,#2105,#2116,.T.);
#2114 = VERTEX_POINT('',#2115);
#2115 = CARTESIAN_POINT('',(541.49732365417,229.91691146469,-12.7));
#2116 = LINE('',#2117,#2118);
#2117 = CARTESIAN_POINT('',(277.95091210174,229.91691146469,-12.7));
#2118 = VECTOR('',#2119,1.);
#2119 = DIRECTION('',(1.,0.,0.));
#2120 = ORIENTED_EDGE('',*,*,#2121,.T.);
#2121 = EDGE_CURVE('',#2114,#2122,#2124,.T.);
#2122 = VERTEX_POINT('',#2123);
#2123 = CARTESIAN_POINT('',(541.49732365417,218.46155950927,-12.7));
#2124 = LINE('',#2125,#2126);
#2125 = CARTESIAN_POINT('',(541.49732365417,123.9312795639,-12.7));
#2126 = VECTOR('',#2127,1.);
#2127 = DIRECTION('',(0.,-1.,0.));
#2128 = ORIENTED_EDGE('',*,*,#2129,.F.);
#2129 = EDGE_CURVE('',#2130,#2122,#2132,.T.);
#2130 = VERTEX_POINT('',#2131);
#2131 = CARTESIAN_POINT('',(538.32332365417,215.28755950927,-12.7));
#2132 = CIRCLE('',#2133,3.174);
#2133 = AXIS2_PLACEMENT_3D('',#2134,#2135,#2136);
#2134 = CARTESIAN_POINT('',(538.32332365417,218.46155950927,-12.7));
#2135 = DIRECTION('',(0.,0.,1.));
#2136 = DIRECTION('',(1.,0.,0.));
#2137 = ORIENTED_EDGE('',*,*,#2138,.F.);
#2138 = EDGE_CURVE('',#2139,#2130,#2141,.T.);
#2139 = VERTEX_POINT('',#2140);
#2140 = CARTESIAN_POINT('',(509.98049819183,215.28755950927,-12.7));
#2141 = LINE('',#2142,#2143);
#2142 = CARTESIAN_POINT('',(272.33616182708,215.28755950927,-12.7));
#2143 = VECTOR('',#2144,1.);
#2144 = DIRECTION('',(1.,0.,0.));
#2145 = ORIENTED_EDGE('',*,*,#2146,.F.);
#2146 = EDGE_CURVE('',#2029,#2139,#2147,.T.);
#2147 = CIRCLE('',#2148,3.174);
#2148 = AXIS2_PLACEMENT_3D('',#2149,#2150,#2151);
#2149 = CARTESIAN_POINT('',(509.98049819183,218.46155950927,-12.7));
#2150 = DIRECTION('',(0.,0.,1.));
#2151 = DIRECTION('',(-1.,0.,0.));
#2152 = FACE_BOUND('',#2153,.T.);
#2153 = EDGE_LOOP('',(#2154,#2164,#2173,#2181,#2189,#2198,#2206,#2215,
    #2223,#2232,#2241,#2249,#2257,#2266,#2274));
#2154 = ORIENTED_EDGE('',*,*,#2155,.F.);
#2155 = EDGE_CURVE('',#2156,#2158,#2160,.T.);
#2156 = VERTEX_POINT('',#2157);
#2157 = CARTESIAN_POINT('',(506.80649819183,52.513559127808,-12.7));
#2158 = VERTEX_POINT('',#2159);
#2159 = CARTESIAN_POINT('',(506.80649819183,29.461559509277,-12.7));
#2160 = LINE('',#2161,#2162);
#2161 = CARTESIAN_POINT('',(506.80649819183,29.431279563904,-12.7));
#2162 = VECTOR('',#2163,1.);
#2163 = DIRECTION('',(0.,-1.,0.));
#2164 = ORIENTED_EDGE('',*,*,#2165,.F.);
#2165 = EDGE_CURVE('',#2166,#2156,#2168,.T.);
#2166 = VERTEX_POINT('',#2167);
#2167 = CARTESIAN_POINT('',(509.98049819183,55.687559127808,-12.7));
#2168 = CIRCLE('',#2169,3.174);
#2169 = AXIS2_PLACEMENT_3D('',#2170,#2171,#2172);
#2170 = CARTESIAN_POINT('',(509.98049819183,52.513559127808,-12.7));
#2171 = DIRECTION('',(0.,-0.,1.));
#2172 = DIRECTION('',(0.,1.,0.));
#2173 = ORIENTED_EDGE('',*,*,#2174,.T.);
#2174 = EDGE_CURVE('',#2166,#2175,#2177,.T.);
#2175 = VERTEX_POINT('',#2176);
#2176 = CARTESIAN_POINT('',(530.7168239746,55.687559127808,-12.7));
#2177 = LINE('',#2178,#2179);
#2178 = CARTESIAN_POINT('',(272.33616182708,55.687559127808,-12.7));
#2179 = VECTOR('',#2180,1.);
#2180 = DIRECTION('',(1.,0.,0.));
#2181 = ORIENTED_EDGE('',*,*,#2182,.F.);
#2182 = EDGE_CURVE('',#2183,#2175,#2185,.T.);
#2183 = VERTEX_POINT('',#2184);
#2184 = CARTESIAN_POINT('',(530.7168239746,57.720911628723,-12.7));
#2185 = LINE('',#2186,#2187);
#2186 = CARTESIAN_POINT('',(530.7168239746,32.034955814362,-12.7));
#2187 = VECTOR('',#2188,1.);
#2188 = DIRECTION('',(0.,-1.,0.));
#2189 = ORIENTED_EDGE('',*,*,#2190,.F.);
#2190 = EDGE_CURVE('',#2191,#2183,#2193,.T.);
#2191 = VERTEX_POINT('',#2192);
#2192 = CARTESIAN_POINT('',(533.8908239746,60.894911628723,-12.7));
#2193 = CIRCLE('',#2194,3.174);
#2194 = AXIS2_PLACEMENT_3D('',#2195,#2196,#2197);
#2195 = CARTESIAN_POINT('',(533.8908239746,57.720911628723,-12.7));
#2196 = DIRECTION('',(0.,-0.,1.));
#2197 = DIRECTION('',(0.,1.,0.));
#2198 = ORIENTED_EDGE('',*,*,#2199,.T.);
#2199 = EDGE_CURVE('',#2191,#2200,#2202,.T.);
#2200 = VERTEX_POINT('',#2201);
#2201 = CARTESIAN_POINT('',(549.55282420349,60.894911628723,-12.7));
#2202 = LINE('',#2203,#2204);
#2203 = CARTESIAN_POINT('',(277.95091210174,60.894911628723,-12.7));
#2204 = VECTOR('',#2205,1.);
#2205 = DIRECTION('',(1.,0.,0.));
#2206 = ORIENTED_EDGE('',*,*,#2207,.F.);
#2207 = EDGE_CURVE('',#2208,#2200,#2210,.T.);
#2208 = VERTEX_POINT('',#2209);
#2209 = CARTESIAN_POINT('',(552.72682420349,57.720911628723,-12.7));
#2210 = CIRCLE('',#2211,3.174);
#2211 = AXIS2_PLACEMENT_3D('',#2212,#2213,#2214);
#2212 = CARTESIAN_POINT('',(549.55282420349,57.720911628723,-12.7));
#2213 = DIRECTION('',(0.,0.,1.));
#2214 = DIRECTION('',(1.,0.,0.));
#2215 = ORIENTED_EDGE('',*,*,#2216,.T.);
#2216 = EDGE_CURVE('',#2208,#2217,#2219,.T.);
#2217 = VERTEX_POINT('',#2218);
#2218 = CARTESIAN_POINT('',(552.72682420349,44.090911464691,-12.7));
#2219 = LINE('',#2220,#2221);
#2220 = CARTESIAN_POINT('',(552.72682420349,32.034955814362,-12.7));
#2221 = VECTOR('',#2222,1.);
#2222 = DIRECTION('',(0.,-1.,0.));
#2223 = ORIENTED_EDGE('',*,*,#2224,.F.);
#2224 = EDGE_CURVE('',#2225,#2217,#2227,.T.);
#2225 = VERTEX_POINT('',#2226);
#2226 = CARTESIAN_POINT('',(550.27393134327,40.999911546703,-12.7));
#2227 = CIRCLE('',#2228,3.174);
#2228 = AXIS2_PLACEMENT_3D('',#2229,#2230,#2231);
#2229 = CARTESIAN_POINT('',(549.55282420349,44.090911464691,-12.7));
#2230 = DIRECTION('',(0.,0.,1.));
#2231 = DIRECTION('',(1.,0.,0.));
#2232 = ORIENTED_EDGE('',*,*,#2233,.F.);
#2233 = EDGE_CURVE('',#2234,#2225,#2236,.T.);
#2234 = VERTEX_POINT('',#2235);
#2235 = CARTESIAN_POINT('',(549.55282420349,40.916911464691,-12.7));
#2236 = CIRCLE('',#2237,3.174);
#2237 = AXIS2_PLACEMENT_3D('',#2238,#2239,#2240);
#2238 = CARTESIAN_POINT('',(549.55282420349,44.090911464691,-12.7));
#2239 = DIRECTION('',(0.,0.,1.));
#2240 = DIRECTION('',(1.,0.,0.));
#2241 = ORIENTED_EDGE('',*,*,#2242,.F.);
#2242 = EDGE_CURVE('',#2243,#2234,#2245,.T.);
#2243 = VERTEX_POINT('',#2244);
#2244 = CARTESIAN_POINT('',(541.49732365417,40.916911464691,-12.7));
#2245 = LINE('',#2246,#2247);
#2246 = CARTESIAN_POINT('',(277.95091210174,40.916911464691,-12.7));
#2247 = VECTOR('',#2248,1.);
#2248 = DIRECTION('',(1.,0.,0.));
#2249 = ORIENTED_EDGE('',*,*,#2250,.T.);
#2250 = EDGE_CURVE('',#2243,#2251,#2253,.T.);
#2251 = VERTEX_POINT('',#2252);
#2252 = CARTESIAN_POINT('',(541.49732365417,29.461559509277,-12.7));
#2253 = LINE('',#2254,#2255);
#2254 = CARTESIAN_POINT('',(541.49732365417,29.431279563904,-12.7));
#2255 = VECTOR('',#2256,1.);
#2256 = DIRECTION('',(0.,-1.,0.));
#2257 = ORIENTED_EDGE('',*,*,#2258,.F.);
#2258 = EDGE_CURVE('',#2259,#2251,#2261,.T.);
#2259 = VERTEX_POINT('',#2260);
#2260 = CARTESIAN_POINT('',(538.32332365417,26.287559509277,-12.7));
#2261 = CIRCLE('',#2262,3.174);
#2262 = AXIS2_PLACEMENT_3D('',#2263,#2264,#2265);
#2263 = CARTESIAN_POINT('',(538.32332365417,29.461559509277,-12.7));
#2264 = DIRECTION('',(0.,0.,1.));
#2265 = DIRECTION('',(1.,0.,0.));
#2266 = ORIENTED_EDGE('',*,*,#2267,.F.);
#2267 = EDGE_CURVE('',#2268,#2259,#2270,.T.);
#2268 = VERTEX_POINT('',#2269);
#2269 = CARTESIAN_POINT('',(509.98049819183,26.287559509277,-12.7));
#2270 = LINE('',#2271,#2272);
#2271 = CARTESIAN_POINT('',(272.33616182708,26.287559509277,-12.7));
#2272 = VECTOR('',#2273,1.);
#2273 = DIRECTION('',(1.,0.,0.));
#2274 = ORIENTED_EDGE('',*,*,#2275,.F.);
#2275 = EDGE_CURVE('',#2158,#2268,#2276,.T.);
#2276 = CIRCLE('',#2277,3.174);
#2277 = AXIS2_PLACEMENT_3D('',#2278,#2279,#2280);
#2278 = CARTESIAN_POINT('',(509.98049819183,29.461559509277,-12.7));
#2279 = DIRECTION('',(0.,0.,1.));
#2280 = DIRECTION('',(-1.,0.,0.));
#2281 = FACE_BOUND('',#2282,.T.);
#2282 = EDGE_LOOP('',(#2283,#2293,#2302,#2310,#2319,#2327,#2336,#2344));
#2283 = ORIENTED_EDGE('',*,*,#2284,.F.);
#2284 = EDGE_CURVE('',#2285,#2287,#2289,.T.);
#2285 = VERTEX_POINT('',#2286);
#2286 = CARTESIAN_POINT('',(253.997,257.674,-12.7));
#2287 = VERTEX_POINT('',#2288);
#2288 = CARTESIAN_POINT('',(253.997,299.326,-12.7));
#2289 = LINE('',#2290,#2291);
#2290 = CARTESIAN_POINT('',(253.997,254.5,-12.7));
#2291 = VECTOR('',#2292,1.);
#2292 = DIRECTION('',(0.,1.,0.));
#2293 = ORIENTED_EDGE('',*,*,#2294,.F.);
#2294 = EDGE_CURVE('',#2295,#2285,#2297,.T.);
#2295 = VERTEX_POINT('',#2296);
#2296 = CARTESIAN_POINT('',(250.823,254.5,-12.7));
#2297 = CIRCLE('',#2298,3.174);
#2298 = AXIS2_PLACEMENT_3D('',#2299,#2300,#2301);
#2299 = CARTESIAN_POINT('',(250.823,257.674,-12.7));
#2300 = DIRECTION('',(-0.,0.,1.));
#2301 = DIRECTION('',(0.,-1.,0.));
#2302 = ORIENTED_EDGE('',*,*,#2303,.F.);
#2303 = EDGE_CURVE('',#2304,#2295,#2306,.T.);
#2304 = VERTEX_POINT('',#2305);
#2305 = CARTESIAN_POINT('',(234.171,254.5,-12.7));
#2306 = LINE('',#2307,#2308);
#2307 = CARTESIAN_POINT('',(230.997,254.5,-12.7));
#2308 = VECTOR('',#2309,1.);
#2309 = DIRECTION('',(1.,0.,0.));
#2310 = ORIENTED_EDGE('',*,*,#2311,.F.);
#2311 = EDGE_CURVE('',#2312,#2304,#2314,.T.);
#2312 = VERTEX_POINT('',#2313);
#2313 = CARTESIAN_POINT('',(230.997,257.674,-12.7));
#2314 = CIRCLE('',#2315,3.174);
#2315 = AXIS2_PLACEMENT_3D('',#2316,#2317,#2318);
#2316 = CARTESIAN_POINT('',(234.171,257.674,-12.7));
#2317 = DIRECTION('',(-0.,0.,1.));
#2318 = DIRECTION('',(0.,-1.,0.));
#2319 = ORIENTED_EDGE('',*,*,#2320,.T.);
#2320 = EDGE_CURVE('',#2312,#2321,#2323,.T.);
#2321 = VERTEX_POINT('',#2322);
#2322 = CARTESIAN_POINT('',(230.997,299.326,-12.7));
#2323 = LINE('',#2324,#2325);
#2324 = CARTESIAN_POINT('',(230.997,254.5,-12.7));
#2325 = VECTOR('',#2326,1.);
#2326 = DIRECTION('',(0.,1.,0.));
#2327 = ORIENTED_EDGE('',*,*,#2328,.T.);
#2328 = EDGE_CURVE('',#2321,#2329,#2331,.T.);
#2329 = VERTEX_POINT('',#2330);
#2330 = CARTESIAN_POINT('',(234.171,302.5,-12.7));
#2331 = CIRCLE('',#2332,3.174);
#2332 = AXIS2_PLACEMENT_3D('',#2333,#2334,#2335);
#2333 = CARTESIAN_POINT('',(234.171,299.326,-12.7));
#2334 = DIRECTION('',(-0.,-0.,-1.));
#2335 = DIRECTION('',(0.,-1.,0.));
#2336 = ORIENTED_EDGE('',*,*,#2337,.T.);
#2337 = EDGE_CURVE('',#2329,#2338,#2340,.T.);
#2338 = VERTEX_POINT('',#2339);
#2339 = CARTESIAN_POINT('',(250.823,302.5,-12.7));
#2340 = LINE('',#2341,#2342);
#2341 = CARTESIAN_POINT('',(230.997,302.5,-12.7));
#2342 = VECTOR('',#2343,1.);
#2343 = DIRECTION('',(1.,0.,0.));
#2344 = ORIENTED_EDGE('',*,*,#2345,.F.);
#2345 = EDGE_CURVE('',#2287,#2338,#2346,.T.);
#2346 = CIRCLE('',#2347,3.174);
#2347 = AXIS2_PLACEMENT_3D('',#2348,#2349,#2350);
#2348 = CARTESIAN_POINT('',(250.823,299.326,-12.7));
#2349 = DIRECTION('',(-0.,0.,1.));
#2350 = DIRECTION('',(0.,-1.,0.));
#2351 = FACE_BOUND('',#2352,.T.);
#2352 = EDGE_LOOP('',(#2353,#2363,#2372,#2380,#2389,#2397,#2406,#2414));
#2353 = ORIENTED_EDGE('',*,*,#2354,.F.);
#2354 = EDGE_CURVE('',#2355,#2357,#2359,.T.);
#2355 = VERTEX_POINT('',#2356);
#2356 = CARTESIAN_POINT('',(158.826,327.397,-12.7));
#2357 = VERTEX_POINT('',#2358);
#2358 = CARTESIAN_POINT('',(117.174,327.397,-12.7));
#2359 = LINE('',#2360,#2361);
#2360 = CARTESIAN_POINT('',(162.,327.397,-12.7));
#2361 = VECTOR('',#2362,1.);
#2362 = DIRECTION('',(-1.,0.,0.));
#2363 = ORIENTED_EDGE('',*,*,#2364,.F.);
#2364 = EDGE_CURVE('',#2365,#2355,#2367,.T.);
#2365 = VERTEX_POINT('',#2366);
#2366 = CARTESIAN_POINT('',(162.,324.223,-12.7));
#2367 = CIRCLE('',#2368,3.174);
#2368 = AXIS2_PLACEMENT_3D('',#2369,#2370,#2371);
#2369 = CARTESIAN_POINT('',(158.826,324.223,-12.7));
#2370 = DIRECTION('',(0.,0.,1.));
#2371 = DIRECTION('',(1.,0.,0.));
#2372 = ORIENTED_EDGE('',*,*,#2373,.F.);
#2373 = EDGE_CURVE('',#2374,#2365,#2376,.T.);
#2374 = VERTEX_POINT('',#2375);
#2375 = CARTESIAN_POINT('',(162.,307.571,-12.7));
#2376 = LINE('',#2377,#2378);
#2377 = CARTESIAN_POINT('',(162.,304.397,-12.7));
#2378 = VECTOR('',#2379,1.);
#2379 = DIRECTION('',(0.,1.,0.));
#2380 = ORIENTED_EDGE('',*,*,#2381,.F.);
#2381 = EDGE_CURVE('',#2382,#2374,#2384,.T.);
#2382 = VERTEX_POINT('',#2383);
#2383 = CARTESIAN_POINT('',(158.826,304.397,-12.7));
#2384 = CIRCLE('',#2385,3.174);
#2385 = AXIS2_PLACEMENT_3D('',#2386,#2387,#2388);
#2386 = CARTESIAN_POINT('',(158.826,307.571,-12.7));
#2387 = DIRECTION('',(0.,0.,1.));
#2388 = DIRECTION('',(1.,0.,0.));
#2389 = ORIENTED_EDGE('',*,*,#2390,.T.);
#2390 = EDGE_CURVE('',#2382,#2391,#2393,.T.);
#2391 = VERTEX_POINT('',#2392);
#2392 = CARTESIAN_POINT('',(117.174,304.397,-12.7));
#2393 = LINE('',#2394,#2395);
#2394 = CARTESIAN_POINT('',(162.,304.397,-12.7));
#2395 = VECTOR('',#2396,1.);
#2396 = DIRECTION('',(-1.,0.,0.));
#2397 = ORIENTED_EDGE('',*,*,#2398,.T.);
#2398 = EDGE_CURVE('',#2391,#2399,#2401,.T.);
#2399 = VERTEX_POINT('',#2400);
#2400 = CARTESIAN_POINT('',(114.,307.571,-12.7));
#2401 = CIRCLE('',#2402,3.174);
#2402 = AXIS2_PLACEMENT_3D('',#2403,#2404,#2405);
#2403 = CARTESIAN_POINT('',(117.174,307.571,-12.7));
#2404 = DIRECTION('',(0.,0.,-1.));
#2405 = DIRECTION('',(1.,0.,0.));
#2406 = ORIENTED_EDGE('',*,*,#2407,.T.);
#2407 = EDGE_CURVE('',#2399,#2408,#2410,.T.);
#2408 = VERTEX_POINT('',#2409);
#2409 = CARTESIAN_POINT('',(114.,324.223,-12.7));
#2410 = LINE('',#2411,#2412);
#2411 = CARTESIAN_POINT('',(114.,304.397,-12.7));
#2412 = VECTOR('',#2413,1.);
#2413 = DIRECTION('',(0.,1.,0.));
#2414 = ORIENTED_EDGE('',*,*,#2415,.F.);
#2415 = EDGE_CURVE('',#2357,#2408,#2416,.T.);
#2416 = CIRCLE('',#2417,3.174);
#2417 = AXIS2_PLACEMENT_3D('',#2418,#2419,#2420);
#2418 = CARTESIAN_POINT('',(117.174,324.223,-12.7));
#2419 = DIRECTION('',(0.,0.,1.));
#2420 = DIRECTION('',(1.,0.,0.));
#2421 = FACE_BOUND('',#2422,.T.);
#2422 = EDGE_LOOP('',(#2423,#2433,#2442,#2450,#2459,#2467,#2476,#2484));
#2423 = ORIENTED_EDGE('',*,*,#2424,.F.);
#2424 = EDGE_CURVE('',#2425,#2427,#2429,.T.);
#2425 = VERTEX_POINT('',#2426);
#2426 = CARTESIAN_POINT('',(422.397,20.174,-12.7));
#2427 = VERTEX_POINT('',#2428);
#2428 = CARTESIAN_POINT('',(422.397,61.826,-12.7));
#2429 = LINE('',#2430,#2431);
#2430 = CARTESIAN_POINT('',(422.397,17.,-12.7));
#2431 = VECTOR('',#2432,1.);
#2432 = DIRECTION('',(0.,1.,0.));
#2433 = ORIENTED_EDGE('',*,*,#2434,.F.);
#2434 = EDGE_CURVE('',#2435,#2425,#2437,.T.);
#2435 = VERTEX_POINT('',#2436);
#2436 = CARTESIAN_POINT('',(419.223,17.,-12.7));
#2437 = CIRCLE('',#2438,3.174);
#2438 = AXIS2_PLACEMENT_3D('',#2439,#2440,#2441);
#2439 = CARTESIAN_POINT('',(419.223,20.174,-12.7));
#2440 = DIRECTION('',(-0.,0.,1.));
#2441 = DIRECTION('',(0.,-1.,0.));
#2442 = ORIENTED_EDGE('',*,*,#2443,.F.);
#2443 = EDGE_CURVE('',#2444,#2435,#2446,.T.);
#2444 = VERTEX_POINT('',#2445);
#2445 = CARTESIAN_POINT('',(402.571,17.,-12.7));
#2446 = LINE('',#2447,#2448);
#2447 = CARTESIAN_POINT('',(399.397,17.,-12.7));
#2448 = VECTOR('',#2449,1.);
#2449 = DIRECTION('',(1.,0.,0.));
#2450 = ORIENTED_EDGE('',*,*,#2451,.F.);
#2451 = EDGE_CURVE('',#2452,#2444,#2454,.T.);
#2452 = VERTEX_POINT('',#2453);
#2453 = CARTESIAN_POINT('',(399.397,20.174,-12.7));
#2454 = CIRCLE('',#2455,3.174);
#2455 = AXIS2_PLACEMENT_3D('',#2456,#2457,#2458);
#2456 = CARTESIAN_POINT('',(402.571,20.174,-12.7));
#2457 = DIRECTION('',(-0.,0.,1.));
#2458 = DIRECTION('',(0.,-1.,0.));
#2459 = ORIENTED_EDGE('',*,*,#2460,.T.);
#2460 = EDGE_CURVE('',#2452,#2461,#2463,.T.);
#2461 = VERTEX_POINT('',#2462);
#2462 = CARTESIAN_POINT('',(399.397,61.826,-12.7));
#2463 = LINE('',#2464,#2465);
#2464 = CARTESIAN_POINT('',(399.397,17.,-12.7));
#2465 = VECTOR('',#2466,1.);
#2466 = DIRECTION('',(0.,1.,0.));
#2467 = ORIENTED_EDGE('',*,*,#2468,.T.);
#2468 = EDGE_CURVE('',#2461,#2469,#2471,.T.);
#2469 = VERTEX_POINT('',#2470);
#2470 = CARTESIAN_POINT('',(402.571,65.,-12.7));
#2471 = CIRCLE('',#2472,3.174);
#2472 = AXIS2_PLACEMENT_3D('',#2473,#2474,#2475);
#2473 = CARTESIAN_POINT('',(402.571,61.826,-12.7));
#2474 = DIRECTION('',(-0.,-0.,-1.));
#2475 = DIRECTION('',(0.,-1.,0.));
#2476 = ORIENTED_EDGE('',*,*,#2477,.T.);
#2477 = EDGE_CURVE('',#2469,#2478,#2480,.T.);
#2478 = VERTEX_POINT('',#2479);
#2479 = CARTESIAN_POINT('',(419.223,65.,-12.7));
#2480 = LINE('',#2481,#2482);
#2481 = CARTESIAN_POINT('',(399.397,65.,-12.7));
#2482 = VECTOR('',#2483,1.);
#2483 = DIRECTION('',(1.,0.,0.));
#2484 = ORIENTED_EDGE('',*,*,#2485,.F.);
#2485 = EDGE_CURVE('',#2427,#2478,#2486,.T.);
#2486 = CIRCLE('',#2487,3.174);
#2487 = AXIS2_PLACEMENT_3D('',#2488,#2489,#2490);
#2488 = CARTESIAN_POINT('',(419.223,61.826,-12.7));
#2489 = DIRECTION('',(-0.,0.,1.));
#2490 = DIRECTION('',(0.,-1.,0.));
#2491 = FACE_BOUND('',#2492,.T.);
#2492 = EDGE_LOOP('',(#2493,#2503,#2512,#2520,#2529,#2537,#2546,#2554));
#2493 = ORIENTED_EDGE('',*,*,#2494,.F.);
#2494 = EDGE_CURVE('',#2495,#2497,#2499,.T.);
#2495 = VERTEX_POINT('',#2496);
#2496 = CARTESIAN_POINT('',(480.603,120.826,-12.7));
#2497 = VERTEX_POINT('',#2498);
#2498 = CARTESIAN_POINT('',(480.603,79.174,-12.7));
#2499 = LINE('',#2500,#2501);
#2500 = CARTESIAN_POINT('',(480.603,124.,-12.7));
#2501 = VECTOR('',#2502,1.);
#2502 = DIRECTION('',(0.,-1.,0.));
#2503 = ORIENTED_EDGE('',*,*,#2504,.F.);
#2504 = EDGE_CURVE('',#2505,#2495,#2507,.T.);
#2505 = VERTEX_POINT('',#2506);
#2506 = CARTESIAN_POINT('',(483.777,124.,-12.7));
#2507 = CIRCLE('',#2508,3.174);
#2508 = AXIS2_PLACEMENT_3D('',#2509,#2510,#2511);
#2509 = CARTESIAN_POINT('',(483.777,120.826,-12.7));
#2510 = DIRECTION('',(0.,-0.,1.));
#2511 = DIRECTION('',(0.,1.,0.));
#2512 = ORIENTED_EDGE('',*,*,#2513,.F.);
#2513 = EDGE_CURVE('',#2514,#2505,#2516,.T.);
#2514 = VERTEX_POINT('',#2515);
#2515 = CARTESIAN_POINT('',(500.429,124.,-12.7));
#2516 = LINE('',#2517,#2518);
#2517 = CARTESIAN_POINT('',(503.603,124.,-12.7));
#2518 = VECTOR('',#2519,1.);
#2519 = DIRECTION('',(-1.,0.,0.));
#2520 = ORIENTED_EDGE('',*,*,#2521,.F.);
#2521 = EDGE_CURVE('',#2522,#2514,#2524,.T.);
#2522 = VERTEX_POINT('',#2523);
#2523 = CARTESIAN_POINT('',(503.603,120.826,-12.7));
#2524 = CIRCLE('',#2525,3.174);
#2525 = AXIS2_PLACEMENT_3D('',#2526,#2527,#2528);
#2526 = CARTESIAN_POINT('',(500.429,120.826,-12.7));
#2527 = DIRECTION('',(0.,-0.,1.));
#2528 = DIRECTION('',(0.,1.,0.));
#2529 = ORIENTED_EDGE('',*,*,#2530,.T.);
#2530 = EDGE_CURVE('',#2522,#2531,#2533,.T.);
#2531 = VERTEX_POINT('',#2532);
#2532 = CARTESIAN_POINT('',(503.603,79.174,-12.7));
#2533 = LINE('',#2534,#2535);
#2534 = CARTESIAN_POINT('',(503.603,124.,-12.7));
#2535 = VECTOR('',#2536,1.);
#2536 = DIRECTION('',(0.,-1.,0.));
#2537 = ORIENTED_EDGE('',*,*,#2538,.T.);
#2538 = EDGE_CURVE('',#2531,#2539,#2541,.T.);
#2539 = VERTEX_POINT('',#2540);
#2540 = CARTESIAN_POINT('',(500.429,76.,-12.7));
#2541 = CIRCLE('',#2542,3.174);
#2542 = AXIS2_PLACEMENT_3D('',#2543,#2544,#2545);
#2543 = CARTESIAN_POINT('',(500.429,79.174,-12.7));
#2544 = DIRECTION('',(0.,0.,-1.));
#2545 = DIRECTION('',(0.,1.,0.));
#2546 = ORIENTED_EDGE('',*,*,#2547,.T.);
#2547 = EDGE_CURVE('',#2539,#2548,#2550,.T.);
#2548 = VERTEX_POINT('',#2549);
#2549 = CARTESIAN_POINT('',(483.777,76.,-12.7));
#2550 = LINE('',#2551,#2552);
#2551 = CARTESIAN_POINT('',(503.603,76.,-12.7));
#2552 = VECTOR('',#2553,1.);
#2553 = DIRECTION('',(-1.,0.,0.));
#2554 = ORIENTED_EDGE('',*,*,#2555,.F.);
#2555 = EDGE_CURVE('',#2497,#2548,#2556,.T.);
#2556 = CIRCLE('',#2557,3.174);
#2557 = AXIS2_PLACEMENT_3D('',#2558,#2559,#2560);
#2558 = CARTESIAN_POINT('',(483.777,79.174,-12.7));
#2559 = DIRECTION('',(0.,-0.,1.));
#2560 = DIRECTION('',(0.,1.,0.));
#2561 = FACE_BOUND('',#2562,.T.);
#2562 = EDGE_LOOP('',(#2563,#2573,#2582,#2590,#2599,#2607,#2616,#2624));
#2563 = ORIENTED_EDGE('',*,*,#2564,.F.);
#2564 = EDGE_CURVE('',#2565,#2567,#2569,.T.);
#2565 = VERTEX_POINT('',#2566);
#2566 = CARTESIAN_POINT('',(446.897,20.174,-12.7));
#2567 = VERTEX_POINT('',#2568);
#2568 = CARTESIAN_POINT('',(446.897,61.826,-12.7));
#2569 = LINE('',#2570,#2571);
#2570 = CARTESIAN_POINT('',(446.897,17.,-12.7));
#2571 = VECTOR('',#2572,1.);
#2572 = DIRECTION('',(0.,1.,0.));
#2573 = ORIENTED_EDGE('',*,*,#2574,.F.);
#2574 = EDGE_CURVE('',#2575,#2565,#2577,.T.);
#2575 = VERTEX_POINT('',#2576);
#2576 = CARTESIAN_POINT('',(443.723,17.,-12.7));
#2577 = CIRCLE('',#2578,3.174);
#2578 = AXIS2_PLACEMENT_3D('',#2579,#2580,#2581);
#2579 = CARTESIAN_POINT('',(443.723,20.174,-12.7));
#2580 = DIRECTION('',(-0.,0.,1.));
#2581 = DIRECTION('',(0.,-1.,0.));
#2582 = ORIENTED_EDGE('',*,*,#2583,.F.);
#2583 = EDGE_CURVE('',#2584,#2575,#2586,.T.);
#2584 = VERTEX_POINT('',#2585);
#2585 = CARTESIAN_POINT('',(427.071,17.,-12.7));
#2586 = LINE('',#2587,#2588);
#2587 = CARTESIAN_POINT('',(423.897,17.,-12.7));
#2588 = VECTOR('',#2589,1.);
#2589 = DIRECTION('',(1.,0.,0.));
#2590 = ORIENTED_EDGE('',*,*,#2591,.F.);
#2591 = EDGE_CURVE('',#2592,#2584,#2594,.T.);
#2592 = VERTEX_POINT('',#2593);
#2593 = CARTESIAN_POINT('',(423.897,20.174,-12.7));
#2594 = CIRCLE('',#2595,3.174);
#2595 = AXIS2_PLACEMENT_3D('',#2596,#2597,#2598);
#2596 = CARTESIAN_POINT('',(427.071,20.174,-12.7));
#2597 = DIRECTION('',(-0.,0.,1.));
#2598 = DIRECTION('',(0.,-1.,0.));
#2599 = ORIENTED_EDGE('',*,*,#2600,.T.);
#2600 = EDGE_CURVE('',#2592,#2601,#2603,.T.);
#2601 = VERTEX_POINT('',#2602);
#2602 = CARTESIAN_POINT('',(423.897,61.826,-12.7));
#2603 = LINE('',#2604,#2605);
#2604 = CARTESIAN_POINT('',(423.897,17.,-12.7));
#2605 = VECTOR('',#2606,1.);
#2606 = DIRECTION('',(0.,1.,0.));
#2607 = ORIENTED_EDGE('',*,*,#2608,.T.);
#2608 = EDGE_CURVE('',#2601,#2609,#2611,.T.);
#2609 = VERTEX_POINT('',#2610);
#2610 = CARTESIAN_POINT('',(427.071,65.,-12.7));
#2611 = CIRCLE('',#2612,3.174);
#2612 = AXIS2_PLACEMENT_3D('',#2613,#2614,#2615);
#2613 = CARTESIAN_POINT('',(427.071,61.826,-12.7));
#2614 = DIRECTION('',(-0.,-0.,-1.));
#2615 = DIRECTION('',(0.,-1.,0.));
#2616 = ORIENTED_EDGE('',*,*,#2617,.T.);
#2617 = EDGE_CURVE('',#2609,#2618,#2620,.T.);
#2618 = VERTEX_POINT('',#2619);
#2619 = CARTESIAN_POINT('',(443.723,65.,-12.7));
#2620 = LINE('',#2621,#2622);
#2621 = CARTESIAN_POINT('',(423.897,65.,-12.7));
#2622 = VECTOR('',#2623,1.);
#2623 = DIRECTION('',(1.,0.,0.));
#2624 = ORIENTED_EDGE('',*,*,#2625,.F.);
#2625 = EDGE_CURVE('',#2567,#2618,#2626,.T.);
#2626 = CIRCLE('',#2627,3.174);
#2627 = AXIS2_PLACEMENT_3D('',#2628,#2629,#2630);
#2628 = CARTESIAN_POINT('',(443.723,61.826,-12.7));
#2629 = DIRECTION('',(-0.,0.,1.));
#2630 = DIRECTION('',(0.,-1.,0.));
#2631 = FACE_BOUND('',#2632,.T.);
#2632 = EDGE_LOOP('',(#2633,#2643,#2652,#2660,#2669,#2677,#2686,#2694));
#2633 = ORIENTED_EDGE('',*,*,#2634,.F.);
#2634 = EDGE_CURVE('',#2635,#2637,#2639,.T.);
#2635 = VERTEX_POINT('',#2636);
#2636 = CARTESIAN_POINT('',(320.397,79.174,-12.7));
#2637 = VERTEX_POINT('',#2638);
#2638 = CARTESIAN_POINT('',(320.397,120.826,-12.7));
#2639 = LINE('',#2640,#2641);
#2640 = CARTESIAN_POINT('',(320.397,76.,-12.7));
#2641 = VECTOR('',#2642,1.);
#2642 = DIRECTION('',(0.,1.,0.));
#2643 = ORIENTED_EDGE('',*,*,#2644,.F.);
#2644 = EDGE_CURVE('',#2645,#2635,#2647,.T.);
#2645 = VERTEX_POINT('',#2646);
#2646 = CARTESIAN_POINT('',(317.223,76.,-12.7));
#2647 = CIRCLE('',#2648,3.174);
#2648 = AXIS2_PLACEMENT_3D('',#2649,#2650,#2651);
#2649 = CARTESIAN_POINT('',(317.223,79.174,-12.7));
#2650 = DIRECTION('',(-0.,0.,1.));
#2651 = DIRECTION('',(0.,-1.,0.));
#2652 = ORIENTED_EDGE('',*,*,#2653,.F.);
#2653 = EDGE_CURVE('',#2654,#2645,#2656,.T.);
#2654 = VERTEX_POINT('',#2655);
#2655 = CARTESIAN_POINT('',(300.571,76.,-12.7));
#2656 = LINE('',#2657,#2658);
#2657 = CARTESIAN_POINT('',(297.397,76.,-12.7));
#2658 = VECTOR('',#2659,1.);
#2659 = DIRECTION('',(1.,0.,0.));
#2660 = ORIENTED_EDGE('',*,*,#2661,.F.);
#2661 = EDGE_CURVE('',#2662,#2654,#2664,.T.);
#2662 = VERTEX_POINT('',#2663);
#2663 = CARTESIAN_POINT('',(297.397,79.174,-12.7));
#2664 = CIRCLE('',#2665,3.174);
#2665 = AXIS2_PLACEMENT_3D('',#2666,#2667,#2668);
#2666 = CARTESIAN_POINT('',(300.571,79.174,-12.7));
#2667 = DIRECTION('',(-0.,0.,1.));
#2668 = DIRECTION('',(0.,-1.,0.));
#2669 = ORIENTED_EDGE('',*,*,#2670,.T.);
#2670 = EDGE_CURVE('',#2662,#2671,#2673,.T.);
#2671 = VERTEX_POINT('',#2672);
#2672 = CARTESIAN_POINT('',(297.397,120.826,-12.7));
#2673 = LINE('',#2674,#2675);
#2674 = CARTESIAN_POINT('',(297.397,76.,-12.7));
#2675 = VECTOR('',#2676,1.);
#2676 = DIRECTION('',(0.,1.,0.));
#2677 = ORIENTED_EDGE('',*,*,#2678,.T.);
#2678 = EDGE_CURVE('',#2671,#2679,#2681,.T.);
#2679 = VERTEX_POINT('',#2680);
#2680 = CARTESIAN_POINT('',(300.571,124.,-12.7));
#2681 = CIRCLE('',#2682,3.174);
#2682 = AXIS2_PLACEMENT_3D('',#2683,#2684,#2685);
#2683 = CARTESIAN_POINT('',(300.571,120.826,-12.7));
#2684 = DIRECTION('',(-0.,-0.,-1.));
#2685 = DIRECTION('',(0.,-1.,0.));
#2686 = ORIENTED_EDGE('',*,*,#2687,.T.);
#2687 = EDGE_CURVE('',#2679,#2688,#2690,.T.);
#2688 = VERTEX_POINT('',#2689);
#2689 = CARTESIAN_POINT('',(317.223,124.,-12.7));
#2690 = LINE('',#2691,#2692);
#2691 = CARTESIAN_POINT('',(297.397,124.,-12.7));
#2692 = VECTOR('',#2693,1.);
#2693 = DIRECTION('',(1.,0.,0.));
#2694 = ORIENTED_EDGE('',*,*,#2695,.F.);
#2695 = EDGE_CURVE('',#2637,#2688,#2696,.T.);
#2696 = CIRCLE('',#2697,3.174);
#2697 = AXIS2_PLACEMENT_3D('',#2698,#2699,#2700);
#2698 = CARTESIAN_POINT('',(317.223,120.826,-12.7));
#2699 = DIRECTION('',(-0.,0.,1.));
#2700 = DIRECTION('',(0.,-1.,0.));
#2701 = FACE_BOUND('',#2702,.T.);
#2702 = EDGE_LOOP('',(#2703,#2713,#2722,#2730,#2739,#2747,#2756,#2764));
#2703 = ORIENTED_EDGE('',*,*,#2704,.F.);
#2704 = EDGE_CURVE('',#2705,#2707,#2709,.T.);
#2705 = VERTEX_POINT('',#2706);
#2706 = CARTESIAN_POINT('',(490.603,327.826,-12.7));
#2707 = VERTEX_POINT('',#2708);
#2708 = CARTESIAN_POINT('',(490.603,286.174,-12.7));
#2709 = LINE('',#2710,#2711);
#2710 = CARTESIAN_POINT('',(490.603,331.,-12.7));
#2711 = VECTOR('',#2712,1.);
#2712 = DIRECTION('',(0.,-1.,0.));
#2713 = ORIENTED_EDGE('',*,*,#2714,.F.);
#2714 = EDGE_CURVE('',#2715,#2705,#2717,.T.);
#2715 = VERTEX_POINT('',#2716);
#2716 = CARTESIAN_POINT('',(493.777,331.,-12.7));
#2717 = CIRCLE('',#2718,3.174);
#2718 = AXIS2_PLACEMENT_3D('',#2719,#2720,#2721);
#2719 = CARTESIAN_POINT('',(493.777,327.826,-12.7));
#2720 = DIRECTION('',(0.,-0.,1.));
#2721 = DIRECTION('',(0.,1.,0.));
#2722 = ORIENTED_EDGE('',*,*,#2723,.F.);
#2723 = EDGE_CURVE('',#2724,#2715,#2726,.T.);
#2724 = VERTEX_POINT('',#2725);
#2725 = CARTESIAN_POINT('',(510.429,331.,-12.7));
#2726 = LINE('',#2727,#2728);
#2727 = CARTESIAN_POINT('',(513.603,331.,-12.7));
#2728 = VECTOR('',#2729,1.);
#2729 = DIRECTION('',(-1.,0.,0.));
#2730 = ORIENTED_EDGE('',*,*,#2731,.F.);
#2731 = EDGE_CURVE('',#2732,#2724,#2734,.T.);
#2732 = VERTEX_POINT('',#2733);
#2733 = CARTESIAN_POINT('',(513.603,327.826,-12.7));
#2734 = CIRCLE('',#2735,3.174);
#2735 = AXIS2_PLACEMENT_3D('',#2736,#2737,#2738);
#2736 = CARTESIAN_POINT('',(510.429,327.826,-12.7));
#2737 = DIRECTION('',(0.,-0.,1.));
#2738 = DIRECTION('',(0.,1.,0.));
#2739 = ORIENTED_EDGE('',*,*,#2740,.T.);
#2740 = EDGE_CURVE('',#2732,#2741,#2743,.T.);
#2741 = VERTEX_POINT('',#2742);
#2742 = CARTESIAN_POINT('',(513.603,286.174,-12.7));
#2743 = LINE('',#2744,#2745);
#2744 = CARTESIAN_POINT('',(513.603,331.,-12.7));
#2745 = VECTOR('',#2746,1.);
#2746 = DIRECTION('',(0.,-1.,0.));
#2747 = ORIENTED_EDGE('',*,*,#2748,.T.);
#2748 = EDGE_CURVE('',#2741,#2749,#2751,.T.);
#2749 = VERTEX_POINT('',#2750);
#2750 = CARTESIAN_POINT('',(510.429,283.,-12.7));
#2751 = CIRCLE('',#2752,3.174);
#2752 = AXIS2_PLACEMENT_3D('',#2753,#2754,#2755);
#2753 = CARTESIAN_POINT('',(510.429,286.174,-12.7));
#2754 = DIRECTION('',(0.,0.,-1.));
#2755 = DIRECTION('',(0.,1.,0.));
#2756 = ORIENTED_EDGE('',*,*,#2757,.T.);
#2757 = EDGE_CURVE('',#2749,#2758,#2760,.T.);
#2758 = VERTEX_POINT('',#2759);
#2759 = CARTESIAN_POINT('',(493.777,283.,-12.7));
#2760 = LINE('',#2761,#2762);
#2761 = CARTESIAN_POINT('',(513.603,283.,-12.7));
#2762 = VECTOR('',#2763,1.);
#2763 = DIRECTION('',(-1.,0.,0.));
#2764 = ORIENTED_EDGE('',*,*,#2765,.F.);
#2765 = EDGE_CURVE('',#2707,#2758,#2766,.T.);
#2766 = CIRCLE('',#2767,3.174);
#2767 = AXIS2_PLACEMENT_3D('',#2768,#2769,#2770);
#2768 = CARTESIAN_POINT('',(493.777,286.174,-12.7));
#2769 = DIRECTION('',(0.,-0.,1.));
#2770 = DIRECTION('',(0.,1.,0.));
#2771 = FACE_BOUND('',#2772,.T.);
#2772 = EDGE_LOOP('',(#2773,#2783,#2792,#2800,#2809,#2817,#2826,#2834));
#2773 = ORIENTED_EDGE('',*,*,#2774,.F.);
#2774 = EDGE_CURVE('',#2775,#2777,#2779,.T.);
#2775 = VERTEX_POINT('',#2776);
#2776 = CARTESIAN_POINT('',(288.826,287.5,-12.7));
#2777 = VERTEX_POINT('',#2778);
#2778 = CARTESIAN_POINT('',(257.174,287.5,-12.7));
#2779 = LINE('',#2780,#2781);
#2780 = CARTESIAN_POINT('',(147.5875,287.5,-12.7));
#2781 = VECTOR('',#2782,1.);
#2782 = DIRECTION('',(-1.,2.2E-16,0.));
#2783 = ORIENTED_EDGE('',*,*,#2784,.F.);
#2784 = EDGE_CURVE('',#2785,#2775,#2787,.T.);
#2785 = VERTEX_POINT('',#2786);
#2786 = CARTESIAN_POINT('',(292.,284.326,-12.7));
#2787 = CIRCLE('',#2788,3.174);
#2788 = AXIS2_PLACEMENT_3D('',#2789,#2790,#2791);
#2789 = CARTESIAN_POINT('',(288.826,284.326,-12.7));
#2790 = DIRECTION('',(-0.,0.,1.));
#2791 = DIRECTION('',(1.,-2.2E-16,0.));
#2792 = ORIENTED_EDGE('',*,*,#2793,.T.);
#2793 = EDGE_CURVE('',#2785,#2794,#2796,.T.);
#2794 = VERTEX_POINT('',#2795);
#2795 = CARTESIAN_POINT('',(292.,272.674,-12.7));
#2796 = LINE('',#2797,#2798);
#2797 = CARTESIAN_POINT('',(292.,136.3375,-12.7));
#2798 = VECTOR('',#2799,1.);
#2799 = DIRECTION('',(-2.2E-16,-1.,0.));
#2800 = ORIENTED_EDGE('',*,*,#2801,.F.);
#2801 = EDGE_CURVE('',#2802,#2794,#2804,.T.);
#2802 = VERTEX_POINT('',#2803);
#2803 = CARTESIAN_POINT('',(288.826,269.5,-12.7));
#2804 = CIRCLE('',#2805,3.174);
#2805 = AXIS2_PLACEMENT_3D('',#2806,#2807,#2808);
#2806 = CARTESIAN_POINT('',(288.826,272.674,-12.7));
#2807 = DIRECTION('',(0.,0.,1.));
#2808 = DIRECTION('',(-2.2E-16,-1.,0.));
#2809 = ORIENTED_EDGE('',*,*,#2810,.T.);
#2810 = EDGE_CURVE('',#2802,#2811,#2813,.T.);
#2811 = VERTEX_POINT('',#2812);
#2812 = CARTESIAN_POINT('',(257.174,269.5,-12.7));
#2813 = LINE('',#2814,#2815);
#2814 = CARTESIAN_POINT('',(147.5875,269.5,-12.7));
#2815 = VECTOR('',#2816,1.);
#2816 = DIRECTION('',(-1.,2.2E-16,0.));
#2817 = ORIENTED_EDGE('',*,*,#2818,.F.);
#2818 = EDGE_CURVE('',#2819,#2811,#2821,.T.);
#2819 = VERTEX_POINT('',#2820);
#2820 = CARTESIAN_POINT('',(254.,272.674,-12.7));
#2821 = CIRCLE('',#2822,3.174);
#2822 = AXIS2_PLACEMENT_3D('',#2823,#2824,#2825);
#2823 = CARTESIAN_POINT('',(257.174,272.674,-12.7));
#2824 = DIRECTION('',(0.,0.,1.));
#2825 = DIRECTION('',(-2.2E-16,-1.,0.));
#2826 = ORIENTED_EDGE('',*,*,#2827,.F.);
#2827 = EDGE_CURVE('',#2828,#2819,#2830,.T.);
#2828 = VERTEX_POINT('',#2829);
#2829 = CARTESIAN_POINT('',(254.,284.326,-12.7));
#2830 = LINE('',#2831,#2832);
#2831 = CARTESIAN_POINT('',(254.,136.3375,-12.7));
#2832 = VECTOR('',#2833,1.);
#2833 = DIRECTION('',(-2.2E-16,-1.,0.));
#2834 = ORIENTED_EDGE('',*,*,#2835,.F.);
#2835 = EDGE_CURVE('',#2777,#2828,#2836,.T.);
#2836 = CIRCLE('',#2837,3.174);
#2837 = AXIS2_PLACEMENT_3D('',#2838,#2839,#2840);
#2838 = CARTESIAN_POINT('',(257.174,284.326,-12.7));
#2839 = DIRECTION('',(0.,-0.,1.));
#2840 = DIRECTION('',(2.2E-16,1.,0.));
#2841 = FACE_BOUND('',#2842,.T.);
#2842 = EDGE_LOOP('',(#2843,#2853,#2862,#2870,#2879,#2887,#2896,#2904));
#2843 = ORIENTED_EDGE('',*,*,#2844,.F.);
#2844 = EDGE_CURVE('',#2845,#2847,#2849,.T.);
#2845 = VERTEX_POINT('',#2846);
#2846 = CARTESIAN_POINT('',(342.,84.174,-12.7));
#2847 = VERTEX_POINT('',#2848);
#2848 = CARTESIAN_POINT('',(342.,115.826,-12.7));
#2849 = LINE('',#2850,#2851);
#2850 = CARTESIAN_POINT('',(342.,42.0875,-12.7));
#2851 = VECTOR('',#2852,1.);
#2852 = DIRECTION('',(0.,1.,0.));
#2853 = ORIENTED_EDGE('',*,*,#2854,.F.);
#2854 = EDGE_CURVE('',#2855,#2845,#2857,.T.);
#2855 = VERTEX_POINT('',#2856);
#2856 = CARTESIAN_POINT('',(338.826,81.,-12.7));
#2857 = CIRCLE('',#2858,3.174);
#2858 = AXIS2_PLACEMENT_3D('',#2859,#2860,#2861);
#2859 = CARTESIAN_POINT('',(338.826,84.174,-12.7));
#2860 = DIRECTION('',(-0.,0.,1.));
#2861 = DIRECTION('',(0.,-1.,0.));
#2862 = ORIENTED_EDGE('',*,*,#2863,.T.);
#2863 = EDGE_CURVE('',#2855,#2864,#2866,.T.);
#2864 = VERTEX_POINT('',#2865);
#2865 = CARTESIAN_POINT('',(327.174,81.,-12.7));
#2866 = LINE('',#2867,#2868);
#2867 = CARTESIAN_POINT('',(163.5875,81.,-12.7));
#2868 = VECTOR('',#2869,1.);
#2869 = DIRECTION('',(-1.,0.,0.));
#2870 = ORIENTED_EDGE('',*,*,#2871,.F.);
#2871 = EDGE_CURVE('',#2872,#2864,#2874,.T.);
#2872 = VERTEX_POINT('',#2873);
#2873 = CARTESIAN_POINT('',(324.,84.174,-12.7));
#2874 = CIRCLE('',#2875,3.174);
#2875 = AXIS2_PLACEMENT_3D('',#2876,#2877,#2878);
#2876 = CARTESIAN_POINT('',(327.174,84.174,-12.7));
#2877 = DIRECTION('',(0.,0.,1.));
#2878 = DIRECTION('',(-1.,0.,0.));
#2879 = ORIENTED_EDGE('',*,*,#2880,.T.);
#2880 = EDGE_CURVE('',#2872,#2881,#2883,.T.);
#2881 = VERTEX_POINT('',#2882);
#2882 = CARTESIAN_POINT('',(324.,115.826,-12.7));
#2883 = LINE('',#2884,#2885);
#2884 = CARTESIAN_POINT('',(324.,42.0875,-12.7));
#2885 = VECTOR('',#2886,1.);
#2886 = DIRECTION('',(0.,1.,0.));
#2887 = ORIENTED_EDGE('',*,*,#2888,.F.);
#2888 = EDGE_CURVE('',#2889,#2881,#2891,.T.);
#2889 = VERTEX_POINT('',#2890);
#2890 = CARTESIAN_POINT('',(327.174,119.,-12.7));
#2891 = CIRCLE('',#2892,3.174);
#2892 = AXIS2_PLACEMENT_3D('',#2893,#2894,#2895);
#2893 = CARTESIAN_POINT('',(327.174,115.826,-12.7));
#2894 = DIRECTION('',(0.,0.,1.));
#2895 = DIRECTION('',(-1.,0.,0.));
#2896 = ORIENTED_EDGE('',*,*,#2897,.F.);
#2897 = EDGE_CURVE('',#2898,#2889,#2900,.T.);
#2898 = VERTEX_POINT('',#2899);
#2899 = CARTESIAN_POINT('',(338.826,119.,-12.7));
#2900 = LINE('',#2901,#2902);
#2901 = CARTESIAN_POINT('',(163.5875,119.,-12.7));
#2902 = VECTOR('',#2903,1.);
#2903 = DIRECTION('',(-1.,0.,0.));
#2904 = ORIENTED_EDGE('',*,*,#2905,.F.);
#2905 = EDGE_CURVE('',#2847,#2898,#2906,.T.);
#2906 = CIRCLE('',#2907,3.174);
#2907 = AXIS2_PLACEMENT_3D('',#2908,#2909,#2910);
#2908 = CARTESIAN_POINT('',(338.826,115.826,-12.7));
#2909 = DIRECTION('',(0.,0.,1.));
#2910 = DIRECTION('',(1.,0.,0.));
#2911 = FACE_BOUND('',#2912,.T.);
#2912 = EDGE_LOOP('',(#2913,#2924,#2932,#2941,#2949,#2958,#2966,#2975,
    #2984,#2992));
#2913 = ORIENTED_EDGE('',*,*,#2914,.F.);
#2914 = EDGE_CURVE('',#2915,#2917,#2919,.T.);
#2915 = VERTEX_POINT('',#2916);
#2916 = CARTESIAN_POINT('',(221.52757581938,27.766002359545,-12.7));
#2917 = VERTEX_POINT('',#2918);
#2918 = CARTESIAN_POINT('',(220.60437844499,25.723823006433,-12.7));
#2919 = CIRCLE('',#2920,3.174);
#2920 = AXIS2_PLACEMENT_3D('',#2921,#2922,#2923);
#2921 = CARTESIAN_POINT('',(223.77193274287,25.521645436059,-12.7));
#2922 = DIRECTION('',(0.,0.,1.));
#2923 = DIRECTION('',(-0.707106781187,0.707106781187,0.));
#2924 = ORIENTED_EDGE('',*,*,#2925,.F.);
#2925 = EDGE_CURVE('',#2926,#2915,#2928,.T.);
#2926 = VERTEX_POINT('',#2927);
#2927 = CARTESIAN_POINT('',(231.16544136294,37.403867903106,-12.7));
#2928 = LINE('',#2929,#2930);
#2929 = CARTESIAN_POINT('',(166.73279250817,-27.02878095166,-12.7));
#2930 = VECTOR('',#2931,1.);
#2931 = DIRECTION('',(-0.707106781187,-0.707106781187,0.));
#2932 = ORIENTED_EDGE('',*,*,#2933,.F.);
#2933 = EDGE_CURVE('',#2934,#2926,#2936,.T.);
#2934 = VERTEX_POINT('',#2935);
#2935 = CARTESIAN_POINT('',(235.65415520992,37.403867903106,-12.7));
#2936 = CIRCLE('',#2937,3.174);
#2937 = AXIS2_PLACEMENT_3D('',#2938,#2939,#2940);
#2938 = CARTESIAN_POINT('',(233.40979828643,35.15951097962,-12.7));
#2939 = DIRECTION('',(0.,-0.,1.));
#2940 = DIRECTION('',(0.707106781187,0.707106781187,0.));
#2941 = ORIENTED_EDGE('',*,*,#2942,.T.);
#2942 = EDGE_CURVE('',#2934,#2943,#2945,.T.);
#2943 = VERTEX_POINT('',#2944);
#2944 = CARTESIAN_POINT('',(246.7288617787,26.329161334318,-12.7));
#2945 = LINE('',#2946,#2947);
#2946 = CARTESIAN_POINT('',(192.75111512935,80.306907983673,-12.7));
#2947 = VECTOR('',#2948,1.);
#2948 = DIRECTION('',(0.707106781187,-0.707106781187,0.));
#2949 = ORIENTED_EDGE('',*,*,#2950,.F.);
#2950 = EDGE_CURVE('',#2951,#2943,#2953,.T.);
#2951 = VERTEX_POINT('',#2952);
#2952 = CARTESIAN_POINT('',(246.7288617787,21.840447487346,-12.7));
#2953 = CIRCLE('',#2954,3.174);
#2954 = AXIS2_PLACEMENT_3D('',#2955,#2956,#2957);
#2955 = CARTESIAN_POINT('',(244.48450485522,24.084804410832,-12.7));
#2956 = DIRECTION('',(-0.,0.,1.));
#2957 = DIRECTION('',(0.707106781187,-0.707106781187,0.));
#2958 = ORIENTED_EDGE('',*,*,#2959,.T.);
#2959 = EDGE_CURVE('',#2951,#2960,#2962,.T.);
#2960 = VERTEX_POINT('',#2961);
#2961 = CARTESIAN_POINT('',(237.09099623514,12.202581943785,-12.7));
#2962 = LINE('',#2963,#2964);
#2963 = CARTESIAN_POINT('',(182.29621292393,-42.59220136742,-12.7));
#2964 = VECTOR('',#2965,1.);
#2965 = DIRECTION('',(-0.707106781187,-0.707106781187,0.));
#2966 = ORIENTED_EDGE('',*,*,#2967,.F.);
#2967 = EDGE_CURVE('',#2968,#2960,#2970,.T.);
#2968 = VERTEX_POINT('',#2969);
#2969 = CARTESIAN_POINT('',(234.36128009392,11.31026827096,-12.7));
#2970 = CIRCLE('',#2971,3.174);
#2971 = AXIS2_PLACEMENT_3D('',#2972,#2973,#2974);
#2972 = CARTESIAN_POINT('',(234.84663931166,14.446938867271,-12.7));
#2973 = DIRECTION('',(-0.,0.,1.));
#2974 = DIRECTION('',(0.707106781187,-0.707106781187,0.));
#2975 = ORIENTED_EDGE('',*,*,#2976,.F.);
#2976 = EDGE_CURVE('',#2977,#2968,#2979,.T.);
#2977 = VERTEX_POINT('',#2978);
#2978 = CARTESIAN_POINT('',(232.60228238817,12.202581943785,-12.7));
#2979 = CIRCLE('',#2980,3.174);
#2980 = AXIS2_PLACEMENT_3D('',#2981,#2982,#2983);
#2981 = CARTESIAN_POINT('',(234.84663931166,14.446938867271,-12.7));
#2982 = DIRECTION('',(-0.,0.,1.));
#2983 = DIRECTION('',(0.707106781187,-0.707106781187,0.));
#2984 = ORIENTED_EDGE('',*,*,#2985,.F.);
#2985 = EDGE_CURVE('',#2986,#2977,#2988,.T.);
#2986 = VERTEX_POINT('',#2987);
#2987 = CARTESIAN_POINT('',(221.52757581938,23.277288512573,-12.7));
#2988 = LINE('',#2989,#2990);
#2989 = CARTESIAN_POINT('',(178.62453573882,66.18032859314,-12.7));
#2990 = VECTOR('',#2991,1.);
#2991 = DIRECTION('',(0.707106781187,-0.707106781187,0.));
#2992 = ORIENTED_EDGE('',*,*,#2993,.F.);
#2993 = EDGE_CURVE('',#2917,#2986,#2994,.T.);
#2994 = CIRCLE('',#2995,3.174);
#2995 = AXIS2_PLACEMENT_3D('',#2996,#2997,#2998);
#2996 = CARTESIAN_POINT('',(223.77193274287,25.521645436059,-12.7));
#2997 = DIRECTION('',(0.,0.,1.));
#2998 = DIRECTION('',(-0.707106781187,0.707106781187,0.));
#2999 = FACE_BOUND('',#3000,.T.);
#3000 = EDGE_LOOP('',(#3001,#3012,#3020,#3029,#3037,#3046,#3054,#3063,
    #3072,#3080));
#3001 = ORIENTED_EDGE('',*,*,#3002,.F.);
#3002 = EDGE_CURVE('',#3003,#3005,#3007,.T.);
#3003 = VERTEX_POINT('',#3004);
#3004 = CARTESIAN_POINT('',(186.47242418061,292.73399764045,-12.7));
#3005 = VERTEX_POINT('',#3006);
#3006 = CARTESIAN_POINT('',(187.395621555,294.77617699356,-12.7));
#3007 = CIRCLE('',#3008,3.174);
#3008 = AXIS2_PLACEMENT_3D('',#3009,#3010,#3011);
#3009 = CARTESIAN_POINT('',(184.22806725712,294.97835456394,-12.7));
#3010 = DIRECTION('',(-0.,0.,1.));
#3011 = DIRECTION('',(0.707106781187,-0.707106781187,0.));
#3012 = ORIENTED_EDGE('',*,*,#3013,.F.);
#3013 = EDGE_CURVE('',#3014,#3003,#3016,.T.);
#3014 = VERTEX_POINT('',#3015);
#3015 = CARTESIAN_POINT('',(176.83455863705,283.09613209689,-12.7));
#3016 = LINE('',#3017,#3018);
#3017 = CARTESIAN_POINT('',(62.317207491822,168.57878095166,-12.7));
#3018 = VECTOR('',#3019,1.);
#3019 = DIRECTION('',(0.707106781187,0.707106781187,0.));
#3020 = ORIENTED_EDGE('',*,*,#3021,.F.);
#3021 = EDGE_CURVE('',#3022,#3014,#3024,.T.);
#3022 = VERTEX_POINT('',#3023);
#3023 = CARTESIAN_POINT('',(172.34584479007,283.09613209689,-12.7));
#3024 = CIRCLE('',#3025,3.174);
#3025 = AXIS2_PLACEMENT_3D('',#3026,#3027,#3028);
#3026 = CARTESIAN_POINT('',(174.59020171356,285.34048902038,-12.7));
#3027 = DIRECTION('',(0.,0.,1.));
#3028 = DIRECTION('',(-0.707106781187,-0.707106781187,0.));
#3029 = ORIENTED_EDGE('',*,*,#3030,.T.);
#3030 = EDGE_CURVE('',#3022,#3031,#3033,.T.);
#3031 = VERTEX_POINT('',#3032);
#3032 = CARTESIAN_POINT('',(161.27113822129,294.17083866568,-12.7));
#3033 = LINE('',#3034,#3035);
#3034 = CARTESIAN_POINT('',(193.37388487064,262.06809201632,-12.7));
#3035 = VECTOR('',#3036,1.);
#3036 = DIRECTION('',(-0.707106781187,0.707106781187,0.));
#3037 = ORIENTED_EDGE('',*,*,#3038,.F.);
#3038 = EDGE_CURVE('',#3039,#3031,#3041,.T.);
#3039 = VERTEX_POINT('',#3040);
#3040 = CARTESIAN_POINT('',(161.27113822129,298.65955251265,-12.7));
#3041 = CIRCLE('',#3042,3.174);
#3042 = AXIS2_PLACEMENT_3D('',#3043,#3044,#3045);
#3043 = CARTESIAN_POINT('',(163.51549514477,296.41519558916,-12.7));
#3044 = DIRECTION('',(0.,0.,1.));
#3045 = DIRECTION('',(-0.707106781187,0.707106781187,0.));
#3046 = ORIENTED_EDGE('',*,*,#3047,.T.);
#3047 = EDGE_CURVE('',#3039,#3048,#3050,.T.);
#3048 = VERTEX_POINT('',#3049);
#3049 = CARTESIAN_POINT('',(170.90900376485,308.29741805621,-12.7));
#3050 = LINE('',#3051,#3052);
#3051 = CARTESIAN_POINT('',(46.753787076062,184.14220136742,-12.7));
#3052 = VECTOR('',#3053,1.);
#3053 = DIRECTION('',(0.707106781187,0.707106781187,0.));
#3054 = ORIENTED_EDGE('',*,*,#3055,.F.);
#3055 = EDGE_CURVE('',#3056,#3048,#3058,.T.);
#3056 = VERTEX_POINT('',#3057);
#3057 = CARTESIAN_POINT('',(173.63871990607,309.18973172903,-12.7));
#3058 = CIRCLE('',#3059,3.174);
#3059 = AXIS2_PLACEMENT_3D('',#3060,#3061,#3062);
#3060 = CARTESIAN_POINT('',(173.15336068833,306.05306113272,-12.7));
#3061 = DIRECTION('',(0.,0.,1.));
#3062 = DIRECTION('',(-0.707106781187,0.707106781187,0.));
#3063 = ORIENTED_EDGE('',*,*,#3064,.F.);
#3064 = EDGE_CURVE('',#3065,#3056,#3067,.T.);
#3065 = VERTEX_POINT('',#3066);
#3066 = CARTESIAN_POINT('',(175.39771761182,308.29741805621,-12.7));
#3067 = CIRCLE('',#3068,3.174);
#3068 = AXIS2_PLACEMENT_3D('',#3069,#3070,#3071);
#3069 = CARTESIAN_POINT('',(173.15336068833,306.05306113272,-12.7));
#3070 = DIRECTION('',(0.,0.,1.));
#3071 = DIRECTION('',(-0.707106781187,0.707106781187,0.));
#3072 = ORIENTED_EDGE('',*,*,#3073,.F.);
#3073 = EDGE_CURVE('',#3074,#3065,#3076,.T.);
#3074 = VERTEX_POINT('',#3075);
#3075 = CARTESIAN_POINT('',(186.47242418061,297.22271148742,-12.7));
#3076 = LINE('',#3077,#3078);
#3077 = CARTESIAN_POINT('',(207.50046426117,276.19467140686,-12.7));
#3078 = VECTOR('',#3079,1.);
#3079 = DIRECTION('',(-0.707106781187,0.707106781187,0.));
#3080 = ORIENTED_EDGE('',*,*,#3081,.F.);
#3081 = EDGE_CURVE('',#3005,#3074,#3082,.T.);
#3082 = CIRCLE('',#3083,3.174);
#3083 = AXIS2_PLACEMENT_3D('',#3084,#3085,#3086);
#3084 = CARTESIAN_POINT('',(184.22806725712,294.97835456394,-12.7));
#3085 = DIRECTION('',(-0.,0.,1.));
#3086 = DIRECTION('',(0.707106781187,-0.707106781187,0.));
#3087 = FACE_BOUND('',#3088,.T.);
#3088 = EDGE_LOOP('',(#3089,#3100,#3108,#3117,#3125,#3134,#3142,#3151,
    #3160,#3168));
#3089 = ORIENTED_EDGE('',*,*,#3090,.F.);
#3090 = EDGE_CURVE('',#3091,#3093,#3095,.T.);
#3091 = VERTEX_POINT('',#3092);
#3092 = CARTESIAN_POINT('',(328.76600235954,212.47242418061,-12.7));
#3093 = VERTEX_POINT('',#3094);
#3094 = CARTESIAN_POINT('',(326.72382300643,213.39562155501,-12.7));
#3095 = CIRCLE('',#3096,3.174);
#3096 = AXIS2_PLACEMENT_3D('',#3097,#3098,#3099);
#3097 = CARTESIAN_POINT('',(326.52164543605,210.22806725712,-12.7));
#3098 = DIRECTION('',(0.,-0.,1.));
#3099 = DIRECTION('',(0.707106781187,0.707106781187,0.));
#3100 = ORIENTED_EDGE('',*,*,#3101,.F.);
#3101 = EDGE_CURVE('',#3102,#3091,#3104,.T.);
#3102 = VERTEX_POINT('',#3103);
#3103 = CARTESIAN_POINT('',(338.4038679031,202.83455863705,-12.7));
#3104 = LINE('',#3105,#3106);
#3105 = CARTESIAN_POINT('',(305.63371904833,235.60470749182,-12.7));
#3106 = VECTOR('',#3107,1.);
#3107 = DIRECTION('',(-0.707106781187,0.707106781187,0.));
#3108 = ORIENTED_EDGE('',*,*,#3109,.F.);
#3109 = EDGE_CURVE('',#3110,#3102,#3112,.T.);
#3110 = VERTEX_POINT('',#3111);
#3111 = CARTESIAN_POINT('',(338.4038679031,198.34584479007,-12.7));
#3112 = CIRCLE('',#3113,3.174);
#3113 = AXIS2_PLACEMENT_3D('',#3114,#3115,#3116);
#3114 = CARTESIAN_POINT('',(336.15951097962,200.59020171356,-12.7));
#3115 = DIRECTION('',(-0.,0.,1.));
#3116 = DIRECTION('',(0.707106781187,-0.707106781187,0.));
#3117 = ORIENTED_EDGE('',*,*,#3118,.T.);
#3118 = EDGE_CURVE('',#3110,#3119,#3121,.T.);
#3119 = VERTEX_POINT('',#3120);
#3120 = CARTESIAN_POINT('',(327.32916133431,187.27113822129,-12.7));
#3121 = LINE('',#3122,#3123);
#3122 = CARTESIAN_POINT('',(199.14440798367,59.086384870646,-12.7));
#3123 = VECTOR('',#3124,1.);
#3124 = DIRECTION('',(-0.707106781187,-0.707106781187,0.));
#3125 = ORIENTED_EDGE('',*,*,#3126,.F.);
#3126 = EDGE_CURVE('',#3127,#3119,#3129,.T.);
#3127 = VERTEX_POINT('',#3128);
#3128 = CARTESIAN_POINT('',(322.84044748734,187.27113822129,-12.7));
#3129 = CIRCLE('',#3130,3.174);
#3130 = AXIS2_PLACEMENT_3D('',#3131,#3132,#3133);
#3131 = CARTESIAN_POINT('',(325.08480441083,189.51549514477,-12.7));
#3132 = DIRECTION('',(0.,0.,1.));
#3133 = DIRECTION('',(-0.707106781187,-0.707106781187,0.));
#3134 = ORIENTED_EDGE('',*,*,#3135,.T.);
#3135 = EDGE_CURVE('',#3127,#3136,#3138,.T.);
#3136 = VERTEX_POINT('',#3137);
#3137 = CARTESIAN_POINT('',(313.20258194378,196.90900376485,-12.7));
#3138 = LINE('',#3139,#3140);
#3139 = CARTESIAN_POINT('',(290.07029863257,220.04128707606,-12.7));
#3140 = VECTOR('',#3141,1.);
#3141 = DIRECTION('',(-0.707106781187,0.707106781187,0.));
#3142 = ORIENTED_EDGE('',*,*,#3143,.F.);
#3143 = EDGE_CURVE('',#3144,#3136,#3146,.T.);
#3144 = VERTEX_POINT('',#3145);
#3145 = CARTESIAN_POINT('',(312.31026827096,199.63871990607,-12.7));
#3146 = CIRCLE('',#3147,3.174);
#3147 = AXIS2_PLACEMENT_3D('',#3148,#3149,#3150);
#3148 = CARTESIAN_POINT('',(315.44693886727,199.15336068833,-12.7));
#3149 = DIRECTION('',(0.,0.,1.));
#3150 = DIRECTION('',(-0.707106781187,-0.707106781187,0.));
#3151 = ORIENTED_EDGE('',*,*,#3152,.F.);
#3152 = EDGE_CURVE('',#3153,#3144,#3155,.T.);
#3153 = VERTEX_POINT('',#3154);
#3154 = CARTESIAN_POINT('',(313.20258194378,201.39771761182,-12.7));
#3155 = CIRCLE('',#3156,3.174);
#3156 = AXIS2_PLACEMENT_3D('',#3157,#3158,#3159);
#3157 = CARTESIAN_POINT('',(315.44693886727,199.15336068833,-12.7));
#3158 = DIRECTION('',(0.,0.,1.));
#3159 = DIRECTION('',(-0.707106781187,-0.707106781187,0.));
#3160 = ORIENTED_EDGE('',*,*,#3161,.F.);
#3161 = EDGE_CURVE('',#3162,#3153,#3164,.T.);
#3162 = VERTEX_POINT('',#3163);
#3163 = CARTESIAN_POINT('',(324.27728851257,212.47242418061,-12.7));
#3164 = LINE('',#3165,#3166);
#3165 = CARTESIAN_POINT('',(185.01782859314,73.212964261179,-12.7));
#3166 = VECTOR('',#3167,1.);
#3167 = DIRECTION('',(-0.707106781187,-0.707106781187,0.));
#3168 = ORIENTED_EDGE('',*,*,#3169,.F.);
#3169 = EDGE_CURVE('',#3093,#3162,#3170,.T.);
#3170 = CIRCLE('',#3171,3.174);
#3171 = AXIS2_PLACEMENT_3D('',#3172,#3173,#3174);
#3172 = CARTESIAN_POINT('',(326.52164543605,210.22806725712,-12.7));
#3173 = DIRECTION('',(0.,-0.,1.));
#3174 = DIRECTION('',(0.707106781187,0.707106781187,0.));
#3175 = FACE_BOUND('',#3176,.T.);
#3176 = EDGE_LOOP('',(#3177,#3188,#3196,#3205,#3213,#3222,#3230,#3239,
    #3248,#3256));
#3177 = ORIENTED_EDGE('',*,*,#3178,.F.);
#3178 = EDGE_CURVE('',#3179,#3181,#3183,.T.);
#3179 = VERTEX_POINT('',#3180);
#3180 = CARTESIAN_POINT('',(258.76600235954,82.472424180612,-12.7));
#3181 = VERTEX_POINT('',#3182);
#3182 = CARTESIAN_POINT('',(256.72382300643,83.395621555011,-12.7));
#3183 = CIRCLE('',#3184,3.174);
#3184 = AXIS2_PLACEMENT_3D('',#3185,#3186,#3187);
#3185 = CARTESIAN_POINT('',(256.52164543605,80.228067257126,-12.7));
#3186 = DIRECTION('',(0.,-0.,1.));
#3187 = DIRECTION('',(0.707106781187,0.707106781187,0.));
#3188 = ORIENTED_EDGE('',*,*,#3189,.F.);
#3189 = EDGE_CURVE('',#3190,#3179,#3192,.T.);
#3190 = VERTEX_POINT('',#3191);
#3191 = CARTESIAN_POINT('',(268.4038679031,72.834558637052,-12.7));
#3192 = LINE('',#3193,#3194);
#3193 = CARTESIAN_POINT('',(220.63371904833,120.60470749182,-12.7));
#3194 = VECTOR('',#3195,1.);
#3195 = DIRECTION('',(-0.707106781187,0.707106781187,0.));
#3196 = ORIENTED_EDGE('',*,*,#3197,.F.);
#3197 = EDGE_CURVE('',#3198,#3190,#3200,.T.);
#3198 = VERTEX_POINT('',#3199);
#3199 = CARTESIAN_POINT('',(268.4038679031,68.34584479008,-12.7));
#3200 = CIRCLE('',#3201,3.174);
#3201 = AXIS2_PLACEMENT_3D('',#3202,#3203,#3204);
#3202 = CARTESIAN_POINT('',(266.15951097962,70.590201713566,-12.7));
#3203 = DIRECTION('',(-0.,0.,1.));
#3204 = DIRECTION('',(0.707106781187,-0.707106781187,0.));
#3205 = ORIENTED_EDGE('',*,*,#3206,.T.);
#3206 = EDGE_CURVE('',#3198,#3207,#3209,.T.);
#3207 = VERTEX_POINT('',#3208);
#3208 = CARTESIAN_POINT('',(257.32916133431,57.271138221292,-12.7));
#3209 = LINE('',#3210,#3211);
#3210 = CARTESIAN_POINT('',(179.14440798367,-20.91361512935,-12.7));
#3211 = VECTOR('',#3212,1.);
#3212 = DIRECTION('',(-0.707106781187,-0.707106781187,0.));
#3213 = ORIENTED_EDGE('',*,*,#3214,.F.);
#3214 = EDGE_CURVE('',#3215,#3207,#3217,.T.);
#3215 = VERTEX_POINT('',#3216);
#3216 = CARTESIAN_POINT('',(252.84044748734,57.271138221292,-12.7));
#3217 = CIRCLE('',#3218,3.174);
#3218 = AXIS2_PLACEMENT_3D('',#3219,#3220,#3221);
#3219 = CARTESIAN_POINT('',(255.08480441083,59.515495144778,-12.7));
#3220 = DIRECTION('',(0.,0.,1.));
#3221 = DIRECTION('',(-0.707106781187,-0.707106781187,0.));
#3222 = ORIENTED_EDGE('',*,*,#3223,.T.);
#3223 = EDGE_CURVE('',#3215,#3224,#3226,.T.);
#3224 = VERTEX_POINT('',#3225);
#3225 = CARTESIAN_POINT('',(243.20258194378,66.909003764853,-12.7));
#3226 = LINE('',#3227,#3228);
#3227 = CARTESIAN_POINT('',(205.07029863257,105.04128707606,-12.7));
#3228 = VECTOR('',#3229,1.);
#3229 = DIRECTION('',(-0.707106781187,0.707106781187,0.));
#3230 = ORIENTED_EDGE('',*,*,#3231,.F.);
#3231 = EDGE_CURVE('',#3232,#3224,#3234,.T.);
#3232 = VERTEX_POINT('',#3233);
#3233 = CARTESIAN_POINT('',(242.31026827096,69.638719906077,-12.7));
#3234 = CIRCLE('',#3235,3.174);
#3235 = AXIS2_PLACEMENT_3D('',#3236,#3237,#3238);
#3236 = CARTESIAN_POINT('',(245.44693886727,69.153360688339,-12.7));
#3237 = DIRECTION('',(0.,0.,1.));
#3238 = DIRECTION('',(-0.707106781187,-0.707106781187,0.));
#3239 = ORIENTED_EDGE('',*,*,#3240,.F.);
#3240 = EDGE_CURVE('',#3241,#3232,#3243,.T.);
#3241 = VERTEX_POINT('',#3242);
#3242 = CARTESIAN_POINT('',(243.20258194378,71.397717611825,-12.7));
#3243 = CIRCLE('',#3244,3.174);
#3244 = AXIS2_PLACEMENT_3D('',#3245,#3246,#3247);
#3245 = CARTESIAN_POINT('',(245.44693886727,69.153360688339,-12.7));
#3246 = DIRECTION('',(0.,0.,1.));
#3247 = DIRECTION('',(-0.707106781187,-0.707106781187,0.));
#3248 = ORIENTED_EDGE('',*,*,#3249,.F.);
#3249 = EDGE_CURVE('',#3250,#3241,#3252,.T.);
#3250 = VERTEX_POINT('',#3251);
#3251 = CARTESIAN_POINT('',(254.27728851257,82.472424180612,-12.7));
#3252 = LINE('',#3253,#3254);
#3253 = CARTESIAN_POINT('',(165.01782859314,-6.787035738821,-12.7));
#3254 = VECTOR('',#3255,1.);
#3255 = DIRECTION('',(-0.707106781187,-0.707106781187,0.));
#3256 = ORIENTED_EDGE('',*,*,#3257,.F.);
#3257 = EDGE_CURVE('',#3181,#3250,#3258,.T.);
#3258 = CIRCLE('',#3259,3.174);
#3259 = AXIS2_PLACEMENT_3D('',#3260,#3261,#3262);
#3260 = CARTESIAN_POINT('',(256.52164543605,80.228067257126,-12.7));
#3261 = DIRECTION('',(0.,-0.,1.));
#3262 = DIRECTION('',(0.707106781187,0.707106781187,0.));
#3263 = FACE_BOUND('',#3264,.T.);
#3264 = EDGE_LOOP('',(#3265,#3276,#3284,#3293,#3301,#3310,#3318,#3327,
    #3336,#3344));
#3265 = ORIENTED_EDGE('',*,*,#3266,.F.);
#3266 = EDGE_CURVE('',#3267,#3269,#3271,.T.);
#3267 = VERTEX_POINT('',#3268);
#3268 = CARTESIAN_POINT('',(320.52757581938,264.26600235954,-12.7));
#3269 = VERTEX_POINT('',#3270);
#3270 = CARTESIAN_POINT('',(319.60437844497,262.22382300643,-12.7));
#3271 = CIRCLE('',#3272,3.174);
#3272 = AXIS2_PLACEMENT_3D('',#3273,#3274,#3275);
#3273 = CARTESIAN_POINT('',(322.77193274287,262.02164543605,-12.7));
#3274 = DIRECTION('',(0.,0.,1.));
#3275 = DIRECTION('',(-0.707106781187,0.707106781187,0.));
#3276 = ORIENTED_EDGE('',*,*,#3277,.F.);
#3277 = EDGE_CURVE('',#3278,#3267,#3280,.T.);
#3278 = VERTEX_POINT('',#3279);
#3279 = CARTESIAN_POINT('',(330.16544136294,273.9038679031,-12.7));
#3280 = LINE('',#3281,#3282);
#3281 = CARTESIAN_POINT('',(181.85779250817,125.59621904833,-12.7));
#3282 = VECTOR('',#3283,1.);
#3283 = DIRECTION('',(-0.707106781187,-0.707106781187,0.));
#3284 = ORIENTED_EDGE('',*,*,#3285,.F.);
#3285 = EDGE_CURVE('',#3286,#3278,#3288,.T.);
#3286 = VERTEX_POINT('',#3287);
#3287 = CARTESIAN_POINT('',(334.65415520992,273.9038679031,-12.7));
#3288 = CIRCLE('',#3289,3.174);
#3289 = AXIS2_PLACEMENT_3D('',#3290,#3291,#3292);
#3290 = CARTESIAN_POINT('',(332.40979828643,271.65951097962,-12.7));
#3291 = DIRECTION('',(0.,-0.,1.));
#3292 = DIRECTION('',(0.707106781187,0.707106781187,0.));
#3293 = ORIENTED_EDGE('',*,*,#3294,.T.);
#3294 = EDGE_CURVE('',#3286,#3295,#3297,.T.);
#3295 = VERTEX_POINT('',#3296);
#3296 = CARTESIAN_POINT('',(345.7288617787,262.82916133431,-12.7));
#3297 = LINE('',#3298,#3299);
#3298 = CARTESIAN_POINT('',(326.12611512935,282.43190798367,-12.7));
#3299 = VECTOR('',#3300,1.);
#3300 = DIRECTION('',(0.707106781187,-0.707106781187,0.));
#3301 = ORIENTED_EDGE('',*,*,#3302,.F.);
#3302 = EDGE_CURVE('',#3303,#3295,#3305,.T.);
#3303 = VERTEX_POINT('',#3304);
#3304 = CARTESIAN_POINT('',(345.7288617787,258.34044748734,-12.7));
#3305 = CIRCLE('',#3306,3.174);
#3306 = AXIS2_PLACEMENT_3D('',#3307,#3308,#3309);
#3307 = CARTESIAN_POINT('',(343.48450485522,260.58480441083,-12.7));
#3308 = DIRECTION('',(-0.,0.,1.));
#3309 = DIRECTION('',(0.707106781187,-0.707106781187,0.));
#3310 = ORIENTED_EDGE('',*,*,#3311,.T.);
#3311 = EDGE_CURVE('',#3303,#3312,#3314,.T.);
#3312 = VERTEX_POINT('',#3313);
#3313 = CARTESIAN_POINT('',(336.09099623514,248.70258194378,-12.7));
#3314 = LINE('',#3315,#3316);
#3315 = CARTESIAN_POINT('',(197.42121292393,110.03279863257,-12.7));
#3316 = VECTOR('',#3317,1.);
#3317 = DIRECTION('',(-0.707106781187,-0.707106781187,0.));
#3318 = ORIENTED_EDGE('',*,*,#3319,.F.);
#3319 = EDGE_CURVE('',#3320,#3312,#3322,.T.);
#3320 = VERTEX_POINT('',#3321);
#3321 = CARTESIAN_POINT('',(333.36128009392,247.81026827096,-12.7));
#3322 = CIRCLE('',#3323,3.174);
#3323 = AXIS2_PLACEMENT_3D('',#3324,#3325,#3326);
#3324 = CARTESIAN_POINT('',(333.84663931166,250.94693886727,-12.7));
#3325 = DIRECTION('',(-0.,0.,1.));
#3326 = DIRECTION('',(0.707106781187,-0.707106781187,0.));
#3327 = ORIENTED_EDGE('',*,*,#3328,.F.);
#3328 = EDGE_CURVE('',#3329,#3320,#3331,.T.);
#3329 = VERTEX_POINT('',#3330);
#3330 = CARTESIAN_POINT('',(331.60228238817,248.70258194378,-12.7));
#3331 = CIRCLE('',#3332,3.174);
#3332 = AXIS2_PLACEMENT_3D('',#3333,#3334,#3335);
#3333 = CARTESIAN_POINT('',(333.84663931166,250.94693886727,-12.7));
#3334 = DIRECTION('',(-0.,0.,1.));
#3335 = DIRECTION('',(0.707106781187,-0.707106781187,0.));
#3336 = ORIENTED_EDGE('',*,*,#3337,.F.);
#3337 = EDGE_CURVE('',#3338,#3329,#3340,.T.);
#3338 = VERTEX_POINT('',#3339);
#3339 = CARTESIAN_POINT('',(320.52757581938,259.77728851257,-12.7));
#3340 = LINE('',#3341,#3342);
#3341 = CARTESIAN_POINT('',(311.99953573882,268.30532859314,-12.7));
#3342 = VECTOR('',#3343,1.);
#3343 = DIRECTION('',(0.707106781187,-0.707106781187,0.));
#3344 = ORIENTED_EDGE('',*,*,#3345,.F.);
#3345 = EDGE_CURVE('',#3269,#3338,#3346,.T.);
#3346 = CIRCLE('',#3347,3.174);
#3347 = AXIS2_PLACEMENT_3D('',#3348,#3349,#3350);
#3348 = CARTESIAN_POINT('',(322.77193274287,262.02164543605,-12.7));
#3349 = DIRECTION('',(0.,0.,1.));
#3350 = DIRECTION('',(-0.707106781187,0.707106781187,0.));
#3351 = FACE_BOUND('',#3352,.T.);
#3352 = EDGE_LOOP('',(#3353,#3364,#3372,#3381,#3389,#3398,#3406,#3415,
    #3424,#3432));
#3353 = ORIENTED_EDGE('',*,*,#3354,.F.);
#3354 = EDGE_CURVE('',#3355,#3357,#3359,.T.);
#3355 = VERTEX_POINT('',#3356);
#3356 = CARTESIAN_POINT('',(285.47242418061,321.23399764045,-12.7));
#3357 = VERTEX_POINT('',#3358);
#3358 = CARTESIAN_POINT('',(286.39562155501,323.27617699356,-12.7));
#3359 = CIRCLE('',#3360,3.174);
#3360 = AXIS2_PLACEMENT_3D('',#3361,#3362,#3363);
#3361 = CARTESIAN_POINT('',(283.22806725712,323.47835456394,-12.7));
#3362 = DIRECTION('',(-0.,0.,1.));
#3363 = DIRECTION('',(0.707106781187,-0.707106781187,0.));
#3364 = ORIENTED_EDGE('',*,*,#3365,.F.);
#3365 = EDGE_CURVE('',#3366,#3355,#3368,.T.);
#3366 = VERTEX_POINT('',#3367);
#3367 = CARTESIAN_POINT('',(275.83455863705,311.59613209689,-12.7));
#3368 = LINE('',#3369,#3370);
#3369 = CARTESIAN_POINT('',(129.44220749182,165.20378095166,-12.7));
#3370 = VECTOR('',#3371,1.);
#3371 = DIRECTION('',(0.707106781187,0.707106781187,0.));
#3372 = ORIENTED_EDGE('',*,*,#3373,.F.);
#3373 = EDGE_CURVE('',#3374,#3366,#3376,.T.);
#3374 = VERTEX_POINT('',#3375);
#3375 = CARTESIAN_POINT('',(271.34584479008,311.59613209689,-12.7));
#3376 = CIRCLE('',#3377,3.174);
#3377 = AXIS2_PLACEMENT_3D('',#3378,#3379,#3380);
#3378 = CARTESIAN_POINT('',(273.59020171356,313.84048902038,-12.7));
#3379 = DIRECTION('',(0.,0.,1.));
#3380 = DIRECTION('',(-0.707106781187,-0.707106781187,0.));
#3381 = ORIENTED_EDGE('',*,*,#3382,.T.);
#3382 = EDGE_CURVE('',#3374,#3383,#3385,.T.);
#3383 = VERTEX_POINT('',#3384);
#3384 = CARTESIAN_POINT('',(260.27113822129,322.67083866568,-12.7));
#3385 = LINE('',#3386,#3387);
#3386 = CARTESIAN_POINT('',(274.74888487064,308.19309201632,-12.7));
#3387 = VECTOR('',#3388,1.);
#3388 = DIRECTION('',(-0.707106781187,0.707106781187,0.));
#3389 = ORIENTED_EDGE('',*,*,#3390,.F.);
#3390 = EDGE_CURVE('',#3391,#3383,#3393,.T.);
#3391 = VERTEX_POINT('',#3392);
#3392 = CARTESIAN_POINT('',(260.27113822129,327.15955251265,-12.7));
#3393 = CIRCLE('',#3394,3.174);
#3394 = AXIS2_PLACEMENT_3D('',#3395,#3396,#3397);
#3395 = CARTESIAN_POINT('',(262.51549514477,324.91519558916,-12.7));
#3396 = DIRECTION('',(0.,0.,1.));
#3397 = DIRECTION('',(-0.707106781187,0.707106781187,0.));
#3398 = ORIENTED_EDGE('',*,*,#3399,.T.);
#3399 = EDGE_CURVE('',#3391,#3400,#3402,.T.);
#3400 = VERTEX_POINT('',#3401);
#3401 = CARTESIAN_POINT('',(269.90900376485,336.79741805621,-12.7));
#3402 = LINE('',#3403,#3404);
#3403 = CARTESIAN_POINT('',(113.87878707606,180.76720136742,-12.7));
#3404 = VECTOR('',#3405,1.);
#3405 = DIRECTION('',(0.707106781187,0.707106781187,0.));
#3406 = ORIENTED_EDGE('',*,*,#3407,.F.);
#3407 = EDGE_CURVE('',#3408,#3400,#3410,.T.);
#3408 = VERTEX_POINT('',#3409);
#3409 = CARTESIAN_POINT('',(272.63871990607,337.68973172902,-12.7));
#3410 = CIRCLE('',#3411,3.174);
#3411 = AXIS2_PLACEMENT_3D('',#3412,#3413,#3414);
#3412 = CARTESIAN_POINT('',(272.15336068833,334.55306113272,-12.7));
#3413 = DIRECTION('',(0.,0.,1.));
#3414 = DIRECTION('',(-0.707106781187,0.707106781187,0.));
#3415 = ORIENTED_EDGE('',*,*,#3416,.F.);
#3416 = EDGE_CURVE('',#3417,#3408,#3419,.T.);
#3417 = VERTEX_POINT('',#3418);
#3418 = CARTESIAN_POINT('',(274.39771761182,336.79741805621,-12.7));
#3419 = CIRCLE('',#3420,3.174);
#3420 = AXIS2_PLACEMENT_3D('',#3421,#3422,#3423);
#3421 = CARTESIAN_POINT('',(272.15336068833,334.55306113272,-12.7));
#3422 = DIRECTION('',(0.,0.,1.));
#3423 = DIRECTION('',(-0.707106781187,0.707106781187,0.));
#3424 = ORIENTED_EDGE('',*,*,#3425,.F.);
#3425 = EDGE_CURVE('',#3426,#3417,#3428,.T.);
#3426 = VERTEX_POINT('',#3427);
#3427 = CARTESIAN_POINT('',(285.47242418061,325.72271148742,-12.7));
#3428 = LINE('',#3429,#3430);
#3429 = CARTESIAN_POINT('',(288.87546426117,322.31967140686,-12.7));
#3430 = VECTOR('',#3431,1.);
#3431 = DIRECTION('',(-0.707106781187,0.707106781187,0.));
#3432 = ORIENTED_EDGE('',*,*,#3433,.F.);
#3433 = EDGE_CURVE('',#3357,#3426,#3434,.T.);
#3434 = CIRCLE('',#3435,3.174);
#3435 = AXIS2_PLACEMENT_3D('',#3436,#3437,#3438);
#3436 = CARTESIAN_POINT('',(283.22806725712,323.47835456394,-12.7));
#3437 = DIRECTION('',(-0.,0.,1.));
#3438 = DIRECTION('',(0.707106781187,-0.707106781187,0.));
#3439 = FACE_BOUND('',#3440,.T.);
#3440 = EDGE_LOOP('',(#3441,#3452,#3460,#3469,#3477,#3486,#3494,#3503,
    #3512,#3520));
#3441 = ORIENTED_EDGE('',*,*,#3442,.F.);
#3442 = EDGE_CURVE('',#3443,#3445,#3447,.T.);
#3443 = VERTEX_POINT('',#3444);
#3444 = CARTESIAN_POINT('',(560.4588239746,102.32891146469,-12.7));
#3445 = VERTEX_POINT('',#3446);
#3446 = CARTESIAN_POINT('',(561.25006371978,100.23207347189,-12.7));
#3447 = CIRCLE('',#3448,3.174);
#3448 = AXIS2_PLACEMENT_3D('',#3449,#3450,#3451);
#3449 = CARTESIAN_POINT('',(563.6328239746,102.32891146469,-12.7));
#3450 = DIRECTION('',(0.,0.,1.));
#3451 = DIRECTION('',(-1.,0.,0.));
#3452 = ORIENTED_EDGE('',*,*,#3453,.F.);
#3453 = EDGE_CURVE('',#3454,#3443,#3456,.T.);
#3454 = VERTEX_POINT('',#3455);
#3455 = CARTESIAN_POINT('',(560.4588239746,115.95891162872,-12.7));
#3456 = LINE('',#3457,#3458);
#3457 = CARTESIAN_POINT('',(560.4588239746,61.153955814362,-12.7));
#3458 = VECTOR('',#3459,1.);
#3459 = DIRECTION('',(0.,-1.,0.));
#3460 = ORIENTED_EDGE('',*,*,#3461,.F.);
#3461 = EDGE_CURVE('',#3462,#3454,#3464,.T.);
#3462 = VERTEX_POINT('',#3463);
#3463 = CARTESIAN_POINT('',(563.6328239746,119.13291162872,-12.7));
#3464 = CIRCLE('',#3465,3.174);
#3465 = AXIS2_PLACEMENT_3D('',#3466,#3467,#3468);
#3466 = CARTESIAN_POINT('',(563.6328239746,115.95891162872,-12.7));
#3467 = DIRECTION('',(0.,-0.,1.));
#3468 = DIRECTION('',(0.,1.,0.));
#3469 = ORIENTED_EDGE('',*,*,#3470,.T.);
#3470 = EDGE_CURVE('',#3462,#3471,#3473,.T.);
#3471 = VERTEX_POINT('',#3472);
#3472 = CARTESIAN_POINT('',(579.29482420349,119.13291162872,-12.7));
#3473 = LINE('',#3474,#3475);
#3474 = CARTESIAN_POINT('',(292.82191210174,119.13291162872,-12.7));
#3475 = VECTOR('',#3476,1.);
#3476 = DIRECTION('',(1.,0.,0.));
#3477 = ORIENTED_EDGE('',*,*,#3478,.F.);
#3478 = EDGE_CURVE('',#3479,#3471,#3481,.T.);
#3479 = VERTEX_POINT('',#3480);
#3480 = CARTESIAN_POINT('',(582.46882420349,115.95891162872,-12.7));
#3481 = CIRCLE('',#3482,3.174);
#3482 = AXIS2_PLACEMENT_3D('',#3483,#3484,#3485);
#3483 = CARTESIAN_POINT('',(579.29482420349,115.95891162872,-12.7));
#3484 = DIRECTION('',(0.,0.,1.));
#3485 = DIRECTION('',(1.,0.,0.));
#3486 = ORIENTED_EDGE('',*,*,#3487,.T.);
#3487 = EDGE_CURVE('',#3479,#3488,#3490,.T.);
#3488 = VERTEX_POINT('',#3489);
#3489 = CARTESIAN_POINT('',(582.46882420349,102.32891146469,-12.7));
#3490 = LINE('',#3491,#3492);
#3491 = CARTESIAN_POINT('',(582.46882420349,61.153955814362,-12.7));
#3492 = VECTOR('',#3493,1.);
#3493 = DIRECTION('',(0.,-1.,0.));
#3494 = ORIENTED_EDGE('',*,*,#3495,.F.);
#3495 = EDGE_CURVE('',#3496,#3488,#3498,.T.);
#3496 = VERTEX_POINT('',#3497);
#3497 = CARTESIAN_POINT('',(581.1695844583,99.767749621527,-12.7));
#3498 = CIRCLE('',#3499,3.174);
#3499 = AXIS2_PLACEMENT_3D('',#3500,#3501,#3502);
#3500 = CARTESIAN_POINT('',(579.29482420349,102.32891146469,-12.7));
#3501 = DIRECTION('',(0.,0.,1.));
#3502 = DIRECTION('',(1.,0.,0.));
#3503 = ORIENTED_EDGE('',*,*,#3504,.F.);
#3504 = EDGE_CURVE('',#3505,#3496,#3507,.T.);
#3505 = VERTEX_POINT('',#3506);
#3506 = CARTESIAN_POINT('',(579.29482420349,99.154911464691,-12.7));
#3507 = CIRCLE('',#3508,3.174);
#3508 = AXIS2_PLACEMENT_3D('',#3509,#3510,#3511);
#3509 = CARTESIAN_POINT('',(579.29482420349,102.32891146469,-12.7));
#3510 = DIRECTION('',(0.,0.,1.));
#3511 = DIRECTION('',(1.,0.,0.));
#3512 = ORIENTED_EDGE('',*,*,#3513,.F.);
#3513 = EDGE_CURVE('',#3514,#3505,#3516,.T.);
#3514 = VERTEX_POINT('',#3515);
#3515 = CARTESIAN_POINT('',(563.6328239746,99.154911464691,-12.7));
#3516 = LINE('',#3517,#3518);
#3517 = CARTESIAN_POINT('',(292.82191210174,99.154911464691,-12.7));
#3518 = VECTOR('',#3519,1.);
#3519 = DIRECTION('',(1.,0.,0.));
#3520 = ORIENTED_EDGE('',*,*,#3521,.F.);
#3521 = EDGE_CURVE('',#3445,#3514,#3522,.T.);
#3522 = CIRCLE('',#3523,3.174);
#3523 = AXIS2_PLACEMENT_3D('',#3524,#3525,#3526);
#3524 = CARTESIAN_POINT('',(563.6328239746,102.32891146469,-12.7));
#3525 = DIRECTION('',(0.,0.,1.));
#3526 = DIRECTION('',(-1.,0.,0.));
#3527 = FACE_BOUND('',#3528,.T.);
#3528 = EDGE_LOOP('',(#3529,#3540,#3548,#3557,#3565,#3574,#3582,#3591,
    #3600,#3608));
#3529 = ORIENTED_EDGE('',*,*,#3530,.F.);
#3530 = EDGE_CURVE('',#3531,#3533,#3535,.T.);
#3531 = VERTEX_POINT('',#3532);
#3532 = CARTESIAN_POINT('',(570.4588239746,309.32891146469,-12.7));
#3533 = VERTEX_POINT('',#3534);
#3534 = CARTESIAN_POINT('',(571.25006371978,307.23207347189,-12.7));
#3535 = CIRCLE('',#3536,3.174);
#3536 = AXIS2_PLACEMENT_3D('',#3537,#3538,#3539);
#3537 = CARTESIAN_POINT('',(573.6328239746,309.32891146469,-12.7));
#3538 = DIRECTION('',(0.,0.,1.));
#3539 = DIRECTION('',(-1.,0.,0.));
#3540 = ORIENTED_EDGE('',*,*,#3541,.F.);
#3541 = EDGE_CURVE('',#3542,#3531,#3544,.T.);
#3542 = VERTEX_POINT('',#3543);
#3543 = CARTESIAN_POINT('',(570.4588239746,322.95891162872,-12.7));
#3544 = LINE('',#3545,#3546);
#3545 = CARTESIAN_POINT('',(570.4588239746,164.65395581436,-12.7));
#3546 = VECTOR('',#3547,1.);
#3547 = DIRECTION('',(0.,-1.,0.));
#3548 = ORIENTED_EDGE('',*,*,#3549,.F.);
#3549 = EDGE_CURVE('',#3550,#3542,#3552,.T.);
#3550 = VERTEX_POINT('',#3551);
#3551 = CARTESIAN_POINT('',(573.6328239746,326.13291162872,-12.7));
#3552 = CIRCLE('',#3553,3.174);
#3553 = AXIS2_PLACEMENT_3D('',#3554,#3555,#3556);
#3554 = CARTESIAN_POINT('',(573.6328239746,322.95891162872,-12.7));
#3555 = DIRECTION('',(0.,-0.,1.));
#3556 = DIRECTION('',(0.,1.,0.));
#3557 = ORIENTED_EDGE('',*,*,#3558,.T.);
#3558 = EDGE_CURVE('',#3550,#3559,#3561,.T.);
#3559 = VERTEX_POINT('',#3560);
#3560 = CARTESIAN_POINT('',(589.29482420349,326.13291162872,-12.7));
#3561 = LINE('',#3562,#3563);
#3562 = CARTESIAN_POINT('',(297.82191210174,326.13291162872,-12.7));
#3563 = VECTOR('',#3564,1.);
#3564 = DIRECTION('',(1.,0.,0.));
#3565 = ORIENTED_EDGE('',*,*,#3566,.F.);
#3566 = EDGE_CURVE('',#3567,#3559,#3569,.T.);
#3567 = VERTEX_POINT('',#3568);
#3568 = CARTESIAN_POINT('',(592.46882420349,322.95891162872,-12.7));
#3569 = CIRCLE('',#3570,3.174);
#3570 = AXIS2_PLACEMENT_3D('',#3571,#3572,#3573);
#3571 = CARTESIAN_POINT('',(589.29482420349,322.95891162872,-12.7));
#3572 = DIRECTION('',(0.,0.,1.));
#3573 = DIRECTION('',(1.,0.,0.));
#3574 = ORIENTED_EDGE('',*,*,#3575,.T.);
#3575 = EDGE_CURVE('',#3567,#3576,#3578,.T.);
#3576 = VERTEX_POINT('',#3577);
#3577 = CARTESIAN_POINT('',(592.46882420349,309.32891146469,-12.7));
#3578 = LINE('',#3579,#3580);
#3579 = CARTESIAN_POINT('',(592.46882420349,164.65395581436,-12.7));
#3580 = VECTOR('',#3581,1.);
#3581 = DIRECTION('',(0.,-1.,0.));
#3582 = ORIENTED_EDGE('',*,*,#3583,.F.);
#3583 = EDGE_CURVE('',#3584,#3576,#3586,.T.);
#3584 = VERTEX_POINT('',#3585);
#3585 = CARTESIAN_POINT('',(591.16958445832,306.76774962151,-12.7));
#3586 = CIRCLE('',#3587,3.174);
#3587 = AXIS2_PLACEMENT_3D('',#3588,#3589,#3590);
#3588 = CARTESIAN_POINT('',(589.29482420349,309.32891146469,-12.7));
#3589 = DIRECTION('',(0.,0.,1.));
#3590 = DIRECTION('',(1.,0.,0.));
#3591 = ORIENTED_EDGE('',*,*,#3592,.F.);
#3592 = EDGE_CURVE('',#3593,#3584,#3595,.T.);
#3593 = VERTEX_POINT('',#3594);
#3594 = CARTESIAN_POINT('',(589.29482420349,306.15491146469,-12.7));
#3595 = CIRCLE('',#3596,3.174);
#3596 = AXIS2_PLACEMENT_3D('',#3597,#3598,#3599);
#3597 = CARTESIAN_POINT('',(589.29482420349,309.32891146469,-12.7));
#3598 = DIRECTION('',(0.,0.,1.));
#3599 = DIRECTION('',(1.,0.,0.));
#3600 = ORIENTED_EDGE('',*,*,#3601,.F.);
#3601 = EDGE_CURVE('',#3602,#3593,#3604,.T.);
#3602 = VERTEX_POINT('',#3603);
#3603 = CARTESIAN_POINT('',(573.6328239746,306.15491146469,-12.7));
#3604 = LINE('',#3605,#3606);
#3605 = CARTESIAN_POINT('',(297.82191210174,306.15491146469,-12.7));
#3606 = VECTOR('',#3607,1.);
#3607 = DIRECTION('',(1.,0.,0.));
#3608 = ORIENTED_EDGE('',*,*,#3609,.F.);
#3609 = EDGE_CURVE('',#3533,#3602,#3610,.T.);
#3610 = CIRCLE('',#3611,3.174);
#3611 = AXIS2_PLACEMENT_3D('',#3612,#3613,#3614);
#3612 = CARTESIAN_POINT('',(573.6328239746,309.32891146469,-12.7));
#3613 = DIRECTION('',(0.,0.,1.));
#3614 = DIRECTION('',(-1.,0.,0.));
#3615 = FACE_BOUND('',#3616,.T.);
#3616 = EDGE_LOOP('',(#3617,#3627,#3636,#3644,#3653,#3661,#3670,#3678));
#3617 = ORIENTED_EDGE('',*,*,#3618,.F.);
#3618 = EDGE_CURVE('',#3619,#3621,#3623,.T.);
#3619 = VERTEX_POINT('',#3620);
#3620 = CARTESIAN_POINT('',(462.794,239.326,-12.7));
#3621 = VERTEX_POINT('',#3622);
#3622 = CARTESIAN_POINT('',(462.794,220.674,-12.7));
#3623 = LINE('',#3624,#3625);
#3624 = CARTESIAN_POINT('',(462.794,242.5,-12.7));
#3625 = VECTOR('',#3626,1.);
#3626 = DIRECTION('',(0.,-1.,0.));
#3627 = ORIENTED_EDGE('',*,*,#3628,.F.);
#3628 = EDGE_CURVE('',#3629,#3619,#3631,.T.);
#3629 = VERTEX_POINT('',#3630);
#3630 = CARTESIAN_POINT('',(465.968,242.5,-12.7));
#3631 = CIRCLE('',#3632,3.174);
#3632 = AXIS2_PLACEMENT_3D('',#3633,#3634,#3635);
#3633 = CARTESIAN_POINT('',(465.968,239.326,-12.7));
#3634 = DIRECTION('',(0.,-0.,1.));
#3635 = DIRECTION('',(0.,1.,0.));
#3636 = ORIENTED_EDGE('',*,*,#3637,.F.);
#3637 = EDGE_CURVE('',#3638,#3629,#3640,.T.);
#3638 = VERTEX_POINT('',#3639);
#3639 = CARTESIAN_POINT('',(466.12,242.5,-12.7));
#3640 = LINE('',#3641,#3642);
#3641 = CARTESIAN_POINT('',(469.294,242.5,-12.7));
#3642 = VECTOR('',#3643,1.);
#3643 = DIRECTION('',(-1.,0.,0.));
#3644 = ORIENTED_EDGE('',*,*,#3645,.F.);
#3645 = EDGE_CURVE('',#3646,#3638,#3648,.T.);
#3646 = VERTEX_POINT('',#3647);
#3647 = CARTESIAN_POINT('',(469.294,239.326,-12.7));
#3648 = CIRCLE('',#3649,3.174);
#3649 = AXIS2_PLACEMENT_3D('',#3650,#3651,#3652);
#3650 = CARTESIAN_POINT('',(466.12,239.326,-12.7));
#3651 = DIRECTION('',(0.,-0.,1.));
#3652 = DIRECTION('',(0.,1.,0.));
#3653 = ORIENTED_EDGE('',*,*,#3654,.T.);
#3654 = EDGE_CURVE('',#3646,#3655,#3657,.T.);
#3655 = VERTEX_POINT('',#3656);
#3656 = CARTESIAN_POINT('',(469.294,220.674,-12.7));
#3657 = LINE('',#3658,#3659);
#3658 = CARTESIAN_POINT('',(469.294,242.5,-12.7));
#3659 = VECTOR('',#3660,1.);
#3660 = DIRECTION('',(0.,-1.,0.));
#3661 = ORIENTED_EDGE('',*,*,#3662,.T.);
#3662 = EDGE_CURVE('',#3655,#3663,#3665,.T.);
#3663 = VERTEX_POINT('',#3664);
#3664 = CARTESIAN_POINT('',(466.12,217.5,-12.7));
#3665 = CIRCLE('',#3666,3.174);
#3666 = AXIS2_PLACEMENT_3D('',#3667,#3668,#3669);
#3667 = CARTESIAN_POINT('',(466.12,220.674,-12.7));
#3668 = DIRECTION('',(0.,0.,-1.));
#3669 = DIRECTION('',(0.,1.,0.));
#3670 = ORIENTED_EDGE('',*,*,#3671,.T.);
#3671 = EDGE_CURVE('',#3663,#3672,#3674,.T.);
#3672 = VERTEX_POINT('',#3673);
#3673 = CARTESIAN_POINT('',(465.968,217.5,-12.7));
#3674 = LINE('',#3675,#3676);
#3675 = CARTESIAN_POINT('',(469.294,217.5,-12.7));
#3676 = VECTOR('',#3677,1.);
#3677 = DIRECTION('',(-1.,0.,0.));
#3678 = ORIENTED_EDGE('',*,*,#3679,.F.);
#3679 = EDGE_CURVE('',#3621,#3672,#3680,.T.);
#3680 = CIRCLE('',#3681,3.174);
#3681 = AXIS2_PLACEMENT_3D('',#3682,#3683,#3684);
#3682 = CARTESIAN_POINT('',(465.968,220.674,-12.7));
#3683 = DIRECTION('',(0.,-0.,1.));
#3684 = DIRECTION('',(0.,1.,0.));
#3685 = FACE_BOUND('',#3686,.T.);
#3686 = EDGE_LOOP('',(#3687,#3697,#3706,#3714,#3723,#3731,#3740,#3748));
#3687 = ORIENTED_EDGE('',*,*,#3688,.F.);
#3688 = EDGE_CURVE('',#3689,#3691,#3693,.T.);
#3689 = VERTEX_POINT('',#3690);
#3690 = CARTESIAN_POINT('',(522.794,109.326,-12.7));
#3691 = VERTEX_POINT('',#3692);
#3692 = CARTESIAN_POINT('',(522.794,90.674,-12.7));
#3693 = LINE('',#3694,#3695);
#3694 = CARTESIAN_POINT('',(522.794,112.5,-12.7));
#3695 = VECTOR('',#3696,1.);
#3696 = DIRECTION('',(0.,-1.,0.));
#3697 = ORIENTED_EDGE('',*,*,#3698,.F.);
#3698 = EDGE_CURVE('',#3699,#3689,#3701,.T.);
#3699 = VERTEX_POINT('',#3700);
#3700 = CARTESIAN_POINT('',(525.968,112.5,-12.7));
#3701 = CIRCLE('',#3702,3.174);
#3702 = AXIS2_PLACEMENT_3D('',#3703,#3704,#3705);
#3703 = CARTESIAN_POINT('',(525.968,109.326,-12.7));
#3704 = DIRECTION('',(0.,-0.,1.));
#3705 = DIRECTION('',(0.,1.,0.));
#3706 = ORIENTED_EDGE('',*,*,#3707,.F.);
#3707 = EDGE_CURVE('',#3708,#3699,#3710,.T.);
#3708 = VERTEX_POINT('',#3709);
#3709 = CARTESIAN_POINT('',(526.12,112.5,-12.7));
#3710 = LINE('',#3711,#3712);
#3711 = CARTESIAN_POINT('',(529.294,112.5,-12.7));
#3712 = VECTOR('',#3713,1.);
#3713 = DIRECTION('',(-1.,0.,0.));
#3714 = ORIENTED_EDGE('',*,*,#3715,.F.);
#3715 = EDGE_CURVE('',#3716,#3708,#3718,.T.);
#3716 = VERTEX_POINT('',#3717);
#3717 = CARTESIAN_POINT('',(529.294,109.326,-12.7));
#3718 = CIRCLE('',#3719,3.174);
#3719 = AXIS2_PLACEMENT_3D('',#3720,#3721,#3722);
#3720 = CARTESIAN_POINT('',(526.12,109.326,-12.7));
#3721 = DIRECTION('',(0.,-0.,1.));
#3722 = DIRECTION('',(0.,1.,0.));
#3723 = ORIENTED_EDGE('',*,*,#3724,.T.);
#3724 = EDGE_CURVE('',#3716,#3725,#3727,.T.);
#3725 = VERTEX_POINT('',#3726);
#3726 = CARTESIAN_POINT('',(529.294,90.674,-12.7));
#3727 = LINE('',#3728,#3729);
#3728 = CARTESIAN_POINT('',(529.294,112.5,-12.7));
#3729 = VECTOR('',#3730,1.);
#3730 = DIRECTION('',(0.,-1.,0.));
#3731 = ORIENTED_EDGE('',*,*,#3732,.T.);
#3732 = EDGE_CURVE('',#3725,#3733,#3735,.T.);
#3733 = VERTEX_POINT('',#3734);
#3734 = CARTESIAN_POINT('',(526.12,87.5,-12.7));
#3735 = CIRCLE('',#3736,3.174);
#3736 = AXIS2_PLACEMENT_3D('',#3737,#3738,#3739);
#3737 = CARTESIAN_POINT('',(526.12,90.674,-12.7));
#3738 = DIRECTION('',(0.,0.,-1.));
#3739 = DIRECTION('',(0.,1.,0.));
#3740 = ORIENTED_EDGE('',*,*,#3741,.T.);
#3741 = EDGE_CURVE('',#3733,#3742,#3744,.T.);
#3742 = VERTEX_POINT('',#3743);
#3743 = CARTESIAN_POINT('',(525.968,87.5,-12.7));
#3744 = LINE('',#3745,#3746);
#3745 = CARTESIAN_POINT('',(529.294,87.5,-12.7));
#3746 = VECTOR('',#3747,1.);
#3747 = DIRECTION('',(-1.,0.,0.));
#3748 = ORIENTED_EDGE('',*,*,#3749,.F.);
#3749 = EDGE_CURVE('',#3691,#3742,#3750,.T.);
#3750 = CIRCLE('',#3751,3.174);
#3751 = AXIS2_PLACEMENT_3D('',#3752,#3753,#3754);
#3752 = CARTESIAN_POINT('',(525.968,90.674,-12.7));
#3753 = DIRECTION('',(0.,-0.,1.));
#3754 = DIRECTION('',(0.,1.,0.));
#3755 = FACE_BOUND('',#3756,.T.);
#3756 = EDGE_LOOP('',(#3757,#3767,#3776,#3784,#3793,#3801,#3810,#3818));
#3757 = ORIENTED_EDGE('',*,*,#3758,.F.);
#3758 = EDGE_CURVE('',#3759,#3761,#3763,.T.);
#3759 = VERTEX_POINT('',#3760);
#3760 = CARTESIAN_POINT('',(462.794,50.326,-12.7));
#3761 = VERTEX_POINT('',#3762);
#3762 = CARTESIAN_POINT('',(462.794,31.674,-12.7));
#3763 = LINE('',#3764,#3765);
#3764 = CARTESIAN_POINT('',(462.794,53.5,-12.7));
#3765 = VECTOR('',#3766,1.);
#3766 = DIRECTION('',(0.,-1.,0.));
#3767 = ORIENTED_EDGE('',*,*,#3768,.F.);
#3768 = EDGE_CURVE('',#3769,#3759,#3771,.T.);
#3769 = VERTEX_POINT('',#3770);
#3770 = CARTESIAN_POINT('',(465.968,53.5,-12.7));
#3771 = CIRCLE('',#3772,3.174);
#3772 = AXIS2_PLACEMENT_3D('',#3773,#3774,#3775);
#3773 = CARTESIAN_POINT('',(465.968,50.326,-12.7));
#3774 = DIRECTION('',(0.,-0.,1.));
#3775 = DIRECTION('',(0.,1.,0.));
#3776 = ORIENTED_EDGE('',*,*,#3777,.F.);
#3777 = EDGE_CURVE('',#3778,#3769,#3780,.T.);
#3778 = VERTEX_POINT('',#3779);
#3779 = CARTESIAN_POINT('',(466.12,53.5,-12.7));
#3780 = LINE('',#3781,#3782);
#3781 = CARTESIAN_POINT('',(469.294,53.5,-12.7));
#3782 = VECTOR('',#3783,1.);
#3783 = DIRECTION('',(-1.,0.,0.));
#3784 = ORIENTED_EDGE('',*,*,#3785,.F.);
#3785 = EDGE_CURVE('',#3786,#3778,#3788,.T.);
#3786 = VERTEX_POINT('',#3787);
#3787 = CARTESIAN_POINT('',(469.294,50.326,-12.7));
#3788 = CIRCLE('',#3789,3.174);
#3789 = AXIS2_PLACEMENT_3D('',#3790,#3791,#3792);
#3790 = CARTESIAN_POINT('',(466.12,50.326,-12.7));
#3791 = DIRECTION('',(0.,-0.,1.));
#3792 = DIRECTION('',(0.,1.,0.));
#3793 = ORIENTED_EDGE('',*,*,#3794,.T.);
#3794 = EDGE_CURVE('',#3786,#3795,#3797,.T.);
#3795 = VERTEX_POINT('',#3796);
#3796 = CARTESIAN_POINT('',(469.294,31.674,-12.7));
#3797 = LINE('',#3798,#3799);
#3798 = CARTESIAN_POINT('',(469.294,53.5,-12.7));
#3799 = VECTOR('',#3800,1.);
#3800 = DIRECTION('',(0.,-1.,0.));
#3801 = ORIENTED_EDGE('',*,*,#3802,.T.);
#3802 = EDGE_CURVE('',#3795,#3803,#3805,.T.);
#3803 = VERTEX_POINT('',#3804);
#3804 = CARTESIAN_POINT('',(466.12,28.5,-12.7));
#3805 = CIRCLE('',#3806,3.174);
#3806 = AXIS2_PLACEMENT_3D('',#3807,#3808,#3809);
#3807 = CARTESIAN_POINT('',(466.12,31.674,-12.7));
#3808 = DIRECTION('',(0.,0.,-1.));
#3809 = DIRECTION('',(0.,1.,0.));
#3810 = ORIENTED_EDGE('',*,*,#3811,.T.);
#3811 = EDGE_CURVE('',#3803,#3812,#3814,.T.);
#3812 = VERTEX_POINT('',#3813);
#3813 = CARTESIAN_POINT('',(465.968,28.5,-12.7));
#3814 = LINE('',#3815,#3816);
#3815 = CARTESIAN_POINT('',(469.294,28.5,-12.7));
#3816 = VECTOR('',#3817,1.);
#3817 = DIRECTION('',(-1.,0.,0.));
#3818 = ORIENTED_EDGE('',*,*,#3819,.F.);
#3819 = EDGE_CURVE('',#3761,#3812,#3820,.T.);
#3820 = CIRCLE('',#3821,3.174);
#3821 = AXIS2_PLACEMENT_3D('',#3822,#3823,#3824);
#3822 = CARTESIAN_POINT('',(465.968,31.674,-12.7));
#3823 = DIRECTION('',(0.,-0.,1.));
#3824 = DIRECTION('',(0.,1.,0.));
#3825 = FACE_BOUND('',#3826,.T.);
#3826 = EDGE_LOOP('',(#3827,#3837,#3846,#3854,#3863,#3871,#3880,#3888));
#3827 = ORIENTED_EDGE('',*,*,#3828,.F.);
#3828 = EDGE_CURVE('',#3829,#3831,#3833,.T.);
#3829 = VERTEX_POINT('',#3830);
#3830 = CARTESIAN_POINT('',(292.326,240.206,-12.7));
#3831 = VERTEX_POINT('',#3832);
#3832 = CARTESIAN_POINT('',(273.674,240.206,-12.7));
#3833 = LINE('',#3834,#3835);
#3834 = CARTESIAN_POINT('',(295.5,240.206,-12.7));
#3835 = VECTOR('',#3836,1.);
#3836 = DIRECTION('',(-1.,0.,0.));
#3837 = ORIENTED_EDGE('',*,*,#3838,.F.);
#3838 = EDGE_CURVE('',#3839,#3829,#3841,.T.);
#3839 = VERTEX_POINT('',#3840);
#3840 = CARTESIAN_POINT('',(295.5,237.032,-12.7));
#3841 = CIRCLE('',#3842,3.174);
#3842 = AXIS2_PLACEMENT_3D('',#3843,#3844,#3845);
#3843 = CARTESIAN_POINT('',(292.326,237.032,-12.7));
#3844 = DIRECTION('',(0.,0.,1.));
#3845 = DIRECTION('',(1.,0.,0.));
#3846 = ORIENTED_EDGE('',*,*,#3847,.F.);
#3847 = EDGE_CURVE('',#3848,#3839,#3850,.T.);
#3848 = VERTEX_POINT('',#3849);
#3849 = CARTESIAN_POINT('',(295.5,236.88,-12.7));
#3850 = LINE('',#3851,#3852);
#3851 = CARTESIAN_POINT('',(295.5,233.706,-12.7));
#3852 = VECTOR('',#3853,1.);
#3853 = DIRECTION('',(0.,1.,0.));
#3854 = ORIENTED_EDGE('',*,*,#3855,.F.);
#3855 = EDGE_CURVE('',#3856,#3848,#3858,.T.);
#3856 = VERTEX_POINT('',#3857);
#3857 = CARTESIAN_POINT('',(292.326,233.706,-12.7));
#3858 = CIRCLE('',#3859,3.174);
#3859 = AXIS2_PLACEMENT_3D('',#3860,#3861,#3862);
#3860 = CARTESIAN_POINT('',(292.326,236.88,-12.7));
#3861 = DIRECTION('',(0.,0.,1.));
#3862 = DIRECTION('',(1.,0.,0.));
#3863 = ORIENTED_EDGE('',*,*,#3864,.T.);
#3864 = EDGE_CURVE('',#3856,#3865,#3867,.T.);
#3865 = VERTEX_POINT('',#3866);
#3866 = CARTESIAN_POINT('',(273.674,233.706,-12.7));
#3867 = LINE('',#3868,#3869);
#3868 = CARTESIAN_POINT('',(295.5,233.706,-12.7));
#3869 = VECTOR('',#3870,1.);
#3870 = DIRECTION('',(-1.,0.,0.));
#3871 = ORIENTED_EDGE('',*,*,#3872,.T.);
#3872 = EDGE_CURVE('',#3865,#3873,#3875,.T.);
#3873 = VERTEX_POINT('',#3874);
#3874 = CARTESIAN_POINT('',(270.5,236.88,-12.7));
#3875 = CIRCLE('',#3876,3.174);
#3876 = AXIS2_PLACEMENT_3D('',#3877,#3878,#3879);
#3877 = CARTESIAN_POINT('',(273.674,236.88,-12.7));
#3878 = DIRECTION('',(0.,0.,-1.));
#3879 = DIRECTION('',(1.,0.,0.));
#3880 = ORIENTED_EDGE('',*,*,#3881,.T.);
#3881 = EDGE_CURVE('',#3873,#3882,#3884,.T.);
#3882 = VERTEX_POINT('',#3883);
#3883 = CARTESIAN_POINT('',(270.5,237.032,-12.7));
#3884 = LINE('',#3885,#3886);
#3885 = CARTESIAN_POINT('',(270.5,233.706,-12.7));
#3886 = VECTOR('',#3887,1.);
#3887 = DIRECTION('',(0.,1.,0.));
#3888 = ORIENTED_EDGE('',*,*,#3889,.F.);
#3889 = EDGE_CURVE('',#3831,#3882,#3890,.T.);
#3890 = CIRCLE('',#3891,3.174);
#3891 = AXIS2_PLACEMENT_3D('',#3892,#3893,#3894);
#3892 = CARTESIAN_POINT('',(273.674,237.032,-12.7));
#3893 = DIRECTION('',(0.,0.,1.));
#3894 = DIRECTION('',(1.,0.,0.));
#3895 = FACE_BOUND('',#3896,.T.);
#3896 = EDGE_LOOP('',(#3897,#3907,#3916,#3924,#3933,#3941,#3950,#3958));
#3897 = ORIENTED_EDGE('',*,*,#3898,.F.);
#3898 = EDGE_CURVE('',#3899,#3901,#3903,.T.);
#3899 = VERTEX_POINT('',#3900);
#3900 = CARTESIAN_POINT('',(543.206,297.674,-12.7));
#3901 = VERTEX_POINT('',#3902);
#3902 = CARTESIAN_POINT('',(543.206,316.326,-12.7));
#3903 = LINE('',#3904,#3905);
#3904 = CARTESIAN_POINT('',(543.206,294.5,-12.7));
#3905 = VECTOR('',#3906,1.);
#3906 = DIRECTION('',(0.,1.,0.));
#3907 = ORIENTED_EDGE('',*,*,#3908,.F.);
#3908 = EDGE_CURVE('',#3909,#3899,#3911,.T.);
#3909 = VERTEX_POINT('',#3910);
#3910 = CARTESIAN_POINT('',(540.032,294.5,-12.7));
#3911 = CIRCLE('',#3912,3.174);
#3912 = AXIS2_PLACEMENT_3D('',#3913,#3914,#3915);
#3913 = CARTESIAN_POINT('',(540.032,297.674,-12.7));
#3914 = DIRECTION('',(-0.,0.,1.));
#3915 = DIRECTION('',(0.,-1.,0.));
#3916 = ORIENTED_EDGE('',*,*,#3917,.F.);
#3917 = EDGE_CURVE('',#3918,#3909,#3920,.T.);
#3918 = VERTEX_POINT('',#3919);
#3919 = CARTESIAN_POINT('',(539.88,294.5,-12.7));
#3920 = LINE('',#3921,#3922);
#3921 = CARTESIAN_POINT('',(536.706,294.5,-12.7));
#3922 = VECTOR('',#3923,1.);
#3923 = DIRECTION('',(1.,0.,0.));
#3924 = ORIENTED_EDGE('',*,*,#3925,.F.);
#3925 = EDGE_CURVE('',#3926,#3918,#3928,.T.);
#3926 = VERTEX_POINT('',#3927);
#3927 = CARTESIAN_POINT('',(536.706,297.674,-12.7));
#3928 = CIRCLE('',#3929,3.174);
#3929 = AXIS2_PLACEMENT_3D('',#3930,#3931,#3932);
#3930 = CARTESIAN_POINT('',(539.88,297.674,-12.7));
#3931 = DIRECTION('',(-0.,0.,1.));
#3932 = DIRECTION('',(0.,-1.,0.));
#3933 = ORIENTED_EDGE('',*,*,#3934,.T.);
#3934 = EDGE_CURVE('',#3926,#3935,#3937,.T.);
#3935 = VERTEX_POINT('',#3936);
#3936 = CARTESIAN_POINT('',(536.706,316.326,-12.7));
#3937 = LINE('',#3938,#3939);
#3938 = CARTESIAN_POINT('',(536.706,294.5,-12.7));
#3939 = VECTOR('',#3940,1.);
#3940 = DIRECTION('',(0.,1.,0.));
#3941 = ORIENTED_EDGE('',*,*,#3942,.T.);
#3942 = EDGE_CURVE('',#3935,#3943,#3945,.T.);
#3943 = VERTEX_POINT('',#3944);
#3944 = CARTESIAN_POINT('',(539.88,319.5,-12.7));
#3945 = CIRCLE('',#3946,3.174);
#3946 = AXIS2_PLACEMENT_3D('',#3947,#3948,#3949);
#3947 = CARTESIAN_POINT('',(539.88,316.326,-12.7));
#3948 = DIRECTION('',(-0.,-0.,-1.));
#3949 = DIRECTION('',(0.,-1.,0.));
#3950 = ORIENTED_EDGE('',*,*,#3951,.T.);
#3951 = EDGE_CURVE('',#3943,#3952,#3954,.T.);
#3952 = VERTEX_POINT('',#3953);
#3953 = CARTESIAN_POINT('',(540.032,319.5,-12.7));
#3954 = LINE('',#3955,#3956);
#3955 = CARTESIAN_POINT('',(536.706,319.5,-12.7));
#3956 = VECTOR('',#3957,1.);
#3957 = DIRECTION('',(1.,0.,0.));
#3958 = ORIENTED_EDGE('',*,*,#3959,.F.);
#3959 = EDGE_CURVE('',#3901,#3952,#3960,.T.);
#3960 = CIRCLE('',#3961,3.174);
#3961 = AXIS2_PLACEMENT_3D('',#3962,#3963,#3964);
#3962 = CARTESIAN_POINT('',(540.032,316.326,-12.7));
#3963 = DIRECTION('',(-0.,0.,1.));
#3964 = DIRECTION('',(0.,-1.,0.));
#3965 = FACE_BOUND('',#3966,.T.);
#3966 = EDGE_LOOP('',(#3967));
#3967 = ORIENTED_EDGE('',*,*,#3968,.T.);
#3968 = EDGE_CURVE('',#3969,#3969,#3971,.T.);
#3969 = VERTEX_POINT('',#3970);
#3970 = CARTESIAN_POINT('',(361.15625,342.9,-12.7));
#3971 = CIRCLE('',#3972,7.14375);
#3972 = AXIS2_PLACEMENT_3D('',#3973,#3974,#3975);
#3973 = CARTESIAN_POINT('',(368.3,342.9,-12.7));
#3974 = DIRECTION('',(0.,0.,-1.));
#3975 = DIRECTION('',(-1.,0.,0.));
#3976 = FACE_BOUND('',#3977,.T.);
#3977 = EDGE_LOOP('',(#3978));
#3978 = ORIENTED_EDGE('',*,*,#3979,.T.);
#3979 = EDGE_CURVE('',#3980,#3980,#3982,.T.);
#3980 = VERTEX_POINT('',#3981);
#3981 = CARTESIAN_POINT('',(488.15625,12.7,-12.7));
#3982 = CIRCLE('',#3983,7.14375);
#3983 = AXIS2_PLACEMENT_3D('',#3984,#3985,#3986);
#3984 = CARTESIAN_POINT('',(495.3,12.7,-12.7));
#3985 = DIRECTION('',(0.,0.,-1.));
#3986 = DIRECTION('',(-1.,0.,0.));
#3987 = FACE_BOUND('',#3988,.T.);
#3988 = EDGE_LOOP('',(#3989));
#3989 = ORIENTED_EDGE('',*,*,#3990,.T.);
#3990 = EDGE_CURVE('',#3991,#3991,#3993,.T.);
#3991 = VERTEX_POINT('',#3992);
#3992 = CARTESIAN_POINT('',(81.75625,317.5,-12.7));
#3993 = CIRCLE('',#3994,7.14375);
#3994 = AXIS2_PLACEMENT_3D('',#3995,#3996,#3997);
#3995 = CARTESIAN_POINT('',(88.9,317.5,-12.7));
#3996 = DIRECTION('',(0.,0.,-1.));
#3997 = DIRECTION('',(-1.,0.,0.));
#3998 = FACE_BOUND('',#3999,.T.);
#3999 = EDGE_LOOP('',(#4000));
#4000 = ORIENTED_EDGE('',*,*,#4001,.T.);
#4001 = EDGE_CURVE('',#4002,#4002,#4004,.T.);
#4002 = VERTEX_POINT('',#4003);
#4003 = CARTESIAN_POINT('',(81.75625,12.7,-12.7));
#4004 = CIRCLE('',#4005,7.14375);
#4005 = AXIS2_PLACEMENT_3D('',#4006,#4007,#4008);
#4006 = CARTESIAN_POINT('',(88.9,12.7,-12.7));
#4007 = DIRECTION('',(0.,0.,-1.));
#4008 = DIRECTION('',(-1.,0.,0.));
#4009 = FACE_BOUND('',#4010,.T.);
#4010 = EDGE_LOOP('',(#4011));
#4011 = ORIENTED_EDGE('',*,*,#4012,.T.);
#4012 = EDGE_CURVE('',#4013,#4013,#4015,.T.);
#4013 = VERTEX_POINT('',#4014);
#4014 = CARTESIAN_POINT('',(594.5252,220.836,-12.7));
#4015 = CIRCLE('',#4016,1.7272);
#4016 = AXIS2_PLACEMENT_3D('',#4017,#4018,#4019);
#4017 = CARTESIAN_POINT('',(592.798,220.836,-12.7));
#4018 = DIRECTION('',(0.,0.,-1.));
#4019 = DIRECTION('',(1.,0.,0.));
#4020 = FACE_BOUND('',#4021,.T.);
#4021 = EDGE_LOOP('',(#4022));
#4022 = ORIENTED_EDGE('',*,*,#4023,.T.);
#4023 = EDGE_CURVE('',#4024,#4024,#4026,.T.);
#4024 = VERTEX_POINT('',#4025);
#4025 = CARTESIAN_POINT('',(594.5252,155.836,-12.7));
#4026 = CIRCLE('',#4027,1.7272);
#4027 = AXIS2_PLACEMENT_3D('',#4028,#4029,#4030);
#4028 = CARTESIAN_POINT('',(592.798,155.836,-12.7));
#4029 = DIRECTION('',(0.,0.,-1.));
#4030 = DIRECTION('',(1.,0.,0.));
#4031 = FACE_BOUND('',#4032,.T.);
#4032 = EDGE_LOOP('',(#4033));
#4033 = ORIENTED_EDGE('',*,*,#4034,.T.);
#4034 = EDGE_CURVE('',#4035,#4035,#4037,.T.);
#4035 = VERTEX_POINT('',#4036);
#4036 = CARTESIAN_POINT('',(594.5252,174.164,-12.7));
#4037 = CIRCLE('',#4038,1.7272);
#4038 = AXIS2_PLACEMENT_3D('',#4039,#4040,#4041);
#4039 = CARTESIAN_POINT('',(592.798,174.164,-12.7));
#4040 = DIRECTION('',(0.,0.,-1.));
#4041 = DIRECTION('',(1.,0.,0.));
#4042 = FACE_BOUND('',#4043,.T.);
#4043 = EDGE_LOOP('',(#4044));
#4044 = ORIENTED_EDGE('',*,*,#4045,.T.);
#4045 = EDGE_CURVE('',#4046,#4046,#4048,.T.);
#4046 = VERTEX_POINT('',#4047);
#4047 = CARTESIAN_POINT('',(594.5252,239.164,-12.7));
#4048 = CIRCLE('',#4049,1.7272);
#4049 = AXIS2_PLACEMENT_3D('',#4050,#4051,#4052);
#4050 = CARTESIAN_POINT('',(592.798,239.164,-12.7));
#4051 = DIRECTION('',(0.,0.,-1.));
#4052 = DIRECTION('',(1.,0.,0.));
#4053 = FACE_BOUND('',#4054,.T.);
#4054 = EDGE_LOOP('',(#4055));
#4055 = ORIENTED_EDGE('',*,*,#4056,.T.);
#4056 = EDGE_CURVE('',#4057,#4057,#4059,.T.);
#4057 = VERTEX_POINT('',#4058);
#4058 = CARTESIAN_POINT('',(594.5252,50.164,-12.7));
#4059 = CIRCLE('',#4060,1.7272);
#4060 = AXIS2_PLACEMENT_3D('',#4061,#4062,#4063);
#4061 = CARTESIAN_POINT('',(592.798,50.164,-12.7));
#4062 = DIRECTION('',(0.,0.,-1.));
#4063 = DIRECTION('',(1.,0.,0.));
#4064 = FACE_BOUND('',#4065,.T.);
#4065 = EDGE_LOOP('',(#4066));
#4066 = ORIENTED_EDGE('',*,*,#4067,.T.);
#4067 = EDGE_CURVE('',#4068,#4068,#4070,.T.);
#4068 = VERTEX_POINT('',#4069);
#4069 = CARTESIAN_POINT('',(527.7712,127.33,-12.7));
#4070 = CIRCLE('',#4071,1.7272);
#4071 = AXIS2_PLACEMENT_3D('',#4072,#4073,#4074);
#4072 = CARTESIAN_POINT('',(526.044,127.33,-12.7));
#4073 = DIRECTION('',(0.,0.,-1.));
#4074 = DIRECTION('',(1.,-0.,0.));
#4075 = FACE_BOUND('',#4076,.T.);
#4076 = EDGE_LOOP('',(#4077));
#4077 = ORIENTED_EDGE('',*,*,#4078,.T.);
#4078 = EDGE_CURVE('',#4079,#4079,#4081,.T.);
#4079 = VERTEX_POINT('',#4080);
#4080 = CARTESIAN_POINT('',(552.6868,100.,-12.7));
#4081 = CIRCLE('',#4082,1.7272);
#4082 = AXIS2_PLACEMENT_3D('',#4083,#4084,#4085);
#4083 = CARTESIAN_POINT('',(550.9596,100.,-12.7));
#4084 = DIRECTION('',(0.,0.,-1.));
#4085 = DIRECTION('',(1.,-0.,0.));
#4086 = FACE_BOUND('',#4087,.T.);
#4087 = EDGE_LOOP('',(#4088));
#4088 = ORIENTED_EDGE('',*,*,#4089,.T.);
#4089 = EDGE_CURVE('',#4090,#4090,#4092,.T.);
#4090 = VERTEX_POINT('',#4091);
#4091 = CARTESIAN_POINT('',(594.5252,31.836,-12.7));
#4092 = CIRCLE('',#4093,1.7272);
#4093 = AXIS2_PLACEMENT_3D('',#4094,#4095,#4096);
#4094 = CARTESIAN_POINT('',(592.798,31.836,-12.7));
#4095 = DIRECTION('',(0.,0.,-1.));
#4096 = DIRECTION('',(1.,0.,0.));
#4097 = FACE_BOUND('',#4098,.T.);
#4098 = EDGE_LOOP('',(#4099));
#4099 = ORIENTED_EDGE('',*,*,#4100,.T.);
#4100 = EDGE_CURVE('',#4101,#4101,#4103,.T.);
#4101 = VERTEX_POINT('',#4102);
#4102 = CARTESIAN_POINT('',(538.2288,279.67,-12.7));
#4103 = CIRCLE('',#4104,1.7272);
#4104 = AXIS2_PLACEMENT_3D('',#4105,#4106,#4107);
#4105 = CARTESIAN_POINT('',(539.956,279.67,-12.7));
#4106 = DIRECTION('',(0.,0.,-1.));
#4107 = DIRECTION('',(-1.,0.,0.));
#4108 = FACE_BOUND('',#4109,.T.);
#4109 = EDGE_LOOP('',(#4110));
#4110 = ORIENTED_EDGE('',*,*,#4111,.T.);
#4111 = EDGE_CURVE('',#4112,#4112,#4114,.T.);
#4112 = VERTEX_POINT('',#4113);
#4113 = CARTESIAN_POINT('',(562.6868,307.,-12.7));
#4114 = CIRCLE('',#4115,1.7272);
#4115 = AXIS2_PLACEMENT_3D('',#4116,#4117,#4118);
#4116 = CARTESIAN_POINT('',(560.9596,307.,-12.7));
#4117 = DIRECTION('',(0.,0.,-1.));
#4118 = DIRECTION('',(1.,-0.,0.));
#4119 = FACE_BOUND('',#4120,.T.);
#4120 = EDGE_LOOP('',(#4121));
#4121 = ORIENTED_EDGE('',*,*,#4122,.T.);
#4122 = EDGE_CURVE('',#4123,#4123,#4125,.T.);
#4123 = VERTEX_POINT('',#4124);
#4124 = CARTESIAN_POINT('',(136.2728,160.,-12.7));
#4125 = CIRCLE('',#4126,1.7272);
#4126 = AXIS2_PLACEMENT_3D('',#4127,#4128,#4129);
#4127 = CARTESIAN_POINT('',(138.,160.,-12.7));
#4128 = DIRECTION('',(0.,0.,-1.));
#4129 = DIRECTION('',(-1.,0.,0.));
#4130 = FACE_BOUND('',#4131,.T.);
#4131 = EDGE_LOOP('',(#4132));
#4132 = ORIENTED_EDGE('',*,*,#4133,.T.);
#4133 = EDGE_CURVE('',#4134,#4134,#4136,.T.);
#4134 = VERTEX_POINT('',#4135);
#4135 = CARTESIAN_POINT('',(214.38513587393,31.614864126069,-12.7));
#4136 = CIRCLE('',#4137,1.7272);
#4137 = AXIS2_PLACEMENT_3D('',#4138,#4139,#4140);
#4138 = CARTESIAN_POINT('',(213.16382104146,32.836178958535,-12.7));
#4139 = DIRECTION('',(0.,-0.,-1.));
#4140 = DIRECTION('',(0.707106781187,-0.707106781187,0.));
#4141 = FACE_BOUND('',#4142,.T.);
#4142 = EDGE_LOOP('',(#4143));
#4143 = ORIENTED_EDGE('',*,*,#4144,.T.);
#4144 = EDGE_CURVE('',#4145,#4145,#4147,.T.);
#4145 = VERTEX_POINT('',#4146);
#4146 = CARTESIAN_POINT('',(202.2728,58.,-12.7));
#4147 = CIRCLE('',#4148,1.7272);
#4148 = AXIS2_PLACEMENT_3D('',#4149,#4150,#4151);
#4149 = CARTESIAN_POINT('',(204.,58.,-12.7));
#4150 = DIRECTION('',(0.,0.,-1.));
#4151 = DIRECTION('',(-1.,0.,0.));
#4152 = FACE_BOUND('',#4153,.T.);
#4153 = EDGE_LOOP('',(#4154));
#4154 = ORIENTED_EDGE('',*,*,#4155,.T.);
#4155 = EDGE_CURVE('',#4156,#4156,#4158,.T.);
#4156 = VERTEX_POINT('',#4157);
#4157 = CARTESIAN_POINT('',(158.2728,42.,-12.7));
#4158 = CIRCLE('',#4159,1.7272);
#4159 = AXIS2_PLACEMENT_3D('',#4160,#4161,#4162);
#4160 = CARTESIAN_POINT('',(160.,42.,-12.7));
#4161 = DIRECTION('',(0.,0.,-1.));
#4162 = DIRECTION('',(-1.,0.,0.));
#4163 = FACE_BOUND('',#4164,.T.);
#4164 = EDGE_LOOP('',(#4165));
#4165 = ORIENTED_EDGE('',*,*,#4166,.T.);
#4166 = EDGE_CURVE('',#4167,#4167,#4169,.T.);
#4167 = VERTEX_POINT('',#4168);
#4168 = CARTESIAN_POINT('',(127.61486412606,31.614864126069,-12.7));
#4169 = CIRCLE('',#4170,1.7272);
#4170 = AXIS2_PLACEMENT_3D('',#4171,#4172,#4173);
#4171 = CARTESIAN_POINT('',(128.83617895853,32.836178958535,-12.7));
#4172 = DIRECTION('',(-0.,0.,-1.));
#4173 = DIRECTION('',(-0.707106781187,-0.707106781187,0.));
#4174 = FACE_BOUND('',#4175,.T.);
#4175 = EDGE_LOOP('',(#4176));
#4176 = ORIENTED_EDGE('',*,*,#4177,.T.);
#4177 = EDGE_CURVE('',#4178,#4178,#4180,.T.);
#4178 = VERTEX_POINT('',#4179);
#4179 = CARTESIAN_POINT('',(202.2728,98.,-12.7));
#4180 = CIRCLE('',#4181,1.7272);
#4181 = AXIS2_PLACEMENT_3D('',#4182,#4183,#4184);
#4182 = CARTESIAN_POINT('',(204.,98.,-12.7));
#4183 = DIRECTION('',(0.,0.,-1.));
#4184 = DIRECTION('',(-1.,0.,0.));
#4185 = FACE_BOUND('',#4186,.T.);
#4186 = EDGE_LOOP('',(#4187));
#4187 = ORIENTED_EDGE('',*,*,#4188,.T.);
#4188 = EDGE_CURVE('',#4189,#4189,#4191,.T.);
#4189 = VERTEX_POINT('',#4190);
#4190 = CARTESIAN_POINT('',(136.2728,115.,-12.7));
#4191 = CIRCLE('',#4192,1.7272);
#4192 = AXIS2_PLACEMENT_3D('',#4193,#4194,#4195);
#4193 = CARTESIAN_POINT('',(138.,115.,-12.7));
#4194 = DIRECTION('',(0.,0.,-1.));
#4195 = DIRECTION('',(-1.,0.,0.));
#4196 = FACE_BOUND('',#4197,.T.);
#4197 = EDGE_LOOP('',(#4198));
#4198 = ORIENTED_EDGE('',*,*,#4199,.T.);
#4199 = EDGE_CURVE('',#4200,#4200,#4202,.T.);
#4200 = VERTEX_POINT('',#4201);
#4201 = CARTESIAN_POINT('',(136.2728,70.,-12.7));
#4202 = CIRCLE('',#4203,1.7272);
#4203 = AXIS2_PLACEMENT_3D('',#4204,#4205,#4206);
#4204 = CARTESIAN_POINT('',(138.,70.,-12.7));
#4205 = DIRECTION('',(0.,0.,-1.));
#4206 = DIRECTION('',(-1.,0.,0.));
#4207 = FACE_BOUND('',#4208,.T.);
#4208 = EDGE_LOOP('',(#4209));
#4209 = ORIENTED_EDGE('',*,*,#4210,.T.);
#4210 = EDGE_CURVE('',#4211,#4211,#4213,.T.);
#4211 = VERTEX_POINT('',#4212);
#4212 = CARTESIAN_POINT('',(148.38513587393,348.38513587393,-12.7));
#4213 = CIRCLE('',#4214,1.7272);
#4214 = AXIS2_PLACEMENT_3D('',#4215,#4216,#4217);
#4215 = CARTESIAN_POINT('',(147.16382104146,347.16382104146,-12.7));
#4216 = DIRECTION('',(0.,0.,-1.));
#4217 = DIRECTION('',(0.707106781187,0.707106781187,0.));
#4218 = FACE_BOUND('',#4219,.T.);
#4219 = EDGE_LOOP('',(#4220));
#4220 = ORIENTED_EDGE('',*,*,#4221,.T.);
#4221 = EDGE_CURVE('',#4222,#4222,#4224,.T.);
#4222 = VERTEX_POINT('',#4223);
#4223 = CARTESIAN_POINT('',(332.61486412606,219.61486412606,-12.7));
#4224 = CIRCLE('',#4225,1.7272);
#4225 = AXIS2_PLACEMENT_3D('',#4226,#4227,#4228);
#4226 = CARTESIAN_POINT('',(333.83617895853,220.83617895853,-12.7));
#4227 = DIRECTION('',(-0.,0.,-1.));
#4228 = DIRECTION('',(-0.707106781187,-0.707106781187,0.));
#4229 = FACE_BOUND('',#4230,.T.);
#4230 = EDGE_LOOP('',(#4231));
#4231 = ORIENTED_EDGE('',*,*,#4232,.T.);
#4232 = EDGE_CURVE('',#4233,#4233,#4235,.T.);
#4233 = VERTEX_POINT('',#4234);
#4234 = CARTESIAN_POINT('',(310.33,235.2288,-12.7));
#4235 = CIRCLE('',#4236,1.7272);
#4236 = AXIS2_PLACEMENT_3D('',#4237,#4238,#4239);
#4237 = CARTESIAN_POINT('',(310.33,236.956,-12.7));
#4238 = DIRECTION('',(-0.,0.,-1.));
#4239 = DIRECTION('',(-0.,-1.,0.));
#4240 = FACE_BOUND('',#4241,.T.);
#4241 = EDGE_LOOP('',(#4242));
#4242 = ORIENTED_EDGE('',*,*,#4243,.T.);
#4243 = EDGE_CURVE('',#4244,#4244,#4246,.T.);
#4244 = VERTEX_POINT('',#4245);
#4245 = CARTESIAN_POINT('',(262.61486412606,175.38513587393,-12.7));
#4246 = CIRCLE('',#4247,1.7272);
#4247 = AXIS2_PLACEMENT_3D('',#4248,#4249,#4250);
#4248 = CARTESIAN_POINT('',(263.83617895853,174.16382104146,-12.7));
#4249 = DIRECTION('',(0.,0.,-1.));
#4250 = DIRECTION('',(-0.707106781187,0.707106781187,0.));
#4251 = FACE_BOUND('',#4252,.T.);
#4252 = EDGE_LOOP('',(#4253));
#4253 = ORIENTED_EDGE('',*,*,#4254,.T.);
#4254 = EDGE_CURVE('',#4255,#4255,#4257,.T.);
#4255 = VERTEX_POINT('',#4256);
#4256 = CARTESIAN_POINT('',(193.61486412606,288.88513587393,-12.7));
#4257 = CIRCLE('',#4258,1.7272);
#4258 = AXIS2_PLACEMENT_3D('',#4259,#4260,#4261);
#4259 = CARTESIAN_POINT('',(194.83617895853,287.66382104146,-12.7));
#4260 = DIRECTION('',(0.,0.,-1.));
#4261 = DIRECTION('',(-0.707106781187,0.707106781187,0.));
#4262 = FACE_BOUND('',#4263,.T.);
#4263 = EDGE_LOOP('',(#4264));
#4264 = ORIENTED_EDGE('',*,*,#4265,.T.);
#4265 = EDGE_CURVE('',#4266,#4266,#4268,.T.);
#4266 = VERTEX_POINT('',#4267);
#4267 = CARTESIAN_POINT('',(390.042148,230.,-12.7));
#4268 = CIRCLE('',#4269,1.7272);
#4269 = AXIS2_PLACEMENT_3D('',#4270,#4271,#4272);
#4270 = CARTESIAN_POINT('',(391.769348,230.,-12.7));
#4271 = DIRECTION('',(0.,0.,-1.));
#4272 = DIRECTION('',(-1.,0.,0.));
#4273 = FACE_BOUND('',#4274,.T.);
#4274 = EDGE_LOOP('',(#4275));
#4275 = ORIENTED_EDGE('',*,*,#4276,.T.);
#4276 = EDGE_CURVE('',#4277,#4277,#4279,.T.);
#4277 = VERTEX_POINT('',#4278);
#4278 = CARTESIAN_POINT('',(324.0272,165.,-12.7));
#4279 = CIRCLE('',#4280,1.7272);
#4280 = AXIS2_PLACEMENT_3D('',#4281,#4282,#4283);
#4281 = CARTESIAN_POINT('',(322.3,165.,-12.7));
#4282 = DIRECTION('',(0.,0.,-1.));
#4283 = DIRECTION('',(1.,-0.,0.));
#4284 = FACE_BOUND('',#4285,.T.);
#4285 = EDGE_LOOP('',(#4286));
#4286 = ORIENTED_EDGE('',*,*,#4287,.T.);
#4287 = EDGE_CURVE('',#4288,#4288,#4290,.T.);
#4288 = VERTEX_POINT('',#4289);
#4289 = CARTESIAN_POINT('',(368.3272,230.,-12.7));
#4290 = CIRCLE('',#4291,1.7272);
#4291 = AXIS2_PLACEMENT_3D('',#4292,#4293,#4294);
#4292 = CARTESIAN_POINT('',(366.6,230.,-12.7));
#4293 = DIRECTION('',(0.,0.,-1.));
#4294 = DIRECTION('',(1.,-0.,0.));
#4295 = FACE_BOUND('',#4296,.T.);
#4296 = EDGE_LOOP('',(#4297));
#4297 = ORIENTED_EDGE('',*,*,#4298,.T.);
#4298 = EDGE_CURVE('',#4299,#4299,#4301,.T.);
#4299 = VERTEX_POINT('',#4300);
#4300 = CARTESIAN_POINT('',(273.,140.911234,-12.7));
#4301 = CIRCLE('',#4302,1.7272);
#4302 = AXIS2_PLACEMENT_3D('',#4303,#4304,#4305);
#4303 = CARTESIAN_POINT('',(273.,139.184034,-12.7));
#4304 = DIRECTION('',(0.,0.,-1.));
#4305 = DIRECTION('',(0.,1.,0.));
#4306 = FACE_BOUND('',#4307,.T.);
#4307 = EDGE_LOOP('',(#4308));
#4308 = ORIENTED_EDGE('',*,*,#4309,.T.);
#4309 = EDGE_CURVE('',#4310,#4310,#4312,.T.);
#4310 = VERTEX_POINT('',#4311);
#4311 = CARTESIAN_POINT('',(376.2728,165.,-12.7));
#4312 = CIRCLE('',#4313,1.7272);
#4313 = AXIS2_PLACEMENT_3D('',#4314,#4315,#4316);
#4314 = CARTESIAN_POINT('',(378.,165.,-12.7));
#4315 = DIRECTION('',(0.,0.,-1.));
#4316 = DIRECTION('',(-1.,0.,0.));
#4317 = FACE_BOUND('',#4318,.T.);
#4318 = EDGE_LOOP('',(#4319));
#4319 = ORIENTED_EDGE('',*,*,#4320,.T.);
#4320 = EDGE_CURVE('',#4321,#4321,#4323,.T.);
#4321 = VERTEX_POINT('',#4322);
#4322 = CARTESIAN_POINT('',(358.3272,41.,-12.7));
#4323 = CIRCLE('',#4324,1.7272);
#4324 = AXIS2_PLACEMENT_3D('',#4325,#4326,#4327);
#4325 = CARTESIAN_POINT('',(356.6,41.,-12.7));
#4326 = DIRECTION('',(0.,0.,-1.));
#4327 = DIRECTION('',(1.,-0.,0.));
#4328 = FACE_BOUND('',#4329,.T.);
#4329 = EDGE_LOOP('',(#4330));
#4330 = ORIENTED_EDGE('',*,*,#4331,.T.);
#4331 = EDGE_CURVE('',#4332,#4332,#4334,.T.);
#4332 = VERTEX_POINT('',#4333);
#4333 = CARTESIAN_POINT('',(380.042148,41.,-12.7));
#4334 = CIRCLE('',#4335,1.7272);
#4335 = AXIS2_PLACEMENT_3D('',#4336,#4337,#4338);
#4336 = CARTESIAN_POINT('',(381.769348,41.,-12.7));
#4337 = DIRECTION('',(0.,0.,-1.));
#4338 = DIRECTION('',(-1.,0.,0.));
#4339 = FACE_BOUND('',#4340,.T.);
#4340 = EDGE_LOOP('',(#4341));
#4341 = ORIENTED_EDGE('',*,*,#4342,.T.);
#4342 = EDGE_CURVE('',#4343,#4343,#4345,.T.);
#4343 = VERTEX_POINT('',#4344);
#4344 = CARTESIAN_POINT('',(49.614864126069,348.38513587393,-12.7));
#4345 = CIRCLE('',#4346,1.7272);
#4346 = AXIS2_PLACEMENT_3D('',#4347,#4348,#4349);
#4347 = CARTESIAN_POINT('',(50.836178958535,347.16382104146,-12.7));
#4348 = DIRECTION('',(0.,0.,-1.));
#4349 = DIRECTION('',(-0.707106781187,0.707106781187,0.));
#4350 = FACE_BOUND('',#4351,.T.);
#4351 = EDGE_LOOP('',(#4352));
#4352 = ORIENTED_EDGE('',*,*,#4353,.T.);
#4353 = EDGE_CURVE('',#4354,#4354,#4356,.T.);
#4354 = VERTEX_POINT('',#4355);
#4355 = CARTESIAN_POINT('',(322.61486412607,30.614864126069,-12.7));
#4356 = CIRCLE('',#4357,1.7272);
#4357 = AXIS2_PLACEMENT_3D('',#4358,#4359,#4360);
#4358 = CARTESIAN_POINT('',(323.83617895853,31.836178958535,-12.7));
#4359 = DIRECTION('',(-0.,0.,-1.));
#4360 = DIRECTION('',(-0.707106781187,-0.707106781187,0.));
#4361 = FACE_BOUND('',#4362,.T.);
#4362 = EDGE_LOOP('',(#4363));
#4363 = ORIENTED_EDGE('',*,*,#4364,.T.);
#4364 = EDGE_CURVE('',#4365,#4365,#4367,.T.);
#4365 = VERTEX_POINT('',#4366);
#4366 = CARTESIAN_POINT('',(467.7712,68.33,-12.7));
#4367 = CIRCLE('',#4368,1.7272);
#4368 = AXIS2_PLACEMENT_3D('',#4369,#4370,#4371);
#4369 = CARTESIAN_POINT('',(466.044,68.33,-12.7));
#4370 = DIRECTION('',(0.,0.,-1.));
#4371 = DIRECTION('',(1.,-0.,0.));
#4372 = FACE_BOUND('',#4373,.T.);
#4373 = EDGE_LOOP('',(#4374));
#4374 = ORIENTED_EDGE('',*,*,#4375,.T.);
#4375 = EDGE_CURVE('',#4376,#4376,#4378,.T.);
#4376 = VERTEX_POINT('',#4377);
#4377 = CARTESIAN_POINT('',(262.61486412606,89.614864126069,-12.7));
#4378 = CIRCLE('',#4379,1.7272);
#4379 = AXIS2_PLACEMENT_3D('',#4380,#4381,#4382);
#4380 = CARTESIAN_POINT('',(263.83617895853,90.836178958535,-12.7));
#4381 = DIRECTION('',(-0.,0.,-1.));
#4382 = DIRECTION('',(-0.707106781187,-0.707106781187,0.));
#4383 = FACE_BOUND('',#4384,.T.);
#4384 = EDGE_LOOP('',(#4385));
#4385 = ORIENTED_EDGE('',*,*,#4386,.T.);
#4386 = EDGE_CURVE('',#4387,#4387,#4389,.T.);
#4387 = VERTEX_POINT('',#4388);
#4388 = CARTESIAN_POINT('',(473.9772,100.,-12.7));
#4389 = CIRCLE('',#4390,1.7272);
#4390 = AXIS2_PLACEMENT_3D('',#4391,#4392,#4393);
#4391 = CARTESIAN_POINT('',(472.25,100.,-12.7));
#4392 = DIRECTION('',(0.,0.,-1.));
#4393 = DIRECTION('',(1.,-0.,0.));
#4394 = FACE_BOUND('',#4395,.T.);
#4395 = EDGE_LOOP('',(#4396));
#4396 = ORIENTED_EDGE('',*,*,#4397,.T.);
#4397 = EDGE_CURVE('',#4398,#4398,#4400,.T.);
#4398 = VERTEX_POINT('',#4399);
#4399 = CARTESIAN_POINT('',(467.7712,257.33,-12.7));
#4400 = CIRCLE('',#4401,1.7272);
#4401 = AXIS2_PLACEMENT_3D('',#4402,#4403,#4404);
#4402 = CARTESIAN_POINT('',(466.044,257.33,-12.7));
#4403 = DIRECTION('',(0.,0.,-1.));
#4404 = DIRECTION('',(1.,-0.,0.));
#4405 = FACE_BOUND('',#4406,.T.);
#4406 = EDGE_LOOP('',(#4407));
#4407 = ORIENTED_EDGE('',*,*,#4408,.T.);
#4408 = EDGE_CURVE('',#4409,#4409,#4411,.T.);
#4409 = VERTEX_POINT('',#4410);
#4410 = CARTESIAN_POINT('',(483.9772,307.,-12.7));
#4411 = CIRCLE('',#4412,1.7272);
#4412 = AXIS2_PLACEMENT_3D('',#4413,#4414,#4415);
#4413 = CARTESIAN_POINT('',(482.25,307.,-12.7));
#4414 = DIRECTION('',(0.,0.,-1.));
#4415 = DIRECTION('',(1.,-0.,0.));
#4416 = FACE_BOUND('',#4417,.T.);
#4417 = EDGE_LOOP('',(#4418));
#4418 = ORIENTED_EDGE('',*,*,#4419,.T.);
#4419 = EDGE_CURVE('',#4420,#4420,#4422,.T.);
#4420 = VERTEX_POINT('',#4421);
#4421 = CARTESIAN_POINT('',(292.61486412606,317.38513587393,-12.7));
#4422 = CIRCLE('',#4423,1.7272);
#4423 = AXIS2_PLACEMENT_3D('',#4424,#4425,#4426);
#4424 = CARTESIAN_POINT('',(293.83617895853,316.16382104146,-12.7));
#4425 = DIRECTION('',(0.,0.,-1.));
#4426 = DIRECTION('',(-0.707106781187,0.707106781187,0.));
#4427 = FACE_BOUND('',#4428,.T.);
#4428 = EDGE_LOOP('',(#4429));
#4429 = ORIENTED_EDGE('',*,*,#4430,.T.);
#4430 = EDGE_CURVE('',#4431,#4431,#4433,.T.);
#4431 = VERTEX_POINT('',#4432);
#4432 = CARTESIAN_POINT('',(313.38513587393,268.11486412606,-12.7));
#4433 = CIRCLE('',#4434,1.7272);
#4434 = AXIS2_PLACEMENT_3D('',#4435,#4436,#4437);
#4435 = CARTESIAN_POINT('',(312.16382104146,269.33617895853,-12.7));
#4436 = DIRECTION('',(0.,-0.,-1.));
#4437 = DIRECTION('',(0.707106781187,-0.707106781187,0.));
#4438 = PLANE('',#4439);
#4439 = AXIS2_PLACEMENT_3D('',#4440,#4441,#4442);
#4440 = CARTESIAN_POINT('',(3.175,3.175,-12.7));
#4441 = DIRECTION('',(0.,0.,1.));
#4442 = DIRECTION('',(1.,0.,0.));
#4443 = ADVANCED_FACE('',(#4444),#4469,.F.);
#4444 = FACE_BOUND('',#4445,.F.);
#4445 = EDGE_LOOP('',(#4446,#4447,#4455,#4463));
#4446 = ORIENTED_EDGE('',*,*,#900,.F.);
#4447 = ORIENTED_EDGE('',*,*,#4448,.F.);
#4448 = EDGE_CURVE('',#4449,#901,#4451,.T.);
#4449 = VERTEX_POINT('',#4450);
#4450 = CARTESIAN_POINT('',(147.326,301.75,-17.7));
#4451 = LINE('',#4452,#4453);
#4452 = CARTESIAN_POINT('',(147.326,301.75,-17.7));
#4453 = VECTOR('',#4454,1.);
#4454 = DIRECTION('',(0.,0.,1.));
#4455 = ORIENTED_EDGE('',*,*,#4456,.T.);
#4456 = EDGE_CURVE('',#4449,#4457,#4459,.T.);
#4457 = VERTEX_POINT('',#4458);
#4458 = CARTESIAN_POINT('',(128.674,301.75,-17.7));
#4459 = LINE('',#4460,#4461);
#4460 = CARTESIAN_POINT('',(150.5,301.75,-17.7));
#4461 = VECTOR('',#4462,1.);
#4462 = DIRECTION('',(-1.,0.,0.));
#4463 = ORIENTED_EDGE('',*,*,#4464,.T.);
#4464 = EDGE_CURVE('',#4457,#903,#4465,.T.);
#4465 = LINE('',#4466,#4467);
#4466 = CARTESIAN_POINT('',(128.674,301.75,-17.7));
#4467 = VECTOR('',#4468,1.);
#4468 = DIRECTION('',(0.,0.,1.));
#4469 = PLANE('',#4470);
#4470 = AXIS2_PLACEMENT_3D('',#4471,#4472,#4473);
#4471 = CARTESIAN_POINT('',(150.5,301.75,-17.7));
#4472 = DIRECTION('',(0.,1.,0.));
#4473 = DIRECTION('',(0.,0.,1.));
#4474 = ADVANCED_FACE('',(#4475),#4494,.F.);
#4475 = FACE_BOUND('',#4476,.F.);
#4476 = EDGE_LOOP('',(#4477,#4486,#4487,#4488));
#4477 = ORIENTED_EDGE('',*,*,#4478,.T.);
#4478 = EDGE_CURVE('',#4479,#4449,#4481,.T.);
#4479 = VERTEX_POINT('',#4480);
#4480 = CARTESIAN_POINT('',(150.5,298.576,-17.7));
#4481 = CIRCLE('',#4482,3.174);
#4482 = AXIS2_PLACEMENT_3D('',#4483,#4484,#4485);
#4483 = CARTESIAN_POINT('',(147.326,298.576,-17.7));
#4484 = DIRECTION('',(0.,0.,1.));
#4485 = DIRECTION('',(1.,0.,0.));
#4486 = ORIENTED_EDGE('',*,*,#4448,.T.);
#4487 = ORIENTED_EDGE('',*,*,#910,.F.);
#4488 = ORIENTED_EDGE('',*,*,#4489,.F.);
#4489 = EDGE_CURVE('',#4479,#911,#4490,.T.);
#4490 = LINE('',#4491,#4492);
#4491 = CARTESIAN_POINT('',(150.5,298.576,-17.7));
#4492 = VECTOR('',#4493,1.);
#4493 = DIRECTION('',(0.,0.,1.));
#4494 = CYLINDRICAL_SURFACE('',#4495,3.174);
#4495 = AXIS2_PLACEMENT_3D('',#4496,#4497,#4498);
#4496 = CARTESIAN_POINT('',(147.326,298.576,-17.7));
#4497 = DIRECTION('',(0.,0.,1.));
#4498 = DIRECTION('',(1.,0.,0.));
#4499 = ADVANCED_FACE('',(#4500),#4519,.F.);
#4500 = FACE_BOUND('',#4501,.F.);
#4501 = EDGE_LOOP('',(#4502,#4511,#4517,#4518));
#4502 = ORIENTED_EDGE('',*,*,#4503,.T.);
#4503 = EDGE_CURVE('',#4457,#4504,#4506,.T.);
#4504 = VERTEX_POINT('',#4505);
#4505 = CARTESIAN_POINT('',(125.5,298.576,-17.7));
#4506 = CIRCLE('',#4507,3.174);
#4507 = AXIS2_PLACEMENT_3D('',#4508,#4509,#4510);
#4508 = CARTESIAN_POINT('',(128.674,298.576,-17.7));
#4509 = DIRECTION('',(0.,0.,1.));
#4510 = DIRECTION('',(1.,0.,0.));
#4511 = ORIENTED_EDGE('',*,*,#4512,.T.);
#4512 = EDGE_CURVE('',#4504,#1172,#4513,.T.);
#4513 = LINE('',#4514,#4515);
#4514 = CARTESIAN_POINT('',(125.5,298.576,-17.7));
#4515 = VECTOR('',#4516,1.);
#4516 = DIRECTION('',(0.,0.,1.));
#4517 = ORIENTED_EDGE('',*,*,#1179,.F.);
#4518 = ORIENTED_EDGE('',*,*,#4464,.F.);
#4519 = CYLINDRICAL_SURFACE('',#4520,3.174);
#4520 = AXIS2_PLACEMENT_3D('',#4521,#4522,#4523);
#4521 = CARTESIAN_POINT('',(128.674,298.576,-17.7));
#4522 = DIRECTION('',(0.,0.,1.));
#4523 = DIRECTION('',(0.,1.,0.));
#4524 = ADVANCED_FACE('',(#4525),#4543,.T.);
#4525 = FACE_BOUND('',#4526,.T.);
#4526 = EDGE_LOOP('',(#4527,#4535,#4541,#4542));
#4527 = ORIENTED_EDGE('',*,*,#4528,.F.);
#4528 = EDGE_CURVE('',#4529,#4479,#4531,.T.);
#4529 = VERTEX_POINT('',#4530);
#4530 = CARTESIAN_POINT('',(150.5,261.5,-17.7));
#4531 = LINE('',#4532,#4533);
#4532 = CARTESIAN_POINT('',(150.5,188.25,-17.7));
#4533 = VECTOR('',#4534,1.);
#4534 = DIRECTION('',(0.,1.,0.));
#4535 = ORIENTED_EDGE('',*,*,#4536,.F.);
#4536 = EDGE_CURVE('',#920,#4529,#4537,.T.);
#4537 = LINE('',#4538,#4539);
#4538 = CARTESIAN_POINT('',(150.5,261.5,-23.9));
#4539 = VECTOR('',#4540,1.);
#4540 = DIRECTION('',(0.,0.,-1.));
#4541 = ORIENTED_EDGE('',*,*,#919,.T.);
#4542 = ORIENTED_EDGE('',*,*,#4489,.F.);
#4543 = PLANE('',#4544);
#4544 = AXIS2_PLACEMENT_3D('',#4545,#4546,#4547);
#4545 = CARTESIAN_POINT('',(150.5,188.25,-17.7));
#4546 = DIRECTION('',(-1.,0.,0.));
#4547 = DIRECTION('',(0.,0.,1.));
#4548 = ADVANCED_FACE('',(#4549),#4567,.F.);
#4549 = FACE_BOUND('',#4550,.F.);
#4550 = EDGE_LOOP('',(#4551,#4559,#4565,#4566));
#4551 = ORIENTED_EDGE('',*,*,#4552,.F.);
#4552 = EDGE_CURVE('',#4553,#4504,#4555,.T.);
#4553 = VERTEX_POINT('',#4554);
#4554 = CARTESIAN_POINT('',(125.5,261.5,-17.7));
#4555 = LINE('',#4556,#4557);
#4556 = CARTESIAN_POINT('',(125.5,188.25,-17.7));
#4557 = VECTOR('',#4558,1.);
#4558 = DIRECTION('',(0.,1.,0.));
#4559 = ORIENTED_EDGE('',*,*,#4560,.F.);
#4560 = EDGE_CURVE('',#1164,#4553,#4561,.T.);
#4561 = LINE('',#4562,#4563);
#4562 = CARTESIAN_POINT('',(125.5,261.5,-23.9));
#4563 = VECTOR('',#4564,1.);
#4564 = DIRECTION('',(0.,0.,-1.));
#4565 = ORIENTED_EDGE('',*,*,#1171,.T.);
#4566 = ORIENTED_EDGE('',*,*,#4512,.F.);
#4567 = PLANE('',#4568);
#4568 = AXIS2_PLACEMENT_3D('',#4569,#4570,#4571);
#4569 = CARTESIAN_POINT('',(125.5,188.25,-17.7));
#4570 = DIRECTION('',(-1.,0.,0.));
#4571 = DIRECTION('',(0.,0.,1.));
#4572 = ADVANCED_FACE('',(#4573),#4607,.F.);
#4573 = FACE_BOUND('',#4574,.F.);
#4574 = EDGE_LOOP('',(#4575,#4576,#4584,#4592,#4598,#4599,#4600,#4606));
#4575 = ORIENTED_EDGE('',*,*,#927,.F.);
#4576 = ORIENTED_EDGE('',*,*,#4577,.F.);
#4577 = EDGE_CURVE('',#4578,#928,#4580,.T.);
#4578 = VERTEX_POINT('',#4579);
#4579 = CARTESIAN_POINT('',(163.826,261.5,-30.1));
#4580 = LINE('',#4581,#4582);
#4581 = CARTESIAN_POINT('',(163.826,261.5,-30.1));
#4582 = VECTOR('',#4583,1.);
#4583 = DIRECTION('',(0.,0.,1.));
#4584 = ORIENTED_EDGE('',*,*,#4585,.T.);
#4585 = EDGE_CURVE('',#4578,#4586,#4588,.T.);
#4586 = VERTEX_POINT('',#4587);
#4587 = CARTESIAN_POINT('',(112.174,261.5,-30.1));
#4588 = LINE('',#4589,#4590);
#4589 = CARTESIAN_POINT('',(167.,261.5,-30.1));
#4590 = VECTOR('',#4591,1.);
#4591 = DIRECTION('',(-1.,0.,0.));
#4592 = ORIENTED_EDGE('',*,*,#4593,.T.);
#4593 = EDGE_CURVE('',#4586,#1155,#4594,.T.);
#4594 = LINE('',#4595,#4596);
#4595 = CARTESIAN_POINT('',(112.174,261.5,-30.1));
#4596 = VECTOR('',#4597,1.);
#4597 = DIRECTION('',(0.,0.,1.));
#4598 = ORIENTED_EDGE('',*,*,#1163,.F.);
#4599 = ORIENTED_EDGE('',*,*,#4560,.T.);
#4600 = ORIENTED_EDGE('',*,*,#4601,.F.);
#4601 = EDGE_CURVE('',#4529,#4553,#4602,.T.);
#4602 = LINE('',#4603,#4604);
#4603 = CARTESIAN_POINT('',(158.75,261.5,-17.7));
#4604 = VECTOR('',#4605,1.);
#4605 = DIRECTION('',(-1.,2.2E-16,0.));
#4606 = ORIENTED_EDGE('',*,*,#4536,.F.);
#4607 = PLANE('',#4608);
#4608 = AXIS2_PLACEMENT_3D('',#4609,#4610,#4611);
#4609 = CARTESIAN_POINT('',(167.,261.5,-30.1));
#4610 = DIRECTION('',(0.,1.,0.));
#4611 = DIRECTION('',(0.,0.,1.));
#4612 = ADVANCED_FACE('',(#4613),#4649,.F.);
#4613 = FACE_BOUND('',#4614,.F.);
#4614 = EDGE_LOOP('',(#4615,#4625,#4632,#4633,#4634,#4642));
#4615 = ORIENTED_EDGE('',*,*,#4616,.F.);
#4616 = EDGE_CURVE('',#4617,#4619,#4621,.T.);
#4617 = VERTEX_POINT('',#4618);
#4618 = CARTESIAN_POINT('',(167.,258.326,-30.1));
#4619 = VERTEX_POINT('',#4620);
#4620 = CARTESIAN_POINT('',(167.,258.326,-17.33));
#4621 = LINE('',#4622,#4623);
#4622 = CARTESIAN_POINT('',(167.,258.326,-30.1));
#4623 = VECTOR('',#4624,1.);
#4624 = DIRECTION('',(0.,0.,1.));
#4625 = ORIENTED_EDGE('',*,*,#4626,.T.);
#4626 = EDGE_CURVE('',#4617,#4578,#4627,.T.);
#4627 = CIRCLE('',#4628,3.174);
#4628 = AXIS2_PLACEMENT_3D('',#4629,#4630,#4631);
#4629 = CARTESIAN_POINT('',(163.826,258.326,-30.1));
#4630 = DIRECTION('',(0.,0.,1.));
#4631 = DIRECTION('',(1.,0.,0.));
#4632 = ORIENTED_EDGE('',*,*,#4577,.T.);
#4633 = ORIENTED_EDGE('',*,*,#935,.F.);
#4634 = ORIENTED_EDGE('',*,*,#4635,.F.);
#4635 = EDGE_CURVE('',#4636,#936,#4638,.T.);
#4636 = VERTEX_POINT('',#4637);
#4637 = CARTESIAN_POINT('',(166.65,259.77489613154,-17.33));
#4638 = LINE('',#4639,#4640);
#4639 = CARTESIAN_POINT('',(166.65,259.77489613154,-30.1));
#4640 = VECTOR('',#4641,1.);
#4641 = DIRECTION('',(0.,0.,1.));
#4642 = ORIENTED_EDGE('',*,*,#4643,.F.);
#4643 = EDGE_CURVE('',#4619,#4636,#4644,.T.);
#4644 = CIRCLE('',#4645,3.174);
#4645 = AXIS2_PLACEMENT_3D('',#4646,#4647,#4648);
#4646 = CARTESIAN_POINT('',(163.826,258.326,-17.33));
#4647 = DIRECTION('',(-0.,0.,1.));
#4648 = DIRECTION('',(1.,-2.2E-16,0.));
#4649 = CYLINDRICAL_SURFACE('',#4650,3.174);
#4650 = AXIS2_PLACEMENT_3D('',#4651,#4652,#4653);
#4651 = CARTESIAN_POINT('',(163.826,258.326,-30.1));
#4652 = DIRECTION('',(0.,0.,1.));
#4653 = DIRECTION('',(1.,0.,0.));
#4654 = ADVANCED_FACE('',(#4655),#4674,.F.);
#4655 = FACE_BOUND('',#4656,.F.);
#4656 = EDGE_LOOP('',(#4657,#4666,#4672,#4673));
#4657 = ORIENTED_EDGE('',*,*,#4658,.T.);
#4658 = EDGE_CURVE('',#4586,#4659,#4661,.T.);
#4659 = VERTEX_POINT('',#4660);
#4660 = CARTESIAN_POINT('',(109.,258.326,-30.1));
#4661 = CIRCLE('',#4662,3.174);
#4662 = AXIS2_PLACEMENT_3D('',#4663,#4664,#4665);
#4663 = CARTESIAN_POINT('',(112.174,258.326,-30.1));
#4664 = DIRECTION('',(0.,0.,1.));
#4665 = DIRECTION('',(1.,0.,0.));
#4666 = ORIENTED_EDGE('',*,*,#4667,.T.);
#4667 = EDGE_CURVE('',#4659,#1147,#4668,.T.);
#4668 = LINE('',#4669,#4670);
#4669 = CARTESIAN_POINT('',(109.,258.326,-30.1));
#4670 = VECTOR('',#4671,1.);
#4671 = DIRECTION('',(0.,0.,1.));
#4672 = ORIENTED_EDGE('',*,*,#1154,.F.);
#4673 = ORIENTED_EDGE('',*,*,#4593,.F.);
#4674 = CYLINDRICAL_SURFACE('',#4675,3.174);
#4675 = AXIS2_PLACEMENT_3D('',#4676,#4677,#4678);
#4676 = CARTESIAN_POINT('',(112.174,258.326,-30.1));
#4677 = DIRECTION('',(0.,0.,1.));
#4678 = DIRECTION('',(0.,1.,0.));
#4679 = ADVANCED_FACE('',(#4680),#4698,.F.);
#4680 = FACE_BOUND('',#4681,.F.);
#4681 = EDGE_LOOP('',(#4682,#4683,#4691,#4697));
#4682 = ORIENTED_EDGE('',*,*,#944,.F.);
#4683 = ORIENTED_EDGE('',*,*,#4684,.F.);
#4684 = EDGE_CURVE('',#4685,#945,#4687,.T.);
#4685 = VERTEX_POINT('',#4686);
#4686 = CARTESIAN_POINT('',(166.65,262.526,-17.33));
#4687 = LINE('',#4688,#4689);
#4688 = CARTESIAN_POINT('',(166.65,262.526,-17.33));
#4689 = VECTOR('',#4690,1.);
#4690 = DIRECTION('',(0.,0.,1.));
#4691 = ORIENTED_EDGE('',*,*,#4692,.T.);
#4692 = EDGE_CURVE('',#4685,#4636,#4693,.T.);
#4693 = LINE('',#4694,#4695);
#4694 = CARTESIAN_POINT('',(166.65,265.7,-17.33));
#4695 = VECTOR('',#4696,1.);
#4696 = DIRECTION('',(0.,-1.,0.));
#4697 = ORIENTED_EDGE('',*,*,#4635,.T.);
#4698 = PLANE('',#4699);
#4699 = AXIS2_PLACEMENT_3D('',#4700,#4701,#4702);
#4700 = CARTESIAN_POINT('',(166.65,265.7,-17.33));
#4701 = DIRECTION('',(-1.,0.,0.));
#4702 = DIRECTION('',(0.,0.,1.));
#4703 = ADVANCED_FACE('',(#4704),#4722,.F.);
#4704 = FACE_BOUND('',#4705,.F.);
#4705 = EDGE_LOOP('',(#4706,#4714,#4720,#4721));
#4706 = ORIENTED_EDGE('',*,*,#4707,.F.);
#4707 = EDGE_CURVE('',#4708,#4659,#4710,.T.);
#4708 = VERTEX_POINT('',#4709);
#4709 = CARTESIAN_POINT('',(109.,231.674,-30.1));
#4710 = LINE('',#4711,#4712);
#4711 = CARTESIAN_POINT('',(109.,228.5,-30.1));
#4712 = VECTOR('',#4713,1.);
#4713 = DIRECTION('',(0.,1.,0.));
#4714 = ORIENTED_EDGE('',*,*,#4715,.T.);
#4715 = EDGE_CURVE('',#4708,#1138,#4716,.T.);
#4716 = LINE('',#4717,#4718);
#4717 = CARTESIAN_POINT('',(109.,231.674,-30.1));
#4718 = VECTOR('',#4719,1.);
#4719 = DIRECTION('',(0.,0.,1.));
#4720 = ORIENTED_EDGE('',*,*,#1146,.T.);
#4721 = ORIENTED_EDGE('',*,*,#4667,.F.);
#4722 = PLANE('',#4723);
#4723 = AXIS2_PLACEMENT_3D('',#4724,#4725,#4726);
#4724 = CARTESIAN_POINT('',(109.,228.5,-30.1));
#4725 = DIRECTION('',(-1.,0.,0.));
#4726 = DIRECTION('',(0.,0.,1.));
#4727 = ADVANCED_FACE('',(#4728),#4747,.F.);
#4728 = FACE_BOUND('',#4729,.F.);
#4729 = EDGE_LOOP('',(#4730,#4738,#4745,#4746));
#4730 = ORIENTED_EDGE('',*,*,#4731,.F.);
#4731 = EDGE_CURVE('',#4732,#953,#4734,.T.);
#4732 = VERTEX_POINT('',#4733);
#4733 = CARTESIAN_POINT('',(169.824,265.7,-17.33));
#4734 = LINE('',#4735,#4736);
#4735 = CARTESIAN_POINT('',(169.824,265.7,-17.33));
#4736 = VECTOR('',#4737,1.);
#4737 = DIRECTION('',(0.,0.,1.));
#4738 = ORIENTED_EDGE('',*,*,#4739,.T.);
#4739 = EDGE_CURVE('',#4732,#4685,#4740,.T.);
#4740 = CIRCLE('',#4741,3.174);
#4741 = AXIS2_PLACEMENT_3D('',#4742,#4743,#4744);
#4742 = CARTESIAN_POINT('',(169.824,262.526,-17.33));
#4743 = DIRECTION('',(0.,-0.,1.));
#4744 = DIRECTION('',(0.,1.,0.));
#4745 = ORIENTED_EDGE('',*,*,#4684,.T.);
#4746 = ORIENTED_EDGE('',*,*,#952,.F.);
#4747 = CYLINDRICAL_SURFACE('',#4748,3.174);
#4748 = AXIS2_PLACEMENT_3D('',#4749,#4750,#4751);
#4749 = CARTESIAN_POINT('',(169.824,262.526,-17.33));
#4750 = DIRECTION('',(0.,0.,1.));
#4751 = DIRECTION('',(0.,1.,0.));
#4752 = ADVANCED_FACE('',(#4753),#4772,.F.);
#4753 = FACE_BOUND('',#4754,.T.);
#4754 = EDGE_LOOP('',(#4755,#4764,#4765,#4766));
#4755 = ORIENTED_EDGE('',*,*,#4756,.T.);
#4756 = EDGE_CURVE('',#4757,#4708,#4759,.T.);
#4757 = VERTEX_POINT('',#4758);
#4758 = CARTESIAN_POINT('',(112.174,228.5,-30.1));
#4759 = CIRCLE('',#4760,3.174);
#4760 = AXIS2_PLACEMENT_3D('',#4761,#4762,#4763);
#4761 = CARTESIAN_POINT('',(112.174,231.674,-30.1));
#4762 = DIRECTION('',(0.,0.,-1.));
#4763 = DIRECTION('',(1.,0.,0.));
#4764 = ORIENTED_EDGE('',*,*,#4715,.T.);
#4765 = ORIENTED_EDGE('',*,*,#1137,.F.);
#4766 = ORIENTED_EDGE('',*,*,#4767,.F.);
#4767 = EDGE_CURVE('',#4757,#1130,#4768,.T.);
#4768 = LINE('',#4769,#4770);
#4769 = CARTESIAN_POINT('',(112.174,228.5,-30.1));
#4770 = VECTOR('',#4771,1.);
#4771 = DIRECTION('',(0.,0.,1.));
#4772 = CYLINDRICAL_SURFACE('',#4773,3.174);
#4773 = AXIS2_PLACEMENT_3D('',#4774,#4775,#4776);
#4774 = CARTESIAN_POINT('',(112.174,231.674,-30.1));
#4775 = DIRECTION('',(0.,0.,1.));
#4776 = DIRECTION('',(0.,-1.,0.));
#4777 = ADVANCED_FACE('',(#4778),#4796,.T.);
#4778 = FACE_BOUND('',#4779,.T.);
#4779 = EDGE_LOOP('',(#4780,#4781,#4789,#4795));
#4780 = ORIENTED_EDGE('',*,*,#4731,.F.);
#4781 = ORIENTED_EDGE('',*,*,#4782,.F.);
#4782 = EDGE_CURVE('',#4783,#4732,#4785,.T.);
#4783 = VERTEX_POINT('',#4784);
#4784 = CARTESIAN_POINT('',(225.476,265.7,-17.33));
#4785 = LINE('',#4786,#4787);
#4786 = CARTESIAN_POINT('',(228.65,265.7,-17.33));
#4787 = VECTOR('',#4788,1.);
#4788 = DIRECTION('',(-1.,0.,0.));
#4789 = ORIENTED_EDGE('',*,*,#4790,.T.);
#4790 = EDGE_CURVE('',#4783,#962,#4791,.T.);
#4791 = LINE('',#4792,#4793);
#4792 = CARTESIAN_POINT('',(225.476,265.7,-17.33));
#4793 = VECTOR('',#4794,1.);
#4794 = DIRECTION('',(0.,0.,1.));
#4795 = ORIENTED_EDGE('',*,*,#961,.F.);
#4796 = PLANE('',#4797);
#4797 = AXIS2_PLACEMENT_3D('',#4798,#4799,#4800);
#4798 = CARTESIAN_POINT('',(228.65,265.7,-17.33));
#4799 = DIRECTION('',(0.,-1.,0.));
#4800 = DIRECTION('',(0.,0.,1.));
#4801 = ADVANCED_FACE('',(#4802),#4843,.T.);
#4802 = FACE_BOUND('',#4803,.T.);
#4803 = EDGE_LOOP('',(#4804,#4805,#4813,#4819,#4820,#4821,#4829,#4837));
#4804 = ORIENTED_EDGE('',*,*,#1029,.F.);
#4805 = ORIENTED_EDGE('',*,*,#4806,.F.);
#4806 = EDGE_CURVE('',#4807,#1021,#4809,.T.);
#4807 = VERTEX_POINT('',#4808);
#4808 = CARTESIAN_POINT('',(163.826,228.5,-30.1));
#4809 = LINE('',#4810,#4811);
#4810 = CARTESIAN_POINT('',(163.826,228.5,-30.1));
#4811 = VECTOR('',#4812,1.);
#4812 = DIRECTION('',(0.,0.,1.));
#4813 = ORIENTED_EDGE('',*,*,#4814,.T.);
#4814 = EDGE_CURVE('',#4807,#4757,#4815,.T.);
#4815 = LINE('',#4816,#4817);
#4816 = CARTESIAN_POINT('',(167.,228.5,-30.1));
#4817 = VECTOR('',#4818,1.);
#4818 = DIRECTION('',(-1.,0.,0.));
#4819 = ORIENTED_EDGE('',*,*,#4767,.T.);
#4820 = ORIENTED_EDGE('',*,*,#1129,.F.);
#4821 = ORIENTED_EDGE('',*,*,#4822,.T.);
#4822 = EDGE_CURVE('',#1122,#4823,#4825,.T.);
#4823 = VERTEX_POINT('',#4824);
#4824 = CARTESIAN_POINT('',(125.5,228.5,-17.7));
#4825 = LINE('',#4826,#4827);
#4826 = CARTESIAN_POINT('',(125.5,228.5,-23.9));
#4827 = VECTOR('',#4828,1.);
#4828 = DIRECTION('',(0.,0.,-1.));
#4829 = ORIENTED_EDGE('',*,*,#4830,.F.);
#4830 = EDGE_CURVE('',#4831,#4823,#4833,.T.);
#4831 = VERTEX_POINT('',#4832);
#4832 = CARTESIAN_POINT('',(150.5,228.5,-17.7));
#4833 = LINE('',#4834,#4835);
#4834 = CARTESIAN_POINT('',(158.75,228.5,-17.7));
#4835 = VECTOR('',#4836,1.);
#4836 = DIRECTION('',(-1.,2.2E-16,0.));
#4837 = ORIENTED_EDGE('',*,*,#4838,.F.);
#4838 = EDGE_CURVE('',#1030,#4831,#4839,.T.);
#4839 = LINE('',#4840,#4841);
#4840 = CARTESIAN_POINT('',(150.5,228.5,-23.9));
#4841 = VECTOR('',#4842,1.);
#4842 = DIRECTION('',(0.,0.,-1.));
#4843 = PLANE('',#4844);
#4844 = AXIS2_PLACEMENT_3D('',#4845,#4846,#4847);
#4845 = CARTESIAN_POINT('',(167.,228.5,-30.1));
#4846 = DIRECTION('',(0.,1.,0.));
#4847 = DIRECTION('',(0.,0.,1.));
#4848 = ADVANCED_FACE('',(#4849),#4868,.F.);
#4849 = FACE_BOUND('',#4850,.F.);
#4850 = EDGE_LOOP('',(#4851,#4859,#4866,#4867));
#4851 = ORIENTED_EDGE('',*,*,#4852,.F.);
#4852 = EDGE_CURVE('',#4853,#970,#4855,.T.);
#4853 = VERTEX_POINT('',#4854);
#4854 = CARTESIAN_POINT('',(228.65,262.526,-17.33));
#4855 = LINE('',#4856,#4857);
#4856 = CARTESIAN_POINT('',(228.65,262.526,-17.33));
#4857 = VECTOR('',#4858,1.);
#4858 = DIRECTION('',(0.,0.,1.));
#4859 = ORIENTED_EDGE('',*,*,#4860,.T.);
#4860 = EDGE_CURVE('',#4853,#4783,#4861,.T.);
#4861 = CIRCLE('',#4862,3.174);
#4862 = AXIS2_PLACEMENT_3D('',#4863,#4864,#4865);
#4863 = CARTESIAN_POINT('',(225.476,262.526,-17.33));
#4864 = DIRECTION('',(0.,-0.,1.));
#4865 = DIRECTION('',(0.,1.,0.));
#4866 = ORIENTED_EDGE('',*,*,#4790,.T.);
#4867 = ORIENTED_EDGE('',*,*,#969,.F.);
#4868 = CYLINDRICAL_SURFACE('',#4869,3.174);
#4869 = AXIS2_PLACEMENT_3D('',#4870,#4871,#4872);
#4870 = CARTESIAN_POINT('',(225.476,262.526,-17.33));
#4871 = DIRECTION('',(0.,0.,1.));
#4872 = DIRECTION('',(1.,0.,0.));
#4873 = ADVANCED_FACE('',(#4874),#4892,.F.);
#4874 = FACE_BOUND('',#4875,.F.);
#4875 = EDGE_LOOP('',(#4876,#4884,#4890,#4891));
#4876 = ORIENTED_EDGE('',*,*,#4877,.F.);
#4877 = EDGE_CURVE('',#4878,#4823,#4880,.T.);
#4878 = VERTEX_POINT('',#4879);
#4879 = CARTESIAN_POINT('',(125.5,193.397,-17.7));
#4880 = LINE('',#4881,#4882);
#4881 = CARTESIAN_POINT('',(125.5,188.25,-17.7));
#4882 = VECTOR('',#4883,1.);
#4883 = DIRECTION('',(0.,1.,0.));
#4884 = ORIENTED_EDGE('',*,*,#4885,.F.);
#4885 = EDGE_CURVE('',#1114,#4878,#4886,.T.);
#4886 = LINE('',#4887,#4888);
#4887 = CARTESIAN_POINT('',(125.5,193.397,-19.835));
#4888 = VECTOR('',#4889,1.);
#4889 = DIRECTION('',(0.,0.,-1.));
#4890 = ORIENTED_EDGE('',*,*,#1121,.T.);
#4891 = ORIENTED_EDGE('',*,*,#4822,.T.);
#4892 = PLANE('',#4893);
#4893 = AXIS2_PLACEMENT_3D('',#4894,#4895,#4896);
#4894 = CARTESIAN_POINT('',(125.5,188.25,-17.7));
#4895 = DIRECTION('',(-1.,0.,0.));
#4896 = DIRECTION('',(0.,0.,1.));
#4897 = ADVANCED_FACE('',(#4898),#4916,.T.);
#4898 = FACE_BOUND('',#4899,.T.);
#4899 = EDGE_LOOP('',(#4900,#4908,#4909,#4910));
#4900 = ORIENTED_EDGE('',*,*,#4901,.T.);
#4901 = EDGE_CURVE('',#4902,#979,#4904,.T.);
#4902 = VERTEX_POINT('',#4903);
#4903 = CARTESIAN_POINT('',(228.65,222.874,-17.33));
#4904 = LINE('',#4905,#4906);
#4905 = CARTESIAN_POINT('',(228.65,222.874,-17.33));
#4906 = VECTOR('',#4907,1.);
#4907 = DIRECTION('',(0.,0.,1.));
#4908 = ORIENTED_EDGE('',*,*,#978,.F.);
#4909 = ORIENTED_EDGE('',*,*,#4852,.F.);
#4910 = ORIENTED_EDGE('',*,*,#4911,.T.);
#4911 = EDGE_CURVE('',#4853,#4902,#4912,.T.);
#4912 = LINE('',#4913,#4914);
#4913 = CARTESIAN_POINT('',(228.65,265.7,-17.33));
#4914 = VECTOR('',#4915,1.);
#4915 = DIRECTION('',(0.,-1.,0.));
#4916 = PLANE('',#4917);
#4917 = AXIS2_PLACEMENT_3D('',#4918,#4919,#4920);
#4918 = CARTESIAN_POINT('',(228.65,265.7,-17.33));
#4919 = DIRECTION('',(-1.,0.,0.));
#4920 = DIRECTION('',(0.,0.,1.));
#4921 = ADVANCED_FACE('',(#4922),#4963,.F.);
#4922 = FACE_BOUND('',#4923,.F.);
#4923 = EDGE_LOOP('',(#4924,#4925,#4933,#4941,#4947,#4948,#4949,#4957));
#4924 = ORIENTED_EDGE('',*,*,#1045,.F.);
#4925 = ORIENTED_EDGE('',*,*,#4926,.F.);
#4926 = EDGE_CURVE('',#4927,#1046,#4929,.T.);
#4927 = VERTEX_POINT('',#4928);
#4928 = CARTESIAN_POINT('',(158.826,193.397,-21.97));
#4929 = LINE('',#4930,#4931);
#4930 = CARTESIAN_POINT('',(158.826,193.397,-21.97));
#4931 = VECTOR('',#4932,1.);
#4932 = DIRECTION('',(0.,0.,1.));
#4933 = ORIENTED_EDGE('',*,*,#4934,.T.);
#4934 = EDGE_CURVE('',#4927,#4935,#4937,.T.);
#4935 = VERTEX_POINT('',#4936);
#4936 = CARTESIAN_POINT('',(117.174,193.397,-21.97));
#4937 = LINE('',#4938,#4939);
#4938 = CARTESIAN_POINT('',(162.,193.397,-21.97));
#4939 = VECTOR('',#4940,1.);
#4940 = DIRECTION('',(-1.,0.,0.));
#4941 = ORIENTED_EDGE('',*,*,#4942,.T.);
#4942 = EDGE_CURVE('',#4935,#1105,#4943,.T.);
#4943 = LINE('',#4944,#4945);
#4944 = CARTESIAN_POINT('',(117.174,193.397,-21.97));
#4945 = VECTOR('',#4946,1.);
#4946 = DIRECTION('',(0.,0.,1.));
#4947 = ORIENTED_EDGE('',*,*,#1113,.F.);
#4948 = ORIENTED_EDGE('',*,*,#4885,.T.);
#4949 = ORIENTED_EDGE('',*,*,#4950,.F.);
#4950 = EDGE_CURVE('',#4951,#4878,#4953,.T.);
#4951 = VERTEX_POINT('',#4952);
#4952 = CARTESIAN_POINT('',(150.5,193.397,-17.7));
#4953 = LINE('',#4954,#4955);
#4954 = CARTESIAN_POINT('',(156.25,193.397,-17.7));
#4955 = VECTOR('',#4956,1.);
#4956 = DIRECTION('',(-1.,2.2E-16,0.));
#4957 = ORIENTED_EDGE('',*,*,#4958,.F.);
#4958 = EDGE_CURVE('',#1038,#4951,#4959,.T.);
#4959 = LINE('',#4960,#4961);
#4960 = CARTESIAN_POINT('',(150.5,193.397,-19.835));
#4961 = VECTOR('',#4962,1.);
#4962 = DIRECTION('',(0.,0.,-1.));
#4963 = PLANE('',#4964);
#4964 = AXIS2_PLACEMENT_3D('',#4965,#4966,#4967);
#4965 = CARTESIAN_POINT('',(162.,193.397,-21.97));
#4966 = DIRECTION('',(0.,1.,0.));
#4967 = DIRECTION('',(0.,0.,1.));
#4968 = ADVANCED_FACE('',(#4969),#4988,.F.);
#4969 = FACE_BOUND('',#4970,.T.);
#4970 = EDGE_LOOP('',(#4971,#4972,#4981,#4987));
#4971 = ORIENTED_EDGE('',*,*,#4901,.F.);
#4972 = ORIENTED_EDGE('',*,*,#4973,.T.);
#4973 = EDGE_CURVE('',#4902,#4974,#4976,.T.);
#4974 = VERTEX_POINT('',#4975);
#4975 = CARTESIAN_POINT('',(225.476,219.7,-17.33));
#4976 = CIRCLE('',#4977,3.174);
#4977 = AXIS2_PLACEMENT_3D('',#4978,#4979,#4980);
#4978 = CARTESIAN_POINT('',(225.476,222.874,-17.33));
#4979 = DIRECTION('',(0.,0.,-1.));
#4980 = DIRECTION('',(0.,1.,0.));
#4981 = ORIENTED_EDGE('',*,*,#4982,.T.);
#4982 = EDGE_CURVE('',#4974,#987,#4983,.T.);
#4983 = LINE('',#4984,#4985);
#4984 = CARTESIAN_POINT('',(225.476,219.7,-17.33));
#4985 = VECTOR('',#4986,1.);
#4986 = DIRECTION('',(0.,0.,1.));
#4987 = ORIENTED_EDGE('',*,*,#986,.T.);
#4988 = CYLINDRICAL_SURFACE('',#4989,3.174);
#4989 = AXIS2_PLACEMENT_3D('',#4990,#4991,#4992);
#4990 = CARTESIAN_POINT('',(225.476,222.874,-17.33));
#4991 = DIRECTION('',(0.,0.,1.));
#4992 = DIRECTION('',(1.,0.,0.));
#4993 = ADVANCED_FACE('',(#4994),#5013,.F.);
#4994 = FACE_BOUND('',#4995,.F.);
#4995 = EDGE_LOOP('',(#4996,#5005,#5011,#5012));
#4996 = ORIENTED_EDGE('',*,*,#4997,.T.);
#4997 = EDGE_CURVE('',#4935,#4998,#5000,.T.);
#4998 = VERTEX_POINT('',#4999);
#4999 = CARTESIAN_POINT('',(114.,190.223,-21.97));
#5000 = CIRCLE('',#5001,3.174);
#5001 = AXIS2_PLACEMENT_3D('',#5002,#5003,#5004);
#5002 = CARTESIAN_POINT('',(117.174,190.223,-21.97));
#5003 = DIRECTION('',(0.,0.,1.));
#5004 = DIRECTION('',(1.,0.,0.));
#5005 = ORIENTED_EDGE('',*,*,#5006,.T.);
#5006 = EDGE_CURVE('',#4998,#1097,#5007,.T.);
#5007 = LINE('',#5008,#5009);
#5008 = CARTESIAN_POINT('',(114.,190.223,-21.97));
#5009 = VECTOR('',#5010,1.);
#5010 = DIRECTION('',(0.,0.,1.));
#5011 = ORIENTED_EDGE('',*,*,#1104,.F.);
#5012 = ORIENTED_EDGE('',*,*,#4942,.F.);
#5013 = CYLINDRICAL_SURFACE('',#5014,3.174);
#5014 = AXIS2_PLACEMENT_3D('',#5015,#5016,#5017);
#5015 = CARTESIAN_POINT('',(117.174,190.223,-21.97));
#5016 = DIRECTION('',(0.,0.,1.));
#5017 = DIRECTION('',(0.,1.,0.));
#5018 = ADVANCED_FACE('',(#5019),#5037,.F.);
#5019 = FACE_BOUND('',#5020,.F.);
#5020 = EDGE_LOOP('',(#5021,#5029,#5035,#5036));
#5021 = ORIENTED_EDGE('',*,*,#5022,.F.);
#5022 = EDGE_CURVE('',#5023,#996,#5025,.T.);
#5023 = VERTEX_POINT('',#5024);
#5024 = CARTESIAN_POINT('',(169.824,219.7,-17.33));
#5025 = LINE('',#5026,#5027);
#5026 = CARTESIAN_POINT('',(169.824,219.7,-17.33));
#5027 = VECTOR('',#5028,1.);
#5028 = DIRECTION('',(0.,0.,1.));
#5029 = ORIENTED_EDGE('',*,*,#5030,.F.);
#5030 = EDGE_CURVE('',#4974,#5023,#5031,.T.);
#5031 = LINE('',#5032,#5033);
#5032 = CARTESIAN_POINT('',(228.65,219.7,-17.33));
#5033 = VECTOR('',#5034,1.);
#5034 = DIRECTION('',(-1.,0.,0.));
#5035 = ORIENTED_EDGE('',*,*,#4982,.T.);
#5036 = ORIENTED_EDGE('',*,*,#995,.F.);
#5037 = PLANE('',#5038);
#5038 = AXIS2_PLACEMENT_3D('',#5039,#5040,#5041);
#5039 = CARTESIAN_POINT('',(228.65,219.7,-17.33));
#5040 = DIRECTION('',(0.,-1.,0.));
#5041 = DIRECTION('',(0.,0.,1.));
#5042 = ADVANCED_FACE('',(#5043),#5061,.F.);
#5043 = FACE_BOUND('',#5044,.F.);
#5044 = EDGE_LOOP('',(#5045,#5053,#5059,#5060));
#5045 = ORIENTED_EDGE('',*,*,#5046,.F.);
#5046 = EDGE_CURVE('',#5047,#4998,#5049,.T.);
#5047 = VERTEX_POINT('',#5048);
#5048 = CARTESIAN_POINT('',(114.,173.571,-21.97));
#5049 = LINE('',#5050,#5051);
#5050 = CARTESIAN_POINT('',(114.,170.397,-21.97));
#5051 = VECTOR('',#5052,1.);
#5052 = DIRECTION('',(0.,1.,0.));
#5053 = ORIENTED_EDGE('',*,*,#5054,.T.);
#5054 = EDGE_CURVE('',#5047,#1088,#5055,.T.);
#5055 = LINE('',#5056,#5057);
#5056 = CARTESIAN_POINT('',(114.,173.571,-21.97));
#5057 = VECTOR('',#5058,1.);
#5058 = DIRECTION('',(0.,0.,1.));
#5059 = ORIENTED_EDGE('',*,*,#1096,.T.);
#5060 = ORIENTED_EDGE('',*,*,#5006,.F.);
#5061 = PLANE('',#5062);
#5062 = AXIS2_PLACEMENT_3D('',#5063,#5064,#5065);
#5063 = CARTESIAN_POINT('',(114.,170.397,-21.97));
#5064 = DIRECTION('',(-1.,0.,0.));
#5065 = DIRECTION('',(0.,0.,1.));
#5066 = ADVANCED_FACE('',(#5067),#5086,.F.);
#5067 = FACE_BOUND('',#5068,.F.);
#5068 = EDGE_LOOP('',(#5069,#5077,#5084,#5085));
#5069 = ORIENTED_EDGE('',*,*,#5070,.F.);
#5070 = EDGE_CURVE('',#5071,#1004,#5073,.T.);
#5071 = VERTEX_POINT('',#5072);
#5072 = CARTESIAN_POINT('',(166.65,222.874,-17.33));
#5073 = LINE('',#5074,#5075);
#5074 = CARTESIAN_POINT('',(166.65,222.874,-17.33));
#5075 = VECTOR('',#5076,1.);
#5076 = DIRECTION('',(0.,0.,1.));
#5077 = ORIENTED_EDGE('',*,*,#5078,.T.);
#5078 = EDGE_CURVE('',#5071,#5023,#5079,.T.);
#5079 = CIRCLE('',#5080,3.174);
#5080 = AXIS2_PLACEMENT_3D('',#5081,#5082,#5083);
#5081 = CARTESIAN_POINT('',(169.824,222.874,-17.33));
#5082 = DIRECTION('',(0.,-0.,1.));
#5083 = DIRECTION('',(0.,1.,0.));
#5084 = ORIENTED_EDGE('',*,*,#5022,.T.);
#5085 = ORIENTED_EDGE('',*,*,#1003,.F.);
#5086 = CYLINDRICAL_SURFACE('',#5087,3.174);
#5087 = AXIS2_PLACEMENT_3D('',#5088,#5089,#5090);
#5088 = CARTESIAN_POINT('',(169.824,222.874,-17.33));
#5089 = DIRECTION('',(0.,0.,1.));
#5090 = DIRECTION('',(-1.,0.,0.));
#5091 = ADVANCED_FACE('',(#5092),#5111,.F.);
#5092 = FACE_BOUND('',#5093,.T.);
#5093 = EDGE_LOOP('',(#5094,#5103,#5104,#5105));
#5094 = ORIENTED_EDGE('',*,*,#5095,.T.);
#5095 = EDGE_CURVE('',#5096,#5047,#5098,.T.);
#5096 = VERTEX_POINT('',#5097);
#5097 = CARTESIAN_POINT('',(117.174,170.397,-21.97));
#5098 = CIRCLE('',#5099,3.174);
#5099 = AXIS2_PLACEMENT_3D('',#5100,#5101,#5102);
#5100 = CARTESIAN_POINT('',(117.174,173.571,-21.97));
#5101 = DIRECTION('',(0.,0.,-1.));
#5102 = DIRECTION('',(1.,0.,0.));
#5103 = ORIENTED_EDGE('',*,*,#5054,.T.);
#5104 = ORIENTED_EDGE('',*,*,#1087,.F.);
#5105 = ORIENTED_EDGE('',*,*,#5106,.F.);
#5106 = EDGE_CURVE('',#5096,#1080,#5107,.T.);
#5107 = LINE('',#5108,#5109);
#5108 = CARTESIAN_POINT('',(117.174,170.397,-21.97));
#5109 = VECTOR('',#5110,1.);
#5110 = DIRECTION('',(0.,0.,1.));
#5111 = CYLINDRICAL_SURFACE('',#5112,3.174);
#5112 = AXIS2_PLACEMENT_3D('',#5113,#5114,#5115);
#5113 = CARTESIAN_POINT('',(117.174,173.571,-21.97));
#5114 = DIRECTION('',(0.,0.,1.));
#5115 = DIRECTION('',(0.,-1.,0.));
#5116 = ADVANCED_FACE('',(#5117),#5135,.F.);
#5117 = FACE_BOUND('',#5118,.F.);
#5118 = EDGE_LOOP('',(#5119,#5120,#5121,#5129));
#5119 = ORIENTED_EDGE('',*,*,#5070,.T.);
#5120 = ORIENTED_EDGE('',*,*,#1012,.F.);
#5121 = ORIENTED_EDGE('',*,*,#5122,.F.);
#5122 = EDGE_CURVE('',#5123,#1013,#5125,.T.);
#5123 = VERTEX_POINT('',#5124);
#5124 = CARTESIAN_POINT('',(166.65,230.22510386845,-17.33));
#5125 = LINE('',#5126,#5127);
#5126 = CARTESIAN_POINT('',(166.65,230.22510386845,-30.1));
#5127 = VECTOR('',#5128,1.);
#5128 = DIRECTION('',(0.,0.,1.));
#5129 = ORIENTED_EDGE('',*,*,#5130,.T.);
#5130 = EDGE_CURVE('',#5123,#5071,#5131,.T.);
#5131 = LINE('',#5132,#5133);
#5132 = CARTESIAN_POINT('',(166.65,265.7,-17.33));
#5133 = VECTOR('',#5134,1.);
#5134 = DIRECTION('',(0.,-1.,0.));
#5135 = PLANE('',#5136);
#5136 = AXIS2_PLACEMENT_3D('',#5137,#5138,#5139);
#5137 = CARTESIAN_POINT('',(166.65,265.7,-17.33));
#5138 = DIRECTION('',(-1.,0.,0.));
#5139 = DIRECTION('',(0.,0.,1.));
#5140 = ADVANCED_FACE('',(#5141),#5159,.T.);
#5141 = FACE_BOUND('',#5142,.T.);
#5142 = EDGE_LOOP('',(#5143,#5144,#5152,#5158));
#5143 = ORIENTED_EDGE('',*,*,#1079,.F.);
#5144 = ORIENTED_EDGE('',*,*,#5145,.F.);
#5145 = EDGE_CURVE('',#5146,#1071,#5148,.T.);
#5146 = VERTEX_POINT('',#5147);
#5147 = CARTESIAN_POINT('',(158.826,170.397,-21.97));
#5148 = LINE('',#5149,#5150);
#5149 = CARTESIAN_POINT('',(158.826,170.397,-21.97));
#5150 = VECTOR('',#5151,1.);
#5151 = DIRECTION('',(0.,0.,1.));
#5152 = ORIENTED_EDGE('',*,*,#5153,.T.);
#5153 = EDGE_CURVE('',#5146,#5096,#5154,.T.);
#5154 = LINE('',#5155,#5156);
#5155 = CARTESIAN_POINT('',(162.,170.397,-21.97));
#5156 = VECTOR('',#5157,1.);
#5157 = DIRECTION('',(-1.,0.,0.));
#5158 = ORIENTED_EDGE('',*,*,#5106,.T.);
#5159 = PLANE('',#5160);
#5160 = AXIS2_PLACEMENT_3D('',#5161,#5162,#5163);
#5161 = CARTESIAN_POINT('',(162.,170.397,-21.97));
#5162 = DIRECTION('',(0.,1.,0.));
#5163 = DIRECTION('',(0.,0.,1.));
#5164 = ADVANCED_FACE('',(#5165),#5194,.F.);
#5165 = FACE_BOUND('',#5166,.F.);
#5166 = EDGE_LOOP('',(#5167,#5168,#5177,#5185,#5192,#5193));
#5167 = ORIENTED_EDGE('',*,*,#4806,.F.);
#5168 = ORIENTED_EDGE('',*,*,#5169,.T.);
#5169 = EDGE_CURVE('',#4807,#5170,#5172,.T.);
#5170 = VERTEX_POINT('',#5171);
#5171 = CARTESIAN_POINT('',(167.,231.674,-30.1));
#5172 = CIRCLE('',#5173,3.174);
#5173 = AXIS2_PLACEMENT_3D('',#5174,#5175,#5176);
#5174 = CARTESIAN_POINT('',(163.826,231.674,-30.1));
#5175 = DIRECTION('',(0.,0.,1.));
#5176 = DIRECTION('',(1.,0.,0.));
#5177 = ORIENTED_EDGE('',*,*,#5178,.T.);
#5178 = EDGE_CURVE('',#5170,#5179,#5181,.T.);
#5179 = VERTEX_POINT('',#5180);
#5180 = CARTESIAN_POINT('',(167.,231.674,-17.33));
#5181 = LINE('',#5182,#5183);
#5182 = CARTESIAN_POINT('',(167.,231.674,-30.1));
#5183 = VECTOR('',#5184,1.);
#5184 = DIRECTION('',(0.,0.,1.));
#5185 = ORIENTED_EDGE('',*,*,#5186,.F.);
#5186 = EDGE_CURVE('',#5123,#5179,#5187,.T.);
#5187 = CIRCLE('',#5188,3.174);
#5188 = AXIS2_PLACEMENT_3D('',#5189,#5190,#5191);
#5189 = CARTESIAN_POINT('',(163.826,231.674,-17.33));
#5190 = DIRECTION('',(0.,0.,1.));
#5191 = DIRECTION('',(-2.2E-16,-1.,0.));
#5192 = ORIENTED_EDGE('',*,*,#5122,.T.);
#5193 = ORIENTED_EDGE('',*,*,#1020,.F.);
#5194 = CYLINDRICAL_SURFACE('',#5195,3.174);
#5195 = AXIS2_PLACEMENT_3D('',#5196,#5197,#5198);
#5196 = CARTESIAN_POINT('',(163.826,231.674,-30.1));
#5197 = DIRECTION('',(0.,0.,1.));
#5198 = DIRECTION('',(0.,-1.,0.));
#5199 = ADVANCED_FACE('',(#5200),#5219,.F.);
#5200 = FACE_BOUND('',#5201,.F.);
#5201 = EDGE_LOOP('',(#5202,#5211,#5217,#5218));
#5202 = ORIENTED_EDGE('',*,*,#5203,.T.);
#5203 = EDGE_CURVE('',#5146,#5204,#5206,.T.);
#5204 = VERTEX_POINT('',#5205);
#5205 = CARTESIAN_POINT('',(162.,173.571,-21.97));
#5206 = CIRCLE('',#5207,3.174);
#5207 = AXIS2_PLACEMENT_3D('',#5208,#5209,#5210);
#5208 = CARTESIAN_POINT('',(158.826,173.571,-21.97));
#5209 = DIRECTION('',(0.,0.,1.));
#5210 = DIRECTION('',(1.,0.,0.));
#5211 = ORIENTED_EDGE('',*,*,#5212,.T.);
#5212 = EDGE_CURVE('',#5204,#1063,#5213,.T.);
#5213 = LINE('',#5214,#5215);
#5214 = CARTESIAN_POINT('',(162.,173.571,-21.97));
#5215 = VECTOR('',#5216,1.);
#5216 = DIRECTION('',(0.,0.,1.));
#5217 = ORIENTED_EDGE('',*,*,#1070,.F.);
#5218 = ORIENTED_EDGE('',*,*,#5145,.F.);
#5219 = CYLINDRICAL_SURFACE('',#5220,3.174);
#5220 = AXIS2_PLACEMENT_3D('',#5221,#5222,#5223);
#5221 = CARTESIAN_POINT('',(158.826,173.571,-21.97));
#5222 = DIRECTION('',(0.,0.,1.));
#5223 = DIRECTION('',(0.,-1.,0.));
#5224 = ADVANCED_FACE('',(#5225),#5243,.T.);
#5225 = FACE_BOUND('',#5226,.T.);
#5226 = EDGE_LOOP('',(#5227,#5235,#5236,#5237));
#5227 = ORIENTED_EDGE('',*,*,#5228,.F.);
#5228 = EDGE_CURVE('',#5204,#5229,#5231,.T.);
#5229 = VERTEX_POINT('',#5230);
#5230 = CARTESIAN_POINT('',(162.,190.223,-21.97));
#5231 = LINE('',#5232,#5233);
#5232 = CARTESIAN_POINT('',(162.,170.397,-21.97));
#5233 = VECTOR('',#5234,1.);
#5234 = DIRECTION('',(0.,1.,0.));
#5235 = ORIENTED_EDGE('',*,*,#5212,.T.);
#5236 = ORIENTED_EDGE('',*,*,#1062,.T.);
#5237 = ORIENTED_EDGE('',*,*,#5238,.F.);
#5238 = EDGE_CURVE('',#5229,#1054,#5239,.T.);
#5239 = LINE('',#5240,#5241);
#5240 = CARTESIAN_POINT('',(162.,190.223,-21.97));
#5241 = VECTOR('',#5242,1.);
#5242 = DIRECTION('',(0.,0.,1.));
#5243 = PLANE('',#5244);
#5244 = AXIS2_PLACEMENT_3D('',#5245,#5246,#5247);
#5245 = CARTESIAN_POINT('',(162.,170.397,-21.97));
#5246 = DIRECTION('',(-1.,0.,0.));
#5247 = DIRECTION('',(0.,0.,1.));
#5248 = ADVANCED_FACE('',(#5249),#5260,.T.);
#5249 = FACE_BOUND('',#5250,.T.);
#5250 = EDGE_LOOP('',(#5251,#5257,#5258,#5259));
#5251 = ORIENTED_EDGE('',*,*,#5252,.F.);
#5252 = EDGE_CURVE('',#4951,#4831,#5253,.T.);
#5253 = LINE('',#5254,#5255);
#5254 = CARTESIAN_POINT('',(150.5,188.25,-17.7));
#5255 = VECTOR('',#5256,1.);
#5256 = DIRECTION('',(0.,1.,0.));
#5257 = ORIENTED_EDGE('',*,*,#4958,.F.);
#5258 = ORIENTED_EDGE('',*,*,#1037,.T.);
#5259 = ORIENTED_EDGE('',*,*,#4838,.T.);
#5260 = PLANE('',#5261);
#5261 = AXIS2_PLACEMENT_3D('',#5262,#5263,#5264);
#5262 = CARTESIAN_POINT('',(150.5,188.25,-17.7));
#5263 = DIRECTION('',(-1.,0.,0.));
#5264 = DIRECTION('',(0.,0.,1.));
#5265 = ADVANCED_FACE('',(#5266),#5278,.F.);
#5266 = FACE_BOUND('',#5267,.F.);
#5267 = EDGE_LOOP('',(#5268,#5275,#5276,#5277));
#5268 = ORIENTED_EDGE('',*,*,#5269,.T.);
#5269 = EDGE_CURVE('',#5229,#4927,#5270,.T.);
#5270 = CIRCLE('',#5271,3.174);
#5271 = AXIS2_PLACEMENT_3D('',#5272,#5273,#5274);
#5272 = CARTESIAN_POINT('',(158.826,190.223,-21.97));
#5273 = DIRECTION('',(0.,0.,1.));
#5274 = DIRECTION('',(1.,0.,0.));
#5275 = ORIENTED_EDGE('',*,*,#4926,.T.);
#5276 = ORIENTED_EDGE('',*,*,#1053,.F.);
#5277 = ORIENTED_EDGE('',*,*,#5238,.F.);
#5278 = CYLINDRICAL_SURFACE('',#5279,3.174);
#5279 = AXIS2_PLACEMENT_3D('',#5280,#5281,#5282);
#5280 = CARTESIAN_POINT('',(158.826,190.223,-21.97));
#5281 = DIRECTION('',(0.,0.,1.));
#5282 = DIRECTION('',(1.,0.,0.));
#5283 = ADVANCED_FACE('',(#5284),#5292,.T.);
#5284 = FACE_BOUND('',#5285,.T.);
#5285 = EDGE_LOOP('',(#5286,#5287,#5288,#5289,#5290,#5291));
#5286 = ORIENTED_EDGE('',*,*,#4456,.T.);
#5287 = ORIENTED_EDGE('',*,*,#4503,.T.);
#5288 = ORIENTED_EDGE('',*,*,#4552,.F.);
#5289 = ORIENTED_EDGE('',*,*,#4601,.F.);
#5290 = ORIENTED_EDGE('',*,*,#4528,.T.);
#5291 = ORIENTED_EDGE('',*,*,#4478,.T.);
#5292 = PLANE('',#5293);
#5293 = AXIS2_PLACEMENT_3D('',#5294,#5295,#5296);
#5294 = CARTESIAN_POINT('',(150.5,188.25,-17.7));
#5295 = DIRECTION('',(0.,0.,1.));
#5296 = DIRECTION('',(0.,1.,0.));
#5297 = ADVANCED_FACE('',(#5298,#5313,#5324),#5335,.T.);
#5298 = FACE_BOUND('',#5299,.T.);
#5299 = EDGE_LOOP('',(#5300,#5301,#5302,#5303,#5304,#5305,#5306,#5312));
#5300 = ORIENTED_EDGE('',*,*,#4585,.T.);
#5301 = ORIENTED_EDGE('',*,*,#4658,.T.);
#5302 = ORIENTED_EDGE('',*,*,#4707,.F.);
#5303 = ORIENTED_EDGE('',*,*,#4756,.F.);
#5304 = ORIENTED_EDGE('',*,*,#4814,.F.);
#5305 = ORIENTED_EDGE('',*,*,#5169,.T.);
#5306 = ORIENTED_EDGE('',*,*,#5307,.T.);
#5307 = EDGE_CURVE('',#5170,#4617,#5308,.T.);
#5308 = LINE('',#5309,#5310);
#5309 = CARTESIAN_POINT('',(167.,228.5,-30.1));
#5310 = VECTOR('',#5311,1.);
#5311 = DIRECTION('',(0.,1.,0.));
#5312 = ORIENTED_EDGE('',*,*,#4626,.T.);
#5313 = FACE_BOUND('',#5314,.T.);
#5314 = EDGE_LOOP('',(#5315));
#5315 = ORIENTED_EDGE('',*,*,#5316,.T.);
#5316 = EDGE_CURVE('',#5317,#5317,#5319,.T.);
#5317 = VERTEX_POINT('',#5318);
#5318 = CARTESIAN_POINT('',(160.5,243.2728,-30.1));
#5319 = CIRCLE('',#5320,1.7272);
#5320 = AXIS2_PLACEMENT_3D('',#5321,#5322,#5323);
#5321 = CARTESIAN_POINT('',(160.5,245.,-30.1));
#5322 = DIRECTION('',(-0.,0.,-1.));
#5323 = DIRECTION('',(-0.,-1.,0.));
#5324 = FACE_BOUND('',#5325,.T.);
#5325 = EDGE_LOOP('',(#5326));
#5326 = ORIENTED_EDGE('',*,*,#5327,.T.);
#5327 = EDGE_CURVE('',#5328,#5328,#5330,.T.);
#5328 = VERTEX_POINT('',#5329);
#5329 = CARTESIAN_POINT('',(115.5,243.2728,-30.1));
#5330 = CIRCLE('',#5331,1.7272);
#5331 = AXIS2_PLACEMENT_3D('',#5332,#5333,#5334);
#5332 = CARTESIAN_POINT('',(115.5,245.,-30.1));
#5333 = DIRECTION('',(-0.,0.,-1.));
#5334 = DIRECTION('',(-0.,-1.,0.));
#5335 = PLANE('',#5336);
#5336 = AXIS2_PLACEMENT_3D('',#5337,#5338,#5339);
#5337 = CARTESIAN_POINT('',(167.,228.5,-30.1));
#5338 = DIRECTION('',(0.,0.,1.));
#5339 = DIRECTION('',(0.,1.,0.));
#5340 = ADVANCED_FACE('',(#5341),#5360,.F.);
#5341 = FACE_BOUND('',#5342,.F.);
#5342 = EDGE_LOOP('',(#5343,#5344,#5352,#5359));
#5343 = ORIENTED_EDGE('',*,*,#5316,.T.);
#5344 = ORIENTED_EDGE('',*,*,#5345,.T.);
#5345 = EDGE_CURVE('',#5317,#5346,#5348,.T.);
#5346 = VERTEX_POINT('',#5347);
#5347 = CARTESIAN_POINT('',(160.5,243.2728,-38.1));
#5348 = LINE('',#5349,#5350);
#5349 = CARTESIAN_POINT('',(160.5,243.2728,-22.1));
#5350 = VECTOR('',#5351,1.);
#5351 = DIRECTION('',(0.,0.,-1.));
#5352 = ORIENTED_EDGE('',*,*,#5353,.F.);
#5353 = EDGE_CURVE('',#5346,#5346,#5354,.T.);
#5354 = CIRCLE('',#5355,1.7272);
#5355 = AXIS2_PLACEMENT_3D('',#5356,#5357,#5358);
#5356 = CARTESIAN_POINT('',(160.5,245.,-38.1));
#5357 = DIRECTION('',(0.,0.,-1.));
#5358 = DIRECTION('',(-2.2E-16,-1.,-0.));
#5359 = ORIENTED_EDGE('',*,*,#5345,.F.);
#5360 = CYLINDRICAL_SURFACE('',#5361,1.7272);
#5361 = AXIS2_PLACEMENT_3D('',#5362,#5363,#5364);
#5362 = CARTESIAN_POINT('',(160.5,245.,-22.1));
#5363 = DIRECTION('',(0.,0.,-1.));
#5364 = DIRECTION('',(-0.,-1.,0.));
#5365 = ADVANCED_FACE('',(#5366),#5385,.F.);
#5366 = FACE_BOUND('',#5367,.F.);
#5367 = EDGE_LOOP('',(#5368,#5369,#5377,#5384));
#5368 = ORIENTED_EDGE('',*,*,#5327,.T.);
#5369 = ORIENTED_EDGE('',*,*,#5370,.T.);
#5370 = EDGE_CURVE('',#5328,#5371,#5373,.T.);
#5371 = VERTEX_POINT('',#5372);
#5372 = CARTESIAN_POINT('',(115.5,243.2728,-38.1));
#5373 = LINE('',#5374,#5375);
#5374 = CARTESIAN_POINT('',(115.5,243.2728,-22.1));
#5375 = VECTOR('',#5376,1.);
#5376 = DIRECTION('',(0.,0.,-1.));
#5377 = ORIENTED_EDGE('',*,*,#5378,.F.);
#5378 = EDGE_CURVE('',#5371,#5371,#5379,.T.);
#5379 = CIRCLE('',#5380,1.7272);
#5380 = AXIS2_PLACEMENT_3D('',#5381,#5382,#5383);
#5381 = CARTESIAN_POINT('',(115.5,245.,-38.1));
#5382 = DIRECTION('',(0.,0.,-1.));
#5383 = DIRECTION('',(-2.2E-16,-1.,-0.));
#5384 = ORIENTED_EDGE('',*,*,#5370,.F.);
#5385 = CYLINDRICAL_SURFACE('',#5386,1.7272);
#5386 = AXIS2_PLACEMENT_3D('',#5387,#5388,#5389);
#5387 = CARTESIAN_POINT('',(115.5,245.,-22.1));
#5388 = DIRECTION('',(0.,0.,-1.));
#5389 = DIRECTION('',(-0.,-1.,0.));
#5390 = ADVANCED_FACE('',(#5391),#5402,.T.);
#5391 = FACE_BOUND('',#5392,.T.);
#5392 = EDGE_LOOP('',(#5393,#5394,#5395,#5396));
#5393 = ORIENTED_EDGE('',*,*,#4616,.F.);
#5394 = ORIENTED_EDGE('',*,*,#5307,.F.);
#5395 = ORIENTED_EDGE('',*,*,#5178,.T.);
#5396 = ORIENTED_EDGE('',*,*,#5397,.T.);
#5397 = EDGE_CURVE('',#5179,#4619,#5398,.T.);
#5398 = LINE('',#5399,#5400);
#5399 = CARTESIAN_POINT('',(167.,247.1,-17.33));
#5400 = VECTOR('',#5401,1.);
#5401 = DIRECTION('',(2.2E-16,1.,0.));
#5402 = PLANE('',#5403);
#5403 = AXIS2_PLACEMENT_3D('',#5404,#5405,#5406);
#5404 = CARTESIAN_POINT('',(167.,228.5,-30.1));
#5405 = DIRECTION('',(-1.,0.,0.));
#5406 = DIRECTION('',(0.,0.,1.));
#5407 = ADVANCED_FACE('',(#5408,#5422,#5433,#5444,#5455),#5466,.T.);
#5408 = FACE_BOUND('',#5409,.T.);
#5409 = EDGE_LOOP('',(#5410,#5411,#5412,#5413,#5414,#5415,#5416,#5417,
    #5418,#5419,#5420,#5421));
#5410 = ORIENTED_EDGE('',*,*,#4739,.T.);
#5411 = ORIENTED_EDGE('',*,*,#4692,.T.);
#5412 = ORIENTED_EDGE('',*,*,#4643,.F.);
#5413 = ORIENTED_EDGE('',*,*,#5397,.F.);
#5414 = ORIENTED_EDGE('',*,*,#5186,.F.);
#5415 = ORIENTED_EDGE('',*,*,#5130,.T.);
#5416 = ORIENTED_EDGE('',*,*,#5078,.T.);
#5417 = ORIENTED_EDGE('',*,*,#5030,.F.);
#5418 = ORIENTED_EDGE('',*,*,#4973,.F.);
#5419 = ORIENTED_EDGE('',*,*,#4911,.F.);
#5420 = ORIENTED_EDGE('',*,*,#4860,.T.);
#5421 = ORIENTED_EDGE('',*,*,#4782,.T.);
#5422 = FACE_BOUND('',#5423,.T.);
#5423 = EDGE_LOOP('',(#5424));
#5424 = ORIENTED_EDGE('',*,*,#5425,.T.);
#5425 = EDGE_CURVE('',#5426,#5426,#5428,.T.);
#5426 = VERTEX_POINT('',#5427);
#5427 = CARTESIAN_POINT('',(222.2372,259.7,-17.33));
#5428 = CIRCLE('',#5429,1.7272);
#5429 = AXIS2_PLACEMENT_3D('',#5430,#5431,#5432);
#5430 = CARTESIAN_POINT('',(220.51,259.7,-17.33));
#5431 = DIRECTION('',(0.,0.,-1.));
#5432 = DIRECTION('',(1.,-0.,0.));
#5433 = FACE_BOUND('',#5434,.T.);
#5434 = EDGE_LOOP('',(#5435));
#5435 = ORIENTED_EDGE('',*,*,#5436,.T.);
#5436 = EDGE_CURVE('',#5437,#5437,#5439,.T.);
#5437 = VERTEX_POINT('',#5438);
#5438 = CARTESIAN_POINT('',(176.5172,259.7,-17.33));
#5439 = CIRCLE('',#5440,1.7272);
#5440 = AXIS2_PLACEMENT_3D('',#5441,#5442,#5443);
#5441 = CARTESIAN_POINT('',(174.79,259.7,-17.33));
#5442 = DIRECTION('',(0.,0.,-1.));
#5443 = DIRECTION('',(1.,-0.,0.));
#5444 = FACE_BOUND('',#5445,.T.);
#5445 = EDGE_LOOP('',(#5446));
#5446 = ORIENTED_EDGE('',*,*,#5447,.T.);
#5447 = EDGE_CURVE('',#5448,#5448,#5450,.T.);
#5448 = VERTEX_POINT('',#5449);
#5449 = CARTESIAN_POINT('',(222.2372,225.7,-17.33));
#5450 = CIRCLE('',#5451,1.7272);
#5451 = AXIS2_PLACEMENT_3D('',#5452,#5453,#5454);
#5452 = CARTESIAN_POINT('',(220.51,225.7,-17.33));
#5453 = DIRECTION('',(0.,0.,-1.));
#5454 = DIRECTION('',(1.,-0.,0.));
#5455 = FACE_BOUND('',#5456,.T.);
#5456 = EDGE_LOOP('',(#5457));
#5457 = ORIENTED_EDGE('',*,*,#5458,.T.);
#5458 = EDGE_CURVE('',#5459,#5459,#5461,.T.);
#5459 = VERTEX_POINT('',#5460);
#5460 = CARTESIAN_POINT('',(176.5172,225.7,-17.33));
#5461 = CIRCLE('',#5462,1.7272);
#5462 = AXIS2_PLACEMENT_3D('',#5463,#5464,#5465);
#5463 = CARTESIAN_POINT('',(174.79,225.7,-17.33));
#5464 = DIRECTION('',(0.,0.,-1.));
#5465 = DIRECTION('',(1.,-0.,0.));
#5466 = PLANE('',#5467);
#5467 = AXIS2_PLACEMENT_3D('',#5468,#5469,#5470);
#5468 = CARTESIAN_POINT('',(228.65,265.7,-17.33));
#5469 = DIRECTION('',(0.,0.,1.));
#5470 = DIRECTION('',(-1.,0.,0.));
#5471 = ADVANCED_FACE('',(#5472),#5491,.F.);
#5472 = FACE_BOUND('',#5473,.F.);
#5473 = EDGE_LOOP('',(#5474,#5475,#5483,#5490));
#5474 = ORIENTED_EDGE('',*,*,#5425,.T.);
#5475 = ORIENTED_EDGE('',*,*,#5476,.T.);
#5476 = EDGE_CURVE('',#5426,#5477,#5479,.T.);
#5477 = VERTEX_POINT('',#5478);
#5478 = CARTESIAN_POINT('',(222.2372,259.7,-38.1));
#5479 = LINE('',#5480,#5481);
#5480 = CARTESIAN_POINT('',(222.2372,259.7,-4.83));
#5481 = VECTOR('',#5482,1.);
#5482 = DIRECTION('',(0.,0.,-1.));
#5483 = ORIENTED_EDGE('',*,*,#5484,.F.);
#5484 = EDGE_CURVE('',#5477,#5477,#5485,.T.);
#5485 = CIRCLE('',#5486,1.7272);
#5486 = AXIS2_PLACEMENT_3D('',#5487,#5488,#5489);
#5487 = CARTESIAN_POINT('',(220.51,259.7,-38.1));
#5488 = DIRECTION('',(0.,0.,-1.));
#5489 = DIRECTION('',(1.,0.,0.));
#5490 = ORIENTED_EDGE('',*,*,#5476,.F.);
#5491 = CYLINDRICAL_SURFACE('',#5492,1.7272);
#5492 = AXIS2_PLACEMENT_3D('',#5493,#5494,#5495);
#5493 = CARTESIAN_POINT('',(220.51,259.7,-4.83));
#5494 = DIRECTION('',(0.,0.,-1.));
#5495 = DIRECTION('',(1.,-0.,0.));
#5496 = ADVANCED_FACE('',(#5497),#5516,.F.);
#5497 = FACE_BOUND('',#5498,.F.);
#5498 = EDGE_LOOP('',(#5499,#5500,#5508,#5515));
#5499 = ORIENTED_EDGE('',*,*,#5436,.T.);
#5500 = ORIENTED_EDGE('',*,*,#5501,.T.);
#5501 = EDGE_CURVE('',#5437,#5502,#5504,.T.);
#5502 = VERTEX_POINT('',#5503);
#5503 = CARTESIAN_POINT('',(176.5172,259.7,-38.1));
#5504 = LINE('',#5505,#5506);
#5505 = CARTESIAN_POINT('',(176.5172,259.7,-4.83));
#5506 = VECTOR('',#5507,1.);
#5507 = DIRECTION('',(0.,0.,-1.));
#5508 = ORIENTED_EDGE('',*,*,#5509,.F.);
#5509 = EDGE_CURVE('',#5502,#5502,#5510,.T.);
#5510 = CIRCLE('',#5511,1.7272);
#5511 = AXIS2_PLACEMENT_3D('',#5512,#5513,#5514);
#5512 = CARTESIAN_POINT('',(174.79,259.7,-38.1));
#5513 = DIRECTION('',(0.,0.,-1.));
#5514 = DIRECTION('',(1.,0.,0.));
#5515 = ORIENTED_EDGE('',*,*,#5501,.F.);
#5516 = CYLINDRICAL_SURFACE('',#5517,1.7272);
#5517 = AXIS2_PLACEMENT_3D('',#5518,#5519,#5520);
#5518 = CARTESIAN_POINT('',(174.79,259.7,-4.83));
#5519 = DIRECTION('',(0.,0.,-1.));
#5520 = DIRECTION('',(1.,-0.,0.));
#5521 = ADVANCED_FACE('',(#5522),#5541,.F.);
#5522 = FACE_BOUND('',#5523,.F.);
#5523 = EDGE_LOOP('',(#5524,#5525,#5533,#5540));
#5524 = ORIENTED_EDGE('',*,*,#5447,.T.);
#5525 = ORIENTED_EDGE('',*,*,#5526,.T.);
#5526 = EDGE_CURVE('',#5448,#5527,#5529,.T.);
#5527 = VERTEX_POINT('',#5528);
#5528 = CARTESIAN_POINT('',(222.2372,225.7,-38.1));
#5529 = LINE('',#5530,#5531);
#5530 = CARTESIAN_POINT('',(222.2372,225.7,-4.83));
#5531 = VECTOR('',#5532,1.);
#5532 = DIRECTION('',(0.,0.,-1.));
#5533 = ORIENTED_EDGE('',*,*,#5534,.F.);
#5534 = EDGE_CURVE('',#5527,#5527,#5535,.T.);
#5535 = CIRCLE('',#5536,1.7272);
#5536 = AXIS2_PLACEMENT_3D('',#5537,#5538,#5539);
#5537 = CARTESIAN_POINT('',(220.51,225.7,-38.1));
#5538 = DIRECTION('',(0.,0.,-1.));
#5539 = DIRECTION('',(1.,0.,0.));
#5540 = ORIENTED_EDGE('',*,*,#5526,.F.);
#5541 = CYLINDRICAL_SURFACE('',#5542,1.7272);
#5542 = AXIS2_PLACEMENT_3D('',#5543,#5544,#5545);
#5543 = CARTESIAN_POINT('',(220.51,225.7,-4.83));
#5544 = DIRECTION('',(0.,0.,-1.));
#5545 = DIRECTION('',(1.,-0.,0.));
#5546 = ADVANCED_FACE('',(#5547),#5566,.F.);
#5547 = FACE_BOUND('',#5548,.F.);
#5548 = EDGE_LOOP('',(#5549,#5550,#5558,#5565));
#5549 = ORIENTED_EDGE('',*,*,#5458,.T.);
#5550 = ORIENTED_EDGE('',*,*,#5551,.T.);
#5551 = EDGE_CURVE('',#5459,#5552,#5554,.T.);
#5552 = VERTEX_POINT('',#5553);
#5553 = CARTESIAN_POINT('',(176.5172,225.7,-38.1));
#5554 = LINE('',#5555,#5556);
#5555 = CARTESIAN_POINT('',(176.5172,225.7,-4.83));
#5556 = VECTOR('',#5557,1.);
#5557 = DIRECTION('',(0.,0.,-1.));
#5558 = ORIENTED_EDGE('',*,*,#5559,.F.);
#5559 = EDGE_CURVE('',#5552,#5552,#5560,.T.);
#5560 = CIRCLE('',#5561,1.7272);
#5561 = AXIS2_PLACEMENT_3D('',#5562,#5563,#5564);
#5562 = CARTESIAN_POINT('',(174.79,225.7,-38.1));
#5563 = DIRECTION('',(0.,0.,-1.));
#5564 = DIRECTION('',(1.,0.,0.));
#5565 = ORIENTED_EDGE('',*,*,#5551,.F.);
#5566 = CYLINDRICAL_SURFACE('',#5567,1.7272);
#5567 = AXIS2_PLACEMENT_3D('',#5568,#5569,#5570);
#5568 = CARTESIAN_POINT('',(174.79,225.7,-4.83));
#5569 = DIRECTION('',(0.,0.,-1.));
#5570 = DIRECTION('',(1.,-0.,0.));
#5571 = ADVANCED_FACE('',(#5572),#5578,.T.);
#5572 = FACE_BOUND('',#5573,.T.);
#5573 = EDGE_LOOP('',(#5574,#5575,#5576,#5577));
#5574 = ORIENTED_EDGE('',*,*,#5252,.T.);
#5575 = ORIENTED_EDGE('',*,*,#4830,.T.);
#5576 = ORIENTED_EDGE('',*,*,#4877,.F.);
#5577 = ORIENTED_EDGE('',*,*,#4950,.F.);
#5578 = PLANE('',#5579);
#5579 = AXIS2_PLACEMENT_3D('',#5580,#5581,#5582);
#5580 = CARTESIAN_POINT('',(150.5,188.25,-17.7));
#5581 = DIRECTION('',(0.,0.,1.));
#5582 = DIRECTION('',(0.,1.,0.));
#5583 = ADVANCED_FACE('',(#5584,#5594,#5605),#5616,.T.);
#5584 = FACE_BOUND('',#5585,.T.);
#5585 = EDGE_LOOP('',(#5586,#5587,#5588,#5589,#5590,#5591,#5592,#5593));
#5586 = ORIENTED_EDGE('',*,*,#4934,.T.);
#5587 = ORIENTED_EDGE('',*,*,#4997,.T.);
#5588 = ORIENTED_EDGE('',*,*,#5046,.F.);
#5589 = ORIENTED_EDGE('',*,*,#5095,.F.);
#5590 = ORIENTED_EDGE('',*,*,#5153,.F.);
#5591 = ORIENTED_EDGE('',*,*,#5203,.T.);
#5592 = ORIENTED_EDGE('',*,*,#5228,.T.);
#5593 = ORIENTED_EDGE('',*,*,#5269,.T.);
#5594 = FACE_BOUND('',#5595,.T.);
#5595 = EDGE_LOOP('',(#5596));
#5596 = ORIENTED_EDGE('',*,*,#5597,.T.);
#5597 = EDGE_CURVE('',#5598,#5598,#5600,.T.);
#5598 = VERTEX_POINT('',#5599);
#5599 = CARTESIAN_POINT('',(150.5,180.1698,-21.97));
#5600 = CIRCLE('',#5601,1.7272);
#5601 = AXIS2_PLACEMENT_3D('',#5602,#5603,#5604);
#5602 = CARTESIAN_POINT('',(150.5,181.897,-21.97));
#5603 = DIRECTION('',(-0.,0.,-1.));
#5604 = DIRECTION('',(-0.,-1.,0.));
#5605 = FACE_BOUND('',#5606,.T.);
#5606 = EDGE_LOOP('',(#5607));
#5607 = ORIENTED_EDGE('',*,*,#5608,.T.);
#5608 = EDGE_CURVE('',#5609,#5609,#5611,.T.);
#5609 = VERTEX_POINT('',#5610);
#5610 = CARTESIAN_POINT('',(125.5,180.1698,-21.97));
#5611 = CIRCLE('',#5612,1.7272);
#5612 = AXIS2_PLACEMENT_3D('',#5613,#5614,#5615);
#5613 = CARTESIAN_POINT('',(125.5,181.897,-21.97));
#5614 = DIRECTION('',(-0.,0.,-1.));
#5615 = DIRECTION('',(-0.,-1.,0.));
#5616 = PLANE('',#5617);
#5617 = AXIS2_PLACEMENT_3D('',#5618,#5619,#5620);
#5618 = CARTESIAN_POINT('',(162.,170.397,-21.97));
#5619 = DIRECTION('',(0.,0.,1.));
#5620 = DIRECTION('',(0.,1.,0.));
#5621 = ADVANCED_FACE('',(#5622),#5641,.F.);
#5622 = FACE_BOUND('',#5623,.F.);
#5623 = EDGE_LOOP('',(#5624,#5625,#5633,#5640));
#5624 = ORIENTED_EDGE('',*,*,#5597,.T.);
#5625 = ORIENTED_EDGE('',*,*,#5626,.T.);
#5626 = EDGE_CURVE('',#5598,#5627,#5629,.T.);
#5627 = VERTEX_POINT('',#5628);
#5628 = CARTESIAN_POINT('',(150.5,180.1698,-38.1));
#5629 = LINE('',#5630,#5631);
#5630 = CARTESIAN_POINT('',(150.5,180.1698,-13.97));
#5631 = VECTOR('',#5632,1.);
#5632 = DIRECTION('',(0.,0.,-1.));
#5633 = ORIENTED_EDGE('',*,*,#5634,.F.);
#5634 = EDGE_CURVE('',#5627,#5627,#5635,.T.);
#5635 = CIRCLE('',#5636,1.7272);
#5636 = AXIS2_PLACEMENT_3D('',#5637,#5638,#5639);
#5637 = CARTESIAN_POINT('',(150.5,181.897,-38.1));
#5638 = DIRECTION('',(0.,0.,-1.));
#5639 = DIRECTION('',(-2.2E-16,-1.,-0.));
#5640 = ORIENTED_EDGE('',*,*,#5626,.F.);
#5641 = CYLINDRICAL_SURFACE('',#5642,1.7272);
#5642 = AXIS2_PLACEMENT_3D('',#5643,#5644,#5645);
#5643 = CARTESIAN_POINT('',(150.5,181.897,-13.97));
#5644 = DIRECTION('',(0.,0.,-1.));
#5645 = DIRECTION('',(-0.,-1.,0.));
#5646 = ADVANCED_FACE('',(#5647),#5666,.F.);
#5647 = FACE_BOUND('',#5648,.F.);
#5648 = EDGE_LOOP('',(#5649,#5650,#5658,#5665));
#5649 = ORIENTED_EDGE('',*,*,#5608,.T.);
#5650 = ORIENTED_EDGE('',*,*,#5651,.T.);
#5651 = EDGE_CURVE('',#5609,#5652,#5654,.T.);
#5652 = VERTEX_POINT('',#5653);
#5653 = CARTESIAN_POINT('',(125.5,180.1698,-38.1));
#5654 = LINE('',#5655,#5656);
#5655 = CARTESIAN_POINT('',(125.5,180.1698,-13.97));
#5656 = VECTOR('',#5657,1.);
#5657 = DIRECTION('',(0.,0.,-1.));
#5658 = ORIENTED_EDGE('',*,*,#5659,.F.);
#5659 = EDGE_CURVE('',#5652,#5652,#5660,.T.);
#5660 = CIRCLE('',#5661,1.7272);
#5661 = AXIS2_PLACEMENT_3D('',#5662,#5663,#5664);
#5662 = CARTESIAN_POINT('',(125.5,181.897,-38.1));
#5663 = DIRECTION('',(0.,0.,-1.));
#5664 = DIRECTION('',(-2.2E-16,-1.,-0.));
#5665 = ORIENTED_EDGE('',*,*,#5651,.F.);
#5666 = CYLINDRICAL_SURFACE('',#5667,1.7272);
#5667 = AXIS2_PLACEMENT_3D('',#5668,#5669,#5670);
#5668 = CARTESIAN_POINT('',(125.5,181.897,-13.97));
#5669 = DIRECTION('',(0.,0.,-1.));
#5670 = DIRECTION('',(-0.,-1.,0.));
#5671 = ADVANCED_FACE('',(#5672),#5697,.F.);
#5672 = FACE_BOUND('',#5673,.F.);
#5673 = EDGE_LOOP('',(#5674,#5675,#5683,#5691));
#5674 = ORIENTED_EDGE('',*,*,#1188,.F.);
#5675 = ORIENTED_EDGE('',*,*,#5676,.F.);
#5676 = EDGE_CURVE('',#5677,#1189,#5679,.T.);
#5677 = VERTEX_POINT('',#5678);
#5678 = CARTESIAN_POINT('',(118.82551553344,162.20003509521,
    -24.3000011444));
#5679 = LINE('',#5680,#5681);
#5680 = CARTESIAN_POINT('',(118.82551553344,162.20003509521,
    -24.3000011444));
#5681 = VECTOR('',#5682,1.);
#5682 = DIRECTION('',(0.,0.,1.));
#5683 = ORIENTED_EDGE('',*,*,#5684,.T.);
#5684 = EDGE_CURVE('',#5677,#5685,#5687,.T.);
#5685 = VERTEX_POINT('',#5686);
#5686 = CARTESIAN_POINT('',(13.17351171875,162.20003509521,
    -24.3000011444));
#5687 = LINE('',#5688,#5689);
#5688 = CARTESIAN_POINT('',(121.99951553344,162.20003509521,
    -24.3000011444));
#5689 = VECTOR('',#5690,1.);
#5690 = DIRECTION('',(-1.,0.,0.));
#5691 = ORIENTED_EDGE('',*,*,#5692,.T.);
#5692 = EDGE_CURVE('',#5685,#1191,#5693,.T.);
#5693 = LINE('',#5694,#5695);
#5694 = CARTESIAN_POINT('',(13.17351171875,162.20003509521,
    -24.3000011444));
#5695 = VECTOR('',#5696,1.);
#5696 = DIRECTION('',(0.,0.,1.));
#5697 = PLANE('',#5698);
#5698 = AXIS2_PLACEMENT_3D('',#5699,#5700,#5701);
#5699 = CARTESIAN_POINT('',(121.99951553344,162.20003509521,
    -24.3000011444));
#5700 = DIRECTION('',(0.,1.,0.));
#5701 = DIRECTION('',(0.,0.,1.));
#5702 = ADVANCED_FACE('',(#5703),#5722,.F.);
#5703 = FACE_BOUND('',#5704,.F.);
#5704 = EDGE_LOOP('',(#5705,#5714,#5715,#5716));
#5705 = ORIENTED_EDGE('',*,*,#5706,.T.);
#5706 = EDGE_CURVE('',#5707,#5677,#5709,.T.);
#5707 = VERTEX_POINT('',#5708);
#5708 = CARTESIAN_POINT('',(121.99951553344,159.02603509521,
    -24.3000011444));
#5709 = CIRCLE('',#5710,3.174);
#5710 = AXIS2_PLACEMENT_3D('',#5711,#5712,#5713);
#5711 = CARTESIAN_POINT('',(118.82551553344,159.02603509521,
    -24.3000011444));
#5712 = DIRECTION('',(0.,0.,1.));
#5713 = DIRECTION('',(1.,0.,0.));
#5714 = ORIENTED_EDGE('',*,*,#5676,.T.);
#5715 = ORIENTED_EDGE('',*,*,#1198,.F.);
#5716 = ORIENTED_EDGE('',*,*,#5717,.F.);
#5717 = EDGE_CURVE('',#5707,#1199,#5718,.T.);
#5718 = LINE('',#5719,#5720);
#5719 = CARTESIAN_POINT('',(121.99951553344,159.02603509521,
    -24.3000011444));
#5720 = VECTOR('',#5721,1.);
#5721 = DIRECTION('',(0.,0.,1.));
#5722 = CYLINDRICAL_SURFACE('',#5723,3.174);
#5723 = AXIS2_PLACEMENT_3D('',#5724,#5725,#5726);
#5724 = CARTESIAN_POINT('',(118.82551553344,159.02603509521,
    -24.3000011444));
#5725 = DIRECTION('',(0.,0.,1.));
#5726 = DIRECTION('',(1.,0.,0.));
#5727 = ADVANCED_FACE('',(#5728),#5747,.F.);
#5728 = FACE_BOUND('',#5729,.F.);
#5729 = EDGE_LOOP('',(#5730,#5739,#5745,#5746));
#5730 = ORIENTED_EDGE('',*,*,#5731,.T.);
#5731 = EDGE_CURVE('',#5685,#5732,#5734,.T.);
#5732 = VERTEX_POINT('',#5733);
#5733 = CARTESIAN_POINT('',(9.99951171875,159.02603509521,-24.3000011444
    ));
#5734 = CIRCLE('',#5735,3.174);
#5735 = AXIS2_PLACEMENT_3D('',#5736,#5737,#5738);
#5736 = CARTESIAN_POINT('',(13.17351171875,159.02603509521,
    -24.3000011444));
#5737 = DIRECTION('',(0.,0.,1.));
#5738 = DIRECTION('',(1.,0.,0.));
#5739 = ORIENTED_EDGE('',*,*,#5740,.T.);
#5740 = EDGE_CURVE('',#5732,#1242,#5741,.T.);
#5741 = LINE('',#5742,#5743);
#5742 = CARTESIAN_POINT('',(9.99951171875,159.02603509521,-24.3000011444
    ));
#5743 = VECTOR('',#5744,1.);
#5744 = DIRECTION('',(0.,0.,1.));
#5745 = ORIENTED_EDGE('',*,*,#1249,.F.);
#5746 = ORIENTED_EDGE('',*,*,#5692,.F.);
#5747 = CYLINDRICAL_SURFACE('',#5748,3.174);
#5748 = AXIS2_PLACEMENT_3D('',#5749,#5750,#5751);
#5749 = CARTESIAN_POINT('',(13.17351171875,159.02603509521,
    -24.3000011444));
#5750 = DIRECTION('',(0.,0.,1.));
#5751 = DIRECTION('',(0.,1.,0.));
#5752 = ADVANCED_FACE('',(#5753),#5771,.T.);
#5753 = FACE_BOUND('',#5754,.T.);
#5754 = EDGE_LOOP('',(#5755,#5763,#5769,#5770));
#5755 = ORIENTED_EDGE('',*,*,#5756,.F.);
#5756 = EDGE_CURVE('',#5757,#5707,#5759,.T.);
#5757 = VERTEX_POINT('',#5758);
#5758 = CARTESIAN_POINT('',(121.99951553344,61.374035095215,
    -24.3000011444));
#5759 = LINE('',#5760,#5761);
#5760 = CARTESIAN_POINT('',(121.99951553344,58.200035095215,
    -24.3000011444));
#5761 = VECTOR('',#5762,1.);
#5762 = DIRECTION('',(0.,1.,0.));
#5763 = ORIENTED_EDGE('',*,*,#5764,.T.);
#5764 = EDGE_CURVE('',#5757,#1208,#5765,.T.);
#5765 = LINE('',#5766,#5767);
#5766 = CARTESIAN_POINT('',(121.99951553344,61.374035095215,
    -24.3000011444));
#5767 = VECTOR('',#5768,1.);
#5768 = DIRECTION('',(0.,0.,1.));
#5769 = ORIENTED_EDGE('',*,*,#1207,.T.);
#5770 = ORIENTED_EDGE('',*,*,#5717,.F.);
#5771 = PLANE('',#5772);
#5772 = AXIS2_PLACEMENT_3D('',#5773,#5774,#5775);
#5773 = CARTESIAN_POINT('',(121.99951553344,58.200035095215,
    -24.3000011444));
#5774 = DIRECTION('',(-1.,0.,0.));
#5775 = DIRECTION('',(0.,0.,1.));
#5776 = ADVANCED_FACE('',(#5777),#5795,.F.);
#5777 = FACE_BOUND('',#5778,.F.);
#5778 = EDGE_LOOP('',(#5779,#5787,#5793,#5794));
#5779 = ORIENTED_EDGE('',*,*,#5780,.F.);
#5780 = EDGE_CURVE('',#5781,#5732,#5783,.T.);
#5781 = VERTEX_POINT('',#5782);
#5782 = CARTESIAN_POINT('',(9.99951171875,61.374035095215,-24.3000011444
    ));
#5783 = LINE('',#5784,#5785);
#5784 = CARTESIAN_POINT('',(9.99951171875,58.200035095215,-24.3000011444
    ));
#5785 = VECTOR('',#5786,1.);
#5786 = DIRECTION('',(0.,1.,0.));
#5787 = ORIENTED_EDGE('',*,*,#5788,.T.);
#5788 = EDGE_CURVE('',#5781,#1233,#5789,.T.);
#5789 = LINE('',#5790,#5791);
#5790 = CARTESIAN_POINT('',(9.99951171875,61.374035095215,-24.3000011444
    ));
#5791 = VECTOR('',#5792,1.);
#5792 = DIRECTION('',(0.,0.,1.));
#5793 = ORIENTED_EDGE('',*,*,#1241,.T.);
#5794 = ORIENTED_EDGE('',*,*,#5740,.F.);
#5795 = PLANE('',#5796);
#5796 = AXIS2_PLACEMENT_3D('',#5797,#5798,#5799);
#5797 = CARTESIAN_POINT('',(9.99951171875,58.200035095215,-24.3000011444
    ));
#5798 = DIRECTION('',(-1.,0.,0.));
#5799 = DIRECTION('',(0.,0.,1.));
#5800 = ADVANCED_FACE('',(#5801),#5820,.F.);
#5801 = FACE_BOUND('',#5802,.F.);
#5802 = EDGE_LOOP('',(#5803,#5812,#5813,#5814));
#5803 = ORIENTED_EDGE('',*,*,#5804,.T.);
#5804 = EDGE_CURVE('',#5805,#5757,#5807,.T.);
#5805 = VERTEX_POINT('',#5806);
#5806 = CARTESIAN_POINT('',(118.82551553344,58.200035095215,
    -24.3000011444));
#5807 = CIRCLE('',#5808,3.174);
#5808 = AXIS2_PLACEMENT_3D('',#5809,#5810,#5811);
#5809 = CARTESIAN_POINT('',(118.82551553344,61.374035095215,
    -24.3000011444));
#5810 = DIRECTION('',(0.,0.,1.));
#5811 = DIRECTION('',(1.,0.,0.));
#5812 = ORIENTED_EDGE('',*,*,#5764,.T.);
#5813 = ORIENTED_EDGE('',*,*,#1215,.F.);
#5814 = ORIENTED_EDGE('',*,*,#5815,.F.);
#5815 = EDGE_CURVE('',#5805,#1216,#5816,.T.);
#5816 = LINE('',#5817,#5818);
#5817 = CARTESIAN_POINT('',(118.82551553344,58.200035095215,
    -24.3000011444));
#5818 = VECTOR('',#5819,1.);
#5819 = DIRECTION('',(0.,0.,1.));
#5820 = CYLINDRICAL_SURFACE('',#5821,3.174);
#5821 = AXIS2_PLACEMENT_3D('',#5822,#5823,#5824);
#5822 = CARTESIAN_POINT('',(118.82551553344,61.374035095215,
    -24.3000011444));
#5823 = DIRECTION('',(0.,0.,1.));
#5824 = DIRECTION('',(0.,-1.,0.));
#5825 = ADVANCED_FACE('',(#5826),#5845,.F.);
#5826 = FACE_BOUND('',#5827,.T.);
#5827 = EDGE_LOOP('',(#5828,#5837,#5838,#5839));
#5828 = ORIENTED_EDGE('',*,*,#5829,.T.);
#5829 = EDGE_CURVE('',#5830,#5781,#5832,.T.);
#5830 = VERTEX_POINT('',#5831);
#5831 = CARTESIAN_POINT('',(13.17351171875,58.200035095215,
    -24.3000011444));
#5832 = CIRCLE('',#5833,3.174);
#5833 = AXIS2_PLACEMENT_3D('',#5834,#5835,#5836);
#5834 = CARTESIAN_POINT('',(13.17351171875,61.374035095215,
    -24.3000011444));
#5835 = DIRECTION('',(0.,0.,-1.));
#5836 = DIRECTION('',(1.,0.,0.));
#5837 = ORIENTED_EDGE('',*,*,#5788,.T.);
#5838 = ORIENTED_EDGE('',*,*,#1232,.F.);
#5839 = ORIENTED_EDGE('',*,*,#5840,.F.);
#5840 = EDGE_CURVE('',#5830,#1225,#5841,.T.);
#5841 = LINE('',#5842,#5843);
#5842 = CARTESIAN_POINT('',(13.17351171875,58.200035095215,
    -24.3000011444));
#5843 = VECTOR('',#5844,1.);
#5844 = DIRECTION('',(0.,0.,1.));
#5845 = CYLINDRICAL_SURFACE('',#5846,3.174);
#5846 = AXIS2_PLACEMENT_3D('',#5847,#5848,#5849);
#5847 = CARTESIAN_POINT('',(13.17351171875,61.374035095215,
    -24.3000011444));
#5848 = DIRECTION('',(0.,0.,1.));
#5849 = DIRECTION('',(0.,-1.,0.));
#5850 = ADVANCED_FACE('',(#5851),#5862,.T.);
#5851 = FACE_BOUND('',#5852,.T.);
#5852 = EDGE_LOOP('',(#5853,#5854,#5855,#5861));
#5853 = ORIENTED_EDGE('',*,*,#1224,.F.);
#5854 = ORIENTED_EDGE('',*,*,#5815,.F.);
#5855 = ORIENTED_EDGE('',*,*,#5856,.T.);
#5856 = EDGE_CURVE('',#5805,#5830,#5857,.T.);
#5857 = LINE('',#5858,#5859);
#5858 = CARTESIAN_POINT('',(121.99951553344,58.200035095215,
    -24.3000011444));
#5859 = VECTOR('',#5860,1.);
#5860 = DIRECTION('',(-1.,0.,0.));
#5861 = ORIENTED_EDGE('',*,*,#5840,.T.);
#5862 = PLANE('',#5863);
#5863 = AXIS2_PLACEMENT_3D('',#5864,#5865,#5866);
#5864 = CARTESIAN_POINT('',(121.99951553344,58.200035095215,
    -24.3000011444));
#5865 = DIRECTION('',(0.,1.,0.));
#5866 = DIRECTION('',(0.,0.,1.));
#5867 = ADVANCED_FACE('',(#5868,#5878,#5889,#5900,#5911,#5922,#5933,
    #5944,#5955),#5966,.T.);
#5868 = FACE_BOUND('',#5869,.T.);
#5869 = EDGE_LOOP('',(#5870,#5871,#5872,#5873,#5874,#5875,#5876,#5877));
#5870 = ORIENTED_EDGE('',*,*,#5684,.T.);
#5871 = ORIENTED_EDGE('',*,*,#5731,.T.);
#5872 = ORIENTED_EDGE('',*,*,#5780,.F.);
#5873 = ORIENTED_EDGE('',*,*,#5829,.F.);
#5874 = ORIENTED_EDGE('',*,*,#5856,.F.);
#5875 = ORIENTED_EDGE('',*,*,#5804,.T.);
#5876 = ORIENTED_EDGE('',*,*,#5756,.T.);
#5877 = ORIENTED_EDGE('',*,*,#5706,.T.);
#5878 = FACE_BOUND('',#5879,.T.);
#5879 = EDGE_LOOP('',(#5880));
#5880 = ORIENTED_EDGE('',*,*,#5881,.T.);
#5881 = EDGE_CURVE('',#5882,#5882,#5884,.T.);
#5882 = VERTEX_POINT('',#5883);
#5883 = CARTESIAN_POINT('',(97.5,72.2728,-24.3000011444));
#5884 = CIRCLE('',#5885,1.7272);
#5885 = AXIS2_PLACEMENT_3D('',#5886,#5887,#5888);
#5886 = CARTESIAN_POINT('',(97.5,74.,-24.3000011444));
#5887 = DIRECTION('',(-0.,0.,-1.));
#5888 = DIRECTION('',(-0.,-1.,0.));
#5889 = FACE_BOUND('',#5890,.T.);
#5890 = EDGE_LOOP('',(#5891));
#5891 = ORIENTED_EDGE('',*,*,#5892,.T.);
#5892 = EDGE_CURVE('',#5893,#5893,#5895,.T.);
#5893 = VERTEX_POINT('',#5894);
#5894 = CARTESIAN_POINT('',(75.875,101.775,-24.3000011444));
#5895 = CIRCLE('',#5896,1.025);
#5896 = AXIS2_PLACEMENT_3D('',#5897,#5898,#5899);
#5897 = CARTESIAN_POINT('',(75.875,102.8,-24.3000011444));
#5898 = DIRECTION('',(0.,0.,-1.));
#5899 = DIRECTION('',(-2.2E-16,-1.,-0.));
#5900 = FACE_BOUND('',#5901,.T.);
#5901 = EDGE_LOOP('',(#5902));
#5902 = ORIENTED_EDGE('',*,*,#5903,.T.);
#5903 = EDGE_CURVE('',#5904,#5904,#5906,.T.);
#5904 = VERTEX_POINT('',#5905);
#5905 = CARTESIAN_POINT('',(97.5,147.2728,-24.3000011444));
#5906 = CIRCLE('',#5907,1.7272);
#5907 = AXIS2_PLACEMENT_3D('',#5908,#5909,#5910);
#5908 = CARTESIAN_POINT('',(97.5,149.,-24.3000011444));
#5909 = DIRECTION('',(-0.,0.,-1.));
#5910 = DIRECTION('',(-0.,-1.,0.));
#5911 = FACE_BOUND('',#5912,.T.);
#5912 = EDGE_LOOP('',(#5913));
#5913 = ORIENTED_EDGE('',*,*,#5914,.T.);
#5914 = EDGE_CURVE('',#5915,#5915,#5917,.T.);
#5915 = VERTEX_POINT('',#5916);
#5916 = CARTESIAN_POINT('',(75.875,152.575,-24.3000011444));
#5917 = CIRCLE('',#5918,1.025);
#5918 = AXIS2_PLACEMENT_3D('',#5919,#5920,#5921);
#5919 = CARTESIAN_POINT('',(75.875,153.6,-24.3000011444));
#5920 = DIRECTION('',(0.,0.,-1.));
#5921 = DIRECTION('',(-2.2E-16,-1.,-0.));
#5922 = FACE_BOUND('',#5923,.T.);
#5923 = EDGE_LOOP('',(#5924));
#5924 = ORIENTED_EDGE('',*,*,#5925,.T.);
#5925 = EDGE_CURVE('',#5926,#5926,#5928,.T.);
#5926 = VERTEX_POINT('',#5927);
#5927 = CARTESIAN_POINT('',(44.125,101.775,-24.3000011444));
#5928 = CIRCLE('',#5929,1.025);
#5929 = AXIS2_PLACEMENT_3D('',#5930,#5931,#5932);
#5930 = CARTESIAN_POINT('',(44.125,102.8,-24.3000011444));
#5931 = DIRECTION('',(0.,0.,-1.));
#5932 = DIRECTION('',(-2.2E-16,-1.,-0.));
#5933 = FACE_BOUND('',#5934,.T.);
#5934 = EDGE_LOOP('',(#5935));
#5935 = ORIENTED_EDGE('',*,*,#5936,.T.);
#5936 = EDGE_CURVE('',#5937,#5937,#5939,.T.);
#5937 = VERTEX_POINT('',#5938);
#5938 = CARTESIAN_POINT('',(22.5,72.2728,-24.3000011444));
#5939 = CIRCLE('',#5940,1.7272);
#5940 = AXIS2_PLACEMENT_3D('',#5941,#5942,#5943);
#5941 = CARTESIAN_POINT('',(22.5,74.,-24.3000011444));
#5942 = DIRECTION('',(-0.,0.,-1.));
#5943 = DIRECTION('',(-0.,-1.,0.));
#5944 = FACE_BOUND('',#5945,.T.);
#5945 = EDGE_LOOP('',(#5946));
#5946 = ORIENTED_EDGE('',*,*,#5947,.T.);
#5947 = EDGE_CURVE('',#5948,#5948,#5950,.T.);
#5948 = VERTEX_POINT('',#5949);
#5949 = CARTESIAN_POINT('',(44.125,152.575,-24.3000011444));
#5950 = CIRCLE('',#5951,1.025);
#5951 = AXIS2_PLACEMENT_3D('',#5952,#5953,#5954);
#5952 = CARTESIAN_POINT('',(44.125,153.6,-24.3000011444));
#5953 = DIRECTION('',(0.,0.,-1.));
#5954 = DIRECTION('',(-2.2E-16,-1.,-0.));
#5955 = FACE_BOUND('',#5956,.T.);
#5956 = EDGE_LOOP('',(#5957));
#5957 = ORIENTED_EDGE('',*,*,#5958,.T.);
#5958 = EDGE_CURVE('',#5959,#5959,#5961,.T.);
#5959 = VERTEX_POINT('',#5960);
#5960 = CARTESIAN_POINT('',(22.5,147.2728,-24.3000011444));
#5961 = CIRCLE('',#5962,1.7272);
#5962 = AXIS2_PLACEMENT_3D('',#5963,#5964,#5965);
#5963 = CARTESIAN_POINT('',(22.5,149.,-24.3000011444));
#5964 = DIRECTION('',(-0.,0.,-1.));
#5965 = DIRECTION('',(-0.,-1.,0.));
#5966 = PLANE('',#5967);
#5967 = AXIS2_PLACEMENT_3D('',#5968,#5969,#5970);
#5968 = CARTESIAN_POINT('',(121.99951553344,58.200035095215,
    -24.3000011444));
#5969 = DIRECTION('',(0.,0.,1.));
#5970 = DIRECTION('',(0.,1.,0.));
#5971 = ADVANCED_FACE('',(#5972),#5991,.F.);
#5972 = FACE_BOUND('',#5973,.F.);
#5973 = EDGE_LOOP('',(#5974,#5975,#5983,#5990));
#5974 = ORIENTED_EDGE('',*,*,#5881,.T.);
#5975 = ORIENTED_EDGE('',*,*,#5976,.T.);
#5976 = EDGE_CURVE('',#5882,#5977,#5979,.T.);
#5977 = VERTEX_POINT('',#5978);
#5978 = CARTESIAN_POINT('',(97.5,72.2728,-38.1));
#5979 = LINE('',#5980,#5981);
#5980 = CARTESIAN_POINT('',(97.5,72.2728,0.));
#5981 = VECTOR('',#5982,1.);
#5982 = DIRECTION('',(0.,0.,-1.));
#5983 = ORIENTED_EDGE('',*,*,#5984,.F.);
#5984 = EDGE_CURVE('',#5977,#5977,#5985,.T.);
#5985 = CIRCLE('',#5986,1.7272);
#5986 = AXIS2_PLACEMENT_3D('',#5987,#5988,#5989);
#5987 = CARTESIAN_POINT('',(97.5,74.,-38.1));
#5988 = DIRECTION('',(0.,0.,-1.));
#5989 = DIRECTION('',(-2.2E-16,-1.,-0.));
#5990 = ORIENTED_EDGE('',*,*,#5976,.F.);
#5991 = CYLINDRICAL_SURFACE('',#5992,1.7272);
#5992 = AXIS2_PLACEMENT_3D('',#5993,#5994,#5995);
#5993 = CARTESIAN_POINT('',(97.5,74.,0.));
#5994 = DIRECTION('',(0.,0.,-1.));
#5995 = DIRECTION('',(-0.,-1.,0.));
#5996 = ADVANCED_FACE('',(#5997),#6016,.F.);
#5997 = FACE_BOUND('',#5998,.F.);
#5998 = EDGE_LOOP('',(#5999,#6007,#6014,#6015));
#5999 = ORIENTED_EDGE('',*,*,#6000,.T.);
#6000 = EDGE_CURVE('',#5893,#6001,#6003,.T.);
#6001 = VERTEX_POINT('',#6002);
#6002 = CARTESIAN_POINT('',(75.875,101.775,-38.1));
#6003 = LINE('',#6004,#6005);
#6004 = CARTESIAN_POINT('',(75.875,101.775,-13.));
#6005 = VECTOR('',#6006,1.);
#6006 = DIRECTION('',(0.,0.,-1.));
#6007 = ORIENTED_EDGE('',*,*,#6008,.F.);
#6008 = EDGE_CURVE('',#6001,#6001,#6009,.T.);
#6009 = CIRCLE('',#6010,1.025);
#6010 = AXIS2_PLACEMENT_3D('',#6011,#6012,#6013);
#6011 = CARTESIAN_POINT('',(75.875,102.8,-38.1));
#6012 = DIRECTION('',(0.,0.,-1.));
#6013 = DIRECTION('',(-2.2E-16,-1.,-0.));
#6014 = ORIENTED_EDGE('',*,*,#6000,.F.);
#6015 = ORIENTED_EDGE('',*,*,#5892,.T.);
#6016 = CYLINDRICAL_SURFACE('',#6017,1.025);
#6017 = AXIS2_PLACEMENT_3D('',#6018,#6019,#6020);
#6018 = CARTESIAN_POINT('',(75.875,102.8,-13.));
#6019 = DIRECTION('',(0.,0.,-1.));
#6020 = DIRECTION('',(-0.,-1.,0.));
#6021 = ADVANCED_FACE('',(#6022),#6041,.F.);
#6022 = FACE_BOUND('',#6023,.F.);
#6023 = EDGE_LOOP('',(#6024,#6025,#6033,#6040));
#6024 = ORIENTED_EDGE('',*,*,#5903,.T.);
#6025 = ORIENTED_EDGE('',*,*,#6026,.T.);
#6026 = EDGE_CURVE('',#5904,#6027,#6029,.T.);
#6027 = VERTEX_POINT('',#6028);
#6028 = CARTESIAN_POINT('',(97.5,147.2728,-38.1));
#6029 = LINE('',#6030,#6031);
#6030 = CARTESIAN_POINT('',(97.5,147.2728,0.));
#6031 = VECTOR('',#6032,1.);
#6032 = DIRECTION('',(0.,0.,-1.));
#6033 = ORIENTED_EDGE('',*,*,#6034,.F.);
#6034 = EDGE_CURVE('',#6027,#6027,#6035,.T.);
#6035 = CIRCLE('',#6036,1.7272);
#6036 = AXIS2_PLACEMENT_3D('',#6037,#6038,#6039);
#6037 = CARTESIAN_POINT('',(97.5,149.,-38.1));
#6038 = DIRECTION('',(0.,0.,-1.));
#6039 = DIRECTION('',(-2.2E-16,-1.,-0.));
#6040 = ORIENTED_EDGE('',*,*,#6026,.F.);
#6041 = CYLINDRICAL_SURFACE('',#6042,1.7272);
#6042 = AXIS2_PLACEMENT_3D('',#6043,#6044,#6045);
#6043 = CARTESIAN_POINT('',(97.5,149.,0.));
#6044 = DIRECTION('',(0.,0.,-1.));
#6045 = DIRECTION('',(-0.,-1.,0.));
#6046 = ADVANCED_FACE('',(#6047),#6066,.F.);
#6047 = FACE_BOUND('',#6048,.F.);
#6048 = EDGE_LOOP('',(#6049,#6057,#6064,#6065));
#6049 = ORIENTED_EDGE('',*,*,#6050,.T.);
#6050 = EDGE_CURVE('',#5915,#6051,#6053,.T.);
#6051 = VERTEX_POINT('',#6052);
#6052 = CARTESIAN_POINT('',(75.875,152.575,-38.1));
#6053 = LINE('',#6054,#6055);
#6054 = CARTESIAN_POINT('',(75.875,152.575,-13.));
#6055 = VECTOR('',#6056,1.);
#6056 = DIRECTION('',(0.,0.,-1.));
#6057 = ORIENTED_EDGE('',*,*,#6058,.F.);
#6058 = EDGE_CURVE('',#6051,#6051,#6059,.T.);
#6059 = CIRCLE('',#6060,1.025);
#6060 = AXIS2_PLACEMENT_3D('',#6061,#6062,#6063);
#6061 = CARTESIAN_POINT('',(75.875,153.6,-38.1));
#6062 = DIRECTION('',(0.,0.,-1.));
#6063 = DIRECTION('',(-2.2E-16,-1.,-0.));
#6064 = ORIENTED_EDGE('',*,*,#6050,.F.);
#6065 = ORIENTED_EDGE('',*,*,#5914,.T.);
#6066 = CYLINDRICAL_SURFACE('',#6067,1.025);
#6067 = AXIS2_PLACEMENT_3D('',#6068,#6069,#6070);
#6068 = CARTESIAN_POINT('',(75.875,153.6,-13.));
#6069 = DIRECTION('',(0.,0.,-1.));
#6070 = DIRECTION('',(-0.,-1.,0.));
#6071 = ADVANCED_FACE('',(#6072),#6091,.F.);
#6072 = FACE_BOUND('',#6073,.F.);
#6073 = EDGE_LOOP('',(#6074,#6082,#6089,#6090));
#6074 = ORIENTED_EDGE('',*,*,#6075,.T.);
#6075 = EDGE_CURVE('',#5926,#6076,#6078,.T.);
#6076 = VERTEX_POINT('',#6077);
#6077 = CARTESIAN_POINT('',(44.125,101.775,-38.1));
#6078 = LINE('',#6079,#6080);
#6079 = CARTESIAN_POINT('',(44.125,101.775,-13.));
#6080 = VECTOR('',#6081,1.);
#6081 = DIRECTION('',(0.,0.,-1.));
#6082 = ORIENTED_EDGE('',*,*,#6083,.F.);
#6083 = EDGE_CURVE('',#6076,#6076,#6084,.T.);
#6084 = CIRCLE('',#6085,1.025);
#6085 = AXIS2_PLACEMENT_3D('',#6086,#6087,#6088);
#6086 = CARTESIAN_POINT('',(44.125,102.8,-38.1));
#6087 = DIRECTION('',(0.,0.,-1.));
#6088 = DIRECTION('',(-2.2E-16,-1.,-0.));
#6089 = ORIENTED_EDGE('',*,*,#6075,.F.);
#6090 = ORIENTED_EDGE('',*,*,#5925,.T.);
#6091 = CYLINDRICAL_SURFACE('',#6092,1.025);
#6092 = AXIS2_PLACEMENT_3D('',#6093,#6094,#6095);
#6093 = CARTESIAN_POINT('',(44.125,102.8,-13.));
#6094 = DIRECTION('',(0.,0.,-1.));
#6095 = DIRECTION('',(-0.,-1.,0.));
#6096 = ADVANCED_FACE('',(#6097),#6116,.F.);
#6097 = FACE_BOUND('',#6098,.F.);
#6098 = EDGE_LOOP('',(#6099,#6100,#6108,#6115));
#6099 = ORIENTED_EDGE('',*,*,#5936,.T.);
#6100 = ORIENTED_EDGE('',*,*,#6101,.T.);
#6101 = EDGE_CURVE('',#5937,#6102,#6104,.T.);
#6102 = VERTEX_POINT('',#6103);
#6103 = CARTESIAN_POINT('',(22.5,72.2728,-38.1));
#6104 = LINE('',#6105,#6106);
#6105 = CARTESIAN_POINT('',(22.5,72.2728,0.));
#6106 = VECTOR('',#6107,1.);
#6107 = DIRECTION('',(0.,0.,-1.));
#6108 = ORIENTED_EDGE('',*,*,#6109,.F.);
#6109 = EDGE_CURVE('',#6102,#6102,#6110,.T.);
#6110 = CIRCLE('',#6111,1.7272);
#6111 = AXIS2_PLACEMENT_3D('',#6112,#6113,#6114);
#6112 = CARTESIAN_POINT('',(22.5,74.,-38.1));
#6113 = DIRECTION('',(0.,0.,-1.));
#6114 = DIRECTION('',(-2.2E-16,-1.,-0.));
#6115 = ORIENTED_EDGE('',*,*,#6101,.F.);
#6116 = CYLINDRICAL_SURFACE('',#6117,1.7272);
#6117 = AXIS2_PLACEMENT_3D('',#6118,#6119,#6120);
#6118 = CARTESIAN_POINT('',(22.5,74.,0.));
#6119 = DIRECTION('',(0.,0.,-1.));
#6120 = DIRECTION('',(-0.,-1.,0.));
#6121 = ADVANCED_FACE('',(#6122),#6141,.F.);
#6122 = FACE_BOUND('',#6123,.F.);
#6123 = EDGE_LOOP('',(#6124,#6132,#6139,#6140));
#6124 = ORIENTED_EDGE('',*,*,#6125,.T.);
#6125 = EDGE_CURVE('',#5948,#6126,#6128,.T.);
#6126 = VERTEX_POINT('',#6127);
#6127 = CARTESIAN_POINT('',(44.125,152.575,-38.1));
#6128 = LINE('',#6129,#6130);
#6129 = CARTESIAN_POINT('',(44.125,152.575,-13.));
#6130 = VECTOR('',#6131,1.);
#6131 = DIRECTION('',(0.,0.,-1.));
#6132 = ORIENTED_EDGE('',*,*,#6133,.F.);
#6133 = EDGE_CURVE('',#6126,#6126,#6134,.T.);
#6134 = CIRCLE('',#6135,1.025);
#6135 = AXIS2_PLACEMENT_3D('',#6136,#6137,#6138);
#6136 = CARTESIAN_POINT('',(44.125,153.6,-38.1));
#6137 = DIRECTION('',(0.,0.,-1.));
#6138 = DIRECTION('',(-2.2E-16,-1.,-0.));
#6139 = ORIENTED_EDGE('',*,*,#6125,.F.);
#6140 = ORIENTED_EDGE('',*,*,#5947,.T.);
#6141 = CYLINDRICAL_SURFACE('',#6142,1.025);
#6142 = AXIS2_PLACEMENT_3D('',#6143,#6144,#6145);
#6143 = CARTESIAN_POINT('',(44.125,153.6,-13.));
#6144 = DIRECTION('',(0.,0.,-1.));
#6145 = DIRECTION('',(-0.,-1.,0.));
#6146 = ADVANCED_FACE('',(#6147),#6166,.F.);
#6147 = FACE_BOUND('',#6148,.F.);
#6148 = EDGE_LOOP('',(#6149,#6150,#6158,#6165));
#6149 = ORIENTED_EDGE('',*,*,#5958,.T.);
#6150 = ORIENTED_EDGE('',*,*,#6151,.T.);
#6151 = EDGE_CURVE('',#5959,#6152,#6154,.T.);
#6152 = VERTEX_POINT('',#6153);
#6153 = CARTESIAN_POINT('',(22.5,147.2728,-38.1));
#6154 = LINE('',#6155,#6156);
#6155 = CARTESIAN_POINT('',(22.5,147.2728,0.));
#6156 = VECTOR('',#6157,1.);
#6157 = DIRECTION('',(0.,0.,-1.));
#6158 = ORIENTED_EDGE('',*,*,#6159,.F.);
#6159 = EDGE_CURVE('',#6152,#6152,#6160,.T.);
#6160 = CIRCLE('',#6161,1.7272);
#6161 = AXIS2_PLACEMENT_3D('',#6162,#6163,#6164);
#6162 = CARTESIAN_POINT('',(22.5,149.,-38.1));
#6163 = DIRECTION('',(0.,0.,-1.));
#6164 = DIRECTION('',(-2.2E-16,-1.,-0.));
#6165 = ORIENTED_EDGE('',*,*,#6151,.F.);
#6166 = CYLINDRICAL_SURFACE('',#6167,1.7272);
#6167 = AXIS2_PLACEMENT_3D('',#6168,#6169,#6170);
#6168 = CARTESIAN_POINT('',(22.5,149.,0.));
#6169 = DIRECTION('',(0.,0.,-1.));
#6170 = DIRECTION('',(-0.,-1.,0.));
#6171 = ADVANCED_FACE('',(#6172),#6199,.F.);
#6172 = FACE_BOUND('',#6173,.F.);
#6173 = EDGE_LOOP('',(#6174,#6182,#6191,#6197,#6198));
#6174 = ORIENTED_EDGE('',*,*,#6175,.F.);
#6175 = EDGE_CURVE('',#6176,#1259,#6178,.T.);
#6176 = VERTEX_POINT('',#6177);
#6177 = CARTESIAN_POINT('',(255.47242418061,179.23399764045,
    -19.09033817672));
#6178 = LINE('',#6179,#6180);
#6179 = CARTESIAN_POINT('',(255.47242418061,179.23399764045,
    -19.09033817672));
#6180 = VECTOR('',#6181,1.);
#6181 = DIRECTION('',(0.,0.,1.));
#6182 = ORIENTED_EDGE('',*,*,#6183,.T.);
#6183 = EDGE_CURVE('',#6176,#6184,#6186,.T.);
#6184 = VERTEX_POINT('',#6185);
#6185 = CARTESIAN_POINT('',(255.47242418061,183.72271148742,
    -19.09033817672));
#6186 = CIRCLE('',#6187,3.174);
#6187 = AXIS2_PLACEMENT_3D('',#6188,#6189,#6190);
#6188 = CARTESIAN_POINT('',(253.22806725712,181.47835456394,
    -19.09033817672));
#6189 = DIRECTION('',(0.,0.,1.));
#6190 = DIRECTION('',(-0.707106781187,-0.707106781187,0.));
#6191 = ORIENTED_EDGE('',*,*,#6192,.T.);
#6192 = EDGE_CURVE('',#6184,#1397,#6193,.T.);
#6193 = LINE('',#6194,#6195);
#6194 = CARTESIAN_POINT('',(255.47242418061,183.72271148742,
    -19.09033817672));
#6195 = VECTOR('',#6196,1.);
#6196 = DIRECTION('',(0.,0.,1.));
#6197 = ORIENTED_EDGE('',*,*,#1404,.F.);
#6198 = ORIENTED_EDGE('',*,*,#1258,.F.);
#6199 = CYLINDRICAL_SURFACE('',#6200,3.174);
#6200 = AXIS2_PLACEMENT_3D('',#6201,#6202,#6203);
#6201 = CARTESIAN_POINT('',(253.22806725712,181.47835456394,
    -19.09033817672));
#6202 = DIRECTION('',(0.,0.,1.));
#6203 = DIRECTION('',(0.707106781187,-0.707106781187,0.));
#6204 = ADVANCED_FACE('',(#6205),#6223,.F.);
#6205 = FACE_BOUND('',#6206,.F.);
#6206 = EDGE_LOOP('',(#6207,#6208,#6209,#6217));
#6207 = ORIENTED_EDGE('',*,*,#6175,.T.);
#6208 = ORIENTED_EDGE('',*,*,#1269,.F.);
#6209 = ORIENTED_EDGE('',*,*,#6210,.F.);
#6210 = EDGE_CURVE('',#6211,#1270,#6213,.T.);
#6211 = VERTEX_POINT('',#6212);
#6212 = CARTESIAN_POINT('',(245.83455863705,169.59613209689,
    -19.09033817672));
#6213 = LINE('',#6214,#6215);
#6214 = CARTESIAN_POINT('',(245.83455863705,169.59613209689,
    -19.09033817672));
#6215 = VECTOR('',#6216,1.);
#6216 = DIRECTION('',(0.,0.,1.));
#6217 = ORIENTED_EDGE('',*,*,#6218,.T.);
#6218 = EDGE_CURVE('',#6211,#6176,#6219,.T.);
#6219 = LINE('',#6220,#6221);
#6220 = CARTESIAN_POINT('',(243.59020171356,167.3517751734,
    -19.09033817672));
#6221 = VECTOR('',#6222,1.);
#6222 = DIRECTION('',(0.707106781187,0.707106781187,0.));
#6223 = PLANE('',#6224);
#6224 = AXIS2_PLACEMENT_3D('',#6225,#6226,#6227);
#6225 = CARTESIAN_POINT('',(243.59020171356,167.3517751734,
    -19.09033817672));
#6226 = DIRECTION('',(0.707106781187,-0.707106781187,0.));
#6227 = DIRECTION('',(0.,0.,1.));
#6228 = ADVANCED_FACE('',(#6229),#6248,.F.);
#6229 = FACE_BOUND('',#6230,.F.);
#6230 = EDGE_LOOP('',(#6231,#6239,#6246,#6247));
#6231 = ORIENTED_EDGE('',*,*,#6232,.F.);
#6232 = EDGE_CURVE('',#6233,#1278,#6235,.T.);
#6233 = VERTEX_POINT('',#6234);
#6234 = CARTESIAN_POINT('',(241.34584479008,169.59613209689,
    -19.09033817672));
#6235 = LINE('',#6236,#6237);
#6236 = CARTESIAN_POINT('',(241.34584479008,169.59613209689,
    -19.09033817672));
#6237 = VECTOR('',#6238,1.);
#6238 = DIRECTION('',(0.,0.,1.));
#6239 = ORIENTED_EDGE('',*,*,#6240,.T.);
#6240 = EDGE_CURVE('',#6233,#6211,#6241,.T.);
#6241 = CIRCLE('',#6242,3.174);
#6242 = AXIS2_PLACEMENT_3D('',#6243,#6244,#6245);
#6243 = CARTESIAN_POINT('',(243.59020171356,171.84048902038,
    -19.09033817672));
#6244 = DIRECTION('',(0.,0.,1.));
#6245 = DIRECTION('',(-0.707106781187,-0.707106781187,0.));
#6246 = ORIENTED_EDGE('',*,*,#6210,.T.);
#6247 = ORIENTED_EDGE('',*,*,#1277,.F.);
#6248 = CYLINDRICAL_SURFACE('',#6249,3.174);
#6249 = AXIS2_PLACEMENT_3D('',#6250,#6251,#6252);
#6250 = CARTESIAN_POINT('',(243.59020171356,171.84048902038,
    -19.09033817672));
#6251 = DIRECTION('',(0.,0.,1.));
#6252 = DIRECTION('',(-0.707106781187,-0.707106781187,0.));
#6253 = ADVANCED_FACE('',(#6254),#6272,.T.);
#6254 = FACE_BOUND('',#6255,.T.);
#6255 = EDGE_LOOP('',(#6256,#6257,#6265,#6271));
#6256 = ORIENTED_EDGE('',*,*,#6232,.F.);
#6257 = ORIENTED_EDGE('',*,*,#6258,.F.);
#6258 = EDGE_CURVE('',#6259,#6233,#6261,.T.);
#6259 = VERTEX_POINT('',#6260);
#6260 = CARTESIAN_POINT('',(232.,178.94197688697,-19.09033817672));
#6261 = LINE('',#6262,#6263);
#6262 = CARTESIAN_POINT('',(228.0267812978,182.91519558916,
    -19.09033817672));
#6263 = VECTOR('',#6264,1.);
#6264 = DIRECTION('',(0.707106781187,-0.707106781187,0.));
#6265 = ORIENTED_EDGE('',*,*,#6266,.T.);
#6266 = EDGE_CURVE('',#6259,#1287,#6267,.T.);
#6267 = LINE('',#6268,#6269);
#6268 = CARTESIAN_POINT('',(232.,178.94197688697,-25.42016908836));
#6269 = VECTOR('',#6270,1.);
#6270 = DIRECTION('',(0.,0.,1.));
#6271 = ORIENTED_EDGE('',*,*,#1286,.F.);
#6272 = PLANE('',#6273);
#6273 = AXIS2_PLACEMENT_3D('',#6274,#6275,#6276);
#6274 = CARTESIAN_POINT('',(228.0267812978,182.91519558916,
    -19.09033817672));
#6275 = DIRECTION('',(0.707106781187,0.707106781187,0.));
#6276 = DIRECTION('',(0.,0.,1.));
#6277 = ADVANCED_FACE('',(#6278),#6319,.T.);
#6278 = FACE_BOUND('',#6279,.T.);
#6279 = EDGE_LOOP('',(#6280,#6290,#6296,#6297,#6298,#6306,#6312,#6313));
#6280 = ORIENTED_EDGE('',*,*,#6281,.F.);
#6281 = EDGE_CURVE('',#6282,#6284,#6286,.T.);
#6282 = VERTEX_POINT('',#6283);
#6283 = CARTESIAN_POINT('',(232.,116.174,-31.75));
#6284 = VERTEX_POINT('',#6285);
#6285 = CARTESIAN_POINT('',(232.,213.826,-31.75));
#6286 = LINE('',#6287,#6288);
#6287 = CARTESIAN_POINT('',(232.,113.,-31.75));
#6288 = VECTOR('',#6289,1.);
#6289 = DIRECTION('',(0.,1.,0.));
#6290 = ORIENTED_EDGE('',*,*,#6291,.T.);
#6291 = EDGE_CURVE('',#6282,#1295,#6292,.T.);
#6292 = LINE('',#6293,#6294);
#6293 = CARTESIAN_POINT('',(232.,116.174,-31.75));
#6294 = VECTOR('',#6295,1.);
#6295 = DIRECTION('',(0.,0.,1.));
#6296 = ORIENTED_EDGE('',*,*,#1294,.F.);
#6297 = ORIENTED_EDGE('',*,*,#6266,.F.);
#6298 = ORIENTED_EDGE('',*,*,#6299,.F.);
#6299 = EDGE_CURVE('',#6300,#6259,#6302,.T.);
#6300 = VERTEX_POINT('',#6301);
#6301 = CARTESIAN_POINT('',(232.,186.88841429136,-19.09033817672));
#6302 = LINE('',#6303,#6304);
#6303 = CARTESIAN_POINT('',(232.,147.95759779458,-19.09033817672));
#6304 = VECTOR('',#6305,1.);
#6305 = DIRECTION('',(-2.2E-16,-1.,0.));
#6306 = ORIENTED_EDGE('',*,*,#6307,.F.);
#6307 = EDGE_CURVE('',#1363,#6300,#6308,.T.);
#6308 = LINE('',#6309,#6310);
#6309 = CARTESIAN_POINT('',(232.,186.88841429136,-25.42016908836));
#6310 = VECTOR('',#6311,1.);
#6311 = DIRECTION('',(-0.,-0.,-1.));
#6312 = ORIENTED_EDGE('',*,*,#1362,.F.);
#6313 = ORIENTED_EDGE('',*,*,#6314,.F.);
#6314 = EDGE_CURVE('',#6284,#1354,#6315,.T.);
#6315 = LINE('',#6316,#6317);
#6316 = CARTESIAN_POINT('',(232.,213.826,-31.75));
#6317 = VECTOR('',#6318,1.);
#6318 = DIRECTION('',(0.,0.,1.));
#6319 = PLANE('',#6320);
#6320 = AXIS2_PLACEMENT_3D('',#6321,#6322,#6323);
#6321 = CARTESIAN_POINT('',(232.,113.,-31.75));
#6322 = DIRECTION('',(-1.,0.,0.));
#6323 = DIRECTION('',(0.,0.,1.));
#6324 = ADVANCED_FACE('',(#6325),#6344,.F.);
#6325 = FACE_BOUND('',#6326,.F.);
#6326 = EDGE_LOOP('',(#6327,#6335,#6342,#6343));
#6327 = ORIENTED_EDGE('',*,*,#6328,.F.);
#6328 = EDGE_CURVE('',#6329,#1303,#6331,.T.);
#6329 = VERTEX_POINT('',#6330);
#6330 = CARTESIAN_POINT('',(228.826,113.,-31.75));
#6331 = LINE('',#6332,#6333);
#6332 = CARTESIAN_POINT('',(228.826,113.,-31.75));
#6333 = VECTOR('',#6334,1.);
#6334 = DIRECTION('',(0.,0.,1.));
#6335 = ORIENTED_EDGE('',*,*,#6336,.T.);
#6336 = EDGE_CURVE('',#6329,#6282,#6337,.T.);
#6337 = CIRCLE('',#6338,3.174);
#6338 = AXIS2_PLACEMENT_3D('',#6339,#6340,#6341);
#6339 = CARTESIAN_POINT('',(228.826,116.174,-31.75));
#6340 = DIRECTION('',(0.,0.,1.));
#6341 = DIRECTION('',(1.,0.,0.));
#6342 = ORIENTED_EDGE('',*,*,#6291,.T.);
#6343 = ORIENTED_EDGE('',*,*,#1302,.F.);
#6344 = CYLINDRICAL_SURFACE('',#6345,3.174);
#6345 = AXIS2_PLACEMENT_3D('',#6346,#6347,#6348);
#6346 = CARTESIAN_POINT('',(228.826,116.174,-31.75));
#6347 = DIRECTION('',(0.,0.,1.));
#6348 = DIRECTION('',(0.,-1.,0.));
#6349 = ADVANCED_FACE('',(#6350),#6368,.T.);
#6350 = FACE_BOUND('',#6351,.T.);
#6351 = EDGE_LOOP('',(#6352,#6360,#6366,#6367));
#6352 = ORIENTED_EDGE('',*,*,#6353,.T.);
#6353 = EDGE_CURVE('',#6300,#6354,#6356,.T.);
#6354 = VERTEX_POINT('',#6355);
#6355 = CARTESIAN_POINT('',(239.90900376485,194.79741805621,
    -19.09033817672));
#6356 = LINE('',#6357,#6358);
#6357 = CARTESIAN_POINT('',(228.0267812978,182.91519558916,
    -19.09033817672));
#6358 = VECTOR('',#6359,1.);
#6359 = DIRECTION('',(0.707106781187,0.707106781187,0.));
#6360 = ORIENTED_EDGE('',*,*,#6361,.T.);
#6361 = EDGE_CURVE('',#6354,#1371,#6362,.T.);
#6362 = LINE('',#6363,#6364);
#6363 = CARTESIAN_POINT('',(239.90900376485,194.79741805621,
    -19.09033817672));
#6364 = VECTOR('',#6365,1.);
#6365 = DIRECTION('',(0.,0.,1.));
#6366 = ORIENTED_EDGE('',*,*,#1370,.F.);
#6367 = ORIENTED_EDGE('',*,*,#6307,.T.);
#6368 = PLANE('',#6369);
#6369 = AXIS2_PLACEMENT_3D('',#6370,#6371,#6372);
#6370 = CARTESIAN_POINT('',(228.0267812978,182.91519558916,
    -19.09033817672));
#6371 = DIRECTION('',(0.707106781187,-0.707106781187,0.));
#6372 = DIRECTION('',(0.,0.,1.));
#6373 = ADVANCED_FACE('',(#6374),#6394,.F.);
#6374 = FACE_BOUND('',#6375,.T.);
#6375 = EDGE_LOOP('',(#6376,#6377,#6386,#6392,#6393));
#6376 = ORIENTED_EDGE('',*,*,#6361,.F.);
#6377 = ORIENTED_EDGE('',*,*,#6378,.T.);
#6378 = EDGE_CURVE('',#6354,#6379,#6381,.T.);
#6379 = VERTEX_POINT('',#6380);
#6380 = CARTESIAN_POINT('',(244.39771761182,194.79741805621,
    -19.09033817672));
#6381 = CIRCLE('',#6382,3.174);
#6382 = AXIS2_PLACEMENT_3D('',#6383,#6384,#6385);
#6383 = CARTESIAN_POINT('',(242.15336068833,192.55306113272,
    -19.09033817672));
#6384 = DIRECTION('',(-0.,0.,-1.));
#6385 = DIRECTION('',(-0.707106781187,-0.707106781187,0.));
#6386 = ORIENTED_EDGE('',*,*,#6387,.T.);
#6387 = EDGE_CURVE('',#6379,#1388,#6388,.T.);
#6388 = LINE('',#6389,#6390);
#6389 = CARTESIAN_POINT('',(244.39771761182,194.79741805621,
    -19.09033817672));
#6390 = VECTOR('',#6391,1.);
#6391 = DIRECTION('',(0.,0.,1.));
#6392 = ORIENTED_EDGE('',*,*,#1387,.T.);
#6393 = ORIENTED_EDGE('',*,*,#1378,.T.);
#6394 = CYLINDRICAL_SURFACE('',#6395,3.174);
#6395 = AXIS2_PLACEMENT_3D('',#6396,#6397,#6398);
#6396 = CARTESIAN_POINT('',(242.15336068833,192.55306113272,
    -19.09033817672));
#6397 = DIRECTION('',(0.,0.,1.));
#6398 = DIRECTION('',(-0.707106781187,0.707106781187,0.));
#6399 = ADVANCED_FACE('',(#6400),#6418,.T.);
#6400 = FACE_BOUND('',#6401,.T.);
#6401 = EDGE_LOOP('',(#6402,#6403,#6404,#6412));
#6402 = ORIENTED_EDGE('',*,*,#1311,.F.);
#6403 = ORIENTED_EDGE('',*,*,#6328,.F.);
#6404 = ORIENTED_EDGE('',*,*,#6405,.T.);
#6405 = EDGE_CURVE('',#6329,#6406,#6408,.T.);
#6406 = VERTEX_POINT('',#6407);
#6407 = CARTESIAN_POINT('',(179.174,113.,-31.75));
#6408 = LINE('',#6409,#6410);
#6409 = CARTESIAN_POINT('',(232.,113.,-31.75));
#6410 = VECTOR('',#6411,1.);
#6411 = DIRECTION('',(-1.,0.,0.));
#6412 = ORIENTED_EDGE('',*,*,#6413,.T.);
#6413 = EDGE_CURVE('',#6406,#1312,#6414,.T.);
#6414 = LINE('',#6415,#6416);
#6415 = CARTESIAN_POINT('',(179.174,113.,-31.75));
#6416 = VECTOR('',#6417,1.);
#6417 = DIRECTION('',(0.,0.,1.));
#6418 = PLANE('',#6419);
#6419 = AXIS2_PLACEMENT_3D('',#6420,#6421,#6422);
#6420 = CARTESIAN_POINT('',(232.,113.,-31.75));
#6421 = DIRECTION('',(0.,1.,0.));
#6422 = DIRECTION('',(0.,0.,1.));
#6423 = ADVANCED_FACE('',(#6424),#6443,.F.);
#6424 = FACE_BOUND('',#6425,.T.);
#6425 = EDGE_LOOP('',(#6426,#6427,#6436,#6442));
#6426 = ORIENTED_EDGE('',*,*,#6413,.F.);
#6427 = ORIENTED_EDGE('',*,*,#6428,.T.);
#6428 = EDGE_CURVE('',#6406,#6429,#6431,.T.);
#6429 = VERTEX_POINT('',#6430);
#6430 = CARTESIAN_POINT('',(176.,116.174,-31.75));
#6431 = CIRCLE('',#6432,3.174);
#6432 = AXIS2_PLACEMENT_3D('',#6433,#6434,#6435);
#6433 = CARTESIAN_POINT('',(179.174,116.174,-31.75));
#6434 = DIRECTION('',(0.,0.,-1.));
#6435 = DIRECTION('',(1.,0.,0.));
#6436 = ORIENTED_EDGE('',*,*,#6437,.T.);
#6437 = EDGE_CURVE('',#6429,#1320,#6438,.T.);
#6438 = LINE('',#6439,#6440);
#6439 = CARTESIAN_POINT('',(176.,116.174,-31.75));
#6440 = VECTOR('',#6441,1.);
#6441 = DIRECTION('',(0.,0.,1.));
#6442 = ORIENTED_EDGE('',*,*,#1319,.T.);
#6443 = CYLINDRICAL_SURFACE('',#6444,3.174);
#6444 = AXIS2_PLACEMENT_3D('',#6445,#6446,#6447);
#6445 = CARTESIAN_POINT('',(179.174,116.174,-31.75));
#6446 = DIRECTION('',(0.,0.,1.));
#6447 = DIRECTION('',(0.,-1.,0.));
#6448 = ADVANCED_FACE('',(#6449),#6468,.F.);
#6449 = FACE_BOUND('',#6450,.T.);
#6450 = EDGE_LOOP('',(#6451,#6459,#6466,#6467));
#6451 = ORIENTED_EDGE('',*,*,#6452,.F.);
#6452 = EDGE_CURVE('',#6453,#1346,#6455,.T.);
#6453 = VERTEX_POINT('',#6454);
#6454 = CARTESIAN_POINT('',(228.826,217.,-31.75));
#6455 = LINE('',#6456,#6457);
#6456 = CARTESIAN_POINT('',(228.826,217.,-31.75));
#6457 = VECTOR('',#6458,1.);
#6458 = DIRECTION('',(0.,0.,1.));
#6459 = ORIENTED_EDGE('',*,*,#6460,.T.);
#6460 = EDGE_CURVE('',#6453,#6284,#6461,.T.);
#6461 = CIRCLE('',#6462,3.174);
#6462 = AXIS2_PLACEMENT_3D('',#6463,#6464,#6465);
#6463 = CARTESIAN_POINT('',(228.826,213.826,-31.75));
#6464 = DIRECTION('',(0.,0.,-1.));
#6465 = DIRECTION('',(1.,0.,0.));
#6466 = ORIENTED_EDGE('',*,*,#6314,.T.);
#6467 = ORIENTED_EDGE('',*,*,#1353,.T.);
#6468 = CYLINDRICAL_SURFACE('',#6469,3.174);
#6469 = AXIS2_PLACEMENT_3D('',#6470,#6471,#6472);
#6470 = CARTESIAN_POINT('',(228.826,213.826,-31.75));
#6471 = DIRECTION('',(0.,0.,1.));
#6472 = DIRECTION('',(0.,1.,0.));
#6473 = ADVANCED_FACE('',(#6474),#6492,.F.);
#6474 = FACE_BOUND('',#6475,.F.);
#6475 = EDGE_LOOP('',(#6476,#6484,#6485,#6486));
#6476 = ORIENTED_EDGE('',*,*,#6477,.F.);
#6477 = EDGE_CURVE('',#6429,#6478,#6480,.T.);
#6478 = VERTEX_POINT('',#6479);
#6479 = CARTESIAN_POINT('',(176.,213.826,-31.75));
#6480 = LINE('',#6481,#6482);
#6481 = CARTESIAN_POINT('',(176.,113.,-31.75));
#6482 = VECTOR('',#6483,1.);
#6483 = DIRECTION('',(0.,1.,0.));
#6484 = ORIENTED_EDGE('',*,*,#6437,.T.);
#6485 = ORIENTED_EDGE('',*,*,#1328,.F.);
#6486 = ORIENTED_EDGE('',*,*,#6487,.F.);
#6487 = EDGE_CURVE('',#6478,#1329,#6488,.T.);
#6488 = LINE('',#6489,#6490);
#6489 = CARTESIAN_POINT('',(176.,213.826,-31.75));
#6490 = VECTOR('',#6491,1.);
#6491 = DIRECTION('',(0.,0.,1.));
#6492 = PLANE('',#6493);
#6493 = AXIS2_PLACEMENT_3D('',#6494,#6495,#6496);
#6494 = CARTESIAN_POINT('',(176.,113.,-31.75));
#6495 = DIRECTION('',(-1.,0.,0.));
#6496 = DIRECTION('',(0.,0.,1.));
#6497 = ADVANCED_FACE('',(#6498),#6516,.F.);
#6498 = FACE_BOUND('',#6499,.F.);
#6499 = EDGE_LOOP('',(#6500,#6501,#6502,#6510));
#6500 = ORIENTED_EDGE('',*,*,#1345,.F.);
#6501 = ORIENTED_EDGE('',*,*,#6452,.F.);
#6502 = ORIENTED_EDGE('',*,*,#6503,.T.);
#6503 = EDGE_CURVE('',#6453,#6504,#6506,.T.);
#6504 = VERTEX_POINT('',#6505);
#6505 = CARTESIAN_POINT('',(179.174,217.,-31.75));
#6506 = LINE('',#6507,#6508);
#6507 = CARTESIAN_POINT('',(232.,217.,-31.75));
#6508 = VECTOR('',#6509,1.);
#6509 = DIRECTION('',(-1.,0.,0.));
#6510 = ORIENTED_EDGE('',*,*,#6511,.T.);
#6511 = EDGE_CURVE('',#6504,#1337,#6512,.T.);
#6512 = LINE('',#6513,#6514);
#6513 = CARTESIAN_POINT('',(179.174,217.,-31.75));
#6514 = VECTOR('',#6515,1.);
#6515 = DIRECTION('',(0.,0.,1.));
#6516 = PLANE('',#6517);
#6517 = AXIS2_PLACEMENT_3D('',#6518,#6519,#6520);
#6518 = CARTESIAN_POINT('',(232.,217.,-31.75));
#6519 = DIRECTION('',(0.,1.,0.));
#6520 = DIRECTION('',(0.,0.,1.));
#6521 = ADVANCED_FACE('',(#6522),#6534,.F.);
#6522 = FACE_BOUND('',#6523,.F.);
#6523 = EDGE_LOOP('',(#6524,#6525,#6532,#6533));
#6524 = ORIENTED_EDGE('',*,*,#6511,.F.);
#6525 = ORIENTED_EDGE('',*,*,#6526,.T.);
#6526 = EDGE_CURVE('',#6504,#6478,#6527,.T.);
#6527 = CIRCLE('',#6528,3.174);
#6528 = AXIS2_PLACEMENT_3D('',#6529,#6530,#6531);
#6529 = CARTESIAN_POINT('',(179.174,213.826,-31.75));
#6530 = DIRECTION('',(0.,0.,1.));
#6531 = DIRECTION('',(1.,0.,0.));
#6532 = ORIENTED_EDGE('',*,*,#6487,.T.);
#6533 = ORIENTED_EDGE('',*,*,#1336,.F.);
#6534 = CYLINDRICAL_SURFACE('',#6535,3.174);
#6535 = AXIS2_PLACEMENT_3D('',#6536,#6537,#6538);
#6536 = CARTESIAN_POINT('',(179.174,213.826,-31.75));
#6537 = DIRECTION('',(0.,0.,1.));
#6538 = DIRECTION('',(0.,1.,0.));
#6539 = ADVANCED_FACE('',(#6540),#6551,.F.);
#6540 = FACE_BOUND('',#6541,.F.);
#6541 = EDGE_LOOP('',(#6542,#6543,#6549,#6550));
#6542 = ORIENTED_EDGE('',*,*,#6192,.F.);
#6543 = ORIENTED_EDGE('',*,*,#6544,.F.);
#6544 = EDGE_CURVE('',#6379,#6184,#6545,.T.);
#6545 = LINE('',#6546,#6547);
#6546 = CARTESIAN_POINT('',(242.15336068833,197.0417749797,
    -19.09033817672));
#6547 = VECTOR('',#6548,1.);
#6548 = DIRECTION('',(0.707106781187,-0.707106781187,0.));
#6549 = ORIENTED_EDGE('',*,*,#6387,.T.);
#6550 = ORIENTED_EDGE('',*,*,#1396,.F.);
#6551 = PLANE('',#6552);
#6552 = AXIS2_PLACEMENT_3D('',#6553,#6554,#6555);
#6553 = CARTESIAN_POINT('',(242.15336068833,197.0417749797,
    -19.09033817672));
#6554 = DIRECTION('',(0.707106781187,0.707106781187,0.));
#6555 = DIRECTION('',(0.,0.,1.));
#6556 = ADVANCED_FACE('',(#6557),#6567,.T.);
#6557 = FACE_BOUND('',#6558,.T.);
#6558 = EDGE_LOOP('',(#6559,#6560,#6561,#6562,#6563,#6564,#6565,#6566));
#6559 = ORIENTED_EDGE('',*,*,#6218,.T.);
#6560 = ORIENTED_EDGE('',*,*,#6183,.T.);
#6561 = ORIENTED_EDGE('',*,*,#6544,.F.);
#6562 = ORIENTED_EDGE('',*,*,#6378,.F.);
#6563 = ORIENTED_EDGE('',*,*,#6353,.F.);
#6564 = ORIENTED_EDGE('',*,*,#6299,.T.);
#6565 = ORIENTED_EDGE('',*,*,#6258,.T.);
#6566 = ORIENTED_EDGE('',*,*,#6240,.T.);
#6567 = PLANE('',#6568);
#6568 = AXIS2_PLACEMENT_3D('',#6569,#6570,#6571);
#6569 = CARTESIAN_POINT('',(228.0267812978,182.91519558916,
    -19.09033817672));
#6570 = DIRECTION('',(0.,0.,1.));
#6571 = DIRECTION('',(0.707106781187,-0.707106781187,0.));
#6572 = ADVANCED_FACE('',(#6573,#6583,#6594,#6605,#6616),#6627,.T.);
#6573 = FACE_BOUND('',#6574,.T.);
#6574 = EDGE_LOOP('',(#6575,#6576,#6577,#6578,#6579,#6580,#6581,#6582));
#6575 = ORIENTED_EDGE('',*,*,#6405,.F.);
#6576 = ORIENTED_EDGE('',*,*,#6336,.T.);
#6577 = ORIENTED_EDGE('',*,*,#6281,.T.);
#6578 = ORIENTED_EDGE('',*,*,#6460,.F.);
#6579 = ORIENTED_EDGE('',*,*,#6503,.T.);
#6580 = ORIENTED_EDGE('',*,*,#6526,.T.);
#6581 = ORIENTED_EDGE('',*,*,#6477,.F.);
#6582 = ORIENTED_EDGE('',*,*,#6428,.F.);
#6583 = FACE_BOUND('',#6584,.T.);
#6584 = EDGE_LOOP('',(#6585));
#6585 = ORIENTED_EDGE('',*,*,#6586,.T.);
#6586 = EDGE_CURVE('',#6587,#6587,#6589,.T.);
#6587 = VERTEX_POINT('',#6588);
#6588 = CARTESIAN_POINT('',(224.7,118.2728,-31.75));
#6589 = CIRCLE('',#6590,1.7272);
#6590 = AXIS2_PLACEMENT_3D('',#6591,#6592,#6593);
#6591 = CARTESIAN_POINT('',(224.7,120.,-31.75));
#6592 = DIRECTION('',(-0.,0.,-1.));
#6593 = DIRECTION('',(-0.,-1.,0.));
#6594 = FACE_BOUND('',#6595,.T.);
#6595 = EDGE_LOOP('',(#6596));
#6596 = ORIENTED_EDGE('',*,*,#6597,.T.);
#6597 = EDGE_CURVE('',#6598,#6598,#6600,.T.);
#6598 = VERTEX_POINT('',#6599);
#6599 = CARTESIAN_POINT('',(224.7,208.2728,-31.75));
#6600 = CIRCLE('',#6601,1.7272);
#6601 = AXIS2_PLACEMENT_3D('',#6602,#6603,#6604);
#6602 = CARTESIAN_POINT('',(224.7,210.,-31.75));
#6603 = DIRECTION('',(-0.,0.,-1.));
#6604 = DIRECTION('',(-0.,-1.,0.));
#6605 = FACE_BOUND('',#6606,.T.);
#6606 = EDGE_LOOP('',(#6607));
#6607 = ORIENTED_EDGE('',*,*,#6608,.T.);
#6608 = EDGE_CURVE('',#6609,#6609,#6611,.T.);
#6609 = VERTEX_POINT('',#6610);
#6610 = CARTESIAN_POINT('',(183.3,118.2728,-31.75));
#6611 = CIRCLE('',#6612,1.7272);
#6612 = AXIS2_PLACEMENT_3D('',#6613,#6614,#6615);
#6613 = CARTESIAN_POINT('',(183.3,120.,-31.75));
#6614 = DIRECTION('',(-0.,0.,-1.));
#6615 = DIRECTION('',(-0.,-1.,0.));
#6616 = FACE_BOUND('',#6617,.T.);
#6617 = EDGE_LOOP('',(#6618));
#6618 = ORIENTED_EDGE('',*,*,#6619,.T.);
#6619 = EDGE_CURVE('',#6620,#6620,#6622,.T.);
#6620 = VERTEX_POINT('',#6621);
#6621 = CARTESIAN_POINT('',(183.3,208.2728,-31.75));
#6622 = CIRCLE('',#6623,1.7272);
#6623 = AXIS2_PLACEMENT_3D('',#6624,#6625,#6626);
#6624 = CARTESIAN_POINT('',(183.3,210.,-31.75));
#6625 = DIRECTION('',(-0.,0.,-1.));
#6626 = DIRECTION('',(-0.,-1.,0.));
#6627 = PLANE('',#6628);
#6628 = AXIS2_PLACEMENT_3D('',#6629,#6630,#6631);
#6629 = CARTESIAN_POINT('',(232.,113.,-31.75));
#6630 = DIRECTION('',(0.,0.,1.));
#6631 = DIRECTION('',(0.,1.,0.));
#6632 = ADVANCED_FACE('',(#6633),#6652,.F.);
#6633 = FACE_BOUND('',#6634,.F.);
#6634 = EDGE_LOOP('',(#6635,#6636,#6644,#6651));
#6635 = ORIENTED_EDGE('',*,*,#6586,.T.);
#6636 = ORIENTED_EDGE('',*,*,#6637,.T.);
#6637 = EDGE_CURVE('',#6587,#6638,#6640,.T.);
#6638 = VERTEX_POINT('',#6639);
#6639 = CARTESIAN_POINT('',(224.7,118.2728,-38.1));
#6640 = LINE('',#6641,#6642);
#6641 = CARTESIAN_POINT('',(224.7,118.2728,-11.7));
#6642 = VECTOR('',#6643,1.);
#6643 = DIRECTION('',(0.,0.,-1.));
#6644 = ORIENTED_EDGE('',*,*,#6645,.F.);
#6645 = EDGE_CURVE('',#6638,#6638,#6646,.T.);
#6646 = CIRCLE('',#6647,1.7272);
#6647 = AXIS2_PLACEMENT_3D('',#6648,#6649,#6650);
#6648 = CARTESIAN_POINT('',(224.7,120.,-38.1));
#6649 = DIRECTION('',(0.,0.,-1.));
#6650 = DIRECTION('',(-2.2E-16,-1.,-0.));
#6651 = ORIENTED_EDGE('',*,*,#6637,.F.);
#6652 = CYLINDRICAL_SURFACE('',#6653,1.7272);
#6653 = AXIS2_PLACEMENT_3D('',#6654,#6655,#6656);
#6654 = CARTESIAN_POINT('',(224.7,120.,-11.7));
#6655 = DIRECTION('',(0.,0.,-1.));
#6656 = DIRECTION('',(-0.,-1.,0.));
#6657 = ADVANCED_FACE('',(#6658),#6677,.F.);
#6658 = FACE_BOUND('',#6659,.F.);
#6659 = EDGE_LOOP('',(#6660,#6661,#6669,#6676));
#6660 = ORIENTED_EDGE('',*,*,#6597,.T.);
#6661 = ORIENTED_EDGE('',*,*,#6662,.T.);
#6662 = EDGE_CURVE('',#6598,#6663,#6665,.T.);
#6663 = VERTEX_POINT('',#6664);
#6664 = CARTESIAN_POINT('',(224.7,208.2728,-38.1));
#6665 = LINE('',#6666,#6667);
#6666 = CARTESIAN_POINT('',(224.7,208.2728,-11.7));
#6667 = VECTOR('',#6668,1.);
#6668 = DIRECTION('',(0.,0.,-1.));
#6669 = ORIENTED_EDGE('',*,*,#6670,.F.);
#6670 = EDGE_CURVE('',#6663,#6663,#6671,.T.);
#6671 = CIRCLE('',#6672,1.7272);
#6672 = AXIS2_PLACEMENT_3D('',#6673,#6674,#6675);
#6673 = CARTESIAN_POINT('',(224.7,210.,-38.1));
#6674 = DIRECTION('',(0.,0.,-1.));
#6675 = DIRECTION('',(-2.2E-16,-1.,-0.));
#6676 = ORIENTED_EDGE('',*,*,#6662,.F.);
#6677 = CYLINDRICAL_SURFACE('',#6678,1.7272);
#6678 = AXIS2_PLACEMENT_3D('',#6679,#6680,#6681);
#6679 = CARTESIAN_POINT('',(224.7,210.,-11.7));
#6680 = DIRECTION('',(0.,0.,-1.));
#6681 = DIRECTION('',(-0.,-1.,0.));
#6682 = ADVANCED_FACE('',(#6683),#6702,.F.);
#6683 = FACE_BOUND('',#6684,.F.);
#6684 = EDGE_LOOP('',(#6685,#6686,#6694,#6701));
#6685 = ORIENTED_EDGE('',*,*,#6608,.T.);
#6686 = ORIENTED_EDGE('',*,*,#6687,.T.);
#6687 = EDGE_CURVE('',#6609,#6688,#6690,.T.);
#6688 = VERTEX_POINT('',#6689);
#6689 = CARTESIAN_POINT('',(183.3,118.2728,-38.1));
#6690 = LINE('',#6691,#6692);
#6691 = CARTESIAN_POINT('',(183.3,118.2728,-11.7));
#6692 = VECTOR('',#6693,1.);
#6693 = DIRECTION('',(0.,0.,-1.));
#6694 = ORIENTED_EDGE('',*,*,#6695,.F.);
#6695 = EDGE_CURVE('',#6688,#6688,#6696,.T.);
#6696 = CIRCLE('',#6697,1.7272);
#6697 = AXIS2_PLACEMENT_3D('',#6698,#6699,#6700);
#6698 = CARTESIAN_POINT('',(183.3,120.,-38.1));
#6699 = DIRECTION('',(0.,0.,-1.));
#6700 = DIRECTION('',(-2.2E-16,-1.,-0.));
#6701 = ORIENTED_EDGE('',*,*,#6687,.F.);
#6702 = CYLINDRICAL_SURFACE('',#6703,1.7272);
#6703 = AXIS2_PLACEMENT_3D('',#6704,#6705,#6706);
#6704 = CARTESIAN_POINT('',(183.3,120.,-11.7));
#6705 = DIRECTION('',(0.,0.,-1.));
#6706 = DIRECTION('',(-0.,-1.,0.));
#6707 = ADVANCED_FACE('',(#6708),#6727,.F.);
#6708 = FACE_BOUND('',#6709,.F.);
#6709 = EDGE_LOOP('',(#6710,#6711,#6719,#6726));
#6710 = ORIENTED_EDGE('',*,*,#6619,.T.);
#6711 = ORIENTED_EDGE('',*,*,#6712,.T.);
#6712 = EDGE_CURVE('',#6620,#6713,#6715,.T.);
#6713 = VERTEX_POINT('',#6714);
#6714 = CARTESIAN_POINT('',(183.3,208.2728,-38.1));
#6715 = LINE('',#6716,#6717);
#6716 = CARTESIAN_POINT('',(183.3,208.2728,-11.7));
#6717 = VECTOR('',#6718,1.);
#6718 = DIRECTION('',(0.,0.,-1.));
#6719 = ORIENTED_EDGE('',*,*,#6720,.F.);
#6720 = EDGE_CURVE('',#6713,#6713,#6721,.T.);
#6721 = CIRCLE('',#6722,1.7272);
#6722 = AXIS2_PLACEMENT_3D('',#6723,#6724,#6725);
#6723 = CARTESIAN_POINT('',(183.3,210.,-38.1));
#6724 = DIRECTION('',(0.,0.,-1.));
#6725 = DIRECTION('',(-2.2E-16,-1.,-0.));
#6726 = ORIENTED_EDGE('',*,*,#6712,.F.);
#6727 = CYLINDRICAL_SURFACE('',#6728,1.7272);
#6728 = AXIS2_PLACEMENT_3D('',#6729,#6730,#6731);
#6729 = CARTESIAN_POINT('',(183.3,210.,-11.7));
#6730 = DIRECTION('',(0.,0.,-1.));
#6731 = DIRECTION('',(-0.,-1.,0.));
#6732 = ADVANCED_FACE('',(#6733),#6759,.F.);
#6733 = FACE_BOUND('',#6734,.F.);
#6734 = EDGE_LOOP('',(#6735,#6743,#6752,#6758));
#6735 = ORIENTED_EDGE('',*,*,#6736,.F.);
#6736 = EDGE_CURVE('',#6737,#1414,#6739,.T.);
#6737 = VERTEX_POINT('',#6738);
#6738 = CARTESIAN_POINT('',(430.39869959259,136.08571731567,-24.385));
#6739 = LINE('',#6740,#6741);
#6740 = CARTESIAN_POINT('',(430.39869959259,136.08571731567,
    -37.75071645736));
#6741 = VECTOR('',#6742,1.);
#6742 = DIRECTION('',(0.,0.,1.));
#6743 = ORIENTED_EDGE('',*,*,#6744,.T.);
#6744 = EDGE_CURVE('',#6737,#6745,#6747,.T.);
#6745 = VERTEX_POINT('',#6746);
#6746 = CARTESIAN_POINT('',(427.22947255749,133.08571731567,-24.385));
#6747 = CIRCLE('',#6748,3.174);
#6748 = AXIS2_PLACEMENT_3D('',#6749,#6750,#6751);
#6749 = CARTESIAN_POINT('',(430.39869959259,132.91171731567,-24.385));
#6750 = DIRECTION('',(0.,-0.,1.));
#6751 = DIRECTION('',(0.,1.,0.));
#6752 = ORIENTED_EDGE('',*,*,#6753,.T.);
#6753 = EDGE_CURVE('',#6745,#1416,#6754,.T.);
#6754 = LINE('',#6755,#6756);
#6755 = CARTESIAN_POINT('',(427.22947255749,133.08571731567,
    -37.75071645736));
#6756 = VECTOR('',#6757,1.);
#6757 = DIRECTION('',(0.,0.,1.));
#6758 = ORIENTED_EDGE('',*,*,#1413,.F.);
#6759 = CYLINDRICAL_SURFACE('',#6760,3.174);
#6760 = AXIS2_PLACEMENT_3D('',#6761,#6762,#6763);
#6761 = CARTESIAN_POINT('',(430.39869959259,132.91171731567,
    -37.75071645736));
#6762 = DIRECTION('',(0.,0.,1.));
#6763 = DIRECTION('',(0.,1.,0.));
#6764 = ADVANCED_FACE('',(#6765),#6831,.F.);
#6765 = FACE_BOUND('',#6766,.F.);
#6766 = EDGE_LOOP('',(#6767,#6775,#6776,#6777,#6785,#6793,#6801,#6809,
    #6817,#6825));
#6767 = ORIENTED_EDGE('',*,*,#6768,.F.);
#6768 = EDGE_CURVE('',#6737,#6769,#6771,.T.);
#6769 = VERTEX_POINT('',#6770);
#6770 = CARTESIAN_POINT('',(427.22469959259,136.08571731567,-24.385));
#6771 = LINE('',#6772,#6773);
#6772 = CARTESIAN_POINT('',(461.57894973754,136.08571731567,-24.385));
#6773 = VECTOR('',#6774,1.);
#6774 = DIRECTION('',(-1.,0.,0.));
#6775 = ORIENTED_EDGE('',*,*,#6736,.T.);
#6776 = ORIENTED_EDGE('',*,*,#1424,.F.);
#6777 = ORIENTED_EDGE('',*,*,#6778,.F.);
#6778 = EDGE_CURVE('',#6779,#1425,#6781,.T.);
#6779 = VERTEX_POINT('',#6780);
#6780 = CARTESIAN_POINT('',(458.40494973754,136.08571731567,-24.385));
#6781 = LINE('',#6782,#6783);
#6782 = CARTESIAN_POINT('',(458.40494973754,136.08571731567,
    -37.75071645736));
#6783 = VECTOR('',#6784,1.);
#6784 = DIRECTION('',(0.,0.,1.));
#6785 = ORIENTED_EDGE('',*,*,#6786,.F.);
#6786 = EDGE_CURVE('',#6787,#6779,#6789,.T.);
#6787 = VERTEX_POINT('',#6788);
#6788 = CARTESIAN_POINT('',(461.57894973754,136.08571731567,-24.385));
#6789 = LINE('',#6790,#6791);
#6790 = CARTESIAN_POINT('',(461.57894973754,136.08571731567,-24.385));
#6791 = VECTOR('',#6792,1.);
#6792 = DIRECTION('',(-1.,0.,0.));
#6793 = ORIENTED_EDGE('',*,*,#6794,.F.);
#6794 = EDGE_CURVE('',#6795,#6787,#6797,.T.);
#6795 = VERTEX_POINT('',#6796);
#6796 = CARTESIAN_POINT('',(461.57894973754,136.08571731567,-38.1));
#6797 = LINE('',#6798,#6799);
#6798 = CARTESIAN_POINT('',(461.57894973754,136.08571731567,-124.385));
#6799 = VECTOR('',#6800,1.);
#6800 = DIRECTION('',(0.,0.,1.));
#6801 = ORIENTED_EDGE('',*,*,#6802,.T.);
#6802 = EDGE_CURVE('',#6795,#6803,#6805,.T.);
#6803 = VERTEX_POINT('',#6804);
#6804 = CARTESIAN_POINT('',(441.57894973754,136.08571731567,-38.1));
#6805 = LINE('',#6806,#6807);
#6806 = CARTESIAN_POINT('',(223.55461924609,136.08571731567,-38.1));
#6807 = VECTOR('',#6808,1.);
#6808 = DIRECTION('',(-1.,0.,0.));
#6809 = ORIENTED_EDGE('',*,*,#6810,.T.);
#6810 = EDGE_CURVE('',#6803,#6811,#6813,.T.);
#6811 = VERTEX_POINT('',#6812);
#6812 = CARTESIAN_POINT('',(441.57894973754,136.08571731567,-31.116));
#6813 = LINE('',#6814,#6815);
#6814 = CARTESIAN_POINT('',(441.57894973754,136.08571731567,-38.1));
#6815 = VECTOR('',#6816,1.);
#6816 = DIRECTION('',(0.,0.,1.));
#6817 = ORIENTED_EDGE('',*,*,#6818,.T.);
#6818 = EDGE_CURVE('',#6811,#6819,#6821,.T.);
#6819 = VERTEX_POINT('',#6820);
#6820 = CARTESIAN_POINT('',(427.22469959259,136.08571731567,-31.116));
#6821 = LINE('',#6822,#6823);
#6822 = CARTESIAN_POINT('',(441.57894973754,136.08571731567,-31.116));
#6823 = VECTOR('',#6824,1.);
#6824 = DIRECTION('',(-1.,0.,0.));
#6825 = ORIENTED_EDGE('',*,*,#6826,.T.);
#6826 = EDGE_CURVE('',#6819,#6769,#6827,.T.);
#6827 = LINE('',#6828,#6829);
#6828 = CARTESIAN_POINT('',(427.22469959259,136.08571731567,-124.385));
#6829 = VECTOR('',#6830,1.);
#6830 = DIRECTION('',(0.,0.,1.));
#6831 = PLANE('',#6832);
#6832 = AXIS2_PLACEMENT_3D('',#6833,#6834,#6835);
#6833 = CARTESIAN_POINT('',(443.93423849219,136.08571731567,
    -48.63445053948));
#6834 = DIRECTION('',(0.,1.,-0.));
#6835 = DIRECTION('',(0.,0.,-1.));
#6836 = ADVANCED_FACE('',(#6837),#6887,.T.);
#6837 = FACE_BOUND('',#6838,.T.);
#6838 = EDGE_LOOP('',(#6839,#6849,#6857,#6865,#6873,#6879,#6880,#6881));
#6839 = ORIENTED_EDGE('',*,*,#6840,.F.);
#6840 = EDGE_CURVE('',#6841,#6843,#6845,.T.);
#6841 = VERTEX_POINT('',#6842);
#6842 = CARTESIAN_POINT('',(427.2,133.08571731567,-32.15071645736));
#6843 = VERTEX_POINT('',#6844);
#6844 = CARTESIAN_POINT('',(402.59869959259,133.08571731567,
    -32.15071645736));
#6845 = LINE('',#6846,#6847);
#6846 = CARTESIAN_POINT('',(441.57894973754,133.08571731567,
    -32.15071645736));
#6847 = VECTOR('',#6848,1.);
#6848 = DIRECTION('',(-1.,0.,0.));
#6849 = ORIENTED_EDGE('',*,*,#6850,.F.);
#6850 = EDGE_CURVE('',#6851,#6841,#6853,.T.);
#6851 = VERTEX_POINT('',#6852);
#6852 = CARTESIAN_POINT('',(427.2,133.08571731567,-31.116));
#6853 = LINE('',#6854,#6855);
#6854 = CARTESIAN_POINT('',(427.2,133.08571731567,-35.12535822868));
#6855 = VECTOR('',#6856,1.);
#6856 = DIRECTION('',(0.,-0.,-1.));
#6857 = ORIENTED_EDGE('',*,*,#6858,.F.);
#6858 = EDGE_CURVE('',#6859,#6851,#6861,.T.);
#6859 = VERTEX_POINT('',#6860);
#6860 = CARTESIAN_POINT('',(427.22469959259,133.08571731567,-31.116));
#6861 = LINE('',#6862,#6863);
#6862 = CARTESIAN_POINT('',(441.57894973754,133.08571731567,-31.116));
#6863 = VECTOR('',#6864,1.);
#6864 = DIRECTION('',(-1.,0.,0.));
#6865 = ORIENTED_EDGE('',*,*,#6866,.T.);
#6866 = EDGE_CURVE('',#6859,#6867,#6869,.T.);
#6867 = VERTEX_POINT('',#6868);
#6868 = CARTESIAN_POINT('',(427.22469959259,133.08571731567,-24.385));
#6869 = LINE('',#6870,#6871);
#6870 = CARTESIAN_POINT('',(427.22469959259,133.08571731567,
    -78.26785822868));
#6871 = VECTOR('',#6872,1.);
#6872 = DIRECTION('',(0.,0.,1.));
#6873 = ORIENTED_EDGE('',*,*,#6874,.T.);
#6874 = EDGE_CURVE('',#6867,#6745,#6875,.T.);
#6875 = LINE('',#6876,#6877);
#6876 = CARTESIAN_POINT('',(451.57894973754,133.08571731567,-24.385));
#6877 = VECTOR('',#6878,1.);
#6878 = DIRECTION('',(1.,0.,0.));
#6879 = ORIENTED_EDGE('',*,*,#6753,.T.);
#6880 = ORIENTED_EDGE('',*,*,#1517,.F.);
#6881 = ORIENTED_EDGE('',*,*,#6882,.F.);
#6882 = EDGE_CURVE('',#6843,#1509,#6883,.T.);
#6883 = LINE('',#6884,#6885);
#6884 = CARTESIAN_POINT('',(402.59869959259,133.08571731567,
    -32.15071645736));
#6885 = VECTOR('',#6886,1.);
#6886 = DIRECTION('',(0.,0.,1.));
#6887 = PLANE('',#6888);
#6888 = AXIS2_PLACEMENT_3D('',#6889,#6890,#6891);
#6889 = CARTESIAN_POINT('',(441.57894973754,133.08571731567,
    -32.15071645736));
#6890 = DIRECTION('',(0.,-1.,0.));
#6891 = DIRECTION('',(0.,0.,1.));
#6892 = ADVANCED_FACE('',(#6893),#6912,.F.);
#6893 = FACE_BOUND('',#6894,.F.);
#6894 = EDGE_LOOP('',(#6895,#6903,#6910,#6911));
#6895 = ORIENTED_EDGE('',*,*,#6896,.F.);
#6896 = EDGE_CURVE('',#6897,#1433,#6899,.T.);
#6897 = VERTEX_POINT('',#6898);
#6898 = CARTESIAN_POINT('',(461.57894973754,132.91171731567,-24.385));
#6899 = LINE('',#6900,#6901);
#6900 = CARTESIAN_POINT('',(461.57894973754,132.91171731567,
    -37.75071645736));
#6901 = VECTOR('',#6902,1.);
#6902 = DIRECTION('',(0.,0.,1.));
#6903 = ORIENTED_EDGE('',*,*,#6904,.T.);
#6904 = EDGE_CURVE('',#6897,#6779,#6905,.T.);
#6905 = CIRCLE('',#6906,3.174);
#6906 = AXIS2_PLACEMENT_3D('',#6907,#6908,#6909);
#6907 = CARTESIAN_POINT('',(458.40494973754,132.91171731567,-24.385));
#6908 = DIRECTION('',(0.,0.,1.));
#6909 = DIRECTION('',(1.,0.,0.));
#6910 = ORIENTED_EDGE('',*,*,#6778,.T.);
#6911 = ORIENTED_EDGE('',*,*,#1432,.F.);
#6912 = CYLINDRICAL_SURFACE('',#6913,3.174);
#6913 = AXIS2_PLACEMENT_3D('',#6914,#6915,#6916);
#6914 = CARTESIAN_POINT('',(458.40494973754,132.91171731567,
    -37.75071645736));
#6915 = DIRECTION('',(0.,0.,1.));
#6916 = DIRECTION('',(1.,0.,0.));
#6917 = ADVANCED_FACE('',(#6918),#6937,.F.);
#6918 = FACE_BOUND('',#6919,.F.);
#6919 = EDGE_LOOP('',(#6920,#6921,#6930,#6936));
#6920 = ORIENTED_EDGE('',*,*,#6882,.F.);
#6921 = ORIENTED_EDGE('',*,*,#6922,.T.);
#6922 = EDGE_CURVE('',#6843,#6923,#6925,.T.);
#6923 = VERTEX_POINT('',#6924);
#6924 = CARTESIAN_POINT('',(399.42469959259,129.91171731567,
    -32.15071645736));
#6925 = CIRCLE('',#6926,3.174);
#6926 = AXIS2_PLACEMENT_3D('',#6927,#6928,#6929);
#6927 = CARTESIAN_POINT('',(402.59869959259,129.91171731567,
    -32.15071645736));
#6928 = DIRECTION('',(0.,-0.,1.));
#6929 = DIRECTION('',(0.,1.,0.));
#6930 = ORIENTED_EDGE('',*,*,#6931,.T.);
#6931 = EDGE_CURVE('',#6923,#1501,#6932,.T.);
#6932 = LINE('',#6933,#6934);
#6933 = CARTESIAN_POINT('',(399.42469959259,129.91171731567,
    -32.15071645736));
#6934 = VECTOR('',#6935,1.);
#6935 = DIRECTION('',(0.,0.,1.));
#6936 = ORIENTED_EDGE('',*,*,#1508,.F.);
#6937 = CYLINDRICAL_SURFACE('',#6938,3.174);
#6938 = AXIS2_PLACEMENT_3D('',#6939,#6940,#6941);
#6939 = CARTESIAN_POINT('',(402.59869959259,129.91171731567,
    -32.15071645736));
#6940 = DIRECTION('',(0.,0.,1.));
#6941 = DIRECTION('',(0.,1.,0.));
#6942 = ADVANCED_FACE('',(#6943),#6984,.F.);
#6943 = FACE_BOUND('',#6944,.F.);
#6944 = EDGE_LOOP('',(#6945,#6953,#6961,#6969,#6975,#6976,#6982,#6983));
#6945 = ORIENTED_EDGE('',*,*,#6946,.F.);
#6946 = EDGE_CURVE('',#6947,#1442,#6949,.T.);
#6947 = VERTEX_POINT('',#6948);
#6948 = CARTESIAN_POINT('',(461.57894973754,112.81588491821,-24.385));
#6949 = LINE('',#6950,#6951);
#6950 = CARTESIAN_POINT('',(461.57894973754,112.81588491821,
    -37.75071645736));
#6951 = VECTOR('',#6952,1.);
#6952 = DIRECTION('',(0.,0.,1.));
#6953 = ORIENTED_EDGE('',*,*,#6954,.T.);
#6954 = EDGE_CURVE('',#6947,#6955,#6957,.T.);
#6955 = VERTEX_POINT('',#6956);
#6956 = CARTESIAN_POINT('',(461.57894973754,109.64188491821,-24.385));
#6957 = LINE('',#6958,#6959);
#6958 = CARTESIAN_POINT('',(461.57894973754,136.08571731567,-24.385));
#6959 = VECTOR('',#6960,1.);
#6960 = DIRECTION('',(0.,-1.,0.));
#6961 = ORIENTED_EDGE('',*,*,#6962,.F.);
#6962 = EDGE_CURVE('',#6963,#6955,#6965,.T.);
#6963 = VERTEX_POINT('',#6964);
#6964 = CARTESIAN_POINT('',(461.57894973754,109.64188491821,-38.1));
#6965 = LINE('',#6966,#6967);
#6966 = CARTESIAN_POINT('',(461.57894973754,109.64188491821,-124.385));
#6967 = VECTOR('',#6968,1.);
#6968 = DIRECTION('',(0.,0.,1.));
#6969 = ORIENTED_EDGE('',*,*,#6970,.T.);
#6970 = EDGE_CURVE('',#6963,#6795,#6971,.T.);
#6971 = LINE('',#6972,#6973);
#6972 = CARTESIAN_POINT('',(461.57894973754,63.019400558472,-38.1));
#6973 = VECTOR('',#6974,1.);
#6974 = DIRECTION('',(0.,1.,0.));
#6975 = ORIENTED_EDGE('',*,*,#6794,.T.);
#6976 = ORIENTED_EDGE('',*,*,#6977,.T.);
#6977 = EDGE_CURVE('',#6787,#6897,#6978,.T.);
#6978 = LINE('',#6979,#6980);
#6979 = CARTESIAN_POINT('',(461.57894973754,136.08571731567,-24.385));
#6980 = VECTOR('',#6981,1.);
#6981 = DIRECTION('',(0.,-1.,0.));
#6982 = ORIENTED_EDGE('',*,*,#6896,.T.);
#6983 = ORIENTED_EDGE('',*,*,#1441,.F.);
#6984 = PLANE('',#6985);
#6985 = AXIS2_PLACEMENT_3D('',#6986,#6987,#6988);
#6986 = CARTESIAN_POINT('',(461.57894973754,122.86380111694,
    -49.75919144937));
#6987 = DIRECTION('',(1.,0.,-0.));
#6988 = DIRECTION('',(0.,0.,-1.));
#6989 = ADVANCED_FACE('',(#6990),#7008,.F.);
#6990 = FACE_BOUND('',#6991,.F.);
#6991 = EDGE_LOOP('',(#6992,#7000,#7006,#7007));
#6992 = ORIENTED_EDGE('',*,*,#6993,.T.);
#6993 = EDGE_CURVE('',#6923,#6994,#6996,.T.);
#6994 = VERTEX_POINT('',#6995);
#6995 = CARTESIAN_POINT('',(399.42469959259,77.815884918213,
    -32.15071645736));
#6996 = LINE('',#6997,#6998);
#6997 = CARTESIAN_POINT('',(399.42469959259,133.08571731567,
    -32.15071645736));
#6998 = VECTOR('',#6999,1.);
#6999 = DIRECTION('',(0.,-1.,0.));
#7000 = ORIENTED_EDGE('',*,*,#7001,.T.);
#7001 = EDGE_CURVE('',#6994,#1492,#7002,.T.);
#7002 = LINE('',#7003,#7004);
#7003 = CARTESIAN_POINT('',(399.42469959259,77.815884918213,
    -32.15071645736));
#7004 = VECTOR('',#7005,1.);
#7005 = DIRECTION('',(0.,0.,1.));
#7006 = ORIENTED_EDGE('',*,*,#1500,.F.);
#7007 = ORIENTED_EDGE('',*,*,#6931,.F.);
#7008 = PLANE('',#7009);
#7009 = AXIS2_PLACEMENT_3D('',#7010,#7011,#7012);
#7010 = CARTESIAN_POINT('',(399.42469959259,133.08571731567,
    -32.15071645736));
#7011 = DIRECTION('',(-1.,0.,0.));
#7012 = DIRECTION('',(0.,0.,1.));
#7013 = ADVANCED_FACE('',(#7014),#7033,.F.);
#7014 = FACE_BOUND('',#7015,.T.);
#7015 = EDGE_LOOP('',(#7016,#7017,#7026,#7032));
#7016 = ORIENTED_EDGE('',*,*,#6946,.F.);
#7017 = ORIENTED_EDGE('',*,*,#7018,.F.);
#7018 = EDGE_CURVE('',#7019,#6947,#7021,.T.);
#7019 = VERTEX_POINT('',#7020);
#7020 = CARTESIAN_POINT('',(458.40494973754,109.64188491821,-24.385));
#7021 = CIRCLE('',#7022,3.174);
#7022 = AXIS2_PLACEMENT_3D('',#7023,#7024,#7025);
#7023 = CARTESIAN_POINT('',(458.40494973754,112.81588491821,-24.385));
#7024 = DIRECTION('',(0.,0.,1.));
#7025 = DIRECTION('',(1.,0.,0.));
#7026 = ORIENTED_EDGE('',*,*,#7027,.T.);
#7027 = EDGE_CURVE('',#7019,#1450,#7028,.T.);
#7028 = LINE('',#7029,#7030);
#7029 = CARTESIAN_POINT('',(458.40494973754,109.64188491821,
    -37.75071645736));
#7030 = VECTOR('',#7031,1.);
#7031 = DIRECTION('',(0.,0.,1.));
#7032 = ORIENTED_EDGE('',*,*,#1449,.T.);
#7033 = CYLINDRICAL_SURFACE('',#7034,3.174);
#7034 = AXIS2_PLACEMENT_3D('',#7035,#7036,#7037);
#7035 = CARTESIAN_POINT('',(458.40494973754,112.81588491821,
    -37.75071645736));
#7036 = DIRECTION('',(0.,0.,1.));
#7037 = DIRECTION('',(1.,0.,0.));
#7038 = ADVANCED_FACE('',(#7039),#7058,.F.);
#7039 = FACE_BOUND('',#7040,.F.);
#7040 = EDGE_LOOP('',(#7041,#7042,#7051,#7057));
#7041 = ORIENTED_EDGE('',*,*,#7001,.F.);
#7042 = ORIENTED_EDGE('',*,*,#7043,.T.);
#7043 = EDGE_CURVE('',#6994,#7044,#7046,.T.);
#7044 = VERTEX_POINT('',#7045);
#7045 = CARTESIAN_POINT('',(402.59869959259,74.641884918213,
    -32.15071645736));
#7046 = CIRCLE('',#7047,3.174);
#7047 = AXIS2_PLACEMENT_3D('',#7048,#7049,#7050);
#7048 = CARTESIAN_POINT('',(402.59869959259,77.815884918213,
    -32.15071645736));
#7049 = DIRECTION('',(0.,-0.,1.));
#7050 = DIRECTION('',(0.,1.,0.));
#7051 = ORIENTED_EDGE('',*,*,#7052,.T.);
#7052 = EDGE_CURVE('',#7044,#1484,#7053,.T.);
#7053 = LINE('',#7054,#7055);
#7054 = CARTESIAN_POINT('',(402.59869959259,74.641884918213,
    -32.15071645736));
#7055 = VECTOR('',#7056,1.);
#7056 = DIRECTION('',(0.,0.,1.));
#7057 = ORIENTED_EDGE('',*,*,#1491,.F.);
#7058 = CYLINDRICAL_SURFACE('',#7059,3.174);
#7059 = AXIS2_PLACEMENT_3D('',#7060,#7061,#7062);
#7060 = CARTESIAN_POINT('',(402.59869959259,77.815884918213,
    -32.15071645736));
#7061 = DIRECTION('',(0.,0.,1.));
#7062 = DIRECTION('',(-1.,0.,0.));
#7063 = ADVANCED_FACE('',(#7064),#7097,.F.);
#7064 = FACE_BOUND('',#7065,.F.);
#7065 = EDGE_LOOP('',(#7066,#7067,#7075,#7083,#7089,#7090,#7096));
#7066 = ORIENTED_EDGE('',*,*,#1458,.F.);
#7067 = ORIENTED_EDGE('',*,*,#7068,.T.);
#7068 = EDGE_CURVE('',#1459,#7069,#7071,.T.);
#7069 = VERTEX_POINT('',#7070);
#7070 = CARTESIAN_POINT('',(441.57894973754,109.64188491821,-31.116));
#7071 = LINE('',#7072,#7073);
#7072 = CARTESIAN_POINT('',(441.57894973754,109.64188491821,
    -34.95071645736));
#7073 = VECTOR('',#7074,1.);
#7074 = DIRECTION('',(0.,0.,-1.));
#7075 = ORIENTED_EDGE('',*,*,#7076,.T.);
#7076 = EDGE_CURVE('',#7069,#7077,#7079,.T.);
#7077 = VERTEX_POINT('',#7078);
#7078 = CARTESIAN_POINT('',(441.57894973754,109.64188491821,-38.1));
#7079 = LINE('',#7080,#7081);
#7080 = CARTESIAN_POINT('',(441.57894973754,109.64188491821,-81.2425));
#7081 = VECTOR('',#7082,1.);
#7082 = DIRECTION('',(0.,-0.,-1.));
#7083 = ORIENTED_EDGE('',*,*,#7084,.T.);
#7084 = EDGE_CURVE('',#7077,#6963,#7085,.T.);
#7085 = LINE('',#7086,#7087);
#7086 = CARTESIAN_POINT('',(224.44037237224,109.64188491821,-38.1));
#7087 = VECTOR('',#7088,1.);
#7088 = DIRECTION('',(1.,0.,0.));
#7089 = ORIENTED_EDGE('',*,*,#6962,.T.);
#7090 = ORIENTED_EDGE('',*,*,#7091,.T.);
#7091 = EDGE_CURVE('',#6955,#7019,#7092,.T.);
#7092 = LINE('',#7093,#7094);
#7093 = CARTESIAN_POINT('',(461.57894973754,109.64188491821,-24.385));
#7094 = VECTOR('',#7095,1.);
#7095 = DIRECTION('',(-1.,0.,0.));
#7096 = ORIENTED_EDGE('',*,*,#7027,.T.);
#7097 = PLANE('',#7098);
#7098 = AXIS2_PLACEMENT_3D('',#7099,#7100,#7101);
#7099 = CARTESIAN_POINT('',(445.70574474448,109.64188491821,
    -47.49854283609));
#7100 = DIRECTION('',(0.,-1.,0.));
#7101 = DIRECTION('',(0.,0.,1.));
#7102 = ADVANCED_FACE('',(#7103),#7137,.F.);
#7103 = FACE_BOUND('',#7104,.F.);
#7104 = EDGE_LOOP('',(#7105,#7113,#7121,#7129,#7135,#7136));
#7105 = ORIENTED_EDGE('',*,*,#7106,.F.);
#7106 = EDGE_CURVE('',#7107,#7044,#7109,.T.);
#7107 = VERTEX_POINT('',#7108);
#7108 = CARTESIAN_POINT('',(427.2,74.641884918213,-32.15071645736));
#7109 = LINE('',#7110,#7111);
#7110 = CARTESIAN_POINT('',(441.57894973754,74.641884918213,
    -32.15071645736));
#7111 = VECTOR('',#7112,1.);
#7112 = DIRECTION('',(-1.,0.,0.));
#7113 = ORIENTED_EDGE('',*,*,#7114,.T.);
#7114 = EDGE_CURVE('',#7107,#7115,#7117,.T.);
#7115 = VERTEX_POINT('',#7116);
#7116 = CARTESIAN_POINT('',(427.2,74.641884918213,-31.116));
#7117 = LINE('',#7118,#7119);
#7118 = CARTESIAN_POINT('',(427.2,74.641884918213,-38.1));
#7119 = VECTOR('',#7120,1.);
#7120 = DIRECTION('',(0.,0.,1.));
#7121 = ORIENTED_EDGE('',*,*,#7122,.F.);
#7122 = EDGE_CURVE('',#7123,#7115,#7125,.T.);
#7123 = VERTEX_POINT('',#7124);
#7124 = CARTESIAN_POINT('',(438.40494973754,74.641884918213,-31.116));
#7125 = LINE('',#7126,#7127);
#7126 = CARTESIAN_POINT('',(441.57894973754,74.641884918213,-31.116));
#7127 = VECTOR('',#7128,1.);
#7128 = DIRECTION('',(-1.,0.,0.));
#7129 = ORIENTED_EDGE('',*,*,#7130,.T.);
#7130 = EDGE_CURVE('',#7123,#1475,#7131,.T.);
#7131 = LINE('',#7132,#7133);
#7132 = CARTESIAN_POINT('',(438.40494973754,74.641884918213,
    -32.15071645736));
#7133 = VECTOR('',#7134,1.);
#7134 = DIRECTION('',(0.,0.,1.));
#7135 = ORIENTED_EDGE('',*,*,#1483,.F.);
#7136 = ORIENTED_EDGE('',*,*,#7052,.F.);
#7137 = PLANE('',#7138);
#7138 = AXIS2_PLACEMENT_3D('',#7139,#7140,#7141);
#7139 = CARTESIAN_POINT('',(441.57894973754,74.641884918213,
    -32.15071645736));
#7140 = DIRECTION('',(0.,-1.,0.));
#7141 = DIRECTION('',(0.,0.,1.));
#7142 = ADVANCED_FACE('',(#7143),#7161,.T.);
#7143 = FACE_BOUND('',#7144,.T.);
#7144 = EDGE_LOOP('',(#7145,#7146,#7147,#7155));
#7145 = ORIENTED_EDGE('',*,*,#1466,.F.);
#7146 = ORIENTED_EDGE('',*,*,#7068,.T.);
#7147 = ORIENTED_EDGE('',*,*,#7148,.T.);
#7148 = EDGE_CURVE('',#7069,#7149,#7151,.T.);
#7149 = VERTEX_POINT('',#7150);
#7150 = CARTESIAN_POINT('',(441.57894973754,77.815884918213,-31.116));
#7151 = LINE('',#7152,#7153);
#7152 = CARTESIAN_POINT('',(441.57894973754,136.08571731567,-31.116));
#7153 = VECTOR('',#7154,1.);
#7154 = DIRECTION('',(0.,-1.,0.));
#7155 = ORIENTED_EDGE('',*,*,#7156,.T.);
#7156 = EDGE_CURVE('',#7149,#1467,#7157,.T.);
#7157 = LINE('',#7158,#7159);
#7158 = CARTESIAN_POINT('',(441.57894973754,77.815884918213,
    -32.15071645736));
#7159 = VECTOR('',#7160,1.);
#7160 = DIRECTION('',(0.,0.,1.));
#7161 = PLANE('',#7162);
#7162 = AXIS2_PLACEMENT_3D('',#7163,#7164,#7165);
#7163 = CARTESIAN_POINT('',(441.57894973754,133.08571731567,
    -32.15071645736));
#7164 = DIRECTION('',(-1.,0.,0.));
#7165 = DIRECTION('',(0.,0.,1.));
#7166 = ADVANCED_FACE('',(#7167),#7179,.F.);
#7167 = FACE_BOUND('',#7168,.T.);
#7168 = EDGE_LOOP('',(#7169,#7170,#7177,#7178));
#7169 = ORIENTED_EDGE('',*,*,#7156,.F.);
#7170 = ORIENTED_EDGE('',*,*,#7171,.F.);
#7171 = EDGE_CURVE('',#7123,#7149,#7172,.T.);
#7172 = CIRCLE('',#7173,3.174);
#7173 = AXIS2_PLACEMENT_3D('',#7174,#7175,#7176);
#7174 = CARTESIAN_POINT('',(438.40494973754,77.815884918213,-31.116));
#7175 = DIRECTION('',(0.,0.,1.));
#7176 = DIRECTION('',(1.,0.,0.));
#7177 = ORIENTED_EDGE('',*,*,#7130,.T.);
#7178 = ORIENTED_EDGE('',*,*,#1474,.T.);
#7179 = CYLINDRICAL_SURFACE('',#7180,3.174);
#7180 = AXIS2_PLACEMENT_3D('',#7181,#7182,#7183);
#7181 = CARTESIAN_POINT('',(438.40494973754,77.815884918213,
    -32.15071645736));
#7182 = DIRECTION('',(0.,0.,1.));
#7183 = DIRECTION('',(1.,0.,0.));
#7184 = ADVANCED_FACE('',(#7185),#7196,.F.);
#7185 = FACE_BOUND('',#7186,.F.);
#7186 = EDGE_LOOP('',(#7187,#7188,#7189,#7195));
#7187 = ORIENTED_EDGE('',*,*,#6744,.F.);
#7188 = ORIENTED_EDGE('',*,*,#6768,.T.);
#7189 = ORIENTED_EDGE('',*,*,#7190,.T.);
#7190 = EDGE_CURVE('',#6769,#6867,#7191,.T.);
#7191 = LINE('',#7192,#7193);
#7192 = CARTESIAN_POINT('',(427.22469959259,136.08571731567,-24.385));
#7193 = VECTOR('',#7194,1.);
#7194 = DIRECTION('',(0.,-1.,0.));
#7195 = ORIENTED_EDGE('',*,*,#6874,.T.);
#7196 = PLANE('',#7197);
#7197 = AXIS2_PLACEMENT_3D('',#7198,#7199,#7200);
#7198 = CARTESIAN_POINT('',(461.57894973754,136.08571731567,-24.385));
#7199 = DIRECTION('',(0.,0.,1.));
#7200 = DIRECTION('',(-1.,0.,0.));
#7201 = ADVANCED_FACE('',(#7202),#7213,.F.);
#7202 = FACE_BOUND('',#7203,.F.);
#7203 = EDGE_LOOP('',(#7204,#7205,#7206,#7212));
#7204 = ORIENTED_EDGE('',*,*,#7190,.F.);
#7205 = ORIENTED_EDGE('',*,*,#6826,.F.);
#7206 = ORIENTED_EDGE('',*,*,#7207,.F.);
#7207 = EDGE_CURVE('',#6859,#6819,#7208,.T.);
#7208 = LINE('',#7209,#7210);
#7209 = CARTESIAN_POINT('',(427.22469959259,136.08571731567,-31.116));
#7210 = VECTOR('',#7211,1.);
#7211 = DIRECTION('',(0.,1.,0.));
#7212 = ORIENTED_EDGE('',*,*,#6866,.T.);
#7213 = PLANE('',#7214);
#7214 = AXIS2_PLACEMENT_3D('',#7215,#7216,#7217);
#7215 = CARTESIAN_POINT('',(427.22469959259,136.08571731567,-124.385));
#7216 = DIRECTION('',(-1.,0.,0.));
#7217 = DIRECTION('',(0.,0.,1.));
#7218 = ADVANCED_FACE('',(#7219,#7239,#7273),#7284,.T.);
#7219 = FACE_BOUND('',#7220,.T.);
#7220 = EDGE_LOOP('',(#7221,#7227,#7228,#7229,#7230,#7236,#7237,#7238));
#7221 = ORIENTED_EDGE('',*,*,#7222,.F.);
#7222 = EDGE_CURVE('',#6811,#7069,#7223,.T.);
#7223 = LINE('',#7224,#7225);
#7224 = CARTESIAN_POINT('',(441.57894973754,136.08571731567,-31.116));
#7225 = VECTOR('',#7226,1.);
#7226 = DIRECTION('',(0.,-1.,0.));
#7227 = ORIENTED_EDGE('',*,*,#6818,.T.);
#7228 = ORIENTED_EDGE('',*,*,#7207,.F.);
#7229 = ORIENTED_EDGE('',*,*,#6858,.T.);
#7230 = ORIENTED_EDGE('',*,*,#7231,.T.);
#7231 = EDGE_CURVE('',#6851,#7115,#7232,.T.);
#7232 = LINE('',#7233,#7234);
#7233 = CARTESIAN_POINT('',(427.2,136.08571731567,-31.116));
#7234 = VECTOR('',#7235,1.);
#7235 = DIRECTION('',(0.,-1.,0.));
#7236 = ORIENTED_EDGE('',*,*,#7122,.F.);
#7237 = ORIENTED_EDGE('',*,*,#7171,.T.);
#7238 = ORIENTED_EDGE('',*,*,#7148,.F.);
#7239 = FACE_BOUND('',#7240,.T.);
#7240 = EDGE_LOOP('',(#7241,#7251,#7259,#7267));
#7241 = ORIENTED_EDGE('',*,*,#7242,.F.);
#7242 = EDGE_CURVE('',#7243,#7245,#7247,.T.);
#7243 = VERTEX_POINT('',#7244);
#7244 = CARTESIAN_POINT('',(439.55,118.62,-31.116));
#7245 = VERTEX_POINT('',#7246);
#7246 = CARTESIAN_POINT('',(437.55,118.62,-31.116));
#7247 = LINE('',#7248,#7249);
#7248 = CARTESIAN_POINT('',(439.55,118.62,-31.116));
#7249 = VECTOR('',#7250,1.);
#7250 = DIRECTION('',(-1.,0.,0.));
#7251 = ORIENTED_EDGE('',*,*,#7252,.T.);
#7252 = EDGE_CURVE('',#7243,#7253,#7255,.T.);
#7253 = VERTEX_POINT('',#7254);
#7254 = CARTESIAN_POINT('',(439.55,88.62,-31.116));
#7255 = LINE('',#7256,#7257);
#7256 = CARTESIAN_POINT('',(439.55,118.62,-31.116));
#7257 = VECTOR('',#7258,1.);
#7258 = DIRECTION('',(0.,-1.,0.));
#7259 = ORIENTED_EDGE('',*,*,#7260,.T.);
#7260 = EDGE_CURVE('',#7253,#7261,#7263,.T.);
#7261 = VERTEX_POINT('',#7262);
#7262 = CARTESIAN_POINT('',(437.55,88.62,-31.116));
#7263 = LINE('',#7264,#7265);
#7264 = CARTESIAN_POINT('',(439.55,88.62,-31.116));
#7265 = VECTOR('',#7266,1.);
#7266 = DIRECTION('',(-1.,0.,0.));
#7267 = ORIENTED_EDGE('',*,*,#7268,.F.);
#7268 = EDGE_CURVE('',#7245,#7261,#7269,.T.);
#7269 = LINE('',#7270,#7271);
#7270 = CARTESIAN_POINT('',(437.55,118.62,-31.116));
#7271 = VECTOR('',#7272,1.);
#7272 = DIRECTION('',(0.,-1.,0.));
#7273 = FACE_BOUND('',#7274,.T.);
#7274 = EDGE_LOOP('',(#7275));
#7275 = ORIENTED_EDGE('',*,*,#7276,.T.);
#7276 = EDGE_CURVE('',#7277,#7277,#7279,.T.);
#7277 = VERTEX_POINT('',#7278);
#7278 = CARTESIAN_POINT('',(434.1272,103.62,-31.116));
#7279 = CIRCLE('',#7280,1.7272);
#7280 = AXIS2_PLACEMENT_3D('',#7281,#7282,#7283);
#7281 = CARTESIAN_POINT('',(432.4,103.62,-31.116));
#7282 = DIRECTION('',(0.,0.,-1.));
#7283 = DIRECTION('',(1.,-0.,0.));
#7284 = PLANE('',#7285);
#7285 = AXIS2_PLACEMENT_3D('',#7286,#7287,#7288);
#7286 = CARTESIAN_POINT('',(441.57894973754,136.08571731567,-31.116));
#7287 = DIRECTION('',(0.,0.,1.));
#7288 = DIRECTION('',(-1.,0.,0.));
#7289 = ADVANCED_FACE('',(#7290),#7309,.F.);
#7290 = FACE_BOUND('',#7291,.F.);
#7291 = EDGE_LOOP('',(#7292,#7293,#7301,#7308));
#7292 = ORIENTED_EDGE('',*,*,#7276,.T.);
#7293 = ORIENTED_EDGE('',*,*,#7294,.T.);
#7294 = EDGE_CURVE('',#7277,#7295,#7297,.T.);
#7295 = VERTEX_POINT('',#7296);
#7296 = CARTESIAN_POINT('',(434.1272,103.62,-38.1));
#7297 = LINE('',#7298,#7299);
#7298 = CARTESIAN_POINT('',(434.1272,103.62,-11.7));
#7299 = VECTOR('',#7300,1.);
#7300 = DIRECTION('',(0.,0.,-1.));
#7301 = ORIENTED_EDGE('',*,*,#7302,.F.);
#7302 = EDGE_CURVE('',#7295,#7295,#7303,.T.);
#7303 = CIRCLE('',#7304,1.7272);
#7304 = AXIS2_PLACEMENT_3D('',#7305,#7306,#7307);
#7305 = CARTESIAN_POINT('',(432.4,103.62,-38.1));
#7306 = DIRECTION('',(0.,0.,-1.));
#7307 = DIRECTION('',(1.,0.,0.));
#7308 = ORIENTED_EDGE('',*,*,#7294,.F.);
#7309 = CYLINDRICAL_SURFACE('',#7310,1.7272);
#7310 = AXIS2_PLACEMENT_3D('',#7311,#7312,#7313);
#7311 = CARTESIAN_POINT('',(432.4,103.62,-11.7));
#7312 = DIRECTION('',(0.,0.,-1.));
#7313 = DIRECTION('',(1.,-0.,0.));
#7314 = ADVANCED_FACE('',(#7315),#7326,.F.);
#7315 = FACE_BOUND('',#7316,.F.);
#7316 = EDGE_LOOP('',(#7317,#7318,#7324,#7325));
#7317 = ORIENTED_EDGE('',*,*,#6810,.F.);
#7318 = ORIENTED_EDGE('',*,*,#7319,.T.);
#7319 = EDGE_CURVE('',#6803,#7077,#7320,.T.);
#7320 = LINE('',#7321,#7322);
#7321 = CARTESIAN_POINT('',(441.57894973754,136.08571731567,-38.1));
#7322 = VECTOR('',#7323,1.);
#7323 = DIRECTION('',(0.,-1.,0.));
#7324 = ORIENTED_EDGE('',*,*,#7076,.F.);
#7325 = ORIENTED_EDGE('',*,*,#7222,.F.);
#7326 = PLANE('',#7327);
#7327 = AXIS2_PLACEMENT_3D('',#7328,#7329,#7330);
#7328 = CARTESIAN_POINT('',(441.57894973754,136.08571731567,-38.1));
#7329 = DIRECTION('',(-1.,0.,0.));
#7330 = DIRECTION('',(0.,0.,1.));
#7331 = ADVANCED_FACE('',(#7332),#7337,.F.);
#7332 = FACE_BOUND('',#7333,.F.);
#7333 = EDGE_LOOP('',(#7334,#7335,#7336));
#7334 = ORIENTED_EDGE('',*,*,#6977,.F.);
#7335 = ORIENTED_EDGE('',*,*,#6786,.T.);
#7336 = ORIENTED_EDGE('',*,*,#6904,.F.);
#7337 = PLANE('',#7338);
#7338 = AXIS2_PLACEMENT_3D('',#7339,#7340,#7341);
#7339 = CARTESIAN_POINT('',(461.57894973754,136.08571731567,-24.385));
#7340 = DIRECTION('',(0.,0.,1.));
#7341 = DIRECTION('',(-1.,0.,0.));
#7342 = ADVANCED_FACE('',(#7343),#7356,.T.);
#7343 = FACE_BOUND('',#7344,.T.);
#7344 = EDGE_LOOP('',(#7345,#7346,#7347,#7348,#7354,#7355));
#7345 = ORIENTED_EDGE('',*,*,#6993,.T.);
#7346 = ORIENTED_EDGE('',*,*,#7043,.T.);
#7347 = ORIENTED_EDGE('',*,*,#7106,.F.);
#7348 = ORIENTED_EDGE('',*,*,#7349,.F.);
#7349 = EDGE_CURVE('',#6841,#7107,#7350,.T.);
#7350 = LINE('',#7351,#7352);
#7351 = CARTESIAN_POINT('',(427.2,134.58571731567,-32.15071645736));
#7352 = VECTOR('',#7353,1.);
#7353 = DIRECTION('',(0.,-1.,0.));
#7354 = ORIENTED_EDGE('',*,*,#6840,.T.);
#7355 = ORIENTED_EDGE('',*,*,#6922,.T.);
#7356 = PLANE('',#7357);
#7357 = AXIS2_PLACEMENT_3D('',#7358,#7359,#7360);
#7358 = CARTESIAN_POINT('',(441.57894973754,133.08571731567,
    -32.15071645736));
#7359 = DIRECTION('',(0.,0.,1.));
#7360 = DIRECTION('',(-1.,0.,0.));
#7361 = ADVANCED_FACE('',(#7362),#7368,.T.);
#7362 = FACE_BOUND('',#7363,.T.);
#7363 = EDGE_LOOP('',(#7364,#7365,#7366,#7367));
#7364 = ORIENTED_EDGE('',*,*,#7231,.F.);
#7365 = ORIENTED_EDGE('',*,*,#6850,.T.);
#7366 = ORIENTED_EDGE('',*,*,#7349,.T.);
#7367 = ORIENTED_EDGE('',*,*,#7114,.T.);
#7368 = PLANE('',#7369);
#7369 = AXIS2_PLACEMENT_3D('',#7370,#7371,#7372);
#7370 = CARTESIAN_POINT('',(427.2,136.08571731567,-38.1));
#7371 = DIRECTION('',(-1.,0.,0.));
#7372 = DIRECTION('',(0.,0.,1.));
#7373 = ADVANCED_FACE('',(#7374),#7379,.F.);
#7374 = FACE_BOUND('',#7375,.F.);
#7375 = EDGE_LOOP('',(#7376,#7377,#7378));
#7376 = ORIENTED_EDGE('',*,*,#6954,.F.);
#7377 = ORIENTED_EDGE('',*,*,#7018,.F.);
#7378 = ORIENTED_EDGE('',*,*,#7091,.F.);
#7379 = PLANE('',#7380);
#7380 = AXIS2_PLACEMENT_3D('',#7381,#7382,#7383);
#7381 = CARTESIAN_POINT('',(461.57894973754,136.08571731567,-24.385));
#7382 = DIRECTION('',(0.,0.,1.));
#7383 = DIRECTION('',(-1.,0.,0.));
#7384 = ADVANCED_FACE('',(#7385),#7410,.F.);
#7385 = FACE_BOUND('',#7386,.F.);
#7386 = EDGE_LOOP('',(#7387,#7388,#7396,#7404));
#7387 = ORIENTED_EDGE('',*,*,#7242,.F.);
#7388 = ORIENTED_EDGE('',*,*,#7389,.T.);
#7389 = EDGE_CURVE('',#7243,#7390,#7392,.T.);
#7390 = VERTEX_POINT('',#7391);
#7391 = CARTESIAN_POINT('',(439.55,118.62,-27.885));
#7392 = LINE('',#7393,#7394);
#7393 = CARTESIAN_POINT('',(439.55,118.62,-31.116));
#7394 = VECTOR('',#7395,1.);
#7395 = DIRECTION('',(0.,0.,1.));
#7396 = ORIENTED_EDGE('',*,*,#7397,.T.);
#7397 = EDGE_CURVE('',#7390,#7398,#7400,.T.);
#7398 = VERTEX_POINT('',#7399);
#7399 = CARTESIAN_POINT('',(437.55,118.62,-27.885));
#7400 = LINE('',#7401,#7402);
#7401 = CARTESIAN_POINT('',(439.55,118.62,-27.885));
#7402 = VECTOR('',#7403,1.);
#7403 = DIRECTION('',(-1.,0.,0.));
#7404 = ORIENTED_EDGE('',*,*,#7405,.F.);
#7405 = EDGE_CURVE('',#7245,#7398,#7406,.T.);
#7406 = LINE('',#7407,#7408);
#7407 = CARTESIAN_POINT('',(437.55,118.62,-31.116));
#7408 = VECTOR('',#7409,1.);
#7409 = DIRECTION('',(0.,0.,1.));
#7410 = PLANE('',#7411);
#7411 = AXIS2_PLACEMENT_3D('',#7412,#7413,#7414);
#7412 = CARTESIAN_POINT('',(439.55,118.62,-31.116));
#7413 = DIRECTION('',(0.,-1.,0.));
#7414 = DIRECTION('',(0.,0.,1.));
#7415 = ADVANCED_FACE('',(#7416),#7434,.F.);
#7416 = FACE_BOUND('',#7417,.F.);
#7417 = EDGE_LOOP('',(#7418,#7419,#7420,#7428));
#7418 = ORIENTED_EDGE('',*,*,#7389,.F.);
#7419 = ORIENTED_EDGE('',*,*,#7252,.T.);
#7420 = ORIENTED_EDGE('',*,*,#7421,.T.);
#7421 = EDGE_CURVE('',#7253,#7422,#7424,.T.);
#7422 = VERTEX_POINT('',#7423);
#7423 = CARTESIAN_POINT('',(439.55,88.62,-27.885));
#7424 = LINE('',#7425,#7426);
#7425 = CARTESIAN_POINT('',(439.55,88.62,-31.116));
#7426 = VECTOR('',#7427,1.);
#7427 = DIRECTION('',(0.,0.,1.));
#7428 = ORIENTED_EDGE('',*,*,#7429,.F.);
#7429 = EDGE_CURVE('',#7390,#7422,#7430,.T.);
#7430 = LINE('',#7431,#7432);
#7431 = CARTESIAN_POINT('',(439.55,118.62,-27.885));
#7432 = VECTOR('',#7433,1.);
#7433 = DIRECTION('',(0.,-1.,0.));
#7434 = PLANE('',#7435);
#7435 = AXIS2_PLACEMENT_3D('',#7436,#7437,#7438);
#7436 = CARTESIAN_POINT('',(439.55,118.62,-31.116));
#7437 = DIRECTION('',(-1.,0.,0.));
#7438 = DIRECTION('',(0.,0.,1.));
#7439 = ADVANCED_FACE('',(#7440),#7458,.T.);
#7440 = FACE_BOUND('',#7441,.T.);
#7441 = EDGE_LOOP('',(#7442,#7443,#7444,#7452));
#7442 = ORIENTED_EDGE('',*,*,#7405,.F.);
#7443 = ORIENTED_EDGE('',*,*,#7268,.T.);
#7444 = ORIENTED_EDGE('',*,*,#7445,.T.);
#7445 = EDGE_CURVE('',#7261,#7446,#7448,.T.);
#7446 = VERTEX_POINT('',#7447);
#7447 = CARTESIAN_POINT('',(437.55,88.62,-27.885));
#7448 = LINE('',#7449,#7450);
#7449 = CARTESIAN_POINT('',(437.55,88.62,-31.116));
#7450 = VECTOR('',#7451,1.);
#7451 = DIRECTION('',(0.,0.,1.));
#7452 = ORIENTED_EDGE('',*,*,#7453,.F.);
#7453 = EDGE_CURVE('',#7398,#7446,#7454,.T.);
#7454 = LINE('',#7455,#7456);
#7455 = CARTESIAN_POINT('',(437.55,118.62,-27.885));
#7456 = VECTOR('',#7457,1.);
#7457 = DIRECTION('',(0.,-1.,0.));
#7458 = PLANE('',#7459);
#7459 = AXIS2_PLACEMENT_3D('',#7460,#7461,#7462);
#7460 = CARTESIAN_POINT('',(437.55,118.62,-31.116));
#7461 = DIRECTION('',(-1.,0.,0.));
#7462 = DIRECTION('',(0.,0.,1.));
#7463 = ADVANCED_FACE('',(#7464),#7475,.T.);
#7464 = FACE_BOUND('',#7465,.T.);
#7465 = EDGE_LOOP('',(#7466,#7467,#7468,#7474));
#7466 = ORIENTED_EDGE('',*,*,#7260,.F.);
#7467 = ORIENTED_EDGE('',*,*,#7421,.T.);
#7468 = ORIENTED_EDGE('',*,*,#7469,.T.);
#7469 = EDGE_CURVE('',#7422,#7446,#7470,.T.);
#7470 = LINE('',#7471,#7472);
#7471 = CARTESIAN_POINT('',(439.55,88.62,-27.885));
#7472 = VECTOR('',#7473,1.);
#7473 = DIRECTION('',(-1.,0.,0.));
#7474 = ORIENTED_EDGE('',*,*,#7445,.F.);
#7475 = PLANE('',#7476);
#7476 = AXIS2_PLACEMENT_3D('',#7477,#7478,#7479);
#7477 = CARTESIAN_POINT('',(439.55,88.62,-31.116));
#7478 = DIRECTION('',(0.,-1.,0.));
#7479 = DIRECTION('',(0.,0.,1.));
#7480 = ADVANCED_FACE('',(#7481),#7487,.T.);
#7481 = FACE_BOUND('',#7482,.T.);
#7482 = EDGE_LOOP('',(#7483,#7484,#7485,#7486));
#7483 = ORIENTED_EDGE('',*,*,#7429,.F.);
#7484 = ORIENTED_EDGE('',*,*,#7397,.T.);
#7485 = ORIENTED_EDGE('',*,*,#7453,.T.);
#7486 = ORIENTED_EDGE('',*,*,#7469,.F.);
#7487 = PLANE('',#7488);
#7488 = AXIS2_PLACEMENT_3D('',#7489,#7490,#7491);
#7489 = CARTESIAN_POINT('',(439.55,118.62,-27.885));
#7490 = DIRECTION('',(0.,0.,1.));
#7491 = DIRECTION('',(-1.,0.,0.));
#7492 = ADVANCED_FACE('',(#7493),#7519,.F.);
#7493 = FACE_BOUND('',#7494,.F.);
#7494 = EDGE_LOOP('',(#7495,#7503,#7512,#7518));
#7495 = ORIENTED_EDGE('',*,*,#7496,.F.);
#7496 = EDGE_CURVE('',#7497,#1526,#7499,.T.);
#7497 = VERTEX_POINT('',#7498);
#7498 = CARTESIAN_POINT('',(440.39869959259,343.08571731567,-24.385));
#7499 = LINE('',#7500,#7501);
#7500 = CARTESIAN_POINT('',(440.39869959259,343.08571731567,
    -37.75071645736));
#7501 = VECTOR('',#7502,1.);
#7502 = DIRECTION('',(0.,0.,1.));
#7503 = ORIENTED_EDGE('',*,*,#7504,.T.);
#7504 = EDGE_CURVE('',#7497,#7505,#7507,.T.);
#7505 = VERTEX_POINT('',#7506);
#7506 = CARTESIAN_POINT('',(437.22947255749,340.08571731567,-24.385));
#7507 = CIRCLE('',#7508,3.174);
#7508 = AXIS2_PLACEMENT_3D('',#7509,#7510,#7511);
#7509 = CARTESIAN_POINT('',(440.39869959259,339.91171731567,-24.385));
#7510 = DIRECTION('',(0.,-0.,1.));
#7511 = DIRECTION('',(0.,1.,0.));
#7512 = ORIENTED_EDGE('',*,*,#7513,.T.);
#7513 = EDGE_CURVE('',#7505,#1528,#7514,.T.);
#7514 = LINE('',#7515,#7516);
#7515 = CARTESIAN_POINT('',(437.22947255749,340.08571731567,
    -37.75071645736));
#7516 = VECTOR('',#7517,1.);
#7517 = DIRECTION('',(0.,0.,1.));
#7518 = ORIENTED_EDGE('',*,*,#1525,.F.);
#7519 = CYLINDRICAL_SURFACE('',#7520,3.174);
#7520 = AXIS2_PLACEMENT_3D('',#7521,#7522,#7523);
#7521 = CARTESIAN_POINT('',(440.39869959259,339.91171731567,
    -37.75071645736));
#7522 = DIRECTION('',(0.,0.,1.));
#7523 = DIRECTION('',(0.,1.,0.));
#7524 = ADVANCED_FACE('',(#7525),#7591,.F.);
#7525 = FACE_BOUND('',#7526,.F.);
#7526 = EDGE_LOOP('',(#7527,#7535,#7536,#7537,#7545,#7553,#7561,#7569,
    #7577,#7585));
#7527 = ORIENTED_EDGE('',*,*,#7528,.F.);
#7528 = EDGE_CURVE('',#7497,#7529,#7531,.T.);
#7529 = VERTEX_POINT('',#7530);
#7530 = CARTESIAN_POINT('',(437.22469959259,343.08571731567,-24.385));
#7531 = LINE('',#7532,#7533);
#7532 = CARTESIAN_POINT('',(471.57894973754,343.08571731567,-24.385));
#7533 = VECTOR('',#7534,1.);
#7534 = DIRECTION('',(-1.,0.,0.));
#7535 = ORIENTED_EDGE('',*,*,#7496,.T.);
#7536 = ORIENTED_EDGE('',*,*,#1536,.F.);
#7537 = ORIENTED_EDGE('',*,*,#7538,.F.);
#7538 = EDGE_CURVE('',#7539,#1537,#7541,.T.);
#7539 = VERTEX_POINT('',#7540);
#7540 = CARTESIAN_POINT('',(468.40494973754,343.08571731567,-24.385));
#7541 = LINE('',#7542,#7543);
#7542 = CARTESIAN_POINT('',(468.40494973754,343.08571731567,
    -37.75071645736));
#7543 = VECTOR('',#7544,1.);
#7544 = DIRECTION('',(0.,0.,1.));
#7545 = ORIENTED_EDGE('',*,*,#7546,.F.);
#7546 = EDGE_CURVE('',#7547,#7539,#7549,.T.);
#7547 = VERTEX_POINT('',#7548);
#7548 = CARTESIAN_POINT('',(471.57894973754,343.08571731567,-24.385));
#7549 = LINE('',#7550,#7551);
#7550 = CARTESIAN_POINT('',(471.57894973754,343.08571731567,-24.385));
#7551 = VECTOR('',#7552,1.);
#7552 = DIRECTION('',(-1.,0.,0.));
#7553 = ORIENTED_EDGE('',*,*,#7554,.F.);
#7554 = EDGE_CURVE('',#7555,#7547,#7557,.T.);
#7555 = VERTEX_POINT('',#7556);
#7556 = CARTESIAN_POINT('',(471.57894973754,343.08571731567,-38.1));
#7557 = LINE('',#7558,#7559);
#7558 = CARTESIAN_POINT('',(471.57894973754,343.08571731567,-124.385));
#7559 = VECTOR('',#7560,1.);
#7560 = DIRECTION('',(0.,0.,1.));
#7561 = ORIENTED_EDGE('',*,*,#7562,.T.);
#7562 = EDGE_CURVE('',#7555,#7563,#7565,.T.);
#7563 = VERTEX_POINT('',#7564);
#7564 = CARTESIAN_POINT('',(451.57894973754,343.08571731567,-38.1));
#7565 = LINE('',#7566,#7567);
#7566 = CARTESIAN_POINT('',(228.55461924609,343.08571731567,-38.1));
#7567 = VECTOR('',#7568,1.);
#7568 = DIRECTION('',(-1.,0.,0.));
#7569 = ORIENTED_EDGE('',*,*,#7570,.T.);
#7570 = EDGE_CURVE('',#7563,#7571,#7573,.T.);
#7571 = VERTEX_POINT('',#7572);
#7572 = CARTESIAN_POINT('',(451.57894973754,343.08571731567,-31.116));
#7573 = LINE('',#7574,#7575);
#7574 = CARTESIAN_POINT('',(451.57894973754,343.08571731567,-38.1));
#7575 = VECTOR('',#7576,1.);
#7576 = DIRECTION('',(0.,0.,1.));
#7577 = ORIENTED_EDGE('',*,*,#7578,.T.);
#7578 = EDGE_CURVE('',#7571,#7579,#7581,.T.);
#7579 = VERTEX_POINT('',#7580);
#7580 = CARTESIAN_POINT('',(437.22469959259,343.08571731567,-31.116));
#7581 = LINE('',#7582,#7583);
#7582 = CARTESIAN_POINT('',(451.57894973754,343.08571731567,-31.116));
#7583 = VECTOR('',#7584,1.);
#7584 = DIRECTION('',(-1.,0.,0.));
#7585 = ORIENTED_EDGE('',*,*,#7586,.T.);
#7586 = EDGE_CURVE('',#7579,#7529,#7587,.T.);
#7587 = LINE('',#7588,#7589);
#7588 = CARTESIAN_POINT('',(437.22469959259,343.08571731567,-124.385));
#7589 = VECTOR('',#7590,1.);
#7590 = DIRECTION('',(0.,0.,1.));
#7591 = PLANE('',#7592);
#7592 = AXIS2_PLACEMENT_3D('',#7593,#7594,#7595);
#7593 = CARTESIAN_POINT('',(453.93423849219,343.08571731567,
    -48.63445053948));
#7594 = DIRECTION('',(0.,1.,-0.));
#7595 = DIRECTION('',(0.,0.,-1.));
#7596 = ADVANCED_FACE('',(#7597),#7647,.T.);
#7597 = FACE_BOUND('',#7598,.T.);
#7598 = EDGE_LOOP('',(#7599,#7609,#7617,#7625,#7633,#7639,#7640,#7641));
#7599 = ORIENTED_EDGE('',*,*,#7600,.F.);
#7600 = EDGE_CURVE('',#7601,#7603,#7605,.T.);
#7601 = VERTEX_POINT('',#7602);
#7602 = CARTESIAN_POINT('',(437.2,340.08571731567,-32.15071645736));
#7603 = VERTEX_POINT('',#7604);
#7604 = CARTESIAN_POINT('',(412.59869959259,340.08571731567,
    -32.15071645736));
#7605 = LINE('',#7606,#7607);
#7606 = CARTESIAN_POINT('',(451.57894973754,340.08571731567,
    -32.15071645736));
#7607 = VECTOR('',#7608,1.);
#7608 = DIRECTION('',(-1.,0.,0.));
#7609 = ORIENTED_EDGE('',*,*,#7610,.F.);
#7610 = EDGE_CURVE('',#7611,#7601,#7613,.T.);
#7611 = VERTEX_POINT('',#7612);
#7612 = CARTESIAN_POINT('',(437.2,340.08571731567,-31.116));
#7613 = LINE('',#7614,#7615);
#7614 = CARTESIAN_POINT('',(437.2,340.08571731567,-35.12535822868));
#7615 = VECTOR('',#7616,1.);
#7616 = DIRECTION('',(0.,-0.,-1.));
#7617 = ORIENTED_EDGE('',*,*,#7618,.F.);
#7618 = EDGE_CURVE('',#7619,#7611,#7621,.T.);
#7619 = VERTEX_POINT('',#7620);
#7620 = CARTESIAN_POINT('',(437.22469959259,340.08571731567,-31.116));
#7621 = LINE('',#7622,#7623);
#7622 = CARTESIAN_POINT('',(451.57894973754,340.08571731567,-31.116));
#7623 = VECTOR('',#7624,1.);
#7624 = DIRECTION('',(-1.,0.,0.));
#7625 = ORIENTED_EDGE('',*,*,#7626,.T.);
#7626 = EDGE_CURVE('',#7619,#7627,#7629,.T.);
#7627 = VERTEX_POINT('',#7628);
#7628 = CARTESIAN_POINT('',(437.22469959259,340.08571731567,-24.385));
#7629 = LINE('',#7630,#7631);
#7630 = CARTESIAN_POINT('',(437.22469959259,340.08571731567,
    -78.26785822868));
#7631 = VECTOR('',#7632,1.);
#7632 = DIRECTION('',(0.,0.,1.));
#7633 = ORIENTED_EDGE('',*,*,#7634,.T.);
#7634 = EDGE_CURVE('',#7627,#7505,#7635,.T.);
#7635 = LINE('',#7636,#7637);
#7636 = CARTESIAN_POINT('',(461.57894973754,340.08571731567,-24.385));
#7637 = VECTOR('',#7638,1.);
#7638 = DIRECTION('',(1.,0.,0.));
#7639 = ORIENTED_EDGE('',*,*,#7513,.T.);
#7640 = ORIENTED_EDGE('',*,*,#1629,.F.);
#7641 = ORIENTED_EDGE('',*,*,#7642,.F.);
#7642 = EDGE_CURVE('',#7603,#1621,#7643,.T.);
#7643 = LINE('',#7644,#7645);
#7644 = CARTESIAN_POINT('',(412.59869959259,340.08571731567,
    -32.15071645736));
#7645 = VECTOR('',#7646,1.);
#7646 = DIRECTION('',(0.,0.,1.));
#7647 = PLANE('',#7648);
#7648 = AXIS2_PLACEMENT_3D('',#7649,#7650,#7651);
#7649 = CARTESIAN_POINT('',(451.57894973754,340.08571731567,
    -32.15071645736));
#7650 = DIRECTION('',(0.,-1.,0.));
#7651 = DIRECTION('',(0.,0.,1.));
#7652 = ADVANCED_FACE('',(#7653),#7672,.F.);
#7653 = FACE_BOUND('',#7654,.F.);
#7654 = EDGE_LOOP('',(#7655,#7663,#7670,#7671));
#7655 = ORIENTED_EDGE('',*,*,#7656,.F.);
#7656 = EDGE_CURVE('',#7657,#1545,#7659,.T.);
#7657 = VERTEX_POINT('',#7658);
#7658 = CARTESIAN_POINT('',(471.57894973754,339.91171731567,-24.385));
#7659 = LINE('',#7660,#7661);
#7660 = CARTESIAN_POINT('',(471.57894973754,339.91171731567,
    -37.75071645736));
#7661 = VECTOR('',#7662,1.);
#7662 = DIRECTION('',(0.,0.,1.));
#7663 = ORIENTED_EDGE('',*,*,#7664,.T.);
#7664 = EDGE_CURVE('',#7657,#7539,#7665,.T.);
#7665 = CIRCLE('',#7666,3.174);
#7666 = AXIS2_PLACEMENT_3D('',#7667,#7668,#7669);
#7667 = CARTESIAN_POINT('',(468.40494973754,339.91171731567,-24.385));
#7668 = DIRECTION('',(0.,0.,1.));
#7669 = DIRECTION('',(1.,0.,0.));
#7670 = ORIENTED_EDGE('',*,*,#7538,.T.);
#7671 = ORIENTED_EDGE('',*,*,#1544,.F.);
#7672 = CYLINDRICAL_SURFACE('',#7673,3.174);
#7673 = AXIS2_PLACEMENT_3D('',#7674,#7675,#7676);
#7674 = CARTESIAN_POINT('',(468.40494973754,339.91171731567,
    -37.75071645736));
#7675 = DIRECTION('',(0.,0.,1.));
#7676 = DIRECTION('',(1.,0.,0.));
#7677 = ADVANCED_FACE('',(#7678),#7697,.F.);
#7678 = FACE_BOUND('',#7679,.F.);
#7679 = EDGE_LOOP('',(#7680,#7681,#7690,#7696));
#7680 = ORIENTED_EDGE('',*,*,#7642,.F.);
#7681 = ORIENTED_EDGE('',*,*,#7682,.T.);
#7682 = EDGE_CURVE('',#7603,#7683,#7685,.T.);
#7683 = VERTEX_POINT('',#7684);
#7684 = CARTESIAN_POINT('',(409.42469959259,336.91171731567,
    -32.15071645736));
#7685 = CIRCLE('',#7686,3.174);
#7686 = AXIS2_PLACEMENT_3D('',#7687,#7688,#7689);
#7687 = CARTESIAN_POINT('',(412.59869959259,336.91171731567,
    -32.15071645736));
#7688 = DIRECTION('',(0.,-0.,1.));
#7689 = DIRECTION('',(0.,1.,0.));
#7690 = ORIENTED_EDGE('',*,*,#7691,.T.);
#7691 = EDGE_CURVE('',#7683,#1613,#7692,.T.);
#7692 = LINE('',#7693,#7694);
#7693 = CARTESIAN_POINT('',(409.42469959259,336.91171731567,
    -32.15071645736));
#7694 = VECTOR('',#7695,1.);
#7695 = DIRECTION('',(0.,0.,1.));
#7696 = ORIENTED_EDGE('',*,*,#1620,.F.);
#7697 = CYLINDRICAL_SURFACE('',#7698,3.174);
#7698 = AXIS2_PLACEMENT_3D('',#7699,#7700,#7701);
#7699 = CARTESIAN_POINT('',(412.59869959259,336.91171731567,
    -32.15071645736));
#7700 = DIRECTION('',(0.,0.,1.));
#7701 = DIRECTION('',(0.,1.,0.));
#7702 = ADVANCED_FACE('',(#7703),#7744,.F.);
#7703 = FACE_BOUND('',#7704,.F.);
#7704 = EDGE_LOOP('',(#7705,#7713,#7721,#7729,#7735,#7736,#7742,#7743));
#7705 = ORIENTED_EDGE('',*,*,#7706,.F.);
#7706 = EDGE_CURVE('',#7707,#1554,#7709,.T.);
#7707 = VERTEX_POINT('',#7708);
#7708 = CARTESIAN_POINT('',(471.57894973754,319.81588491821,-24.385));
#7709 = LINE('',#7710,#7711);
#7710 = CARTESIAN_POINT('',(471.57894973754,319.81588491821,
    -37.75071645736));
#7711 = VECTOR('',#7712,1.);
#7712 = DIRECTION('',(0.,0.,1.));
#7713 = ORIENTED_EDGE('',*,*,#7714,.T.);
#7714 = EDGE_CURVE('',#7707,#7715,#7717,.T.);
#7715 = VERTEX_POINT('',#7716);
#7716 = CARTESIAN_POINT('',(471.57894973754,316.64188491821,-24.385));
#7717 = LINE('',#7718,#7719);
#7718 = CARTESIAN_POINT('',(471.57894973754,343.08571731567,-24.385));
#7719 = VECTOR('',#7720,1.);
#7720 = DIRECTION('',(0.,-1.,0.));
#7721 = ORIENTED_EDGE('',*,*,#7722,.F.);
#7722 = EDGE_CURVE('',#7723,#7715,#7725,.T.);
#7723 = VERTEX_POINT('',#7724);
#7724 = CARTESIAN_POINT('',(471.57894973754,316.64188491821,-38.1));
#7725 = LINE('',#7726,#7727);
#7726 = CARTESIAN_POINT('',(471.57894973754,316.64188491821,-124.385));
#7727 = VECTOR('',#7728,1.);
#7728 = DIRECTION('',(0.,0.,1.));
#7729 = ORIENTED_EDGE('',*,*,#7730,.T.);
#7730 = EDGE_CURVE('',#7723,#7555,#7731,.T.);
#7731 = LINE('',#7732,#7733);
#7732 = CARTESIAN_POINT('',(471.57894973754,166.51940055847,-38.1));
#7733 = VECTOR('',#7734,1.);
#7734 = DIRECTION('',(0.,1.,0.));
#7735 = ORIENTED_EDGE('',*,*,#7554,.T.);
#7736 = ORIENTED_EDGE('',*,*,#7737,.T.);
#7737 = EDGE_CURVE('',#7547,#7657,#7738,.T.);
#7738 = LINE('',#7739,#7740);
#7739 = CARTESIAN_POINT('',(471.57894973754,343.08571731567,-24.385));
#7740 = VECTOR('',#7741,1.);
#7741 = DIRECTION('',(0.,-1.,0.));
#7742 = ORIENTED_EDGE('',*,*,#7656,.T.);
#7743 = ORIENTED_EDGE('',*,*,#1553,.F.);
#7744 = PLANE('',#7745);
#7745 = AXIS2_PLACEMENT_3D('',#7746,#7747,#7748);
#7746 = CARTESIAN_POINT('',(471.57894973754,329.86380111694,
    -49.75919144937));
#7747 = DIRECTION('',(1.,0.,-0.));
#7748 = DIRECTION('',(0.,0.,-1.));
#7749 = ADVANCED_FACE('',(#7750),#7768,.F.);
#7750 = FACE_BOUND('',#7751,.F.);
#7751 = EDGE_LOOP('',(#7752,#7760,#7766,#7767));
#7752 = ORIENTED_EDGE('',*,*,#7753,.T.);
#7753 = EDGE_CURVE('',#7683,#7754,#7756,.T.);
#7754 = VERTEX_POINT('',#7755);
#7755 = CARTESIAN_POINT('',(409.42469959259,284.81588491821,
    -32.15071645736));
#7756 = LINE('',#7757,#7758);
#7757 = CARTESIAN_POINT('',(409.42469959259,340.08571731567,
    -32.15071645736));
#7758 = VECTOR('',#7759,1.);
#7759 = DIRECTION('',(0.,-1.,0.));
#7760 = ORIENTED_EDGE('',*,*,#7761,.T.);
#7761 = EDGE_CURVE('',#7754,#1604,#7762,.T.);
#7762 = LINE('',#7763,#7764);
#7763 = CARTESIAN_POINT('',(409.42469959259,284.81588491821,
    -32.15071645736));
#7764 = VECTOR('',#7765,1.);
#7765 = DIRECTION('',(0.,0.,1.));
#7766 = ORIENTED_EDGE('',*,*,#1612,.F.);
#7767 = ORIENTED_EDGE('',*,*,#7691,.F.);
#7768 = PLANE('',#7769);
#7769 = AXIS2_PLACEMENT_3D('',#7770,#7771,#7772);
#7770 = CARTESIAN_POINT('',(409.42469959259,340.08571731567,
    -32.15071645736));
#7771 = DIRECTION('',(-1.,0.,0.));
#7772 = DIRECTION('',(0.,0.,1.));
#7773 = ADVANCED_FACE('',(#7774),#7793,.F.);
#7774 = FACE_BOUND('',#7775,.T.);
#7775 = EDGE_LOOP('',(#7776,#7777,#7786,#7792));
#7776 = ORIENTED_EDGE('',*,*,#7706,.F.);
#7777 = ORIENTED_EDGE('',*,*,#7778,.F.);
#7778 = EDGE_CURVE('',#7779,#7707,#7781,.T.);
#7779 = VERTEX_POINT('',#7780);
#7780 = CARTESIAN_POINT('',(468.40494973754,316.64188491821,-24.385));
#7781 = CIRCLE('',#7782,3.174);
#7782 = AXIS2_PLACEMENT_3D('',#7783,#7784,#7785);
#7783 = CARTESIAN_POINT('',(468.40494973754,319.81588491821,-24.385));
#7784 = DIRECTION('',(0.,0.,1.));
#7785 = DIRECTION('',(1.,0.,0.));
#7786 = ORIENTED_EDGE('',*,*,#7787,.T.);
#7787 = EDGE_CURVE('',#7779,#1562,#7788,.T.);
#7788 = LINE('',#7789,#7790);
#7789 = CARTESIAN_POINT('',(468.40494973754,316.64188491821,
    -37.75071645736));
#7790 = VECTOR('',#7791,1.);
#7791 = DIRECTION('',(0.,0.,1.));
#7792 = ORIENTED_EDGE('',*,*,#1561,.T.);
#7793 = CYLINDRICAL_SURFACE('',#7794,3.174);
#7794 = AXIS2_PLACEMENT_3D('',#7795,#7796,#7797);
#7795 = CARTESIAN_POINT('',(468.40494973754,319.81588491821,
    -37.75071645736));
#7796 = DIRECTION('',(0.,0.,1.));
#7797 = DIRECTION('',(1.,0.,0.));
#7798 = ADVANCED_FACE('',(#7799),#7818,.F.);
#7799 = FACE_BOUND('',#7800,.F.);
#7800 = EDGE_LOOP('',(#7801,#7802,#7811,#7817));
#7801 = ORIENTED_EDGE('',*,*,#7761,.F.);
#7802 = ORIENTED_EDGE('',*,*,#7803,.T.);
#7803 = EDGE_CURVE('',#7754,#7804,#7806,.T.);
#7804 = VERTEX_POINT('',#7805);
#7805 = CARTESIAN_POINT('',(412.59869959259,281.64188491821,
    -32.15071645736));
#7806 = CIRCLE('',#7807,3.174);
#7807 = AXIS2_PLACEMENT_3D('',#7808,#7809,#7810);
#7808 = CARTESIAN_POINT('',(412.59869959259,284.81588491821,
    -32.15071645736));
#7809 = DIRECTION('',(0.,-0.,1.));
#7810 = DIRECTION('',(0.,1.,0.));
#7811 = ORIENTED_EDGE('',*,*,#7812,.T.);
#7812 = EDGE_CURVE('',#7804,#1596,#7813,.T.);
#7813 = LINE('',#7814,#7815);
#7814 = CARTESIAN_POINT('',(412.59869959259,281.64188491821,
    -32.15071645736));
#7815 = VECTOR('',#7816,1.);
#7816 = DIRECTION('',(0.,0.,1.));
#7817 = ORIENTED_EDGE('',*,*,#1603,.F.);
#7818 = CYLINDRICAL_SURFACE('',#7819,3.174);
#7819 = AXIS2_PLACEMENT_3D('',#7820,#7821,#7822);
#7820 = CARTESIAN_POINT('',(412.59869959259,284.81588491821,
    -32.15071645736));
#7821 = DIRECTION('',(0.,0.,1.));
#7822 = DIRECTION('',(-1.,0.,0.));
#7823 = ADVANCED_FACE('',(#7824),#7857,.F.);
#7824 = FACE_BOUND('',#7825,.F.);
#7825 = EDGE_LOOP('',(#7826,#7827,#7835,#7843,#7849,#7850,#7856));
#7826 = ORIENTED_EDGE('',*,*,#1570,.F.);
#7827 = ORIENTED_EDGE('',*,*,#7828,.T.);
#7828 = EDGE_CURVE('',#1571,#7829,#7831,.T.);
#7829 = VERTEX_POINT('',#7830);
#7830 = CARTESIAN_POINT('',(451.57894973754,316.64188491821,-31.116));
#7831 = LINE('',#7832,#7833);
#7832 = CARTESIAN_POINT('',(451.57894973754,316.64188491821,
    -34.95071645736));
#7833 = VECTOR('',#7834,1.);
#7834 = DIRECTION('',(0.,0.,-1.));
#7835 = ORIENTED_EDGE('',*,*,#7836,.T.);
#7836 = EDGE_CURVE('',#7829,#7837,#7839,.T.);
#7837 = VERTEX_POINT('',#7838);
#7838 = CARTESIAN_POINT('',(451.57894973754,316.64188491821,-38.1));
#7839 = LINE('',#7840,#7841);
#7840 = CARTESIAN_POINT('',(451.57894973754,316.64188491821,-81.2425));
#7841 = VECTOR('',#7842,1.);
#7842 = DIRECTION('',(0.,-0.,-1.));
#7843 = ORIENTED_EDGE('',*,*,#7844,.T.);
#7844 = EDGE_CURVE('',#7837,#7723,#7845,.T.);
#7845 = LINE('',#7846,#7847);
#7846 = CARTESIAN_POINT('',(229.44037237224,316.64188491821,-38.1));
#7847 = VECTOR('',#7848,1.);
#7848 = DIRECTION('',(1.,0.,0.));
#7849 = ORIENTED_EDGE('',*,*,#7722,.T.);
#7850 = ORIENTED_EDGE('',*,*,#7851,.T.);
#7851 = EDGE_CURVE('',#7715,#7779,#7852,.T.);
#7852 = LINE('',#7853,#7854);
#7853 = CARTESIAN_POINT('',(471.57894973754,316.64188491821,-24.385));
#7854 = VECTOR('',#7855,1.);
#7855 = DIRECTION('',(-1.,0.,0.));
#7856 = ORIENTED_EDGE('',*,*,#7787,.T.);
#7857 = PLANE('',#7858);
#7858 = AXIS2_PLACEMENT_3D('',#7859,#7860,#7861);
#7859 = CARTESIAN_POINT('',(455.70574474448,316.64188491821,
    -47.49854283609));
#7860 = DIRECTION('',(0.,-1.,0.));
#7861 = DIRECTION('',(0.,0.,1.));
#7862 = ADVANCED_FACE('',(#7863),#7897,.F.);
#7863 = FACE_BOUND('',#7864,.F.);
#7864 = EDGE_LOOP('',(#7865,#7873,#7881,#7889,#7895,#7896));
#7865 = ORIENTED_EDGE('',*,*,#7866,.F.);
#7866 = EDGE_CURVE('',#7867,#7804,#7869,.T.);
#7867 = VERTEX_POINT('',#7868);
#7868 = CARTESIAN_POINT('',(437.2,281.64188491821,-32.15071645736));
#7869 = LINE('',#7870,#7871);
#7870 = CARTESIAN_POINT('',(451.57894973754,281.64188491821,
    -32.15071645736));
#7871 = VECTOR('',#7872,1.);
#7872 = DIRECTION('',(-1.,0.,0.));
#7873 = ORIENTED_EDGE('',*,*,#7874,.T.);
#7874 = EDGE_CURVE('',#7867,#7875,#7877,.T.);
#7875 = VERTEX_POINT('',#7876);
#7876 = CARTESIAN_POINT('',(437.2,281.64188491821,-31.116));
#7877 = LINE('',#7878,#7879);
#7878 = CARTESIAN_POINT('',(437.2,281.64188491821,-38.1));
#7879 = VECTOR('',#7880,1.);
#7880 = DIRECTION('',(0.,0.,1.));
#7881 = ORIENTED_EDGE('',*,*,#7882,.F.);
#7882 = EDGE_CURVE('',#7883,#7875,#7885,.T.);
#7883 = VERTEX_POINT('',#7884);
#7884 = CARTESIAN_POINT('',(448.40494973754,281.64188491821,-31.116));
#7885 = LINE('',#7886,#7887);
#7886 = CARTESIAN_POINT('',(451.57894973754,281.64188491821,-31.116));
#7887 = VECTOR('',#7888,1.);
#7888 = DIRECTION('',(-1.,0.,0.));
#7889 = ORIENTED_EDGE('',*,*,#7890,.T.);
#7890 = EDGE_CURVE('',#7883,#1587,#7891,.T.);
#7891 = LINE('',#7892,#7893);
#7892 = CARTESIAN_POINT('',(448.40494973754,281.64188491821,
    -32.15071645736));
#7893 = VECTOR('',#7894,1.);
#7894 = DIRECTION('',(0.,0.,1.));
#7895 = ORIENTED_EDGE('',*,*,#1595,.F.);
#7896 = ORIENTED_EDGE('',*,*,#7812,.F.);
#7897 = PLANE('',#7898);
#7898 = AXIS2_PLACEMENT_3D('',#7899,#7900,#7901);
#7899 = CARTESIAN_POINT('',(451.57894973754,281.64188491821,
    -32.15071645736));
#7900 = DIRECTION('',(0.,-1.,0.));
#7901 = DIRECTION('',(0.,0.,1.));
#7902 = ADVANCED_FACE('',(#7903),#7921,.T.);
#7903 = FACE_BOUND('',#7904,.T.);
#7904 = EDGE_LOOP('',(#7905,#7906,#7907,#7915));
#7905 = ORIENTED_EDGE('',*,*,#1578,.F.);
#7906 = ORIENTED_EDGE('',*,*,#7828,.T.);
#7907 = ORIENTED_EDGE('',*,*,#7908,.T.);
#7908 = EDGE_CURVE('',#7829,#7909,#7911,.T.);
#7909 = VERTEX_POINT('',#7910);
#7910 = CARTESIAN_POINT('',(451.57894973754,284.81588491821,-31.116));
#7911 = LINE('',#7912,#7913);
#7912 = CARTESIAN_POINT('',(451.57894973754,343.08571731567,-31.116));
#7913 = VECTOR('',#7914,1.);
#7914 = DIRECTION('',(0.,-1.,0.));
#7915 = ORIENTED_EDGE('',*,*,#7916,.T.);
#7916 = EDGE_CURVE('',#7909,#1579,#7917,.T.);
#7917 = LINE('',#7918,#7919);
#7918 = CARTESIAN_POINT('',(451.57894973754,284.81588491821,
    -32.15071645736));
#7919 = VECTOR('',#7920,1.);
#7920 = DIRECTION('',(0.,0.,1.));
#7921 = PLANE('',#7922);
#7922 = AXIS2_PLACEMENT_3D('',#7923,#7924,#7925);
#7923 = CARTESIAN_POINT('',(451.57894973754,340.08571731567,
    -32.15071645736));
#7924 = DIRECTION('',(-1.,0.,0.));
#7925 = DIRECTION('',(0.,0.,1.));
#7926 = ADVANCED_FACE('',(#7927),#7939,.F.);
#7927 = FACE_BOUND('',#7928,.T.);
#7928 = EDGE_LOOP('',(#7929,#7930,#7937,#7938));
#7929 = ORIENTED_EDGE('',*,*,#7916,.F.);
#7930 = ORIENTED_EDGE('',*,*,#7931,.F.);
#7931 = EDGE_CURVE('',#7883,#7909,#7932,.T.);
#7932 = CIRCLE('',#7933,3.174);
#7933 = AXIS2_PLACEMENT_3D('',#7934,#7935,#7936);
#7934 = CARTESIAN_POINT('',(448.40494973754,284.81588491821,-31.116));
#7935 = DIRECTION('',(0.,0.,1.));
#7936 = DIRECTION('',(1.,0.,0.));
#7937 = ORIENTED_EDGE('',*,*,#7890,.T.);
#7938 = ORIENTED_EDGE('',*,*,#1586,.T.);
#7939 = CYLINDRICAL_SURFACE('',#7940,3.174);
#7940 = AXIS2_PLACEMENT_3D('',#7941,#7942,#7943);
#7941 = CARTESIAN_POINT('',(448.40494973754,284.81588491821,
    -32.15071645736));
#7942 = DIRECTION('',(0.,0.,1.));
#7943 = DIRECTION('',(1.,0.,0.));
#7944 = ADVANCED_FACE('',(#7945),#7956,.F.);
#7945 = FACE_BOUND('',#7946,.F.);
#7946 = EDGE_LOOP('',(#7947,#7948,#7949,#7955));
#7947 = ORIENTED_EDGE('',*,*,#7504,.F.);
#7948 = ORIENTED_EDGE('',*,*,#7528,.T.);
#7949 = ORIENTED_EDGE('',*,*,#7950,.T.);
#7950 = EDGE_CURVE('',#7529,#7627,#7951,.T.);
#7951 = LINE('',#7952,#7953);
#7952 = CARTESIAN_POINT('',(437.22469959259,343.08571731567,-24.385));
#7953 = VECTOR('',#7954,1.);
#7954 = DIRECTION('',(0.,-1.,0.));
#7955 = ORIENTED_EDGE('',*,*,#7634,.T.);
#7956 = PLANE('',#7957);
#7957 = AXIS2_PLACEMENT_3D('',#7958,#7959,#7960);
#7958 = CARTESIAN_POINT('',(471.57894973754,343.08571731567,-24.385));
#7959 = DIRECTION('',(0.,0.,1.));
#7960 = DIRECTION('',(-1.,0.,0.));
#7961 = ADVANCED_FACE('',(#7962),#7973,.F.);
#7962 = FACE_BOUND('',#7963,.F.);
#7963 = EDGE_LOOP('',(#7964,#7965,#7966,#7972));
#7964 = ORIENTED_EDGE('',*,*,#7950,.F.);
#7965 = ORIENTED_EDGE('',*,*,#7586,.F.);
#7966 = ORIENTED_EDGE('',*,*,#7967,.F.);
#7967 = EDGE_CURVE('',#7619,#7579,#7968,.T.);
#7968 = LINE('',#7969,#7970);
#7969 = CARTESIAN_POINT('',(437.22469959259,343.08571731567,-31.116));
#7970 = VECTOR('',#7971,1.);
#7971 = DIRECTION('',(0.,1.,0.));
#7972 = ORIENTED_EDGE('',*,*,#7626,.T.);
#7973 = PLANE('',#7974);
#7974 = AXIS2_PLACEMENT_3D('',#7975,#7976,#7977);
#7975 = CARTESIAN_POINT('',(437.22469959259,343.08571731567,-124.385));
#7976 = DIRECTION('',(-1.,0.,0.));
#7977 = DIRECTION('',(0.,0.,1.));
#7978 = ADVANCED_FACE('',(#7979,#7999,#8033),#8044,.T.);
#7979 = FACE_BOUND('',#7980,.T.);
#7980 = EDGE_LOOP('',(#7981,#7987,#7988,#7989,#7990,#7996,#7997,#7998));
#7981 = ORIENTED_EDGE('',*,*,#7982,.F.);
#7982 = EDGE_CURVE('',#7571,#7829,#7983,.T.);
#7983 = LINE('',#7984,#7985);
#7984 = CARTESIAN_POINT('',(451.57894973754,343.08571731567,-31.116));
#7985 = VECTOR('',#7986,1.);
#7986 = DIRECTION('',(0.,-1.,0.));
#7987 = ORIENTED_EDGE('',*,*,#7578,.T.);
#7988 = ORIENTED_EDGE('',*,*,#7967,.F.);
#7989 = ORIENTED_EDGE('',*,*,#7618,.T.);
#7990 = ORIENTED_EDGE('',*,*,#7991,.T.);
#7991 = EDGE_CURVE('',#7611,#7875,#7992,.T.);
#7992 = LINE('',#7993,#7994);
#7993 = CARTESIAN_POINT('',(437.2,343.08571731567,-31.116));
#7994 = VECTOR('',#7995,1.);
#7995 = DIRECTION('',(0.,-1.,0.));
#7996 = ORIENTED_EDGE('',*,*,#7882,.F.);
#7997 = ORIENTED_EDGE('',*,*,#7931,.T.);
#7998 = ORIENTED_EDGE('',*,*,#7908,.F.);
#7999 = FACE_BOUND('',#8000,.T.);
#8000 = EDGE_LOOP('',(#8001,#8011,#8019,#8027));
#8001 = ORIENTED_EDGE('',*,*,#8002,.F.);
#8002 = EDGE_CURVE('',#8003,#8005,#8007,.T.);
#8003 = VERTEX_POINT('',#8004);
#8004 = CARTESIAN_POINT('',(449.55,325.62,-31.116));
#8005 = VERTEX_POINT('',#8006);
#8006 = CARTESIAN_POINT('',(447.55,325.62,-31.116));
#8007 = LINE('',#8008,#8009);
#8008 = CARTESIAN_POINT('',(449.55,325.62,-31.116));
#8009 = VECTOR('',#8010,1.);
#8010 = DIRECTION('',(-1.,0.,0.));
#8011 = ORIENTED_EDGE('',*,*,#8012,.T.);
#8012 = EDGE_CURVE('',#8003,#8013,#8015,.T.);
#8013 = VERTEX_POINT('',#8014);
#8014 = CARTESIAN_POINT('',(449.55,295.62,-31.116));
#8015 = LINE('',#8016,#8017);
#8016 = CARTESIAN_POINT('',(449.55,325.62,-31.116));
#8017 = VECTOR('',#8018,1.);
#8018 = DIRECTION('',(0.,-1.,0.));
#8019 = ORIENTED_EDGE('',*,*,#8020,.T.);
#8020 = EDGE_CURVE('',#8013,#8021,#8023,.T.);
#8021 = VERTEX_POINT('',#8022);
#8022 = CARTESIAN_POINT('',(447.55,295.62,-31.116));
#8023 = LINE('',#8024,#8025);
#8024 = CARTESIAN_POINT('',(449.55,295.62,-31.116));
#8025 = VECTOR('',#8026,1.);
#8026 = DIRECTION('',(-1.,0.,0.));
#8027 = ORIENTED_EDGE('',*,*,#8028,.F.);
#8028 = EDGE_CURVE('',#8005,#8021,#8029,.T.);
#8029 = LINE('',#8030,#8031);
#8030 = CARTESIAN_POINT('',(447.55,325.62,-31.116));
#8031 = VECTOR('',#8032,1.);
#8032 = DIRECTION('',(0.,-1.,0.));
#8033 = FACE_BOUND('',#8034,.T.);
#8034 = EDGE_LOOP('',(#8035));
#8035 = ORIENTED_EDGE('',*,*,#8036,.T.);
#8036 = EDGE_CURVE('',#8037,#8037,#8039,.T.);
#8037 = VERTEX_POINT('',#8038);
#8038 = CARTESIAN_POINT('',(444.1272,310.62,-31.116));
#8039 = CIRCLE('',#8040,1.7272);
#8040 = AXIS2_PLACEMENT_3D('',#8041,#8042,#8043);
#8041 = CARTESIAN_POINT('',(442.4,310.62,-31.116));
#8042 = DIRECTION('',(0.,0.,-1.));
#8043 = DIRECTION('',(1.,-0.,0.));
#8044 = PLANE('',#8045);
#8045 = AXIS2_PLACEMENT_3D('',#8046,#8047,#8048);
#8046 = CARTESIAN_POINT('',(451.57894973754,343.08571731567,-31.116));
#8047 = DIRECTION('',(0.,0.,1.));
#8048 = DIRECTION('',(-1.,0.,0.));
#8049 = ADVANCED_FACE('',(#8050),#8069,.F.);
#8050 = FACE_BOUND('',#8051,.F.);
#8051 = EDGE_LOOP('',(#8052,#8053,#8061,#8068));
#8052 = ORIENTED_EDGE('',*,*,#8036,.T.);
#8053 = ORIENTED_EDGE('',*,*,#8054,.T.);
#8054 = EDGE_CURVE('',#8037,#8055,#8057,.T.);
#8055 = VERTEX_POINT('',#8056);
#8056 = CARTESIAN_POINT('',(444.1272,310.62,-38.1));
#8057 = LINE('',#8058,#8059);
#8058 = CARTESIAN_POINT('',(444.1272,310.62,-11.7));
#8059 = VECTOR('',#8060,1.);
#8060 = DIRECTION('',(0.,0.,-1.));
#8061 = ORIENTED_EDGE('',*,*,#8062,.F.);
#8062 = EDGE_CURVE('',#8055,#8055,#8063,.T.);
#8063 = CIRCLE('',#8064,1.7272);
#8064 = AXIS2_PLACEMENT_3D('',#8065,#8066,#8067);
#8065 = CARTESIAN_POINT('',(442.4,310.62,-38.1));
#8066 = DIRECTION('',(0.,0.,-1.));
#8067 = DIRECTION('',(1.,0.,0.));
#8068 = ORIENTED_EDGE('',*,*,#8054,.F.);
#8069 = CYLINDRICAL_SURFACE('',#8070,1.7272);
#8070 = AXIS2_PLACEMENT_3D('',#8071,#8072,#8073);
#8071 = CARTESIAN_POINT('',(442.4,310.62,-11.7));
#8072 = DIRECTION('',(0.,0.,-1.));
#8073 = DIRECTION('',(1.,-0.,0.));
#8074 = ADVANCED_FACE('',(#8075),#8086,.F.);
#8075 = FACE_BOUND('',#8076,.F.);
#8076 = EDGE_LOOP('',(#8077,#8078,#8084,#8085));
#8077 = ORIENTED_EDGE('',*,*,#7570,.F.);
#8078 = ORIENTED_EDGE('',*,*,#8079,.T.);
#8079 = EDGE_CURVE('',#7563,#7837,#8080,.T.);
#8080 = LINE('',#8081,#8082);
#8081 = CARTESIAN_POINT('',(451.57894973754,343.08571731567,-38.1));
#8082 = VECTOR('',#8083,1.);
#8083 = DIRECTION('',(0.,-1.,0.));
#8084 = ORIENTED_EDGE('',*,*,#7836,.F.);
#8085 = ORIENTED_EDGE('',*,*,#7982,.F.);
#8086 = PLANE('',#8087);
#8087 = AXIS2_PLACEMENT_3D('',#8088,#8089,#8090);
#8088 = CARTESIAN_POINT('',(451.57894973754,343.08571731567,-38.1));
#8089 = DIRECTION('',(-1.,0.,0.));
#8090 = DIRECTION('',(0.,0.,1.));
#8091 = ADVANCED_FACE('',(#8092),#8097,.F.);
#8092 = FACE_BOUND('',#8093,.F.);
#8093 = EDGE_LOOP('',(#8094,#8095,#8096));
#8094 = ORIENTED_EDGE('',*,*,#7737,.F.);
#8095 = ORIENTED_EDGE('',*,*,#7546,.T.);
#8096 = ORIENTED_EDGE('',*,*,#7664,.F.);
#8097 = PLANE('',#8098);
#8098 = AXIS2_PLACEMENT_3D('',#8099,#8100,#8101);
#8099 = CARTESIAN_POINT('',(471.57894973754,343.08571731567,-24.385));
#8100 = DIRECTION('',(0.,0.,1.));
#8101 = DIRECTION('',(-1.,0.,0.));
#8102 = ADVANCED_FACE('',(#8103),#8116,.T.);
#8103 = FACE_BOUND('',#8104,.T.);
#8104 = EDGE_LOOP('',(#8105,#8106,#8107,#8108,#8114,#8115));
#8105 = ORIENTED_EDGE('',*,*,#7753,.T.);
#8106 = ORIENTED_EDGE('',*,*,#7803,.T.);
#8107 = ORIENTED_EDGE('',*,*,#7866,.F.);
#8108 = ORIENTED_EDGE('',*,*,#8109,.F.);
#8109 = EDGE_CURVE('',#7601,#7867,#8110,.T.);
#8110 = LINE('',#8111,#8112);
#8111 = CARTESIAN_POINT('',(437.2,341.58571731567,-32.15071645736));
#8112 = VECTOR('',#8113,1.);
#8113 = DIRECTION('',(0.,-1.,0.));
#8114 = ORIENTED_EDGE('',*,*,#7600,.T.);
#8115 = ORIENTED_EDGE('',*,*,#7682,.T.);
#8116 = PLANE('',#8117);
#8117 = AXIS2_PLACEMENT_3D('',#8118,#8119,#8120);
#8118 = CARTESIAN_POINT('',(451.57894973754,340.08571731567,
    -32.15071645736));
#8119 = DIRECTION('',(0.,0.,1.));
#8120 = DIRECTION('',(-1.,0.,0.));
#8121 = ADVANCED_FACE('',(#8122),#8128,.T.);
#8122 = FACE_BOUND('',#8123,.T.);
#8123 = EDGE_LOOP('',(#8124,#8125,#8126,#8127));
#8124 = ORIENTED_EDGE('',*,*,#7991,.F.);
#8125 = ORIENTED_EDGE('',*,*,#7610,.T.);
#8126 = ORIENTED_EDGE('',*,*,#8109,.T.);
#8127 = ORIENTED_EDGE('',*,*,#7874,.T.);
#8128 = PLANE('',#8129);
#8129 = AXIS2_PLACEMENT_3D('',#8130,#8131,#8132);
#8130 = CARTESIAN_POINT('',(437.2,343.08571731567,-38.1));
#8131 = DIRECTION('',(-1.,0.,0.));
#8132 = DIRECTION('',(0.,0.,1.));
#8133 = ADVANCED_FACE('',(#8134),#8139,.F.);
#8134 = FACE_BOUND('',#8135,.F.);
#8135 = EDGE_LOOP('',(#8136,#8137,#8138));
#8136 = ORIENTED_EDGE('',*,*,#7714,.F.);
#8137 = ORIENTED_EDGE('',*,*,#7778,.F.);
#8138 = ORIENTED_EDGE('',*,*,#7851,.F.);
#8139 = PLANE('',#8140);
#8140 = AXIS2_PLACEMENT_3D('',#8141,#8142,#8143);
#8141 = CARTESIAN_POINT('',(471.57894973754,343.08571731567,-24.385));
#8142 = DIRECTION('',(0.,0.,1.));
#8143 = DIRECTION('',(-1.,0.,0.));
#8144 = ADVANCED_FACE('',(#8145),#8170,.F.);
#8145 = FACE_BOUND('',#8146,.F.);
#8146 = EDGE_LOOP('',(#8147,#8148,#8156,#8164));
#8147 = ORIENTED_EDGE('',*,*,#8002,.F.);
#8148 = ORIENTED_EDGE('',*,*,#8149,.T.);
#8149 = EDGE_CURVE('',#8003,#8150,#8152,.T.);
#8150 = VERTEX_POINT('',#8151);
#8151 = CARTESIAN_POINT('',(449.55,325.62,-27.885));
#8152 = LINE('',#8153,#8154);
#8153 = CARTESIAN_POINT('',(449.55,325.62,-31.116));
#8154 = VECTOR('',#8155,1.);
#8155 = DIRECTION('',(0.,0.,1.));
#8156 = ORIENTED_EDGE('',*,*,#8157,.T.);
#8157 = EDGE_CURVE('',#8150,#8158,#8160,.T.);
#8158 = VERTEX_POINT('',#8159);
#8159 = CARTESIAN_POINT('',(447.55,325.62,-27.885));
#8160 = LINE('',#8161,#8162);
#8161 = CARTESIAN_POINT('',(449.55,325.62,-27.885));
#8162 = VECTOR('',#8163,1.);
#8163 = DIRECTION('',(-1.,0.,0.));
#8164 = ORIENTED_EDGE('',*,*,#8165,.F.);
#8165 = EDGE_CURVE('',#8005,#8158,#8166,.T.);
#8166 = LINE('',#8167,#8168);
#8167 = CARTESIAN_POINT('',(447.55,325.62,-31.116));
#8168 = VECTOR('',#8169,1.);
#8169 = DIRECTION('',(0.,0.,1.));
#8170 = PLANE('',#8171);
#8171 = AXIS2_PLACEMENT_3D('',#8172,#8173,#8174);
#8172 = CARTESIAN_POINT('',(449.55,325.62,-31.116));
#8173 = DIRECTION('',(0.,-1.,0.));
#8174 = DIRECTION('',(0.,0.,1.));
#8175 = ADVANCED_FACE('',(#8176),#8194,.F.);
#8176 = FACE_BOUND('',#8177,.F.);
#8177 = EDGE_LOOP('',(#8178,#8179,#8180,#8188));
#8178 = ORIENTED_EDGE('',*,*,#8149,.F.);
#8179 = ORIENTED_EDGE('',*,*,#8012,.T.);
#8180 = ORIENTED_EDGE('',*,*,#8181,.T.);
#8181 = EDGE_CURVE('',#8013,#8182,#8184,.T.);
#8182 = VERTEX_POINT('',#8183);
#8183 = CARTESIAN_POINT('',(449.55,295.62,-27.885));
#8184 = LINE('',#8185,#8186);
#8185 = CARTESIAN_POINT('',(449.55,295.62,-31.116));
#8186 = VECTOR('',#8187,1.);
#8187 = DIRECTION('',(0.,0.,1.));
#8188 = ORIENTED_EDGE('',*,*,#8189,.F.);
#8189 = EDGE_CURVE('',#8150,#8182,#8190,.T.);
#8190 = LINE('',#8191,#8192);
#8191 = CARTESIAN_POINT('',(449.55,325.62,-27.885));
#8192 = VECTOR('',#8193,1.);
#8193 = DIRECTION('',(0.,-1.,0.));
#8194 = PLANE('',#8195);
#8195 = AXIS2_PLACEMENT_3D('',#8196,#8197,#8198);
#8196 = CARTESIAN_POINT('',(449.55,325.62,-31.116));
#8197 = DIRECTION('',(-1.,0.,0.));
#8198 = DIRECTION('',(0.,0.,1.));
#8199 = ADVANCED_FACE('',(#8200),#8218,.T.);
#8200 = FACE_BOUND('',#8201,.T.);
#8201 = EDGE_LOOP('',(#8202,#8203,#8204,#8212));
#8202 = ORIENTED_EDGE('',*,*,#8165,.F.);
#8203 = ORIENTED_EDGE('',*,*,#8028,.T.);
#8204 = ORIENTED_EDGE('',*,*,#8205,.T.);
#8205 = EDGE_CURVE('',#8021,#8206,#8208,.T.);
#8206 = VERTEX_POINT('',#8207);
#8207 = CARTESIAN_POINT('',(447.55,295.62,-27.885));
#8208 = LINE('',#8209,#8210);
#8209 = CARTESIAN_POINT('',(447.55,295.62,-31.116));
#8210 = VECTOR('',#8211,1.);
#8211 = DIRECTION('',(0.,0.,1.));
#8212 = ORIENTED_EDGE('',*,*,#8213,.F.);
#8213 = EDGE_CURVE('',#8158,#8206,#8214,.T.);
#8214 = LINE('',#8215,#8216);
#8215 = CARTESIAN_POINT('',(447.55,325.62,-27.885));
#8216 = VECTOR('',#8217,1.);
#8217 = DIRECTION('',(0.,-1.,0.));
#8218 = PLANE('',#8219);
#8219 = AXIS2_PLACEMENT_3D('',#8220,#8221,#8222);
#8220 = CARTESIAN_POINT('',(447.55,325.62,-31.116));
#8221 = DIRECTION('',(-1.,0.,0.));
#8222 = DIRECTION('',(0.,0.,1.));
#8223 = ADVANCED_FACE('',(#8224),#8235,.T.);
#8224 = FACE_BOUND('',#8225,.T.);
#8225 = EDGE_LOOP('',(#8226,#8227,#8228,#8234));
#8226 = ORIENTED_EDGE('',*,*,#8020,.F.);
#8227 = ORIENTED_EDGE('',*,*,#8181,.T.);
#8228 = ORIENTED_EDGE('',*,*,#8229,.T.);
#8229 = EDGE_CURVE('',#8182,#8206,#8230,.T.);
#8230 = LINE('',#8231,#8232);
#8231 = CARTESIAN_POINT('',(449.55,295.62,-27.885));
#8232 = VECTOR('',#8233,1.);
#8233 = DIRECTION('',(-1.,0.,0.));
#8234 = ORIENTED_EDGE('',*,*,#8205,.F.);
#8235 = PLANE('',#8236);
#8236 = AXIS2_PLACEMENT_3D('',#8237,#8238,#8239);
#8237 = CARTESIAN_POINT('',(449.55,295.62,-31.116));
#8238 = DIRECTION('',(0.,-1.,0.));
#8239 = DIRECTION('',(0.,0.,1.));
#8240 = ADVANCED_FACE('',(#8241),#8247,.T.);
#8241 = FACE_BOUND('',#8242,.T.);
#8242 = EDGE_LOOP('',(#8243,#8244,#8245,#8246));
#8243 = ORIENTED_EDGE('',*,*,#8189,.F.);
#8244 = ORIENTED_EDGE('',*,*,#8157,.T.);
#8245 = ORIENTED_EDGE('',*,*,#8213,.T.);
#8246 = ORIENTED_EDGE('',*,*,#8229,.F.);
#8247 = PLANE('',#8248);
#8248 = AXIS2_PLACEMENT_3D('',#8249,#8250,#8251);
#8249 = CARTESIAN_POINT('',(449.55,325.62,-27.885));
#8250 = DIRECTION('',(0.,0.,1.));
#8251 = DIRECTION('',(-1.,0.,0.));
#8252 = ADVANCED_FACE('',(#8253),#8279,.F.);
#8253 = FACE_BOUND('',#8254,.F.);
#8254 = EDGE_LOOP('',(#8255,#8263,#8272,#8278));
#8255 = ORIENTED_EDGE('',*,*,#8256,.F.);
#8256 = EDGE_CURVE('',#8257,#1638,#8259,.T.);
#8257 = VERTEX_POINT('',#8258);
#8258 = CARTESIAN_POINT('',(427.147,207.93929355715,-21.97));
#8259 = LINE('',#8260,#8261);
#8260 = CARTESIAN_POINT('',(427.147,207.93929355715,-21.97));
#8261 = VECTOR('',#8262,1.);
#8262 = DIRECTION('',(0.,0.,1.));
#8263 = ORIENTED_EDGE('',*,*,#8264,.T.);
#8264 = EDGE_CURVE('',#8257,#8265,#8267,.T.);
#8265 = VERTEX_POINT('',#8266);
#8266 = CARTESIAN_POINT('',(430.071,206.,-21.97));
#8267 = CIRCLE('',#8268,3.174);
#8268 = AXIS2_PLACEMENT_3D('',#8269,#8270,#8271);
#8269 = CARTESIAN_POINT('',(430.071,209.174,-21.97));
#8270 = DIRECTION('',(-0.,0.,1.));
#8271 = DIRECTION('',(0.,-1.,0.));
#8272 = ORIENTED_EDGE('',*,*,#8273,.T.);
#8273 = EDGE_CURVE('',#8265,#1640,#8274,.T.);
#8274 = LINE('',#8275,#8276);
#8275 = CARTESIAN_POINT('',(430.071,206.,-21.97));
#8276 = VECTOR('',#8277,1.);
#8277 = DIRECTION('',(0.,0.,1.));
#8278 = ORIENTED_EDGE('',*,*,#1637,.F.);
#8279 = CYLINDRICAL_SURFACE('',#8280,3.174);
#8280 = AXIS2_PLACEMENT_3D('',#8281,#8282,#8283);
#8281 = CARTESIAN_POINT('',(430.071,209.174,-21.97));
#8282 = DIRECTION('',(0.,0.,1.));
#8283 = DIRECTION('',(-1.,0.,0.));
#8284 = ADVANCED_FACE('',(#8285),#8304,.F.);
#8285 = FACE_BOUND('',#8286,.F.);
#8286 = EDGE_LOOP('',(#8287,#8295,#8302,#8303));
#8287 = ORIENTED_EDGE('',*,*,#8288,.F.);
#8288 = EDGE_CURVE('',#8289,#1649,#8291,.T.);
#8289 = VERTEX_POINT('',#8290);
#8290 = CARTESIAN_POINT('',(424.223,206.,-21.97));
#8291 = LINE('',#8292,#8293);
#8292 = CARTESIAN_POINT('',(424.223,206.,-21.97));
#8293 = VECTOR('',#8294,1.);
#8294 = DIRECTION('',(0.,0.,1.));
#8295 = ORIENTED_EDGE('',*,*,#8296,.T.);
#8296 = EDGE_CURVE('',#8289,#8257,#8297,.T.);
#8297 = CIRCLE('',#8298,3.174);
#8298 = AXIS2_PLACEMENT_3D('',#8299,#8300,#8301);
#8299 = CARTESIAN_POINT('',(424.223,209.174,-21.97));
#8300 = DIRECTION('',(-0.,0.,1.));
#8301 = DIRECTION('',(0.,-1.,0.));
#8302 = ORIENTED_EDGE('',*,*,#8256,.T.);
#8303 = ORIENTED_EDGE('',*,*,#1648,.F.);
#8304 = CYLINDRICAL_SURFACE('',#8305,3.174);
#8305 = AXIS2_PLACEMENT_3D('',#8306,#8307,#8308);
#8306 = CARTESIAN_POINT('',(424.223,209.174,-21.97));
#8307 = DIRECTION('',(0.,0.,1.));
#8308 = DIRECTION('',(0.,-1.,0.));
#8309 = ADVANCED_FACE('',(#8310),#8328,.T.);
#8310 = FACE_BOUND('',#8311,.T.);
#8311 = EDGE_LOOP('',(#8312,#8320,#8321,#8322));
#8312 = ORIENTED_EDGE('',*,*,#8313,.F.);
#8313 = EDGE_CURVE('',#8265,#8314,#8316,.T.);
#8314 = VERTEX_POINT('',#8315);
#8315 = CARTESIAN_POINT('',(446.723,206.,-21.97));
#8316 = LINE('',#8317,#8318);
#8317 = CARTESIAN_POINT('',(426.897,206.,-21.97));
#8318 = VECTOR('',#8319,1.);
#8319 = DIRECTION('',(1.,0.,0.));
#8320 = ORIENTED_EDGE('',*,*,#8273,.T.);
#8321 = ORIENTED_EDGE('',*,*,#1751,.T.);
#8322 = ORIENTED_EDGE('',*,*,#8323,.F.);
#8323 = EDGE_CURVE('',#8314,#1743,#8324,.T.);
#8324 = LINE('',#8325,#8326);
#8325 = CARTESIAN_POINT('',(446.723,206.,-21.97));
#8326 = VECTOR('',#8327,1.);
#8327 = DIRECTION('',(0.,0.,1.));
#8328 = PLANE('',#8329);
#8329 = AXIS2_PLACEMENT_3D('',#8330,#8331,#8332);
#8330 = CARTESIAN_POINT('',(426.897,206.,-21.97));
#8331 = DIRECTION('',(0.,1.,0.));
#8332 = DIRECTION('',(0.,0.,1.));
#8333 = ADVANCED_FACE('',(#8334),#8352,.T.);
#8334 = FACE_BOUND('',#8335,.T.);
#8335 = EDGE_LOOP('',(#8336,#8344,#8350,#8351));
#8336 = ORIENTED_EDGE('',*,*,#8337,.F.);
#8337 = EDGE_CURVE('',#8338,#8289,#8340,.T.);
#8338 = VERTEX_POINT('',#8339);
#8339 = CARTESIAN_POINT('',(407.571,206.,-21.97));
#8340 = LINE('',#8341,#8342);
#8341 = CARTESIAN_POINT('',(404.397,206.,-21.97));
#8342 = VECTOR('',#8343,1.);
#8343 = DIRECTION('',(1.,0.,0.));
#8344 = ORIENTED_EDGE('',*,*,#8345,.T.);
#8345 = EDGE_CURVE('',#8338,#1658,#8346,.T.);
#8346 = LINE('',#8347,#8348);
#8347 = CARTESIAN_POINT('',(407.571,206.,-21.97));
#8348 = VECTOR('',#8349,1.);
#8349 = DIRECTION('',(0.,0.,1.));
#8350 = ORIENTED_EDGE('',*,*,#1657,.T.);
#8351 = ORIENTED_EDGE('',*,*,#8288,.F.);
#8352 = PLANE('',#8353);
#8353 = AXIS2_PLACEMENT_3D('',#8354,#8355,#8356);
#8354 = CARTESIAN_POINT('',(404.397,206.,-21.97));
#8355 = DIRECTION('',(0.,1.,0.));
#8356 = DIRECTION('',(0.,0.,1.));
#8357 = ADVANCED_FACE('',(#8358),#8377,.F.);
#8358 = FACE_BOUND('',#8359,.F.);
#8359 = EDGE_LOOP('',(#8360,#8369,#8375,#8376));
#8360 = ORIENTED_EDGE('',*,*,#8361,.T.);
#8361 = EDGE_CURVE('',#8314,#8362,#8364,.T.);
#8362 = VERTEX_POINT('',#8363);
#8363 = CARTESIAN_POINT('',(449.897,209.174,-21.97));
#8364 = CIRCLE('',#8365,3.174);
#8365 = AXIS2_PLACEMENT_3D('',#8366,#8367,#8368);
#8366 = CARTESIAN_POINT('',(446.723,209.174,-21.97));
#8367 = DIRECTION('',(-0.,0.,1.));
#8368 = DIRECTION('',(0.,-1.,0.));
#8369 = ORIENTED_EDGE('',*,*,#8370,.T.);
#8370 = EDGE_CURVE('',#8362,#1735,#8371,.T.);
#8371 = LINE('',#8372,#8373);
#8372 = CARTESIAN_POINT('',(449.897,209.174,-21.97));
#8373 = VECTOR('',#8374,1.);
#8374 = DIRECTION('',(0.,0.,1.));
#8375 = ORIENTED_EDGE('',*,*,#1742,.F.);
#8376 = ORIENTED_EDGE('',*,*,#8323,.F.);
#8377 = CYLINDRICAL_SURFACE('',#8378,3.174);
#8378 = AXIS2_PLACEMENT_3D('',#8379,#8380,#8381);
#8379 = CARTESIAN_POINT('',(446.723,209.174,-21.97));
#8380 = DIRECTION('',(0.,0.,1.));
#8381 = DIRECTION('',(0.,-1.,0.));
#8382 = ADVANCED_FACE('',(#8383),#8402,.F.);
#8383 = FACE_BOUND('',#8384,.F.);
#8384 = EDGE_LOOP('',(#8385,#8394,#8395,#8396));
#8385 = ORIENTED_EDGE('',*,*,#8386,.T.);
#8386 = EDGE_CURVE('',#8387,#8338,#8389,.T.);
#8387 = VERTEX_POINT('',#8388);
#8388 = CARTESIAN_POINT('',(404.397,209.174,-21.97));
#8389 = CIRCLE('',#8390,3.174);
#8390 = AXIS2_PLACEMENT_3D('',#8391,#8392,#8393);
#8391 = CARTESIAN_POINT('',(407.571,209.174,-21.97));
#8392 = DIRECTION('',(-0.,0.,1.));
#8393 = DIRECTION('',(0.,-1.,0.));
#8394 = ORIENTED_EDGE('',*,*,#8345,.T.);
#8395 = ORIENTED_EDGE('',*,*,#1665,.F.);
#8396 = ORIENTED_EDGE('',*,*,#8397,.F.);
#8397 = EDGE_CURVE('',#8387,#1666,#8398,.T.);
#8398 = LINE('',#8399,#8400);
#8399 = CARTESIAN_POINT('',(404.397,209.174,-21.97));
#8400 = VECTOR('',#8401,1.);
#8401 = DIRECTION('',(0.,0.,1.));
#8402 = CYLINDRICAL_SURFACE('',#8403,3.174);
#8403 = AXIS2_PLACEMENT_3D('',#8404,#8405,#8406);
#8404 = CARTESIAN_POINT('',(407.571,209.174,-21.97));
#8405 = DIRECTION('',(0.,0.,1.));
#8406 = DIRECTION('',(-1.,0.,0.));
#8407 = ADVANCED_FACE('',(#8408),#8426,.F.);
#8408 = FACE_BOUND('',#8409,.F.);
#8409 = EDGE_LOOP('',(#8410,#8411,#8412,#8420));
#8410 = ORIENTED_EDGE('',*,*,#1734,.F.);
#8411 = ORIENTED_EDGE('',*,*,#8370,.F.);
#8412 = ORIENTED_EDGE('',*,*,#8413,.T.);
#8413 = EDGE_CURVE('',#8362,#8414,#8416,.T.);
#8414 = VERTEX_POINT('',#8415);
#8415 = CARTESIAN_POINT('',(449.897,250.826,-21.97));
#8416 = LINE('',#8417,#8418);
#8417 = CARTESIAN_POINT('',(449.897,206.,-21.97));
#8418 = VECTOR('',#8419,1.);
#8419 = DIRECTION('',(0.,1.,0.));
#8420 = ORIENTED_EDGE('',*,*,#8421,.T.);
#8421 = EDGE_CURVE('',#8414,#1726,#8422,.T.);
#8422 = LINE('',#8423,#8424);
#8423 = CARTESIAN_POINT('',(449.897,250.826,-21.97));
#8424 = VECTOR('',#8425,1.);
#8425 = DIRECTION('',(0.,0.,1.));
#8426 = PLANE('',#8427);
#8427 = AXIS2_PLACEMENT_3D('',#8428,#8429,#8430);
#8428 = CARTESIAN_POINT('',(449.897,206.,-21.97));
#8429 = DIRECTION('',(1.,0.,0.));
#8430 = DIRECTION('',(0.,0.,1.));
#8431 = ADVANCED_FACE('',(#8432),#8450,.T.);
#8432 = FACE_BOUND('',#8433,.T.);
#8433 = EDGE_LOOP('',(#8434,#8435,#8436,#8444));
#8434 = ORIENTED_EDGE('',*,*,#1674,.F.);
#8435 = ORIENTED_EDGE('',*,*,#8397,.F.);
#8436 = ORIENTED_EDGE('',*,*,#8437,.T.);
#8437 = EDGE_CURVE('',#8387,#8438,#8440,.T.);
#8438 = VERTEX_POINT('',#8439);
#8439 = CARTESIAN_POINT('',(404.397,250.826,-21.97));
#8440 = LINE('',#8441,#8442);
#8441 = CARTESIAN_POINT('',(404.397,206.,-21.97));
#8442 = VECTOR('',#8443,1.);
#8443 = DIRECTION('',(0.,1.,0.));
#8444 = ORIENTED_EDGE('',*,*,#8445,.T.);
#8445 = EDGE_CURVE('',#8438,#1675,#8446,.T.);
#8446 = LINE('',#8447,#8448);
#8447 = CARTESIAN_POINT('',(404.397,250.826,-21.97));
#8448 = VECTOR('',#8449,1.);
#8449 = DIRECTION('',(0.,0.,1.));
#8450 = PLANE('',#8451);
#8451 = AXIS2_PLACEMENT_3D('',#8452,#8453,#8454);
#8452 = CARTESIAN_POINT('',(404.397,206.,-21.97));
#8453 = DIRECTION('',(1.,0.,0.));
#8454 = DIRECTION('',(0.,0.,1.));
#8455 = ADVANCED_FACE('',(#8456),#8475,.F.);
#8456 = FACE_BOUND('',#8457,.F.);
#8457 = EDGE_LOOP('',(#8458,#8467,#8473,#8474));
#8458 = ORIENTED_EDGE('',*,*,#8459,.T.);
#8459 = EDGE_CURVE('',#8414,#8460,#8462,.T.);
#8460 = VERTEX_POINT('',#8461);
#8461 = CARTESIAN_POINT('',(446.723,254.,-21.97));
#8462 = CIRCLE('',#8463,3.174);
#8463 = AXIS2_PLACEMENT_3D('',#8464,#8465,#8466);
#8464 = CARTESIAN_POINT('',(446.723,250.826,-21.97));
#8465 = DIRECTION('',(-0.,0.,1.));
#8466 = DIRECTION('',(0.,-1.,0.));
#8467 = ORIENTED_EDGE('',*,*,#8468,.T.);
#8468 = EDGE_CURVE('',#8460,#1718,#8469,.T.);
#8469 = LINE('',#8470,#8471);
#8470 = CARTESIAN_POINT('',(446.723,254.,-21.97));
#8471 = VECTOR('',#8472,1.);
#8472 = DIRECTION('',(0.,0.,1.));
#8473 = ORIENTED_EDGE('',*,*,#1725,.F.);
#8474 = ORIENTED_EDGE('',*,*,#8421,.F.);
#8475 = CYLINDRICAL_SURFACE('',#8476,3.174);
#8476 = AXIS2_PLACEMENT_3D('',#8477,#8478,#8479);
#8477 = CARTESIAN_POINT('',(446.723,250.826,-21.97));
#8478 = DIRECTION('',(0.,0.,1.));
#8479 = DIRECTION('',(1.,0.,0.));
#8480 = ADVANCED_FACE('',(#8481),#8500,.F.);
#8481 = FACE_BOUND('',#8482,.T.);
#8482 = EDGE_LOOP('',(#8483,#8492,#8498,#8499));
#8483 = ORIENTED_EDGE('',*,*,#8484,.T.);
#8484 = EDGE_CURVE('',#8438,#8485,#8487,.T.);
#8485 = VERTEX_POINT('',#8486);
#8486 = CARTESIAN_POINT('',(407.571,254.,-21.97));
#8487 = CIRCLE('',#8488,3.174);
#8488 = AXIS2_PLACEMENT_3D('',#8489,#8490,#8491);
#8489 = CARTESIAN_POINT('',(407.571,250.826,-21.97));
#8490 = DIRECTION('',(-0.,-0.,-1.));
#8491 = DIRECTION('',(0.,-1.,0.));
#8492 = ORIENTED_EDGE('',*,*,#8493,.T.);
#8493 = EDGE_CURVE('',#8485,#1683,#8494,.T.);
#8494 = LINE('',#8495,#8496);
#8495 = CARTESIAN_POINT('',(407.571,254.,-21.97));
#8496 = VECTOR('',#8497,1.);
#8497 = DIRECTION('',(0.,0.,1.));
#8498 = ORIENTED_EDGE('',*,*,#1682,.F.);
#8499 = ORIENTED_EDGE('',*,*,#8445,.F.);
#8500 = CYLINDRICAL_SURFACE('',#8501,3.174);
#8501 = AXIS2_PLACEMENT_3D('',#8502,#8503,#8504);
#8502 = CARTESIAN_POINT('',(407.571,250.826,-21.97));
#8503 = DIRECTION('',(0.,0.,1.));
#8504 = DIRECTION('',(-1.,0.,0.));
#8505 = ADVANCED_FACE('',(#8506),#8524,.F.);
#8506 = FACE_BOUND('',#8507,.F.);
#8507 = EDGE_LOOP('',(#8508,#8516,#8522,#8523));
#8508 = ORIENTED_EDGE('',*,*,#8509,.F.);
#8509 = EDGE_CURVE('',#8510,#8460,#8512,.T.);
#8510 = VERTEX_POINT('',#8511);
#8511 = CARTESIAN_POINT('',(430.071,254.,-21.97));
#8512 = LINE('',#8513,#8514);
#8513 = CARTESIAN_POINT('',(426.897,254.,-21.97));
#8514 = VECTOR('',#8515,1.);
#8515 = DIRECTION('',(1.,0.,0.));
#8516 = ORIENTED_EDGE('',*,*,#8517,.T.);
#8517 = EDGE_CURVE('',#8510,#1709,#8518,.T.);
#8518 = LINE('',#8519,#8520);
#8519 = CARTESIAN_POINT('',(430.071,254.,-21.97));
#8520 = VECTOR('',#8521,1.);
#8521 = DIRECTION('',(0.,0.,1.));
#8522 = ORIENTED_EDGE('',*,*,#1717,.T.);
#8523 = ORIENTED_EDGE('',*,*,#8468,.F.);
#8524 = PLANE('',#8525);
#8525 = AXIS2_PLACEMENT_3D('',#8526,#8527,#8528);
#8526 = CARTESIAN_POINT('',(426.897,254.,-21.97));
#8527 = DIRECTION('',(0.,1.,0.));
#8528 = DIRECTION('',(0.,0.,1.));
#8529 = ADVANCED_FACE('',(#8530),#8548,.F.);
#8530 = FACE_BOUND('',#8531,.F.);
#8531 = EDGE_LOOP('',(#8532,#8540,#8541,#8542));
#8532 = ORIENTED_EDGE('',*,*,#8533,.F.);
#8533 = EDGE_CURVE('',#8485,#8534,#8536,.T.);
#8534 = VERTEX_POINT('',#8535);
#8535 = CARTESIAN_POINT('',(424.223,254.,-21.97));
#8536 = LINE('',#8537,#8538);
#8537 = CARTESIAN_POINT('',(404.397,254.,-21.97));
#8538 = VECTOR('',#8539,1.);
#8539 = DIRECTION('',(1.,0.,0.));
#8540 = ORIENTED_EDGE('',*,*,#8493,.T.);
#8541 = ORIENTED_EDGE('',*,*,#1691,.T.);
#8542 = ORIENTED_EDGE('',*,*,#8543,.F.);
#8543 = EDGE_CURVE('',#8534,#1692,#8544,.T.);
#8544 = LINE('',#8545,#8546);
#8545 = CARTESIAN_POINT('',(424.223,254.,-21.97));
#8546 = VECTOR('',#8547,1.);
#8547 = DIRECTION('',(0.,0.,1.));
#8548 = PLANE('',#8549);
#8549 = AXIS2_PLACEMENT_3D('',#8550,#8551,#8552);
#8550 = CARTESIAN_POINT('',(404.397,254.,-21.97));
#8551 = DIRECTION('',(0.,1.,0.));
#8552 = DIRECTION('',(0.,0.,1.));
#8553 = ADVANCED_FACE('',(#8554),#8573,.F.);
#8554 = FACE_BOUND('',#8555,.T.);
#8555 = EDGE_LOOP('',(#8556,#8564,#8571,#8572));
#8556 = ORIENTED_EDGE('',*,*,#8557,.F.);
#8557 = EDGE_CURVE('',#8558,#1700,#8560,.T.);
#8558 = VERTEX_POINT('',#8559);
#8559 = CARTESIAN_POINT('',(427.147,252.06070644284,-21.97));
#8560 = LINE('',#8561,#8562);
#8561 = CARTESIAN_POINT('',(427.147,252.06070644284,-21.97));
#8562 = VECTOR('',#8563,1.);
#8563 = DIRECTION('',(0.,0.,1.));
#8564 = ORIENTED_EDGE('',*,*,#8565,.T.);
#8565 = EDGE_CURVE('',#8558,#8510,#8566,.T.);
#8566 = CIRCLE('',#8567,3.174);
#8567 = AXIS2_PLACEMENT_3D('',#8568,#8569,#8570);
#8568 = CARTESIAN_POINT('',(430.071,250.826,-21.97));
#8569 = DIRECTION('',(-0.,-0.,-1.));
#8570 = DIRECTION('',(0.,-1.,0.));
#8571 = ORIENTED_EDGE('',*,*,#8517,.T.);
#8572 = ORIENTED_EDGE('',*,*,#1708,.F.);
#8573 = CYLINDRICAL_SURFACE('',#8574,3.174);
#8574 = AXIS2_PLACEMENT_3D('',#8575,#8576,#8577);
#8575 = CARTESIAN_POINT('',(430.071,250.826,-21.97));
#8576 = DIRECTION('',(0.,0.,1.));
#8577 = DIRECTION('',(-1.,0.,0.));
#8578 = ADVANCED_FACE('',(#8579),#8591,.F.);
#8579 = FACE_BOUND('',#8580,.F.);
#8580 = EDGE_LOOP('',(#8581,#8582,#8589,#8590));
#8581 = ORIENTED_EDGE('',*,*,#8557,.F.);
#8582 = ORIENTED_EDGE('',*,*,#8583,.T.);
#8583 = EDGE_CURVE('',#8558,#8534,#8584,.T.);
#8584 = CIRCLE('',#8585,3.174);
#8585 = AXIS2_PLACEMENT_3D('',#8586,#8587,#8588);
#8586 = CARTESIAN_POINT('',(424.223,250.826,-21.97));
#8587 = DIRECTION('',(-0.,0.,1.));
#8588 = DIRECTION('',(0.,-1.,0.));
#8589 = ORIENTED_EDGE('',*,*,#8543,.T.);
#8590 = ORIENTED_EDGE('',*,*,#1699,.F.);
#8591 = CYLINDRICAL_SURFACE('',#8592,3.174);
#8592 = AXIS2_PLACEMENT_3D('',#8593,#8594,#8595);
#8593 = CARTESIAN_POINT('',(424.223,250.826,-21.97));
#8594 = DIRECTION('',(0.,0.,1.));
#8595 = DIRECTION('',(1.,0.,0.));
#8596 = ADVANCED_FACE('',(#8597),#8645,.F.);
#8597 = FACE_BOUND('',#8598,.F.);
#8598 = EDGE_LOOP('',(#8599,#8600,#8608,#8616,#8622,#8623,#8631,#8639));
#8599 = ORIENTED_EDGE('',*,*,#1759,.F.);
#8600 = ORIENTED_EDGE('',*,*,#8601,.F.);
#8601 = EDGE_CURVE('',#8602,#1760,#8604,.T.);
#8602 = VERTEX_POINT('',#8603);
#8603 = CARTESIAN_POINT('',(335.397,286.174,-21.97));
#8604 = LINE('',#8605,#8606);
#8605 = CARTESIAN_POINT('',(335.397,286.174,-21.97));
#8606 = VECTOR('',#8607,1.);
#8607 = DIRECTION('',(0.,0.,1.));
#8608 = ORIENTED_EDGE('',*,*,#8609,.T.);
#8609 = EDGE_CURVE('',#8602,#8610,#8612,.T.);
#8610 = VERTEX_POINT('',#8611);
#8611 = CARTESIAN_POINT('',(335.397,327.826,-21.97));
#8612 = LINE('',#8613,#8614);
#8613 = CARTESIAN_POINT('',(335.397,283.,-21.97));
#8614 = VECTOR('',#8615,1.);
#8615 = DIRECTION('',(0.,1.,0.));
#8616 = ORIENTED_EDGE('',*,*,#8617,.T.);
#8617 = EDGE_CURVE('',#8610,#1821,#8618,.T.);
#8618 = LINE('',#8619,#8620);
#8619 = CARTESIAN_POINT('',(335.397,327.826,-21.97));
#8620 = VECTOR('',#8621,1.);
#8621 = DIRECTION('',(0.,0.,1.));
#8622 = ORIENTED_EDGE('',*,*,#1829,.F.);
#8623 = ORIENTED_EDGE('',*,*,#8624,.F.);
#8624 = EDGE_CURVE('',#8625,#1830,#8627,.T.);
#8625 = VERTEX_POINT('',#8626);
#8626 = CARTESIAN_POINT('',(335.397,325.45593288887,-14.05100021362));
#8627 = LINE('',#8628,#8629);
#8628 = CARTESIAN_POINT('',(335.397,325.45593288887,-14.05100021362));
#8629 = VECTOR('',#8630,1.);
#8630 = DIRECTION('',(0.,0.,1.));
#8631 = ORIENTED_EDGE('',*,*,#8632,.T.);
#8632 = EDGE_CURVE('',#8625,#8633,#8635,.T.);
#8633 = VERTEX_POINT('',#8634);
#8634 = CARTESIAN_POINT('',(335.397,288.54406711112,-14.05100021362));
#8635 = LINE('',#8636,#8637);
#8636 = CARTESIAN_POINT('',(335.397,285.5,-14.05100021362));
#8637 = VECTOR('',#8638,1.);
#8638 = DIRECTION('',(0.,-1.,0.));
#8639 = ORIENTED_EDGE('',*,*,#8640,.T.);
#8640 = EDGE_CURVE('',#8633,#1762,#8641,.T.);
#8641 = LINE('',#8642,#8643);
#8642 = CARTESIAN_POINT('',(335.397,288.54406711112,-14.05100021362));
#8643 = VECTOR('',#8644,1.);
#8644 = DIRECTION('',(0.,0.,1.));
#8645 = PLANE('',#8646);
#8646 = AXIS2_PLACEMENT_3D('',#8647,#8648,#8649);
#8647 = CARTESIAN_POINT('',(335.397,283.,-21.97));
#8648 = DIRECTION('',(1.,0.,0.));
#8649 = DIRECTION('',(0.,0.,1.));
#8650 = ADVANCED_FACE('',(#8651),#8670,.F.);
#8651 = FACE_BOUND('',#8652,.F.);
#8652 = EDGE_LOOP('',(#8653,#8662,#8663,#8664));
#8653 = ORIENTED_EDGE('',*,*,#8654,.T.);
#8654 = EDGE_CURVE('',#8655,#8602,#8657,.T.);
#8655 = VERTEX_POINT('',#8656);
#8656 = CARTESIAN_POINT('',(332.223,283.,-21.97));
#8657 = CIRCLE('',#8658,3.174);
#8658 = AXIS2_PLACEMENT_3D('',#8659,#8660,#8661);
#8659 = CARTESIAN_POINT('',(332.223,286.174,-21.97));
#8660 = DIRECTION('',(-0.,0.,1.));
#8661 = DIRECTION('',(0.,-1.,0.));
#8662 = ORIENTED_EDGE('',*,*,#8601,.T.);
#8663 = ORIENTED_EDGE('',*,*,#1769,.F.);
#8664 = ORIENTED_EDGE('',*,*,#8665,.F.);
#8665 = EDGE_CURVE('',#8655,#1770,#8666,.T.);
#8666 = LINE('',#8667,#8668);
#8667 = CARTESIAN_POINT('',(332.223,283.,-21.97));
#8668 = VECTOR('',#8669,1.);
#8669 = DIRECTION('',(0.,0.,1.));
#8670 = CYLINDRICAL_SURFACE('',#8671,3.174);
#8671 = AXIS2_PLACEMENT_3D('',#8672,#8673,#8674);
#8672 = CARTESIAN_POINT('',(332.223,286.174,-21.97));
#8673 = DIRECTION('',(0.,0.,1.));
#8674 = DIRECTION('',(0.,-1.,0.));
#8675 = ADVANCED_FACE('',(#8676),#8695,.F.);
#8676 = FACE_BOUND('',#8677,.F.);
#8677 = EDGE_LOOP('',(#8678,#8679,#8688,#8694));
#8678 = ORIENTED_EDGE('',*,*,#8640,.F.);
#8679 = ORIENTED_EDGE('',*,*,#8680,.T.);
#8680 = EDGE_CURVE('',#8633,#8681,#8683,.T.);
#8681 = VERTEX_POINT('',#8682);
#8682 = CARTESIAN_POINT('',(337.174,288.,-14.05100021362));
#8683 = CIRCLE('',#8684,3.174);
#8684 = AXIS2_PLACEMENT_3D('',#8685,#8686,#8687);
#8685 = CARTESIAN_POINT('',(337.174,291.174,-14.05100021362));
#8686 = DIRECTION('',(-0.,0.,1.));
#8687 = DIRECTION('',(0.,-1.,0.));
#8688 = ORIENTED_EDGE('',*,*,#8689,.T.);
#8689 = EDGE_CURVE('',#8681,#1881,#8690,.T.);
#8690 = LINE('',#8691,#8692);
#8691 = CARTESIAN_POINT('',(337.174,288.,-14.05100021362));
#8692 = VECTOR('',#8693,1.);
#8693 = DIRECTION('',(0.,0.,1.));
#8694 = ORIENTED_EDGE('',*,*,#1888,.F.);
#8695 = CYLINDRICAL_SURFACE('',#8696,3.174);
#8696 = AXIS2_PLACEMENT_3D('',#8697,#8698,#8699);
#8697 = CARTESIAN_POINT('',(337.174,291.174,-14.05100021362));
#8698 = DIRECTION('',(0.,0.,1.));
#8699 = DIRECTION('',(-1.,0.,0.));
#8700 = ADVANCED_FACE('',(#8701),#8719,.T.);
#8701 = FACE_BOUND('',#8702,.T.);
#8702 = EDGE_LOOP('',(#8703,#8711,#8717,#8718));
#8703 = ORIENTED_EDGE('',*,*,#8704,.F.);
#8704 = EDGE_CURVE('',#8705,#8655,#8707,.T.);
#8705 = VERTEX_POINT('',#8706);
#8706 = CARTESIAN_POINT('',(315.571,283.,-21.97));
#8707 = LINE('',#8708,#8709);
#8708 = CARTESIAN_POINT('',(312.397,283.,-21.97));
#8709 = VECTOR('',#8710,1.);
#8710 = DIRECTION('',(1.,0.,0.));
#8711 = ORIENTED_EDGE('',*,*,#8712,.T.);
#8712 = EDGE_CURVE('',#8705,#1779,#8713,.T.);
#8713 = LINE('',#8714,#8715);
#8714 = CARTESIAN_POINT('',(315.571,283.,-21.97));
#8715 = VECTOR('',#8716,1.);
#8716 = DIRECTION('',(0.,0.,1.));
#8717 = ORIENTED_EDGE('',*,*,#1778,.T.);
#8718 = ORIENTED_EDGE('',*,*,#8665,.F.);
#8719 = PLANE('',#8720);
#8720 = AXIS2_PLACEMENT_3D('',#8721,#8722,#8723);
#8721 = CARTESIAN_POINT('',(312.397,283.,-21.97));
#8722 = DIRECTION('',(0.,1.,0.));
#8723 = DIRECTION('',(0.,0.,1.));
#8724 = ADVANCED_FACE('',(#8725),#8743,.T.);
#8725 = FACE_BOUND('',#8726,.T.);
#8726 = EDGE_LOOP('',(#8727,#8735,#8741,#8742));
#8727 = ORIENTED_EDGE('',*,*,#8728,.F.);
#8728 = EDGE_CURVE('',#8729,#1872,#8731,.T.);
#8729 = VERTEX_POINT('',#8730);
#8730 = CARTESIAN_POINT('',(348.826,288.,-14.05100021362));
#8731 = LINE('',#8732,#8733);
#8732 = CARTESIAN_POINT('',(348.826,288.,-14.05100021362));
#8733 = VECTOR('',#8734,1.);
#8734 = DIRECTION('',(0.,0.,1.));
#8735 = ORIENTED_EDGE('',*,*,#8736,.F.);
#8736 = EDGE_CURVE('',#8681,#8729,#8737,.T.);
#8737 = LINE('',#8738,#8739);
#8738 = CARTESIAN_POINT('',(334.,288.,-14.05100021362));
#8739 = VECTOR('',#8740,1.);
#8740 = DIRECTION('',(1.,0.,0.));
#8741 = ORIENTED_EDGE('',*,*,#8689,.T.);
#8742 = ORIENTED_EDGE('',*,*,#1880,.F.);
#8743 = PLANE('',#8744);
#8744 = AXIS2_PLACEMENT_3D('',#8745,#8746,#8747);
#8745 = CARTESIAN_POINT('',(334.,288.,-14.05100021362));
#8746 = DIRECTION('',(0.,1.,0.));
#8747 = DIRECTION('',(0.,0.,1.));
#8748 = ADVANCED_FACE('',(#8749),#8768,.F.);
#8749 = FACE_BOUND('',#8750,.F.);
#8750 = EDGE_LOOP('',(#8751,#8760,#8761,#8762));
#8751 = ORIENTED_EDGE('',*,*,#8752,.T.);
#8752 = EDGE_CURVE('',#8753,#8705,#8755,.T.);
#8753 = VERTEX_POINT('',#8754);
#8754 = CARTESIAN_POINT('',(312.397,286.174,-21.97));
#8755 = CIRCLE('',#8756,3.174);
#8756 = AXIS2_PLACEMENT_3D('',#8757,#8758,#8759);
#8757 = CARTESIAN_POINT('',(315.571,286.174,-21.97));
#8758 = DIRECTION('',(-0.,0.,1.));
#8759 = DIRECTION('',(0.,-1.,0.));
#8760 = ORIENTED_EDGE('',*,*,#8712,.T.);
#8761 = ORIENTED_EDGE('',*,*,#1786,.F.);
#8762 = ORIENTED_EDGE('',*,*,#8763,.F.);
#8763 = EDGE_CURVE('',#8753,#1787,#8764,.T.);
#8764 = LINE('',#8765,#8766);
#8765 = CARTESIAN_POINT('',(312.397,286.174,-21.97));
#8766 = VECTOR('',#8767,1.);
#8767 = DIRECTION('',(0.,0.,1.));
#8768 = CYLINDRICAL_SURFACE('',#8769,3.174);
#8769 = AXIS2_PLACEMENT_3D('',#8770,#8771,#8772);
#8770 = CARTESIAN_POINT('',(315.571,286.174,-21.97));
#8771 = DIRECTION('',(0.,0.,1.));
#8772 = DIRECTION('',(-1.,0.,0.));
#8773 = ADVANCED_FACE('',(#8774),#8793,.F.);
#8774 = FACE_BOUND('',#8775,.F.);
#8775 = EDGE_LOOP('',(#8776,#8777,#8786,#8792));
#8776 = ORIENTED_EDGE('',*,*,#8728,.F.);
#8777 = ORIENTED_EDGE('',*,*,#8778,.T.);
#8778 = EDGE_CURVE('',#8729,#8779,#8781,.T.);
#8779 = VERTEX_POINT('',#8780);
#8780 = CARTESIAN_POINT('',(352.,291.174,-14.05100021362));
#8781 = CIRCLE('',#8782,3.174);
#8782 = AXIS2_PLACEMENT_3D('',#8783,#8784,#8785);
#8783 = CARTESIAN_POINT('',(348.826,291.174,-14.05100021362));
#8784 = DIRECTION('',(-0.,0.,1.));
#8785 = DIRECTION('',(0.,-1.,0.));
#8786 = ORIENTED_EDGE('',*,*,#8787,.T.);
#8787 = EDGE_CURVE('',#8779,#1864,#8788,.T.);
#8788 = LINE('',#8789,#8790);
#8789 = CARTESIAN_POINT('',(352.,291.174,-14.05100021362));
#8790 = VECTOR('',#8791,1.);
#8791 = DIRECTION('',(0.,0.,1.));
#8792 = ORIENTED_EDGE('',*,*,#1871,.F.);
#8793 = CYLINDRICAL_SURFACE('',#8794,3.174);
#8794 = AXIS2_PLACEMENT_3D('',#8795,#8796,#8797);
#8795 = CARTESIAN_POINT('',(348.826,291.174,-14.05100021362));
#8796 = DIRECTION('',(0.,0.,1.));
#8797 = DIRECTION('',(0.,-1.,0.));
#8798 = ADVANCED_FACE('',(#8799),#8817,.T.);
#8799 = FACE_BOUND('',#8800,.T.);
#8800 = EDGE_LOOP('',(#8801,#8802,#8803,#8811));
#8801 = ORIENTED_EDGE('',*,*,#1795,.F.);
#8802 = ORIENTED_EDGE('',*,*,#8763,.F.);
#8803 = ORIENTED_EDGE('',*,*,#8804,.T.);
#8804 = EDGE_CURVE('',#8753,#8805,#8807,.T.);
#8805 = VERTEX_POINT('',#8806);
#8806 = CARTESIAN_POINT('',(312.397,327.826,-21.97));
#8807 = LINE('',#8808,#8809);
#8808 = CARTESIAN_POINT('',(312.397,283.,-21.97));
#8809 = VECTOR('',#8810,1.);
#8810 = DIRECTION('',(0.,1.,0.));
#8811 = ORIENTED_EDGE('',*,*,#8812,.T.);
#8812 = EDGE_CURVE('',#8805,#1796,#8813,.T.);
#8813 = LINE('',#8814,#8815);
#8814 = CARTESIAN_POINT('',(312.397,327.826,-21.97));
#8815 = VECTOR('',#8816,1.);
#8816 = DIRECTION('',(0.,0.,1.));
#8817 = PLANE('',#8818);
#8818 = AXIS2_PLACEMENT_3D('',#8819,#8820,#8821);
#8819 = CARTESIAN_POINT('',(312.397,283.,-21.97));
#8820 = DIRECTION('',(1.,0.,0.));
#8821 = DIRECTION('',(0.,0.,1.));
#8822 = ADVANCED_FACE('',(#8823),#8841,.F.);
#8823 = FACE_BOUND('',#8824,.F.);
#8824 = EDGE_LOOP('',(#8825,#8833,#8834,#8835));
#8825 = ORIENTED_EDGE('',*,*,#8826,.T.);
#8826 = EDGE_CURVE('',#8827,#1855,#8829,.T.);
#8827 = VERTEX_POINT('',#8828);
#8828 = CARTESIAN_POINT('',(352.,322.826,-14.05100021362));
#8829 = LINE('',#8830,#8831);
#8830 = CARTESIAN_POINT('',(352.,322.826,-14.05100021362));
#8831 = VECTOR('',#8832,1.);
#8832 = DIRECTION('',(0.,0.,1.));
#8833 = ORIENTED_EDGE('',*,*,#1863,.F.);
#8834 = ORIENTED_EDGE('',*,*,#8787,.F.);
#8835 = ORIENTED_EDGE('',*,*,#8836,.T.);
#8836 = EDGE_CURVE('',#8779,#8827,#8837,.T.);
#8837 = LINE('',#8838,#8839);
#8838 = CARTESIAN_POINT('',(352.,288.,-14.05100021362));
#8839 = VECTOR('',#8840,1.);
#8840 = DIRECTION('',(0.,1.,0.));
#8841 = PLANE('',#8842);
#8842 = AXIS2_PLACEMENT_3D('',#8843,#8844,#8845);
#8843 = CARTESIAN_POINT('',(352.,288.,-14.05100021362));
#8844 = DIRECTION('',(1.,0.,0.));
#8845 = DIRECTION('',(0.,0.,1.));
#8846 = ADVANCED_FACE('',(#8847),#8866,.F.);
#8847 = FACE_BOUND('',#8848,.T.);
#8848 = EDGE_LOOP('',(#8849,#8858,#8864,#8865));
#8849 = ORIENTED_EDGE('',*,*,#8850,.T.);
#8850 = EDGE_CURVE('',#8805,#8851,#8853,.T.);
#8851 = VERTEX_POINT('',#8852);
#8852 = CARTESIAN_POINT('',(315.571,331.,-21.97));
#8853 = CIRCLE('',#8854,3.174);
#8854 = AXIS2_PLACEMENT_3D('',#8855,#8856,#8857);
#8855 = CARTESIAN_POINT('',(315.571,327.826,-21.97));
#8856 = DIRECTION('',(-0.,-0.,-1.));
#8857 = DIRECTION('',(0.,-1.,0.));
#8858 = ORIENTED_EDGE('',*,*,#8859,.T.);
#8859 = EDGE_CURVE('',#8851,#1804,#8860,.T.);
#8860 = LINE('',#8861,#8862);
#8861 = CARTESIAN_POINT('',(315.571,331.,-21.97));
#8862 = VECTOR('',#8863,1.);
#8863 = DIRECTION('',(0.,0.,1.));
#8864 = ORIENTED_EDGE('',*,*,#1803,.F.);
#8865 = ORIENTED_EDGE('',*,*,#8812,.F.);
#8866 = CYLINDRICAL_SURFACE('',#8867,3.174);
#8867 = AXIS2_PLACEMENT_3D('',#8868,#8869,#8870);
#8868 = CARTESIAN_POINT('',(315.571,327.826,-21.97));
#8869 = DIRECTION('',(0.,0.,1.));
#8870 = DIRECTION('',(-1.,0.,0.));
#8871 = ADVANCED_FACE('',(#8872),#8891,.F.);
#8872 = FACE_BOUND('',#8873,.F.);
#8873 = EDGE_LOOP('',(#8874,#8875,#8884,#8890));
#8874 = ORIENTED_EDGE('',*,*,#8826,.F.);
#8875 = ORIENTED_EDGE('',*,*,#8876,.T.);
#8876 = EDGE_CURVE('',#8827,#8877,#8879,.T.);
#8877 = VERTEX_POINT('',#8878);
#8878 = CARTESIAN_POINT('',(348.826,326.,-14.05100021362));
#8879 = CIRCLE('',#8880,3.174);
#8880 = AXIS2_PLACEMENT_3D('',#8881,#8882,#8883);
#8881 = CARTESIAN_POINT('',(348.826,322.826,-14.05100021362));
#8882 = DIRECTION('',(-0.,0.,1.));
#8883 = DIRECTION('',(0.,-1.,0.));
#8884 = ORIENTED_EDGE('',*,*,#8885,.T.);
#8885 = EDGE_CURVE('',#8877,#1847,#8886,.T.);
#8886 = LINE('',#8887,#8888);
#8887 = CARTESIAN_POINT('',(348.826,326.,-14.05100021362));
#8888 = VECTOR('',#8889,1.);
#8889 = DIRECTION('',(0.,0.,1.));
#8890 = ORIENTED_EDGE('',*,*,#1854,.F.);
#8891 = CYLINDRICAL_SURFACE('',#8892,3.174);
#8892 = AXIS2_PLACEMENT_3D('',#8893,#8894,#8895);
#8893 = CARTESIAN_POINT('',(348.826,322.826,-14.05100021362));
#8894 = DIRECTION('',(0.,0.,1.));
#8895 = DIRECTION('',(1.,0.,0.));
#8896 = ADVANCED_FACE('',(#8897),#8915,.F.);
#8897 = FACE_BOUND('',#8898,.F.);
#8898 = EDGE_LOOP('',(#8899,#8907,#8908,#8909));
#8899 = ORIENTED_EDGE('',*,*,#8900,.F.);
#8900 = EDGE_CURVE('',#8851,#8901,#8903,.T.);
#8901 = VERTEX_POINT('',#8902);
#8902 = CARTESIAN_POINT('',(332.223,331.,-21.97));
#8903 = LINE('',#8904,#8905);
#8904 = CARTESIAN_POINT('',(312.397,331.,-21.97));
#8905 = VECTOR('',#8906,1.);
#8906 = DIRECTION('',(1.,0.,0.));
#8907 = ORIENTED_EDGE('',*,*,#8859,.T.);
#8908 = ORIENTED_EDGE('',*,*,#1812,.T.);
#8909 = ORIENTED_EDGE('',*,*,#8910,.F.);
#8910 = EDGE_CURVE('',#8901,#1813,#8911,.T.);
#8911 = LINE('',#8912,#8913);
#8912 = CARTESIAN_POINT('',(332.223,331.,-21.97));
#8913 = VECTOR('',#8914,1.);
#8914 = DIRECTION('',(0.,0.,1.));
#8915 = PLANE('',#8916);
#8916 = AXIS2_PLACEMENT_3D('',#8917,#8918,#8919);
#8917 = CARTESIAN_POINT('',(312.397,331.,-21.97));
#8918 = DIRECTION('',(0.,1.,0.));
#8919 = DIRECTION('',(0.,0.,1.));
#8920 = ADVANCED_FACE('',(#8921),#8939,.F.);
#8921 = FACE_BOUND('',#8922,.F.);
#8922 = EDGE_LOOP('',(#8923,#8924,#8932,#8938));
#8923 = ORIENTED_EDGE('',*,*,#8885,.F.);
#8924 = ORIENTED_EDGE('',*,*,#8925,.F.);
#8925 = EDGE_CURVE('',#8926,#8877,#8928,.T.);
#8926 = VERTEX_POINT('',#8927);
#8927 = CARTESIAN_POINT('',(337.174,326.,-14.05100021362));
#8928 = LINE('',#8929,#8930);
#8929 = CARTESIAN_POINT('',(334.,326.,-14.05100021362));
#8930 = VECTOR('',#8931,1.);
#8931 = DIRECTION('',(1.,0.,0.));
#8932 = ORIENTED_EDGE('',*,*,#8933,.T.);
#8933 = EDGE_CURVE('',#8926,#1838,#8934,.T.);
#8934 = LINE('',#8935,#8936);
#8935 = CARTESIAN_POINT('',(337.174,326.,-14.05100021362));
#8936 = VECTOR('',#8937,1.);
#8937 = DIRECTION('',(0.,0.,1.));
#8938 = ORIENTED_EDGE('',*,*,#1846,.F.);
#8939 = PLANE('',#8940);
#8940 = AXIS2_PLACEMENT_3D('',#8941,#8942,#8943);
#8941 = CARTESIAN_POINT('',(334.,326.,-14.05100021362));
#8942 = DIRECTION('',(0.,1.,0.));
#8943 = DIRECTION('',(0.,0.,1.));
#8944 = ADVANCED_FACE('',(#8945),#8957,.F.);
#8945 = FACE_BOUND('',#8946,.F.);
#8946 = EDGE_LOOP('',(#8947,#8954,#8955,#8956));
#8947 = ORIENTED_EDGE('',*,*,#8948,.T.);
#8948 = EDGE_CURVE('',#8610,#8901,#8949,.T.);
#8949 = CIRCLE('',#8950,3.174);
#8950 = AXIS2_PLACEMENT_3D('',#8951,#8952,#8953);
#8951 = CARTESIAN_POINT('',(332.223,327.826,-21.97));
#8952 = DIRECTION('',(-0.,0.,1.));
#8953 = DIRECTION('',(0.,-1.,0.));
#8954 = ORIENTED_EDGE('',*,*,#8910,.T.);
#8955 = ORIENTED_EDGE('',*,*,#1820,.F.);
#8956 = ORIENTED_EDGE('',*,*,#8617,.F.);
#8957 = CYLINDRICAL_SURFACE('',#8958,3.174);
#8958 = AXIS2_PLACEMENT_3D('',#8959,#8960,#8961);
#8959 = CARTESIAN_POINT('',(332.223,327.826,-21.97));
#8960 = DIRECTION('',(0.,0.,1.));
#8961 = DIRECTION('',(1.,0.,0.));
#8962 = ADVANCED_FACE('',(#8963),#8975,.F.);
#8963 = FACE_BOUND('',#8964,.T.);
#8964 = EDGE_LOOP('',(#8965,#8966,#8973,#8974));
#8965 = ORIENTED_EDGE('',*,*,#8624,.F.);
#8966 = ORIENTED_EDGE('',*,*,#8967,.T.);
#8967 = EDGE_CURVE('',#8625,#8926,#8968,.T.);
#8968 = CIRCLE('',#8969,3.174);
#8969 = AXIS2_PLACEMENT_3D('',#8970,#8971,#8972);
#8970 = CARTESIAN_POINT('',(337.174,322.826,-14.05100021362));
#8971 = DIRECTION('',(-0.,-0.,-1.));
#8972 = DIRECTION('',(0.,-1.,0.));
#8973 = ORIENTED_EDGE('',*,*,#8933,.T.);
#8974 = ORIENTED_EDGE('',*,*,#1837,.T.);
#8975 = CYLINDRICAL_SURFACE('',#8976,3.174);
#8976 = AXIS2_PLACEMENT_3D('',#8977,#8978,#8979);
#8977 = CARTESIAN_POINT('',(337.174,322.826,-14.05100021362));
#8978 = DIRECTION('',(0.,0.,1.));
#8979 = DIRECTION('',(-1.,0.,0.));
#8980 = ADVANCED_FACE('',(#8981,#8991,#9002),#9013,.T.);
#8981 = FACE_BOUND('',#8982,.T.);
#8982 = EDGE_LOOP('',(#8983,#8984,#8985,#8986,#8987,#8988,#8989,#8990));
#8983 = ORIENTED_EDGE('',*,*,#8836,.T.);
#8984 = ORIENTED_EDGE('',*,*,#8876,.T.);
#8985 = ORIENTED_EDGE('',*,*,#8925,.F.);
#8986 = ORIENTED_EDGE('',*,*,#8967,.F.);
#8987 = ORIENTED_EDGE('',*,*,#8632,.T.);
#8988 = ORIENTED_EDGE('',*,*,#8680,.T.);
#8989 = ORIENTED_EDGE('',*,*,#8736,.T.);
#8990 = ORIENTED_EDGE('',*,*,#8778,.T.);
#8991 = FACE_BOUND('',#8992,.T.);
#8992 = EDGE_LOOP('',(#8993));
#8993 = ORIENTED_EDGE('',*,*,#8994,.T.);
#8994 = EDGE_CURVE('',#8995,#8995,#8997,.T.);
#8995 = VERTEX_POINT('',#8996);
#8996 = CARTESIAN_POINT('',(341.2728,295.7,-14.05100021362));
#8997 = CIRCLE('',#8998,1.7272);
#8998 = AXIS2_PLACEMENT_3D('',#8999,#9000,#9001);
#8999 = CARTESIAN_POINT('',(343.,295.7,-14.05100021362));
#9000 = DIRECTION('',(0.,0.,-1.));
#9001 = DIRECTION('',(-1.,0.,0.));
#9002 = FACE_BOUND('',#9003,.T.);
#9003 = EDGE_LOOP('',(#9004));
#9004 = ORIENTED_EDGE('',*,*,#9005,.T.);
#9005 = EDGE_CURVE('',#9006,#9006,#9008,.T.);
#9006 = VERTEX_POINT('',#9007);
#9007 = CARTESIAN_POINT('',(341.2728,318.3,-14.05100021362));
#9008 = CIRCLE('',#9009,1.7272);
#9009 = AXIS2_PLACEMENT_3D('',#9010,#9011,#9012);
#9010 = CARTESIAN_POINT('',(343.,318.3,-14.05100021362));
#9011 = DIRECTION('',(0.,0.,-1.));
#9012 = DIRECTION('',(-1.,0.,0.));
#9013 = PLANE('',#9014);
#9014 = AXIS2_PLACEMENT_3D('',#9015,#9016,#9017);
#9015 = CARTESIAN_POINT('',(334.,288.,-14.05100021362));
#9016 = DIRECTION('',(0.,0.,1.));
#9017 = DIRECTION('',(1.,0.,0.));
#9018 = ADVANCED_FACE('',(#9019),#9038,.F.);
#9019 = FACE_BOUND('',#9020,.F.);
#9020 = EDGE_LOOP('',(#9021,#9022,#9030,#9037));
#9021 = ORIENTED_EDGE('',*,*,#8994,.T.);
#9022 = ORIENTED_EDGE('',*,*,#9023,.T.);
#9023 = EDGE_CURVE('',#8995,#9024,#9026,.T.);
#9024 = VERTEX_POINT('',#9025);
#9025 = CARTESIAN_POINT('',(341.2728,295.7,-38.1));
#9026 = LINE('',#9027,#9028);
#9027 = CARTESIAN_POINT('',(341.2728,295.7,-6.35));
#9028 = VECTOR('',#9029,1.);
#9029 = DIRECTION('',(0.,0.,-1.));
#9030 = ORIENTED_EDGE('',*,*,#9031,.F.);
#9031 = EDGE_CURVE('',#9024,#9024,#9032,.T.);
#9032 = CIRCLE('',#9033,1.7272);
#9033 = AXIS2_PLACEMENT_3D('',#9034,#9035,#9036);
#9034 = CARTESIAN_POINT('',(343.,295.7,-38.1));
#9035 = DIRECTION('',(0.,0.,-1.));
#9036 = DIRECTION('',(-1.,0.,0.));
#9037 = ORIENTED_EDGE('',*,*,#9023,.F.);
#9038 = CYLINDRICAL_SURFACE('',#9039,1.7272);
#9039 = AXIS2_PLACEMENT_3D('',#9040,#9041,#9042);
#9040 = CARTESIAN_POINT('',(343.,295.7,-6.35));
#9041 = DIRECTION('',(0.,0.,-1.));
#9042 = DIRECTION('',(-1.,0.,0.));
#9043 = ADVANCED_FACE('',(#9044),#9063,.F.);
#9044 = FACE_BOUND('',#9045,.F.);
#9045 = EDGE_LOOP('',(#9046,#9047,#9055,#9062));
#9046 = ORIENTED_EDGE('',*,*,#9005,.T.);
#9047 = ORIENTED_EDGE('',*,*,#9048,.T.);
#9048 = EDGE_CURVE('',#9006,#9049,#9051,.T.);
#9049 = VERTEX_POINT('',#9050);
#9050 = CARTESIAN_POINT('',(341.2728,318.3,-38.1));
#9051 = LINE('',#9052,#9053);
#9052 = CARTESIAN_POINT('',(341.2728,318.3,-6.35));
#9053 = VECTOR('',#9054,1.);
#9054 = DIRECTION('',(0.,0.,-1.));
#9055 = ORIENTED_EDGE('',*,*,#9056,.F.);
#9056 = EDGE_CURVE('',#9049,#9049,#9057,.T.);
#9057 = CIRCLE('',#9058,1.7272);
#9058 = AXIS2_PLACEMENT_3D('',#9059,#9060,#9061);
#9059 = CARTESIAN_POINT('',(343.,318.3,-38.1));
#9060 = DIRECTION('',(0.,0.,-1.));
#9061 = DIRECTION('',(-1.,0.,0.));
#9062 = ORIENTED_EDGE('',*,*,#9048,.F.);
#9063 = CYLINDRICAL_SURFACE('',#9064,1.7272);
#9064 = AXIS2_PLACEMENT_3D('',#9065,#9066,#9067);
#9065 = CARTESIAN_POINT('',(343.,318.3,-6.35));
#9066 = DIRECTION('',(0.,0.,-1.));
#9067 = DIRECTION('',(-1.,0.,0.));
#9068 = ADVANCED_FACE('',(#9069,#9079,#9090),#9101,.T.);
#9069 = FACE_BOUND('',#9070,.T.);
#9070 = EDGE_LOOP('',(#9071,#9072,#9073,#9074,#9075,#9076,#9077,#9078));
#9071 = ORIENTED_EDGE('',*,*,#8609,.T.);
#9072 = ORIENTED_EDGE('',*,*,#8948,.T.);
#9073 = ORIENTED_EDGE('',*,*,#8900,.F.);
#9074 = ORIENTED_EDGE('',*,*,#8850,.F.);
#9075 = ORIENTED_EDGE('',*,*,#8804,.F.);
#9076 = ORIENTED_EDGE('',*,*,#8752,.T.);
#9077 = ORIENTED_EDGE('',*,*,#8704,.T.);
#9078 = ORIENTED_EDGE('',*,*,#8654,.T.);
#9079 = FACE_BOUND('',#9080,.T.);
#9080 = EDGE_LOOP('',(#9081));
#9081 = ORIENTED_EDGE('',*,*,#9082,.T.);
#9082 = EDGE_CURVE('',#9083,#9083,#9085,.T.);
#9083 = VERTEX_POINT('',#9084);
#9084 = CARTESIAN_POINT('',(322.1698,294.5,-21.97));
#9085 = CIRCLE('',#9086,1.7272);
#9086 = AXIS2_PLACEMENT_3D('',#9087,#9088,#9089);
#9087 = CARTESIAN_POINT('',(323.897,294.5,-21.97));
#9088 = DIRECTION('',(0.,0.,-1.));
#9089 = DIRECTION('',(-1.,0.,0.));
#9090 = FACE_BOUND('',#9091,.T.);
#9091 = EDGE_LOOP('',(#9092));
#9092 = ORIENTED_EDGE('',*,*,#9093,.T.);
#9093 = EDGE_CURVE('',#9094,#9094,#9096,.T.);
#9094 = VERTEX_POINT('',#9095);
#9095 = CARTESIAN_POINT('',(322.1698,319.5,-21.97));
#9096 = CIRCLE('',#9097,1.7272);
#9097 = AXIS2_PLACEMENT_3D('',#9098,#9099,#9100);
#9098 = CARTESIAN_POINT('',(323.897,319.5,-21.97));
#9099 = DIRECTION('',(0.,0.,-1.));
#9100 = DIRECTION('',(-1.,0.,0.));
#9101 = PLANE('',#9102);
#9102 = AXIS2_PLACEMENT_3D('',#9103,#9104,#9105);
#9103 = CARTESIAN_POINT('',(312.397,283.,-21.97));
#9104 = DIRECTION('',(0.,0.,1.));
#9105 = DIRECTION('',(1.,0.,0.));
#9106 = ADVANCED_FACE('',(#9107),#9126,.F.);
#9107 = FACE_BOUND('',#9108,.F.);
#9108 = EDGE_LOOP('',(#9109,#9110,#9118,#9125));
#9109 = ORIENTED_EDGE('',*,*,#9082,.T.);
#9110 = ORIENTED_EDGE('',*,*,#9111,.T.);
#9111 = EDGE_CURVE('',#9083,#9112,#9114,.T.);
#9112 = VERTEX_POINT('',#9113);
#9113 = CARTESIAN_POINT('',(322.1698,294.5,-38.1));
#9114 = LINE('',#9115,#9116);
#9115 = CARTESIAN_POINT('',(322.1698,294.5,-13.97));
#9116 = VECTOR('',#9117,1.);
#9117 = DIRECTION('',(0.,0.,-1.));
#9118 = ORIENTED_EDGE('',*,*,#9119,.F.);
#9119 = EDGE_CURVE('',#9112,#9112,#9120,.T.);
#9120 = CIRCLE('',#9121,1.7272);
#9121 = AXIS2_PLACEMENT_3D('',#9122,#9123,#9124);
#9122 = CARTESIAN_POINT('',(323.897,294.5,-38.1));
#9123 = DIRECTION('',(0.,0.,-1.));
#9124 = DIRECTION('',(-1.,0.,0.));
#9125 = ORIENTED_EDGE('',*,*,#9111,.F.);
#9126 = CYLINDRICAL_SURFACE('',#9127,1.7272);
#9127 = AXIS2_PLACEMENT_3D('',#9128,#9129,#9130);
#9128 = CARTESIAN_POINT('',(323.897,294.5,-13.97));
#9129 = DIRECTION('',(0.,0.,-1.));
#9130 = DIRECTION('',(-1.,0.,0.));
#9131 = ADVANCED_FACE('',(#9132),#9151,.F.);
#9132 = FACE_BOUND('',#9133,.F.);
#9133 = EDGE_LOOP('',(#9134,#9135,#9143,#9150));
#9134 = ORIENTED_EDGE('',*,*,#9093,.T.);
#9135 = ORIENTED_EDGE('',*,*,#9136,.T.);
#9136 = EDGE_CURVE('',#9094,#9137,#9139,.T.);
#9137 = VERTEX_POINT('',#9138);
#9138 = CARTESIAN_POINT('',(322.1698,319.5,-38.1));
#9139 = LINE('',#9140,#9141);
#9140 = CARTESIAN_POINT('',(322.1698,319.5,-13.97));
#9141 = VECTOR('',#9142,1.);
#9142 = DIRECTION('',(0.,0.,-1.));
#9143 = ORIENTED_EDGE('',*,*,#9144,.F.);
#9144 = EDGE_CURVE('',#9137,#9137,#9145,.T.);
#9145 = CIRCLE('',#9146,1.7272);
#9146 = AXIS2_PLACEMENT_3D('',#9147,#9148,#9149);
#9147 = CARTESIAN_POINT('',(323.897,319.5,-38.1));
#9148 = DIRECTION('',(0.,0.,-1.));
#9149 = DIRECTION('',(-1.,0.,0.));
#9150 = ORIENTED_EDGE('',*,*,#9136,.F.);
#9151 = CYLINDRICAL_SURFACE('',#9152,1.7272);
#9152 = AXIS2_PLACEMENT_3D('',#9153,#9154,#9155);
#9153 = CARTESIAN_POINT('',(323.897,319.5,-13.97));
#9154 = DIRECTION('',(0.,0.,-1.));
#9155 = DIRECTION('',(-1.,0.,0.));
#9156 = ADVANCED_FACE('',(#9157),#9182,.F.);
#9157 = FACE_BOUND('',#9158,.F.);
#9158 = EDGE_LOOP('',(#9159,#9167,#9168,#9176));
#9159 = ORIENTED_EDGE('',*,*,#9160,.T.);
#9160 = EDGE_CURVE('',#9161,#1900,#9163,.T.);
#9161 = VERTEX_POINT('',#9162);
#9162 = CARTESIAN_POINT('',(506.80649819183,153.46155950927,
    -12.70230102539));
#9163 = LINE('',#9164,#9165);
#9164 = CARTESIAN_POINT('',(506.80649819183,153.46155950927,
    -12.70230102539));
#9165 = VECTOR('',#9166,1.);
#9166 = DIRECTION('',(0.,0.,1.));
#9167 = ORIENTED_EDGE('',*,*,#1897,.F.);
#9168 = ORIENTED_EDGE('',*,*,#9169,.F.);
#9169 = EDGE_CURVE('',#9170,#1898,#9172,.T.);
#9170 = VERTEX_POINT('',#9171);
#9171 = CARTESIAN_POINT('',(506.80649819183,176.5135591278,
    -12.70230102539));
#9172 = LINE('',#9173,#9174);
#9173 = CARTESIAN_POINT('',(506.80649819183,176.5135591278,
    -12.70230102539));
#9174 = VECTOR('',#9175,1.);
#9175 = DIRECTION('',(0.,0.,1.));
#9176 = ORIENTED_EDGE('',*,*,#9177,.T.);
#9177 = EDGE_CURVE('',#9170,#9161,#9178,.T.);
#9178 = LINE('',#9179,#9180);
#9179 = CARTESIAN_POINT('',(506.80649819183,179.6875591278,
    -12.70230102539));
#9180 = VECTOR('',#9181,1.);
#9181 = DIRECTION('',(0.,-1.,0.));
#9182 = PLANE('',#9183);
#9183 = AXIS2_PLACEMENT_3D('',#9184,#9185,#9186);
#9184 = CARTESIAN_POINT('',(506.80649819183,179.6875591278,
    -12.70230102539));
#9185 = DIRECTION('',(-1.,0.,0.));
#9186 = DIRECTION('',(0.,0.,1.));
#9187 = ADVANCED_FACE('',(#9188),#9207,.F.);
#9188 = FACE_BOUND('',#9189,.F.);
#9189 = EDGE_LOOP('',(#9190,#9198,#9205,#9206));
#9190 = ORIENTED_EDGE('',*,*,#9191,.F.);
#9191 = EDGE_CURVE('',#9192,#1908,#9194,.T.);
#9192 = VERTEX_POINT('',#9193);
#9193 = CARTESIAN_POINT('',(509.98049819183,179.6875591278,
    -12.70230102539));
#9194 = LINE('',#9195,#9196);
#9195 = CARTESIAN_POINT('',(509.98049819183,179.6875591278,
    -12.70230102539));
#9196 = VECTOR('',#9197,1.);
#9197 = DIRECTION('',(0.,0.,1.));
#9198 = ORIENTED_EDGE('',*,*,#9199,.T.);
#9199 = EDGE_CURVE('',#9192,#9170,#9200,.T.);
#9200 = CIRCLE('',#9201,3.174);
#9201 = AXIS2_PLACEMENT_3D('',#9202,#9203,#9204);
#9202 = CARTESIAN_POINT('',(509.98049819183,176.5135591278,
    -12.70230102539));
#9203 = DIRECTION('',(0.,-0.,1.));
#9204 = DIRECTION('',(0.,1.,0.));
#9205 = ORIENTED_EDGE('',*,*,#9169,.T.);
#9206 = ORIENTED_EDGE('',*,*,#1907,.F.);
#9207 = CYLINDRICAL_SURFACE('',#9208,3.174);
#9208 = AXIS2_PLACEMENT_3D('',#9209,#9210,#9211);
#9209 = CARTESIAN_POINT('',(509.98049819183,176.5135591278,
    -12.70230102539));
#9210 = DIRECTION('',(0.,0.,1.));
#9211 = DIRECTION('',(0.,1.,0.));
#9212 = ADVANCED_FACE('',(#9213),#9232,.F.);
#9213 = FACE_BOUND('',#9214,.F.);
#9214 = EDGE_LOOP('',(#9215,#9216,#9225,#9231));
#9215 = ORIENTED_EDGE('',*,*,#9160,.F.);
#9216 = ORIENTED_EDGE('',*,*,#9217,.T.);
#9217 = EDGE_CURVE('',#9161,#9218,#9220,.T.);
#9218 = VERTEX_POINT('',#9219);
#9219 = CARTESIAN_POINT('',(509.98049819183,150.28755950927,
    -12.70230102539));
#9220 = CIRCLE('',#9221,3.174);
#9221 = AXIS2_PLACEMENT_3D('',#9222,#9223,#9224);
#9222 = CARTESIAN_POINT('',(509.98049819183,153.46155950927,
    -12.70230102539));
#9223 = DIRECTION('',(0.,-0.,1.));
#9224 = DIRECTION('',(0.,1.,0.));
#9225 = ORIENTED_EDGE('',*,*,#9226,.T.);
#9226 = EDGE_CURVE('',#9218,#2010,#9227,.T.);
#9227 = LINE('',#9228,#9229);
#9228 = CARTESIAN_POINT('',(509.98049819183,150.28755950927,
    -12.70230102539));
#9229 = VECTOR('',#9230,1.);
#9230 = DIRECTION('',(0.,0.,1.));
#9231 = ORIENTED_EDGE('',*,*,#2017,.F.);
#9232 = CYLINDRICAL_SURFACE('',#9233,3.174);
#9233 = AXIS2_PLACEMENT_3D('',#9234,#9235,#9236);
#9234 = CARTESIAN_POINT('',(509.98049819183,153.46155950927,
    -12.70230102539));
#9235 = DIRECTION('',(0.,0.,1.));
#9236 = DIRECTION('',(-1.,0.,0.));
#9237 = ADVANCED_FACE('',(#9238),#9256,.T.);
#9238 = FACE_BOUND('',#9239,.T.);
#9239 = EDGE_LOOP('',(#9240,#9241,#9249,#9255));
#9240 = ORIENTED_EDGE('',*,*,#9191,.F.);
#9241 = ORIENTED_EDGE('',*,*,#9242,.F.);
#9242 = EDGE_CURVE('',#9243,#9192,#9245,.T.);
#9243 = VERTEX_POINT('',#9244);
#9244 = CARTESIAN_POINT('',(530.7168239746,179.6875591278,
    -12.70230102539));
#9245 = LINE('',#9246,#9247);
#9246 = CARTESIAN_POINT('',(541.49732365417,179.6875591278,
    -12.70230102539));
#9247 = VECTOR('',#9248,1.);
#9248 = DIRECTION('',(-1.,0.,0.));
#9249 = ORIENTED_EDGE('',*,*,#9250,.F.);
#9250 = EDGE_CURVE('',#1917,#9243,#9251,.T.);
#9251 = LINE('',#9252,#9253);
#9252 = CARTESIAN_POINT('',(530.7168239746,179.6875591278,
    -16.27731960105));
#9253 = VECTOR('',#9254,1.);
#9254 = DIRECTION('',(-0.,-0.,-1.));
#9255 = ORIENTED_EDGE('',*,*,#1916,.F.);
#9256 = PLANE('',#9257);
#9257 = AXIS2_PLACEMENT_3D('',#9258,#9259,#9260);
#9258 = CARTESIAN_POINT('',(541.49732365417,179.6875591278,
    -12.70230102539));
#9259 = DIRECTION('',(0.,-1.,0.));
#9260 = DIRECTION('',(0.,0.,1.));
#9261 = ADVANCED_FACE('',(#9262),#9280,.F.);
#9262 = FACE_BOUND('',#9263,.F.);
#9263 = EDGE_LOOP('',(#9264,#9265,#9273,#9279));
#9264 = ORIENTED_EDGE('',*,*,#9226,.F.);
#9265 = ORIENTED_EDGE('',*,*,#9266,.F.);
#9266 = EDGE_CURVE('',#9267,#9218,#9269,.T.);
#9267 = VERTEX_POINT('',#9268);
#9268 = CARTESIAN_POINT('',(538.32332365417,150.28755950927,
    -12.70230102539));
#9269 = LINE('',#9270,#9271);
#9270 = CARTESIAN_POINT('',(541.49732365417,150.28755950927,
    -12.70230102539));
#9271 = VECTOR('',#9272,1.);
#9272 = DIRECTION('',(-1.,0.,0.));
#9273 = ORIENTED_EDGE('',*,*,#9274,.T.);
#9274 = EDGE_CURVE('',#9267,#2001,#9275,.T.);
#9275 = LINE('',#9276,#9277);
#9276 = CARTESIAN_POINT('',(538.32332365417,150.28755950927,
    -12.70230102539));
#9277 = VECTOR('',#9278,1.);
#9278 = DIRECTION('',(0.,0.,1.));
#9279 = ORIENTED_EDGE('',*,*,#2009,.F.);
#9280 = PLANE('',#9281);
#9281 = AXIS2_PLACEMENT_3D('',#9282,#9283,#9284);
#9282 = CARTESIAN_POINT('',(541.49732365417,150.28755950927,
    -12.70230102539));
#9283 = DIRECTION('',(0.,-1.,0.));
#9284 = DIRECTION('',(0.,0.,1.));
#9285 = ADVANCED_FACE('',(#9286),#9320,.F.);
#9286 = FACE_BOUND('',#9287,.F.);
#9287 = EDGE_LOOP('',(#9288,#9298,#9304,#9305,#9306,#9314));
#9288 = ORIENTED_EDGE('',*,*,#9289,.T.);
#9289 = EDGE_CURVE('',#9290,#9292,#9294,.T.);
#9290 = VERTEX_POINT('',#9291);
#9291 = CARTESIAN_POINT('',(530.7168239746,168.09091146469,
    -19.85233817672));
#9292 = VERTEX_POINT('',#9293);
#9293 = CARTESIAN_POINT('',(530.7168239746,168.09091146469,
    -12.70230102539));
#9294 = LINE('',#9295,#9296);
#9295 = CARTESIAN_POINT('',(530.7168239746,168.09091146469,
    -19.85233817672));
#9296 = VECTOR('',#9297,1.);
#9297 = DIRECTION('',(0.,0.,1.));
#9298 = ORIENTED_EDGE('',*,*,#9299,.F.);
#9299 = EDGE_CURVE('',#9243,#9292,#9300,.T.);
#9300 = LINE('',#9301,#9302);
#9301 = CARTESIAN_POINT('',(530.7168239746,182.29123537826,
    -12.70230102539));
#9302 = VECTOR('',#9303,1.);
#9303 = DIRECTION('',(0.,-1.,0.));
#9304 = ORIENTED_EDGE('',*,*,#9250,.F.);
#9305 = ORIENTED_EDGE('',*,*,#1924,.F.);
#9306 = ORIENTED_EDGE('',*,*,#9307,.F.);
#9307 = EDGE_CURVE('',#9308,#1925,#9310,.T.);
#9308 = VERTEX_POINT('',#9309);
#9309 = CARTESIAN_POINT('',(530.7168239746,181.72091162872,
    -19.85233817672));
#9310 = LINE('',#9311,#9312);
#9311 = CARTESIAN_POINT('',(530.7168239746,181.72091162872,
    -19.85233817672));
#9312 = VECTOR('',#9313,1.);
#9313 = DIRECTION('',(0.,0.,1.));
#9314 = ORIENTED_EDGE('',*,*,#9315,.T.);
#9315 = EDGE_CURVE('',#9308,#9290,#9316,.T.);
#9316 = LINE('',#9317,#9318);
#9317 = CARTESIAN_POINT('',(530.7168239746,184.89491162872,
    -19.85233817672));
#9318 = VECTOR('',#9319,1.);
#9319 = DIRECTION('',(0.,-1.,0.));
#9320 = PLANE('',#9321);
#9321 = AXIS2_PLACEMENT_3D('',#9322,#9323,#9324);
#9322 = CARTESIAN_POINT('',(530.7168239746,184.89491162872,
    -19.85233817672));
#9323 = DIRECTION('',(-1.,0.,0.));
#9324 = DIRECTION('',(0.,0.,1.));
#9325 = ADVANCED_FACE('',(#9326),#9345,.F.);
#9326 = FACE_BOUND('',#9327,.F.);
#9327 = EDGE_LOOP('',(#9328,#9336,#9343,#9344));
#9328 = ORIENTED_EDGE('',*,*,#9329,.F.);
#9329 = EDGE_CURVE('',#9330,#1933,#9332,.T.);
#9330 = VERTEX_POINT('',#9331);
#9331 = CARTESIAN_POINT('',(533.8908239746,184.89491162872,
    -19.85233817672));
#9332 = LINE('',#9333,#9334);
#9333 = CARTESIAN_POINT('',(533.8908239746,184.89491162872,
    -19.85233817672));
#9334 = VECTOR('',#9335,1.);
#9335 = DIRECTION('',(0.,0.,1.));
#9336 = ORIENTED_EDGE('',*,*,#9337,.T.);
#9337 = EDGE_CURVE('',#9330,#9308,#9338,.T.);
#9338 = CIRCLE('',#9339,3.174);
#9339 = AXIS2_PLACEMENT_3D('',#9340,#9341,#9342);
#9340 = CARTESIAN_POINT('',(533.8908239746,181.72091162872,
    -19.85233817672));
#9341 = DIRECTION('',(0.,-0.,1.));
#9342 = DIRECTION('',(0.,1.,0.));
#9343 = ORIENTED_EDGE('',*,*,#9307,.T.);
#9344 = ORIENTED_EDGE('',*,*,#1932,.F.);
#9345 = CYLINDRICAL_SURFACE('',#9346,3.174);
#9346 = AXIS2_PLACEMENT_3D('',#9347,#9348,#9349);
#9347 = CARTESIAN_POINT('',(533.8908239746,181.72091162872,
    -19.85233817672));
#9348 = DIRECTION('',(0.,0.,1.));
#9349 = DIRECTION('',(0.,1.,0.));
#9350 = ADVANCED_FACE('',(#9351),#9369,.T.);
#9351 = FACE_BOUND('',#9352,.T.);
#9352 = EDGE_LOOP('',(#9353,#9354,#9362,#9368));
#9353 = ORIENTED_EDGE('',*,*,#9329,.F.);
#9354 = ORIENTED_EDGE('',*,*,#9355,.F.);
#9355 = EDGE_CURVE('',#9356,#9330,#9358,.T.);
#9356 = VERTEX_POINT('',#9357);
#9357 = CARTESIAN_POINT('',(549.55282420349,184.89491162872,
    -19.85233817672));
#9358 = LINE('',#9359,#9360);
#9359 = CARTESIAN_POINT('',(552.72682420349,184.89491162872,
    -19.85233817672));
#9360 = VECTOR('',#9361,1.);
#9361 = DIRECTION('',(-1.,0.,0.));
#9362 = ORIENTED_EDGE('',*,*,#9363,.T.);
#9363 = EDGE_CURVE('',#9356,#1942,#9364,.T.);
#9364 = LINE('',#9365,#9366);
#9365 = CARTESIAN_POINT('',(549.55282420349,184.89491162872,
    -19.85233817672));
#9366 = VECTOR('',#9367,1.);
#9367 = DIRECTION('',(0.,0.,1.));
#9368 = ORIENTED_EDGE('',*,*,#1941,.F.);
#9369 = PLANE('',#9370);
#9370 = AXIS2_PLACEMENT_3D('',#9371,#9372,#9373);
#9371 = CARTESIAN_POINT('',(552.72682420349,184.89491162872,
    -19.85233817672));
#9372 = DIRECTION('',(0.,-1.,0.));
#9373 = DIRECTION('',(0.,0.,1.));
#9374 = ADVANCED_FACE('',(#9375),#9394,.F.);
#9375 = FACE_BOUND('',#9376,.F.);
#9376 = EDGE_LOOP('',(#9377,#9385,#9392,#9393));
#9377 = ORIENTED_EDGE('',*,*,#9378,.F.);
#9378 = EDGE_CURVE('',#9379,#1950,#9381,.T.);
#9379 = VERTEX_POINT('',#9380);
#9380 = CARTESIAN_POINT('',(552.72682420349,181.72091162872,
    -19.85233817672));
#9381 = LINE('',#9382,#9383);
#9382 = CARTESIAN_POINT('',(552.72682420349,181.72091162872,
    -19.85233817672));
#9383 = VECTOR('',#9384,1.);
#9384 = DIRECTION('',(0.,0.,1.));
#9385 = ORIENTED_EDGE('',*,*,#9386,.T.);
#9386 = EDGE_CURVE('',#9379,#9356,#9387,.T.);
#9387 = CIRCLE('',#9388,3.174);
#9388 = AXIS2_PLACEMENT_3D('',#9389,#9390,#9391);
#9389 = CARTESIAN_POINT('',(549.55282420349,181.72091162872,
    -19.85233817672));
#9390 = DIRECTION('',(0.,-0.,1.));
#9391 = DIRECTION('',(0.,1.,0.));
#9392 = ORIENTED_EDGE('',*,*,#9363,.T.);
#9393 = ORIENTED_EDGE('',*,*,#1949,.F.);
#9394 = CYLINDRICAL_SURFACE('',#9395,3.174);
#9395 = AXIS2_PLACEMENT_3D('',#9396,#9397,#9398);
#9396 = CARTESIAN_POINT('',(549.55282420349,181.72091162872,
    -19.85233817672));
#9397 = DIRECTION('',(0.,0.,1.));
#9398 = DIRECTION('',(1.,0.,0.));
#9399 = ADVANCED_FACE('',(#9400),#9418,.T.);
#9400 = FACE_BOUND('',#9401,.T.);
#9401 = EDGE_LOOP('',(#9402,#9410,#9411,#9412));
#9402 = ORIENTED_EDGE('',*,*,#9403,.T.);
#9403 = EDGE_CURVE('',#9404,#1959,#9406,.T.);
#9404 = VERTEX_POINT('',#9405);
#9405 = CARTESIAN_POINT('',(552.72682420349,168.09091146469,
    -19.85233817672));
#9406 = LINE('',#9407,#9408);
#9407 = CARTESIAN_POINT('',(552.72682420349,168.09091146469,
    -19.85233817672));
#9408 = VECTOR('',#9409,1.);
#9409 = DIRECTION('',(0.,0.,1.));
#9410 = ORIENTED_EDGE('',*,*,#1958,.F.);
#9411 = ORIENTED_EDGE('',*,*,#9378,.F.);
#9412 = ORIENTED_EDGE('',*,*,#9413,.T.);
#9413 = EDGE_CURVE('',#9379,#9404,#9414,.T.);
#9414 = LINE('',#9415,#9416);
#9415 = CARTESIAN_POINT('',(552.72682420349,184.89491162872,
    -19.85233817672));
#9416 = VECTOR('',#9417,1.);
#9417 = DIRECTION('',(0.,-1.,0.));
#9418 = PLANE('',#9419);
#9419 = AXIS2_PLACEMENT_3D('',#9420,#9421,#9422);
#9420 = CARTESIAN_POINT('',(552.72682420349,184.89491162872,
    -19.85233817672));
#9421 = DIRECTION('',(-1.,0.,0.));
#9422 = DIRECTION('',(0.,0.,1.));
#9423 = ADVANCED_FACE('',(#9424),#9444,.F.);
#9424 = FACE_BOUND('',#9425,.T.);
#9425 = EDGE_LOOP('',(#9426,#9427,#9436,#9442,#9443));
#9426 = ORIENTED_EDGE('',*,*,#9403,.F.);
#9427 = ORIENTED_EDGE('',*,*,#9428,.T.);
#9428 = EDGE_CURVE('',#9404,#9429,#9431,.T.);
#9429 = VERTEX_POINT('',#9430);
#9430 = CARTESIAN_POINT('',(549.55282420349,164.91691146469,
    -19.85233817672));
#9431 = CIRCLE('',#9432,3.174);
#9432 = AXIS2_PLACEMENT_3D('',#9433,#9434,#9435);
#9433 = CARTESIAN_POINT('',(549.55282420349,168.09091146469,
    -19.85233817672));
#9434 = DIRECTION('',(0.,0.,-1.));
#9435 = DIRECTION('',(0.,1.,0.));
#9436 = ORIENTED_EDGE('',*,*,#9437,.T.);
#9437 = EDGE_CURVE('',#9429,#1976,#9438,.T.);
#9438 = LINE('',#9439,#9440);
#9439 = CARTESIAN_POINT('',(549.55282420349,164.91691146469,
    -19.85233817672));
#9440 = VECTOR('',#9441,1.);
#9441 = DIRECTION('',(0.,0.,1.));
#9442 = ORIENTED_EDGE('',*,*,#1975,.T.);
#9443 = ORIENTED_EDGE('',*,*,#1966,.T.);
#9444 = CYLINDRICAL_SURFACE('',#9445,3.174);
#9445 = AXIS2_PLACEMENT_3D('',#9446,#9447,#9448);
#9446 = CARTESIAN_POINT('',(549.55282420349,168.09091146469,
    -19.85233817672));
#9447 = DIRECTION('',(0.,0.,1.));
#9448 = DIRECTION('',(1.,0.,0.));
#9449 = ADVANCED_FACE('',(#9450,#9490),#9501,.T.);
#9450 = FACE_BOUND('',#9451,.T.);
#9451 = EDGE_LOOP('',(#9452,#9453,#9454,#9455,#9464,#9472,#9480,#9487,
    #9488,#9489));
#9452 = ORIENTED_EDGE('',*,*,#9177,.T.);
#9453 = ORIENTED_EDGE('',*,*,#9217,.T.);
#9454 = ORIENTED_EDGE('',*,*,#9266,.F.);
#9455 = ORIENTED_EDGE('',*,*,#9456,.F.);
#9456 = EDGE_CURVE('',#9457,#9267,#9459,.T.);
#9457 = VERTEX_POINT('',#9458);
#9458 = CARTESIAN_POINT('',(541.49732365417,153.46155950927,
    -12.70230102539));
#9459 = CIRCLE('',#9460,3.174);
#9460 = AXIS2_PLACEMENT_3D('',#9461,#9462,#9463);
#9461 = CARTESIAN_POINT('',(538.32332365417,153.46155950927,
    -12.70230102539));
#9462 = DIRECTION('',(0.,0.,-1.));
#9463 = DIRECTION('',(0.,1.,0.));
#9464 = ORIENTED_EDGE('',*,*,#9465,.F.);
#9465 = EDGE_CURVE('',#9466,#9457,#9468,.T.);
#9466 = VERTEX_POINT('',#9467);
#9467 = CARTESIAN_POINT('',(541.49732365417,164.91691146469,
    -12.70230102539));
#9468 = LINE('',#9469,#9470);
#9469 = CARTESIAN_POINT('',(541.49732365417,179.6875591278,
    -12.70230102539));
#9470 = VECTOR('',#9471,1.);
#9471 = DIRECTION('',(0.,-1.,0.));
#9472 = ORIENTED_EDGE('',*,*,#9473,.F.);
#9473 = EDGE_CURVE('',#9474,#9466,#9476,.T.);
#9474 = VERTEX_POINT('',#9475);
#9475 = CARTESIAN_POINT('',(533.8908239746,164.91691146469,
    -12.70230102539));
#9476 = LINE('',#9477,#9478);
#9477 = CARTESIAN_POINT('',(547.11207392883,164.91691146469,
    -12.70230102539));
#9478 = VECTOR('',#9479,1.);
#9479 = DIRECTION('',(1.,0.,0.));
#9480 = ORIENTED_EDGE('',*,*,#9481,.F.);
#9481 = EDGE_CURVE('',#9292,#9474,#9482,.T.);
#9482 = CIRCLE('',#9483,3.174);
#9483 = AXIS2_PLACEMENT_3D('',#9484,#9485,#9486);
#9484 = CARTESIAN_POINT('',(533.8908239746,168.09091146469,
    -12.70230102539));
#9485 = DIRECTION('',(0.,0.,1.));
#9486 = DIRECTION('',(-1.,0.,0.));
#9487 = ORIENTED_EDGE('',*,*,#9299,.F.);
#9488 = ORIENTED_EDGE('',*,*,#9242,.T.);
#9489 = ORIENTED_EDGE('',*,*,#9199,.T.);
#9490 = FACE_BOUND('',#9491,.T.);
#9491 = EDGE_LOOP('',(#9492));
#9492 = ORIENTED_EDGE('',*,*,#9493,.T.);
#9493 = EDGE_CURVE('',#9494,#9494,#9496,.T.);
#9494 = VERTEX_POINT('',#9495);
#9495 = CARTESIAN_POINT('',(526.720375634,165.,-12.70230102539));
#9496 = CIRCLE('',#9497,1.7272);
#9497 = AXIS2_PLACEMENT_3D('',#9498,#9499,#9500);
#9498 = CARTESIAN_POINT('',(524.993175634,165.,-12.70230102539));
#9499 = DIRECTION('',(0.,0.,-1.));
#9500 = DIRECTION('',(1.,-0.,0.));
#9501 = PLANE('',#9502);
#9502 = AXIS2_PLACEMENT_3D('',#9503,#9504,#9505);
#9503 = CARTESIAN_POINT('',(541.49732365417,179.6875591278,
    -12.70230102539));
#9504 = DIRECTION('',(0.,0.,1.));
#9505 = DIRECTION('',(-1.,0.,0.));
#9506 = ADVANCED_FACE('',(#9507),#9526,.F.);
#9507 = FACE_BOUND('',#9508,.F.);
#9508 = EDGE_LOOP('',(#9509,#9510,#9518,#9525));
#9509 = ORIENTED_EDGE('',*,*,#9493,.T.);
#9510 = ORIENTED_EDGE('',*,*,#9511,.T.);
#9511 = EDGE_CURVE('',#9494,#9512,#9514,.T.);
#9512 = VERTEX_POINT('',#9513);
#9513 = CARTESIAN_POINT('',(526.720375634,165.,-38.1));
#9514 = LINE('',#9515,#9516);
#9515 = CARTESIAN_POINT('',(526.720375634,165.,-12.7));
#9516 = VECTOR('',#9517,1.);
#9517 = DIRECTION('',(0.,0.,-1.));
#9518 = ORIENTED_EDGE('',*,*,#9519,.F.);
#9519 = EDGE_CURVE('',#9512,#9512,#9520,.T.);
#9520 = CIRCLE('',#9521,1.7272);
#9521 = AXIS2_PLACEMENT_3D('',#9522,#9523,#9524);
#9522 = CARTESIAN_POINT('',(524.993175634,165.,-38.1));
#9523 = DIRECTION('',(0.,0.,-1.));
#9524 = DIRECTION('',(1.,0.,0.));
#9525 = ORIENTED_EDGE('',*,*,#9511,.F.);
#9526 = CYLINDRICAL_SURFACE('',#9527,1.7272);
#9527 = AXIS2_PLACEMENT_3D('',#9528,#9529,#9530);
#9528 = CARTESIAN_POINT('',(524.993175634,165.,-12.7));
#9529 = DIRECTION('',(0.,0.,-1.));
#9530 = DIRECTION('',(1.,-0.,0.));
#9531 = ADVANCED_FACE('',(#9532),#9543,.F.);
#9532 = FACE_BOUND('',#9533,.T.);
#9533 = EDGE_LOOP('',(#9534,#9540,#9541,#9542));
#9534 = ORIENTED_EDGE('',*,*,#9535,.F.);
#9535 = EDGE_CURVE('',#9457,#1993,#9536,.T.);
#9536 = LINE('',#9537,#9538);
#9537 = CARTESIAN_POINT('',(541.49732365417,153.46155950927,
    -12.70230102539));
#9538 = VECTOR('',#9539,1.);
#9539 = DIRECTION('',(0.,0.,1.));
#9540 = ORIENTED_EDGE('',*,*,#9456,.T.);
#9541 = ORIENTED_EDGE('',*,*,#9274,.T.);
#9542 = ORIENTED_EDGE('',*,*,#2000,.T.);
#9543 = CYLINDRICAL_SURFACE('',#9544,3.174);
#9544 = AXIS2_PLACEMENT_3D('',#9545,#9546,#9547);
#9545 = CARTESIAN_POINT('',(538.32332365417,153.46155950927,
    -12.70230102539));
#9546 = DIRECTION('',(0.,0.,1.));
#9547 = DIRECTION('',(1.,0.,0.));
#9548 = ADVANCED_FACE('',(#9549),#9568,.F.);
#9549 = FACE_BOUND('',#9550,.F.);
#9550 = EDGE_LOOP('',(#9551,#9552,#9561,#9567));
#9551 = ORIENTED_EDGE('',*,*,#9289,.F.);
#9552 = ORIENTED_EDGE('',*,*,#9553,.T.);
#9553 = EDGE_CURVE('',#9290,#9554,#9556,.T.);
#9554 = VERTEX_POINT('',#9555);
#9555 = CARTESIAN_POINT('',(533.8908239746,164.91691146469,
    -19.85233817672));
#9556 = CIRCLE('',#9557,3.174);
#9557 = AXIS2_PLACEMENT_3D('',#9558,#9559,#9560);
#9558 = CARTESIAN_POINT('',(533.8908239746,168.09091146469,
    -19.85233817672));
#9559 = DIRECTION('',(0.,-0.,1.));
#9560 = DIRECTION('',(0.,1.,0.));
#9561 = ORIENTED_EDGE('',*,*,#9562,.T.);
#9562 = EDGE_CURVE('',#9554,#9474,#9563,.T.);
#9563 = LINE('',#9564,#9565);
#9564 = CARTESIAN_POINT('',(533.8908239746,164.91691146469,
    -19.85233817672));
#9565 = VECTOR('',#9566,1.);
#9566 = DIRECTION('',(0.,0.,1.));
#9567 = ORIENTED_EDGE('',*,*,#9481,.F.);
#9568 = CYLINDRICAL_SURFACE('',#9569,3.174);
#9569 = AXIS2_PLACEMENT_3D('',#9570,#9571,#9572);
#9570 = CARTESIAN_POINT('',(533.8908239746,168.09091146469,
    -19.85233817672));
#9571 = DIRECTION('',(0.,0.,1.));
#9572 = DIRECTION('',(-1.,0.,0.));
#9573 = ADVANCED_FACE('',(#9574),#9589,.T.);
#9574 = FACE_BOUND('',#9575,.T.);
#9575 = EDGE_LOOP('',(#9576,#9577,#9578,#9584,#9585,#9586,#9587,#9588));
#9576 = ORIENTED_EDGE('',*,*,#9315,.T.);
#9577 = ORIENTED_EDGE('',*,*,#9553,.T.);
#9578 = ORIENTED_EDGE('',*,*,#9579,.F.);
#9579 = EDGE_CURVE('',#9429,#9554,#9580,.T.);
#9580 = LINE('',#9581,#9582);
#9581 = CARTESIAN_POINT('',(552.72682420349,164.91691146469,
    -19.85233817672));
#9582 = VECTOR('',#9583,1.);
#9583 = DIRECTION('',(-1.,0.,0.));
#9584 = ORIENTED_EDGE('',*,*,#9428,.F.);
#9585 = ORIENTED_EDGE('',*,*,#9413,.F.);
#9586 = ORIENTED_EDGE('',*,*,#9386,.T.);
#9587 = ORIENTED_EDGE('',*,*,#9355,.T.);
#9588 = ORIENTED_EDGE('',*,*,#9337,.T.);
#9589 = PLANE('',#9590);
#9590 = AXIS2_PLACEMENT_3D('',#9591,#9592,#9593);
#9591 = CARTESIAN_POINT('',(552.72682420349,184.89491162872,
    -19.85233817672));
#9592 = DIRECTION('',(0.,0.,1.));
#9593 = DIRECTION('',(-1.,0.,0.));
#9594 = ADVANCED_FACE('',(#9595),#9606,.T.);
#9595 = FACE_BOUND('',#9596,.T.);
#9596 = EDGE_LOOP('',(#9597,#9598,#9599,#9600));
#9597 = ORIENTED_EDGE('',*,*,#9465,.T.);
#9598 = ORIENTED_EDGE('',*,*,#9535,.T.);
#9599 = ORIENTED_EDGE('',*,*,#1992,.F.);
#9600 = ORIENTED_EDGE('',*,*,#9601,.F.);
#9601 = EDGE_CURVE('',#9466,#1985,#9602,.T.);
#9602 = LINE('',#9603,#9604);
#9603 = CARTESIAN_POINT('',(541.49732365417,164.91691146469,
    -16.27731960105));
#9604 = VECTOR('',#9605,1.);
#9605 = DIRECTION('',(0.,0.,1.));
#9606 = PLANE('',#9607);
#9607 = AXIS2_PLACEMENT_3D('',#9608,#9609,#9610);
#9608 = CARTESIAN_POINT('',(541.49732365417,179.6875591278,
    -12.70230102539));
#9609 = DIRECTION('',(-1.,0.,0.));
#9610 = DIRECTION('',(0.,0.,1.));
#9611 = ADVANCED_FACE('',(#9612),#9620,.F.);
#9612 = FACE_BOUND('',#9613,.F.);
#9613 = EDGE_LOOP('',(#9614,#9615,#9616,#9617,#9618,#9619));
#9614 = ORIENTED_EDGE('',*,*,#9562,.F.);
#9615 = ORIENTED_EDGE('',*,*,#9579,.F.);
#9616 = ORIENTED_EDGE('',*,*,#9437,.T.);
#9617 = ORIENTED_EDGE('',*,*,#1984,.F.);
#9618 = ORIENTED_EDGE('',*,*,#9601,.F.);
#9619 = ORIENTED_EDGE('',*,*,#9473,.F.);
#9620 = PLANE('',#9621);
#9621 = AXIS2_PLACEMENT_3D('',#9622,#9623,#9624);
#9622 = CARTESIAN_POINT('',(552.72682420349,164.91691146469,
    -19.85233817672));
#9623 = DIRECTION('',(0.,-1.,0.));
#9624 = DIRECTION('',(0.,0.,1.));
#9625 = ADVANCED_FACE('',(#9626),#9651,.F.);
#9626 = FACE_BOUND('',#9627,.F.);
#9627 = EDGE_LOOP('',(#9628,#9636,#9637,#9645));
#9628 = ORIENTED_EDGE('',*,*,#9629,.T.);
#9629 = EDGE_CURVE('',#9630,#2029,#9632,.T.);
#9630 = VERTEX_POINT('',#9631);
#9631 = CARTESIAN_POINT('',(506.80649819183,218.46155950927,
    -12.70230102539));
#9632 = LINE('',#9633,#9634);
#9633 = CARTESIAN_POINT('',(506.80649819183,218.46155950927,
    -12.70230102539));
#9634 = VECTOR('',#9635,1.);
#9635 = DIRECTION('',(0.,0.,1.));
#9636 = ORIENTED_EDGE('',*,*,#2026,.F.);
#9637 = ORIENTED_EDGE('',*,*,#9638,.F.);
#9638 = EDGE_CURVE('',#9639,#2027,#9641,.T.);
#9639 = VERTEX_POINT('',#9640);
#9640 = CARTESIAN_POINT('',(506.80649819183,241.5135591278,
    -12.70230102539));
#9641 = LINE('',#9642,#9643);
#9642 = CARTESIAN_POINT('',(506.80649819183,241.5135591278,
    -12.70230102539));
#9643 = VECTOR('',#9644,1.);
#9644 = DIRECTION('',(0.,0.,1.));
#9645 = ORIENTED_EDGE('',*,*,#9646,.T.);
#9646 = EDGE_CURVE('',#9639,#9630,#9647,.T.);
#9647 = LINE('',#9648,#9649);
#9648 = CARTESIAN_POINT('',(506.80649819183,244.6875591278,
    -12.70230102539));
#9649 = VECTOR('',#9650,1.);
#9650 = DIRECTION('',(0.,-1.,0.));
#9651 = PLANE('',#9652);
#9652 = AXIS2_PLACEMENT_3D('',#9653,#9654,#9655);
#9653 = CARTESIAN_POINT('',(506.80649819183,244.6875591278,
    -12.70230102539));
#9654 = DIRECTION('',(-1.,0.,0.));
#9655 = DIRECTION('',(0.,0.,1.));
#9656 = ADVANCED_FACE('',(#9657),#9676,.F.);
#9657 = FACE_BOUND('',#9658,.F.);
#9658 = EDGE_LOOP('',(#9659,#9667,#9674,#9675));
#9659 = ORIENTED_EDGE('',*,*,#9660,.F.);
#9660 = EDGE_CURVE('',#9661,#2037,#9663,.T.);
#9661 = VERTEX_POINT('',#9662);
#9662 = CARTESIAN_POINT('',(509.98049819183,244.6875591278,
    -12.70230102539));
#9663 = LINE('',#9664,#9665);
#9664 = CARTESIAN_POINT('',(509.98049819183,244.6875591278,
    -12.70230102539));
#9665 = VECTOR('',#9666,1.);
#9666 = DIRECTION('',(0.,0.,1.));
#9667 = ORIENTED_EDGE('',*,*,#9668,.T.);
#9668 = EDGE_CURVE('',#9661,#9639,#9669,.T.);
#9669 = CIRCLE('',#9670,3.174);
#9670 = AXIS2_PLACEMENT_3D('',#9671,#9672,#9673);
#9671 = CARTESIAN_POINT('',(509.98049819183,241.5135591278,
    -12.70230102539));
#9672 = DIRECTION('',(0.,-0.,1.));
#9673 = DIRECTION('',(0.,1.,0.));
#9674 = ORIENTED_EDGE('',*,*,#9638,.T.);
#9675 = ORIENTED_EDGE('',*,*,#2036,.F.);
#9676 = CYLINDRICAL_SURFACE('',#9677,3.174);
#9677 = AXIS2_PLACEMENT_3D('',#9678,#9679,#9680);
#9678 = CARTESIAN_POINT('',(509.98049819183,241.5135591278,
    -12.70230102539));
#9679 = DIRECTION('',(0.,0.,1.));
#9680 = DIRECTION('',(0.,1.,0.));
#9681 = ADVANCED_FACE('',(#9682),#9701,.F.);
#9682 = FACE_BOUND('',#9683,.F.);
#9683 = EDGE_LOOP('',(#9684,#9685,#9694,#9700));
#9684 = ORIENTED_EDGE('',*,*,#9629,.F.);
#9685 = ORIENTED_EDGE('',*,*,#9686,.T.);
#9686 = EDGE_CURVE('',#9630,#9687,#9689,.T.);
#9687 = VERTEX_POINT('',#9688);
#9688 = CARTESIAN_POINT('',(509.98049819183,215.28755950927,
    -12.70230102539));
#9689 = CIRCLE('',#9690,3.174);
#9690 = AXIS2_PLACEMENT_3D('',#9691,#9692,#9693);
#9691 = CARTESIAN_POINT('',(509.98049819183,218.46155950927,
    -12.70230102539));
#9692 = DIRECTION('',(0.,-0.,1.));
#9693 = DIRECTION('',(0.,1.,0.));
#9694 = ORIENTED_EDGE('',*,*,#9695,.T.);
#9695 = EDGE_CURVE('',#9687,#2139,#9696,.T.);
#9696 = LINE('',#9697,#9698);
#9697 = CARTESIAN_POINT('',(509.98049819183,215.28755950927,
    -12.70230102539));
#9698 = VECTOR('',#9699,1.);
#9699 = DIRECTION('',(0.,0.,1.));
#9700 = ORIENTED_EDGE('',*,*,#2146,.F.);
#9701 = CYLINDRICAL_SURFACE('',#9702,3.174);
#9702 = AXIS2_PLACEMENT_3D('',#9703,#9704,#9705);
#9703 = CARTESIAN_POINT('',(509.98049819183,218.46155950927,
    -12.70230102539));
#9704 = DIRECTION('',(0.,0.,1.));
#9705 = DIRECTION('',(-1.,0.,0.));
#9706 = ADVANCED_FACE('',(#9707),#9725,.T.);
#9707 = FACE_BOUND('',#9708,.T.);
#9708 = EDGE_LOOP('',(#9709,#9710,#9718,#9724));
#9709 = ORIENTED_EDGE('',*,*,#9660,.F.);
#9710 = ORIENTED_EDGE('',*,*,#9711,.F.);
#9711 = EDGE_CURVE('',#9712,#9661,#9714,.T.);
#9712 = VERTEX_POINT('',#9713);
#9713 = CARTESIAN_POINT('',(530.7168239746,244.6875591278,
    -12.70230102539));
#9714 = LINE('',#9715,#9716);
#9715 = CARTESIAN_POINT('',(541.49732365417,244.6875591278,
    -12.70230102539));
#9716 = VECTOR('',#9717,1.);
#9717 = DIRECTION('',(-1.,0.,0.));
#9718 = ORIENTED_EDGE('',*,*,#9719,.F.);
#9719 = EDGE_CURVE('',#2046,#9712,#9720,.T.);
#9720 = LINE('',#9721,#9722);
#9721 = CARTESIAN_POINT('',(530.7168239746,244.6875591278,
    -16.27731960105));
#9722 = VECTOR('',#9723,1.);
#9723 = DIRECTION('',(-0.,-0.,-1.));
#9724 = ORIENTED_EDGE('',*,*,#2045,.F.);
#9725 = PLANE('',#9726);
#9726 = AXIS2_PLACEMENT_3D('',#9727,#9728,#9729);
#9727 = CARTESIAN_POINT('',(541.49732365417,244.6875591278,
    -12.70230102539));
#9728 = DIRECTION('',(0.,-1.,0.));
#9729 = DIRECTION('',(0.,0.,1.));
#9730 = ADVANCED_FACE('',(#9731),#9749,.F.);
#9731 = FACE_BOUND('',#9732,.F.);
#9732 = EDGE_LOOP('',(#9733,#9734,#9742,#9748));
#9733 = ORIENTED_EDGE('',*,*,#9695,.F.);
#9734 = ORIENTED_EDGE('',*,*,#9735,.F.);
#9735 = EDGE_CURVE('',#9736,#9687,#9738,.T.);
#9736 = VERTEX_POINT('',#9737);
#9737 = CARTESIAN_POINT('',(538.32332365417,215.28755950927,
    -12.70230102539));
#9738 = LINE('',#9739,#9740);
#9739 = CARTESIAN_POINT('',(541.49732365417,215.28755950927,
    -12.70230102539));
#9740 = VECTOR('',#9741,1.);
#9741 = DIRECTION('',(-1.,0.,0.));
#9742 = ORIENTED_EDGE('',*,*,#9743,.T.);
#9743 = EDGE_CURVE('',#9736,#2130,#9744,.T.);
#9744 = LINE('',#9745,#9746);
#9745 = CARTESIAN_POINT('',(538.32332365417,215.28755950927,
    -12.70230102539));
#9746 = VECTOR('',#9747,1.);
#9747 = DIRECTION('',(0.,0.,1.));
#9748 = ORIENTED_EDGE('',*,*,#2138,.F.);
#9749 = PLANE('',#9750);
#9750 = AXIS2_PLACEMENT_3D('',#9751,#9752,#9753);
#9751 = CARTESIAN_POINT('',(541.49732365417,215.28755950927,
    -12.70230102539));
#9752 = DIRECTION('',(0.,-1.,0.));
#9753 = DIRECTION('',(0.,0.,1.));
#9754 = ADVANCED_FACE('',(#9755),#9789,.F.);
#9755 = FACE_BOUND('',#9756,.F.);
#9756 = EDGE_LOOP('',(#9757,#9767,#9773,#9774,#9775,#9783));
#9757 = ORIENTED_EDGE('',*,*,#9758,.T.);
#9758 = EDGE_CURVE('',#9759,#9761,#9763,.T.);
#9759 = VERTEX_POINT('',#9760);
#9760 = CARTESIAN_POINT('',(530.7168239746,233.09091146469,
    -19.85233817672));
#9761 = VERTEX_POINT('',#9762);
#9762 = CARTESIAN_POINT('',(530.7168239746,233.09091146469,
    -12.70230102539));
#9763 = LINE('',#9764,#9765);
#9764 = CARTESIAN_POINT('',(530.7168239746,233.09091146469,
    -19.85233817672));
#9765 = VECTOR('',#9766,1.);
#9766 = DIRECTION('',(0.,0.,1.));
#9767 = ORIENTED_EDGE('',*,*,#9768,.F.);
#9768 = EDGE_CURVE('',#9712,#9761,#9769,.T.);
#9769 = LINE('',#9770,#9771);
#9770 = CARTESIAN_POINT('',(530.7168239746,247.29123537826,
    -12.70230102539));
#9771 = VECTOR('',#9772,1.);
#9772 = DIRECTION('',(0.,-1.,0.));
#9773 = ORIENTED_EDGE('',*,*,#9719,.F.);
#9774 = ORIENTED_EDGE('',*,*,#2053,.F.);
#9775 = ORIENTED_EDGE('',*,*,#9776,.F.);
#9776 = EDGE_CURVE('',#9777,#2054,#9779,.T.);
#9777 = VERTEX_POINT('',#9778);
#9778 = CARTESIAN_POINT('',(530.7168239746,246.72091162872,
    -19.85233817672));
#9779 = LINE('',#9780,#9781);
#9780 = CARTESIAN_POINT('',(530.7168239746,246.72091162872,
    -19.85233817672));
#9781 = VECTOR('',#9782,1.);
#9782 = DIRECTION('',(0.,0.,1.));
#9783 = ORIENTED_EDGE('',*,*,#9784,.T.);
#9784 = EDGE_CURVE('',#9777,#9759,#9785,.T.);
#9785 = LINE('',#9786,#9787);
#9786 = CARTESIAN_POINT('',(530.7168239746,249.89491162872,
    -19.85233817672));
#9787 = VECTOR('',#9788,1.);
#9788 = DIRECTION('',(0.,-1.,0.));
#9789 = PLANE('',#9790);
#9790 = AXIS2_PLACEMENT_3D('',#9791,#9792,#9793);
#9791 = CARTESIAN_POINT('',(530.7168239746,249.89491162872,
    -19.85233817672));
#9792 = DIRECTION('',(-1.,0.,0.));
#9793 = DIRECTION('',(0.,0.,1.));
#9794 = ADVANCED_FACE('',(#9795),#9814,.F.);
#9795 = FACE_BOUND('',#9796,.F.);
#9796 = EDGE_LOOP('',(#9797,#9805,#9812,#9813));
#9797 = ORIENTED_EDGE('',*,*,#9798,.F.);
#9798 = EDGE_CURVE('',#9799,#2062,#9801,.T.);
#9799 = VERTEX_POINT('',#9800);
#9800 = CARTESIAN_POINT('',(533.8908239746,249.89491162872,
    -19.85233817672));
#9801 = LINE('',#9802,#9803);
#9802 = CARTESIAN_POINT('',(533.8908239746,249.89491162872,
    -19.85233817672));
#9803 = VECTOR('',#9804,1.);
#9804 = DIRECTION('',(0.,0.,1.));
#9805 = ORIENTED_EDGE('',*,*,#9806,.T.);
#9806 = EDGE_CURVE('',#9799,#9777,#9807,.T.);
#9807 = CIRCLE('',#9808,3.174);
#9808 = AXIS2_PLACEMENT_3D('',#9809,#9810,#9811);
#9809 = CARTESIAN_POINT('',(533.8908239746,246.72091162872,
    -19.85233817672));
#9810 = DIRECTION('',(0.,-0.,1.));
#9811 = DIRECTION('',(0.,1.,0.));
#9812 = ORIENTED_EDGE('',*,*,#9776,.T.);
#9813 = ORIENTED_EDGE('',*,*,#2061,.F.);
#9814 = CYLINDRICAL_SURFACE('',#9815,3.174);
#9815 = AXIS2_PLACEMENT_3D('',#9816,#9817,#9818);
#9816 = CARTESIAN_POINT('',(533.8908239746,246.72091162872,
    -19.85233817672));
#9817 = DIRECTION('',(0.,0.,1.));
#9818 = DIRECTION('',(0.,1.,0.));
#9819 = ADVANCED_FACE('',(#9820),#9838,.T.);
#9820 = FACE_BOUND('',#9821,.T.);
#9821 = EDGE_LOOP('',(#9822,#9823,#9831,#9837));
#9822 = ORIENTED_EDGE('',*,*,#9798,.F.);
#9823 = ORIENTED_EDGE('',*,*,#9824,.F.);
#9824 = EDGE_CURVE('',#9825,#9799,#9827,.T.);
#9825 = VERTEX_POINT('',#9826);
#9826 = CARTESIAN_POINT('',(549.55282420349,249.89491162872,
    -19.85233817672));
#9827 = LINE('',#9828,#9829);
#9828 = CARTESIAN_POINT('',(552.72682420349,249.89491162872,
    -19.85233817672));
#9829 = VECTOR('',#9830,1.);
#9830 = DIRECTION('',(-1.,0.,0.));
#9831 = ORIENTED_EDGE('',*,*,#9832,.T.);
#9832 = EDGE_CURVE('',#9825,#2071,#9833,.T.);
#9833 = LINE('',#9834,#9835);
#9834 = CARTESIAN_POINT('',(549.55282420349,249.89491162872,
    -19.85233817672));
#9835 = VECTOR('',#9836,1.);
#9836 = DIRECTION('',(0.,0.,1.));
#9837 = ORIENTED_EDGE('',*,*,#2070,.F.);
#9838 = PLANE('',#9839);
#9839 = AXIS2_PLACEMENT_3D('',#9840,#9841,#9842);
#9840 = CARTESIAN_POINT('',(552.72682420349,249.89491162872,
    -19.85233817672));
#9841 = DIRECTION('',(0.,-1.,0.));
#9842 = DIRECTION('',(0.,0.,1.));
#9843 = ADVANCED_FACE('',(#9844),#9863,.F.);
#9844 = FACE_BOUND('',#9845,.F.);
#9845 = EDGE_LOOP('',(#9846,#9854,#9861,#9862));
#9846 = ORIENTED_EDGE('',*,*,#9847,.F.);
#9847 = EDGE_CURVE('',#9848,#2079,#9850,.T.);
#9848 = VERTEX_POINT('',#9849);
#9849 = CARTESIAN_POINT('',(552.72682420349,246.72091162872,
    -19.85233817672));
#9850 = LINE('',#9851,#9852);
#9851 = CARTESIAN_POINT('',(552.72682420349,246.72091162872,
    -19.85233817672));
#9852 = VECTOR('',#9853,1.);
#9853 = DIRECTION('',(0.,0.,1.));
#9854 = ORIENTED_EDGE('',*,*,#9855,.T.);
#9855 = EDGE_CURVE('',#9848,#9825,#9856,.T.);
#9856 = CIRCLE('',#9857,3.174);
#9857 = AXIS2_PLACEMENT_3D('',#9858,#9859,#9860);
#9858 = CARTESIAN_POINT('',(549.55282420349,246.72091162872,
    -19.85233817672));
#9859 = DIRECTION('',(0.,-0.,1.));
#9860 = DIRECTION('',(0.,1.,0.));
#9861 = ORIENTED_EDGE('',*,*,#9832,.T.);
#9862 = ORIENTED_EDGE('',*,*,#2078,.F.);
#9863 = CYLINDRICAL_SURFACE('',#9864,3.174);
#9864 = AXIS2_PLACEMENT_3D('',#9865,#9866,#9867);
#9865 = CARTESIAN_POINT('',(549.55282420349,246.72091162872,
    -19.85233817672));
#9866 = DIRECTION('',(0.,0.,1.));
#9867 = DIRECTION('',(1.,0.,0.));
#9868 = ADVANCED_FACE('',(#9869),#9887,.T.);
#9869 = FACE_BOUND('',#9870,.T.);
#9870 = EDGE_LOOP('',(#9871,#9879,#9880,#9881));
#9871 = ORIENTED_EDGE('',*,*,#9872,.T.);
#9872 = EDGE_CURVE('',#9873,#2088,#9875,.T.);
#9873 = VERTEX_POINT('',#9874);
#9874 = CARTESIAN_POINT('',(552.72682420349,233.09091146469,
    -19.85233817672));
#9875 = LINE('',#9876,#9877);
#9876 = CARTESIAN_POINT('',(552.72682420349,233.09091146469,
    -19.85233817672));
#9877 = VECTOR('',#9878,1.);
#9878 = DIRECTION('',(0.,0.,1.));
#9879 = ORIENTED_EDGE('',*,*,#2087,.F.);
#9880 = ORIENTED_EDGE('',*,*,#9847,.F.);
#9881 = ORIENTED_EDGE('',*,*,#9882,.T.);
#9882 = EDGE_CURVE('',#9848,#9873,#9883,.T.);
#9883 = LINE('',#9884,#9885);
#9884 = CARTESIAN_POINT('',(552.72682420349,249.89491162872,
    -19.85233817672));
#9885 = VECTOR('',#9886,1.);
#9886 = DIRECTION('',(0.,-1.,0.));
#9887 = PLANE('',#9888);
#9888 = AXIS2_PLACEMENT_3D('',#9889,#9890,#9891);
#9889 = CARTESIAN_POINT('',(552.72682420349,249.89491162872,
    -19.85233817672));
#9890 = DIRECTION('',(-1.,0.,0.));
#9891 = DIRECTION('',(0.,0.,1.));
#9892 = ADVANCED_FACE('',(#9893),#9913,.F.);
#9893 = FACE_BOUND('',#9894,.T.);
#9894 = EDGE_LOOP('',(#9895,#9896,#9905,#9911,#9912));
#9895 = ORIENTED_EDGE('',*,*,#9872,.F.);
#9896 = ORIENTED_EDGE('',*,*,#9897,.T.);
#9897 = EDGE_CURVE('',#9873,#9898,#9900,.T.);
#9898 = VERTEX_POINT('',#9899);
#9899 = CARTESIAN_POINT('',(549.55282420349,229.91691146469,
    -19.85233817672));
#9900 = CIRCLE('',#9901,3.174);
#9901 = AXIS2_PLACEMENT_3D('',#9902,#9903,#9904);
#9902 = CARTESIAN_POINT('',(549.55282420349,233.09091146469,
    -19.85233817672));
#9903 = DIRECTION('',(0.,0.,-1.));
#9904 = DIRECTION('',(0.,1.,0.));
#9905 = ORIENTED_EDGE('',*,*,#9906,.T.);
#9906 = EDGE_CURVE('',#9898,#2105,#9907,.T.);
#9907 = LINE('',#9908,#9909);
#9908 = CARTESIAN_POINT('',(549.55282420349,229.91691146469,
    -19.85233817672));
#9909 = VECTOR('',#9910,1.);
#9910 = DIRECTION('',(0.,0.,1.));
#9911 = ORIENTED_EDGE('',*,*,#2104,.T.);
#9912 = ORIENTED_EDGE('',*,*,#2095,.T.);
#9913 = CYLINDRICAL_SURFACE('',#9914,3.174);
#9914 = AXIS2_PLACEMENT_3D('',#9915,#9916,#9917);
#9915 = CARTESIAN_POINT('',(549.55282420349,233.09091146469,
    -19.85233817672));
#9916 = DIRECTION('',(0.,0.,1.));
#9917 = DIRECTION('',(1.,0.,0.));
#9918 = ADVANCED_FACE('',(#9919,#9959),#9970,.T.);
#9919 = FACE_BOUND('',#9920,.T.);
#9920 = EDGE_LOOP('',(#9921,#9922,#9923,#9924,#9933,#9941,#9949,#9956,
    #9957,#9958));
#9921 = ORIENTED_EDGE('',*,*,#9646,.T.);
#9922 = ORIENTED_EDGE('',*,*,#9686,.T.);
#9923 = ORIENTED_EDGE('',*,*,#9735,.F.);
#9924 = ORIENTED_EDGE('',*,*,#9925,.F.);
#9925 = EDGE_CURVE('',#9926,#9736,#9928,.T.);
#9926 = VERTEX_POINT('',#9927);
#9927 = CARTESIAN_POINT('',(541.49732365417,218.46155950927,
    -12.70230102539));
#9928 = CIRCLE('',#9929,3.174);
#9929 = AXIS2_PLACEMENT_3D('',#9930,#9931,#9932);
#9930 = CARTESIAN_POINT('',(538.32332365417,218.46155950927,
    -12.70230102539));
#9931 = DIRECTION('',(0.,0.,-1.));
#9932 = DIRECTION('',(0.,1.,0.));
#9933 = ORIENTED_EDGE('',*,*,#9934,.F.);
#9934 = EDGE_CURVE('',#9935,#9926,#9937,.T.);
#9935 = VERTEX_POINT('',#9936);
#9936 = CARTESIAN_POINT('',(541.49732365417,229.91691146469,
    -12.70230102539));
#9937 = LINE('',#9938,#9939);
#9938 = CARTESIAN_POINT('',(541.49732365417,244.6875591278,
    -12.70230102539));
#9939 = VECTOR('',#9940,1.);
#9940 = DIRECTION('',(0.,-1.,0.));
#9941 = ORIENTED_EDGE('',*,*,#9942,.F.);
#9942 = EDGE_CURVE('',#9943,#9935,#9945,.T.);
#9943 = VERTEX_POINT('',#9944);
#9944 = CARTESIAN_POINT('',(533.8908239746,229.91691146469,
    -12.70230102539));
#9945 = LINE('',#9946,#9947);
#9946 = CARTESIAN_POINT('',(547.11207392883,229.91691146469,
    -12.70230102539));
#9947 = VECTOR('',#9948,1.);
#9948 = DIRECTION('',(1.,0.,0.));
#9949 = ORIENTED_EDGE('',*,*,#9950,.F.);
#9950 = EDGE_CURVE('',#9761,#9943,#9951,.T.);
#9951 = CIRCLE('',#9952,3.174);
#9952 = AXIS2_PLACEMENT_3D('',#9953,#9954,#9955);
#9953 = CARTESIAN_POINT('',(533.8908239746,233.09091146469,
    -12.70230102539));
#9954 = DIRECTION('',(0.,0.,1.));
#9955 = DIRECTION('',(-1.,0.,0.));
#9956 = ORIENTED_EDGE('',*,*,#9768,.F.);
#9957 = ORIENTED_EDGE('',*,*,#9711,.T.);
#9958 = ORIENTED_EDGE('',*,*,#9668,.T.);
#9959 = FACE_BOUND('',#9960,.T.);
#9960 = EDGE_LOOP('',(#9961));
#9961 = ORIENTED_EDGE('',*,*,#9962,.T.);
#9962 = EDGE_CURVE('',#9963,#9963,#9965,.T.);
#9963 = VERTEX_POINT('',#9964);
#9964 = CARTESIAN_POINT('',(526.720375634,230.,-12.70230102539));
#9965 = CIRCLE('',#9966,1.7272);
#9966 = AXIS2_PLACEMENT_3D('',#9967,#9968,#9969);
#9967 = CARTESIAN_POINT('',(524.993175634,230.,-12.70230102539));
#9968 = DIRECTION('',(0.,0.,-1.));
#9969 = DIRECTION('',(1.,-0.,0.));
#9970 = PLANE('',#9971);
#9971 = AXIS2_PLACEMENT_3D('',#9972,#9973,#9974);
#9972 = CARTESIAN_POINT('',(541.49732365417,244.6875591278,
    -12.70230102539));
#9973 = DIRECTION('',(0.,0.,1.));
#9974 = DIRECTION('',(-1.,0.,0.));
#9975 = ADVANCED_FACE('',(#9976),#9995,.F.);
#9976 = FACE_BOUND('',#9977,.F.);
#9977 = EDGE_LOOP('',(#9978,#9979,#9987,#9994));
#9978 = ORIENTED_EDGE('',*,*,#9962,.T.);
#9979 = ORIENTED_EDGE('',*,*,#9980,.T.);
#9980 = EDGE_CURVE('',#9963,#9981,#9983,.T.);
#9981 = VERTEX_POINT('',#9982);
#9982 = CARTESIAN_POINT('',(526.720375634,230.,-38.1));
#9983 = LINE('',#9984,#9985);
#9984 = CARTESIAN_POINT('',(526.720375634,230.,-12.7));
#9985 = VECTOR('',#9986,1.);
#9986 = DIRECTION('',(0.,0.,-1.));
#9987 = ORIENTED_EDGE('',*,*,#9988,.F.);
#9988 = EDGE_CURVE('',#9981,#9981,#9989,.T.);
#9989 = CIRCLE('',#9990,1.7272);
#9990 = AXIS2_PLACEMENT_3D('',#9991,#9992,#9993);
#9991 = CARTESIAN_POINT('',(524.993175634,230.,-38.1));
#9992 = DIRECTION('',(0.,0.,-1.));
#9993 = DIRECTION('',(1.,0.,0.));
#9994 = ORIENTED_EDGE('',*,*,#9980,.F.);
#9995 = CYLINDRICAL_SURFACE('',#9996,1.7272);
#9996 = AXIS2_PLACEMENT_3D('',#9997,#9998,#9999);
#9997 = CARTESIAN_POINT('',(524.993175634,230.,-12.7));
#9998 = DIRECTION('',(0.,0.,-1.));
#9999 = DIRECTION('',(1.,-0.,0.));
#10000 = ADVANCED_FACE('',(#10001),#10012,.F.);
#10001 = FACE_BOUND('',#10002,.T.);
#10002 = EDGE_LOOP('',(#10003,#10009,#10010,#10011));
#10003 = ORIENTED_EDGE('',*,*,#10004,.F.);
#10004 = EDGE_CURVE('',#9926,#2122,#10005,.T.);
#10005 = LINE('',#10006,#10007);
#10006 = CARTESIAN_POINT('',(541.49732365417,218.46155950927,
    -12.70230102539));
#10007 = VECTOR('',#10008,1.);
#10008 = DIRECTION('',(0.,0.,1.));
#10009 = ORIENTED_EDGE('',*,*,#9925,.T.);
#10010 = ORIENTED_EDGE('',*,*,#9743,.T.);
#10011 = ORIENTED_EDGE('',*,*,#2129,.T.);
#10012 = CYLINDRICAL_SURFACE('',#10013,3.174);
#10013 = AXIS2_PLACEMENT_3D('',#10014,#10015,#10016);
#10014 = CARTESIAN_POINT('',(538.32332365417,218.46155950927,
    -12.70230102539));
#10015 = DIRECTION('',(0.,0.,1.));
#10016 = DIRECTION('',(1.,0.,0.));
#10017 = ADVANCED_FACE('',(#10018),#10037,.F.);
#10018 = FACE_BOUND('',#10019,.F.);
#10019 = EDGE_LOOP('',(#10020,#10021,#10030,#10036));
#10020 = ORIENTED_EDGE('',*,*,#9758,.F.);
#10021 = ORIENTED_EDGE('',*,*,#10022,.T.);
#10022 = EDGE_CURVE('',#9759,#10023,#10025,.T.);
#10023 = VERTEX_POINT('',#10024);
#10024 = CARTESIAN_POINT('',(533.8908239746,229.91691146469,
    -19.85233817672));
#10025 = CIRCLE('',#10026,3.174);
#10026 = AXIS2_PLACEMENT_3D('',#10027,#10028,#10029);
#10027 = CARTESIAN_POINT('',(533.8908239746,233.09091146469,
    -19.85233817672));
#10028 = DIRECTION('',(0.,-0.,1.));
#10029 = DIRECTION('',(0.,1.,0.));
#10030 = ORIENTED_EDGE('',*,*,#10031,.T.);
#10031 = EDGE_CURVE('',#10023,#9943,#10032,.T.);
#10032 = LINE('',#10033,#10034);
#10033 = CARTESIAN_POINT('',(533.8908239746,229.91691146469,
    -19.85233817672));
#10034 = VECTOR('',#10035,1.);
#10035 = DIRECTION('',(0.,0.,1.));
#10036 = ORIENTED_EDGE('',*,*,#9950,.F.);
#10037 = CYLINDRICAL_SURFACE('',#10038,3.174);
#10038 = AXIS2_PLACEMENT_3D('',#10039,#10040,#10041);
#10039 = CARTESIAN_POINT('',(533.8908239746,233.09091146469,
    -19.85233817672));
#10040 = DIRECTION('',(0.,0.,1.));
#10041 = DIRECTION('',(-1.,0.,0.));
#10042 = ADVANCED_FACE('',(#10043),#10058,.T.);
#10043 = FACE_BOUND('',#10044,.T.);
#10044 = EDGE_LOOP('',(#10045,#10046,#10047,#10053,#10054,#10055,#10056,
    #10057));
#10045 = ORIENTED_EDGE('',*,*,#9784,.T.);
#10046 = ORIENTED_EDGE('',*,*,#10022,.T.);
#10047 = ORIENTED_EDGE('',*,*,#10048,.F.);
#10048 = EDGE_CURVE('',#9898,#10023,#10049,.T.);
#10049 = LINE('',#10050,#10051);
#10050 = CARTESIAN_POINT('',(552.72682420349,229.91691146469,
    -19.85233817672));
#10051 = VECTOR('',#10052,1.);
#10052 = DIRECTION('',(-1.,0.,0.));
#10053 = ORIENTED_EDGE('',*,*,#9897,.F.);
#10054 = ORIENTED_EDGE('',*,*,#9882,.F.);
#10055 = ORIENTED_EDGE('',*,*,#9855,.T.);
#10056 = ORIENTED_EDGE('',*,*,#9824,.T.);
#10057 = ORIENTED_EDGE('',*,*,#9806,.T.);
#10058 = PLANE('',#10059);
#10059 = AXIS2_PLACEMENT_3D('',#10060,#10061,#10062);
#10060 = CARTESIAN_POINT('',(552.72682420349,249.89491162872,
    -19.85233817672));
#10061 = DIRECTION('',(0.,0.,1.));
#10062 = DIRECTION('',(-1.,0.,0.));
#10063 = ADVANCED_FACE('',(#10064),#10075,.T.);
#10064 = FACE_BOUND('',#10065,.T.);
#10065 = EDGE_LOOP('',(#10066,#10067,#10068,#10069));
#10066 = ORIENTED_EDGE('',*,*,#9934,.T.);
#10067 = ORIENTED_EDGE('',*,*,#10004,.T.);
#10068 = ORIENTED_EDGE('',*,*,#2121,.F.);
#10069 = ORIENTED_EDGE('',*,*,#10070,.F.);
#10070 = EDGE_CURVE('',#9935,#2114,#10071,.T.);
#10071 = LINE('',#10072,#10073);
#10072 = CARTESIAN_POINT('',(541.49732365417,229.91691146469,
    -16.27731960105));
#10073 = VECTOR('',#10074,1.);
#10074 = DIRECTION('',(0.,0.,1.));
#10075 = PLANE('',#10076);
#10076 = AXIS2_PLACEMENT_3D('',#10077,#10078,#10079);
#10077 = CARTESIAN_POINT('',(541.49732365417,244.6875591278,
    -12.70230102539));
#10078 = DIRECTION('',(-1.,0.,0.));
#10079 = DIRECTION('',(0.,0.,1.));
#10080 = ADVANCED_FACE('',(#10081),#10089,.F.);
#10081 = FACE_BOUND('',#10082,.F.);
#10082 = EDGE_LOOP('',(#10083,#10084,#10085,#10086,#10087,#10088));
#10083 = ORIENTED_EDGE('',*,*,#10031,.F.);
#10084 = ORIENTED_EDGE('',*,*,#10048,.F.);
#10085 = ORIENTED_EDGE('',*,*,#9906,.T.);
#10086 = ORIENTED_EDGE('',*,*,#2113,.F.);
#10087 = ORIENTED_EDGE('',*,*,#10070,.F.);
#10088 = ORIENTED_EDGE('',*,*,#9942,.F.);
#10089 = PLANE('',#10090);
#10090 = AXIS2_PLACEMENT_3D('',#10091,#10092,#10093);
#10091 = CARTESIAN_POINT('',(552.72682420349,229.91691146469,
    -19.85233817672));
#10092 = DIRECTION('',(0.,-1.,0.));
#10093 = DIRECTION('',(0.,0.,1.));
#10094 = ADVANCED_FACE('',(#10095),#10120,.F.);
#10095 = FACE_BOUND('',#10096,.F.);
#10096 = EDGE_LOOP('',(#10097,#10105,#10106,#10114));
#10097 = ORIENTED_EDGE('',*,*,#10098,.T.);
#10098 = EDGE_CURVE('',#10099,#2158,#10101,.T.);
#10099 = VERTEX_POINT('',#10100);
#10100 = CARTESIAN_POINT('',(506.80649819183,29.461559509277,
    -12.70230102539));
#10101 = LINE('',#10102,#10103);
#10102 = CARTESIAN_POINT('',(506.80649819183,29.461559509277,
    -12.70230102539));
#10103 = VECTOR('',#10104,1.);
#10104 = DIRECTION('',(0.,0.,1.));
#10105 = ORIENTED_EDGE('',*,*,#2155,.F.);
#10106 = ORIENTED_EDGE('',*,*,#10107,.F.);
#10107 = EDGE_CURVE('',#10108,#2156,#10110,.T.);
#10108 = VERTEX_POINT('',#10109);
#10109 = CARTESIAN_POINT('',(506.80649819183,52.513559127808,
    -12.70230102539));
#10110 = LINE('',#10111,#10112);
#10111 = CARTESIAN_POINT('',(506.80649819183,52.513559127808,
    -12.70230102539));
#10112 = VECTOR('',#10113,1.);
#10113 = DIRECTION('',(0.,0.,1.));
#10114 = ORIENTED_EDGE('',*,*,#10115,.T.);
#10115 = EDGE_CURVE('',#10108,#10099,#10116,.T.);
#10116 = LINE('',#10117,#10118);
#10117 = CARTESIAN_POINT('',(506.80649819183,55.687559127808,
    -12.70230102539));
#10118 = VECTOR('',#10119,1.);
#10119 = DIRECTION('',(0.,-1.,0.));
#10120 = PLANE('',#10121);
#10121 = AXIS2_PLACEMENT_3D('',#10122,#10123,#10124);
#10122 = CARTESIAN_POINT('',(506.80649819183,55.687559127808,
    -12.70230102539));
#10123 = DIRECTION('',(-1.,0.,0.));
#10124 = DIRECTION('',(0.,0.,1.));
#10125 = ADVANCED_FACE('',(#10126),#10145,.F.);
#10126 = FACE_BOUND('',#10127,.F.);
#10127 = EDGE_LOOP('',(#10128,#10136,#10143,#10144));
#10128 = ORIENTED_EDGE('',*,*,#10129,.F.);
#10129 = EDGE_CURVE('',#10130,#2166,#10132,.T.);
#10130 = VERTEX_POINT('',#10131);
#10131 = CARTESIAN_POINT('',(509.98049819183,55.687559127808,
    -12.70230102539));
#10132 = LINE('',#10133,#10134);
#10133 = CARTESIAN_POINT('',(509.98049819183,55.687559127808,
    -12.70230102539));
#10134 = VECTOR('',#10135,1.);
#10135 = DIRECTION('',(0.,0.,1.));
#10136 = ORIENTED_EDGE('',*,*,#10137,.T.);
#10137 = EDGE_CURVE('',#10130,#10108,#10138,.T.);
#10138 = CIRCLE('',#10139,3.174);
#10139 = AXIS2_PLACEMENT_3D('',#10140,#10141,#10142);
#10140 = CARTESIAN_POINT('',(509.98049819183,52.513559127808,
    -12.70230102539));
#10141 = DIRECTION('',(0.,-0.,1.));
#10142 = DIRECTION('',(0.,1.,0.));
#10143 = ORIENTED_EDGE('',*,*,#10107,.T.);
#10144 = ORIENTED_EDGE('',*,*,#2165,.F.);
#10145 = CYLINDRICAL_SURFACE('',#10146,3.174);
#10146 = AXIS2_PLACEMENT_3D('',#10147,#10148,#10149);
#10147 = CARTESIAN_POINT('',(509.98049819183,52.513559127808,
    -12.70230102539));
#10148 = DIRECTION('',(0.,0.,1.));
#10149 = DIRECTION('',(0.,1.,0.));
#10150 = ADVANCED_FACE('',(#10151),#10170,.F.);
#10151 = FACE_BOUND('',#10152,.F.);
#10152 = EDGE_LOOP('',(#10153,#10154,#10163,#10169));
#10153 = ORIENTED_EDGE('',*,*,#10098,.F.);
#10154 = ORIENTED_EDGE('',*,*,#10155,.T.);
#10155 = EDGE_CURVE('',#10099,#10156,#10158,.T.);
#10156 = VERTEX_POINT('',#10157);
#10157 = CARTESIAN_POINT('',(509.98049819183,26.287559509277,
    -12.70230102539));
#10158 = CIRCLE('',#10159,3.174);
#10159 = AXIS2_PLACEMENT_3D('',#10160,#10161,#10162);
#10160 = CARTESIAN_POINT('',(509.98049819183,29.461559509277,
    -12.70230102539));
#10161 = DIRECTION('',(0.,-0.,1.));
#10162 = DIRECTION('',(0.,1.,0.));
#10163 = ORIENTED_EDGE('',*,*,#10164,.T.);
#10164 = EDGE_CURVE('',#10156,#2268,#10165,.T.);
#10165 = LINE('',#10166,#10167);
#10166 = CARTESIAN_POINT('',(509.98049819183,26.287559509277,
    -12.70230102539));
#10167 = VECTOR('',#10168,1.);
#10168 = DIRECTION('',(0.,0.,1.));
#10169 = ORIENTED_EDGE('',*,*,#2275,.F.);
#10170 = CYLINDRICAL_SURFACE('',#10171,3.174);
#10171 = AXIS2_PLACEMENT_3D('',#10172,#10173,#10174);
#10172 = CARTESIAN_POINT('',(509.98049819183,29.461559509277,
    -12.70230102539));
#10173 = DIRECTION('',(0.,0.,1.));
#10174 = DIRECTION('',(-1.,0.,0.));
#10175 = ADVANCED_FACE('',(#10176),#10194,.T.);
#10176 = FACE_BOUND('',#10177,.T.);
#10177 = EDGE_LOOP('',(#10178,#10179,#10187,#10193));
#10178 = ORIENTED_EDGE('',*,*,#10129,.F.);
#10179 = ORIENTED_EDGE('',*,*,#10180,.F.);
#10180 = EDGE_CURVE('',#10181,#10130,#10183,.T.);
#10181 = VERTEX_POINT('',#10182);
#10182 = CARTESIAN_POINT('',(530.7168239746,55.687559127808,
    -12.70230102539));
#10183 = LINE('',#10184,#10185);
#10184 = CARTESIAN_POINT('',(541.49732365417,55.687559127808,
    -12.70230102539));
#10185 = VECTOR('',#10186,1.);
#10186 = DIRECTION('',(-1.,0.,0.));
#10187 = ORIENTED_EDGE('',*,*,#10188,.F.);
#10188 = EDGE_CURVE('',#2175,#10181,#10189,.T.);
#10189 = LINE('',#10190,#10191);
#10190 = CARTESIAN_POINT('',(530.7168239746,55.687559127808,
    -16.27731960105));
#10191 = VECTOR('',#10192,1.);
#10192 = DIRECTION('',(-0.,-0.,-1.));
#10193 = ORIENTED_EDGE('',*,*,#2174,.F.);
#10194 = PLANE('',#10195);
#10195 = AXIS2_PLACEMENT_3D('',#10196,#10197,#10198);
#10196 = CARTESIAN_POINT('',(541.49732365417,55.687559127808,
    -12.70230102539));
#10197 = DIRECTION('',(0.,-1.,0.));
#10198 = DIRECTION('',(0.,0.,1.));
#10199 = ADVANCED_FACE('',(#10200),#10218,.F.);
#10200 = FACE_BOUND('',#10201,.F.);
#10201 = EDGE_LOOP('',(#10202,#10203,#10211,#10217));
#10202 = ORIENTED_EDGE('',*,*,#10164,.F.);
#10203 = ORIENTED_EDGE('',*,*,#10204,.F.);
#10204 = EDGE_CURVE('',#10205,#10156,#10207,.T.);
#10205 = VERTEX_POINT('',#10206);
#10206 = CARTESIAN_POINT('',(538.32332365417,26.287559509277,
    -12.70230102539));
#10207 = LINE('',#10208,#10209);
#10208 = CARTESIAN_POINT('',(541.49732365417,26.287559509277,
    -12.70230102539));
#10209 = VECTOR('',#10210,1.);
#10210 = DIRECTION('',(-1.,0.,0.));
#10211 = ORIENTED_EDGE('',*,*,#10212,.T.);
#10212 = EDGE_CURVE('',#10205,#2259,#10213,.T.);
#10213 = LINE('',#10214,#10215);
#10214 = CARTESIAN_POINT('',(538.32332365417,26.287559509277,
    -12.70230102539));
#10215 = VECTOR('',#10216,1.);
#10216 = DIRECTION('',(0.,0.,1.));
#10217 = ORIENTED_EDGE('',*,*,#2267,.F.);
#10218 = PLANE('',#10219);
#10219 = AXIS2_PLACEMENT_3D('',#10220,#10221,#10222);
#10220 = CARTESIAN_POINT('',(541.49732365417,26.287559509277,
    -12.70230102539));
#10221 = DIRECTION('',(0.,-1.,0.));
#10222 = DIRECTION('',(0.,0.,1.));
#10223 = ADVANCED_FACE('',(#10224),#10258,.F.);
#10224 = FACE_BOUND('',#10225,.F.);
#10225 = EDGE_LOOP('',(#10226,#10236,#10242,#10243,#10244,#10252));
#10226 = ORIENTED_EDGE('',*,*,#10227,.T.);
#10227 = EDGE_CURVE('',#10228,#10230,#10232,.T.);
#10228 = VERTEX_POINT('',#10229);
#10229 = CARTESIAN_POINT('',(530.7168239746,44.090911464691,
    -19.85233817672));
#10230 = VERTEX_POINT('',#10231);
#10231 = CARTESIAN_POINT('',(530.7168239746,44.090911464691,
    -12.70230102539));
#10232 = LINE('',#10233,#10234);
#10233 = CARTESIAN_POINT('',(530.7168239746,44.090911464691,
    -19.85233817672));
#10234 = VECTOR('',#10235,1.);
#10235 = DIRECTION('',(0.,0.,1.));
#10236 = ORIENTED_EDGE('',*,*,#10237,.F.);
#10237 = EDGE_CURVE('',#10181,#10230,#10238,.T.);
#10238 = LINE('',#10239,#10240);
#10239 = CARTESIAN_POINT('',(530.7168239746,58.291235378265,
    -12.70230102539));
#10240 = VECTOR('',#10241,1.);
#10241 = DIRECTION('',(0.,-1.,0.));
#10242 = ORIENTED_EDGE('',*,*,#10188,.F.);
#10243 = ORIENTED_EDGE('',*,*,#2182,.F.);
#10244 = ORIENTED_EDGE('',*,*,#10245,.F.);
#10245 = EDGE_CURVE('',#10246,#2183,#10248,.T.);
#10246 = VERTEX_POINT('',#10247);
#10247 = CARTESIAN_POINT('',(530.7168239746,57.720911628723,
    -19.85233817672));
#10248 = LINE('',#10249,#10250);
#10249 = CARTESIAN_POINT('',(530.7168239746,57.720911628723,
    -19.85233817672));
#10250 = VECTOR('',#10251,1.);
#10251 = DIRECTION('',(0.,0.,1.));
#10252 = ORIENTED_EDGE('',*,*,#10253,.T.);
#10253 = EDGE_CURVE('',#10246,#10228,#10254,.T.);
#10254 = LINE('',#10255,#10256);
#10255 = CARTESIAN_POINT('',(530.7168239746,60.894911628723,
    -19.85233817672));
#10256 = VECTOR('',#10257,1.);
#10257 = DIRECTION('',(0.,-1.,0.));
#10258 = PLANE('',#10259);
#10259 = AXIS2_PLACEMENT_3D('',#10260,#10261,#10262);
#10260 = CARTESIAN_POINT('',(530.7168239746,60.894911628723,
    -19.85233817672));
#10261 = DIRECTION('',(-1.,0.,0.));
#10262 = DIRECTION('',(0.,0.,1.));
#10263 = ADVANCED_FACE('',(#10264),#10283,.F.);
#10264 = FACE_BOUND('',#10265,.F.);
#10265 = EDGE_LOOP('',(#10266,#10274,#10281,#10282));
#10266 = ORIENTED_EDGE('',*,*,#10267,.F.);
#10267 = EDGE_CURVE('',#10268,#2191,#10270,.T.);
#10268 = VERTEX_POINT('',#10269);
#10269 = CARTESIAN_POINT('',(533.8908239746,60.894911628723,
    -19.85233817672));
#10270 = LINE('',#10271,#10272);
#10271 = CARTESIAN_POINT('',(533.8908239746,60.894911628723,
    -19.85233817672));
#10272 = VECTOR('',#10273,1.);
#10273 = DIRECTION('',(0.,0.,1.));
#10274 = ORIENTED_EDGE('',*,*,#10275,.T.);
#10275 = EDGE_CURVE('',#10268,#10246,#10276,.T.);
#10276 = CIRCLE('',#10277,3.174);
#10277 = AXIS2_PLACEMENT_3D('',#10278,#10279,#10280);
#10278 = CARTESIAN_POINT('',(533.8908239746,57.720911628723,
    -19.85233817672));
#10279 = DIRECTION('',(0.,-0.,1.));
#10280 = DIRECTION('',(0.,1.,0.));
#10281 = ORIENTED_EDGE('',*,*,#10245,.T.);
#10282 = ORIENTED_EDGE('',*,*,#2190,.F.);
#10283 = CYLINDRICAL_SURFACE('',#10284,3.174);
#10284 = AXIS2_PLACEMENT_3D('',#10285,#10286,#10287);
#10285 = CARTESIAN_POINT('',(533.8908239746,57.720911628723,
    -19.85233817672));
#10286 = DIRECTION('',(0.,0.,1.));
#10287 = DIRECTION('',(0.,1.,0.));
#10288 = ADVANCED_FACE('',(#10289),#10307,.T.);
#10289 = FACE_BOUND('',#10290,.T.);
#10290 = EDGE_LOOP('',(#10291,#10292,#10300,#10306));
#10291 = ORIENTED_EDGE('',*,*,#10267,.F.);
#10292 = ORIENTED_EDGE('',*,*,#10293,.F.);
#10293 = EDGE_CURVE('',#10294,#10268,#10296,.T.);
#10294 = VERTEX_POINT('',#10295);
#10295 = CARTESIAN_POINT('',(549.55282420349,60.894911628723,
    -19.85233817672));
#10296 = LINE('',#10297,#10298);
#10297 = CARTESIAN_POINT('',(552.72682420349,60.894911628723,
    -19.85233817672));
#10298 = VECTOR('',#10299,1.);
#10299 = DIRECTION('',(-1.,0.,0.));
#10300 = ORIENTED_EDGE('',*,*,#10301,.T.);
#10301 = EDGE_CURVE('',#10294,#2200,#10302,.T.);
#10302 = LINE('',#10303,#10304);
#10303 = CARTESIAN_POINT('',(549.55282420349,60.894911628723,
    -19.85233817672));
#10304 = VECTOR('',#10305,1.);
#10305 = DIRECTION('',(0.,0.,1.));
#10306 = ORIENTED_EDGE('',*,*,#2199,.F.);
#10307 = PLANE('',#10308);
#10308 = AXIS2_PLACEMENT_3D('',#10309,#10310,#10311);
#10309 = CARTESIAN_POINT('',(552.72682420349,60.894911628723,
    -19.85233817672));
#10310 = DIRECTION('',(0.,-1.,0.));
#10311 = DIRECTION('',(0.,0.,1.));
#10312 = ADVANCED_FACE('',(#10313),#10332,.F.);
#10313 = FACE_BOUND('',#10314,.F.);
#10314 = EDGE_LOOP('',(#10315,#10323,#10330,#10331));
#10315 = ORIENTED_EDGE('',*,*,#10316,.F.);
#10316 = EDGE_CURVE('',#10317,#2208,#10319,.T.);
#10317 = VERTEX_POINT('',#10318);
#10318 = CARTESIAN_POINT('',(552.72682420349,57.720911628723,
    -19.85233817672));
#10319 = LINE('',#10320,#10321);
#10320 = CARTESIAN_POINT('',(552.72682420349,57.720911628723,
    -19.85233817672));
#10321 = VECTOR('',#10322,1.);
#10322 = DIRECTION('',(0.,0.,1.));
#10323 = ORIENTED_EDGE('',*,*,#10324,.T.);
#10324 = EDGE_CURVE('',#10317,#10294,#10325,.T.);
#10325 = CIRCLE('',#10326,3.174);
#10326 = AXIS2_PLACEMENT_3D('',#10327,#10328,#10329);
#10327 = CARTESIAN_POINT('',(549.55282420349,57.720911628723,
    -19.85233817672));
#10328 = DIRECTION('',(0.,-0.,1.));
#10329 = DIRECTION('',(0.,1.,0.));
#10330 = ORIENTED_EDGE('',*,*,#10301,.T.);
#10331 = ORIENTED_EDGE('',*,*,#2207,.F.);
#10332 = CYLINDRICAL_SURFACE('',#10333,3.174);
#10333 = AXIS2_PLACEMENT_3D('',#10334,#10335,#10336);
#10334 = CARTESIAN_POINT('',(549.55282420349,57.720911628723,
    -19.85233817672));
#10335 = DIRECTION('',(0.,0.,1.));
#10336 = DIRECTION('',(1.,0.,0.));
#10337 = ADVANCED_FACE('',(#10338),#10356,.T.);
#10338 = FACE_BOUND('',#10339,.T.);
#10339 = EDGE_LOOP('',(#10340,#10348,#10349,#10350));
#10340 = ORIENTED_EDGE('',*,*,#10341,.T.);
#10341 = EDGE_CURVE('',#10342,#2217,#10344,.T.);
#10342 = VERTEX_POINT('',#10343);
#10343 = CARTESIAN_POINT('',(552.72682420349,44.090911464691,
    -19.85233817672));
#10344 = LINE('',#10345,#10346);
#10345 = CARTESIAN_POINT('',(552.72682420349,44.090911464691,
    -19.85233817672));
#10346 = VECTOR('',#10347,1.);
#10347 = DIRECTION('',(0.,0.,1.));
#10348 = ORIENTED_EDGE('',*,*,#2216,.F.);
#10349 = ORIENTED_EDGE('',*,*,#10316,.F.);
#10350 = ORIENTED_EDGE('',*,*,#10351,.T.);
#10351 = EDGE_CURVE('',#10317,#10342,#10352,.T.);
#10352 = LINE('',#10353,#10354);
#10353 = CARTESIAN_POINT('',(552.72682420349,60.894911628723,
    -19.85233817672));
#10354 = VECTOR('',#10355,1.);
#10355 = DIRECTION('',(0.,-1.,0.));
#10356 = PLANE('',#10357);
#10357 = AXIS2_PLACEMENT_3D('',#10358,#10359,#10360);
#10358 = CARTESIAN_POINT('',(552.72682420349,60.894911628723,
    -19.85233817672));
#10359 = DIRECTION('',(-1.,0.,0.));
#10360 = DIRECTION('',(0.,0.,1.));
#10361 = ADVANCED_FACE('',(#10362),#10382,.F.);
#10362 = FACE_BOUND('',#10363,.T.);
#10363 = EDGE_LOOP('',(#10364,#10365,#10374,#10380,#10381));
#10364 = ORIENTED_EDGE('',*,*,#10341,.F.);
#10365 = ORIENTED_EDGE('',*,*,#10366,.T.);
#10366 = EDGE_CURVE('',#10342,#10367,#10369,.T.);
#10367 = VERTEX_POINT('',#10368);
#10368 = CARTESIAN_POINT('',(549.55282420349,40.916911464691,
    -19.85233817672));
#10369 = CIRCLE('',#10370,3.174);
#10370 = AXIS2_PLACEMENT_3D('',#10371,#10372,#10373);
#10371 = CARTESIAN_POINT('',(549.55282420349,44.090911464691,
    -19.85233817672));
#10372 = DIRECTION('',(0.,0.,-1.));
#10373 = DIRECTION('',(0.,1.,0.));
#10374 = ORIENTED_EDGE('',*,*,#10375,.T.);
#10375 = EDGE_CURVE('',#10367,#2234,#10376,.T.);
#10376 = LINE('',#10377,#10378);
#10377 = CARTESIAN_POINT('',(549.55282420349,40.916911464691,
    -19.85233817672));
#10378 = VECTOR('',#10379,1.);
#10379 = DIRECTION('',(0.,0.,1.));
#10380 = ORIENTED_EDGE('',*,*,#2233,.T.);
#10381 = ORIENTED_EDGE('',*,*,#2224,.T.);
#10382 = CYLINDRICAL_SURFACE('',#10383,3.174);
#10383 = AXIS2_PLACEMENT_3D('',#10384,#10385,#10386);
#10384 = CARTESIAN_POINT('',(549.55282420349,44.090911464691,
    -19.85233817672));
#10385 = DIRECTION('',(0.,0.,1.));
#10386 = DIRECTION('',(1.,0.,0.));
#10387 = ADVANCED_FACE('',(#10388,#10428),#10439,.T.);
#10388 = FACE_BOUND('',#10389,.T.);
#10389 = EDGE_LOOP('',(#10390,#10391,#10392,#10393,#10402,#10410,#10418,
    #10425,#10426,#10427));
#10390 = ORIENTED_EDGE('',*,*,#10115,.T.);
#10391 = ORIENTED_EDGE('',*,*,#10155,.T.);
#10392 = ORIENTED_EDGE('',*,*,#10204,.F.);
#10393 = ORIENTED_EDGE('',*,*,#10394,.F.);
#10394 = EDGE_CURVE('',#10395,#10205,#10397,.T.);
#10395 = VERTEX_POINT('',#10396);
#10396 = CARTESIAN_POINT('',(541.49732365417,29.461559509277,
    -12.70230102539));
#10397 = CIRCLE('',#10398,3.174);
#10398 = AXIS2_PLACEMENT_3D('',#10399,#10400,#10401);
#10399 = CARTESIAN_POINT('',(538.32332365417,29.461559509277,
    -12.70230102539));
#10400 = DIRECTION('',(0.,0.,-1.));
#10401 = DIRECTION('',(0.,1.,0.));
#10402 = ORIENTED_EDGE('',*,*,#10403,.F.);
#10403 = EDGE_CURVE('',#10404,#10395,#10406,.T.);
#10404 = VERTEX_POINT('',#10405);
#10405 = CARTESIAN_POINT('',(541.49732365417,40.916911464691,
    -12.70230102539));
#10406 = LINE('',#10407,#10408);
#10407 = CARTESIAN_POINT('',(541.49732365417,55.687559127808,
    -12.70230102539));
#10408 = VECTOR('',#10409,1.);
#10409 = DIRECTION('',(0.,-1.,0.));
#10410 = ORIENTED_EDGE('',*,*,#10411,.F.);
#10411 = EDGE_CURVE('',#10412,#10404,#10414,.T.);
#10412 = VERTEX_POINT('',#10413);
#10413 = CARTESIAN_POINT('',(533.8908239746,40.916911464691,
    -12.70230102539));
#10414 = LINE('',#10415,#10416);
#10415 = CARTESIAN_POINT('',(547.11207392883,40.916911464691,
    -12.70230102539));
#10416 = VECTOR('',#10417,1.);
#10417 = DIRECTION('',(1.,0.,0.));
#10418 = ORIENTED_EDGE('',*,*,#10419,.F.);
#10419 = EDGE_CURVE('',#10230,#10412,#10420,.T.);
#10420 = CIRCLE('',#10421,3.174);
#10421 = AXIS2_PLACEMENT_3D('',#10422,#10423,#10424);
#10422 = CARTESIAN_POINT('',(533.8908239746,44.090911464691,
    -12.70230102539));
#10423 = DIRECTION('',(0.,0.,1.));
#10424 = DIRECTION('',(-1.,0.,0.));
#10425 = ORIENTED_EDGE('',*,*,#10237,.F.);
#10426 = ORIENTED_EDGE('',*,*,#10180,.T.);
#10427 = ORIENTED_EDGE('',*,*,#10137,.T.);
#10428 = FACE_BOUND('',#10429,.T.);
#10429 = EDGE_LOOP('',(#10430));
#10430 = ORIENTED_EDGE('',*,*,#10431,.T.);
#10431 = EDGE_CURVE('',#10432,#10432,#10434,.T.);
#10432 = VERTEX_POINT('',#10433);
#10433 = CARTESIAN_POINT('',(526.720375634,41.,-12.70230102539));
#10434 = CIRCLE('',#10435,1.7272);
#10435 = AXIS2_PLACEMENT_3D('',#10436,#10437,#10438);
#10436 = CARTESIAN_POINT('',(524.993175634,41.,-12.70230102539));
#10437 = DIRECTION('',(0.,0.,-1.));
#10438 = DIRECTION('',(1.,-0.,0.));
#10439 = PLANE('',#10440);
#10440 = AXIS2_PLACEMENT_3D('',#10441,#10442,#10443);
#10441 = CARTESIAN_POINT('',(541.49732365417,55.687559127808,
    -12.70230102539));
#10442 = DIRECTION('',(0.,0.,1.));
#10443 = DIRECTION('',(-1.,0.,0.));
#10444 = ADVANCED_FACE('',(#10445),#10464,.F.);
#10445 = FACE_BOUND('',#10446,.F.);
#10446 = EDGE_LOOP('',(#10447,#10448,#10456,#10463));
#10447 = ORIENTED_EDGE('',*,*,#10431,.T.);
#10448 = ORIENTED_EDGE('',*,*,#10449,.T.);
#10449 = EDGE_CURVE('',#10432,#10450,#10452,.T.);
#10450 = VERTEX_POINT('',#10451);
#10451 = CARTESIAN_POINT('',(526.720375634,41.,-38.1));
#10452 = LINE('',#10453,#10454);
#10453 = CARTESIAN_POINT('',(526.720375634,41.,-12.7));
#10454 = VECTOR('',#10455,1.);
#10455 = DIRECTION('',(0.,0.,-1.));
#10456 = ORIENTED_EDGE('',*,*,#10457,.F.);
#10457 = EDGE_CURVE('',#10450,#10450,#10458,.T.);
#10458 = CIRCLE('',#10459,1.7272);
#10459 = AXIS2_PLACEMENT_3D('',#10460,#10461,#10462);
#10460 = CARTESIAN_POINT('',(524.993175634,41.,-38.1));
#10461 = DIRECTION('',(0.,0.,-1.));
#10462 = DIRECTION('',(1.,0.,0.));
#10463 = ORIENTED_EDGE('',*,*,#10449,.F.);
#10464 = CYLINDRICAL_SURFACE('',#10465,1.7272);
#10465 = AXIS2_PLACEMENT_3D('',#10466,#10467,#10468);
#10466 = CARTESIAN_POINT('',(524.993175634,41.,-12.7));
#10467 = DIRECTION('',(0.,0.,-1.));
#10468 = DIRECTION('',(1.,-0.,0.));
#10469 = ADVANCED_FACE('',(#10470),#10481,.F.);
#10470 = FACE_BOUND('',#10471,.T.);
#10471 = EDGE_LOOP('',(#10472,#10478,#10479,#10480));
#10472 = ORIENTED_EDGE('',*,*,#10473,.F.);
#10473 = EDGE_CURVE('',#10395,#2251,#10474,.T.);
#10474 = LINE('',#10475,#10476);
#10475 = CARTESIAN_POINT('',(541.49732365417,29.461559509277,
    -12.70230102539));
#10476 = VECTOR('',#10477,1.);
#10477 = DIRECTION('',(0.,0.,1.));
#10478 = ORIENTED_EDGE('',*,*,#10394,.T.);
#10479 = ORIENTED_EDGE('',*,*,#10212,.T.);
#10480 = ORIENTED_EDGE('',*,*,#2258,.T.);
#10481 = CYLINDRICAL_SURFACE('',#10482,3.174);
#10482 = AXIS2_PLACEMENT_3D('',#10483,#10484,#10485);
#10483 = CARTESIAN_POINT('',(538.32332365417,29.461559509277,
    -12.70230102539));
#10484 = DIRECTION('',(0.,0.,1.));
#10485 = DIRECTION('',(1.,0.,0.));
#10486 = ADVANCED_FACE('',(#10487),#10506,.F.);
#10487 = FACE_BOUND('',#10488,.F.);
#10488 = EDGE_LOOP('',(#10489,#10490,#10499,#10505));
#10489 = ORIENTED_EDGE('',*,*,#10227,.F.);
#10490 = ORIENTED_EDGE('',*,*,#10491,.T.);
#10491 = EDGE_CURVE('',#10228,#10492,#10494,.T.);
#10492 = VERTEX_POINT('',#10493);
#10493 = CARTESIAN_POINT('',(533.8908239746,40.916911464691,
    -19.85233817672));
#10494 = CIRCLE('',#10495,3.174);
#10495 = AXIS2_PLACEMENT_3D('',#10496,#10497,#10498);
#10496 = CARTESIAN_POINT('',(533.8908239746,44.090911464691,
    -19.85233817672));
#10497 = DIRECTION('',(0.,-0.,1.));
#10498 = DIRECTION('',(0.,1.,0.));
#10499 = ORIENTED_EDGE('',*,*,#10500,.T.);
#10500 = EDGE_CURVE('',#10492,#10412,#10501,.T.);
#10501 = LINE('',#10502,#10503);
#10502 = CARTESIAN_POINT('',(533.8908239746,40.916911464691,
    -19.85233817672));
#10503 = VECTOR('',#10504,1.);
#10504 = DIRECTION('',(0.,0.,1.));
#10505 = ORIENTED_EDGE('',*,*,#10419,.F.);
#10506 = CYLINDRICAL_SURFACE('',#10507,3.174);
#10507 = AXIS2_PLACEMENT_3D('',#10508,#10509,#10510);
#10508 = CARTESIAN_POINT('',(533.8908239746,44.090911464691,
    -19.85233817672));
#10509 = DIRECTION('',(0.,0.,1.));
#10510 = DIRECTION('',(-1.,0.,0.));
#10511 = ADVANCED_FACE('',(#10512),#10527,.T.);
#10512 = FACE_BOUND('',#10513,.T.);
#10513 = EDGE_LOOP('',(#10514,#10515,#10516,#10522,#10523,#10524,#10525,
    #10526));
#10514 = ORIENTED_EDGE('',*,*,#10253,.T.);
#10515 = ORIENTED_EDGE('',*,*,#10491,.T.);
#10516 = ORIENTED_EDGE('',*,*,#10517,.F.);
#10517 = EDGE_CURVE('',#10367,#10492,#10518,.T.);
#10518 = LINE('',#10519,#10520);
#10519 = CARTESIAN_POINT('',(552.72682420349,40.916911464691,
    -19.85233817672));
#10520 = VECTOR('',#10521,1.);
#10521 = DIRECTION('',(-1.,0.,0.));
#10522 = ORIENTED_EDGE('',*,*,#10366,.F.);
#10523 = ORIENTED_EDGE('',*,*,#10351,.F.);
#10524 = ORIENTED_EDGE('',*,*,#10324,.T.);
#10525 = ORIENTED_EDGE('',*,*,#10293,.T.);
#10526 = ORIENTED_EDGE('',*,*,#10275,.T.);
#10527 = PLANE('',#10528);
#10528 = AXIS2_PLACEMENT_3D('',#10529,#10530,#10531);
#10529 = CARTESIAN_POINT('',(552.72682420349,60.894911628723,
    -19.85233817672));
#10530 = DIRECTION('',(0.,0.,1.));
#10531 = DIRECTION('',(-1.,0.,0.));
#10532 = ADVANCED_FACE('',(#10533),#10544,.T.);
#10533 = FACE_BOUND('',#10534,.T.);
#10534 = EDGE_LOOP('',(#10535,#10536,#10537,#10538));
#10535 = ORIENTED_EDGE('',*,*,#10403,.T.);
#10536 = ORIENTED_EDGE('',*,*,#10473,.T.);
#10537 = ORIENTED_EDGE('',*,*,#2250,.F.);
#10538 = ORIENTED_EDGE('',*,*,#10539,.F.);
#10539 = EDGE_CURVE('',#10404,#2243,#10540,.T.);
#10540 = LINE('',#10541,#10542);
#10541 = CARTESIAN_POINT('',(541.49732365417,40.916911464691,
    -16.27731960105));
#10542 = VECTOR('',#10543,1.);
#10543 = DIRECTION('',(0.,0.,1.));
#10544 = PLANE('',#10545);
#10545 = AXIS2_PLACEMENT_3D('',#10546,#10547,#10548);
#10546 = CARTESIAN_POINT('',(541.49732365417,55.687559127808,
    -12.70230102539));
#10547 = DIRECTION('',(-1.,0.,0.));
#10548 = DIRECTION('',(0.,0.,1.));
#10549 = ADVANCED_FACE('',(#10550),#10558,.F.);
#10550 = FACE_BOUND('',#10551,.F.);
#10551 = EDGE_LOOP('',(#10552,#10553,#10554,#10555,#10556,#10557));
#10552 = ORIENTED_EDGE('',*,*,#10500,.F.);
#10553 = ORIENTED_EDGE('',*,*,#10517,.F.);
#10554 = ORIENTED_EDGE('',*,*,#10375,.T.);
#10555 = ORIENTED_EDGE('',*,*,#2242,.F.);
#10556 = ORIENTED_EDGE('',*,*,#10539,.F.);
#10557 = ORIENTED_EDGE('',*,*,#10411,.F.);
#10558 = PLANE('',#10559);
#10559 = AXIS2_PLACEMENT_3D('',#10560,#10561,#10562);
#10560 = CARTESIAN_POINT('',(552.72682420349,40.916911464691,
    -19.85233817672));
#10561 = DIRECTION('',(0.,-1.,0.));
#10562 = DIRECTION('',(0.,0.,1.));
#10563 = ADVANCED_FACE('',(#10564),#10589,.F.);
#10564 = FACE_BOUND('',#10565,.F.);
#10565 = EDGE_LOOP('',(#10566,#10567,#10575,#10583));
#10566 = ORIENTED_EDGE('',*,*,#2284,.F.);
#10567 = ORIENTED_EDGE('',*,*,#10568,.F.);
#10568 = EDGE_CURVE('',#10569,#2285,#10571,.T.);
#10569 = VERTEX_POINT('',#10570);
#10570 = CARTESIAN_POINT('',(253.997,257.674,-21.97));
#10571 = LINE('',#10572,#10573);
#10572 = CARTESIAN_POINT('',(253.997,257.674,-21.97));
#10573 = VECTOR('',#10574,1.);
#10574 = DIRECTION('',(0.,0.,1.));
#10575 = ORIENTED_EDGE('',*,*,#10576,.T.);
#10576 = EDGE_CURVE('',#10569,#10577,#10579,.T.);
#10577 = VERTEX_POINT('',#10578);
#10578 = CARTESIAN_POINT('',(253.997,299.326,-21.97));
#10579 = LINE('',#10580,#10581);
#10580 = CARTESIAN_POINT('',(253.997,254.5,-21.97));
#10581 = VECTOR('',#10582,1.);
#10582 = DIRECTION('',(0.,1.,0.));
#10583 = ORIENTED_EDGE('',*,*,#10584,.T.);
#10584 = EDGE_CURVE('',#10577,#2287,#10585,.T.);
#10585 = LINE('',#10586,#10587);
#10586 = CARTESIAN_POINT('',(253.997,299.326,-21.97));
#10587 = VECTOR('',#10588,1.);
#10588 = DIRECTION('',(0.,0.,1.));
#10589 = PLANE('',#10590);
#10590 = AXIS2_PLACEMENT_3D('',#10591,#10592,#10593);
#10591 = CARTESIAN_POINT('',(253.997,254.5,-21.97));
#10592 = DIRECTION('',(1.,0.,0.));
#10593 = DIRECTION('',(0.,0.,1.));
#10594 = ADVANCED_FACE('',(#10595),#10614,.F.);
#10595 = FACE_BOUND('',#10596,.F.);
#10596 = EDGE_LOOP('',(#10597,#10606,#10607,#10608));
#10597 = ORIENTED_EDGE('',*,*,#10598,.T.);
#10598 = EDGE_CURVE('',#10599,#10569,#10601,.T.);
#10599 = VERTEX_POINT('',#10600);
#10600 = CARTESIAN_POINT('',(250.823,254.5,-21.97));
#10601 = CIRCLE('',#10602,3.174);
#10602 = AXIS2_PLACEMENT_3D('',#10603,#10604,#10605);
#10603 = CARTESIAN_POINT('',(250.823,257.674,-21.97));
#10604 = DIRECTION('',(-0.,0.,1.));
#10605 = DIRECTION('',(0.,-1.,0.));
#10606 = ORIENTED_EDGE('',*,*,#10568,.T.);
#10607 = ORIENTED_EDGE('',*,*,#2294,.F.);
#10608 = ORIENTED_EDGE('',*,*,#10609,.F.);
#10609 = EDGE_CURVE('',#10599,#2295,#10610,.T.);
#10610 = LINE('',#10611,#10612);
#10611 = CARTESIAN_POINT('',(250.823,254.5,-21.97));
#10612 = VECTOR('',#10613,1.);
#10613 = DIRECTION('',(0.,0.,1.));
#10614 = CYLINDRICAL_SURFACE('',#10615,3.174);
#10615 = AXIS2_PLACEMENT_3D('',#10616,#10617,#10618);
#10616 = CARTESIAN_POINT('',(250.823,257.674,-21.97));
#10617 = DIRECTION('',(0.,0.,1.));
#10618 = DIRECTION('',(0.,-1.,0.));
#10619 = ADVANCED_FACE('',(#10620),#10639,.F.);
#10620 = FACE_BOUND('',#10621,.F.);
#10621 = EDGE_LOOP('',(#10622,#10631,#10637,#10638));
#10622 = ORIENTED_EDGE('',*,*,#10623,.T.);
#10623 = EDGE_CURVE('',#10577,#10624,#10626,.T.);
#10624 = VERTEX_POINT('',#10625);
#10625 = CARTESIAN_POINT('',(250.823,302.5,-21.97));
#10626 = CIRCLE('',#10627,3.174);
#10627 = AXIS2_PLACEMENT_3D('',#10628,#10629,#10630);
#10628 = CARTESIAN_POINT('',(250.823,299.326,-21.97));
#10629 = DIRECTION('',(-0.,0.,1.));
#10630 = DIRECTION('',(0.,-1.,0.));
#10631 = ORIENTED_EDGE('',*,*,#10632,.T.);
#10632 = EDGE_CURVE('',#10624,#2338,#10633,.T.);
#10633 = LINE('',#10634,#10635);
#10634 = CARTESIAN_POINT('',(250.823,302.5,-21.97));
#10635 = VECTOR('',#10636,1.);
#10636 = DIRECTION('',(0.,0.,1.));
#10637 = ORIENTED_EDGE('',*,*,#2345,.F.);
#10638 = ORIENTED_EDGE('',*,*,#10584,.F.);
#10639 = CYLINDRICAL_SURFACE('',#10640,3.174);
#10640 = AXIS2_PLACEMENT_3D('',#10641,#10642,#10643);
#10641 = CARTESIAN_POINT('',(250.823,299.326,-21.97));
#10642 = DIRECTION('',(0.,0.,1.));
#10643 = DIRECTION('',(1.,0.,0.));
#10644 = ADVANCED_FACE('',(#10645),#10663,.T.);
#10645 = FACE_BOUND('',#10646,.T.);
#10646 = EDGE_LOOP('',(#10647,#10655,#10661,#10662));
#10647 = ORIENTED_EDGE('',*,*,#10648,.F.);
#10648 = EDGE_CURVE('',#10649,#10599,#10651,.T.);
#10649 = VERTEX_POINT('',#10650);
#10650 = CARTESIAN_POINT('',(234.171,254.5,-21.97));
#10651 = LINE('',#10652,#10653);
#10652 = CARTESIAN_POINT('',(230.997,254.5,-21.97));
#10653 = VECTOR('',#10654,1.);
#10654 = DIRECTION('',(1.,0.,0.));
#10655 = ORIENTED_EDGE('',*,*,#10656,.T.);
#10656 = EDGE_CURVE('',#10649,#2304,#10657,.T.);
#10657 = LINE('',#10658,#10659);
#10658 = CARTESIAN_POINT('',(234.171,254.5,-21.97));
#10659 = VECTOR('',#10660,1.);
#10660 = DIRECTION('',(0.,0.,1.));
#10661 = ORIENTED_EDGE('',*,*,#2303,.T.);
#10662 = ORIENTED_EDGE('',*,*,#10609,.F.);
#10663 = PLANE('',#10664);
#10664 = AXIS2_PLACEMENT_3D('',#10665,#10666,#10667);
#10665 = CARTESIAN_POINT('',(230.997,254.5,-21.97));
#10666 = DIRECTION('',(0.,1.,0.));
#10667 = DIRECTION('',(0.,0.,1.));
#10668 = ADVANCED_FACE('',(#10669),#10687,.F.);
#10669 = FACE_BOUND('',#10670,.F.);
#10670 = EDGE_LOOP('',(#10671,#10679,#10685,#10686));
#10671 = ORIENTED_EDGE('',*,*,#10672,.F.);
#10672 = EDGE_CURVE('',#10673,#10624,#10675,.T.);
#10673 = VERTEX_POINT('',#10674);
#10674 = CARTESIAN_POINT('',(234.171,302.5,-21.97));
#10675 = LINE('',#10676,#10677);
#10676 = CARTESIAN_POINT('',(230.997,302.5,-21.97));
#10677 = VECTOR('',#10678,1.);
#10678 = DIRECTION('',(1.,0.,0.));
#10679 = ORIENTED_EDGE('',*,*,#10680,.T.);
#10680 = EDGE_CURVE('',#10673,#2329,#10681,.T.);
#10681 = LINE('',#10682,#10683);
#10682 = CARTESIAN_POINT('',(234.171,302.5,-21.97));
#10683 = VECTOR('',#10684,1.);
#10684 = DIRECTION('',(0.,0.,1.));
#10685 = ORIENTED_EDGE('',*,*,#2337,.T.);
#10686 = ORIENTED_EDGE('',*,*,#10632,.F.);
#10687 = PLANE('',#10688);
#10688 = AXIS2_PLACEMENT_3D('',#10689,#10690,#10691);
#10689 = CARTESIAN_POINT('',(230.997,302.5,-21.97));
#10690 = DIRECTION('',(0.,1.,0.));
#10691 = DIRECTION('',(0.,0.,1.));
#10692 = ADVANCED_FACE('',(#10693),#10712,.F.);
#10693 = FACE_BOUND('',#10694,.F.);
#10694 = EDGE_LOOP('',(#10695,#10704,#10705,#10706));
#10695 = ORIENTED_EDGE('',*,*,#10696,.T.);
#10696 = EDGE_CURVE('',#10697,#10649,#10699,.T.);
#10697 = VERTEX_POINT('',#10698);
#10698 = CARTESIAN_POINT('',(230.997,257.674,-21.97));
#10699 = CIRCLE('',#10700,3.174);
#10700 = AXIS2_PLACEMENT_3D('',#10701,#10702,#10703);
#10701 = CARTESIAN_POINT('',(234.171,257.674,-21.97));
#10702 = DIRECTION('',(-0.,0.,1.));
#10703 = DIRECTION('',(0.,-1.,0.));
#10704 = ORIENTED_EDGE('',*,*,#10656,.T.);
#10705 = ORIENTED_EDGE('',*,*,#2311,.F.);
#10706 = ORIENTED_EDGE('',*,*,#10707,.F.);
#10707 = EDGE_CURVE('',#10697,#2312,#10708,.T.);
#10708 = LINE('',#10709,#10710);
#10709 = CARTESIAN_POINT('',(230.997,257.674,-21.97));
#10710 = VECTOR('',#10711,1.);
#10711 = DIRECTION('',(0.,0.,1.));
#10712 = CYLINDRICAL_SURFACE('',#10713,3.174);
#10713 = AXIS2_PLACEMENT_3D('',#10714,#10715,#10716);
#10714 = CARTESIAN_POINT('',(234.171,257.674,-21.97));
#10715 = DIRECTION('',(0.,0.,1.));
#10716 = DIRECTION('',(-1.,0.,0.));
#10717 = ADVANCED_FACE('',(#10718),#10737,.F.);
#10718 = FACE_BOUND('',#10719,.T.);
#10719 = EDGE_LOOP('',(#10720,#10729,#10730,#10731));
#10720 = ORIENTED_EDGE('',*,*,#10721,.T.);
#10721 = EDGE_CURVE('',#10722,#10673,#10724,.T.);
#10722 = VERTEX_POINT('',#10723);
#10723 = CARTESIAN_POINT('',(230.997,299.326,-21.97));
#10724 = CIRCLE('',#10725,3.174);
#10725 = AXIS2_PLACEMENT_3D('',#10726,#10727,#10728);
#10726 = CARTESIAN_POINT('',(234.171,299.326,-21.97));
#10727 = DIRECTION('',(-0.,-0.,-1.));
#10728 = DIRECTION('',(0.,-1.,0.));
#10729 = ORIENTED_EDGE('',*,*,#10680,.T.);
#10730 = ORIENTED_EDGE('',*,*,#2328,.F.);
#10731 = ORIENTED_EDGE('',*,*,#10732,.F.);
#10732 = EDGE_CURVE('',#10722,#2321,#10733,.T.);
#10733 = LINE('',#10734,#10735);
#10734 = CARTESIAN_POINT('',(230.997,299.326,-21.97));
#10735 = VECTOR('',#10736,1.);
#10736 = DIRECTION('',(0.,0.,1.));
#10737 = CYLINDRICAL_SURFACE('',#10738,3.174);
#10738 = AXIS2_PLACEMENT_3D('',#10739,#10740,#10741);
#10739 = CARTESIAN_POINT('',(234.171,299.326,-21.97));
#10740 = DIRECTION('',(0.,0.,1.));
#10741 = DIRECTION('',(-1.,0.,0.));
#10742 = ADVANCED_FACE('',(#10743),#10754,.T.);
#10743 = FACE_BOUND('',#10744,.T.);
#10744 = EDGE_LOOP('',(#10745,#10746,#10747,#10753));
#10745 = ORIENTED_EDGE('',*,*,#2320,.F.);
#10746 = ORIENTED_EDGE('',*,*,#10707,.F.);
#10747 = ORIENTED_EDGE('',*,*,#10748,.T.);
#10748 = EDGE_CURVE('',#10697,#10722,#10749,.T.);
#10749 = LINE('',#10750,#10751);
#10750 = CARTESIAN_POINT('',(230.997,254.5,-21.97));
#10751 = VECTOR('',#10752,1.);
#10752 = DIRECTION('',(0.,1.,0.));
#10753 = ORIENTED_EDGE('',*,*,#10732,.T.);
#10754 = PLANE('',#10755);
#10755 = AXIS2_PLACEMENT_3D('',#10756,#10757,#10758);
#10756 = CARTESIAN_POINT('',(230.997,254.5,-21.97));
#10757 = DIRECTION('',(1.,0.,0.));
#10758 = DIRECTION('',(0.,0.,1.));
#10759 = ADVANCED_FACE('',(#10760,#10770,#10781),#10792,.T.);
#10760 = FACE_BOUND('',#10761,.T.);
#10761 = EDGE_LOOP('',(#10762,#10763,#10764,#10765,#10766,#10767,#10768,
    #10769));
#10762 = ORIENTED_EDGE('',*,*,#10576,.T.);
#10763 = ORIENTED_EDGE('',*,*,#10623,.T.);
#10764 = ORIENTED_EDGE('',*,*,#10672,.F.);
#10765 = ORIENTED_EDGE('',*,*,#10721,.F.);
#10766 = ORIENTED_EDGE('',*,*,#10748,.F.);
#10767 = ORIENTED_EDGE('',*,*,#10696,.T.);
#10768 = ORIENTED_EDGE('',*,*,#10648,.T.);
#10769 = ORIENTED_EDGE('',*,*,#10598,.T.);
#10770 = FACE_BOUND('',#10771,.T.);
#10771 = EDGE_LOOP('',(#10772));
#10772 = ORIENTED_EDGE('',*,*,#10773,.T.);
#10773 = EDGE_CURVE('',#10774,#10774,#10776,.T.);
#10774 = VERTEX_POINT('',#10775);
#10775 = CARTESIAN_POINT('',(240.7698,266.,-21.97));
#10776 = CIRCLE('',#10777,1.7272);
#10777 = AXIS2_PLACEMENT_3D('',#10778,#10779,#10780);
#10778 = CARTESIAN_POINT('',(242.497,266.,-21.97));
#10779 = DIRECTION('',(0.,0.,-1.));
#10780 = DIRECTION('',(-1.,0.,0.));
#10781 = FACE_BOUND('',#10782,.T.);
#10782 = EDGE_LOOP('',(#10783));
#10783 = ORIENTED_EDGE('',*,*,#10784,.T.);
#10784 = EDGE_CURVE('',#10785,#10785,#10787,.T.);
#10785 = VERTEX_POINT('',#10786);
#10786 = CARTESIAN_POINT('',(240.7698,291.,-21.97));
#10787 = CIRCLE('',#10788,1.7272);
#10788 = AXIS2_PLACEMENT_3D('',#10789,#10790,#10791);
#10789 = CARTESIAN_POINT('',(242.497,291.,-21.97));
#10790 = DIRECTION('',(0.,0.,-1.));
#10791 = DIRECTION('',(-1.,0.,0.));
#10792 = PLANE('',#10793);
#10793 = AXIS2_PLACEMENT_3D('',#10794,#10795,#10796);
#10794 = CARTESIAN_POINT('',(230.997,254.5,-21.97));
#10795 = DIRECTION('',(0.,0.,1.));
#10796 = DIRECTION('',(1.,0.,0.));
#10797 = ADVANCED_FACE('',(#10798),#10817,.F.);
#10798 = FACE_BOUND('',#10799,.F.);
#10799 = EDGE_LOOP('',(#10800,#10801,#10809,#10816));
#10800 = ORIENTED_EDGE('',*,*,#10773,.T.);
#10801 = ORIENTED_EDGE('',*,*,#10802,.T.);
#10802 = EDGE_CURVE('',#10774,#10803,#10805,.T.);
#10803 = VERTEX_POINT('',#10804);
#10804 = CARTESIAN_POINT('',(240.7698,266.,-38.1));
#10805 = LINE('',#10806,#10807);
#10806 = CARTESIAN_POINT('',(240.7698,266.,-13.97));
#10807 = VECTOR('',#10808,1.);
#10808 = DIRECTION('',(0.,0.,-1.));
#10809 = ORIENTED_EDGE('',*,*,#10810,.F.);
#10810 = EDGE_CURVE('',#10803,#10803,#10811,.T.);
#10811 = CIRCLE('',#10812,1.7272);
#10812 = AXIS2_PLACEMENT_3D('',#10813,#10814,#10815);
#10813 = CARTESIAN_POINT('',(242.497,266.,-38.1));
#10814 = DIRECTION('',(0.,0.,-1.));
#10815 = DIRECTION('',(-1.,0.,0.));
#10816 = ORIENTED_EDGE('',*,*,#10802,.F.);
#10817 = CYLINDRICAL_SURFACE('',#10818,1.7272);
#10818 = AXIS2_PLACEMENT_3D('',#10819,#10820,#10821);
#10819 = CARTESIAN_POINT('',(242.497,266.,-13.97));
#10820 = DIRECTION('',(0.,0.,-1.));
#10821 = DIRECTION('',(-1.,0.,0.));
#10822 = ADVANCED_FACE('',(#10823),#10842,.F.);
#10823 = FACE_BOUND('',#10824,.F.);
#10824 = EDGE_LOOP('',(#10825,#10826,#10834,#10841));
#10825 = ORIENTED_EDGE('',*,*,#10784,.T.);
#10826 = ORIENTED_EDGE('',*,*,#10827,.T.);
#10827 = EDGE_CURVE('',#10785,#10828,#10830,.T.);
#10828 = VERTEX_POINT('',#10829);
#10829 = CARTESIAN_POINT('',(240.7698,291.,-38.1));
#10830 = LINE('',#10831,#10832);
#10831 = CARTESIAN_POINT('',(240.7698,291.,-13.97));
#10832 = VECTOR('',#10833,1.);
#10833 = DIRECTION('',(0.,0.,-1.));
#10834 = ORIENTED_EDGE('',*,*,#10835,.F.);
#10835 = EDGE_CURVE('',#10828,#10828,#10836,.T.);
#10836 = CIRCLE('',#10837,1.7272);
#10837 = AXIS2_PLACEMENT_3D('',#10838,#10839,#10840);
#10838 = CARTESIAN_POINT('',(242.497,291.,-38.1));
#10839 = DIRECTION('',(0.,0.,-1.));
#10840 = DIRECTION('',(-1.,0.,0.));
#10841 = ORIENTED_EDGE('',*,*,#10827,.F.);
#10842 = CYLINDRICAL_SURFACE('',#10843,1.7272);
#10843 = AXIS2_PLACEMENT_3D('',#10844,#10845,#10846);
#10844 = CARTESIAN_POINT('',(242.497,291.,-13.97));
#10845 = DIRECTION('',(0.,0.,-1.));
#10846 = DIRECTION('',(-1.,0.,0.));
#10847 = ADVANCED_FACE('',(#10848),#10873,.F.);
#10848 = FACE_BOUND('',#10849,.F.);
#10849 = EDGE_LOOP('',(#10850,#10851,#10859,#10867));
#10850 = ORIENTED_EDGE('',*,*,#2354,.F.);
#10851 = ORIENTED_EDGE('',*,*,#10852,.F.);
#10852 = EDGE_CURVE('',#10853,#2355,#10855,.T.);
#10853 = VERTEX_POINT('',#10854);
#10854 = CARTESIAN_POINT('',(158.826,327.397,-21.97));
#10855 = LINE('',#10856,#10857);
#10856 = CARTESIAN_POINT('',(158.826,327.397,-21.97));
#10857 = VECTOR('',#10858,1.);
#10858 = DIRECTION('',(0.,0.,1.));
#10859 = ORIENTED_EDGE('',*,*,#10860,.T.);
#10860 = EDGE_CURVE('',#10853,#10861,#10863,.T.);
#10861 = VERTEX_POINT('',#10862);
#10862 = CARTESIAN_POINT('',(117.174,327.397,-21.97));
#10863 = LINE('',#10864,#10865);
#10864 = CARTESIAN_POINT('',(162.,327.397,-21.97));
#10865 = VECTOR('',#10866,1.);
#10866 = DIRECTION('',(-1.,0.,0.));
#10867 = ORIENTED_EDGE('',*,*,#10868,.T.);
#10868 = EDGE_CURVE('',#10861,#2357,#10869,.T.);
#10869 = LINE('',#10870,#10871);
#10870 = CARTESIAN_POINT('',(117.174,327.397,-21.97));
#10871 = VECTOR('',#10872,1.);
#10872 = DIRECTION('',(0.,0.,1.));
#10873 = PLANE('',#10874);
#10874 = AXIS2_PLACEMENT_3D('',#10875,#10876,#10877);
#10875 = CARTESIAN_POINT('',(162.,327.397,-21.97));
#10876 = DIRECTION('',(0.,1.,0.));
#10877 = DIRECTION('',(0.,0.,1.));
#10878 = ADVANCED_FACE('',(#10879),#10898,.F.);
#10879 = FACE_BOUND('',#10880,.F.);
#10880 = EDGE_LOOP('',(#10881,#10890,#10891,#10892));
#10881 = ORIENTED_EDGE('',*,*,#10882,.T.);
#10882 = EDGE_CURVE('',#10883,#10853,#10885,.T.);
#10883 = VERTEX_POINT('',#10884);
#10884 = CARTESIAN_POINT('',(162.,324.223,-21.97));
#10885 = CIRCLE('',#10886,3.174);
#10886 = AXIS2_PLACEMENT_3D('',#10887,#10888,#10889);
#10887 = CARTESIAN_POINT('',(158.826,324.223,-21.97));
#10888 = DIRECTION('',(0.,0.,1.));
#10889 = DIRECTION('',(1.,0.,0.));
#10890 = ORIENTED_EDGE('',*,*,#10852,.T.);
#10891 = ORIENTED_EDGE('',*,*,#2364,.F.);
#10892 = ORIENTED_EDGE('',*,*,#10893,.F.);
#10893 = EDGE_CURVE('',#10883,#2365,#10894,.T.);
#10894 = LINE('',#10895,#10896);
#10895 = CARTESIAN_POINT('',(162.,324.223,-21.97));
#10896 = VECTOR('',#10897,1.);
#10897 = DIRECTION('',(0.,0.,1.));
#10898 = CYLINDRICAL_SURFACE('',#10899,3.174);
#10899 = AXIS2_PLACEMENT_3D('',#10900,#10901,#10902);
#10900 = CARTESIAN_POINT('',(158.826,324.223,-21.97));
#10901 = DIRECTION('',(0.,0.,1.));
#10902 = DIRECTION('',(1.,0.,0.));
#10903 = ADVANCED_FACE('',(#10904),#10923,.F.);
#10904 = FACE_BOUND('',#10905,.F.);
#10905 = EDGE_LOOP('',(#10906,#10915,#10921,#10922));
#10906 = ORIENTED_EDGE('',*,*,#10907,.T.);
#10907 = EDGE_CURVE('',#10861,#10908,#10910,.T.);
#10908 = VERTEX_POINT('',#10909);
#10909 = CARTESIAN_POINT('',(114.,324.223,-21.97));
#10910 = CIRCLE('',#10911,3.174);
#10911 = AXIS2_PLACEMENT_3D('',#10912,#10913,#10914);
#10912 = CARTESIAN_POINT('',(117.174,324.223,-21.97));
#10913 = DIRECTION('',(0.,0.,1.));
#10914 = DIRECTION('',(1.,0.,0.));
#10915 = ORIENTED_EDGE('',*,*,#10916,.T.);
#10916 = EDGE_CURVE('',#10908,#2408,#10917,.T.);
#10917 = LINE('',#10918,#10919);
#10918 = CARTESIAN_POINT('',(114.,324.223,-21.97));
#10919 = VECTOR('',#10920,1.);
#10920 = DIRECTION('',(0.,0.,1.));
#10921 = ORIENTED_EDGE('',*,*,#2415,.F.);
#10922 = ORIENTED_EDGE('',*,*,#10868,.F.);
#10923 = CYLINDRICAL_SURFACE('',#10924,3.174);
#10924 = AXIS2_PLACEMENT_3D('',#10925,#10926,#10927);
#10925 = CARTESIAN_POINT('',(117.174,324.223,-21.97));
#10926 = DIRECTION('',(0.,0.,1.));
#10927 = DIRECTION('',(0.,1.,0.));
#10928 = ADVANCED_FACE('',(#10929),#10947,.T.);
#10929 = FACE_BOUND('',#10930,.T.);
#10930 = EDGE_LOOP('',(#10931,#10939,#10945,#10946));
#10931 = ORIENTED_EDGE('',*,*,#10932,.F.);
#10932 = EDGE_CURVE('',#10933,#10883,#10935,.T.);
#10933 = VERTEX_POINT('',#10934);
#10934 = CARTESIAN_POINT('',(162.,307.571,-21.97));
#10935 = LINE('',#10936,#10937);
#10936 = CARTESIAN_POINT('',(162.,304.397,-21.97));
#10937 = VECTOR('',#10938,1.);
#10938 = DIRECTION('',(0.,1.,0.));
#10939 = ORIENTED_EDGE('',*,*,#10940,.T.);
#10940 = EDGE_CURVE('',#10933,#2374,#10941,.T.);
#10941 = LINE('',#10942,#10943);
#10942 = CARTESIAN_POINT('',(162.,307.571,-21.97));
#10943 = VECTOR('',#10944,1.);
#10944 = DIRECTION('',(0.,0.,1.));
#10945 = ORIENTED_EDGE('',*,*,#2373,.T.);
#10946 = ORIENTED_EDGE('',*,*,#10893,.F.);
#10947 = PLANE('',#10948);
#10948 = AXIS2_PLACEMENT_3D('',#10949,#10950,#10951);
#10949 = CARTESIAN_POINT('',(162.,304.397,-21.97));
#10950 = DIRECTION('',(-1.,0.,0.));
#10951 = DIRECTION('',(0.,0.,1.));
#10952 = ADVANCED_FACE('',(#10953),#10971,.F.);
#10953 = FACE_BOUND('',#10954,.F.);
#10954 = EDGE_LOOP('',(#10955,#10963,#10969,#10970));
#10955 = ORIENTED_EDGE('',*,*,#10956,.F.);
#10956 = EDGE_CURVE('',#10957,#10908,#10959,.T.);
#10957 = VERTEX_POINT('',#10958);
#10958 = CARTESIAN_POINT('',(114.,307.571,-21.97));
#10959 = LINE('',#10960,#10961);
#10960 = CARTESIAN_POINT('',(114.,304.397,-21.97));
#10961 = VECTOR('',#10962,1.);
#10962 = DIRECTION('',(0.,1.,0.));
#10963 = ORIENTED_EDGE('',*,*,#10964,.T.);
#10964 = EDGE_CURVE('',#10957,#2399,#10965,.T.);
#10965 = LINE('',#10966,#10967);
#10966 = CARTESIAN_POINT('',(114.,307.571,-21.97));
#10967 = VECTOR('',#10968,1.);
#10968 = DIRECTION('',(0.,0.,1.));
#10969 = ORIENTED_EDGE('',*,*,#2407,.T.);
#10970 = ORIENTED_EDGE('',*,*,#10916,.F.);
#10971 = PLANE('',#10972);
#10972 = AXIS2_PLACEMENT_3D('',#10973,#10974,#10975);
#10973 = CARTESIAN_POINT('',(114.,304.397,-21.97));
#10974 = DIRECTION('',(-1.,0.,0.));
#10975 = DIRECTION('',(0.,0.,1.));
#10976 = ADVANCED_FACE('',(#10977),#10996,.F.);
#10977 = FACE_BOUND('',#10978,.F.);
#10978 = EDGE_LOOP('',(#10979,#10988,#10989,#10990));
#10979 = ORIENTED_EDGE('',*,*,#10980,.T.);
#10980 = EDGE_CURVE('',#10981,#10933,#10983,.T.);
#10981 = VERTEX_POINT('',#10982);
#10982 = CARTESIAN_POINT('',(158.826,304.397,-21.97));
#10983 = CIRCLE('',#10984,3.174);
#10984 = AXIS2_PLACEMENT_3D('',#10985,#10986,#10987);
#10985 = CARTESIAN_POINT('',(158.826,307.571,-21.97));
#10986 = DIRECTION('',(0.,0.,1.));
#10987 = DIRECTION('',(1.,0.,0.));
#10988 = ORIENTED_EDGE('',*,*,#10940,.T.);
#10989 = ORIENTED_EDGE('',*,*,#2381,.F.);
#10990 = ORIENTED_EDGE('',*,*,#10991,.F.);
#10991 = EDGE_CURVE('',#10981,#2382,#10992,.T.);
#10992 = LINE('',#10993,#10994);
#10993 = CARTESIAN_POINT('',(158.826,304.397,-21.97));
#10994 = VECTOR('',#10995,1.);
#10995 = DIRECTION('',(0.,0.,1.));
#10996 = CYLINDRICAL_SURFACE('',#10997,3.174);
#10997 = AXIS2_PLACEMENT_3D('',#10998,#10999,#11000);
#10998 = CARTESIAN_POINT('',(158.826,307.571,-21.97));
#10999 = DIRECTION('',(0.,0.,1.));
#11000 = DIRECTION('',(0.,-1.,0.));
#11001 = ADVANCED_FACE('',(#11002),#11021,.F.);
#11002 = FACE_BOUND('',#11003,.T.);
#11003 = EDGE_LOOP('',(#11004,#11013,#11014,#11015));
#11004 = ORIENTED_EDGE('',*,*,#11005,.T.);
#11005 = EDGE_CURVE('',#11006,#10957,#11008,.T.);
#11006 = VERTEX_POINT('',#11007);
#11007 = CARTESIAN_POINT('',(117.174,304.397,-21.97));
#11008 = CIRCLE('',#11009,3.174);
#11009 = AXIS2_PLACEMENT_3D('',#11010,#11011,#11012);
#11010 = CARTESIAN_POINT('',(117.174,307.571,-21.97));
#11011 = DIRECTION('',(0.,0.,-1.));
#11012 = DIRECTION('',(1.,0.,0.));
#11013 = ORIENTED_EDGE('',*,*,#10964,.T.);
#11014 = ORIENTED_EDGE('',*,*,#2398,.F.);
#11015 = ORIENTED_EDGE('',*,*,#11016,.F.);
#11016 = EDGE_CURVE('',#11006,#2391,#11017,.T.);
#11017 = LINE('',#11018,#11019);
#11018 = CARTESIAN_POINT('',(117.174,304.397,-21.97));
#11019 = VECTOR('',#11020,1.);
#11020 = DIRECTION('',(0.,0.,1.));
#11021 = CYLINDRICAL_SURFACE('',#11022,3.174);
#11022 = AXIS2_PLACEMENT_3D('',#11023,#11024,#11025);
#11023 = CARTESIAN_POINT('',(117.174,307.571,-21.97));
#11024 = DIRECTION('',(0.,0.,1.));
#11025 = DIRECTION('',(0.,-1.,0.));
#11026 = ADVANCED_FACE('',(#11027),#11038,.T.);
#11027 = FACE_BOUND('',#11028,.T.);
#11028 = EDGE_LOOP('',(#11029,#11030,#11031,#11037));
#11029 = ORIENTED_EDGE('',*,*,#2390,.F.);
#11030 = ORIENTED_EDGE('',*,*,#10991,.F.);
#11031 = ORIENTED_EDGE('',*,*,#11032,.T.);
#11032 = EDGE_CURVE('',#10981,#11006,#11033,.T.);
#11033 = LINE('',#11034,#11035);
#11034 = CARTESIAN_POINT('',(162.,304.397,-21.97));
#11035 = VECTOR('',#11036,1.);
#11036 = DIRECTION('',(-1.,0.,0.));
#11037 = ORIENTED_EDGE('',*,*,#11016,.T.);
#11038 = PLANE('',#11039);
#11039 = AXIS2_PLACEMENT_3D('',#11040,#11041,#11042);
#11040 = CARTESIAN_POINT('',(162.,304.397,-21.97));
#11041 = DIRECTION('',(0.,1.,0.));
#11042 = DIRECTION('',(0.,0.,1.));
#11043 = ADVANCED_FACE('',(#11044,#11054,#11065),#11076,.T.);
#11044 = FACE_BOUND('',#11045,.T.);
#11045 = EDGE_LOOP('',(#11046,#11047,#11048,#11049,#11050,#11051,#11052,
    #11053));
#11046 = ORIENTED_EDGE('',*,*,#10860,.T.);
#11047 = ORIENTED_EDGE('',*,*,#10907,.T.);
#11048 = ORIENTED_EDGE('',*,*,#10956,.F.);
#11049 = ORIENTED_EDGE('',*,*,#11005,.F.);
#11050 = ORIENTED_EDGE('',*,*,#11032,.F.);
#11051 = ORIENTED_EDGE('',*,*,#10980,.T.);
#11052 = ORIENTED_EDGE('',*,*,#10932,.T.);
#11053 = ORIENTED_EDGE('',*,*,#10882,.T.);
#11054 = FACE_BOUND('',#11055,.T.);
#11055 = EDGE_LOOP('',(#11056));
#11056 = ORIENTED_EDGE('',*,*,#11057,.T.);
#11057 = EDGE_CURVE('',#11058,#11058,#11060,.T.);
#11058 = VERTEX_POINT('',#11059);
#11059 = CARTESIAN_POINT('',(150.5,314.1698,-21.97));
#11060 = CIRCLE('',#11061,1.7272);
#11061 = AXIS2_PLACEMENT_3D('',#11062,#11063,#11064);
#11062 = CARTESIAN_POINT('',(150.5,315.897,-21.97));
#11063 = DIRECTION('',(-0.,0.,-1.));
#11064 = DIRECTION('',(-0.,-1.,0.));
#11065 = FACE_BOUND('',#11066,.T.);
#11066 = EDGE_LOOP('',(#11067));
#11067 = ORIENTED_EDGE('',*,*,#11068,.T.);
#11068 = EDGE_CURVE('',#11069,#11069,#11071,.T.);
#11069 = VERTEX_POINT('',#11070);
#11070 = CARTESIAN_POINT('',(125.5,314.1698,-21.97));
#11071 = CIRCLE('',#11072,1.7272);
#11072 = AXIS2_PLACEMENT_3D('',#11073,#11074,#11075);
#11073 = CARTESIAN_POINT('',(125.5,315.897,-21.97));
#11074 = DIRECTION('',(-0.,0.,-1.));
#11075 = DIRECTION('',(-0.,-1.,0.));
#11076 = PLANE('',#11077);
#11077 = AXIS2_PLACEMENT_3D('',#11078,#11079,#11080);
#11078 = CARTESIAN_POINT('',(162.,304.397,-21.97));
#11079 = DIRECTION('',(0.,0.,1.));
#11080 = DIRECTION('',(0.,1.,0.));
#11081 = ADVANCED_FACE('',(#11082),#11101,.F.);
#11082 = FACE_BOUND('',#11083,.F.);
#11083 = EDGE_LOOP('',(#11084,#11085,#11093,#11100));
#11084 = ORIENTED_EDGE('',*,*,#11057,.T.);
#11085 = ORIENTED_EDGE('',*,*,#11086,.T.);
#11086 = EDGE_CURVE('',#11058,#11087,#11089,.T.);
#11087 = VERTEX_POINT('',#11088);
#11088 = CARTESIAN_POINT('',(150.5,314.1698,-38.1));
#11089 = LINE('',#11090,#11091);
#11090 = CARTESIAN_POINT('',(150.5,314.1698,-13.97));
#11091 = VECTOR('',#11092,1.);
#11092 = DIRECTION('',(0.,0.,-1.));
#11093 = ORIENTED_EDGE('',*,*,#11094,.F.);
#11094 = EDGE_CURVE('',#11087,#11087,#11095,.T.);
#11095 = CIRCLE('',#11096,1.7272);
#11096 = AXIS2_PLACEMENT_3D('',#11097,#11098,#11099);
#11097 = CARTESIAN_POINT('',(150.5,315.897,-38.1));
#11098 = DIRECTION('',(0.,0.,-1.));
#11099 = DIRECTION('',(-2.2E-16,-1.,-0.));
#11100 = ORIENTED_EDGE('',*,*,#11086,.F.);
#11101 = CYLINDRICAL_SURFACE('',#11102,1.7272);
#11102 = AXIS2_PLACEMENT_3D('',#11103,#11104,#11105);
#11103 = CARTESIAN_POINT('',(150.5,315.897,-13.97));
#11104 = DIRECTION('',(0.,0.,-1.));
#11105 = DIRECTION('',(-0.,-1.,0.));
#11106 = ADVANCED_FACE('',(#11107),#11126,.F.);
#11107 = FACE_BOUND('',#11108,.F.);
#11108 = EDGE_LOOP('',(#11109,#11110,#11118,#11125));
#11109 = ORIENTED_EDGE('',*,*,#11068,.T.);
#11110 = ORIENTED_EDGE('',*,*,#11111,.T.);
#11111 = EDGE_CURVE('',#11069,#11112,#11114,.T.);
#11112 = VERTEX_POINT('',#11113);
#11113 = CARTESIAN_POINT('',(125.5,314.1698,-38.1));
#11114 = LINE('',#11115,#11116);
#11115 = CARTESIAN_POINT('',(125.5,314.1698,-13.97));
#11116 = VECTOR('',#11117,1.);
#11117 = DIRECTION('',(0.,0.,-1.));
#11118 = ORIENTED_EDGE('',*,*,#11119,.F.);
#11119 = EDGE_CURVE('',#11112,#11112,#11120,.T.);
#11120 = CIRCLE('',#11121,1.7272);
#11121 = AXIS2_PLACEMENT_3D('',#11122,#11123,#11124);
#11122 = CARTESIAN_POINT('',(125.5,315.897,-38.1));
#11123 = DIRECTION('',(0.,0.,-1.));
#11124 = DIRECTION('',(-2.2E-16,-1.,-0.));
#11125 = ORIENTED_EDGE('',*,*,#11111,.F.);
#11126 = CYLINDRICAL_SURFACE('',#11127,1.7272);
#11127 = AXIS2_PLACEMENT_3D('',#11128,#11129,#11130);
#11128 = CARTESIAN_POINT('',(125.5,315.897,-13.97));
#11129 = DIRECTION('',(0.,0.,-1.));
#11130 = DIRECTION('',(-0.,-1.,0.));
#11131 = ADVANCED_FACE('',(#11132),#11157,.F.);
#11132 = FACE_BOUND('',#11133,.F.);
#11133 = EDGE_LOOP('',(#11134,#11135,#11143,#11151));
#11134 = ORIENTED_EDGE('',*,*,#2424,.F.);
#11135 = ORIENTED_EDGE('',*,*,#11136,.F.);
#11136 = EDGE_CURVE('',#11137,#2425,#11139,.T.);
#11137 = VERTEX_POINT('',#11138);
#11138 = CARTESIAN_POINT('',(422.397,20.174,-21.97));
#11139 = LINE('',#11140,#11141);
#11140 = CARTESIAN_POINT('',(422.397,20.174,-21.97));
#11141 = VECTOR('',#11142,1.);
#11142 = DIRECTION('',(0.,0.,1.));
#11143 = ORIENTED_EDGE('',*,*,#11144,.T.);
#11144 = EDGE_CURVE('',#11137,#11145,#11147,.T.);
#11145 = VERTEX_POINT('',#11146);
#11146 = CARTESIAN_POINT('',(422.397,61.826,-21.97));
#11147 = LINE('',#11148,#11149);
#11148 = CARTESIAN_POINT('',(422.397,17.,-21.97));
#11149 = VECTOR('',#11150,1.);
#11150 = DIRECTION('',(0.,1.,0.));
#11151 = ORIENTED_EDGE('',*,*,#11152,.T.);
#11152 = EDGE_CURVE('',#11145,#2427,#11153,.T.);
#11153 = LINE('',#11154,#11155);
#11154 = CARTESIAN_POINT('',(422.397,61.826,-21.97));
#11155 = VECTOR('',#11156,1.);
#11156 = DIRECTION('',(0.,0.,1.));
#11157 = PLANE('',#11158);
#11158 = AXIS2_PLACEMENT_3D('',#11159,#11160,#11161);
#11159 = CARTESIAN_POINT('',(422.397,17.,-21.97));
#11160 = DIRECTION('',(1.,0.,0.));
#11161 = DIRECTION('',(0.,0.,1.));
#11162 = ADVANCED_FACE('',(#11163),#11182,.F.);
#11163 = FACE_BOUND('',#11164,.F.);
#11164 = EDGE_LOOP('',(#11165,#11174,#11175,#11176));
#11165 = ORIENTED_EDGE('',*,*,#11166,.T.);
#11166 = EDGE_CURVE('',#11167,#11137,#11169,.T.);
#11167 = VERTEX_POINT('',#11168);
#11168 = CARTESIAN_POINT('',(419.223,17.,-21.97));
#11169 = CIRCLE('',#11170,3.174);
#11170 = AXIS2_PLACEMENT_3D('',#11171,#11172,#11173);
#11171 = CARTESIAN_POINT('',(419.223,20.174,-21.97));
#11172 = DIRECTION('',(-0.,0.,1.));
#11173 = DIRECTION('',(0.,-1.,0.));
#11174 = ORIENTED_EDGE('',*,*,#11136,.T.);
#11175 = ORIENTED_EDGE('',*,*,#2434,.F.);
#11176 = ORIENTED_EDGE('',*,*,#11177,.F.);
#11177 = EDGE_CURVE('',#11167,#2435,#11178,.T.);
#11178 = LINE('',#11179,#11180);
#11179 = CARTESIAN_POINT('',(419.223,17.,-21.97));
#11180 = VECTOR('',#11181,1.);
#11181 = DIRECTION('',(0.,0.,1.));
#11182 = CYLINDRICAL_SURFACE('',#11183,3.174);
#11183 = AXIS2_PLACEMENT_3D('',#11184,#11185,#11186);
#11184 = CARTESIAN_POINT('',(419.223,20.174,-21.97));
#11185 = DIRECTION('',(0.,0.,1.));
#11186 = DIRECTION('',(0.,-1.,0.));
#11187 = ADVANCED_FACE('',(#11188),#11207,.F.);
#11188 = FACE_BOUND('',#11189,.F.);
#11189 = EDGE_LOOP('',(#11190,#11199,#11205,#11206));
#11190 = ORIENTED_EDGE('',*,*,#11191,.T.);
#11191 = EDGE_CURVE('',#11145,#11192,#11194,.T.);
#11192 = VERTEX_POINT('',#11193);
#11193 = CARTESIAN_POINT('',(419.223,65.,-21.97));
#11194 = CIRCLE('',#11195,3.174);
#11195 = AXIS2_PLACEMENT_3D('',#11196,#11197,#11198);
#11196 = CARTESIAN_POINT('',(419.223,61.826,-21.97));
#11197 = DIRECTION('',(-0.,0.,1.));
#11198 = DIRECTION('',(0.,-1.,0.));
#11199 = ORIENTED_EDGE('',*,*,#11200,.T.);
#11200 = EDGE_CURVE('',#11192,#2478,#11201,.T.);
#11201 = LINE('',#11202,#11203);
#11202 = CARTESIAN_POINT('',(419.223,65.,-21.97));
#11203 = VECTOR('',#11204,1.);
#11204 = DIRECTION('',(0.,0.,1.));
#11205 = ORIENTED_EDGE('',*,*,#2485,.F.);
#11206 = ORIENTED_EDGE('',*,*,#11152,.F.);
#11207 = CYLINDRICAL_SURFACE('',#11208,3.174);
#11208 = AXIS2_PLACEMENT_3D('',#11209,#11210,#11211);
#11209 = CARTESIAN_POINT('',(419.223,61.826,-21.97));
#11210 = DIRECTION('',(0.,0.,1.));
#11211 = DIRECTION('',(1.,0.,0.));
#11212 = ADVANCED_FACE('',(#11213),#11231,.T.);
#11213 = FACE_BOUND('',#11214,.T.);
#11214 = EDGE_LOOP('',(#11215,#11223,#11229,#11230));
#11215 = ORIENTED_EDGE('',*,*,#11216,.F.);
#11216 = EDGE_CURVE('',#11217,#11167,#11219,.T.);
#11217 = VERTEX_POINT('',#11218);
#11218 = CARTESIAN_POINT('',(402.571,17.,-21.97));
#11219 = LINE('',#11220,#11221);
#11220 = CARTESIAN_POINT('',(399.397,17.,-21.97));
#11221 = VECTOR('',#11222,1.);
#11222 = DIRECTION('',(1.,0.,0.));
#11223 = ORIENTED_EDGE('',*,*,#11224,.T.);
#11224 = EDGE_CURVE('',#11217,#2444,#11225,.T.);
#11225 = LINE('',#11226,#11227);
#11226 = CARTESIAN_POINT('',(402.571,17.,-21.97));
#11227 = VECTOR('',#11228,1.);
#11228 = DIRECTION('',(0.,0.,1.));
#11229 = ORIENTED_EDGE('',*,*,#2443,.T.);
#11230 = ORIENTED_EDGE('',*,*,#11177,.F.);
#11231 = PLANE('',#11232);
#11232 = AXIS2_PLACEMENT_3D('',#11233,#11234,#11235);
#11233 = CARTESIAN_POINT('',(399.397,17.,-21.97));
#11234 = DIRECTION('',(0.,1.,0.));
#11235 = DIRECTION('',(0.,0.,1.));
#11236 = ADVANCED_FACE('',(#11237),#11255,.F.);
#11237 = FACE_BOUND('',#11238,.F.);
#11238 = EDGE_LOOP('',(#11239,#11247,#11253,#11254));
#11239 = ORIENTED_EDGE('',*,*,#11240,.F.);
#11240 = EDGE_CURVE('',#11241,#11192,#11243,.T.);
#11241 = VERTEX_POINT('',#11242);
#11242 = CARTESIAN_POINT('',(402.571,65.,-21.97));
#11243 = LINE('',#11244,#11245);
#11244 = CARTESIAN_POINT('',(399.397,65.,-21.97));
#11245 = VECTOR('',#11246,1.);
#11246 = DIRECTION('',(1.,0.,0.));
#11247 = ORIENTED_EDGE('',*,*,#11248,.T.);
#11248 = EDGE_CURVE('',#11241,#2469,#11249,.T.);
#11249 = LINE('',#11250,#11251);
#11250 = CARTESIAN_POINT('',(402.571,65.,-21.97));
#11251 = VECTOR('',#11252,1.);
#11252 = DIRECTION('',(0.,0.,1.));
#11253 = ORIENTED_EDGE('',*,*,#2477,.T.);
#11254 = ORIENTED_EDGE('',*,*,#11200,.F.);
#11255 = PLANE('',#11256);
#11256 = AXIS2_PLACEMENT_3D('',#11257,#11258,#11259);
#11257 = CARTESIAN_POINT('',(399.397,65.,-21.97));
#11258 = DIRECTION('',(0.,1.,0.));
#11259 = DIRECTION('',(0.,0.,1.));
#11260 = ADVANCED_FACE('',(#11261),#11280,.F.);
#11261 = FACE_BOUND('',#11262,.F.);
#11262 = EDGE_LOOP('',(#11263,#11272,#11273,#11274));
#11263 = ORIENTED_EDGE('',*,*,#11264,.T.);
#11264 = EDGE_CURVE('',#11265,#11217,#11267,.T.);
#11265 = VERTEX_POINT('',#11266);
#11266 = CARTESIAN_POINT('',(399.397,20.174,-21.97));
#11267 = CIRCLE('',#11268,3.174);
#11268 = AXIS2_PLACEMENT_3D('',#11269,#11270,#11271);
#11269 = CARTESIAN_POINT('',(402.571,20.174,-21.97));
#11270 = DIRECTION('',(-0.,0.,1.));
#11271 = DIRECTION('',(0.,-1.,0.));
#11272 = ORIENTED_EDGE('',*,*,#11224,.T.);
#11273 = ORIENTED_EDGE('',*,*,#2451,.F.);
#11274 = ORIENTED_EDGE('',*,*,#11275,.F.);
#11275 = EDGE_CURVE('',#11265,#2452,#11276,.T.);
#11276 = LINE('',#11277,#11278);
#11277 = CARTESIAN_POINT('',(399.397,20.174,-21.97));
#11278 = VECTOR('',#11279,1.);
#11279 = DIRECTION('',(0.,0.,1.));
#11280 = CYLINDRICAL_SURFACE('',#11281,3.174);
#11281 = AXIS2_PLACEMENT_3D('',#11282,#11283,#11284);
#11282 = CARTESIAN_POINT('',(402.571,20.174,-21.97));
#11283 = DIRECTION('',(0.,0.,1.));
#11284 = DIRECTION('',(-1.,0.,0.));
#11285 = ADVANCED_FACE('',(#11286),#11305,.F.);
#11286 = FACE_BOUND('',#11287,.T.);
#11287 = EDGE_LOOP('',(#11288,#11297,#11298,#11299));
#11288 = ORIENTED_EDGE('',*,*,#11289,.T.);
#11289 = EDGE_CURVE('',#11290,#11241,#11292,.T.);
#11290 = VERTEX_POINT('',#11291);
#11291 = CARTESIAN_POINT('',(399.397,61.826,-21.97));
#11292 = CIRCLE('',#11293,3.174);
#11293 = AXIS2_PLACEMENT_3D('',#11294,#11295,#11296);
#11294 = CARTESIAN_POINT('',(402.571,61.826,-21.97));
#11295 = DIRECTION('',(-0.,-0.,-1.));
#11296 = DIRECTION('',(0.,-1.,0.));
#11297 = ORIENTED_EDGE('',*,*,#11248,.T.);
#11298 = ORIENTED_EDGE('',*,*,#2468,.F.);
#11299 = ORIENTED_EDGE('',*,*,#11300,.F.);
#11300 = EDGE_CURVE('',#11290,#2461,#11301,.T.);
#11301 = LINE('',#11302,#11303);
#11302 = CARTESIAN_POINT('',(399.397,61.826,-21.97));
#11303 = VECTOR('',#11304,1.);
#11304 = DIRECTION('',(0.,0.,1.));
#11305 = CYLINDRICAL_SURFACE('',#11306,3.174);
#11306 = AXIS2_PLACEMENT_3D('',#11307,#11308,#11309);
#11307 = CARTESIAN_POINT('',(402.571,61.826,-21.97));
#11308 = DIRECTION('',(0.,0.,1.));
#11309 = DIRECTION('',(-1.,0.,0.));
#11310 = ADVANCED_FACE('',(#11311),#11322,.T.);
#11311 = FACE_BOUND('',#11312,.T.);
#11312 = EDGE_LOOP('',(#11313,#11314,#11315,#11321));
#11313 = ORIENTED_EDGE('',*,*,#2460,.F.);
#11314 = ORIENTED_EDGE('',*,*,#11275,.F.);
#11315 = ORIENTED_EDGE('',*,*,#11316,.T.);
#11316 = EDGE_CURVE('',#11265,#11290,#11317,.T.);
#11317 = LINE('',#11318,#11319);
#11318 = CARTESIAN_POINT('',(399.397,17.,-21.97));
#11319 = VECTOR('',#11320,1.);
#11320 = DIRECTION('',(0.,1.,0.));
#11321 = ORIENTED_EDGE('',*,*,#11300,.T.);
#11322 = PLANE('',#11323);
#11323 = AXIS2_PLACEMENT_3D('',#11324,#11325,#11326);
#11324 = CARTESIAN_POINT('',(399.397,17.,-21.97));
#11325 = DIRECTION('',(1.,0.,0.));
#11326 = DIRECTION('',(0.,0.,1.));
#11327 = ADVANCED_FACE('',(#11328,#11338,#11349),#11360,.T.);
#11328 = FACE_BOUND('',#11329,.T.);
#11329 = EDGE_LOOP('',(#11330,#11331,#11332,#11333,#11334,#11335,#11336,
    #11337));
#11330 = ORIENTED_EDGE('',*,*,#11144,.T.);
#11331 = ORIENTED_EDGE('',*,*,#11191,.T.);
#11332 = ORIENTED_EDGE('',*,*,#11240,.F.);
#11333 = ORIENTED_EDGE('',*,*,#11289,.F.);
#11334 = ORIENTED_EDGE('',*,*,#11316,.F.);
#11335 = ORIENTED_EDGE('',*,*,#11264,.T.);
#11336 = ORIENTED_EDGE('',*,*,#11216,.T.);
#11337 = ORIENTED_EDGE('',*,*,#11166,.T.);
#11338 = FACE_BOUND('',#11339,.T.);
#11339 = EDGE_LOOP('',(#11340));
#11340 = ORIENTED_EDGE('',*,*,#11341,.T.);
#11341 = EDGE_CURVE('',#11342,#11342,#11344,.T.);
#11342 = VERTEX_POINT('',#11343);
#11343 = CARTESIAN_POINT('',(409.1698,28.5,-21.97));
#11344 = CIRCLE('',#11345,1.7272);
#11345 = AXIS2_PLACEMENT_3D('',#11346,#11347,#11348);
#11346 = CARTESIAN_POINT('',(410.897,28.5,-21.97));
#11347 = DIRECTION('',(0.,0.,-1.));
#11348 = DIRECTION('',(-1.,0.,0.));
#11349 = FACE_BOUND('',#11350,.T.);
#11350 = EDGE_LOOP('',(#11351));
#11351 = ORIENTED_EDGE('',*,*,#11352,.T.);
#11352 = EDGE_CURVE('',#11353,#11353,#11355,.T.);
#11353 = VERTEX_POINT('',#11354);
#11354 = CARTESIAN_POINT('',(409.1698,53.5,-21.97));
#11355 = CIRCLE('',#11356,1.7272);
#11356 = AXIS2_PLACEMENT_3D('',#11357,#11358,#11359);
#11357 = CARTESIAN_POINT('',(410.897,53.5,-21.97));
#11358 = DIRECTION('',(0.,0.,-1.));
#11359 = DIRECTION('',(-1.,0.,0.));
#11360 = PLANE('',#11361);
#11361 = AXIS2_PLACEMENT_3D('',#11362,#11363,#11364);
#11362 = CARTESIAN_POINT('',(399.397,17.,-21.97));
#11363 = DIRECTION('',(0.,0.,1.));
#11364 = DIRECTION('',(1.,0.,0.));
#11365 = ADVANCED_FACE('',(#11366),#11385,.F.);
#11366 = FACE_BOUND('',#11367,.F.);
#11367 = EDGE_LOOP('',(#11368,#11369,#11377,#11384));
#11368 = ORIENTED_EDGE('',*,*,#11341,.T.);
#11369 = ORIENTED_EDGE('',*,*,#11370,.T.);
#11370 = EDGE_CURVE('',#11342,#11371,#11373,.T.);
#11371 = VERTEX_POINT('',#11372);
#11372 = CARTESIAN_POINT('',(409.1698,28.5,-38.1));
#11373 = LINE('',#11374,#11375);
#11374 = CARTESIAN_POINT('',(409.1698,28.5,-13.97));
#11375 = VECTOR('',#11376,1.);
#11376 = DIRECTION('',(0.,0.,-1.));
#11377 = ORIENTED_EDGE('',*,*,#11378,.F.);
#11378 = EDGE_CURVE('',#11371,#11371,#11379,.T.);
#11379 = CIRCLE('',#11380,1.7272);
#11380 = AXIS2_PLACEMENT_3D('',#11381,#11382,#11383);
#11381 = CARTESIAN_POINT('',(410.897,28.5,-38.1));
#11382 = DIRECTION('',(0.,0.,-1.));
#11383 = DIRECTION('',(-1.,0.,0.));
#11384 = ORIENTED_EDGE('',*,*,#11370,.F.);
#11385 = CYLINDRICAL_SURFACE('',#11386,1.7272);
#11386 = AXIS2_PLACEMENT_3D('',#11387,#11388,#11389);
#11387 = CARTESIAN_POINT('',(410.897,28.5,-13.97));
#11388 = DIRECTION('',(0.,0.,-1.));
#11389 = DIRECTION('',(-1.,0.,0.));
#11390 = ADVANCED_FACE('',(#11391),#11410,.F.);
#11391 = FACE_BOUND('',#11392,.F.);
#11392 = EDGE_LOOP('',(#11393,#11394,#11402,#11409));
#11393 = ORIENTED_EDGE('',*,*,#11352,.T.);
#11394 = ORIENTED_EDGE('',*,*,#11395,.T.);
#11395 = EDGE_CURVE('',#11353,#11396,#11398,.T.);
#11396 = VERTEX_POINT('',#11397);
#11397 = CARTESIAN_POINT('',(409.1698,53.5,-38.1));
#11398 = LINE('',#11399,#11400);
#11399 = CARTESIAN_POINT('',(409.1698,53.5,-13.97));
#11400 = VECTOR('',#11401,1.);
#11401 = DIRECTION('',(0.,0.,-1.));
#11402 = ORIENTED_EDGE('',*,*,#11403,.F.);
#11403 = EDGE_CURVE('',#11396,#11396,#11404,.T.);
#11404 = CIRCLE('',#11405,1.7272);
#11405 = AXIS2_PLACEMENT_3D('',#11406,#11407,#11408);
#11406 = CARTESIAN_POINT('',(410.897,53.5,-38.1));
#11407 = DIRECTION('',(0.,0.,-1.));
#11408 = DIRECTION('',(-1.,0.,0.));
#11409 = ORIENTED_EDGE('',*,*,#11395,.F.);
#11410 = CYLINDRICAL_SURFACE('',#11411,1.7272);
#11411 = AXIS2_PLACEMENT_3D('',#11412,#11413,#11414);
#11412 = CARTESIAN_POINT('',(410.897,53.5,-13.97));
#11413 = DIRECTION('',(0.,0.,-1.));
#11414 = DIRECTION('',(-1.,0.,0.));
#11415 = ADVANCED_FACE('',(#11416),#11441,.F.);
#11416 = FACE_BOUND('',#11417,.F.);
#11417 = EDGE_LOOP('',(#11418,#11419,#11427,#11435));
#11418 = ORIENTED_EDGE('',*,*,#2494,.F.);
#11419 = ORIENTED_EDGE('',*,*,#11420,.F.);
#11420 = EDGE_CURVE('',#11421,#2495,#11423,.T.);
#11421 = VERTEX_POINT('',#11422);
#11422 = CARTESIAN_POINT('',(480.603,120.826,-21.97));
#11423 = LINE('',#11424,#11425);
#11424 = CARTESIAN_POINT('',(480.603,120.826,-21.97));
#11425 = VECTOR('',#11426,1.);
#11426 = DIRECTION('',(0.,0.,1.));
#11427 = ORIENTED_EDGE('',*,*,#11428,.T.);
#11428 = EDGE_CURVE('',#11421,#11429,#11431,.T.);
#11429 = VERTEX_POINT('',#11430);
#11430 = CARTESIAN_POINT('',(480.603,79.174,-21.97));
#11431 = LINE('',#11432,#11433);
#11432 = CARTESIAN_POINT('',(480.603,124.,-21.97));
#11433 = VECTOR('',#11434,1.);
#11434 = DIRECTION('',(0.,-1.,0.));
#11435 = ORIENTED_EDGE('',*,*,#11436,.T.);
#11436 = EDGE_CURVE('',#11429,#2497,#11437,.T.);
#11437 = LINE('',#11438,#11439);
#11438 = CARTESIAN_POINT('',(480.603,79.174,-21.97));
#11439 = VECTOR('',#11440,1.);
#11440 = DIRECTION('',(0.,0.,1.));
#11441 = PLANE('',#11442);
#11442 = AXIS2_PLACEMENT_3D('',#11443,#11444,#11445);
#11443 = CARTESIAN_POINT('',(480.603,124.,-21.97));
#11444 = DIRECTION('',(-1.,0.,0.));
#11445 = DIRECTION('',(0.,0.,1.));
#11446 = ADVANCED_FACE('',(#11447),#11466,.F.);
#11447 = FACE_BOUND('',#11448,.F.);
#11448 = EDGE_LOOP('',(#11449,#11458,#11459,#11460));
#11449 = ORIENTED_EDGE('',*,*,#11450,.T.);
#11450 = EDGE_CURVE('',#11451,#11421,#11453,.T.);
#11451 = VERTEX_POINT('',#11452);
#11452 = CARTESIAN_POINT('',(483.777,124.,-21.97));
#11453 = CIRCLE('',#11454,3.174);
#11454 = AXIS2_PLACEMENT_3D('',#11455,#11456,#11457);
#11455 = CARTESIAN_POINT('',(483.777,120.826,-21.97));
#11456 = DIRECTION('',(0.,-0.,1.));
#11457 = DIRECTION('',(0.,1.,0.));
#11458 = ORIENTED_EDGE('',*,*,#11420,.T.);
#11459 = ORIENTED_EDGE('',*,*,#2504,.F.);
#11460 = ORIENTED_EDGE('',*,*,#11461,.F.);
#11461 = EDGE_CURVE('',#11451,#2505,#11462,.T.);
#11462 = LINE('',#11463,#11464);
#11463 = CARTESIAN_POINT('',(483.777,124.,-21.97));
#11464 = VECTOR('',#11465,1.);
#11465 = DIRECTION('',(0.,0.,1.));
#11466 = CYLINDRICAL_SURFACE('',#11467,3.174);
#11467 = AXIS2_PLACEMENT_3D('',#11468,#11469,#11470);
#11468 = CARTESIAN_POINT('',(483.777,120.826,-21.97));
#11469 = DIRECTION('',(0.,0.,1.));
#11470 = DIRECTION('',(0.,1.,0.));
#11471 = ADVANCED_FACE('',(#11472),#11491,.F.);
#11472 = FACE_BOUND('',#11473,.F.);
#11473 = EDGE_LOOP('',(#11474,#11483,#11489,#11490));
#11474 = ORIENTED_EDGE('',*,*,#11475,.T.);
#11475 = EDGE_CURVE('',#11429,#11476,#11478,.T.);
#11476 = VERTEX_POINT('',#11477);
#11477 = CARTESIAN_POINT('',(483.777,76.,-21.97));
#11478 = CIRCLE('',#11479,3.174);
#11479 = AXIS2_PLACEMENT_3D('',#11480,#11481,#11482);
#11480 = CARTESIAN_POINT('',(483.777,79.174,-21.97));
#11481 = DIRECTION('',(0.,-0.,1.));
#11482 = DIRECTION('',(0.,1.,0.));
#11483 = ORIENTED_EDGE('',*,*,#11484,.T.);
#11484 = EDGE_CURVE('',#11476,#2548,#11485,.T.);
#11485 = LINE('',#11486,#11487);
#11486 = CARTESIAN_POINT('',(483.777,76.,-21.97));
#11487 = VECTOR('',#11488,1.);
#11488 = DIRECTION('',(0.,0.,1.));
#11489 = ORIENTED_EDGE('',*,*,#2555,.F.);
#11490 = ORIENTED_EDGE('',*,*,#11436,.F.);
#11491 = CYLINDRICAL_SURFACE('',#11492,3.174);
#11492 = AXIS2_PLACEMENT_3D('',#11493,#11494,#11495);
#11493 = CARTESIAN_POINT('',(483.777,79.174,-21.97));
#11494 = DIRECTION('',(0.,0.,1.));
#11495 = DIRECTION('',(-1.,0.,0.));
#11496 = ADVANCED_FACE('',(#11497),#11515,.T.);
#11497 = FACE_BOUND('',#11498,.T.);
#11498 = EDGE_LOOP('',(#11499,#11507,#11513,#11514));
#11499 = ORIENTED_EDGE('',*,*,#11500,.F.);
#11500 = EDGE_CURVE('',#11501,#11451,#11503,.T.);
#11501 = VERTEX_POINT('',#11502);
#11502 = CARTESIAN_POINT('',(500.429,124.,-21.97));
#11503 = LINE('',#11504,#11505);
#11504 = CARTESIAN_POINT('',(503.603,124.,-21.97));
#11505 = VECTOR('',#11506,1.);
#11506 = DIRECTION('',(-1.,0.,0.));
#11507 = ORIENTED_EDGE('',*,*,#11508,.T.);
#11508 = EDGE_CURVE('',#11501,#2514,#11509,.T.);
#11509 = LINE('',#11510,#11511);
#11510 = CARTESIAN_POINT('',(500.429,124.,-21.97));
#11511 = VECTOR('',#11512,1.);
#11512 = DIRECTION('',(0.,0.,1.));
#11513 = ORIENTED_EDGE('',*,*,#2513,.T.);
#11514 = ORIENTED_EDGE('',*,*,#11461,.F.);
#11515 = PLANE('',#11516);
#11516 = AXIS2_PLACEMENT_3D('',#11517,#11518,#11519);
#11517 = CARTESIAN_POINT('',(503.603,124.,-21.97));
#11518 = DIRECTION('',(0.,-1.,0.));
#11519 = DIRECTION('',(0.,0.,1.));
#11520 = ADVANCED_FACE('',(#11521),#11539,.F.);
#11521 = FACE_BOUND('',#11522,.F.);
#11522 = EDGE_LOOP('',(#11523,#11531,#11537,#11538));
#11523 = ORIENTED_EDGE('',*,*,#11524,.F.);
#11524 = EDGE_CURVE('',#11525,#11476,#11527,.T.);
#11525 = VERTEX_POINT('',#11526);
#11526 = CARTESIAN_POINT('',(500.429,76.,-21.97));
#11527 = LINE('',#11528,#11529);
#11528 = CARTESIAN_POINT('',(503.603,76.,-21.97));
#11529 = VECTOR('',#11530,1.);
#11530 = DIRECTION('',(-1.,0.,0.));
#11531 = ORIENTED_EDGE('',*,*,#11532,.T.);
#11532 = EDGE_CURVE('',#11525,#2539,#11533,.T.);
#11533 = LINE('',#11534,#11535);
#11534 = CARTESIAN_POINT('',(500.429,76.,-21.97));
#11535 = VECTOR('',#11536,1.);
#11536 = DIRECTION('',(0.,0.,1.));
#11537 = ORIENTED_EDGE('',*,*,#2547,.T.);
#11538 = ORIENTED_EDGE('',*,*,#11484,.F.);
#11539 = PLANE('',#11540);
#11540 = AXIS2_PLACEMENT_3D('',#11541,#11542,#11543);
#11541 = CARTESIAN_POINT('',(503.603,76.,-21.97));
#11542 = DIRECTION('',(0.,-1.,0.));
#11543 = DIRECTION('',(0.,0.,1.));
#11544 = ADVANCED_FACE('',(#11545),#11564,.F.);
#11545 = FACE_BOUND('',#11546,.F.);
#11546 = EDGE_LOOP('',(#11547,#11556,#11557,#11558));
#11547 = ORIENTED_EDGE('',*,*,#11548,.T.);
#11548 = EDGE_CURVE('',#11549,#11501,#11551,.T.);
#11549 = VERTEX_POINT('',#11550);
#11550 = CARTESIAN_POINT('',(503.603,120.826,-21.97));
#11551 = CIRCLE('',#11552,3.174);
#11552 = AXIS2_PLACEMENT_3D('',#11553,#11554,#11555);
#11553 = CARTESIAN_POINT('',(500.429,120.826,-21.97));
#11554 = DIRECTION('',(0.,-0.,1.));
#11555 = DIRECTION('',(0.,1.,0.));
#11556 = ORIENTED_EDGE('',*,*,#11508,.T.);
#11557 = ORIENTED_EDGE('',*,*,#2521,.F.);
#11558 = ORIENTED_EDGE('',*,*,#11559,.F.);
#11559 = EDGE_CURVE('',#11549,#2522,#11560,.T.);
#11560 = LINE('',#11561,#11562);
#11561 = CARTESIAN_POINT('',(503.603,120.826,-21.97));
#11562 = VECTOR('',#11563,1.);
#11563 = DIRECTION('',(0.,0.,1.));
#11564 = CYLINDRICAL_SURFACE('',#11565,3.174);
#11565 = AXIS2_PLACEMENT_3D('',#11566,#11567,#11568);
#11566 = CARTESIAN_POINT('',(500.429,120.826,-21.97));
#11567 = DIRECTION('',(0.,0.,1.));
#11568 = DIRECTION('',(1.,0.,0.));
#11569 = ADVANCED_FACE('',(#11570),#11589,.F.);
#11570 = FACE_BOUND('',#11571,.T.);
#11571 = EDGE_LOOP('',(#11572,#11581,#11582,#11583));
#11572 = ORIENTED_EDGE('',*,*,#11573,.T.);
#11573 = EDGE_CURVE('',#11574,#11525,#11576,.T.);
#11574 = VERTEX_POINT('',#11575);
#11575 = CARTESIAN_POINT('',(503.603,79.174,-21.97));
#11576 = CIRCLE('',#11577,3.174);
#11577 = AXIS2_PLACEMENT_3D('',#11578,#11579,#11580);
#11578 = CARTESIAN_POINT('',(500.429,79.174,-21.97));
#11579 = DIRECTION('',(0.,0.,-1.));
#11580 = DIRECTION('',(0.,1.,0.));
#11581 = ORIENTED_EDGE('',*,*,#11532,.T.);
#11582 = ORIENTED_EDGE('',*,*,#2538,.F.);
#11583 = ORIENTED_EDGE('',*,*,#11584,.F.);
#11584 = EDGE_CURVE('',#11574,#2531,#11585,.T.);
#11585 = LINE('',#11586,#11587);
#11586 = CARTESIAN_POINT('',(503.603,79.174,-21.97));
#11587 = VECTOR('',#11588,1.);
#11588 = DIRECTION('',(0.,0.,1.));
#11589 = CYLINDRICAL_SURFACE('',#11590,3.174);
#11590 = AXIS2_PLACEMENT_3D('',#11591,#11592,#11593);
#11591 = CARTESIAN_POINT('',(500.429,79.174,-21.97));
#11592 = DIRECTION('',(0.,0.,1.));
#11593 = DIRECTION('',(1.,0.,0.));
#11594 = ADVANCED_FACE('',(#11595),#11606,.T.);
#11595 = FACE_BOUND('',#11596,.T.);
#11596 = EDGE_LOOP('',(#11597,#11598,#11599,#11605));
#11597 = ORIENTED_EDGE('',*,*,#2530,.F.);
#11598 = ORIENTED_EDGE('',*,*,#11559,.F.);
#11599 = ORIENTED_EDGE('',*,*,#11600,.T.);
#11600 = EDGE_CURVE('',#11549,#11574,#11601,.T.);
#11601 = LINE('',#11602,#11603);
#11602 = CARTESIAN_POINT('',(503.603,124.,-21.97));
#11603 = VECTOR('',#11604,1.);
#11604 = DIRECTION('',(0.,-1.,0.));
#11605 = ORIENTED_EDGE('',*,*,#11584,.T.);
#11606 = PLANE('',#11607);
#11607 = AXIS2_PLACEMENT_3D('',#11608,#11609,#11610);
#11608 = CARTESIAN_POINT('',(503.603,124.,-21.97));
#11609 = DIRECTION('',(-1.,0.,0.));
#11610 = DIRECTION('',(0.,0.,1.));
#11611 = ADVANCED_FACE('',(#11612,#11622,#11633),#11644,.T.);
#11612 = FACE_BOUND('',#11613,.T.);
#11613 = EDGE_LOOP('',(#11614,#11615,#11616,#11617,#11618,#11619,#11620,
    #11621));
#11614 = ORIENTED_EDGE('',*,*,#11428,.T.);
#11615 = ORIENTED_EDGE('',*,*,#11475,.T.);
#11616 = ORIENTED_EDGE('',*,*,#11524,.F.);
#11617 = ORIENTED_EDGE('',*,*,#11573,.F.);
#11618 = ORIENTED_EDGE('',*,*,#11600,.F.);
#11619 = ORIENTED_EDGE('',*,*,#11548,.T.);
#11620 = ORIENTED_EDGE('',*,*,#11500,.T.);
#11621 = ORIENTED_EDGE('',*,*,#11450,.T.);
#11622 = FACE_BOUND('',#11623,.T.);
#11623 = EDGE_LOOP('',(#11624));
#11624 = ORIENTED_EDGE('',*,*,#11625,.T.);
#11625 = EDGE_CURVE('',#11626,#11626,#11628,.T.);
#11626 = VERTEX_POINT('',#11627);
#11627 = CARTESIAN_POINT('',(493.8302,112.5,-21.97));
#11628 = CIRCLE('',#11629,1.7272);
#11629 = AXIS2_PLACEMENT_3D('',#11630,#11631,#11632);
#11630 = CARTESIAN_POINT('',(492.103,112.5,-21.97));
#11631 = DIRECTION('',(0.,0.,-1.));
#11632 = DIRECTION('',(1.,-0.,0.));
#11633 = FACE_BOUND('',#11634,.T.);
#11634 = EDGE_LOOP('',(#11635));
#11635 = ORIENTED_EDGE('',*,*,#11636,.T.);
#11636 = EDGE_CURVE('',#11637,#11637,#11639,.T.);
#11637 = VERTEX_POINT('',#11638);
#11638 = CARTESIAN_POINT('',(493.8302,87.5,-21.97));
#11639 = CIRCLE('',#11640,1.7272);
#11640 = AXIS2_PLACEMENT_3D('',#11641,#11642,#11643);
#11641 = CARTESIAN_POINT('',(492.103,87.5,-21.97));
#11642 = DIRECTION('',(0.,0.,-1.));
#11643 = DIRECTION('',(1.,-0.,0.));
#11644 = PLANE('',#11645);
#11645 = AXIS2_PLACEMENT_3D('',#11646,#11647,#11648);
#11646 = CARTESIAN_POINT('',(503.603,124.,-21.97));
#11647 = DIRECTION('',(0.,0.,1.));
#11648 = DIRECTION('',(-1.,0.,0.));
#11649 = ADVANCED_FACE('',(#11650),#11669,.F.);
#11650 = FACE_BOUND('',#11651,.F.);
#11651 = EDGE_LOOP('',(#11652,#11653,#11661,#11668));
#11652 = ORIENTED_EDGE('',*,*,#11625,.T.);
#11653 = ORIENTED_EDGE('',*,*,#11654,.T.);
#11654 = EDGE_CURVE('',#11626,#11655,#11657,.T.);
#11655 = VERTEX_POINT('',#11656);
#11656 = CARTESIAN_POINT('',(493.8302,112.5,-38.1));
#11657 = LINE('',#11658,#11659);
#11658 = CARTESIAN_POINT('',(493.8302,112.5,-13.97));
#11659 = VECTOR('',#11660,1.);
#11660 = DIRECTION('',(0.,0.,-1.));
#11661 = ORIENTED_EDGE('',*,*,#11662,.F.);
#11662 = EDGE_CURVE('',#11655,#11655,#11663,.T.);
#11663 = CIRCLE('',#11664,1.7272);
#11664 = AXIS2_PLACEMENT_3D('',#11665,#11666,#11667);
#11665 = CARTESIAN_POINT('',(492.103,112.5,-38.1));
#11666 = DIRECTION('',(0.,0.,-1.));
#11667 = DIRECTION('',(1.,0.,0.));
#11668 = ORIENTED_EDGE('',*,*,#11654,.F.);
#11669 = CYLINDRICAL_SURFACE('',#11670,1.7272);
#11670 = AXIS2_PLACEMENT_3D('',#11671,#11672,#11673);
#11671 = CARTESIAN_POINT('',(492.103,112.5,-13.97));
#11672 = DIRECTION('',(0.,0.,-1.));
#11673 = DIRECTION('',(1.,-0.,0.));
#11674 = ADVANCED_FACE('',(#11675),#11694,.F.);
#11675 = FACE_BOUND('',#11676,.F.);
#11676 = EDGE_LOOP('',(#11677,#11678,#11686,#11693));
#11677 = ORIENTED_EDGE('',*,*,#11636,.T.);
#11678 = ORIENTED_EDGE('',*,*,#11679,.T.);
#11679 = EDGE_CURVE('',#11637,#11680,#11682,.T.);
#11680 = VERTEX_POINT('',#11681);
#11681 = CARTESIAN_POINT('',(493.8302,87.5,-38.1));
#11682 = LINE('',#11683,#11684);
#11683 = CARTESIAN_POINT('',(493.8302,87.5,-13.97));
#11684 = VECTOR('',#11685,1.);
#11685 = DIRECTION('',(0.,0.,-1.));
#11686 = ORIENTED_EDGE('',*,*,#11687,.F.);
#11687 = EDGE_CURVE('',#11680,#11680,#11688,.T.);
#11688 = CIRCLE('',#11689,1.7272);
#11689 = AXIS2_PLACEMENT_3D('',#11690,#11691,#11692);
#11690 = CARTESIAN_POINT('',(492.103,87.5,-38.1));
#11691 = DIRECTION('',(0.,0.,-1.));
#11692 = DIRECTION('',(1.,0.,0.));
#11693 = ORIENTED_EDGE('',*,*,#11679,.F.);
#11694 = CYLINDRICAL_SURFACE('',#11695,1.7272);
#11695 = AXIS2_PLACEMENT_3D('',#11696,#11697,#11698);
#11696 = CARTESIAN_POINT('',(492.103,87.5,-13.97));
#11697 = DIRECTION('',(0.,0.,-1.));
#11698 = DIRECTION('',(1.,-0.,0.));
#11699 = ADVANCED_FACE('',(#11700),#11725,.F.);
#11700 = FACE_BOUND('',#11701,.F.);
#11701 = EDGE_LOOP('',(#11702,#11703,#11711,#11719));
#11702 = ORIENTED_EDGE('',*,*,#2564,.F.);
#11703 = ORIENTED_EDGE('',*,*,#11704,.F.);
#11704 = EDGE_CURVE('',#11705,#2565,#11707,.T.);
#11705 = VERTEX_POINT('',#11706);
#11706 = CARTESIAN_POINT('',(446.897,20.174,-21.97));
#11707 = LINE('',#11708,#11709);
#11708 = CARTESIAN_POINT('',(446.897,20.174,-21.97));
#11709 = VECTOR('',#11710,1.);
#11710 = DIRECTION('',(0.,0.,1.));
#11711 = ORIENTED_EDGE('',*,*,#11712,.T.);
#11712 = EDGE_CURVE('',#11705,#11713,#11715,.T.);
#11713 = VERTEX_POINT('',#11714);
#11714 = CARTESIAN_POINT('',(446.897,61.826,-21.97));
#11715 = LINE('',#11716,#11717);
#11716 = CARTESIAN_POINT('',(446.897,17.,-21.97));
#11717 = VECTOR('',#11718,1.);
#11718 = DIRECTION('',(0.,1.,0.));
#11719 = ORIENTED_EDGE('',*,*,#11720,.T.);
#11720 = EDGE_CURVE('',#11713,#2567,#11721,.T.);
#11721 = LINE('',#11722,#11723);
#11722 = CARTESIAN_POINT('',(446.897,61.826,-21.97));
#11723 = VECTOR('',#11724,1.);
#11724 = DIRECTION('',(0.,0.,1.));
#11725 = PLANE('',#11726);
#11726 = AXIS2_PLACEMENT_3D('',#11727,#11728,#11729);
#11727 = CARTESIAN_POINT('',(446.897,17.,-21.97));
#11728 = DIRECTION('',(1.,0.,0.));
#11729 = DIRECTION('',(0.,0.,1.));
#11730 = ADVANCED_FACE('',(#11731),#11750,.F.);
#11731 = FACE_BOUND('',#11732,.F.);
#11732 = EDGE_LOOP('',(#11733,#11742,#11743,#11744));
#11733 = ORIENTED_EDGE('',*,*,#11734,.T.);
#11734 = EDGE_CURVE('',#11735,#11705,#11737,.T.);
#11735 = VERTEX_POINT('',#11736);
#11736 = CARTESIAN_POINT('',(443.723,17.,-21.97));
#11737 = CIRCLE('',#11738,3.174);
#11738 = AXIS2_PLACEMENT_3D('',#11739,#11740,#11741);
#11739 = CARTESIAN_POINT('',(443.723,20.174,-21.97));
#11740 = DIRECTION('',(-0.,0.,1.));
#11741 = DIRECTION('',(0.,-1.,0.));
#11742 = ORIENTED_EDGE('',*,*,#11704,.T.);
#11743 = ORIENTED_EDGE('',*,*,#2574,.F.);
#11744 = ORIENTED_EDGE('',*,*,#11745,.F.);
#11745 = EDGE_CURVE('',#11735,#2575,#11746,.T.);
#11746 = LINE('',#11747,#11748);
#11747 = CARTESIAN_POINT('',(443.723,17.,-21.97));
#11748 = VECTOR('',#11749,1.);
#11749 = DIRECTION('',(0.,0.,1.));
#11750 = CYLINDRICAL_SURFACE('',#11751,3.174);
#11751 = AXIS2_PLACEMENT_3D('',#11752,#11753,#11754);
#11752 = CARTESIAN_POINT('',(443.723,20.174,-21.97));
#11753 = DIRECTION('',(0.,0.,1.));
#11754 = DIRECTION('',(0.,-1.,0.));
#11755 = ADVANCED_FACE('',(#11756),#11775,.F.);
#11756 = FACE_BOUND('',#11757,.F.);
#11757 = EDGE_LOOP('',(#11758,#11767,#11773,#11774));
#11758 = ORIENTED_EDGE('',*,*,#11759,.T.);
#11759 = EDGE_CURVE('',#11713,#11760,#11762,.T.);
#11760 = VERTEX_POINT('',#11761);
#11761 = CARTESIAN_POINT('',(443.723,65.,-21.97));
#11762 = CIRCLE('',#11763,3.174);
#11763 = AXIS2_PLACEMENT_3D('',#11764,#11765,#11766);
#11764 = CARTESIAN_POINT('',(443.723,61.826,-21.97));
#11765 = DIRECTION('',(-0.,0.,1.));
#11766 = DIRECTION('',(0.,-1.,0.));
#11767 = ORIENTED_EDGE('',*,*,#11768,.T.);
#11768 = EDGE_CURVE('',#11760,#2618,#11769,.T.);
#11769 = LINE('',#11770,#11771);
#11770 = CARTESIAN_POINT('',(443.723,65.,-21.97));
#11771 = VECTOR('',#11772,1.);
#11772 = DIRECTION('',(0.,0.,1.));
#11773 = ORIENTED_EDGE('',*,*,#2625,.F.);
#11774 = ORIENTED_EDGE('',*,*,#11720,.F.);
#11775 = CYLINDRICAL_SURFACE('',#11776,3.174);
#11776 = AXIS2_PLACEMENT_3D('',#11777,#11778,#11779);
#11777 = CARTESIAN_POINT('',(443.723,61.826,-21.97));
#11778 = DIRECTION('',(0.,0.,1.));
#11779 = DIRECTION('',(1.,0.,0.));
#11780 = ADVANCED_FACE('',(#11781),#11799,.T.);
#11781 = FACE_BOUND('',#11782,.T.);
#11782 = EDGE_LOOP('',(#11783,#11791,#11797,#11798));
#11783 = ORIENTED_EDGE('',*,*,#11784,.F.);
#11784 = EDGE_CURVE('',#11785,#11735,#11787,.T.);
#11785 = VERTEX_POINT('',#11786);
#11786 = CARTESIAN_POINT('',(427.071,17.,-21.97));
#11787 = LINE('',#11788,#11789);
#11788 = CARTESIAN_POINT('',(423.897,17.,-21.97));
#11789 = VECTOR('',#11790,1.);
#11790 = DIRECTION('',(1.,0.,0.));
#11791 = ORIENTED_EDGE('',*,*,#11792,.T.);
#11792 = EDGE_CURVE('',#11785,#2584,#11793,.T.);
#11793 = LINE('',#11794,#11795);
#11794 = CARTESIAN_POINT('',(427.071,17.,-21.97));
#11795 = VECTOR('',#11796,1.);
#11796 = DIRECTION('',(0.,0.,1.));
#11797 = ORIENTED_EDGE('',*,*,#2583,.T.);
#11798 = ORIENTED_EDGE('',*,*,#11745,.F.);
#11799 = PLANE('',#11800);
#11800 = AXIS2_PLACEMENT_3D('',#11801,#11802,#11803);
#11801 = CARTESIAN_POINT('',(423.897,17.,-21.97));
#11802 = DIRECTION('',(0.,1.,0.));
#11803 = DIRECTION('',(0.,0.,1.));
#11804 = ADVANCED_FACE('',(#11805),#11823,.F.);
#11805 = FACE_BOUND('',#11806,.F.);
#11806 = EDGE_LOOP('',(#11807,#11815,#11821,#11822));
#11807 = ORIENTED_EDGE('',*,*,#11808,.F.);
#11808 = EDGE_CURVE('',#11809,#11760,#11811,.T.);
#11809 = VERTEX_POINT('',#11810);
#11810 = CARTESIAN_POINT('',(427.071,65.,-21.97));
#11811 = LINE('',#11812,#11813);
#11812 = CARTESIAN_POINT('',(423.897,65.,-21.97));
#11813 = VECTOR('',#11814,1.);
#11814 = DIRECTION('',(1.,0.,0.));
#11815 = ORIENTED_EDGE('',*,*,#11816,.T.);
#11816 = EDGE_CURVE('',#11809,#2609,#11817,.T.);
#11817 = LINE('',#11818,#11819);
#11818 = CARTESIAN_POINT('',(427.071,65.,-21.97));
#11819 = VECTOR('',#11820,1.);
#11820 = DIRECTION('',(0.,0.,1.));
#11821 = ORIENTED_EDGE('',*,*,#2617,.T.);
#11822 = ORIENTED_EDGE('',*,*,#11768,.F.);
#11823 = PLANE('',#11824);
#11824 = AXIS2_PLACEMENT_3D('',#11825,#11826,#11827);
#11825 = CARTESIAN_POINT('',(423.897,65.,-21.97));
#11826 = DIRECTION('',(0.,1.,0.));
#11827 = DIRECTION('',(0.,0.,1.));
#11828 = ADVANCED_FACE('',(#11829),#11848,.F.);
#11829 = FACE_BOUND('',#11830,.F.);
#11830 = EDGE_LOOP('',(#11831,#11840,#11841,#11842));
#11831 = ORIENTED_EDGE('',*,*,#11832,.T.);
#11832 = EDGE_CURVE('',#11833,#11785,#11835,.T.);
#11833 = VERTEX_POINT('',#11834);
#11834 = CARTESIAN_POINT('',(423.897,20.174,-21.97));
#11835 = CIRCLE('',#11836,3.174);
#11836 = AXIS2_PLACEMENT_3D('',#11837,#11838,#11839);
#11837 = CARTESIAN_POINT('',(427.071,20.174,-21.97));
#11838 = DIRECTION('',(-0.,0.,1.));
#11839 = DIRECTION('',(0.,-1.,0.));
#11840 = ORIENTED_EDGE('',*,*,#11792,.T.);
#11841 = ORIENTED_EDGE('',*,*,#2591,.F.);
#11842 = ORIENTED_EDGE('',*,*,#11843,.F.);
#11843 = EDGE_CURVE('',#11833,#2592,#11844,.T.);
#11844 = LINE('',#11845,#11846);
#11845 = CARTESIAN_POINT('',(423.897,20.174,-21.97));
#11846 = VECTOR('',#11847,1.);
#11847 = DIRECTION('',(0.,0.,1.));
#11848 = CYLINDRICAL_SURFACE('',#11849,3.174);
#11849 = AXIS2_PLACEMENT_3D('',#11850,#11851,#11852);
#11850 = CARTESIAN_POINT('',(427.071,20.174,-21.97));
#11851 = DIRECTION('',(0.,0.,1.));
#11852 = DIRECTION('',(-1.,0.,0.));
#11853 = ADVANCED_FACE('',(#11854),#11873,.F.);
#11854 = FACE_BOUND('',#11855,.T.);
#11855 = EDGE_LOOP('',(#11856,#11865,#11866,#11867));
#11856 = ORIENTED_EDGE('',*,*,#11857,.T.);
#11857 = EDGE_CURVE('',#11858,#11809,#11860,.T.);
#11858 = VERTEX_POINT('',#11859);
#11859 = CARTESIAN_POINT('',(423.897,61.826,-21.97));
#11860 = CIRCLE('',#11861,3.174);
#11861 = AXIS2_PLACEMENT_3D('',#11862,#11863,#11864);
#11862 = CARTESIAN_POINT('',(427.071,61.826,-21.97));
#11863 = DIRECTION('',(-0.,-0.,-1.));
#11864 = DIRECTION('',(0.,-1.,0.));
#11865 = ORIENTED_EDGE('',*,*,#11816,.T.);
#11866 = ORIENTED_EDGE('',*,*,#2608,.F.);
#11867 = ORIENTED_EDGE('',*,*,#11868,.F.);
#11868 = EDGE_CURVE('',#11858,#2601,#11869,.T.);
#11869 = LINE('',#11870,#11871);
#11870 = CARTESIAN_POINT('',(423.897,61.826,-21.97));
#11871 = VECTOR('',#11872,1.);
#11872 = DIRECTION('',(0.,0.,1.));
#11873 = CYLINDRICAL_SURFACE('',#11874,3.174);
#11874 = AXIS2_PLACEMENT_3D('',#11875,#11876,#11877);
#11875 = CARTESIAN_POINT('',(427.071,61.826,-21.97));
#11876 = DIRECTION('',(0.,0.,1.));
#11877 = DIRECTION('',(-1.,0.,0.));
#11878 = ADVANCED_FACE('',(#11879),#11890,.T.);
#11879 = FACE_BOUND('',#11880,.T.);
#11880 = EDGE_LOOP('',(#11881,#11882,#11883,#11889));
#11881 = ORIENTED_EDGE('',*,*,#2600,.F.);
#11882 = ORIENTED_EDGE('',*,*,#11843,.F.);
#11883 = ORIENTED_EDGE('',*,*,#11884,.T.);
#11884 = EDGE_CURVE('',#11833,#11858,#11885,.T.);
#11885 = LINE('',#11886,#11887);
#11886 = CARTESIAN_POINT('',(423.897,17.,-21.97));
#11887 = VECTOR('',#11888,1.);
#11888 = DIRECTION('',(0.,1.,0.));
#11889 = ORIENTED_EDGE('',*,*,#11868,.T.);
#11890 = PLANE('',#11891);
#11891 = AXIS2_PLACEMENT_3D('',#11892,#11893,#11894);
#11892 = CARTESIAN_POINT('',(423.897,17.,-21.97));
#11893 = DIRECTION('',(1.,0.,0.));
#11894 = DIRECTION('',(0.,0.,1.));
#11895 = ADVANCED_FACE('',(#11896,#11906,#11917),#11928,.T.);
#11896 = FACE_BOUND('',#11897,.T.);
#11897 = EDGE_LOOP('',(#11898,#11899,#11900,#11901,#11902,#11903,#11904,
    #11905));
#11898 = ORIENTED_EDGE('',*,*,#11712,.T.);
#11899 = ORIENTED_EDGE('',*,*,#11759,.T.);
#11900 = ORIENTED_EDGE('',*,*,#11808,.F.);
#11901 = ORIENTED_EDGE('',*,*,#11857,.F.);
#11902 = ORIENTED_EDGE('',*,*,#11884,.F.);
#11903 = ORIENTED_EDGE('',*,*,#11832,.T.);
#11904 = ORIENTED_EDGE('',*,*,#11784,.T.);
#11905 = ORIENTED_EDGE('',*,*,#11734,.T.);
#11906 = FACE_BOUND('',#11907,.T.);
#11907 = EDGE_LOOP('',(#11908));
#11908 = ORIENTED_EDGE('',*,*,#11909,.T.);
#11909 = EDGE_CURVE('',#11910,#11910,#11912,.T.);
#11910 = VERTEX_POINT('',#11911);
#11911 = CARTESIAN_POINT('',(433.6698,28.5,-21.97));
#11912 = CIRCLE('',#11913,1.7272);
#11913 = AXIS2_PLACEMENT_3D('',#11914,#11915,#11916);
#11914 = CARTESIAN_POINT('',(435.397,28.5,-21.97));
#11915 = DIRECTION('',(0.,0.,-1.));
#11916 = DIRECTION('',(-1.,0.,0.));
#11917 = FACE_BOUND('',#11918,.T.);
#11918 = EDGE_LOOP('',(#11919));
#11919 = ORIENTED_EDGE('',*,*,#11920,.T.);
#11920 = EDGE_CURVE('',#11921,#11921,#11923,.T.);
#11921 = VERTEX_POINT('',#11922);
#11922 = CARTESIAN_POINT('',(433.6698,53.5,-21.97));
#11923 = CIRCLE('',#11924,1.7272);
#11924 = AXIS2_PLACEMENT_3D('',#11925,#11926,#11927);
#11925 = CARTESIAN_POINT('',(435.397,53.5,-21.97));
#11926 = DIRECTION('',(0.,0.,-1.));
#11927 = DIRECTION('',(-1.,0.,0.));
#11928 = PLANE('',#11929);
#11929 = AXIS2_PLACEMENT_3D('',#11930,#11931,#11932);
#11930 = CARTESIAN_POINT('',(423.897,17.,-21.97));
#11931 = DIRECTION('',(0.,0.,1.));
#11932 = DIRECTION('',(1.,0.,0.));
#11933 = ADVANCED_FACE('',(#11934),#11953,.F.);
#11934 = FACE_BOUND('',#11935,.F.);
#11935 = EDGE_LOOP('',(#11936,#11937,#11945,#11952));
#11936 = ORIENTED_EDGE('',*,*,#11909,.T.);
#11937 = ORIENTED_EDGE('',*,*,#11938,.T.);
#11938 = EDGE_CURVE('',#11910,#11939,#11941,.T.);
#11939 = VERTEX_POINT('',#11940);
#11940 = CARTESIAN_POINT('',(433.6698,28.5,-38.1));
#11941 = LINE('',#11942,#11943);
#11942 = CARTESIAN_POINT('',(433.6698,28.5,-13.97));
#11943 = VECTOR('',#11944,1.);
#11944 = DIRECTION('',(0.,0.,-1.));
#11945 = ORIENTED_EDGE('',*,*,#11946,.F.);
#11946 = EDGE_CURVE('',#11939,#11939,#11947,.T.);
#11947 = CIRCLE('',#11948,1.7272);
#11948 = AXIS2_PLACEMENT_3D('',#11949,#11950,#11951);
#11949 = CARTESIAN_POINT('',(435.397,28.5,-38.1));
#11950 = DIRECTION('',(0.,0.,-1.));
#11951 = DIRECTION('',(-1.,0.,0.));
#11952 = ORIENTED_EDGE('',*,*,#11938,.F.);
#11953 = CYLINDRICAL_SURFACE('',#11954,1.7272);
#11954 = AXIS2_PLACEMENT_3D('',#11955,#11956,#11957);
#11955 = CARTESIAN_POINT('',(435.397,28.5,-13.97));
#11956 = DIRECTION('',(0.,0.,-1.));
#11957 = DIRECTION('',(-1.,0.,0.));
#11958 = ADVANCED_FACE('',(#11959),#11978,.F.);
#11959 = FACE_BOUND('',#11960,.F.);
#11960 = EDGE_LOOP('',(#11961,#11962,#11970,#11977));
#11961 = ORIENTED_EDGE('',*,*,#11920,.T.);
#11962 = ORIENTED_EDGE('',*,*,#11963,.T.);
#11963 = EDGE_CURVE('',#11921,#11964,#11966,.T.);
#11964 = VERTEX_POINT('',#11965);
#11965 = CARTESIAN_POINT('',(433.6698,53.5,-38.1));
#11966 = LINE('',#11967,#11968);
#11967 = CARTESIAN_POINT('',(433.6698,53.5,-13.97));
#11968 = VECTOR('',#11969,1.);
#11969 = DIRECTION('',(0.,0.,-1.));
#11970 = ORIENTED_EDGE('',*,*,#11971,.F.);
#11971 = EDGE_CURVE('',#11964,#11964,#11972,.T.);
#11972 = CIRCLE('',#11973,1.7272);
#11973 = AXIS2_PLACEMENT_3D('',#11974,#11975,#11976);
#11974 = CARTESIAN_POINT('',(435.397,53.5,-38.1));
#11975 = DIRECTION('',(0.,0.,-1.));
#11976 = DIRECTION('',(-1.,0.,0.));
#11977 = ORIENTED_EDGE('',*,*,#11963,.F.);
#11978 = CYLINDRICAL_SURFACE('',#11979,1.7272);
#11979 = AXIS2_PLACEMENT_3D('',#11980,#11981,#11982);
#11980 = CARTESIAN_POINT('',(435.397,53.5,-13.97));
#11981 = DIRECTION('',(0.,0.,-1.));
#11982 = DIRECTION('',(-1.,0.,0.));
#11983 = ADVANCED_FACE('',(#11984),#12009,.F.);
#11984 = FACE_BOUND('',#11985,.F.);
#11985 = EDGE_LOOP('',(#11986,#11987,#11995,#12003));
#11986 = ORIENTED_EDGE('',*,*,#2634,.F.);
#11987 = ORIENTED_EDGE('',*,*,#11988,.F.);
#11988 = EDGE_CURVE('',#11989,#2635,#11991,.T.);
#11989 = VERTEX_POINT('',#11990);
#11990 = CARTESIAN_POINT('',(320.397,79.174,-21.97));
#11991 = LINE('',#11992,#11993);
#11992 = CARTESIAN_POINT('',(320.397,79.174,-21.97));
#11993 = VECTOR('',#11994,1.);
#11994 = DIRECTION('',(0.,0.,1.));
#11995 = ORIENTED_EDGE('',*,*,#11996,.T.);
#11996 = EDGE_CURVE('',#11989,#11997,#11999,.T.);
#11997 = VERTEX_POINT('',#11998);
#11998 = CARTESIAN_POINT('',(320.397,120.826,-21.97));
#11999 = LINE('',#12000,#12001);
#12000 = CARTESIAN_POINT('',(320.397,76.,-21.97));
#12001 = VECTOR('',#12002,1.);
#12002 = DIRECTION('',(0.,1.,0.));
#12003 = ORIENTED_EDGE('',*,*,#12004,.T.);
#12004 = EDGE_CURVE('',#11997,#2637,#12005,.T.);
#12005 = LINE('',#12006,#12007);
#12006 = CARTESIAN_POINT('',(320.397,120.826,-21.97));
#12007 = VECTOR('',#12008,1.);
#12008 = DIRECTION('',(0.,0.,1.));
#12009 = PLANE('',#12010);
#12010 = AXIS2_PLACEMENT_3D('',#12011,#12012,#12013);
#12011 = CARTESIAN_POINT('',(320.397,76.,-21.97));
#12012 = DIRECTION('',(1.,0.,0.));
#12013 = DIRECTION('',(0.,0.,1.));
#12014 = ADVANCED_FACE('',(#12015),#12034,.F.);
#12015 = FACE_BOUND('',#12016,.F.);
#12016 = EDGE_LOOP('',(#12017,#12026,#12027,#12028));
#12017 = ORIENTED_EDGE('',*,*,#12018,.T.);
#12018 = EDGE_CURVE('',#12019,#11989,#12021,.T.);
#12019 = VERTEX_POINT('',#12020);
#12020 = CARTESIAN_POINT('',(317.223,76.,-21.97));
#12021 = CIRCLE('',#12022,3.174);
#12022 = AXIS2_PLACEMENT_3D('',#12023,#12024,#12025);
#12023 = CARTESIAN_POINT('',(317.223,79.174,-21.97));
#12024 = DIRECTION('',(-0.,0.,1.));
#12025 = DIRECTION('',(0.,-1.,0.));
#12026 = ORIENTED_EDGE('',*,*,#11988,.T.);
#12027 = ORIENTED_EDGE('',*,*,#2644,.F.);
#12028 = ORIENTED_EDGE('',*,*,#12029,.F.);
#12029 = EDGE_CURVE('',#12019,#2645,#12030,.T.);
#12030 = LINE('',#12031,#12032);
#12031 = CARTESIAN_POINT('',(317.223,76.,-21.97));
#12032 = VECTOR('',#12033,1.);
#12033 = DIRECTION('',(0.,0.,1.));
#12034 = CYLINDRICAL_SURFACE('',#12035,3.174);
#12035 = AXIS2_PLACEMENT_3D('',#12036,#12037,#12038);
#12036 = CARTESIAN_POINT('',(317.223,79.174,-21.97));
#12037 = DIRECTION('',(0.,0.,1.));
#12038 = DIRECTION('',(0.,-1.,0.));
#12039 = ADVANCED_FACE('',(#12040),#12059,.F.);
#12040 = FACE_BOUND('',#12041,.F.);
#12041 = EDGE_LOOP('',(#12042,#12051,#12057,#12058));
#12042 = ORIENTED_EDGE('',*,*,#12043,.T.);
#12043 = EDGE_CURVE('',#11997,#12044,#12046,.T.);
#12044 = VERTEX_POINT('',#12045);
#12045 = CARTESIAN_POINT('',(317.223,124.,-21.97));
#12046 = CIRCLE('',#12047,3.174);
#12047 = AXIS2_PLACEMENT_3D('',#12048,#12049,#12050);
#12048 = CARTESIAN_POINT('',(317.223,120.826,-21.97));
#12049 = DIRECTION('',(-0.,0.,1.));
#12050 = DIRECTION('',(0.,-1.,0.));
#12051 = ORIENTED_EDGE('',*,*,#12052,.T.);
#12052 = EDGE_CURVE('',#12044,#2688,#12053,.T.);
#12053 = LINE('',#12054,#12055);
#12054 = CARTESIAN_POINT('',(317.223,124.,-21.97));
#12055 = VECTOR('',#12056,1.);
#12056 = DIRECTION('',(0.,0.,1.));
#12057 = ORIENTED_EDGE('',*,*,#2695,.F.);
#12058 = ORIENTED_EDGE('',*,*,#12004,.F.);
#12059 = CYLINDRICAL_SURFACE('',#12060,3.174);
#12060 = AXIS2_PLACEMENT_3D('',#12061,#12062,#12063);
#12061 = CARTESIAN_POINT('',(317.223,120.826,-21.97));
#12062 = DIRECTION('',(0.,0.,1.));
#12063 = DIRECTION('',(1.,0.,0.));
#12064 = ADVANCED_FACE('',(#12065),#12083,.T.);
#12065 = FACE_BOUND('',#12066,.T.);
#12066 = EDGE_LOOP('',(#12067,#12075,#12081,#12082));
#12067 = ORIENTED_EDGE('',*,*,#12068,.F.);
#12068 = EDGE_CURVE('',#12069,#12019,#12071,.T.);
#12069 = VERTEX_POINT('',#12070);
#12070 = CARTESIAN_POINT('',(300.571,76.,-21.97));
#12071 = LINE('',#12072,#12073);
#12072 = CARTESIAN_POINT('',(297.397,76.,-21.97));
#12073 = VECTOR('',#12074,1.);
#12074 = DIRECTION('',(1.,0.,0.));
#12075 = ORIENTED_EDGE('',*,*,#12076,.T.);
#12076 = EDGE_CURVE('',#12069,#2654,#12077,.T.);
#12077 = LINE('',#12078,#12079);
#12078 = CARTESIAN_POINT('',(300.571,76.,-21.97));
#12079 = VECTOR('',#12080,1.);
#12080 = DIRECTION('',(0.,0.,1.));
#12081 = ORIENTED_EDGE('',*,*,#2653,.T.);
#12082 = ORIENTED_EDGE('',*,*,#12029,.F.);
#12083 = PLANE('',#12084);
#12084 = AXIS2_PLACEMENT_3D('',#12085,#12086,#12087);
#12085 = CARTESIAN_POINT('',(297.397,76.,-21.97));
#12086 = DIRECTION('',(0.,1.,0.));
#12087 = DIRECTION('',(0.,0.,1.));
#12088 = ADVANCED_FACE('',(#12089),#12107,.F.);
#12089 = FACE_BOUND('',#12090,.F.);
#12090 = EDGE_LOOP('',(#12091,#12099,#12105,#12106));
#12091 = ORIENTED_EDGE('',*,*,#12092,.F.);
#12092 = EDGE_CURVE('',#12093,#12044,#12095,.T.);
#12093 = VERTEX_POINT('',#12094);
#12094 = CARTESIAN_POINT('',(300.571,124.,-21.97));
#12095 = LINE('',#12096,#12097);
#12096 = CARTESIAN_POINT('',(297.397,124.,-21.97));
#12097 = VECTOR('',#12098,1.);
#12098 = DIRECTION('',(1.,0.,0.));
#12099 = ORIENTED_EDGE('',*,*,#12100,.T.);
#12100 = EDGE_CURVE('',#12093,#2679,#12101,.T.);
#12101 = LINE('',#12102,#12103);
#12102 = CARTESIAN_POINT('',(300.571,124.,-21.97));
#12103 = VECTOR('',#12104,1.);
#12104 = DIRECTION('',(0.,0.,1.));
#12105 = ORIENTED_EDGE('',*,*,#2687,.T.);
#12106 = ORIENTED_EDGE('',*,*,#12052,.F.);
#12107 = PLANE('',#12108);
#12108 = AXIS2_PLACEMENT_3D('',#12109,#12110,#12111);
#12109 = CARTESIAN_POINT('',(297.397,124.,-21.97));
#12110 = DIRECTION('',(0.,1.,0.));
#12111 = DIRECTION('',(0.,0.,1.));
#12112 = ADVANCED_FACE('',(#12113),#12132,.F.);
#12113 = FACE_BOUND('',#12114,.F.);
#12114 = EDGE_LOOP('',(#12115,#12124,#12125,#12126));
#12115 = ORIENTED_EDGE('',*,*,#12116,.T.);
#12116 = EDGE_CURVE('',#12117,#12069,#12119,.T.);
#12117 = VERTEX_POINT('',#12118);
#12118 = CARTESIAN_POINT('',(297.397,79.174,-21.97));
#12119 = CIRCLE('',#12120,3.174);
#12120 = AXIS2_PLACEMENT_3D('',#12121,#12122,#12123);
#12121 = CARTESIAN_POINT('',(300.571,79.174,-21.97));
#12122 = DIRECTION('',(-0.,0.,1.));
#12123 = DIRECTION('',(0.,-1.,0.));
#12124 = ORIENTED_EDGE('',*,*,#12076,.T.);
#12125 = ORIENTED_EDGE('',*,*,#2661,.F.);
#12126 = ORIENTED_EDGE('',*,*,#12127,.F.);
#12127 = EDGE_CURVE('',#12117,#2662,#12128,.T.);
#12128 = LINE('',#12129,#12130);
#12129 = CARTESIAN_POINT('',(297.397,79.174,-21.97));
#12130 = VECTOR('',#12131,1.);
#12131 = DIRECTION('',(0.,0.,1.));
#12132 = CYLINDRICAL_SURFACE('',#12133,3.174);
#12133 = AXIS2_PLACEMENT_3D('',#12134,#12135,#12136);
#12134 = CARTESIAN_POINT('',(300.571,79.174,-21.97));
#12135 = DIRECTION('',(0.,0.,1.));
#12136 = DIRECTION('',(-1.,0.,0.));
#12137 = ADVANCED_FACE('',(#12138),#12157,.F.);
#12138 = FACE_BOUND('',#12139,.T.);
#12139 = EDGE_LOOP('',(#12140,#12149,#12150,#12151));
#12140 = ORIENTED_EDGE('',*,*,#12141,.T.);
#12141 = EDGE_CURVE('',#12142,#12093,#12144,.T.);
#12142 = VERTEX_POINT('',#12143);
#12143 = CARTESIAN_POINT('',(297.397,120.826,-21.97));
#12144 = CIRCLE('',#12145,3.174);
#12145 = AXIS2_PLACEMENT_3D('',#12146,#12147,#12148);
#12146 = CARTESIAN_POINT('',(300.571,120.826,-21.97));
#12147 = DIRECTION('',(-0.,-0.,-1.));
#12148 = DIRECTION('',(0.,-1.,0.));
#12149 = ORIENTED_EDGE('',*,*,#12100,.T.);
#12150 = ORIENTED_EDGE('',*,*,#2678,.F.);
#12151 = ORIENTED_EDGE('',*,*,#12152,.F.);
#12152 = EDGE_CURVE('',#12142,#2671,#12153,.T.);
#12153 = LINE('',#12154,#12155);
#12154 = CARTESIAN_POINT('',(297.397,120.826,-21.97));
#12155 = VECTOR('',#12156,1.);
#12156 = DIRECTION('',(0.,0.,1.));
#12157 = CYLINDRICAL_SURFACE('',#12158,3.174);
#12158 = AXIS2_PLACEMENT_3D('',#12159,#12160,#12161);
#12159 = CARTESIAN_POINT('',(300.571,120.826,-21.97));
#12160 = DIRECTION('',(0.,0.,1.));
#12161 = DIRECTION('',(-1.,0.,0.));
#12162 = ADVANCED_FACE('',(#12163),#12174,.T.);
#12163 = FACE_BOUND('',#12164,.T.);
#12164 = EDGE_LOOP('',(#12165,#12166,#12167,#12173));
#12165 = ORIENTED_EDGE('',*,*,#2670,.F.);
#12166 = ORIENTED_EDGE('',*,*,#12127,.F.);
#12167 = ORIENTED_EDGE('',*,*,#12168,.T.);
#12168 = EDGE_CURVE('',#12117,#12142,#12169,.T.);
#12169 = LINE('',#12170,#12171);
#12170 = CARTESIAN_POINT('',(297.397,76.,-21.97));
#12171 = VECTOR('',#12172,1.);
#12172 = DIRECTION('',(0.,1.,0.));
#12173 = ORIENTED_EDGE('',*,*,#12152,.T.);
#12174 = PLANE('',#12175);
#12175 = AXIS2_PLACEMENT_3D('',#12176,#12177,#12178);
#12176 = CARTESIAN_POINT('',(297.397,76.,-21.97));
#12177 = DIRECTION('',(1.,0.,0.));
#12178 = DIRECTION('',(0.,0.,1.));
#12179 = ADVANCED_FACE('',(#12180,#12190,#12201),#12212,.T.);
#12180 = FACE_BOUND('',#12181,.T.);
#12181 = EDGE_LOOP('',(#12182,#12183,#12184,#12185,#12186,#12187,#12188,
    #12189));
#12182 = ORIENTED_EDGE('',*,*,#11996,.T.);
#12183 = ORIENTED_EDGE('',*,*,#12043,.T.);
#12184 = ORIENTED_EDGE('',*,*,#12092,.F.);
#12185 = ORIENTED_EDGE('',*,*,#12141,.F.);
#12186 = ORIENTED_EDGE('',*,*,#12168,.F.);
#12187 = ORIENTED_EDGE('',*,*,#12116,.T.);
#12188 = ORIENTED_EDGE('',*,*,#12068,.T.);
#12189 = ORIENTED_EDGE('',*,*,#12018,.T.);
#12190 = FACE_BOUND('',#12191,.T.);
#12191 = EDGE_LOOP('',(#12192));
#12192 = ORIENTED_EDGE('',*,*,#12193,.T.);
#12193 = EDGE_CURVE('',#12194,#12194,#12196,.T.);
#12194 = VERTEX_POINT('',#12195);
#12195 = CARTESIAN_POINT('',(307.1698,87.5,-21.97));
#12196 = CIRCLE('',#12197,1.7272);
#12197 = AXIS2_PLACEMENT_3D('',#12198,#12199,#12200);
#12198 = CARTESIAN_POINT('',(308.897,87.5,-21.97));
#12199 = DIRECTION('',(0.,0.,-1.));
#12200 = DIRECTION('',(-1.,0.,0.));
#12201 = FACE_BOUND('',#12202,.T.);
#12202 = EDGE_LOOP('',(#12203));
#12203 = ORIENTED_EDGE('',*,*,#12204,.T.);
#12204 = EDGE_CURVE('',#12205,#12205,#12207,.T.);
#12205 = VERTEX_POINT('',#12206);
#12206 = CARTESIAN_POINT('',(307.1698,112.5,-21.97));
#12207 = CIRCLE('',#12208,1.7272);
#12208 = AXIS2_PLACEMENT_3D('',#12209,#12210,#12211);
#12209 = CARTESIAN_POINT('',(308.897,112.5,-21.97));
#12210 = DIRECTION('',(0.,0.,-1.));
#12211 = DIRECTION('',(-1.,0.,0.));
#12212 = PLANE('',#12213);
#12213 = AXIS2_PLACEMENT_3D('',#12214,#12215,#12216);
#12214 = CARTESIAN_POINT('',(297.397,76.,-21.97));
#12215 = DIRECTION('',(0.,0.,1.));
#12216 = DIRECTION('',(1.,0.,0.));
#12217 = ADVANCED_FACE('',(#12218),#12237,.F.);
#12218 = FACE_BOUND('',#12219,.F.);
#12219 = EDGE_LOOP('',(#12220,#12221,#12229,#12236));
#12220 = ORIENTED_EDGE('',*,*,#12193,.T.);
#12221 = ORIENTED_EDGE('',*,*,#12222,.T.);
#12222 = EDGE_CURVE('',#12194,#12223,#12225,.T.);
#12223 = VERTEX_POINT('',#12224);
#12224 = CARTESIAN_POINT('',(307.1698,87.5,-38.1));
#12225 = LINE('',#12226,#12227);
#12226 = CARTESIAN_POINT('',(307.1698,87.5,-13.97));
#12227 = VECTOR('',#12228,1.);
#12228 = DIRECTION('',(0.,0.,-1.));
#12229 = ORIENTED_EDGE('',*,*,#12230,.F.);
#12230 = EDGE_CURVE('',#12223,#12223,#12231,.T.);
#12231 = CIRCLE('',#12232,1.7272);
#12232 = AXIS2_PLACEMENT_3D('',#12233,#12234,#12235);
#12233 = CARTESIAN_POINT('',(308.897,87.5,-38.1));
#12234 = DIRECTION('',(0.,0.,-1.));
#12235 = DIRECTION('',(-1.,0.,0.));
#12236 = ORIENTED_EDGE('',*,*,#12222,.F.);
#12237 = CYLINDRICAL_SURFACE('',#12238,1.7272);
#12238 = AXIS2_PLACEMENT_3D('',#12239,#12240,#12241);
#12239 = CARTESIAN_POINT('',(308.897,87.5,-13.97));
#12240 = DIRECTION('',(0.,0.,-1.));
#12241 = DIRECTION('',(-1.,0.,0.));
#12242 = ADVANCED_FACE('',(#12243),#12262,.F.);
#12243 = FACE_BOUND('',#12244,.F.);
#12244 = EDGE_LOOP('',(#12245,#12246,#12254,#12261));
#12245 = ORIENTED_EDGE('',*,*,#12204,.T.);
#12246 = ORIENTED_EDGE('',*,*,#12247,.T.);
#12247 = EDGE_CURVE('',#12205,#12248,#12250,.T.);
#12248 = VERTEX_POINT('',#12249);
#12249 = CARTESIAN_POINT('',(307.1698,112.5,-38.1));
#12250 = LINE('',#12251,#12252);
#12251 = CARTESIAN_POINT('',(307.1698,112.5,-13.97));
#12252 = VECTOR('',#12253,1.);
#12253 = DIRECTION('',(0.,0.,-1.));
#12254 = ORIENTED_EDGE('',*,*,#12255,.F.);
#12255 = EDGE_CURVE('',#12248,#12248,#12256,.T.);
#12256 = CIRCLE('',#12257,1.7272);
#12257 = AXIS2_PLACEMENT_3D('',#12258,#12259,#12260);
#12258 = CARTESIAN_POINT('',(308.897,112.5,-38.1));
#12259 = DIRECTION('',(0.,0.,-1.));
#12260 = DIRECTION('',(-1.,0.,0.));
#12261 = ORIENTED_EDGE('',*,*,#12247,.F.);
#12262 = CYLINDRICAL_SURFACE('',#12263,1.7272);
#12263 = AXIS2_PLACEMENT_3D('',#12264,#12265,#12266);
#12264 = CARTESIAN_POINT('',(308.897,112.5,-13.97));
#12265 = DIRECTION('',(0.,0.,-1.));
#12266 = DIRECTION('',(-1.,0.,0.));
#12267 = ADVANCED_FACE('',(#12268),#12293,.F.);
#12268 = FACE_BOUND('',#12269,.F.);
#12269 = EDGE_LOOP('',(#12270,#12271,#12279,#12287));
#12270 = ORIENTED_EDGE('',*,*,#2704,.F.);
#12271 = ORIENTED_EDGE('',*,*,#12272,.F.);
#12272 = EDGE_CURVE('',#12273,#2705,#12275,.T.);
#12273 = VERTEX_POINT('',#12274);
#12274 = CARTESIAN_POINT('',(490.603,327.826,-21.97));
#12275 = LINE('',#12276,#12277);
#12276 = CARTESIAN_POINT('',(490.603,327.826,-21.97));
#12277 = VECTOR('',#12278,1.);
#12278 = DIRECTION('',(0.,0.,1.));
#12279 = ORIENTED_EDGE('',*,*,#12280,.T.);
#12280 = EDGE_CURVE('',#12273,#12281,#12283,.T.);
#12281 = VERTEX_POINT('',#12282);
#12282 = CARTESIAN_POINT('',(490.603,286.174,-21.97));
#12283 = LINE('',#12284,#12285);
#12284 = CARTESIAN_POINT('',(490.603,331.,-21.97));
#12285 = VECTOR('',#12286,1.);
#12286 = DIRECTION('',(0.,-1.,0.));
#12287 = ORIENTED_EDGE('',*,*,#12288,.T.);
#12288 = EDGE_CURVE('',#12281,#2707,#12289,.T.);
#12289 = LINE('',#12290,#12291);
#12290 = CARTESIAN_POINT('',(490.603,286.174,-21.97));
#12291 = VECTOR('',#12292,1.);
#12292 = DIRECTION('',(0.,0.,1.));
#12293 = PLANE('',#12294);
#12294 = AXIS2_PLACEMENT_3D('',#12295,#12296,#12297);
#12295 = CARTESIAN_POINT('',(490.603,331.,-21.97));
#12296 = DIRECTION('',(-1.,0.,0.));
#12297 = DIRECTION('',(0.,0.,1.));
#12298 = ADVANCED_FACE('',(#12299),#12318,.F.);
#12299 = FACE_BOUND('',#12300,.F.);
#12300 = EDGE_LOOP('',(#12301,#12310,#12311,#12312));
#12301 = ORIENTED_EDGE('',*,*,#12302,.T.);
#12302 = EDGE_CURVE('',#12303,#12273,#12305,.T.);
#12303 = VERTEX_POINT('',#12304);
#12304 = CARTESIAN_POINT('',(493.777,331.,-21.97));
#12305 = CIRCLE('',#12306,3.174);
#12306 = AXIS2_PLACEMENT_3D('',#12307,#12308,#12309);
#12307 = CARTESIAN_POINT('',(493.777,327.826,-21.97));
#12308 = DIRECTION('',(0.,-0.,1.));
#12309 = DIRECTION('',(0.,1.,0.));
#12310 = ORIENTED_EDGE('',*,*,#12272,.T.);
#12311 = ORIENTED_EDGE('',*,*,#2714,.F.);
#12312 = ORIENTED_EDGE('',*,*,#12313,.F.);
#12313 = EDGE_CURVE('',#12303,#2715,#12314,.T.);
#12314 = LINE('',#12315,#12316);
#12315 = CARTESIAN_POINT('',(493.777,331.,-21.97));
#12316 = VECTOR('',#12317,1.);
#12317 = DIRECTION('',(0.,0.,1.));
#12318 = CYLINDRICAL_SURFACE('',#12319,3.174);
#12319 = AXIS2_PLACEMENT_3D('',#12320,#12321,#12322);
#12320 = CARTESIAN_POINT('',(493.777,327.826,-21.97));
#12321 = DIRECTION('',(0.,0.,1.));
#12322 = DIRECTION('',(0.,1.,0.));
#12323 = ADVANCED_FACE('',(#12324),#12343,.F.);
#12324 = FACE_BOUND('',#12325,.F.);
#12325 = EDGE_LOOP('',(#12326,#12335,#12341,#12342));
#12326 = ORIENTED_EDGE('',*,*,#12327,.T.);
#12327 = EDGE_CURVE('',#12281,#12328,#12330,.T.);
#12328 = VERTEX_POINT('',#12329);
#12329 = CARTESIAN_POINT('',(493.777,283.,-21.97));
#12330 = CIRCLE('',#12331,3.174);
#12331 = AXIS2_PLACEMENT_3D('',#12332,#12333,#12334);
#12332 = CARTESIAN_POINT('',(493.777,286.174,-21.97));
#12333 = DIRECTION('',(0.,-0.,1.));
#12334 = DIRECTION('',(0.,1.,0.));
#12335 = ORIENTED_EDGE('',*,*,#12336,.T.);
#12336 = EDGE_CURVE('',#12328,#2758,#12337,.T.);
#12337 = LINE('',#12338,#12339);
#12338 = CARTESIAN_POINT('',(493.777,283.,-21.97));
#12339 = VECTOR('',#12340,1.);
#12340 = DIRECTION('',(0.,0.,1.));
#12341 = ORIENTED_EDGE('',*,*,#2765,.F.);
#12342 = ORIENTED_EDGE('',*,*,#12288,.F.);
#12343 = CYLINDRICAL_SURFACE('',#12344,3.174);
#12344 = AXIS2_PLACEMENT_3D('',#12345,#12346,#12347);
#12345 = CARTESIAN_POINT('',(493.777,286.174,-21.97));
#12346 = DIRECTION('',(0.,0.,1.));
#12347 = DIRECTION('',(-1.,0.,0.));
#12348 = ADVANCED_FACE('',(#12349),#12367,.T.);
#12349 = FACE_BOUND('',#12350,.T.);
#12350 = EDGE_LOOP('',(#12351,#12359,#12365,#12366));
#12351 = ORIENTED_EDGE('',*,*,#12352,.F.);
#12352 = EDGE_CURVE('',#12353,#12303,#12355,.T.);
#12353 = VERTEX_POINT('',#12354);
#12354 = CARTESIAN_POINT('',(510.429,331.,-21.97));
#12355 = LINE('',#12356,#12357);
#12356 = CARTESIAN_POINT('',(513.603,331.,-21.97));
#12357 = VECTOR('',#12358,1.);
#12358 = DIRECTION('',(-1.,0.,0.));
#12359 = ORIENTED_EDGE('',*,*,#12360,.T.);
#12360 = EDGE_CURVE('',#12353,#2724,#12361,.T.);
#12361 = LINE('',#12362,#12363);
#12362 = CARTESIAN_POINT('',(510.429,331.,-21.97));
#12363 = VECTOR('',#12364,1.);
#12364 = DIRECTION('',(0.,0.,1.));
#12365 = ORIENTED_EDGE('',*,*,#2723,.T.);
#12366 = ORIENTED_EDGE('',*,*,#12313,.F.);
#12367 = PLANE('',#12368);
#12368 = AXIS2_PLACEMENT_3D('',#12369,#12370,#12371);
#12369 = CARTESIAN_POINT('',(513.603,331.,-21.97));
#12370 = DIRECTION('',(0.,-1.,0.));
#12371 = DIRECTION('',(0.,0.,1.));
#12372 = ADVANCED_FACE('',(#12373),#12391,.F.);
#12373 = FACE_BOUND('',#12374,.F.);
#12374 = EDGE_LOOP('',(#12375,#12383,#12389,#12390));
#12375 = ORIENTED_EDGE('',*,*,#12376,.F.);
#12376 = EDGE_CURVE('',#12377,#12328,#12379,.T.);
#12377 = VERTEX_POINT('',#12378);
#12378 = CARTESIAN_POINT('',(510.429,283.,-21.97));
#12379 = LINE('',#12380,#12381);
#12380 = CARTESIAN_POINT('',(513.603,283.,-21.97));
#12381 = VECTOR('',#12382,1.);
#12382 = DIRECTION('',(-1.,0.,0.));
#12383 = ORIENTED_EDGE('',*,*,#12384,.T.);
#12384 = EDGE_CURVE('',#12377,#2749,#12385,.T.);
#12385 = LINE('',#12386,#12387);
#12386 = CARTESIAN_POINT('',(510.429,283.,-21.97));
#12387 = VECTOR('',#12388,1.);
#12388 = DIRECTION('',(0.,0.,1.));
#12389 = ORIENTED_EDGE('',*,*,#2757,.T.);
#12390 = ORIENTED_EDGE('',*,*,#12336,.F.);
#12391 = PLANE('',#12392);
#12392 = AXIS2_PLACEMENT_3D('',#12393,#12394,#12395);
#12393 = CARTESIAN_POINT('',(513.603,283.,-21.97));
#12394 = DIRECTION('',(0.,-1.,0.));
#12395 = DIRECTION('',(0.,0.,1.));
#12396 = ADVANCED_FACE('',(#12397),#12416,.F.);
#12397 = FACE_BOUND('',#12398,.F.);
#12398 = EDGE_LOOP('',(#12399,#12408,#12409,#12410));
#12399 = ORIENTED_EDGE('',*,*,#12400,.T.);
#12400 = EDGE_CURVE('',#12401,#12353,#12403,.T.);
#12401 = VERTEX_POINT('',#12402);
#12402 = CARTESIAN_POINT('',(513.603,327.826,-21.97));
#12403 = CIRCLE('',#12404,3.174);
#12404 = AXIS2_PLACEMENT_3D('',#12405,#12406,#12407);
#12405 = CARTESIAN_POINT('',(510.429,327.826,-21.97));
#12406 = DIRECTION('',(0.,-0.,1.));
#12407 = DIRECTION('',(0.,1.,0.));
#12408 = ORIENTED_EDGE('',*,*,#12360,.T.);
#12409 = ORIENTED_EDGE('',*,*,#2731,.F.);
#12410 = ORIENTED_EDGE('',*,*,#12411,.F.);
#12411 = EDGE_CURVE('',#12401,#2732,#12412,.T.);
#12412 = LINE('',#12413,#12414);
#12413 = CARTESIAN_POINT('',(513.603,327.826,-21.97));
#12414 = VECTOR('',#12415,1.);
#12415 = DIRECTION('',(0.,0.,1.));
#12416 = CYLINDRICAL_SURFACE('',#12417,3.174);
#12417 = AXIS2_PLACEMENT_3D('',#12418,#12419,#12420);
#12418 = CARTESIAN_POINT('',(510.429,327.826,-21.97));
#12419 = DIRECTION('',(0.,0.,1.));
#12420 = DIRECTION('',(1.,0.,0.));
#12421 = ADVANCED_FACE('',(#12422),#12441,.F.);
#12422 = FACE_BOUND('',#12423,.T.);
#12423 = EDGE_LOOP('',(#12424,#12433,#12434,#12435));
#12424 = ORIENTED_EDGE('',*,*,#12425,.T.);
#12425 = EDGE_CURVE('',#12426,#12377,#12428,.T.);
#12426 = VERTEX_POINT('',#12427);
#12427 = CARTESIAN_POINT('',(513.603,286.174,-21.97));
#12428 = CIRCLE('',#12429,3.174);
#12429 = AXIS2_PLACEMENT_3D('',#12430,#12431,#12432);
#12430 = CARTESIAN_POINT('',(510.429,286.174,-21.97));
#12431 = DIRECTION('',(0.,0.,-1.));
#12432 = DIRECTION('',(0.,1.,0.));
#12433 = ORIENTED_EDGE('',*,*,#12384,.T.);
#12434 = ORIENTED_EDGE('',*,*,#2748,.F.);
#12435 = ORIENTED_EDGE('',*,*,#12436,.F.);
#12436 = EDGE_CURVE('',#12426,#2741,#12437,.T.);
#12437 = LINE('',#12438,#12439);
#12438 = CARTESIAN_POINT('',(513.603,286.174,-21.97));
#12439 = VECTOR('',#12440,1.);
#12440 = DIRECTION('',(0.,0.,1.));
#12441 = CYLINDRICAL_SURFACE('',#12442,3.174);
#12442 = AXIS2_PLACEMENT_3D('',#12443,#12444,#12445);
#12443 = CARTESIAN_POINT('',(510.429,286.174,-21.97));
#12444 = DIRECTION('',(0.,0.,1.));
#12445 = DIRECTION('',(1.,0.,0.));
#12446 = ADVANCED_FACE('',(#12447),#12458,.T.);
#12447 = FACE_BOUND('',#12448,.T.);
#12448 = EDGE_LOOP('',(#12449,#12450,#12451,#12457));
#12449 = ORIENTED_EDGE('',*,*,#2740,.F.);
#12450 = ORIENTED_EDGE('',*,*,#12411,.F.);
#12451 = ORIENTED_EDGE('',*,*,#12452,.T.);
#12452 = EDGE_CURVE('',#12401,#12426,#12453,.T.);
#12453 = LINE('',#12454,#12455);
#12454 = CARTESIAN_POINT('',(513.603,331.,-21.97));
#12455 = VECTOR('',#12456,1.);
#12456 = DIRECTION('',(0.,-1.,0.));
#12457 = ORIENTED_EDGE('',*,*,#12436,.T.);
#12458 = PLANE('',#12459);
#12459 = AXIS2_PLACEMENT_3D('',#12460,#12461,#12462);
#12460 = CARTESIAN_POINT('',(513.603,331.,-21.97));
#12461 = DIRECTION('',(-1.,0.,0.));
#12462 = DIRECTION('',(0.,0.,1.));
#12463 = ADVANCED_FACE('',(#12464,#12474,#12485),#12496,.T.);
#12464 = FACE_BOUND('',#12465,.T.);
#12465 = EDGE_LOOP('',(#12466,#12467,#12468,#12469,#12470,#12471,#12472,
    #12473));
#12466 = ORIENTED_EDGE('',*,*,#12280,.T.);
#12467 = ORIENTED_EDGE('',*,*,#12327,.T.);
#12468 = ORIENTED_EDGE('',*,*,#12376,.F.);
#12469 = ORIENTED_EDGE('',*,*,#12425,.F.);
#12470 = ORIENTED_EDGE('',*,*,#12452,.F.);
#12471 = ORIENTED_EDGE('',*,*,#12400,.T.);
#12472 = ORIENTED_EDGE('',*,*,#12352,.T.);
#12473 = ORIENTED_EDGE('',*,*,#12302,.T.);
#12474 = FACE_BOUND('',#12475,.T.);
#12475 = EDGE_LOOP('',(#12476));
#12476 = ORIENTED_EDGE('',*,*,#12477,.T.);
#12477 = EDGE_CURVE('',#12478,#12478,#12480,.T.);
#12478 = VERTEX_POINT('',#12479);
#12479 = CARTESIAN_POINT('',(503.8302,319.5,-21.97));
#12480 = CIRCLE('',#12481,1.7272);
#12481 = AXIS2_PLACEMENT_3D('',#12482,#12483,#12484);
#12482 = CARTESIAN_POINT('',(502.103,319.5,-21.97));
#12483 = DIRECTION('',(0.,0.,-1.));
#12484 = DIRECTION('',(1.,-0.,0.));
#12485 = FACE_BOUND('',#12486,.T.);
#12486 = EDGE_LOOP('',(#12487));
#12487 = ORIENTED_EDGE('',*,*,#12488,.T.);
#12488 = EDGE_CURVE('',#12489,#12489,#12491,.T.);
#12489 = VERTEX_POINT('',#12490);
#12490 = CARTESIAN_POINT('',(503.8302,294.5,-21.97));
#12491 = CIRCLE('',#12492,1.7272);
#12492 = AXIS2_PLACEMENT_3D('',#12493,#12494,#12495);
#12493 = CARTESIAN_POINT('',(502.103,294.5,-21.97));
#12494 = DIRECTION('',(0.,0.,-1.));
#12495 = DIRECTION('',(1.,-0.,0.));
#12496 = PLANE('',#12497);
#12497 = AXIS2_PLACEMENT_3D('',#12498,#12499,#12500);
#12498 = CARTESIAN_POINT('',(513.603,331.,-21.97));
#12499 = DIRECTION('',(0.,0.,1.));
#12500 = DIRECTION('',(-1.,0.,0.));
#12501 = ADVANCED_FACE('',(#12502),#12521,.F.);
#12502 = FACE_BOUND('',#12503,.F.);
#12503 = EDGE_LOOP('',(#12504,#12505,#12513,#12520));
#12504 = ORIENTED_EDGE('',*,*,#12477,.T.);
#12505 = ORIENTED_EDGE('',*,*,#12506,.T.);
#12506 = EDGE_CURVE('',#12478,#12507,#12509,.T.);
#12507 = VERTEX_POINT('',#12508);
#12508 = CARTESIAN_POINT('',(503.8302,319.5,-38.1));
#12509 = LINE('',#12510,#12511);
#12510 = CARTESIAN_POINT('',(503.8302,319.5,-13.97));
#12511 = VECTOR('',#12512,1.);
#12512 = DIRECTION('',(0.,0.,-1.));
#12513 = ORIENTED_EDGE('',*,*,#12514,.F.);
#12514 = EDGE_CURVE('',#12507,#12507,#12515,.T.);
#12515 = CIRCLE('',#12516,1.7272);
#12516 = AXIS2_PLACEMENT_3D('',#12517,#12518,#12519);
#12517 = CARTESIAN_POINT('',(502.103,319.5,-38.1));
#12518 = DIRECTION('',(0.,0.,-1.));
#12519 = DIRECTION('',(1.,0.,0.));
#12520 = ORIENTED_EDGE('',*,*,#12506,.F.);
#12521 = CYLINDRICAL_SURFACE('',#12522,1.7272);
#12522 = AXIS2_PLACEMENT_3D('',#12523,#12524,#12525);
#12523 = CARTESIAN_POINT('',(502.103,319.5,-13.97));
#12524 = DIRECTION('',(0.,0.,-1.));
#12525 = DIRECTION('',(1.,-0.,0.));
#12526 = ADVANCED_FACE('',(#12527),#12546,.F.);
#12527 = FACE_BOUND('',#12528,.F.);
#12528 = EDGE_LOOP('',(#12529,#12530,#12538,#12545));
#12529 = ORIENTED_EDGE('',*,*,#12488,.T.);
#12530 = ORIENTED_EDGE('',*,*,#12531,.T.);
#12531 = EDGE_CURVE('',#12489,#12532,#12534,.T.);
#12532 = VERTEX_POINT('',#12533);
#12533 = CARTESIAN_POINT('',(503.8302,294.5,-38.1));
#12534 = LINE('',#12535,#12536);
#12535 = CARTESIAN_POINT('',(503.8302,294.5,-13.97));
#12536 = VECTOR('',#12537,1.);
#12537 = DIRECTION('',(0.,0.,-1.));
#12538 = ORIENTED_EDGE('',*,*,#12539,.F.);
#12539 = EDGE_CURVE('',#12532,#12532,#12540,.T.);
#12540 = CIRCLE('',#12541,1.7272);
#12541 = AXIS2_PLACEMENT_3D('',#12542,#12543,#12544);
#12542 = CARTESIAN_POINT('',(502.103,294.5,-38.1));
#12543 = DIRECTION('',(0.,0.,-1.));
#12544 = DIRECTION('',(1.,0.,0.));
#12545 = ORIENTED_EDGE('',*,*,#12531,.F.);
#12546 = CYLINDRICAL_SURFACE('',#12547,1.7272);
#12547 = AXIS2_PLACEMENT_3D('',#12548,#12549,#12550);
#12548 = CARTESIAN_POINT('',(502.103,294.5,-13.97));
#12549 = DIRECTION('',(0.,0.,-1.));
#12550 = DIRECTION('',(1.,-0.,0.));
#12551 = ADVANCED_FACE('',(#12552),#12577,.F.);
#12552 = FACE_BOUND('',#12553,.F.);
#12553 = EDGE_LOOP('',(#12554,#12562,#12563,#12571));
#12554 = ORIENTED_EDGE('',*,*,#12555,.T.);
#12555 = EDGE_CURVE('',#12556,#2777,#12558,.T.);
#12556 = VERTEX_POINT('',#12557);
#12557 = CARTESIAN_POINT('',(257.174,287.5,-14.05100021362));
#12558 = LINE('',#12559,#12560);
#12559 = CARTESIAN_POINT('',(257.174,287.5,-14.05100021362));
#12560 = VECTOR('',#12561,1.);
#12561 = DIRECTION('',(0.,0.,1.));
#12562 = ORIENTED_EDGE('',*,*,#2774,.F.);
#12563 = ORIENTED_EDGE('',*,*,#12564,.F.);
#12564 = EDGE_CURVE('',#12565,#2775,#12567,.T.);
#12565 = VERTEX_POINT('',#12566);
#12566 = CARTESIAN_POINT('',(288.826,287.5,-14.05100021362));
#12567 = LINE('',#12568,#12569);
#12568 = CARTESIAN_POINT('',(288.826,287.5,-14.05100021362));
#12569 = VECTOR('',#12570,1.);
#12570 = DIRECTION('',(0.,0.,1.));
#12571 = ORIENTED_EDGE('',*,*,#12572,.T.);
#12572 = EDGE_CURVE('',#12565,#12556,#12573,.T.);
#12573 = LINE('',#12574,#12575);
#12574 = CARTESIAN_POINT('',(292.,287.5,-14.05100021362));
#12575 = VECTOR('',#12576,1.);
#12576 = DIRECTION('',(-1.,0.,0.));
#12577 = PLANE('',#12578);
#12578 = AXIS2_PLACEMENT_3D('',#12579,#12580,#12581);
#12579 = CARTESIAN_POINT('',(292.,287.5,-14.05100021362));
#12580 = DIRECTION('',(0.,1.,0.));
#12581 = DIRECTION('',(0.,0.,1.));
#12582 = ADVANCED_FACE('',(#12583),#12602,.F.);
#12583 = FACE_BOUND('',#12584,.F.);
#12584 = EDGE_LOOP('',(#12585,#12586,#12595,#12601));
#12585 = ORIENTED_EDGE('',*,*,#12555,.F.);
#12586 = ORIENTED_EDGE('',*,*,#12587,.T.);
#12587 = EDGE_CURVE('',#12556,#12588,#12590,.T.);
#12588 = VERTEX_POINT('',#12589);
#12589 = CARTESIAN_POINT('',(254.,284.326,-14.05100021362));
#12590 = CIRCLE('',#12591,3.174);
#12591 = AXIS2_PLACEMENT_3D('',#12592,#12593,#12594);
#12592 = CARTESIAN_POINT('',(257.174,284.326,-14.05100021362));
#12593 = DIRECTION('',(0.,0.,1.));
#12594 = DIRECTION('',(1.,0.,0.));
#12595 = ORIENTED_EDGE('',*,*,#12596,.T.);
#12596 = EDGE_CURVE('',#12588,#2828,#12597,.T.);
#12597 = LINE('',#12598,#12599);
#12598 = CARTESIAN_POINT('',(254.,284.326,-14.05100021362));
#12599 = VECTOR('',#12600,1.);
#12600 = DIRECTION('',(0.,0.,1.));
#12601 = ORIENTED_EDGE('',*,*,#2835,.F.);
#12602 = CYLINDRICAL_SURFACE('',#12603,3.174);
#12603 = AXIS2_PLACEMENT_3D('',#12604,#12605,#12606);
#12604 = CARTESIAN_POINT('',(257.174,284.326,-14.05100021362));
#12605 = DIRECTION('',(0.,0.,1.));
#12606 = DIRECTION('',(0.,1.,0.));
#12607 = ADVANCED_FACE('',(#12608),#12626,.F.);
#12608 = FACE_BOUND('',#12609,.F.);
#12609 = EDGE_LOOP('',(#12610,#12611,#12619,#12625));
#12610 = ORIENTED_EDGE('',*,*,#12596,.F.);
#12611 = ORIENTED_EDGE('',*,*,#12612,.F.);
#12612 = EDGE_CURVE('',#12613,#12588,#12615,.T.);
#12613 = VERTEX_POINT('',#12614);
#12614 = CARTESIAN_POINT('',(254.,272.674,-14.05100021362));
#12615 = LINE('',#12616,#12617);
#12616 = CARTESIAN_POINT('',(254.,269.5,-14.05100021362));
#12617 = VECTOR('',#12618,1.);
#12618 = DIRECTION('',(0.,1.,0.));
#12619 = ORIENTED_EDGE('',*,*,#12620,.T.);
#12620 = EDGE_CURVE('',#12613,#2819,#12621,.T.);
#12621 = LINE('',#12622,#12623);
#12622 = CARTESIAN_POINT('',(254.,272.674,-14.05100021362));
#12623 = VECTOR('',#12624,1.);
#12624 = DIRECTION('',(0.,0.,1.));
#12625 = ORIENTED_EDGE('',*,*,#2827,.F.);
#12626 = PLANE('',#12627);
#12627 = AXIS2_PLACEMENT_3D('',#12628,#12629,#12630);
#12628 = CARTESIAN_POINT('',(254.,269.5,-14.05100021362));
#12629 = DIRECTION('',(-1.,0.,0.));
#12630 = DIRECTION('',(0.,0.,1.));
#12631 = ADVANCED_FACE('',(#12632),#12651,.F.);
#12632 = FACE_BOUND('',#12633,.T.);
#12633 = EDGE_LOOP('',(#12634,#12642,#12649,#12650));
#12634 = ORIENTED_EDGE('',*,*,#12635,.F.);
#12635 = EDGE_CURVE('',#12636,#2811,#12638,.T.);
#12636 = VERTEX_POINT('',#12637);
#12637 = CARTESIAN_POINT('',(257.174,269.5,-14.05100021362));
#12638 = LINE('',#12639,#12640);
#12639 = CARTESIAN_POINT('',(257.174,269.5,-14.05100021362));
#12640 = VECTOR('',#12641,1.);
#12641 = DIRECTION('',(0.,0.,1.));
#12642 = ORIENTED_EDGE('',*,*,#12643,.T.);
#12643 = EDGE_CURVE('',#12636,#12613,#12644,.T.);
#12644 = CIRCLE('',#12645,3.174);
#12645 = AXIS2_PLACEMENT_3D('',#12646,#12647,#12648);
#12646 = CARTESIAN_POINT('',(257.174,272.674,-14.05100021362));
#12647 = DIRECTION('',(0.,0.,-1.));
#12648 = DIRECTION('',(1.,0.,0.));
#12649 = ORIENTED_EDGE('',*,*,#12620,.T.);
#12650 = ORIENTED_EDGE('',*,*,#2818,.T.);
#12651 = CYLINDRICAL_SURFACE('',#12652,3.174);
#12652 = AXIS2_PLACEMENT_3D('',#12653,#12654,#12655);
#12653 = CARTESIAN_POINT('',(257.174,272.674,-14.05100021362));
#12654 = DIRECTION('',(0.,0.,1.));
#12655 = DIRECTION('',(0.,-1.,0.));
#12656 = ADVANCED_FACE('',(#12657),#12675,.T.);
#12657 = FACE_BOUND('',#12658,.T.);
#12658 = EDGE_LOOP('',(#12659,#12660,#12661,#12669));
#12659 = ORIENTED_EDGE('',*,*,#12635,.T.);
#12660 = ORIENTED_EDGE('',*,*,#2810,.F.);
#12661 = ORIENTED_EDGE('',*,*,#12662,.F.);
#12662 = EDGE_CURVE('',#12663,#2802,#12665,.T.);
#12663 = VERTEX_POINT('',#12664);
#12664 = CARTESIAN_POINT('',(288.826,269.5,-14.05100021362));
#12665 = LINE('',#12666,#12667);
#12666 = CARTESIAN_POINT('',(288.826,269.5,-14.05100021362));
#12667 = VECTOR('',#12668,1.);
#12668 = DIRECTION('',(0.,0.,1.));
#12669 = ORIENTED_EDGE('',*,*,#12670,.T.);
#12670 = EDGE_CURVE('',#12663,#12636,#12671,.T.);
#12671 = LINE('',#12672,#12673);
#12672 = CARTESIAN_POINT('',(292.,269.5,-14.05100021362));
#12673 = VECTOR('',#12674,1.);
#12674 = DIRECTION('',(-1.,0.,0.));
#12675 = PLANE('',#12676);
#12676 = AXIS2_PLACEMENT_3D('',#12677,#12678,#12679);
#12677 = CARTESIAN_POINT('',(292.,269.5,-14.05100021362));
#12678 = DIRECTION('',(0.,1.,0.));
#12679 = DIRECTION('',(0.,0.,1.));
#12680 = ADVANCED_FACE('',(#12681),#12700,.F.);
#12681 = FACE_BOUND('',#12682,.F.);
#12682 = EDGE_LOOP('',(#12683,#12684,#12693,#12699));
#12683 = ORIENTED_EDGE('',*,*,#12662,.F.);
#12684 = ORIENTED_EDGE('',*,*,#12685,.T.);
#12685 = EDGE_CURVE('',#12663,#12686,#12688,.T.);
#12686 = VERTEX_POINT('',#12687);
#12687 = CARTESIAN_POINT('',(292.,272.674,-14.05100021362));
#12688 = CIRCLE('',#12689,3.174);
#12689 = AXIS2_PLACEMENT_3D('',#12690,#12691,#12692);
#12690 = CARTESIAN_POINT('',(288.826,272.674,-14.05100021362));
#12691 = DIRECTION('',(0.,0.,1.));
#12692 = DIRECTION('',(1.,0.,0.));
#12693 = ORIENTED_EDGE('',*,*,#12694,.T.);
#12694 = EDGE_CURVE('',#12686,#2794,#12695,.T.);
#12695 = LINE('',#12696,#12697);
#12696 = CARTESIAN_POINT('',(292.,272.674,-14.05100021362));
#12697 = VECTOR('',#12698,1.);
#12698 = DIRECTION('',(0.,0.,1.));
#12699 = ORIENTED_EDGE('',*,*,#2801,.F.);
#12700 = CYLINDRICAL_SURFACE('',#12701,3.174);
#12701 = AXIS2_PLACEMENT_3D('',#12702,#12703,#12704);
#12702 = CARTESIAN_POINT('',(288.826,272.674,-14.05100021362));
#12703 = DIRECTION('',(0.,0.,1.));
#12704 = DIRECTION('',(0.,-1.,0.));
#12705 = ADVANCED_FACE('',(#12706),#12724,.T.);
#12706 = FACE_BOUND('',#12707,.T.);
#12707 = EDGE_LOOP('',(#12708,#12716,#12722,#12723));
#12708 = ORIENTED_EDGE('',*,*,#12709,.F.);
#12709 = EDGE_CURVE('',#12710,#2785,#12712,.T.);
#12710 = VERTEX_POINT('',#12711);
#12711 = CARTESIAN_POINT('',(292.,284.326,-14.05100021362));
#12712 = LINE('',#12713,#12714);
#12713 = CARTESIAN_POINT('',(292.,284.326,-14.05100021362));
#12714 = VECTOR('',#12715,1.);
#12715 = DIRECTION('',(0.,0.,1.));
#12716 = ORIENTED_EDGE('',*,*,#12717,.F.);
#12717 = EDGE_CURVE('',#12686,#12710,#12718,.T.);
#12718 = LINE('',#12719,#12720);
#12719 = CARTESIAN_POINT('',(292.,269.5,-14.05100021362));
#12720 = VECTOR('',#12721,1.);
#12721 = DIRECTION('',(0.,1.,0.));
#12722 = ORIENTED_EDGE('',*,*,#12694,.T.);
#12723 = ORIENTED_EDGE('',*,*,#2793,.F.);
#12724 = PLANE('',#12725);
#12725 = AXIS2_PLACEMENT_3D('',#12726,#12727,#12728);
#12726 = CARTESIAN_POINT('',(292.,269.5,-14.05100021362));
#12727 = DIRECTION('',(-1.,0.,0.));
#12728 = DIRECTION('',(0.,0.,1.));
#12729 = ADVANCED_FACE('',(#12730),#12742,.F.);
#12730 = FACE_BOUND('',#12731,.F.);
#12731 = EDGE_LOOP('',(#12732,#12733,#12740,#12741));
#12732 = ORIENTED_EDGE('',*,*,#12709,.F.);
#12733 = ORIENTED_EDGE('',*,*,#12734,.T.);
#12734 = EDGE_CURVE('',#12710,#12565,#12735,.T.);
#12735 = CIRCLE('',#12736,3.174);
#12736 = AXIS2_PLACEMENT_3D('',#12737,#12738,#12739);
#12737 = CARTESIAN_POINT('',(288.826,284.326,-14.05100021362));
#12738 = DIRECTION('',(0.,0.,1.));
#12739 = DIRECTION('',(1.,0.,0.));
#12740 = ORIENTED_EDGE('',*,*,#12564,.T.);
#12741 = ORIENTED_EDGE('',*,*,#2784,.F.);
#12742 = CYLINDRICAL_SURFACE('',#12743,3.174);
#12743 = AXIS2_PLACEMENT_3D('',#12744,#12745,#12746);
#12744 = CARTESIAN_POINT('',(288.826,284.326,-14.05100021362));
#12745 = DIRECTION('',(0.,0.,1.));
#12746 = DIRECTION('',(1.,0.,0.));
#12747 = ADVANCED_FACE('',(#12748,#12758,#12769),#12780,.T.);
#12748 = FACE_BOUND('',#12749,.T.);
#12749 = EDGE_LOOP('',(#12750,#12751,#12752,#12753,#12754,#12755,#12756,
    #12757));
#12750 = ORIENTED_EDGE('',*,*,#12572,.T.);
#12751 = ORIENTED_EDGE('',*,*,#12587,.T.);
#12752 = ORIENTED_EDGE('',*,*,#12612,.F.);
#12753 = ORIENTED_EDGE('',*,*,#12643,.F.);
#12754 = ORIENTED_EDGE('',*,*,#12670,.F.);
#12755 = ORIENTED_EDGE('',*,*,#12685,.T.);
#12756 = ORIENTED_EDGE('',*,*,#12717,.T.);
#12757 = ORIENTED_EDGE('',*,*,#12734,.T.);
#12758 = FACE_BOUND('',#12759,.T.);
#12759 = EDGE_LOOP('',(#12760));
#12760 = ORIENTED_EDGE('',*,*,#12761,.T.);
#12761 = EDGE_CURVE('',#12762,#12762,#12764,.T.);
#12762 = VERTEX_POINT('',#12763);
#12763 = CARTESIAN_POINT('',(284.3,276.7728,-14.05100021362));
#12764 = CIRCLE('',#12765,1.7272);
#12765 = AXIS2_PLACEMENT_3D('',#12766,#12767,#12768);
#12766 = CARTESIAN_POINT('',(284.3,278.5,-14.05100021362));
#12767 = DIRECTION('',(-0.,0.,-1.));
#12768 = DIRECTION('',(-0.,-1.,0.));
#12769 = FACE_BOUND('',#12770,.T.);
#12770 = EDGE_LOOP('',(#12771));
#12771 = ORIENTED_EDGE('',*,*,#12772,.T.);
#12772 = EDGE_CURVE('',#12773,#12773,#12775,.T.);
#12773 = VERTEX_POINT('',#12774);
#12774 = CARTESIAN_POINT('',(261.7,276.7728,-14.05100021362));
#12775 = CIRCLE('',#12776,1.7272);
#12776 = AXIS2_PLACEMENT_3D('',#12777,#12778,#12779);
#12777 = CARTESIAN_POINT('',(261.7,278.5,-14.05100021362));
#12778 = DIRECTION('',(-0.,0.,-1.));
#12779 = DIRECTION('',(-0.,-1.,0.));
#12780 = PLANE('',#12781);
#12781 = AXIS2_PLACEMENT_3D('',#12782,#12783,#12784);
#12782 = CARTESIAN_POINT('',(292.,269.5,-14.05100021362));
#12783 = DIRECTION('',(0.,0.,1.));
#12784 = DIRECTION('',(0.,1.,0.));
#12785 = ADVANCED_FACE('',(#12786),#12805,.F.);
#12786 = FACE_BOUND('',#12787,.F.);
#12787 = EDGE_LOOP('',(#12788,#12789,#12797,#12804));
#12788 = ORIENTED_EDGE('',*,*,#12761,.T.);
#12789 = ORIENTED_EDGE('',*,*,#12790,.T.);
#12790 = EDGE_CURVE('',#12762,#12791,#12793,.T.);
#12791 = VERTEX_POINT('',#12792);
#12792 = CARTESIAN_POINT('',(284.3,276.7728,-38.1));
#12793 = LINE('',#12794,#12795);
#12794 = CARTESIAN_POINT('',(284.3,276.7728,-6.35));
#12795 = VECTOR('',#12796,1.);
#12796 = DIRECTION('',(0.,0.,-1.));
#12797 = ORIENTED_EDGE('',*,*,#12798,.F.);
#12798 = EDGE_CURVE('',#12791,#12791,#12799,.T.);
#12799 = CIRCLE('',#12800,1.7272);
#12800 = AXIS2_PLACEMENT_3D('',#12801,#12802,#12803);
#12801 = CARTESIAN_POINT('',(284.3,278.5,-38.1));
#12802 = DIRECTION('',(0.,0.,-1.));
#12803 = DIRECTION('',(-2.2E-16,-1.,-0.));
#12804 = ORIENTED_EDGE('',*,*,#12790,.F.);
#12805 = CYLINDRICAL_SURFACE('',#12806,1.7272);
#12806 = AXIS2_PLACEMENT_3D('',#12807,#12808,#12809);
#12807 = CARTESIAN_POINT('',(284.3,278.5,-6.35));
#12808 = DIRECTION('',(0.,0.,-1.));
#12809 = DIRECTION('',(-0.,-1.,0.));
#12810 = ADVANCED_FACE('',(#12811),#12830,.F.);
#12811 = FACE_BOUND('',#12812,.F.);
#12812 = EDGE_LOOP('',(#12813,#12814,#12822,#12829));
#12813 = ORIENTED_EDGE('',*,*,#12772,.T.);
#12814 = ORIENTED_EDGE('',*,*,#12815,.T.);
#12815 = EDGE_CURVE('',#12773,#12816,#12818,.T.);
#12816 = VERTEX_POINT('',#12817);
#12817 = CARTESIAN_POINT('',(261.7,276.7728,-38.1));
#12818 = LINE('',#12819,#12820);
#12819 = CARTESIAN_POINT('',(261.7,276.7728,-6.35));
#12820 = VECTOR('',#12821,1.);
#12821 = DIRECTION('',(0.,0.,-1.));
#12822 = ORIENTED_EDGE('',*,*,#12823,.F.);
#12823 = EDGE_CURVE('',#12816,#12816,#12824,.T.);
#12824 = CIRCLE('',#12825,1.7272);
#12825 = AXIS2_PLACEMENT_3D('',#12826,#12827,#12828);
#12826 = CARTESIAN_POINT('',(261.7,278.5,-38.1));
#12827 = DIRECTION('',(0.,0.,-1.));
#12828 = DIRECTION('',(-2.2E-16,-1.,-0.));
#12829 = ORIENTED_EDGE('',*,*,#12815,.F.);
#12830 = CYLINDRICAL_SURFACE('',#12831,1.7272);
#12831 = AXIS2_PLACEMENT_3D('',#12832,#12833,#12834);
#12832 = CARTESIAN_POINT('',(261.7,278.5,-6.35));
#12833 = DIRECTION('',(0.,0.,-1.));
#12834 = DIRECTION('',(-0.,-1.,0.));
#12835 = ADVANCED_FACE('',(#12836),#12861,.F.);
#12836 = FACE_BOUND('',#12837,.F.);
#12837 = EDGE_LOOP('',(#12838,#12846,#12847,#12855));
#12838 = ORIENTED_EDGE('',*,*,#12839,.T.);
#12839 = EDGE_CURVE('',#12840,#2847,#12842,.T.);
#12840 = VERTEX_POINT('',#12841);
#12841 = CARTESIAN_POINT('',(342.,115.826,-14.05100021362));
#12842 = LINE('',#12843,#12844);
#12843 = CARTESIAN_POINT('',(342.,115.826,-14.05100021362));
#12844 = VECTOR('',#12845,1.);
#12845 = DIRECTION('',(0.,0.,1.));
#12846 = ORIENTED_EDGE('',*,*,#2844,.F.);
#12847 = ORIENTED_EDGE('',*,*,#12848,.F.);
#12848 = EDGE_CURVE('',#12849,#2845,#12851,.T.);
#12849 = VERTEX_POINT('',#12850);
#12850 = CARTESIAN_POINT('',(342.,84.174,-14.05100021362));
#12851 = LINE('',#12852,#12853);
#12852 = CARTESIAN_POINT('',(342.,84.174,-14.05100021362));
#12853 = VECTOR('',#12854,1.);
#12854 = DIRECTION('',(0.,0.,1.));
#12855 = ORIENTED_EDGE('',*,*,#12856,.T.);
#12856 = EDGE_CURVE('',#12849,#12840,#12857,.T.);
#12857 = LINE('',#12858,#12859);
#12858 = CARTESIAN_POINT('',(342.,81.,-14.05100021362));
#12859 = VECTOR('',#12860,1.);
#12860 = DIRECTION('',(0.,1.,0.));
#12861 = PLANE('',#12862);
#12862 = AXIS2_PLACEMENT_3D('',#12863,#12864,#12865);
#12863 = CARTESIAN_POINT('',(342.,81.,-14.05100021362));
#12864 = DIRECTION('',(1.,0.,0.));
#12865 = DIRECTION('',(0.,0.,1.));
#12866 = ADVANCED_FACE('',(#12867),#12886,.F.);
#12867 = FACE_BOUND('',#12868,.F.);
#12868 = EDGE_LOOP('',(#12869,#12877,#12884,#12885));
#12869 = ORIENTED_EDGE('',*,*,#12870,.F.);
#12870 = EDGE_CURVE('',#12871,#2855,#12873,.T.);
#12871 = VERTEX_POINT('',#12872);
#12872 = CARTESIAN_POINT('',(338.826,81.,-14.05100021362));
#12873 = LINE('',#12874,#12875);
#12874 = CARTESIAN_POINT('',(338.826,81.,-14.05100021362));
#12875 = VECTOR('',#12876,1.);
#12876 = DIRECTION('',(0.,0.,1.));
#12877 = ORIENTED_EDGE('',*,*,#12878,.T.);
#12878 = EDGE_CURVE('',#12871,#12849,#12879,.T.);
#12879 = CIRCLE('',#12880,3.174);
#12880 = AXIS2_PLACEMENT_3D('',#12881,#12882,#12883);
#12881 = CARTESIAN_POINT('',(338.826,84.174,-14.05100021362));
#12882 = DIRECTION('',(-0.,0.,1.));
#12883 = DIRECTION('',(0.,-1.,0.));
#12884 = ORIENTED_EDGE('',*,*,#12848,.T.);
#12885 = ORIENTED_EDGE('',*,*,#2854,.F.);
#12886 = CYLINDRICAL_SURFACE('',#12887,3.174);
#12887 = AXIS2_PLACEMENT_3D('',#12888,#12889,#12890);
#12888 = CARTESIAN_POINT('',(338.826,84.174,-14.05100021362));
#12889 = DIRECTION('',(0.,0.,1.));
#12890 = DIRECTION('',(0.,-1.,0.));
#12891 = ADVANCED_FACE('',(#12892),#12911,.F.);
#12892 = FACE_BOUND('',#12893,.F.);
#12893 = EDGE_LOOP('',(#12894,#12895,#12904,#12910));
#12894 = ORIENTED_EDGE('',*,*,#12839,.F.);
#12895 = ORIENTED_EDGE('',*,*,#12896,.T.);
#12896 = EDGE_CURVE('',#12840,#12897,#12899,.T.);
#12897 = VERTEX_POINT('',#12898);
#12898 = CARTESIAN_POINT('',(338.826,119.,-14.05100021362));
#12899 = CIRCLE('',#12900,3.174);
#12900 = AXIS2_PLACEMENT_3D('',#12901,#12902,#12903);
#12901 = CARTESIAN_POINT('',(338.826,115.826,-14.05100021362));
#12902 = DIRECTION('',(-0.,0.,1.));
#12903 = DIRECTION('',(0.,-1.,0.));
#12904 = ORIENTED_EDGE('',*,*,#12905,.T.);
#12905 = EDGE_CURVE('',#12897,#2898,#12906,.T.);
#12906 = LINE('',#12907,#12908);
#12907 = CARTESIAN_POINT('',(338.826,119.,-14.05100021362));
#12908 = VECTOR('',#12909,1.);
#12909 = DIRECTION('',(0.,0.,1.));
#12910 = ORIENTED_EDGE('',*,*,#2905,.F.);
#12911 = CYLINDRICAL_SURFACE('',#12912,3.174);
#12912 = AXIS2_PLACEMENT_3D('',#12913,#12914,#12915);
#12913 = CARTESIAN_POINT('',(338.826,115.826,-14.05100021362));
#12914 = DIRECTION('',(0.,0.,1.));
#12915 = DIRECTION('',(1.,0.,0.));
#12916 = ADVANCED_FACE('',(#12917),#12935,.T.);
#12917 = FACE_BOUND('',#12918,.T.);
#12918 = EDGE_LOOP('',(#12919,#12920,#12928,#12934));
#12919 = ORIENTED_EDGE('',*,*,#12870,.F.);
#12920 = ORIENTED_EDGE('',*,*,#12921,.F.);
#12921 = EDGE_CURVE('',#12922,#12871,#12924,.T.);
#12922 = VERTEX_POINT('',#12923);
#12923 = CARTESIAN_POINT('',(327.174,81.,-14.05100021362));
#12924 = LINE('',#12925,#12926);
#12925 = CARTESIAN_POINT('',(324.,81.,-14.05100021362));
#12926 = VECTOR('',#12927,1.);
#12927 = DIRECTION('',(1.,0.,0.));
#12928 = ORIENTED_EDGE('',*,*,#12929,.T.);
#12929 = EDGE_CURVE('',#12922,#2864,#12930,.T.);
#12930 = LINE('',#12931,#12932);
#12931 = CARTESIAN_POINT('',(327.174,81.,-14.05100021362));
#12932 = VECTOR('',#12933,1.);
#12933 = DIRECTION('',(0.,0.,1.));
#12934 = ORIENTED_EDGE('',*,*,#2863,.F.);
#12935 = PLANE('',#12936);
#12936 = AXIS2_PLACEMENT_3D('',#12937,#12938,#12939);
#12937 = CARTESIAN_POINT('',(324.,81.,-14.05100021362));
#12938 = DIRECTION('',(0.,1.,0.));
#12939 = DIRECTION('',(0.,0.,1.));
#12940 = ADVANCED_FACE('',(#12941),#12959,.F.);
#12941 = FACE_BOUND('',#12942,.F.);
#12942 = EDGE_LOOP('',(#12943,#12944,#12952,#12958));
#12943 = ORIENTED_EDGE('',*,*,#12905,.F.);
#12944 = ORIENTED_EDGE('',*,*,#12945,.F.);
#12945 = EDGE_CURVE('',#12946,#12897,#12948,.T.);
#12946 = VERTEX_POINT('',#12947);
#12947 = CARTESIAN_POINT('',(327.174,119.,-14.05100021362));
#12948 = LINE('',#12949,#12950);
#12949 = CARTESIAN_POINT('',(324.,119.,-14.05100021362));
#12950 = VECTOR('',#12951,1.);
#12951 = DIRECTION('',(1.,0.,0.));
#12952 = ORIENTED_EDGE('',*,*,#12953,.T.);
#12953 = EDGE_CURVE('',#12946,#2889,#12954,.T.);
#12954 = LINE('',#12955,#12956);
#12955 = CARTESIAN_POINT('',(327.174,119.,-14.05100021362));
#12956 = VECTOR('',#12957,1.);
#12957 = DIRECTION('',(0.,0.,1.));
#12958 = ORIENTED_EDGE('',*,*,#2897,.F.);
#12959 = PLANE('',#12960);
#12960 = AXIS2_PLACEMENT_3D('',#12961,#12962,#12963);
#12961 = CARTESIAN_POINT('',(324.,119.,-14.05100021362));
#12962 = DIRECTION('',(0.,1.,0.));
#12963 = DIRECTION('',(0.,0.,1.));
#12964 = ADVANCED_FACE('',(#12965),#12984,.F.);
#12965 = FACE_BOUND('',#12966,.F.);
#12966 = EDGE_LOOP('',(#12967,#12975,#12982,#12983));
#12967 = ORIENTED_EDGE('',*,*,#12968,.F.);
#12968 = EDGE_CURVE('',#12969,#2872,#12971,.T.);
#12969 = VERTEX_POINT('',#12970);
#12970 = CARTESIAN_POINT('',(324.,84.174,-14.05100021362));
#12971 = LINE('',#12972,#12973);
#12972 = CARTESIAN_POINT('',(324.,84.174,-14.05100021362));
#12973 = VECTOR('',#12974,1.);
#12974 = DIRECTION('',(0.,0.,1.));
#12975 = ORIENTED_EDGE('',*,*,#12976,.T.);
#12976 = EDGE_CURVE('',#12969,#12922,#12977,.T.);
#12977 = CIRCLE('',#12978,3.174);
#12978 = AXIS2_PLACEMENT_3D('',#12979,#12980,#12981);
#12979 = CARTESIAN_POINT('',(327.174,84.174,-14.05100021362));
#12980 = DIRECTION('',(-0.,0.,1.));
#12981 = DIRECTION('',(0.,-1.,0.));
#12982 = ORIENTED_EDGE('',*,*,#12929,.T.);
#12983 = ORIENTED_EDGE('',*,*,#2871,.F.);
#12984 = CYLINDRICAL_SURFACE('',#12985,3.174);
#12985 = AXIS2_PLACEMENT_3D('',#12986,#12987,#12988);
#12986 = CARTESIAN_POINT('',(327.174,84.174,-14.05100021362));
#12987 = DIRECTION('',(0.,0.,1.));
#12988 = DIRECTION('',(-1.,0.,0.));
#12989 = ADVANCED_FACE('',(#12990),#13009,.F.);
#12990 = FACE_BOUND('',#12991,.T.);
#12991 = EDGE_LOOP('',(#12992,#13000,#13007,#13008));
#12992 = ORIENTED_EDGE('',*,*,#12993,.F.);
#12993 = EDGE_CURVE('',#12994,#2881,#12996,.T.);
#12994 = VERTEX_POINT('',#12995);
#12995 = CARTESIAN_POINT('',(324.,115.826,-14.05100021362));
#12996 = LINE('',#12997,#12998);
#12997 = CARTESIAN_POINT('',(324.,115.826,-14.05100021362));
#12998 = VECTOR('',#12999,1.);
#12999 = DIRECTION('',(0.,0.,1.));
#13000 = ORIENTED_EDGE('',*,*,#13001,.T.);
#13001 = EDGE_CURVE('',#12994,#12946,#13002,.T.);
#13002 = CIRCLE('',#13003,3.174);
#13003 = AXIS2_PLACEMENT_3D('',#13004,#13005,#13006);
#13004 = CARTESIAN_POINT('',(327.174,115.826,-14.05100021362));
#13005 = DIRECTION('',(-0.,-0.,-1.));
#13006 = DIRECTION('',(0.,-1.,0.));
#13007 = ORIENTED_EDGE('',*,*,#12953,.T.);
#13008 = ORIENTED_EDGE('',*,*,#2888,.T.);
#13009 = CYLINDRICAL_SURFACE('',#13010,3.174);
#13010 = AXIS2_PLACEMENT_3D('',#13011,#13012,#13013);
#13011 = CARTESIAN_POINT('',(327.174,115.826,-14.05100021362));
#13012 = DIRECTION('',(0.,0.,1.));
#13013 = DIRECTION('',(-1.,0.,0.));
#13014 = ADVANCED_FACE('',(#13015),#13026,.T.);
#13015 = FACE_BOUND('',#13016,.T.);
#13016 = EDGE_LOOP('',(#13017,#13018,#13019,#13020));
#13017 = ORIENTED_EDGE('',*,*,#12993,.T.);
#13018 = ORIENTED_EDGE('',*,*,#2880,.F.);
#13019 = ORIENTED_EDGE('',*,*,#12968,.F.);
#13020 = ORIENTED_EDGE('',*,*,#13021,.T.);
#13021 = EDGE_CURVE('',#12969,#12994,#13022,.T.);
#13022 = LINE('',#13023,#13024);
#13023 = CARTESIAN_POINT('',(324.,81.,-14.05100021362));
#13024 = VECTOR('',#13025,1.);
#13025 = DIRECTION('',(0.,1.,0.));
#13026 = PLANE('',#13027);
#13027 = AXIS2_PLACEMENT_3D('',#13028,#13029,#13030);
#13028 = CARTESIAN_POINT('',(324.,81.,-14.05100021362));
#13029 = DIRECTION('',(1.,0.,0.));
#13030 = DIRECTION('',(0.,0.,1.));
#13031 = ADVANCED_FACE('',(#13032,#13042,#13053),#13064,.T.);
#13032 = FACE_BOUND('',#13033,.T.);
#13033 = EDGE_LOOP('',(#13034,#13035,#13036,#13037,#13038,#13039,#13040,
    #13041));
#13034 = ORIENTED_EDGE('',*,*,#12856,.T.);
#13035 = ORIENTED_EDGE('',*,*,#12896,.T.);
#13036 = ORIENTED_EDGE('',*,*,#12945,.F.);
#13037 = ORIENTED_EDGE('',*,*,#13001,.F.);
#13038 = ORIENTED_EDGE('',*,*,#13021,.F.);
#13039 = ORIENTED_EDGE('',*,*,#12976,.T.);
#13040 = ORIENTED_EDGE('',*,*,#12921,.T.);
#13041 = ORIENTED_EDGE('',*,*,#12878,.T.);
#13042 = FACE_BOUND('',#13043,.T.);
#13043 = EDGE_LOOP('',(#13044));
#13044 = ORIENTED_EDGE('',*,*,#13045,.T.);
#13045 = EDGE_CURVE('',#13046,#13046,#13048,.T.);
#13046 = VERTEX_POINT('',#13047);
#13047 = CARTESIAN_POINT('',(331.2728,88.7,-14.05100021362));
#13048 = CIRCLE('',#13049,1.7272);
#13049 = AXIS2_PLACEMENT_3D('',#13050,#13051,#13052);
#13050 = CARTESIAN_POINT('',(333.,88.7,-14.05100021362));
#13051 = DIRECTION('',(0.,0.,-1.));
#13052 = DIRECTION('',(-1.,0.,0.));
#13053 = FACE_BOUND('',#13054,.T.);
#13054 = EDGE_LOOP('',(#13055));
#13055 = ORIENTED_EDGE('',*,*,#13056,.T.);
#13056 = EDGE_CURVE('',#13057,#13057,#13059,.T.);
#13057 = VERTEX_POINT('',#13058);
#13058 = CARTESIAN_POINT('',(331.2728,111.3,-14.05100021362));
#13059 = CIRCLE('',#13060,1.7272);
#13060 = AXIS2_PLACEMENT_3D('',#13061,#13062,#13063);
#13061 = CARTESIAN_POINT('',(333.,111.3,-14.05100021362));
#13062 = DIRECTION('',(0.,0.,-1.));
#13063 = DIRECTION('',(-1.,0.,0.));
#13064 = PLANE('',#13065);
#13065 = AXIS2_PLACEMENT_3D('',#13066,#13067,#13068);
#13066 = CARTESIAN_POINT('',(324.,81.,-14.05100021362));
#13067 = DIRECTION('',(0.,0.,1.));
#13068 = DIRECTION('',(1.,0.,0.));
#13069 = ADVANCED_FACE('',(#13070),#13089,.F.);
#13070 = FACE_BOUND('',#13071,.F.);
#13071 = EDGE_LOOP('',(#13072,#13073,#13081,#13088));
#13072 = ORIENTED_EDGE('',*,*,#13045,.T.);
#13073 = ORIENTED_EDGE('',*,*,#13074,.T.);
#13074 = EDGE_CURVE('',#13046,#13075,#13077,.T.);
#13075 = VERTEX_POINT('',#13076);
#13076 = CARTESIAN_POINT('',(331.2728,88.7,-38.1));
#13077 = LINE('',#13078,#13079);
#13078 = CARTESIAN_POINT('',(331.2728,88.7,-6.35));
#13079 = VECTOR('',#13080,1.);
#13080 = DIRECTION('',(0.,0.,-1.));
#13081 = ORIENTED_EDGE('',*,*,#13082,.F.);
#13082 = EDGE_CURVE('',#13075,#13075,#13083,.T.);
#13083 = CIRCLE('',#13084,1.7272);
#13084 = AXIS2_PLACEMENT_3D('',#13085,#13086,#13087);
#13085 = CARTESIAN_POINT('',(333.,88.7,-38.1));
#13086 = DIRECTION('',(0.,0.,-1.));
#13087 = DIRECTION('',(-1.,0.,0.));
#13088 = ORIENTED_EDGE('',*,*,#13074,.F.);
#13089 = CYLINDRICAL_SURFACE('',#13090,1.7272);
#13090 = AXIS2_PLACEMENT_3D('',#13091,#13092,#13093);
#13091 = CARTESIAN_POINT('',(333.,88.7,-6.35));
#13092 = DIRECTION('',(0.,0.,-1.));
#13093 = DIRECTION('',(-1.,0.,0.));
#13094 = ADVANCED_FACE('',(#13095),#13114,.F.);
#13095 = FACE_BOUND('',#13096,.F.);
#13096 = EDGE_LOOP('',(#13097,#13098,#13106,#13113));
#13097 = ORIENTED_EDGE('',*,*,#13056,.T.);
#13098 = ORIENTED_EDGE('',*,*,#13099,.T.);
#13099 = EDGE_CURVE('',#13057,#13100,#13102,.T.);
#13100 = VERTEX_POINT('',#13101);
#13101 = CARTESIAN_POINT('',(331.2728,111.3,-38.1));
#13102 = LINE('',#13103,#13104);
#13103 = CARTESIAN_POINT('',(331.2728,111.3,-6.35));
#13104 = VECTOR('',#13105,1.);
#13105 = DIRECTION('',(0.,0.,-1.));
#13106 = ORIENTED_EDGE('',*,*,#13107,.F.);
#13107 = EDGE_CURVE('',#13100,#13100,#13108,.T.);
#13108 = CIRCLE('',#13109,1.7272);
#13109 = AXIS2_PLACEMENT_3D('',#13110,#13111,#13112);
#13110 = CARTESIAN_POINT('',(333.,111.3,-38.1));
#13111 = DIRECTION('',(0.,0.,-1.));
#13112 = DIRECTION('',(-1.,0.,0.));
#13113 = ORIENTED_EDGE('',*,*,#13099,.F.);
#13114 = CYLINDRICAL_SURFACE('',#13115,1.7272);
#13115 = AXIS2_PLACEMENT_3D('',#13116,#13117,#13118);
#13116 = CARTESIAN_POINT('',(333.,111.3,-6.35));
#13117 = DIRECTION('',(0.,0.,-1.));
#13118 = DIRECTION('',(-1.,0.,0.));
#13119 = ADVANCED_FACE('',(#13120),#13147,.F.);
#13120 = FACE_BOUND('',#13121,.F.);
#13121 = EDGE_LOOP('',(#13122,#13130,#13139,#13145,#13146));
#13122 = ORIENTED_EDGE('',*,*,#13123,.F.);
#13123 = EDGE_CURVE('',#13124,#2915,#13126,.T.);
#13124 = VERTEX_POINT('',#13125);
#13125 = CARTESIAN_POINT('',(221.52757581938,27.766002359545,
    -19.09033817672));
#13126 = LINE('',#13127,#13128);
#13127 = CARTESIAN_POINT('',(221.52757581938,27.766002359545,
    -19.09033817672));
#13128 = VECTOR('',#13129,1.);
#13129 = DIRECTION('',(0.,0.,1.));
#13130 = ORIENTED_EDGE('',*,*,#13131,.T.);
#13131 = EDGE_CURVE('',#13124,#13132,#13134,.T.);
#13132 = VERTEX_POINT('',#13133);
#13133 = CARTESIAN_POINT('',(221.52757581938,23.277288512573,
    -19.09033817672));
#13134 = CIRCLE('',#13135,3.174);
#13135 = AXIS2_PLACEMENT_3D('',#13136,#13137,#13138);
#13136 = CARTESIAN_POINT('',(223.77193274287,25.521645436059,
    -19.09033817672));
#13137 = DIRECTION('',(0.,-0.,1.));
#13138 = DIRECTION('',(0.707106781187,0.707106781187,0.));
#13139 = ORIENTED_EDGE('',*,*,#13140,.T.);
#13140 = EDGE_CURVE('',#13132,#2986,#13141,.T.);
#13141 = LINE('',#13142,#13143);
#13142 = CARTESIAN_POINT('',(221.52757581938,23.277288512573,
    -19.09033817672));
#13143 = VECTOR('',#13144,1.);
#13144 = DIRECTION('',(0.,0.,1.));
#13145 = ORIENTED_EDGE('',*,*,#2993,.F.);
#13146 = ORIENTED_EDGE('',*,*,#2914,.F.);
#13147 = CYLINDRICAL_SURFACE('',#13148,3.174);
#13148 = AXIS2_PLACEMENT_3D('',#13149,#13150,#13151);
#13149 = CARTESIAN_POINT('',(223.77193274287,25.521645436059,
    -19.09033817672));
#13150 = DIRECTION('',(0.,0.,1.));
#13151 = DIRECTION('',(-0.707106781187,0.707106781187,0.));
#13152 = ADVANCED_FACE('',(#13153),#13171,.F.);
#13153 = FACE_BOUND('',#13154,.F.);
#13154 = EDGE_LOOP('',(#13155,#13156,#13157,#13165));
#13155 = ORIENTED_EDGE('',*,*,#13123,.T.);
#13156 = ORIENTED_EDGE('',*,*,#2925,.F.);
#13157 = ORIENTED_EDGE('',*,*,#13158,.F.);
#13158 = EDGE_CURVE('',#13159,#2926,#13161,.T.);
#13159 = VERTEX_POINT('',#13160);
#13160 = CARTESIAN_POINT('',(231.16544136294,37.403867903106,
    -19.09033817672));
#13161 = LINE('',#13162,#13163);
#13162 = CARTESIAN_POINT('',(231.16544136294,37.403867903106,
    -19.09033817672));
#13163 = VECTOR('',#13164,1.);
#13164 = DIRECTION('',(0.,0.,1.));
#13165 = ORIENTED_EDGE('',*,*,#13166,.T.);
#13166 = EDGE_CURVE('',#13159,#13124,#13167,.T.);
#13167 = LINE('',#13168,#13169);
#13168 = CARTESIAN_POINT('',(233.40979828643,39.648224826592,
    -19.09033817672));
#13169 = VECTOR('',#13170,1.);
#13170 = DIRECTION('',(-0.707106781187,-0.707106781187,0.));
#13171 = PLANE('',#13172);
#13172 = AXIS2_PLACEMENT_3D('',#13173,#13174,#13175);
#13173 = CARTESIAN_POINT('',(233.40979828643,39.648224826592,
    -19.09033817672));
#13174 = DIRECTION('',(-0.707106781187,0.707106781187,0.));
#13175 = DIRECTION('',(0.,0.,1.));
#13176 = ADVANCED_FACE('',(#13177),#13196,.F.);
#13177 = FACE_BOUND('',#13178,.F.);
#13178 = EDGE_LOOP('',(#13179,#13187,#13194,#13195));
#13179 = ORIENTED_EDGE('',*,*,#13180,.F.);
#13180 = EDGE_CURVE('',#13181,#2934,#13183,.T.);
#13181 = VERTEX_POINT('',#13182);
#13182 = CARTESIAN_POINT('',(235.65415520992,37.403867903106,
    -19.09033817672));
#13183 = LINE('',#13184,#13185);
#13184 = CARTESIAN_POINT('',(235.65415520992,37.403867903106,
    -19.09033817672));
#13185 = VECTOR('',#13186,1.);
#13186 = DIRECTION('',(0.,0.,1.));
#13187 = ORIENTED_EDGE('',*,*,#13188,.T.);
#13188 = EDGE_CURVE('',#13181,#13159,#13189,.T.);
#13189 = CIRCLE('',#13190,3.174);
#13190 = AXIS2_PLACEMENT_3D('',#13191,#13192,#13193);
#13191 = CARTESIAN_POINT('',(233.40979828643,35.15951097962,
    -19.09033817672));
#13192 = DIRECTION('',(0.,-0.,1.));
#13193 = DIRECTION('',(0.707106781187,0.707106781187,0.));
#13194 = ORIENTED_EDGE('',*,*,#13158,.T.);
#13195 = ORIENTED_EDGE('',*,*,#2933,.F.);
#13196 = CYLINDRICAL_SURFACE('',#13197,3.174);
#13197 = AXIS2_PLACEMENT_3D('',#13198,#13199,#13200);
#13198 = CARTESIAN_POINT('',(233.40979828643,35.15951097962,
    -19.09033817672));
#13199 = DIRECTION('',(0.,0.,1.));
#13200 = DIRECTION('',(0.707106781187,0.707106781187,0.));
#13201 = ADVANCED_FACE('',(#13202),#13220,.T.);
#13202 = FACE_BOUND('',#13203,.T.);
#13203 = EDGE_LOOP('',(#13204,#13205,#13213,#13219));
#13204 = ORIENTED_EDGE('',*,*,#13180,.F.);
#13205 = ORIENTED_EDGE('',*,*,#13206,.F.);
#13206 = EDGE_CURVE('',#13207,#13181,#13209,.T.);
#13207 = VERTEX_POINT('',#13208);
#13208 = CARTESIAN_POINT('',(246.7288617787,26.329161334318,
    -19.09033817672));
#13209 = LINE('',#13210,#13211);
#13210 = CARTESIAN_POINT('',(248.97321870219,24.084804410832,
    -19.09033817672));
#13211 = VECTOR('',#13212,1.);
#13212 = DIRECTION('',(-0.707106781187,0.707106781187,0.));
#13213 = ORIENTED_EDGE('',*,*,#13214,.T.);
#13214 = EDGE_CURVE('',#13207,#2943,#13215,.T.);
#13215 = LINE('',#13216,#13217);
#13216 = CARTESIAN_POINT('',(246.7288617787,26.329161334318,
    -19.09033817672));
#13217 = VECTOR('',#13218,1.);
#13218 = DIRECTION('',(0.,0.,1.));
#13219 = ORIENTED_EDGE('',*,*,#2942,.F.);
#13220 = PLANE('',#13221);
#13221 = AXIS2_PLACEMENT_3D('',#13222,#13223,#13224);
#13222 = CARTESIAN_POINT('',(248.97321870219,24.084804410832,
    -19.09033817672));
#13223 = DIRECTION('',(-0.707106781187,-0.707106781187,0.));
#13224 = DIRECTION('',(0.,0.,1.));
#13225 = ADVANCED_FACE('',(#13226),#13245,.F.);
#13226 = FACE_BOUND('',#13227,.F.);
#13227 = EDGE_LOOP('',(#13228,#13236,#13243,#13244));
#13228 = ORIENTED_EDGE('',*,*,#13229,.F.);
#13229 = EDGE_CURVE('',#13230,#2951,#13232,.T.);
#13230 = VERTEX_POINT('',#13231);
#13231 = CARTESIAN_POINT('',(246.7288617787,21.840447487346,
    -19.09033817672));
#13232 = LINE('',#13233,#13234);
#13233 = CARTESIAN_POINT('',(246.7288617787,21.840447487346,
    -19.09033817672));
#13234 = VECTOR('',#13235,1.);
#13235 = DIRECTION('',(0.,0.,1.));
#13236 = ORIENTED_EDGE('',*,*,#13237,.T.);
#13237 = EDGE_CURVE('',#13230,#13207,#13238,.T.);
#13238 = CIRCLE('',#13239,3.174);
#13239 = AXIS2_PLACEMENT_3D('',#13240,#13241,#13242);
#13240 = CARTESIAN_POINT('',(244.48450485522,24.084804410832,
    -19.09033817672));
#13241 = DIRECTION('',(0.,-0.,1.));
#13242 = DIRECTION('',(0.707106781187,0.707106781187,0.));
#13243 = ORIENTED_EDGE('',*,*,#13214,.T.);
#13244 = ORIENTED_EDGE('',*,*,#2950,.F.);
#13245 = CYLINDRICAL_SURFACE('',#13246,3.174);
#13246 = AXIS2_PLACEMENT_3D('',#13247,#13248,#13249);
#13247 = CARTESIAN_POINT('',(244.48450485522,24.084804410832,
    -19.09033817672));
#13248 = DIRECTION('',(0.,0.,1.));
#13249 = DIRECTION('',(0.707106781187,-0.707106781187,0.));
#13250 = ADVANCED_FACE('',(#13251),#13269,.T.);
#13251 = FACE_BOUND('',#13252,.T.);
#13252 = EDGE_LOOP('',(#13253,#13261,#13262,#13263));
#13253 = ORIENTED_EDGE('',*,*,#13254,.T.);
#13254 = EDGE_CURVE('',#13255,#2960,#13257,.T.);
#13255 = VERTEX_POINT('',#13256);
#13256 = CARTESIAN_POINT('',(237.09099623514,12.202581943785,
    -19.09033817672));
#13257 = LINE('',#13258,#13259);
#13258 = CARTESIAN_POINT('',(237.09099623514,12.202581943785,
    -19.09033817672));
#13259 = VECTOR('',#13260,1.);
#13260 = DIRECTION('',(0.,0.,1.));
#13261 = ORIENTED_EDGE('',*,*,#2959,.F.);
#13262 = ORIENTED_EDGE('',*,*,#13229,.F.);
#13263 = ORIENTED_EDGE('',*,*,#13264,.T.);
#13264 = EDGE_CURVE('',#13230,#13255,#13265,.T.);
#13265 = LINE('',#13266,#13267);
#13266 = CARTESIAN_POINT('',(248.97321870219,24.084804410832,
    -19.09033817672));
#13267 = VECTOR('',#13268,1.);
#13268 = DIRECTION('',(-0.707106781187,-0.707106781187,0.));
#13269 = PLANE('',#13270);
#13270 = AXIS2_PLACEMENT_3D('',#13271,#13272,#13273);
#13271 = CARTESIAN_POINT('',(248.97321870219,24.084804410832,
    -19.09033817672));
#13272 = DIRECTION('',(-0.707106781187,0.707106781187,0.));
#13273 = DIRECTION('',(0.,0.,1.));
#13274 = ADVANCED_FACE('',(#13275),#13295,.F.);
#13275 = FACE_BOUND('',#13276,.T.);
#13276 = EDGE_LOOP('',(#13277,#13278,#13287,#13293,#13294));
#13277 = ORIENTED_EDGE('',*,*,#13254,.F.);
#13278 = ORIENTED_EDGE('',*,*,#13279,.T.);
#13279 = EDGE_CURVE('',#13255,#13280,#13282,.T.);
#13280 = VERTEX_POINT('',#13281);
#13281 = CARTESIAN_POINT('',(232.60228238817,12.202581943785,
    -19.09033817672));
#13282 = CIRCLE('',#13283,3.174);
#13283 = AXIS2_PLACEMENT_3D('',#13284,#13285,#13286);
#13284 = CARTESIAN_POINT('',(234.84663931166,14.446938867271,
    -19.09033817672));
#13285 = DIRECTION('',(0.,0.,-1.));
#13286 = DIRECTION('',(0.707106781187,0.707106781187,0.));
#13287 = ORIENTED_EDGE('',*,*,#13288,.T.);
#13288 = EDGE_CURVE('',#13280,#2977,#13289,.T.);
#13289 = LINE('',#13290,#13291);
#13290 = CARTESIAN_POINT('',(232.60228238817,12.202581943785,
    -19.09033817672));
#13291 = VECTOR('',#13292,1.);
#13292 = DIRECTION('',(0.,0.,1.));
#13293 = ORIENTED_EDGE('',*,*,#2976,.T.);
#13294 = ORIENTED_EDGE('',*,*,#2967,.T.);
#13295 = CYLINDRICAL_SURFACE('',#13296,3.174);
#13296 = AXIS2_PLACEMENT_3D('',#13297,#13298,#13299);
#13297 = CARTESIAN_POINT('',(234.84663931166,14.446938867271,
    -19.09033817672));
#13298 = DIRECTION('',(0.,0.,1.));
#13299 = DIRECTION('',(0.707106781187,-0.707106781187,0.));
#13300 = ADVANCED_FACE('',(#13301),#13312,.F.);
#13301 = FACE_BOUND('',#13302,.F.);
#13302 = EDGE_LOOP('',(#13303,#13304,#13310,#13311));
#13303 = ORIENTED_EDGE('',*,*,#13140,.F.);
#13304 = ORIENTED_EDGE('',*,*,#13305,.F.);
#13305 = EDGE_CURVE('',#13280,#13132,#13306,.T.);
#13306 = LINE('',#13307,#13308);
#13307 = CARTESIAN_POINT('',(234.84663931166,9.958225020299,
    -19.09033817672));
#13308 = VECTOR('',#13309,1.);
#13309 = DIRECTION('',(-0.707106781187,0.707106781187,0.));
#13310 = ORIENTED_EDGE('',*,*,#13288,.T.);
#13311 = ORIENTED_EDGE('',*,*,#2985,.F.);
#13312 = PLANE('',#13313);
#13313 = AXIS2_PLACEMENT_3D('',#13314,#13315,#13316);
#13314 = CARTESIAN_POINT('',(234.84663931166,9.958225020299,
    -19.09033817672));
#13315 = DIRECTION('',(-0.707106781187,-0.707106781187,0.));
#13316 = DIRECTION('',(0.,0.,1.));
#13317 = ADVANCED_FACE('',(#13318),#13328,.T.);
#13318 = FACE_BOUND('',#13319,.T.);
#13319 = EDGE_LOOP('',(#13320,#13321,#13322,#13323,#13324,#13325,#13326,
    #13327));
#13320 = ORIENTED_EDGE('',*,*,#13166,.T.);
#13321 = ORIENTED_EDGE('',*,*,#13131,.T.);
#13322 = ORIENTED_EDGE('',*,*,#13305,.F.);
#13323 = ORIENTED_EDGE('',*,*,#13279,.F.);
#13324 = ORIENTED_EDGE('',*,*,#13264,.F.);
#13325 = ORIENTED_EDGE('',*,*,#13237,.T.);
#13326 = ORIENTED_EDGE('',*,*,#13206,.T.);
#13327 = ORIENTED_EDGE('',*,*,#13188,.T.);
#13328 = PLANE('',#13329);
#13329 = AXIS2_PLACEMENT_3D('',#13330,#13331,#13332);
#13330 = CARTESIAN_POINT('',(248.97321870219,24.084804410832,
    -19.09033817672));
#13331 = DIRECTION('',(0.,0.,1.));
#13332 = DIRECTION('',(-0.707106781187,0.707106781187,0.));
#13333 = ADVANCED_FACE('',(#13334),#13361,.F.);
#13334 = FACE_BOUND('',#13335,.T.);
#13335 = EDGE_LOOP('',(#13336,#13344,#13353,#13359,#13360));
#13336 = ORIENTED_EDGE('',*,*,#13337,.F.);
#13337 = EDGE_CURVE('',#13338,#3048,#13340,.T.);
#13338 = VERTEX_POINT('',#13339);
#13339 = CARTESIAN_POINT('',(170.90900376485,308.29741805621,
    -19.09033817672));
#13340 = LINE('',#13341,#13342);
#13341 = CARTESIAN_POINT('',(170.90900376485,308.29741805621,
    -19.09033817672));
#13342 = VECTOR('',#13343,1.);
#13343 = DIRECTION('',(0.,0.,1.));
#13344 = ORIENTED_EDGE('',*,*,#13345,.T.);
#13345 = EDGE_CURVE('',#13338,#13346,#13348,.T.);
#13346 = VERTEX_POINT('',#13347);
#13347 = CARTESIAN_POINT('',(175.39771761182,308.29741805621,
    -19.09033817672));
#13348 = CIRCLE('',#13349,3.174);
#13349 = AXIS2_PLACEMENT_3D('',#13350,#13351,#13352);
#13350 = CARTESIAN_POINT('',(173.15336068833,306.05306113272,
    -19.09033817672));
#13351 = DIRECTION('',(-0.,0.,-1.));
#13352 = DIRECTION('',(-0.707106781187,-0.707106781187,0.));
#13353 = ORIENTED_EDGE('',*,*,#13354,.T.);
#13354 = EDGE_CURVE('',#13346,#3065,#13355,.T.);
#13355 = LINE('',#13356,#13357);
#13356 = CARTESIAN_POINT('',(175.39771761182,308.29741805621,
    -19.09033817672));
#13357 = VECTOR('',#13358,1.);
#13358 = DIRECTION('',(0.,0.,1.));
#13359 = ORIENTED_EDGE('',*,*,#3064,.T.);
#13360 = ORIENTED_EDGE('',*,*,#3055,.T.);
#13361 = CYLINDRICAL_SURFACE('',#13362,3.174);
#13362 = AXIS2_PLACEMENT_3D('',#13363,#13364,#13365);
#13363 = CARTESIAN_POINT('',(173.15336068833,306.05306113272,
    -19.09033817672));
#13364 = DIRECTION('',(0.,0.,1.));
#13365 = DIRECTION('',(-0.707106781187,0.707106781187,0.));
#13366 = ADVANCED_FACE('',(#13367),#13385,.T.);
#13367 = FACE_BOUND('',#13368,.T.);
#13368 = EDGE_LOOP('',(#13369,#13370,#13371,#13379));
#13369 = ORIENTED_EDGE('',*,*,#13337,.T.);
#13370 = ORIENTED_EDGE('',*,*,#3047,.F.);
#13371 = ORIENTED_EDGE('',*,*,#13372,.F.);
#13372 = EDGE_CURVE('',#13373,#3039,#13375,.T.);
#13373 = VERTEX_POINT('',#13374);
#13374 = CARTESIAN_POINT('',(161.27113822129,298.65955251265,
    -19.09033817672));
#13375 = LINE('',#13376,#13377);
#13376 = CARTESIAN_POINT('',(161.27113822129,298.65955251265,
    -19.09033817672));
#13377 = VECTOR('',#13378,1.);
#13378 = DIRECTION('',(0.,0.,1.));
#13379 = ORIENTED_EDGE('',*,*,#13380,.T.);
#13380 = EDGE_CURVE('',#13373,#13338,#13381,.T.);
#13381 = LINE('',#13382,#13383);
#13382 = CARTESIAN_POINT('',(159.0267812978,296.41519558916,
    -19.09033817672));
#13383 = VECTOR('',#13384,1.);
#13384 = DIRECTION('',(0.707106781187,0.707106781187,0.));
#13385 = PLANE('',#13386);
#13386 = AXIS2_PLACEMENT_3D('',#13387,#13388,#13389);
#13387 = CARTESIAN_POINT('',(159.0267812978,296.41519558916,
    -19.09033817672));
#13388 = DIRECTION('',(0.707106781187,-0.707106781187,0.));
#13389 = DIRECTION('',(0.,0.,1.));
#13390 = ADVANCED_FACE('',(#13391),#13418,.F.);
#13391 = FACE_BOUND('',#13392,.F.);
#13392 = EDGE_LOOP('',(#13393,#13401,#13410,#13416,#13417));
#13393 = ORIENTED_EDGE('',*,*,#13394,.F.);
#13394 = EDGE_CURVE('',#13395,#3003,#13397,.T.);
#13395 = VERTEX_POINT('',#13396);
#13396 = CARTESIAN_POINT('',(186.47242418061,292.73399764045,
    -19.09033817672));
#13397 = LINE('',#13398,#13399);
#13398 = CARTESIAN_POINT('',(186.47242418061,292.73399764045,
    -19.09033817672));
#13399 = VECTOR('',#13400,1.);
#13400 = DIRECTION('',(0.,0.,1.));
#13401 = ORIENTED_EDGE('',*,*,#13402,.T.);
#13402 = EDGE_CURVE('',#13395,#13403,#13405,.T.);
#13403 = VERTEX_POINT('',#13404);
#13404 = CARTESIAN_POINT('',(186.47242418061,297.22271148742,
    -19.09033817672));
#13405 = CIRCLE('',#13406,3.174);
#13406 = AXIS2_PLACEMENT_3D('',#13407,#13408,#13409);
#13407 = CARTESIAN_POINT('',(184.22806725712,294.97835456394,
    -19.09033817672));
#13408 = DIRECTION('',(0.,0.,1.));
#13409 = DIRECTION('',(-0.707106781187,-0.707106781187,0.));
#13410 = ORIENTED_EDGE('',*,*,#13411,.T.);
#13411 = EDGE_CURVE('',#13403,#3074,#13412,.T.);
#13412 = LINE('',#13413,#13414);
#13413 = CARTESIAN_POINT('',(186.47242418061,297.22271148742,
    -19.09033817672));
#13414 = VECTOR('',#13415,1.);
#13415 = DIRECTION('',(0.,0.,1.));
#13416 = ORIENTED_EDGE('',*,*,#3081,.F.);
#13417 = ORIENTED_EDGE('',*,*,#3002,.F.);
#13418 = CYLINDRICAL_SURFACE('',#13419,3.174);
#13419 = AXIS2_PLACEMENT_3D('',#13420,#13421,#13422);
#13420 = CARTESIAN_POINT('',(184.22806725712,294.97835456394,
    -19.09033817672));
#13421 = DIRECTION('',(0.,0.,1.));
#13422 = DIRECTION('',(0.707106781187,-0.707106781187,0.));
#13423 = ADVANCED_FACE('',(#13424),#13442,.F.);
#13424 = FACE_BOUND('',#13425,.F.);
#13425 = EDGE_LOOP('',(#13426,#13427,#13428,#13436));
#13426 = ORIENTED_EDGE('',*,*,#13394,.T.);
#13427 = ORIENTED_EDGE('',*,*,#3013,.F.);
#13428 = ORIENTED_EDGE('',*,*,#13429,.F.);
#13429 = EDGE_CURVE('',#13430,#3014,#13432,.T.);
#13430 = VERTEX_POINT('',#13431);
#13431 = CARTESIAN_POINT('',(176.83455863705,283.09613209689,
    -19.09033817672));
#13432 = LINE('',#13433,#13434);
#13433 = CARTESIAN_POINT('',(176.83455863705,283.09613209689,
    -19.09033817672));
#13434 = VECTOR('',#13435,1.);
#13435 = DIRECTION('',(0.,0.,1.));
#13436 = ORIENTED_EDGE('',*,*,#13437,.T.);
#13437 = EDGE_CURVE('',#13430,#13395,#13438,.T.);
#13438 = LINE('',#13439,#13440);
#13439 = CARTESIAN_POINT('',(174.59020171356,280.8517751734,
    -19.09033817672));
#13440 = VECTOR('',#13441,1.);
#13441 = DIRECTION('',(0.707106781187,0.707106781187,0.));
#13442 = PLANE('',#13443);
#13443 = AXIS2_PLACEMENT_3D('',#13444,#13445,#13446);
#13444 = CARTESIAN_POINT('',(174.59020171356,280.8517751734,
    -19.09033817672));
#13445 = DIRECTION('',(0.707106781187,-0.707106781187,0.));
#13446 = DIRECTION('',(0.,0.,1.));
#13447 = ADVANCED_FACE('',(#13448),#13467,.F.);
#13448 = FACE_BOUND('',#13449,.F.);
#13449 = EDGE_LOOP('',(#13450,#13458,#13465,#13466));
#13450 = ORIENTED_EDGE('',*,*,#13451,.F.);
#13451 = EDGE_CURVE('',#13452,#3022,#13454,.T.);
#13452 = VERTEX_POINT('',#13453);
#13453 = CARTESIAN_POINT('',(172.34584479007,283.09613209689,
    -19.09033817672));
#13454 = LINE('',#13455,#13456);
#13455 = CARTESIAN_POINT('',(172.34584479007,283.09613209689,
    -19.09033817672));
#13456 = VECTOR('',#13457,1.);
#13457 = DIRECTION('',(0.,0.,1.));
#13458 = ORIENTED_EDGE('',*,*,#13459,.T.);
#13459 = EDGE_CURVE('',#13452,#13430,#13460,.T.);
#13460 = CIRCLE('',#13461,3.174);
#13461 = AXIS2_PLACEMENT_3D('',#13462,#13463,#13464);
#13462 = CARTESIAN_POINT('',(174.59020171356,285.34048902038,
    -19.09033817672));
#13463 = DIRECTION('',(0.,0.,1.));
#13464 = DIRECTION('',(-0.707106781187,-0.707106781187,0.));
#13465 = ORIENTED_EDGE('',*,*,#13429,.T.);
#13466 = ORIENTED_EDGE('',*,*,#3021,.F.);
#13467 = CYLINDRICAL_SURFACE('',#13468,3.174);
#13468 = AXIS2_PLACEMENT_3D('',#13469,#13470,#13471);
#13469 = CARTESIAN_POINT('',(174.59020171356,285.34048902038,
    -19.09033817672));
#13470 = DIRECTION('',(0.,0.,1.));
#13471 = DIRECTION('',(-0.707106781187,-0.707106781187,0.));
#13472 = ADVANCED_FACE('',(#13473),#13491,.T.);
#13473 = FACE_BOUND('',#13474,.T.);
#13474 = EDGE_LOOP('',(#13475,#13476,#13484,#13490));
#13475 = ORIENTED_EDGE('',*,*,#13451,.F.);
#13476 = ORIENTED_EDGE('',*,*,#13477,.F.);
#13477 = EDGE_CURVE('',#13478,#13452,#13480,.T.);
#13478 = VERTEX_POINT('',#13479);
#13479 = CARTESIAN_POINT('',(161.27113822129,294.17083866568,
    -19.09033817672));
#13480 = LINE('',#13481,#13482);
#13481 = CARTESIAN_POINT('',(159.0267812978,296.41519558916,
    -19.09033817672));
#13482 = VECTOR('',#13483,1.);
#13483 = DIRECTION('',(0.707106781187,-0.707106781187,0.));
#13484 = ORIENTED_EDGE('',*,*,#13485,.T.);
#13485 = EDGE_CURVE('',#13478,#3031,#13486,.T.);
#13486 = LINE('',#13487,#13488);
#13487 = CARTESIAN_POINT('',(161.27113822129,294.17083866568,
    -19.09033817672));
#13488 = VECTOR('',#13489,1.);
#13489 = DIRECTION('',(0.,0.,1.));
#13490 = ORIENTED_EDGE('',*,*,#3030,.F.);
#13491 = PLANE('',#13492);
#13492 = AXIS2_PLACEMENT_3D('',#13493,#13494,#13495);
#13493 = CARTESIAN_POINT('',(159.0267812978,296.41519558916,
    -19.09033817672));
#13494 = DIRECTION('',(0.707106781187,0.707106781187,0.));
#13495 = DIRECTION('',(0.,0.,1.));
#13496 = ADVANCED_FACE('',(#13497),#13509,.F.);
#13497 = FACE_BOUND('',#13498,.F.);
#13498 = EDGE_LOOP('',(#13499,#13500,#13507,#13508));
#13499 = ORIENTED_EDGE('',*,*,#13372,.F.);
#13500 = ORIENTED_EDGE('',*,*,#13501,.T.);
#13501 = EDGE_CURVE('',#13373,#13478,#13502,.T.);
#13502 = CIRCLE('',#13503,3.174);
#13503 = AXIS2_PLACEMENT_3D('',#13504,#13505,#13506);
#13504 = CARTESIAN_POINT('',(163.51549514477,296.41519558916,
    -19.09033817672));
#13505 = DIRECTION('',(0.,0.,1.));
#13506 = DIRECTION('',(-0.707106781187,-0.707106781187,0.));
#13507 = ORIENTED_EDGE('',*,*,#13485,.T.);
#13508 = ORIENTED_EDGE('',*,*,#3038,.F.);
#13509 = CYLINDRICAL_SURFACE('',#13510,3.174);
#13510 = AXIS2_PLACEMENT_3D('',#13511,#13512,#13513);
#13511 = CARTESIAN_POINT('',(163.51549514477,296.41519558916,
    -19.09033817672));
#13512 = DIRECTION('',(0.,0.,1.));
#13513 = DIRECTION('',(-0.707106781187,0.707106781187,0.));
#13514 = ADVANCED_FACE('',(#13515),#13526,.F.);
#13515 = FACE_BOUND('',#13516,.F.);
#13516 = EDGE_LOOP('',(#13517,#13518,#13524,#13525));
#13517 = ORIENTED_EDGE('',*,*,#13411,.F.);
#13518 = ORIENTED_EDGE('',*,*,#13519,.F.);
#13519 = EDGE_CURVE('',#13346,#13403,#13520,.T.);
#13520 = LINE('',#13521,#13522);
#13521 = CARTESIAN_POINT('',(173.15336068833,310.5417749797,
    -19.09033817672));
#13522 = VECTOR('',#13523,1.);
#13523 = DIRECTION('',(0.707106781187,-0.707106781187,0.));
#13524 = ORIENTED_EDGE('',*,*,#13354,.T.);
#13525 = ORIENTED_EDGE('',*,*,#3073,.F.);
#13526 = PLANE('',#13527);
#13527 = AXIS2_PLACEMENT_3D('',#13528,#13529,#13530);
#13528 = CARTESIAN_POINT('',(173.15336068833,310.5417749797,
    -19.09033817672));
#13529 = DIRECTION('',(0.707106781187,0.707106781187,0.));
#13530 = DIRECTION('',(0.,0.,1.));
#13531 = ADVANCED_FACE('',(#13532),#13542,.T.);
#13532 = FACE_BOUND('',#13533,.T.);
#13533 = EDGE_LOOP('',(#13534,#13535,#13536,#13537,#13538,#13539,#13540,
    #13541));
#13534 = ORIENTED_EDGE('',*,*,#13437,.T.);
#13535 = ORIENTED_EDGE('',*,*,#13402,.T.);
#13536 = ORIENTED_EDGE('',*,*,#13519,.F.);
#13537 = ORIENTED_EDGE('',*,*,#13345,.F.);
#13538 = ORIENTED_EDGE('',*,*,#13380,.F.);
#13539 = ORIENTED_EDGE('',*,*,#13501,.T.);
#13540 = ORIENTED_EDGE('',*,*,#13477,.T.);
#13541 = ORIENTED_EDGE('',*,*,#13459,.T.);
#13542 = PLANE('',#13543);
#13543 = AXIS2_PLACEMENT_3D('',#13544,#13545,#13546);
#13544 = CARTESIAN_POINT('',(159.0267812978,296.41519558916,
    -19.09033817672));
#13545 = DIRECTION('',(0.,0.,1.));
#13546 = DIRECTION('',(0.707106781187,-0.707106781187,0.));
#13547 = ADVANCED_FACE('',(#13548),#13575,.F.);
#13548 = FACE_BOUND('',#13549,.T.);
#13549 = EDGE_LOOP('',(#13550,#13558,#13567,#13573,#13574));
#13550 = ORIENTED_EDGE('',*,*,#13551,.F.);
#13551 = EDGE_CURVE('',#13552,#3136,#13554,.T.);
#13552 = VERTEX_POINT('',#13553);
#13553 = CARTESIAN_POINT('',(313.20258194378,196.90900376485,
    -19.09033817672));
#13554 = LINE('',#13555,#13556);
#13555 = CARTESIAN_POINT('',(313.20258194378,196.90900376485,
    -19.09033817672));
#13556 = VECTOR('',#13557,1.);
#13557 = DIRECTION('',(0.,0.,1.));
#13558 = ORIENTED_EDGE('',*,*,#13559,.T.);
#13559 = EDGE_CURVE('',#13552,#13560,#13562,.T.);
#13560 = VERTEX_POINT('',#13561);
#13561 = CARTESIAN_POINT('',(313.20258194378,201.39771761182,
    -19.09033817672));
#13562 = CIRCLE('',#13563,3.174);
#13563 = AXIS2_PLACEMENT_3D('',#13564,#13565,#13566);
#13564 = CARTESIAN_POINT('',(315.44693886727,199.15336068833,
    -19.09033817672));
#13565 = DIRECTION('',(0.,-0.,-1.));
#13566 = DIRECTION('',(0.707106781187,-0.707106781187,0.));
#13567 = ORIENTED_EDGE('',*,*,#13568,.T.);
#13568 = EDGE_CURVE('',#13560,#3153,#13569,.T.);
#13569 = LINE('',#13570,#13571);
#13570 = CARTESIAN_POINT('',(313.20258194378,201.39771761182,
    -19.09033817672));
#13571 = VECTOR('',#13572,1.);
#13572 = DIRECTION('',(0.,0.,1.));
#13573 = ORIENTED_EDGE('',*,*,#3152,.T.);
#13574 = ORIENTED_EDGE('',*,*,#3143,.T.);
#13575 = CYLINDRICAL_SURFACE('',#13576,3.174);
#13576 = AXIS2_PLACEMENT_3D('',#13577,#13578,#13579);
#13577 = CARTESIAN_POINT('',(315.44693886727,199.15336068833,
    -19.09033817672));
#13578 = DIRECTION('',(0.,0.,1.));
#13579 = DIRECTION('',(-0.707106781187,-0.707106781187,0.));
#13580 = ADVANCED_FACE('',(#13581),#13599,.T.);
#13581 = FACE_BOUND('',#13582,.T.);
#13582 = EDGE_LOOP('',(#13583,#13584,#13585,#13593));
#13583 = ORIENTED_EDGE('',*,*,#13551,.T.);
#13584 = ORIENTED_EDGE('',*,*,#3135,.F.);
#13585 = ORIENTED_EDGE('',*,*,#13586,.F.);
#13586 = EDGE_CURVE('',#13587,#3127,#13589,.T.);
#13587 = VERTEX_POINT('',#13588);
#13588 = CARTESIAN_POINT('',(322.84044748734,187.27113822129,
    -19.09033817672));
#13589 = LINE('',#13590,#13591);
#13590 = CARTESIAN_POINT('',(322.84044748734,187.27113822129,
    -19.09033817672));
#13591 = VECTOR('',#13592,1.);
#13592 = DIRECTION('',(0.,0.,1.));
#13593 = ORIENTED_EDGE('',*,*,#13594,.T.);
#13594 = EDGE_CURVE('',#13587,#13552,#13595,.T.);
#13595 = LINE('',#13596,#13597);
#13596 = CARTESIAN_POINT('',(325.08480441083,185.0267812978,
    -19.09033817672));
#13597 = VECTOR('',#13598,1.);
#13598 = DIRECTION('',(-0.707106781187,0.707106781187,0.));
#13599 = PLANE('',#13600);
#13600 = AXIS2_PLACEMENT_3D('',#13601,#13602,#13603);
#13601 = CARTESIAN_POINT('',(325.08480441083,185.0267812978,
    -19.09033817672));
#13602 = DIRECTION('',(0.707106781187,0.707106781187,0.));
#13603 = DIRECTION('',(0.,0.,1.));
#13604 = ADVANCED_FACE('',(#13605),#13632,.F.);
#13605 = FACE_BOUND('',#13606,.F.);
#13606 = EDGE_LOOP('',(#13607,#13615,#13624,#13630,#13631));
#13607 = ORIENTED_EDGE('',*,*,#13608,.F.);
#13608 = EDGE_CURVE('',#13609,#3091,#13611,.T.);
#13609 = VERTEX_POINT('',#13610);
#13610 = CARTESIAN_POINT('',(328.76600235954,212.47242418061,
    -19.09033817672));
#13611 = LINE('',#13612,#13613);
#13612 = CARTESIAN_POINT('',(328.76600235954,212.47242418061,
    -19.09033817672));
#13613 = VECTOR('',#13614,1.);
#13614 = DIRECTION('',(0.,0.,1.));
#13615 = ORIENTED_EDGE('',*,*,#13616,.T.);
#13616 = EDGE_CURVE('',#13609,#13617,#13619,.T.);
#13617 = VERTEX_POINT('',#13618);
#13618 = CARTESIAN_POINT('',(324.27728851257,212.47242418061,
    -19.09033817672));
#13619 = CIRCLE('',#13620,3.174);
#13620 = AXIS2_PLACEMENT_3D('',#13621,#13622,#13623);
#13621 = CARTESIAN_POINT('',(326.52164543605,210.22806725712,
    -19.09033817672));
#13622 = DIRECTION('',(-0.,0.,1.));
#13623 = DIRECTION('',(0.707106781187,-0.707106781187,0.));
#13624 = ORIENTED_EDGE('',*,*,#13625,.T.);
#13625 = EDGE_CURVE('',#13617,#3162,#13626,.T.);
#13626 = LINE('',#13627,#13628);
#13627 = CARTESIAN_POINT('',(324.27728851257,212.47242418061,
    -19.09033817672));
#13628 = VECTOR('',#13629,1.);
#13629 = DIRECTION('',(0.,0.,1.));
#13630 = ORIENTED_EDGE('',*,*,#3169,.F.);
#13631 = ORIENTED_EDGE('',*,*,#3090,.F.);
#13632 = CYLINDRICAL_SURFACE('',#13633,3.174);
#13633 = AXIS2_PLACEMENT_3D('',#13634,#13635,#13636);
#13634 = CARTESIAN_POINT('',(326.52164543605,210.22806725712,
    -19.09033817672));
#13635 = DIRECTION('',(0.,0.,1.));
#13636 = DIRECTION('',(0.707106781187,0.707106781187,0.));
#13637 = ADVANCED_FACE('',(#13638),#13656,.F.);
#13638 = FACE_BOUND('',#13639,.F.);
#13639 = EDGE_LOOP('',(#13640,#13641,#13642,#13650));
#13640 = ORIENTED_EDGE('',*,*,#13608,.T.);
#13641 = ORIENTED_EDGE('',*,*,#3101,.F.);
#13642 = ORIENTED_EDGE('',*,*,#13643,.F.);
#13643 = EDGE_CURVE('',#13644,#3102,#13646,.T.);
#13644 = VERTEX_POINT('',#13645);
#13645 = CARTESIAN_POINT('',(338.4038679031,202.83455863705,
    -19.09033817672));
#13646 = LINE('',#13647,#13648);
#13647 = CARTESIAN_POINT('',(338.4038679031,202.83455863705,
    -19.09033817672));
#13648 = VECTOR('',#13649,1.);
#13649 = DIRECTION('',(0.,0.,1.));
#13650 = ORIENTED_EDGE('',*,*,#13651,.T.);
#13651 = EDGE_CURVE('',#13644,#13609,#13652,.T.);
#13652 = LINE('',#13653,#13654);
#13653 = CARTESIAN_POINT('',(340.64822482659,200.59020171356,
    -19.09033817672));
#13654 = VECTOR('',#13655,1.);
#13655 = DIRECTION('',(-0.707106781187,0.707106781187,0.));
#13656 = PLANE('',#13657);
#13657 = AXIS2_PLACEMENT_3D('',#13658,#13659,#13660);
#13658 = CARTESIAN_POINT('',(340.64822482659,200.59020171356,
    -19.09033817672));
#13659 = DIRECTION('',(0.707106781187,0.707106781187,0.));
#13660 = DIRECTION('',(0.,0.,1.));
#13661 = ADVANCED_FACE('',(#13662),#13681,.F.);
#13662 = FACE_BOUND('',#13663,.F.);
#13663 = EDGE_LOOP('',(#13664,#13672,#13679,#13680));
#13664 = ORIENTED_EDGE('',*,*,#13665,.F.);
#13665 = EDGE_CURVE('',#13666,#3110,#13668,.T.);
#13666 = VERTEX_POINT('',#13667);
#13667 = CARTESIAN_POINT('',(338.4038679031,198.34584479007,
    -19.09033817672));
#13668 = LINE('',#13669,#13670);
#13669 = CARTESIAN_POINT('',(338.4038679031,198.34584479007,
    -19.09033817672));
#13670 = VECTOR('',#13671,1.);
#13671 = DIRECTION('',(0.,0.,1.));
#13672 = ORIENTED_EDGE('',*,*,#13673,.T.);
#13673 = EDGE_CURVE('',#13666,#13644,#13674,.T.);
#13674 = CIRCLE('',#13675,3.174);
#13675 = AXIS2_PLACEMENT_3D('',#13676,#13677,#13678);
#13676 = CARTESIAN_POINT('',(336.15951097962,200.59020171356,
    -19.09033817672));
#13677 = DIRECTION('',(-0.,0.,1.));
#13678 = DIRECTION('',(0.707106781187,-0.707106781187,0.));
#13679 = ORIENTED_EDGE('',*,*,#13643,.T.);
#13680 = ORIENTED_EDGE('',*,*,#3109,.F.);
#13681 = CYLINDRICAL_SURFACE('',#13682,3.174);
#13682 = AXIS2_PLACEMENT_3D('',#13683,#13684,#13685);
#13683 = CARTESIAN_POINT('',(336.15951097962,200.59020171356,
    -19.09033817672));
#13684 = DIRECTION('',(0.,0.,1.));
#13685 = DIRECTION('',(0.707106781187,-0.707106781187,0.));
#13686 = ADVANCED_FACE('',(#13687),#13705,.T.);
#13687 = FACE_BOUND('',#13688,.T.);
#13688 = EDGE_LOOP('',(#13689,#13690,#13698,#13704));
#13689 = ORIENTED_EDGE('',*,*,#13665,.F.);
#13690 = ORIENTED_EDGE('',*,*,#13691,.F.);
#13691 = EDGE_CURVE('',#13692,#13666,#13694,.T.);
#13692 = VERTEX_POINT('',#13693);
#13693 = CARTESIAN_POINT('',(327.32916133431,187.27113822129,
    -19.09033817672));
#13694 = LINE('',#13695,#13696);
#13695 = CARTESIAN_POINT('',(325.08480441083,185.0267812978,
    -19.09033817672));
#13696 = VECTOR('',#13697,1.);
#13697 = DIRECTION('',(0.707106781187,0.707106781187,0.));
#13698 = ORIENTED_EDGE('',*,*,#13699,.T.);
#13699 = EDGE_CURVE('',#13692,#3119,#13700,.T.);
#13700 = LINE('',#13701,#13702);
#13701 = CARTESIAN_POINT('',(327.32916133431,187.27113822129,
    -19.09033817672));
#13702 = VECTOR('',#13703,1.);
#13703 = DIRECTION('',(0.,0.,1.));
#13704 = ORIENTED_EDGE('',*,*,#3118,.F.);
#13705 = PLANE('',#13706);
#13706 = AXIS2_PLACEMENT_3D('',#13707,#13708,#13709);
#13707 = CARTESIAN_POINT('',(325.08480441083,185.0267812978,
    -19.09033817672));
#13708 = DIRECTION('',(-0.707106781187,0.707106781187,0.));
#13709 = DIRECTION('',(0.,0.,1.));
#13710 = ADVANCED_FACE('',(#13711),#13723,.F.);
#13711 = FACE_BOUND('',#13712,.F.);
#13712 = EDGE_LOOP('',(#13713,#13714,#13721,#13722));
#13713 = ORIENTED_EDGE('',*,*,#13586,.F.);
#13714 = ORIENTED_EDGE('',*,*,#13715,.T.);
#13715 = EDGE_CURVE('',#13587,#13692,#13716,.T.);
#13716 = CIRCLE('',#13717,3.174);
#13717 = AXIS2_PLACEMENT_3D('',#13718,#13719,#13720);
#13718 = CARTESIAN_POINT('',(325.08480441083,189.51549514477,
    -19.09033817672));
#13719 = DIRECTION('',(-0.,0.,1.));
#13720 = DIRECTION('',(0.707106781187,-0.707106781187,0.));
#13721 = ORIENTED_EDGE('',*,*,#13699,.T.);
#13722 = ORIENTED_EDGE('',*,*,#3126,.F.);
#13723 = CYLINDRICAL_SURFACE('',#13724,3.174);
#13724 = AXIS2_PLACEMENT_3D('',#13725,#13726,#13727);
#13725 = CARTESIAN_POINT('',(325.08480441083,189.51549514477,
    -19.09033817672));
#13726 = DIRECTION('',(0.,0.,1.));
#13727 = DIRECTION('',(-0.707106781187,-0.707106781187,0.));
#13728 = ADVANCED_FACE('',(#13729),#13740,.F.);
#13729 = FACE_BOUND('',#13730,.F.);
#13730 = EDGE_LOOP('',(#13731,#13732,#13738,#13739));
#13731 = ORIENTED_EDGE('',*,*,#13625,.F.);
#13732 = ORIENTED_EDGE('',*,*,#13733,.F.);
#13733 = EDGE_CURVE('',#13560,#13617,#13734,.T.);
#13734 = LINE('',#13735,#13736);
#13735 = CARTESIAN_POINT('',(310.95822502029,199.15336068833,
    -19.09033817672));
#13736 = VECTOR('',#13737,1.);
#13737 = DIRECTION('',(0.707106781187,0.707106781187,0.));
#13738 = ORIENTED_EDGE('',*,*,#13568,.T.);
#13739 = ORIENTED_EDGE('',*,*,#3161,.F.);
#13740 = PLANE('',#13741);
#13741 = AXIS2_PLACEMENT_3D('',#13742,#13743,#13744);
#13742 = CARTESIAN_POINT('',(310.95822502029,199.15336068833,
    -19.09033817672));
#13743 = DIRECTION('',(-0.707106781187,0.707106781187,0.));
#13744 = DIRECTION('',(0.,0.,1.));
#13745 = ADVANCED_FACE('',(#13746),#13756,.T.);
#13746 = FACE_BOUND('',#13747,.T.);
#13747 = EDGE_LOOP('',(#13748,#13749,#13750,#13751,#13752,#13753,#13754,
    #13755));
#13748 = ORIENTED_EDGE('',*,*,#13651,.T.);
#13749 = ORIENTED_EDGE('',*,*,#13616,.T.);
#13750 = ORIENTED_EDGE('',*,*,#13733,.F.);
#13751 = ORIENTED_EDGE('',*,*,#13559,.F.);
#13752 = ORIENTED_EDGE('',*,*,#13594,.F.);
#13753 = ORIENTED_EDGE('',*,*,#13715,.T.);
#13754 = ORIENTED_EDGE('',*,*,#13691,.T.);
#13755 = ORIENTED_EDGE('',*,*,#13673,.T.);
#13756 = PLANE('',#13757);
#13757 = AXIS2_PLACEMENT_3D('',#13758,#13759,#13760);
#13758 = CARTESIAN_POINT('',(325.08480441083,185.0267812978,
    -19.09033817672));
#13759 = DIRECTION('',(0.,0.,1.));
#13760 = DIRECTION('',(0.707106781187,0.707106781187,0.));
#13761 = ADVANCED_FACE('',(#13762),#13789,.F.);
#13762 = FACE_BOUND('',#13763,.T.);
#13763 = EDGE_LOOP('',(#13764,#13772,#13781,#13787,#13788));
#13764 = ORIENTED_EDGE('',*,*,#13765,.F.);
#13765 = EDGE_CURVE('',#13766,#3224,#13768,.T.);
#13766 = VERTEX_POINT('',#13767);
#13767 = CARTESIAN_POINT('',(243.20258194378,66.909003764853,
    -19.09033817672));
#13768 = LINE('',#13769,#13770);
#13769 = CARTESIAN_POINT('',(243.20258194378,66.909003764853,
    -19.09033817672));
#13770 = VECTOR('',#13771,1.);
#13771 = DIRECTION('',(0.,0.,1.));
#13772 = ORIENTED_EDGE('',*,*,#13773,.T.);
#13773 = EDGE_CURVE('',#13766,#13774,#13776,.T.);
#13774 = VERTEX_POINT('',#13775);
#13775 = CARTESIAN_POINT('',(243.20258194378,71.397717611825,
    -19.09033817672));
#13776 = CIRCLE('',#13777,3.174);
#13777 = AXIS2_PLACEMENT_3D('',#13778,#13779,#13780);
#13778 = CARTESIAN_POINT('',(245.44693886727,69.153360688339,
    -19.09033817672));
#13779 = DIRECTION('',(0.,-0.,-1.));
#13780 = DIRECTION('',(0.707106781187,-0.707106781187,0.));
#13781 = ORIENTED_EDGE('',*,*,#13782,.T.);
#13782 = EDGE_CURVE('',#13774,#3241,#13783,.T.);
#13783 = LINE('',#13784,#13785);
#13784 = CARTESIAN_POINT('',(243.20258194378,71.397717611825,
    -19.09033817672));
#13785 = VECTOR('',#13786,1.);
#13786 = DIRECTION('',(0.,0.,1.));
#13787 = ORIENTED_EDGE('',*,*,#3240,.T.);
#13788 = ORIENTED_EDGE('',*,*,#3231,.T.);
#13789 = CYLINDRICAL_SURFACE('',#13790,3.174);
#13790 = AXIS2_PLACEMENT_3D('',#13791,#13792,#13793);
#13791 = CARTESIAN_POINT('',(245.44693886727,69.153360688339,
    -19.09033817672));
#13792 = DIRECTION('',(0.,0.,1.));
#13793 = DIRECTION('',(-0.707106781187,-0.707106781187,0.));
#13794 = ADVANCED_FACE('',(#13795),#13813,.T.);
#13795 = FACE_BOUND('',#13796,.T.);
#13796 = EDGE_LOOP('',(#13797,#13798,#13799,#13807));
#13797 = ORIENTED_EDGE('',*,*,#13765,.T.);
#13798 = ORIENTED_EDGE('',*,*,#3223,.F.);
#13799 = ORIENTED_EDGE('',*,*,#13800,.F.);
#13800 = EDGE_CURVE('',#13801,#3215,#13803,.T.);
#13801 = VERTEX_POINT('',#13802);
#13802 = CARTESIAN_POINT('',(252.84044748734,57.271138221292,
    -19.09033817672));
#13803 = LINE('',#13804,#13805);
#13804 = CARTESIAN_POINT('',(252.84044748734,57.271138221292,
    -19.09033817672));
#13805 = VECTOR('',#13806,1.);
#13806 = DIRECTION('',(0.,0.,1.));
#13807 = ORIENTED_EDGE('',*,*,#13808,.T.);
#13808 = EDGE_CURVE('',#13801,#13766,#13809,.T.);
#13809 = LINE('',#13810,#13811);
#13810 = CARTESIAN_POINT('',(255.08480441083,55.026781297806,
    -19.09033817672));
#13811 = VECTOR('',#13812,1.);
#13812 = DIRECTION('',(-0.707106781187,0.707106781187,0.));
#13813 = PLANE('',#13814);
#13814 = AXIS2_PLACEMENT_3D('',#13815,#13816,#13817);
#13815 = CARTESIAN_POINT('',(255.08480441083,55.026781297806,
    -19.09033817672));
#13816 = DIRECTION('',(0.707106781187,0.707106781187,0.));
#13817 = DIRECTION('',(0.,0.,1.));
#13818 = ADVANCED_FACE('',(#13819),#13846,.F.);
#13819 = FACE_BOUND('',#13820,.F.);
#13820 = EDGE_LOOP('',(#13821,#13829,#13838,#13844,#13845));
#13821 = ORIENTED_EDGE('',*,*,#13822,.F.);
#13822 = EDGE_CURVE('',#13823,#3179,#13825,.T.);
#13823 = VERTEX_POINT('',#13824);
#13824 = CARTESIAN_POINT('',(258.76600235954,82.472424180612,
    -19.09033817672));
#13825 = LINE('',#13826,#13827);
#13826 = CARTESIAN_POINT('',(258.76600235954,82.472424180612,
    -19.09033817672));
#13827 = VECTOR('',#13828,1.);
#13828 = DIRECTION('',(0.,0.,1.));
#13829 = ORIENTED_EDGE('',*,*,#13830,.T.);
#13830 = EDGE_CURVE('',#13823,#13831,#13833,.T.);
#13831 = VERTEX_POINT('',#13832);
#13832 = CARTESIAN_POINT('',(254.27728851257,82.472424180612,
    -19.09033817672));
#13833 = CIRCLE('',#13834,3.174);
#13834 = AXIS2_PLACEMENT_3D('',#13835,#13836,#13837);
#13835 = CARTESIAN_POINT('',(256.52164543605,80.228067257126,
    -19.09033817672));
#13836 = DIRECTION('',(-0.,0.,1.));
#13837 = DIRECTION('',(0.707106781187,-0.707106781187,0.));
#13838 = ORIENTED_EDGE('',*,*,#13839,.T.);
#13839 = EDGE_CURVE('',#13831,#3250,#13840,.T.);
#13840 = LINE('',#13841,#13842);
#13841 = CARTESIAN_POINT('',(254.27728851257,82.472424180612,
    -19.09033817672));
#13842 = VECTOR('',#13843,1.);
#13843 = DIRECTION('',(0.,0.,1.));
#13844 = ORIENTED_EDGE('',*,*,#3257,.F.);
#13845 = ORIENTED_EDGE('',*,*,#3178,.F.);
#13846 = CYLINDRICAL_SURFACE('',#13847,3.174);
#13847 = AXIS2_PLACEMENT_3D('',#13848,#13849,#13850);
#13848 = CARTESIAN_POINT('',(256.52164543605,80.228067257126,
    -19.09033817672));
#13849 = DIRECTION('',(0.,0.,1.));
#13850 = DIRECTION('',(0.707106781187,0.707106781187,0.));
#13851 = ADVANCED_FACE('',(#13852),#13870,.F.);
#13852 = FACE_BOUND('',#13853,.F.);
#13853 = EDGE_LOOP('',(#13854,#13855,#13856,#13864));
#13854 = ORIENTED_EDGE('',*,*,#13822,.T.);
#13855 = ORIENTED_EDGE('',*,*,#3189,.F.);
#13856 = ORIENTED_EDGE('',*,*,#13857,.F.);
#13857 = EDGE_CURVE('',#13858,#3190,#13860,.T.);
#13858 = VERTEX_POINT('',#13859);
#13859 = CARTESIAN_POINT('',(268.4038679031,72.834558637052,
    -19.09033817672));
#13860 = LINE('',#13861,#13862);
#13861 = CARTESIAN_POINT('',(268.4038679031,72.834558637052,
    -19.09033817672));
#13862 = VECTOR('',#13863,1.);
#13863 = DIRECTION('',(0.,0.,1.));
#13864 = ORIENTED_EDGE('',*,*,#13865,.T.);
#13865 = EDGE_CURVE('',#13858,#13823,#13866,.T.);
#13866 = LINE('',#13867,#13868);
#13867 = CARTESIAN_POINT('',(270.64822482659,70.590201713566,
    -19.09033817672));
#13868 = VECTOR('',#13869,1.);
#13869 = DIRECTION('',(-0.707106781187,0.707106781187,0.));
#13870 = PLANE('',#13871);
#13871 = AXIS2_PLACEMENT_3D('',#13872,#13873,#13874);
#13872 = CARTESIAN_POINT('',(270.64822482659,70.590201713566,
    -19.09033817672));
#13873 = DIRECTION('',(0.707106781187,0.707106781187,0.));
#13874 = DIRECTION('',(0.,0.,1.));
#13875 = ADVANCED_FACE('',(#13876),#13895,.F.);
#13876 = FACE_BOUND('',#13877,.F.);
#13877 = EDGE_LOOP('',(#13878,#13886,#13893,#13894));
#13878 = ORIENTED_EDGE('',*,*,#13879,.F.);
#13879 = EDGE_CURVE('',#13880,#3198,#13882,.T.);
#13880 = VERTEX_POINT('',#13881);
#13881 = CARTESIAN_POINT('',(268.4038679031,68.34584479008,
    -19.09033817672));
#13882 = LINE('',#13883,#13884);
#13883 = CARTESIAN_POINT('',(268.4038679031,68.34584479008,
    -19.09033817672));
#13884 = VECTOR('',#13885,1.);
#13885 = DIRECTION('',(0.,0.,1.));
#13886 = ORIENTED_EDGE('',*,*,#13887,.T.);
#13887 = EDGE_CURVE('',#13880,#13858,#13888,.T.);
#13888 = CIRCLE('',#13889,3.174);
#13889 = AXIS2_PLACEMENT_3D('',#13890,#13891,#13892);
#13890 = CARTESIAN_POINT('',(266.15951097962,70.590201713566,
    -19.09033817672));
#13891 = DIRECTION('',(-0.,0.,1.));
#13892 = DIRECTION('',(0.707106781187,-0.707106781187,0.));
#13893 = ORIENTED_EDGE('',*,*,#13857,.T.);
#13894 = ORIENTED_EDGE('',*,*,#3197,.F.);
#13895 = CYLINDRICAL_SURFACE('',#13896,3.174);
#13896 = AXIS2_PLACEMENT_3D('',#13897,#13898,#13899);
#13897 = CARTESIAN_POINT('',(266.15951097962,70.590201713566,
    -19.09033817672));
#13898 = DIRECTION('',(0.,0.,1.));
#13899 = DIRECTION('',(0.707106781187,-0.707106781187,0.));
#13900 = ADVANCED_FACE('',(#13901),#13919,.T.);
#13901 = FACE_BOUND('',#13902,.T.);
#13902 = EDGE_LOOP('',(#13903,#13904,#13912,#13918));
#13903 = ORIENTED_EDGE('',*,*,#13879,.F.);
#13904 = ORIENTED_EDGE('',*,*,#13905,.F.);
#13905 = EDGE_CURVE('',#13906,#13880,#13908,.T.);
#13906 = VERTEX_POINT('',#13907);
#13907 = CARTESIAN_POINT('',(257.32916133431,57.271138221292,
    -19.09033817672));
#13908 = LINE('',#13909,#13910);
#13909 = CARTESIAN_POINT('',(255.08480441083,55.026781297806,
    -19.09033817672));
#13910 = VECTOR('',#13911,1.);
#13911 = DIRECTION('',(0.707106781187,0.707106781187,0.));
#13912 = ORIENTED_EDGE('',*,*,#13913,.T.);
#13913 = EDGE_CURVE('',#13906,#3207,#13914,.T.);
#13914 = LINE('',#13915,#13916);
#13915 = CARTESIAN_POINT('',(257.32916133431,57.271138221292,
    -19.09033817672));
#13916 = VECTOR('',#13917,1.);
#13917 = DIRECTION('',(0.,0.,1.));
#13918 = ORIENTED_EDGE('',*,*,#3206,.F.);
#13919 = PLANE('',#13920);
#13920 = AXIS2_PLACEMENT_3D('',#13921,#13922,#13923);
#13921 = CARTESIAN_POINT('',(255.08480441083,55.026781297806,
    -19.09033817672));
#13922 = DIRECTION('',(-0.707106781187,0.707106781187,0.));
#13923 = DIRECTION('',(0.,0.,1.));
#13924 = ADVANCED_FACE('',(#13925),#13937,.F.);
#13925 = FACE_BOUND('',#13926,.F.);
#13926 = EDGE_LOOP('',(#13927,#13928,#13935,#13936));
#13927 = ORIENTED_EDGE('',*,*,#13800,.F.);
#13928 = ORIENTED_EDGE('',*,*,#13929,.T.);
#13929 = EDGE_CURVE('',#13801,#13906,#13930,.T.);
#13930 = CIRCLE('',#13931,3.174);
#13931 = AXIS2_PLACEMENT_3D('',#13932,#13933,#13934);
#13932 = CARTESIAN_POINT('',(255.08480441083,59.515495144778,
    -19.09033817672));
#13933 = DIRECTION('',(-0.,0.,1.));
#13934 = DIRECTION('',(0.707106781187,-0.707106781187,0.));
#13935 = ORIENTED_EDGE('',*,*,#13913,.T.);
#13936 = ORIENTED_EDGE('',*,*,#3214,.F.);
#13937 = CYLINDRICAL_SURFACE('',#13938,3.174);
#13938 = AXIS2_PLACEMENT_3D('',#13939,#13940,#13941);
#13939 = CARTESIAN_POINT('',(255.08480441083,59.515495144778,
    -19.09033817672));
#13940 = DIRECTION('',(0.,0.,1.));
#13941 = DIRECTION('',(-0.707106781187,-0.707106781187,0.));
#13942 = ADVANCED_FACE('',(#13943),#13954,.F.);
#13943 = FACE_BOUND('',#13944,.F.);
#13944 = EDGE_LOOP('',(#13945,#13946,#13952,#13953));
#13945 = ORIENTED_EDGE('',*,*,#13839,.F.);
#13946 = ORIENTED_EDGE('',*,*,#13947,.F.);
#13947 = EDGE_CURVE('',#13774,#13831,#13948,.T.);
#13948 = LINE('',#13949,#13950);
#13949 = CARTESIAN_POINT('',(240.95822502029,69.153360688339,
    -19.09033817672));
#13950 = VECTOR('',#13951,1.);
#13951 = DIRECTION('',(0.707106781187,0.707106781187,0.));
#13952 = ORIENTED_EDGE('',*,*,#13782,.T.);
#13953 = ORIENTED_EDGE('',*,*,#3249,.F.);
#13954 = PLANE('',#13955);
#13955 = AXIS2_PLACEMENT_3D('',#13956,#13957,#13958);
#13956 = CARTESIAN_POINT('',(240.95822502029,69.153360688339,
    -19.09033817672));
#13957 = DIRECTION('',(-0.707106781187,0.707106781187,0.));
#13958 = DIRECTION('',(0.,0.,1.));
#13959 = ADVANCED_FACE('',(#13960),#13970,.T.);
#13960 = FACE_BOUND('',#13961,.T.);
#13961 = EDGE_LOOP('',(#13962,#13963,#13964,#13965,#13966,#13967,#13968,
    #13969));
#13962 = ORIENTED_EDGE('',*,*,#13865,.T.);
#13963 = ORIENTED_EDGE('',*,*,#13830,.T.);
#13964 = ORIENTED_EDGE('',*,*,#13947,.F.);
#13965 = ORIENTED_EDGE('',*,*,#13773,.F.);
#13966 = ORIENTED_EDGE('',*,*,#13808,.F.);
#13967 = ORIENTED_EDGE('',*,*,#13929,.T.);
#13968 = ORIENTED_EDGE('',*,*,#13905,.T.);
#13969 = ORIENTED_EDGE('',*,*,#13887,.T.);
#13970 = PLANE('',#13971);
#13971 = AXIS2_PLACEMENT_3D('',#13972,#13973,#13974);
#13972 = CARTESIAN_POINT('',(255.08480441083,55.026781297806,
    -19.09033817672));
#13973 = DIRECTION('',(0.,0.,1.));
#13974 = DIRECTION('',(0.707106781187,0.707106781187,0.));
#13975 = ADVANCED_FACE('',(#13976),#14003,.F.);
#13976 = FACE_BOUND('',#13977,.T.);
#13977 = EDGE_LOOP('',(#13978,#13986,#13995,#14001,#14002));
#13978 = ORIENTED_EDGE('',*,*,#13979,.F.);
#13979 = EDGE_CURVE('',#13980,#3312,#13982,.T.);
#13980 = VERTEX_POINT('',#13981);
#13981 = CARTESIAN_POINT('',(336.09099623514,248.70258194378,
    -19.09033817672));
#13982 = LINE('',#13983,#13984);
#13983 = CARTESIAN_POINT('',(336.09099623514,248.70258194378,
    -19.09033817672));
#13984 = VECTOR('',#13985,1.);
#13985 = DIRECTION('',(0.,0.,1.));
#13986 = ORIENTED_EDGE('',*,*,#13987,.T.);
#13987 = EDGE_CURVE('',#13980,#13988,#13990,.T.);
#13988 = VERTEX_POINT('',#13989);
#13989 = CARTESIAN_POINT('',(331.60228238817,248.70258194378,
    -19.09033817672));
#13990 = CIRCLE('',#13991,3.174);
#13991 = AXIS2_PLACEMENT_3D('',#13992,#13993,#13994);
#13992 = CARTESIAN_POINT('',(333.84663931166,250.94693886727,
    -19.09033817672));
#13993 = DIRECTION('',(0.,0.,-1.));
#13994 = DIRECTION('',(0.707106781187,0.707106781187,0.));
#13995 = ORIENTED_EDGE('',*,*,#13996,.T.);
#13996 = EDGE_CURVE('',#13988,#3329,#13997,.T.);
#13997 = LINE('',#13998,#13999);
#13998 = CARTESIAN_POINT('',(331.60228238817,248.70258194378,
    -19.09033817672));
#13999 = VECTOR('',#14000,1.);
#14000 = DIRECTION('',(0.,0.,1.));
#14001 = ORIENTED_EDGE('',*,*,#3328,.T.);
#14002 = ORIENTED_EDGE('',*,*,#3319,.T.);
#14003 = CYLINDRICAL_SURFACE('',#14004,3.174);
#14004 = AXIS2_PLACEMENT_3D('',#14005,#14006,#14007);
#14005 = CARTESIAN_POINT('',(333.84663931166,250.94693886727,
    -19.09033817672));
#14006 = DIRECTION('',(0.,0.,1.));
#14007 = DIRECTION('',(0.707106781187,-0.707106781187,0.));
#14008 = ADVANCED_FACE('',(#14009),#14027,.T.);
#14009 = FACE_BOUND('',#14010,.T.);
#14010 = EDGE_LOOP('',(#14011,#14012,#14013,#14021));
#14011 = ORIENTED_EDGE('',*,*,#13979,.T.);
#14012 = ORIENTED_EDGE('',*,*,#3311,.F.);
#14013 = ORIENTED_EDGE('',*,*,#14014,.F.);
#14014 = EDGE_CURVE('',#14015,#3303,#14017,.T.);
#14015 = VERTEX_POINT('',#14016);
#14016 = CARTESIAN_POINT('',(345.7288617787,258.34044748734,
    -19.09033817672));
#14017 = LINE('',#14018,#14019);
#14018 = CARTESIAN_POINT('',(345.7288617787,258.34044748734,
    -19.09033817672));
#14019 = VECTOR('',#14020,1.);
#14020 = DIRECTION('',(0.,0.,1.));
#14021 = ORIENTED_EDGE('',*,*,#14022,.T.);
#14022 = EDGE_CURVE('',#14015,#13980,#14023,.T.);
#14023 = LINE('',#14024,#14025);
#14024 = CARTESIAN_POINT('',(347.97321870219,260.58480441083,
    -19.09033817672));
#14025 = VECTOR('',#14026,1.);
#14026 = DIRECTION('',(-0.707106781187,-0.707106781187,0.));
#14027 = PLANE('',#14028);
#14028 = AXIS2_PLACEMENT_3D('',#14029,#14030,#14031);
#14029 = CARTESIAN_POINT('',(347.97321870219,260.58480441083,
    -19.09033817672));
#14030 = DIRECTION('',(-0.707106781187,0.707106781187,0.));
#14031 = DIRECTION('',(0.,0.,1.));
#14032 = ADVANCED_FACE('',(#14033),#14060,.F.);
#14033 = FACE_BOUND('',#14034,.F.);
#14034 = EDGE_LOOP('',(#14035,#14043,#14052,#14058,#14059));
#14035 = ORIENTED_EDGE('',*,*,#14036,.F.);
#14036 = EDGE_CURVE('',#14037,#3267,#14039,.T.);
#14037 = VERTEX_POINT('',#14038);
#14038 = CARTESIAN_POINT('',(320.52757581938,264.26600235954,
    -19.09033817672));
#14039 = LINE('',#14040,#14041);
#14040 = CARTESIAN_POINT('',(320.52757581938,264.26600235954,
    -19.09033817672));
#14041 = VECTOR('',#14042,1.);
#14042 = DIRECTION('',(0.,0.,1.));
#14043 = ORIENTED_EDGE('',*,*,#14044,.T.);
#14044 = EDGE_CURVE('',#14037,#14045,#14047,.T.);
#14045 = VERTEX_POINT('',#14046);
#14046 = CARTESIAN_POINT('',(320.52757581938,259.77728851257,
    -19.09033817672));
#14047 = CIRCLE('',#14048,3.174);
#14048 = AXIS2_PLACEMENT_3D('',#14049,#14050,#14051);
#14049 = CARTESIAN_POINT('',(322.77193274287,262.02164543605,
    -19.09033817672));
#14050 = DIRECTION('',(0.,-0.,1.));
#14051 = DIRECTION('',(0.707106781187,0.707106781187,0.));
#14052 = ORIENTED_EDGE('',*,*,#14053,.T.);
#14053 = EDGE_CURVE('',#14045,#3338,#14054,.T.);
#14054 = LINE('',#14055,#14056);
#14055 = CARTESIAN_POINT('',(320.52757581938,259.77728851257,
    -19.09033817672));
#14056 = VECTOR('',#14057,1.);
#14057 = DIRECTION('',(0.,0.,1.));
#14058 = ORIENTED_EDGE('',*,*,#3345,.F.);
#14059 = ORIENTED_EDGE('',*,*,#3266,.F.);
#14060 = CYLINDRICAL_SURFACE('',#14061,3.174);
#14061 = AXIS2_PLACEMENT_3D('',#14062,#14063,#14064);
#14062 = CARTESIAN_POINT('',(322.77193274287,262.02164543605,
    -19.09033817672));
#14063 = DIRECTION('',(0.,0.,1.));
#14064 = DIRECTION('',(-0.707106781187,0.707106781187,0.));
#14065 = ADVANCED_FACE('',(#14066),#14084,.F.);
#14066 = FACE_BOUND('',#14067,.F.);
#14067 = EDGE_LOOP('',(#14068,#14069,#14070,#14078));
#14068 = ORIENTED_EDGE('',*,*,#14036,.T.);
#14069 = ORIENTED_EDGE('',*,*,#3277,.F.);
#14070 = ORIENTED_EDGE('',*,*,#14071,.F.);
#14071 = EDGE_CURVE('',#14072,#3278,#14074,.T.);
#14072 = VERTEX_POINT('',#14073);
#14073 = CARTESIAN_POINT('',(330.16544136294,273.9038679031,
    -19.09033817672));
#14074 = LINE('',#14075,#14076);
#14075 = CARTESIAN_POINT('',(330.16544136294,273.9038679031,
    -19.09033817672));
#14076 = VECTOR('',#14077,1.);
#14077 = DIRECTION('',(0.,0.,1.));
#14078 = ORIENTED_EDGE('',*,*,#14079,.T.);
#14079 = EDGE_CURVE('',#14072,#14037,#14080,.T.);
#14080 = LINE('',#14081,#14082);
#14081 = CARTESIAN_POINT('',(332.40979828643,276.14822482659,
    -19.09033817672));
#14082 = VECTOR('',#14083,1.);
#14083 = DIRECTION('',(-0.707106781187,-0.707106781187,0.));
#14084 = PLANE('',#14085);
#14085 = AXIS2_PLACEMENT_3D('',#14086,#14087,#14088);
#14086 = CARTESIAN_POINT('',(332.40979828643,276.14822482659,
    -19.09033817672));
#14087 = DIRECTION('',(-0.707106781187,0.707106781187,0.));
#14088 = DIRECTION('',(0.,0.,1.));
#14089 = ADVANCED_FACE('',(#14090),#14109,.F.);
#14090 = FACE_BOUND('',#14091,.F.);
#14091 = EDGE_LOOP('',(#14092,#14100,#14107,#14108));
#14092 = ORIENTED_EDGE('',*,*,#14093,.F.);
#14093 = EDGE_CURVE('',#14094,#3286,#14096,.T.);
#14094 = VERTEX_POINT('',#14095);
#14095 = CARTESIAN_POINT('',(334.65415520992,273.9038679031,
    -19.09033817672));
#14096 = LINE('',#14097,#14098);
#14097 = CARTESIAN_POINT('',(334.65415520992,273.9038679031,
    -19.09033817672));
#14098 = VECTOR('',#14099,1.);
#14099 = DIRECTION('',(0.,0.,1.));
#14100 = ORIENTED_EDGE('',*,*,#14101,.T.);
#14101 = EDGE_CURVE('',#14094,#14072,#14102,.T.);
#14102 = CIRCLE('',#14103,3.174);
#14103 = AXIS2_PLACEMENT_3D('',#14104,#14105,#14106);
#14104 = CARTESIAN_POINT('',(332.40979828643,271.65951097962,
    -19.09033817672));
#14105 = DIRECTION('',(0.,-0.,1.));
#14106 = DIRECTION('',(0.707106781187,0.707106781187,0.));
#14107 = ORIENTED_EDGE('',*,*,#14071,.T.);
#14108 = ORIENTED_EDGE('',*,*,#3285,.F.);
#14109 = CYLINDRICAL_SURFACE('',#14110,3.174);
#14110 = AXIS2_PLACEMENT_3D('',#14111,#14112,#14113);
#14111 = CARTESIAN_POINT('',(332.40979828643,271.65951097962,
    -19.09033817672));
#14112 = DIRECTION('',(0.,0.,1.));
#14113 = DIRECTION('',(0.707106781187,0.707106781187,0.));
#14114 = ADVANCED_FACE('',(#14115),#14133,.T.);
#14115 = FACE_BOUND('',#14116,.T.);
#14116 = EDGE_LOOP('',(#14117,#14118,#14126,#14132));
#14117 = ORIENTED_EDGE('',*,*,#14093,.F.);
#14118 = ORIENTED_EDGE('',*,*,#14119,.F.);
#14119 = EDGE_CURVE('',#14120,#14094,#14122,.T.);
#14120 = VERTEX_POINT('',#14121);
#14121 = CARTESIAN_POINT('',(345.7288617787,262.82916133431,
    -19.09033817672));
#14122 = LINE('',#14123,#14124);
#14123 = CARTESIAN_POINT('',(347.97321870219,260.58480441083,
    -19.09033817672));
#14124 = VECTOR('',#14125,1.);
#14125 = DIRECTION('',(-0.707106781187,0.707106781187,0.));
#14126 = ORIENTED_EDGE('',*,*,#14127,.T.);
#14127 = EDGE_CURVE('',#14120,#3295,#14128,.T.);
#14128 = LINE('',#14129,#14130);
#14129 = CARTESIAN_POINT('',(345.7288617787,262.82916133431,
    -19.09033817672));
#14130 = VECTOR('',#14131,1.);
#14131 = DIRECTION('',(0.,0.,1.));
#14132 = ORIENTED_EDGE('',*,*,#3294,.F.);
#14133 = PLANE('',#14134);
#14134 = AXIS2_PLACEMENT_3D('',#14135,#14136,#14137);
#14135 = CARTESIAN_POINT('',(347.97321870219,260.58480441083,
    -19.09033817672));
#14136 = DIRECTION('',(-0.707106781187,-0.707106781187,0.));
#14137 = DIRECTION('',(0.,0.,1.));
#14138 = ADVANCED_FACE('',(#14139),#14151,.F.);
#14139 = FACE_BOUND('',#14140,.F.);
#14140 = EDGE_LOOP('',(#14141,#14142,#14149,#14150));
#14141 = ORIENTED_EDGE('',*,*,#14014,.F.);
#14142 = ORIENTED_EDGE('',*,*,#14143,.T.);
#14143 = EDGE_CURVE('',#14015,#14120,#14144,.T.);
#14144 = CIRCLE('',#14145,3.174);
#14145 = AXIS2_PLACEMENT_3D('',#14146,#14147,#14148);
#14146 = CARTESIAN_POINT('',(343.48450485522,260.58480441083,
    -19.09033817672));
#14147 = DIRECTION('',(0.,-0.,1.));
#14148 = DIRECTION('',(0.707106781187,0.707106781187,0.));
#14149 = ORIENTED_EDGE('',*,*,#14127,.T.);
#14150 = ORIENTED_EDGE('',*,*,#3302,.F.);
#14151 = CYLINDRICAL_SURFACE('',#14152,3.174);
#14152 = AXIS2_PLACEMENT_3D('',#14153,#14154,#14155);
#14153 = CARTESIAN_POINT('',(343.48450485522,260.58480441083,
    -19.09033817672));
#14154 = DIRECTION('',(0.,0.,1.));
#14155 = DIRECTION('',(0.707106781187,-0.707106781187,0.));
#14156 = ADVANCED_FACE('',(#14157),#14168,.F.);
#14157 = FACE_BOUND('',#14158,.F.);
#14158 = EDGE_LOOP('',(#14159,#14160,#14166,#14167));
#14159 = ORIENTED_EDGE('',*,*,#14053,.F.);
#14160 = ORIENTED_EDGE('',*,*,#14161,.F.);
#14161 = EDGE_CURVE('',#13988,#14045,#14162,.T.);
#14162 = LINE('',#14163,#14164);
#14163 = CARTESIAN_POINT('',(333.84663931166,246.45822502029,
    -19.09033817672));
#14164 = VECTOR('',#14165,1.);
#14165 = DIRECTION('',(-0.707106781187,0.707106781187,0.));
#14166 = ORIENTED_EDGE('',*,*,#13996,.T.);
#14167 = ORIENTED_EDGE('',*,*,#3337,.F.);
#14168 = PLANE('',#14169);
#14169 = AXIS2_PLACEMENT_3D('',#14170,#14171,#14172);
#14170 = CARTESIAN_POINT('',(333.84663931166,246.45822502029,
    -19.09033817672));
#14171 = DIRECTION('',(-0.707106781187,-0.707106781187,0.));
#14172 = DIRECTION('',(0.,0.,1.));
#14173 = ADVANCED_FACE('',(#14174),#14184,.T.);
#14174 = FACE_BOUND('',#14175,.T.);
#14175 = EDGE_LOOP('',(#14176,#14177,#14178,#14179,#14180,#14181,#14182,
    #14183));
#14176 = ORIENTED_EDGE('',*,*,#14079,.T.);
#14177 = ORIENTED_EDGE('',*,*,#14044,.T.);
#14178 = ORIENTED_EDGE('',*,*,#14161,.F.);
#14179 = ORIENTED_EDGE('',*,*,#13987,.F.);
#14180 = ORIENTED_EDGE('',*,*,#14022,.F.);
#14181 = ORIENTED_EDGE('',*,*,#14143,.T.);
#14182 = ORIENTED_EDGE('',*,*,#14119,.T.);
#14183 = ORIENTED_EDGE('',*,*,#14101,.T.);
#14184 = PLANE('',#14185);
#14185 = AXIS2_PLACEMENT_3D('',#14186,#14187,#14188);
#14186 = CARTESIAN_POINT('',(347.97321870219,260.58480441083,
    -19.09033817672));
#14187 = DIRECTION('',(0.,0.,1.));
#14188 = DIRECTION('',(-0.707106781187,0.707106781187,0.));
#14189 = ADVANCED_FACE('',(#14190),#14217,.F.);
#14190 = FACE_BOUND('',#14191,.T.);
#14191 = EDGE_LOOP('',(#14192,#14200,#14209,#14215,#14216));
#14192 = ORIENTED_EDGE('',*,*,#14193,.F.);
#14193 = EDGE_CURVE('',#14194,#3400,#14196,.T.);
#14194 = VERTEX_POINT('',#14195);
#14195 = CARTESIAN_POINT('',(269.90900376485,336.79741805621,
    -19.09033817672));
#14196 = LINE('',#14197,#14198);
#14197 = CARTESIAN_POINT('',(269.90900376485,336.79741805621,
    -19.09033817672));
#14198 = VECTOR('',#14199,1.);
#14199 = DIRECTION('',(0.,0.,1.));
#14200 = ORIENTED_EDGE('',*,*,#14201,.T.);
#14201 = EDGE_CURVE('',#14194,#14202,#14204,.T.);
#14202 = VERTEX_POINT('',#14203);
#14203 = CARTESIAN_POINT('',(274.39771761182,336.79741805621,
    -19.09033817672));
#14204 = CIRCLE('',#14205,3.174);
#14205 = AXIS2_PLACEMENT_3D('',#14206,#14207,#14208);
#14206 = CARTESIAN_POINT('',(272.15336068833,334.55306113272,
    -19.09033817672));
#14207 = DIRECTION('',(-0.,0.,-1.));
#14208 = DIRECTION('',(-0.707106781187,-0.707106781187,0.));
#14209 = ORIENTED_EDGE('',*,*,#14210,.T.);
#14210 = EDGE_CURVE('',#14202,#3417,#14211,.T.);
#14211 = LINE('',#14212,#14213);
#14212 = CARTESIAN_POINT('',(274.39771761182,336.79741805621,
    -19.09033817672));
#14213 = VECTOR('',#14214,1.);
#14214 = DIRECTION('',(0.,0.,1.));
#14215 = ORIENTED_EDGE('',*,*,#3416,.T.);
#14216 = ORIENTED_EDGE('',*,*,#3407,.T.);
#14217 = CYLINDRICAL_SURFACE('',#14218,3.174);
#14218 = AXIS2_PLACEMENT_3D('',#14219,#14220,#14221);
#14219 = CARTESIAN_POINT('',(272.15336068833,334.55306113272,
    -19.09033817672));
#14220 = DIRECTION('',(0.,0.,1.));
#14221 = DIRECTION('',(-0.707106781187,0.707106781187,0.));
#14222 = ADVANCED_FACE('',(#14223),#14241,.T.);
#14223 = FACE_BOUND('',#14224,.T.);
#14224 = EDGE_LOOP('',(#14225,#14226,#14227,#14235));
#14225 = ORIENTED_EDGE('',*,*,#14193,.T.);
#14226 = ORIENTED_EDGE('',*,*,#3399,.F.);
#14227 = ORIENTED_EDGE('',*,*,#14228,.F.);
#14228 = EDGE_CURVE('',#14229,#3391,#14231,.T.);
#14229 = VERTEX_POINT('',#14230);
#14230 = CARTESIAN_POINT('',(260.27113822129,327.15955251265,
    -19.09033817672));
#14231 = LINE('',#14232,#14233);
#14232 = CARTESIAN_POINT('',(260.27113822129,327.15955251265,
    -19.09033817672));
#14233 = VECTOR('',#14234,1.);
#14234 = DIRECTION('',(0.,0.,1.));
#14235 = ORIENTED_EDGE('',*,*,#14236,.T.);
#14236 = EDGE_CURVE('',#14229,#14194,#14237,.T.);
#14237 = LINE('',#14238,#14239);
#14238 = CARTESIAN_POINT('',(258.0267812978,324.91519558916,
    -19.09033817672));
#14239 = VECTOR('',#14240,1.);
#14240 = DIRECTION('',(0.707106781187,0.707106781187,0.));
#14241 = PLANE('',#14242);
#14242 = AXIS2_PLACEMENT_3D('',#14243,#14244,#14245);
#14243 = CARTESIAN_POINT('',(258.0267812978,324.91519558916,
    -19.09033817672));
#14244 = DIRECTION('',(0.707106781187,-0.707106781187,0.));
#14245 = DIRECTION('',(0.,0.,1.));
#14246 = ADVANCED_FACE('',(#14247),#14274,.F.);
#14247 = FACE_BOUND('',#14248,.F.);
#14248 = EDGE_LOOP('',(#14249,#14257,#14266,#14272,#14273));
#14249 = ORIENTED_EDGE('',*,*,#14250,.F.);
#14250 = EDGE_CURVE('',#14251,#3355,#14253,.T.);
#14251 = VERTEX_POINT('',#14252);
#14252 = CARTESIAN_POINT('',(285.47242418061,321.23399764045,
    -19.09033817672));
#14253 = LINE('',#14254,#14255);
#14254 = CARTESIAN_POINT('',(285.47242418061,321.23399764045,
    -19.09033817672));
#14255 = VECTOR('',#14256,1.);
#14256 = DIRECTION('',(0.,0.,1.));
#14257 = ORIENTED_EDGE('',*,*,#14258,.T.);
#14258 = EDGE_CURVE('',#14251,#14259,#14261,.T.);
#14259 = VERTEX_POINT('',#14260);
#14260 = CARTESIAN_POINT('',(285.47242418061,325.72271148742,
    -19.09033817672));
#14261 = CIRCLE('',#14262,3.174);
#14262 = AXIS2_PLACEMENT_3D('',#14263,#14264,#14265);
#14263 = CARTESIAN_POINT('',(283.22806725712,323.47835456394,
    -19.09033817672));
#14264 = DIRECTION('',(0.,0.,1.));
#14265 = DIRECTION('',(-0.707106781187,-0.707106781187,0.));
#14266 = ORIENTED_EDGE('',*,*,#14267,.T.);
#14267 = EDGE_CURVE('',#14259,#3426,#14268,.T.);
#14268 = LINE('',#14269,#14270);
#14269 = CARTESIAN_POINT('',(285.47242418061,325.72271148742,
    -19.09033817672));
#14270 = VECTOR('',#14271,1.);
#14271 = DIRECTION('',(0.,0.,1.));
#14272 = ORIENTED_EDGE('',*,*,#3433,.F.);
#14273 = ORIENTED_EDGE('',*,*,#3354,.F.);
#14274 = CYLINDRICAL_SURFACE('',#14275,3.174);
#14275 = AXIS2_PLACEMENT_3D('',#14276,#14277,#14278);
#14276 = CARTESIAN_POINT('',(283.22806725712,323.47835456394,
    -19.09033817672));
#14277 = DIRECTION('',(0.,0.,1.));
#14278 = DIRECTION('',(0.707106781187,-0.707106781187,0.));
#14279 = ADVANCED_FACE('',(#14280),#14298,.F.);
#14280 = FACE_BOUND('',#14281,.F.);
#14281 = EDGE_LOOP('',(#14282,#14283,#14284,#14292));
#14282 = ORIENTED_EDGE('',*,*,#14250,.T.);
#14283 = ORIENTED_EDGE('',*,*,#3365,.F.);
#14284 = ORIENTED_EDGE('',*,*,#14285,.F.);
#14285 = EDGE_CURVE('',#14286,#3366,#14288,.T.);
#14286 = VERTEX_POINT('',#14287);
#14287 = CARTESIAN_POINT('',(275.83455863705,311.59613209689,
    -19.09033817672));
#14288 = LINE('',#14289,#14290);
#14289 = CARTESIAN_POINT('',(275.83455863705,311.59613209689,
    -19.09033817672));
#14290 = VECTOR('',#14291,1.);
#14291 = DIRECTION('',(0.,0.,1.));
#14292 = ORIENTED_EDGE('',*,*,#14293,.T.);
#14293 = EDGE_CURVE('',#14286,#14251,#14294,.T.);
#14294 = LINE('',#14295,#14296);
#14295 = CARTESIAN_POINT('',(273.59020171356,309.3517751734,
    -19.09033817672));
#14296 = VECTOR('',#14297,1.);
#14297 = DIRECTION('',(0.707106781187,0.707106781187,0.));
#14298 = PLANE('',#14299);
#14299 = AXIS2_PLACEMENT_3D('',#14300,#14301,#14302);
#14300 = CARTESIAN_POINT('',(273.59020171356,309.3517751734,
    -19.09033817672));
#14301 = DIRECTION('',(0.707106781187,-0.707106781187,0.));
#14302 = DIRECTION('',(0.,0.,1.));
#14303 = ADVANCED_FACE('',(#14304),#14323,.F.);
#14304 = FACE_BOUND('',#14305,.F.);
#14305 = EDGE_LOOP('',(#14306,#14314,#14321,#14322));
#14306 = ORIENTED_EDGE('',*,*,#14307,.F.);
#14307 = EDGE_CURVE('',#14308,#3374,#14310,.T.);
#14308 = VERTEX_POINT('',#14309);
#14309 = CARTESIAN_POINT('',(271.34584479008,311.59613209689,
    -19.09033817672));
#14310 = LINE('',#14311,#14312);
#14311 = CARTESIAN_POINT('',(271.34584479008,311.59613209689,
    -19.09033817672));
#14312 = VECTOR('',#14313,1.);
#14313 = DIRECTION('',(0.,0.,1.));
#14314 = ORIENTED_EDGE('',*,*,#14315,.T.);
#14315 = EDGE_CURVE('',#14308,#14286,#14316,.T.);
#14316 = CIRCLE('',#14317,3.174);
#14317 = AXIS2_PLACEMENT_3D('',#14318,#14319,#14320);
#14318 = CARTESIAN_POINT('',(273.59020171356,313.84048902038,
    -19.09033817672));
#14319 = DIRECTION('',(0.,0.,1.));
#14320 = DIRECTION('',(-0.707106781187,-0.707106781187,0.));
#14321 = ORIENTED_EDGE('',*,*,#14285,.T.);
#14322 = ORIENTED_EDGE('',*,*,#3373,.F.);
#14323 = CYLINDRICAL_SURFACE('',#14324,3.174);
#14324 = AXIS2_PLACEMENT_3D('',#14325,#14326,#14327);
#14325 = CARTESIAN_POINT('',(273.59020171356,313.84048902038,
    -19.09033817672));
#14326 = DIRECTION('',(0.,0.,1.));
#14327 = DIRECTION('',(-0.707106781187,-0.707106781187,0.));
#14328 = ADVANCED_FACE('',(#14329),#14347,.T.);
#14329 = FACE_BOUND('',#14330,.T.);
#14330 = EDGE_LOOP('',(#14331,#14332,#14340,#14346));
#14331 = ORIENTED_EDGE('',*,*,#14307,.F.);
#14332 = ORIENTED_EDGE('',*,*,#14333,.F.);
#14333 = EDGE_CURVE('',#14334,#14308,#14336,.T.);
#14334 = VERTEX_POINT('',#14335);
#14335 = CARTESIAN_POINT('',(260.27113822129,322.67083866568,
    -19.09033817672));
#14336 = LINE('',#14337,#14338);
#14337 = CARTESIAN_POINT('',(258.0267812978,324.91519558916,
    -19.09033817672));
#14338 = VECTOR('',#14339,1.);
#14339 = DIRECTION('',(0.707106781187,-0.707106781187,0.));
#14340 = ORIENTED_EDGE('',*,*,#14341,.T.);
#14341 = EDGE_CURVE('',#14334,#3383,#14342,.T.);
#14342 = LINE('',#14343,#14344);
#14343 = CARTESIAN_POINT('',(260.27113822129,322.67083866568,
    -19.09033817672));
#14344 = VECTOR('',#14345,1.);
#14345 = DIRECTION('',(0.,0.,1.));
#14346 = ORIENTED_EDGE('',*,*,#3382,.F.);
#14347 = PLANE('',#14348);
#14348 = AXIS2_PLACEMENT_3D('',#14349,#14350,#14351);
#14349 = CARTESIAN_POINT('',(258.0267812978,324.91519558916,
    -19.09033817672));
#14350 = DIRECTION('',(0.707106781187,0.707106781187,0.));
#14351 = DIRECTION('',(0.,0.,1.));
#14352 = ADVANCED_FACE('',(#14353),#14365,.F.);
#14353 = FACE_BOUND('',#14354,.F.);
#14354 = EDGE_LOOP('',(#14355,#14356,#14363,#14364));
#14355 = ORIENTED_EDGE('',*,*,#14228,.F.);
#14356 = ORIENTED_EDGE('',*,*,#14357,.T.);
#14357 = EDGE_CURVE('',#14229,#14334,#14358,.T.);
#14358 = CIRCLE('',#14359,3.174);
#14359 = AXIS2_PLACEMENT_3D('',#14360,#14361,#14362);
#14360 = CARTESIAN_POINT('',(262.51549514477,324.91519558916,
    -19.09033817672));
#14361 = DIRECTION('',(0.,0.,1.));
#14362 = DIRECTION('',(-0.707106781187,-0.707106781187,0.));
#14363 = ORIENTED_EDGE('',*,*,#14341,.T.);
#14364 = ORIENTED_EDGE('',*,*,#3390,.F.);
#14365 = CYLINDRICAL_SURFACE('',#14366,3.174);
#14366 = AXIS2_PLACEMENT_3D('',#14367,#14368,#14369);
#14367 = CARTESIAN_POINT('',(262.51549514477,324.91519558916,
    -19.09033817672));
#14368 = DIRECTION('',(0.,0.,1.));
#14369 = DIRECTION('',(-0.707106781187,0.707106781187,0.));
#14370 = ADVANCED_FACE('',(#14371),#14382,.F.);
#14371 = FACE_BOUND('',#14372,.F.);
#14372 = EDGE_LOOP('',(#14373,#14374,#14380,#14381));
#14373 = ORIENTED_EDGE('',*,*,#14267,.F.);
#14374 = ORIENTED_EDGE('',*,*,#14375,.F.);
#14375 = EDGE_CURVE('',#14202,#14259,#14376,.T.);
#14376 = LINE('',#14377,#14378);
#14377 = CARTESIAN_POINT('',(272.15336068833,339.0417749797,
    -19.09033817672));
#14378 = VECTOR('',#14379,1.);
#14379 = DIRECTION('',(0.707106781187,-0.707106781187,0.));
#14380 = ORIENTED_EDGE('',*,*,#14210,.T.);
#14381 = ORIENTED_EDGE('',*,*,#3425,.F.);
#14382 = PLANE('',#14383);
#14383 = AXIS2_PLACEMENT_3D('',#14384,#14385,#14386);
#14384 = CARTESIAN_POINT('',(272.15336068833,339.0417749797,
    -19.09033817672));
#14385 = DIRECTION('',(0.707106781187,0.707106781187,0.));
#14386 = DIRECTION('',(0.,0.,1.));
#14387 = ADVANCED_FACE('',(#14388),#14398,.T.);
#14388 = FACE_BOUND('',#14389,.T.);
#14389 = EDGE_LOOP('',(#14390,#14391,#14392,#14393,#14394,#14395,#14396,
    #14397));
#14390 = ORIENTED_EDGE('',*,*,#14293,.T.);
#14391 = ORIENTED_EDGE('',*,*,#14258,.T.);
#14392 = ORIENTED_EDGE('',*,*,#14375,.F.);
#14393 = ORIENTED_EDGE('',*,*,#14201,.F.);
#14394 = ORIENTED_EDGE('',*,*,#14236,.F.);
#14395 = ORIENTED_EDGE('',*,*,#14357,.T.);
#14396 = ORIENTED_EDGE('',*,*,#14333,.T.);
#14397 = ORIENTED_EDGE('',*,*,#14315,.T.);
#14398 = PLANE('',#14399);
#14399 = AXIS2_PLACEMENT_3D('',#14400,#14401,#14402);
#14400 = CARTESIAN_POINT('',(258.0267812978,324.91519558916,
    -19.09033817672));
#14401 = DIRECTION('',(0.,0.,1.));
#14402 = DIRECTION('',(0.707106781187,-0.707106781187,0.));
#14403 = ADVANCED_FACE('',(#14404),#14431,.F.);
#14404 = FACE_BOUND('',#14405,.T.);
#14405 = EDGE_LOOP('',(#14406,#14414,#14423,#14429,#14430));
#14406 = ORIENTED_EDGE('',*,*,#14407,.F.);
#14407 = EDGE_CURVE('',#14408,#3488,#14410,.T.);
#14408 = VERTEX_POINT('',#14409);
#14409 = CARTESIAN_POINT('',(582.46882420349,102.32891146469,
    -19.09033817672));
#14410 = LINE('',#14411,#14412);
#14411 = CARTESIAN_POINT('',(582.46882420349,102.32891146469,
    -19.09033817672));
#14412 = VECTOR('',#14413,1.);
#14413 = DIRECTION('',(0.,0.,1.));
#14414 = ORIENTED_EDGE('',*,*,#14415,.T.);
#14415 = EDGE_CURVE('',#14408,#14416,#14418,.T.);
#14416 = VERTEX_POINT('',#14417);
#14417 = CARTESIAN_POINT('',(579.29482420349,99.154911464691,
    -19.09033817672));
#14418 = CIRCLE('',#14419,3.174);
#14419 = AXIS2_PLACEMENT_3D('',#14420,#14421,#14422);
#14420 = CARTESIAN_POINT('',(579.29482420349,102.32891146469,
    -19.09033817672));
#14421 = DIRECTION('',(0.,0.,-1.));
#14422 = DIRECTION('',(0.,1.,0.));
#14423 = ORIENTED_EDGE('',*,*,#14424,.T.);
#14424 = EDGE_CURVE('',#14416,#3505,#14425,.T.);
#14425 = LINE('',#14426,#14427);
#14426 = CARTESIAN_POINT('',(579.29482420349,99.154911464691,
    -19.09033817672));
#14427 = VECTOR('',#14428,1.);
#14428 = DIRECTION('',(0.,0.,1.));
#14429 = ORIENTED_EDGE('',*,*,#3504,.T.);
#14430 = ORIENTED_EDGE('',*,*,#3495,.T.);
#14431 = CYLINDRICAL_SURFACE('',#14432,3.174);
#14432 = AXIS2_PLACEMENT_3D('',#14433,#14434,#14435);
#14433 = CARTESIAN_POINT('',(579.29482420349,102.32891146469,
    -19.09033817672));
#14434 = DIRECTION('',(0.,0.,1.));
#14435 = DIRECTION('',(1.,0.,0.));
#14436 = ADVANCED_FACE('',(#14437),#14455,.T.);
#14437 = FACE_BOUND('',#14438,.T.);
#14438 = EDGE_LOOP('',(#14439,#14440,#14441,#14449));
#14439 = ORIENTED_EDGE('',*,*,#14407,.T.);
#14440 = ORIENTED_EDGE('',*,*,#3487,.F.);
#14441 = ORIENTED_EDGE('',*,*,#14442,.F.);
#14442 = EDGE_CURVE('',#14443,#3479,#14445,.T.);
#14443 = VERTEX_POINT('',#14444);
#14444 = CARTESIAN_POINT('',(582.46882420349,115.95891162872,
    -19.09033817672));
#14445 = LINE('',#14446,#14447);
#14446 = CARTESIAN_POINT('',(582.46882420349,115.95891162872,
    -19.09033817672));
#14447 = VECTOR('',#14448,1.);
#14448 = DIRECTION('',(0.,0.,1.));
#14449 = ORIENTED_EDGE('',*,*,#14450,.T.);
#14450 = EDGE_CURVE('',#14443,#14408,#14451,.T.);
#14451 = LINE('',#14452,#14453);
#14452 = CARTESIAN_POINT('',(582.46882420349,119.13291162872,
    -19.09033817672));
#14453 = VECTOR('',#14454,1.);
#14454 = DIRECTION('',(0.,-1.,0.));
#14455 = PLANE('',#14456);
#14456 = AXIS2_PLACEMENT_3D('',#14457,#14458,#14459);
#14457 = CARTESIAN_POINT('',(582.46882420349,119.13291162872,
    -19.09033817672));
#14458 = DIRECTION('',(-1.,0.,0.));
#14459 = DIRECTION('',(0.,0.,1.));
#14460 = ADVANCED_FACE('',(#14461),#14488,.F.);
#14461 = FACE_BOUND('',#14462,.F.);
#14462 = EDGE_LOOP('',(#14463,#14471,#14480,#14486,#14487));
#14463 = ORIENTED_EDGE('',*,*,#14464,.F.);
#14464 = EDGE_CURVE('',#14465,#3443,#14467,.T.);
#14465 = VERTEX_POINT('',#14466);
#14466 = CARTESIAN_POINT('',(560.4588239746,102.32891146469,
    -19.09033817672));
#14467 = LINE('',#14468,#14469);
#14468 = CARTESIAN_POINT('',(560.4588239746,102.32891146469,
    -19.09033817672));
#14469 = VECTOR('',#14470,1.);
#14470 = DIRECTION('',(0.,0.,1.));
#14471 = ORIENTED_EDGE('',*,*,#14472,.T.);
#14472 = EDGE_CURVE('',#14465,#14473,#14475,.T.);
#14473 = VERTEX_POINT('',#14474);
#14474 = CARTESIAN_POINT('',(563.6328239746,99.154911464691,
    -19.09033817672));
#14475 = CIRCLE('',#14476,3.174);
#14476 = AXIS2_PLACEMENT_3D('',#14477,#14478,#14479);
#14477 = CARTESIAN_POINT('',(563.6328239746,102.32891146469,
    -19.09033817672));
#14478 = DIRECTION('',(0.,-0.,1.));
#14479 = DIRECTION('',(0.,1.,0.));
#14480 = ORIENTED_EDGE('',*,*,#14481,.T.);
#14481 = EDGE_CURVE('',#14473,#3514,#14482,.T.);
#14482 = LINE('',#14483,#14484);
#14483 = CARTESIAN_POINT('',(563.6328239746,99.154911464691,
    -19.09033817672));
#14484 = VECTOR('',#14485,1.);
#14485 = DIRECTION('',(0.,0.,1.));
#14486 = ORIENTED_EDGE('',*,*,#3521,.F.);
#14487 = ORIENTED_EDGE('',*,*,#3442,.F.);
#14488 = CYLINDRICAL_SURFACE('',#14489,3.174);
#14489 = AXIS2_PLACEMENT_3D('',#14490,#14491,#14492);
#14490 = CARTESIAN_POINT('',(563.6328239746,102.32891146469,
    -19.09033817672));
#14491 = DIRECTION('',(0.,0.,1.));
#14492 = DIRECTION('',(-1.,0.,0.));
#14493 = ADVANCED_FACE('',(#14494),#14512,.F.);
#14494 = FACE_BOUND('',#14495,.F.);
#14495 = EDGE_LOOP('',(#14496,#14497,#14498,#14506));
#14496 = ORIENTED_EDGE('',*,*,#14464,.T.);
#14497 = ORIENTED_EDGE('',*,*,#3453,.F.);
#14498 = ORIENTED_EDGE('',*,*,#14499,.F.);
#14499 = EDGE_CURVE('',#14500,#3454,#14502,.T.);
#14500 = VERTEX_POINT('',#14501);
#14501 = CARTESIAN_POINT('',(560.4588239746,115.95891162872,
    -19.09033817672));
#14502 = LINE('',#14503,#14504);
#14503 = CARTESIAN_POINT('',(560.4588239746,115.95891162872,
    -19.09033817672));
#14504 = VECTOR('',#14505,1.);
#14505 = DIRECTION('',(0.,0.,1.));
#14506 = ORIENTED_EDGE('',*,*,#14507,.T.);
#14507 = EDGE_CURVE('',#14500,#14465,#14508,.T.);
#14508 = LINE('',#14509,#14510);
#14509 = CARTESIAN_POINT('',(560.4588239746,119.13291162872,
    -19.09033817672));
#14510 = VECTOR('',#14511,1.);
#14511 = DIRECTION('',(0.,-1.,0.));
#14512 = PLANE('',#14513);
#14513 = AXIS2_PLACEMENT_3D('',#14514,#14515,#14516);
#14514 = CARTESIAN_POINT('',(560.4588239746,119.13291162872,
    -19.09033817672));
#14515 = DIRECTION('',(-1.,0.,0.));
#14516 = DIRECTION('',(0.,0.,1.));
#14517 = ADVANCED_FACE('',(#14518),#14537,.F.);
#14518 = FACE_BOUND('',#14519,.F.);
#14519 = EDGE_LOOP('',(#14520,#14528,#14535,#14536));
#14520 = ORIENTED_EDGE('',*,*,#14521,.F.);
#14521 = EDGE_CURVE('',#14522,#3462,#14524,.T.);
#14522 = VERTEX_POINT('',#14523);
#14523 = CARTESIAN_POINT('',(563.6328239746,119.13291162872,
    -19.09033817672));
#14524 = LINE('',#14525,#14526);
#14525 = CARTESIAN_POINT('',(563.6328239746,119.13291162872,
    -19.09033817672));
#14526 = VECTOR('',#14527,1.);
#14527 = DIRECTION('',(0.,0.,1.));
#14528 = ORIENTED_EDGE('',*,*,#14529,.T.);
#14529 = EDGE_CURVE('',#14522,#14500,#14530,.T.);
#14530 = CIRCLE('',#14531,3.174);
#14531 = AXIS2_PLACEMENT_3D('',#14532,#14533,#14534);
#14532 = CARTESIAN_POINT('',(563.6328239746,115.95891162872,
    -19.09033817672));
#14533 = DIRECTION('',(0.,-0.,1.));
#14534 = DIRECTION('',(0.,1.,0.));
#14535 = ORIENTED_EDGE('',*,*,#14499,.T.);
#14536 = ORIENTED_EDGE('',*,*,#3461,.F.);
#14537 = CYLINDRICAL_SURFACE('',#14538,3.174);
#14538 = AXIS2_PLACEMENT_3D('',#14539,#14540,#14541);
#14539 = CARTESIAN_POINT('',(563.6328239746,115.95891162872,
    -19.09033817672));
#14540 = DIRECTION('',(0.,0.,1.));
#14541 = DIRECTION('',(0.,1.,0.));
#14542 = ADVANCED_FACE('',(#14543),#14561,.T.);
#14543 = FACE_BOUND('',#14544,.T.);
#14544 = EDGE_LOOP('',(#14545,#14546,#14554,#14560));
#14545 = ORIENTED_EDGE('',*,*,#14521,.F.);
#14546 = ORIENTED_EDGE('',*,*,#14547,.F.);
#14547 = EDGE_CURVE('',#14548,#14522,#14550,.T.);
#14548 = VERTEX_POINT('',#14549);
#14549 = CARTESIAN_POINT('',(579.29482420349,119.13291162872,
    -19.09033817672));
#14550 = LINE('',#14551,#14552);
#14551 = CARTESIAN_POINT('',(582.46882420349,119.13291162872,
    -19.09033817672));
#14552 = VECTOR('',#14553,1.);
#14553 = DIRECTION('',(-1.,0.,0.));
#14554 = ORIENTED_EDGE('',*,*,#14555,.T.);
#14555 = EDGE_CURVE('',#14548,#3471,#14556,.T.);
#14556 = LINE('',#14557,#14558);
#14557 = CARTESIAN_POINT('',(579.29482420349,119.13291162872,
    -19.09033817672));
#14558 = VECTOR('',#14559,1.);
#14559 = DIRECTION('',(0.,0.,1.));
#14560 = ORIENTED_EDGE('',*,*,#3470,.F.);
#14561 = PLANE('',#14562);
#14562 = AXIS2_PLACEMENT_3D('',#14563,#14564,#14565);
#14563 = CARTESIAN_POINT('',(582.46882420349,119.13291162872,
    -19.09033817672));
#14564 = DIRECTION('',(0.,-1.,0.));
#14565 = DIRECTION('',(0.,0.,1.));
#14566 = ADVANCED_FACE('',(#14567),#14579,.F.);
#14567 = FACE_BOUND('',#14568,.F.);
#14568 = EDGE_LOOP('',(#14569,#14570,#14577,#14578));
#14569 = ORIENTED_EDGE('',*,*,#14442,.F.);
#14570 = ORIENTED_EDGE('',*,*,#14571,.T.);
#14571 = EDGE_CURVE('',#14443,#14548,#14572,.T.);
#14572 = CIRCLE('',#14573,3.174);
#14573 = AXIS2_PLACEMENT_3D('',#14574,#14575,#14576);
#14574 = CARTESIAN_POINT('',(579.29482420349,115.95891162872,
    -19.09033817672));
#14575 = DIRECTION('',(0.,-0.,1.));
#14576 = DIRECTION('',(0.,1.,0.));
#14577 = ORIENTED_EDGE('',*,*,#14555,.T.);
#14578 = ORIENTED_EDGE('',*,*,#3478,.F.);
#14579 = CYLINDRICAL_SURFACE('',#14580,3.174);
#14580 = AXIS2_PLACEMENT_3D('',#14581,#14582,#14583);
#14581 = CARTESIAN_POINT('',(579.29482420349,115.95891162872,
    -19.09033817672));
#14582 = DIRECTION('',(0.,0.,1.));
#14583 = DIRECTION('',(1.,0.,0.));
#14584 = ADVANCED_FACE('',(#14585),#14596,.F.);
#14585 = FACE_BOUND('',#14586,.F.);
#14586 = EDGE_LOOP('',(#14587,#14588,#14594,#14595));
#14587 = ORIENTED_EDGE('',*,*,#14481,.F.);
#14588 = ORIENTED_EDGE('',*,*,#14589,.F.);
#14589 = EDGE_CURVE('',#14416,#14473,#14590,.T.);
#14590 = LINE('',#14591,#14592);
#14591 = CARTESIAN_POINT('',(582.46882420349,99.154911464691,
    -19.09033817672));
#14592 = VECTOR('',#14593,1.);
#14593 = DIRECTION('',(-1.,0.,0.));
#14594 = ORIENTED_EDGE('',*,*,#14424,.T.);
#14595 = ORIENTED_EDGE('',*,*,#3513,.F.);
#14596 = PLANE('',#14597);
#14597 = AXIS2_PLACEMENT_3D('',#14598,#14599,#14600);
#14598 = CARTESIAN_POINT('',(582.46882420349,99.154911464691,
    -19.09033817672));
#14599 = DIRECTION('',(0.,-1.,0.));
#14600 = DIRECTION('',(0.,0.,1.));
#14601 = ADVANCED_FACE('',(#14602),#14612,.T.);
#14602 = FACE_BOUND('',#14603,.T.);
#14603 = EDGE_LOOP('',(#14604,#14605,#14606,#14607,#14608,#14609,#14610,
    #14611));
#14604 = ORIENTED_EDGE('',*,*,#14507,.T.);
#14605 = ORIENTED_EDGE('',*,*,#14472,.T.);
#14606 = ORIENTED_EDGE('',*,*,#14589,.F.);
#14607 = ORIENTED_EDGE('',*,*,#14415,.F.);
#14608 = ORIENTED_EDGE('',*,*,#14450,.F.);
#14609 = ORIENTED_EDGE('',*,*,#14571,.T.);
#14610 = ORIENTED_EDGE('',*,*,#14547,.T.);
#14611 = ORIENTED_EDGE('',*,*,#14529,.T.);
#14612 = PLANE('',#14613);
#14613 = AXIS2_PLACEMENT_3D('',#14614,#14615,#14616);
#14614 = CARTESIAN_POINT('',(582.46882420349,119.13291162872,
    -19.09033817672));
#14615 = DIRECTION('',(0.,0.,1.));
#14616 = DIRECTION('',(-1.,0.,0.));
#14617 = ADVANCED_FACE('',(#14618),#14645,.F.);
#14618 = FACE_BOUND('',#14619,.T.);
#14619 = EDGE_LOOP('',(#14620,#14628,#14637,#14643,#14644));
#14620 = ORIENTED_EDGE('',*,*,#14621,.F.);
#14621 = EDGE_CURVE('',#14622,#3576,#14624,.T.);
#14622 = VERTEX_POINT('',#14623);
#14623 = CARTESIAN_POINT('',(592.46882420349,309.32891146469,
    -19.09033817672));
#14624 = LINE('',#14625,#14626);
#14625 = CARTESIAN_POINT('',(592.46882420349,309.32891146469,
    -19.09033817672));
#14626 = VECTOR('',#14627,1.);
#14627 = DIRECTION('',(0.,0.,1.));
#14628 = ORIENTED_EDGE('',*,*,#14629,.T.);
#14629 = EDGE_CURVE('',#14622,#14630,#14632,.T.);
#14630 = VERTEX_POINT('',#14631);
#14631 = CARTESIAN_POINT('',(589.29482420349,306.15491146469,
    -19.09033817672));
#14632 = CIRCLE('',#14633,3.174);
#14633 = AXIS2_PLACEMENT_3D('',#14634,#14635,#14636);
#14634 = CARTESIAN_POINT('',(589.29482420349,309.32891146469,
    -19.09033817672));
#14635 = DIRECTION('',(0.,0.,-1.));
#14636 = DIRECTION('',(0.,1.,0.));
#14637 = ORIENTED_EDGE('',*,*,#14638,.T.);
#14638 = EDGE_CURVE('',#14630,#3593,#14639,.T.);
#14639 = LINE('',#14640,#14641);
#14640 = CARTESIAN_POINT('',(589.29482420349,306.15491146469,
    -19.09033817672));
#14641 = VECTOR('',#14642,1.);
#14642 = DIRECTION('',(0.,0.,1.));
#14643 = ORIENTED_EDGE('',*,*,#3592,.T.);
#14644 = ORIENTED_EDGE('',*,*,#3583,.T.);
#14645 = CYLINDRICAL_SURFACE('',#14646,3.174);
#14646 = AXIS2_PLACEMENT_3D('',#14647,#14648,#14649);
#14647 = CARTESIAN_POINT('',(589.29482420349,309.32891146469,
    -19.09033817672));
#14648 = DIRECTION('',(0.,0.,1.));
#14649 = DIRECTION('',(1.,0.,0.));
#14650 = ADVANCED_FACE('',(#14651),#14669,.T.);
#14651 = FACE_BOUND('',#14652,.T.);
#14652 = EDGE_LOOP('',(#14653,#14654,#14655,#14663));
#14653 = ORIENTED_EDGE('',*,*,#14621,.T.);
#14654 = ORIENTED_EDGE('',*,*,#3575,.F.);
#14655 = ORIENTED_EDGE('',*,*,#14656,.F.);
#14656 = EDGE_CURVE('',#14657,#3567,#14659,.T.);
#14657 = VERTEX_POINT('',#14658);
#14658 = CARTESIAN_POINT('',(592.46882420349,322.95891162872,
    -19.09033817672));
#14659 = LINE('',#14660,#14661);
#14660 = CARTESIAN_POINT('',(592.46882420349,322.95891162872,
    -19.09033817672));
#14661 = VECTOR('',#14662,1.);
#14662 = DIRECTION('',(0.,0.,1.));
#14663 = ORIENTED_EDGE('',*,*,#14664,.T.);
#14664 = EDGE_CURVE('',#14657,#14622,#14665,.T.);
#14665 = LINE('',#14666,#14667);
#14666 = CARTESIAN_POINT('',(592.46882420349,326.13291162872,
    -19.09033817672));
#14667 = VECTOR('',#14668,1.);
#14668 = DIRECTION('',(0.,-1.,0.));
#14669 = PLANE('',#14670);
#14670 = AXIS2_PLACEMENT_3D('',#14671,#14672,#14673);
#14671 = CARTESIAN_POINT('',(592.46882420349,326.13291162872,
    -19.09033817672));
#14672 = DIRECTION('',(-1.,0.,0.));
#14673 = DIRECTION('',(0.,0.,1.));
#14674 = ADVANCED_FACE('',(#14675),#14702,.F.);
#14675 = FACE_BOUND('',#14676,.F.);
#14676 = EDGE_LOOP('',(#14677,#14685,#14694,#14700,#14701));
#14677 = ORIENTED_EDGE('',*,*,#14678,.F.);
#14678 = EDGE_CURVE('',#14679,#3531,#14681,.T.);
#14679 = VERTEX_POINT('',#14680);
#14680 = CARTESIAN_POINT('',(570.4588239746,309.32891146469,
    -19.09033817672));
#14681 = LINE('',#14682,#14683);
#14682 = CARTESIAN_POINT('',(570.4588239746,309.32891146469,
    -19.09033817672));
#14683 = VECTOR('',#14684,1.);
#14684 = DIRECTION('',(0.,0.,1.));
#14685 = ORIENTED_EDGE('',*,*,#14686,.T.);
#14686 = EDGE_CURVE('',#14679,#14687,#14689,.T.);
#14687 = VERTEX_POINT('',#14688);
#14688 = CARTESIAN_POINT('',(573.6328239746,306.15491146469,
    -19.09033817672));
#14689 = CIRCLE('',#14690,3.174);
#14690 = AXIS2_PLACEMENT_3D('',#14691,#14692,#14693);
#14691 = CARTESIAN_POINT('',(573.6328239746,309.32891146469,
    -19.09033817672));
#14692 = DIRECTION('',(0.,-0.,1.));
#14693 = DIRECTION('',(0.,1.,0.));
#14694 = ORIENTED_EDGE('',*,*,#14695,.T.);
#14695 = EDGE_CURVE('',#14687,#3602,#14696,.T.);
#14696 = LINE('',#14697,#14698);
#14697 = CARTESIAN_POINT('',(573.6328239746,306.15491146469,
    -19.09033817672));
#14698 = VECTOR('',#14699,1.);
#14699 = DIRECTION('',(0.,0.,1.));
#14700 = ORIENTED_EDGE('',*,*,#3609,.F.);
#14701 = ORIENTED_EDGE('',*,*,#3530,.F.);
#14702 = CYLINDRICAL_SURFACE('',#14703,3.174);
#14703 = AXIS2_PLACEMENT_3D('',#14704,#14705,#14706);
#14704 = CARTESIAN_POINT('',(573.6328239746,309.32891146469,
    -19.09033817672));
#14705 = DIRECTION('',(0.,0.,1.));
#14706 = DIRECTION('',(-1.,0.,0.));
#14707 = ADVANCED_FACE('',(#14708),#14726,.F.);
#14708 = FACE_BOUND('',#14709,.F.);
#14709 = EDGE_LOOP('',(#14710,#14711,#14712,#14720));
#14710 = ORIENTED_EDGE('',*,*,#14678,.T.);
#14711 = ORIENTED_EDGE('',*,*,#3541,.F.);
#14712 = ORIENTED_EDGE('',*,*,#14713,.F.);
#14713 = EDGE_CURVE('',#14714,#3542,#14716,.T.);
#14714 = VERTEX_POINT('',#14715);
#14715 = CARTESIAN_POINT('',(570.4588239746,322.95891162872,
    -19.09033817672));
#14716 = LINE('',#14717,#14718);
#14717 = CARTESIAN_POINT('',(570.4588239746,322.95891162872,
    -19.09033817672));
#14718 = VECTOR('',#14719,1.);
#14719 = DIRECTION('',(0.,0.,1.));
#14720 = ORIENTED_EDGE('',*,*,#14721,.T.);
#14721 = EDGE_CURVE('',#14714,#14679,#14722,.T.);
#14722 = LINE('',#14723,#14724);
#14723 = CARTESIAN_POINT('',(570.4588239746,326.13291162872,
    -19.09033817672));
#14724 = VECTOR('',#14725,1.);
#14725 = DIRECTION('',(0.,-1.,0.));
#14726 = PLANE('',#14727);
#14727 = AXIS2_PLACEMENT_3D('',#14728,#14729,#14730);
#14728 = CARTESIAN_POINT('',(570.4588239746,326.13291162872,
    -19.09033817672));
#14729 = DIRECTION('',(-1.,0.,0.));
#14730 = DIRECTION('',(0.,0.,1.));
#14731 = ADVANCED_FACE('',(#14732),#14751,.F.);
#14732 = FACE_BOUND('',#14733,.F.);
#14733 = EDGE_LOOP('',(#14734,#14742,#14749,#14750));
#14734 = ORIENTED_EDGE('',*,*,#14735,.F.);
#14735 = EDGE_CURVE('',#14736,#3550,#14738,.T.);
#14736 = VERTEX_POINT('',#14737);
#14737 = CARTESIAN_POINT('',(573.6328239746,326.13291162872,
    -19.09033817672));
#14738 = LINE('',#14739,#14740);
#14739 = CARTESIAN_POINT('',(573.6328239746,326.13291162872,
    -19.09033817672));
#14740 = VECTOR('',#14741,1.);
#14741 = DIRECTION('',(0.,0.,1.));
#14742 = ORIENTED_EDGE('',*,*,#14743,.T.);
#14743 = EDGE_CURVE('',#14736,#14714,#14744,.T.);
#14744 = CIRCLE('',#14745,3.174);
#14745 = AXIS2_PLACEMENT_3D('',#14746,#14747,#14748);
#14746 = CARTESIAN_POINT('',(573.6328239746,322.95891162872,
    -19.09033817672));
#14747 = DIRECTION('',(0.,-0.,1.));
#14748 = DIRECTION('',(0.,1.,0.));
#14749 = ORIENTED_EDGE('',*,*,#14713,.T.);
#14750 = ORIENTED_EDGE('',*,*,#3549,.F.);
#14751 = CYLINDRICAL_SURFACE('',#14752,3.174);
#14752 = AXIS2_PLACEMENT_3D('',#14753,#14754,#14755);
#14753 = CARTESIAN_POINT('',(573.6328239746,322.95891162872,
    -19.09033817672));
#14754 = DIRECTION('',(0.,0.,1.));
#14755 = DIRECTION('',(0.,1.,0.));
#14756 = ADVANCED_FACE('',(#14757),#14775,.T.);
#14757 = FACE_BOUND('',#14758,.T.);
#14758 = EDGE_LOOP('',(#14759,#14760,#14768,#14774));
#14759 = ORIENTED_EDGE('',*,*,#14735,.F.);
#14760 = ORIENTED_EDGE('',*,*,#14761,.F.);
#14761 = EDGE_CURVE('',#14762,#14736,#14764,.T.);
#14762 = VERTEX_POINT('',#14763);
#14763 = CARTESIAN_POINT('',(589.29482420349,326.13291162872,
    -19.09033817672));
#14764 = LINE('',#14765,#14766);
#14765 = CARTESIAN_POINT('',(592.46882420349,326.13291162872,
    -19.09033817672));
#14766 = VECTOR('',#14767,1.);
#14767 = DIRECTION('',(-1.,0.,0.));
#14768 = ORIENTED_EDGE('',*,*,#14769,.T.);
#14769 = EDGE_CURVE('',#14762,#3559,#14770,.T.);
#14770 = LINE('',#14771,#14772);
#14771 = CARTESIAN_POINT('',(589.29482420349,326.13291162872,
    -19.09033817672));
#14772 = VECTOR('',#14773,1.);
#14773 = DIRECTION('',(0.,0.,1.));
#14774 = ORIENTED_EDGE('',*,*,#3558,.F.);
#14775 = PLANE('',#14776);
#14776 = AXIS2_PLACEMENT_3D('',#14777,#14778,#14779);
#14777 = CARTESIAN_POINT('',(592.46882420349,326.13291162872,
    -19.09033817672));
#14778 = DIRECTION('',(0.,-1.,0.));
#14779 = DIRECTION('',(0.,0.,1.));
#14780 = ADVANCED_FACE('',(#14781),#14793,.F.);
#14781 = FACE_BOUND('',#14782,.F.);
#14782 = EDGE_LOOP('',(#14783,#14784,#14791,#14792));
#14783 = ORIENTED_EDGE('',*,*,#14656,.F.);
#14784 = ORIENTED_EDGE('',*,*,#14785,.T.);
#14785 = EDGE_CURVE('',#14657,#14762,#14786,.T.);
#14786 = CIRCLE('',#14787,3.174);
#14787 = AXIS2_PLACEMENT_3D('',#14788,#14789,#14790);
#14788 = CARTESIAN_POINT('',(589.29482420349,322.95891162872,
    -19.09033817672));
#14789 = DIRECTION('',(0.,-0.,1.));
#14790 = DIRECTION('',(0.,1.,0.));
#14791 = ORIENTED_EDGE('',*,*,#14769,.T.);
#14792 = ORIENTED_EDGE('',*,*,#3566,.F.);
#14793 = CYLINDRICAL_SURFACE('',#14794,3.174);
#14794 = AXIS2_PLACEMENT_3D('',#14795,#14796,#14797);
#14795 = CARTESIAN_POINT('',(589.29482420349,322.95891162872,
    -19.09033817672));
#14796 = DIRECTION('',(0.,0.,1.));
#14797 = DIRECTION('',(1.,0.,0.));
#14798 = ADVANCED_FACE('',(#14799),#14810,.F.);
#14799 = FACE_BOUND('',#14800,.F.);
#14800 = EDGE_LOOP('',(#14801,#14802,#14808,#14809));
#14801 = ORIENTED_EDGE('',*,*,#14695,.F.);
#14802 = ORIENTED_EDGE('',*,*,#14803,.F.);
#14803 = EDGE_CURVE('',#14630,#14687,#14804,.T.);
#14804 = LINE('',#14805,#14806);
#14805 = CARTESIAN_POINT('',(592.46882420349,306.15491146469,
    -19.09033817672));
#14806 = VECTOR('',#14807,1.);
#14807 = DIRECTION('',(-1.,0.,0.));
#14808 = ORIENTED_EDGE('',*,*,#14638,.T.);
#14809 = ORIENTED_EDGE('',*,*,#3601,.F.);
#14810 = PLANE('',#14811);
#14811 = AXIS2_PLACEMENT_3D('',#14812,#14813,#14814);
#14812 = CARTESIAN_POINT('',(592.46882420349,306.15491146469,
    -19.09033817672));
#14813 = DIRECTION('',(0.,-1.,0.));
#14814 = DIRECTION('',(0.,0.,1.));
#14815 = ADVANCED_FACE('',(#14816),#14826,.T.);
#14816 = FACE_BOUND('',#14817,.T.);
#14817 = EDGE_LOOP('',(#14818,#14819,#14820,#14821,#14822,#14823,#14824,
    #14825));
#14818 = ORIENTED_EDGE('',*,*,#14721,.T.);
#14819 = ORIENTED_EDGE('',*,*,#14686,.T.);
#14820 = ORIENTED_EDGE('',*,*,#14803,.F.);
#14821 = ORIENTED_EDGE('',*,*,#14629,.F.);
#14822 = ORIENTED_EDGE('',*,*,#14664,.F.);
#14823 = ORIENTED_EDGE('',*,*,#14785,.T.);
#14824 = ORIENTED_EDGE('',*,*,#14761,.T.);
#14825 = ORIENTED_EDGE('',*,*,#14743,.T.);
#14826 = PLANE('',#14827);
#14827 = AXIS2_PLACEMENT_3D('',#14828,#14829,#14830);
#14828 = CARTESIAN_POINT('',(592.46882420349,326.13291162872,
    -19.09033817672));
#14829 = DIRECTION('',(0.,0.,1.));
#14830 = DIRECTION('',(-1.,0.,0.));
#14831 = ADVANCED_FACE('',(#14832),#14857,.F.);
#14832 = FACE_BOUND('',#14833,.F.);
#14833 = EDGE_LOOP('',(#14834,#14835,#14843,#14851));
#14834 = ORIENTED_EDGE('',*,*,#3618,.F.);
#14835 = ORIENTED_EDGE('',*,*,#14836,.F.);
#14836 = EDGE_CURVE('',#14837,#3619,#14839,.T.);
#14837 = VERTEX_POINT('',#14838);
#14838 = CARTESIAN_POINT('',(462.794,239.326,-13.7));
#14839 = LINE('',#14840,#14841);
#14840 = CARTESIAN_POINT('',(462.794,239.326,-13.7));
#14841 = VECTOR('',#14842,1.);
#14842 = DIRECTION('',(0.,0.,1.));
#14843 = ORIENTED_EDGE('',*,*,#14844,.T.);
#14844 = EDGE_CURVE('',#14837,#14845,#14847,.T.);
#14845 = VERTEX_POINT('',#14846);
#14846 = CARTESIAN_POINT('',(462.794,220.674,-13.7));
#14847 = LINE('',#14848,#14849);
#14848 = CARTESIAN_POINT('',(462.794,242.5,-13.7));
#14849 = VECTOR('',#14850,1.);
#14850 = DIRECTION('',(0.,-1.,0.));
#14851 = ORIENTED_EDGE('',*,*,#14852,.T.);
#14852 = EDGE_CURVE('',#14845,#3621,#14853,.T.);
#14853 = LINE('',#14854,#14855);
#14854 = CARTESIAN_POINT('',(462.794,220.674,-13.7));
#14855 = VECTOR('',#14856,1.);
#14856 = DIRECTION('',(0.,0.,1.));
#14857 = PLANE('',#14858);
#14858 = AXIS2_PLACEMENT_3D('',#14859,#14860,#14861);
#14859 = CARTESIAN_POINT('',(462.794,242.5,-13.7));
#14860 = DIRECTION('',(-1.,0.,0.));
#14861 = DIRECTION('',(0.,0.,1.));
#14862 = ADVANCED_FACE('',(#14863),#14882,.F.);
#14863 = FACE_BOUND('',#14864,.F.);
#14864 = EDGE_LOOP('',(#14865,#14874,#14875,#14876));
#14865 = ORIENTED_EDGE('',*,*,#14866,.T.);
#14866 = EDGE_CURVE('',#14867,#14837,#14869,.T.);
#14867 = VERTEX_POINT('',#14868);
#14868 = CARTESIAN_POINT('',(465.968,242.5,-13.7));
#14869 = CIRCLE('',#14870,3.174);
#14870 = AXIS2_PLACEMENT_3D('',#14871,#14872,#14873);
#14871 = CARTESIAN_POINT('',(465.968,239.326,-13.7));
#14872 = DIRECTION('',(0.,-0.,1.));
#14873 = DIRECTION('',(0.,1.,0.));
#14874 = ORIENTED_EDGE('',*,*,#14836,.T.);
#14875 = ORIENTED_EDGE('',*,*,#3628,.F.);
#14876 = ORIENTED_EDGE('',*,*,#14877,.F.);
#14877 = EDGE_CURVE('',#14867,#3629,#14878,.T.);
#14878 = LINE('',#14879,#14880);
#14879 = CARTESIAN_POINT('',(465.968,242.5,-13.7));
#14880 = VECTOR('',#14881,1.);
#14881 = DIRECTION('',(0.,0.,1.));
#14882 = CYLINDRICAL_SURFACE('',#14883,3.174);
#14883 = AXIS2_PLACEMENT_3D('',#14884,#14885,#14886);
#14884 = CARTESIAN_POINT('',(465.968,239.326,-13.7));
#14885 = DIRECTION('',(0.,0.,1.));
#14886 = DIRECTION('',(0.,1.,0.));
#14887 = ADVANCED_FACE('',(#14888),#14907,.F.);
#14888 = FACE_BOUND('',#14889,.F.);
#14889 = EDGE_LOOP('',(#14890,#14899,#14905,#14906));
#14890 = ORIENTED_EDGE('',*,*,#14891,.T.);
#14891 = EDGE_CURVE('',#14845,#14892,#14894,.T.);
#14892 = VERTEX_POINT('',#14893);
#14893 = CARTESIAN_POINT('',(465.968,217.5,-13.7));
#14894 = CIRCLE('',#14895,3.174);
#14895 = AXIS2_PLACEMENT_3D('',#14896,#14897,#14898);
#14896 = CARTESIAN_POINT('',(465.968,220.674,-13.7));
#14897 = DIRECTION('',(0.,-0.,1.));
#14898 = DIRECTION('',(0.,1.,0.));
#14899 = ORIENTED_EDGE('',*,*,#14900,.T.);
#14900 = EDGE_CURVE('',#14892,#3672,#14901,.T.);
#14901 = LINE('',#14902,#14903);
#14902 = CARTESIAN_POINT('',(465.968,217.5,-13.7));
#14903 = VECTOR('',#14904,1.);
#14904 = DIRECTION('',(0.,0.,1.));
#14905 = ORIENTED_EDGE('',*,*,#3679,.F.);
#14906 = ORIENTED_EDGE('',*,*,#14852,.F.);
#14907 = CYLINDRICAL_SURFACE('',#14908,3.174);
#14908 = AXIS2_PLACEMENT_3D('',#14909,#14910,#14911);
#14909 = CARTESIAN_POINT('',(465.968,220.674,-13.7));
#14910 = DIRECTION('',(0.,0.,1.));
#14911 = DIRECTION('',(-1.,0.,0.));
#14912 = ADVANCED_FACE('',(#14913),#14931,.T.);
#14913 = FACE_BOUND('',#14914,.T.);
#14914 = EDGE_LOOP('',(#14915,#14923,#14929,#14930));
#14915 = ORIENTED_EDGE('',*,*,#14916,.F.);
#14916 = EDGE_CURVE('',#14917,#14867,#14919,.T.);
#14917 = VERTEX_POINT('',#14918);
#14918 = CARTESIAN_POINT('',(466.12,242.5,-13.7));
#14919 = LINE('',#14920,#14921);
#14920 = CARTESIAN_POINT('',(469.294,242.5,-13.7));
#14921 = VECTOR('',#14922,1.);
#14922 = DIRECTION('',(-1.,0.,0.));
#14923 = ORIENTED_EDGE('',*,*,#14924,.T.);
#14924 = EDGE_CURVE('',#14917,#3638,#14925,.T.);
#14925 = LINE('',#14926,#14927);
#14926 = CARTESIAN_POINT('',(466.12,242.5,-13.7));
#14927 = VECTOR('',#14928,1.);
#14928 = DIRECTION('',(0.,0.,1.));
#14929 = ORIENTED_EDGE('',*,*,#3637,.T.);
#14930 = ORIENTED_EDGE('',*,*,#14877,.F.);
#14931 = PLANE('',#14932);
#14932 = AXIS2_PLACEMENT_3D('',#14933,#14934,#14935);
#14933 = CARTESIAN_POINT('',(469.294,242.5,-13.7));
#14934 = DIRECTION('',(0.,-1.,0.));
#14935 = DIRECTION('',(0.,0.,1.));
#14936 = ADVANCED_FACE('',(#14937),#14955,.F.);
#14937 = FACE_BOUND('',#14938,.F.);
#14938 = EDGE_LOOP('',(#14939,#14947,#14953,#14954));
#14939 = ORIENTED_EDGE('',*,*,#14940,.F.);
#14940 = EDGE_CURVE('',#14941,#14892,#14943,.T.);
#14941 = VERTEX_POINT('',#14942);
#14942 = CARTESIAN_POINT('',(466.12,217.5,-13.7));
#14943 = LINE('',#14944,#14945);
#14944 = CARTESIAN_POINT('',(469.294,217.5,-13.7));
#14945 = VECTOR('',#14946,1.);
#14946 = DIRECTION('',(-1.,0.,0.));
#14947 = ORIENTED_EDGE('',*,*,#14948,.T.);
#14948 = EDGE_CURVE('',#14941,#3663,#14949,.T.);
#14949 = LINE('',#14950,#14951);
#14950 = CARTESIAN_POINT('',(466.12,217.5,-13.7));
#14951 = VECTOR('',#14952,1.);
#14952 = DIRECTION('',(0.,0.,1.));
#14953 = ORIENTED_EDGE('',*,*,#3671,.T.);
#14954 = ORIENTED_EDGE('',*,*,#14900,.F.);
#14955 = PLANE('',#14956);
#14956 = AXIS2_PLACEMENT_3D('',#14957,#14958,#14959);
#14957 = CARTESIAN_POINT('',(469.294,217.5,-13.7));
#14958 = DIRECTION('',(0.,-1.,0.));
#14959 = DIRECTION('',(0.,0.,1.));
#14960 = ADVANCED_FACE('',(#14961),#14980,.F.);
#14961 = FACE_BOUND('',#14962,.F.);
#14962 = EDGE_LOOP('',(#14963,#14972,#14973,#14974));
#14963 = ORIENTED_EDGE('',*,*,#14964,.T.);
#14964 = EDGE_CURVE('',#14965,#14917,#14967,.T.);
#14965 = VERTEX_POINT('',#14966);
#14966 = CARTESIAN_POINT('',(469.294,239.326,-13.7));
#14967 = CIRCLE('',#14968,3.174);
#14968 = AXIS2_PLACEMENT_3D('',#14969,#14970,#14971);
#14969 = CARTESIAN_POINT('',(466.12,239.326,-13.7));
#14970 = DIRECTION('',(0.,-0.,1.));
#14971 = DIRECTION('',(0.,1.,0.));
#14972 = ORIENTED_EDGE('',*,*,#14924,.T.);
#14973 = ORIENTED_EDGE('',*,*,#3645,.F.);
#14974 = ORIENTED_EDGE('',*,*,#14975,.F.);
#14975 = EDGE_CURVE('',#14965,#3646,#14976,.T.);
#14976 = LINE('',#14977,#14978);
#14977 = CARTESIAN_POINT('',(469.294,239.326,-13.7));
#14978 = VECTOR('',#14979,1.);
#14979 = DIRECTION('',(0.,0.,1.));
#14980 = CYLINDRICAL_SURFACE('',#14981,3.174);
#14981 = AXIS2_PLACEMENT_3D('',#14982,#14983,#14984);
#14982 = CARTESIAN_POINT('',(466.12,239.326,-13.7));
#14983 = DIRECTION('',(0.,0.,1.));
#14984 = DIRECTION('',(1.,0.,0.));
#14985 = ADVANCED_FACE('',(#14986),#15005,.F.);
#14986 = FACE_BOUND('',#14987,.T.);
#14987 = EDGE_LOOP('',(#14988,#14997,#14998,#14999));
#14988 = ORIENTED_EDGE('',*,*,#14989,.T.);
#14989 = EDGE_CURVE('',#14990,#14941,#14992,.T.);
#14990 = VERTEX_POINT('',#14991);
#14991 = CARTESIAN_POINT('',(469.294,220.674,-13.7));
#14992 = CIRCLE('',#14993,3.174);
#14993 = AXIS2_PLACEMENT_3D('',#14994,#14995,#14996);
#14994 = CARTESIAN_POINT('',(466.12,220.674,-13.7));
#14995 = DIRECTION('',(0.,0.,-1.));
#14996 = DIRECTION('',(0.,1.,0.));
#14997 = ORIENTED_EDGE('',*,*,#14948,.T.);
#14998 = ORIENTED_EDGE('',*,*,#3662,.F.);
#14999 = ORIENTED_EDGE('',*,*,#15000,.F.);
#15000 = EDGE_CURVE('',#14990,#3655,#15001,.T.);
#15001 = LINE('',#15002,#15003);
#15002 = CARTESIAN_POINT('',(469.294,220.674,-13.7));
#15003 = VECTOR('',#15004,1.);
#15004 = DIRECTION('',(0.,0.,1.));
#15005 = CYLINDRICAL_SURFACE('',#15006,3.174);
#15006 = AXIS2_PLACEMENT_3D('',#15007,#15008,#15009);
#15007 = CARTESIAN_POINT('',(466.12,220.674,-13.7));
#15008 = DIRECTION('',(0.,0.,1.));
#15009 = DIRECTION('',(1.,0.,0.));
#15010 = ADVANCED_FACE('',(#15011),#15022,.T.);
#15011 = FACE_BOUND('',#15012,.T.);
#15012 = EDGE_LOOP('',(#15013,#15014,#15015,#15021));
#15013 = ORIENTED_EDGE('',*,*,#3654,.F.);
#15014 = ORIENTED_EDGE('',*,*,#14975,.F.);
#15015 = ORIENTED_EDGE('',*,*,#15016,.T.);
#15016 = EDGE_CURVE('',#14965,#14990,#15017,.T.);
#15017 = LINE('',#15018,#15019);
#15018 = CARTESIAN_POINT('',(469.294,242.5,-13.7));
#15019 = VECTOR('',#15020,1.);
#15020 = DIRECTION('',(0.,-1.,0.));
#15021 = ORIENTED_EDGE('',*,*,#15000,.T.);
#15022 = PLANE('',#15023);
#15023 = AXIS2_PLACEMENT_3D('',#15024,#15025,#15026);
#15024 = CARTESIAN_POINT('',(469.294,242.5,-13.7));
#15025 = DIRECTION('',(-1.,0.,0.));
#15026 = DIRECTION('',(0.,0.,1.));
#15027 = ADVANCED_FACE('',(#15028),#15038,.T.);
#15028 = FACE_BOUND('',#15029,.T.);
#15029 = EDGE_LOOP('',(#15030,#15031,#15032,#15033,#15034,#15035,#15036,
    #15037));
#15030 = ORIENTED_EDGE('',*,*,#14844,.T.);
#15031 = ORIENTED_EDGE('',*,*,#14891,.T.);
#15032 = ORIENTED_EDGE('',*,*,#14940,.F.);
#15033 = ORIENTED_EDGE('',*,*,#14989,.F.);
#15034 = ORIENTED_EDGE('',*,*,#15016,.F.);
#15035 = ORIENTED_EDGE('',*,*,#14964,.T.);
#15036 = ORIENTED_EDGE('',*,*,#14916,.T.);
#15037 = ORIENTED_EDGE('',*,*,#14866,.T.);
#15038 = PLANE('',#15039);
#15039 = AXIS2_PLACEMENT_3D('',#15040,#15041,#15042);
#15040 = CARTESIAN_POINT('',(469.294,242.5,-13.7));
#15041 = DIRECTION('',(0.,0.,1.));
#15042 = DIRECTION('',(-1.,0.,0.));
#15043 = ADVANCED_FACE('',(#15044),#15069,.F.);
#15044 = FACE_BOUND('',#15045,.F.);
#15045 = EDGE_LOOP('',(#15046,#15047,#15055,#15063));
#15046 = ORIENTED_EDGE('',*,*,#3688,.F.);
#15047 = ORIENTED_EDGE('',*,*,#15048,.F.);
#15048 = EDGE_CURVE('',#15049,#3689,#15051,.T.);
#15049 = VERTEX_POINT('',#15050);
#15050 = CARTESIAN_POINT('',(522.794,109.326,-13.7));
#15051 = LINE('',#15052,#15053);
#15052 = CARTESIAN_POINT('',(522.794,109.326,-13.7));
#15053 = VECTOR('',#15054,1.);
#15054 = DIRECTION('',(0.,0.,1.));
#15055 = ORIENTED_EDGE('',*,*,#15056,.T.);
#15056 = EDGE_CURVE('',#15049,#15057,#15059,.T.);
#15057 = VERTEX_POINT('',#15058);
#15058 = CARTESIAN_POINT('',(522.794,90.674,-13.7));
#15059 = LINE('',#15060,#15061);
#15060 = CARTESIAN_POINT('',(522.794,112.5,-13.7));
#15061 = VECTOR('',#15062,1.);
#15062 = DIRECTION('',(0.,-1.,0.));
#15063 = ORIENTED_EDGE('',*,*,#15064,.T.);
#15064 = EDGE_CURVE('',#15057,#3691,#15065,.T.);
#15065 = LINE('',#15066,#15067);
#15066 = CARTESIAN_POINT('',(522.794,90.674,-13.7));
#15067 = VECTOR('',#15068,1.);
#15068 = DIRECTION('',(0.,0.,1.));
#15069 = PLANE('',#15070);
#15070 = AXIS2_PLACEMENT_3D('',#15071,#15072,#15073);
#15071 = CARTESIAN_POINT('',(522.794,112.5,-13.7));
#15072 = DIRECTION('',(-1.,0.,0.));
#15073 = DIRECTION('',(0.,0.,1.));
#15074 = ADVANCED_FACE('',(#15075),#15094,.F.);
#15075 = FACE_BOUND('',#15076,.F.);
#15076 = EDGE_LOOP('',(#15077,#15086,#15087,#15088));
#15077 = ORIENTED_EDGE('',*,*,#15078,.T.);
#15078 = EDGE_CURVE('',#15079,#15049,#15081,.T.);
#15079 = VERTEX_POINT('',#15080);
#15080 = CARTESIAN_POINT('',(525.968,112.5,-13.7));
#15081 = CIRCLE('',#15082,3.174);
#15082 = AXIS2_PLACEMENT_3D('',#15083,#15084,#15085);
#15083 = CARTESIAN_POINT('',(525.968,109.326,-13.7));
#15084 = DIRECTION('',(0.,-0.,1.));
#15085 = DIRECTION('',(0.,1.,0.));
#15086 = ORIENTED_EDGE('',*,*,#15048,.T.);
#15087 = ORIENTED_EDGE('',*,*,#3698,.F.);
#15088 = ORIENTED_EDGE('',*,*,#15089,.F.);
#15089 = EDGE_CURVE('',#15079,#3699,#15090,.T.);
#15090 = LINE('',#15091,#15092);
#15091 = CARTESIAN_POINT('',(525.968,112.5,-13.7));
#15092 = VECTOR('',#15093,1.);
#15093 = DIRECTION('',(0.,0.,1.));
#15094 = CYLINDRICAL_SURFACE('',#15095,3.174);
#15095 = AXIS2_PLACEMENT_3D('',#15096,#15097,#15098);
#15096 = CARTESIAN_POINT('',(525.968,109.326,-13.7));
#15097 = DIRECTION('',(0.,0.,1.));
#15098 = DIRECTION('',(0.,1.,0.));
#15099 = ADVANCED_FACE('',(#15100),#15119,.F.);
#15100 = FACE_BOUND('',#15101,.F.);
#15101 = EDGE_LOOP('',(#15102,#15111,#15117,#15118));
#15102 = ORIENTED_EDGE('',*,*,#15103,.T.);
#15103 = EDGE_CURVE('',#15057,#15104,#15106,.T.);
#15104 = VERTEX_POINT('',#15105);
#15105 = CARTESIAN_POINT('',(525.968,87.5,-13.7));
#15106 = CIRCLE('',#15107,3.174);
#15107 = AXIS2_PLACEMENT_3D('',#15108,#15109,#15110);
#15108 = CARTESIAN_POINT('',(525.968,90.674,-13.7));
#15109 = DIRECTION('',(0.,-0.,1.));
#15110 = DIRECTION('',(0.,1.,0.));
#15111 = ORIENTED_EDGE('',*,*,#15112,.T.);
#15112 = EDGE_CURVE('',#15104,#3742,#15113,.T.);
#15113 = LINE('',#15114,#15115);
#15114 = CARTESIAN_POINT('',(525.968,87.5,-13.7));
#15115 = VECTOR('',#15116,1.);
#15116 = DIRECTION('',(0.,0.,1.));
#15117 = ORIENTED_EDGE('',*,*,#3749,.F.);
#15118 = ORIENTED_EDGE('',*,*,#15064,.F.);
#15119 = CYLINDRICAL_SURFACE('',#15120,3.174);
#15120 = AXIS2_PLACEMENT_3D('',#15121,#15122,#15123);
#15121 = CARTESIAN_POINT('',(525.968,90.674,-13.7));
#15122 = DIRECTION('',(0.,0.,1.));
#15123 = DIRECTION('',(-1.,0.,0.));
#15124 = ADVANCED_FACE('',(#15125),#15143,.T.);
#15125 = FACE_BOUND('',#15126,.T.);
#15126 = EDGE_LOOP('',(#15127,#15135,#15141,#15142));
#15127 = ORIENTED_EDGE('',*,*,#15128,.F.);
#15128 = EDGE_CURVE('',#15129,#15079,#15131,.T.);
#15129 = VERTEX_POINT('',#15130);
#15130 = CARTESIAN_POINT('',(526.12,112.5,-13.7));
#15131 = LINE('',#15132,#15133);
#15132 = CARTESIAN_POINT('',(529.294,112.5,-13.7));
#15133 = VECTOR('',#15134,1.);
#15134 = DIRECTION('',(-1.,0.,0.));
#15135 = ORIENTED_EDGE('',*,*,#15136,.T.);
#15136 = EDGE_CURVE('',#15129,#3708,#15137,.T.);
#15137 = LINE('',#15138,#15139);
#15138 = CARTESIAN_POINT('',(526.12,112.5,-13.7));
#15139 = VECTOR('',#15140,1.);
#15140 = DIRECTION('',(0.,0.,1.));
#15141 = ORIENTED_EDGE('',*,*,#3707,.T.);
#15142 = ORIENTED_EDGE('',*,*,#15089,.F.);
#15143 = PLANE('',#15144);
#15144 = AXIS2_PLACEMENT_3D('',#15145,#15146,#15147);
#15145 = CARTESIAN_POINT('',(529.294,112.5,-13.7));
#15146 = DIRECTION('',(0.,-1.,0.));
#15147 = DIRECTION('',(0.,0.,1.));
#15148 = ADVANCED_FACE('',(#15149),#15167,.F.);
#15149 = FACE_BOUND('',#15150,.F.);
#15150 = EDGE_LOOP('',(#15151,#15159,#15165,#15166));
#15151 = ORIENTED_EDGE('',*,*,#15152,.F.);
#15152 = EDGE_CURVE('',#15153,#15104,#15155,.T.);
#15153 = VERTEX_POINT('',#15154);
#15154 = CARTESIAN_POINT('',(526.12,87.5,-13.7));
#15155 = LINE('',#15156,#15157);
#15156 = CARTESIAN_POINT('',(529.294,87.5,-13.7));
#15157 = VECTOR('',#15158,1.);
#15158 = DIRECTION('',(-1.,0.,0.));
#15159 = ORIENTED_EDGE('',*,*,#15160,.T.);
#15160 = EDGE_CURVE('',#15153,#3733,#15161,.T.);
#15161 = LINE('',#15162,#15163);
#15162 = CARTESIAN_POINT('',(526.12,87.5,-13.7));
#15163 = VECTOR('',#15164,1.);
#15164 = DIRECTION('',(0.,0.,1.));
#15165 = ORIENTED_EDGE('',*,*,#3741,.T.);
#15166 = ORIENTED_EDGE('',*,*,#15112,.F.);
#15167 = PLANE('',#15168);
#15168 = AXIS2_PLACEMENT_3D('',#15169,#15170,#15171);
#15169 = CARTESIAN_POINT('',(529.294,87.5,-13.7));
#15170 = DIRECTION('',(0.,-1.,0.));
#15171 = DIRECTION('',(0.,0.,1.));
#15172 = ADVANCED_FACE('',(#15173),#15192,.F.);
#15173 = FACE_BOUND('',#15174,.F.);
#15174 = EDGE_LOOP('',(#15175,#15184,#15185,#15186));
#15175 = ORIENTED_EDGE('',*,*,#15176,.T.);
#15176 = EDGE_CURVE('',#15177,#15129,#15179,.T.);
#15177 = VERTEX_POINT('',#15178);
#15178 = CARTESIAN_POINT('',(529.294,109.326,-13.7));
#15179 = CIRCLE('',#15180,3.174);
#15180 = AXIS2_PLACEMENT_3D('',#15181,#15182,#15183);
#15181 = CARTESIAN_POINT('',(526.12,109.326,-13.7));
#15182 = DIRECTION('',(0.,-0.,1.));
#15183 = DIRECTION('',(0.,1.,0.));
#15184 = ORIENTED_EDGE('',*,*,#15136,.T.);
#15185 = ORIENTED_EDGE('',*,*,#3715,.F.);
#15186 = ORIENTED_EDGE('',*,*,#15187,.F.);
#15187 = EDGE_CURVE('',#15177,#3716,#15188,.T.);
#15188 = LINE('',#15189,#15190);
#15189 = CARTESIAN_POINT('',(529.294,109.326,-13.7));
#15190 = VECTOR('',#15191,1.);
#15191 = DIRECTION('',(0.,0.,1.));
#15192 = CYLINDRICAL_SURFACE('',#15193,3.174);
#15193 = AXIS2_PLACEMENT_3D('',#15194,#15195,#15196);
#15194 = CARTESIAN_POINT('',(526.12,109.326,-13.7));
#15195 = DIRECTION('',(0.,0.,1.));
#15196 = DIRECTION('',(1.,0.,0.));
#15197 = ADVANCED_FACE('',(#15198),#15217,.F.);
#15198 = FACE_BOUND('',#15199,.T.);
#15199 = EDGE_LOOP('',(#15200,#15209,#15210,#15211));
#15200 = ORIENTED_EDGE('',*,*,#15201,.T.);
#15201 = EDGE_CURVE('',#15202,#15153,#15204,.T.);
#15202 = VERTEX_POINT('',#15203);
#15203 = CARTESIAN_POINT('',(529.294,90.674,-13.7));
#15204 = CIRCLE('',#15205,3.174);
#15205 = AXIS2_PLACEMENT_3D('',#15206,#15207,#15208);
#15206 = CARTESIAN_POINT('',(526.12,90.674,-13.7));
#15207 = DIRECTION('',(0.,0.,-1.));
#15208 = DIRECTION('',(0.,1.,0.));
#15209 = ORIENTED_EDGE('',*,*,#15160,.T.);
#15210 = ORIENTED_EDGE('',*,*,#3732,.F.);
#15211 = ORIENTED_EDGE('',*,*,#15212,.F.);
#15212 = EDGE_CURVE('',#15202,#3725,#15213,.T.);
#15213 = LINE('',#15214,#15215);
#15214 = CARTESIAN_POINT('',(529.294,90.674,-13.7));
#15215 = VECTOR('',#15216,1.);
#15216 = DIRECTION('',(0.,0.,1.));
#15217 = CYLINDRICAL_SURFACE('',#15218,3.174);
#15218 = AXIS2_PLACEMENT_3D('',#15219,#15220,#15221);
#15219 = CARTESIAN_POINT('',(526.12,90.674,-13.7));
#15220 = DIRECTION('',(0.,0.,1.));
#15221 = DIRECTION('',(1.,0.,0.));
#15222 = ADVANCED_FACE('',(#15223),#15234,.T.);
#15223 = FACE_BOUND('',#15224,.T.);
#15224 = EDGE_LOOP('',(#15225,#15226,#15227,#15233));
#15225 = ORIENTED_EDGE('',*,*,#3724,.F.);
#15226 = ORIENTED_EDGE('',*,*,#15187,.F.);
#15227 = ORIENTED_EDGE('',*,*,#15228,.T.);
#15228 = EDGE_CURVE('',#15177,#15202,#15229,.T.);
#15229 = LINE('',#15230,#15231);
#15230 = CARTESIAN_POINT('',(529.294,112.5,-13.7));
#15231 = VECTOR('',#15232,1.);
#15232 = DIRECTION('',(0.,-1.,0.));
#15233 = ORIENTED_EDGE('',*,*,#15212,.T.);
#15234 = PLANE('',#15235);
#15235 = AXIS2_PLACEMENT_3D('',#15236,#15237,#15238);
#15236 = CARTESIAN_POINT('',(529.294,112.5,-13.7));
#15237 = DIRECTION('',(-1.,0.,0.));
#15238 = DIRECTION('',(0.,0.,1.));
#15239 = ADVANCED_FACE('',(#15240),#15250,.T.);
#15240 = FACE_BOUND('',#15241,.T.);
#15241 = EDGE_LOOP('',(#15242,#15243,#15244,#15245,#15246,#15247,#15248,
    #15249));
#15242 = ORIENTED_EDGE('',*,*,#15056,.T.);
#15243 = ORIENTED_EDGE('',*,*,#15103,.T.);
#15244 = ORIENTED_EDGE('',*,*,#15152,.F.);
#15245 = ORIENTED_EDGE('',*,*,#15201,.F.);
#15246 = ORIENTED_EDGE('',*,*,#15228,.F.);
#15247 = ORIENTED_EDGE('',*,*,#15176,.T.);
#15248 = ORIENTED_EDGE('',*,*,#15128,.T.);
#15249 = ORIENTED_EDGE('',*,*,#15078,.T.);
#15250 = PLANE('',#15251);
#15251 = AXIS2_PLACEMENT_3D('',#15252,#15253,#15254);
#15252 = CARTESIAN_POINT('',(529.294,112.5,-13.7));
#15253 = DIRECTION('',(0.,0.,1.));
#15254 = DIRECTION('',(-1.,0.,0.));
#15255 = ADVANCED_FACE('',(#15256),#15281,.F.);
#15256 = FACE_BOUND('',#15257,.F.);
#15257 = EDGE_LOOP('',(#15258,#15259,#15267,#15275));
#15258 = ORIENTED_EDGE('',*,*,#3758,.F.);
#15259 = ORIENTED_EDGE('',*,*,#15260,.F.);
#15260 = EDGE_CURVE('',#15261,#3759,#15263,.T.);
#15261 = VERTEX_POINT('',#15262);
#15262 = CARTESIAN_POINT('',(462.794,50.326,-13.7));
#15263 = LINE('',#15264,#15265);
#15264 = CARTESIAN_POINT('',(462.794,50.326,-13.7));
#15265 = VECTOR('',#15266,1.);
#15266 = DIRECTION('',(0.,0.,1.));
#15267 = ORIENTED_EDGE('',*,*,#15268,.T.);
#15268 = EDGE_CURVE('',#15261,#15269,#15271,.T.);
#15269 = VERTEX_POINT('',#15270);
#15270 = CARTESIAN_POINT('',(462.794,31.674,-13.7));
#15271 = LINE('',#15272,#15273);
#15272 = CARTESIAN_POINT('',(462.794,53.5,-13.7));
#15273 = VECTOR('',#15274,1.);
#15274 = DIRECTION('',(0.,-1.,0.));
#15275 = ORIENTED_EDGE('',*,*,#15276,.T.);
#15276 = EDGE_CURVE('',#15269,#3761,#15277,.T.);
#15277 = LINE('',#15278,#15279);
#15278 = CARTESIAN_POINT('',(462.794,31.674,-13.7));
#15279 = VECTOR('',#15280,1.);
#15280 = DIRECTION('',(0.,0.,1.));
#15281 = PLANE('',#15282);
#15282 = AXIS2_PLACEMENT_3D('',#15283,#15284,#15285);
#15283 = CARTESIAN_POINT('',(462.794,53.5,-13.7));
#15284 = DIRECTION('',(-1.,0.,0.));
#15285 = DIRECTION('',(0.,0.,1.));
#15286 = ADVANCED_FACE('',(#15287),#15306,.F.);
#15287 = FACE_BOUND('',#15288,.F.);
#15288 = EDGE_LOOP('',(#15289,#15298,#15299,#15300));
#15289 = ORIENTED_EDGE('',*,*,#15290,.T.);
#15290 = EDGE_CURVE('',#15291,#15261,#15293,.T.);
#15291 = VERTEX_POINT('',#15292);
#15292 = CARTESIAN_POINT('',(465.968,53.5,-13.7));
#15293 = CIRCLE('',#15294,3.174);
#15294 = AXIS2_PLACEMENT_3D('',#15295,#15296,#15297);
#15295 = CARTESIAN_POINT('',(465.968,50.326,-13.7));
#15296 = DIRECTION('',(0.,-0.,1.));
#15297 = DIRECTION('',(0.,1.,0.));
#15298 = ORIENTED_EDGE('',*,*,#15260,.T.);
#15299 = ORIENTED_EDGE('',*,*,#3768,.F.);
#15300 = ORIENTED_EDGE('',*,*,#15301,.F.);
#15301 = EDGE_CURVE('',#15291,#3769,#15302,.T.);
#15302 = LINE('',#15303,#15304);
#15303 = CARTESIAN_POINT('',(465.968,53.5,-13.7));
#15304 = VECTOR('',#15305,1.);
#15305 = DIRECTION('',(0.,0.,1.));
#15306 = CYLINDRICAL_SURFACE('',#15307,3.174);
#15307 = AXIS2_PLACEMENT_3D('',#15308,#15309,#15310);
#15308 = CARTESIAN_POINT('',(465.968,50.326,-13.7));
#15309 = DIRECTION('',(0.,0.,1.));
#15310 = DIRECTION('',(0.,1.,0.));
#15311 = ADVANCED_FACE('',(#15312),#15331,.F.);
#15312 = FACE_BOUND('',#15313,.F.);
#15313 = EDGE_LOOP('',(#15314,#15323,#15329,#15330));
#15314 = ORIENTED_EDGE('',*,*,#15315,.T.);
#15315 = EDGE_CURVE('',#15269,#15316,#15318,.T.);
#15316 = VERTEX_POINT('',#15317);
#15317 = CARTESIAN_POINT('',(465.968,28.5,-13.7));
#15318 = CIRCLE('',#15319,3.174);
#15319 = AXIS2_PLACEMENT_3D('',#15320,#15321,#15322);
#15320 = CARTESIAN_POINT('',(465.968,31.674,-13.7));
#15321 = DIRECTION('',(0.,-0.,1.));
#15322 = DIRECTION('',(0.,1.,0.));
#15323 = ORIENTED_EDGE('',*,*,#15324,.T.);
#15324 = EDGE_CURVE('',#15316,#3812,#15325,.T.);
#15325 = LINE('',#15326,#15327);
#15326 = CARTESIAN_POINT('',(465.968,28.5,-13.7));
#15327 = VECTOR('',#15328,1.);
#15328 = DIRECTION('',(0.,0.,1.));
#15329 = ORIENTED_EDGE('',*,*,#3819,.F.);
#15330 = ORIENTED_EDGE('',*,*,#15276,.F.);
#15331 = CYLINDRICAL_SURFACE('',#15332,3.174);
#15332 = AXIS2_PLACEMENT_3D('',#15333,#15334,#15335);
#15333 = CARTESIAN_POINT('',(465.968,31.674,-13.7));
#15334 = DIRECTION('',(0.,0.,1.));
#15335 = DIRECTION('',(-1.,0.,0.));
#15336 = ADVANCED_FACE('',(#15337),#15355,.T.);
#15337 = FACE_BOUND('',#15338,.T.);
#15338 = EDGE_LOOP('',(#15339,#15347,#15353,#15354));
#15339 = ORIENTED_EDGE('',*,*,#15340,.F.);
#15340 = EDGE_CURVE('',#15341,#15291,#15343,.T.);
#15341 = VERTEX_POINT('',#15342);
#15342 = CARTESIAN_POINT('',(466.12,53.5,-13.7));
#15343 = LINE('',#15344,#15345);
#15344 = CARTESIAN_POINT('',(469.294,53.5,-13.7));
#15345 = VECTOR('',#15346,1.);
#15346 = DIRECTION('',(-1.,0.,0.));
#15347 = ORIENTED_EDGE('',*,*,#15348,.T.);
#15348 = EDGE_CURVE('',#15341,#3778,#15349,.T.);
#15349 = LINE('',#15350,#15351);
#15350 = CARTESIAN_POINT('',(466.12,53.5,-13.7));
#15351 = VECTOR('',#15352,1.);
#15352 = DIRECTION('',(0.,0.,1.));
#15353 = ORIENTED_EDGE('',*,*,#3777,.T.);
#15354 = ORIENTED_EDGE('',*,*,#15301,.F.);
#15355 = PLANE('',#15356);
#15356 = AXIS2_PLACEMENT_3D('',#15357,#15358,#15359);
#15357 = CARTESIAN_POINT('',(469.294,53.5,-13.7));
#15358 = DIRECTION('',(0.,-1.,0.));
#15359 = DIRECTION('',(0.,0.,1.));
#15360 = ADVANCED_FACE('',(#15361),#15379,.F.);
#15361 = FACE_BOUND('',#15362,.F.);
#15362 = EDGE_LOOP('',(#15363,#15371,#15377,#15378));
#15363 = ORIENTED_EDGE('',*,*,#15364,.F.);
#15364 = EDGE_CURVE('',#15365,#15316,#15367,.T.);
#15365 = VERTEX_POINT('',#15366);
#15366 = CARTESIAN_POINT('',(466.12,28.5,-13.7));
#15367 = LINE('',#15368,#15369);
#15368 = CARTESIAN_POINT('',(469.294,28.5,-13.7));
#15369 = VECTOR('',#15370,1.);
#15370 = DIRECTION('',(-1.,0.,0.));
#15371 = ORIENTED_EDGE('',*,*,#15372,.T.);
#15372 = EDGE_CURVE('',#15365,#3803,#15373,.T.);
#15373 = LINE('',#15374,#15375);
#15374 = CARTESIAN_POINT('',(466.12,28.5,-13.7));
#15375 = VECTOR('',#15376,1.);
#15376 = DIRECTION('',(0.,0.,1.));
#15377 = ORIENTED_EDGE('',*,*,#3811,.T.);
#15378 = ORIENTED_EDGE('',*,*,#15324,.F.);
#15379 = PLANE('',#15380);
#15380 = AXIS2_PLACEMENT_3D('',#15381,#15382,#15383);
#15381 = CARTESIAN_POINT('',(469.294,28.5,-13.7));
#15382 = DIRECTION('',(0.,-1.,0.));
#15383 = DIRECTION('',(0.,0.,1.));
#15384 = ADVANCED_FACE('',(#15385),#15404,.F.);
#15385 = FACE_BOUND('',#15386,.F.);
#15386 = EDGE_LOOP('',(#15387,#15396,#15397,#15398));
#15387 = ORIENTED_EDGE('',*,*,#15388,.T.);
#15388 = EDGE_CURVE('',#15389,#15341,#15391,.T.);
#15389 = VERTEX_POINT('',#15390);
#15390 = CARTESIAN_POINT('',(469.294,50.326,-13.7));
#15391 = CIRCLE('',#15392,3.174);
#15392 = AXIS2_PLACEMENT_3D('',#15393,#15394,#15395);
#15393 = CARTESIAN_POINT('',(466.12,50.326,-13.7));
#15394 = DIRECTION('',(0.,-0.,1.));
#15395 = DIRECTION('',(0.,1.,0.));
#15396 = ORIENTED_EDGE('',*,*,#15348,.T.);
#15397 = ORIENTED_EDGE('',*,*,#3785,.F.);
#15398 = ORIENTED_EDGE('',*,*,#15399,.F.);
#15399 = EDGE_CURVE('',#15389,#3786,#15400,.T.);
#15400 = LINE('',#15401,#15402);
#15401 = CARTESIAN_POINT('',(469.294,50.326,-13.7));
#15402 = VECTOR('',#15403,1.);
#15403 = DIRECTION('',(0.,0.,1.));
#15404 = CYLINDRICAL_SURFACE('',#15405,3.174);
#15405 = AXIS2_PLACEMENT_3D('',#15406,#15407,#15408);
#15406 = CARTESIAN_POINT('',(466.12,50.326,-13.7));
#15407 = DIRECTION('',(0.,0.,1.));
#15408 = DIRECTION('',(1.,0.,0.));
#15409 = ADVANCED_FACE('',(#15410),#15429,.F.);
#15410 = FACE_BOUND('',#15411,.T.);
#15411 = EDGE_LOOP('',(#15412,#15421,#15422,#15423));
#15412 = ORIENTED_EDGE('',*,*,#15413,.T.);
#15413 = EDGE_CURVE('',#15414,#15365,#15416,.T.);
#15414 = VERTEX_POINT('',#15415);
#15415 = CARTESIAN_POINT('',(469.294,31.674,-13.7));
#15416 = CIRCLE('',#15417,3.174);
#15417 = AXIS2_PLACEMENT_3D('',#15418,#15419,#15420);
#15418 = CARTESIAN_POINT('',(466.12,31.674,-13.7));
#15419 = DIRECTION('',(0.,0.,-1.));
#15420 = DIRECTION('',(0.,1.,0.));
#15421 = ORIENTED_EDGE('',*,*,#15372,.T.);
#15422 = ORIENTED_EDGE('',*,*,#3802,.F.);
#15423 = ORIENTED_EDGE('',*,*,#15424,.F.);
#15424 = EDGE_CURVE('',#15414,#3795,#15425,.T.);
#15425 = LINE('',#15426,#15427);
#15426 = CARTESIAN_POINT('',(469.294,31.674,-13.7));
#15427 = VECTOR('',#15428,1.);
#15428 = DIRECTION('',(0.,0.,1.));
#15429 = CYLINDRICAL_SURFACE('',#15430,3.174);
#15430 = AXIS2_PLACEMENT_3D('',#15431,#15432,#15433);
#15431 = CARTESIAN_POINT('',(466.12,31.674,-13.7));
#15432 = DIRECTION('',(0.,0.,1.));
#15433 = DIRECTION('',(1.,0.,0.));
#15434 = ADVANCED_FACE('',(#15435),#15446,.T.);
#15435 = FACE_BOUND('',#15436,.T.);
#15436 = EDGE_LOOP('',(#15437,#15438,#15439,#15445));
#15437 = ORIENTED_EDGE('',*,*,#3794,.F.);
#15438 = ORIENTED_EDGE('',*,*,#15399,.F.);
#15439 = ORIENTED_EDGE('',*,*,#15440,.T.);
#15440 = EDGE_CURVE('',#15389,#15414,#15441,.T.);
#15441 = LINE('',#15442,#15443);
#15442 = CARTESIAN_POINT('',(469.294,53.5,-13.7));
#15443 = VECTOR('',#15444,1.);
#15444 = DIRECTION('',(0.,-1.,0.));
#15445 = ORIENTED_EDGE('',*,*,#15424,.T.);
#15446 = PLANE('',#15447);
#15447 = AXIS2_PLACEMENT_3D('',#15448,#15449,#15450);
#15448 = CARTESIAN_POINT('',(469.294,53.5,-13.7));
#15449 = DIRECTION('',(-1.,0.,0.));
#15450 = DIRECTION('',(0.,0.,1.));
#15451 = ADVANCED_FACE('',(#15452),#15462,.T.);
#15452 = FACE_BOUND('',#15453,.T.);
#15453 = EDGE_LOOP('',(#15454,#15455,#15456,#15457,#15458,#15459,#15460,
    #15461));
#15454 = ORIENTED_EDGE('',*,*,#15268,.T.);
#15455 = ORIENTED_EDGE('',*,*,#15315,.T.);
#15456 = ORIENTED_EDGE('',*,*,#15364,.F.);
#15457 = ORIENTED_EDGE('',*,*,#15413,.F.);
#15458 = ORIENTED_EDGE('',*,*,#15440,.F.);
#15459 = ORIENTED_EDGE('',*,*,#15388,.T.);
#15460 = ORIENTED_EDGE('',*,*,#15340,.T.);
#15461 = ORIENTED_EDGE('',*,*,#15290,.T.);
#15462 = PLANE('',#15463);
#15463 = AXIS2_PLACEMENT_3D('',#15464,#15465,#15466);
#15464 = CARTESIAN_POINT('',(469.294,53.5,-13.7));
#15465 = DIRECTION('',(0.,0.,1.));
#15466 = DIRECTION('',(-1.,0.,0.));
#15467 = ADVANCED_FACE('',(#15468),#15493,.F.);
#15468 = FACE_BOUND('',#15469,.F.);
#15469 = EDGE_LOOP('',(#15470,#15471,#15479,#15487));
#15470 = ORIENTED_EDGE('',*,*,#3828,.F.);
#15471 = ORIENTED_EDGE('',*,*,#15472,.F.);
#15472 = EDGE_CURVE('',#15473,#3829,#15475,.T.);
#15473 = VERTEX_POINT('',#15474);
#15474 = CARTESIAN_POINT('',(292.326,240.206,-13.7));
#15475 = LINE('',#15476,#15477);
#15476 = CARTESIAN_POINT('',(292.326,240.206,-13.7));
#15477 = VECTOR('',#15478,1.);
#15478 = DIRECTION('',(0.,0.,1.));
#15479 = ORIENTED_EDGE('',*,*,#15480,.T.);
#15480 = EDGE_CURVE('',#15473,#15481,#15483,.T.);
#15481 = VERTEX_POINT('',#15482);
#15482 = CARTESIAN_POINT('',(273.674,240.206,-13.7));
#15483 = LINE('',#15484,#15485);
#15484 = CARTESIAN_POINT('',(295.5,240.206,-13.7));
#15485 = VECTOR('',#15486,1.);
#15486 = DIRECTION('',(-1.,0.,0.));
#15487 = ORIENTED_EDGE('',*,*,#15488,.T.);
#15488 = EDGE_CURVE('',#15481,#3831,#15489,.T.);
#15489 = LINE('',#15490,#15491);
#15490 = CARTESIAN_POINT('',(273.674,240.206,-13.7));
#15491 = VECTOR('',#15492,1.);
#15492 = DIRECTION('',(0.,0.,1.));
#15493 = PLANE('',#15494);
#15494 = AXIS2_PLACEMENT_3D('',#15495,#15496,#15497);
#15495 = CARTESIAN_POINT('',(295.5,240.206,-13.7));
#15496 = DIRECTION('',(0.,1.,0.));
#15497 = DIRECTION('',(0.,0.,1.));
#15498 = ADVANCED_FACE('',(#15499),#15518,.F.);
#15499 = FACE_BOUND('',#15500,.F.);
#15500 = EDGE_LOOP('',(#15501,#15510,#15511,#15512));
#15501 = ORIENTED_EDGE('',*,*,#15502,.T.);
#15502 = EDGE_CURVE('',#15503,#15473,#15505,.T.);
#15503 = VERTEX_POINT('',#15504);
#15504 = CARTESIAN_POINT('',(295.5,237.032,-13.7));
#15505 = CIRCLE('',#15506,3.174);
#15506 = AXIS2_PLACEMENT_3D('',#15507,#15508,#15509);
#15507 = CARTESIAN_POINT('',(292.326,237.032,-13.7));
#15508 = DIRECTION('',(0.,0.,1.));
#15509 = DIRECTION('',(1.,0.,0.));
#15510 = ORIENTED_EDGE('',*,*,#15472,.T.);
#15511 = ORIENTED_EDGE('',*,*,#3838,.F.);
#15512 = ORIENTED_EDGE('',*,*,#15513,.F.);
#15513 = EDGE_CURVE('',#15503,#3839,#15514,.T.);
#15514 = LINE('',#15515,#15516);
#15515 = CARTESIAN_POINT('',(295.5,237.032,-13.7));
#15516 = VECTOR('',#15517,1.);
#15517 = DIRECTION('',(0.,0.,1.));
#15518 = CYLINDRICAL_SURFACE('',#15519,3.174);
#15519 = AXIS2_PLACEMENT_3D('',#15520,#15521,#15522);
#15520 = CARTESIAN_POINT('',(292.326,237.032,-13.7));
#15521 = DIRECTION('',(0.,0.,1.));
#15522 = DIRECTION('',(1.,0.,0.));
#15523 = ADVANCED_FACE('',(#15524),#15543,.F.);
#15524 = FACE_BOUND('',#15525,.F.);
#15525 = EDGE_LOOP('',(#15526,#15535,#15541,#15542));
#15526 = ORIENTED_EDGE('',*,*,#15527,.T.);
#15527 = EDGE_CURVE('',#15481,#15528,#15530,.T.);
#15528 = VERTEX_POINT('',#15529);
#15529 = CARTESIAN_POINT('',(270.5,237.032,-13.7));
#15530 = CIRCLE('',#15531,3.174);
#15531 = AXIS2_PLACEMENT_3D('',#15532,#15533,#15534);
#15532 = CARTESIAN_POINT('',(273.674,237.032,-13.7));
#15533 = DIRECTION('',(0.,0.,1.));
#15534 = DIRECTION('',(1.,0.,0.));
#15535 = ORIENTED_EDGE('',*,*,#15536,.T.);
#15536 = EDGE_CURVE('',#15528,#3882,#15537,.T.);
#15537 = LINE('',#15538,#15539);
#15538 = CARTESIAN_POINT('',(270.5,237.032,-13.7));
#15539 = VECTOR('',#15540,1.);
#15540 = DIRECTION('',(0.,0.,1.));
#15541 = ORIENTED_EDGE('',*,*,#3889,.F.);
#15542 = ORIENTED_EDGE('',*,*,#15488,.F.);
#15543 = CYLINDRICAL_SURFACE('',#15544,3.174);
#15544 = AXIS2_PLACEMENT_3D('',#15545,#15546,#15547);
#15545 = CARTESIAN_POINT('',(273.674,237.032,-13.7));
#15546 = DIRECTION('',(0.,0.,1.));
#15547 = DIRECTION('',(0.,1.,0.));
#15548 = ADVANCED_FACE('',(#15549),#15567,.T.);
#15549 = FACE_BOUND('',#15550,.T.);
#15550 = EDGE_LOOP('',(#15551,#15559,#15565,#15566));
#15551 = ORIENTED_EDGE('',*,*,#15552,.F.);
#15552 = EDGE_CURVE('',#15553,#15503,#15555,.T.);
#15553 = VERTEX_POINT('',#15554);
#15554 = CARTESIAN_POINT('',(295.5,236.88,-13.7));
#15555 = LINE('',#15556,#15557);
#15556 = CARTESIAN_POINT('',(295.5,233.706,-13.7));
#15557 = VECTOR('',#15558,1.);
#15558 = DIRECTION('',(0.,1.,0.));
#15559 = ORIENTED_EDGE('',*,*,#15560,.T.);
#15560 = EDGE_CURVE('',#15553,#3848,#15561,.T.);
#15561 = LINE('',#15562,#15563);
#15562 = CARTESIAN_POINT('',(295.5,236.88,-13.7));
#15563 = VECTOR('',#15564,1.);
#15564 = DIRECTION('',(0.,0.,1.));
#15565 = ORIENTED_EDGE('',*,*,#3847,.T.);
#15566 = ORIENTED_EDGE('',*,*,#15513,.F.);
#15567 = PLANE('',#15568);
#15568 = AXIS2_PLACEMENT_3D('',#15569,#15570,#15571);
#15569 = CARTESIAN_POINT('',(295.5,233.706,-13.7));
#15570 = DIRECTION('',(-1.,0.,0.));
#15571 = DIRECTION('',(0.,0.,1.));
#15572 = ADVANCED_FACE('',(#15573),#15591,.F.);
#15573 = FACE_BOUND('',#15574,.F.);
#15574 = EDGE_LOOP('',(#15575,#15583,#15589,#15590));
#15575 = ORIENTED_EDGE('',*,*,#15576,.F.);
#15576 = EDGE_CURVE('',#15577,#15528,#15579,.T.);
#15577 = VERTEX_POINT('',#15578);
#15578 = CARTESIAN_POINT('',(270.5,236.88,-13.7));
#15579 = LINE('',#15580,#15581);
#15580 = CARTESIAN_POINT('',(270.5,233.706,-13.7));
#15581 = VECTOR('',#15582,1.);
#15582 = DIRECTION('',(0.,1.,0.));
#15583 = ORIENTED_EDGE('',*,*,#15584,.T.);
#15584 = EDGE_CURVE('',#15577,#3873,#15585,.T.);
#15585 = LINE('',#15586,#15587);
#15586 = CARTESIAN_POINT('',(270.5,236.88,-13.7));
#15587 = VECTOR('',#15588,1.);
#15588 = DIRECTION('',(0.,0.,1.));
#15589 = ORIENTED_EDGE('',*,*,#3881,.T.);
#15590 = ORIENTED_EDGE('',*,*,#15536,.F.);
#15591 = PLANE('',#15592);
#15592 = AXIS2_PLACEMENT_3D('',#15593,#15594,#15595);
#15593 = CARTESIAN_POINT('',(270.5,233.706,-13.7));
#15594 = DIRECTION('',(-1.,0.,0.));
#15595 = DIRECTION('',(0.,0.,1.));
#15596 = ADVANCED_FACE('',(#15597),#15616,.F.);
#15597 = FACE_BOUND('',#15598,.F.);
#15598 = EDGE_LOOP('',(#15599,#15608,#15609,#15610));
#15599 = ORIENTED_EDGE('',*,*,#15600,.T.);
#15600 = EDGE_CURVE('',#15601,#15553,#15603,.T.);
#15601 = VERTEX_POINT('',#15602);
#15602 = CARTESIAN_POINT('',(292.326,233.706,-13.7));
#15603 = CIRCLE('',#15604,3.174);
#15604 = AXIS2_PLACEMENT_3D('',#15605,#15606,#15607);
#15605 = CARTESIAN_POINT('',(292.326,236.88,-13.7));
#15606 = DIRECTION('',(0.,0.,1.));
#15607 = DIRECTION('',(1.,0.,0.));
#15608 = ORIENTED_EDGE('',*,*,#15560,.T.);
#15609 = ORIENTED_EDGE('',*,*,#3855,.F.);
#15610 = ORIENTED_EDGE('',*,*,#15611,.F.);
#15611 = EDGE_CURVE('',#15601,#3856,#15612,.T.);
#15612 = LINE('',#15613,#15614);
#15613 = CARTESIAN_POINT('',(292.326,233.706,-13.7));
#15614 = VECTOR('',#15615,1.);
#15615 = DIRECTION('',(0.,0.,1.));
#15616 = CYLINDRICAL_SURFACE('',#15617,3.174);
#15617 = AXIS2_PLACEMENT_3D('',#15618,#15619,#15620);
#15618 = CARTESIAN_POINT('',(292.326,236.88,-13.7));
#15619 = DIRECTION('',(0.,0.,1.));
#15620 = DIRECTION('',(0.,-1.,0.));
#15621 = ADVANCED_FACE('',(#15622),#15641,.F.);
#15622 = FACE_BOUND('',#15623,.T.);
#15623 = EDGE_LOOP('',(#15624,#15633,#15634,#15635));
#15624 = ORIENTED_EDGE('',*,*,#15625,.T.);
#15625 = EDGE_CURVE('',#15626,#15577,#15628,.T.);
#15626 = VERTEX_POINT('',#15627);
#15627 = CARTESIAN_POINT('',(273.674,233.706,-13.7));
#15628 = CIRCLE('',#15629,3.174);
#15629 = AXIS2_PLACEMENT_3D('',#15630,#15631,#15632);
#15630 = CARTESIAN_POINT('',(273.674,236.88,-13.7));
#15631 = DIRECTION('',(0.,0.,-1.));
#15632 = DIRECTION('',(1.,0.,0.));
#15633 = ORIENTED_EDGE('',*,*,#15584,.T.);
#15634 = ORIENTED_EDGE('',*,*,#3872,.F.);
#15635 = ORIENTED_EDGE('',*,*,#15636,.F.);
#15636 = EDGE_CURVE('',#15626,#3865,#15637,.T.);
#15637 = LINE('',#15638,#15639);
#15638 = CARTESIAN_POINT('',(273.674,233.706,-13.7));
#15639 = VECTOR('',#15640,1.);
#15640 = DIRECTION('',(0.,0.,1.));
#15641 = CYLINDRICAL_SURFACE('',#15642,3.174);
#15642 = AXIS2_PLACEMENT_3D('',#15643,#15644,#15645);
#15643 = CARTESIAN_POINT('',(273.674,236.88,-13.7));
#15644 = DIRECTION('',(0.,0.,1.));
#15645 = DIRECTION('',(0.,-1.,0.));
#15646 = ADVANCED_FACE('',(#15647),#15658,.T.);
#15647 = FACE_BOUND('',#15648,.T.);
#15648 = EDGE_LOOP('',(#15649,#15650,#15651,#15657));
#15649 = ORIENTED_EDGE('',*,*,#3864,.F.);
#15650 = ORIENTED_EDGE('',*,*,#15611,.F.);
#15651 = ORIENTED_EDGE('',*,*,#15652,.T.);
#15652 = EDGE_CURVE('',#15601,#15626,#15653,.T.);
#15653 = LINE('',#15654,#15655);
#15654 = CARTESIAN_POINT('',(295.5,233.706,-13.7));
#15655 = VECTOR('',#15656,1.);
#15656 = DIRECTION('',(-1.,0.,0.));
#15657 = ORIENTED_EDGE('',*,*,#15636,.T.);
#15658 = PLANE('',#15659);
#15659 = AXIS2_PLACEMENT_3D('',#15660,#15661,#15662);
#15660 = CARTESIAN_POINT('',(295.5,233.706,-13.7));
#15661 = DIRECTION('',(0.,1.,0.));
#15662 = DIRECTION('',(0.,0.,1.));
#15663 = ADVANCED_FACE('',(#15664),#15674,.T.);
#15664 = FACE_BOUND('',#15665,.T.);
#15665 = EDGE_LOOP('',(#15666,#15667,#15668,#15669,#15670,#15671,#15672,
    #15673));
#15666 = ORIENTED_EDGE('',*,*,#15480,.T.);
#15667 = ORIENTED_EDGE('',*,*,#15527,.T.);
#15668 = ORIENTED_EDGE('',*,*,#15576,.F.);
#15669 = ORIENTED_EDGE('',*,*,#15625,.F.);
#15670 = ORIENTED_EDGE('',*,*,#15652,.F.);
#15671 = ORIENTED_EDGE('',*,*,#15600,.T.);
#15672 = ORIENTED_EDGE('',*,*,#15552,.T.);
#15673 = ORIENTED_EDGE('',*,*,#15502,.T.);
#15674 = PLANE('',#15675);
#15675 = AXIS2_PLACEMENT_3D('',#15676,#15677,#15678);
#15676 = CARTESIAN_POINT('',(295.5,233.706,-13.7));
#15677 = DIRECTION('',(0.,0.,1.));
#15678 = DIRECTION('',(0.,1.,0.));
#15679 = ADVANCED_FACE('',(#15680),#15705,.F.);
#15680 = FACE_BOUND('',#15681,.F.);
#15681 = EDGE_LOOP('',(#15682,#15683,#15691,#15699));
#15682 = ORIENTED_EDGE('',*,*,#3898,.F.);
#15683 = ORIENTED_EDGE('',*,*,#15684,.F.);
#15684 = EDGE_CURVE('',#15685,#3899,#15687,.T.);
#15685 = VERTEX_POINT('',#15686);
#15686 = CARTESIAN_POINT('',(543.206,297.674,-13.7));
#15687 = LINE('',#15688,#15689);
#15688 = CARTESIAN_POINT('',(543.206,297.674,-13.7));
#15689 = VECTOR('',#15690,1.);
#15690 = DIRECTION('',(0.,0.,1.));
#15691 = ORIENTED_EDGE('',*,*,#15692,.T.);
#15692 = EDGE_CURVE('',#15685,#15693,#15695,.T.);
#15693 = VERTEX_POINT('',#15694);
#15694 = CARTESIAN_POINT('',(543.206,316.326,-13.7));
#15695 = LINE('',#15696,#15697);
#15696 = CARTESIAN_POINT('',(543.206,294.5,-13.7));
#15697 = VECTOR('',#15698,1.);
#15698 = DIRECTION('',(0.,1.,0.));
#15699 = ORIENTED_EDGE('',*,*,#15700,.T.);
#15700 = EDGE_CURVE('',#15693,#3901,#15701,.T.);
#15701 = LINE('',#15702,#15703);
#15702 = CARTESIAN_POINT('',(543.206,316.326,-13.7));
#15703 = VECTOR('',#15704,1.);
#15704 = DIRECTION('',(0.,0.,1.));
#15705 = PLANE('',#15706);
#15706 = AXIS2_PLACEMENT_3D('',#15707,#15708,#15709);
#15707 = CARTESIAN_POINT('',(543.206,294.5,-13.7));
#15708 = DIRECTION('',(1.,0.,0.));
#15709 = DIRECTION('',(0.,0.,1.));
#15710 = ADVANCED_FACE('',(#15711),#15730,.F.);
#15711 = FACE_BOUND('',#15712,.F.);
#15712 = EDGE_LOOP('',(#15713,#15722,#15723,#15724));
#15713 = ORIENTED_EDGE('',*,*,#15714,.T.);
#15714 = EDGE_CURVE('',#15715,#15685,#15717,.T.);
#15715 = VERTEX_POINT('',#15716);
#15716 = CARTESIAN_POINT('',(540.032,294.5,-13.7));
#15717 = CIRCLE('',#15718,3.174);
#15718 = AXIS2_PLACEMENT_3D('',#15719,#15720,#15721);
#15719 = CARTESIAN_POINT('',(540.032,297.674,-13.7));
#15720 = DIRECTION('',(-0.,0.,1.));
#15721 = DIRECTION('',(0.,-1.,0.));
#15722 = ORIENTED_EDGE('',*,*,#15684,.T.);
#15723 = ORIENTED_EDGE('',*,*,#3908,.F.);
#15724 = ORIENTED_EDGE('',*,*,#15725,.F.);
#15725 = EDGE_CURVE('',#15715,#3909,#15726,.T.);
#15726 = LINE('',#15727,#15728);
#15727 = CARTESIAN_POINT('',(540.032,294.5,-13.7));
#15728 = VECTOR('',#15729,1.);
#15729 = DIRECTION('',(0.,0.,1.));
#15730 = CYLINDRICAL_SURFACE('',#15731,3.174);
#15731 = AXIS2_PLACEMENT_3D('',#15732,#15733,#15734);
#15732 = CARTESIAN_POINT('',(540.032,297.674,-13.7));
#15733 = DIRECTION('',(0.,0.,1.));
#15734 = DIRECTION('',(0.,-1.,0.));
#15735 = ADVANCED_FACE('',(#15736),#15755,.F.);
#15736 = FACE_BOUND('',#15737,.F.);
#15737 = EDGE_LOOP('',(#15738,#15747,#15753,#15754));
#15738 = ORIENTED_EDGE('',*,*,#15739,.T.);
#15739 = EDGE_CURVE('',#15693,#15740,#15742,.T.);
#15740 = VERTEX_POINT('',#15741);
#15741 = CARTESIAN_POINT('',(540.032,319.5,-13.7));
#15742 = CIRCLE('',#15743,3.174);
#15743 = AXIS2_PLACEMENT_3D('',#15744,#15745,#15746);
#15744 = CARTESIAN_POINT('',(540.032,316.326,-13.7));
#15745 = DIRECTION('',(-0.,0.,1.));
#15746 = DIRECTION('',(0.,-1.,0.));
#15747 = ORIENTED_EDGE('',*,*,#15748,.T.);
#15748 = EDGE_CURVE('',#15740,#3952,#15749,.T.);
#15749 = LINE('',#15750,#15751);
#15750 = CARTESIAN_POINT('',(540.032,319.5,-13.7));
#15751 = VECTOR('',#15752,1.);
#15752 = DIRECTION('',(0.,0.,1.));
#15753 = ORIENTED_EDGE('',*,*,#3959,.F.);
#15754 = ORIENTED_EDGE('',*,*,#15700,.F.);
#15755 = CYLINDRICAL_SURFACE('',#15756,3.174);
#15756 = AXIS2_PLACEMENT_3D('',#15757,#15758,#15759);
#15757 = CARTESIAN_POINT('',(540.032,316.326,-13.7));
#15758 = DIRECTION('',(0.,0.,1.));
#15759 = DIRECTION('',(1.,0.,0.));
#15760 = ADVANCED_FACE('',(#15761),#15779,.T.);
#15761 = FACE_BOUND('',#15762,.T.);
#15762 = EDGE_LOOP('',(#15763,#15771,#15777,#15778));
#15763 = ORIENTED_EDGE('',*,*,#15764,.F.);
#15764 = EDGE_CURVE('',#15765,#15715,#15767,.T.);
#15765 = VERTEX_POINT('',#15766);
#15766 = CARTESIAN_POINT('',(539.88,294.5,-13.7));
#15767 = LINE('',#15768,#15769);
#15768 = CARTESIAN_POINT('',(536.706,294.5,-13.7));
#15769 = VECTOR('',#15770,1.);
#15770 = DIRECTION('',(1.,0.,0.));
#15771 = ORIENTED_EDGE('',*,*,#15772,.T.);
#15772 = EDGE_CURVE('',#15765,#3918,#15773,.T.);
#15773 = LINE('',#15774,#15775);
#15774 = CARTESIAN_POINT('',(539.88,294.5,-13.7));
#15775 = VECTOR('',#15776,1.);
#15776 = DIRECTION('',(0.,0.,1.));
#15777 = ORIENTED_EDGE('',*,*,#3917,.T.);
#15778 = ORIENTED_EDGE('',*,*,#15725,.F.);
#15779 = PLANE('',#15780);
#15780 = AXIS2_PLACEMENT_3D('',#15781,#15782,#15783);
#15781 = CARTESIAN_POINT('',(536.706,294.5,-13.7));
#15782 = DIRECTION('',(0.,1.,0.));
#15783 = DIRECTION('',(0.,0.,1.));
#15784 = ADVANCED_FACE('',(#15785),#15803,.F.);
#15785 = FACE_BOUND('',#15786,.F.);
#15786 = EDGE_LOOP('',(#15787,#15795,#15801,#15802));
#15787 = ORIENTED_EDGE('',*,*,#15788,.F.);
#15788 = EDGE_CURVE('',#15789,#15740,#15791,.T.);
#15789 = VERTEX_POINT('',#15790);
#15790 = CARTESIAN_POINT('',(539.88,319.5,-13.7));
#15791 = LINE('',#15792,#15793);
#15792 = CARTESIAN_POINT('',(536.706,319.5,-13.7));
#15793 = VECTOR('',#15794,1.);
#15794 = DIRECTION('',(1.,0.,0.));
#15795 = ORIENTED_EDGE('',*,*,#15796,.T.);
#15796 = EDGE_CURVE('',#15789,#3943,#15797,.T.);
#15797 = LINE('',#15798,#15799);
#15798 = CARTESIAN_POINT('',(539.88,319.5,-13.7));
#15799 = VECTOR('',#15800,1.);
#15800 = DIRECTION('',(0.,0.,1.));
#15801 = ORIENTED_EDGE('',*,*,#3951,.T.);
#15802 = ORIENTED_EDGE('',*,*,#15748,.F.);
#15803 = PLANE('',#15804);
#15804 = AXIS2_PLACEMENT_3D('',#15805,#15806,#15807);
#15805 = CARTESIAN_POINT('',(536.706,319.5,-13.7));
#15806 = DIRECTION('',(0.,1.,0.));
#15807 = DIRECTION('',(0.,0.,1.));
#15808 = ADVANCED_FACE('',(#15809),#15828,.F.);
#15809 = FACE_BOUND('',#15810,.F.);
#15810 = EDGE_LOOP('',(#15811,#15820,#15821,#15822));
#15811 = ORIENTED_EDGE('',*,*,#15812,.T.);
#15812 = EDGE_CURVE('',#15813,#15765,#15815,.T.);
#15813 = VERTEX_POINT('',#15814);
#15814 = CARTESIAN_POINT('',(536.706,297.674,-13.7));
#15815 = CIRCLE('',#15816,3.174);
#15816 = AXIS2_PLACEMENT_3D('',#15817,#15818,#15819);
#15817 = CARTESIAN_POINT('',(539.88,297.674,-13.7));
#15818 = DIRECTION('',(-0.,0.,1.));
#15819 = DIRECTION('',(0.,-1.,0.));
#15820 = ORIENTED_EDGE('',*,*,#15772,.T.);
#15821 = ORIENTED_EDGE('',*,*,#3925,.F.);
#15822 = ORIENTED_EDGE('',*,*,#15823,.F.);
#15823 = EDGE_CURVE('',#15813,#3926,#15824,.T.);
#15824 = LINE('',#15825,#15826);
#15825 = CARTESIAN_POINT('',(536.706,297.674,-13.7));
#15826 = VECTOR('',#15827,1.);
#15827 = DIRECTION('',(0.,0.,1.));
#15828 = CYLINDRICAL_SURFACE('',#15829,3.174);
#15829 = AXIS2_PLACEMENT_3D('',#15830,#15831,#15832);
#15830 = CARTESIAN_POINT('',(539.88,297.674,-13.7));
#15831 = DIRECTION('',(0.,0.,1.));
#15832 = DIRECTION('',(-1.,0.,0.));
#15833 = ADVANCED_FACE('',(#15834),#15853,.F.);
#15834 = FACE_BOUND('',#15835,.T.);
#15835 = EDGE_LOOP('',(#15836,#15845,#15846,#15847));
#15836 = ORIENTED_EDGE('',*,*,#15837,.T.);
#15837 = EDGE_CURVE('',#15838,#15789,#15840,.T.);
#15838 = VERTEX_POINT('',#15839);
#15839 = CARTESIAN_POINT('',(536.706,316.326,-13.7));
#15840 = CIRCLE('',#15841,3.174);
#15841 = AXIS2_PLACEMENT_3D('',#15842,#15843,#15844);
#15842 = CARTESIAN_POINT('',(539.88,316.326,-13.7));
#15843 = DIRECTION('',(-0.,-0.,-1.));
#15844 = DIRECTION('',(0.,-1.,0.));
#15845 = ORIENTED_EDGE('',*,*,#15796,.T.);
#15846 = ORIENTED_EDGE('',*,*,#3942,.F.);
#15847 = ORIENTED_EDGE('',*,*,#15848,.F.);
#15848 = EDGE_CURVE('',#15838,#3935,#15849,.T.);
#15849 = LINE('',#15850,#15851);
#15850 = CARTESIAN_POINT('',(536.706,316.326,-13.7));
#15851 = VECTOR('',#15852,1.);
#15852 = DIRECTION('',(0.,0.,1.));
#15853 = CYLINDRICAL_SURFACE('',#15854,3.174);
#15854 = AXIS2_PLACEMENT_3D('',#15855,#15856,#15857);
#15855 = CARTESIAN_POINT('',(539.88,316.326,-13.7));
#15856 = DIRECTION('',(0.,0.,1.));
#15857 = DIRECTION('',(-1.,0.,0.));
#15858 = ADVANCED_FACE('',(#15859),#15870,.T.);
#15859 = FACE_BOUND('',#15860,.T.);
#15860 = EDGE_LOOP('',(#15861,#15862,#15863,#15869));
#15861 = ORIENTED_EDGE('',*,*,#3934,.F.);
#15862 = ORIENTED_EDGE('',*,*,#15823,.F.);
#15863 = ORIENTED_EDGE('',*,*,#15864,.T.);
#15864 = EDGE_CURVE('',#15813,#15838,#15865,.T.);
#15865 = LINE('',#15866,#15867);
#15866 = CARTESIAN_POINT('',(536.706,294.5,-13.7));
#15867 = VECTOR('',#15868,1.);
#15868 = DIRECTION('',(0.,1.,0.));
#15869 = ORIENTED_EDGE('',*,*,#15848,.T.);
#15870 = PLANE('',#15871);
#15871 = AXIS2_PLACEMENT_3D('',#15872,#15873,#15874);
#15872 = CARTESIAN_POINT('',(536.706,294.5,-13.7));
#15873 = DIRECTION('',(1.,0.,0.));
#15874 = DIRECTION('',(0.,0.,1.));
#15875 = ADVANCED_FACE('',(#15876),#15886,.T.);
#15876 = FACE_BOUND('',#15877,.T.);
#15877 = EDGE_LOOP('',(#15878,#15879,#15880,#15881,#15882,#15883,#15884,
    #15885));
#15878 = ORIENTED_EDGE('',*,*,#15692,.T.);
#15879 = ORIENTED_EDGE('',*,*,#15739,.T.);
#15880 = ORIENTED_EDGE('',*,*,#15788,.F.);
#15881 = ORIENTED_EDGE('',*,*,#15837,.F.);
#15882 = ORIENTED_EDGE('',*,*,#15864,.F.);
#15883 = ORIENTED_EDGE('',*,*,#15812,.T.);
#15884 = ORIENTED_EDGE('',*,*,#15764,.T.);
#15885 = ORIENTED_EDGE('',*,*,#15714,.T.);
#15886 = PLANE('',#15887);
#15887 = AXIS2_PLACEMENT_3D('',#15888,#15889,#15890);
#15888 = CARTESIAN_POINT('',(536.706,294.5,-13.7));
#15889 = DIRECTION('',(0.,0.,1.));
#15890 = DIRECTION('',(1.,0.,0.));
#15891 = ADVANCED_FACE('',(#15892),#15911,.F.);
#15892 = FACE_BOUND('',#15893,.F.);
#15893 = EDGE_LOOP('',(#15894,#15903,#15909,#15910));
#15894 = ORIENTED_EDGE('',*,*,#15895,.F.);
#15895 = EDGE_CURVE('',#15896,#15896,#15898,.T.);
#15896 = VERTEX_POINT('',#15897);
#15897 = CARTESIAN_POINT('',(361.15625,342.9,-22.7));
#15898 = CIRCLE('',#15899,7.14375);
#15899 = AXIS2_PLACEMENT_3D('',#15900,#15901,#15902);
#15900 = CARTESIAN_POINT('',(368.3,342.9,-22.7));
#15901 = DIRECTION('',(0.,0.,-1.));
#15902 = DIRECTION('',(-1.,0.,0.));
#15903 = ORIENTED_EDGE('',*,*,#15904,.F.);
#15904 = EDGE_CURVE('',#3969,#15896,#15905,.T.);
#15905 = LINE('',#15906,#15907);
#15906 = CARTESIAN_POINT('',(361.15625,342.9,-12.7));
#15907 = VECTOR('',#15908,1.);
#15908 = DIRECTION('',(0.,0.,-1.));
#15909 = ORIENTED_EDGE('',*,*,#3968,.T.);
#15910 = ORIENTED_EDGE('',*,*,#15904,.T.);
#15911 = CYLINDRICAL_SURFACE('',#15912,7.14375);
#15912 = AXIS2_PLACEMENT_3D('',#15913,#15914,#15915);
#15913 = CARTESIAN_POINT('',(368.3,342.9,-12.7));
#15914 = DIRECTION('',(0.,0.,-1.));
#15915 = DIRECTION('',(-1.,0.,0.));
#15916 = ADVANCED_FACE('',(#15917,#15920),#15931,.F.);
#15917 = FACE_BOUND('',#15918,.F.);
#15918 = EDGE_LOOP('',(#15919));
#15919 = ORIENTED_EDGE('',*,*,#15895,.T.);
#15920 = FACE_BOUND('',#15921,.F.);
#15921 = EDGE_LOOP('',(#15922));
#15922 = ORIENTED_EDGE('',*,*,#15923,.F.);
#15923 = EDGE_CURVE('',#15924,#15924,#15926,.T.);
#15924 = VERTEX_POINT('',#15925);
#15925 = CARTESIAN_POINT('',(364.998,342.9,-22.7));
#15926 = CIRCLE('',#15927,3.302);
#15927 = AXIS2_PLACEMENT_3D('',#15928,#15929,#15930);
#15928 = CARTESIAN_POINT('',(368.3,342.9,-22.7));
#15929 = DIRECTION('',(0.,0.,-1.));
#15930 = DIRECTION('',(-1.,0.,0.));
#15931 = PLANE('',#15932);
#15932 = AXIS2_PLACEMENT_3D('',#15933,#15934,#15935);
#15933 = CARTESIAN_POINT('',(368.3,342.9,-22.7));
#15934 = DIRECTION('',(0.,0.,-1.));
#15935 = DIRECTION('',(-1.,0.,0.));
#15936 = ADVANCED_FACE('',(#15937),#15956,.F.);
#15937 = FACE_BOUND('',#15938,.F.);
#15938 = EDGE_LOOP('',(#15939,#15940,#15948,#15955));
#15939 = ORIENTED_EDGE('',*,*,#15923,.T.);
#15940 = ORIENTED_EDGE('',*,*,#15941,.T.);
#15941 = EDGE_CURVE('',#15924,#15942,#15944,.T.);
#15942 = VERTEX_POINT('',#15943);
#15943 = CARTESIAN_POINT('',(364.998,342.9,-38.1));
#15944 = LINE('',#15945,#15946);
#15945 = CARTESIAN_POINT('',(364.998,342.9,-12.7));
#15946 = VECTOR('',#15947,1.);
#15947 = DIRECTION('',(0.,0.,-1.));
#15948 = ORIENTED_EDGE('',*,*,#15949,.F.);
#15949 = EDGE_CURVE('',#15942,#15942,#15950,.T.);
#15950 = CIRCLE('',#15951,3.302);
#15951 = AXIS2_PLACEMENT_3D('',#15952,#15953,#15954);
#15952 = CARTESIAN_POINT('',(368.3,342.9,-38.1));
#15953 = DIRECTION('',(0.,0.,-1.));
#15954 = DIRECTION('',(-1.,0.,0.));
#15955 = ORIENTED_EDGE('',*,*,#15941,.F.);
#15956 = CYLINDRICAL_SURFACE('',#15957,3.302);
#15957 = AXIS2_PLACEMENT_3D('',#15958,#15959,#15960);
#15958 = CARTESIAN_POINT('',(368.3,342.9,-12.7));
#15959 = DIRECTION('',(0.,0.,-1.));
#15960 = DIRECTION('',(-1.,0.,0.));
#15961 = ADVANCED_FACE('',(#15962),#15981,.F.);
#15962 = FACE_BOUND('',#15963,.F.);
#15963 = EDGE_LOOP('',(#15964,#15973,#15979,#15980));
#15964 = ORIENTED_EDGE('',*,*,#15965,.F.);
#15965 = EDGE_CURVE('',#15966,#15966,#15968,.T.);
#15966 = VERTEX_POINT('',#15967);
#15967 = CARTESIAN_POINT('',(488.15625,12.7,-22.7));
#15968 = CIRCLE('',#15969,7.14375);
#15969 = AXIS2_PLACEMENT_3D('',#15970,#15971,#15972);
#15970 = CARTESIAN_POINT('',(495.3,12.7,-22.7));
#15971 = DIRECTION('',(0.,0.,-1.));
#15972 = DIRECTION('',(-1.,0.,0.));
#15973 = ORIENTED_EDGE('',*,*,#15974,.F.);
#15974 = EDGE_CURVE('',#3980,#15966,#15975,.T.);
#15975 = LINE('',#15976,#15977);
#15976 = CARTESIAN_POINT('',(488.15625,12.7,-12.7));
#15977 = VECTOR('',#15978,1.);
#15978 = DIRECTION('',(0.,0.,-1.));
#15979 = ORIENTED_EDGE('',*,*,#3979,.T.);
#15980 = ORIENTED_EDGE('',*,*,#15974,.T.);
#15981 = CYLINDRICAL_SURFACE('',#15982,7.14375);
#15982 = AXIS2_PLACEMENT_3D('',#15983,#15984,#15985);
#15983 = CARTESIAN_POINT('',(495.3,12.7,-12.7));
#15984 = DIRECTION('',(0.,0.,-1.));
#15985 = DIRECTION('',(-1.,0.,0.));
#15986 = ADVANCED_FACE('',(#15987,#15990),#16001,.F.);
#15987 = FACE_BOUND('',#15988,.F.);
#15988 = EDGE_LOOP('',(#15989));
#15989 = ORIENTED_EDGE('',*,*,#15965,.T.);
#15990 = FACE_BOUND('',#15991,.F.);
#15991 = EDGE_LOOP('',(#15992));
#15992 = ORIENTED_EDGE('',*,*,#15993,.F.);
#15993 = EDGE_CURVE('',#15994,#15994,#15996,.T.);
#15994 = VERTEX_POINT('',#15995);
#15995 = CARTESIAN_POINT('',(491.998,12.7,-22.7));
#15996 = CIRCLE('',#15997,3.302);
#15997 = AXIS2_PLACEMENT_3D('',#15998,#15999,#16000);
#15998 = CARTESIAN_POINT('',(495.3,12.7,-22.7));
#15999 = DIRECTION('',(0.,0.,-1.));
#16000 = DIRECTION('',(-1.,0.,0.));
#16001 = PLANE('',#16002);
#16002 = AXIS2_PLACEMENT_3D('',#16003,#16004,#16005);
#16003 = CARTESIAN_POINT('',(495.3,12.7,-22.7));
#16004 = DIRECTION('',(0.,0.,-1.));
#16005 = DIRECTION('',(-1.,0.,0.));
#16006 = ADVANCED_FACE('',(#16007),#16026,.F.);
#16007 = FACE_BOUND('',#16008,.F.);
#16008 = EDGE_LOOP('',(#16009,#16010,#16018,#16025));
#16009 = ORIENTED_EDGE('',*,*,#15993,.T.);
#16010 = ORIENTED_EDGE('',*,*,#16011,.T.);
#16011 = EDGE_CURVE('',#15994,#16012,#16014,.T.);
#16012 = VERTEX_POINT('',#16013);
#16013 = CARTESIAN_POINT('',(491.998,12.7,-38.1));
#16014 = LINE('',#16015,#16016);
#16015 = CARTESIAN_POINT('',(491.998,12.7,-12.7));
#16016 = VECTOR('',#16017,1.);
#16017 = DIRECTION('',(0.,0.,-1.));
#16018 = ORIENTED_EDGE('',*,*,#16019,.F.);
#16019 = EDGE_CURVE('',#16012,#16012,#16020,.T.);
#16020 = CIRCLE('',#16021,3.302);
#16021 = AXIS2_PLACEMENT_3D('',#16022,#16023,#16024);
#16022 = CARTESIAN_POINT('',(495.3,12.7,-38.1));
#16023 = DIRECTION('',(0.,0.,-1.));
#16024 = DIRECTION('',(-1.,0.,0.));
#16025 = ORIENTED_EDGE('',*,*,#16011,.F.);
#16026 = CYLINDRICAL_SURFACE('',#16027,3.302);
#16027 = AXIS2_PLACEMENT_3D('',#16028,#16029,#16030);
#16028 = CARTESIAN_POINT('',(495.3,12.7,-12.7));
#16029 = DIRECTION('',(0.,0.,-1.));
#16030 = DIRECTION('',(-1.,0.,0.));
#16031 = ADVANCED_FACE('',(#16032),#16051,.F.);
#16032 = FACE_BOUND('',#16033,.F.);
#16033 = EDGE_LOOP('',(#16034,#16043,#16049,#16050));
#16034 = ORIENTED_EDGE('',*,*,#16035,.F.);
#16035 = EDGE_CURVE('',#16036,#16036,#16038,.T.);
#16036 = VERTEX_POINT('',#16037);
#16037 = CARTESIAN_POINT('',(81.75625,317.5,-22.7));
#16038 = CIRCLE('',#16039,7.14375);
#16039 = AXIS2_PLACEMENT_3D('',#16040,#16041,#16042);
#16040 = CARTESIAN_POINT('',(88.9,317.5,-22.7));
#16041 = DIRECTION('',(0.,0.,-1.));
#16042 = DIRECTION('',(-1.,0.,0.));
#16043 = ORIENTED_EDGE('',*,*,#16044,.F.);
#16044 = EDGE_CURVE('',#3991,#16036,#16045,.T.);
#16045 = LINE('',#16046,#16047);
#16046 = CARTESIAN_POINT('',(81.75625,317.5,-12.7));
#16047 = VECTOR('',#16048,1.);
#16048 = DIRECTION('',(0.,0.,-1.));
#16049 = ORIENTED_EDGE('',*,*,#3990,.T.);
#16050 = ORIENTED_EDGE('',*,*,#16044,.T.);
#16051 = CYLINDRICAL_SURFACE('',#16052,7.14375);
#16052 = AXIS2_PLACEMENT_3D('',#16053,#16054,#16055);
#16053 = CARTESIAN_POINT('',(88.9,317.5,-12.7));
#16054 = DIRECTION('',(0.,0.,-1.));
#16055 = DIRECTION('',(-1.,0.,0.));
#16056 = ADVANCED_FACE('',(#16057,#16060),#16071,.F.);
#16057 = FACE_BOUND('',#16058,.F.);
#16058 = EDGE_LOOP('',(#16059));
#16059 = ORIENTED_EDGE('',*,*,#16035,.T.);
#16060 = FACE_BOUND('',#16061,.F.);
#16061 = EDGE_LOOP('',(#16062));
#16062 = ORIENTED_EDGE('',*,*,#16063,.F.);
#16063 = EDGE_CURVE('',#16064,#16064,#16066,.T.);
#16064 = VERTEX_POINT('',#16065);
#16065 = CARTESIAN_POINT('',(85.598,317.5,-22.7));
#16066 = CIRCLE('',#16067,3.302);
#16067 = AXIS2_PLACEMENT_3D('',#16068,#16069,#16070);
#16068 = CARTESIAN_POINT('',(88.9,317.5,-22.7));
#16069 = DIRECTION('',(0.,0.,-1.));
#16070 = DIRECTION('',(-1.,0.,0.));
#16071 = PLANE('',#16072);
#16072 = AXIS2_PLACEMENT_3D('',#16073,#16074,#16075);
#16073 = CARTESIAN_POINT('',(88.9,317.5,-22.7));
#16074 = DIRECTION('',(0.,0.,-1.));
#16075 = DIRECTION('',(-1.,0.,0.));
#16076 = ADVANCED_FACE('',(#16077),#16096,.F.);
#16077 = FACE_BOUND('',#16078,.F.);
#16078 = EDGE_LOOP('',(#16079,#16080,#16088,#16095));
#16079 = ORIENTED_EDGE('',*,*,#16063,.T.);
#16080 = ORIENTED_EDGE('',*,*,#16081,.T.);
#16081 = EDGE_CURVE('',#16064,#16082,#16084,.T.);
#16082 = VERTEX_POINT('',#16083);
#16083 = CARTESIAN_POINT('',(85.598,317.5,-38.1));
#16084 = LINE('',#16085,#16086);
#16085 = CARTESIAN_POINT('',(85.598,317.5,-12.7));
#16086 = VECTOR('',#16087,1.);
#16087 = DIRECTION('',(0.,0.,-1.));
#16088 = ORIENTED_EDGE('',*,*,#16089,.F.);
#16089 = EDGE_CURVE('',#16082,#16082,#16090,.T.);
#16090 = CIRCLE('',#16091,3.302);
#16091 = AXIS2_PLACEMENT_3D('',#16092,#16093,#16094);
#16092 = CARTESIAN_POINT('',(88.9,317.5,-38.1));
#16093 = DIRECTION('',(0.,0.,-1.));
#16094 = DIRECTION('',(-1.,0.,0.));
#16095 = ORIENTED_EDGE('',*,*,#16081,.F.);
#16096 = CYLINDRICAL_SURFACE('',#16097,3.302);
#16097 = AXIS2_PLACEMENT_3D('',#16098,#16099,#16100);
#16098 = CARTESIAN_POINT('',(88.9,317.5,-12.7));
#16099 = DIRECTION('',(0.,0.,-1.));
#16100 = DIRECTION('',(-1.,0.,0.));
#16101 = ADVANCED_FACE('',(#16102),#16121,.F.);
#16102 = FACE_BOUND('',#16103,.F.);
#16103 = EDGE_LOOP('',(#16104,#16113,#16119,#16120));
#16104 = ORIENTED_EDGE('',*,*,#16105,.F.);
#16105 = EDGE_CURVE('',#16106,#16106,#16108,.T.);
#16106 = VERTEX_POINT('',#16107);
#16107 = CARTESIAN_POINT('',(81.75625,12.7,-22.7));
#16108 = CIRCLE('',#16109,7.14375);
#16109 = AXIS2_PLACEMENT_3D('',#16110,#16111,#16112);
#16110 = CARTESIAN_POINT('',(88.9,12.7,-22.7));
#16111 = DIRECTION('',(0.,0.,-1.));
#16112 = DIRECTION('',(-1.,0.,0.));
#16113 = ORIENTED_EDGE('',*,*,#16114,.F.);
#16114 = EDGE_CURVE('',#4002,#16106,#16115,.T.);
#16115 = LINE('',#16116,#16117);
#16116 = CARTESIAN_POINT('',(81.75625,12.7,-12.7));
#16117 = VECTOR('',#16118,1.);
#16118 = DIRECTION('',(0.,0.,-1.));
#16119 = ORIENTED_EDGE('',*,*,#4001,.T.);
#16120 = ORIENTED_EDGE('',*,*,#16114,.T.);
#16121 = CYLINDRICAL_SURFACE('',#16122,7.14375);
#16122 = AXIS2_PLACEMENT_3D('',#16123,#16124,#16125);
#16123 = CARTESIAN_POINT('',(88.9,12.7,-12.7));
#16124 = DIRECTION('',(0.,0.,-1.));
#16125 = DIRECTION('',(-1.,0.,0.));
#16126 = ADVANCED_FACE('',(#16127,#16130),#16141,.F.);
#16127 = FACE_BOUND('',#16128,.F.);
#16128 = EDGE_LOOP('',(#16129));
#16129 = ORIENTED_EDGE('',*,*,#16105,.T.);
#16130 = FACE_BOUND('',#16131,.F.);
#16131 = EDGE_LOOP('',(#16132));
#16132 = ORIENTED_EDGE('',*,*,#16133,.F.);
#16133 = EDGE_CURVE('',#16134,#16134,#16136,.T.);
#16134 = VERTEX_POINT('',#16135);
#16135 = CARTESIAN_POINT('',(85.598,12.7,-22.7));
#16136 = CIRCLE('',#16137,3.302);
#16137 = AXIS2_PLACEMENT_3D('',#16138,#16139,#16140);
#16138 = CARTESIAN_POINT('',(88.9,12.7,-22.7));
#16139 = DIRECTION('',(0.,0.,-1.));
#16140 = DIRECTION('',(-1.,0.,0.));
#16141 = PLANE('',#16142);
#16142 = AXIS2_PLACEMENT_3D('',#16143,#16144,#16145);
#16143 = CARTESIAN_POINT('',(88.9,12.7,-22.7));
#16144 = DIRECTION('',(0.,0.,-1.));
#16145 = DIRECTION('',(-1.,0.,0.));
#16146 = ADVANCED_FACE('',(#16147),#16166,.F.);
#16147 = FACE_BOUND('',#16148,.F.);
#16148 = EDGE_LOOP('',(#16149,#16150,#16158,#16165));
#16149 = ORIENTED_EDGE('',*,*,#16133,.T.);
#16150 = ORIENTED_EDGE('',*,*,#16151,.T.);
#16151 = EDGE_CURVE('',#16134,#16152,#16154,.T.);
#16152 = VERTEX_POINT('',#16153);
#16153 = CARTESIAN_POINT('',(85.598,12.7,-38.1));
#16154 = LINE('',#16155,#16156);
#16155 = CARTESIAN_POINT('',(85.598,12.7,-12.7));
#16156 = VECTOR('',#16157,1.);
#16157 = DIRECTION('',(0.,0.,-1.));
#16158 = ORIENTED_EDGE('',*,*,#16159,.F.);
#16159 = EDGE_CURVE('',#16152,#16152,#16160,.T.);
#16160 = CIRCLE('',#16161,3.302);
#16161 = AXIS2_PLACEMENT_3D('',#16162,#16163,#16164);
#16162 = CARTESIAN_POINT('',(88.9,12.7,-38.1));
#16163 = DIRECTION('',(0.,0.,-1.));
#16164 = DIRECTION('',(-1.,0.,0.));
#16165 = ORIENTED_EDGE('',*,*,#16151,.F.);
#16166 = CYLINDRICAL_SURFACE('',#16167,3.302);
#16167 = AXIS2_PLACEMENT_3D('',#16168,#16169,#16170);
#16168 = CARTESIAN_POINT('',(88.9,12.7,-12.7));
#16169 = DIRECTION('',(0.,0.,-1.));
#16170 = DIRECTION('',(-1.,0.,0.));
#16171 = ADVANCED_FACE('',(#16172),#16191,.F.);
#16172 = FACE_BOUND('',#16173,.F.);
#16173 = EDGE_LOOP('',(#16174,#16183,#16189,#16190));
#16174 = ORIENTED_EDGE('',*,*,#16175,.F.);
#16175 = EDGE_CURVE('',#16176,#16176,#16178,.T.);
#16176 = VERTEX_POINT('',#16177);
#16177 = CARTESIAN_POINT('',(594.5252,220.836,-38.1));
#16178 = CIRCLE('',#16179,1.7272);
#16179 = AXIS2_PLACEMENT_3D('',#16180,#16181,#16182);
#16180 = CARTESIAN_POINT('',(592.798,220.836,-38.1));
#16181 = DIRECTION('',(0.,0.,-1.));
#16182 = DIRECTION('',(1.,0.,0.));
#16183 = ORIENTED_EDGE('',*,*,#16184,.F.);
#16184 = EDGE_CURVE('',#4013,#16176,#16185,.T.);
#16185 = LINE('',#16186,#16187);
#16186 = CARTESIAN_POINT('',(594.5252,220.836,0.));
#16187 = VECTOR('',#16188,1.);
#16188 = DIRECTION('',(0.,0.,-1.));
#16189 = ORIENTED_EDGE('',*,*,#4012,.T.);
#16190 = ORIENTED_EDGE('',*,*,#16184,.T.);
#16191 = CYLINDRICAL_SURFACE('',#16192,1.7272);
#16192 = AXIS2_PLACEMENT_3D('',#16193,#16194,#16195);
#16193 = CARTESIAN_POINT('',(592.798,220.836,0.));
#16194 = DIRECTION('',(0.,0.,-1.));
#16195 = DIRECTION('',(1.,-0.,0.));
#16196 = ADVANCED_FACE('',(#16197),#16216,.F.);
#16197 = FACE_BOUND('',#16198,.F.);
#16198 = EDGE_LOOP('',(#16199,#16208,#16214,#16215));
#16199 = ORIENTED_EDGE('',*,*,#16200,.F.);
#16200 = EDGE_CURVE('',#16201,#16201,#16203,.T.);
#16201 = VERTEX_POINT('',#16202);
#16202 = CARTESIAN_POINT('',(594.5252,155.836,-38.1));
#16203 = CIRCLE('',#16204,1.7272);
#16204 = AXIS2_PLACEMENT_3D('',#16205,#16206,#16207);
#16205 = CARTESIAN_POINT('',(592.798,155.836,-38.1));
#16206 = DIRECTION('',(0.,0.,-1.));
#16207 = DIRECTION('',(1.,0.,0.));
#16208 = ORIENTED_EDGE('',*,*,#16209,.F.);
#16209 = EDGE_CURVE('',#4024,#16201,#16210,.T.);
#16210 = LINE('',#16211,#16212);
#16211 = CARTESIAN_POINT('',(594.5252,155.836,0.));
#16212 = VECTOR('',#16213,1.);
#16213 = DIRECTION('',(0.,0.,-1.));
#16214 = ORIENTED_EDGE('',*,*,#4023,.T.);
#16215 = ORIENTED_EDGE('',*,*,#16209,.T.);
#16216 = CYLINDRICAL_SURFACE('',#16217,1.7272);
#16217 = AXIS2_PLACEMENT_3D('',#16218,#16219,#16220);
#16218 = CARTESIAN_POINT('',(592.798,155.836,0.));
#16219 = DIRECTION('',(0.,0.,-1.));
#16220 = DIRECTION('',(1.,-0.,0.));
#16221 = ADVANCED_FACE('',(#16222),#16241,.F.);
#16222 = FACE_BOUND('',#16223,.F.);
#16223 = EDGE_LOOP('',(#16224,#16233,#16239,#16240));
#16224 = ORIENTED_EDGE('',*,*,#16225,.F.);
#16225 = EDGE_CURVE('',#16226,#16226,#16228,.T.);
#16226 = VERTEX_POINT('',#16227);
#16227 = CARTESIAN_POINT('',(594.5252,174.164,-38.1));
#16228 = CIRCLE('',#16229,1.7272);
#16229 = AXIS2_PLACEMENT_3D('',#16230,#16231,#16232);
#16230 = CARTESIAN_POINT('',(592.798,174.164,-38.1));
#16231 = DIRECTION('',(0.,0.,-1.));
#16232 = DIRECTION('',(1.,0.,0.));
#16233 = ORIENTED_EDGE('',*,*,#16234,.F.);
#16234 = EDGE_CURVE('',#4035,#16226,#16235,.T.);
#16235 = LINE('',#16236,#16237);
#16236 = CARTESIAN_POINT('',(594.5252,174.164,0.));
#16237 = VECTOR('',#16238,1.);
#16238 = DIRECTION('',(0.,0.,-1.));
#16239 = ORIENTED_EDGE('',*,*,#4034,.T.);
#16240 = ORIENTED_EDGE('',*,*,#16234,.T.);
#16241 = CYLINDRICAL_SURFACE('',#16242,1.7272);
#16242 = AXIS2_PLACEMENT_3D('',#16243,#16244,#16245);
#16243 = CARTESIAN_POINT('',(592.798,174.164,0.));
#16244 = DIRECTION('',(0.,0.,-1.));
#16245 = DIRECTION('',(1.,-0.,0.));
#16246 = ADVANCED_FACE('',(#16247),#16266,.F.);
#16247 = FACE_BOUND('',#16248,.F.);
#16248 = EDGE_LOOP('',(#16249,#16258,#16264,#16265));
#16249 = ORIENTED_EDGE('',*,*,#16250,.F.);
#16250 = EDGE_CURVE('',#16251,#16251,#16253,.T.);
#16251 = VERTEX_POINT('',#16252);
#16252 = CARTESIAN_POINT('',(594.5252,239.164,-38.1));
#16253 = CIRCLE('',#16254,1.7272);
#16254 = AXIS2_PLACEMENT_3D('',#16255,#16256,#16257);
#16255 = CARTESIAN_POINT('',(592.798,239.164,-38.1));
#16256 = DIRECTION('',(0.,0.,-1.));
#16257 = DIRECTION('',(1.,0.,0.));
#16258 = ORIENTED_EDGE('',*,*,#16259,.F.);
#16259 = EDGE_CURVE('',#4046,#16251,#16260,.T.);
#16260 = LINE('',#16261,#16262);
#16261 = CARTESIAN_POINT('',(594.5252,239.164,0.));
#16262 = VECTOR('',#16263,1.);
#16263 = DIRECTION('',(0.,0.,-1.));
#16264 = ORIENTED_EDGE('',*,*,#4045,.T.);
#16265 = ORIENTED_EDGE('',*,*,#16259,.T.);
#16266 = CYLINDRICAL_SURFACE('',#16267,1.7272);
#16267 = AXIS2_PLACEMENT_3D('',#16268,#16269,#16270);
#16268 = CARTESIAN_POINT('',(592.798,239.164,0.));
#16269 = DIRECTION('',(0.,0.,-1.));
#16270 = DIRECTION('',(1.,-0.,0.));
#16271 = ADVANCED_FACE('',(#16272),#16291,.F.);
#16272 = FACE_BOUND('',#16273,.F.);
#16273 = EDGE_LOOP('',(#16274,#16283,#16289,#16290));
#16274 = ORIENTED_EDGE('',*,*,#16275,.F.);
#16275 = EDGE_CURVE('',#16276,#16276,#16278,.T.);
#16276 = VERTEX_POINT('',#16277);
#16277 = CARTESIAN_POINT('',(594.5252,50.164,-38.1));
#16278 = CIRCLE('',#16279,1.7272);
#16279 = AXIS2_PLACEMENT_3D('',#16280,#16281,#16282);
#16280 = CARTESIAN_POINT('',(592.798,50.164,-38.1));
#16281 = DIRECTION('',(0.,0.,-1.));
#16282 = DIRECTION('',(1.,0.,0.));
#16283 = ORIENTED_EDGE('',*,*,#16284,.F.);
#16284 = EDGE_CURVE('',#4057,#16276,#16285,.T.);
#16285 = LINE('',#16286,#16287);
#16286 = CARTESIAN_POINT('',(594.5252,50.164,0.));
#16287 = VECTOR('',#16288,1.);
#16288 = DIRECTION('',(0.,0.,-1.));
#16289 = ORIENTED_EDGE('',*,*,#4056,.T.);
#16290 = ORIENTED_EDGE('',*,*,#16284,.T.);
#16291 = CYLINDRICAL_SURFACE('',#16292,1.7272);
#16292 = AXIS2_PLACEMENT_3D('',#16293,#16294,#16295);
#16293 = CARTESIAN_POINT('',(592.798,50.164,0.));
#16294 = DIRECTION('',(0.,0.,-1.));
#16295 = DIRECTION('',(1.,-0.,0.));
#16296 = ADVANCED_FACE('',(#16297),#16316,.F.);
#16297 = FACE_BOUND('',#16298,.F.);
#16298 = EDGE_LOOP('',(#16299,#16308,#16314,#16315));
#16299 = ORIENTED_EDGE('',*,*,#16300,.F.);
#16300 = EDGE_CURVE('',#16301,#16301,#16303,.T.);
#16301 = VERTEX_POINT('',#16302);
#16302 = CARTESIAN_POINT('',(527.7712,127.33,-38.1));
#16303 = CIRCLE('',#16304,1.7272);
#16304 = AXIS2_PLACEMENT_3D('',#16305,#16306,#16307);
#16305 = CARTESIAN_POINT('',(526.044,127.33,-38.1));
#16306 = DIRECTION('',(0.,0.,-1.));
#16307 = DIRECTION('',(1.,0.,0.));
#16308 = ORIENTED_EDGE('',*,*,#16309,.F.);
#16309 = EDGE_CURVE('',#4068,#16301,#16310,.T.);
#16310 = LINE('',#16311,#16312);
#16311 = CARTESIAN_POINT('',(527.7712,127.33,-12.7));
#16312 = VECTOR('',#16313,1.);
#16313 = DIRECTION('',(0.,0.,-1.));
#16314 = ORIENTED_EDGE('',*,*,#4067,.T.);
#16315 = ORIENTED_EDGE('',*,*,#16309,.T.);
#16316 = CYLINDRICAL_SURFACE('',#16317,1.7272);
#16317 = AXIS2_PLACEMENT_3D('',#16318,#16319,#16320);
#16318 = CARTESIAN_POINT('',(526.044,127.33,-12.7));
#16319 = DIRECTION('',(0.,0.,-1.));
#16320 = DIRECTION('',(1.,-0.,0.));
#16321 = ADVANCED_FACE('',(#16322),#16341,.F.);
#16322 = FACE_BOUND('',#16323,.F.);
#16323 = EDGE_LOOP('',(#16324,#16333,#16339,#16340));
#16324 = ORIENTED_EDGE('',*,*,#16325,.F.);
#16325 = EDGE_CURVE('',#16326,#16326,#16328,.T.);
#16326 = VERTEX_POINT('',#16327);
#16327 = CARTESIAN_POINT('',(552.6868,100.,-38.1));
#16328 = CIRCLE('',#16329,1.7272);
#16329 = AXIS2_PLACEMENT_3D('',#16330,#16331,#16332);
#16330 = CARTESIAN_POINT('',(550.9596,100.,-38.1));
#16331 = DIRECTION('',(0.,0.,-1.));
#16332 = DIRECTION('',(1.,0.,0.));
#16333 = ORIENTED_EDGE('',*,*,#16334,.F.);
#16334 = EDGE_CURVE('',#4079,#16326,#16335,.T.);
#16335 = LINE('',#16336,#16337);
#16336 = CARTESIAN_POINT('',(552.6868,100.,-12.7));
#16337 = VECTOR('',#16338,1.);
#16338 = DIRECTION('',(0.,0.,-1.));
#16339 = ORIENTED_EDGE('',*,*,#4078,.T.);
#16340 = ORIENTED_EDGE('',*,*,#16334,.T.);
#16341 = CYLINDRICAL_SURFACE('',#16342,1.7272);
#16342 = AXIS2_PLACEMENT_3D('',#16343,#16344,#16345);
#16343 = CARTESIAN_POINT('',(550.9596,100.,-12.7));
#16344 = DIRECTION('',(0.,0.,-1.));
#16345 = DIRECTION('',(1.,-0.,0.));
#16346 = ADVANCED_FACE('',(#16347),#16366,.F.);
#16347 = FACE_BOUND('',#16348,.F.);
#16348 = EDGE_LOOP('',(#16349,#16358,#16364,#16365));
#16349 = ORIENTED_EDGE('',*,*,#16350,.F.);
#16350 = EDGE_CURVE('',#16351,#16351,#16353,.T.);
#16351 = VERTEX_POINT('',#16352);
#16352 = CARTESIAN_POINT('',(594.5252,31.836,-38.1));
#16353 = CIRCLE('',#16354,1.7272);
#16354 = AXIS2_PLACEMENT_3D('',#16355,#16356,#16357);
#16355 = CARTESIAN_POINT('',(592.798,31.836,-38.1));
#16356 = DIRECTION('',(0.,0.,-1.));
#16357 = DIRECTION('',(1.,0.,0.));
#16358 = ORIENTED_EDGE('',*,*,#16359,.F.);
#16359 = EDGE_CURVE('',#4090,#16351,#16360,.T.);
#16360 = LINE('',#16361,#16362);
#16361 = CARTESIAN_POINT('',(594.5252,31.836,0.));
#16362 = VECTOR('',#16363,1.);
#16363 = DIRECTION('',(0.,0.,-1.));
#16364 = ORIENTED_EDGE('',*,*,#4089,.T.);
#16365 = ORIENTED_EDGE('',*,*,#16359,.T.);
#16366 = CYLINDRICAL_SURFACE('',#16367,1.7272);
#16367 = AXIS2_PLACEMENT_3D('',#16368,#16369,#16370);
#16368 = CARTESIAN_POINT('',(592.798,31.836,0.));
#16369 = DIRECTION('',(0.,0.,-1.));
#16370 = DIRECTION('',(1.,-0.,0.));
#16371 = ADVANCED_FACE('',(#16372),#16391,.F.);
#16372 = FACE_BOUND('',#16373,.F.);
#16373 = EDGE_LOOP('',(#16374,#16383,#16389,#16390));
#16374 = ORIENTED_EDGE('',*,*,#16375,.F.);
#16375 = EDGE_CURVE('',#16376,#16376,#16378,.T.);
#16376 = VERTEX_POINT('',#16377);
#16377 = CARTESIAN_POINT('',(538.2288,279.67,-38.1));
#16378 = CIRCLE('',#16379,1.7272);
#16379 = AXIS2_PLACEMENT_3D('',#16380,#16381,#16382);
#16380 = CARTESIAN_POINT('',(539.956,279.67,-38.1));
#16381 = DIRECTION('',(0.,0.,-1.));
#16382 = DIRECTION('',(-1.,0.,0.));
#16383 = ORIENTED_EDGE('',*,*,#16384,.F.);
#16384 = EDGE_CURVE('',#4101,#16376,#16385,.T.);
#16385 = LINE('',#16386,#16387);
#16386 = CARTESIAN_POINT('',(538.2288,279.67,-12.7));
#16387 = VECTOR('',#16388,1.);
#16388 = DIRECTION('',(0.,0.,-1.));
#16389 = ORIENTED_EDGE('',*,*,#4100,.T.);
#16390 = ORIENTED_EDGE('',*,*,#16384,.T.);
#16391 = CYLINDRICAL_SURFACE('',#16392,1.7272);
#16392 = AXIS2_PLACEMENT_3D('',#16393,#16394,#16395);
#16393 = CARTESIAN_POINT('',(539.956,279.67,-12.7));
#16394 = DIRECTION('',(0.,0.,-1.));
#16395 = DIRECTION('',(-1.,0.,0.));
#16396 = ADVANCED_FACE('',(#16397),#16416,.F.);
#16397 = FACE_BOUND('',#16398,.F.);
#16398 = EDGE_LOOP('',(#16399,#16408,#16414,#16415));
#16399 = ORIENTED_EDGE('',*,*,#16400,.F.);
#16400 = EDGE_CURVE('',#16401,#16401,#16403,.T.);
#16401 = VERTEX_POINT('',#16402);
#16402 = CARTESIAN_POINT('',(562.6868,307.,-38.1));
#16403 = CIRCLE('',#16404,1.7272);
#16404 = AXIS2_PLACEMENT_3D('',#16405,#16406,#16407);
#16405 = CARTESIAN_POINT('',(560.9596,307.,-38.1));
#16406 = DIRECTION('',(0.,0.,-1.));
#16407 = DIRECTION('',(1.,0.,0.));
#16408 = ORIENTED_EDGE('',*,*,#16409,.F.);
#16409 = EDGE_CURVE('',#4112,#16401,#16410,.T.);
#16410 = LINE('',#16411,#16412);
#16411 = CARTESIAN_POINT('',(562.6868,307.,-12.7));
#16412 = VECTOR('',#16413,1.);
#16413 = DIRECTION('',(0.,0.,-1.));
#16414 = ORIENTED_EDGE('',*,*,#4111,.T.);
#16415 = ORIENTED_EDGE('',*,*,#16409,.T.);
#16416 = CYLINDRICAL_SURFACE('',#16417,1.7272);
#16417 = AXIS2_PLACEMENT_3D('',#16418,#16419,#16420);
#16418 = CARTESIAN_POINT('',(560.9596,307.,-12.7));
#16419 = DIRECTION('',(0.,0.,-1.));
#16420 = DIRECTION('',(1.,-0.,0.));
#16421 = ADVANCED_FACE('',(#16422),#16441,.F.);
#16422 = FACE_BOUND('',#16423,.F.);
#16423 = EDGE_LOOP('',(#16424,#16433,#16439,#16440));
#16424 = ORIENTED_EDGE('',*,*,#16425,.F.);
#16425 = EDGE_CURVE('',#16426,#16426,#16428,.T.);
#16426 = VERTEX_POINT('',#16427);
#16427 = CARTESIAN_POINT('',(136.2728,160.,-38.1));
#16428 = CIRCLE('',#16429,1.7272);
#16429 = AXIS2_PLACEMENT_3D('',#16430,#16431,#16432);
#16430 = CARTESIAN_POINT('',(138.,160.,-38.1));
#16431 = DIRECTION('',(0.,0.,-1.));
#16432 = DIRECTION('',(-1.,0.,0.));
#16433 = ORIENTED_EDGE('',*,*,#16434,.F.);
#16434 = EDGE_CURVE('',#4123,#16426,#16435,.T.);
#16435 = LINE('',#16436,#16437);
#16436 = CARTESIAN_POINT('',(136.2728,160.,0.));
#16437 = VECTOR('',#16438,1.);
#16438 = DIRECTION('',(0.,0.,-1.));
#16439 = ORIENTED_EDGE('',*,*,#4122,.T.);
#16440 = ORIENTED_EDGE('',*,*,#16434,.T.);
#16441 = CYLINDRICAL_SURFACE('',#16442,1.7272);
#16442 = AXIS2_PLACEMENT_3D('',#16443,#16444,#16445);
#16443 = CARTESIAN_POINT('',(138.,160.,0.));
#16444 = DIRECTION('',(0.,0.,-1.));
#16445 = DIRECTION('',(-1.,0.,0.));
#16446 = ADVANCED_FACE('',(#16447),#16466,.F.);
#16447 = FACE_BOUND('',#16448,.F.);
#16448 = EDGE_LOOP('',(#16449,#16458,#16464,#16465));
#16449 = ORIENTED_EDGE('',*,*,#16450,.F.);
#16450 = EDGE_CURVE('',#16451,#16451,#16453,.T.);
#16451 = VERTEX_POINT('',#16452);
#16452 = CARTESIAN_POINT('',(214.38513587393,31.614864126069,-38.1));
#16453 = CIRCLE('',#16454,1.7272);
#16454 = AXIS2_PLACEMENT_3D('',#16455,#16456,#16457);
#16455 = CARTESIAN_POINT('',(213.16382104146,32.836178958535,-38.1));
#16456 = DIRECTION('',(0.,-0.,-1.));
#16457 = DIRECTION('',(0.707106781187,-0.707106781187,0.));
#16458 = ORIENTED_EDGE('',*,*,#16459,.F.);
#16459 = EDGE_CURVE('',#4134,#16451,#16460,.T.);
#16460 = LINE('',#16461,#16462);
#16461 = CARTESIAN_POINT('',(214.38513587393,31.614864126069,-12.7));
#16462 = VECTOR('',#16463,1.);
#16463 = DIRECTION('',(-0.,0.,-1.));
#16464 = ORIENTED_EDGE('',*,*,#4133,.T.);
#16465 = ORIENTED_EDGE('',*,*,#16459,.T.);
#16466 = CYLINDRICAL_SURFACE('',#16467,1.7272);
#16467 = AXIS2_PLACEMENT_3D('',#16468,#16469,#16470);
#16468 = CARTESIAN_POINT('',(213.16382104146,32.836178958535,-12.7));
#16469 = DIRECTION('',(-0.,0.,-1.));
#16470 = DIRECTION('',(0.707106781187,-0.707106781187,0.));
#16471 = ADVANCED_FACE('',(#16472),#16491,.F.);
#16472 = FACE_BOUND('',#16473,.F.);
#16473 = EDGE_LOOP('',(#16474,#16483,#16489,#16490));
#16474 = ORIENTED_EDGE('',*,*,#16475,.F.);
#16475 = EDGE_CURVE('',#16476,#16476,#16478,.T.);
#16476 = VERTEX_POINT('',#16477);
#16477 = CARTESIAN_POINT('',(202.2728,58.,-38.1));
#16478 = CIRCLE('',#16479,1.7272);
#16479 = AXIS2_PLACEMENT_3D('',#16480,#16481,#16482);
#16480 = CARTESIAN_POINT('',(204.,58.,-38.1));
#16481 = DIRECTION('',(0.,0.,-1.));
#16482 = DIRECTION('',(-1.,0.,0.));
#16483 = ORIENTED_EDGE('',*,*,#16484,.F.);
#16484 = EDGE_CURVE('',#4145,#16476,#16485,.T.);
#16485 = LINE('',#16486,#16487);
#16486 = CARTESIAN_POINT('',(202.2728,58.,0.));
#16487 = VECTOR('',#16488,1.);
#16488 = DIRECTION('',(0.,0.,-1.));
#16489 = ORIENTED_EDGE('',*,*,#4144,.T.);
#16490 = ORIENTED_EDGE('',*,*,#16484,.T.);
#16491 = CYLINDRICAL_SURFACE('',#16492,1.7272);
#16492 = AXIS2_PLACEMENT_3D('',#16493,#16494,#16495);
#16493 = CARTESIAN_POINT('',(204.,58.,0.));
#16494 = DIRECTION('',(0.,0.,-1.));
#16495 = DIRECTION('',(-1.,0.,0.));
#16496 = ADVANCED_FACE('',(#16497),#16516,.F.);
#16497 = FACE_BOUND('',#16498,.F.);
#16498 = EDGE_LOOP('',(#16499,#16508,#16514,#16515));
#16499 = ORIENTED_EDGE('',*,*,#16500,.F.);
#16500 = EDGE_CURVE('',#16501,#16501,#16503,.T.);
#16501 = VERTEX_POINT('',#16502);
#16502 = CARTESIAN_POINT('',(158.2728,42.,-38.1));
#16503 = CIRCLE('',#16504,1.7272);
#16504 = AXIS2_PLACEMENT_3D('',#16505,#16506,#16507);
#16505 = CARTESIAN_POINT('',(160.,42.,-38.1));
#16506 = DIRECTION('',(0.,0.,-1.));
#16507 = DIRECTION('',(-1.,0.,0.));
#16508 = ORIENTED_EDGE('',*,*,#16509,.F.);
#16509 = EDGE_CURVE('',#4156,#16501,#16510,.T.);
#16510 = LINE('',#16511,#16512);
#16511 = CARTESIAN_POINT('',(158.2728,42.,0.));
#16512 = VECTOR('',#16513,1.);
#16513 = DIRECTION('',(0.,0.,-1.));
#16514 = ORIENTED_EDGE('',*,*,#4155,.T.);
#16515 = ORIENTED_EDGE('',*,*,#16509,.T.);
#16516 = CYLINDRICAL_SURFACE('',#16517,1.7272);
#16517 = AXIS2_PLACEMENT_3D('',#16518,#16519,#16520);
#16518 = CARTESIAN_POINT('',(160.,42.,0.));
#16519 = DIRECTION('',(0.,0.,-1.));
#16520 = DIRECTION('',(-1.,0.,0.));
#16521 = ADVANCED_FACE('',(#16522),#16541,.F.);
#16522 = FACE_BOUND('',#16523,.F.);
#16523 = EDGE_LOOP('',(#16524,#16533,#16539,#16540));
#16524 = ORIENTED_EDGE('',*,*,#16525,.F.);
#16525 = EDGE_CURVE('',#16526,#16526,#16528,.T.);
#16526 = VERTEX_POINT('',#16527);
#16527 = CARTESIAN_POINT('',(127.61486412606,31.614864126069,-38.1));
#16528 = CIRCLE('',#16529,1.7272);
#16529 = AXIS2_PLACEMENT_3D('',#16530,#16531,#16532);
#16530 = CARTESIAN_POINT('',(128.83617895853,32.836178958535,-38.1));
#16531 = DIRECTION('',(0.,0.,-1.));
#16532 = DIRECTION('',(-0.707106781187,-0.707106781187,-0.));
#16533 = ORIENTED_EDGE('',*,*,#16534,.F.);
#16534 = EDGE_CURVE('',#4167,#16526,#16535,.T.);
#16535 = LINE('',#16536,#16537);
#16536 = CARTESIAN_POINT('',(127.61486412606,31.614864126069,-12.7));
#16537 = VECTOR('',#16538,1.);
#16538 = DIRECTION('',(0.,0.,-1.));
#16539 = ORIENTED_EDGE('',*,*,#4166,.T.);
#16540 = ORIENTED_EDGE('',*,*,#16534,.T.);
#16541 = CYLINDRICAL_SURFACE('',#16542,1.7272);
#16542 = AXIS2_PLACEMENT_3D('',#16543,#16544,#16545);
#16543 = CARTESIAN_POINT('',(128.83617895853,32.836178958535,-12.7));
#16544 = DIRECTION('',(0.,0.,-1.));
#16545 = DIRECTION('',(-0.707106781187,-0.707106781187,0.));
#16546 = ADVANCED_FACE('',(#16547),#16566,.F.);
#16547 = FACE_BOUND('',#16548,.F.);
#16548 = EDGE_LOOP('',(#16549,#16558,#16564,#16565));
#16549 = ORIENTED_EDGE('',*,*,#16550,.F.);
#16550 = EDGE_CURVE('',#16551,#16551,#16553,.T.);
#16551 = VERTEX_POINT('',#16552);
#16552 = CARTESIAN_POINT('',(202.2728,98.,-38.1));
#16553 = CIRCLE('',#16554,1.7272);
#16554 = AXIS2_PLACEMENT_3D('',#16555,#16556,#16557);
#16555 = CARTESIAN_POINT('',(204.,98.,-38.1));
#16556 = DIRECTION('',(0.,0.,-1.));
#16557 = DIRECTION('',(-1.,0.,0.));
#16558 = ORIENTED_EDGE('',*,*,#16559,.F.);
#16559 = EDGE_CURVE('',#4178,#16551,#16560,.T.);
#16560 = LINE('',#16561,#16562);
#16561 = CARTESIAN_POINT('',(202.2728,98.,0.));
#16562 = VECTOR('',#16563,1.);
#16563 = DIRECTION('',(0.,0.,-1.));
#16564 = ORIENTED_EDGE('',*,*,#4177,.T.);
#16565 = ORIENTED_EDGE('',*,*,#16559,.T.);
#16566 = CYLINDRICAL_SURFACE('',#16567,1.7272);
#16567 = AXIS2_PLACEMENT_3D('',#16568,#16569,#16570);
#16568 = CARTESIAN_POINT('',(204.,98.,0.));
#16569 = DIRECTION('',(0.,0.,-1.));
#16570 = DIRECTION('',(-1.,0.,0.));
#16571 = ADVANCED_FACE('',(#16572),#16591,.F.);
#16572 = FACE_BOUND('',#16573,.F.);
#16573 = EDGE_LOOP('',(#16574,#16583,#16589,#16590));
#16574 = ORIENTED_EDGE('',*,*,#16575,.F.);
#16575 = EDGE_CURVE('',#16576,#16576,#16578,.T.);
#16576 = VERTEX_POINT('',#16577);
#16577 = CARTESIAN_POINT('',(136.2728,115.,-38.1));
#16578 = CIRCLE('',#16579,1.7272);
#16579 = AXIS2_PLACEMENT_3D('',#16580,#16581,#16582);
#16580 = CARTESIAN_POINT('',(138.,115.,-38.1));
#16581 = DIRECTION('',(0.,0.,-1.));
#16582 = DIRECTION('',(-1.,0.,0.));
#16583 = ORIENTED_EDGE('',*,*,#16584,.F.);
#16584 = EDGE_CURVE('',#4189,#16576,#16585,.T.);
#16585 = LINE('',#16586,#16587);
#16586 = CARTESIAN_POINT('',(136.2728,115.,0.));
#16587 = VECTOR('',#16588,1.);
#16588 = DIRECTION('',(0.,0.,-1.));
#16589 = ORIENTED_EDGE('',*,*,#4188,.T.);
#16590 = ORIENTED_EDGE('',*,*,#16584,.T.);
#16591 = CYLINDRICAL_SURFACE('',#16592,1.7272);
#16592 = AXIS2_PLACEMENT_3D('',#16593,#16594,#16595);
#16593 = CARTESIAN_POINT('',(138.,115.,0.));
#16594 = DIRECTION('',(0.,0.,-1.));
#16595 = DIRECTION('',(-1.,0.,0.));
#16596 = ADVANCED_FACE('',(#16597),#16616,.F.);
#16597 = FACE_BOUND('',#16598,.F.);
#16598 = EDGE_LOOP('',(#16599,#16608,#16614,#16615));
#16599 = ORIENTED_EDGE('',*,*,#16600,.F.);
#16600 = EDGE_CURVE('',#16601,#16601,#16603,.T.);
#16601 = VERTEX_POINT('',#16602);
#16602 = CARTESIAN_POINT('',(136.2728,70.,-38.1));
#16603 = CIRCLE('',#16604,1.7272);
#16604 = AXIS2_PLACEMENT_3D('',#16605,#16606,#16607);
#16605 = CARTESIAN_POINT('',(138.,70.,-38.1));
#16606 = DIRECTION('',(0.,0.,-1.));
#16607 = DIRECTION('',(-1.,0.,0.));
#16608 = ORIENTED_EDGE('',*,*,#16609,.F.);
#16609 = EDGE_CURVE('',#4200,#16601,#16610,.T.);
#16610 = LINE('',#16611,#16612);
#16611 = CARTESIAN_POINT('',(136.2728,70.,0.));
#16612 = VECTOR('',#16613,1.);
#16613 = DIRECTION('',(0.,0.,-1.));
#16614 = ORIENTED_EDGE('',*,*,#4199,.T.);
#16615 = ORIENTED_EDGE('',*,*,#16609,.T.);
#16616 = CYLINDRICAL_SURFACE('',#16617,1.7272);
#16617 = AXIS2_PLACEMENT_3D('',#16618,#16619,#16620);
#16618 = CARTESIAN_POINT('',(138.,70.,0.));
#16619 = DIRECTION('',(0.,0.,-1.));
#16620 = DIRECTION('',(-1.,0.,0.));
#16621 = ADVANCED_FACE('',(#16622),#16641,.F.);
#16622 = FACE_BOUND('',#16623,.F.);
#16623 = EDGE_LOOP('',(#16624,#16633,#16639,#16640));
#16624 = ORIENTED_EDGE('',*,*,#16625,.F.);
#16625 = EDGE_CURVE('',#16626,#16626,#16628,.T.);
#16626 = VERTEX_POINT('',#16627);
#16627 = CARTESIAN_POINT('',(148.38513587393,348.38513587393,-38.1));
#16628 = CIRCLE('',#16629,1.7272);
#16629 = AXIS2_PLACEMENT_3D('',#16630,#16631,#16632);
#16630 = CARTESIAN_POINT('',(147.16382104146,347.16382104146,-38.1));
#16631 = DIRECTION('',(0.,0.,-1.));
#16632 = DIRECTION('',(0.707106781187,0.707106781187,0.));
#16633 = ORIENTED_EDGE('',*,*,#16634,.F.);
#16634 = EDGE_CURVE('',#4211,#16626,#16635,.T.);
#16635 = LINE('',#16636,#16637);
#16636 = CARTESIAN_POINT('',(148.38513587393,348.38513587393,-12.7));
#16637 = VECTOR('',#16638,1.);
#16638 = DIRECTION('',(0.,-0.,-1.));
#16639 = ORIENTED_EDGE('',*,*,#4210,.T.);
#16640 = ORIENTED_EDGE('',*,*,#16634,.T.);
#16641 = CYLINDRICAL_SURFACE('',#16642,1.7272);
#16642 = AXIS2_PLACEMENT_3D('',#16643,#16644,#16645);
#16643 = CARTESIAN_POINT('',(147.16382104146,347.16382104146,-12.7));
#16644 = DIRECTION('',(0.,-0.,-1.));
#16645 = DIRECTION('',(0.707106781187,0.707106781187,0.));
#16646 = ADVANCED_FACE('',(#16647),#16666,.F.);
#16647 = FACE_BOUND('',#16648,.F.);
#16648 = EDGE_LOOP('',(#16649,#16658,#16664,#16665));
#16649 = ORIENTED_EDGE('',*,*,#16650,.F.);
#16650 = EDGE_CURVE('',#16651,#16651,#16653,.T.);
#16651 = VERTEX_POINT('',#16652);
#16652 = CARTESIAN_POINT('',(332.61486412606,219.61486412606,-38.1));
#16653 = CIRCLE('',#16654,1.7272);
#16654 = AXIS2_PLACEMENT_3D('',#16655,#16656,#16657);
#16655 = CARTESIAN_POINT('',(333.83617895853,220.83617895853,-38.1));
#16656 = DIRECTION('',(0.,0.,-1.));
#16657 = DIRECTION('',(-0.707106781187,-0.707106781187,-0.));
#16658 = ORIENTED_EDGE('',*,*,#16659,.F.);
#16659 = EDGE_CURVE('',#4222,#16651,#16660,.T.);
#16660 = LINE('',#16661,#16662);
#16661 = CARTESIAN_POINT('',(332.61486412606,219.61486412606,-12.7));
#16662 = VECTOR('',#16663,1.);
#16663 = DIRECTION('',(0.,0.,-1.));
#16664 = ORIENTED_EDGE('',*,*,#4221,.T.);
#16665 = ORIENTED_EDGE('',*,*,#16659,.T.);
#16666 = CYLINDRICAL_SURFACE('',#16667,1.7272);
#16667 = AXIS2_PLACEMENT_3D('',#16668,#16669,#16670);
#16668 = CARTESIAN_POINT('',(333.83617895853,220.83617895853,-12.7));
#16669 = DIRECTION('',(0.,0.,-1.));
#16670 = DIRECTION('',(-0.707106781187,-0.707106781187,0.));
#16671 = ADVANCED_FACE('',(#16672),#16691,.F.);
#16672 = FACE_BOUND('',#16673,.F.);
#16673 = EDGE_LOOP('',(#16674,#16683,#16689,#16690));
#16674 = ORIENTED_EDGE('',*,*,#16675,.F.);
#16675 = EDGE_CURVE('',#16676,#16676,#16678,.T.);
#16676 = VERTEX_POINT('',#16677);
#16677 = CARTESIAN_POINT('',(310.33,235.2288,-38.1));
#16678 = CIRCLE('',#16679,1.7272);
#16679 = AXIS2_PLACEMENT_3D('',#16680,#16681,#16682);
#16680 = CARTESIAN_POINT('',(310.33,236.956,-38.1));
#16681 = DIRECTION('',(0.,0.,-1.));
#16682 = DIRECTION('',(-2.2E-16,-1.,-0.));
#16683 = ORIENTED_EDGE('',*,*,#16684,.F.);
#16684 = EDGE_CURVE('',#4233,#16676,#16685,.T.);
#16685 = LINE('',#16686,#16687);
#16686 = CARTESIAN_POINT('',(310.33,235.2288,-12.7));
#16687 = VECTOR('',#16688,1.);
#16688 = DIRECTION('',(0.,0.,-1.));
#16689 = ORIENTED_EDGE('',*,*,#4232,.T.);
#16690 = ORIENTED_EDGE('',*,*,#16684,.T.);
#16691 = CYLINDRICAL_SURFACE('',#16692,1.7272);
#16692 = AXIS2_PLACEMENT_3D('',#16693,#16694,#16695);
#16693 = CARTESIAN_POINT('',(310.33,236.956,-12.7));
#16694 = DIRECTION('',(0.,0.,-1.));
#16695 = DIRECTION('',(-0.,-1.,0.));
#16696 = ADVANCED_FACE('',(#16697),#16716,.F.);
#16697 = FACE_BOUND('',#16698,.F.);
#16698 = EDGE_LOOP('',(#16699,#16708,#16714,#16715));
#16699 = ORIENTED_EDGE('',*,*,#16700,.F.);
#16700 = EDGE_CURVE('',#16701,#16701,#16703,.T.);
#16701 = VERTEX_POINT('',#16702);
#16702 = CARTESIAN_POINT('',(262.61486412606,175.38513587393,-38.1));
#16703 = CIRCLE('',#16704,1.7272);
#16704 = AXIS2_PLACEMENT_3D('',#16705,#16706,#16707);
#16705 = CARTESIAN_POINT('',(263.83617895853,174.16382104146,-38.1));
#16706 = DIRECTION('',(0.,0.,-1.));
#16707 = DIRECTION('',(-0.707106781187,0.707106781187,0.));
#16708 = ORIENTED_EDGE('',*,*,#16709,.F.);
#16709 = EDGE_CURVE('',#4244,#16701,#16710,.T.);
#16710 = LINE('',#16711,#16712);
#16711 = CARTESIAN_POINT('',(262.61486412606,175.38513587393,-12.7));
#16712 = VECTOR('',#16713,1.);
#16713 = DIRECTION('',(0.,0.,-1.));
#16714 = ORIENTED_EDGE('',*,*,#4243,.T.);
#16715 = ORIENTED_EDGE('',*,*,#16709,.T.);
#16716 = CYLINDRICAL_SURFACE('',#16717,1.7272);
#16717 = AXIS2_PLACEMENT_3D('',#16718,#16719,#16720);
#16718 = CARTESIAN_POINT('',(263.83617895853,174.16382104146,-12.7));
#16719 = DIRECTION('',(0.,0.,-1.));
#16720 = DIRECTION('',(-0.707106781187,0.707106781187,0.));
#16721 = ADVANCED_FACE('',(#16722),#16741,.F.);
#16722 = FACE_BOUND('',#16723,.F.);
#16723 = EDGE_LOOP('',(#16724,#16733,#16739,#16740));
#16724 = ORIENTED_EDGE('',*,*,#16725,.F.);
#16725 = EDGE_CURVE('',#16726,#16726,#16728,.T.);
#16726 = VERTEX_POINT('',#16727);
#16727 = CARTESIAN_POINT('',(193.61486412606,288.88513587393,-38.1));
#16728 = CIRCLE('',#16729,1.7272);
#16729 = AXIS2_PLACEMENT_3D('',#16730,#16731,#16732);
#16730 = CARTESIAN_POINT('',(194.83617895853,287.66382104146,-38.1));
#16731 = DIRECTION('',(0.,0.,-1.));
#16732 = DIRECTION('',(-0.707106781187,0.707106781187,0.));
#16733 = ORIENTED_EDGE('',*,*,#16734,.F.);
#16734 = EDGE_CURVE('',#4255,#16726,#16735,.T.);
#16735 = LINE('',#16736,#16737);
#16736 = CARTESIAN_POINT('',(193.61486412606,288.88513587393,-12.7));
#16737 = VECTOR('',#16738,1.);
#16738 = DIRECTION('',(0.,0.,-1.));
#16739 = ORIENTED_EDGE('',*,*,#4254,.T.);
#16740 = ORIENTED_EDGE('',*,*,#16734,.T.);
#16741 = CYLINDRICAL_SURFACE('',#16742,1.7272);
#16742 = AXIS2_PLACEMENT_3D('',#16743,#16744,#16745);
#16743 = CARTESIAN_POINT('',(194.83617895853,287.66382104146,-12.7));
#16744 = DIRECTION('',(0.,0.,-1.));
#16745 = DIRECTION('',(-0.707106781187,0.707106781187,0.));
#16746 = ADVANCED_FACE('',(#16747),#16766,.F.);
#16747 = FACE_BOUND('',#16748,.F.);
#16748 = EDGE_LOOP('',(#16749,#16758,#16764,#16765));
#16749 = ORIENTED_EDGE('',*,*,#16750,.F.);
#16750 = EDGE_CURVE('',#16751,#16751,#16753,.T.);
#16751 = VERTEX_POINT('',#16752);
#16752 = CARTESIAN_POINT('',(390.042148,230.,-38.1));
#16753 = CIRCLE('',#16754,1.7272);
#16754 = AXIS2_PLACEMENT_3D('',#16755,#16756,#16757);
#16755 = CARTESIAN_POINT('',(391.769348,230.,-38.1));
#16756 = DIRECTION('',(0.,0.,-1.));
#16757 = DIRECTION('',(-1.,0.,0.));
#16758 = ORIENTED_EDGE('',*,*,#16759,.F.);
#16759 = EDGE_CURVE('',#4266,#16751,#16760,.T.);
#16760 = LINE('',#16761,#16762);
#16761 = CARTESIAN_POINT('',(390.042148,230.,-12.7));
#16762 = VECTOR('',#16763,1.);
#16763 = DIRECTION('',(0.,0.,-1.));
#16764 = ORIENTED_EDGE('',*,*,#4265,.T.);
#16765 = ORIENTED_EDGE('',*,*,#16759,.T.);
#16766 = CYLINDRICAL_SURFACE('',#16767,1.7272);
#16767 = AXIS2_PLACEMENT_3D('',#16768,#16769,#16770);
#16768 = CARTESIAN_POINT('',(391.769348,230.,-12.7));
#16769 = DIRECTION('',(0.,0.,-1.));
#16770 = DIRECTION('',(-1.,0.,0.));
#16771 = ADVANCED_FACE('',(#16772),#16791,.F.);
#16772 = FACE_BOUND('',#16773,.F.);
#16773 = EDGE_LOOP('',(#16774,#16783,#16789,#16790));
#16774 = ORIENTED_EDGE('',*,*,#16775,.F.);
#16775 = EDGE_CURVE('',#16776,#16776,#16778,.T.);
#16776 = VERTEX_POINT('',#16777);
#16777 = CARTESIAN_POINT('',(324.0272,165.,-38.1));
#16778 = CIRCLE('',#16779,1.7272);
#16779 = AXIS2_PLACEMENT_3D('',#16780,#16781,#16782);
#16780 = CARTESIAN_POINT('',(322.3,165.,-38.1));
#16781 = DIRECTION('',(0.,0.,-1.));
#16782 = DIRECTION('',(1.,0.,0.));
#16783 = ORIENTED_EDGE('',*,*,#16784,.F.);
#16784 = EDGE_CURVE('',#4277,#16776,#16785,.T.);
#16785 = LINE('',#16786,#16787);
#16786 = CARTESIAN_POINT('',(324.0272,165.,-12.7));
#16787 = VECTOR('',#16788,1.);
#16788 = DIRECTION('',(0.,0.,-1.));
#16789 = ORIENTED_EDGE('',*,*,#4276,.T.);
#16790 = ORIENTED_EDGE('',*,*,#16784,.T.);
#16791 = CYLINDRICAL_SURFACE('',#16792,1.7272);
#16792 = AXIS2_PLACEMENT_3D('',#16793,#16794,#16795);
#16793 = CARTESIAN_POINT('',(322.3,165.,-12.7));
#16794 = DIRECTION('',(0.,0.,-1.));
#16795 = DIRECTION('',(1.,-0.,0.));
#16796 = ADVANCED_FACE('',(#16797),#16816,.F.);
#16797 = FACE_BOUND('',#16798,.F.);
#16798 = EDGE_LOOP('',(#16799,#16808,#16814,#16815));
#16799 = ORIENTED_EDGE('',*,*,#16800,.F.);
#16800 = EDGE_CURVE('',#16801,#16801,#16803,.T.);
#16801 = VERTEX_POINT('',#16802);
#16802 = CARTESIAN_POINT('',(368.3272,230.,-38.1));
#16803 = CIRCLE('',#16804,1.7272);
#16804 = AXIS2_PLACEMENT_3D('',#16805,#16806,#16807);
#16805 = CARTESIAN_POINT('',(366.6,230.,-38.1));
#16806 = DIRECTION('',(0.,0.,-1.));
#16807 = DIRECTION('',(1.,0.,0.));
#16808 = ORIENTED_EDGE('',*,*,#16809,.F.);
#16809 = EDGE_CURVE('',#4288,#16801,#16810,.T.);
#16810 = LINE('',#16811,#16812);
#16811 = CARTESIAN_POINT('',(368.3272,230.,-12.7));
#16812 = VECTOR('',#16813,1.);
#16813 = DIRECTION('',(0.,0.,-1.));
#16814 = ORIENTED_EDGE('',*,*,#4287,.T.);
#16815 = ORIENTED_EDGE('',*,*,#16809,.T.);
#16816 = CYLINDRICAL_SURFACE('',#16817,1.7272);
#16817 = AXIS2_PLACEMENT_3D('',#16818,#16819,#16820);
#16818 = CARTESIAN_POINT('',(366.6,230.,-12.7));
#16819 = DIRECTION('',(0.,0.,-1.));
#16820 = DIRECTION('',(1.,-0.,0.));
#16821 = ADVANCED_FACE('',(#16822),#16841,.F.);
#16822 = FACE_BOUND('',#16823,.F.);
#16823 = EDGE_LOOP('',(#16824,#16833,#16839,#16840));
#16824 = ORIENTED_EDGE('',*,*,#16825,.F.);
#16825 = EDGE_CURVE('',#16826,#16826,#16828,.T.);
#16826 = VERTEX_POINT('',#16827);
#16827 = CARTESIAN_POINT('',(273.,140.911234,-38.1));
#16828 = CIRCLE('',#16829,1.7272);
#16829 = AXIS2_PLACEMENT_3D('',#16830,#16831,#16832);
#16830 = CARTESIAN_POINT('',(273.,139.184034,-38.1));
#16831 = DIRECTION('',(0.,0.,-1.));
#16832 = DIRECTION('',(-2.2E-16,1.,0.));
#16833 = ORIENTED_EDGE('',*,*,#16834,.F.);
#16834 = EDGE_CURVE('',#4299,#16826,#16835,.T.);
#16835 = LINE('',#16836,#16837);
#16836 = CARTESIAN_POINT('',(273.,140.911234,-12.7));
#16837 = VECTOR('',#16838,1.);
#16838 = DIRECTION('',(0.,0.,-1.));
#16839 = ORIENTED_EDGE('',*,*,#4298,.T.);
#16840 = ORIENTED_EDGE('',*,*,#16834,.T.);
#16841 = CYLINDRICAL_SURFACE('',#16842,1.7272);
#16842 = AXIS2_PLACEMENT_3D('',#16843,#16844,#16845);
#16843 = CARTESIAN_POINT('',(273.,139.184034,-12.7));
#16844 = DIRECTION('',(0.,0.,-1.));
#16845 = DIRECTION('',(0.,1.,0.));
#16846 = ADVANCED_FACE('',(#16847),#16866,.F.);
#16847 = FACE_BOUND('',#16848,.F.);
#16848 = EDGE_LOOP('',(#16849,#16858,#16864,#16865));
#16849 = ORIENTED_EDGE('',*,*,#16850,.F.);
#16850 = EDGE_CURVE('',#16851,#16851,#16853,.T.);
#16851 = VERTEX_POINT('',#16852);
#16852 = CARTESIAN_POINT('',(376.2728,165.,-38.1));
#16853 = CIRCLE('',#16854,1.7272);
#16854 = AXIS2_PLACEMENT_3D('',#16855,#16856,#16857);
#16855 = CARTESIAN_POINT('',(378.,165.,-38.1));
#16856 = DIRECTION('',(0.,0.,-1.));
#16857 = DIRECTION('',(-1.,0.,0.));
#16858 = ORIENTED_EDGE('',*,*,#16859,.F.);
#16859 = EDGE_CURVE('',#4310,#16851,#16860,.T.);
#16860 = LINE('',#16861,#16862);
#16861 = CARTESIAN_POINT('',(376.2728,165.,0.));
#16862 = VECTOR('',#16863,1.);
#16863 = DIRECTION('',(0.,0.,-1.));
#16864 = ORIENTED_EDGE('',*,*,#4309,.T.);
#16865 = ORIENTED_EDGE('',*,*,#16859,.T.);
#16866 = CYLINDRICAL_SURFACE('',#16867,1.7272);
#16867 = AXIS2_PLACEMENT_3D('',#16868,#16869,#16870);
#16868 = CARTESIAN_POINT('',(378.,165.,0.));
#16869 = DIRECTION('',(0.,0.,-1.));
#16870 = DIRECTION('',(-1.,0.,0.));
#16871 = ADVANCED_FACE('',(#16872),#16891,.F.);
#16872 = FACE_BOUND('',#16873,.F.);
#16873 = EDGE_LOOP('',(#16874,#16883,#16889,#16890));
#16874 = ORIENTED_EDGE('',*,*,#16875,.F.);
#16875 = EDGE_CURVE('',#16876,#16876,#16878,.T.);
#16876 = VERTEX_POINT('',#16877);
#16877 = CARTESIAN_POINT('',(358.3272,41.,-38.1));
#16878 = CIRCLE('',#16879,1.7272);
#16879 = AXIS2_PLACEMENT_3D('',#16880,#16881,#16882);
#16880 = CARTESIAN_POINT('',(356.6,41.,-38.1));
#16881 = DIRECTION('',(0.,0.,-1.));
#16882 = DIRECTION('',(1.,0.,0.));
#16883 = ORIENTED_EDGE('',*,*,#16884,.F.);
#16884 = EDGE_CURVE('',#4321,#16876,#16885,.T.);
#16885 = LINE('',#16886,#16887);
#16886 = CARTESIAN_POINT('',(358.3272,41.,-12.7));
#16887 = VECTOR('',#16888,1.);
#16888 = DIRECTION('',(0.,0.,-1.));
#16889 = ORIENTED_EDGE('',*,*,#4320,.T.);
#16890 = ORIENTED_EDGE('',*,*,#16884,.T.);
#16891 = CYLINDRICAL_SURFACE('',#16892,1.7272);
#16892 = AXIS2_PLACEMENT_3D('',#16893,#16894,#16895);
#16893 = CARTESIAN_POINT('',(356.6,41.,-12.7));
#16894 = DIRECTION('',(0.,0.,-1.));
#16895 = DIRECTION('',(1.,-0.,0.));
#16896 = ADVANCED_FACE('',(#16897),#16916,.F.);
#16897 = FACE_BOUND('',#16898,.F.);
#16898 = EDGE_LOOP('',(#16899,#16908,#16914,#16915));
#16899 = ORIENTED_EDGE('',*,*,#16900,.F.);
#16900 = EDGE_CURVE('',#16901,#16901,#16903,.T.);
#16901 = VERTEX_POINT('',#16902);
#16902 = CARTESIAN_POINT('',(380.042148,41.,-38.1));
#16903 = CIRCLE('',#16904,1.7272);
#16904 = AXIS2_PLACEMENT_3D('',#16905,#16906,#16907);
#16905 = CARTESIAN_POINT('',(381.769348,41.,-38.1));
#16906 = DIRECTION('',(0.,0.,-1.));
#16907 = DIRECTION('',(-1.,0.,0.));
#16908 = ORIENTED_EDGE('',*,*,#16909,.F.);
#16909 = EDGE_CURVE('',#4332,#16901,#16910,.T.);
#16910 = LINE('',#16911,#16912);
#16911 = CARTESIAN_POINT('',(380.042148,41.,-12.7));
#16912 = VECTOR('',#16913,1.);
#16913 = DIRECTION('',(0.,0.,-1.));
#16914 = ORIENTED_EDGE('',*,*,#4331,.T.);
#16915 = ORIENTED_EDGE('',*,*,#16909,.T.);
#16916 = CYLINDRICAL_SURFACE('',#16917,1.7272);
#16917 = AXIS2_PLACEMENT_3D('',#16918,#16919,#16920);
#16918 = CARTESIAN_POINT('',(381.769348,41.,-12.7));
#16919 = DIRECTION('',(0.,0.,-1.));
#16920 = DIRECTION('',(-1.,0.,0.));
#16921 = ADVANCED_FACE('',(#16922),#16941,.F.);
#16922 = FACE_BOUND('',#16923,.F.);
#16923 = EDGE_LOOP('',(#16924,#16933,#16939,#16940));
#16924 = ORIENTED_EDGE('',*,*,#16925,.F.);
#16925 = EDGE_CURVE('',#16926,#16926,#16928,.T.);
#16926 = VERTEX_POINT('',#16927);
#16927 = CARTESIAN_POINT('',(49.614864126069,348.38513587393,-38.1));
#16928 = CIRCLE('',#16929,1.7272);
#16929 = AXIS2_PLACEMENT_3D('',#16930,#16931,#16932);
#16930 = CARTESIAN_POINT('',(50.836178958535,347.16382104146,-38.1));
#16931 = DIRECTION('',(0.,0.,-1.));
#16932 = DIRECTION('',(-0.707106781187,0.707106781187,0.));
#16933 = ORIENTED_EDGE('',*,*,#16934,.F.);
#16934 = EDGE_CURVE('',#4343,#16926,#16935,.T.);
#16935 = LINE('',#16936,#16937);
#16936 = CARTESIAN_POINT('',(49.614864126069,348.38513587393,-12.7));
#16937 = VECTOR('',#16938,1.);
#16938 = DIRECTION('',(0.,0.,-1.));
#16939 = ORIENTED_EDGE('',*,*,#4342,.T.);
#16940 = ORIENTED_EDGE('',*,*,#16934,.T.);
#16941 = CYLINDRICAL_SURFACE('',#16942,1.7272);
#16942 = AXIS2_PLACEMENT_3D('',#16943,#16944,#16945);
#16943 = CARTESIAN_POINT('',(50.836178958535,347.16382104146,-12.7));
#16944 = DIRECTION('',(0.,0.,-1.));
#16945 = DIRECTION('',(-0.707106781187,0.707106781187,0.));
#16946 = ADVANCED_FACE('',(#16947),#16966,.F.);
#16947 = FACE_BOUND('',#16948,.F.);
#16948 = EDGE_LOOP('',(#16949,#16958,#16964,#16965));
#16949 = ORIENTED_EDGE('',*,*,#16950,.F.);
#16950 = EDGE_CURVE('',#16951,#16951,#16953,.T.);
#16951 = VERTEX_POINT('',#16952);
#16952 = CARTESIAN_POINT('',(322.61486412606,30.614864126069,-38.1));
#16953 = CIRCLE('',#16954,1.7272);
#16954 = AXIS2_PLACEMENT_3D('',#16955,#16956,#16957);
#16955 = CARTESIAN_POINT('',(323.83617895853,31.836178958535,-38.1));
#16956 = DIRECTION('',(0.,0.,-1.));
#16957 = DIRECTION('',(-0.707106781187,-0.707106781187,-0.));
#16958 = ORIENTED_EDGE('',*,*,#16959,.F.);
#16959 = EDGE_CURVE('',#4354,#16951,#16960,.T.);
#16960 = LINE('',#16961,#16962);
#16961 = CARTESIAN_POINT('',(322.61486412606,30.614864126069,-12.7));
#16962 = VECTOR('',#16963,1.);
#16963 = DIRECTION('',(0.,0.,-1.));
#16964 = ORIENTED_EDGE('',*,*,#4353,.T.);
#16965 = ORIENTED_EDGE('',*,*,#16959,.T.);
#16966 = CYLINDRICAL_SURFACE('',#16967,1.7272);
#16967 = AXIS2_PLACEMENT_3D('',#16968,#16969,#16970);
#16968 = CARTESIAN_POINT('',(323.83617895853,31.836178958535,-12.7));
#16969 = DIRECTION('',(0.,0.,-1.));
#16970 = DIRECTION('',(-0.707106781187,-0.707106781187,0.));
#16971 = ADVANCED_FACE('',(#16972),#16991,.F.);
#16972 = FACE_BOUND('',#16973,.F.);
#16973 = EDGE_LOOP('',(#16974,#16983,#16989,#16990));
#16974 = ORIENTED_EDGE('',*,*,#16975,.F.);
#16975 = EDGE_CURVE('',#16976,#16976,#16978,.T.);
#16976 = VERTEX_POINT('',#16977);
#16977 = CARTESIAN_POINT('',(467.7712,68.33,-38.1));
#16978 = CIRCLE('',#16979,1.7272);
#16979 = AXIS2_PLACEMENT_3D('',#16980,#16981,#16982);
#16980 = CARTESIAN_POINT('',(466.044,68.33,-38.1));
#16981 = DIRECTION('',(0.,0.,-1.));
#16982 = DIRECTION('',(1.,0.,0.));
#16983 = ORIENTED_EDGE('',*,*,#16984,.F.);
#16984 = EDGE_CURVE('',#4365,#16976,#16985,.T.);
#16985 = LINE('',#16986,#16987);
#16986 = CARTESIAN_POINT('',(467.7712,68.33,-12.7));
#16987 = VECTOR('',#16988,1.);
#16988 = DIRECTION('',(0.,0.,-1.));
#16989 = ORIENTED_EDGE('',*,*,#4364,.T.);
#16990 = ORIENTED_EDGE('',*,*,#16984,.T.);
#16991 = CYLINDRICAL_SURFACE('',#16992,1.7272);
#16992 = AXIS2_PLACEMENT_3D('',#16993,#16994,#16995);
#16993 = CARTESIAN_POINT('',(466.044,68.33,-12.7));
#16994 = DIRECTION('',(0.,0.,-1.));
#16995 = DIRECTION('',(1.,-0.,0.));
#16996 = ADVANCED_FACE('',(#16997),#17016,.F.);
#16997 = FACE_BOUND('',#16998,.F.);
#16998 = EDGE_LOOP('',(#16999,#17008,#17014,#17015));
#16999 = ORIENTED_EDGE('',*,*,#17000,.F.);
#17000 = EDGE_CURVE('',#17001,#17001,#17003,.T.);
#17001 = VERTEX_POINT('',#17002);
#17002 = CARTESIAN_POINT('',(262.61486412606,89.614864126069,-38.1));
#17003 = CIRCLE('',#17004,1.7272);
#17004 = AXIS2_PLACEMENT_3D('',#17005,#17006,#17007);
#17005 = CARTESIAN_POINT('',(263.83617895853,90.836178958535,-38.1));
#17006 = DIRECTION('',(0.,0.,-1.));
#17007 = DIRECTION('',(-0.707106781187,-0.707106781187,-0.));
#17008 = ORIENTED_EDGE('',*,*,#17009,.F.);
#17009 = EDGE_CURVE('',#4376,#17001,#17010,.T.);
#17010 = LINE('',#17011,#17012);
#17011 = CARTESIAN_POINT('',(262.61486412606,89.614864126069,-12.7));
#17012 = VECTOR('',#17013,1.);
#17013 = DIRECTION('',(0.,0.,-1.));
#17014 = ORIENTED_EDGE('',*,*,#4375,.T.);
#17015 = ORIENTED_EDGE('',*,*,#17009,.T.);
#17016 = CYLINDRICAL_SURFACE('',#17017,1.7272);
#17017 = AXIS2_PLACEMENT_3D('',#17018,#17019,#17020);
#17018 = CARTESIAN_POINT('',(263.83617895853,90.836178958535,-12.7));
#17019 = DIRECTION('',(0.,0.,-1.));
#17020 = DIRECTION('',(-0.707106781187,-0.707106781187,0.));
#17021 = ADVANCED_FACE('',(#17022),#17041,.F.);
#17022 = FACE_BOUND('',#17023,.F.);
#17023 = EDGE_LOOP('',(#17024,#17033,#17039,#17040));
#17024 = ORIENTED_EDGE('',*,*,#17025,.F.);
#17025 = EDGE_CURVE('',#17026,#17026,#17028,.T.);
#17026 = VERTEX_POINT('',#17027);
#17027 = CARTESIAN_POINT('',(473.9772,100.,-38.1));
#17028 = CIRCLE('',#17029,1.7272);
#17029 = AXIS2_PLACEMENT_3D('',#17030,#17031,#17032);
#17030 = CARTESIAN_POINT('',(472.25,100.,-38.1));
#17031 = DIRECTION('',(0.,0.,-1.));
#17032 = DIRECTION('',(1.,0.,0.));
#17033 = ORIENTED_EDGE('',*,*,#17034,.F.);
#17034 = EDGE_CURVE('',#4387,#17026,#17035,.T.);
#17035 = LINE('',#17036,#17037);
#17036 = CARTESIAN_POINT('',(473.9772,100.,-12.7));
#17037 = VECTOR('',#17038,1.);
#17038 = DIRECTION('',(0.,0.,-1.));
#17039 = ORIENTED_EDGE('',*,*,#4386,.T.);
#17040 = ORIENTED_EDGE('',*,*,#17034,.T.);
#17041 = CYLINDRICAL_SURFACE('',#17042,1.7272);
#17042 = AXIS2_PLACEMENT_3D('',#17043,#17044,#17045);
#17043 = CARTESIAN_POINT('',(472.25,100.,-12.7));
#17044 = DIRECTION('',(0.,0.,-1.));
#17045 = DIRECTION('',(1.,-0.,0.));
#17046 = ADVANCED_FACE('',(#17047),#17066,.F.);
#17047 = FACE_BOUND('',#17048,.F.);
#17048 = EDGE_LOOP('',(#17049,#17058,#17064,#17065));
#17049 = ORIENTED_EDGE('',*,*,#17050,.F.);
#17050 = EDGE_CURVE('',#17051,#17051,#17053,.T.);
#17051 = VERTEX_POINT('',#17052);
#17052 = CARTESIAN_POINT('',(467.7712,257.33,-38.1));
#17053 = CIRCLE('',#17054,1.7272);
#17054 = AXIS2_PLACEMENT_3D('',#17055,#17056,#17057);
#17055 = CARTESIAN_POINT('',(466.044,257.33,-38.1));
#17056 = DIRECTION('',(0.,0.,-1.));
#17057 = DIRECTION('',(1.,0.,0.));
#17058 = ORIENTED_EDGE('',*,*,#17059,.F.);
#17059 = EDGE_CURVE('',#4398,#17051,#17060,.T.);
#17060 = LINE('',#17061,#17062);
#17061 = CARTESIAN_POINT('',(467.7712,257.33,-12.7));
#17062 = VECTOR('',#17063,1.);
#17063 = DIRECTION('',(0.,0.,-1.));
#17064 = ORIENTED_EDGE('',*,*,#4397,.T.);
#17065 = ORIENTED_EDGE('',*,*,#17059,.T.);
#17066 = CYLINDRICAL_SURFACE('',#17067,1.7272);
#17067 = AXIS2_PLACEMENT_3D('',#17068,#17069,#17070);
#17068 = CARTESIAN_POINT('',(466.044,257.33,-12.7));
#17069 = DIRECTION('',(0.,0.,-1.));
#17070 = DIRECTION('',(1.,-0.,0.));
#17071 = ADVANCED_FACE('',(#17072),#17091,.F.);
#17072 = FACE_BOUND('',#17073,.F.);
#17073 = EDGE_LOOP('',(#17074,#17083,#17089,#17090));
#17074 = ORIENTED_EDGE('',*,*,#17075,.F.);
#17075 = EDGE_CURVE('',#17076,#17076,#17078,.T.);
#17076 = VERTEX_POINT('',#17077);
#17077 = CARTESIAN_POINT('',(483.9772,307.,-38.1));
#17078 = CIRCLE('',#17079,1.7272);
#17079 = AXIS2_PLACEMENT_3D('',#17080,#17081,#17082);
#17080 = CARTESIAN_POINT('',(482.25,307.,-38.1));
#17081 = DIRECTION('',(0.,0.,-1.));
#17082 = DIRECTION('',(1.,0.,0.));
#17083 = ORIENTED_EDGE('',*,*,#17084,.F.);
#17084 = EDGE_CURVE('',#4409,#17076,#17085,.T.);
#17085 = LINE('',#17086,#17087);
#17086 = CARTESIAN_POINT('',(483.9772,307.,-12.7));
#17087 = VECTOR('',#17088,1.);
#17088 = DIRECTION('',(0.,0.,-1.));
#17089 = ORIENTED_EDGE('',*,*,#4408,.T.);
#17090 = ORIENTED_EDGE('',*,*,#17084,.T.);
#17091 = CYLINDRICAL_SURFACE('',#17092,1.7272);
#17092 = AXIS2_PLACEMENT_3D('',#17093,#17094,#17095);
#17093 = CARTESIAN_POINT('',(482.25,307.,-12.7));
#17094 = DIRECTION('',(0.,0.,-1.));
#17095 = DIRECTION('',(1.,-0.,0.));
#17096 = ADVANCED_FACE('',(#17097),#17116,.F.);
#17097 = FACE_BOUND('',#17098,.F.);
#17098 = EDGE_LOOP('',(#17099,#17108,#17114,#17115));
#17099 = ORIENTED_EDGE('',*,*,#17100,.F.);
#17100 = EDGE_CURVE('',#17101,#17101,#17103,.T.);
#17101 = VERTEX_POINT('',#17102);
#17102 = CARTESIAN_POINT('',(292.61486412606,317.38513587393,-38.1));
#17103 = CIRCLE('',#17104,1.7272);
#17104 = AXIS2_PLACEMENT_3D('',#17105,#17106,#17107);
#17105 = CARTESIAN_POINT('',(293.83617895853,316.16382104146,-38.1));
#17106 = DIRECTION('',(0.,0.,-1.));
#17107 = DIRECTION('',(-0.707106781187,0.707106781187,0.));
#17108 = ORIENTED_EDGE('',*,*,#17109,.F.);
#17109 = EDGE_CURVE('',#4420,#17101,#17110,.T.);
#17110 = LINE('',#17111,#17112);
#17111 = CARTESIAN_POINT('',(292.61486412606,317.38513587393,-12.7));
#17112 = VECTOR('',#17113,1.);
#17113 = DIRECTION('',(0.,0.,-1.));
#17114 = ORIENTED_EDGE('',*,*,#4419,.T.);
#17115 = ORIENTED_EDGE('',*,*,#17109,.T.);
#17116 = CYLINDRICAL_SURFACE('',#17117,1.7272);
#17117 = AXIS2_PLACEMENT_3D('',#17118,#17119,#17120);
#17118 = CARTESIAN_POINT('',(293.83617895853,316.16382104146,-12.7));
#17119 = DIRECTION('',(0.,0.,-1.));
#17120 = DIRECTION('',(-0.707106781187,0.707106781187,0.));
#17121 = ADVANCED_FACE('',(#17122),#17141,.F.);
#17122 = FACE_BOUND('',#17123,.F.);
#17123 = EDGE_LOOP('',(#17124,#17133,#17139,#17140));
#17124 = ORIENTED_EDGE('',*,*,#17125,.F.);
#17125 = EDGE_CURVE('',#17126,#17126,#17128,.T.);
#17126 = VERTEX_POINT('',#17127);
#17127 = CARTESIAN_POINT('',(313.38513587393,268.11486412606,-38.1));
#17128 = CIRCLE('',#17129,1.7272);
#17129 = AXIS2_PLACEMENT_3D('',#17130,#17131,#17132);
#17130 = CARTESIAN_POINT('',(312.16382104146,269.33617895853,-38.1));
#17131 = DIRECTION('',(0.,-0.,-1.));
#17132 = DIRECTION('',(0.707106781187,-0.707106781187,0.));
#17133 = ORIENTED_EDGE('',*,*,#17134,.F.);
#17134 = EDGE_CURVE('',#4431,#17126,#17135,.T.);
#17135 = LINE('',#17136,#17137);
#17136 = CARTESIAN_POINT('',(313.38513587393,268.11486412606,-12.7));
#17137 = VECTOR('',#17138,1.);
#17138 = DIRECTION('',(-0.,0.,-1.));
#17139 = ORIENTED_EDGE('',*,*,#4430,.T.);
#17140 = ORIENTED_EDGE('',*,*,#17134,.T.);
#17141 = CYLINDRICAL_SURFACE('',#17142,1.7272);
#17142 = AXIS2_PLACEMENT_3D('',#17143,#17144,#17145);
#17143 = CARTESIAN_POINT('',(312.16382104146,269.33617895853,-12.7));
#17144 = DIRECTION('',(-0.,0.,-1.));
#17145 = DIRECTION('',(0.707106781187,-0.707106781187,0.));
#17146 = ADVANCED_FACE('',(#17147,#17153,#17159,#17165,#17168,#17171,
    #17174,#17177,#17180,#17183,#17186,#17189,#17192,#17195,#17198,
    #17201,#17204,#17207,#17210,#17213,#17216,#17219,#17222,#17225,
    #17228,#17231,#17234,#17237,#17240,#17243,#17246,#17249,#17252,
    #17255,#17258,#17261,#17264,#17267,#17270,#17273,#17276,#17279,
    #17290,#17301,#17304,#17307,#17310,#17313,#17316,#17319,#17322,
    #17325,#17328,#17331,#17334,#17337,#17348,#17359,#17362,#17365,
    #17368,#17371,#17374,#17377,#17380,#17383,#17386,#17389,#17392,
    #17395,#17398,#17401,#17404,#17407,#17410,#17413,#17416,#17419,
    #17422,#17425,#17428,#17431,#17434,#17437,#17440,#17443,#17446,
    #17449,#17452,#17455,#17458,#17461,#17464,#17467,#17470,#17473,
    #17476),#17479,.F.);
#17147 = FACE_BOUND('',#17148,.T.);
#17148 = EDGE_LOOP('',(#17149,#17150,#17151,#17152));
#17149 = ORIENTED_EDGE('',*,*,#31,.T.);
#17150 = ORIENTED_EDGE('',*,*,#166,.T.);
#17151 = ORIENTED_EDGE('',*,*,#448,.F.);
#17152 = ORIENTED_EDGE('',*,*,#79,.F.);
#17153 = FACE_BOUND('',#17154,.F.);
#17154 = EDGE_LOOP('',(#17155,#17156,#17157,#17158));
#17155 = ORIENTED_EDGE('',*,*,#6970,.F.);
#17156 = ORIENTED_EDGE('',*,*,#7084,.F.);
#17157 = ORIENTED_EDGE('',*,*,#7319,.F.);
#17158 = ORIENTED_EDGE('',*,*,#6802,.F.);
#17159 = FACE_BOUND('',#17160,.F.);
#17160 = EDGE_LOOP('',(#17161,#17162,#17163,#17164));
#17161 = ORIENTED_EDGE('',*,*,#7730,.F.);
#17162 = ORIENTED_EDGE('',*,*,#7844,.F.);
#17163 = ORIENTED_EDGE('',*,*,#8079,.F.);
#17164 = ORIENTED_EDGE('',*,*,#7562,.F.);
#17165 = FACE_BOUND('',#17166,.F.);
#17166 = EDGE_LOOP('',(#17167));
#17167 = ORIENTED_EDGE('',*,*,#15949,.T.);
#17168 = FACE_BOUND('',#17169,.F.);
#17169 = EDGE_LOOP('',(#17170));
#17170 = ORIENTED_EDGE('',*,*,#16089,.T.);
#17171 = FACE_BOUND('',#17172,.F.);
#17172 = EDGE_LOOP('',(#17173));
#17173 = ORIENTED_EDGE('',*,*,#16019,.T.);
#17174 = FACE_BOUND('',#17175,.F.);
#17175 = EDGE_LOOP('',(#17176));
#17176 = ORIENTED_EDGE('',*,*,#16159,.T.);
#17177 = FACE_BOUND('',#17178,.F.);
#17178 = EDGE_LOOP('',(#17179));
#17179 = ORIENTED_EDGE('',*,*,#9519,.T.);
#17180 = FACE_BOUND('',#17181,.F.);
#17181 = EDGE_LOOP('',(#17182));
#17182 = ORIENTED_EDGE('',*,*,#16225,.T.);
#17183 = FACE_BOUND('',#17184,.F.);
#17184 = EDGE_LOOP('',(#17185));
#17185 = ORIENTED_EDGE('',*,*,#16250,.T.);
#17186 = FACE_BOUND('',#17187,.F.);
#17187 = EDGE_LOOP('',(#17188));
#17188 = ORIENTED_EDGE('',*,*,#9988,.T.);
#17189 = FACE_BOUND('',#17190,.F.);
#17190 = EDGE_LOOP('',(#17191));
#17191 = ORIENTED_EDGE('',*,*,#16175,.T.);
#17192 = FACE_BOUND('',#17193,.F.);
#17193 = EDGE_LOOP('',(#17194));
#17194 = ORIENTED_EDGE('',*,*,#16200,.T.);
#17195 = FACE_BOUND('',#17196,.F.);
#17196 = EDGE_LOOP('',(#17197));
#17197 = ORIENTED_EDGE('',*,*,#10457,.T.);
#17198 = FACE_BOUND('',#17199,.F.);
#17199 = EDGE_LOOP('',(#17200));
#17200 = ORIENTED_EDGE('',*,*,#16275,.T.);
#17201 = FACE_BOUND('',#17202,.F.);
#17202 = EDGE_LOOP('',(#17203));
#17203 = ORIENTED_EDGE('',*,*,#16350,.T.);
#17204 = FACE_BOUND('',#17205,.F.);
#17205 = EDGE_LOOP('',(#17206));
#17206 = ORIENTED_EDGE('',*,*,#16325,.T.);
#17207 = FACE_BOUND('',#17208,.F.);
#17208 = EDGE_LOOP('',(#17209));
#17209 = ORIENTED_EDGE('',*,*,#16300,.T.);
#17210 = FACE_BOUND('',#17211,.F.);
#17211 = EDGE_LOOP('',(#17212));
#17212 = ORIENTED_EDGE('',*,*,#16425,.T.);
#17213 = FACE_BOUND('',#17214,.F.);
#17214 = EDGE_LOOP('',(#17215));
#17215 = ORIENTED_EDGE('',*,*,#16375,.T.);
#17216 = FACE_BOUND('',#17217,.F.);
#17217 = EDGE_LOOP('',(#17218));
#17218 = ORIENTED_EDGE('',*,*,#16400,.T.);
#17219 = FACE_BOUND('',#17220,.F.);
#17220 = EDGE_LOOP('',(#17221));
#17221 = ORIENTED_EDGE('',*,*,#5534,.T.);
#17222 = FACE_BOUND('',#17223,.F.);
#17223 = EDGE_LOOP('',(#17224));
#17224 = ORIENTED_EDGE('',*,*,#5559,.T.);
#17225 = FACE_BOUND('',#17226,.F.);
#17226 = EDGE_LOOP('',(#17227));
#17227 = ORIENTED_EDGE('',*,*,#6670,.T.);
#17228 = FACE_BOUND('',#17229,.F.);
#17229 = EDGE_LOOP('',(#17230));
#17230 = ORIENTED_EDGE('',*,*,#6720,.T.);
#17231 = FACE_BOUND('',#17232,.F.);
#17232 = EDGE_LOOP('',(#17233));
#17233 = ORIENTED_EDGE('',*,*,#5353,.T.);
#17234 = FACE_BOUND('',#17235,.F.);
#17235 = EDGE_LOOP('',(#17236));
#17236 = ORIENTED_EDGE('',*,*,#5634,.T.);
#17237 = FACE_BOUND('',#17238,.F.);
#17238 = EDGE_LOOP('',(#17239));
#17239 = ORIENTED_EDGE('',*,*,#16500,.T.);
#17240 = FACE_BOUND('',#17241,.F.);
#17241 = EDGE_LOOP('',(#17242));
#17242 = ORIENTED_EDGE('',*,*,#16475,.T.);
#17243 = FACE_BOUND('',#17244,.F.);
#17244 = EDGE_LOOP('',(#17245));
#17245 = ORIENTED_EDGE('',*,*,#16450,.T.);
#17246 = FACE_BOUND('',#17247,.F.);
#17247 = EDGE_LOOP('',(#17248));
#17248 = ORIENTED_EDGE('',*,*,#6159,.T.);
#17249 = FACE_BOUND('',#17250,.F.);
#17250 = EDGE_LOOP('',(#17251));
#17251 = ORIENTED_EDGE('',*,*,#6695,.T.);
#17252 = FACE_BOUND('',#17253,.F.);
#17253 = EDGE_LOOP('',(#17254));
#17254 = ORIENTED_EDGE('',*,*,#6645,.T.);
#17255 = FACE_BOUND('',#17256,.F.);
#17256 = EDGE_LOOP('',(#17257));
#17257 = ORIENTED_EDGE('',*,*,#16600,.T.);
#17258 = FACE_BOUND('',#17259,.F.);
#17259 = EDGE_LOOP('',(#17260));
#17260 = ORIENTED_EDGE('',*,*,#16575,.T.);
#17261 = FACE_BOUND('',#17262,.F.);
#17262 = EDGE_LOOP('',(#17263));
#17263 = ORIENTED_EDGE('',*,*,#6034,.T.);
#17264 = FACE_BOUND('',#17265,.F.);
#17265 = EDGE_LOOP('',(#17266));
#17266 = ORIENTED_EDGE('',*,*,#5378,.T.);
#17267 = FACE_BOUND('',#17268,.F.);
#17268 = EDGE_LOOP('',(#17269));
#17269 = ORIENTED_EDGE('',*,*,#16550,.T.);
#17270 = FACE_BOUND('',#17271,.F.);
#17271 = EDGE_LOOP('',(#17272));
#17272 = ORIENTED_EDGE('',*,*,#5659,.T.);
#17273 = FACE_BOUND('',#17274,.F.);
#17274 = EDGE_LOOP('',(#17275));
#17275 = ORIENTED_EDGE('',*,*,#16525,.T.);
#17276 = FACE_BOUND('',#17277,.F.);
#17277 = EDGE_LOOP('',(#17278));
#17278 = ORIENTED_EDGE('',*,*,#6109,.T.);
#17279 = FACE_BOUND('',#17280,.F.);
#17280 = EDGE_LOOP('',(#17281));
#17281 = ORIENTED_EDGE('',*,*,#17282,.T.);
#17282 = EDGE_CURVE('',#17283,#17283,#17285,.T.);
#17283 = VERTEX_POINT('',#17284);
#17284 = CARTESIAN_POINT('',(414.1698,242.5,-38.1));
#17285 = CIRCLE('',#17286,1.7272);
#17286 = AXIS2_PLACEMENT_3D('',#17287,#17288,#17289);
#17287 = CARTESIAN_POINT('',(415.897,242.5,-38.1));
#17288 = DIRECTION('',(0.,0.,-1.));
#17289 = DIRECTION('',(-1.,0.,0.));
#17290 = FACE_BOUND('',#17291,.F.);
#17291 = EDGE_LOOP('',(#17292));
#17292 = ORIENTED_EDGE('',*,*,#17293,.T.);
#17293 = EDGE_CURVE('',#17294,#17294,#17296,.T.);
#17294 = VERTEX_POINT('',#17295);
#17295 = CARTESIAN_POINT('',(436.6698,242.5,-38.1));
#17296 = CIRCLE('',#17297,1.7272);
#17297 = AXIS2_PLACEMENT_3D('',#17298,#17299,#17300);
#17298 = CARTESIAN_POINT('',(438.397,242.5,-38.1));
#17299 = DIRECTION('',(0.,0.,-1.));
#17300 = DIRECTION('',(-1.,0.,0.));
#17301 = FACE_BOUND('',#17302,.F.);
#17302 = EDGE_LOOP('',(#17303));
#17303 = ORIENTED_EDGE('',*,*,#16650,.T.);
#17304 = FACE_BOUND('',#17305,.F.);
#17305 = EDGE_LOOP('',(#17306));
#17306 = ORIENTED_EDGE('',*,*,#16825,.T.);
#17307 = FACE_BOUND('',#17308,.F.);
#17308 = EDGE_LOOP('',(#17309));
#17309 = ORIENTED_EDGE('',*,*,#16700,.T.);
#17310 = FACE_BOUND('',#17311,.F.);
#17311 = EDGE_LOOP('',(#17312));
#17312 = ORIENTED_EDGE('',*,*,#16775,.T.);
#17313 = FACE_BOUND('',#17314,.F.);
#17314 = EDGE_LOOP('',(#17315));
#17315 = ORIENTED_EDGE('',*,*,#16850,.T.);
#17316 = FACE_BOUND('',#17317,.F.);
#17317 = EDGE_LOOP('',(#17318));
#17318 = ORIENTED_EDGE('',*,*,#5484,.T.);
#17319 = FACE_BOUND('',#17320,.F.);
#17320 = EDGE_LOOP('',(#17321));
#17321 = ORIENTED_EDGE('',*,*,#5509,.T.);
#17322 = FACE_BOUND('',#17323,.F.);
#17323 = EDGE_LOOP('',(#17324));
#17324 = ORIENTED_EDGE('',*,*,#11094,.T.);
#17325 = FACE_BOUND('',#17326,.F.);
#17326 = EDGE_LOOP('',(#17327));
#17327 = ORIENTED_EDGE('',*,*,#16625,.T.);
#17328 = FACE_BOUND('',#17329,.F.);
#17329 = EDGE_LOOP('',(#17330));
#17330 = ORIENTED_EDGE('',*,*,#16725,.T.);
#17331 = FACE_BOUND('',#17332,.F.);
#17332 = EDGE_LOOP('',(#17333));
#17333 = ORIENTED_EDGE('',*,*,#10810,.T.);
#17334 = FACE_BOUND('',#17335,.F.);
#17335 = EDGE_LOOP('',(#17336));
#17336 = ORIENTED_EDGE('',*,*,#10835,.T.);
#17337 = FACE_BOUND('',#17338,.F.);
#17338 = EDGE_LOOP('',(#17339));
#17339 = ORIENTED_EDGE('',*,*,#17340,.T.);
#17340 = EDGE_CURVE('',#17341,#17341,#17343,.T.);
#17341 = VERTEX_POINT('',#17342);
#17342 = CARTESIAN_POINT('',(414.1698,217.5,-38.1));
#17343 = CIRCLE('',#17344,1.7272);
#17344 = AXIS2_PLACEMENT_3D('',#17345,#17346,#17347);
#17345 = CARTESIAN_POINT('',(415.897,217.5,-38.1));
#17346 = DIRECTION('',(0.,0.,-1.));
#17347 = DIRECTION('',(-1.,0.,0.));
#17348 = FACE_BOUND('',#17349,.F.);
#17349 = EDGE_LOOP('',(#17350));
#17350 = ORIENTED_EDGE('',*,*,#17351,.T.);
#17351 = EDGE_CURVE('',#17352,#17352,#17354,.T.);
#17352 = VERTEX_POINT('',#17353);
#17353 = CARTESIAN_POINT('',(436.6698,217.5,-38.1));
#17354 = CIRCLE('',#17355,1.7272);
#17355 = AXIS2_PLACEMENT_3D('',#17356,#17357,#17358);
#17356 = CARTESIAN_POINT('',(438.397,217.5,-38.1));
#17357 = DIRECTION('',(0.,0.,-1.));
#17358 = DIRECTION('',(-1.,0.,0.));
#17359 = FACE_BOUND('',#17360,.F.);
#17360 = EDGE_LOOP('',(#17361));
#17361 = ORIENTED_EDGE('',*,*,#16675,.T.);
#17362 = FACE_BOUND('',#17363,.F.);
#17363 = EDGE_LOOP('',(#17364));
#17364 = ORIENTED_EDGE('',*,*,#16800,.T.);
#17365 = FACE_BOUND('',#17366,.F.);
#17366 = EDGE_LOOP('',(#17367));
#17367 = ORIENTED_EDGE('',*,*,#16750,.T.);
#17368 = FACE_BOUND('',#17369,.F.);
#17369 = EDGE_LOOP('',(#17370));
#17370 = ORIENTED_EDGE('',*,*,#5984,.T.);
#17371 = FACE_BOUND('',#17372,.F.);
#17372 = EDGE_LOOP('',(#17373));
#17373 = ORIENTED_EDGE('',*,*,#16875,.T.);
#17374 = FACE_BOUND('',#17375,.F.);
#17375 = EDGE_LOOP('',(#17376));
#17376 = ORIENTED_EDGE('',*,*,#11403,.T.);
#17377 = FACE_BOUND('',#17378,.F.);
#17378 = EDGE_LOOP('',(#17379));
#17379 = ORIENTED_EDGE('',*,*,#16900,.T.);
#17380 = FACE_BOUND('',#17381,.F.);
#17381 = EDGE_LOOP('',(#17382));
#17382 = ORIENTED_EDGE('',*,*,#11971,.T.);
#17383 = FACE_BOUND('',#17384,.F.);
#17384 = EDGE_LOOP('',(#17385));
#17385 = ORIENTED_EDGE('',*,*,#16925,.T.);
#17386 = FACE_BOUND('',#17387,.F.);
#17387 = EDGE_LOOP('',(#17388));
#17388 = ORIENTED_EDGE('',*,*,#16950,.T.);
#17389 = FACE_BOUND('',#17390,.F.);
#17390 = EDGE_LOOP('',(#17391));
#17391 = ORIENTED_EDGE('',*,*,#11378,.T.);
#17392 = FACE_BOUND('',#17393,.F.);
#17393 = EDGE_LOOP('',(#17394));
#17394 = ORIENTED_EDGE('',*,*,#11946,.T.);
#17395 = FACE_BOUND('',#17396,.F.);
#17396 = EDGE_LOOP('',(#17397));
#17397 = ORIENTED_EDGE('',*,*,#11119,.T.);
#17398 = FACE_BOUND('',#17399,.F.);
#17399 = EDGE_LOOP('',(#17400));
#17400 = ORIENTED_EDGE('',*,*,#17025,.T.);
#17401 = FACE_BOUND('',#17402,.F.);
#17402 = EDGE_LOOP('',(#17403));
#17403 = ORIENTED_EDGE('',*,*,#7302,.T.);
#17404 = FACE_BOUND('',#17405,.F.);
#17405 = EDGE_LOOP('',(#17406));
#17406 = ORIENTED_EDGE('',*,*,#13107,.T.);
#17407 = FACE_BOUND('',#17408,.F.);
#17408 = EDGE_LOOP('',(#17409));
#17409 = ORIENTED_EDGE('',*,*,#12255,.T.);
#17410 = FACE_BOUND('',#17411,.F.);
#17411 = EDGE_LOOP('',(#17412));
#17412 = ORIENTED_EDGE('',*,*,#11687,.T.);
#17413 = FACE_BOUND('',#17414,.F.);
#17414 = EDGE_LOOP('',(#17415));
#17415 = ORIENTED_EDGE('',*,*,#13082,.T.);
#17416 = FACE_BOUND('',#17417,.F.);
#17417 = EDGE_LOOP('',(#17418));
#17418 = ORIENTED_EDGE('',*,*,#12230,.T.);
#17419 = FACE_BOUND('',#17420,.F.);
#17420 = EDGE_LOOP('',(#17421));
#17421 = ORIENTED_EDGE('',*,*,#11662,.T.);
#17422 = FACE_BOUND('',#17423,.F.);
#17423 = EDGE_LOOP('',(#17424));
#17424 = ORIENTED_EDGE('',*,*,#16975,.T.);
#17425 = FACE_BOUND('',#17426,.F.);
#17426 = EDGE_LOOP('',(#17427));
#17427 = ORIENTED_EDGE('',*,*,#17050,.T.);
#17428 = FACE_BOUND('',#17429,.F.);
#17429 = EDGE_LOOP('',(#17430));
#17430 = ORIENTED_EDGE('',*,*,#17000,.T.);
#17431 = FACE_BOUND('',#17432,.F.);
#17432 = EDGE_LOOP('',(#17433));
#17433 = ORIENTED_EDGE('',*,*,#17100,.T.);
#17434 = FACE_BOUND('',#17435,.F.);
#17435 = EDGE_LOOP('',(#17436));
#17436 = ORIENTED_EDGE('',*,*,#12823,.T.);
#17437 = FACE_BOUND('',#17438,.F.);
#17438 = EDGE_LOOP('',(#17439));
#17439 = ORIENTED_EDGE('',*,*,#12798,.T.);
#17440 = FACE_BOUND('',#17441,.F.);
#17441 = EDGE_LOOP('',(#17442));
#17442 = ORIENTED_EDGE('',*,*,#9119,.T.);
#17443 = FACE_BOUND('',#17444,.F.);
#17444 = EDGE_LOOP('',(#17445));
#17445 = ORIENTED_EDGE('',*,*,#9031,.T.);
#17446 = FACE_BOUND('',#17447,.F.);
#17447 = EDGE_LOOP('',(#17448));
#17448 = ORIENTED_EDGE('',*,*,#9144,.T.);
#17449 = FACE_BOUND('',#17450,.F.);
#17450 = EDGE_LOOP('',(#17451));
#17451 = ORIENTED_EDGE('',*,*,#9056,.T.);
#17452 = FACE_BOUND('',#17453,.F.);
#17453 = EDGE_LOOP('',(#17454));
#17454 = ORIENTED_EDGE('',*,*,#8062,.T.);
#17455 = FACE_BOUND('',#17456,.F.);
#17456 = EDGE_LOOP('',(#17457));
#17457 = ORIENTED_EDGE('',*,*,#12539,.T.);
#17458 = FACE_BOUND('',#17459,.F.);
#17459 = EDGE_LOOP('',(#17460));
#17460 = ORIENTED_EDGE('',*,*,#17075,.T.);
#17461 = FACE_BOUND('',#17462,.F.);
#17462 = EDGE_LOOP('',(#17463));
#17463 = ORIENTED_EDGE('',*,*,#12514,.T.);
#17464 = FACE_BOUND('',#17465,.F.);
#17465 = EDGE_LOOP('',(#17466));
#17466 = ORIENTED_EDGE('',*,*,#17125,.T.);
#17467 = FACE_BOUND('',#17468,.F.);
#17468 = EDGE_LOOP('',(#17469));
#17469 = ORIENTED_EDGE('',*,*,#6058,.T.);
#17470 = FACE_BOUND('',#17471,.F.);
#17471 = EDGE_LOOP('',(#17472));
#17472 = ORIENTED_EDGE('',*,*,#6008,.T.);
#17473 = FACE_BOUND('',#17474,.F.);
#17474 = EDGE_LOOP('',(#17475));
#17475 = ORIENTED_EDGE('',*,*,#6083,.T.);
#17476 = FACE_BOUND('',#17477,.F.);
#17477 = EDGE_LOOP('',(#17478));
#17478 = ORIENTED_EDGE('',*,*,#6133,.T.);
#17479 = PLANE('',#17480);
#17480 = AXIS2_PLACEMENT_3D('',#17481,#17482,#17483);
#17481 = CARTESIAN_POINT('',(3.175,3.175,-38.1));
#17482 = DIRECTION('',(0.,0.,1.));
#17483 = DIRECTION('',(1.,0.,0.));
#17484 = ADVANCED_FACE('',(#17485),#17504,.F.);
#17485 = FACE_BOUND('',#17486,.F.);
#17486 = EDGE_LOOP('',(#17487,#17496,#17502,#17503));
#17487 = ORIENTED_EDGE('',*,*,#17488,.T.);
#17488 = EDGE_CURVE('',#17489,#17489,#17491,.T.);
#17489 = VERTEX_POINT('',#17490);
#17490 = CARTESIAN_POINT('',(414.1698,242.5,-21.97));
#17491 = CIRCLE('',#17492,1.7272);
#17492 = AXIS2_PLACEMENT_3D('',#17493,#17494,#17495);
#17493 = CARTESIAN_POINT('',(415.897,242.5,-21.97));
#17494 = DIRECTION('',(0.,0.,-1.));
#17495 = DIRECTION('',(-1.,0.,0.));
#17496 = ORIENTED_EDGE('',*,*,#17497,.T.);
#17497 = EDGE_CURVE('',#17489,#17283,#17498,.T.);
#17498 = LINE('',#17499,#17500);
#17499 = CARTESIAN_POINT('',(414.1698,242.5,-13.97));
#17500 = VECTOR('',#17501,1.);
#17501 = DIRECTION('',(0.,0.,-1.));
#17502 = ORIENTED_EDGE('',*,*,#17282,.F.);
#17503 = ORIENTED_EDGE('',*,*,#17497,.F.);
#17504 = CYLINDRICAL_SURFACE('',#17505,1.7272);
#17505 = AXIS2_PLACEMENT_3D('',#17506,#17507,#17508);
#17506 = CARTESIAN_POINT('',(415.897,242.5,-13.97));
#17507 = DIRECTION('',(0.,0.,-1.));
#17508 = DIRECTION('',(-1.,0.,0.));
#17509 = ADVANCED_FACE('',(#17510),#17529,.F.);
#17510 = FACE_BOUND('',#17511,.F.);
#17511 = EDGE_LOOP('',(#17512,#17521,#17527,#17528));
#17512 = ORIENTED_EDGE('',*,*,#17513,.T.);
#17513 = EDGE_CURVE('',#17514,#17514,#17516,.T.);
#17514 = VERTEX_POINT('',#17515);
#17515 = CARTESIAN_POINT('',(436.6698,242.5,-21.97));
#17516 = CIRCLE('',#17517,1.7272);
#17517 = AXIS2_PLACEMENT_3D('',#17518,#17519,#17520);
#17518 = CARTESIAN_POINT('',(438.397,242.5,-21.97));
#17519 = DIRECTION('',(0.,0.,-1.));
#17520 = DIRECTION('',(-1.,0.,0.));
#17521 = ORIENTED_EDGE('',*,*,#17522,.T.);
#17522 = EDGE_CURVE('',#17514,#17294,#17523,.T.);
#17523 = LINE('',#17524,#17525);
#17524 = CARTESIAN_POINT('',(436.6698,242.5,-13.97));
#17525 = VECTOR('',#17526,1.);
#17526 = DIRECTION('',(0.,0.,-1.));
#17527 = ORIENTED_EDGE('',*,*,#17293,.F.);
#17528 = ORIENTED_EDGE('',*,*,#17522,.F.);
#17529 = CYLINDRICAL_SURFACE('',#17530,1.7272);
#17530 = AXIS2_PLACEMENT_3D('',#17531,#17532,#17533);
#17531 = CARTESIAN_POINT('',(438.397,242.5,-13.97));
#17532 = DIRECTION('',(0.,0.,-1.));
#17533 = DIRECTION('',(-1.,0.,0.));
#17534 = ADVANCED_FACE('',(#17535),#17554,.F.);
#17535 = FACE_BOUND('',#17536,.F.);
#17536 = EDGE_LOOP('',(#17537,#17546,#17552,#17553));
#17537 = ORIENTED_EDGE('',*,*,#17538,.T.);
#17538 = EDGE_CURVE('',#17539,#17539,#17541,.T.);
#17539 = VERTEX_POINT('',#17540);
#17540 = CARTESIAN_POINT('',(414.1698,217.5,-21.97));
#17541 = CIRCLE('',#17542,1.7272);
#17542 = AXIS2_PLACEMENT_3D('',#17543,#17544,#17545);
#17543 = CARTESIAN_POINT('',(415.897,217.5,-21.97));
#17544 = DIRECTION('',(0.,0.,-1.));
#17545 = DIRECTION('',(-1.,0.,0.));
#17546 = ORIENTED_EDGE('',*,*,#17547,.T.);
#17547 = EDGE_CURVE('',#17539,#17341,#17548,.T.);
#17548 = LINE('',#17549,#17550);
#17549 = CARTESIAN_POINT('',(414.1698,217.5,-13.97));
#17550 = VECTOR('',#17551,1.);
#17551 = DIRECTION('',(0.,0.,-1.));
#17552 = ORIENTED_EDGE('',*,*,#17340,.F.);
#17553 = ORIENTED_EDGE('',*,*,#17547,.F.);
#17554 = CYLINDRICAL_SURFACE('',#17555,1.7272);
#17555 = AXIS2_PLACEMENT_3D('',#17556,#17557,#17558);
#17556 = CARTESIAN_POINT('',(415.897,217.5,-13.97));
#17557 = DIRECTION('',(0.,0.,-1.));
#17558 = DIRECTION('',(-1.,0.,0.));
#17559 = ADVANCED_FACE('',(#17560),#17579,.F.);
#17560 = FACE_BOUND('',#17561,.F.);
#17561 = EDGE_LOOP('',(#17562,#17571,#17577,#17578));
#17562 = ORIENTED_EDGE('',*,*,#17563,.T.);
#17563 = EDGE_CURVE('',#17564,#17564,#17566,.T.);
#17564 = VERTEX_POINT('',#17565);
#17565 = CARTESIAN_POINT('',(436.6698,217.5,-21.97));
#17566 = CIRCLE('',#17567,1.7272);
#17567 = AXIS2_PLACEMENT_3D('',#17568,#17569,#17570);
#17568 = CARTESIAN_POINT('',(438.397,217.5,-21.97));
#17569 = DIRECTION('',(0.,0.,-1.));
#17570 = DIRECTION('',(-1.,0.,0.));
#17571 = ORIENTED_EDGE('',*,*,#17572,.T.);
#17572 = EDGE_CURVE('',#17564,#17352,#17573,.T.);
#17573 = LINE('',#17574,#17575);
#17574 = CARTESIAN_POINT('',(436.6698,217.5,-13.97));
#17575 = VECTOR('',#17576,1.);
#17576 = DIRECTION('',(0.,0.,-1.));
#17577 = ORIENTED_EDGE('',*,*,#17351,.F.);
#17578 = ORIENTED_EDGE('',*,*,#17572,.F.);
#17579 = CYLINDRICAL_SURFACE('',#17580,1.7272);
#17580 = AXIS2_PLACEMENT_3D('',#17581,#17582,#17583);
#17581 = CARTESIAN_POINT('',(438.397,217.5,-13.97));
#17582 = DIRECTION('',(0.,0.,-1.));
#17583 = DIRECTION('',(-1.,0.,0.));
#17584 = ADVANCED_FACE('',(#17585,#17601,#17604,#17607,#17610),#17613,
  .T.);
#17585 = FACE_BOUND('',#17586,.T.);
#17586 = EDGE_LOOP('',(#17587,#17588,#17589,#17590,#17591,#17592,#17593,
    #17594,#17595,#17596,#17597,#17598,#17599,#17600));
#17587 = ORIENTED_EDGE('',*,*,#8413,.T.);
#17588 = ORIENTED_EDGE('',*,*,#8459,.T.);
#17589 = ORIENTED_EDGE('',*,*,#8509,.F.);
#17590 = ORIENTED_EDGE('',*,*,#8565,.F.);
#17591 = ORIENTED_EDGE('',*,*,#8583,.T.);
#17592 = ORIENTED_EDGE('',*,*,#8533,.F.);
#17593 = ORIENTED_EDGE('',*,*,#8484,.F.);
#17594 = ORIENTED_EDGE('',*,*,#8437,.F.);
#17595 = ORIENTED_EDGE('',*,*,#8386,.T.);
#17596 = ORIENTED_EDGE('',*,*,#8337,.T.);
#17597 = ORIENTED_EDGE('',*,*,#8296,.T.);
#17598 = ORIENTED_EDGE('',*,*,#8264,.T.);
#17599 = ORIENTED_EDGE('',*,*,#8313,.T.);
#17600 = ORIENTED_EDGE('',*,*,#8361,.T.);
#17601 = FACE_BOUND('',#17602,.T.);
#17602 = EDGE_LOOP('',(#17603));
#17603 = ORIENTED_EDGE('',*,*,#17563,.T.);
#17604 = FACE_BOUND('',#17605,.T.);
#17605 = EDGE_LOOP('',(#17606));
#17606 = ORIENTED_EDGE('',*,*,#17513,.T.);
#17607 = FACE_BOUND('',#17608,.T.);
#17608 = EDGE_LOOP('',(#17609));
#17609 = ORIENTED_EDGE('',*,*,#17538,.T.);
#17610 = FACE_BOUND('',#17611,.T.);
#17611 = EDGE_LOOP('',(#17612));
#17612 = ORIENTED_EDGE('',*,*,#17488,.T.);
#17613 = PLANE('',#17614);
#17614 = AXIS2_PLACEMENT_3D('',#17615,#17616,#17617);
#17615 = CARTESIAN_POINT('',(427.147,230.,-21.97));
#17616 = DIRECTION('',(0.,0.,1.));
#17617 = DIRECTION('',(1.,0.,0.));
#17618 = ( GEOMETRIC_REPRESENTATION_CONTEXT(3) 
GLOBAL_UNCERTAINTY_ASSIGNED_CONTEXT((#17622)) 
GLOBAL_UNIT_ASSIGNED_CONTEXT((#17619,#17620,#17621)) 
REPRESENTATION_CONTEXT('Context #1',
  '3D Context with UNIT and UNCERTAINTY') );
#17619 = ( LENGTH_UNIT() NAMED_UNIT(*) SI_UNIT(.MILLI.,.METRE.) );
#17620 = ( NAMED_UNIT(*) PLANE_ANGLE_UNIT() SI_UNIT($,.RADIAN.) );
#17621 = ( NAMED_UNIT(*) SI_UNIT($,.STERADIAN.) SOLID_ANGLE_UNIT() );
#17622 = UNCERTAINTY_MEASURE_WITH_UNIT(LENGTH_MEASURE(1.E-07),#17619,
  'distance_accuracy_value','confusion accuracy');
#17623 = PRODUCT_RELATED_PRODUCT_CATEGORY('part',$,(#7));
ENDSEC;
END-ISO-10303-21;
