ISO-10303-21;
HEADER;
FILE_DESCRIPTION(('FreeCAD Model'),'2;1');
FILE_NAME('Open CASCADE Shape Model','2026-10-07T22:49:34',('FreeCAD'),(
    'FreeCAD'),'Open CASCADE STEP processor 7.8','FreeCAD','Unknown');
FILE_SCHEMA(('AUTOMOTIVE_DESIGN { 1 0 10303 214 1 1 1 1 }'));
ENDSEC;
DATA;
#1 = APPLICATION_PROTOCOL_DEFINITION('international standard',
  'automotive_design',2000,#2);
#2 = APPLICATION_CONTEXT(
  'core data for automotive mechanical design processes');
#3 = SHAPE_DEFINITION_REPRESENTATION(#4,#10);
#4 = PRODUCT_DEFINITION_SHAPE('','',#5);
#5 = PRODUCT_DEFINITION('design','',#6,#9);
#6 = PRODUCT_DEFINITION_FORMATION('','',#7);
#7 = PRODUCT('Open CASCADE STEP translator 7.8 24',
  'Open CASCADE STEP translator 7.8 24','',(#8));
#8 = PRODUCT_CONTEXT('',#2,'mechanical');
#9 = PRODUCT_DEFINITION_CONTEXT('part definition',#2,'design');
#10 = SHAPE_REPRESENTATION('',(#11,#15,#921,#1871,#2357,#2843),#3002);
#11 = AXIS2_PLACEMENT_3D('',#12,#13,#14);
#12 = CARTESIAN_POINT('',(0.,0.,0.));
#13 = DIRECTION('',(0.,0.,1.));
#14 = DIRECTION('',(1.,0.,-0.));
#15 = MANIFOLD_SOLID_BREP('',#16);
#16 = CLOSED_SHELL('',(#17,#96,#127,#151,#380,#440,#464,#545,#570,#595,
    #636,#653,#670,#687,#704,#721,#738,#755,#767,#789,#806,#823,#835,
    #844,#853,#878,#903,#912));
#17 = ADVANCED_FACE('',(#18,#69,#80),#91,.F.);
#18 = FACE_BOUND('',#19,.F.);
#19 = EDGE_LOOP('',(#20,#30,#38,#46,#54,#62));
#20 = ORIENTED_EDGE('',*,*,#21,.F.);
#21 = EDGE_CURVE('',#22,#24,#26,.T.);
#22 = VERTEX_POINT('',#23);
#23 = CARTESIAN_POINT('',(216.2,124.,0.));
#24 = VERTEX_POINT('',#25);
#25 = CARTESIAN_POINT('',(211.2,124.,0.));
#26 = LINE('',#27,#28);
#27 = CARTESIAN_POINT('',(216.2,124.,0.));
#28 = VECTOR('',#29,1.);
#29 = DIRECTION('',(-1.,-2.22044604925E-16,0.));
#30 = ORIENTED_EDGE('',*,*,#31,.F.);
#31 = EDGE_CURVE('',#32,#22,#34,.T.);
#32 = VERTEX_POINT('',#33);
#33 = CARTESIAN_POINT('',(216.2,124.,-24.));
#34 = LINE('',#35,#36);
#35 = CARTESIAN_POINT('',(216.2,124.,-24.));
#36 = VECTOR('',#37,1.);
#37 = DIRECTION('',(0.,0.,1.));
#38 = ORIENTED_EDGE('',*,*,#39,.T.);
#39 = EDGE_CURVE('',#32,#40,#42,.T.);
#40 = VERTEX_POINT('',#41);
#41 = CARTESIAN_POINT('',(172.3,124.,-24.));
#42 = LINE('',#43,#44);
#43 = CARTESIAN_POINT('',(216.2,124.,-24.));
#44 = VECTOR('',#45,1.);
#45 = DIRECTION('',(-1.,-2.22044604925E-16,0.));
#46 = ORIENTED_EDGE('',*,*,#47,.T.);
#47 = EDGE_CURVE('',#40,#48,#50,.T.);
#48 = VERTEX_POINT('',#49);
#49 = CARTESIAN_POINT('',(172.3,124.,0.));
#50 = LINE('',#51,#52);
#51 = CARTESIAN_POINT('',(172.3,124.,-24.));
#52 = VECTOR('',#53,1.);
#53 = DIRECTION('',(0.,0.,1.));
#54 = ORIENTED_EDGE('',*,*,#55,.F.);
#55 = EDGE_CURVE('',#56,#48,#58,.T.);
#56 = VERTEX_POINT('',#57);
#57 = CARTESIAN_POINT('',(180.8,124.,0.));
#58 = LINE('',#59,#60);
#59 = CARTESIAN_POINT('',(216.2,124.,0.));
#60 = VECTOR('',#61,1.);
#61 = DIRECTION('',(-1.,-2.22044604925E-16,0.));
#62 = ORIENTED_EDGE('',*,*,#63,.F.);
#63 = EDGE_CURVE('',#24,#56,#64,.T.);
#64 = CIRCLE('',#65,15.2);
#65 = AXIS2_PLACEMENT_3D('',#66,#67,#68);
#66 = CARTESIAN_POINT('',(196.,124.,0.));
#67 = DIRECTION('',(-2.22044604925E-16,1.,0.));
#68 = DIRECTION('',(0.,0.,1.));
#69 = FACE_BOUND('',#70,.F.);
#70 = EDGE_LOOP('',(#71));
#71 = ORIENTED_EDGE('',*,*,#72,.F.);
#72 = EDGE_CURVE('',#73,#73,#75,.T.);
#73 = VERTEX_POINT('',#74);
#74 = CARTESIAN_POINT('',(179.,124.,-15.2728));
#75 = CIRCLE('',#76,1.7272);
#76 = AXIS2_PLACEMENT_3D('',#77,#78,#79);
#77 = CARTESIAN_POINT('',(179.,124.,-17.));
#78 = DIRECTION('',(-2.22044604925E-16,1.,0.));
#79 = DIRECTION('',(0.,0.,1.));
#80 = FACE_BOUND('',#81,.F.);
#81 = EDGE_LOOP('',(#82));
#82 = ORIENTED_EDGE('',*,*,#83,.F.);
#83 = EDGE_CURVE('',#84,#84,#86,.T.);
#84 = VERTEX_POINT('',#85);
#85 = CARTESIAN_POINT('',(210.5,124.,-15.2728));
#86 = CIRCLE('',#87,1.7272);
#87 = AXIS2_PLACEMENT_3D('',#88,#89,#90);
#88 = CARTESIAN_POINT('',(210.5,124.,-17.));
#89 = DIRECTION('',(-2.22044604925E-16,1.,0.));
#90 = DIRECTION('',(0.,0.,1.));
#91 = PLANE('',#92);
#92 = AXIS2_PLACEMENT_3D('',#93,#94,#95);
#93 = CARTESIAN_POINT('',(216.2,124.,-24.));
#94 = DIRECTION('',(-2.22044604925E-16,1.,0.));
#95 = DIRECTION('',(0.,0.,1.));
#96 = ADVANCED_FACE('',(#97),#122,.T.);
#97 = FACE_BOUND('',#98,.T.);
#98 = EDGE_LOOP('',(#99,#100,#108,#116));
#99 = ORIENTED_EDGE('',*,*,#21,.F.);
#100 = ORIENTED_EDGE('',*,*,#101,.T.);
#101 = EDGE_CURVE('',#22,#102,#104,.T.);
#102 = VERTEX_POINT('',#103);
#103 = CARTESIAN_POINT('',(216.2,206.,0.));
#104 = LINE('',#105,#106);
#105 = CARTESIAN_POINT('',(216.2,124.,0.));
#106 = VECTOR('',#107,1.);
#107 = DIRECTION('',(-2.22044604925E-16,1.,0.));
#108 = ORIENTED_EDGE('',*,*,#109,.T.);
#109 = EDGE_CURVE('',#102,#110,#112,.T.);
#110 = VERTEX_POINT('',#111);
#111 = CARTESIAN_POINT('',(211.2,206.,0.));
#112 = LINE('',#113,#114);
#113 = CARTESIAN_POINT('',(216.2,206.,0.));
#114 = VECTOR('',#115,1.);
#115 = DIRECTION('',(-1.,-2.22044604925E-16,0.));
#116 = ORIENTED_EDGE('',*,*,#117,.F.);
#117 = EDGE_CURVE('',#24,#110,#118,.T.);
#118 = LINE('',#119,#120);
#119 = CARTESIAN_POINT('',(211.2,123.,0.));
#120 = VECTOR('',#121,1.);
#121 = DIRECTION('',(-2.22044604925E-16,1.,0.));
#122 = PLANE('',#123);
#123 = AXIS2_PLACEMENT_3D('',#124,#125,#126);
#124 = CARTESIAN_POINT('',(216.2,124.,0.));
#125 = DIRECTION('',(0.,0.,1.));
#126 = DIRECTION('',(-2.22044604925E-16,1.,0.));
#127 = ADVANCED_FACE('',(#128),#146,.F.);
#128 = FACE_BOUND('',#129,.F.);
#129 = EDGE_LOOP('',(#130,#138,#139,#140));
#130 = ORIENTED_EDGE('',*,*,#131,.F.);
#131 = EDGE_CURVE('',#32,#132,#134,.T.);
#132 = VERTEX_POINT('',#133);
#133 = CARTESIAN_POINT('',(216.2,206.,-24.));
#134 = LINE('',#135,#136);
#135 = CARTESIAN_POINT('',(216.2,124.,-24.));
#136 = VECTOR('',#137,1.);
#137 = DIRECTION('',(-2.22044604925E-16,1.,0.));
#138 = ORIENTED_EDGE('',*,*,#31,.T.);
#139 = ORIENTED_EDGE('',*,*,#101,.T.);
#140 = ORIENTED_EDGE('',*,*,#141,.F.);
#141 = EDGE_CURVE('',#132,#102,#142,.T.);
#142 = LINE('',#143,#144);
#143 = CARTESIAN_POINT('',(216.2,206.,-24.));
#144 = VECTOR('',#145,1.);
#145 = DIRECTION('',(0.,0.,1.));
#146 = PLANE('',#147);
#147 = AXIS2_PLACEMENT_3D('',#148,#149,#150);
#148 = CARTESIAN_POINT('',(216.2,124.,-24.));
#149 = DIRECTION('',(-1.,-2.22044604925E-16,0.));
#150 = DIRECTION('',(0.,0.,1.));
#151 = ADVANCED_FACE('',(#152,#239),#375,.F.);
#152 = FACE_BOUND('',#153,.F.);
#153 = EDGE_LOOP('',(#154,#155,#156,#164,#173,#181,#190,#198,#207,#215,
    #224,#232));
#154 = ORIENTED_EDGE('',*,*,#117,.F.);
#155 = ORIENTED_EDGE('',*,*,#63,.T.);
#156 = ORIENTED_EDGE('',*,*,#157,.T.);
#157 = EDGE_CURVE('',#56,#158,#160,.T.);
#158 = VERTEX_POINT('',#159);
#159 = CARTESIAN_POINT('',(180.8,139.,0.));
#160 = LINE('',#161,#162);
#161 = CARTESIAN_POINT('',(180.8,123.,0.));
#162 = VECTOR('',#163,1.);
#163 = DIRECTION('',(-2.22044604925E-16,1.,0.));
#164 = ORIENTED_EDGE('',*,*,#165,.F.);
#165 = EDGE_CURVE('',#166,#158,#168,.T.);
#166 = VERTEX_POINT('',#167);
#167 = CARTESIAN_POINT('',(182.03432779992,139.,-6.));
#168 = CIRCLE('',#169,15.2);
#169 = AXIS2_PLACEMENT_3D('',#170,#171,#172);
#170 = CARTESIAN_POINT('',(196.,139.,0.));
#171 = DIRECTION('',(-2.22044604925E-16,1.,0.));
#172 = DIRECTION('',(0.,0.,1.));
#173 = ORIENTED_EDGE('',*,*,#174,.T.);
#174 = EDGE_CURVE('',#166,#175,#177,.T.);
#175 = VERTEX_POINT('',#176);
#176 = CARTESIAN_POINT('',(182.03432779992,145.,-6.));
#177 = LINE('',#178,#179);
#178 = CARTESIAN_POINT('',(182.03432779992,123.,-6.));
#179 = VECTOR('',#180,1.);
#180 = DIRECTION('',(-2.22044604925E-16,1.,0.));
#181 = ORIENTED_EDGE('',*,*,#182,.T.);
#182 = EDGE_CURVE('',#175,#183,#185,.T.);
#183 = VERTEX_POINT('',#184);
#184 = CARTESIAN_POINT('',(180.8,145.,0.));
#185 = CIRCLE('',#186,15.2);
#186 = AXIS2_PLACEMENT_3D('',#187,#188,#189);
#187 = CARTESIAN_POINT('',(196.,145.,0.));
#188 = DIRECTION('',(-2.22044604925E-16,1.,0.));
#189 = DIRECTION('',(0.,0.,1.));
#190 = ORIENTED_EDGE('',*,*,#191,.T.);
#191 = EDGE_CURVE('',#183,#192,#194,.T.);
#192 = VERTEX_POINT('',#193);
#193 = CARTESIAN_POINT('',(180.8,156.,0.));
#194 = LINE('',#195,#196);
#195 = CARTESIAN_POINT('',(180.8,123.,0.));
#196 = VECTOR('',#197,1.);
#197 = DIRECTION('',(-2.22044604925E-16,1.,0.));
#198 = ORIENTED_EDGE('',*,*,#199,.F.);
#199 = EDGE_CURVE('',#200,#192,#202,.T.);
#200 = VERTEX_POINT('',#201);
#201 = CARTESIAN_POINT('',(181.6459065072,156.,-5.));
#202 = CIRCLE('',#203,15.2);
#203 = AXIS2_PLACEMENT_3D('',#204,#205,#206);
#204 = CARTESIAN_POINT('',(196.,156.,0.));
#205 = DIRECTION('',(-2.22044604925E-16,1.,0.));
#206 = DIRECTION('',(0.,0.,1.));
#207 = ORIENTED_EDGE('',*,*,#208,.T.);
#208 = EDGE_CURVE('',#200,#209,#211,.T.);
#209 = VERTEX_POINT('',#210);
#210 = CARTESIAN_POINT('',(181.6459065072,168.,-5.));
#211 = LINE('',#212,#213);
#212 = CARTESIAN_POINT('',(181.6459065072,123.,-5.));
#213 = VECTOR('',#214,1.);
#214 = DIRECTION('',(-2.22044604925E-16,1.,0.));
#215 = ORIENTED_EDGE('',*,*,#216,.T.);
#216 = EDGE_CURVE('',#209,#217,#219,.T.);
#217 = VERTEX_POINT('',#218);
#218 = CARTESIAN_POINT('',(180.8,168.,0.));
#219 = CIRCLE('',#220,15.2);
#220 = AXIS2_PLACEMENT_3D('',#221,#222,#223);
#221 = CARTESIAN_POINT('',(196.,168.,0.));
#222 = DIRECTION('',(-2.22044604925E-16,1.,0.));
#223 = DIRECTION('',(0.,0.,1.));
#224 = ORIENTED_EDGE('',*,*,#225,.T.);
#225 = EDGE_CURVE('',#217,#226,#228,.T.);
#226 = VERTEX_POINT('',#227);
#227 = CARTESIAN_POINT('',(180.8,206.,0.));
#228 = LINE('',#229,#230);
#229 = CARTESIAN_POINT('',(180.8,123.,0.));
#230 = VECTOR('',#231,1.);
#231 = DIRECTION('',(-2.22044604925E-16,1.,0.));
#232 = ORIENTED_EDGE('',*,*,#233,.F.);
#233 = EDGE_CURVE('',#110,#226,#234,.T.);
#234 = CIRCLE('',#235,15.2);
#235 = AXIS2_PLACEMENT_3D('',#236,#237,#238);
#236 = CARTESIAN_POINT('',(196.,206.,0.));
#237 = DIRECTION('',(-2.22044604925E-16,1.,0.));
#238 = DIRECTION('',(0.,0.,1.));
#239 = FACE_BOUND('',#240,.F.);
#240 = EDGE_LOOP('',(#241,#252,#301,#310));
#241 = ORIENTED_EDGE('',*,*,#242,.F.);
#242 = EDGE_CURVE('',#243,#245,#247,.T.);
#243 = VERTEX_POINT('',#244);
#244 = CARTESIAN_POINT('',(195.5,199.1156,-15.19177408994));
#245 = VERTEX_POINT('',#246);
#246 = CARTESIAN_POINT('',(185.,199.1156,-10.48999523355));
#247 = CIRCLE('',#248,15.2);
#248 = AXIS2_PLACEMENT_3D('',#249,#250,#251);
#249 = CARTESIAN_POINT('',(196.,199.1156,0.));
#250 = DIRECTION('',(-2.22044604925E-16,1.,0.));
#251 = DIRECTION('',(0.,0.,1.));
#252 = ORIENTED_EDGE('',*,*,#253,.T.);
#253 = EDGE_CURVE('',#243,#254,#256,.T.);
#254 = VERTEX_POINT('',#255);
#255 = CARTESIAN_POINT('',(195.5,203.4844,-15.19177408994));
#256 = B_SPLINE_CURVE_WITH_KNOTS('',7,(#257,#258,#259,#260,#261,#262,
    #263,#264,#265,#266,#267,#268,#269,#270,#271,#272,#273,#274,#275,
    #276,#277,#278,#279,#280,#281,#282,#283,#284,#285,#286,#287,#288,
    #289,#290,#291,#292,#293,#294,#295,#296,#297,#298,#299,#300),
  .UNSPECIFIED.,.F.,.F.,(8,6,6,6,6,6,6,8),(0.,0.101786705035,
    0.250203089601,0.362758748809,0.500289550074,0.685474229233,
    0.833134861925,1.),.UNSPECIFIED.);
#257 = CARTESIAN_POINT('',(195.5,199.1156,-15.19177408994));
#258 = CARTESIAN_POINT('',(195.61829951469,199.1156,-15.19566762845));
#259 = CARTESIAN_POINT('',(195.73649432857,199.12307449831,
    -15.19848183176));
#260 = CARTESIAN_POINT('',(195.85366518695,199.13799953631,
    -15.20019093676));
#261 = CARTESIAN_POINT('',(195.96890282097,199.16016430952,
    -15.20081948899));
#262 = CARTESIAN_POINT('',(196.08133421935,199.18917494476,
    -15.20044108506));
#263 = CARTESIAN_POINT('',(196.19014888597,199.22445721104,
    -15.1991698056));
#264 = CARTESIAN_POINT('',(196.44696304757,199.32475051162,
    -15.19419098247));
#265 = CARTESIAN_POINT('',(196.59009438817,199.39598270845,
    -15.18963385156));
#266 = CARTESIAN_POINT('',(196.72345055438,199.47728086744,
    -15.18387043268));
#267 = CARTESIAN_POINT('',(196.84667056804,199.56709535331,
    -15.17729788211));
#268 = CARTESIAN_POINT('',(196.9595683268,199.66397988607,
    -15.17028016056));
#269 = CARTESIAN_POINT('',(197.06210674133,199.76657471553,
    -15.16312938604));
#270 = CARTESIAN_POINT('',(197.22435569643,199.95475479292,
    -15.15077154191));
#271 = CARTESIAN_POINT('',(197.28857785372,200.03863384386,
    -15.14550086316));
#272 = CARTESIAN_POINT('',(197.34715652315,200.1248241244,
    -15.14039262881));
#273 = CARTESIAN_POINT('',(197.40020529215,200.21297579979,
    -15.13553266577));
#274 = CARTESIAN_POINT('',(197.44783425524,200.30278768474,
    -15.13099138504));
#275 = CARTESIAN_POINT('',(197.49014427848,200.39399883209,
    -15.12682579894));
#276 = CARTESIAN_POINT('',(197.57252531668,200.59926003176,
    -15.11850645788));
#277 = CARTESIAN_POINT('',(197.61001823905,200.71389144117,
    -15.11456037894));
#278 = CARTESIAN_POINT('',(197.63985217787,200.82984795646,
    -15.11132649241));
#279 = CARTESIAN_POINT('',(197.66214588393,200.94675924793,
    -15.10886391296));
#280 = CARTESIAN_POINT('',(197.67698127522,201.06429393341,
    -15.10720999451));
#281 = CARTESIAN_POINT('',(197.6844,201.18214246235,-15.10638264575));
#282 = CARTESIAN_POINT('',(197.6844,201.45869470761,-15.10638264575));
#283 = CARTESIAN_POINT('',(197.67094931717,201.61735034637,
    -15.10788246238));
#284 = CARTESIAN_POINT('',(197.64406059167,201.77524206924,
    -15.11088051084));
#285 = CARTESIAN_POINT('',(197.60359139476,201.93162333466,
    -15.11531670947));
#286 = CARTESIAN_POINT('',(197.54926753057,202.08564924718,
    -15.1210686498));
#287 = CARTESIAN_POINT('',(197.48070615045,202.23629649945,
    -15.12793779308));
#288 = CARTESIAN_POINT('',(197.33104373102,202.49868265257,
    -15.14175579163));
#289 = CARTESIAN_POINT('',(197.25524898195,202.61220661644,
    -15.14841110938));
#290 = CARTESIAN_POINT('',(197.16982501016,202.72213400492,
    -15.1554384894));
#291 = CARTESIAN_POINT('',(197.07453994101,202.82762603806,
    -15.16264237834));
#292 = CARTESIAN_POINT('',(196.96918900229,202.92769476718,
    -15.16977510699));
#293 = CARTESIAN_POINT('',(196.85362860216,203.02117192353,
    -15.17653398061));
#294 = CARTESIAN_POINT('',(196.58563813438,203.20329805736,
    -15.18938078624));
#295 = CARTESIAN_POINT('',(196.42872123118,203.29085662365,
    -15.19534608106));
#296 = CARTESIAN_POINT('',(196.25864347395,203.36544027434,
    -15.19980745485));
#297 = CARTESIAN_POINT('',(196.07771091704,203.42394038624,
    -15.20209056879));
#298 = CARTESIAN_POINT('',(195.8887872745,203.46407132772,-15.2016438473
    ));
#299 = CARTESIAN_POINT('',(195.69509565767,203.4844,-15.19819518522));
#300 = CARTESIAN_POINT('',(195.5,203.4844,-15.19177408994));
#301 = ORIENTED_EDGE('',*,*,#302,.T.);
#302 = EDGE_CURVE('',#254,#303,#305,.T.);
#303 = VERTEX_POINT('',#304);
#304 = CARTESIAN_POINT('',(185.,203.4844,-10.48999523355));
#305 = CIRCLE('',#306,15.2);
#306 = AXIS2_PLACEMENT_3D('',#307,#308,#309);
#307 = CARTESIAN_POINT('',(196.,203.4844,0.));
#308 = DIRECTION('',(-2.22044604925E-16,1.,0.));
#309 = DIRECTION('',(0.,0.,1.));
#310 = ORIENTED_EDGE('',*,*,#311,.T.);
#311 = EDGE_CURVE('',#303,#245,#312,.T.);
#312 = B_SPLINE_CURVE_WITH_KNOTS('',6,(#313,#314,#315,#316,#317,#318,
    #319,#320,#321,#322,#323,#324,#325,#326,#327,#328,#329,#330,#331,
    #332,#333,#334,#335,#336,#337,#338,#339,#340,#341,#342,#343,#344,
    #345,#346,#347,#348,#349,#350,#351,#352,#353,#354,#355,#356,#357,
    #358,#359,#360,#361,#362,#363,#364,#365,#366,#367,#368,#369,#370,
    #371,#372,#373,#374),.UNSPECIFIED.,.F.,.F.,(7,5,5,5,5,5,5,5,5,5,5,5,
    7),(0.,0.169807133749,0.308195018848,0.351127144688,0.402779736144,
    0.440821414286,0.500086235395,0.539275402661,0.597328516653,
    0.648773903966,0.691069658022,0.830240935229,1.),.UNSPECIFIED.);
#313 = CARTESIAN_POINT('',(185.,203.4844,-10.48999523355));
#314 = CARTESIAN_POINT('',(184.80689206042,203.4844,-10.28749873207));
#315 = CARTESIAN_POINT('',(184.61960409107,203.46391407043,
    -10.08214839024));
#316 = CARTESIAN_POINT('',(184.43942235284,203.42525932831,
    -9.875528397382));
#317 = CARTESIAN_POINT('',(184.26701056392,203.37009866911,-9.6689691523
    ));
#318 = CARTESIAN_POINT('',(184.10289079566,203.29954466243,
    -9.463809798395));
#319 = CARTESIAN_POINT('',(183.82114646025,203.14465440332,
    -9.097177243221));
#320 = CARTESIAN_POINT('',(183.70069318896,203.06536887917,
    -8.93484642768));
#321 = CARTESIAN_POINT('',(183.58612995464,202.97646523697,
    -8.775153313239));
#322 = CARTESIAN_POINT('',(183.4775917201,202.87765888893,
    -8.618817615296));
#323 = CARTESIAN_POINT('',(183.37567168998,202.76847881136,
    -8.467343540902));
#324 = CARTESIAN_POINT('',(183.25229095162,202.61124213223,
    -8.278813931048));
#325 = CARTESIAN_POINT('',(183.22380479478,202.57294659864,
    -8.234876128768));
#326 = CARTESIAN_POINT('',(183.19606972666,202.53355341442,
    -8.191703574827));
#327 = CARTESIAN_POINT('',(183.1691188478,202.49303161214,-8.14937834374
    ));
#328 = CARTESIAN_POINT('',(183.1429946427,202.4513511582,-8.108000715725
    ));
#329 = CARTESIAN_POINT('',(183.08737536356,202.35690726565,-8.0191894713
    ));
#330 = CARTESIAN_POINT('',(183.05826569057,202.30359950625,
    -7.972220977463));
#331 = CARTESIAN_POINT('',(183.03051249517,202.2485095761,
    -7.926993915068));
#332 = CARTESIAN_POINT('',(183.00422819283,202.19159287274,
    -7.883760548512));
#333 = CARTESIAN_POINT('',(182.97954520083,202.13281066175,
    -7.842815249871));
#334 = CARTESIAN_POINT('',(182.93972894831,202.02744000694,
    -7.77627171338));
#335 = CARTESIAN_POINT('',(182.92378811525,201.98170663236,
    -7.749464036519));
#336 = CARTESIAN_POINT('',(182.90887160583,201.9349583403,
    -7.724234160089));
#337 = CARTESIAN_POINT('',(182.89505491555,201.88722381013,
    -7.700743867571));
#338 = CARTESIAN_POINT('',(182.88241219931,201.83853235531,
    -7.679153703091));
#339 = CARTESIAN_POINT('',(182.85326574288,201.71161369535,
    -7.629195194952));
#340 = CARTESIAN_POINT('',(182.83850093672,201.63187995897,
    -7.603692362264));
#341 = CARTESIAN_POINT('',(182.82714075916,201.55029174879,
    -7.583952910455));
#342 = CARTESIAN_POINT('',(182.81945854056,201.4674160162,
    -7.570559685851));
#343 = CARTESIAN_POINT('',(182.8156,201.38380606218,-7.563834784023));
#344 = CARTESIAN_POINT('',(182.8156,201.24458281105,-7.563834784023));
#345 = CARTESIAN_POINT('',(182.81728710794,201.18919383207,
    -7.566775461081));
#346 = CARTESIAN_POINT('',(182.82065801234,201.13401748982,
    -7.572651498112));
#347 = CARTESIAN_POINT('',(182.82568202124,201.07924081901,
    -7.581397091687));
#348 = CARTESIAN_POINT('',(182.83229940373,201.02505316492,
    -7.592886426482));
#349 = CARTESIAN_POINT('',(182.8524488291,200.89253068508,
    -7.627743830954));
#350 = CARTESIAN_POINT('',(182.86775899148,200.81523969381,
    -7.654138462142));
#351 = CARTESIAN_POINT('',(182.88610485598,200.73994952824,
    -7.685601366224));
#352 = CARTESIAN_POINT('',(182.90722707586,200.66683840132,
    -7.72156497844));
#353 = CARTESIAN_POINT('',(182.93083945109,200.59608536485,
    -7.761415001716));
#354 = CARTESIAN_POINT('',(182.97945871966,200.46741820402,
    -7.842670716859));
#355 = CARTESIAN_POINT('',(183.0040420579,200.40885048443,
    -7.883451774506));
#356 = CARTESIAN_POINT('',(183.0302152449,200.35213431535,
    -7.926504973868));
#357 = CARTESIAN_POINT('',(183.05784726078,200.29723147832,
    -7.971539064834));
#358 = CARTESIAN_POINT('',(183.08682677373,200.24409797071,
    -8.018304254628));
#359 = CARTESIAN_POINT('',(183.14191988434,200.15041473626,
    -8.106291983969));
#360 = CARTESIAN_POINT('',(183.16763162701,200.10929921896,
    -8.147028917014));
#361 = CARTESIAN_POINT('',(183.19414751712,200.0693098864,
    -8.188689356419));
#362 = CARTESIAN_POINT('',(183.22142673418,200.0304178844,
    -8.231176983524));
#363 = CARTESIAN_POINT('',(183.24943736723,199.99259342911,
    -8.274412757875));
#364 = CARTESIAN_POINT('',(183.37265447089,199.83475866042,
    -8.462857769451));
#365 = CARTESIAN_POINT('',(183.47502279638,199.72468261158,
    -8.615116386709));
#366 = CARTESIAN_POINT('',(183.58409593719,199.62511502788,
    -8.772317382972));
#367 = CARTESIAN_POINT('',(183.69926540932,199.5355718747,
    -8.932921836207));
#368 = CARTESIAN_POINT('',(183.82039427679,199.45575911303,
    -9.096198430483));
#369 = CARTESIAN_POINT('',(184.10289079566,199.30045533756,
    -9.463809798395));
#370 = CARTESIAN_POINT('',(184.26701056392,199.22990133088,-9.6689691523
    ));
#371 = CARTESIAN_POINT('',(184.43942235284,199.17474067168,
    -9.875528397382));
#372 = CARTESIAN_POINT('',(184.61960409107,199.13608592956,
    -10.08214839024));
#373 = CARTESIAN_POINT('',(184.80689206042,199.1156,-10.28749873207));
#374 = CARTESIAN_POINT('',(185.,199.1156,-10.48999523355));
#375 = CYLINDRICAL_SURFACE('',#376,15.2);
#376 = AXIS2_PLACEMENT_3D('',#377,#378,#379);
#377 = CARTESIAN_POINT('',(196.,123.,0.));
#378 = DIRECTION('',(-2.22044604925E-16,1.,0.));
#379 = DIRECTION('',(0.,0.,1.));
#380 = ADVANCED_FACE('',(#381,#399),#435,.F.);
#381 = FACE_BOUND('',#382,.F.);
#382 = EDGE_LOOP('',(#383,#384,#385,#393));
#383 = ORIENTED_EDGE('',*,*,#39,.F.);
#384 = ORIENTED_EDGE('',*,*,#131,.T.);
#385 = ORIENTED_EDGE('',*,*,#386,.T.);
#386 = EDGE_CURVE('',#132,#387,#389,.T.);
#387 = VERTEX_POINT('',#388);
#388 = CARTESIAN_POINT('',(172.3,206.,-24.));
#389 = LINE('',#390,#391);
#390 = CARTESIAN_POINT('',(216.2,206.,-24.));
#391 = VECTOR('',#392,1.);
#392 = DIRECTION('',(-1.,-2.22044604925E-16,0.));
#393 = ORIENTED_EDGE('',*,*,#394,.F.);
#394 = EDGE_CURVE('',#40,#387,#395,.T.);
#395 = LINE('',#396,#397);
#396 = CARTESIAN_POINT('',(172.3,124.,-24.));
#397 = VECTOR('',#398,1.);
#398 = DIRECTION('',(-2.22044604925E-16,1.,0.));
#399 = FACE_BOUND('',#400,.F.);
#400 = EDGE_LOOP('',(#401,#412,#420,#429));
#401 = ORIENTED_EDGE('',*,*,#402,.F.);
#402 = EDGE_CURVE('',#403,#405,#407,.T.);
#403 = VERTEX_POINT('',#404);
#404 = CARTESIAN_POINT('',(195.5,199.1156,-24.));
#405 = VERTEX_POINT('',#406);
#406 = CARTESIAN_POINT('',(195.5,203.4844,-24.));
#407 = CIRCLE('',#408,2.1844);
#408 = AXIS2_PLACEMENT_3D('',#409,#410,#411);
#409 = CARTESIAN_POINT('',(195.5,201.3,-24.));
#410 = DIRECTION('',(0.,0.,1.));
#411 = DIRECTION('',(-2.22044604925E-16,1.,0.));
#412 = ORIENTED_EDGE('',*,*,#413,.T.);
#413 = EDGE_CURVE('',#403,#414,#416,.T.);
#414 = VERTEX_POINT('',#415);
#415 = CARTESIAN_POINT('',(185.,199.1156,-24.));
#416 = LINE('',#417,#418);
#417 = CARTESIAN_POINT('',(205.85,199.1156,-24.));
#418 = VECTOR('',#419,1.);
#419 = DIRECTION('',(-1.,-2.22044604925E-16,0.));
#420 = ORIENTED_EDGE('',*,*,#421,.F.);
#421 = EDGE_CURVE('',#422,#414,#424,.T.);
#422 = VERTEX_POINT('',#423);
#423 = CARTESIAN_POINT('',(185.,203.4844,-24.));
#424 = CIRCLE('',#425,2.1844);
#425 = AXIS2_PLACEMENT_3D('',#426,#427,#428);
#426 = CARTESIAN_POINT('',(185.,201.3,-24.));
#427 = DIRECTION('',(0.,0.,1.));
#428 = DIRECTION('',(-2.22044604925E-16,1.,0.));
#429 = ORIENTED_EDGE('',*,*,#430,.F.);
#430 = EDGE_CURVE('',#405,#422,#431,.T.);
#431 = LINE('',#432,#433);
#432 = CARTESIAN_POINT('',(205.85,203.4844,-24.));
#433 = VECTOR('',#434,1.);
#434 = DIRECTION('',(-1.,-2.22044604925E-16,0.));
#435 = PLANE('',#436);
#436 = AXIS2_PLACEMENT_3D('',#437,#438,#439);
#437 = CARTESIAN_POINT('',(216.2,124.,-24.));
#438 = DIRECTION('',(0.,0.,1.));
#439 = DIRECTION('',(-2.22044604925E-16,1.,0.));
#440 = ADVANCED_FACE('',(#441),#459,.T.);
#441 = FACE_BOUND('',#442,.T.);
#442 = EDGE_LOOP('',(#443,#444,#445,#453));
#443 = ORIENTED_EDGE('',*,*,#55,.F.);
#444 = ORIENTED_EDGE('',*,*,#157,.T.);
#445 = ORIENTED_EDGE('',*,*,#446,.T.);
#446 = EDGE_CURVE('',#158,#447,#449,.T.);
#447 = VERTEX_POINT('',#448);
#448 = CARTESIAN_POINT('',(172.3,139.,0.));
#449 = LINE('',#450,#451);
#450 = CARTESIAN_POINT('',(199.5,139.,0.));
#451 = VECTOR('',#452,1.);
#452 = DIRECTION('',(-1.,-2.22044604925E-16,0.));
#453 = ORIENTED_EDGE('',*,*,#454,.F.);
#454 = EDGE_CURVE('',#48,#447,#455,.T.);
#455 = LINE('',#456,#457);
#456 = CARTESIAN_POINT('',(172.3,124.,0.));
#457 = VECTOR('',#458,1.);
#458 = DIRECTION('',(-2.22044604925E-16,1.,0.));
#459 = PLANE('',#460);
#460 = AXIS2_PLACEMENT_3D('',#461,#462,#463);
#461 = CARTESIAN_POINT('',(216.2,124.,0.));
#462 = DIRECTION('',(0.,0.,1.));
#463 = DIRECTION('',(-2.22044604925E-16,1.,0.));
#464 = ADVANCED_FACE('',(#465),#540,.T.);
#465 = FACE_BOUND('',#466,.T.);
#466 = EDGE_LOOP('',(#467,#477,#483,#484,#485,#486,#494,#502,#510,#518,
    #526,#534));
#467 = ORIENTED_EDGE('',*,*,#468,.T.);
#468 = EDGE_CURVE('',#469,#471,#473,.T.);
#469 = VERTEX_POINT('',#470);
#470 = CARTESIAN_POINT('',(172.3,168.,0.));
#471 = VERTEX_POINT('',#472);
#472 = CARTESIAN_POINT('',(172.3,206.,0.));
#473 = LINE('',#474,#475);
#474 = CARTESIAN_POINT('',(172.3,124.,0.));
#475 = VECTOR('',#476,1.);
#476 = DIRECTION('',(-2.22044604925E-16,1.,0.));
#477 = ORIENTED_EDGE('',*,*,#478,.F.);
#478 = EDGE_CURVE('',#387,#471,#479,.T.);
#479 = LINE('',#480,#481);
#480 = CARTESIAN_POINT('',(172.3,206.,-24.));
#481 = VECTOR('',#482,1.);
#482 = DIRECTION('',(0.,0.,1.));
#483 = ORIENTED_EDGE('',*,*,#394,.F.);
#484 = ORIENTED_EDGE('',*,*,#47,.T.);
#485 = ORIENTED_EDGE('',*,*,#454,.T.);
#486 = ORIENTED_EDGE('',*,*,#487,.T.);
#487 = EDGE_CURVE('',#447,#488,#490,.T.);
#488 = VERTEX_POINT('',#489);
#489 = CARTESIAN_POINT('',(172.3,139.,-6.));
#490 = LINE('',#491,#492);
#491 = CARTESIAN_POINT('',(172.3,139.,-15.));
#492 = VECTOR('',#493,1.);
#493 = DIRECTION('',(0.,-0.,-1.));
#494 = ORIENTED_EDGE('',*,*,#495,.T.);
#495 = EDGE_CURVE('',#488,#496,#498,.T.);
#496 = VERTEX_POINT('',#497);
#497 = CARTESIAN_POINT('',(172.3,145.,-6.));
#498 = LINE('',#499,#500);
#499 = CARTESIAN_POINT('',(172.3,131.5,-6.));
#500 = VECTOR('',#501,1.);
#501 = DIRECTION('',(-2.22044604925E-16,1.,0.));
#502 = ORIENTED_EDGE('',*,*,#503,.F.);
#503 = EDGE_CURVE('',#504,#496,#506,.T.);
#504 = VERTEX_POINT('',#505);
#505 = CARTESIAN_POINT('',(172.3,145.,0.));
#506 = LINE('',#507,#508);
#507 = CARTESIAN_POINT('',(172.3,145.,-15.));
#508 = VECTOR('',#509,1.);
#509 = DIRECTION('',(0.,-0.,-1.));
#510 = ORIENTED_EDGE('',*,*,#511,.T.);
#511 = EDGE_CURVE('',#504,#512,#514,.T.);
#512 = VERTEX_POINT('',#513);
#513 = CARTESIAN_POINT('',(172.3,156.,0.));
#514 = LINE('',#515,#516);
#515 = CARTESIAN_POINT('',(172.3,124.,0.));
#516 = VECTOR('',#517,1.);
#517 = DIRECTION('',(-2.22044604925E-16,1.,0.));
#518 = ORIENTED_EDGE('',*,*,#519,.T.);
#519 = EDGE_CURVE('',#512,#520,#522,.T.);
#520 = VERTEX_POINT('',#521);
#521 = CARTESIAN_POINT('',(172.3,156.,-5.));
#522 = LINE('',#523,#524);
#523 = CARTESIAN_POINT('',(172.3,156.,-14.5));
#524 = VECTOR('',#525,1.);
#525 = DIRECTION('',(0.,-0.,-1.));
#526 = ORIENTED_EDGE('',*,*,#527,.T.);
#527 = EDGE_CURVE('',#520,#528,#530,.T.);
#528 = VERTEX_POINT('',#529);
#529 = CARTESIAN_POINT('',(172.3,168.,-5.));
#530 = LINE('',#531,#532);
#531 = CARTESIAN_POINT('',(172.3,140.,-5.));
#532 = VECTOR('',#533,1.);
#533 = DIRECTION('',(-2.22044604925E-16,1.,0.));
#534 = ORIENTED_EDGE('',*,*,#535,.F.);
#535 = EDGE_CURVE('',#469,#528,#536,.T.);
#536 = LINE('',#537,#538);
#537 = CARTESIAN_POINT('',(172.3,168.,-14.5));
#538 = VECTOR('',#539,1.);
#539 = DIRECTION('',(0.,-0.,-1.));
#540 = PLANE('',#541);
#541 = AXIS2_PLACEMENT_3D('',#542,#543,#544);
#542 = CARTESIAN_POINT('',(172.3,124.,-24.));
#543 = DIRECTION('',(-1.,-2.22044604925E-16,0.));
#544 = DIRECTION('',(0.,0.,1.));
#545 = ADVANCED_FACE('',(#546),#565,.F.);
#546 = FACE_BOUND('',#547,.F.);
#547 = EDGE_LOOP('',(#548,#557,#563,#564));
#548 = ORIENTED_EDGE('',*,*,#549,.F.);
#549 = EDGE_CURVE('',#550,#550,#552,.T.);
#550 = VERTEX_POINT('',#551);
#551 = CARTESIAN_POINT('',(179.,140.,-15.2728));
#552 = CIRCLE('',#553,1.7272);
#553 = AXIS2_PLACEMENT_3D('',#554,#555,#556);
#554 = CARTESIAN_POINT('',(179.,140.,-17.));
#555 = DIRECTION('',(-2.22044604925E-16,1.,0.));
#556 = DIRECTION('',(0.,0.,1.));
#557 = ORIENTED_EDGE('',*,*,#558,.F.);
#558 = EDGE_CURVE('',#73,#550,#559,.T.);
#559 = LINE('',#560,#561);
#560 = CARTESIAN_POINT('',(179.,124.,-15.2728));
#561 = VECTOR('',#562,1.);
#562 = DIRECTION('',(-2.22044604925E-16,1.,0.));
#563 = ORIENTED_EDGE('',*,*,#72,.T.);
#564 = ORIENTED_EDGE('',*,*,#558,.T.);
#565 = CYLINDRICAL_SURFACE('',#566,1.7272);
#566 = AXIS2_PLACEMENT_3D('',#567,#568,#569);
#567 = CARTESIAN_POINT('',(179.,124.,-17.));
#568 = DIRECTION('',(-2.22044604925E-16,1.,0.));
#569 = DIRECTION('',(0.,0.,1.));
#570 = ADVANCED_FACE('',(#571),#590,.F.);
#571 = FACE_BOUND('',#572,.F.);
#572 = EDGE_LOOP('',(#573,#582,#588,#589));
#573 = ORIENTED_EDGE('',*,*,#574,.F.);
#574 = EDGE_CURVE('',#575,#575,#577,.T.);
#575 = VERTEX_POINT('',#576);
#576 = CARTESIAN_POINT('',(210.5,140.,-15.2728));
#577 = CIRCLE('',#578,1.7272);
#578 = AXIS2_PLACEMENT_3D('',#579,#580,#581);
#579 = CARTESIAN_POINT('',(210.5,140.,-17.));
#580 = DIRECTION('',(-2.22044604925E-16,1.,0.));
#581 = DIRECTION('',(0.,0.,1.));
#582 = ORIENTED_EDGE('',*,*,#583,.F.);
#583 = EDGE_CURVE('',#84,#575,#584,.T.);
#584 = LINE('',#585,#586);
#585 = CARTESIAN_POINT('',(210.5,124.,-15.2728));
#586 = VECTOR('',#587,1.);
#587 = DIRECTION('',(-2.22044604925E-16,1.,0.));
#588 = ORIENTED_EDGE('',*,*,#83,.T.);
#589 = ORIENTED_EDGE('',*,*,#583,.T.);
#590 = CYLINDRICAL_SURFACE('',#591,1.7272);
#591 = AXIS2_PLACEMENT_3D('',#592,#593,#594);
#592 = CARTESIAN_POINT('',(210.5,124.,-17.));
#593 = DIRECTION('',(-2.22044604925E-16,1.,0.));
#594 = DIRECTION('',(0.,0.,1.));
#595 = ADVANCED_FACE('',(#596,#609,#620),#631,.T.);
#596 = FACE_BOUND('',#597,.T.);
#597 = EDGE_LOOP('',(#598,#599,#600,#601,#602,#608));
#598 = ORIENTED_EDGE('',*,*,#109,.F.);
#599 = ORIENTED_EDGE('',*,*,#141,.F.);
#600 = ORIENTED_EDGE('',*,*,#386,.T.);
#601 = ORIENTED_EDGE('',*,*,#478,.T.);
#602 = ORIENTED_EDGE('',*,*,#603,.F.);
#603 = EDGE_CURVE('',#226,#471,#604,.T.);
#604 = LINE('',#605,#606);
#605 = CARTESIAN_POINT('',(216.2,206.,0.));
#606 = VECTOR('',#607,1.);
#607 = DIRECTION('',(-1.,-2.22044604925E-16,0.));
#608 = ORIENTED_EDGE('',*,*,#233,.F.);
#609 = FACE_BOUND('',#610,.T.);
#610 = EDGE_LOOP('',(#611));
#611 = ORIENTED_EDGE('',*,*,#612,.T.);
#612 = EDGE_CURVE('',#613,#613,#615,.T.);
#613 = VERTEX_POINT('',#614);
#614 = CARTESIAN_POINT('',(179.,206.,-18.7272));
#615 = CIRCLE('',#616,1.7272);
#616 = AXIS2_PLACEMENT_3D('',#617,#618,#619);
#617 = CARTESIAN_POINT('',(179.,206.,-17.));
#618 = DIRECTION('',(2.22044604925E-16,-1.,-0.));
#619 = DIRECTION('',(-0.,0.,-1.));
#620 = FACE_BOUND('',#621,.T.);
#621 = EDGE_LOOP('',(#622));
#622 = ORIENTED_EDGE('',*,*,#623,.T.);
#623 = EDGE_CURVE('',#624,#624,#626,.T.);
#624 = VERTEX_POINT('',#625);
#625 = CARTESIAN_POINT('',(210.5,206.,-18.7272));
#626 = CIRCLE('',#627,1.7272);
#627 = AXIS2_PLACEMENT_3D('',#628,#629,#630);
#628 = CARTESIAN_POINT('',(210.5,206.,-17.));
#629 = DIRECTION('',(2.22044604925E-16,-1.,-0.));
#630 = DIRECTION('',(-0.,0.,-1.));
#631 = PLANE('',#632);
#632 = AXIS2_PLACEMENT_3D('',#633,#634,#635);
#633 = CARTESIAN_POINT('',(216.2,206.,-24.));
#634 = DIRECTION('',(-2.22044604925E-16,1.,0.));
#635 = DIRECTION('',(0.,0.,1.));
#636 = ADVANCED_FACE('',(#637),#648,.T.);
#637 = FACE_BOUND('',#638,.T.);
#638 = EDGE_LOOP('',(#639,#645,#646,#647));
#639 = ORIENTED_EDGE('',*,*,#640,.F.);
#640 = EDGE_CURVE('',#217,#469,#641,.T.);
#641 = LINE('',#642,#643);
#642 = CARTESIAN_POINT('',(199.5,168.,0.));
#643 = VECTOR('',#644,1.);
#644 = DIRECTION('',(-1.,-2.22044604925E-16,0.));
#645 = ORIENTED_EDGE('',*,*,#225,.T.);
#646 = ORIENTED_EDGE('',*,*,#603,.T.);
#647 = ORIENTED_EDGE('',*,*,#468,.F.);
#648 = PLANE('',#649);
#649 = AXIS2_PLACEMENT_3D('',#650,#651,#652);
#650 = CARTESIAN_POINT('',(216.2,124.,0.));
#651 = DIRECTION('',(0.,0.,1.));
#652 = DIRECTION('',(-2.22044604925E-16,1.,0.));
#653 = ADVANCED_FACE('',(#654),#665,.F.);
#654 = FACE_BOUND('',#655,.F.);
#655 = EDGE_LOOP('',(#656,#657,#663,#664));
#656 = ORIENTED_EDGE('',*,*,#216,.F.);
#657 = ORIENTED_EDGE('',*,*,#658,.T.);
#658 = EDGE_CURVE('',#209,#528,#659,.T.);
#659 = LINE('',#660,#661);
#660 = CARTESIAN_POINT('',(182.8,168.,-5.));
#661 = VECTOR('',#662,1.);
#662 = DIRECTION('',(-1.,-2.22044604925E-16,0.));
#663 = ORIENTED_EDGE('',*,*,#535,.F.);
#664 = ORIENTED_EDGE('',*,*,#640,.F.);
#665 = PLANE('',#666);
#666 = AXIS2_PLACEMENT_3D('',#667,#668,#669);
#667 = CARTESIAN_POINT('',(182.8,168.,-5.));
#668 = DIRECTION('',(-2.22044604925E-16,1.,0.));
#669 = DIRECTION('',(0.,0.,1.));
#670 = ADVANCED_FACE('',(#671),#682,.T.);
#671 = FACE_BOUND('',#672,.T.);
#672 = EDGE_LOOP('',(#673,#679,#680,#681));
#673 = ORIENTED_EDGE('',*,*,#674,.F.);
#674 = EDGE_CURVE('',#200,#520,#675,.T.);
#675 = LINE('',#676,#677);
#676 = CARTESIAN_POINT('',(182.8,156.,-5.));
#677 = VECTOR('',#678,1.);
#678 = DIRECTION('',(-1.,-2.22044604925E-16,0.));
#679 = ORIENTED_EDGE('',*,*,#208,.T.);
#680 = ORIENTED_EDGE('',*,*,#658,.T.);
#681 = ORIENTED_EDGE('',*,*,#527,.F.);
#682 = PLANE('',#683);
#683 = AXIS2_PLACEMENT_3D('',#684,#685,#686);
#684 = CARTESIAN_POINT('',(182.8,156.,-5.));
#685 = DIRECTION('',(0.,0.,1.));
#686 = DIRECTION('',(-2.22044604925E-16,1.,0.));
#687 = ADVANCED_FACE('',(#688),#699,.T.);
#688 = FACE_BOUND('',#689,.T.);
#689 = EDGE_LOOP('',(#690,#691,#692,#693));
#690 = ORIENTED_EDGE('',*,*,#199,.F.);
#691 = ORIENTED_EDGE('',*,*,#674,.T.);
#692 = ORIENTED_EDGE('',*,*,#519,.F.);
#693 = ORIENTED_EDGE('',*,*,#694,.F.);
#694 = EDGE_CURVE('',#192,#512,#695,.T.);
#695 = LINE('',#696,#697);
#696 = CARTESIAN_POINT('',(199.5,156.,0.));
#697 = VECTOR('',#698,1.);
#698 = DIRECTION('',(-1.,-2.22044604925E-16,0.));
#699 = PLANE('',#700);
#700 = AXIS2_PLACEMENT_3D('',#701,#702,#703);
#701 = CARTESIAN_POINT('',(182.8,156.,-5.));
#702 = DIRECTION('',(-2.22044604925E-16,1.,0.));
#703 = DIRECTION('',(0.,0.,1.));
#704 = ADVANCED_FACE('',(#705),#716,.T.);
#705 = FACE_BOUND('',#706,.T.);
#706 = EDGE_LOOP('',(#707,#713,#714,#715));
#707 = ORIENTED_EDGE('',*,*,#708,.F.);
#708 = EDGE_CURVE('',#183,#504,#709,.T.);
#709 = LINE('',#710,#711);
#710 = CARTESIAN_POINT('',(199.5,145.,0.));
#711 = VECTOR('',#712,1.);
#712 = DIRECTION('',(-1.,-2.22044604925E-16,0.));
#713 = ORIENTED_EDGE('',*,*,#191,.T.);
#714 = ORIENTED_EDGE('',*,*,#694,.T.);
#715 = ORIENTED_EDGE('',*,*,#511,.F.);
#716 = PLANE('',#717);
#717 = AXIS2_PLACEMENT_3D('',#718,#719,#720);
#718 = CARTESIAN_POINT('',(216.2,124.,0.));
#719 = DIRECTION('',(0.,0.,1.));
#720 = DIRECTION('',(-2.22044604925E-16,1.,0.));
#721 = ADVANCED_FACE('',(#722),#733,.F.);
#722 = FACE_BOUND('',#723,.F.);
#723 = EDGE_LOOP('',(#724,#725,#731,#732));
#724 = ORIENTED_EDGE('',*,*,#182,.F.);
#725 = ORIENTED_EDGE('',*,*,#726,.T.);
#726 = EDGE_CURVE('',#175,#496,#727,.T.);
#727 = LINE('',#728,#729);
#728 = CARTESIAN_POINT('',(182.8,145.,-6.));
#729 = VECTOR('',#730,1.);
#730 = DIRECTION('',(-1.,-2.22044604925E-16,0.));
#731 = ORIENTED_EDGE('',*,*,#503,.F.);
#732 = ORIENTED_EDGE('',*,*,#708,.F.);
#733 = PLANE('',#734);
#734 = AXIS2_PLACEMENT_3D('',#735,#736,#737);
#735 = CARTESIAN_POINT('',(182.8,145.,-6.));
#736 = DIRECTION('',(-2.22044604925E-16,1.,0.));
#737 = DIRECTION('',(0.,0.,1.));
#738 = ADVANCED_FACE('',(#739),#750,.T.);
#739 = FACE_BOUND('',#740,.T.);
#740 = EDGE_LOOP('',(#741,#747,#748,#749));
#741 = ORIENTED_EDGE('',*,*,#742,.F.);
#742 = EDGE_CURVE('',#166,#488,#743,.T.);
#743 = LINE('',#744,#745);
#744 = CARTESIAN_POINT('',(182.8,139.,-6.));
#745 = VECTOR('',#746,1.);
#746 = DIRECTION('',(-1.,-2.22044604925E-16,0.));
#747 = ORIENTED_EDGE('',*,*,#174,.T.);
#748 = ORIENTED_EDGE('',*,*,#726,.T.);
#749 = ORIENTED_EDGE('',*,*,#495,.F.);
#750 = PLANE('',#751);
#751 = AXIS2_PLACEMENT_3D('',#752,#753,#754);
#752 = CARTESIAN_POINT('',(182.8,139.,-6.));
#753 = DIRECTION('',(0.,0.,1.));
#754 = DIRECTION('',(-2.22044604925E-16,1.,0.));
#755 = ADVANCED_FACE('',(#756),#762,.T.);
#756 = FACE_BOUND('',#757,.T.);
#757 = EDGE_LOOP('',(#758,#759,#760,#761));
#758 = ORIENTED_EDGE('',*,*,#165,.F.);
#759 = ORIENTED_EDGE('',*,*,#742,.T.);
#760 = ORIENTED_EDGE('',*,*,#487,.F.);
#761 = ORIENTED_EDGE('',*,*,#446,.F.);
#762 = PLANE('',#763);
#763 = AXIS2_PLACEMENT_3D('',#764,#765,#766);
#764 = CARTESIAN_POINT('',(182.8,139.,-6.));
#765 = DIRECTION('',(-2.22044604925E-16,1.,0.));
#766 = DIRECTION('',(0.,0.,1.));
#767 = ADVANCED_FACE('',(#768),#784,.T.);
#768 = FACE_BOUND('',#769,.T.);
#769 = EDGE_LOOP('',(#770,#776,#777,#783));
#770 = ORIENTED_EDGE('',*,*,#771,.F.);
#771 = EDGE_CURVE('',#403,#243,#772,.T.);
#772 = LINE('',#773,#774);
#773 = CARTESIAN_POINT('',(195.5,199.1156,-25.));
#774 = VECTOR('',#775,1.);
#775 = DIRECTION('',(0.,0.,1.));
#776 = ORIENTED_EDGE('',*,*,#413,.T.);
#777 = ORIENTED_EDGE('',*,*,#778,.T.);
#778 = EDGE_CURVE('',#414,#245,#779,.T.);
#779 = LINE('',#780,#781);
#780 = CARTESIAN_POINT('',(185.,199.1156,-25.));
#781 = VECTOR('',#782,1.);
#782 = DIRECTION('',(0.,0.,1.));
#783 = ORIENTED_EDGE('',*,*,#242,.F.);
#784 = PLANE('',#785);
#785 = AXIS2_PLACEMENT_3D('',#786,#787,#788);
#786 = CARTESIAN_POINT('',(195.5,199.1156,-25.));
#787 = DIRECTION('',(-2.22044604925E-16,1.,0.));
#788 = DIRECTION('',(0.,0.,1.));
#789 = ADVANCED_FACE('',(#790),#801,.F.);
#790 = FACE_BOUND('',#791,.F.);
#791 = EDGE_LOOP('',(#792,#793,#799,#800));
#792 = ORIENTED_EDGE('',*,*,#402,.T.);
#793 = ORIENTED_EDGE('',*,*,#794,.T.);
#794 = EDGE_CURVE('',#405,#254,#795,.T.);
#795 = LINE('',#796,#797);
#796 = CARTESIAN_POINT('',(195.5,203.4844,-25.));
#797 = VECTOR('',#798,1.);
#798 = DIRECTION('',(0.,0.,1.));
#799 = ORIENTED_EDGE('',*,*,#253,.F.);
#800 = ORIENTED_EDGE('',*,*,#771,.F.);
#801 = CYLINDRICAL_SURFACE('',#802,2.1844);
#802 = AXIS2_PLACEMENT_3D('',#803,#804,#805);
#803 = CARTESIAN_POINT('',(195.5,201.3,-25.));
#804 = DIRECTION('',(0.,0.,1.));
#805 = DIRECTION('',(-2.22044604925E-16,1.,0.));
#806 = ADVANCED_FACE('',(#807),#818,.F.);
#807 = FACE_BOUND('',#808,.F.);
#808 = EDGE_LOOP('',(#809,#810,#816,#817));
#809 = ORIENTED_EDGE('',*,*,#311,.F.);
#810 = ORIENTED_EDGE('',*,*,#811,.F.);
#811 = EDGE_CURVE('',#422,#303,#812,.T.);
#812 = LINE('',#813,#814);
#813 = CARTESIAN_POINT('',(185.,203.4844,-25.));
#814 = VECTOR('',#815,1.);
#815 = DIRECTION('',(0.,0.,1.));
#816 = ORIENTED_EDGE('',*,*,#421,.T.);
#817 = ORIENTED_EDGE('',*,*,#778,.T.);
#818 = CYLINDRICAL_SURFACE('',#819,2.1844);
#819 = AXIS2_PLACEMENT_3D('',#820,#821,#822);
#820 = CARTESIAN_POINT('',(185.,201.3,-25.));
#821 = DIRECTION('',(0.,0.,1.));
#822 = DIRECTION('',(-2.22044604925E-16,1.,0.));
#823 = ADVANCED_FACE('',(#824),#830,.F.);
#824 = FACE_BOUND('',#825,.F.);
#825 = EDGE_LOOP('',(#826,#827,#828,#829));
#826 = ORIENTED_EDGE('',*,*,#794,.F.);
#827 = ORIENTED_EDGE('',*,*,#430,.T.);
#828 = ORIENTED_EDGE('',*,*,#811,.T.);
#829 = ORIENTED_EDGE('',*,*,#302,.F.);
#830 = PLANE('',#831);
#831 = AXIS2_PLACEMENT_3D('',#832,#833,#834);
#832 = CARTESIAN_POINT('',(195.5,203.4844,-25.));
#833 = DIRECTION('',(-2.22044604925E-16,1.,0.));
#834 = DIRECTION('',(0.,0.,1.));
#835 = ADVANCED_FACE('',(#836),#839,.F.);
#836 = FACE_BOUND('',#837,.F.);
#837 = EDGE_LOOP('',(#838));
#838 = ORIENTED_EDGE('',*,*,#549,.T.);
#839 = PLANE('',#840);
#840 = AXIS2_PLACEMENT_3D('',#841,#842,#843);
#841 = CARTESIAN_POINT('',(179.,140.,-17.));
#842 = DIRECTION('',(-2.22044604925E-16,1.,0.));
#843 = DIRECTION('',(0.,0.,1.));
#844 = ADVANCED_FACE('',(#845),#848,.F.);
#845 = FACE_BOUND('',#846,.F.);
#846 = EDGE_LOOP('',(#847));
#847 = ORIENTED_EDGE('',*,*,#574,.T.);
#848 = PLANE('',#849);
#849 = AXIS2_PLACEMENT_3D('',#850,#851,#852);
#850 = CARTESIAN_POINT('',(210.5,140.,-17.));
#851 = DIRECTION('',(-2.22044604925E-16,1.,0.));
#852 = DIRECTION('',(0.,0.,1.));
#853 = ADVANCED_FACE('',(#854),#873,.F.);
#854 = FACE_BOUND('',#855,.F.);
#855 = EDGE_LOOP('',(#856,#865,#871,#872));
#856 = ORIENTED_EDGE('',*,*,#857,.F.);
#857 = EDGE_CURVE('',#858,#858,#860,.T.);
#858 = VERTEX_POINT('',#859);
#859 = CARTESIAN_POINT('',(179.,190.,-18.7272));
#860 = CIRCLE('',#861,1.7272);
#861 = AXIS2_PLACEMENT_3D('',#862,#863,#864);
#862 = CARTESIAN_POINT('',(179.,190.,-17.));
#863 = DIRECTION('',(2.22044604925E-16,-1.,-0.));
#864 = DIRECTION('',(-0.,0.,-1.));
#865 = ORIENTED_EDGE('',*,*,#866,.F.);
#866 = EDGE_CURVE('',#613,#858,#867,.T.);
#867 = LINE('',#868,#869);
#868 = CARTESIAN_POINT('',(179.,206.,-18.7272));
#869 = VECTOR('',#870,1.);
#870 = DIRECTION('',(2.22044604925E-16,-1.,0.));
#871 = ORIENTED_EDGE('',*,*,#612,.T.);
#872 = ORIENTED_EDGE('',*,*,#866,.T.);
#873 = CYLINDRICAL_SURFACE('',#874,1.7272);
#874 = AXIS2_PLACEMENT_3D('',#875,#876,#877);
#875 = CARTESIAN_POINT('',(179.,206.,-17.));
#876 = DIRECTION('',(2.22044604925E-16,-1.,0.));
#877 = DIRECTION('',(-0.,0.,-1.));
#878 = ADVANCED_FACE('',(#879),#898,.F.);
#879 = FACE_BOUND('',#880,.F.);
#880 = EDGE_LOOP('',(#881,#890,#896,#897));
#881 = ORIENTED_EDGE('',*,*,#882,.F.);
#882 = EDGE_CURVE('',#883,#883,#885,.T.);
#883 = VERTEX_POINT('',#884);
#884 = CARTESIAN_POINT('',(210.5,190.,-18.7272));
#885 = CIRCLE('',#886,1.7272);
#886 = AXIS2_PLACEMENT_3D('',#887,#888,#889);
#887 = CARTESIAN_POINT('',(210.5,190.,-17.));
#888 = DIRECTION('',(2.22044604925E-16,-1.,-0.));
#889 = DIRECTION('',(-0.,0.,-1.));
#890 = ORIENTED_EDGE('',*,*,#891,.F.);
#891 = EDGE_CURVE('',#624,#883,#892,.T.);
#892 = LINE('',#893,#894);
#893 = CARTESIAN_POINT('',(210.5,206.,-18.7272));
#894 = VECTOR('',#895,1.);
#895 = DIRECTION('',(2.22044604925E-16,-1.,0.));
#896 = ORIENTED_EDGE('',*,*,#623,.T.);
#897 = ORIENTED_EDGE('',*,*,#891,.T.);
#898 = CYLINDRICAL_SURFACE('',#899,1.7272);
#899 = AXIS2_PLACEMENT_3D('',#900,#901,#902);
#900 = CARTESIAN_POINT('',(210.5,206.,-17.));
#901 = DIRECTION('',(2.22044604925E-16,-1.,0.));
#902 = DIRECTION('',(-0.,0.,-1.));
#903 = ADVANCED_FACE('',(#904),#907,.F.);
#904 = FACE_BOUND('',#905,.F.);
#905 = EDGE_LOOP('',(#906));
#906 = ORIENTED_EDGE('',*,*,#857,.T.);
#907 = PLANE('',#908);
#908 = AXIS2_PLACEMENT_3D('',#909,#910,#911);
#909 = CARTESIAN_POINT('',(179.,190.,-17.));
#910 = DIRECTION('',(2.22044604925E-16,-1.,0.));
#911 = DIRECTION('',(-0.,0.,-1.));
#912 = ADVANCED_FACE('',(#913),#916,.F.);
#913 = FACE_BOUND('',#914,.F.);
#914 = EDGE_LOOP('',(#915));
#915 = ORIENTED_EDGE('',*,*,#882,.T.);
#916 = PLANE('',#917);
#917 = AXIS2_PLACEMENT_3D('',#918,#919,#920);
#918 = CARTESIAN_POINT('',(210.5,190.,-17.));
#919 = DIRECTION('',(2.22044604925E-16,-1.,0.));
#920 = DIRECTION('',(-0.,0.,-1.));
#921 = MANIFOLD_SOLID_BREP('',#922);
#922 = CLOSED_SHELL('',(#923,#1011,#1078,#1134,#1158,#1182,#1206,#1231,
    #1256,#1314,#1346,#1370,#1395,#1412,#1437,#1461,#1486,#1503,#1512,
    #1521,#1546,#1571,#1619,#1701,#1726,#1809,#1827,#1836,#1845));
#923 = ADVANCED_FACE('',(#924,#984,#995),#1006,.F.);
#924 = FACE_BOUND('',#925,.F.);
#925 = EDGE_LOOP('',(#926,#936,#944,#952,#961,#970,#978));
#926 = ORIENTED_EDGE('',*,*,#927,.F.);
#927 = EDGE_CURVE('',#928,#930,#932,.T.);
#928 = VERTEX_POINT('',#929);
#929 = CARTESIAN_POINT('',(216.2,124.,24.));
#930 = VERTEX_POINT('',#931);
#931 = CARTESIAN_POINT('',(172.3,124.,24.));
#932 = LINE('',#933,#934);
#933 = CARTESIAN_POINT('',(216.2,124.,24.));
#934 = VECTOR('',#935,1.);
#935 = DIRECTION('',(-1.,-2.22044604925E-16,0.));
#936 = ORIENTED_EDGE('',*,*,#937,.F.);
#937 = EDGE_CURVE('',#938,#928,#940,.T.);
#938 = VERTEX_POINT('',#939);
#939 = CARTESIAN_POINT('',(216.2,124.,0.));
#940 = LINE('',#941,#942);
#941 = CARTESIAN_POINT('',(216.2,124.,0.));
#942 = VECTOR('',#943,1.);
#943 = DIRECTION('',(0.,0.,1.));
#944 = ORIENTED_EDGE('',*,*,#945,.T.);
#945 = EDGE_CURVE('',#938,#946,#948,.T.);
#946 = VERTEX_POINT('',#947);
#947 = CARTESIAN_POINT('',(211.2,124.,0.));
#948 = LINE('',#949,#950);
#949 = CARTESIAN_POINT('',(216.2,124.,0.));
#950 = VECTOR('',#951,1.);
#951 = DIRECTION('',(-1.,-2.22044604925E-16,0.));
#952 = ORIENTED_EDGE('',*,*,#953,.F.);
#953 = EDGE_CURVE('',#954,#946,#956,.T.);
#954 = VERTEX_POINT('',#955);
#955 = CARTESIAN_POINT('',(196.,124.,15.2));
#956 = CIRCLE('',#957,15.2);
#957 = AXIS2_PLACEMENT_3D('',#958,#959,#960);
#958 = CARTESIAN_POINT('',(196.,124.,0.));
#959 = DIRECTION('',(-2.22044604925E-16,1.,0.));
#960 = DIRECTION('',(0.,0.,1.));
#961 = ORIENTED_EDGE('',*,*,#962,.F.);
#962 = EDGE_CURVE('',#963,#954,#965,.T.);
#963 = VERTEX_POINT('',#964);
#964 = CARTESIAN_POINT('',(180.8,124.,0.));
#965 = CIRCLE('',#966,15.2);
#966 = AXIS2_PLACEMENT_3D('',#967,#968,#969);
#967 = CARTESIAN_POINT('',(196.,124.,0.));
#968 = DIRECTION('',(-2.22044604925E-16,1.,0.));
#969 = DIRECTION('',(0.,0.,1.));
#970 = ORIENTED_EDGE('',*,*,#971,.T.);
#971 = EDGE_CURVE('',#963,#972,#974,.T.);
#972 = VERTEX_POINT('',#973);
#973 = CARTESIAN_POINT('',(172.3,124.,0.));
#974 = LINE('',#975,#976);
#975 = CARTESIAN_POINT('',(216.2,124.,0.));
#976 = VECTOR('',#977,1.);
#977 = DIRECTION('',(-1.,-2.22044604925E-16,0.));
#978 = ORIENTED_EDGE('',*,*,#979,.T.);
#979 = EDGE_CURVE('',#972,#930,#980,.T.);
#980 = LINE('',#981,#982);
#981 = CARTESIAN_POINT('',(172.3,124.,0.));
#982 = VECTOR('',#983,1.);
#983 = DIRECTION('',(0.,0.,1.));
#984 = FACE_BOUND('',#985,.F.);
#985 = EDGE_LOOP('',(#986));
#986 = ORIENTED_EDGE('',*,*,#987,.F.);
#987 = EDGE_CURVE('',#988,#988,#990,.T.);
#988 = VERTEX_POINT('',#989);
#989 = CARTESIAN_POINT('',(179.,124.,18.7272));
#990 = CIRCLE('',#991,1.7272);
#991 = AXIS2_PLACEMENT_3D('',#992,#993,#994);
#992 = CARTESIAN_POINT('',(179.,124.,17.));
#993 = DIRECTION('',(-2.22044604925E-16,1.,0.));
#994 = DIRECTION('',(0.,0.,1.));
#995 = FACE_BOUND('',#996,.F.);
#996 = EDGE_LOOP('',(#997));
#997 = ORIENTED_EDGE('',*,*,#998,.F.);
#998 = EDGE_CURVE('',#999,#999,#1001,.T.);
#999 = VERTEX_POINT('',#1000);
#1000 = CARTESIAN_POINT('',(210.5,124.,18.7272));
#1001 = CIRCLE('',#1002,1.7272);
#1002 = AXIS2_PLACEMENT_3D('',#1003,#1004,#1005);
#1003 = CARTESIAN_POINT('',(210.5,124.,17.));
#1004 = DIRECTION('',(-2.22044604925E-16,1.,0.));
#1005 = DIRECTION('',(0.,0.,1.));
#1006 = PLANE('',#1007);
#1007 = AXIS2_PLACEMENT_3D('',#1008,#1009,#1010);
#1008 = CARTESIAN_POINT('',(216.2,124.,0.));
#1009 = DIRECTION('',(-2.22044604925E-16,1.,0.));
#1010 = DIRECTION('',(0.,0.,1.));
#1011 = ADVANCED_FACE('',(#1012,#1037),#1073,.T.);
#1012 = FACE_BOUND('',#1013,.T.);
#1013 = EDGE_LOOP('',(#1014,#1015,#1023,#1031));
#1014 = ORIENTED_EDGE('',*,*,#927,.F.);
#1015 = ORIENTED_EDGE('',*,*,#1016,.T.);
#1016 = EDGE_CURVE('',#928,#1017,#1019,.T.);
#1017 = VERTEX_POINT('',#1018);
#1018 = CARTESIAN_POINT('',(216.2,206.,24.));
#1019 = LINE('',#1020,#1021);
#1020 = CARTESIAN_POINT('',(216.2,124.,24.));
#1021 = VECTOR('',#1022,1.);
#1022 = DIRECTION('',(-2.22044604925E-16,1.,0.));
#1023 = ORIENTED_EDGE('',*,*,#1024,.T.);
#1024 = EDGE_CURVE('',#1017,#1025,#1027,.T.);
#1025 = VERTEX_POINT('',#1026);
#1026 = CARTESIAN_POINT('',(172.3,206.,24.));
#1027 = LINE('',#1028,#1029);
#1028 = CARTESIAN_POINT('',(216.2,206.,24.));
#1029 = VECTOR('',#1030,1.);
#1030 = DIRECTION('',(-1.,-2.22044604925E-16,0.));
#1031 = ORIENTED_EDGE('',*,*,#1032,.F.);
#1032 = EDGE_CURVE('',#930,#1025,#1033,.T.);
#1033 = LINE('',#1034,#1035);
#1034 = CARTESIAN_POINT('',(172.3,124.,24.));
#1035 = VECTOR('',#1036,1.);
#1036 = DIRECTION('',(-2.22044604925E-16,1.,0.));
#1037 = FACE_BOUND('',#1038,.T.);
#1038 = EDGE_LOOP('',(#1039,#1050,#1058,#1067));
#1039 = ORIENTED_EDGE('',*,*,#1040,.F.);
#1040 = EDGE_CURVE('',#1041,#1043,#1045,.T.);
#1041 = VERTEX_POINT('',#1042);
#1042 = CARTESIAN_POINT('',(195.5,197.05,24.));
#1043 = VERTEX_POINT('',#1044);
#1044 = CARTESIAN_POINT('',(195.5,205.55,24.));
#1045 = CIRCLE('',#1046,4.25);
#1046 = AXIS2_PLACEMENT_3D('',#1047,#1048,#1049);
#1047 = CARTESIAN_POINT('',(195.5,201.3,24.));
#1048 = DIRECTION('',(0.,0.,1.));
#1049 = DIRECTION('',(-2.22044604925E-16,1.,0.));
#1050 = ORIENTED_EDGE('',*,*,#1051,.T.);
#1051 = EDGE_CURVE('',#1041,#1052,#1054,.T.);
#1052 = VERTEX_POINT('',#1053);
#1053 = CARTESIAN_POINT('',(185.,197.05,24.));
#1054 = LINE('',#1055,#1056);
#1055 = CARTESIAN_POINT('',(205.85,197.05,24.));
#1056 = VECTOR('',#1057,1.);
#1057 = DIRECTION('',(-1.,-2.22044604925E-16,0.));
#1058 = ORIENTED_EDGE('',*,*,#1059,.F.);
#1059 = EDGE_CURVE('',#1060,#1052,#1062,.T.);
#1060 = VERTEX_POINT('',#1061);
#1061 = CARTESIAN_POINT('',(185.,205.55,24.));
#1062 = CIRCLE('',#1063,4.25);
#1063 = AXIS2_PLACEMENT_3D('',#1064,#1065,#1066);
#1064 = CARTESIAN_POINT('',(185.,201.3,24.));
#1065 = DIRECTION('',(0.,0.,1.));
#1066 = DIRECTION('',(-2.22044604925E-16,1.,0.));
#1067 = ORIENTED_EDGE('',*,*,#1068,.F.);
#1068 = EDGE_CURVE('',#1043,#1060,#1069,.T.);
#1069 = LINE('',#1070,#1071);
#1070 = CARTESIAN_POINT('',(205.85,205.55,24.));
#1071 = VECTOR('',#1072,1.);
#1072 = DIRECTION('',(-1.,-2.22044604925E-16,0.));
#1073 = PLANE('',#1074);
#1074 = AXIS2_PLACEMENT_3D('',#1075,#1076,#1077);
#1075 = CARTESIAN_POINT('',(216.2,124.,24.));
#1076 = DIRECTION('',(0.,0.,1.));
#1077 = DIRECTION('',(-2.22044604925E-16,1.,0.));
#1078 = ADVANCED_FACE('',(#1079),#1129,.T.);
#1079 = FACE_BOUND('',#1080,.T.);
#1080 = EDGE_LOOP('',(#1081,#1089,#1090,#1091,#1099,#1107,#1115,#1123));
#1081 = ORIENTED_EDGE('',*,*,#1082,.F.);
#1082 = EDGE_CURVE('',#972,#1083,#1085,.T.);
#1083 = VERTEX_POINT('',#1084);
#1084 = CARTESIAN_POINT('',(172.3,156.,0.));
#1085 = LINE('',#1086,#1087);
#1086 = CARTESIAN_POINT('',(172.3,124.,0.));
#1087 = VECTOR('',#1088,1.);
#1088 = DIRECTION('',(-2.22044604925E-16,1.,0.));
#1089 = ORIENTED_EDGE('',*,*,#979,.T.);
#1090 = ORIENTED_EDGE('',*,*,#1032,.T.);
#1091 = ORIENTED_EDGE('',*,*,#1092,.F.);
#1092 = EDGE_CURVE('',#1093,#1025,#1095,.T.);
#1093 = VERTEX_POINT('',#1094);
#1094 = CARTESIAN_POINT('',(172.3,206.,0.));
#1095 = LINE('',#1096,#1097);
#1096 = CARTESIAN_POINT('',(172.3,206.,0.));
#1097 = VECTOR('',#1098,1.);
#1098 = DIRECTION('',(0.,0.,1.));
#1099 = ORIENTED_EDGE('',*,*,#1100,.F.);
#1100 = EDGE_CURVE('',#1101,#1093,#1103,.T.);
#1101 = VERTEX_POINT('',#1102);
#1102 = CARTESIAN_POINT('',(172.3,168.,0.));
#1103 = LINE('',#1104,#1105);
#1104 = CARTESIAN_POINT('',(172.3,124.,0.));
#1105 = VECTOR('',#1106,1.);
#1106 = DIRECTION('',(-2.22044604925E-16,1.,0.));
#1107 = ORIENTED_EDGE('',*,*,#1108,.F.);
#1108 = EDGE_CURVE('',#1109,#1101,#1111,.T.);
#1109 = VERTEX_POINT('',#1110);
#1110 = CARTESIAN_POINT('',(172.3,168.,5.));
#1111 = LINE('',#1112,#1113);
#1112 = CARTESIAN_POINT('',(172.3,168.,-0.5));
#1113 = VECTOR('',#1114,1.);
#1114 = DIRECTION('',(0.,-0.,-1.));
#1115 = ORIENTED_EDGE('',*,*,#1116,.F.);
#1116 = EDGE_CURVE('',#1117,#1109,#1119,.T.);
#1117 = VERTEX_POINT('',#1118);
#1118 = CARTESIAN_POINT('',(172.3,156.,5.));
#1119 = LINE('',#1120,#1121);
#1120 = CARTESIAN_POINT('',(172.3,140.,5.));
#1121 = VECTOR('',#1122,1.);
#1122 = DIRECTION('',(-2.22044604925E-16,1.,0.));
#1123 = ORIENTED_EDGE('',*,*,#1124,.T.);
#1124 = EDGE_CURVE('',#1117,#1083,#1125,.T.);
#1125 = LINE('',#1126,#1127);
#1126 = CARTESIAN_POINT('',(172.3,156.,-0.5));
#1127 = VECTOR('',#1128,1.);
#1128 = DIRECTION('',(0.,-0.,-1.));
#1129 = PLANE('',#1130);
#1130 = AXIS2_PLACEMENT_3D('',#1131,#1132,#1133);
#1131 = CARTESIAN_POINT('',(172.3,124.,0.));
#1132 = DIRECTION('',(-1.,-2.22044604925E-16,0.));
#1133 = DIRECTION('',(0.,0.,1.));
#1134 = ADVANCED_FACE('',(#1135),#1153,.F.);
#1135 = FACE_BOUND('',#1136,.F.);
#1136 = EDGE_LOOP('',(#1137,#1145,#1146,#1147));
#1137 = ORIENTED_EDGE('',*,*,#1138,.F.);
#1138 = EDGE_CURVE('',#938,#1139,#1141,.T.);
#1139 = VERTEX_POINT('',#1140);
#1140 = CARTESIAN_POINT('',(216.2,206.,0.));
#1141 = LINE('',#1142,#1143);
#1142 = CARTESIAN_POINT('',(216.2,124.,0.));
#1143 = VECTOR('',#1144,1.);
#1144 = DIRECTION('',(-2.22044604925E-16,1.,0.));
#1145 = ORIENTED_EDGE('',*,*,#937,.T.);
#1146 = ORIENTED_EDGE('',*,*,#1016,.T.);
#1147 = ORIENTED_EDGE('',*,*,#1148,.F.);
#1148 = EDGE_CURVE('',#1139,#1017,#1149,.T.);
#1149 = LINE('',#1150,#1151);
#1150 = CARTESIAN_POINT('',(216.2,206.,0.));
#1151 = VECTOR('',#1152,1.);
#1152 = DIRECTION('',(0.,0.,1.));
#1153 = PLANE('',#1154);
#1154 = AXIS2_PLACEMENT_3D('',#1155,#1156,#1157);
#1155 = CARTESIAN_POINT('',(216.2,124.,0.));
#1156 = DIRECTION('',(-1.,-2.22044604925E-16,0.));
#1157 = DIRECTION('',(0.,0.,1.));
#1158 = ADVANCED_FACE('',(#1159),#1177,.F.);
#1159 = FACE_BOUND('',#1160,.F.);
#1160 = EDGE_LOOP('',(#1161,#1162,#1170,#1176));
#1161 = ORIENTED_EDGE('',*,*,#971,.F.);
#1162 = ORIENTED_EDGE('',*,*,#1163,.T.);
#1163 = EDGE_CURVE('',#963,#1164,#1166,.T.);
#1164 = VERTEX_POINT('',#1165);
#1165 = CARTESIAN_POINT('',(180.8,156.,0.));
#1166 = LINE('',#1167,#1168);
#1167 = CARTESIAN_POINT('',(180.8,123.,0.));
#1168 = VECTOR('',#1169,1.);
#1169 = DIRECTION('',(-2.22044604925E-16,1.,0.));
#1170 = ORIENTED_EDGE('',*,*,#1171,.T.);
#1171 = EDGE_CURVE('',#1164,#1083,#1172,.T.);
#1172 = LINE('',#1173,#1174);
#1173 = CARTESIAN_POINT('',(199.5,156.,0.));
#1174 = VECTOR('',#1175,1.);
#1175 = DIRECTION('',(-1.,-2.22044604925E-16,0.));
#1176 = ORIENTED_EDGE('',*,*,#1082,.F.);
#1177 = PLANE('',#1178);
#1178 = AXIS2_PLACEMENT_3D('',#1179,#1180,#1181);
#1179 = CARTESIAN_POINT('',(216.2,124.,0.));
#1180 = DIRECTION('',(0.,0.,1.));
#1181 = DIRECTION('',(-2.22044604925E-16,1.,0.));
#1182 = ADVANCED_FACE('',(#1183),#1201,.F.);
#1183 = FACE_BOUND('',#1184,.F.);
#1184 = EDGE_LOOP('',(#1185,#1186,#1187,#1195));
#1185 = ORIENTED_EDGE('',*,*,#945,.F.);
#1186 = ORIENTED_EDGE('',*,*,#1138,.T.);
#1187 = ORIENTED_EDGE('',*,*,#1188,.T.);
#1188 = EDGE_CURVE('',#1139,#1189,#1191,.T.);
#1189 = VERTEX_POINT('',#1190);
#1190 = CARTESIAN_POINT('',(211.2,206.,0.));
#1191 = LINE('',#1192,#1193);
#1192 = CARTESIAN_POINT('',(216.2,206.,0.));
#1193 = VECTOR('',#1194,1.);
#1194 = DIRECTION('',(-1.,-2.22044604925E-16,0.));
#1195 = ORIENTED_EDGE('',*,*,#1196,.F.);
#1196 = EDGE_CURVE('',#946,#1189,#1197,.T.);
#1197 = LINE('',#1198,#1199);
#1198 = CARTESIAN_POINT('',(211.2,123.,0.));
#1199 = VECTOR('',#1200,1.);
#1200 = DIRECTION('',(-2.22044604925E-16,1.,0.));
#1201 = PLANE('',#1202);
#1202 = AXIS2_PLACEMENT_3D('',#1203,#1204,#1205);
#1203 = CARTESIAN_POINT('',(216.2,124.,0.));
#1204 = DIRECTION('',(0.,0.,1.));
#1205 = DIRECTION('',(-2.22044604925E-16,1.,0.));
#1206 = ADVANCED_FACE('',(#1207),#1226,.F.);
#1207 = FACE_BOUND('',#1208,.F.);
#1208 = EDGE_LOOP('',(#1209,#1218,#1224,#1225));
#1209 = ORIENTED_EDGE('',*,*,#1210,.F.);
#1210 = EDGE_CURVE('',#1211,#1211,#1213,.T.);
#1211 = VERTEX_POINT('',#1212);
#1212 = CARTESIAN_POINT('',(179.,140.,18.7272));
#1213 = CIRCLE('',#1214,1.7272);
#1214 = AXIS2_PLACEMENT_3D('',#1215,#1216,#1217);
#1215 = CARTESIAN_POINT('',(179.,140.,17.));
#1216 = DIRECTION('',(-2.22044604925E-16,1.,0.));
#1217 = DIRECTION('',(0.,0.,1.));
#1218 = ORIENTED_EDGE('',*,*,#1219,.F.);
#1219 = EDGE_CURVE('',#988,#1211,#1220,.T.);
#1220 = LINE('',#1221,#1222);
#1221 = CARTESIAN_POINT('',(179.,124.,18.7272));
#1222 = VECTOR('',#1223,1.);
#1223 = DIRECTION('',(-2.22044604925E-16,1.,0.));
#1224 = ORIENTED_EDGE('',*,*,#987,.T.);
#1225 = ORIENTED_EDGE('',*,*,#1219,.T.);
#1226 = CYLINDRICAL_SURFACE('',#1227,1.7272);
#1227 = AXIS2_PLACEMENT_3D('',#1228,#1229,#1230);
#1228 = CARTESIAN_POINT('',(179.,124.,17.));
#1229 = DIRECTION('',(-2.22044604925E-16,1.,0.));
#1230 = DIRECTION('',(0.,0.,1.));
#1231 = ADVANCED_FACE('',(#1232),#1251,.F.);
#1232 = FACE_BOUND('',#1233,.F.);
#1233 = EDGE_LOOP('',(#1234,#1243,#1249,#1250));
#1234 = ORIENTED_EDGE('',*,*,#1235,.F.);
#1235 = EDGE_CURVE('',#1236,#1236,#1238,.T.);
#1236 = VERTEX_POINT('',#1237);
#1237 = CARTESIAN_POINT('',(210.5,140.,18.7272));
#1238 = CIRCLE('',#1239,1.7272);
#1239 = AXIS2_PLACEMENT_3D('',#1240,#1241,#1242);
#1240 = CARTESIAN_POINT('',(210.5,140.,17.));
#1241 = DIRECTION('',(-2.22044604925E-16,1.,0.));
#1242 = DIRECTION('',(0.,0.,1.));
#1243 = ORIENTED_EDGE('',*,*,#1244,.F.);
#1244 = EDGE_CURVE('',#999,#1236,#1245,.T.);
#1245 = LINE('',#1246,#1247);
#1246 = CARTESIAN_POINT('',(210.5,124.,18.7272));
#1247 = VECTOR('',#1248,1.);
#1248 = DIRECTION('',(-2.22044604925E-16,1.,0.));
#1249 = ORIENTED_EDGE('',*,*,#998,.T.);
#1250 = ORIENTED_EDGE('',*,*,#1244,.T.);
#1251 = CYLINDRICAL_SURFACE('',#1252,1.7272);
#1252 = AXIS2_PLACEMENT_3D('',#1253,#1254,#1255);
#1253 = CARTESIAN_POINT('',(210.5,124.,17.));
#1254 = DIRECTION('',(-2.22044604925E-16,1.,0.));
#1255 = DIRECTION('',(0.,0.,1.));
#1256 = ADVANCED_FACE('',(#1257,#1287,#1298),#1309,.T.);
#1257 = FACE_BOUND('',#1258,.T.);
#1258 = EDGE_LOOP('',(#1259,#1260,#1261,#1262,#1271,#1280,#1286));
#1259 = ORIENTED_EDGE('',*,*,#1024,.F.);
#1260 = ORIENTED_EDGE('',*,*,#1148,.F.);
#1261 = ORIENTED_EDGE('',*,*,#1188,.T.);
#1262 = ORIENTED_EDGE('',*,*,#1263,.F.);
#1263 = EDGE_CURVE('',#1264,#1189,#1266,.T.);
#1264 = VERTEX_POINT('',#1265);
#1265 = CARTESIAN_POINT('',(196.,206.,15.2));
#1266 = CIRCLE('',#1267,15.2);
#1267 = AXIS2_PLACEMENT_3D('',#1268,#1269,#1270);
#1268 = CARTESIAN_POINT('',(196.,206.,0.));
#1269 = DIRECTION('',(-2.22044604925E-16,1.,0.));
#1270 = DIRECTION('',(0.,0.,1.));
#1271 = ORIENTED_EDGE('',*,*,#1272,.F.);
#1272 = EDGE_CURVE('',#1273,#1264,#1275,.T.);
#1273 = VERTEX_POINT('',#1274);
#1274 = CARTESIAN_POINT('',(180.8,206.,0.));
#1275 = CIRCLE('',#1276,15.2);
#1276 = AXIS2_PLACEMENT_3D('',#1277,#1278,#1279);
#1277 = CARTESIAN_POINT('',(196.,206.,0.));
#1278 = DIRECTION('',(-2.22044604925E-16,1.,0.));
#1279 = DIRECTION('',(0.,0.,1.));
#1280 = ORIENTED_EDGE('',*,*,#1281,.T.);
#1281 = EDGE_CURVE('',#1273,#1093,#1282,.T.);
#1282 = LINE('',#1283,#1284);
#1283 = CARTESIAN_POINT('',(216.2,206.,0.));
#1284 = VECTOR('',#1285,1.);
#1285 = DIRECTION('',(-1.,-2.22044604925E-16,0.));
#1286 = ORIENTED_EDGE('',*,*,#1092,.T.);
#1287 = FACE_BOUND('',#1288,.T.);
#1288 = EDGE_LOOP('',(#1289));
#1289 = ORIENTED_EDGE('',*,*,#1290,.T.);
#1290 = EDGE_CURVE('',#1291,#1291,#1293,.T.);
#1291 = VERTEX_POINT('',#1292);
#1292 = CARTESIAN_POINT('',(179.,206.,15.2728));
#1293 = CIRCLE('',#1294,1.7272);
#1294 = AXIS2_PLACEMENT_3D('',#1295,#1296,#1297);
#1295 = CARTESIAN_POINT('',(179.,206.,17.));
#1296 = DIRECTION('',(2.22044604925E-16,-1.,-0.));
#1297 = DIRECTION('',(-0.,0.,-1.));
#1298 = FACE_BOUND('',#1299,.T.);
#1299 = EDGE_LOOP('',(#1300));
#1300 = ORIENTED_EDGE('',*,*,#1301,.T.);
#1301 = EDGE_CURVE('',#1302,#1302,#1304,.T.);
#1302 = VERTEX_POINT('',#1303);
#1303 = CARTESIAN_POINT('',(210.5,206.,15.2728));
#1304 = CIRCLE('',#1305,1.7272);
#1305 = AXIS2_PLACEMENT_3D('',#1306,#1307,#1308);
#1306 = CARTESIAN_POINT('',(210.5,206.,17.));
#1307 = DIRECTION('',(2.22044604925E-16,-1.,-0.));
#1308 = DIRECTION('',(-0.,0.,-1.));
#1309 = PLANE('',#1310);
#1310 = AXIS2_PLACEMENT_3D('',#1311,#1312,#1313);
#1311 = CARTESIAN_POINT('',(216.2,206.,0.));
#1312 = DIRECTION('',(-2.22044604925E-16,1.,0.));
#1313 = DIRECTION('',(0.,0.,1.));
#1314 = ADVANCED_FACE('',(#1315),#1341,.F.);
#1315 = FACE_BOUND('',#1316,.F.);
#1316 = EDGE_LOOP('',(#1317,#1328,#1334,#1335));
#1317 = ORIENTED_EDGE('',*,*,#1318,.T.);
#1318 = EDGE_CURVE('',#1319,#1321,#1323,.T.);
#1319 = VERTEX_POINT('',#1320);
#1320 = CARTESIAN_POINT('',(195.5,197.05,19.));
#1321 = VERTEX_POINT('',#1322);
#1322 = CARTESIAN_POINT('',(195.5,205.55,19.));
#1323 = CIRCLE('',#1324,4.25);
#1324 = AXIS2_PLACEMENT_3D('',#1325,#1326,#1327);
#1325 = CARTESIAN_POINT('',(195.5,201.3,19.));
#1326 = DIRECTION('',(0.,0.,1.));
#1327 = DIRECTION('',(-2.22044604925E-16,1.,0.));
#1328 = ORIENTED_EDGE('',*,*,#1329,.T.);
#1329 = EDGE_CURVE('',#1321,#1043,#1330,.T.);
#1330 = LINE('',#1331,#1332);
#1331 = CARTESIAN_POINT('',(195.5,205.55,19.));
#1332 = VECTOR('',#1333,1.);
#1333 = DIRECTION('',(0.,0.,1.));
#1334 = ORIENTED_EDGE('',*,*,#1040,.F.);
#1335 = ORIENTED_EDGE('',*,*,#1336,.F.);
#1336 = EDGE_CURVE('',#1319,#1041,#1337,.T.);
#1337 = LINE('',#1338,#1339);
#1338 = CARTESIAN_POINT('',(195.5,197.05,19.));
#1339 = VECTOR('',#1340,1.);
#1340 = DIRECTION('',(0.,0.,1.));
#1341 = CYLINDRICAL_SURFACE('',#1342,4.25);
#1342 = AXIS2_PLACEMENT_3D('',#1343,#1344,#1345);
#1343 = CARTESIAN_POINT('',(195.5,201.3,19.));
#1344 = DIRECTION('',(0.,0.,1.));
#1345 = DIRECTION('',(-2.22044604925E-16,1.,0.));
#1346 = ADVANCED_FACE('',(#1347),#1365,.F.);
#1347 = FACE_BOUND('',#1348,.F.);
#1348 = EDGE_LOOP('',(#1349,#1350,#1358,#1364));
#1349 = ORIENTED_EDGE('',*,*,#1329,.F.);
#1350 = ORIENTED_EDGE('',*,*,#1351,.T.);
#1351 = EDGE_CURVE('',#1321,#1352,#1354,.T.);
#1352 = VERTEX_POINT('',#1353);
#1353 = CARTESIAN_POINT('',(185.,205.55,19.));
#1354 = LINE('',#1355,#1356);
#1355 = CARTESIAN_POINT('',(195.5,205.55,19.));
#1356 = VECTOR('',#1357,1.);
#1357 = DIRECTION('',(-1.,-2.22044604925E-16,0.));
#1358 = ORIENTED_EDGE('',*,*,#1359,.T.);
#1359 = EDGE_CURVE('',#1352,#1060,#1360,.T.);
#1360 = LINE('',#1361,#1362);
#1361 = CARTESIAN_POINT('',(185.,205.55,19.));
#1362 = VECTOR('',#1363,1.);
#1363 = DIRECTION('',(0.,0.,1.));
#1364 = ORIENTED_EDGE('',*,*,#1068,.F.);
#1365 = PLANE('',#1366);
#1366 = AXIS2_PLACEMENT_3D('',#1367,#1368,#1369);
#1367 = CARTESIAN_POINT('',(195.5,205.55,19.));
#1368 = DIRECTION('',(-2.22044604925E-16,1.,0.));
#1369 = DIRECTION('',(0.,0.,1.));
#1370 = ADVANCED_FACE('',(#1371),#1390,.F.);
#1371 = FACE_BOUND('',#1372,.F.);
#1372 = EDGE_LOOP('',(#1373,#1374,#1375,#1384));
#1373 = ORIENTED_EDGE('',*,*,#1059,.F.);
#1374 = ORIENTED_EDGE('',*,*,#1359,.F.);
#1375 = ORIENTED_EDGE('',*,*,#1376,.T.);
#1376 = EDGE_CURVE('',#1352,#1377,#1379,.T.);
#1377 = VERTEX_POINT('',#1378);
#1378 = CARTESIAN_POINT('',(185.,197.05,19.));
#1379 = CIRCLE('',#1380,4.25);
#1380 = AXIS2_PLACEMENT_3D('',#1381,#1382,#1383);
#1381 = CARTESIAN_POINT('',(185.,201.3,19.));
#1382 = DIRECTION('',(0.,0.,1.));
#1383 = DIRECTION('',(-2.22044604925E-16,1.,0.));
#1384 = ORIENTED_EDGE('',*,*,#1385,.T.);
#1385 = EDGE_CURVE('',#1377,#1052,#1386,.T.);
#1386 = LINE('',#1387,#1388);
#1387 = CARTESIAN_POINT('',(185.,197.05,19.));
#1388 = VECTOR('',#1389,1.);
#1389 = DIRECTION('',(0.,0.,1.));
#1390 = CYLINDRICAL_SURFACE('',#1391,4.25);
#1391 = AXIS2_PLACEMENT_3D('',#1392,#1393,#1394);
#1392 = CARTESIAN_POINT('',(185.,201.3,19.));
#1393 = DIRECTION('',(0.,0.,1.));
#1394 = DIRECTION('',(-2.22044604925E-16,1.,0.));
#1395 = ADVANCED_FACE('',(#1396),#1407,.T.);
#1396 = FACE_BOUND('',#1397,.T.);
#1397 = EDGE_LOOP('',(#1398,#1399,#1405,#1406));
#1398 = ORIENTED_EDGE('',*,*,#1336,.F.);
#1399 = ORIENTED_EDGE('',*,*,#1400,.T.);
#1400 = EDGE_CURVE('',#1319,#1377,#1401,.T.);
#1401 = LINE('',#1402,#1403);
#1402 = CARTESIAN_POINT('',(195.5,197.05,19.));
#1403 = VECTOR('',#1404,1.);
#1404 = DIRECTION('',(-1.,-2.22044604925E-16,0.));
#1405 = ORIENTED_EDGE('',*,*,#1385,.T.);
#1406 = ORIENTED_EDGE('',*,*,#1051,.F.);
#1407 = PLANE('',#1408);
#1408 = AXIS2_PLACEMENT_3D('',#1409,#1410,#1411);
#1409 = CARTESIAN_POINT('',(195.5,197.05,19.));
#1410 = DIRECTION('',(-2.22044604925E-16,1.,0.));
#1411 = DIRECTION('',(0.,0.,1.));
#1412 = ADVANCED_FACE('',(#1413),#1432,.T.);
#1413 = FACE_BOUND('',#1414,.T.);
#1414 = EDGE_LOOP('',(#1415,#1423,#1430,#1431));
#1415 = ORIENTED_EDGE('',*,*,#1416,.F.);
#1416 = EDGE_CURVE('',#1417,#1117,#1419,.T.);
#1417 = VERTEX_POINT('',#1418);
#1418 = CARTESIAN_POINT('',(181.6459065072,156.,5.));
#1419 = LINE('',#1420,#1421);
#1420 = CARTESIAN_POINT('',(182.8,156.,5.));
#1421 = VECTOR('',#1422,1.);
#1422 = DIRECTION('',(-1.,-2.22044604925E-16,0.));
#1423 = ORIENTED_EDGE('',*,*,#1424,.F.);
#1424 = EDGE_CURVE('',#1164,#1417,#1425,.T.);
#1425 = CIRCLE('',#1426,15.2);
#1426 = AXIS2_PLACEMENT_3D('',#1427,#1428,#1429);
#1427 = CARTESIAN_POINT('',(196.,156.,0.));
#1428 = DIRECTION('',(-2.22044604925E-16,1.,0.));
#1429 = DIRECTION('',(0.,0.,1.));
#1430 = ORIENTED_EDGE('',*,*,#1171,.T.);
#1431 = ORIENTED_EDGE('',*,*,#1124,.F.);
#1432 = PLANE('',#1433);
#1433 = AXIS2_PLACEMENT_3D('',#1434,#1435,#1436);
#1434 = CARTESIAN_POINT('',(182.8,156.,-1.));
#1435 = DIRECTION('',(-2.22044604925E-16,1.,0.));
#1436 = DIRECTION('',(0.,0.,1.));
#1437 = ADVANCED_FACE('',(#1438),#1456,.F.);
#1438 = FACE_BOUND('',#1439,.F.);
#1439 = EDGE_LOOP('',(#1440,#1441,#1449,#1455));
#1440 = ORIENTED_EDGE('',*,*,#1416,.F.);
#1441 = ORIENTED_EDGE('',*,*,#1442,.T.);
#1442 = EDGE_CURVE('',#1417,#1443,#1445,.T.);
#1443 = VERTEX_POINT('',#1444);
#1444 = CARTESIAN_POINT('',(181.6459065072,168.,5.));
#1445 = LINE('',#1446,#1447);
#1446 = CARTESIAN_POINT('',(181.6459065072,123.,5.));
#1447 = VECTOR('',#1448,1.);
#1448 = DIRECTION('',(-2.22044604925E-16,1.,0.));
#1449 = ORIENTED_EDGE('',*,*,#1450,.T.);
#1450 = EDGE_CURVE('',#1443,#1109,#1451,.T.);
#1451 = LINE('',#1452,#1453);
#1452 = CARTESIAN_POINT('',(182.8,168.,5.));
#1453 = VECTOR('',#1454,1.);
#1454 = DIRECTION('',(-1.,-2.22044604925E-16,0.));
#1455 = ORIENTED_EDGE('',*,*,#1116,.F.);
#1456 = PLANE('',#1457);
#1457 = AXIS2_PLACEMENT_3D('',#1458,#1459,#1460);
#1458 = CARTESIAN_POINT('',(182.8,156.,5.));
#1459 = DIRECTION('',(0.,0.,1.));
#1460 = DIRECTION('',(-2.22044604925E-16,1.,0.));
#1461 = ADVANCED_FACE('',(#1462),#1481,.F.);
#1462 = FACE_BOUND('',#1463,.F.);
#1463 = EDGE_LOOP('',(#1464,#1465,#1474,#1480));
#1464 = ORIENTED_EDGE('',*,*,#1450,.F.);
#1465 = ORIENTED_EDGE('',*,*,#1466,.F.);
#1466 = EDGE_CURVE('',#1467,#1443,#1469,.T.);
#1467 = VERTEX_POINT('',#1468);
#1468 = CARTESIAN_POINT('',(180.8,168.,0.));
#1469 = CIRCLE('',#1470,15.2);
#1470 = AXIS2_PLACEMENT_3D('',#1471,#1472,#1473);
#1471 = CARTESIAN_POINT('',(196.,168.,0.));
#1472 = DIRECTION('',(-2.22044604925E-16,1.,0.));
#1473 = DIRECTION('',(0.,0.,1.));
#1474 = ORIENTED_EDGE('',*,*,#1475,.T.);
#1475 = EDGE_CURVE('',#1467,#1101,#1476,.T.);
#1476 = LINE('',#1477,#1478);
#1477 = CARTESIAN_POINT('',(199.5,168.,0.));
#1478 = VECTOR('',#1479,1.);
#1479 = DIRECTION('',(-1.,-2.22044604925E-16,0.));
#1480 = ORIENTED_EDGE('',*,*,#1108,.F.);
#1481 = PLANE('',#1482);
#1482 = AXIS2_PLACEMENT_3D('',#1483,#1484,#1485);
#1483 = CARTESIAN_POINT('',(182.8,168.,-1.));
#1484 = DIRECTION('',(-2.22044604925E-16,1.,0.));
#1485 = DIRECTION('',(0.,0.,1.));
#1486 = ADVANCED_FACE('',(#1487),#1498,.F.);
#1487 = FACE_BOUND('',#1488,.F.);
#1488 = EDGE_LOOP('',(#1489,#1490,#1496,#1497));
#1489 = ORIENTED_EDGE('',*,*,#1475,.F.);
#1490 = ORIENTED_EDGE('',*,*,#1491,.T.);
#1491 = EDGE_CURVE('',#1467,#1273,#1492,.T.);
#1492 = LINE('',#1493,#1494);
#1493 = CARTESIAN_POINT('',(180.8,123.,0.));
#1494 = VECTOR('',#1495,1.);
#1495 = DIRECTION('',(-2.22044604925E-16,1.,0.));
#1496 = ORIENTED_EDGE('',*,*,#1281,.T.);
#1497 = ORIENTED_EDGE('',*,*,#1100,.F.);
#1498 = PLANE('',#1499);
#1499 = AXIS2_PLACEMENT_3D('',#1500,#1501,#1502);
#1500 = CARTESIAN_POINT('',(216.2,124.,0.));
#1501 = DIRECTION('',(0.,0.,1.));
#1502 = DIRECTION('',(-2.22044604925E-16,1.,0.));
#1503 = ADVANCED_FACE('',(#1504),#1507,.F.);
#1504 = FACE_BOUND('',#1505,.F.);
#1505 = EDGE_LOOP('',(#1506));
#1506 = ORIENTED_EDGE('',*,*,#1210,.T.);
#1507 = PLANE('',#1508);
#1508 = AXIS2_PLACEMENT_3D('',#1509,#1510,#1511);
#1509 = CARTESIAN_POINT('',(179.,140.,17.));
#1510 = DIRECTION('',(-2.22044604925E-16,1.,0.));
#1511 = DIRECTION('',(0.,0.,1.));
#1512 = ADVANCED_FACE('',(#1513),#1516,.F.);
#1513 = FACE_BOUND('',#1514,.F.);
#1514 = EDGE_LOOP('',(#1515));
#1515 = ORIENTED_EDGE('',*,*,#1235,.T.);
#1516 = PLANE('',#1517);
#1517 = AXIS2_PLACEMENT_3D('',#1518,#1519,#1520);
#1518 = CARTESIAN_POINT('',(210.5,140.,17.));
#1519 = DIRECTION('',(-2.22044604925E-16,1.,0.));
#1520 = DIRECTION('',(0.,0.,1.));
#1521 = ADVANCED_FACE('',(#1522),#1541,.F.);
#1522 = FACE_BOUND('',#1523,.F.);
#1523 = EDGE_LOOP('',(#1524,#1533,#1539,#1540));
#1524 = ORIENTED_EDGE('',*,*,#1525,.F.);
#1525 = EDGE_CURVE('',#1526,#1526,#1528,.T.);
#1526 = VERTEX_POINT('',#1527);
#1527 = CARTESIAN_POINT('',(179.,190.,15.2728));
#1528 = CIRCLE('',#1529,1.7272);
#1529 = AXIS2_PLACEMENT_3D('',#1530,#1531,#1532);
#1530 = CARTESIAN_POINT('',(179.,190.,17.));
#1531 = DIRECTION('',(2.22044604925E-16,-1.,-0.));
#1532 = DIRECTION('',(-0.,0.,-1.));
#1533 = ORIENTED_EDGE('',*,*,#1534,.F.);
#1534 = EDGE_CURVE('',#1291,#1526,#1535,.T.);
#1535 = LINE('',#1536,#1537);
#1536 = CARTESIAN_POINT('',(179.,206.,15.2728));
#1537 = VECTOR('',#1538,1.);
#1538 = DIRECTION('',(2.22044604925E-16,-1.,0.));
#1539 = ORIENTED_EDGE('',*,*,#1290,.T.);
#1540 = ORIENTED_EDGE('',*,*,#1534,.T.);
#1541 = CYLINDRICAL_SURFACE('',#1542,1.7272);
#1542 = AXIS2_PLACEMENT_3D('',#1543,#1544,#1545);
#1543 = CARTESIAN_POINT('',(179.,206.,17.));
#1544 = DIRECTION('',(2.22044604925E-16,-1.,0.));
#1545 = DIRECTION('',(-0.,0.,-1.));
#1546 = ADVANCED_FACE('',(#1547),#1566,.F.);
#1547 = FACE_BOUND('',#1548,.F.);
#1548 = EDGE_LOOP('',(#1549,#1558,#1564,#1565));
#1549 = ORIENTED_EDGE('',*,*,#1550,.F.);
#1550 = EDGE_CURVE('',#1551,#1551,#1553,.T.);
#1551 = VERTEX_POINT('',#1552);
#1552 = CARTESIAN_POINT('',(210.5,190.,15.2728));
#1553 = CIRCLE('',#1554,1.7272);
#1554 = AXIS2_PLACEMENT_3D('',#1555,#1556,#1557);
#1555 = CARTESIAN_POINT('',(210.5,190.,17.));
#1556 = DIRECTION('',(2.22044604925E-16,-1.,-0.));
#1557 = DIRECTION('',(-0.,0.,-1.));
#1558 = ORIENTED_EDGE('',*,*,#1559,.F.);
#1559 = EDGE_CURVE('',#1302,#1551,#1560,.T.);
#1560 = LINE('',#1561,#1562);
#1561 = CARTESIAN_POINT('',(210.5,206.,15.2728));
#1562 = VECTOR('',#1563,1.);
#1563 = DIRECTION('',(2.22044604925E-16,-1.,0.));
#1564 = ORIENTED_EDGE('',*,*,#1301,.T.);
#1565 = ORIENTED_EDGE('',*,*,#1559,.T.);
#1566 = CYLINDRICAL_SURFACE('',#1567,1.7272);
#1567 = AXIS2_PLACEMENT_3D('',#1568,#1569,#1570);
#1568 = CARTESIAN_POINT('',(210.5,206.,17.));
#1569 = DIRECTION('',(2.22044604925E-16,-1.,0.));
#1570 = DIRECTION('',(-0.,0.,-1.));
#1571 = ADVANCED_FACE('',(#1572,#1578),#1614,.F.);
#1572 = FACE_BOUND('',#1573,.F.);
#1573 = EDGE_LOOP('',(#1574,#1575,#1576,#1577));
#1574 = ORIENTED_EDGE('',*,*,#1400,.T.);
#1575 = ORIENTED_EDGE('',*,*,#1376,.F.);
#1576 = ORIENTED_EDGE('',*,*,#1351,.F.);
#1577 = ORIENTED_EDGE('',*,*,#1318,.F.);
#1578 = FACE_BOUND('',#1579,.F.);
#1579 = EDGE_LOOP('',(#1580,#1590,#1599,#1607));
#1580 = ORIENTED_EDGE('',*,*,#1581,.F.);
#1581 = EDGE_CURVE('',#1582,#1584,#1586,.T.);
#1582 = VERTEX_POINT('',#1583);
#1583 = CARTESIAN_POINT('',(195.5,199.1156,19.));
#1584 = VERTEX_POINT('',#1585);
#1585 = CARTESIAN_POINT('',(185.,199.1156,19.));
#1586 = LINE('',#1587,#1588);
#1587 = CARTESIAN_POINT('',(192.875,199.1156,19.));
#1588 = VECTOR('',#1589,1.);
#1589 = DIRECTION('',(-1.,-2.22044604925E-16,0.));
#1590 = ORIENTED_EDGE('',*,*,#1591,.T.);
#1591 = EDGE_CURVE('',#1582,#1592,#1594,.T.);
#1592 = VERTEX_POINT('',#1593);
#1593 = CARTESIAN_POINT('',(195.5,203.4844,19.));
#1594 = CIRCLE('',#1595,2.1844);
#1595 = AXIS2_PLACEMENT_3D('',#1596,#1597,#1598);
#1596 = CARTESIAN_POINT('',(195.5,201.3,19.));
#1597 = DIRECTION('',(0.,0.,1.));
#1598 = DIRECTION('',(-2.22044604925E-16,1.,0.));
#1599 = ORIENTED_EDGE('',*,*,#1600,.T.);
#1600 = EDGE_CURVE('',#1592,#1601,#1603,.T.);
#1601 = VERTEX_POINT('',#1602);
#1602 = CARTESIAN_POINT('',(185.,203.4844,19.));
#1603 = LINE('',#1604,#1605);
#1604 = CARTESIAN_POINT('',(192.875,203.4844,19.));
#1605 = VECTOR('',#1606,1.);
#1606 = DIRECTION('',(-1.,-2.22044604925E-16,0.));
#1607 = ORIENTED_EDGE('',*,*,#1608,.T.);
#1608 = EDGE_CURVE('',#1601,#1584,#1609,.T.);
#1609 = CIRCLE('',#1610,2.1844);
#1610 = AXIS2_PLACEMENT_3D('',#1611,#1612,#1613);
#1611 = CARTESIAN_POINT('',(185.,201.3,19.));
#1612 = DIRECTION('',(0.,0.,1.));
#1613 = DIRECTION('',(-2.22044604925E-16,1.,0.));
#1614 = PLANE('',#1615);
#1615 = AXIS2_PLACEMENT_3D('',#1616,#1617,#1618);
#1616 = CARTESIAN_POINT('',(190.25,201.3,19.));
#1617 = DIRECTION('',(0.,0.,-1.));
#1618 = DIRECTION('',(2.22044604925E-16,-1.,0.));
#1619 = ADVANCED_FACE('',(#1620),#1696,.F.);
#1620 = FACE_BOUND('',#1621,.F.);
#1621 = EDGE_LOOP('',(#1622,#1661,#1672,#1678,#1679,#1687));
#1622 = ORIENTED_EDGE('',*,*,#1623,.T.);
#1623 = EDGE_CURVE('',#1624,#1626,#1628,.T.);
#1624 = VERTEX_POINT('',#1625);
#1625 = CARTESIAN_POINT('',(196.,199.17359379233,15.2));
#1626 = VERTEX_POINT('',#1627);
#1627 = CARTESIAN_POINT('',(196.,203.42640620766,15.2));
#1628 = B_SPLINE_CURVE_WITH_KNOTS('',6,(#1629,#1630,#1631,#1632,#1633,
    #1634,#1635,#1636,#1637,#1638,#1639,#1640,#1641,#1642,#1643,#1644,
    #1645,#1646,#1647,#1648,#1649,#1650,#1651,#1652,#1653,#1654,#1655,
    #1656,#1657,#1658,#1659,#1660),.UNSPECIFIED.,.F.,.F.,(7,5,5,5,5,5,7)
  ,(0.,0.134811786085,0.299131372424,0.500003840643,0.699028855425,
    0.863555044581,1.),.UNSPECIFIED.);
#1629 = CARTESIAN_POINT('',(196.,199.17359379233,15.2));
#1630 = CARTESIAN_POINT('',(196.1524640581,199.20944396469,15.2));
#1631 = CARTESIAN_POINT('',(196.2989153003,199.2577236276,
    15.198164760774));
#1632 = CARTESIAN_POINT('',(196.43812099786,199.31714614721,
    15.194766023652));
#1633 = CARTESIAN_POINT('',(196.56906518713,199.38626624082,
    15.190154301668));
#1634 = CARTESIAN_POINT('',(196.69097967638,199.46348498306,
    15.184703329203));
#1635 = CARTESIAN_POINT('',(196.94037169315,199.64891652723,
    15.171503608205));
#1636 = CARTESIAN_POINT('',(197.06370484127,199.76056950518,
    15.163487905111));
#1637 = CARTESIAN_POINT('',(197.17354328753,199.87989625245,
    15.155252146485));
#1638 = CARTESIAN_POINT('',(197.27022720335,200.00522737738,
    15.147227644207));
#1639 = CARTESIAN_POINT('',(197.35415538141,200.135234236,15.13973007687
    ));
#1640 = CARTESIAN_POINT('',(197.51315253066,200.43216164458,
    15.124750768713));
#1641 = CARTESIAN_POINT('',(197.58216407101,200.60098335123,
    15.117637197361));
#1642 = CARTESIAN_POINT('',(197.63341090122,200.77345520394,
    15.112067947802));
#1643 = CARTESIAN_POINT('',(197.66739819995,200.94819784734,
    15.108278417554));
#1644 = CARTESIAN_POINT('',(197.6844,201.12407761439,15.106382645756));
#1645 = CARTESIAN_POINT('',(197.6844,201.47430440172,15.106382645756));
#1646 = CARTESIAN_POINT('',(197.66770950508,201.6485681331,
    15.10824370412));
#1647 = CARTESIAN_POINT('',(197.63434391646,201.82172563268,
    15.111963922683));
#1648 = CARTESIAN_POINT('',(197.58403955426,201.99267385196,
    15.117433327156));
#1649 = CARTESIAN_POINT('',(197.51630961393,202.1600752748,
    15.124425101547));
#1650 = CARTESIAN_POINT('',(197.35956024446,202.45612331673,
    15.139242815407));
#1651 = CARTESIAN_POINT('',(197.27622382741,202.58653711607,
    15.14671815445));
#1652 = CARTESIAN_POINT('',(197.18011915734,202.71231657378,
    15.154734486083));
#1653 = CARTESIAN_POINT('',(197.07084364313,202.83214148818,
    15.162978491913));
#1654 = CARTESIAN_POINT('',(196.94804981761,202.94435016761,
    15.171021219299));
#1655 = CARTESIAN_POINT('',(196.69836241659,203.13182077117,
    15.184371563973));
#1656 = CARTESIAN_POINT('',(196.57540707779,203.21037396707,
    15.189929681209));
#1657 = CARTESIAN_POINT('',(196.44318404251,203.2806848934,
    15.19464150473));
#1658 = CARTESIAN_POINT('',(196.30247610582,203.34109908462,
    15.198119670747));
#1659 = CARTESIAN_POINT('',(196.15432505744,203.39011844268,15.2));
#1660 = CARTESIAN_POINT('',(196.,203.42640620766,15.2));
#1661 = ORIENTED_EDGE('',*,*,#1662,.T.);
#1662 = EDGE_CURVE('',#1626,#1663,#1665,.T.);
#1663 = VERTEX_POINT('',#1664);
#1664 = CARTESIAN_POINT('',(195.5,203.4844,15.191774089947));
#1665 = B_SPLINE_CURVE_WITH_KNOTS('',5,(#1666,#1667,#1668,#1669,#1670,
    #1671),.UNSPECIFIED.,.F.,.F.,(6,6),(0.,1.),
  .PIECEWISE_BEZIER_KNOTS.);
#1666 = CARTESIAN_POINT('',(196.,203.42640620766,15.2));
#1667 = CARTESIAN_POINT('',(195.90313300388,203.44918336937,15.2));
#1668 = CARTESIAN_POINT('',(195.80393586825,203.46668736513,
    15.199228408905));
#1669 = CARTESIAN_POINT('',(195.70315250546,203.478496269,
    15.197610632416));
#1670 = CARTESIAN_POINT('',(195.60157036706,203.4844,15.19511702957));
#1671 = CARTESIAN_POINT('',(195.5,203.4844,15.191774089947));
#1672 = ORIENTED_EDGE('',*,*,#1673,.T.);
#1673 = EDGE_CURVE('',#1663,#1592,#1674,.T.);
#1674 = LINE('',#1675,#1676);
#1675 = CARTESIAN_POINT('',(195.5,203.4844,-1.));
#1676 = VECTOR('',#1677,1.);
#1677 = DIRECTION('',(0.,0.,1.));
#1678 = ORIENTED_EDGE('',*,*,#1591,.F.);
#1679 = ORIENTED_EDGE('',*,*,#1680,.F.);
#1680 = EDGE_CURVE('',#1681,#1582,#1683,.T.);
#1681 = VERTEX_POINT('',#1682);
#1682 = CARTESIAN_POINT('',(195.5,199.1156,15.191774089947));
#1683 = LINE('',#1684,#1685);
#1684 = CARTESIAN_POINT('',(195.5,199.1156,-1.));
#1685 = VECTOR('',#1686,1.);
#1686 = DIRECTION('',(0.,0.,1.));
#1687 = ORIENTED_EDGE('',*,*,#1688,.T.);
#1688 = EDGE_CURVE('',#1681,#1624,#1689,.T.);
#1689 = B_SPLINE_CURVE_WITH_KNOTS('',5,(#1690,#1691,#1692,#1693,#1694,
    #1695),.UNSPECIFIED.,.F.,.F.,(6,6),(0.,1.),
  .PIECEWISE_BEZIER_KNOTS.);
#1690 = CARTESIAN_POINT('',(195.5,199.1156,15.191774089947));
#1691 = CARTESIAN_POINT('',(195.60157215779,199.1156,15.195117088507));
#1692 = CARTESIAN_POINT('',(195.7031534396,199.12150394738,
    15.197610635323));
#1693 = CARTESIAN_POINT('',(195.80393501084,199.13331263726,
    15.199228377922));
#1694 = CARTESIAN_POINT('',(195.90313122582,199.15081621253,15.2));
#1695 = CARTESIAN_POINT('',(196.,199.17359379233,15.2));
#1696 = CYLINDRICAL_SURFACE('',#1697,2.1844);
#1697 = AXIS2_PLACEMENT_3D('',#1698,#1699,#1700);
#1698 = CARTESIAN_POINT('',(195.5,201.3,-1.));
#1699 = DIRECTION('',(0.,0.,1.));
#1700 = DIRECTION('',(-2.22044604925E-16,1.,0.));
#1701 = ADVANCED_FACE('',(#1702),#1721,.F.);
#1702 = FACE_BOUND('',#1703,.F.);
#1703 = EDGE_LOOP('',(#1704,#1705,#1714,#1720));
#1704 = ORIENTED_EDGE('',*,*,#1673,.F.);
#1705 = ORIENTED_EDGE('',*,*,#1706,.F.);
#1706 = EDGE_CURVE('',#1707,#1663,#1709,.T.);
#1707 = VERTEX_POINT('',#1708);
#1708 = CARTESIAN_POINT('',(185.,203.4844,10.489995233555));
#1709 = CIRCLE('',#1710,15.2);
#1710 = AXIS2_PLACEMENT_3D('',#1711,#1712,#1713);
#1711 = CARTESIAN_POINT('',(196.,203.4844,0.));
#1712 = DIRECTION('',(-2.22044604925E-16,1.,0.));
#1713 = DIRECTION('',(0.,0.,1.));
#1714 = ORIENTED_EDGE('',*,*,#1715,.T.);
#1715 = EDGE_CURVE('',#1707,#1601,#1716,.T.);
#1716 = LINE('',#1717,#1718);
#1717 = CARTESIAN_POINT('',(185.,203.4844,-1.));
#1718 = VECTOR('',#1719,1.);
#1719 = DIRECTION('',(0.,0.,1.));
#1720 = ORIENTED_EDGE('',*,*,#1600,.F.);
#1721 = PLANE('',#1722);
#1722 = AXIS2_PLACEMENT_3D('',#1723,#1724,#1725);
#1723 = CARTESIAN_POINT('',(195.5,203.4844,-1.));
#1724 = DIRECTION('',(-2.22044604925E-16,1.,0.));
#1725 = DIRECTION('',(0.,0.,1.));
#1726 = ADVANCED_FACE('',(#1727),#1804,.F.);
#1727 = FACE_BOUND('',#1728,.F.);
#1728 = EDGE_LOOP('',(#1729,#1730,#1731,#1798));
#1729 = ORIENTED_EDGE('',*,*,#1608,.F.);
#1730 = ORIENTED_EDGE('',*,*,#1715,.F.);
#1731 = ORIENTED_EDGE('',*,*,#1732,.T.);
#1732 = EDGE_CURVE('',#1707,#1733,#1735,.T.);
#1733 = VERTEX_POINT('',#1734);
#1734 = CARTESIAN_POINT('',(185.,199.1156,10.489995233555));
#1735 = B_SPLINE_CURVE_WITH_KNOTS('',6,(#1736,#1737,#1738,#1739,#1740,
    #1741,#1742,#1743,#1744,#1745,#1746,#1747,#1748,#1749,#1750,#1751,
    #1752,#1753,#1754,#1755,#1756,#1757,#1758,#1759,#1760,#1761,#1762,
    #1763,#1764,#1765,#1766,#1767,#1768,#1769,#1770,#1771,#1772,#1773,
    #1774,#1775,#1776,#1777,#1778,#1779,#1780,#1781,#1782,#1783,#1784,
    #1785,#1786,#1787,#1788,#1789,#1790,#1791,#1792,#1793,#1794,#1795,
    #1796,#1797),.UNSPECIFIED.,.F.,.F.,(7,5,5,5,5,5,5,5,5,5,5,5,7),(0.,
    0.169807133695,0.308195018751,0.351127144577,0.402779736017,
    0.440821414149,0.500086235246,0.539275402514,0.597328516525,
    0.648773903854,0.691069657923,0.830240935175,1.),.UNSPECIFIED.);
#1736 = CARTESIAN_POINT('',(185.,203.4844,10.489995233555));
#1737 = CARTESIAN_POINT('',(184.80689206042,203.4844,10.28749873207));
#1738 = CARTESIAN_POINT('',(184.61960409107,203.46391407043,
    10.082148390249));
#1739 = CARTESIAN_POINT('',(184.43942235284,203.42525932831,
    9.875528397382));
#1740 = CARTESIAN_POINT('',(184.26701056392,203.37009866911,9.6689691523
    ));
#1741 = CARTESIAN_POINT('',(184.10289079566,203.29954466243,
    9.463809798395));
#1742 = CARTESIAN_POINT('',(183.82114646025,203.14465440332,
    9.097177243221));
#1743 = CARTESIAN_POINT('',(183.70069318896,203.06536887917,
    8.93484642768));
#1744 = CARTESIAN_POINT('',(183.58612995464,202.97646523697,
    8.775153313239));
#1745 = CARTESIAN_POINT('',(183.4775917201,202.87765888893,
    8.618817615297));
#1746 = CARTESIAN_POINT('',(183.37567168998,202.76847881136,
    8.467343540902));
#1747 = CARTESIAN_POINT('',(183.25229095162,202.61124213223,
    8.278813931048));
#1748 = CARTESIAN_POINT('',(183.22380479478,202.57294659864,
    8.234876128768));
#1749 = CARTESIAN_POINT('',(183.19606972666,202.53355341442,
    8.191703574827));
#1750 = CARTESIAN_POINT('',(183.1691188478,202.49303161214,8.14937834374
    ));
#1751 = CARTESIAN_POINT('',(183.1429946427,202.4513511582,8.108000715725
    ));
#1752 = CARTESIAN_POINT('',(183.08737536356,202.35690726565,8.0191894713
    ));
#1753 = CARTESIAN_POINT('',(183.05826569057,202.30359950625,
    7.972220977464));
#1754 = CARTESIAN_POINT('',(183.03051249517,202.2485095761,
    7.926993915068));
#1755 = CARTESIAN_POINT('',(183.00422819283,202.19159287274,
    7.883760548512));
#1756 = CARTESIAN_POINT('',(182.97954520083,202.13281066175,
    7.842815249871));
#1757 = CARTESIAN_POINT('',(182.93972894831,202.02744000694,
    7.776271713378));
#1758 = CARTESIAN_POINT('',(182.92378811525,201.98170663236,
    7.74946403652));
#1759 = CARTESIAN_POINT('',(182.90887160583,201.9349583403,7.72423416009
    ));
#1760 = CARTESIAN_POINT('',(182.89505491555,201.88722381013,
    7.700743867571));
#1761 = CARTESIAN_POINT('',(182.88241219931,201.83853235531,
    7.67915370309));
#1762 = CARTESIAN_POINT('',(182.85326574288,201.71161369535,
    7.629195194952));
#1763 = CARTESIAN_POINT('',(182.83850093672,201.63187995897,
    7.603692362264));
#1764 = CARTESIAN_POINT('',(182.82714075916,201.55029174879,
    7.583952910455));
#1765 = CARTESIAN_POINT('',(182.81945854056,201.4674160162,
    7.570559685851));
#1766 = CARTESIAN_POINT('',(182.8156,201.38380606218,7.563834784023));
#1767 = CARTESIAN_POINT('',(182.8156,201.24458281104,7.563834784023));
#1768 = CARTESIAN_POINT('',(182.81728710794,201.18919383207,
    7.566775461083));
#1769 = CARTESIAN_POINT('',(182.82065801234,201.13401748984,
    7.57265149811));
#1770 = CARTESIAN_POINT('',(182.82568202124,201.07924081901,
    7.581397091685));
#1771 = CARTESIAN_POINT('',(182.83229940374,201.0250531649,
    7.592886426486));
#1772 = CARTESIAN_POINT('',(182.8524488291,200.89253068508,
    7.627743830954));
#1773 = CARTESIAN_POINT('',(182.86775899148,200.81523969381,
    7.654138462142));
#1774 = CARTESIAN_POINT('',(182.88610485598,200.73994952824,
    7.685601366224));
#1775 = CARTESIAN_POINT('',(182.90722707586,200.66683840132,
    7.72156497844));
#1776 = CARTESIAN_POINT('',(182.93083945109,200.59608536485,
    7.761415001716));
#1777 = CARTESIAN_POINT('',(182.97945871966,200.46741820402,
    7.842670716859));
#1778 = CARTESIAN_POINT('',(183.0040420579,200.40885048443,
    7.883451774506));
#1779 = CARTESIAN_POINT('',(183.03021524489,200.35213431535,
    7.926504973868));
#1780 = CARTESIAN_POINT('',(183.05784726078,200.29723147832,
    7.971539064834));
#1781 = CARTESIAN_POINT('',(183.08682677373,200.24409797071,
    8.018304254628));
#1782 = CARTESIAN_POINT('',(183.14191988434,200.15041473626,
    8.106291983969));
#1783 = CARTESIAN_POINT('',(183.16763162701,200.10929921896,
    8.147028917014));
#1784 = CARTESIAN_POINT('',(183.19414751712,200.0693098864,
    8.188689356419));
#1785 = CARTESIAN_POINT('',(183.22142673418,200.0304178844,
    8.231176983524));
#1786 = CARTESIAN_POINT('',(183.24943736723,199.99259342911,
    8.274412757875));
#1787 = CARTESIAN_POINT('',(183.37265447089,199.83475866042,
    8.462857769451));
#1788 = CARTESIAN_POINT('',(183.47502279638,199.72468261158,
    8.615116386709));
#1789 = CARTESIAN_POINT('',(183.58409593719,199.62511502788,
    8.772317382973));
#1790 = CARTESIAN_POINT('',(183.69926540932,199.5355718747,
    8.932921836207));
#1791 = CARTESIAN_POINT('',(183.82039427679,199.45575911303,
    9.096198430483));
#1792 = CARTESIAN_POINT('',(184.10289079566,199.30045533756,
    9.463809798395));
#1793 = CARTESIAN_POINT('',(184.26701056392,199.22990133088,9.6689691523
    ));
#1794 = CARTESIAN_POINT('',(184.43942235284,199.17474067168,
    9.875528397382));
#1795 = CARTESIAN_POINT('',(184.61960409107,199.13608592956,
    10.08214839025));
#1796 = CARTESIAN_POINT('',(184.80689206042,199.1156,10.28749873207));
#1797 = CARTESIAN_POINT('',(185.,199.1156,10.489995233555));
#1798 = ORIENTED_EDGE('',*,*,#1799,.T.);
#1799 = EDGE_CURVE('',#1733,#1584,#1800,.T.);
#1800 = LINE('',#1801,#1802);
#1801 = CARTESIAN_POINT('',(185.,199.1156,-1.));
#1802 = VECTOR('',#1803,1.);
#1803 = DIRECTION('',(0.,0.,1.));
#1804 = CYLINDRICAL_SURFACE('',#1805,2.1844);
#1805 = AXIS2_PLACEMENT_3D('',#1806,#1807,#1808);
#1806 = CARTESIAN_POINT('',(185.,201.3,-1.));
#1807 = DIRECTION('',(0.,0.,1.));
#1808 = DIRECTION('',(-2.22044604925E-16,1.,0.));
#1809 = ADVANCED_FACE('',(#1810),#1822,.T.);
#1810 = FACE_BOUND('',#1811,.T.);
#1811 = EDGE_LOOP('',(#1812,#1813,#1820,#1821));
#1812 = ORIENTED_EDGE('',*,*,#1680,.F.);
#1813 = ORIENTED_EDGE('',*,*,#1814,.F.);
#1814 = EDGE_CURVE('',#1733,#1681,#1815,.T.);
#1815 = CIRCLE('',#1816,15.2);
#1816 = AXIS2_PLACEMENT_3D('',#1817,#1818,#1819);
#1817 = CARTESIAN_POINT('',(196.,199.1156,0.));
#1818 = DIRECTION('',(-2.22044604925E-16,1.,0.));
#1819 = DIRECTION('',(0.,0.,1.));
#1820 = ORIENTED_EDGE('',*,*,#1799,.T.);
#1821 = ORIENTED_EDGE('',*,*,#1581,.F.);
#1822 = PLANE('',#1823);
#1823 = AXIS2_PLACEMENT_3D('',#1824,#1825,#1826);
#1824 = CARTESIAN_POINT('',(195.5,199.1156,-1.));
#1825 = DIRECTION('',(-2.22044604925E-16,1.,0.));
#1826 = DIRECTION('',(0.,0.,1.));
#1827 = ADVANCED_FACE('',(#1828),#1831,.F.);
#1828 = FACE_BOUND('',#1829,.F.);
#1829 = EDGE_LOOP('',(#1830));
#1830 = ORIENTED_EDGE('',*,*,#1525,.T.);
#1831 = PLANE('',#1832);
#1832 = AXIS2_PLACEMENT_3D('',#1833,#1834,#1835);
#1833 = CARTESIAN_POINT('',(179.,190.,17.));
#1834 = DIRECTION('',(2.22044604925E-16,-1.,0.));
#1835 = DIRECTION('',(-0.,0.,-1.));
#1836 = ADVANCED_FACE('',(#1837),#1840,.F.);
#1837 = FACE_BOUND('',#1838,.F.);
#1838 = EDGE_LOOP('',(#1839));
#1839 = ORIENTED_EDGE('',*,*,#1550,.T.);
#1840 = PLANE('',#1841);
#1841 = AXIS2_PLACEMENT_3D('',#1842,#1843,#1844);
#1842 = CARTESIAN_POINT('',(210.5,190.,17.));
#1843 = DIRECTION('',(2.22044604925E-16,-1.,0.));
#1844 = DIRECTION('',(-0.,0.,-1.));
#1845 = ADVANCED_FACE('',(#1846,#1858),#1866,.F.);
#1846 = FACE_BOUND('',#1847,.F.);
#1847 = EDGE_LOOP('',(#1848,#1849,#1850,#1851,#1852,#1853,#1854,#1855,
    #1856,#1857));
#1848 = ORIENTED_EDGE('',*,*,#1196,.T.);
#1849 = ORIENTED_EDGE('',*,*,#1263,.F.);
#1850 = ORIENTED_EDGE('',*,*,#1272,.F.);
#1851 = ORIENTED_EDGE('',*,*,#1491,.F.);
#1852 = ORIENTED_EDGE('',*,*,#1466,.T.);
#1853 = ORIENTED_EDGE('',*,*,#1442,.F.);
#1854 = ORIENTED_EDGE('',*,*,#1424,.F.);
#1855 = ORIENTED_EDGE('',*,*,#1163,.F.);
#1856 = ORIENTED_EDGE('',*,*,#962,.T.);
#1857 = ORIENTED_EDGE('',*,*,#953,.T.);
#1858 = FACE_BOUND('',#1859,.F.);
#1859 = EDGE_LOOP('',(#1860,#1861,#1862,#1863,#1864,#1865));
#1860 = ORIENTED_EDGE('',*,*,#1688,.F.);
#1861 = ORIENTED_EDGE('',*,*,#1814,.F.);
#1862 = ORIENTED_EDGE('',*,*,#1732,.F.);
#1863 = ORIENTED_EDGE('',*,*,#1706,.T.);
#1864 = ORIENTED_EDGE('',*,*,#1662,.F.);
#1865 = ORIENTED_EDGE('',*,*,#1623,.F.);
#1866 = CYLINDRICAL_SURFACE('',#1867,15.2);
#1867 = AXIS2_PLACEMENT_3D('',#1868,#1869,#1870);
#1868 = CARTESIAN_POINT('',(196.,123.,0.));
#1869 = DIRECTION('',(-2.22044604925E-16,1.,0.));
#1870 = DIRECTION('',(0.,0.,1.));
#1871 = MANIFOLD_SOLID_BREP('',#1872);
#1872 = CLOSED_SHELL('',(#1873,#1957,#1988,#2012,#2036,#2053,#2078,#2103
    ,#2128,#2153,#2209,#2229,#2249,#2269,#2289,#2306,#2323,#2340));
#1873 = ADVANCED_FACE('',(#1874,#1908,#1919,#1930,#1941),#1952,.F.);
#1874 = FACE_BOUND('',#1875,.F.);
#1875 = EDGE_LOOP('',(#1876,#1886,#1894,#1902));
#1876 = ORIENTED_EDGE('',*,*,#1877,.F.);
#1877 = EDGE_CURVE('',#1878,#1880,#1882,.T.);
#1878 = VERTEX_POINT('',#1879);
#1879 = CARTESIAN_POINT('',(216.2,206.,-24.));
#1880 = VERTEX_POINT('',#1881);
#1881 = CARTESIAN_POINT('',(216.2,206.,24.));
#1882 = LINE('',#1883,#1884);
#1883 = CARTESIAN_POINT('',(216.2,206.,-24.));
#1884 = VECTOR('',#1885,1.);
#1885 = DIRECTION('',(0.,0.,1.));
#1886 = ORIENTED_EDGE('',*,*,#1887,.T.);
#1887 = EDGE_CURVE('',#1878,#1888,#1890,.T.);
#1888 = VERTEX_POINT('',#1889);
#1889 = CARTESIAN_POINT('',(172.3,206.,-24.));
#1890 = LINE('',#1891,#1892);
#1891 = CARTESIAN_POINT('',(216.2,206.,-24.));
#1892 = VECTOR('',#1893,1.);
#1893 = DIRECTION('',(-1.,-2.22044604925E-16,0.));
#1894 = ORIENTED_EDGE('',*,*,#1895,.T.);
#1895 = EDGE_CURVE('',#1888,#1896,#1898,.T.);
#1896 = VERTEX_POINT('',#1897);
#1897 = CARTESIAN_POINT('',(172.3,206.,24.));
#1898 = LINE('',#1899,#1900);
#1899 = CARTESIAN_POINT('',(172.3,206.,-24.));
#1900 = VECTOR('',#1901,1.);
#1901 = DIRECTION('',(0.,0.,1.));
#1902 = ORIENTED_EDGE('',*,*,#1903,.F.);
#1903 = EDGE_CURVE('',#1880,#1896,#1904,.T.);
#1904 = LINE('',#1905,#1906);
#1905 = CARTESIAN_POINT('',(216.2,206.,24.));
#1906 = VECTOR('',#1907,1.);
#1907 = DIRECTION('',(-1.,-2.22044604925E-16,0.));
#1908 = FACE_BOUND('',#1909,.F.);
#1909 = EDGE_LOOP('',(#1910));
#1910 = ORIENTED_EDGE('',*,*,#1911,.F.);
#1911 = EDGE_CURVE('',#1912,#1912,#1914,.T.);
#1912 = VERTEX_POINT('',#1913);
#1913 = CARTESIAN_POINT('',(179.,206.,-14.8156));
#1914 = CIRCLE('',#1915,2.1844);
#1915 = AXIS2_PLACEMENT_3D('',#1916,#1917,#1918);
#1916 = CARTESIAN_POINT('',(179.,206.,-17.));
#1917 = DIRECTION('',(-2.22044604925E-16,1.,0.));
#1918 = DIRECTION('',(0.,0.,1.));
#1919 = FACE_BOUND('',#1920,.F.);
#1920 = EDGE_LOOP('',(#1921));
#1921 = ORIENTED_EDGE('',*,*,#1922,.F.);
#1922 = EDGE_CURVE('',#1923,#1923,#1925,.T.);
#1923 = VERTEX_POINT('',#1924);
#1924 = CARTESIAN_POINT('',(179.,206.,19.1844));
#1925 = CIRCLE('',#1926,2.1844);
#1926 = AXIS2_PLACEMENT_3D('',#1927,#1928,#1929);
#1927 = CARTESIAN_POINT('',(179.,206.,17.));
#1928 = DIRECTION('',(-2.22044604925E-16,1.,0.));
#1929 = DIRECTION('',(0.,0.,1.));
#1930 = FACE_BOUND('',#1931,.F.);
#1931 = EDGE_LOOP('',(#1932));
#1932 = ORIENTED_EDGE('',*,*,#1933,.F.);
#1933 = EDGE_CURVE('',#1934,#1934,#1936,.T.);
#1934 = VERTEX_POINT('',#1935);
#1935 = CARTESIAN_POINT('',(210.5,206.,-14.8156));
#1936 = CIRCLE('',#1937,2.1844);
#1937 = AXIS2_PLACEMENT_3D('',#1938,#1939,#1940);
#1938 = CARTESIAN_POINT('',(210.5,206.,-17.));
#1939 = DIRECTION('',(-2.22044604925E-16,1.,0.));
#1940 = DIRECTION('',(0.,0.,1.));
#1941 = FACE_BOUND('',#1942,.F.);
#1942 = EDGE_LOOP('',(#1943));
#1943 = ORIENTED_EDGE('',*,*,#1944,.F.);
#1944 = EDGE_CURVE('',#1945,#1945,#1947,.T.);
#1945 = VERTEX_POINT('',#1946);
#1946 = CARTESIAN_POINT('',(210.5,206.,19.1844));
#1947 = CIRCLE('',#1948,2.1844);
#1948 = AXIS2_PLACEMENT_3D('',#1949,#1950,#1951);
#1949 = CARTESIAN_POINT('',(210.5,206.,17.));
#1950 = DIRECTION('',(-2.22044604925E-16,1.,0.));
#1951 = DIRECTION('',(0.,0.,1.));
#1952 = PLANE('',#1953);
#1953 = AXIS2_PLACEMENT_3D('',#1954,#1955,#1956);
#1954 = CARTESIAN_POINT('',(216.2,206.,-24.));
#1955 = DIRECTION('',(-2.22044604925E-16,1.,0.));
#1956 = DIRECTION('',(0.,0.,1.));
#1957 = ADVANCED_FACE('',(#1958),#1983,.F.);
#1958 = FACE_BOUND('',#1959,.F.);
#1959 = EDGE_LOOP('',(#1960,#1968,#1969,#1977));
#1960 = ORIENTED_EDGE('',*,*,#1961,.F.);
#1961 = EDGE_CURVE('',#1878,#1962,#1964,.T.);
#1962 = VERTEX_POINT('',#1963);
#1963 = CARTESIAN_POINT('',(216.2,214.,-24.));
#1964 = LINE('',#1965,#1966);
#1965 = CARTESIAN_POINT('',(216.2,206.,-24.));
#1966 = VECTOR('',#1967,1.);
#1967 = DIRECTION('',(-2.22044604925E-16,1.,0.));
#1968 = ORIENTED_EDGE('',*,*,#1877,.T.);
#1969 = ORIENTED_EDGE('',*,*,#1970,.T.);
#1970 = EDGE_CURVE('',#1880,#1971,#1973,.T.);
#1971 = VERTEX_POINT('',#1972);
#1972 = CARTESIAN_POINT('',(216.2,214.,24.));
#1973 = LINE('',#1974,#1975);
#1974 = CARTESIAN_POINT('',(216.2,206.,24.));
#1975 = VECTOR('',#1976,1.);
#1976 = DIRECTION('',(-2.22044604925E-16,1.,0.));
#1977 = ORIENTED_EDGE('',*,*,#1978,.F.);
#1978 = EDGE_CURVE('',#1962,#1971,#1979,.T.);
#1979 = LINE('',#1980,#1981);
#1980 = CARTESIAN_POINT('',(216.2,214.,-24.));
#1981 = VECTOR('',#1982,1.);
#1982 = DIRECTION('',(0.,0.,1.));
#1983 = PLANE('',#1984);
#1984 = AXIS2_PLACEMENT_3D('',#1985,#1986,#1987);
#1985 = CARTESIAN_POINT('',(216.2,206.,-24.));
#1986 = DIRECTION('',(-1.,-2.22044604925E-16,0.));
#1987 = DIRECTION('',(0.,0.,1.));
#1988 = ADVANCED_FACE('',(#1989),#2007,.T.);
#1989 = FACE_BOUND('',#1990,.T.);
#1990 = EDGE_LOOP('',(#1991,#1992,#1993,#2001));
#1991 = ORIENTED_EDGE('',*,*,#1903,.F.);
#1992 = ORIENTED_EDGE('',*,*,#1970,.T.);
#1993 = ORIENTED_EDGE('',*,*,#1994,.T.);
#1994 = EDGE_CURVE('',#1971,#1995,#1997,.T.);
#1995 = VERTEX_POINT('',#1996);
#1996 = CARTESIAN_POINT('',(172.3,214.,24.));
#1997 = LINE('',#1998,#1999);
#1998 = CARTESIAN_POINT('',(216.2,214.,24.));
#1999 = VECTOR('',#2000,1.);
#2000 = DIRECTION('',(-1.,-2.22044604925E-16,0.));
#2001 = ORIENTED_EDGE('',*,*,#2002,.F.);
#2002 = EDGE_CURVE('',#1896,#1995,#2003,.T.);
#2003 = LINE('',#2004,#2005);
#2004 = CARTESIAN_POINT('',(172.3,206.,24.));
#2005 = VECTOR('',#2006,1.);
#2006 = DIRECTION('',(-2.22044604925E-16,1.,0.));
#2007 = PLANE('',#2008);
#2008 = AXIS2_PLACEMENT_3D('',#2009,#2010,#2011);
#2009 = CARTESIAN_POINT('',(216.2,206.,24.));
#2010 = DIRECTION('',(0.,0.,1.));
#2011 = DIRECTION('',(-2.22044604925E-16,1.,0.));
#2012 = ADVANCED_FACE('',(#2013),#2031,.F.);
#2013 = FACE_BOUND('',#2014,.F.);
#2014 = EDGE_LOOP('',(#2015,#2016,#2017,#2025));
#2015 = ORIENTED_EDGE('',*,*,#1887,.F.);
#2016 = ORIENTED_EDGE('',*,*,#1961,.T.);
#2017 = ORIENTED_EDGE('',*,*,#2018,.T.);
#2018 = EDGE_CURVE('',#1962,#2019,#2021,.T.);
#2019 = VERTEX_POINT('',#2020);
#2020 = CARTESIAN_POINT('',(172.3,214.,-24.));
#2021 = LINE('',#2022,#2023);
#2022 = CARTESIAN_POINT('',(216.2,214.,-24.));
#2023 = VECTOR('',#2024,1.);
#2024 = DIRECTION('',(-1.,-2.22044604925E-16,0.));
#2025 = ORIENTED_EDGE('',*,*,#2026,.F.);
#2026 = EDGE_CURVE('',#1888,#2019,#2027,.T.);
#2027 = LINE('',#2028,#2029);
#2028 = CARTESIAN_POINT('',(172.3,206.,-24.));
#2029 = VECTOR('',#2030,1.);
#2030 = DIRECTION('',(-2.22044604925E-16,1.,0.));
#2031 = PLANE('',#2032);
#2032 = AXIS2_PLACEMENT_3D('',#2033,#2034,#2035);
#2033 = CARTESIAN_POINT('',(216.2,206.,-24.));
#2034 = DIRECTION('',(0.,0.,1.));
#2035 = DIRECTION('',(-2.22044604925E-16,1.,0.));
#2036 = ADVANCED_FACE('',(#2037),#2048,.T.);
#2037 = FACE_BOUND('',#2038,.T.);
#2038 = EDGE_LOOP('',(#2039,#2040,#2041,#2042));
#2039 = ORIENTED_EDGE('',*,*,#2026,.F.);
#2040 = ORIENTED_EDGE('',*,*,#1895,.T.);
#2041 = ORIENTED_EDGE('',*,*,#2002,.T.);
#2042 = ORIENTED_EDGE('',*,*,#2043,.F.);
#2043 = EDGE_CURVE('',#2019,#1995,#2044,.T.);
#2044 = LINE('',#2045,#2046);
#2045 = CARTESIAN_POINT('',(172.3,214.,-24.));
#2046 = VECTOR('',#2047,1.);
#2047 = DIRECTION('',(0.,0.,1.));
#2048 = PLANE('',#2049);
#2049 = AXIS2_PLACEMENT_3D('',#2050,#2051,#2052);
#2050 = CARTESIAN_POINT('',(172.3,206.,-24.));
#2051 = DIRECTION('',(-1.,-2.22044604925E-16,0.));
#2052 = DIRECTION('',(0.,0.,1.));
#2053 = ADVANCED_FACE('',(#2054),#2073,.F.);
#2054 = FACE_BOUND('',#2055,.F.);
#2055 = EDGE_LOOP('',(#2056,#2065,#2071,#2072));
#2056 = ORIENTED_EDGE('',*,*,#2057,.F.);
#2057 = EDGE_CURVE('',#2058,#2058,#2060,.T.);
#2058 = VERTEX_POINT('',#2059);
#2059 = CARTESIAN_POINT('',(179.,209.5,-14.8156));
#2060 = CIRCLE('',#2061,2.1844);
#2061 = AXIS2_PLACEMENT_3D('',#2062,#2063,#2064);
#2062 = CARTESIAN_POINT('',(179.,209.5,-17.));
#2063 = DIRECTION('',(-2.22044604925E-16,1.,0.));
#2064 = DIRECTION('',(0.,0.,1.));
#2065 = ORIENTED_EDGE('',*,*,#2066,.F.);
#2066 = EDGE_CURVE('',#1912,#2058,#2067,.T.);
#2067 = LINE('',#2068,#2069);
#2068 = CARTESIAN_POINT('',(179.,205.,-14.8156));
#2069 = VECTOR('',#2070,1.);
#2070 = DIRECTION('',(-2.22044604925E-16,1.,0.));
#2071 = ORIENTED_EDGE('',*,*,#1911,.T.);
#2072 = ORIENTED_EDGE('',*,*,#2066,.T.);
#2073 = CYLINDRICAL_SURFACE('',#2074,2.1844);
#2074 = AXIS2_PLACEMENT_3D('',#2075,#2076,#2077);
#2075 = CARTESIAN_POINT('',(179.,205.,-17.));
#2076 = DIRECTION('',(-2.22044604925E-16,1.,0.));
#2077 = DIRECTION('',(0.,0.,1.));
#2078 = ADVANCED_FACE('',(#2079),#2098,.F.);
#2079 = FACE_BOUND('',#2080,.F.);
#2080 = EDGE_LOOP('',(#2081,#2090,#2096,#2097));
#2081 = ORIENTED_EDGE('',*,*,#2082,.F.);
#2082 = EDGE_CURVE('',#2083,#2083,#2085,.T.);
#2083 = VERTEX_POINT('',#2084);
#2084 = CARTESIAN_POINT('',(179.,209.5,19.1844));
#2085 = CIRCLE('',#2086,2.1844);
#2086 = AXIS2_PLACEMENT_3D('',#2087,#2088,#2089);
#2087 = CARTESIAN_POINT('',(179.,209.5,17.));
#2088 = DIRECTION('',(-2.22044604925E-16,1.,0.));
#2089 = DIRECTION('',(0.,0.,1.));
#2090 = ORIENTED_EDGE('',*,*,#2091,.F.);
#2091 = EDGE_CURVE('',#1923,#2083,#2092,.T.);
#2092 = LINE('',#2093,#2094);
#2093 = CARTESIAN_POINT('',(179.,205.,19.1844));
#2094 = VECTOR('',#2095,1.);
#2095 = DIRECTION('',(-2.22044604925E-16,1.,0.));
#2096 = ORIENTED_EDGE('',*,*,#1922,.T.);
#2097 = ORIENTED_EDGE('',*,*,#2091,.T.);
#2098 = CYLINDRICAL_SURFACE('',#2099,2.1844);
#2099 = AXIS2_PLACEMENT_3D('',#2100,#2101,#2102);
#2100 = CARTESIAN_POINT('',(179.,205.,17.));
#2101 = DIRECTION('',(-2.22044604925E-16,1.,0.));
#2102 = DIRECTION('',(0.,0.,1.));
#2103 = ADVANCED_FACE('',(#2104),#2123,.F.);
#2104 = FACE_BOUND('',#2105,.F.);
#2105 = EDGE_LOOP('',(#2106,#2115,#2121,#2122));
#2106 = ORIENTED_EDGE('',*,*,#2107,.F.);
#2107 = EDGE_CURVE('',#2108,#2108,#2110,.T.);
#2108 = VERTEX_POINT('',#2109);
#2109 = CARTESIAN_POINT('',(210.5,209.5,-14.8156));
#2110 = CIRCLE('',#2111,2.1844);
#2111 = AXIS2_PLACEMENT_3D('',#2112,#2113,#2114);
#2112 = CARTESIAN_POINT('',(210.5,209.5,-17.));
#2113 = DIRECTION('',(-2.22044604925E-16,1.,0.));
#2114 = DIRECTION('',(0.,0.,1.));
#2115 = ORIENTED_EDGE('',*,*,#2116,.F.);
#2116 = EDGE_CURVE('',#1934,#2108,#2117,.T.);
#2117 = LINE('',#2118,#2119);
#2118 = CARTESIAN_POINT('',(210.5,205.,-14.8156));
#2119 = VECTOR('',#2120,1.);
#2120 = DIRECTION('',(-2.22044604925E-16,1.,0.));
#2121 = ORIENTED_EDGE('',*,*,#1933,.T.);
#2122 = ORIENTED_EDGE('',*,*,#2116,.T.);
#2123 = CYLINDRICAL_SURFACE('',#2124,2.1844);
#2124 = AXIS2_PLACEMENT_3D('',#2125,#2126,#2127);
#2125 = CARTESIAN_POINT('',(210.5,205.,-17.));
#2126 = DIRECTION('',(-2.22044604925E-16,1.,0.));
#2127 = DIRECTION('',(0.,0.,1.));
#2128 = ADVANCED_FACE('',(#2129),#2148,.F.);
#2129 = FACE_BOUND('',#2130,.F.);
#2130 = EDGE_LOOP('',(#2131,#2140,#2146,#2147));
#2131 = ORIENTED_EDGE('',*,*,#2132,.F.);
#2132 = EDGE_CURVE('',#2133,#2133,#2135,.T.);
#2133 = VERTEX_POINT('',#2134);
#2134 = CARTESIAN_POINT('',(210.5,209.5,19.1844));
#2135 = CIRCLE('',#2136,2.1844);
#2136 = AXIS2_PLACEMENT_3D('',#2137,#2138,#2139);
#2137 = CARTESIAN_POINT('',(210.5,209.5,17.));
#2138 = DIRECTION('',(-2.22044604925E-16,1.,0.));
#2139 = DIRECTION('',(0.,0.,1.));
#2140 = ORIENTED_EDGE('',*,*,#2141,.F.);
#2141 = EDGE_CURVE('',#1945,#2133,#2142,.T.);
#2142 = LINE('',#2143,#2144);
#2143 = CARTESIAN_POINT('',(210.5,205.,19.1844));
#2144 = VECTOR('',#2145,1.);
#2145 = DIRECTION('',(-2.22044604925E-16,1.,0.));
#2146 = ORIENTED_EDGE('',*,*,#1944,.T.);
#2147 = ORIENTED_EDGE('',*,*,#2141,.T.);
#2148 = CYLINDRICAL_SURFACE('',#2149,2.1844);
#2149 = AXIS2_PLACEMENT_3D('',#2150,#2151,#2152);
#2150 = CARTESIAN_POINT('',(210.5,205.,17.));
#2151 = DIRECTION('',(-2.22044604925E-16,1.,0.));
#2152 = DIRECTION('',(0.,0.,1.));
#2153 = ADVANCED_FACE('',(#2154,#2160,#2171,#2182,#2193),#2204,.T.);
#2154 = FACE_BOUND('',#2155,.T.);
#2155 = EDGE_LOOP('',(#2156,#2157,#2158,#2159));
#2156 = ORIENTED_EDGE('',*,*,#1978,.F.);
#2157 = ORIENTED_EDGE('',*,*,#2018,.T.);
#2158 = ORIENTED_EDGE('',*,*,#2043,.T.);
#2159 = ORIENTED_EDGE('',*,*,#1994,.F.);
#2160 = FACE_BOUND('',#2161,.T.);
#2161 = EDGE_LOOP('',(#2162));
#2162 = ORIENTED_EDGE('',*,*,#2163,.F.);
#2163 = EDGE_CURVE('',#2164,#2164,#2166,.T.);
#2164 = VERTEX_POINT('',#2165);
#2165 = CARTESIAN_POINT('',(179.,214.,-13.25));
#2166 = CIRCLE('',#2167,3.75);
#2167 = AXIS2_PLACEMENT_3D('',#2168,#2169,#2170);
#2168 = CARTESIAN_POINT('',(179.,214.,-17.));
#2169 = DIRECTION('',(-2.22044604925E-16,1.,0.));
#2170 = DIRECTION('',(0.,0.,1.));
#2171 = FACE_BOUND('',#2172,.T.);
#2172 = EDGE_LOOP('',(#2173));
#2173 = ORIENTED_EDGE('',*,*,#2174,.F.);
#2174 = EDGE_CURVE('',#2175,#2175,#2177,.T.);
#2175 = VERTEX_POINT('',#2176);
#2176 = CARTESIAN_POINT('',(179.,214.,20.75));
#2177 = CIRCLE('',#2178,3.75);
#2178 = AXIS2_PLACEMENT_3D('',#2179,#2180,#2181);
#2179 = CARTESIAN_POINT('',(179.,214.,17.));
#2180 = DIRECTION('',(-2.22044604925E-16,1.,0.));
#2181 = DIRECTION('',(0.,0.,1.));
#2182 = FACE_BOUND('',#2183,.T.);
#2183 = EDGE_LOOP('',(#2184));
#2184 = ORIENTED_EDGE('',*,*,#2185,.F.);
#2185 = EDGE_CURVE('',#2186,#2186,#2188,.T.);
#2186 = VERTEX_POINT('',#2187);
#2187 = CARTESIAN_POINT('',(210.5,214.,-13.25));
#2188 = CIRCLE('',#2189,3.75);
#2189 = AXIS2_PLACEMENT_3D('',#2190,#2191,#2192);
#2190 = CARTESIAN_POINT('',(210.5,214.,-17.));
#2191 = DIRECTION('',(-2.22044604925E-16,1.,0.));
#2192 = DIRECTION('',(0.,0.,1.));
#2193 = FACE_BOUND('',#2194,.T.);
#2194 = EDGE_LOOP('',(#2195));
#2195 = ORIENTED_EDGE('',*,*,#2196,.F.);
#2196 = EDGE_CURVE('',#2197,#2197,#2199,.T.);
#2197 = VERTEX_POINT('',#2198);
#2198 = CARTESIAN_POINT('',(210.5,214.,20.75));
#2199 = CIRCLE('',#2200,3.75);
#2200 = AXIS2_PLACEMENT_3D('',#2201,#2202,#2203);
#2201 = CARTESIAN_POINT('',(210.5,214.,17.));
#2202 = DIRECTION('',(-2.22044604925E-16,1.,0.));
#2203 = DIRECTION('',(0.,0.,1.));
#2204 = PLANE('',#2205);
#2205 = AXIS2_PLACEMENT_3D('',#2206,#2207,#2208);
#2206 = CARTESIAN_POINT('',(216.2,214.,-24.));
#2207 = DIRECTION('',(-2.22044604925E-16,1.,0.));
#2208 = DIRECTION('',(0.,0.,1.));
#2209 = ADVANCED_FACE('',(#2210,#2221),#2224,.T.);
#2210 = FACE_BOUND('',#2211,.T.);
#2211 = EDGE_LOOP('',(#2212));
#2212 = ORIENTED_EDGE('',*,*,#2213,.T.);
#2213 = EDGE_CURVE('',#2214,#2214,#2216,.T.);
#2214 = VERTEX_POINT('',#2215);
#2215 = CARTESIAN_POINT('',(179.,209.5,-13.25));
#2216 = CIRCLE('',#2217,3.75);
#2217 = AXIS2_PLACEMENT_3D('',#2218,#2219,#2220);
#2218 = CARTESIAN_POINT('',(179.,209.5,-17.));
#2219 = DIRECTION('',(-2.22044604925E-16,1.,0.));
#2220 = DIRECTION('',(0.,0.,1.));
#2221 = FACE_BOUND('',#2222,.T.);
#2222 = EDGE_LOOP('',(#2223));
#2223 = ORIENTED_EDGE('',*,*,#2057,.F.);
#2224 = PLANE('',#2225);
#2225 = AXIS2_PLACEMENT_3D('',#2226,#2227,#2228);
#2226 = CARTESIAN_POINT('',(179.,209.5,-17.));
#2227 = DIRECTION('',(-2.22044604925E-16,1.,0.));
#2228 = DIRECTION('',(0.,0.,1.));
#2229 = ADVANCED_FACE('',(#2230,#2241),#2244,.T.);
#2230 = FACE_BOUND('',#2231,.T.);
#2231 = EDGE_LOOP('',(#2232));
#2232 = ORIENTED_EDGE('',*,*,#2233,.T.);
#2233 = EDGE_CURVE('',#2234,#2234,#2236,.T.);
#2234 = VERTEX_POINT('',#2235);
#2235 = CARTESIAN_POINT('',(179.,209.5,20.75));
#2236 = CIRCLE('',#2237,3.75);
#2237 = AXIS2_PLACEMENT_3D('',#2238,#2239,#2240);
#2238 = CARTESIAN_POINT('',(179.,209.5,17.));
#2239 = DIRECTION('',(-2.22044604925E-16,1.,0.));
#2240 = DIRECTION('',(0.,0.,1.));
#2241 = FACE_BOUND('',#2242,.T.);
#2242 = EDGE_LOOP('',(#2243));
#2243 = ORIENTED_EDGE('',*,*,#2082,.F.);
#2244 = PLANE('',#2245);
#2245 = AXIS2_PLACEMENT_3D('',#2246,#2247,#2248);
#2246 = CARTESIAN_POINT('',(179.,209.5,17.));
#2247 = DIRECTION('',(-2.22044604925E-16,1.,0.));
#2248 = DIRECTION('',(0.,0.,1.));
#2249 = ADVANCED_FACE('',(#2250,#2261),#2264,.T.);
#2250 = FACE_BOUND('',#2251,.T.);
#2251 = EDGE_LOOP('',(#2252));
#2252 = ORIENTED_EDGE('',*,*,#2253,.T.);
#2253 = EDGE_CURVE('',#2254,#2254,#2256,.T.);
#2254 = VERTEX_POINT('',#2255);
#2255 = CARTESIAN_POINT('',(210.5,209.5,-13.25));
#2256 = CIRCLE('',#2257,3.75);
#2257 = AXIS2_PLACEMENT_3D('',#2258,#2259,#2260);
#2258 = CARTESIAN_POINT('',(210.5,209.5,-17.));
#2259 = DIRECTION('',(-2.22044604925E-16,1.,0.));
#2260 = DIRECTION('',(0.,0.,1.));
#2261 = FACE_BOUND('',#2262,.T.);
#2262 = EDGE_LOOP('',(#2263));
#2263 = ORIENTED_EDGE('',*,*,#2107,.F.);
#2264 = PLANE('',#2265);
#2265 = AXIS2_PLACEMENT_3D('',#2266,#2267,#2268);
#2266 = CARTESIAN_POINT('',(210.5,209.5,-17.));
#2267 = DIRECTION('',(-2.22044604925E-16,1.,0.));
#2268 = DIRECTION('',(0.,0.,1.));
#2269 = ADVANCED_FACE('',(#2270,#2281),#2284,.T.);
#2270 = FACE_BOUND('',#2271,.T.);
#2271 = EDGE_LOOP('',(#2272));
#2272 = ORIENTED_EDGE('',*,*,#2273,.T.);
#2273 = EDGE_CURVE('',#2274,#2274,#2276,.T.);
#2274 = VERTEX_POINT('',#2275);
#2275 = CARTESIAN_POINT('',(210.5,209.5,20.75));
#2276 = CIRCLE('',#2277,3.75);
#2277 = AXIS2_PLACEMENT_3D('',#2278,#2279,#2280);
#2278 = CARTESIAN_POINT('',(210.5,209.5,17.));
#2279 = DIRECTION('',(-2.22044604925E-16,1.,0.));
#2280 = DIRECTION('',(0.,0.,1.));
#2281 = FACE_BOUND('',#2282,.T.);
#2282 = EDGE_LOOP('',(#2283));
#2283 = ORIENTED_EDGE('',*,*,#2132,.F.);
#2284 = PLANE('',#2285);
#2285 = AXIS2_PLACEMENT_3D('',#2286,#2287,#2288);
#2286 = CARTESIAN_POINT('',(210.5,209.5,17.));
#2287 = DIRECTION('',(-2.22044604925E-16,1.,0.));
#2288 = DIRECTION('',(0.,0.,1.));
#2289 = ADVANCED_FACE('',(#2290),#2301,.F.);
#2290 = FACE_BOUND('',#2291,.F.);
#2291 = EDGE_LOOP('',(#2292,#2293,#2299,#2300));
#2292 = ORIENTED_EDGE('',*,*,#2163,.F.);
#2293 = ORIENTED_EDGE('',*,*,#2294,.F.);
#2294 = EDGE_CURVE('',#2214,#2164,#2295,.T.);
#2295 = LINE('',#2296,#2297);
#2296 = CARTESIAN_POINT('',(179.,209.5,-13.25));
#2297 = VECTOR('',#2298,1.);
#2298 = DIRECTION('',(-2.22044604925E-16,1.,0.));
#2299 = ORIENTED_EDGE('',*,*,#2213,.T.);
#2300 = ORIENTED_EDGE('',*,*,#2294,.T.);
#2301 = CYLINDRICAL_SURFACE('',#2302,3.75);
#2302 = AXIS2_PLACEMENT_3D('',#2303,#2304,#2305);
#2303 = CARTESIAN_POINT('',(179.,209.5,-17.));
#2304 = DIRECTION('',(-2.22044604925E-16,1.,0.));
#2305 = DIRECTION('',(0.,0.,1.));
#2306 = ADVANCED_FACE('',(#2307),#2318,.F.);
#2307 = FACE_BOUND('',#2308,.F.);
#2308 = EDGE_LOOP('',(#2309,#2310,#2316,#2317));
#2309 = ORIENTED_EDGE('',*,*,#2174,.F.);
#2310 = ORIENTED_EDGE('',*,*,#2311,.F.);
#2311 = EDGE_CURVE('',#2234,#2175,#2312,.T.);
#2312 = LINE('',#2313,#2314);
#2313 = CARTESIAN_POINT('',(179.,209.5,20.75));
#2314 = VECTOR('',#2315,1.);
#2315 = DIRECTION('',(-2.22044604925E-16,1.,0.));
#2316 = ORIENTED_EDGE('',*,*,#2233,.T.);
#2317 = ORIENTED_EDGE('',*,*,#2311,.T.);
#2318 = CYLINDRICAL_SURFACE('',#2319,3.75);
#2319 = AXIS2_PLACEMENT_3D('',#2320,#2321,#2322);
#2320 = CARTESIAN_POINT('',(179.,209.5,17.));
#2321 = DIRECTION('',(-2.22044604925E-16,1.,0.));
#2322 = DIRECTION('',(0.,0.,1.));
#2323 = ADVANCED_FACE('',(#2324),#2335,.F.);
#2324 = FACE_BOUND('',#2325,.F.);
#2325 = EDGE_LOOP('',(#2326,#2327,#2333,#2334));
#2326 = ORIENTED_EDGE('',*,*,#2185,.F.);
#2327 = ORIENTED_EDGE('',*,*,#2328,.F.);
#2328 = EDGE_CURVE('',#2254,#2186,#2329,.T.);
#2329 = LINE('',#2330,#2331);
#2330 = CARTESIAN_POINT('',(210.5,209.5,-13.25));
#2331 = VECTOR('',#2332,1.);
#2332 = DIRECTION('',(-2.22044604925E-16,1.,0.));
#2333 = ORIENTED_EDGE('',*,*,#2253,.T.);
#2334 = ORIENTED_EDGE('',*,*,#2328,.T.);
#2335 = CYLINDRICAL_SURFACE('',#2336,3.75);
#2336 = AXIS2_PLACEMENT_3D('',#2337,#2338,#2339);
#2337 = CARTESIAN_POINT('',(210.5,209.5,-17.));
#2338 = DIRECTION('',(-2.22044604925E-16,1.,0.));
#2339 = DIRECTION('',(0.,0.,1.));
#2340 = ADVANCED_FACE('',(#2341),#2352,.F.);
#2341 = FACE_BOUND('',#2342,.F.);
#2342 = EDGE_LOOP('',(#2343,#2344,#2350,#2351));
#2343 = ORIENTED_EDGE('',*,*,#2196,.F.);
#2344 = ORIENTED_EDGE('',*,*,#2345,.F.);
#2345 = EDGE_CURVE('',#2274,#2197,#2346,.T.);
#2346 = LINE('',#2347,#2348);
#2347 = CARTESIAN_POINT('',(210.5,209.5,20.75));
#2348 = VECTOR('',#2349,1.);
#2349 = DIRECTION('',(-2.22044604925E-16,1.,0.));
#2350 = ORIENTED_EDGE('',*,*,#2273,.T.);
#2351 = ORIENTED_EDGE('',*,*,#2345,.T.);
#2352 = CYLINDRICAL_SURFACE('',#2353,3.75);
#2353 = AXIS2_PLACEMENT_3D('',#2354,#2355,#2356);
#2354 = CARTESIAN_POINT('',(210.5,209.5,17.));
#2355 = DIRECTION('',(-2.22044604925E-16,1.,0.));
#2356 = DIRECTION('',(0.,0.,1.));
#2357 = MANIFOLD_SOLID_BREP('',#2358);
#2358 = CLOSED_SHELL('',(#2359,#2443,#2474,#2498,#2522,#2539,#2564,#2589
    ,#2614,#2639,#2695,#2715,#2735,#2755,#2775,#2792,#2809,#2826));
#2359 = ADVANCED_FACE('',(#2360,#2394,#2405,#2416,#2427),#2438,.F.);
#2360 = FACE_BOUND('',#2361,.F.);
#2361 = EDGE_LOOP('',(#2362,#2372,#2380,#2388));
#2362 = ORIENTED_EDGE('',*,*,#2363,.F.);
#2363 = EDGE_CURVE('',#2364,#2366,#2368,.T.);
#2364 = VERTEX_POINT('',#2365);
#2365 = CARTESIAN_POINT('',(216.2,124.,24.));
#2366 = VERTEX_POINT('',#2367);
#2367 = CARTESIAN_POINT('',(216.2,124.,-24.));
#2368 = LINE('',#2369,#2370);
#2369 = CARTESIAN_POINT('',(216.2,124.,24.));
#2370 = VECTOR('',#2371,1.);
#2371 = DIRECTION('',(-2.719262146894E-32,1.224646799147E-16,-1.));
#2372 = ORIENTED_EDGE('',*,*,#2373,.T.);
#2373 = EDGE_CURVE('',#2364,#2374,#2376,.T.);
#2374 = VERTEX_POINT('',#2375);
#2375 = CARTESIAN_POINT('',(172.3,124.,24.));
#2376 = LINE('',#2377,#2378);
#2377 = CARTESIAN_POINT('',(216.2,124.,24.));
#2378 = VECTOR('',#2379,1.);
#2379 = DIRECTION('',(-1.,2.22044604925E-16,5.438524293788E-32));
#2380 = ORIENTED_EDGE('',*,*,#2381,.T.);
#2381 = EDGE_CURVE('',#2374,#2382,#2384,.T.);
#2382 = VERTEX_POINT('',#2383);
#2383 = CARTESIAN_POINT('',(172.3,124.,-24.));
#2384 = LINE('',#2385,#2386);
#2385 = CARTESIAN_POINT('',(172.3,124.,24.));
#2386 = VECTOR('',#2387,1.);
#2387 = DIRECTION('',(-2.719262146894E-32,1.224646799147E-16,-1.));
#2388 = ORIENTED_EDGE('',*,*,#2389,.F.);
#2389 = EDGE_CURVE('',#2366,#2382,#2390,.T.);
#2390 = LINE('',#2391,#2392);
#2391 = CARTESIAN_POINT('',(216.2,124.,-24.));
#2392 = VECTOR('',#2393,1.);
#2393 = DIRECTION('',(-1.,2.22044604925E-16,5.438524293788E-32));
#2394 = FACE_BOUND('',#2395,.F.);
#2395 = EDGE_LOOP('',(#2396));
#2396 = ORIENTED_EDGE('',*,*,#2397,.F.);
#2397 = EDGE_CURVE('',#2398,#2398,#2400,.T.);
#2398 = VERTEX_POINT('',#2399);
#2399 = CARTESIAN_POINT('',(179.,124.,14.8156));
#2400 = CIRCLE('',#2401,2.1844);
#2401 = AXIS2_PLACEMENT_3D('',#2402,#2403,#2404);
#2402 = CARTESIAN_POINT('',(179.,124.,17.));
#2403 = DIRECTION('',(-2.22044604925E-16,-1.,-1.224646799147E-16));
#2404 = DIRECTION('',(-2.719262146894E-32,1.224646799147E-16,-1.));
#2405 = FACE_BOUND('',#2406,.F.);
#2406 = EDGE_LOOP('',(#2407));
#2407 = ORIENTED_EDGE('',*,*,#2408,.F.);
#2408 = EDGE_CURVE('',#2409,#2409,#2411,.T.);
#2409 = VERTEX_POINT('',#2410);
#2410 = CARTESIAN_POINT('',(179.,124.,-19.1844));
#2411 = CIRCLE('',#2412,2.1844);
#2412 = AXIS2_PLACEMENT_3D('',#2413,#2414,#2415);
#2413 = CARTESIAN_POINT('',(179.,124.,-17.));
#2414 = DIRECTION('',(-2.22044604925E-16,-1.,-1.224646799147E-16));
#2415 = DIRECTION('',(-2.719262146894E-32,1.224646799147E-16,-1.));
#2416 = FACE_BOUND('',#2417,.F.);
#2417 = EDGE_LOOP('',(#2418));
#2418 = ORIENTED_EDGE('',*,*,#2419,.F.);
#2419 = EDGE_CURVE('',#2420,#2420,#2422,.T.);
#2420 = VERTEX_POINT('',#2421);
#2421 = CARTESIAN_POINT('',(210.5,124.,14.8156));
#2422 = CIRCLE('',#2423,2.1844);
#2423 = AXIS2_PLACEMENT_3D('',#2424,#2425,#2426);
#2424 = CARTESIAN_POINT('',(210.5,124.,17.));
#2425 = DIRECTION('',(-2.22044604925E-16,-1.,-1.224646799147E-16));
#2426 = DIRECTION('',(-2.719262146894E-32,1.224646799147E-16,-1.));
#2427 = FACE_BOUND('',#2428,.F.);
#2428 = EDGE_LOOP('',(#2429));
#2429 = ORIENTED_EDGE('',*,*,#2430,.F.);
#2430 = EDGE_CURVE('',#2431,#2431,#2433,.T.);
#2431 = VERTEX_POINT('',#2432);
#2432 = CARTESIAN_POINT('',(210.5,124.,-19.1844));
#2433 = CIRCLE('',#2434,2.1844);
#2434 = AXIS2_PLACEMENT_3D('',#2435,#2436,#2437);
#2435 = CARTESIAN_POINT('',(210.5,124.,-17.));
#2436 = DIRECTION('',(-2.22044604925E-16,-1.,-1.224646799147E-16));
#2437 = DIRECTION('',(-2.719262146894E-32,1.224646799147E-16,-1.));
#2438 = PLANE('',#2439);
#2439 = AXIS2_PLACEMENT_3D('',#2440,#2441,#2442);
#2440 = CARTESIAN_POINT('',(216.2,124.,24.));
#2441 = DIRECTION('',(-2.22044604925E-16,-1.,-1.224646799147E-16));
#2442 = DIRECTION('',(-2.719262146894E-32,1.224646799147E-16,-1.));
#2443 = ADVANCED_FACE('',(#2444),#2469,.F.);
#2444 = FACE_BOUND('',#2445,.F.);
#2445 = EDGE_LOOP('',(#2446,#2454,#2455,#2463));
#2446 = ORIENTED_EDGE('',*,*,#2447,.F.);
#2447 = EDGE_CURVE('',#2364,#2448,#2450,.T.);
#2448 = VERTEX_POINT('',#2449);
#2449 = CARTESIAN_POINT('',(216.2,116.,24.));
#2450 = LINE('',#2451,#2452);
#2451 = CARTESIAN_POINT('',(216.2,124.,24.));
#2452 = VECTOR('',#2453,1.);
#2453 = DIRECTION('',(-2.22044604925E-16,-1.,-1.224646799147E-16));
#2454 = ORIENTED_EDGE('',*,*,#2363,.T.);
#2455 = ORIENTED_EDGE('',*,*,#2456,.T.);
#2456 = EDGE_CURVE('',#2366,#2457,#2459,.T.);
#2457 = VERTEX_POINT('',#2458);
#2458 = CARTESIAN_POINT('',(216.2,116.,-24.));
#2459 = LINE('',#2460,#2461);
#2460 = CARTESIAN_POINT('',(216.2,124.,-24.));
#2461 = VECTOR('',#2462,1.);
#2462 = DIRECTION('',(-2.22044604925E-16,-1.,-1.224646799147E-16));
#2463 = ORIENTED_EDGE('',*,*,#2464,.F.);
#2464 = EDGE_CURVE('',#2448,#2457,#2465,.T.);
#2465 = LINE('',#2466,#2467);
#2466 = CARTESIAN_POINT('',(216.2,116.,24.));
#2467 = VECTOR('',#2468,1.);
#2468 = DIRECTION('',(-2.719262146894E-32,1.224646799147E-16,-1.));
#2469 = PLANE('',#2470);
#2470 = AXIS2_PLACEMENT_3D('',#2471,#2472,#2473);
#2471 = CARTESIAN_POINT('',(216.2,124.,24.));
#2472 = DIRECTION('',(-1.,2.22044604925E-16,5.438524293788E-32));
#2473 = DIRECTION('',(-2.719262146894E-32,1.224646799147E-16,-1.));
#2474 = ADVANCED_FACE('',(#2475),#2493,.T.);
#2475 = FACE_BOUND('',#2476,.T.);
#2476 = EDGE_LOOP('',(#2477,#2478,#2479,#2487));
#2477 = ORIENTED_EDGE('',*,*,#2389,.F.);
#2478 = ORIENTED_EDGE('',*,*,#2456,.T.);
#2479 = ORIENTED_EDGE('',*,*,#2480,.T.);
#2480 = EDGE_CURVE('',#2457,#2481,#2483,.T.);
#2481 = VERTEX_POINT('',#2482);
#2482 = CARTESIAN_POINT('',(172.3,116.,-24.));
#2483 = LINE('',#2484,#2485);
#2484 = CARTESIAN_POINT('',(216.2,116.,-24.));
#2485 = VECTOR('',#2486,1.);
#2486 = DIRECTION('',(-1.,2.22044604925E-16,5.438524293788E-32));
#2487 = ORIENTED_EDGE('',*,*,#2488,.F.);
#2488 = EDGE_CURVE('',#2382,#2481,#2489,.T.);
#2489 = LINE('',#2490,#2491);
#2490 = CARTESIAN_POINT('',(172.3,124.,-24.));
#2491 = VECTOR('',#2492,1.);
#2492 = DIRECTION('',(-2.22044604925E-16,-1.,-1.224646799147E-16));
#2493 = PLANE('',#2494);
#2494 = AXIS2_PLACEMENT_3D('',#2495,#2496,#2497);
#2495 = CARTESIAN_POINT('',(216.2,124.,-24.));
#2496 = DIRECTION('',(-2.719262146894E-32,1.224646799147E-16,-1.));
#2497 = DIRECTION('',(-2.22044604925E-16,-1.,-1.224646799147E-16));
#2498 = ADVANCED_FACE('',(#2499),#2517,.F.);
#2499 = FACE_BOUND('',#2500,.F.);
#2500 = EDGE_LOOP('',(#2501,#2502,#2503,#2511));
#2501 = ORIENTED_EDGE('',*,*,#2373,.F.);
#2502 = ORIENTED_EDGE('',*,*,#2447,.T.);
#2503 = ORIENTED_EDGE('',*,*,#2504,.T.);
#2504 = EDGE_CURVE('',#2448,#2505,#2507,.T.);
#2505 = VERTEX_POINT('',#2506);
#2506 = CARTESIAN_POINT('',(172.3,116.,24.));
#2507 = LINE('',#2508,#2509);
#2508 = CARTESIAN_POINT('',(216.2,116.,24.));
#2509 = VECTOR('',#2510,1.);
#2510 = DIRECTION('',(-1.,2.22044604925E-16,5.438524293788E-32));
#2511 = ORIENTED_EDGE('',*,*,#2512,.F.);
#2512 = EDGE_CURVE('',#2374,#2505,#2513,.T.);
#2513 = LINE('',#2514,#2515);
#2514 = CARTESIAN_POINT('',(172.3,124.,24.));
#2515 = VECTOR('',#2516,1.);
#2516 = DIRECTION('',(-2.22044604925E-16,-1.,-1.224646799147E-16));
#2517 = PLANE('',#2518);
#2518 = AXIS2_PLACEMENT_3D('',#2519,#2520,#2521);
#2519 = CARTESIAN_POINT('',(216.2,124.,24.));
#2520 = DIRECTION('',(-2.719262146894E-32,1.224646799147E-16,-1.));
#2521 = DIRECTION('',(-2.22044604925E-16,-1.,-1.224646799147E-16));
#2522 = ADVANCED_FACE('',(#2523),#2534,.T.);
#2523 = FACE_BOUND('',#2524,.T.);
#2524 = EDGE_LOOP('',(#2525,#2526,#2527,#2528));
#2525 = ORIENTED_EDGE('',*,*,#2512,.F.);
#2526 = ORIENTED_EDGE('',*,*,#2381,.T.);
#2527 = ORIENTED_EDGE('',*,*,#2488,.T.);
#2528 = ORIENTED_EDGE('',*,*,#2529,.F.);
#2529 = EDGE_CURVE('',#2505,#2481,#2530,.T.);
#2530 = LINE('',#2531,#2532);
#2531 = CARTESIAN_POINT('',(172.3,116.,24.));
#2532 = VECTOR('',#2533,1.);
#2533 = DIRECTION('',(-2.719262146894E-32,1.224646799147E-16,-1.));
#2534 = PLANE('',#2535);
#2535 = AXIS2_PLACEMENT_3D('',#2536,#2537,#2538);
#2536 = CARTESIAN_POINT('',(172.3,124.,24.));
#2537 = DIRECTION('',(-1.,2.22044604925E-16,5.438524293788E-32));
#2538 = DIRECTION('',(-2.719262146894E-32,1.224646799147E-16,-1.));
#2539 = ADVANCED_FACE('',(#2540),#2559,.F.);
#2540 = FACE_BOUND('',#2541,.F.);
#2541 = EDGE_LOOP('',(#2542,#2551,#2557,#2558));
#2542 = ORIENTED_EDGE('',*,*,#2543,.F.);
#2543 = EDGE_CURVE('',#2544,#2544,#2546,.T.);
#2544 = VERTEX_POINT('',#2545);
#2545 = CARTESIAN_POINT('',(179.,120.5,14.8156));
#2546 = CIRCLE('',#2547,2.1844);
#2547 = AXIS2_PLACEMENT_3D('',#2548,#2549,#2550);
#2548 = CARTESIAN_POINT('',(179.,120.5,17.));
#2549 = DIRECTION('',(-2.22044604925E-16,-1.,-1.224646799147E-16));
#2550 = DIRECTION('',(-2.719262146894E-32,1.224646799147E-16,-1.));
#2551 = ORIENTED_EDGE('',*,*,#2552,.F.);
#2552 = EDGE_CURVE('',#2398,#2544,#2553,.T.);
#2553 = LINE('',#2554,#2555);
#2554 = CARTESIAN_POINT('',(179.,125.,14.8156));
#2555 = VECTOR('',#2556,1.);
#2556 = DIRECTION('',(-2.22044604925E-16,-1.,-1.224646799147E-16));
#2557 = ORIENTED_EDGE('',*,*,#2397,.T.);
#2558 = ORIENTED_EDGE('',*,*,#2552,.T.);
#2559 = CYLINDRICAL_SURFACE('',#2560,2.1844);
#2560 = AXIS2_PLACEMENT_3D('',#2561,#2562,#2563);
#2561 = CARTESIAN_POINT('',(179.,125.,17.));
#2562 = DIRECTION('',(-2.22044604925E-16,-1.,-1.224646799147E-16));
#2563 = DIRECTION('',(-2.719262146894E-32,1.224646799147E-16,-1.));
#2564 = ADVANCED_FACE('',(#2565),#2584,.F.);
#2565 = FACE_BOUND('',#2566,.F.);
#2566 = EDGE_LOOP('',(#2567,#2576,#2582,#2583));
#2567 = ORIENTED_EDGE('',*,*,#2568,.F.);
#2568 = EDGE_CURVE('',#2569,#2569,#2571,.T.);
#2569 = VERTEX_POINT('',#2570);
#2570 = CARTESIAN_POINT('',(179.,120.5,-19.1844));
#2571 = CIRCLE('',#2572,2.1844);
#2572 = AXIS2_PLACEMENT_3D('',#2573,#2574,#2575);
#2573 = CARTESIAN_POINT('',(179.,120.5,-17.));
#2574 = DIRECTION('',(-2.22044604925E-16,-1.,-1.224646799147E-16));
#2575 = DIRECTION('',(-2.719262146894E-32,1.224646799147E-16,-1.));
#2576 = ORIENTED_EDGE('',*,*,#2577,.F.);
#2577 = EDGE_CURVE('',#2409,#2569,#2578,.T.);
#2578 = LINE('',#2579,#2580);
#2579 = CARTESIAN_POINT('',(179.,125.,-19.1844));
#2580 = VECTOR('',#2581,1.);
#2581 = DIRECTION('',(-2.22044604925E-16,-1.,-1.224646799147E-16));
#2582 = ORIENTED_EDGE('',*,*,#2408,.T.);
#2583 = ORIENTED_EDGE('',*,*,#2577,.T.);
#2584 = CYLINDRICAL_SURFACE('',#2585,2.1844);
#2585 = AXIS2_PLACEMENT_3D('',#2586,#2587,#2588);
#2586 = CARTESIAN_POINT('',(179.,125.,-17.));
#2587 = DIRECTION('',(-2.22044604925E-16,-1.,-1.224646799147E-16));
#2588 = DIRECTION('',(-2.719262146894E-32,1.224646799147E-16,-1.));
#2589 = ADVANCED_FACE('',(#2590),#2609,.F.);
#2590 = FACE_BOUND('',#2591,.F.);
#2591 = EDGE_LOOP('',(#2592,#2601,#2607,#2608));
#2592 = ORIENTED_EDGE('',*,*,#2593,.F.);
#2593 = EDGE_CURVE('',#2594,#2594,#2596,.T.);
#2594 = VERTEX_POINT('',#2595);
#2595 = CARTESIAN_POINT('',(210.5,120.5,14.8156));
#2596 = CIRCLE('',#2597,2.1844);
#2597 = AXIS2_PLACEMENT_3D('',#2598,#2599,#2600);
#2598 = CARTESIAN_POINT('',(210.5,120.5,17.));
#2599 = DIRECTION('',(-2.22044604925E-16,-1.,-1.224646799147E-16));
#2600 = DIRECTION('',(-2.719262146894E-32,1.224646799147E-16,-1.));
#2601 = ORIENTED_EDGE('',*,*,#2602,.F.);
#2602 = EDGE_CURVE('',#2420,#2594,#2603,.T.);
#2603 = LINE('',#2604,#2605);
#2604 = CARTESIAN_POINT('',(210.5,125.,14.8156));
#2605 = VECTOR('',#2606,1.);
#2606 = DIRECTION('',(-2.22044604925E-16,-1.,-1.224646799147E-16));
#2607 = ORIENTED_EDGE('',*,*,#2419,.T.);
#2608 = ORIENTED_EDGE('',*,*,#2602,.T.);
#2609 = CYLINDRICAL_SURFACE('',#2610,2.1844);
#2610 = AXIS2_PLACEMENT_3D('',#2611,#2612,#2613);
#2611 = CARTESIAN_POINT('',(210.5,125.,17.));
#2612 = DIRECTION('',(-2.22044604925E-16,-1.,-1.224646799147E-16));
#2613 = DIRECTION('',(-2.719262146894E-32,1.224646799147E-16,-1.));
#2614 = ADVANCED_FACE('',(#2615),#2634,.F.);
#2615 = FACE_BOUND('',#2616,.F.);
#2616 = EDGE_LOOP('',(#2617,#2626,#2632,#2633));
#2617 = ORIENTED_EDGE('',*,*,#2618,.F.);
#2618 = EDGE_CURVE('',#2619,#2619,#2621,.T.);
#2619 = VERTEX_POINT('',#2620);
#2620 = CARTESIAN_POINT('',(210.5,120.5,-19.1844));
#2621 = CIRCLE('',#2622,2.1844);
#2622 = AXIS2_PLACEMENT_3D('',#2623,#2624,#2625);
#2623 = CARTESIAN_POINT('',(210.5,120.5,-17.));
#2624 = DIRECTION('',(-2.22044604925E-16,-1.,-1.224646799147E-16));
#2625 = DIRECTION('',(-2.719262146894E-32,1.224646799147E-16,-1.));
#2626 = ORIENTED_EDGE('',*,*,#2627,.F.);
#2627 = EDGE_CURVE('',#2431,#2619,#2628,.T.);
#2628 = LINE('',#2629,#2630);
#2629 = CARTESIAN_POINT('',(210.5,125.,-19.1844));
#2630 = VECTOR('',#2631,1.);
#2631 = DIRECTION('',(-2.22044604925E-16,-1.,-1.224646799147E-16));
#2632 = ORIENTED_EDGE('',*,*,#2430,.T.);
#2633 = ORIENTED_EDGE('',*,*,#2627,.T.);
#2634 = CYLINDRICAL_SURFACE('',#2635,2.1844);
#2635 = AXIS2_PLACEMENT_3D('',#2636,#2637,#2638);
#2636 = CARTESIAN_POINT('',(210.5,125.,-17.));
#2637 = DIRECTION('',(-2.22044604925E-16,-1.,-1.224646799147E-16));
#2638 = DIRECTION('',(-2.719262146894E-32,1.224646799147E-16,-1.));
#2639 = ADVANCED_FACE('',(#2640,#2646,#2657,#2668,#2679),#2690,.T.);
#2640 = FACE_BOUND('',#2641,.T.);
#2641 = EDGE_LOOP('',(#2642,#2643,#2644,#2645));
#2642 = ORIENTED_EDGE('',*,*,#2464,.F.);
#2643 = ORIENTED_EDGE('',*,*,#2504,.T.);
#2644 = ORIENTED_EDGE('',*,*,#2529,.T.);
#2645 = ORIENTED_EDGE('',*,*,#2480,.F.);
#2646 = FACE_BOUND('',#2647,.T.);
#2647 = EDGE_LOOP('',(#2648));
#2648 = ORIENTED_EDGE('',*,*,#2649,.F.);
#2649 = EDGE_CURVE('',#2650,#2650,#2652,.T.);
#2650 = VERTEX_POINT('',#2651);
#2651 = CARTESIAN_POINT('',(179.,116.,13.25));
#2652 = CIRCLE('',#2653,3.75);
#2653 = AXIS2_PLACEMENT_3D('',#2654,#2655,#2656);
#2654 = CARTESIAN_POINT('',(179.,116.,17.));
#2655 = DIRECTION('',(-2.22044604925E-16,-1.,-1.224646799147E-16));
#2656 = DIRECTION('',(-2.719262146894E-32,1.224646799147E-16,-1.));
#2657 = FACE_BOUND('',#2658,.T.);
#2658 = EDGE_LOOP('',(#2659));
#2659 = ORIENTED_EDGE('',*,*,#2660,.F.);
#2660 = EDGE_CURVE('',#2661,#2661,#2663,.T.);
#2661 = VERTEX_POINT('',#2662);
#2662 = CARTESIAN_POINT('',(179.,116.,-20.75));
#2663 = CIRCLE('',#2664,3.75);
#2664 = AXIS2_PLACEMENT_3D('',#2665,#2666,#2667);
#2665 = CARTESIAN_POINT('',(179.,116.,-17.));
#2666 = DIRECTION('',(-2.22044604925E-16,-1.,-1.224646799147E-16));
#2667 = DIRECTION('',(-2.719262146894E-32,1.224646799147E-16,-1.));
#2668 = FACE_BOUND('',#2669,.T.);
#2669 = EDGE_LOOP('',(#2670));
#2670 = ORIENTED_EDGE('',*,*,#2671,.F.);
#2671 = EDGE_CURVE('',#2672,#2672,#2674,.T.);
#2672 = VERTEX_POINT('',#2673);
#2673 = CARTESIAN_POINT('',(210.5,116.,13.25));
#2674 = CIRCLE('',#2675,3.75);
#2675 = AXIS2_PLACEMENT_3D('',#2676,#2677,#2678);
#2676 = CARTESIAN_POINT('',(210.5,116.,17.));
#2677 = DIRECTION('',(-2.22044604925E-16,-1.,-1.224646799147E-16));
#2678 = DIRECTION('',(-2.719262146894E-32,1.224646799147E-16,-1.));
#2679 = FACE_BOUND('',#2680,.T.);
#2680 = EDGE_LOOP('',(#2681));
#2681 = ORIENTED_EDGE('',*,*,#2682,.F.);
#2682 = EDGE_CURVE('',#2683,#2683,#2685,.T.);
#2683 = VERTEX_POINT('',#2684);
#2684 = CARTESIAN_POINT('',(210.5,116.,-20.75));
#2685 = CIRCLE('',#2686,3.75);
#2686 = AXIS2_PLACEMENT_3D('',#2687,#2688,#2689);
#2687 = CARTESIAN_POINT('',(210.5,116.,-17.));
#2688 = DIRECTION('',(-2.22044604925E-16,-1.,-1.224646799147E-16));
#2689 = DIRECTION('',(-2.719262146894E-32,1.224646799147E-16,-1.));
#2690 = PLANE('',#2691);
#2691 = AXIS2_PLACEMENT_3D('',#2692,#2693,#2694);
#2692 = CARTESIAN_POINT('',(216.2,116.,24.));
#2693 = DIRECTION('',(-2.22044604925E-16,-1.,-1.224646799147E-16));
#2694 = DIRECTION('',(-2.719262146894E-32,1.224646799147E-16,-1.));
#2695 = ADVANCED_FACE('',(#2696,#2707),#2710,.T.);
#2696 = FACE_BOUND('',#2697,.T.);
#2697 = EDGE_LOOP('',(#2698));
#2698 = ORIENTED_EDGE('',*,*,#2699,.T.);
#2699 = EDGE_CURVE('',#2700,#2700,#2702,.T.);
#2700 = VERTEX_POINT('',#2701);
#2701 = CARTESIAN_POINT('',(179.,120.5,13.25));
#2702 = CIRCLE('',#2703,3.75);
#2703 = AXIS2_PLACEMENT_3D('',#2704,#2705,#2706);
#2704 = CARTESIAN_POINT('',(179.,120.5,17.));
#2705 = DIRECTION('',(-2.22044604925E-16,-1.,-1.224646799147E-16));
#2706 = DIRECTION('',(-2.719262146894E-32,1.224646799147E-16,-1.));
#2707 = FACE_BOUND('',#2708,.T.);
#2708 = EDGE_LOOP('',(#2709));
#2709 = ORIENTED_EDGE('',*,*,#2543,.F.);
#2710 = PLANE('',#2711);
#2711 = AXIS2_PLACEMENT_3D('',#2712,#2713,#2714);
#2712 = CARTESIAN_POINT('',(179.,120.5,17.));
#2713 = DIRECTION('',(-2.22044604925E-16,-1.,-1.224646799147E-16));
#2714 = DIRECTION('',(-2.719262146894E-32,1.224646799147E-16,-1.));
#2715 = ADVANCED_FACE('',(#2716,#2727),#2730,.T.);
#2716 = FACE_BOUND('',#2717,.T.);
#2717 = EDGE_LOOP('',(#2718));
#2718 = ORIENTED_EDGE('',*,*,#2719,.T.);
#2719 = EDGE_CURVE('',#2720,#2720,#2722,.T.);
#2720 = VERTEX_POINT('',#2721);
#2721 = CARTESIAN_POINT('',(179.,120.5,-20.75));
#2722 = CIRCLE('',#2723,3.75);
#2723 = AXIS2_PLACEMENT_3D('',#2724,#2725,#2726);
#2724 = CARTESIAN_POINT('',(179.,120.5,-17.));
#2725 = DIRECTION('',(-2.22044604925E-16,-1.,-1.224646799147E-16));
#2726 = DIRECTION('',(-2.719262146894E-32,1.224646799147E-16,-1.));
#2727 = FACE_BOUND('',#2728,.T.);
#2728 = EDGE_LOOP('',(#2729));
#2729 = ORIENTED_EDGE('',*,*,#2568,.F.);
#2730 = PLANE('',#2731);
#2731 = AXIS2_PLACEMENT_3D('',#2732,#2733,#2734);
#2732 = CARTESIAN_POINT('',(179.,120.5,-17.));
#2733 = DIRECTION('',(-2.22044604925E-16,-1.,-1.224646799147E-16));
#2734 = DIRECTION('',(-2.719262146894E-32,1.224646799147E-16,-1.));
#2735 = ADVANCED_FACE('',(#2736,#2747),#2750,.T.);
#2736 = FACE_BOUND('',#2737,.T.);
#2737 = EDGE_LOOP('',(#2738));
#2738 = ORIENTED_EDGE('',*,*,#2739,.T.);
#2739 = EDGE_CURVE('',#2740,#2740,#2742,.T.);
#2740 = VERTEX_POINT('',#2741);
#2741 = CARTESIAN_POINT('',(210.5,120.5,13.25));
#2742 = CIRCLE('',#2743,3.75);
#2743 = AXIS2_PLACEMENT_3D('',#2744,#2745,#2746);
#2744 = CARTESIAN_POINT('',(210.5,120.5,17.));
#2745 = DIRECTION('',(-2.22044604925E-16,-1.,-1.224646799147E-16));
#2746 = DIRECTION('',(-2.719262146894E-32,1.224646799147E-16,-1.));
#2747 = FACE_BOUND('',#2748,.T.);
#2748 = EDGE_LOOP('',(#2749));
#2749 = ORIENTED_EDGE('',*,*,#2593,.F.);
#2750 = PLANE('',#2751);
#2751 = AXIS2_PLACEMENT_3D('',#2752,#2753,#2754);
#2752 = CARTESIAN_POINT('',(210.5,120.5,17.));
#2753 = DIRECTION('',(-2.22044604925E-16,-1.,-1.224646799147E-16));
#2754 = DIRECTION('',(-2.719262146894E-32,1.224646799147E-16,-1.));
#2755 = ADVANCED_FACE('',(#2756,#2767),#2770,.T.);
#2756 = FACE_BOUND('',#2757,.T.);
#2757 = EDGE_LOOP('',(#2758));
#2758 = ORIENTED_EDGE('',*,*,#2759,.T.);
#2759 = EDGE_CURVE('',#2760,#2760,#2762,.T.);
#2760 = VERTEX_POINT('',#2761);
#2761 = CARTESIAN_POINT('',(210.5,120.5,-20.75));
#2762 = CIRCLE('',#2763,3.75);
#2763 = AXIS2_PLACEMENT_3D('',#2764,#2765,#2766);
#2764 = CARTESIAN_POINT('',(210.5,120.5,-17.));
#2765 = DIRECTION('',(-2.22044604925E-16,-1.,-1.224646799147E-16));
#2766 = DIRECTION('',(-2.719262146894E-32,1.224646799147E-16,-1.));
#2767 = FACE_BOUND('',#2768,.T.);
#2768 = EDGE_LOOP('',(#2769));
#2769 = ORIENTED_EDGE('',*,*,#2618,.F.);
#2770 = PLANE('',#2771);
#2771 = AXIS2_PLACEMENT_3D('',#2772,#2773,#2774);
#2772 = CARTESIAN_POINT('',(210.5,120.5,-17.));
#2773 = DIRECTION('',(-2.22044604925E-16,-1.,-1.224646799147E-16));
#2774 = DIRECTION('',(-2.719262146894E-32,1.224646799147E-16,-1.));
#2775 = ADVANCED_FACE('',(#2776),#2787,.F.);
#2776 = FACE_BOUND('',#2777,.F.);
#2777 = EDGE_LOOP('',(#2778,#2779,#2785,#2786));
#2778 = ORIENTED_EDGE('',*,*,#2649,.F.);
#2779 = ORIENTED_EDGE('',*,*,#2780,.F.);
#2780 = EDGE_CURVE('',#2700,#2650,#2781,.T.);
#2781 = LINE('',#2782,#2783);
#2782 = CARTESIAN_POINT('',(179.,120.5,13.25));
#2783 = VECTOR('',#2784,1.);
#2784 = DIRECTION('',(-2.22044604925E-16,-1.,-1.224646799147E-16));
#2785 = ORIENTED_EDGE('',*,*,#2699,.T.);
#2786 = ORIENTED_EDGE('',*,*,#2780,.T.);
#2787 = CYLINDRICAL_SURFACE('',#2788,3.75);
#2788 = AXIS2_PLACEMENT_3D('',#2789,#2790,#2791);
#2789 = CARTESIAN_POINT('',(179.,120.5,17.));
#2790 = DIRECTION('',(-2.22044604925E-16,-1.,-1.224646799147E-16));
#2791 = DIRECTION('',(-2.719262146894E-32,1.224646799147E-16,-1.));
#2792 = ADVANCED_FACE('',(#2793),#2804,.F.);
#2793 = FACE_BOUND('',#2794,.F.);
#2794 = EDGE_LOOP('',(#2795,#2796,#2802,#2803));
#2795 = ORIENTED_EDGE('',*,*,#2660,.F.);
#2796 = ORIENTED_EDGE('',*,*,#2797,.F.);
#2797 = EDGE_CURVE('',#2720,#2661,#2798,.T.);
#2798 = LINE('',#2799,#2800);
#2799 = CARTESIAN_POINT('',(179.,120.5,-20.75));
#2800 = VECTOR('',#2801,1.);
#2801 = DIRECTION('',(-2.22044604925E-16,-1.,-1.224646799147E-16));
#2802 = ORIENTED_EDGE('',*,*,#2719,.T.);
#2803 = ORIENTED_EDGE('',*,*,#2797,.T.);
#2804 = CYLINDRICAL_SURFACE('',#2805,3.75);
#2805 = AXIS2_PLACEMENT_3D('',#2806,#2807,#2808);
#2806 = CARTESIAN_POINT('',(179.,120.5,-17.));
#2807 = DIRECTION('',(-2.22044604925E-16,-1.,-1.224646799147E-16));
#2808 = DIRECTION('',(-2.719262146894E-32,1.224646799147E-16,-1.));
#2809 = ADVANCED_FACE('',(#2810),#2821,.F.);
#2810 = FACE_BOUND('',#2811,.F.);
#2811 = EDGE_LOOP('',(#2812,#2813,#2819,#2820));
#2812 = ORIENTED_EDGE('',*,*,#2671,.F.);
#2813 = ORIENTED_EDGE('',*,*,#2814,.F.);
#2814 = EDGE_CURVE('',#2740,#2672,#2815,.T.);
#2815 = LINE('',#2816,#2817);
#2816 = CARTESIAN_POINT('',(210.5,120.5,13.25));
#2817 = VECTOR('',#2818,1.);
#2818 = DIRECTION('',(-2.22044604925E-16,-1.,-1.224646799147E-16));
#2819 = ORIENTED_EDGE('',*,*,#2739,.T.);
#2820 = ORIENTED_EDGE('',*,*,#2814,.T.);
#2821 = CYLINDRICAL_SURFACE('',#2822,3.75);
#2822 = AXIS2_PLACEMENT_3D('',#2823,#2824,#2825);
#2823 = CARTESIAN_POINT('',(210.5,120.5,17.));
#2824 = DIRECTION('',(-2.22044604925E-16,-1.,-1.224646799147E-16));
#2825 = DIRECTION('',(-2.719262146894E-32,1.224646799147E-16,-1.));
#2826 = ADVANCED_FACE('',(#2827),#2838,.F.);
#2827 = FACE_BOUND('',#2828,.F.);
#2828 = EDGE_LOOP('',(#2829,#2830,#2836,#2837));
#2829 = ORIENTED_EDGE('',*,*,#2682,.F.);
#2830 = ORIENTED_EDGE('',*,*,#2831,.F.);
#2831 = EDGE_CURVE('',#2760,#2683,#2832,.T.);
#2832 = LINE('',#2833,#2834);
#2833 = CARTESIAN_POINT('',(210.5,120.5,-20.75));
#2834 = VECTOR('',#2835,1.);
#2835 = DIRECTION('',(-2.22044604925E-16,-1.,-1.224646799147E-16));
#2836 = ORIENTED_EDGE('',*,*,#2759,.T.);
#2837 = ORIENTED_EDGE('',*,*,#2831,.T.);
#2838 = CYLINDRICAL_SURFACE('',#2839,3.75);
#2839 = AXIS2_PLACEMENT_3D('',#2840,#2841,#2842);
#2840 = CARTESIAN_POINT('',(210.5,120.5,-17.));
#2841 = DIRECTION('',(-2.22044604925E-16,-1.,-1.224646799147E-16));
#2842 = DIRECTION('',(-2.719262146894E-32,1.224646799147E-16,-1.));
#2843 = MANIFOLD_SOLID_BREP('',#2844);
#2844 = CLOSED_SHELL('',(#2845,#2950,#2959,#2968,#2993));
#2845 = ADVANCED_FACE('',(#2846,#2873),#2945,.T.);
#2846 = FACE_BOUND('',#2847,.T.);
#2847 = EDGE_LOOP('',(#2848,#2858,#2865,#2866));
#2848 = ORIENTED_EDGE('',*,*,#2849,.T.);
#2849 = EDGE_CURVE('',#2850,#2852,#2854,.T.);
#2850 = VERTEX_POINT('',#2851);
#2851 = CARTESIAN_POINT('',(196.,126.08,12.7));
#2852 = VERTEX_POINT('',#2853);
#2853 = CARTESIAN_POINT('',(196.,197.92,12.7));
#2854 = LINE('',#2855,#2856);
#2855 = CARTESIAN_POINT('',(196.,126.08,12.7));
#2856 = VECTOR('',#2857,1.);
#2857 = DIRECTION('',(-2.22044604925E-16,1.,0.));
#2858 = ORIENTED_EDGE('',*,*,#2859,.F.);
#2859 = EDGE_CURVE('',#2852,#2852,#2860,.T.);
#2860 = CIRCLE('',#2861,12.7);
#2861 = AXIS2_PLACEMENT_3D('',#2862,#2863,#2864);
#2862 = CARTESIAN_POINT('',(196.,197.92,0.));
#2863 = DIRECTION('',(-2.22044604925E-16,1.,0.));
#2864 = DIRECTION('',(0.,0.,1.));
#2865 = ORIENTED_EDGE('',*,*,#2849,.F.);
#2866 = ORIENTED_EDGE('',*,*,#2867,.T.);
#2867 = EDGE_CURVE('',#2850,#2850,#2868,.T.);
#2868 = CIRCLE('',#2869,12.7);
#2869 = AXIS2_PLACEMENT_3D('',#2870,#2871,#2872);
#2870 = CARTESIAN_POINT('',(196.,126.08,0.));
#2871 = DIRECTION('',(-2.22044604925E-16,1.,0.));
#2872 = DIRECTION('',(0.,0.,1.));
#2873 = FACE_BOUND('',#2874,.T.);
#2874 = EDGE_LOOP('',(#2875));
#2875 = ORIENTED_EDGE('',*,*,#2876,.F.);
#2876 = EDGE_CURVE('',#2877,#2877,#2879,.T.);
#2877 = VERTEX_POINT('',#2878);
#2878 = CARTESIAN_POINT('',(183.69684999685,162.,3.15));
#2879 = B_SPLINE_CURVE_WITH_KNOTS('',8,(#2880,#2881,#2882,#2883,#2884,
    #2885,#2886,#2887,#2888,#2889,#2890,#2891,#2892,#2893,#2894,#2895,
    #2896,#2897,#2898,#2899,#2900,#2901,#2902,#2903,#2904,#2905,#2906,
    #2907,#2908,#2909,#2910,#2911,#2912,#2913,#2914,#2915,#2916,#2917,
    #2918,#2919,#2920,#2921,#2922,#2923,#2924,#2925,#2926,#2927,#2928,
    #2929,#2930,#2931,#2932,#2933,#2934,#2935,#2936,#2937,#2938,#2939,
    #2940,#2941,#2942,#2943,#2944),.UNSPECIFIED.,.T.,.F.,(9,7,7,7,7,7,7,
    7,7,9),(0.,0.101985771046,0.202199406541,0.29617458089,
    0.415588109689,0.515265318435,0.637519430301,0.731726370833,
    0.820456546002,1.),.UNSPECIFIED.);
#2880 = CARTESIAN_POINT('',(183.69684999685,162.,3.15));
#2881 = CARTESIAN_POINT('',(183.69684999685,162.23565285894,3.15));
#2882 = CARTESIAN_POINT('',(183.69169175087,162.47126125473,
    3.129852077888));
#2883 = CARTESIAN_POINT('',(183.68137768316,162.70483711138,
    3.089570369222));
#2884 = CARTESIAN_POINT('',(183.66616844935,162.93440623398,
    3.029396582108));
#2885 = CARTESIAN_POINT('',(183.64657609079,163.15801807271,
    2.949797719846));
#2886 = CARTESIAN_POINT('',(183.62333210607,163.37376598955,
    2.85147094002));
#2887 = CARTESIAN_POINT('',(183.59733043981,163.57981802757,
    2.735355550033));
#2888 = CARTESIAN_POINT('',(183.54224313908,163.96571621212,
    2.472254622694));
#2889 = CARTESIAN_POINT('',(183.51255195766,164.1506307205,
    2.322653258585));
#2890 = CARTESIAN_POINT('',(183.48117905659,164.32712417701,
    2.153279133624));
#2891 = CARTESIAN_POINT('',(183.44905887724,164.49280067401,
    1.963699677843));
#2892 = CARTESIAN_POINT('',(183.41736058067,164.64491620856,
    1.753670361996));
#2893 = CARTESIAN_POINT('',(183.38748936228,164.78032976871,
    1.523212730369));
#2894 = CARTESIAN_POINT('',(183.36104325221,164.89542236408,
    1.272737686355));
#2895 = CARTESIAN_POINT('',(183.31966033202,165.07088310875,
    0.750505316747));
#2896 = CARTESIAN_POINT('',(183.30413356427,165.13411241701,
    0.48134087794));
#2897 = CARTESIAN_POINT('',(183.29481097945,165.17076049574,
    0.201084899925));
#2898 = CARTESIAN_POINT('',(183.29289509939,165.17810047215,
    -8.419268337857E-02));
#2899 = CARTESIAN_POINT('',(183.29870505716,165.15548013351,
    -0.368086951311));
#2900 = CARTESIAN_POINT('',(183.31158031938,165.10429155619,
    -0.644263288497));
#2901 = CARTESIAN_POINT('',(183.3300501408,165.0280034551,
    -0.906854283363));
#2902 = CARTESIAN_POINT('',(183.38045707694,164.81058206484,
    -1.460834951004));
#2903 = CARTESIAN_POINT('',(183.41484349644,164.65680498755,
    -1.742512796321));
#2904 = CARTESIAN_POINT('',(183.45260583322,164.47790295812,
    -1.995001432418));
#2905 = CARTESIAN_POINT('',(183.49123729009,164.27942810841,
    -2.21844210063));
#2906 = CARTESIAN_POINT('',(183.52873107893,164.06584105636,
    -2.413517831138));
#2907 = CARTESIAN_POINT('',(183.56357321305,163.84073024107,
    -2.581161679463));
#2908 = CARTESIAN_POINT('',(183.5946465465,163.60695234341,
    -2.722368769931));
#2909 = CARTESIAN_POINT('',(183.64330758146,163.16621783745,
    -2.93461532163));
#2910 = CARTESIAN_POINT('',(183.6623158765,162.96084552514,
    -3.013572137508));
#2911 = CARTESIAN_POINT('',(183.67771921234,162.75185644194,
    -3.075346944057));
#2912 = CARTESIAN_POINT('',(183.68918152475,162.54030980141,
    -3.120267814086));
#2913 = CARTESIAN_POINT('',(183.69648585123,162.32713756331,
    -3.148563283035));
#2914 = CARTESIAN_POINT('',(183.69952182276,162.11319640368,
    -3.160356492967));
#2915 = CARTESIAN_POINT('',(183.69827998092,161.8993185217,
    -3.155656528172));
#2916 = CARTESIAN_POINT('',(183.6861966293,161.42516919745,
    -3.108210732173));
#2917 = CARTESIAN_POINT('',(183.67325532135,161.16577463074,
    -3.057130713847));
#2918 = CARTESIAN_POINT('',(183.65422842933,160.90952370411,
    -2.981005755333));
#2919 = CARTESIAN_POINT('',(183.62952294156,160.65796166845,
    -2.879360539734));
#2920 = CARTESIAN_POINT('',(183.59977904625,160.41296297253,
    -2.751419784246));
#2921 = CARTESIAN_POINT('',(183.56594641511,160.17690061821,
    -2.596186445858));
#2922 = CARTESIAN_POINT('',(183.52937761358,159.9528746249,
    -2.412549387334));
#2923 = CARTESIAN_POINT('',(183.46302946279,159.58484974077,
    -2.035232111273));
#2924 = CARTESIAN_POINT('',(183.43329804996,159.43251038352,
    -1.851704499618));
#2925 = CARTESIAN_POINT('',(183.40376861533,159.29161144152,
    -1.649074849518));
#2926 = CARTESIAN_POINT('',(183.37573056204,159.16560964762,
    -1.428083943714));
#2927 = CARTESIAN_POINT('',(183.35059970781,159.05780362238,
    -1.189949855163));
#2928 = CARTESIAN_POINT('',(183.32979685117,158.97134239273,
    -0.936342646996));
#2929 = CARTESIAN_POINT('',(183.31461016393,158.909247186,
    -0.669385557429));
#2930 = CARTESIAN_POINT('',(183.29797080452,158.84166896691,
    -0.13012417151));
#2931 = CARTESIAN_POINT('',(183.29594401992,158.83380555216,
    0.135373744628));
#2932 = CARTESIAN_POINT('',(183.30040259955,158.85167268181,
    0.400486871958));
#2933 = CARTESIAN_POINT('',(183.31124643248,158.89486492905,
    0.660796023341));
#2934 = CARTESIAN_POINT('',(183.32776570968,158.96180967201,
    0.912021468492));
#2935 = CARTESIAN_POINT('',(183.34874631435,159.04978059594,
    1.150245198535));
#2936 = CARTESIAN_POINT('',(183.37268376468,159.15488251354,
    1.372111959964));
#2937 = CARTESIAN_POINT('',(183.44935025495,159.50904492403,
    1.985539249056));
#2938 = CARTESIAN_POINT('',(183.507955592,159.80220198815,2.330240694245
    ));
#2939 = CARTESIAN_POINT('',(183.56550998178,160.13193349838,
    2.610057400771));
#2940 = CARTESIAN_POINT('',(183.61596179972,160.48555430547,
    2.828635402973));
#2941 = CARTESIAN_POINT('',(183.65581289222,160.85429608818,
    2.989708145478));
#2942 = CARTESIAN_POINT('',(183.68309879573,161.23220219255,
    3.096293091593));
#2943 = CARTESIAN_POINT('',(183.69684999685,161.61525493792,3.15));
#2944 = CARTESIAN_POINT('',(183.69684999685,162.,3.15));
#2945 = CYLINDRICAL_SURFACE('',#2946,12.7);
#2946 = AXIS2_PLACEMENT_3D('',#2947,#2948,#2949);
#2947 = CARTESIAN_POINT('',(196.,126.08,0.));
#2948 = DIRECTION('',(-2.22044604925E-16,1.,0.));
#2949 = DIRECTION('',(0.,0.,1.));
#2950 = ADVANCED_FACE('',(#2951),#2954,.F.);
#2951 = FACE_BOUND('',#2952,.T.);
#2952 = EDGE_LOOP('',(#2953));
#2953 = ORIENTED_EDGE('',*,*,#2867,.F.);
#2954 = PLANE('',#2955);
#2955 = AXIS2_PLACEMENT_3D('',#2956,#2957,#2958);
#2956 = CARTESIAN_POINT('',(196.,126.08,0.));
#2957 = DIRECTION('',(-2.22044604925E-16,1.,0.));
#2958 = DIRECTION('',(0.,0.,1.));
#2959 = ADVANCED_FACE('',(#2960),#2963,.T.);
#2960 = FACE_BOUND('',#2961,.T.);
#2961 = EDGE_LOOP('',(#2962));
#2962 = ORIENTED_EDGE('',*,*,#2859,.T.);
#2963 = PLANE('',#2964);
#2964 = AXIS2_PLACEMENT_3D('',#2965,#2966,#2967);
#2965 = CARTESIAN_POINT('',(196.,197.92,0.));
#2966 = DIRECTION('',(-2.22044604925E-16,1.,0.));
#2967 = DIRECTION('',(0.,0.,1.));
#2968 = ADVANCED_FACE('',(#2969),#2988,.T.);
#2969 = FACE_BOUND('',#2970,.T.);
#2970 = EDGE_LOOP('',(#2971,#2979,#2986,#2987));
#2971 = ORIENTED_EDGE('',*,*,#2972,.T.);
#2972 = EDGE_CURVE('',#2877,#2973,#2975,.T.);
#2973 = VERTEX_POINT('',#2974);
#2974 = CARTESIAN_POINT('',(173.3,162.,3.15));
#2975 = LINE('',#2976,#2977);
#2976 = CARTESIAN_POINT('',(184.3,162.,3.15));
#2977 = VECTOR('',#2978,1.);
#2978 = DIRECTION('',(-1.,-2.22044604925E-16,0.));
#2979 = ORIENTED_EDGE('',*,*,#2980,.F.);
#2980 = EDGE_CURVE('',#2973,#2973,#2981,.T.);
#2981 = CIRCLE('',#2982,3.15);
#2982 = AXIS2_PLACEMENT_3D('',#2983,#2984,#2985);
#2983 = CARTESIAN_POINT('',(173.3,162.,0.));
#2984 = DIRECTION('',(-1.,-2.22044604925E-16,0.));
#2985 = DIRECTION('',(0.,0.,1.));
#2986 = ORIENTED_EDGE('',*,*,#2972,.F.);
#2987 = ORIENTED_EDGE('',*,*,#2876,.T.);
#2988 = CYLINDRICAL_SURFACE('',#2989,3.15);
#2989 = AXIS2_PLACEMENT_3D('',#2990,#2991,#2992);
#2990 = CARTESIAN_POINT('',(184.3,162.,0.));
#2991 = DIRECTION('',(-1.,-2.22044604925E-16,0.));
#2992 = DIRECTION('',(0.,0.,1.));
#2993 = ADVANCED_FACE('',(#2994),#2997,.T.);
#2994 = FACE_BOUND('',#2995,.T.);
#2995 = EDGE_LOOP('',(#2996));
#2996 = ORIENTED_EDGE('',*,*,#2980,.T.);
#2997 = PLANE('',#2998);
#2998 = AXIS2_PLACEMENT_3D('',#2999,#3000,#3001);
#2999 = CARTESIAN_POINT('',(173.3,162.,0.));
#3000 = DIRECTION('',(-1.,-2.22044604925E-16,0.));
#3001 = DIRECTION('',(0.,0.,1.));
#3002 = ( GEOMETRIC_REPRESENTATION_CONTEXT(3) 
GLOBAL_UNCERTAINTY_ASSIGNED_CONTEXT((#3006)) 
GLOBAL_UNIT_ASSIGNED_CONTEXT((#3003,#3004,#3005)) REPRESENTATION_CONTEXT
('Context #1','3D Context with UNIT and UNCERTAINTY') );
#3003 = ( LENGTH_UNIT() NAMED_UNIT(*) SI_UNIT(.MILLI.,.METRE.) );
#3004 = ( NAMED_UNIT(*) PLANE_ANGLE_UNIT() SI_UNIT($,.RADIAN.) );
#3005 = ( NAMED_UNIT(*) SI_UNIT($,.STERADIAN.) SOLID_ANGLE_UNIT() );
#3006 = UNCERTAINTY_MEASURE_WITH_UNIT(LENGTH_MEASURE(1.E-07),#3003,
  'distance_accuracy_value','confusion accuracy');
#3007 = PRODUCT_RELATED_PRODUCT_CATEGORY('part',$,(#7));
ENDSEC;
END-ISO-10303-21;
