ISO-10303-21;
HEADER;
FILE_DESCRIPTION(('FreeCAD Model'),'2;1');
FILE_NAME('Open CASCADE Shape Model','2026-10-07T23:57:03',('FreeCAD'),(
    'FreeCAD'),'Open CASCADE STEP processor 7.8','FreeCAD','Unknown');
FILE_SCHEMA(('AUTOMOTIVE_DESIGN { 1 0 10303 214 1 1 1 1 }'));
ENDSEC;
DATA;
#1 = APPLICATION_PROTOCOL_DEFINITION('international standard',
  'automotive_design',2000,#2);
#2 = APPLICATION_CONTEXT(
  'core data for automotive mechanical design processes');
#3 = SHAPE_DEFINITION_REPRESENTATION(#4,#10);
#4 = PRODUCT_DEFINITION_SHAPE('','',#5);
#5 = PRODUCT_DEFINITION('design','',#6,#9);
#6 = PRODUCT_DEFINITION_FORMATION('','',#7);
#7 = PRODUCT('Open CASCADE STEP translator 7.8 30',
  'Open CASCADE STEP translator 7.8 30','',(#8));
#8 = PRODUCT_CONTEXT('',#2,'mechanical');
#9 = PRODUCT_DEFINITION_CONTEXT('part definition',#2,'design');
#10 = SHAPE_REPRESENTATION('',(#11,#15,#1161,#2489,#2975,#3461),#3620);
#11 = AXIS2_PLACEMENT_3D('',#12,#13,#14);
#12 = CARTESIAN_POINT('',(0.,0.,0.));
#13 = DIRECTION('',(0.,0.,1.));
#14 = DIRECTION('',(1.,0.,-0.));
#15 = MANIFOLD_SOLID_BREP('',#16);
#16 = CLOSED_SHELL('',(#17,#96,#127,#151,#516,#612,#636,#685,#710,#735,
    #776,#816,#840,#864,#881,#898,#915,#927,#949,#966,#983,#995,#1017,
    #1034,#1051,#1063,#1072,#1081,#1106,#1131,#1143,#1152));
#17 = ADVANCED_FACE('',(#18,#69,#80),#91,.F.);
#18 = FACE_BOUND('',#19,.F.);
#19 = EDGE_LOOP('',(#20,#30,#38,#46,#54,#62));
#20 = ORIENTED_EDGE('',*,*,#21,.F.);
#21 = EDGE_CURVE('',#22,#24,#26,.T.);
#22 = VERTEX_POINT('',#23);
#23 = CARTESIAN_POINT('',(216.2,119.5,0.));
#24 = VERTEX_POINT('',#25);
#25 = CARTESIAN_POINT('',(211.2,119.5,0.));
#26 = LINE('',#27,#28);
#27 = CARTESIAN_POINT('',(216.2,119.5,0.));
#28 = VECTOR('',#29,1.);
#29 = DIRECTION('',(-1.,-2.22044604925E-16,0.));
#30 = ORIENTED_EDGE('',*,*,#31,.F.);
#31 = EDGE_CURVE('',#32,#22,#34,.T.);
#32 = VERTEX_POINT('',#33);
#33 = CARTESIAN_POINT('',(216.2,119.5,-24.));
#34 = LINE('',#35,#36);
#35 = CARTESIAN_POINT('',(216.2,119.5,-24.));
#36 = VECTOR('',#37,1.);
#37 = DIRECTION('',(0.,0.,1.));
#38 = ORIENTED_EDGE('',*,*,#39,.T.);
#39 = EDGE_CURVE('',#32,#40,#42,.T.);
#40 = VERTEX_POINT('',#41);
#41 = CARTESIAN_POINT('',(169.3,119.5,-24.));
#42 = LINE('',#43,#44);
#43 = CARTESIAN_POINT('',(216.2,119.5,-24.));
#44 = VECTOR('',#45,1.);
#45 = DIRECTION('',(-1.,-2.22044604925E-16,0.));
#46 = ORIENTED_EDGE('',*,*,#47,.T.);
#47 = EDGE_CURVE('',#40,#48,#50,.T.);
#48 = VERTEX_POINT('',#49);
#49 = CARTESIAN_POINT('',(169.3,119.5,0.));
#50 = LINE('',#51,#52);
#51 = CARTESIAN_POINT('',(169.3,119.5,-24.));
#52 = VECTOR('',#53,1.);
#53 = DIRECTION('',(0.,0.,1.));
#54 = ORIENTED_EDGE('',*,*,#55,.F.);
#55 = EDGE_CURVE('',#56,#48,#58,.T.);
#56 = VERTEX_POINT('',#57);
#57 = CARTESIAN_POINT('',(180.8,119.5,0.));
#58 = LINE('',#59,#60);
#59 = CARTESIAN_POINT('',(216.2,119.5,0.));
#60 = VECTOR('',#61,1.);
#61 = DIRECTION('',(-1.,-2.22044604925E-16,0.));
#62 = ORIENTED_EDGE('',*,*,#63,.F.);
#63 = EDGE_CURVE('',#24,#56,#64,.T.);
#64 = CIRCLE('',#65,15.2);
#65 = AXIS2_PLACEMENT_3D('',#66,#67,#68);
#66 = CARTESIAN_POINT('',(196.,119.5,0.));
#67 = DIRECTION('',(-2.22044604925E-16,1.,0.));
#68 = DIRECTION('',(0.,0.,1.));
#69 = FACE_BOUND('',#70,.F.);
#70 = EDGE_LOOP('',(#71));
#71 = ORIENTED_EDGE('',*,*,#72,.F.);
#72 = EDGE_CURVE('',#73,#73,#75,.T.);
#73 = VERTEX_POINT('',#74);
#74 = CARTESIAN_POINT('',(179.,119.5,-15.2728));
#75 = CIRCLE('',#76,1.7272);
#76 = AXIS2_PLACEMENT_3D('',#77,#78,#79);
#77 = CARTESIAN_POINT('',(179.,119.5,-17.));
#78 = DIRECTION('',(-2.22044604925E-16,1.,0.));
#79 = DIRECTION('',(0.,0.,1.));
#80 = FACE_BOUND('',#81,.F.);
#81 = EDGE_LOOP('',(#82));
#82 = ORIENTED_EDGE('',*,*,#83,.F.);
#83 = EDGE_CURVE('',#84,#84,#86,.T.);
#84 = VERTEX_POINT('',#85);
#85 = CARTESIAN_POINT('',(210.5,119.5,-15.2728));
#86 = CIRCLE('',#87,1.7272);
#87 = AXIS2_PLACEMENT_3D('',#88,#89,#90);
#88 = CARTESIAN_POINT('',(210.5,119.5,-17.));
#89 = DIRECTION('',(-2.22044604925E-16,1.,0.));
#90 = DIRECTION('',(0.,0.,1.));
#91 = PLANE('',#92);
#92 = AXIS2_PLACEMENT_3D('',#93,#94,#95);
#93 = CARTESIAN_POINT('',(216.2,119.5,-24.));
#94 = DIRECTION('',(-2.22044604925E-16,1.,0.));
#95 = DIRECTION('',(0.,0.,1.));
#96 = ADVANCED_FACE('',(#97),#122,.T.);
#97 = FACE_BOUND('',#98,.T.);
#98 = EDGE_LOOP('',(#99,#100,#108,#116));
#99 = ORIENTED_EDGE('',*,*,#21,.F.);
#100 = ORIENTED_EDGE('',*,*,#101,.T.);
#101 = EDGE_CURVE('',#22,#102,#104,.T.);
#102 = VERTEX_POINT('',#103);
#103 = CARTESIAN_POINT('',(216.2,207.5,0.));
#104 = LINE('',#105,#106);
#105 = CARTESIAN_POINT('',(216.2,119.5,0.));
#106 = VECTOR('',#107,1.);
#107 = DIRECTION('',(-2.22044604925E-16,1.,0.));
#108 = ORIENTED_EDGE('',*,*,#109,.T.);
#109 = EDGE_CURVE('',#102,#110,#112,.T.);
#110 = VERTEX_POINT('',#111);
#111 = CARTESIAN_POINT('',(211.2,207.5,0.));
#112 = LINE('',#113,#114);
#113 = CARTESIAN_POINT('',(216.2,207.5,0.));
#114 = VECTOR('',#115,1.);
#115 = DIRECTION('',(-1.,-2.22044604925E-16,0.));
#116 = ORIENTED_EDGE('',*,*,#117,.F.);
#117 = EDGE_CURVE('',#24,#110,#118,.T.);
#118 = LINE('',#119,#120);
#119 = CARTESIAN_POINT('',(211.2,118.5,0.));
#120 = VECTOR('',#121,1.);
#121 = DIRECTION('',(-2.22044604925E-16,1.,0.));
#122 = PLANE('',#123);
#123 = AXIS2_PLACEMENT_3D('',#124,#125,#126);
#124 = CARTESIAN_POINT('',(216.2,119.5,0.));
#125 = DIRECTION('',(0.,0.,1.));
#126 = DIRECTION('',(-2.22044604925E-16,1.,0.));
#127 = ADVANCED_FACE('',(#128),#146,.F.);
#128 = FACE_BOUND('',#129,.F.);
#129 = EDGE_LOOP('',(#130,#138,#139,#140));
#130 = ORIENTED_EDGE('',*,*,#131,.F.);
#131 = EDGE_CURVE('',#32,#132,#134,.T.);
#132 = VERTEX_POINT('',#133);
#133 = CARTESIAN_POINT('',(216.2,207.5,-24.));
#134 = LINE('',#135,#136);
#135 = CARTESIAN_POINT('',(216.2,119.5,-24.));
#136 = VECTOR('',#137,1.);
#137 = DIRECTION('',(-2.22044604925E-16,1.,0.));
#138 = ORIENTED_EDGE('',*,*,#31,.T.);
#139 = ORIENTED_EDGE('',*,*,#101,.T.);
#140 = ORIENTED_EDGE('',*,*,#141,.F.);
#141 = EDGE_CURVE('',#132,#102,#142,.T.);
#142 = LINE('',#143,#144);
#143 = CARTESIAN_POINT('',(216.2,207.5,-24.));
#144 = VECTOR('',#145,1.);
#145 = DIRECTION('',(0.,0.,1.));
#146 = PLANE('',#147);
#147 = AXIS2_PLACEMENT_3D('',#148,#149,#150);
#148 = CARTESIAN_POINT('',(216.2,119.5,-24.));
#149 = DIRECTION('',(-1.,-2.22044604925E-16,0.));
#150 = DIRECTION('',(0.,0.,1.));
#151 = ADVANCED_FACE('',(#152,#239,#375),#511,.F.);
#152 = FACE_BOUND('',#153,.F.);
#153 = EDGE_LOOP('',(#154,#155,#156,#164,#173,#181,#190,#198,#207,#215,
    #224,#232));
#154 = ORIENTED_EDGE('',*,*,#117,.F.);
#155 = ORIENTED_EDGE('',*,*,#63,.T.);
#156 = ORIENTED_EDGE('',*,*,#157,.T.);
#157 = EDGE_CURVE('',#56,#158,#160,.T.);
#158 = VERTEX_POINT('',#159);
#159 = CARTESIAN_POINT('',(180.8,140.5,0.));
#160 = LINE('',#161,#162);
#161 = CARTESIAN_POINT('',(180.8,118.5,0.));
#162 = VECTOR('',#163,1.);
#163 = DIRECTION('',(-2.22044604925E-16,1.,0.));
#164 = ORIENTED_EDGE('',*,*,#165,.F.);
#165 = EDGE_CURVE('',#166,#158,#168,.T.);
#166 = VERTEX_POINT('',#167);
#167 = CARTESIAN_POINT('',(182.03432779992,140.5,-6.));
#168 = CIRCLE('',#169,15.2);
#169 = AXIS2_PLACEMENT_3D('',#170,#171,#172);
#170 = CARTESIAN_POINT('',(196.,140.5,0.));
#171 = DIRECTION('',(-2.22044604925E-16,1.,0.));
#172 = DIRECTION('',(0.,0.,1.));
#173 = ORIENTED_EDGE('',*,*,#174,.T.);
#174 = EDGE_CURVE('',#166,#175,#177,.T.);
#175 = VERTEX_POINT('',#176);
#176 = CARTESIAN_POINT('',(182.03432779992,146.5,-6.));
#177 = LINE('',#178,#179);
#178 = CARTESIAN_POINT('',(182.03432779992,118.5,-6.));
#179 = VECTOR('',#180,1.);
#180 = DIRECTION('',(-2.22044604925E-16,1.,0.));
#181 = ORIENTED_EDGE('',*,*,#182,.T.);
#182 = EDGE_CURVE('',#175,#183,#185,.T.);
#183 = VERTEX_POINT('',#184);
#184 = CARTESIAN_POINT('',(180.8,146.5,0.));
#185 = CIRCLE('',#186,15.2);
#186 = AXIS2_PLACEMENT_3D('',#187,#188,#189);
#187 = CARTESIAN_POINT('',(196.,146.5,0.));
#188 = DIRECTION('',(-2.22044604925E-16,1.,0.));
#189 = DIRECTION('',(0.,0.,1.));
#190 = ORIENTED_EDGE('',*,*,#191,.T.);
#191 = EDGE_CURVE('',#183,#192,#194,.T.);
#192 = VERTEX_POINT('',#193);
#193 = CARTESIAN_POINT('',(180.8,157.5,0.));
#194 = LINE('',#195,#196);
#195 = CARTESIAN_POINT('',(180.8,118.5,0.));
#196 = VECTOR('',#197,1.);
#197 = DIRECTION('',(-2.22044604925E-16,1.,0.));
#198 = ORIENTED_EDGE('',*,*,#199,.F.);
#199 = EDGE_CURVE('',#200,#192,#202,.T.);
#200 = VERTEX_POINT('',#201);
#201 = CARTESIAN_POINT('',(181.6459065072,157.5,-5.));
#202 = CIRCLE('',#203,15.2);
#203 = AXIS2_PLACEMENT_3D('',#204,#205,#206);
#204 = CARTESIAN_POINT('',(196.,157.5,0.));
#205 = DIRECTION('',(-2.22044604925E-16,1.,0.));
#206 = DIRECTION('',(0.,0.,1.));
#207 = ORIENTED_EDGE('',*,*,#208,.T.);
#208 = EDGE_CURVE('',#200,#209,#211,.T.);
#209 = VERTEX_POINT('',#210);
#210 = CARTESIAN_POINT('',(181.6459065072,169.5,-5.));
#211 = LINE('',#212,#213);
#212 = CARTESIAN_POINT('',(181.6459065072,118.5,-5.));
#213 = VECTOR('',#214,1.);
#214 = DIRECTION('',(-2.22044604925E-16,1.,0.));
#215 = ORIENTED_EDGE('',*,*,#216,.T.);
#216 = EDGE_CURVE('',#209,#217,#219,.T.);
#217 = VERTEX_POINT('',#218);
#218 = CARTESIAN_POINT('',(180.8,169.5,0.));
#219 = CIRCLE('',#220,15.2);
#220 = AXIS2_PLACEMENT_3D('',#221,#222,#223);
#221 = CARTESIAN_POINT('',(196.,169.5,0.));
#222 = DIRECTION('',(-2.22044604925E-16,1.,0.));
#223 = DIRECTION('',(0.,0.,1.));
#224 = ORIENTED_EDGE('',*,*,#225,.T.);
#225 = EDGE_CURVE('',#217,#226,#228,.T.);
#226 = VERTEX_POINT('',#227);
#227 = CARTESIAN_POINT('',(180.8,207.5,0.));
#228 = LINE('',#229,#230);
#229 = CARTESIAN_POINT('',(180.8,118.5,0.));
#230 = VECTOR('',#231,1.);
#231 = DIRECTION('',(-2.22044604925E-16,1.,0.));
#232 = ORIENTED_EDGE('',*,*,#233,.F.);
#233 = EDGE_CURVE('',#110,#226,#234,.T.);
#234 = CIRCLE('',#235,15.2);
#235 = AXIS2_PLACEMENT_3D('',#236,#237,#238);
#236 = CARTESIAN_POINT('',(196.,207.5,0.));
#237 = DIRECTION('',(-2.22044604925E-16,1.,0.));
#238 = DIRECTION('',(0.,0.,1.));
#239 = FACE_BOUND('',#240,.F.);
#240 = EDGE_LOOP('',(#241,#252,#301,#310));
#241 = ORIENTED_EDGE('',*,*,#242,.F.);
#242 = EDGE_CURVE('',#243,#245,#247,.T.);
#243 = VERTEX_POINT('',#244);
#244 = CARTESIAN_POINT('',(195.5,121.4156,-15.19177408994));
#245 = VERTEX_POINT('',#246);
#246 = CARTESIAN_POINT('',(185.,121.4156,-10.48999523355));
#247 = CIRCLE('',#248,15.2);
#248 = AXIS2_PLACEMENT_3D('',#249,#250,#251);
#249 = CARTESIAN_POINT('',(196.,121.4156,0.));
#250 = DIRECTION('',(-2.22044604925E-16,1.,0.));
#251 = DIRECTION('',(0.,0.,1.));
#252 = ORIENTED_EDGE('',*,*,#253,.T.);
#253 = EDGE_CURVE('',#243,#254,#256,.T.);
#254 = VERTEX_POINT('',#255);
#255 = CARTESIAN_POINT('',(195.5,125.7844,-15.19177408994));
#256 = B_SPLINE_CURVE_WITH_KNOTS('',7,(#257,#258,#259,#260,#261,#262,
    #263,#264,#265,#266,#267,#268,#269,#270,#271,#272,#273,#274,#275,
    #276,#277,#278,#279,#280,#281,#282,#283,#284,#285,#286,#287,#288,
    #289,#290,#291,#292,#293,#294,#295,#296,#297,#298,#299,#300),
  .UNSPECIFIED.,.F.,.F.,(8,6,6,6,6,6,6,8),(0.,0.101786704699,
    0.250203088772,0.362758743064,0.500289552101,0.685474230509,
    0.833134862602,1.),.UNSPECIFIED.);
#257 = CARTESIAN_POINT('',(195.5,121.4156,-15.19177408994));
#258 = CARTESIAN_POINT('',(195.61829951469,121.4156,-15.19566762845));
#259 = CARTESIAN_POINT('',(195.73649432857,121.42307449831,
    -15.19848183176));
#260 = CARTESIAN_POINT('',(195.85366518695,121.43799953631,
    -15.20019093676));
#261 = CARTESIAN_POINT('',(195.96890282097,121.46016430952,
    -15.20081948899));
#262 = CARTESIAN_POINT('',(196.08133421935,121.48917494476,
    -15.20044108506));
#263 = CARTESIAN_POINT('',(196.19014888596,121.52445721104,
    -15.1991698056));
#264 = CARTESIAN_POINT('',(196.44696304757,121.62475051162,
    -15.19419098247));
#265 = CARTESIAN_POINT('',(196.59009438817,121.69598270845,
    -15.18963385156));
#266 = CARTESIAN_POINT('',(196.72345055438,121.77728086744,
    -15.18387043268));
#267 = CARTESIAN_POINT('',(196.84667056804,121.86709535331,
    -15.17729788211));
#268 = CARTESIAN_POINT('',(196.9595683268,121.96397988607,
    -15.17028016056));
#269 = CARTESIAN_POINT('',(197.06210674133,122.06657471553,
    -15.16312938604));
#270 = CARTESIAN_POINT('',(197.22435569361,122.25475478964,
    -15.15077154212));
#271 = CARTESIAN_POINT('',(197.28857785578,122.33863384739,
    -15.14550086298));
#272 = CARTESIAN_POINT('',(197.34715652536,122.42482412705,
    -15.14039262864));
#273 = CARTESIAN_POINT('',(197.40020529092,122.51297579685,
    -15.13553266589));
#274 = CARTESIAN_POINT('',(197.44783425298,122.60278768128,
    -15.13099138523));
#275 = CARTESIAN_POINT('',(197.49014427996,122.69399883576,
    -15.12682579879));
#276 = CARTESIAN_POINT('',(197.57252531942,122.89926003858,
    -15.1185064576));
#277 = CARTESIAN_POINT('',(197.61001823788,123.01389143413,
    -15.11456037906));
#278 = CARTESIAN_POINT('',(197.63985217577,123.12984795097,
    -15.11132649262));
#279 = CARTESIAN_POINT('',(197.66214588404,123.24675925365,
    -15.10886391295));
#280 = CARTESIAN_POINT('',(197.6769812768,123.3642939404,-15.10720999435
    ));
#281 = CARTESIAN_POINT('',(197.6844,123.48214245521,-15.10638264575));
#282 = CARTESIAN_POINT('',(197.6844,123.75869470761,-15.10638264575));
#283 = CARTESIAN_POINT('',(197.67094931717,123.91735034637,
    -15.10788246238));
#284 = CARTESIAN_POINT('',(197.64406059167,124.07524206924,
    -15.11088051084));
#285 = CARTESIAN_POINT('',(197.60359139476,124.23162333466,
    -15.11531670947));
#286 = CARTESIAN_POINT('',(197.54926753057,124.38564924718,
    -15.1210686498));
#287 = CARTESIAN_POINT('',(197.48070615045,124.53629649945,
    -15.12793779308));
#288 = CARTESIAN_POINT('',(197.33104373102,124.79868265257,
    -15.14175579163));
#289 = CARTESIAN_POINT('',(197.25524898195,124.91220661644,
    -15.14841110938));
#290 = CARTESIAN_POINT('',(197.16982501016,125.02213400492,
    -15.1554384894));
#291 = CARTESIAN_POINT('',(197.07453994101,125.12762603806,
    -15.16264237834));
#292 = CARTESIAN_POINT('',(196.96918900229,125.22769476718,
    -15.16977510699));
#293 = CARTESIAN_POINT('',(196.85362860216,125.32117192353,
    -15.17653398061));
#294 = CARTESIAN_POINT('',(196.58563813438,125.50329805736,
    -15.18938078624));
#295 = CARTESIAN_POINT('',(196.42872123118,125.59085662365,
    -15.19534608106));
#296 = CARTESIAN_POINT('',(196.25864347395,125.66544027433,
    -15.19980745485));
#297 = CARTESIAN_POINT('',(196.07771091703,125.72394038624,
    -15.20209056879));
#298 = CARTESIAN_POINT('',(195.8887872745,125.76407132772,-15.2016438473
    ));
#299 = CARTESIAN_POINT('',(195.69509565767,125.7844,-15.19819518522));
#300 = CARTESIAN_POINT('',(195.5,125.7844,-15.19177408994));
#301 = ORIENTED_EDGE('',*,*,#302,.T.);
#302 = EDGE_CURVE('',#254,#303,#305,.T.);
#303 = VERTEX_POINT('',#304);
#304 = CARTESIAN_POINT('',(185.,125.7844,-10.48999523355));
#305 = CIRCLE('',#306,15.2);
#306 = AXIS2_PLACEMENT_3D('',#307,#308,#309);
#307 = CARTESIAN_POINT('',(196.,125.7844,0.));
#308 = DIRECTION('',(-2.22044604925E-16,1.,0.));
#309 = DIRECTION('',(0.,0.,1.));
#310 = ORIENTED_EDGE('',*,*,#311,.T.);
#311 = EDGE_CURVE('',#303,#245,#312,.T.);
#312 = B_SPLINE_CURVE_WITH_KNOTS('',6,(#313,#314,#315,#316,#317,#318,
    #319,#320,#321,#322,#323,#324,#325,#326,#327,#328,#329,#330,#331,
    #332,#333,#334,#335,#336,#337,#338,#339,#340,#341,#342,#343,#344,
    #345,#346,#347,#348,#349,#350,#351,#352,#353,#354,#355,#356,#357,
    #358,#359,#360,#361,#362,#363,#364,#365,#366,#367,#368,#369,#370,
    #371,#372,#373,#374),.UNSPECIFIED.,.F.,.F.,(7,5,5,5,5,5,5,5,5,5,5,5,
    7),(0.,0.169807133695,0.308195018751,0.351127144577,0.402779736017,
    0.440821414147,0.500086235237,0.539275402502,0.597328516506,
    0.648773903834,0.691069657905,0.830240935165,1.),.UNSPECIFIED.);
#313 = CARTESIAN_POINT('',(185.,125.7844,-10.48999523355));
#314 = CARTESIAN_POINT('',(184.80689206042,125.7844,-10.28749873207));
#315 = CARTESIAN_POINT('',(184.61960409107,125.76391407043,
    -10.08214839024));
#316 = CARTESIAN_POINT('',(184.43942235284,125.72525932831,
    -9.875528397382));
#317 = CARTESIAN_POINT('',(184.26701056392,125.67009866911,-9.6689691523
    ));
#318 = CARTESIAN_POINT('',(184.10289079566,125.59954466243,
    -9.463809798395));
#319 = CARTESIAN_POINT('',(183.82114646025,125.44465440332,
    -9.097177243221));
#320 = CARTESIAN_POINT('',(183.70069318896,125.36536887917,
    -8.93484642768));
#321 = CARTESIAN_POINT('',(183.58612995464,125.27646523697,
    -8.775153313239));
#322 = CARTESIAN_POINT('',(183.4775917201,125.17765888893,
    -8.618817615296));
#323 = CARTESIAN_POINT('',(183.37567168998,125.06847881136,
    -8.467343540902));
#324 = CARTESIAN_POINT('',(183.25229095163,124.91124213223,
    -8.278813931048));
#325 = CARTESIAN_POINT('',(183.22380479478,124.87294659864,
    -8.234876128768));
#326 = CARTESIAN_POINT('',(183.19606972666,124.83355341442,
    -8.191703574827));
#327 = CARTESIAN_POINT('',(183.1691188478,124.79303161214,-8.14937834374
    ));
#328 = CARTESIAN_POINT('',(183.1429946427,124.7513511582,-8.108000715725
    ));
#329 = CARTESIAN_POINT('',(183.08737536356,124.65690726565,-8.0191894713
    ));
#330 = CARTESIAN_POINT('',(183.05826569057,124.60359950625,
    -7.972220977463));
#331 = CARTESIAN_POINT('',(183.03051249517,124.5485095761,
    -7.926993915068));
#332 = CARTESIAN_POINT('',(183.00422819283,124.49159287274,
    -7.883760548512));
#333 = CARTESIAN_POINT('',(182.97954520083,124.43281066175,
    -7.842815249871));
#334 = CARTESIAN_POINT('',(182.93972894831,124.32744000694,
    -7.77627171338));
#335 = CARTESIAN_POINT('',(182.92378811525,124.28170663236,
    -7.749464036519));
#336 = CARTESIAN_POINT('',(182.90887160583,124.2349583403,
    -7.724234160089));
#337 = CARTESIAN_POINT('',(182.89505491555,124.18722381013,
    -7.700743867571));
#338 = CARTESIAN_POINT('',(182.88241219931,124.13853235531,
    -7.679153703091));
#339 = CARTESIAN_POINT('',(182.85326574288,124.01161369535,
    -7.629195194952));
#340 = CARTESIAN_POINT('',(182.83850093672,123.93187995897,
    -7.603692362264));
#341 = CARTESIAN_POINT('',(182.82714075916,123.85029174879,
    -7.583952910455));
#342 = CARTESIAN_POINT('',(182.81945854056,123.7674160162,
    -7.570559685851));
#343 = CARTESIAN_POINT('',(182.8156,123.68380606218,-7.563834784023));
#344 = CARTESIAN_POINT('',(182.8156,123.54458281104,-7.563834784023));
#345 = CARTESIAN_POINT('',(182.81728710794,123.48919383207,
    -7.566775461083));
#346 = CARTESIAN_POINT('',(182.82065801234,123.43401748984,
    -7.57265149811));
#347 = CARTESIAN_POINT('',(182.82568202124,123.37924081901,
    -7.581397091685));
#348 = CARTESIAN_POINT('',(182.83229940374,123.3250531649,
    -7.592886426486));
#349 = CARTESIAN_POINT('',(182.8524488291,123.19253068508,
    -7.627743830954));
#350 = CARTESIAN_POINT('',(182.86775899148,123.11523969381,
    -7.654138462142));
#351 = CARTESIAN_POINT('',(182.88610485598,123.03994952824,
    -7.685601366224));
#352 = CARTESIAN_POINT('',(182.90722707586,122.96683840132,
    -7.72156497844));
#353 = CARTESIAN_POINT('',(182.93083945109,122.89608536485,
    -7.761415001716));
#354 = CARTESIAN_POINT('',(182.97945871966,122.76741820401,
    -7.842670716863));
#355 = CARTESIAN_POINT('',(183.0040420579,122.70885048444,
    -7.883451774505));
#356 = CARTESIAN_POINT('',(183.03021524489,122.65213431536,
    -7.926504973864));
#357 = CARTESIAN_POINT('',(183.05784726078,122.59723147832,
    -7.971539064832));
#358 = CARTESIAN_POINT('',(183.08682677373,122.54409797071,
    -8.018304254631));
#359 = CARTESIAN_POINT('',(183.14191988434,122.45041473626,
    -8.106291983969));
#360 = CARTESIAN_POINT('',(183.16763162701,122.40929921896,
    -8.147028917014));
#361 = CARTESIAN_POINT('',(183.19414751712,122.3693098864,
    -8.188689356419));
#362 = CARTESIAN_POINT('',(183.22142673418,122.3304178844,
    -8.231176983524));
#363 = CARTESIAN_POINT('',(183.24943736723,122.29259342911,
    -8.274412757875));
#364 = CARTESIAN_POINT('',(183.37265447089,122.13475866042,
    -8.462857769451));
#365 = CARTESIAN_POINT('',(183.47502279638,122.02468261158,
    -8.615116386709));
#366 = CARTESIAN_POINT('',(183.58409593719,121.92511502788,
    -8.772317382973));
#367 = CARTESIAN_POINT('',(183.69926540932,121.8355718747,
    -8.932921836206));
#368 = CARTESIAN_POINT('',(183.82039427679,121.75575911303,
    -9.096198430483));
#369 = CARTESIAN_POINT('',(184.10289079566,121.60045533756,
    -9.463809798395));
#370 = CARTESIAN_POINT('',(184.26701056392,121.52990133088,-9.6689691523
    ));
#371 = CARTESIAN_POINT('',(184.43942235284,121.47474067168,
    -9.875528397382));
#372 = CARTESIAN_POINT('',(184.61960409107,121.43608592956,
    -10.08214839024));
#373 = CARTESIAN_POINT('',(184.80689206042,121.4156,-10.28749873207));
#374 = CARTESIAN_POINT('',(185.,121.4156,-10.48999523355));
#375 = FACE_BOUND('',#376,.F.);
#376 = EDGE_LOOP('',(#377,#388,#437,#446));
#377 = ORIENTED_EDGE('',*,*,#378,.F.);
#378 = EDGE_CURVE('',#379,#381,#383,.T.);
#379 = VERTEX_POINT('',#380);
#380 = CARTESIAN_POINT('',(195.5,201.2156,-15.19177408994));
#381 = VERTEX_POINT('',#382);
#382 = CARTESIAN_POINT('',(185.,201.2156,-10.48999523355));
#383 = CIRCLE('',#384,15.2);
#384 = AXIS2_PLACEMENT_3D('',#385,#386,#387);
#385 = CARTESIAN_POINT('',(196.,201.2156,0.));
#386 = DIRECTION('',(-2.22044604925E-16,1.,0.));
#387 = DIRECTION('',(0.,0.,1.));
#388 = ORIENTED_EDGE('',*,*,#389,.T.);
#389 = EDGE_CURVE('',#379,#390,#392,.T.);
#390 = VERTEX_POINT('',#391);
#391 = CARTESIAN_POINT('',(195.5,205.5844,-15.19177408994));
#392 = B_SPLINE_CURVE_WITH_KNOTS('',7,(#393,#394,#395,#396,#397,#398,
    #399,#400,#401,#402,#403,#404,#405,#406,#407,#408,#409,#410,#411,
    #412,#413,#414,#415,#416,#417,#418,#419,#420,#421,#422,#423,#424,
    #425,#426,#427,#428,#429,#430,#431,#432,#433,#434,#435,#436),
  .UNSPECIFIED.,.F.,.F.,(8,6,6,6,6,6,6,8),(0.,0.101786704173,
    0.250203087501,0.362758745786,0.500289554236,0.685474231853,
    0.833134863316,1.),.UNSPECIFIED.);
#393 = CARTESIAN_POINT('',(195.5,201.2156,-15.19177408994));
#394 = CARTESIAN_POINT('',(195.61829951469,201.2156,-15.19566762845));
#395 = CARTESIAN_POINT('',(195.73649432857,201.22307449831,
    -15.19848183176));
#396 = CARTESIAN_POINT('',(195.85366518695,201.23799953631,
    -15.20019093676));
#397 = CARTESIAN_POINT('',(195.96890282097,201.26016430952,
    -15.20081948899));
#398 = CARTESIAN_POINT('',(196.08133421935,201.28917494476,
    -15.20044108506));
#399 = CARTESIAN_POINT('',(196.19014888597,201.32445721104,
    -15.1991698056));
#400 = CARTESIAN_POINT('',(196.44696304759,201.42475051163,
    -15.19419098247));
#401 = CARTESIAN_POINT('',(196.59009438817,201.49598270845,
    -15.18963385156));
#402 = CARTESIAN_POINT('',(196.72345055436,201.57728086743,
    -15.18387043268));
#403 = CARTESIAN_POINT('',(196.84667056803,201.6670953533,
    -15.17729788211));
#404 = CARTESIAN_POINT('',(196.95956832681,201.76397988607,
    -15.17028016056));
#405 = CARTESIAN_POINT('',(197.06210674134,201.86657471554,
    -15.16312938604));
#406 = CARTESIAN_POINT('',(197.22435569643,202.05475479292,
    -15.15077154191));
#407 = CARTESIAN_POINT('',(197.28857785372,202.13863384386,
    -15.14550086316));
#408 = CARTESIAN_POINT('',(197.34715652315,202.2248241244,
    -15.14039262881));
#409 = CARTESIAN_POINT('',(197.40020529215,202.31297579979,
    -15.13553266577));
#410 = CARTESIAN_POINT('',(197.44783425524,202.40278768474,
    -15.13099138504));
#411 = CARTESIAN_POINT('',(197.49014427848,202.49399883209,
    -15.12682579894));
#412 = CARTESIAN_POINT('',(197.57252531942,202.69926003858,
    -15.1185064576));
#413 = CARTESIAN_POINT('',(197.61001823788,202.81389143413,
    -15.11456037906));
#414 = CARTESIAN_POINT('',(197.63985217577,202.92984795097,
    -15.11132649262));
#415 = CARTESIAN_POINT('',(197.66214588404,203.04675925365,
    -15.10886391295));
#416 = CARTESIAN_POINT('',(197.6769812768,203.1642939404,-15.10720999435
    ));
#417 = CARTESIAN_POINT('',(197.6844,203.28214245521,-15.10638264575));
#418 = CARTESIAN_POINT('',(197.6844,203.55869470761,-15.10638264575));
#419 = CARTESIAN_POINT('',(197.67094931717,203.71735034637,
    -15.10788246238));
#420 = CARTESIAN_POINT('',(197.64406059167,203.87524206924,
    -15.11088051084));
#421 = CARTESIAN_POINT('',(197.60359139476,204.03162333466,
    -15.11531670947));
#422 = CARTESIAN_POINT('',(197.54926753057,204.18564924718,
    -15.1210686498));
#423 = CARTESIAN_POINT('',(197.48070615045,204.33629649945,
    -15.12793779308));
#424 = CARTESIAN_POINT('',(197.33104373102,204.59868265257,
    -15.14175579163));
#425 = CARTESIAN_POINT('',(197.25524898195,204.71220661644,
    -15.14841110938));
#426 = CARTESIAN_POINT('',(197.16982501016,204.82213400492,
    -15.1554384894));
#427 = CARTESIAN_POINT('',(197.07453994101,204.92762603806,
    -15.16264237834));
#428 = CARTESIAN_POINT('',(196.96918900229,205.02769476718,
    -15.16977510699));
#429 = CARTESIAN_POINT('',(196.85362860216,205.12117192353,
    -15.17653398061));
#430 = CARTESIAN_POINT('',(196.58563813438,205.30329805736,
    -15.18938078624));
#431 = CARTESIAN_POINT('',(196.42872123118,205.39085662365,
    -15.19534608106));
#432 = CARTESIAN_POINT('',(196.25864347395,205.46544027433,
    -15.19980745485));
#433 = CARTESIAN_POINT('',(196.07771091703,205.52394038624,
    -15.20209056879));
#434 = CARTESIAN_POINT('',(195.8887872745,205.56407132772,-15.2016438473
    ));
#435 = CARTESIAN_POINT('',(195.69509565767,205.5844,-15.19819518522));
#436 = CARTESIAN_POINT('',(195.5,205.5844,-15.19177408994));
#437 = ORIENTED_EDGE('',*,*,#438,.T.);
#438 = EDGE_CURVE('',#390,#439,#441,.T.);
#439 = VERTEX_POINT('',#440);
#440 = CARTESIAN_POINT('',(185.,205.5844,-10.48999523355));
#441 = CIRCLE('',#442,15.2);
#442 = AXIS2_PLACEMENT_3D('',#443,#444,#445);
#443 = CARTESIAN_POINT('',(196.,205.5844,0.));
#444 = DIRECTION('',(-2.22044604925E-16,1.,0.));
#445 = DIRECTION('',(0.,0.,1.));
#446 = ORIENTED_EDGE('',*,*,#447,.T.);
#447 = EDGE_CURVE('',#439,#381,#448,.T.);
#448 = B_SPLINE_CURVE_WITH_KNOTS('',6,(#449,#450,#451,#452,#453,#454,
    #455,#456,#457,#458,#459,#460,#461,#462,#463,#464,#465,#466,#467,
    #468,#469,#470,#471,#472,#473,#474,#475,#476,#477,#478,#479,#480,
    #481,#482,#483,#484,#485,#486,#487,#488,#489,#490,#491,#492,#493,
    #494,#495,#496,#497,#498,#499,#500,#501,#502,#503,#504,#505,#506,
    #507,#508,#509,#510),.UNSPECIFIED.,.F.,.F.,(7,5,5,5,5,5,5,5,5,5,5,5,
    7),(0.,0.16980713372,0.308195018796,0.351127144628,0.402779736072,
    0.440821414203,0.500086235294,0.539275402559,0.597328516563,
    0.648773903888,0.691069657952,0.830240935191,1.),.UNSPECIFIED.);
#449 = CARTESIAN_POINT('',(185.,205.5844,-10.48999523355));
#450 = CARTESIAN_POINT('',(184.80689206042,205.5844,-10.28749873207));
#451 = CARTESIAN_POINT('',(184.61960409107,205.56391407043,
    -10.08214839025));
#452 = CARTESIAN_POINT('',(184.43942235284,205.52525932831,
    -9.875528397381));
#453 = CARTESIAN_POINT('',(184.26701056392,205.47009866911,-9.6689691523
    ));
#454 = CARTESIAN_POINT('',(184.10289079566,205.39954466243,
    -9.463809798395));
#455 = CARTESIAN_POINT('',(183.82114646025,205.24465440332,
    -9.097177243221));
#456 = CARTESIAN_POINT('',(183.70069318896,205.16536887917,
    -8.93484642768));
#457 = CARTESIAN_POINT('',(183.58612995464,205.07646523697,
    -8.775153313239));
#458 = CARTESIAN_POINT('',(183.4775917201,204.97765888893,
    -8.618817615297));
#459 = CARTESIAN_POINT('',(183.37567168998,204.86847881136,
    -8.467343540902));
#460 = CARTESIAN_POINT('',(183.25229095162,204.71124213223,
    -8.278813931048));
#461 = CARTESIAN_POINT('',(183.22380479478,204.67294659864,
    -8.234876128768));
#462 = CARTESIAN_POINT('',(183.19606972666,204.63355341442,
    -8.191703574827));
#463 = CARTESIAN_POINT('',(183.1691188478,204.59303161214,-8.14937834374
    ));
#464 = CARTESIAN_POINT('',(183.1429946427,204.5513511582,-8.108000715725
    ));
#465 = CARTESIAN_POINT('',(183.08737536357,204.45690726565,
    -8.019189471304));
#466 = CARTESIAN_POINT('',(183.05826569057,204.40359950625,
    -7.972220977462));
#467 = CARTESIAN_POINT('',(183.03051249517,204.3485095761,
    -7.926993915065));
#468 = CARTESIAN_POINT('',(183.00422819283,204.29159287274,
    -7.883760548511));
#469 = CARTESIAN_POINT('',(182.97954520083,204.23281066175,
    -7.842815249874));
#470 = CARTESIAN_POINT('',(182.93972894831,204.12744000694,
    -7.77627171338));
#471 = CARTESIAN_POINT('',(182.92378811525,204.08170663236,
    -7.749464036519));
#472 = CARTESIAN_POINT('',(182.90887160583,204.0349583403,
    -7.724234160089));
#473 = CARTESIAN_POINT('',(182.89505491555,203.98722381013,
    -7.700743867571));
#474 = CARTESIAN_POINT('',(182.88241219931,203.93853235531,
    -7.679153703091));
#475 = CARTESIAN_POINT('',(182.85326574288,203.81161369535,
    -7.629195194952));
#476 = CARTESIAN_POINT('',(182.83850093672,203.73187995897,
    -7.603692362264));
#477 = CARTESIAN_POINT('',(182.82714075916,203.65029174879,
    -7.583952910455));
#478 = CARTESIAN_POINT('',(182.81945854056,203.5674160162,
    -7.570559685851));
#479 = CARTESIAN_POINT('',(182.8156,203.48380606218,-7.563834784023));
#480 = CARTESIAN_POINT('',(182.8156,203.34458281104,-7.563834784023));
#481 = CARTESIAN_POINT('',(182.81728710794,203.28919383207,
    -7.566775461083));
#482 = CARTESIAN_POINT('',(182.82065801234,203.23401748984,
    -7.57265149811));
#483 = CARTESIAN_POINT('',(182.82568202124,203.17924081901,
    -7.581397091685));
#484 = CARTESIAN_POINT('',(182.83229940374,203.1250531649,
    -7.592886426486));
#485 = CARTESIAN_POINT('',(182.8524488291,202.99253068508,
    -7.627743830954));
#486 = CARTESIAN_POINT('',(182.86775899148,202.91523969381,
    -7.654138462142));
#487 = CARTESIAN_POINT('',(182.88610485598,202.83994952824,
    -7.685601366224));
#488 = CARTESIAN_POINT('',(182.90722707586,202.76683840132,
    -7.72156497844));
#489 = CARTESIAN_POINT('',(182.93083945109,202.69608536485,
    -7.761415001716));
#490 = CARTESIAN_POINT('',(182.97945871966,202.56741820402,
    -7.842670716859));
#491 = CARTESIAN_POINT('',(183.0040420579,202.50885048443,
    -7.883451774506));
#492 = CARTESIAN_POINT('',(183.0302152449,202.45213431535,
    -7.926504973868));
#493 = CARTESIAN_POINT('',(183.05784726078,202.39723147832,
    -7.971539064834));
#494 = CARTESIAN_POINT('',(183.08682677373,202.34409797071,
    -8.018304254628));
#495 = CARTESIAN_POINT('',(183.14191988434,202.25041473626,
    -8.106291983969));
#496 = CARTESIAN_POINT('',(183.16763162701,202.20929921896,
    -8.147028917014));
#497 = CARTESIAN_POINT('',(183.19414751712,202.1693098864,
    -8.188689356419));
#498 = CARTESIAN_POINT('',(183.22142673418,202.1304178844,
    -8.231176983524));
#499 = CARTESIAN_POINT('',(183.24943736723,202.09259342911,
    -8.274412757875));
#500 = CARTESIAN_POINT('',(183.37265447089,201.93475866042,
    -8.462857769451));
#501 = CARTESIAN_POINT('',(183.47502279638,201.82468261158,
    -8.615116386709));
#502 = CARTESIAN_POINT('',(183.58409593719,201.72511502788,
    -8.772317382973));
#503 = CARTESIAN_POINT('',(183.69926540932,201.6355718747,
    -8.932921836207));
#504 = CARTESIAN_POINT('',(183.82039427679,201.55575911303,
    -9.096198430483));
#505 = CARTESIAN_POINT('',(184.10289079566,201.40045533756,
    -9.463809798395));
#506 = CARTESIAN_POINT('',(184.26701056392,201.32990133088,-9.6689691523
    ));
#507 = CARTESIAN_POINT('',(184.43942235284,201.27474067168,
    -9.875528397382));
#508 = CARTESIAN_POINT('',(184.61960409107,201.23608592956,
    -10.08214839024));
#509 = CARTESIAN_POINT('',(184.80689206042,201.2156,-10.28749873207));
#510 = CARTESIAN_POINT('',(185.,201.2156,-10.48999523355));
#511 = CYLINDRICAL_SURFACE('',#512,15.2);
#512 = AXIS2_PLACEMENT_3D('',#513,#514,#515);
#513 = CARTESIAN_POINT('',(196.,118.5,0.));
#514 = DIRECTION('',(-2.22044604925E-16,1.,0.));
#515 = DIRECTION('',(0.,0.,1.));
#516 = ADVANCED_FACE('',(#517,#535,#571),#607,.F.);
#517 = FACE_BOUND('',#518,.F.);
#518 = EDGE_LOOP('',(#519,#520,#521,#529));
#519 = ORIENTED_EDGE('',*,*,#39,.F.);
#520 = ORIENTED_EDGE('',*,*,#131,.T.);
#521 = ORIENTED_EDGE('',*,*,#522,.T.);
#522 = EDGE_CURVE('',#132,#523,#525,.T.);
#523 = VERTEX_POINT('',#524);
#524 = CARTESIAN_POINT('',(169.3,207.5,-24.));
#525 = LINE('',#526,#527);
#526 = CARTESIAN_POINT('',(216.2,207.5,-24.));
#527 = VECTOR('',#528,1.);
#528 = DIRECTION('',(-1.,-2.22044604925E-16,0.));
#529 = ORIENTED_EDGE('',*,*,#530,.F.);
#530 = EDGE_CURVE('',#40,#523,#531,.T.);
#531 = LINE('',#532,#533);
#532 = CARTESIAN_POINT('',(169.3,119.5,-24.));
#533 = VECTOR('',#534,1.);
#534 = DIRECTION('',(-2.22044604925E-16,1.,0.));
#535 = FACE_BOUND('',#536,.F.);
#536 = EDGE_LOOP('',(#537,#548,#556,#565));
#537 = ORIENTED_EDGE('',*,*,#538,.F.);
#538 = EDGE_CURVE('',#539,#541,#543,.T.);
#539 = VERTEX_POINT('',#540);
#540 = CARTESIAN_POINT('',(195.5,121.4156,-24.));
#541 = VERTEX_POINT('',#542);
#542 = CARTESIAN_POINT('',(195.5,125.7844,-24.));
#543 = CIRCLE('',#544,2.1844);
#544 = AXIS2_PLACEMENT_3D('',#545,#546,#547);
#545 = CARTESIAN_POINT('',(195.5,123.6,-24.));
#546 = DIRECTION('',(0.,0.,1.));
#547 = DIRECTION('',(-2.22044604925E-16,1.,0.));
#548 = ORIENTED_EDGE('',*,*,#549,.T.);
#549 = EDGE_CURVE('',#539,#550,#552,.T.);
#550 = VERTEX_POINT('',#551);
#551 = CARTESIAN_POINT('',(185.,121.4156,-24.));
#552 = LINE('',#553,#554);
#553 = CARTESIAN_POINT('',(205.85,121.4156,-24.));
#554 = VECTOR('',#555,1.);
#555 = DIRECTION('',(-1.,-2.22044604925E-16,0.));
#556 = ORIENTED_EDGE('',*,*,#557,.F.);
#557 = EDGE_CURVE('',#558,#550,#560,.T.);
#558 = VERTEX_POINT('',#559);
#559 = CARTESIAN_POINT('',(185.,125.7844,-24.));
#560 = CIRCLE('',#561,2.1844);
#561 = AXIS2_PLACEMENT_3D('',#562,#563,#564);
#562 = CARTESIAN_POINT('',(185.,123.6,-24.));
#563 = DIRECTION('',(0.,0.,1.));
#564 = DIRECTION('',(-2.22044604925E-16,1.,0.));
#565 = ORIENTED_EDGE('',*,*,#566,.F.);
#566 = EDGE_CURVE('',#541,#558,#567,.T.);
#567 = LINE('',#568,#569);
#568 = CARTESIAN_POINT('',(205.85,125.7844,-24.));
#569 = VECTOR('',#570,1.);
#570 = DIRECTION('',(-1.,-2.22044604925E-16,0.));
#571 = FACE_BOUND('',#572,.F.);
#572 = EDGE_LOOP('',(#573,#584,#592,#601));
#573 = ORIENTED_EDGE('',*,*,#574,.F.);
#574 = EDGE_CURVE('',#575,#577,#579,.T.);
#575 = VERTEX_POINT('',#576);
#576 = CARTESIAN_POINT('',(195.5,201.2156,-24.));
#577 = VERTEX_POINT('',#578);
#578 = CARTESIAN_POINT('',(195.5,205.5844,-24.));
#579 = CIRCLE('',#580,2.1844);
#580 = AXIS2_PLACEMENT_3D('',#581,#582,#583);
#581 = CARTESIAN_POINT('',(195.5,203.4,-24.));
#582 = DIRECTION('',(0.,0.,1.));
#583 = DIRECTION('',(-2.22044604925E-16,1.,0.));
#584 = ORIENTED_EDGE('',*,*,#585,.T.);
#585 = EDGE_CURVE('',#575,#586,#588,.T.);
#586 = VERTEX_POINT('',#587);
#587 = CARTESIAN_POINT('',(185.,201.2156,-24.));
#588 = LINE('',#589,#590);
#589 = CARTESIAN_POINT('',(205.85,201.2156,-24.));
#590 = VECTOR('',#591,1.);
#591 = DIRECTION('',(-1.,-2.22044604925E-16,0.));
#592 = ORIENTED_EDGE('',*,*,#593,.F.);
#593 = EDGE_CURVE('',#594,#586,#596,.T.);
#594 = VERTEX_POINT('',#595);
#595 = CARTESIAN_POINT('',(185.,205.5844,-24.));
#596 = CIRCLE('',#597,2.1844);
#597 = AXIS2_PLACEMENT_3D('',#598,#599,#600);
#598 = CARTESIAN_POINT('',(185.,203.4,-24.));
#599 = DIRECTION('',(0.,0.,1.));
#600 = DIRECTION('',(-2.22044604925E-16,1.,0.));
#601 = ORIENTED_EDGE('',*,*,#602,.F.);
#602 = EDGE_CURVE('',#577,#594,#603,.T.);
#603 = LINE('',#604,#605);
#604 = CARTESIAN_POINT('',(205.85,205.5844,-24.));
#605 = VECTOR('',#606,1.);
#606 = DIRECTION('',(-1.,-2.22044604925E-16,0.));
#607 = PLANE('',#608);
#608 = AXIS2_PLACEMENT_3D('',#609,#610,#611);
#609 = CARTESIAN_POINT('',(216.2,119.5,-24.));
#610 = DIRECTION('',(0.,0.,1.));
#611 = DIRECTION('',(-2.22044604925E-16,1.,0.));
#612 = ADVANCED_FACE('',(#613),#631,.T.);
#613 = FACE_BOUND('',#614,.T.);
#614 = EDGE_LOOP('',(#615,#616,#617,#625));
#615 = ORIENTED_EDGE('',*,*,#55,.F.);
#616 = ORIENTED_EDGE('',*,*,#157,.T.);
#617 = ORIENTED_EDGE('',*,*,#618,.T.);
#618 = EDGE_CURVE('',#158,#619,#621,.T.);
#619 = VERTEX_POINT('',#620);
#620 = CARTESIAN_POINT('',(169.3,140.5,0.));
#621 = LINE('',#622,#623);
#622 = CARTESIAN_POINT('',(199.5,140.5,0.));
#623 = VECTOR('',#624,1.);
#624 = DIRECTION('',(-1.,-2.22044604925E-16,0.));
#625 = ORIENTED_EDGE('',*,*,#626,.F.);
#626 = EDGE_CURVE('',#48,#619,#627,.T.);
#627 = LINE('',#628,#629);
#628 = CARTESIAN_POINT('',(169.3,119.5,0.));
#629 = VECTOR('',#630,1.);
#630 = DIRECTION('',(-2.22044604925E-16,1.,0.));
#631 = PLANE('',#632);
#632 = AXIS2_PLACEMENT_3D('',#633,#634,#635);
#633 = CARTESIAN_POINT('',(216.2,119.5,0.));
#634 = DIRECTION('',(0.,0.,1.));
#635 = DIRECTION('',(-2.22044604925E-16,1.,0.));
#636 = ADVANCED_FACE('',(#637),#680,.T.);
#637 = FACE_BOUND('',#638,.T.);
#638 = EDGE_LOOP('',(#639,#647,#648,#649,#650,#658,#666,#674));
#639 = ORIENTED_EDGE('',*,*,#640,.F.);
#640 = EDGE_CURVE('',#523,#641,#643,.T.);
#641 = VERTEX_POINT('',#642);
#642 = CARTESIAN_POINT('',(169.3,207.5,0.));
#643 = LINE('',#644,#645);
#644 = CARTESIAN_POINT('',(169.3,207.5,-24.));
#645 = VECTOR('',#646,1.);
#646 = DIRECTION('',(0.,0.,1.));
#647 = ORIENTED_EDGE('',*,*,#530,.F.);
#648 = ORIENTED_EDGE('',*,*,#47,.T.);
#649 = ORIENTED_EDGE('',*,*,#626,.T.);
#650 = ORIENTED_EDGE('',*,*,#651,.T.);
#651 = EDGE_CURVE('',#619,#652,#654,.T.);
#652 = VERTEX_POINT('',#653);
#653 = CARTESIAN_POINT('',(169.3,140.5,-6.));
#654 = LINE('',#655,#656);
#655 = CARTESIAN_POINT('',(169.3,140.5,-15.));
#656 = VECTOR('',#657,1.);
#657 = DIRECTION('',(0.,-0.,-1.));
#658 = ORIENTED_EDGE('',*,*,#659,.T.);
#659 = EDGE_CURVE('',#652,#660,#662,.T.);
#660 = VERTEX_POINT('',#661);
#661 = CARTESIAN_POINT('',(169.3,146.5,-6.));
#662 = LINE('',#663,#664);
#663 = CARTESIAN_POINT('',(169.3,130.,-6.));
#664 = VECTOR('',#665,1.);
#665 = DIRECTION('',(-2.22044604925E-16,1.,0.));
#666 = ORIENTED_EDGE('',*,*,#667,.F.);
#667 = EDGE_CURVE('',#668,#660,#670,.T.);
#668 = VERTEX_POINT('',#669);
#669 = CARTESIAN_POINT('',(169.3,146.5,0.));
#670 = LINE('',#671,#672);
#671 = CARTESIAN_POINT('',(169.3,146.5,-15.));
#672 = VECTOR('',#673,1.);
#673 = DIRECTION('',(0.,-0.,-1.));
#674 = ORIENTED_EDGE('',*,*,#675,.T.);
#675 = EDGE_CURVE('',#668,#641,#676,.T.);
#676 = LINE('',#677,#678);
#677 = CARTESIAN_POINT('',(169.3,119.5,0.));
#678 = VECTOR('',#679,1.);
#679 = DIRECTION('',(-2.22044604925E-16,1.,0.));
#680 = PLANE('',#681);
#681 = AXIS2_PLACEMENT_3D('',#682,#683,#684);
#682 = CARTESIAN_POINT('',(169.3,119.5,-24.));
#683 = DIRECTION('',(-1.,-2.22044604925E-16,0.));
#684 = DIRECTION('',(0.,0.,1.));
#685 = ADVANCED_FACE('',(#686),#705,.F.);
#686 = FACE_BOUND('',#687,.F.);
#687 = EDGE_LOOP('',(#688,#697,#703,#704));
#688 = ORIENTED_EDGE('',*,*,#689,.F.);
#689 = EDGE_CURVE('',#690,#690,#692,.T.);
#690 = VERTEX_POINT('',#691);
#691 = CARTESIAN_POINT('',(179.,135.5,-15.2728));
#692 = CIRCLE('',#693,1.7272);
#693 = AXIS2_PLACEMENT_3D('',#694,#695,#696);
#694 = CARTESIAN_POINT('',(179.,135.5,-17.));
#695 = DIRECTION('',(-2.22044604925E-16,1.,0.));
#696 = DIRECTION('',(0.,0.,1.));
#697 = ORIENTED_EDGE('',*,*,#698,.F.);
#698 = EDGE_CURVE('',#73,#690,#699,.T.);
#699 = LINE('',#700,#701);
#700 = CARTESIAN_POINT('',(179.,119.5,-15.2728));
#701 = VECTOR('',#702,1.);
#702 = DIRECTION('',(-2.22044604925E-16,1.,0.));
#703 = ORIENTED_EDGE('',*,*,#72,.T.);
#704 = ORIENTED_EDGE('',*,*,#698,.T.);
#705 = CYLINDRICAL_SURFACE('',#706,1.7272);
#706 = AXIS2_PLACEMENT_3D('',#707,#708,#709);
#707 = CARTESIAN_POINT('',(179.,119.5,-17.));
#708 = DIRECTION('',(-2.22044604925E-16,1.,0.));
#709 = DIRECTION('',(0.,0.,1.));
#710 = ADVANCED_FACE('',(#711),#730,.F.);
#711 = FACE_BOUND('',#712,.F.);
#712 = EDGE_LOOP('',(#713,#722,#728,#729));
#713 = ORIENTED_EDGE('',*,*,#714,.F.);
#714 = EDGE_CURVE('',#715,#715,#717,.T.);
#715 = VERTEX_POINT('',#716);
#716 = CARTESIAN_POINT('',(210.5,135.5,-15.2728));
#717 = CIRCLE('',#718,1.7272);
#718 = AXIS2_PLACEMENT_3D('',#719,#720,#721);
#719 = CARTESIAN_POINT('',(210.5,135.5,-17.));
#720 = DIRECTION('',(-2.22044604925E-16,1.,0.));
#721 = DIRECTION('',(0.,0.,1.));
#722 = ORIENTED_EDGE('',*,*,#723,.F.);
#723 = EDGE_CURVE('',#84,#715,#724,.T.);
#724 = LINE('',#725,#726);
#725 = CARTESIAN_POINT('',(210.5,119.5,-15.2728));
#726 = VECTOR('',#727,1.);
#727 = DIRECTION('',(-2.22044604925E-16,1.,0.));
#728 = ORIENTED_EDGE('',*,*,#83,.T.);
#729 = ORIENTED_EDGE('',*,*,#723,.T.);
#730 = CYLINDRICAL_SURFACE('',#731,1.7272);
#731 = AXIS2_PLACEMENT_3D('',#732,#733,#734);
#732 = CARTESIAN_POINT('',(210.5,119.5,-17.));
#733 = DIRECTION('',(-2.22044604925E-16,1.,0.));
#734 = DIRECTION('',(0.,0.,1.));
#735 = ADVANCED_FACE('',(#736,#749,#760),#771,.T.);
#736 = FACE_BOUND('',#737,.T.);
#737 = EDGE_LOOP('',(#738,#739,#740,#741,#742,#748));
#738 = ORIENTED_EDGE('',*,*,#109,.F.);
#739 = ORIENTED_EDGE('',*,*,#141,.F.);
#740 = ORIENTED_EDGE('',*,*,#522,.T.);
#741 = ORIENTED_EDGE('',*,*,#640,.T.);
#742 = ORIENTED_EDGE('',*,*,#743,.F.);
#743 = EDGE_CURVE('',#226,#641,#744,.T.);
#744 = LINE('',#745,#746);
#745 = CARTESIAN_POINT('',(216.2,207.5,0.));
#746 = VECTOR('',#747,1.);
#747 = DIRECTION('',(-1.,-2.22044604925E-16,0.));
#748 = ORIENTED_EDGE('',*,*,#233,.F.);
#749 = FACE_BOUND('',#750,.T.);
#750 = EDGE_LOOP('',(#751));
#751 = ORIENTED_EDGE('',*,*,#752,.T.);
#752 = EDGE_CURVE('',#753,#753,#755,.T.);
#753 = VERTEX_POINT('',#754);
#754 = CARTESIAN_POINT('',(179.,207.5,-18.7272));
#755 = CIRCLE('',#756,1.7272);
#756 = AXIS2_PLACEMENT_3D('',#757,#758,#759);
#757 = CARTESIAN_POINT('',(179.,207.5,-17.));
#758 = DIRECTION('',(2.22044604925E-16,-1.,-0.));
#759 = DIRECTION('',(-0.,0.,-1.));
#760 = FACE_BOUND('',#761,.T.);
#761 = EDGE_LOOP('',(#762));
#762 = ORIENTED_EDGE('',*,*,#763,.T.);
#763 = EDGE_CURVE('',#764,#764,#766,.T.);
#764 = VERTEX_POINT('',#765);
#765 = CARTESIAN_POINT('',(210.5,207.5,-18.7272));
#766 = CIRCLE('',#767,1.7272);
#767 = AXIS2_PLACEMENT_3D('',#768,#769,#770);
#768 = CARTESIAN_POINT('',(210.5,207.5,-17.));
#769 = DIRECTION('',(2.22044604925E-16,-1.,-0.));
#770 = DIRECTION('',(-0.,0.,-1.));
#771 = PLANE('',#772);
#772 = AXIS2_PLACEMENT_3D('',#773,#774,#775);
#773 = CARTESIAN_POINT('',(216.2,207.5,-24.));
#774 = DIRECTION('',(-2.22044604925E-16,1.,0.));
#775 = DIRECTION('',(0.,0.,1.));
#776 = ADVANCED_FACE('',(#777),#811,.T.);
#777 = FACE_BOUND('',#778,.T.);
#778 = EDGE_LOOP('',(#779,#785,#786,#794,#802,#808,#809,#810));
#779 = ORIENTED_EDGE('',*,*,#780,.F.);
#780 = EDGE_CURVE('',#183,#668,#781,.T.);
#781 = LINE('',#782,#783);
#782 = CARTESIAN_POINT('',(199.5,146.5,0.));
#783 = VECTOR('',#784,1.);
#784 = DIRECTION('',(-1.,-2.22044604925E-16,0.));
#785 = ORIENTED_EDGE('',*,*,#191,.T.);
#786 = ORIENTED_EDGE('',*,*,#787,.T.);
#787 = EDGE_CURVE('',#192,#788,#790,.T.);
#788 = VERTEX_POINT('',#789);
#789 = CARTESIAN_POINT('',(171.8,157.5,0.));
#790 = LINE('',#791,#792);
#791 = CARTESIAN_POINT('',(199.5,157.5,0.));
#792 = VECTOR('',#793,1.);
#793 = DIRECTION('',(-1.,-2.22044604925E-16,0.));
#794 = ORIENTED_EDGE('',*,*,#795,.F.);
#795 = EDGE_CURVE('',#796,#788,#798,.T.);
#796 = VERTEX_POINT('',#797);
#797 = CARTESIAN_POINT('',(171.8,169.5,0.));
#798 = LINE('',#799,#800);
#799 = CARTESIAN_POINT('',(171.8,138.5,0.));
#800 = VECTOR('',#801,1.);
#801 = DIRECTION('',(2.22044604925E-16,-1.,0.));
#802 = ORIENTED_EDGE('',*,*,#803,.F.);
#803 = EDGE_CURVE('',#217,#796,#804,.T.);
#804 = LINE('',#805,#806);
#805 = CARTESIAN_POINT('',(199.5,169.5,0.));
#806 = VECTOR('',#807,1.);
#807 = DIRECTION('',(-1.,-2.22044604925E-16,0.));
#808 = ORIENTED_EDGE('',*,*,#225,.T.);
#809 = ORIENTED_EDGE('',*,*,#743,.T.);
#810 = ORIENTED_EDGE('',*,*,#675,.F.);
#811 = PLANE('',#812);
#812 = AXIS2_PLACEMENT_3D('',#813,#814,#815);
#813 = CARTESIAN_POINT('',(216.2,119.5,0.));
#814 = DIRECTION('',(0.,0.,1.));
#815 = DIRECTION('',(-2.22044604925E-16,1.,0.));
#816 = ADVANCED_FACE('',(#817),#835,.F.);
#817 = FACE_BOUND('',#818,.F.);
#818 = EDGE_LOOP('',(#819,#820,#828,#834));
#819 = ORIENTED_EDGE('',*,*,#216,.F.);
#820 = ORIENTED_EDGE('',*,*,#821,.T.);
#821 = EDGE_CURVE('',#209,#822,#824,.T.);
#822 = VERTEX_POINT('',#823);
#823 = CARTESIAN_POINT('',(171.8,169.5,-5.));
#824 = LINE('',#825,#826);
#825 = CARTESIAN_POINT('',(182.8,169.5,-5.));
#826 = VECTOR('',#827,1.);
#827 = DIRECTION('',(-1.,-2.22044604925E-16,0.));
#828 = ORIENTED_EDGE('',*,*,#829,.T.);
#829 = EDGE_CURVE('',#822,#796,#830,.T.);
#830 = LINE('',#831,#832);
#831 = CARTESIAN_POINT('',(171.8,169.5,-5.));
#832 = VECTOR('',#833,1.);
#833 = DIRECTION('',(0.,0.,1.));
#834 = ORIENTED_EDGE('',*,*,#803,.F.);
#835 = PLANE('',#836);
#836 = AXIS2_PLACEMENT_3D('',#837,#838,#839);
#837 = CARTESIAN_POINT('',(182.8,169.5,-5.));
#838 = DIRECTION('',(-2.22044604925E-16,1.,0.));
#839 = DIRECTION('',(0.,0.,1.));
#840 = ADVANCED_FACE('',(#841),#859,.T.);
#841 = FACE_BOUND('',#842,.T.);
#842 = EDGE_LOOP('',(#843,#851,#852,#853));
#843 = ORIENTED_EDGE('',*,*,#844,.F.);
#844 = EDGE_CURVE('',#200,#845,#847,.T.);
#845 = VERTEX_POINT('',#846);
#846 = CARTESIAN_POINT('',(171.8,157.5,-5.));
#847 = LINE('',#848,#849);
#848 = CARTESIAN_POINT('',(182.8,157.5,-5.));
#849 = VECTOR('',#850,1.);
#850 = DIRECTION('',(-1.,-2.22044604925E-16,0.));
#851 = ORIENTED_EDGE('',*,*,#208,.T.);
#852 = ORIENTED_EDGE('',*,*,#821,.T.);
#853 = ORIENTED_EDGE('',*,*,#854,.F.);
#854 = EDGE_CURVE('',#845,#822,#855,.T.);
#855 = LINE('',#856,#857);
#856 = CARTESIAN_POINT('',(171.8,157.5,-5.));
#857 = VECTOR('',#858,1.);
#858 = DIRECTION('',(-2.22044604925E-16,1.,0.));
#859 = PLANE('',#860);
#860 = AXIS2_PLACEMENT_3D('',#861,#862,#863);
#861 = CARTESIAN_POINT('',(182.8,157.5,-5.));
#862 = DIRECTION('',(0.,0.,1.));
#863 = DIRECTION('',(-2.22044604925E-16,1.,0.));
#864 = ADVANCED_FACE('',(#865),#876,.T.);
#865 = FACE_BOUND('',#866,.T.);
#866 = EDGE_LOOP('',(#867,#868,#869,#875));
#867 = ORIENTED_EDGE('',*,*,#199,.F.);
#868 = ORIENTED_EDGE('',*,*,#844,.T.);
#869 = ORIENTED_EDGE('',*,*,#870,.T.);
#870 = EDGE_CURVE('',#845,#788,#871,.T.);
#871 = LINE('',#872,#873);
#872 = CARTESIAN_POINT('',(171.8,157.5,-5.));
#873 = VECTOR('',#874,1.);
#874 = DIRECTION('',(0.,0.,1.));
#875 = ORIENTED_EDGE('',*,*,#787,.F.);
#876 = PLANE('',#877);
#877 = AXIS2_PLACEMENT_3D('',#878,#879,#880);
#878 = CARTESIAN_POINT('',(182.8,157.5,-5.));
#879 = DIRECTION('',(-2.22044604925E-16,1.,0.));
#880 = DIRECTION('',(0.,0.,1.));
#881 = ADVANCED_FACE('',(#882),#893,.F.);
#882 = FACE_BOUND('',#883,.F.);
#883 = EDGE_LOOP('',(#884,#885,#891,#892));
#884 = ORIENTED_EDGE('',*,*,#182,.F.);
#885 = ORIENTED_EDGE('',*,*,#886,.T.);
#886 = EDGE_CURVE('',#175,#660,#887,.T.);
#887 = LINE('',#888,#889);
#888 = CARTESIAN_POINT('',(182.8,146.5,-6.));
#889 = VECTOR('',#890,1.);
#890 = DIRECTION('',(-1.,-2.22044604925E-16,0.));
#891 = ORIENTED_EDGE('',*,*,#667,.F.);
#892 = ORIENTED_EDGE('',*,*,#780,.F.);
#893 = PLANE('',#894);
#894 = AXIS2_PLACEMENT_3D('',#895,#896,#897);
#895 = CARTESIAN_POINT('',(182.8,146.5,-6.));
#896 = DIRECTION('',(-2.22044604925E-16,1.,0.));
#897 = DIRECTION('',(0.,0.,1.));
#898 = ADVANCED_FACE('',(#899),#910,.T.);
#899 = FACE_BOUND('',#900,.T.);
#900 = EDGE_LOOP('',(#901,#907,#908,#909));
#901 = ORIENTED_EDGE('',*,*,#902,.F.);
#902 = EDGE_CURVE('',#166,#652,#903,.T.);
#903 = LINE('',#904,#905);
#904 = CARTESIAN_POINT('',(182.8,140.5,-6.));
#905 = VECTOR('',#906,1.);
#906 = DIRECTION('',(-1.,-2.22044604925E-16,0.));
#907 = ORIENTED_EDGE('',*,*,#174,.T.);
#908 = ORIENTED_EDGE('',*,*,#886,.T.);
#909 = ORIENTED_EDGE('',*,*,#659,.F.);
#910 = PLANE('',#911);
#911 = AXIS2_PLACEMENT_3D('',#912,#913,#914);
#912 = CARTESIAN_POINT('',(182.8,140.5,-6.));
#913 = DIRECTION('',(0.,0.,1.));
#914 = DIRECTION('',(-2.22044604925E-16,1.,0.));
#915 = ADVANCED_FACE('',(#916),#922,.T.);
#916 = FACE_BOUND('',#917,.T.);
#917 = EDGE_LOOP('',(#918,#919,#920,#921));
#918 = ORIENTED_EDGE('',*,*,#165,.F.);
#919 = ORIENTED_EDGE('',*,*,#902,.T.);
#920 = ORIENTED_EDGE('',*,*,#651,.F.);
#921 = ORIENTED_EDGE('',*,*,#618,.F.);
#922 = PLANE('',#923);
#923 = AXIS2_PLACEMENT_3D('',#924,#925,#926);
#924 = CARTESIAN_POINT('',(182.8,140.5,-6.));
#925 = DIRECTION('',(-2.22044604925E-16,1.,0.));
#926 = DIRECTION('',(0.,0.,1.));
#927 = ADVANCED_FACE('',(#928),#944,.T.);
#928 = FACE_BOUND('',#929,.T.);
#929 = EDGE_LOOP('',(#930,#936,#937,#943));
#930 = ORIENTED_EDGE('',*,*,#931,.F.);
#931 = EDGE_CURVE('',#539,#243,#932,.T.);
#932 = LINE('',#933,#934);
#933 = CARTESIAN_POINT('',(195.5,121.4156,-25.));
#934 = VECTOR('',#935,1.);
#935 = DIRECTION('',(0.,0.,1.));
#936 = ORIENTED_EDGE('',*,*,#549,.T.);
#937 = ORIENTED_EDGE('',*,*,#938,.T.);
#938 = EDGE_CURVE('',#550,#245,#939,.T.);
#939 = LINE('',#940,#941);
#940 = CARTESIAN_POINT('',(185.,121.4156,-25.));
#941 = VECTOR('',#942,1.);
#942 = DIRECTION('',(0.,0.,1.));
#943 = ORIENTED_EDGE('',*,*,#242,.F.);
#944 = PLANE('',#945);
#945 = AXIS2_PLACEMENT_3D('',#946,#947,#948);
#946 = CARTESIAN_POINT('',(195.5,121.4156,-25.));
#947 = DIRECTION('',(-2.22044604925E-16,1.,0.));
#948 = DIRECTION('',(0.,0.,1.));
#949 = ADVANCED_FACE('',(#950),#961,.F.);
#950 = FACE_BOUND('',#951,.F.);
#951 = EDGE_LOOP('',(#952,#953,#959,#960));
#952 = ORIENTED_EDGE('',*,*,#538,.T.);
#953 = ORIENTED_EDGE('',*,*,#954,.T.);
#954 = EDGE_CURVE('',#541,#254,#955,.T.);
#955 = LINE('',#956,#957);
#956 = CARTESIAN_POINT('',(195.5,125.7844,-25.));
#957 = VECTOR('',#958,1.);
#958 = DIRECTION('',(0.,0.,1.));
#959 = ORIENTED_EDGE('',*,*,#253,.F.);
#960 = ORIENTED_EDGE('',*,*,#931,.F.);
#961 = CYLINDRICAL_SURFACE('',#962,2.1844);
#962 = AXIS2_PLACEMENT_3D('',#963,#964,#965);
#963 = CARTESIAN_POINT('',(195.5,123.6,-25.));
#964 = DIRECTION('',(0.,0.,1.));
#965 = DIRECTION('',(-2.22044604925E-16,1.,0.));
#966 = ADVANCED_FACE('',(#967),#978,.F.);
#967 = FACE_BOUND('',#968,.F.);
#968 = EDGE_LOOP('',(#969,#970,#976,#977));
#969 = ORIENTED_EDGE('',*,*,#311,.F.);
#970 = ORIENTED_EDGE('',*,*,#971,.F.);
#971 = EDGE_CURVE('',#558,#303,#972,.T.);
#972 = LINE('',#973,#974);
#973 = CARTESIAN_POINT('',(185.,125.7844,-25.));
#974 = VECTOR('',#975,1.);
#975 = DIRECTION('',(0.,0.,1.));
#976 = ORIENTED_EDGE('',*,*,#557,.T.);
#977 = ORIENTED_EDGE('',*,*,#938,.T.);
#978 = CYLINDRICAL_SURFACE('',#979,2.1844);
#979 = AXIS2_PLACEMENT_3D('',#980,#981,#982);
#980 = CARTESIAN_POINT('',(185.,123.6,-25.));
#981 = DIRECTION('',(0.,0.,1.));
#982 = DIRECTION('',(-2.22044604925E-16,1.,0.));
#983 = ADVANCED_FACE('',(#984),#990,.F.);
#984 = FACE_BOUND('',#985,.F.);
#985 = EDGE_LOOP('',(#986,#987,#988,#989));
#986 = ORIENTED_EDGE('',*,*,#954,.F.);
#987 = ORIENTED_EDGE('',*,*,#566,.T.);
#988 = ORIENTED_EDGE('',*,*,#971,.T.);
#989 = ORIENTED_EDGE('',*,*,#302,.F.);
#990 = PLANE('',#991);
#991 = AXIS2_PLACEMENT_3D('',#992,#993,#994);
#992 = CARTESIAN_POINT('',(195.5,125.7844,-25.));
#993 = DIRECTION('',(-2.22044604925E-16,1.,0.));
#994 = DIRECTION('',(0.,0.,1.));
#995 = ADVANCED_FACE('',(#996),#1012,.T.);
#996 = FACE_BOUND('',#997,.T.);
#997 = EDGE_LOOP('',(#998,#1004,#1005,#1011));
#998 = ORIENTED_EDGE('',*,*,#999,.F.);
#999 = EDGE_CURVE('',#575,#379,#1000,.T.);
#1000 = LINE('',#1001,#1002);
#1001 = CARTESIAN_POINT('',(195.5,201.2156,-25.));
#1002 = VECTOR('',#1003,1.);
#1003 = DIRECTION('',(0.,0.,1.));
#1004 = ORIENTED_EDGE('',*,*,#585,.T.);
#1005 = ORIENTED_EDGE('',*,*,#1006,.T.);
#1006 = EDGE_CURVE('',#586,#381,#1007,.T.);
#1007 = LINE('',#1008,#1009);
#1008 = CARTESIAN_POINT('',(185.,201.2156,-25.));
#1009 = VECTOR('',#1010,1.);
#1010 = DIRECTION('',(0.,0.,1.));
#1011 = ORIENTED_EDGE('',*,*,#378,.F.);
#1012 = PLANE('',#1013);
#1013 = AXIS2_PLACEMENT_3D('',#1014,#1015,#1016);
#1014 = CARTESIAN_POINT('',(195.5,201.2156,-25.));
#1015 = DIRECTION('',(-2.22044604925E-16,1.,0.));
#1016 = DIRECTION('',(0.,0.,1.));
#1017 = ADVANCED_FACE('',(#1018),#1029,.F.);
#1018 = FACE_BOUND('',#1019,.F.);
#1019 = EDGE_LOOP('',(#1020,#1021,#1027,#1028));
#1020 = ORIENTED_EDGE('',*,*,#574,.T.);
#1021 = ORIENTED_EDGE('',*,*,#1022,.T.);
#1022 = EDGE_CURVE('',#577,#390,#1023,.T.);
#1023 = LINE('',#1024,#1025);
#1024 = CARTESIAN_POINT('',(195.5,205.5844,-25.));
#1025 = VECTOR('',#1026,1.);
#1026 = DIRECTION('',(0.,0.,1.));
#1027 = ORIENTED_EDGE('',*,*,#389,.F.);
#1028 = ORIENTED_EDGE('',*,*,#999,.F.);
#1029 = CYLINDRICAL_SURFACE('',#1030,2.1844);
#1030 = AXIS2_PLACEMENT_3D('',#1031,#1032,#1033);
#1031 = CARTESIAN_POINT('',(195.5,203.4,-25.));
#1032 = DIRECTION('',(0.,0.,1.));
#1033 = DIRECTION('',(-2.22044604925E-16,1.,0.));
#1034 = ADVANCED_FACE('',(#1035),#1046,.F.);
#1035 = FACE_BOUND('',#1036,.F.);
#1036 = EDGE_LOOP('',(#1037,#1038,#1044,#1045));
#1037 = ORIENTED_EDGE('',*,*,#447,.F.);
#1038 = ORIENTED_EDGE('',*,*,#1039,.F.);
#1039 = EDGE_CURVE('',#594,#439,#1040,.T.);
#1040 = LINE('',#1041,#1042);
#1041 = CARTESIAN_POINT('',(185.,205.5844,-25.));
#1042 = VECTOR('',#1043,1.);
#1043 = DIRECTION('',(0.,0.,1.));
#1044 = ORIENTED_EDGE('',*,*,#593,.T.);
#1045 = ORIENTED_EDGE('',*,*,#1006,.T.);
#1046 = CYLINDRICAL_SURFACE('',#1047,2.1844);
#1047 = AXIS2_PLACEMENT_3D('',#1048,#1049,#1050);
#1048 = CARTESIAN_POINT('',(185.,203.4,-25.));
#1049 = DIRECTION('',(0.,0.,1.));
#1050 = DIRECTION('',(-2.22044604925E-16,1.,0.));
#1051 = ADVANCED_FACE('',(#1052),#1058,.F.);
#1052 = FACE_BOUND('',#1053,.F.);
#1053 = EDGE_LOOP('',(#1054,#1055,#1056,#1057));
#1054 = ORIENTED_EDGE('',*,*,#1022,.F.);
#1055 = ORIENTED_EDGE('',*,*,#602,.T.);
#1056 = ORIENTED_EDGE('',*,*,#1039,.T.);
#1057 = ORIENTED_EDGE('',*,*,#438,.F.);
#1058 = PLANE('',#1059);
#1059 = AXIS2_PLACEMENT_3D('',#1060,#1061,#1062);
#1060 = CARTESIAN_POINT('',(195.5,205.5844,-25.));
#1061 = DIRECTION('',(-2.22044604925E-16,1.,0.));
#1062 = DIRECTION('',(0.,0.,1.));
#1063 = ADVANCED_FACE('',(#1064),#1067,.F.);
#1064 = FACE_BOUND('',#1065,.F.);
#1065 = EDGE_LOOP('',(#1066));
#1066 = ORIENTED_EDGE('',*,*,#689,.T.);
#1067 = PLANE('',#1068);
#1068 = AXIS2_PLACEMENT_3D('',#1069,#1070,#1071);
#1069 = CARTESIAN_POINT('',(179.,135.5,-17.));
#1070 = DIRECTION('',(-2.22044604925E-16,1.,0.));
#1071 = DIRECTION('',(0.,0.,1.));
#1072 = ADVANCED_FACE('',(#1073),#1076,.F.);
#1073 = FACE_BOUND('',#1074,.F.);
#1074 = EDGE_LOOP('',(#1075));
#1075 = ORIENTED_EDGE('',*,*,#714,.T.);
#1076 = PLANE('',#1077);
#1077 = AXIS2_PLACEMENT_3D('',#1078,#1079,#1080);
#1078 = CARTESIAN_POINT('',(210.5,135.5,-17.));
#1079 = DIRECTION('',(-2.22044604925E-16,1.,0.));
#1080 = DIRECTION('',(0.,0.,1.));
#1081 = ADVANCED_FACE('',(#1082),#1101,.F.);
#1082 = FACE_BOUND('',#1083,.F.);
#1083 = EDGE_LOOP('',(#1084,#1093,#1099,#1100));
#1084 = ORIENTED_EDGE('',*,*,#1085,.F.);
#1085 = EDGE_CURVE('',#1086,#1086,#1088,.T.);
#1086 = VERTEX_POINT('',#1087);
#1087 = CARTESIAN_POINT('',(179.,191.5,-18.7272));
#1088 = CIRCLE('',#1089,1.7272);
#1089 = AXIS2_PLACEMENT_3D('',#1090,#1091,#1092);
#1090 = CARTESIAN_POINT('',(179.,191.5,-17.));
#1091 = DIRECTION('',(2.22044604925E-16,-1.,-0.));
#1092 = DIRECTION('',(-0.,0.,-1.));
#1093 = ORIENTED_EDGE('',*,*,#1094,.F.);
#1094 = EDGE_CURVE('',#753,#1086,#1095,.T.);
#1095 = LINE('',#1096,#1097);
#1096 = CARTESIAN_POINT('',(179.,207.5,-18.7272));
#1097 = VECTOR('',#1098,1.);
#1098 = DIRECTION('',(2.22044604925E-16,-1.,0.));
#1099 = ORIENTED_EDGE('',*,*,#752,.T.);
#1100 = ORIENTED_EDGE('',*,*,#1094,.T.);
#1101 = CYLINDRICAL_SURFACE('',#1102,1.7272);
#1102 = AXIS2_PLACEMENT_3D('',#1103,#1104,#1105);
#1103 = CARTESIAN_POINT('',(179.,207.5,-17.));
#1104 = DIRECTION('',(2.22044604925E-16,-1.,0.));
#1105 = DIRECTION('',(-0.,0.,-1.));
#1106 = ADVANCED_FACE('',(#1107),#1126,.F.);
#1107 = FACE_BOUND('',#1108,.F.);
#1108 = EDGE_LOOP('',(#1109,#1118,#1124,#1125));
#1109 = ORIENTED_EDGE('',*,*,#1110,.F.);
#1110 = EDGE_CURVE('',#1111,#1111,#1113,.T.);
#1111 = VERTEX_POINT('',#1112);
#1112 = CARTESIAN_POINT('',(210.5,191.5,-18.7272));
#1113 = CIRCLE('',#1114,1.7272);
#1114 = AXIS2_PLACEMENT_3D('',#1115,#1116,#1117);
#1115 = CARTESIAN_POINT('',(210.5,191.5,-17.));
#1116 = DIRECTION('',(2.22044604925E-16,-1.,-0.));
#1117 = DIRECTION('',(-0.,0.,-1.));
#1118 = ORIENTED_EDGE('',*,*,#1119,.F.);
#1119 = EDGE_CURVE('',#764,#1111,#1120,.T.);
#1120 = LINE('',#1121,#1122);
#1121 = CARTESIAN_POINT('',(210.5,207.5,-18.7272));
#1122 = VECTOR('',#1123,1.);
#1123 = DIRECTION('',(2.22044604925E-16,-1.,0.));
#1124 = ORIENTED_EDGE('',*,*,#763,.T.);
#1125 = ORIENTED_EDGE('',*,*,#1119,.T.);
#1126 = CYLINDRICAL_SURFACE('',#1127,1.7272);
#1127 = AXIS2_PLACEMENT_3D('',#1128,#1129,#1130);
#1128 = CARTESIAN_POINT('',(210.5,207.5,-17.));
#1129 = DIRECTION('',(2.22044604925E-16,-1.,0.));
#1130 = DIRECTION('',(-0.,0.,-1.));
#1131 = ADVANCED_FACE('',(#1132),#1138,.F.);
#1132 = FACE_BOUND('',#1133,.F.);
#1133 = EDGE_LOOP('',(#1134,#1135,#1136,#1137));
#1134 = ORIENTED_EDGE('',*,*,#829,.F.);
#1135 = ORIENTED_EDGE('',*,*,#854,.F.);
#1136 = ORIENTED_EDGE('',*,*,#870,.T.);
#1137 = ORIENTED_EDGE('',*,*,#795,.F.);
#1138 = PLANE('',#1139);
#1139 = AXIS2_PLACEMENT_3D('',#1140,#1141,#1142);
#1140 = CARTESIAN_POINT('',(171.8,157.5,-5.));
#1141 = DIRECTION('',(-1.,-2.22044604925E-16,0.));
#1142 = DIRECTION('',(0.,0.,1.));
#1143 = ADVANCED_FACE('',(#1144),#1147,.F.);
#1144 = FACE_BOUND('',#1145,.F.);
#1145 = EDGE_LOOP('',(#1146));
#1146 = ORIENTED_EDGE('',*,*,#1085,.T.);
#1147 = PLANE('',#1148);
#1148 = AXIS2_PLACEMENT_3D('',#1149,#1150,#1151);
#1149 = CARTESIAN_POINT('',(179.,191.5,-17.));
#1150 = DIRECTION('',(2.22044604925E-16,-1.,0.));
#1151 = DIRECTION('',(-0.,0.,-1.));
#1152 = ADVANCED_FACE('',(#1153),#1156,.F.);
#1153 = FACE_BOUND('',#1154,.F.);
#1154 = EDGE_LOOP('',(#1155));
#1155 = ORIENTED_EDGE('',*,*,#1110,.T.);
#1156 = PLANE('',#1157);
#1157 = AXIS2_PLACEMENT_3D('',#1158,#1159,#1160);
#1158 = CARTESIAN_POINT('',(210.5,191.5,-17.));
#1159 = DIRECTION('',(2.22044604925E-16,-1.,0.));
#1160 = DIRECTION('',(-0.,0.,-1.));
#1161 = MANIFOLD_SOLID_BREP('',#1162);
#1162 = CLOSED_SHELL('',(#1163,#1283,#1373,#1398,#1459,#1476,#1500,#1556
    ,#1587,#1604,#1629,#1654,#1666,#1740,#1765,#1789,#1807,#1839,#1922,
    #1947,#2015,#2047,#2071,#2096,#2113,#2122,#2131,#2179,#2261,#2286,
    #2369,#2387,#2412,#2437,#2446,#2455));
#1163 = ADVANCED_FACE('',(#1164,#1256,#1267),#1278,.F.);
#1164 = FACE_BOUND('',#1165,.F.);
#1165 = EDGE_LOOP('',(#1166,#1176,#1184,#1192,#1201,#1210,#1218,#1226,
    #1234,#1242,#1250));
#1166 = ORIENTED_EDGE('',*,*,#1167,.F.);
#1167 = EDGE_CURVE('',#1168,#1170,#1172,.T.);
#1168 = VERTEX_POINT('',#1169);
#1169 = CARTESIAN_POINT('',(216.2,119.5,24.));
#1170 = VERTEX_POINT('',#1171);
#1171 = CARTESIAN_POINT('',(196.61915146428,119.5,24.));
#1172 = LINE('',#1173,#1174);
#1173 = CARTESIAN_POINT('',(216.2,119.5,24.));
#1174 = VECTOR('',#1175,1.);
#1175 = DIRECTION('',(-1.,-2.22044604925E-16,0.));
#1176 = ORIENTED_EDGE('',*,*,#1177,.F.);
#1177 = EDGE_CURVE('',#1178,#1168,#1180,.T.);
#1178 = VERTEX_POINT('',#1179);
#1179 = CARTESIAN_POINT('',(216.2,119.5,0.));
#1180 = LINE('',#1181,#1182);
#1181 = CARTESIAN_POINT('',(216.2,119.5,0.));
#1182 = VECTOR('',#1183,1.);
#1183 = DIRECTION('',(0.,0.,1.));
#1184 = ORIENTED_EDGE('',*,*,#1185,.T.);
#1185 = EDGE_CURVE('',#1178,#1186,#1188,.T.);
#1186 = VERTEX_POINT('',#1187);
#1187 = CARTESIAN_POINT('',(211.2,119.5,0.));
#1188 = LINE('',#1189,#1190);
#1189 = CARTESIAN_POINT('',(216.2,119.5,0.));
#1190 = VECTOR('',#1191,1.);
#1191 = DIRECTION('',(-1.,-2.22044604925E-16,0.));
#1192 = ORIENTED_EDGE('',*,*,#1193,.F.);
#1193 = EDGE_CURVE('',#1194,#1186,#1196,.T.);
#1194 = VERTEX_POINT('',#1195);
#1195 = CARTESIAN_POINT('',(196.,119.5,15.2));
#1196 = CIRCLE('',#1197,15.2);
#1197 = AXIS2_PLACEMENT_3D('',#1198,#1199,#1200);
#1198 = CARTESIAN_POINT('',(196.,119.5,0.));
#1199 = DIRECTION('',(-2.22044604925E-16,1.,0.));
#1200 = DIRECTION('',(0.,0.,1.));
#1201 = ORIENTED_EDGE('',*,*,#1202,.F.);
#1202 = EDGE_CURVE('',#1203,#1194,#1205,.T.);
#1203 = VERTEX_POINT('',#1204);
#1204 = CARTESIAN_POINT('',(180.8,119.5,0.));
#1205 = CIRCLE('',#1206,15.2);
#1206 = AXIS2_PLACEMENT_3D('',#1207,#1208,#1209);
#1207 = CARTESIAN_POINT('',(196.,119.5,0.));
#1208 = DIRECTION('',(-2.22044604925E-16,1.,0.));
#1209 = DIRECTION('',(0.,0.,1.));
#1210 = ORIENTED_EDGE('',*,*,#1211,.T.);
#1211 = EDGE_CURVE('',#1203,#1212,#1214,.T.);
#1212 = VERTEX_POINT('',#1213);
#1213 = CARTESIAN_POINT('',(169.3,119.5,0.));
#1214 = LINE('',#1215,#1216);
#1215 = CARTESIAN_POINT('',(216.2,119.5,0.));
#1216 = VECTOR('',#1217,1.);
#1217 = DIRECTION('',(-1.,-2.22044604925E-16,0.));
#1218 = ORIENTED_EDGE('',*,*,#1219,.T.);
#1219 = EDGE_CURVE('',#1212,#1220,#1222,.T.);
#1220 = VERTEX_POINT('',#1221);
#1221 = CARTESIAN_POINT('',(169.3,119.5,24.));
#1222 = LINE('',#1223,#1224);
#1223 = CARTESIAN_POINT('',(169.3,119.5,0.));
#1224 = VECTOR('',#1225,1.);
#1225 = DIRECTION('',(0.,0.,1.));
#1226 = ORIENTED_EDGE('',*,*,#1227,.F.);
#1227 = EDGE_CURVE('',#1228,#1220,#1230,.T.);
#1228 = VERTEX_POINT('',#1229);
#1229 = CARTESIAN_POINT('',(183.88084853572,119.5,24.));
#1230 = LINE('',#1231,#1232);
#1231 = CARTESIAN_POINT('',(216.2,119.5,24.));
#1232 = VECTOR('',#1233,1.);
#1233 = DIRECTION('',(-1.,-2.22044604925E-16,0.));
#1234 = ORIENTED_EDGE('',*,*,#1235,.F.);
#1235 = EDGE_CURVE('',#1236,#1228,#1238,.T.);
#1236 = VERTEX_POINT('',#1237);
#1237 = CARTESIAN_POINT('',(183.88084853572,119.5,19.));
#1238 = LINE('',#1239,#1240);
#1239 = CARTESIAN_POINT('',(183.88084853572,119.5,19.));
#1240 = VECTOR('',#1241,1.);
#1241 = DIRECTION('',(0.,0.,1.));
#1242 = ORIENTED_EDGE('',*,*,#1243,.F.);
#1243 = EDGE_CURVE('',#1244,#1236,#1246,.T.);
#1244 = VERTEX_POINT('',#1245);
#1245 = CARTESIAN_POINT('',(196.61915146428,119.5,19.));
#1246 = LINE('',#1247,#1248);
#1247 = CARTESIAN_POINT('',(203.225,119.5,19.));
#1248 = VECTOR('',#1249,1.);
#1249 = DIRECTION('',(-1.,-2.22044604925E-16,0.));
#1250 = ORIENTED_EDGE('',*,*,#1251,.T.);
#1251 = EDGE_CURVE('',#1244,#1170,#1252,.T.);
#1252 = LINE('',#1253,#1254);
#1253 = CARTESIAN_POINT('',(196.61915146428,119.5,19.));
#1254 = VECTOR('',#1255,1.);
#1255 = DIRECTION('',(0.,0.,1.));
#1256 = FACE_BOUND('',#1257,.F.);
#1257 = EDGE_LOOP('',(#1258));
#1258 = ORIENTED_EDGE('',*,*,#1259,.F.);
#1259 = EDGE_CURVE('',#1260,#1260,#1262,.T.);
#1260 = VERTEX_POINT('',#1261);
#1261 = CARTESIAN_POINT('',(179.,119.5,18.7272));
#1262 = CIRCLE('',#1263,1.7272);
#1263 = AXIS2_PLACEMENT_3D('',#1264,#1265,#1266);
#1264 = CARTESIAN_POINT('',(179.,119.5,17.));
#1265 = DIRECTION('',(-2.22044604925E-16,1.,0.));
#1266 = DIRECTION('',(0.,0.,1.));
#1267 = FACE_BOUND('',#1268,.F.);
#1268 = EDGE_LOOP('',(#1269));
#1269 = ORIENTED_EDGE('',*,*,#1270,.F.);
#1270 = EDGE_CURVE('',#1271,#1271,#1273,.T.);
#1271 = VERTEX_POINT('',#1272);
#1272 = CARTESIAN_POINT('',(210.5,119.5,18.7272));
#1273 = CIRCLE('',#1274,1.7272);
#1274 = AXIS2_PLACEMENT_3D('',#1275,#1276,#1277);
#1275 = CARTESIAN_POINT('',(210.5,119.5,17.));
#1276 = DIRECTION('',(-2.22044604925E-16,1.,0.));
#1277 = DIRECTION('',(0.,0.,1.));
#1278 = PLANE('',#1279);
#1279 = AXIS2_PLACEMENT_3D('',#1280,#1281,#1282);
#1280 = CARTESIAN_POINT('',(216.2,119.5,0.));
#1281 = DIRECTION('',(-2.22044604925E-16,1.,0.));
#1282 = DIRECTION('',(0.,0.,1.));
#1283 = ADVANCED_FACE('',(#1284),#1368,.T.);
#1284 = FACE_BOUND('',#1285,.T.);
#1285 = EDGE_LOOP('',(#1286,#1287,#1295,#1303,#1312,#1320,#1329,#1337,
    #1343,#1344,#1353,#1361));
#1286 = ORIENTED_EDGE('',*,*,#1167,.F.);
#1287 = ORIENTED_EDGE('',*,*,#1288,.T.);
#1288 = EDGE_CURVE('',#1168,#1289,#1291,.T.);
#1289 = VERTEX_POINT('',#1290);
#1290 = CARTESIAN_POINT('',(216.2,207.5,24.));
#1291 = LINE('',#1292,#1293);
#1292 = CARTESIAN_POINT('',(216.2,119.5,24.));
#1293 = VECTOR('',#1294,1.);
#1294 = DIRECTION('',(-2.22044604925E-16,1.,0.));
#1295 = ORIENTED_EDGE('',*,*,#1296,.T.);
#1296 = EDGE_CURVE('',#1289,#1297,#1299,.T.);
#1297 = VERTEX_POINT('',#1298);
#1298 = CARTESIAN_POINT('',(196.61915146428,207.5,24.));
#1299 = LINE('',#1300,#1301);
#1300 = CARTESIAN_POINT('',(216.2,207.5,24.));
#1301 = VECTOR('',#1302,1.);
#1302 = DIRECTION('',(-1.,-2.22044604925E-16,0.));
#1303 = ORIENTED_EDGE('',*,*,#1304,.F.);
#1304 = EDGE_CURVE('',#1305,#1297,#1307,.T.);
#1305 = VERTEX_POINT('',#1306);
#1306 = CARTESIAN_POINT('',(195.5,199.15,24.));
#1307 = CIRCLE('',#1308,4.25);
#1308 = AXIS2_PLACEMENT_3D('',#1309,#1310,#1311);
#1309 = CARTESIAN_POINT('',(195.5,203.4,24.));
#1310 = DIRECTION('',(0.,0.,1.));
#1311 = DIRECTION('',(-2.22044604925E-16,1.,0.));
#1312 = ORIENTED_EDGE('',*,*,#1313,.T.);
#1313 = EDGE_CURVE('',#1305,#1314,#1316,.T.);
#1314 = VERTEX_POINT('',#1315);
#1315 = CARTESIAN_POINT('',(185.,199.15,24.));
#1316 = LINE('',#1317,#1318);
#1317 = CARTESIAN_POINT('',(205.85,199.15,24.));
#1318 = VECTOR('',#1319,1.);
#1319 = DIRECTION('',(-1.,-2.22044604925E-16,0.));
#1320 = ORIENTED_EDGE('',*,*,#1321,.F.);
#1321 = EDGE_CURVE('',#1322,#1314,#1324,.T.);
#1322 = VERTEX_POINT('',#1323);
#1323 = CARTESIAN_POINT('',(183.88084853572,207.5,24.));
#1324 = CIRCLE('',#1325,4.25);
#1325 = AXIS2_PLACEMENT_3D('',#1326,#1327,#1328);
#1326 = CARTESIAN_POINT('',(185.,203.4,24.));
#1327 = DIRECTION('',(0.,0.,1.));
#1328 = DIRECTION('',(-2.22044604925E-16,1.,0.));
#1329 = ORIENTED_EDGE('',*,*,#1330,.T.);
#1330 = EDGE_CURVE('',#1322,#1331,#1333,.T.);
#1331 = VERTEX_POINT('',#1332);
#1332 = CARTESIAN_POINT('',(169.3,207.5,24.));
#1333 = LINE('',#1334,#1335);
#1334 = CARTESIAN_POINT('',(216.2,207.5,24.));
#1335 = VECTOR('',#1336,1.);
#1336 = DIRECTION('',(-1.,-2.22044604925E-16,0.));
#1337 = ORIENTED_EDGE('',*,*,#1338,.F.);
#1338 = EDGE_CURVE('',#1220,#1331,#1339,.T.);
#1339 = LINE('',#1340,#1341);
#1340 = CARTESIAN_POINT('',(169.3,119.5,24.));
#1341 = VECTOR('',#1342,1.);
#1342 = DIRECTION('',(-2.22044604925E-16,1.,0.));
#1343 = ORIENTED_EDGE('',*,*,#1227,.F.);
#1344 = ORIENTED_EDGE('',*,*,#1345,.F.);
#1345 = EDGE_CURVE('',#1346,#1228,#1348,.T.);
#1346 = VERTEX_POINT('',#1347);
#1347 = CARTESIAN_POINT('',(185.,127.85,24.));
#1348 = CIRCLE('',#1349,4.25);
#1349 = AXIS2_PLACEMENT_3D('',#1350,#1351,#1352);
#1350 = CARTESIAN_POINT('',(185.,123.6,24.));
#1351 = DIRECTION('',(0.,0.,1.));
#1352 = DIRECTION('',(-2.22044604925E-16,1.,0.));
#1353 = ORIENTED_EDGE('',*,*,#1354,.F.);
#1354 = EDGE_CURVE('',#1355,#1346,#1357,.T.);
#1355 = VERTEX_POINT('',#1356);
#1356 = CARTESIAN_POINT('',(195.5,127.85,24.));
#1357 = LINE('',#1358,#1359);
#1358 = CARTESIAN_POINT('',(205.85,127.85,24.));
#1359 = VECTOR('',#1360,1.);
#1360 = DIRECTION('',(-1.,-2.22044604925E-16,0.));
#1361 = ORIENTED_EDGE('',*,*,#1362,.F.);
#1362 = EDGE_CURVE('',#1170,#1355,#1363,.T.);
#1363 = CIRCLE('',#1364,4.25);
#1364 = AXIS2_PLACEMENT_3D('',#1365,#1366,#1367);
#1365 = CARTESIAN_POINT('',(195.5,123.6,24.));
#1366 = DIRECTION('',(0.,0.,1.));
#1367 = DIRECTION('',(-2.22044604925E-16,1.,0.));
#1368 = PLANE('',#1369);
#1369 = AXIS2_PLACEMENT_3D('',#1370,#1371,#1372);
#1370 = CARTESIAN_POINT('',(216.2,119.5,24.));
#1371 = DIRECTION('',(0.,0.,1.));
#1372 = DIRECTION('',(-2.22044604925E-16,1.,0.));
#1373 = ADVANCED_FACE('',(#1374),#1393,.F.);
#1374 = FACE_BOUND('',#1375,.F.);
#1375 = EDGE_LOOP('',(#1376,#1385,#1391,#1392));
#1376 = ORIENTED_EDGE('',*,*,#1377,.T.);
#1377 = EDGE_CURVE('',#1244,#1378,#1380,.T.);
#1378 = VERTEX_POINT('',#1379);
#1379 = CARTESIAN_POINT('',(195.5,127.85,19.));
#1380 = CIRCLE('',#1381,4.25);
#1381 = AXIS2_PLACEMENT_3D('',#1382,#1383,#1384);
#1382 = CARTESIAN_POINT('',(195.5,123.6,19.));
#1383 = DIRECTION('',(0.,0.,1.));
#1384 = DIRECTION('',(-2.22044604925E-16,1.,0.));
#1385 = ORIENTED_EDGE('',*,*,#1386,.T.);
#1386 = EDGE_CURVE('',#1378,#1355,#1387,.T.);
#1387 = LINE('',#1388,#1389);
#1388 = CARTESIAN_POINT('',(195.5,127.85,19.));
#1389 = VECTOR('',#1390,1.);
#1390 = DIRECTION('',(0.,0.,1.));
#1391 = ORIENTED_EDGE('',*,*,#1362,.F.);
#1392 = ORIENTED_EDGE('',*,*,#1251,.F.);
#1393 = CYLINDRICAL_SURFACE('',#1394,4.25);
#1394 = AXIS2_PLACEMENT_3D('',#1395,#1396,#1397);
#1395 = CARTESIAN_POINT('',(195.5,123.6,19.));
#1396 = DIRECTION('',(0.,0.,1.));
#1397 = DIRECTION('',(-2.22044604925E-16,1.,0.));
#1398 = ADVANCED_FACE('',(#1399,#1418),#1454,.F.);
#1399 = FACE_BOUND('',#1400,.F.);
#1400 = EDGE_LOOP('',(#1401,#1402,#1403,#1412));
#1401 = ORIENTED_EDGE('',*,*,#1377,.F.);
#1402 = ORIENTED_EDGE('',*,*,#1243,.T.);
#1403 = ORIENTED_EDGE('',*,*,#1404,.F.);
#1404 = EDGE_CURVE('',#1405,#1236,#1407,.T.);
#1405 = VERTEX_POINT('',#1406);
#1406 = CARTESIAN_POINT('',(185.,127.85,19.));
#1407 = CIRCLE('',#1408,4.25);
#1408 = AXIS2_PLACEMENT_3D('',#1409,#1410,#1411);
#1409 = CARTESIAN_POINT('',(185.,123.6,19.));
#1410 = DIRECTION('',(0.,0.,1.));
#1411 = DIRECTION('',(-2.22044604925E-16,1.,0.));
#1412 = ORIENTED_EDGE('',*,*,#1413,.F.);
#1413 = EDGE_CURVE('',#1378,#1405,#1414,.T.);
#1414 = LINE('',#1415,#1416);
#1415 = CARTESIAN_POINT('',(195.5,127.85,19.));
#1416 = VECTOR('',#1417,1.);
#1417 = DIRECTION('',(-1.,-2.22044604925E-16,0.));
#1418 = FACE_BOUND('',#1419,.F.);
#1419 = EDGE_LOOP('',(#1420,#1430,#1439,#1447));
#1420 = ORIENTED_EDGE('',*,*,#1421,.F.);
#1421 = EDGE_CURVE('',#1422,#1424,#1426,.T.);
#1422 = VERTEX_POINT('',#1423);
#1423 = CARTESIAN_POINT('',(195.5,121.4156,19.));
#1424 = VERTEX_POINT('',#1425);
#1425 = CARTESIAN_POINT('',(185.,121.4156,19.));
#1426 = LINE('',#1427,#1428);
#1427 = CARTESIAN_POINT('',(192.875,121.4156,19.));
#1428 = VECTOR('',#1429,1.);
#1429 = DIRECTION('',(-1.,-2.22044604925E-16,0.));
#1430 = ORIENTED_EDGE('',*,*,#1431,.T.);
#1431 = EDGE_CURVE('',#1422,#1432,#1434,.T.);
#1432 = VERTEX_POINT('',#1433);
#1433 = CARTESIAN_POINT('',(195.5,125.7844,19.));
#1434 = CIRCLE('',#1435,2.1844);
#1435 = AXIS2_PLACEMENT_3D('',#1436,#1437,#1438);
#1436 = CARTESIAN_POINT('',(195.5,123.6,19.));
#1437 = DIRECTION('',(0.,0.,1.));
#1438 = DIRECTION('',(-2.22044604925E-16,1.,0.));
#1439 = ORIENTED_EDGE('',*,*,#1440,.T.);
#1440 = EDGE_CURVE('',#1432,#1441,#1443,.T.);
#1441 = VERTEX_POINT('',#1442);
#1442 = CARTESIAN_POINT('',(185.,125.7844,19.));
#1443 = LINE('',#1444,#1445);
#1444 = CARTESIAN_POINT('',(192.875,125.7844,19.));
#1445 = VECTOR('',#1446,1.);
#1446 = DIRECTION('',(-1.,-2.22044604925E-16,0.));
#1447 = ORIENTED_EDGE('',*,*,#1448,.T.);
#1448 = EDGE_CURVE('',#1441,#1424,#1449,.T.);
#1449 = CIRCLE('',#1450,2.1844);
#1450 = AXIS2_PLACEMENT_3D('',#1451,#1452,#1453);
#1451 = CARTESIAN_POINT('',(185.,123.6,19.));
#1452 = DIRECTION('',(0.,0.,1.));
#1453 = DIRECTION('',(-2.22044604925E-16,1.,0.));
#1454 = PLANE('',#1455);
#1455 = AXIS2_PLACEMENT_3D('',#1456,#1457,#1458);
#1456 = CARTESIAN_POINT('',(190.25,123.6,19.));
#1457 = DIRECTION('',(0.,0.,-1.));
#1458 = DIRECTION('',(2.22044604925E-16,-1.,0.));
#1459 = ADVANCED_FACE('',(#1460),#1471,.F.);
#1460 = FACE_BOUND('',#1461,.F.);
#1461 = EDGE_LOOP('',(#1462,#1463,#1469,#1470));
#1462 = ORIENTED_EDGE('',*,*,#1345,.F.);
#1463 = ORIENTED_EDGE('',*,*,#1464,.F.);
#1464 = EDGE_CURVE('',#1405,#1346,#1465,.T.);
#1465 = LINE('',#1466,#1467);
#1466 = CARTESIAN_POINT('',(185.,127.85,19.));
#1467 = VECTOR('',#1468,1.);
#1468 = DIRECTION('',(0.,0.,1.));
#1469 = ORIENTED_EDGE('',*,*,#1404,.T.);
#1470 = ORIENTED_EDGE('',*,*,#1235,.T.);
#1471 = CYLINDRICAL_SURFACE('',#1472,4.25);
#1472 = AXIS2_PLACEMENT_3D('',#1473,#1474,#1475);
#1473 = CARTESIAN_POINT('',(185.,123.6,19.));
#1474 = DIRECTION('',(0.,0.,1.));
#1475 = DIRECTION('',(-2.22044604925E-16,1.,0.));
#1476 = ADVANCED_FACE('',(#1477),#1495,.T.);
#1477 = FACE_BOUND('',#1478,.T.);
#1478 = EDGE_LOOP('',(#1479,#1487,#1488,#1489));
#1479 = ORIENTED_EDGE('',*,*,#1480,.F.);
#1480 = EDGE_CURVE('',#1212,#1481,#1483,.T.);
#1481 = VERTEX_POINT('',#1482);
#1482 = CARTESIAN_POINT('',(169.3,207.5,0.));
#1483 = LINE('',#1484,#1485);
#1484 = CARTESIAN_POINT('',(169.3,119.5,0.));
#1485 = VECTOR('',#1486,1.);
#1486 = DIRECTION('',(-2.22044604925E-16,1.,0.));
#1487 = ORIENTED_EDGE('',*,*,#1219,.T.);
#1488 = ORIENTED_EDGE('',*,*,#1338,.T.);
#1489 = ORIENTED_EDGE('',*,*,#1490,.F.);
#1490 = EDGE_CURVE('',#1481,#1331,#1491,.T.);
#1491 = LINE('',#1492,#1493);
#1492 = CARTESIAN_POINT('',(169.3,207.5,0.));
#1493 = VECTOR('',#1494,1.);
#1494 = DIRECTION('',(0.,0.,1.));
#1495 = PLANE('',#1496);
#1496 = AXIS2_PLACEMENT_3D('',#1497,#1498,#1499);
#1497 = CARTESIAN_POINT('',(169.3,119.5,0.));
#1498 = DIRECTION('',(-1.,-2.22044604925E-16,0.));
#1499 = DIRECTION('',(0.,0.,1.));
#1500 = ADVANCED_FACE('',(#1501),#1551,.F.);
#1501 = FACE_BOUND('',#1502,.F.);
#1502 = EDGE_LOOP('',(#1503,#1504,#1512,#1520,#1528,#1536,#1544,#1550));
#1503 = ORIENTED_EDGE('',*,*,#1211,.F.);
#1504 = ORIENTED_EDGE('',*,*,#1505,.T.);
#1505 = EDGE_CURVE('',#1203,#1506,#1508,.T.);
#1506 = VERTEX_POINT('',#1507);
#1507 = CARTESIAN_POINT('',(180.8,157.5,0.));
#1508 = LINE('',#1509,#1510);
#1509 = CARTESIAN_POINT('',(180.8,118.5,0.));
#1510 = VECTOR('',#1511,1.);
#1511 = DIRECTION('',(-2.22044604925E-16,1.,0.));
#1512 = ORIENTED_EDGE('',*,*,#1513,.T.);
#1513 = EDGE_CURVE('',#1506,#1514,#1516,.T.);
#1514 = VERTEX_POINT('',#1515);
#1515 = CARTESIAN_POINT('',(171.8,157.5,0.));
#1516 = LINE('',#1517,#1518);
#1517 = CARTESIAN_POINT('',(199.5,157.5,0.));
#1518 = VECTOR('',#1519,1.);
#1519 = DIRECTION('',(-1.,-2.22044604925E-16,0.));
#1520 = ORIENTED_EDGE('',*,*,#1521,.F.);
#1521 = EDGE_CURVE('',#1522,#1514,#1524,.T.);
#1522 = VERTEX_POINT('',#1523);
#1523 = CARTESIAN_POINT('',(171.8,169.5,0.));
#1524 = LINE('',#1525,#1526);
#1525 = CARTESIAN_POINT('',(171.8,138.5,0.));
#1526 = VECTOR('',#1527,1.);
#1527 = DIRECTION('',(2.22044604925E-16,-1.,0.));
#1528 = ORIENTED_EDGE('',*,*,#1529,.F.);
#1529 = EDGE_CURVE('',#1530,#1522,#1532,.T.);
#1530 = VERTEX_POINT('',#1531);
#1531 = CARTESIAN_POINT('',(180.8,169.5,0.));
#1532 = LINE('',#1533,#1534);
#1533 = CARTESIAN_POINT('',(199.5,169.5,0.));
#1534 = VECTOR('',#1535,1.);
#1535 = DIRECTION('',(-1.,-2.22044604925E-16,0.));
#1536 = ORIENTED_EDGE('',*,*,#1537,.T.);
#1537 = EDGE_CURVE('',#1530,#1538,#1540,.T.);
#1538 = VERTEX_POINT('',#1539);
#1539 = CARTESIAN_POINT('',(180.8,207.5,0.));
#1540 = LINE('',#1541,#1542);
#1541 = CARTESIAN_POINT('',(180.8,118.5,0.));
#1542 = VECTOR('',#1543,1.);
#1543 = DIRECTION('',(-2.22044604925E-16,1.,0.));
#1544 = ORIENTED_EDGE('',*,*,#1545,.T.);
#1545 = EDGE_CURVE('',#1538,#1481,#1546,.T.);
#1546 = LINE('',#1547,#1548);
#1547 = CARTESIAN_POINT('',(216.2,207.5,0.));
#1548 = VECTOR('',#1549,1.);
#1549 = DIRECTION('',(-1.,-2.22044604925E-16,0.));
#1550 = ORIENTED_EDGE('',*,*,#1480,.F.);
#1551 = PLANE('',#1552);
#1552 = AXIS2_PLACEMENT_3D('',#1553,#1554,#1555);
#1553 = CARTESIAN_POINT('',(216.2,119.5,0.));
#1554 = DIRECTION('',(0.,0.,1.));
#1555 = DIRECTION('',(-2.22044604925E-16,1.,0.));
#1556 = ADVANCED_FACE('',(#1557),#1582,.F.);
#1557 = FACE_BOUND('',#1558,.F.);
#1558 = EDGE_LOOP('',(#1559,#1560,#1568,#1576));
#1559 = ORIENTED_EDGE('',*,*,#1185,.F.);
#1560 = ORIENTED_EDGE('',*,*,#1561,.T.);
#1561 = EDGE_CURVE('',#1178,#1562,#1564,.T.);
#1562 = VERTEX_POINT('',#1563);
#1563 = CARTESIAN_POINT('',(216.2,207.5,0.));
#1564 = LINE('',#1565,#1566);
#1565 = CARTESIAN_POINT('',(216.2,119.5,0.));
#1566 = VECTOR('',#1567,1.);
#1567 = DIRECTION('',(-2.22044604925E-16,1.,0.));
#1568 = ORIENTED_EDGE('',*,*,#1569,.T.);
#1569 = EDGE_CURVE('',#1562,#1570,#1572,.T.);
#1570 = VERTEX_POINT('',#1571);
#1571 = CARTESIAN_POINT('',(211.2,207.5,0.));
#1572 = LINE('',#1573,#1574);
#1573 = CARTESIAN_POINT('',(216.2,207.5,0.));
#1574 = VECTOR('',#1575,1.);
#1575 = DIRECTION('',(-1.,-2.22044604925E-16,0.));
#1576 = ORIENTED_EDGE('',*,*,#1577,.F.);
#1577 = EDGE_CURVE('',#1186,#1570,#1578,.T.);
#1578 = LINE('',#1579,#1580);
#1579 = CARTESIAN_POINT('',(211.2,118.5,0.));
#1580 = VECTOR('',#1581,1.);
#1581 = DIRECTION('',(-2.22044604925E-16,1.,0.));
#1582 = PLANE('',#1583);
#1583 = AXIS2_PLACEMENT_3D('',#1584,#1585,#1586);
#1584 = CARTESIAN_POINT('',(216.2,119.5,0.));
#1585 = DIRECTION('',(0.,0.,1.));
#1586 = DIRECTION('',(-2.22044604925E-16,1.,0.));
#1587 = ADVANCED_FACE('',(#1588),#1599,.F.);
#1588 = FACE_BOUND('',#1589,.F.);
#1589 = EDGE_LOOP('',(#1590,#1591,#1592,#1593));
#1590 = ORIENTED_EDGE('',*,*,#1561,.F.);
#1591 = ORIENTED_EDGE('',*,*,#1177,.T.);
#1592 = ORIENTED_EDGE('',*,*,#1288,.T.);
#1593 = ORIENTED_EDGE('',*,*,#1594,.F.);
#1594 = EDGE_CURVE('',#1562,#1289,#1595,.T.);
#1595 = LINE('',#1596,#1597);
#1596 = CARTESIAN_POINT('',(216.2,207.5,0.));
#1597 = VECTOR('',#1598,1.);
#1598 = DIRECTION('',(0.,0.,1.));
#1599 = PLANE('',#1600);
#1600 = AXIS2_PLACEMENT_3D('',#1601,#1602,#1603);
#1601 = CARTESIAN_POINT('',(216.2,119.5,0.));
#1602 = DIRECTION('',(-1.,-2.22044604925E-16,0.));
#1603 = DIRECTION('',(0.,0.,1.));
#1604 = ADVANCED_FACE('',(#1605),#1624,.F.);
#1605 = FACE_BOUND('',#1606,.F.);
#1606 = EDGE_LOOP('',(#1607,#1616,#1622,#1623));
#1607 = ORIENTED_EDGE('',*,*,#1608,.F.);
#1608 = EDGE_CURVE('',#1609,#1609,#1611,.T.);
#1609 = VERTEX_POINT('',#1610);
#1610 = CARTESIAN_POINT('',(179.,135.5,18.7272));
#1611 = CIRCLE('',#1612,1.7272);
#1612 = AXIS2_PLACEMENT_3D('',#1613,#1614,#1615);
#1613 = CARTESIAN_POINT('',(179.,135.5,17.));
#1614 = DIRECTION('',(-2.22044604925E-16,1.,0.));
#1615 = DIRECTION('',(0.,0.,1.));
#1616 = ORIENTED_EDGE('',*,*,#1617,.F.);
#1617 = EDGE_CURVE('',#1260,#1609,#1618,.T.);
#1618 = LINE('',#1619,#1620);
#1619 = CARTESIAN_POINT('',(179.,119.5,18.7272));
#1620 = VECTOR('',#1621,1.);
#1621 = DIRECTION('',(-2.22044604925E-16,1.,0.));
#1622 = ORIENTED_EDGE('',*,*,#1259,.T.);
#1623 = ORIENTED_EDGE('',*,*,#1617,.T.);
#1624 = CYLINDRICAL_SURFACE('',#1625,1.7272);
#1625 = AXIS2_PLACEMENT_3D('',#1626,#1627,#1628);
#1626 = CARTESIAN_POINT('',(179.,119.5,17.));
#1627 = DIRECTION('',(-2.22044604925E-16,1.,0.));
#1628 = DIRECTION('',(0.,0.,1.));
#1629 = ADVANCED_FACE('',(#1630),#1649,.F.);
#1630 = FACE_BOUND('',#1631,.F.);
#1631 = EDGE_LOOP('',(#1632,#1641,#1647,#1648));
#1632 = ORIENTED_EDGE('',*,*,#1633,.F.);
#1633 = EDGE_CURVE('',#1634,#1634,#1636,.T.);
#1634 = VERTEX_POINT('',#1635);
#1635 = CARTESIAN_POINT('',(210.5,135.5,18.7272));
#1636 = CIRCLE('',#1637,1.7272);
#1637 = AXIS2_PLACEMENT_3D('',#1638,#1639,#1640);
#1638 = CARTESIAN_POINT('',(210.5,135.5,17.));
#1639 = DIRECTION('',(-2.22044604925E-16,1.,0.));
#1640 = DIRECTION('',(0.,0.,1.));
#1641 = ORIENTED_EDGE('',*,*,#1642,.F.);
#1642 = EDGE_CURVE('',#1271,#1634,#1643,.T.);
#1643 = LINE('',#1644,#1645);
#1644 = CARTESIAN_POINT('',(210.5,119.5,18.7272));
#1645 = VECTOR('',#1646,1.);
#1646 = DIRECTION('',(-2.22044604925E-16,1.,0.));
#1647 = ORIENTED_EDGE('',*,*,#1270,.T.);
#1648 = ORIENTED_EDGE('',*,*,#1642,.T.);
#1649 = CYLINDRICAL_SURFACE('',#1650,1.7272);
#1650 = AXIS2_PLACEMENT_3D('',#1651,#1652,#1653);
#1651 = CARTESIAN_POINT('',(210.5,119.5,17.));
#1652 = DIRECTION('',(-2.22044604925E-16,1.,0.));
#1653 = DIRECTION('',(0.,0.,1.));
#1654 = ADVANCED_FACE('',(#1655),#1661,.F.);
#1655 = FACE_BOUND('',#1656,.F.);
#1656 = EDGE_LOOP('',(#1657,#1658,#1659,#1660));
#1657 = ORIENTED_EDGE('',*,*,#1386,.F.);
#1658 = ORIENTED_EDGE('',*,*,#1413,.T.);
#1659 = ORIENTED_EDGE('',*,*,#1464,.T.);
#1660 = ORIENTED_EDGE('',*,*,#1354,.F.);
#1661 = PLANE('',#1662);
#1662 = AXIS2_PLACEMENT_3D('',#1663,#1664,#1665);
#1663 = CARTESIAN_POINT('',(195.5,127.85,19.));
#1664 = DIRECTION('',(-2.22044604925E-16,1.,0.));
#1665 = DIRECTION('',(0.,0.,1.));
#1666 = ADVANCED_FACE('',(#1667,#1713,#1724),#1735,.T.);
#1667 = FACE_BOUND('',#1668,.T.);
#1668 = EDGE_LOOP('',(#1669,#1670,#1671,#1672,#1681,#1688,#1689,#1690,
    #1691,#1699,#1707));
#1669 = ORIENTED_EDGE('',*,*,#1296,.F.);
#1670 = ORIENTED_EDGE('',*,*,#1594,.F.);
#1671 = ORIENTED_EDGE('',*,*,#1569,.T.);
#1672 = ORIENTED_EDGE('',*,*,#1673,.F.);
#1673 = EDGE_CURVE('',#1674,#1570,#1676,.T.);
#1674 = VERTEX_POINT('',#1675);
#1675 = CARTESIAN_POINT('',(196.,207.5,15.2));
#1676 = CIRCLE('',#1677,15.2);
#1677 = AXIS2_PLACEMENT_3D('',#1678,#1679,#1680);
#1678 = CARTESIAN_POINT('',(196.,207.5,0.));
#1679 = DIRECTION('',(-2.22044604925E-16,1.,0.));
#1680 = DIRECTION('',(0.,0.,1.));
#1681 = ORIENTED_EDGE('',*,*,#1682,.F.);
#1682 = EDGE_CURVE('',#1538,#1674,#1683,.T.);
#1683 = CIRCLE('',#1684,15.2);
#1684 = AXIS2_PLACEMENT_3D('',#1685,#1686,#1687);
#1685 = CARTESIAN_POINT('',(196.,207.5,0.));
#1686 = DIRECTION('',(-2.22044604925E-16,1.,0.));
#1687 = DIRECTION('',(0.,0.,1.));
#1688 = ORIENTED_EDGE('',*,*,#1545,.T.);
#1689 = ORIENTED_EDGE('',*,*,#1490,.T.);
#1690 = ORIENTED_EDGE('',*,*,#1330,.F.);
#1691 = ORIENTED_EDGE('',*,*,#1692,.F.);
#1692 = EDGE_CURVE('',#1693,#1322,#1695,.T.);
#1693 = VERTEX_POINT('',#1694);
#1694 = CARTESIAN_POINT('',(183.88084853572,207.5,19.));
#1695 = LINE('',#1696,#1697);
#1696 = CARTESIAN_POINT('',(183.88084853572,207.5,19.));
#1697 = VECTOR('',#1698,1.);
#1698 = DIRECTION('',(0.,0.,1.));
#1699 = ORIENTED_EDGE('',*,*,#1700,.F.);
#1700 = EDGE_CURVE('',#1701,#1693,#1703,.T.);
#1701 = VERTEX_POINT('',#1702);
#1702 = CARTESIAN_POINT('',(196.61915146428,207.5,19.));
#1703 = LINE('',#1704,#1705);
#1704 = CARTESIAN_POINT('',(203.225,207.5,19.));
#1705 = VECTOR('',#1706,1.);
#1706 = DIRECTION('',(-1.,-2.22044604925E-16,0.));
#1707 = ORIENTED_EDGE('',*,*,#1708,.T.);
#1708 = EDGE_CURVE('',#1701,#1297,#1709,.T.);
#1709 = LINE('',#1710,#1711);
#1710 = CARTESIAN_POINT('',(196.61915146428,207.5,19.));
#1711 = VECTOR('',#1712,1.);
#1712 = DIRECTION('',(0.,0.,1.));
#1713 = FACE_BOUND('',#1714,.T.);
#1714 = EDGE_LOOP('',(#1715));
#1715 = ORIENTED_EDGE('',*,*,#1716,.T.);
#1716 = EDGE_CURVE('',#1717,#1717,#1719,.T.);
#1717 = VERTEX_POINT('',#1718);
#1718 = CARTESIAN_POINT('',(179.,207.5,15.2728));
#1719 = CIRCLE('',#1720,1.7272);
#1720 = AXIS2_PLACEMENT_3D('',#1721,#1722,#1723);
#1721 = CARTESIAN_POINT('',(179.,207.5,17.));
#1722 = DIRECTION('',(2.22044604925E-16,-1.,-0.));
#1723 = DIRECTION('',(-0.,0.,-1.));
#1724 = FACE_BOUND('',#1725,.T.);
#1725 = EDGE_LOOP('',(#1726));
#1726 = ORIENTED_EDGE('',*,*,#1727,.T.);
#1727 = EDGE_CURVE('',#1728,#1728,#1730,.T.);
#1728 = VERTEX_POINT('',#1729);
#1729 = CARTESIAN_POINT('',(210.5,207.5,15.2728));
#1730 = CIRCLE('',#1731,1.7272);
#1731 = AXIS2_PLACEMENT_3D('',#1732,#1733,#1734);
#1732 = CARTESIAN_POINT('',(210.5,207.5,17.));
#1733 = DIRECTION('',(2.22044604925E-16,-1.,-0.));
#1734 = DIRECTION('',(-0.,0.,-1.));
#1735 = PLANE('',#1736);
#1736 = AXIS2_PLACEMENT_3D('',#1737,#1738,#1739);
#1737 = CARTESIAN_POINT('',(216.2,207.5,0.));
#1738 = DIRECTION('',(-2.22044604925E-16,1.,0.));
#1739 = DIRECTION('',(0.,0.,1.));
#1740 = ADVANCED_FACE('',(#1741),#1760,.F.);
#1741 = FACE_BOUND('',#1742,.F.);
#1742 = EDGE_LOOP('',(#1743,#1751,#1752,#1753));
#1743 = ORIENTED_EDGE('',*,*,#1744,.T.);
#1744 = EDGE_CURVE('',#1745,#1314,#1747,.T.);
#1745 = VERTEX_POINT('',#1746);
#1746 = CARTESIAN_POINT('',(185.,199.15,19.));
#1747 = LINE('',#1748,#1749);
#1748 = CARTESIAN_POINT('',(185.,199.15,19.));
#1749 = VECTOR('',#1750,1.);
#1750 = DIRECTION('',(0.,0.,1.));
#1751 = ORIENTED_EDGE('',*,*,#1321,.F.);
#1752 = ORIENTED_EDGE('',*,*,#1692,.F.);
#1753 = ORIENTED_EDGE('',*,*,#1754,.T.);
#1754 = EDGE_CURVE('',#1693,#1745,#1755,.T.);
#1755 = CIRCLE('',#1756,4.25);
#1756 = AXIS2_PLACEMENT_3D('',#1757,#1758,#1759);
#1757 = CARTESIAN_POINT('',(185.,203.4,19.));
#1758 = DIRECTION('',(0.,0.,1.));
#1759 = DIRECTION('',(-2.22044604925E-16,1.,0.));
#1760 = CYLINDRICAL_SURFACE('',#1761,4.25);
#1761 = AXIS2_PLACEMENT_3D('',#1762,#1763,#1764);
#1762 = CARTESIAN_POINT('',(185.,203.4,19.));
#1763 = DIRECTION('',(0.,0.,1.));
#1764 = DIRECTION('',(-2.22044604925E-16,1.,0.));
#1765 = ADVANCED_FACE('',(#1766),#1784,.T.);
#1766 = FACE_BOUND('',#1767,.T.);
#1767 = EDGE_LOOP('',(#1768,#1776,#1782,#1783));
#1768 = ORIENTED_EDGE('',*,*,#1769,.F.);
#1769 = EDGE_CURVE('',#1770,#1305,#1772,.T.);
#1770 = VERTEX_POINT('',#1771);
#1771 = CARTESIAN_POINT('',(195.5,199.15,19.));
#1772 = LINE('',#1773,#1774);
#1773 = CARTESIAN_POINT('',(195.5,199.15,19.));
#1774 = VECTOR('',#1775,1.);
#1775 = DIRECTION('',(0.,0.,1.));
#1776 = ORIENTED_EDGE('',*,*,#1777,.T.);
#1777 = EDGE_CURVE('',#1770,#1745,#1778,.T.);
#1778 = LINE('',#1779,#1780);
#1779 = CARTESIAN_POINT('',(195.5,199.15,19.));
#1780 = VECTOR('',#1781,1.);
#1781 = DIRECTION('',(-1.,-2.22044604925E-16,0.));
#1782 = ORIENTED_EDGE('',*,*,#1744,.T.);
#1783 = ORIENTED_EDGE('',*,*,#1313,.F.);
#1784 = PLANE('',#1785);
#1785 = AXIS2_PLACEMENT_3D('',#1786,#1787,#1788);
#1786 = CARTESIAN_POINT('',(195.5,199.15,19.));
#1787 = DIRECTION('',(-2.22044604925E-16,1.,0.));
#1788 = DIRECTION('',(0.,0.,1.));
#1789 = ADVANCED_FACE('',(#1790),#1802,.F.);
#1790 = FACE_BOUND('',#1791,.F.);
#1791 = EDGE_LOOP('',(#1792,#1799,#1800,#1801));
#1792 = ORIENTED_EDGE('',*,*,#1793,.T.);
#1793 = EDGE_CURVE('',#1770,#1701,#1794,.T.);
#1794 = CIRCLE('',#1795,4.25);
#1795 = AXIS2_PLACEMENT_3D('',#1796,#1797,#1798);
#1796 = CARTESIAN_POINT('',(195.5,203.4,19.));
#1797 = DIRECTION('',(0.,0.,1.));
#1798 = DIRECTION('',(-2.22044604925E-16,1.,0.));
#1799 = ORIENTED_EDGE('',*,*,#1708,.T.);
#1800 = ORIENTED_EDGE('',*,*,#1304,.F.);
#1801 = ORIENTED_EDGE('',*,*,#1769,.F.);
#1802 = CYLINDRICAL_SURFACE('',#1803,4.25);
#1803 = AXIS2_PLACEMENT_3D('',#1804,#1805,#1806);
#1804 = CARTESIAN_POINT('',(195.5,203.4,19.));
#1805 = DIRECTION('',(0.,0.,1.));
#1806 = DIRECTION('',(-2.22044604925E-16,1.,0.));
#1807 = ADVANCED_FACE('',(#1808),#1834,.T.);
#1808 = FACE_BOUND('',#1809,.T.);
#1809 = EDGE_LOOP('',(#1810,#1818,#1827,#1833));
#1810 = ORIENTED_EDGE('',*,*,#1811,.F.);
#1811 = EDGE_CURVE('',#1812,#1422,#1814,.T.);
#1812 = VERTEX_POINT('',#1813);
#1813 = CARTESIAN_POINT('',(195.5,121.4156,15.191774089947));
#1814 = LINE('',#1815,#1816);
#1815 = CARTESIAN_POINT('',(195.5,121.4156,-1.));
#1816 = VECTOR('',#1817,1.);
#1817 = DIRECTION('',(0.,0.,1.));
#1818 = ORIENTED_EDGE('',*,*,#1819,.F.);
#1819 = EDGE_CURVE('',#1820,#1812,#1822,.T.);
#1820 = VERTEX_POINT('',#1821);
#1821 = CARTESIAN_POINT('',(185.,121.4156,10.489995233555));
#1822 = CIRCLE('',#1823,15.2);
#1823 = AXIS2_PLACEMENT_3D('',#1824,#1825,#1826);
#1824 = CARTESIAN_POINT('',(196.,121.4156,0.));
#1825 = DIRECTION('',(-2.22044604925E-16,1.,0.));
#1826 = DIRECTION('',(0.,0.,1.));
#1827 = ORIENTED_EDGE('',*,*,#1828,.T.);
#1828 = EDGE_CURVE('',#1820,#1424,#1829,.T.);
#1829 = LINE('',#1830,#1831);
#1830 = CARTESIAN_POINT('',(185.,121.4156,-1.));
#1831 = VECTOR('',#1832,1.);
#1832 = DIRECTION('',(0.,0.,1.));
#1833 = ORIENTED_EDGE('',*,*,#1421,.F.);
#1834 = PLANE('',#1835);
#1835 = AXIS2_PLACEMENT_3D('',#1836,#1837,#1838);
#1836 = CARTESIAN_POINT('',(195.5,121.4156,-1.));
#1837 = DIRECTION('',(-2.22044604925E-16,1.,0.));
#1838 = DIRECTION('',(0.,0.,1.));
#1839 = ADVANCED_FACE('',(#1840),#1917,.F.);
#1840 = FACE_BOUND('',#1841,.F.);
#1841 = EDGE_LOOP('',(#1842,#1843,#1851,#1916));
#1842 = ORIENTED_EDGE('',*,*,#1448,.F.);
#1843 = ORIENTED_EDGE('',*,*,#1844,.F.);
#1844 = EDGE_CURVE('',#1845,#1441,#1847,.T.);
#1845 = VERTEX_POINT('',#1846);
#1846 = CARTESIAN_POINT('',(185.,125.7844,10.489995233555));
#1847 = LINE('',#1848,#1849);
#1848 = CARTESIAN_POINT('',(185.,125.7844,-1.));
#1849 = VECTOR('',#1850,1.);
#1850 = DIRECTION('',(0.,0.,1.));
#1851 = ORIENTED_EDGE('',*,*,#1852,.T.);
#1852 = EDGE_CURVE('',#1845,#1820,#1853,.T.);
#1853 = B_SPLINE_CURVE_WITH_KNOTS('',6,(#1854,#1855,#1856,#1857,#1858,
    #1859,#1860,#1861,#1862,#1863,#1864,#1865,#1866,#1867,#1868,#1869,
    #1870,#1871,#1872,#1873,#1874,#1875,#1876,#1877,#1878,#1879,#1880,
    #1881,#1882,#1883,#1884,#1885,#1886,#1887,#1888,#1889,#1890,#1891,
    #1892,#1893,#1894,#1895,#1896,#1897,#1898,#1899,#1900,#1901,#1902,
    #1903,#1904,#1905,#1906,#1907,#1908,#1909,#1910,#1911,#1912,#1913,
    #1914,#1915),.UNSPECIFIED.,.F.,.F.,(7,5,5,5,5,5,5,5,5,5,5,5,7),(0.,
    0.16980713371,0.308195018778,0.351127144607,0.402779736048,
    0.440821414178,0.500086235271,0.539275402538,0.597328516546,
    0.648773903872,0.691069657939,0.830240935184,1.),.UNSPECIFIED.);
#1854 = CARTESIAN_POINT('',(185.,125.7844,10.489995233555));
#1855 = CARTESIAN_POINT('',(184.80689206042,125.7844,10.28749873207));
#1856 = CARTESIAN_POINT('',(184.61960409107,125.76391407043,
    10.082148390249));
#1857 = CARTESIAN_POINT('',(184.43942235284,125.72525932831,
    9.875528397382));
#1858 = CARTESIAN_POINT('',(184.26701056392,125.67009866911,9.6689691523
    ));
#1859 = CARTESIAN_POINT('',(184.10289079566,125.59954466243,
    9.463809798395));
#1860 = CARTESIAN_POINT('',(183.82114646025,125.44465440332,
    9.097177243222));
#1861 = CARTESIAN_POINT('',(183.70069318896,125.36536887917,
    8.934846427679));
#1862 = CARTESIAN_POINT('',(183.58612995464,125.27646523697,
    8.775153313239));
#1863 = CARTESIAN_POINT('',(183.4775917201,125.17765888893,
    8.618817615296));
#1864 = CARTESIAN_POINT('',(183.37567168998,125.06847881136,
    8.467343540902));
#1865 = CARTESIAN_POINT('',(183.25229095163,124.91124213223,
    8.278813931048));
#1866 = CARTESIAN_POINT('',(183.22380479478,124.87294659864,
    8.234876128768));
#1867 = CARTESIAN_POINT('',(183.19606972666,124.83355341442,
    8.191703574827));
#1868 = CARTESIAN_POINT('',(183.1691188478,124.79303161214,8.14937834374
    ));
#1869 = CARTESIAN_POINT('',(183.1429946427,124.7513511582,8.108000715725
    ));
#1870 = CARTESIAN_POINT('',(183.08737536357,124.65690726565,
    8.019189471304));
#1871 = CARTESIAN_POINT('',(183.05826569057,124.60359950625,
    7.972220977462));
#1872 = CARTESIAN_POINT('',(183.03051249517,124.5485095761,
    7.926993915065));
#1873 = CARTESIAN_POINT('',(183.00422819283,124.49159287274,
    7.883760548511));
#1874 = CARTESIAN_POINT('',(182.97954520083,124.43281066175,
    7.842815249874));
#1875 = CARTESIAN_POINT('',(182.93972894831,124.32744000694,
    7.776271713378));
#1876 = CARTESIAN_POINT('',(182.92378811525,124.28170663236,
    7.74946403652));
#1877 = CARTESIAN_POINT('',(182.90887160583,124.2349583403,7.72423416009
    ));
#1878 = CARTESIAN_POINT('',(182.89505491555,124.18722381013,
    7.700743867571));
#1879 = CARTESIAN_POINT('',(182.88241219931,124.13853235531,
    7.67915370309));
#1880 = CARTESIAN_POINT('',(182.85326574288,124.01161369535,
    7.629195194952));
#1881 = CARTESIAN_POINT('',(182.83850093672,123.93187995897,
    7.603692362264));
#1882 = CARTESIAN_POINT('',(182.82714075916,123.85029174879,
    7.583952910455));
#1883 = CARTESIAN_POINT('',(182.81945854056,123.7674160162,
    7.570559685851));
#1884 = CARTESIAN_POINT('',(182.8156,123.68380606218,7.563834784023));
#1885 = CARTESIAN_POINT('',(182.8156,123.54458281104,7.563834784023));
#1886 = CARTESIAN_POINT('',(182.81728710794,123.48919383207,
    7.566775461083));
#1887 = CARTESIAN_POINT('',(182.82065801234,123.43401748984,
    7.57265149811));
#1888 = CARTESIAN_POINT('',(182.82568202124,123.37924081901,
    7.581397091685));
#1889 = CARTESIAN_POINT('',(182.83229940374,123.3250531649,
    7.592886426486));
#1890 = CARTESIAN_POINT('',(182.8524488291,123.19253068508,
    7.627743830954));
#1891 = CARTESIAN_POINT('',(182.86775899148,123.11523969381,
    7.654138462142));
#1892 = CARTESIAN_POINT('',(182.88610485598,123.03994952824,
    7.685601366224));
#1893 = CARTESIAN_POINT('',(182.90722707586,122.96683840132,
    7.72156497844));
#1894 = CARTESIAN_POINT('',(182.93083945109,122.89608536485,
    7.761415001716));
#1895 = CARTESIAN_POINT('',(182.97945871966,122.76741820402,
    7.842670716859));
#1896 = CARTESIAN_POINT('',(183.0040420579,122.70885048443,
    7.883451774506));
#1897 = CARTESIAN_POINT('',(183.0302152449,122.65213431535,
    7.926504973868));
#1898 = CARTESIAN_POINT('',(183.05784726078,122.59723147832,
    7.971539064834));
#1899 = CARTESIAN_POINT('',(183.08682677373,122.54409797071,
    8.018304254628));
#1900 = CARTESIAN_POINT('',(183.14191988434,122.45041473626,
    8.106291983969));
#1901 = CARTESIAN_POINT('',(183.16763162701,122.40929921896,
    8.147028917014));
#1902 = CARTESIAN_POINT('',(183.19414751712,122.3693098864,
    8.188689356419));
#1903 = CARTESIAN_POINT('',(183.22142673418,122.3304178844,
    8.231176983524));
#1904 = CARTESIAN_POINT('',(183.24943736723,122.29259342911,
    8.274412757875));
#1905 = CARTESIAN_POINT('',(183.37265447089,122.13475866042,
    8.462857769451));
#1906 = CARTESIAN_POINT('',(183.47502279638,122.02468261158,
    8.615116386709));
#1907 = CARTESIAN_POINT('',(183.58409593719,121.92511502788,
    8.772317382973));
#1908 = CARTESIAN_POINT('',(183.69926540932,121.8355718747,
    8.932921836207));
#1909 = CARTESIAN_POINT('',(183.82039427679,121.75575911303,
    9.096198430483));
#1910 = CARTESIAN_POINT('',(184.10289079566,121.60045533756,
    9.463809798395));
#1911 = CARTESIAN_POINT('',(184.26701056392,121.52990133088,9.6689691523
    ));
#1912 = CARTESIAN_POINT('',(184.43942235284,121.47474067168,
    9.875528397382));
#1913 = CARTESIAN_POINT('',(184.61960409107,121.43608592956,
    10.082148390249));
#1914 = CARTESIAN_POINT('',(184.80689206042,121.4156,10.28749873207));
#1915 = CARTESIAN_POINT('',(185.,121.4156,10.489995233555));
#1916 = ORIENTED_EDGE('',*,*,#1828,.T.);
#1917 = CYLINDRICAL_SURFACE('',#1918,2.1844);
#1918 = AXIS2_PLACEMENT_3D('',#1919,#1920,#1921);
#1919 = CARTESIAN_POINT('',(185.,123.6,-1.));
#1920 = DIRECTION('',(0.,0.,1.));
#1921 = DIRECTION('',(-2.22044604925E-16,1.,0.));
#1922 = ADVANCED_FACE('',(#1923),#1942,.F.);
#1923 = FACE_BOUND('',#1924,.F.);
#1924 = EDGE_LOOP('',(#1925,#1933,#1940,#1941));
#1925 = ORIENTED_EDGE('',*,*,#1926,.F.);
#1926 = EDGE_CURVE('',#1927,#1432,#1929,.T.);
#1927 = VERTEX_POINT('',#1928);
#1928 = CARTESIAN_POINT('',(195.5,125.7844,15.191774089947));
#1929 = LINE('',#1930,#1931);
#1930 = CARTESIAN_POINT('',(195.5,125.7844,-1.));
#1931 = VECTOR('',#1932,1.);
#1932 = DIRECTION('',(0.,0.,1.));
#1933 = ORIENTED_EDGE('',*,*,#1934,.F.);
#1934 = EDGE_CURVE('',#1845,#1927,#1935,.T.);
#1935 = CIRCLE('',#1936,15.2);
#1936 = AXIS2_PLACEMENT_3D('',#1937,#1938,#1939);
#1937 = CARTESIAN_POINT('',(196.,125.7844,0.));
#1938 = DIRECTION('',(-2.22044604925E-16,1.,0.));
#1939 = DIRECTION('',(0.,0.,1.));
#1940 = ORIENTED_EDGE('',*,*,#1844,.T.);
#1941 = ORIENTED_EDGE('',*,*,#1440,.F.);
#1942 = PLANE('',#1943);
#1943 = AXIS2_PLACEMENT_3D('',#1944,#1945,#1946);
#1944 = CARTESIAN_POINT('',(195.5,125.7844,-1.));
#1945 = DIRECTION('',(-2.22044604925E-16,1.,0.));
#1946 = DIRECTION('',(0.,0.,1.));
#1947 = ADVANCED_FACE('',(#1948),#2010,.F.);
#1948 = FACE_BOUND('',#1949,.F.);
#1949 = EDGE_LOOP('',(#1950,#1989,#1998,#1999,#2000,#2001));
#1950 = ORIENTED_EDGE('',*,*,#1951,.T.);
#1951 = EDGE_CURVE('',#1952,#1954,#1956,.T.);
#1952 = VERTEX_POINT('',#1953);
#1953 = CARTESIAN_POINT('',(196.,121.47359379233,15.2));
#1954 = VERTEX_POINT('',#1955);
#1955 = CARTESIAN_POINT('',(196.,125.72640620766,15.2));
#1956 = B_SPLINE_CURVE_WITH_KNOTS('',6,(#1957,#1958,#1959,#1960,#1961,
    #1962,#1963,#1964,#1965,#1966,#1967,#1968,#1969,#1970,#1971,#1972,
    #1973,#1974,#1975,#1976,#1977,#1978,#1979,#1980,#1981,#1982,#1983,
    #1984,#1985,#1986,#1987,#1988),.UNSPECIFIED.,.F.,.F.,(7,5,5,5,5,5,7)
  ,(0.,0.1348117861,0.29913137245,0.500003840756,0.699028855488,
    0.863555044632,1.),.UNSPECIFIED.);
#1957 = CARTESIAN_POINT('',(196.,121.47359379233,15.2));
#1958 = CARTESIAN_POINT('',(196.1524640581,121.50944396469,15.2));
#1959 = CARTESIAN_POINT('',(196.2989153003,121.5577236276,
    15.198164760774));
#1960 = CARTESIAN_POINT('',(196.43812099787,121.61714614721,
    15.194766023652));
#1961 = CARTESIAN_POINT('',(196.56906518713,121.68626624082,
    15.190154301667));
#1962 = CARTESIAN_POINT('',(196.69097967638,121.76348498306,
    15.184703329203));
#1963 = CARTESIAN_POINT('',(196.94037169315,121.94891652723,
    15.171503608205));
#1964 = CARTESIAN_POINT('',(197.06370484127,122.06056950518,
    15.163487905111));
#1965 = CARTESIAN_POINT('',(197.17354328753,122.17989625245,
    15.155252146485));
#1966 = CARTESIAN_POINT('',(197.27022720335,122.30522737738,
    15.147227644207));
#1967 = CARTESIAN_POINT('',(197.35415538141,122.435234236,15.13973007687
    ));
#1968 = CARTESIAN_POINT('',(197.51315253069,122.73216164464,
    15.12475076871));
#1969 = CARTESIAN_POINT('',(197.58216407094,122.90098335113,
    15.117637197367));
#1970 = CARTESIAN_POINT('',(197.63341090127,123.07345520393,
    15.112067947797));
#1971 = CARTESIAN_POINT('',(197.66739819994,123.24819784745,
    15.108278417555));
#1972 = CARTESIAN_POINT('',(197.6844,123.42407761432,15.106382645756));
#1973 = CARTESIAN_POINT('',(197.6844,123.77430440166,15.106382645756));
#1974 = CARTESIAN_POINT('',(197.66770950509,123.94856813319,
    15.108243704119));
#1975 = CARTESIAN_POINT('',(197.63434391642,124.12172563267,
    15.111963922687));
#1976 = CARTESIAN_POINT('',(197.58403955431,124.29267385187,
    15.117433327151));
#1977 = CARTESIAN_POINT('',(197.5163096139,124.46007527486,
    15.124425101549));
#1978 = CARTESIAN_POINT('',(197.35956024447,124.75612331671,
    15.139242815406));
#1979 = CARTESIAN_POINT('',(197.2762238274,124.88653711611,
    15.146718154451));
#1980 = CARTESIAN_POINT('',(197.18011915733,125.01231657377,
    15.154734486083));
#1981 = CARTESIAN_POINT('',(197.07084364316,125.13214148816,
    15.162978491911));
#1982 = CARTESIAN_POINT('',(196.94804981759,125.24435016762,
    15.1710212193));
#1983 = CARTESIAN_POINT('',(196.69836241664,125.43182077113,
    15.18437156397));
#1984 = CARTESIAN_POINT('',(196.57540707778,125.51037396709,
    15.189929681211));
#1985 = CARTESIAN_POINT('',(196.44318404246,125.58068489342,
    15.194641504732));
#1986 = CARTESIAN_POINT('',(196.30247610581,125.64109908462,
    15.198119670746));
#1987 = CARTESIAN_POINT('',(196.1543250575,125.69011844266,15.2));
#1988 = CARTESIAN_POINT('',(196.,125.72640620766,15.2));
#1989 = ORIENTED_EDGE('',*,*,#1990,.T.);
#1990 = EDGE_CURVE('',#1954,#1927,#1991,.T.);
#1991 = B_SPLINE_CURVE_WITH_KNOTS('',5,(#1992,#1993,#1994,#1995,#1996,
    #1997),.UNSPECIFIED.,.F.,.F.,(6,6),(0.,1.),
  .PIECEWISE_BEZIER_KNOTS.);
#1992 = CARTESIAN_POINT('',(196.,125.72640620766,15.2));
#1993 = CARTESIAN_POINT('',(195.90313300388,125.74918336937,15.2));
#1994 = CARTESIAN_POINT('',(195.80393586825,125.76668736513,
    15.199228408905));
#1995 = CARTESIAN_POINT('',(195.70315250546,125.778496269,
    15.197610632416));
#1996 = CARTESIAN_POINT('',(195.60157036706,125.7844,15.19511702957));
#1997 = CARTESIAN_POINT('',(195.5,125.7844,15.191774089947));
#1998 = ORIENTED_EDGE('',*,*,#1926,.T.);
#1999 = ORIENTED_EDGE('',*,*,#1431,.F.);
#2000 = ORIENTED_EDGE('',*,*,#1811,.F.);
#2001 = ORIENTED_EDGE('',*,*,#2002,.T.);
#2002 = EDGE_CURVE('',#1812,#1952,#2003,.T.);
#2003 = B_SPLINE_CURVE_WITH_KNOTS('',5,(#2004,#2005,#2006,#2007,#2008,
    #2009),.UNSPECIFIED.,.F.,.F.,(6,6),(0.,1.),
  .PIECEWISE_BEZIER_KNOTS.);
#2004 = CARTESIAN_POINT('',(195.5,121.4156,15.191774089947));
#2005 = CARTESIAN_POINT('',(195.60157215779,121.4156,15.195117088507));
#2006 = CARTESIAN_POINT('',(195.7031534396,121.42150394738,
    15.197610635323));
#2007 = CARTESIAN_POINT('',(195.80393501084,121.43331263726,
    15.199228377922));
#2008 = CARTESIAN_POINT('',(195.90313122582,121.45081621253,15.2));
#2009 = CARTESIAN_POINT('',(196.,121.47359379233,15.2));
#2010 = CYLINDRICAL_SURFACE('',#2011,2.1844);
#2011 = AXIS2_PLACEMENT_3D('',#2012,#2013,#2014);
#2012 = CARTESIAN_POINT('',(195.5,123.6,-1.));
#2013 = DIRECTION('',(0.,0.,1.));
#2014 = DIRECTION('',(-2.22044604925E-16,1.,0.));
#2015 = ADVANCED_FACE('',(#2016),#2042,.F.);
#2016 = FACE_BOUND('',#2017,.F.);
#2017 = EDGE_LOOP('',(#2018,#2028,#2035,#2036));
#2018 = ORIENTED_EDGE('',*,*,#2019,.F.);
#2019 = EDGE_CURVE('',#2020,#2022,#2024,.T.);
#2020 = VERTEX_POINT('',#2021);
#2021 = CARTESIAN_POINT('',(181.6459065072,169.5,5.));
#2022 = VERTEX_POINT('',#2023);
#2023 = CARTESIAN_POINT('',(171.8,169.5,5.));
#2024 = LINE('',#2025,#2026);
#2025 = CARTESIAN_POINT('',(182.8,169.5,5.));
#2026 = VECTOR('',#2027,1.);
#2027 = DIRECTION('',(-1.,-2.22044604925E-16,0.));
#2028 = ORIENTED_EDGE('',*,*,#2029,.F.);
#2029 = EDGE_CURVE('',#1530,#2020,#2030,.T.);
#2030 = CIRCLE('',#2031,15.2);
#2031 = AXIS2_PLACEMENT_3D('',#2032,#2033,#2034);
#2032 = CARTESIAN_POINT('',(196.,169.5,0.));
#2033 = DIRECTION('',(-2.22044604925E-16,1.,0.));
#2034 = DIRECTION('',(0.,0.,1.));
#2035 = ORIENTED_EDGE('',*,*,#1529,.T.);
#2036 = ORIENTED_EDGE('',*,*,#2037,.T.);
#2037 = EDGE_CURVE('',#1522,#2022,#2038,.T.);
#2038 = LINE('',#2039,#2040);
#2039 = CARTESIAN_POINT('',(171.8,169.5,-1.));
#2040 = VECTOR('',#2041,1.);
#2041 = DIRECTION('',(0.,0.,1.));
#2042 = PLANE('',#2043);
#2043 = AXIS2_PLACEMENT_3D('',#2044,#2045,#2046);
#2044 = CARTESIAN_POINT('',(182.8,169.5,-1.));
#2045 = DIRECTION('',(-2.22044604925E-16,1.,0.));
#2046 = DIRECTION('',(0.,0.,1.));
#2047 = ADVANCED_FACE('',(#2048),#2066,.F.);
#2048 = FACE_BOUND('',#2049,.F.);
#2049 = EDGE_LOOP('',(#2050,#2051,#2052,#2060));
#2050 = ORIENTED_EDGE('',*,*,#2037,.F.);
#2051 = ORIENTED_EDGE('',*,*,#1521,.T.);
#2052 = ORIENTED_EDGE('',*,*,#2053,.T.);
#2053 = EDGE_CURVE('',#1514,#2054,#2056,.T.);
#2054 = VERTEX_POINT('',#2055);
#2055 = CARTESIAN_POINT('',(171.8,157.5,5.));
#2056 = LINE('',#2057,#2058);
#2057 = CARTESIAN_POINT('',(171.8,157.5,-1.));
#2058 = VECTOR('',#2059,1.);
#2059 = DIRECTION('',(0.,0.,1.));
#2060 = ORIENTED_EDGE('',*,*,#2061,.T.);
#2061 = EDGE_CURVE('',#2054,#2022,#2062,.T.);
#2062 = LINE('',#2063,#2064);
#2063 = CARTESIAN_POINT('',(171.8,157.5,5.));
#2064 = VECTOR('',#2065,1.);
#2065 = DIRECTION('',(-2.22044604925E-16,1.,0.));
#2066 = PLANE('',#2067);
#2067 = AXIS2_PLACEMENT_3D('',#2068,#2069,#2070);
#2068 = CARTESIAN_POINT('',(171.8,157.5,-1.));
#2069 = DIRECTION('',(-1.,-2.22044604925E-16,0.));
#2070 = DIRECTION('',(0.,0.,1.));
#2071 = ADVANCED_FACE('',(#2072),#2091,.T.);
#2072 = FACE_BOUND('',#2073,.T.);
#2073 = EDGE_LOOP('',(#2074,#2082,#2089,#2090));
#2074 = ORIENTED_EDGE('',*,*,#2075,.F.);
#2075 = EDGE_CURVE('',#2076,#2054,#2078,.T.);
#2076 = VERTEX_POINT('',#2077);
#2077 = CARTESIAN_POINT('',(181.6459065072,157.5,5.));
#2078 = LINE('',#2079,#2080);
#2079 = CARTESIAN_POINT('',(182.8,157.5,5.));
#2080 = VECTOR('',#2081,1.);
#2081 = DIRECTION('',(-1.,-2.22044604925E-16,0.));
#2082 = ORIENTED_EDGE('',*,*,#2083,.F.);
#2083 = EDGE_CURVE('',#1506,#2076,#2084,.T.);
#2084 = CIRCLE('',#2085,15.2);
#2085 = AXIS2_PLACEMENT_3D('',#2086,#2087,#2088);
#2086 = CARTESIAN_POINT('',(196.,157.5,0.));
#2087 = DIRECTION('',(-2.22044604925E-16,1.,0.));
#2088 = DIRECTION('',(0.,0.,1.));
#2089 = ORIENTED_EDGE('',*,*,#1513,.T.);
#2090 = ORIENTED_EDGE('',*,*,#2053,.T.);
#2091 = PLANE('',#2092);
#2092 = AXIS2_PLACEMENT_3D('',#2093,#2094,#2095);
#2093 = CARTESIAN_POINT('',(182.8,157.5,-1.));
#2094 = DIRECTION('',(-2.22044604925E-16,1.,0.));
#2095 = DIRECTION('',(0.,0.,1.));
#2096 = ADVANCED_FACE('',(#2097),#2108,.F.);
#2097 = FACE_BOUND('',#2098,.F.);
#2098 = EDGE_LOOP('',(#2099,#2100,#2106,#2107));
#2099 = ORIENTED_EDGE('',*,*,#2075,.F.);
#2100 = ORIENTED_EDGE('',*,*,#2101,.T.);
#2101 = EDGE_CURVE('',#2076,#2020,#2102,.T.);
#2102 = LINE('',#2103,#2104);
#2103 = CARTESIAN_POINT('',(181.6459065072,118.5,5.));
#2104 = VECTOR('',#2105,1.);
#2105 = DIRECTION('',(-2.22044604925E-16,1.,0.));
#2106 = ORIENTED_EDGE('',*,*,#2019,.T.);
#2107 = ORIENTED_EDGE('',*,*,#2061,.F.);
#2108 = PLANE('',#2109);
#2109 = AXIS2_PLACEMENT_3D('',#2110,#2111,#2112);
#2110 = CARTESIAN_POINT('',(182.8,157.5,5.));
#2111 = DIRECTION('',(0.,0.,1.));
#2112 = DIRECTION('',(-2.22044604925E-16,1.,0.));
#2113 = ADVANCED_FACE('',(#2114),#2117,.F.);
#2114 = FACE_BOUND('',#2115,.F.);
#2115 = EDGE_LOOP('',(#2116));
#2116 = ORIENTED_EDGE('',*,*,#1608,.T.);
#2117 = PLANE('',#2118);
#2118 = AXIS2_PLACEMENT_3D('',#2119,#2120,#2121);
#2119 = CARTESIAN_POINT('',(179.,135.5,17.));
#2120 = DIRECTION('',(-2.22044604925E-16,1.,0.));
#2121 = DIRECTION('',(0.,0.,1.));
#2122 = ADVANCED_FACE('',(#2123),#2126,.F.);
#2123 = FACE_BOUND('',#2124,.F.);
#2124 = EDGE_LOOP('',(#2125));
#2125 = ORIENTED_EDGE('',*,*,#1633,.T.);
#2126 = PLANE('',#2127);
#2127 = AXIS2_PLACEMENT_3D('',#2128,#2129,#2130);
#2128 = CARTESIAN_POINT('',(210.5,135.5,17.));
#2129 = DIRECTION('',(-2.22044604925E-16,1.,0.));
#2130 = DIRECTION('',(0.,0.,1.));
#2131 = ADVANCED_FACE('',(#2132,#2138),#2174,.F.);
#2132 = FACE_BOUND('',#2133,.F.);
#2133 = EDGE_LOOP('',(#2134,#2135,#2136,#2137));
#2134 = ORIENTED_EDGE('',*,*,#1793,.F.);
#2135 = ORIENTED_EDGE('',*,*,#1777,.T.);
#2136 = ORIENTED_EDGE('',*,*,#1754,.F.);
#2137 = ORIENTED_EDGE('',*,*,#1700,.F.);
#2138 = FACE_BOUND('',#2139,.F.);
#2139 = EDGE_LOOP('',(#2140,#2150,#2159,#2167));
#2140 = ORIENTED_EDGE('',*,*,#2141,.F.);
#2141 = EDGE_CURVE('',#2142,#2144,#2146,.T.);
#2142 = VERTEX_POINT('',#2143);
#2143 = CARTESIAN_POINT('',(195.5,201.2156,19.));
#2144 = VERTEX_POINT('',#2145);
#2145 = CARTESIAN_POINT('',(185.,201.2156,19.));
#2146 = LINE('',#2147,#2148);
#2147 = CARTESIAN_POINT('',(192.875,201.2156,19.));
#2148 = VECTOR('',#2149,1.);
#2149 = DIRECTION('',(-1.,-2.22044604925E-16,0.));
#2150 = ORIENTED_EDGE('',*,*,#2151,.T.);
#2151 = EDGE_CURVE('',#2142,#2152,#2154,.T.);
#2152 = VERTEX_POINT('',#2153);
#2153 = CARTESIAN_POINT('',(195.5,205.5844,19.));
#2154 = CIRCLE('',#2155,2.1844);
#2155 = AXIS2_PLACEMENT_3D('',#2156,#2157,#2158);
#2156 = CARTESIAN_POINT('',(195.5,203.4,19.));
#2157 = DIRECTION('',(0.,0.,1.));
#2158 = DIRECTION('',(-2.22044604925E-16,1.,0.));
#2159 = ORIENTED_EDGE('',*,*,#2160,.T.);
#2160 = EDGE_CURVE('',#2152,#2161,#2163,.T.);
#2161 = VERTEX_POINT('',#2162);
#2162 = CARTESIAN_POINT('',(185.,205.5844,19.));
#2163 = LINE('',#2164,#2165);
#2164 = CARTESIAN_POINT('',(192.875,205.5844,19.));
#2165 = VECTOR('',#2166,1.);
#2166 = DIRECTION('',(-1.,-2.22044604925E-16,0.));
#2167 = ORIENTED_EDGE('',*,*,#2168,.T.);
#2168 = EDGE_CURVE('',#2161,#2144,#2169,.T.);
#2169 = CIRCLE('',#2170,2.1844);
#2170 = AXIS2_PLACEMENT_3D('',#2171,#2172,#2173);
#2171 = CARTESIAN_POINT('',(185.,203.4,19.));
#2172 = DIRECTION('',(0.,0.,1.));
#2173 = DIRECTION('',(-2.22044604925E-16,1.,0.));
#2174 = PLANE('',#2175);
#2175 = AXIS2_PLACEMENT_3D('',#2176,#2177,#2178);
#2176 = CARTESIAN_POINT('',(190.25,203.4,19.));
#2177 = DIRECTION('',(0.,0.,-1.));
#2178 = DIRECTION('',(2.22044604925E-16,-1.,0.));
#2179 = ADVANCED_FACE('',(#2180),#2256,.F.);
#2180 = FACE_BOUND('',#2181,.F.);
#2181 = EDGE_LOOP('',(#2182,#2221,#2232,#2238,#2239,#2247));
#2182 = ORIENTED_EDGE('',*,*,#2183,.T.);
#2183 = EDGE_CURVE('',#2184,#2186,#2188,.T.);
#2184 = VERTEX_POINT('',#2185);
#2185 = CARTESIAN_POINT('',(196.,201.27359379233,15.2));
#2186 = VERTEX_POINT('',#2187);
#2187 = CARTESIAN_POINT('',(196.,205.52640620766,15.2));
#2188 = B_SPLINE_CURVE_WITH_KNOTS('',6,(#2189,#2190,#2191,#2192,#2193,
    #2194,#2195,#2196,#2197,#2198,#2199,#2200,#2201,#2202,#2203,#2204,
    #2205,#2206,#2207,#2208,#2209,#2210,#2211,#2212,#2213,#2214,#2215,
    #2216,#2217,#2218,#2219,#2220),.UNSPECIFIED.,.F.,.F.,(7,5,5,5,5,5,7)
  ,(0.,0.134811786089,0.299131372413,0.500003840688,0.699028855452,
    0.863555044594,1.),.UNSPECIFIED.);
#2189 = CARTESIAN_POINT('',(196.,201.27359379233,15.2));
#2190 = CARTESIAN_POINT('',(196.15246405809,201.30944396469,15.2));
#2191 = CARTESIAN_POINT('',(196.2989153003,201.3577236276,
    15.198164760774));
#2192 = CARTESIAN_POINT('',(196.43812099788,201.41714614722,
    15.194766023652));
#2193 = CARTESIAN_POINT('',(196.56906518713,201.48626624082,
    15.190154301667));
#2194 = CARTESIAN_POINT('',(196.69097967637,201.56348498305,
    15.184703329204));
#2195 = CARTESIAN_POINT('',(196.94037169315,201.74891652723,
    15.171503608205));
#2196 = CARTESIAN_POINT('',(197.06370484127,201.86056950518,
    15.163487905111));
#2197 = CARTESIAN_POINT('',(197.17354328753,201.97989625245,
    15.155252146485));
#2198 = CARTESIAN_POINT('',(197.27022720335,202.10522737738,
    15.147227644207));
#2199 = CARTESIAN_POINT('',(197.35415538141,202.235234236,15.13973007687
    ));
#2200 = CARTESIAN_POINT('',(197.51315253069,202.53216164464,
    15.12475076871));
#2201 = CARTESIAN_POINT('',(197.58216407094,202.70098335113,
    15.117637197367));
#2202 = CARTESIAN_POINT('',(197.63341090127,202.87345520393,
    15.112067947797));
#2203 = CARTESIAN_POINT('',(197.66739819994,203.04819784745,
    15.108278417555));
#2204 = CARTESIAN_POINT('',(197.6844,203.22407761432,15.106382645756));
#2205 = CARTESIAN_POINT('',(197.6844,203.57430440172,15.106382645756));
#2206 = CARTESIAN_POINT('',(197.66770950508,203.7485681331,
    15.10824370412));
#2207 = CARTESIAN_POINT('',(197.63434391646,203.92172563268,
    15.111963922683));
#2208 = CARTESIAN_POINT('',(197.58403955426,204.09267385196,
    15.117433327156));
#2209 = CARTESIAN_POINT('',(197.51630961393,204.2600752748,
    15.124425101547));
#2210 = CARTESIAN_POINT('',(197.35956024446,204.55612331673,
    15.139242815407));
#2211 = CARTESIAN_POINT('',(197.27622382741,204.68653711607,
    15.14671815445));
#2212 = CARTESIAN_POINT('',(197.18011915734,204.81231657378,
    15.154734486083));
#2213 = CARTESIAN_POINT('',(197.07084364313,204.93214148818,
    15.162978491913));
#2214 = CARTESIAN_POINT('',(196.94804981762,205.04435016761,
    15.171021219299));
#2215 = CARTESIAN_POINT('',(196.69836241659,205.23182077117,
    15.184371563973));
#2216 = CARTESIAN_POINT('',(196.57540707779,205.31037396707,
    15.189929681209));
#2217 = CARTESIAN_POINT('',(196.44318404251,205.3806848934,
    15.19464150473));
#2218 = CARTESIAN_POINT('',(196.30247610582,205.44109908462,
    15.198119670747));
#2219 = CARTESIAN_POINT('',(196.15432505744,205.49011844268,15.2));
#2220 = CARTESIAN_POINT('',(196.,205.52640620766,15.2));
#2221 = ORIENTED_EDGE('',*,*,#2222,.T.);
#2222 = EDGE_CURVE('',#2186,#2223,#2225,.T.);
#2223 = VERTEX_POINT('',#2224);
#2224 = CARTESIAN_POINT('',(195.5,205.5844,15.191774089947));
#2225 = B_SPLINE_CURVE_WITH_KNOTS('',5,(#2226,#2227,#2228,#2229,#2230,
    #2231),.UNSPECIFIED.,.F.,.F.,(6,6),(0.,1.),
  .PIECEWISE_BEZIER_KNOTS.);
#2226 = CARTESIAN_POINT('',(196.,205.52640620766,15.2));
#2227 = CARTESIAN_POINT('',(195.90313300388,205.54918336937,15.2));
#2228 = CARTESIAN_POINT('',(195.80393586825,205.56668736513,
    15.199228408905));
#2229 = CARTESIAN_POINT('',(195.70315250546,205.578496269,
    15.197610632416));
#2230 = CARTESIAN_POINT('',(195.60157036706,205.5844,15.19511702957));
#2231 = CARTESIAN_POINT('',(195.5,205.5844,15.191774089947));
#2232 = ORIENTED_EDGE('',*,*,#2233,.T.);
#2233 = EDGE_CURVE('',#2223,#2152,#2234,.T.);
#2234 = LINE('',#2235,#2236);
#2235 = CARTESIAN_POINT('',(195.5,205.5844,-1.));
#2236 = VECTOR('',#2237,1.);
#2237 = DIRECTION('',(0.,0.,1.));
#2238 = ORIENTED_EDGE('',*,*,#2151,.F.);
#2239 = ORIENTED_EDGE('',*,*,#2240,.F.);
#2240 = EDGE_CURVE('',#2241,#2142,#2243,.T.);
#2241 = VERTEX_POINT('',#2242);
#2242 = CARTESIAN_POINT('',(195.5,201.2156,15.191774089947));
#2243 = LINE('',#2244,#2245);
#2244 = CARTESIAN_POINT('',(195.5,201.2156,-1.));
#2245 = VECTOR('',#2246,1.);
#2246 = DIRECTION('',(0.,0.,1.));
#2247 = ORIENTED_EDGE('',*,*,#2248,.T.);
#2248 = EDGE_CURVE('',#2241,#2184,#2249,.T.);
#2249 = B_SPLINE_CURVE_WITH_KNOTS('',5,(#2250,#2251,#2252,#2253,#2254,
    #2255),.UNSPECIFIED.,.F.,.F.,(6,6),(0.,1.),
  .PIECEWISE_BEZIER_KNOTS.);
#2250 = CARTESIAN_POINT('',(195.5,201.2156,15.191774089947));
#2251 = CARTESIAN_POINT('',(195.60157215779,201.2156,15.195117088507));
#2252 = CARTESIAN_POINT('',(195.7031534396,201.22150394738,
    15.197610635323));
#2253 = CARTESIAN_POINT('',(195.80393501084,201.23331263726,
    15.199228377922));
#2254 = CARTESIAN_POINT('',(195.90313122582,201.25081621253,15.2));
#2255 = CARTESIAN_POINT('',(196.,201.27359379233,15.2));
#2256 = CYLINDRICAL_SURFACE('',#2257,2.1844);
#2257 = AXIS2_PLACEMENT_3D('',#2258,#2259,#2260);
#2258 = CARTESIAN_POINT('',(195.5,203.4,-1.));
#2259 = DIRECTION('',(0.,0.,1.));
#2260 = DIRECTION('',(-2.22044604925E-16,1.,0.));
#2261 = ADVANCED_FACE('',(#2262),#2281,.F.);
#2262 = FACE_BOUND('',#2263,.F.);
#2263 = EDGE_LOOP('',(#2264,#2265,#2274,#2280));
#2264 = ORIENTED_EDGE('',*,*,#2233,.F.);
#2265 = ORIENTED_EDGE('',*,*,#2266,.F.);
#2266 = EDGE_CURVE('',#2267,#2223,#2269,.T.);
#2267 = VERTEX_POINT('',#2268);
#2268 = CARTESIAN_POINT('',(185.,205.5844,10.489995233555));
#2269 = CIRCLE('',#2270,15.2);
#2270 = AXIS2_PLACEMENT_3D('',#2271,#2272,#2273);
#2271 = CARTESIAN_POINT('',(196.,205.5844,0.));
#2272 = DIRECTION('',(-2.22044604925E-16,1.,0.));
#2273 = DIRECTION('',(0.,0.,1.));
#2274 = ORIENTED_EDGE('',*,*,#2275,.T.);
#2275 = EDGE_CURVE('',#2267,#2161,#2276,.T.);
#2276 = LINE('',#2277,#2278);
#2277 = CARTESIAN_POINT('',(185.,205.5844,-1.));
#2278 = VECTOR('',#2279,1.);
#2279 = DIRECTION('',(0.,0.,1.));
#2280 = ORIENTED_EDGE('',*,*,#2160,.F.);
#2281 = PLANE('',#2282);
#2282 = AXIS2_PLACEMENT_3D('',#2283,#2284,#2285);
#2283 = CARTESIAN_POINT('',(195.5,205.5844,-1.));
#2284 = DIRECTION('',(-2.22044604925E-16,1.,0.));
#2285 = DIRECTION('',(0.,0.,1.));
#2286 = ADVANCED_FACE('',(#2287),#2364,.F.);
#2287 = FACE_BOUND('',#2288,.F.);
#2288 = EDGE_LOOP('',(#2289,#2290,#2291,#2358));
#2289 = ORIENTED_EDGE('',*,*,#2168,.F.);
#2290 = ORIENTED_EDGE('',*,*,#2275,.F.);
#2291 = ORIENTED_EDGE('',*,*,#2292,.T.);
#2292 = EDGE_CURVE('',#2267,#2293,#2295,.T.);
#2293 = VERTEX_POINT('',#2294);
#2294 = CARTESIAN_POINT('',(185.,201.2156,10.489995233555));
#2295 = B_SPLINE_CURVE_WITH_KNOTS('',6,(#2296,#2297,#2298,#2299,#2300,
    #2301,#2302,#2303,#2304,#2305,#2306,#2307,#2308,#2309,#2310,#2311,
    #2312,#2313,#2314,#2315,#2316,#2317,#2318,#2319,#2320,#2321,#2322,
    #2323,#2324,#2325,#2326,#2327,#2328,#2329,#2330,#2331,#2332,#2333,
    #2334,#2335,#2336,#2337,#2338,#2339,#2340,#2341,#2342,#2343,#2344,
    #2345,#2346,#2347,#2348,#2349,#2350,#2351,#2352,#2353,#2354,#2355,
    #2356,#2357),.UNSPECIFIED.,.F.,.F.,(7,5,5,5,5,5,5,5,5,5,5,5,7),(0.,
    0.169807133701,0.308195018762,0.35112714459,0.402779736028,
    0.440821414154,0.500086235238,0.539275402503,0.597328516515,
    0.648773903845,0.691069657915,0.830240935171,1.),.UNSPECIFIED.);
#2296 = CARTESIAN_POINT('',(185.,205.5844,10.489995233555));
#2297 = CARTESIAN_POINT('',(184.80689206042,205.5844,10.28749873207));
#2298 = CARTESIAN_POINT('',(184.61960409107,205.56391407043,
    10.082148390249));
#2299 = CARTESIAN_POINT('',(184.43942235284,205.52525932831,
    9.875528397382));
#2300 = CARTESIAN_POINT('',(184.26701056392,205.47009866911,9.6689691523
    ));
#2301 = CARTESIAN_POINT('',(184.10289079566,205.39954466243,
    9.463809798395));
#2302 = CARTESIAN_POINT('',(183.82114646025,205.24465440332,
    9.097177243221));
#2303 = CARTESIAN_POINT('',(183.70069318896,205.16536887917,
    8.93484642768));
#2304 = CARTESIAN_POINT('',(183.58612995464,205.07646523697,
    8.775153313239));
#2305 = CARTESIAN_POINT('',(183.4775917201,204.97765888893,
    8.618817615296));
#2306 = CARTESIAN_POINT('',(183.37567168998,204.86847881136,
    8.467343540902));
#2307 = CARTESIAN_POINT('',(183.25229095163,204.71124213223,
    8.278813931048));
#2308 = CARTESIAN_POINT('',(183.22380479478,204.67294659864,
    8.234876128768));
#2309 = CARTESIAN_POINT('',(183.19606972666,204.63355341442,
    8.191703574827));
#2310 = CARTESIAN_POINT('',(183.1691188478,204.59303161214,8.14937834374
    ));
#2311 = CARTESIAN_POINT('',(183.1429946427,204.5513511582,8.108000715725
    ));
#2312 = CARTESIAN_POINT('',(183.08737536357,204.45690726565,
    8.019189471304));
#2313 = CARTESIAN_POINT('',(183.05826569057,204.40359950625,
    7.972220977462));
#2314 = CARTESIAN_POINT('',(183.03051249517,204.3485095761,
    7.926993915065));
#2315 = CARTESIAN_POINT('',(183.00422819283,204.29159287274,
    7.883760548511));
#2316 = CARTESIAN_POINT('',(182.97954520083,204.23281066175,
    7.842815249874));
#2317 = CARTESIAN_POINT('',(182.93972894831,204.12744000694,
    7.77627171338));
#2318 = CARTESIAN_POINT('',(182.92378811525,204.08170663236,
    7.749464036519));
#2319 = CARTESIAN_POINT('',(182.90887160583,204.0349583403,
    7.724234160089));
#2320 = CARTESIAN_POINT('',(182.89505491555,203.98722381013,
    7.700743867571));
#2321 = CARTESIAN_POINT('',(182.88241219931,203.93853235531,
    7.679153703091));
#2322 = CARTESIAN_POINT('',(182.85326574288,203.81161369535,
    7.629195194952));
#2323 = CARTESIAN_POINT('',(182.83850093672,203.73187995897,
    7.603692362264));
#2324 = CARTESIAN_POINT('',(182.82714075916,203.65029174879,
    7.583952910455));
#2325 = CARTESIAN_POINT('',(182.81945854056,203.5674160162,
    7.570559685851));
#2326 = CARTESIAN_POINT('',(182.8156,203.48380606218,7.563834784023));
#2327 = CARTESIAN_POINT('',(182.8156,203.34458281103,7.563834784023));
#2328 = CARTESIAN_POINT('',(182.81728710794,203.28919383208,
    7.566775461083));
#2329 = CARTESIAN_POINT('',(182.82065801234,203.23401748984,
    7.57265149811));
#2330 = CARTESIAN_POINT('',(182.82568202124,203.17924081901,
    7.581397091684));
#2331 = CARTESIAN_POINT('',(182.83229940374,203.12505316489,
    7.592886426487));
#2332 = CARTESIAN_POINT('',(182.8524488291,202.99253068508,
    7.627743830954));
#2333 = CARTESIAN_POINT('',(182.86775899148,202.91523969381,
    7.654138462142));
#2334 = CARTESIAN_POINT('',(182.88610485598,202.83994952824,
    7.685601366224));
#2335 = CARTESIAN_POINT('',(182.90722707586,202.76683840132,
    7.72156497844));
#2336 = CARTESIAN_POINT('',(182.93083945109,202.69608536485,
    7.761415001716));
#2337 = CARTESIAN_POINT('',(182.97945871966,202.56741820402,
    7.842670716859));
#2338 = CARTESIAN_POINT('',(183.0040420579,202.50885048443,
    7.883451774506));
#2339 = CARTESIAN_POINT('',(183.03021524489,202.45213431535,
    7.926504973868));
#2340 = CARTESIAN_POINT('',(183.05784726078,202.39723147832,
    7.971539064834));
#2341 = CARTESIAN_POINT('',(183.08682677373,202.34409797071,
    8.018304254628));
#2342 = CARTESIAN_POINT('',(183.14191988434,202.25041473626,
    8.106291983969));
#2343 = CARTESIAN_POINT('',(183.16763162701,202.20929921896,
    8.147028917014));
#2344 = CARTESIAN_POINT('',(183.19414751712,202.1693098864,
    8.188689356419));
#2345 = CARTESIAN_POINT('',(183.22142673418,202.1304178844,
    8.231176983524));
#2346 = CARTESIAN_POINT('',(183.24943736723,202.09259342911,
    8.274412757875));
#2347 = CARTESIAN_POINT('',(183.37265447089,201.93475866042,
    8.462857769451));
#2348 = CARTESIAN_POINT('',(183.47502279638,201.82468261158,
    8.615116386709));
#2349 = CARTESIAN_POINT('',(183.58409593719,201.72511502788,
    8.772317382973));
#2350 = CARTESIAN_POINT('',(183.69926540932,201.6355718747,
    8.932921836207));
#2351 = CARTESIAN_POINT('',(183.82039427679,201.55575911303,
    9.096198430483));
#2352 = CARTESIAN_POINT('',(184.10289079566,201.40045533756,
    9.463809798395));
#2353 = CARTESIAN_POINT('',(184.26701056392,201.32990133088,9.6689691523
    ));
#2354 = CARTESIAN_POINT('',(184.43942235284,201.27474067168,
    9.875528397382));
#2355 = CARTESIAN_POINT('',(184.61960409107,201.23608592956,
    10.08214839025));
#2356 = CARTESIAN_POINT('',(184.80689206042,201.2156,10.28749873207));
#2357 = CARTESIAN_POINT('',(185.,201.2156,10.489995233555));
#2358 = ORIENTED_EDGE('',*,*,#2359,.T.);
#2359 = EDGE_CURVE('',#2293,#2144,#2360,.T.);
#2360 = LINE('',#2361,#2362);
#2361 = CARTESIAN_POINT('',(185.,201.2156,-1.));
#2362 = VECTOR('',#2363,1.);
#2363 = DIRECTION('',(0.,0.,1.));
#2364 = CYLINDRICAL_SURFACE('',#2365,2.1844);
#2365 = AXIS2_PLACEMENT_3D('',#2366,#2367,#2368);
#2366 = CARTESIAN_POINT('',(185.,203.4,-1.));
#2367 = DIRECTION('',(0.,0.,1.));
#2368 = DIRECTION('',(-2.22044604925E-16,1.,0.));
#2369 = ADVANCED_FACE('',(#2370),#2382,.T.);
#2370 = FACE_BOUND('',#2371,.T.);
#2371 = EDGE_LOOP('',(#2372,#2373,#2380,#2381));
#2372 = ORIENTED_EDGE('',*,*,#2240,.F.);
#2373 = ORIENTED_EDGE('',*,*,#2374,.F.);
#2374 = EDGE_CURVE('',#2293,#2241,#2375,.T.);
#2375 = CIRCLE('',#2376,15.2);
#2376 = AXIS2_PLACEMENT_3D('',#2377,#2378,#2379);
#2377 = CARTESIAN_POINT('',(196.,201.2156,0.));
#2378 = DIRECTION('',(-2.22044604925E-16,1.,0.));
#2379 = DIRECTION('',(0.,0.,1.));
#2380 = ORIENTED_EDGE('',*,*,#2359,.T.);
#2381 = ORIENTED_EDGE('',*,*,#2141,.F.);
#2382 = PLANE('',#2383);
#2383 = AXIS2_PLACEMENT_3D('',#2384,#2385,#2386);
#2384 = CARTESIAN_POINT('',(195.5,201.2156,-1.));
#2385 = DIRECTION('',(-2.22044604925E-16,1.,0.));
#2386 = DIRECTION('',(0.,0.,1.));
#2387 = ADVANCED_FACE('',(#2388),#2407,.F.);
#2388 = FACE_BOUND('',#2389,.F.);
#2389 = EDGE_LOOP('',(#2390,#2399,#2405,#2406));
#2390 = ORIENTED_EDGE('',*,*,#2391,.F.);
#2391 = EDGE_CURVE('',#2392,#2392,#2394,.T.);
#2392 = VERTEX_POINT('',#2393);
#2393 = CARTESIAN_POINT('',(179.,191.5,15.2728));
#2394 = CIRCLE('',#2395,1.7272);
#2395 = AXIS2_PLACEMENT_3D('',#2396,#2397,#2398);
#2396 = CARTESIAN_POINT('',(179.,191.5,17.));
#2397 = DIRECTION('',(2.22044604925E-16,-1.,-0.));
#2398 = DIRECTION('',(-0.,0.,-1.));
#2399 = ORIENTED_EDGE('',*,*,#2400,.F.);
#2400 = EDGE_CURVE('',#1717,#2392,#2401,.T.);
#2401 = LINE('',#2402,#2403);
#2402 = CARTESIAN_POINT('',(179.,207.5,15.2728));
#2403 = VECTOR('',#2404,1.);
#2404 = DIRECTION('',(2.22044604925E-16,-1.,0.));
#2405 = ORIENTED_EDGE('',*,*,#1716,.T.);
#2406 = ORIENTED_EDGE('',*,*,#2400,.T.);
#2407 = CYLINDRICAL_SURFACE('',#2408,1.7272);
#2408 = AXIS2_PLACEMENT_3D('',#2409,#2410,#2411);
#2409 = CARTESIAN_POINT('',(179.,207.5,17.));
#2410 = DIRECTION('',(2.22044604925E-16,-1.,0.));
#2411 = DIRECTION('',(-0.,0.,-1.));
#2412 = ADVANCED_FACE('',(#2413),#2432,.F.);
#2413 = FACE_BOUND('',#2414,.F.);
#2414 = EDGE_LOOP('',(#2415,#2424,#2430,#2431));
#2415 = ORIENTED_EDGE('',*,*,#2416,.F.);
#2416 = EDGE_CURVE('',#2417,#2417,#2419,.T.);
#2417 = VERTEX_POINT('',#2418);
#2418 = CARTESIAN_POINT('',(210.5,191.5,15.2728));
#2419 = CIRCLE('',#2420,1.7272);
#2420 = AXIS2_PLACEMENT_3D('',#2421,#2422,#2423);
#2421 = CARTESIAN_POINT('',(210.5,191.5,17.));
#2422 = DIRECTION('',(2.22044604925E-16,-1.,-0.));
#2423 = DIRECTION('',(-0.,0.,-1.));
#2424 = ORIENTED_EDGE('',*,*,#2425,.F.);
#2425 = EDGE_CURVE('',#1728,#2417,#2426,.T.);
#2426 = LINE('',#2427,#2428);
#2427 = CARTESIAN_POINT('',(210.5,207.5,15.2728));
#2428 = VECTOR('',#2429,1.);
#2429 = DIRECTION('',(2.22044604925E-16,-1.,0.));
#2430 = ORIENTED_EDGE('',*,*,#1727,.T.);
#2431 = ORIENTED_EDGE('',*,*,#2425,.T.);
#2432 = CYLINDRICAL_SURFACE('',#2433,1.7272);
#2433 = AXIS2_PLACEMENT_3D('',#2434,#2435,#2436);
#2434 = CARTESIAN_POINT('',(210.5,207.5,17.));
#2435 = DIRECTION('',(2.22044604925E-16,-1.,0.));
#2436 = DIRECTION('',(-0.,0.,-1.));
#2437 = ADVANCED_FACE('',(#2438),#2441,.F.);
#2438 = FACE_BOUND('',#2439,.F.);
#2439 = EDGE_LOOP('',(#2440));
#2440 = ORIENTED_EDGE('',*,*,#2391,.T.);
#2441 = PLANE('',#2442);
#2442 = AXIS2_PLACEMENT_3D('',#2443,#2444,#2445);
#2443 = CARTESIAN_POINT('',(179.,191.5,17.));
#2444 = DIRECTION('',(2.22044604925E-16,-1.,0.));
#2445 = DIRECTION('',(-0.,0.,-1.));
#2446 = ADVANCED_FACE('',(#2447),#2450,.F.);
#2447 = FACE_BOUND('',#2448,.F.);
#2448 = EDGE_LOOP('',(#2449));
#2449 = ORIENTED_EDGE('',*,*,#2416,.T.);
#2450 = PLANE('',#2451);
#2451 = AXIS2_PLACEMENT_3D('',#2452,#2453,#2454);
#2452 = CARTESIAN_POINT('',(210.5,191.5,17.));
#2453 = DIRECTION('',(2.22044604925E-16,-1.,0.));
#2454 = DIRECTION('',(-0.,0.,-1.));
#2455 = ADVANCED_FACE('',(#2456,#2468,#2476),#2484,.F.);
#2456 = FACE_BOUND('',#2457,.F.);
#2457 = EDGE_LOOP('',(#2458,#2459,#2460,#2461,#2462,#2463,#2464,#2465,
    #2466,#2467));
#2458 = ORIENTED_EDGE('',*,*,#1577,.T.);
#2459 = ORIENTED_EDGE('',*,*,#1673,.F.);
#2460 = ORIENTED_EDGE('',*,*,#1682,.F.);
#2461 = ORIENTED_EDGE('',*,*,#1537,.F.);
#2462 = ORIENTED_EDGE('',*,*,#2029,.T.);
#2463 = ORIENTED_EDGE('',*,*,#2101,.F.);
#2464 = ORIENTED_EDGE('',*,*,#2083,.F.);
#2465 = ORIENTED_EDGE('',*,*,#1505,.F.);
#2466 = ORIENTED_EDGE('',*,*,#1202,.T.);
#2467 = ORIENTED_EDGE('',*,*,#1193,.T.);
#2468 = FACE_BOUND('',#2469,.F.);
#2469 = EDGE_LOOP('',(#2470,#2471,#2472,#2473,#2474,#2475));
#2470 = ORIENTED_EDGE('',*,*,#2248,.F.);
#2471 = ORIENTED_EDGE('',*,*,#2374,.F.);
#2472 = ORIENTED_EDGE('',*,*,#2292,.F.);
#2473 = ORIENTED_EDGE('',*,*,#2266,.T.);
#2474 = ORIENTED_EDGE('',*,*,#2222,.F.);
#2475 = ORIENTED_EDGE('',*,*,#2183,.F.);
#2476 = FACE_BOUND('',#2477,.F.);
#2477 = EDGE_LOOP('',(#2478,#2479,#2480,#2481,#2482,#2483));
#2478 = ORIENTED_EDGE('',*,*,#2002,.F.);
#2479 = ORIENTED_EDGE('',*,*,#1819,.F.);
#2480 = ORIENTED_EDGE('',*,*,#1852,.F.);
#2481 = ORIENTED_EDGE('',*,*,#1934,.T.);
#2482 = ORIENTED_EDGE('',*,*,#1990,.F.);
#2483 = ORIENTED_EDGE('',*,*,#1951,.F.);
#2484 = CYLINDRICAL_SURFACE('',#2485,15.2);
#2485 = AXIS2_PLACEMENT_3D('',#2486,#2487,#2488);
#2486 = CARTESIAN_POINT('',(196.,118.5,0.));
#2487 = DIRECTION('',(-2.22044604925E-16,1.,0.));
#2488 = DIRECTION('',(0.,0.,1.));
#2489 = MANIFOLD_SOLID_BREP('',#2490);
#2490 = CLOSED_SHELL('',(#2491,#2575,#2606,#2630,#2654,#2671,#2696,#2721
    ,#2746,#2771,#2827,#2847,#2867,#2887,#2907,#2924,#2941,#2958));
#2491 = ADVANCED_FACE('',(#2492,#2526,#2537,#2548,#2559),#2570,.F.);
#2492 = FACE_BOUND('',#2493,.F.);
#2493 = EDGE_LOOP('',(#2494,#2504,#2512,#2520));
#2494 = ORIENTED_EDGE('',*,*,#2495,.F.);
#2495 = EDGE_CURVE('',#2496,#2498,#2500,.T.);
#2496 = VERTEX_POINT('',#2497);
#2497 = CARTESIAN_POINT('',(216.2,207.5,-24.));
#2498 = VERTEX_POINT('',#2499);
#2499 = CARTESIAN_POINT('',(216.2,207.5,24.));
#2500 = LINE('',#2501,#2502);
#2501 = CARTESIAN_POINT('',(216.2,207.5,-24.));
#2502 = VECTOR('',#2503,1.);
#2503 = DIRECTION('',(0.,0.,1.));
#2504 = ORIENTED_EDGE('',*,*,#2505,.T.);
#2505 = EDGE_CURVE('',#2496,#2506,#2508,.T.);
#2506 = VERTEX_POINT('',#2507);
#2507 = CARTESIAN_POINT('',(169.3,207.5,-24.));
#2508 = LINE('',#2509,#2510);
#2509 = CARTESIAN_POINT('',(216.2,207.5,-24.));
#2510 = VECTOR('',#2511,1.);
#2511 = DIRECTION('',(-1.,-2.22044604925E-16,0.));
#2512 = ORIENTED_EDGE('',*,*,#2513,.T.);
#2513 = EDGE_CURVE('',#2506,#2514,#2516,.T.);
#2514 = VERTEX_POINT('',#2515);
#2515 = CARTESIAN_POINT('',(169.3,207.5,24.));
#2516 = LINE('',#2517,#2518);
#2517 = CARTESIAN_POINT('',(169.3,207.5,-24.));
#2518 = VECTOR('',#2519,1.);
#2519 = DIRECTION('',(0.,0.,1.));
#2520 = ORIENTED_EDGE('',*,*,#2521,.F.);
#2521 = EDGE_CURVE('',#2498,#2514,#2522,.T.);
#2522 = LINE('',#2523,#2524);
#2523 = CARTESIAN_POINT('',(216.2,207.5,24.));
#2524 = VECTOR('',#2525,1.);
#2525 = DIRECTION('',(-1.,-2.22044604925E-16,0.));
#2526 = FACE_BOUND('',#2527,.F.);
#2527 = EDGE_LOOP('',(#2528));
#2528 = ORIENTED_EDGE('',*,*,#2529,.F.);
#2529 = EDGE_CURVE('',#2530,#2530,#2532,.T.);
#2530 = VERTEX_POINT('',#2531);
#2531 = CARTESIAN_POINT('',(179.,207.5,-14.8156));
#2532 = CIRCLE('',#2533,2.1844);
#2533 = AXIS2_PLACEMENT_3D('',#2534,#2535,#2536);
#2534 = CARTESIAN_POINT('',(179.,207.5,-17.));
#2535 = DIRECTION('',(-2.22044604925E-16,1.,0.));
#2536 = DIRECTION('',(0.,0.,1.));
#2537 = FACE_BOUND('',#2538,.F.);
#2538 = EDGE_LOOP('',(#2539));
#2539 = ORIENTED_EDGE('',*,*,#2540,.F.);
#2540 = EDGE_CURVE('',#2541,#2541,#2543,.T.);
#2541 = VERTEX_POINT('',#2542);
#2542 = CARTESIAN_POINT('',(179.,207.5,19.1844));
#2543 = CIRCLE('',#2544,2.1844);
#2544 = AXIS2_PLACEMENT_3D('',#2545,#2546,#2547);
#2545 = CARTESIAN_POINT('',(179.,207.5,17.));
#2546 = DIRECTION('',(-2.22044604925E-16,1.,0.));
#2547 = DIRECTION('',(0.,0.,1.));
#2548 = FACE_BOUND('',#2549,.F.);
#2549 = EDGE_LOOP('',(#2550));
#2550 = ORIENTED_EDGE('',*,*,#2551,.F.);
#2551 = EDGE_CURVE('',#2552,#2552,#2554,.T.);
#2552 = VERTEX_POINT('',#2553);
#2553 = CARTESIAN_POINT('',(210.5,207.5,-14.8156));
#2554 = CIRCLE('',#2555,2.1844);
#2555 = AXIS2_PLACEMENT_3D('',#2556,#2557,#2558);
#2556 = CARTESIAN_POINT('',(210.5,207.5,-17.));
#2557 = DIRECTION('',(-2.22044604925E-16,1.,0.));
#2558 = DIRECTION('',(0.,0.,1.));
#2559 = FACE_BOUND('',#2560,.F.);
#2560 = EDGE_LOOP('',(#2561));
#2561 = ORIENTED_EDGE('',*,*,#2562,.F.);
#2562 = EDGE_CURVE('',#2563,#2563,#2565,.T.);
#2563 = VERTEX_POINT('',#2564);
#2564 = CARTESIAN_POINT('',(210.5,207.5,19.1844));
#2565 = CIRCLE('',#2566,2.1844);
#2566 = AXIS2_PLACEMENT_3D('',#2567,#2568,#2569);
#2567 = CARTESIAN_POINT('',(210.5,207.5,17.));
#2568 = DIRECTION('',(-2.22044604925E-16,1.,0.));
#2569 = DIRECTION('',(0.,0.,1.));
#2570 = PLANE('',#2571);
#2571 = AXIS2_PLACEMENT_3D('',#2572,#2573,#2574);
#2572 = CARTESIAN_POINT('',(216.2,207.5,-24.));
#2573 = DIRECTION('',(-2.22044604925E-16,1.,0.));
#2574 = DIRECTION('',(0.,0.,1.));
#2575 = ADVANCED_FACE('',(#2576),#2601,.F.);
#2576 = FACE_BOUND('',#2577,.F.);
#2577 = EDGE_LOOP('',(#2578,#2586,#2587,#2595));
#2578 = ORIENTED_EDGE('',*,*,#2579,.F.);
#2579 = EDGE_CURVE('',#2496,#2580,#2582,.T.);
#2580 = VERTEX_POINT('',#2581);
#2581 = CARTESIAN_POINT('',(216.2,214.5,-24.));
#2582 = LINE('',#2583,#2584);
#2583 = CARTESIAN_POINT('',(216.2,207.5,-24.));
#2584 = VECTOR('',#2585,1.);
#2585 = DIRECTION('',(-2.22044604925E-16,1.,0.));
#2586 = ORIENTED_EDGE('',*,*,#2495,.T.);
#2587 = ORIENTED_EDGE('',*,*,#2588,.T.);
#2588 = EDGE_CURVE('',#2498,#2589,#2591,.T.);
#2589 = VERTEX_POINT('',#2590);
#2590 = CARTESIAN_POINT('',(216.2,214.5,24.));
#2591 = LINE('',#2592,#2593);
#2592 = CARTESIAN_POINT('',(216.2,207.5,24.));
#2593 = VECTOR('',#2594,1.);
#2594 = DIRECTION('',(-2.22044604925E-16,1.,0.));
#2595 = ORIENTED_EDGE('',*,*,#2596,.F.);
#2596 = EDGE_CURVE('',#2580,#2589,#2597,.T.);
#2597 = LINE('',#2598,#2599);
#2598 = CARTESIAN_POINT('',(216.2,214.5,-24.));
#2599 = VECTOR('',#2600,1.);
#2600 = DIRECTION('',(0.,0.,1.));
#2601 = PLANE('',#2602);
#2602 = AXIS2_PLACEMENT_3D('',#2603,#2604,#2605);
#2603 = CARTESIAN_POINT('',(216.2,207.5,-24.));
#2604 = DIRECTION('',(-1.,-2.22044604925E-16,0.));
#2605 = DIRECTION('',(0.,0.,1.));
#2606 = ADVANCED_FACE('',(#2607),#2625,.T.);
#2607 = FACE_BOUND('',#2608,.T.);
#2608 = EDGE_LOOP('',(#2609,#2610,#2611,#2619));
#2609 = ORIENTED_EDGE('',*,*,#2521,.F.);
#2610 = ORIENTED_EDGE('',*,*,#2588,.T.);
#2611 = ORIENTED_EDGE('',*,*,#2612,.T.);
#2612 = EDGE_CURVE('',#2589,#2613,#2615,.T.);
#2613 = VERTEX_POINT('',#2614);
#2614 = CARTESIAN_POINT('',(169.3,214.5,24.));
#2615 = LINE('',#2616,#2617);
#2616 = CARTESIAN_POINT('',(216.2,214.5,24.));
#2617 = VECTOR('',#2618,1.);
#2618 = DIRECTION('',(-1.,-2.22044604925E-16,0.));
#2619 = ORIENTED_EDGE('',*,*,#2620,.F.);
#2620 = EDGE_CURVE('',#2514,#2613,#2621,.T.);
#2621 = LINE('',#2622,#2623);
#2622 = CARTESIAN_POINT('',(169.3,207.5,24.));
#2623 = VECTOR('',#2624,1.);
#2624 = DIRECTION('',(-2.22044604925E-16,1.,0.));
#2625 = PLANE('',#2626);
#2626 = AXIS2_PLACEMENT_3D('',#2627,#2628,#2629);
#2627 = CARTESIAN_POINT('',(216.2,207.5,24.));
#2628 = DIRECTION('',(0.,0.,1.));
#2629 = DIRECTION('',(-2.22044604925E-16,1.,0.));
#2630 = ADVANCED_FACE('',(#2631),#2649,.F.);
#2631 = FACE_BOUND('',#2632,.F.);
#2632 = EDGE_LOOP('',(#2633,#2634,#2635,#2643));
#2633 = ORIENTED_EDGE('',*,*,#2505,.F.);
#2634 = ORIENTED_EDGE('',*,*,#2579,.T.);
#2635 = ORIENTED_EDGE('',*,*,#2636,.T.);
#2636 = EDGE_CURVE('',#2580,#2637,#2639,.T.);
#2637 = VERTEX_POINT('',#2638);
#2638 = CARTESIAN_POINT('',(169.3,214.5,-24.));
#2639 = LINE('',#2640,#2641);
#2640 = CARTESIAN_POINT('',(216.2,214.5,-24.));
#2641 = VECTOR('',#2642,1.);
#2642 = DIRECTION('',(-1.,-2.22044604925E-16,0.));
#2643 = ORIENTED_EDGE('',*,*,#2644,.F.);
#2644 = EDGE_CURVE('',#2506,#2637,#2645,.T.);
#2645 = LINE('',#2646,#2647);
#2646 = CARTESIAN_POINT('',(169.3,207.5,-24.));
#2647 = VECTOR('',#2648,1.);
#2648 = DIRECTION('',(-2.22044604925E-16,1.,0.));
#2649 = PLANE('',#2650);
#2650 = AXIS2_PLACEMENT_3D('',#2651,#2652,#2653);
#2651 = CARTESIAN_POINT('',(216.2,207.5,-24.));
#2652 = DIRECTION('',(0.,0.,1.));
#2653 = DIRECTION('',(-2.22044604925E-16,1.,0.));
#2654 = ADVANCED_FACE('',(#2655),#2666,.T.);
#2655 = FACE_BOUND('',#2656,.T.);
#2656 = EDGE_LOOP('',(#2657,#2658,#2659,#2660));
#2657 = ORIENTED_EDGE('',*,*,#2644,.F.);
#2658 = ORIENTED_EDGE('',*,*,#2513,.T.);
#2659 = ORIENTED_EDGE('',*,*,#2620,.T.);
#2660 = ORIENTED_EDGE('',*,*,#2661,.F.);
#2661 = EDGE_CURVE('',#2637,#2613,#2662,.T.);
#2662 = LINE('',#2663,#2664);
#2663 = CARTESIAN_POINT('',(169.3,214.5,-24.));
#2664 = VECTOR('',#2665,1.);
#2665 = DIRECTION('',(0.,0.,1.));
#2666 = PLANE('',#2667);
#2667 = AXIS2_PLACEMENT_3D('',#2668,#2669,#2670);
#2668 = CARTESIAN_POINT('',(169.3,207.5,-24.));
#2669 = DIRECTION('',(-1.,-2.22044604925E-16,0.));
#2670 = DIRECTION('',(0.,0.,1.));
#2671 = ADVANCED_FACE('',(#2672),#2691,.F.);
#2672 = FACE_BOUND('',#2673,.F.);
#2673 = EDGE_LOOP('',(#2674,#2683,#2689,#2690));
#2674 = ORIENTED_EDGE('',*,*,#2675,.F.);
#2675 = EDGE_CURVE('',#2676,#2676,#2678,.T.);
#2676 = VERTEX_POINT('',#2677);
#2677 = CARTESIAN_POINT('',(179.,211.,-14.8156));
#2678 = CIRCLE('',#2679,2.1844);
#2679 = AXIS2_PLACEMENT_3D('',#2680,#2681,#2682);
#2680 = CARTESIAN_POINT('',(179.,211.,-17.));
#2681 = DIRECTION('',(-2.22044604925E-16,1.,0.));
#2682 = DIRECTION('',(0.,0.,1.));
#2683 = ORIENTED_EDGE('',*,*,#2684,.F.);
#2684 = EDGE_CURVE('',#2530,#2676,#2685,.T.);
#2685 = LINE('',#2686,#2687);
#2686 = CARTESIAN_POINT('',(179.,206.5,-14.8156));
#2687 = VECTOR('',#2688,1.);
#2688 = DIRECTION('',(-2.22044604925E-16,1.,0.));
#2689 = ORIENTED_EDGE('',*,*,#2529,.T.);
#2690 = ORIENTED_EDGE('',*,*,#2684,.T.);
#2691 = CYLINDRICAL_SURFACE('',#2692,2.1844);
#2692 = AXIS2_PLACEMENT_3D('',#2693,#2694,#2695);
#2693 = CARTESIAN_POINT('',(179.,206.5,-17.));
#2694 = DIRECTION('',(-2.22044604925E-16,1.,0.));
#2695 = DIRECTION('',(0.,0.,1.));
#2696 = ADVANCED_FACE('',(#2697),#2716,.F.);
#2697 = FACE_BOUND('',#2698,.F.);
#2698 = EDGE_LOOP('',(#2699,#2708,#2714,#2715));
#2699 = ORIENTED_EDGE('',*,*,#2700,.F.);
#2700 = EDGE_CURVE('',#2701,#2701,#2703,.T.);
#2701 = VERTEX_POINT('',#2702);
#2702 = CARTESIAN_POINT('',(179.,211.,19.1844));
#2703 = CIRCLE('',#2704,2.1844);
#2704 = AXIS2_PLACEMENT_3D('',#2705,#2706,#2707);
#2705 = CARTESIAN_POINT('',(179.,211.,17.));
#2706 = DIRECTION('',(-2.22044604925E-16,1.,0.));
#2707 = DIRECTION('',(0.,0.,1.));
#2708 = ORIENTED_EDGE('',*,*,#2709,.F.);
#2709 = EDGE_CURVE('',#2541,#2701,#2710,.T.);
#2710 = LINE('',#2711,#2712);
#2711 = CARTESIAN_POINT('',(179.,206.5,19.1844));
#2712 = VECTOR('',#2713,1.);
#2713 = DIRECTION('',(-2.22044604925E-16,1.,0.));
#2714 = ORIENTED_EDGE('',*,*,#2540,.T.);
#2715 = ORIENTED_EDGE('',*,*,#2709,.T.);
#2716 = CYLINDRICAL_SURFACE('',#2717,2.1844);
#2717 = AXIS2_PLACEMENT_3D('',#2718,#2719,#2720);
#2718 = CARTESIAN_POINT('',(179.,206.5,17.));
#2719 = DIRECTION('',(-2.22044604925E-16,1.,0.));
#2720 = DIRECTION('',(0.,0.,1.));
#2721 = ADVANCED_FACE('',(#2722),#2741,.F.);
#2722 = FACE_BOUND('',#2723,.F.);
#2723 = EDGE_LOOP('',(#2724,#2733,#2739,#2740));
#2724 = ORIENTED_EDGE('',*,*,#2725,.F.);
#2725 = EDGE_CURVE('',#2726,#2726,#2728,.T.);
#2726 = VERTEX_POINT('',#2727);
#2727 = CARTESIAN_POINT('',(210.5,211.,-14.8156));
#2728 = CIRCLE('',#2729,2.1844);
#2729 = AXIS2_PLACEMENT_3D('',#2730,#2731,#2732);
#2730 = CARTESIAN_POINT('',(210.5,211.,-17.));
#2731 = DIRECTION('',(-2.22044604925E-16,1.,0.));
#2732 = DIRECTION('',(0.,0.,1.));
#2733 = ORIENTED_EDGE('',*,*,#2734,.F.);
#2734 = EDGE_CURVE('',#2552,#2726,#2735,.T.);
#2735 = LINE('',#2736,#2737);
#2736 = CARTESIAN_POINT('',(210.5,206.5,-14.8156));
#2737 = VECTOR('',#2738,1.);
#2738 = DIRECTION('',(-2.22044604925E-16,1.,0.));
#2739 = ORIENTED_EDGE('',*,*,#2551,.T.);
#2740 = ORIENTED_EDGE('',*,*,#2734,.T.);
#2741 = CYLINDRICAL_SURFACE('',#2742,2.1844);
#2742 = AXIS2_PLACEMENT_3D('',#2743,#2744,#2745);
#2743 = CARTESIAN_POINT('',(210.5,206.5,-17.));
#2744 = DIRECTION('',(-2.22044604925E-16,1.,0.));
#2745 = DIRECTION('',(0.,0.,1.));
#2746 = ADVANCED_FACE('',(#2747),#2766,.F.);
#2747 = FACE_BOUND('',#2748,.F.);
#2748 = EDGE_LOOP('',(#2749,#2758,#2764,#2765));
#2749 = ORIENTED_EDGE('',*,*,#2750,.F.);
#2750 = EDGE_CURVE('',#2751,#2751,#2753,.T.);
#2751 = VERTEX_POINT('',#2752);
#2752 = CARTESIAN_POINT('',(210.5,211.,19.1844));
#2753 = CIRCLE('',#2754,2.1844);
#2754 = AXIS2_PLACEMENT_3D('',#2755,#2756,#2757);
#2755 = CARTESIAN_POINT('',(210.5,211.,17.));
#2756 = DIRECTION('',(-2.22044604925E-16,1.,0.));
#2757 = DIRECTION('',(0.,0.,1.));
#2758 = ORIENTED_EDGE('',*,*,#2759,.F.);
#2759 = EDGE_CURVE('',#2563,#2751,#2760,.T.);
#2760 = LINE('',#2761,#2762);
#2761 = CARTESIAN_POINT('',(210.5,206.5,19.1844));
#2762 = VECTOR('',#2763,1.);
#2763 = DIRECTION('',(-2.22044604925E-16,1.,0.));
#2764 = ORIENTED_EDGE('',*,*,#2562,.T.);
#2765 = ORIENTED_EDGE('',*,*,#2759,.T.);
#2766 = CYLINDRICAL_SURFACE('',#2767,2.1844);
#2767 = AXIS2_PLACEMENT_3D('',#2768,#2769,#2770);
#2768 = CARTESIAN_POINT('',(210.5,206.5,17.));
#2769 = DIRECTION('',(-2.22044604925E-16,1.,0.));
#2770 = DIRECTION('',(0.,0.,1.));
#2771 = ADVANCED_FACE('',(#2772,#2778,#2789,#2800,#2811),#2822,.T.);
#2772 = FACE_BOUND('',#2773,.T.);
#2773 = EDGE_LOOP('',(#2774,#2775,#2776,#2777));
#2774 = ORIENTED_EDGE('',*,*,#2596,.F.);
#2775 = ORIENTED_EDGE('',*,*,#2636,.T.);
#2776 = ORIENTED_EDGE('',*,*,#2661,.T.);
#2777 = ORIENTED_EDGE('',*,*,#2612,.F.);
#2778 = FACE_BOUND('',#2779,.T.);
#2779 = EDGE_LOOP('',(#2780));
#2780 = ORIENTED_EDGE('',*,*,#2781,.F.);
#2781 = EDGE_CURVE('',#2782,#2782,#2784,.T.);
#2782 = VERTEX_POINT('',#2783);
#2783 = CARTESIAN_POINT('',(179.,214.5,-13.25));
#2784 = CIRCLE('',#2785,3.75);
#2785 = AXIS2_PLACEMENT_3D('',#2786,#2787,#2788);
#2786 = CARTESIAN_POINT('',(179.,214.5,-17.));
#2787 = DIRECTION('',(-2.22044604925E-16,1.,0.));
#2788 = DIRECTION('',(0.,0.,1.));
#2789 = FACE_BOUND('',#2790,.T.);
#2790 = EDGE_LOOP('',(#2791));
#2791 = ORIENTED_EDGE('',*,*,#2792,.F.);
#2792 = EDGE_CURVE('',#2793,#2793,#2795,.T.);
#2793 = VERTEX_POINT('',#2794);
#2794 = CARTESIAN_POINT('',(179.,214.5,20.75));
#2795 = CIRCLE('',#2796,3.75);
#2796 = AXIS2_PLACEMENT_3D('',#2797,#2798,#2799);
#2797 = CARTESIAN_POINT('',(179.,214.5,17.));
#2798 = DIRECTION('',(-2.22044604925E-16,1.,0.));
#2799 = DIRECTION('',(0.,0.,1.));
#2800 = FACE_BOUND('',#2801,.T.);
#2801 = EDGE_LOOP('',(#2802));
#2802 = ORIENTED_EDGE('',*,*,#2803,.F.);
#2803 = EDGE_CURVE('',#2804,#2804,#2806,.T.);
#2804 = VERTEX_POINT('',#2805);
#2805 = CARTESIAN_POINT('',(210.5,214.5,-13.25));
#2806 = CIRCLE('',#2807,3.75);
#2807 = AXIS2_PLACEMENT_3D('',#2808,#2809,#2810);
#2808 = CARTESIAN_POINT('',(210.5,214.5,-17.));
#2809 = DIRECTION('',(-2.22044604925E-16,1.,0.));
#2810 = DIRECTION('',(0.,0.,1.));
#2811 = FACE_BOUND('',#2812,.T.);
#2812 = EDGE_LOOP('',(#2813));
#2813 = ORIENTED_EDGE('',*,*,#2814,.F.);
#2814 = EDGE_CURVE('',#2815,#2815,#2817,.T.);
#2815 = VERTEX_POINT('',#2816);
#2816 = CARTESIAN_POINT('',(210.5,214.5,20.75));
#2817 = CIRCLE('',#2818,3.75);
#2818 = AXIS2_PLACEMENT_3D('',#2819,#2820,#2821);
#2819 = CARTESIAN_POINT('',(210.5,214.5,17.));
#2820 = DIRECTION('',(-2.22044604925E-16,1.,0.));
#2821 = DIRECTION('',(0.,0.,1.));
#2822 = PLANE('',#2823);
#2823 = AXIS2_PLACEMENT_3D('',#2824,#2825,#2826);
#2824 = CARTESIAN_POINT('',(216.2,214.5,-24.));
#2825 = DIRECTION('',(-2.22044604925E-16,1.,0.));
#2826 = DIRECTION('',(0.,0.,1.));
#2827 = ADVANCED_FACE('',(#2828,#2839),#2842,.T.);
#2828 = FACE_BOUND('',#2829,.T.);
#2829 = EDGE_LOOP('',(#2830));
#2830 = ORIENTED_EDGE('',*,*,#2831,.T.);
#2831 = EDGE_CURVE('',#2832,#2832,#2834,.T.);
#2832 = VERTEX_POINT('',#2833);
#2833 = CARTESIAN_POINT('',(179.,211.,-13.25));
#2834 = CIRCLE('',#2835,3.75);
#2835 = AXIS2_PLACEMENT_3D('',#2836,#2837,#2838);
#2836 = CARTESIAN_POINT('',(179.,211.,-17.));
#2837 = DIRECTION('',(-2.22044604925E-16,1.,0.));
#2838 = DIRECTION('',(0.,0.,1.));
#2839 = FACE_BOUND('',#2840,.T.);
#2840 = EDGE_LOOP('',(#2841));
#2841 = ORIENTED_EDGE('',*,*,#2675,.F.);
#2842 = PLANE('',#2843);
#2843 = AXIS2_PLACEMENT_3D('',#2844,#2845,#2846);
#2844 = CARTESIAN_POINT('',(179.,211.,-17.));
#2845 = DIRECTION('',(-2.22044604925E-16,1.,0.));
#2846 = DIRECTION('',(0.,0.,1.));
#2847 = ADVANCED_FACE('',(#2848,#2859),#2862,.T.);
#2848 = FACE_BOUND('',#2849,.T.);
#2849 = EDGE_LOOP('',(#2850));
#2850 = ORIENTED_EDGE('',*,*,#2851,.T.);
#2851 = EDGE_CURVE('',#2852,#2852,#2854,.T.);
#2852 = VERTEX_POINT('',#2853);
#2853 = CARTESIAN_POINT('',(179.,211.,20.75));
#2854 = CIRCLE('',#2855,3.75);
#2855 = AXIS2_PLACEMENT_3D('',#2856,#2857,#2858);
#2856 = CARTESIAN_POINT('',(179.,211.,17.));
#2857 = DIRECTION('',(-2.22044604925E-16,1.,0.));
#2858 = DIRECTION('',(0.,0.,1.));
#2859 = FACE_BOUND('',#2860,.T.);
#2860 = EDGE_LOOP('',(#2861));
#2861 = ORIENTED_EDGE('',*,*,#2700,.F.);
#2862 = PLANE('',#2863);
#2863 = AXIS2_PLACEMENT_3D('',#2864,#2865,#2866);
#2864 = CARTESIAN_POINT('',(179.,211.,17.));
#2865 = DIRECTION('',(-2.22044604925E-16,1.,0.));
#2866 = DIRECTION('',(0.,0.,1.));
#2867 = ADVANCED_FACE('',(#2868,#2879),#2882,.T.);
#2868 = FACE_BOUND('',#2869,.T.);
#2869 = EDGE_LOOP('',(#2870));
#2870 = ORIENTED_EDGE('',*,*,#2871,.T.);
#2871 = EDGE_CURVE('',#2872,#2872,#2874,.T.);
#2872 = VERTEX_POINT('',#2873);
#2873 = CARTESIAN_POINT('',(210.5,211.,-13.25));
#2874 = CIRCLE('',#2875,3.75);
#2875 = AXIS2_PLACEMENT_3D('',#2876,#2877,#2878);
#2876 = CARTESIAN_POINT('',(210.5,211.,-17.));
#2877 = DIRECTION('',(-2.22044604925E-16,1.,0.));
#2878 = DIRECTION('',(0.,0.,1.));
#2879 = FACE_BOUND('',#2880,.T.);
#2880 = EDGE_LOOP('',(#2881));
#2881 = ORIENTED_EDGE('',*,*,#2725,.F.);
#2882 = PLANE('',#2883);
#2883 = AXIS2_PLACEMENT_3D('',#2884,#2885,#2886);
#2884 = CARTESIAN_POINT('',(210.5,211.,-17.));
#2885 = DIRECTION('',(-2.22044604925E-16,1.,0.));
#2886 = DIRECTION('',(0.,0.,1.));
#2887 = ADVANCED_FACE('',(#2888,#2899),#2902,.T.);
#2888 = FACE_BOUND('',#2889,.T.);
#2889 = EDGE_LOOP('',(#2890));
#2890 = ORIENTED_EDGE('',*,*,#2891,.T.);
#2891 = EDGE_CURVE('',#2892,#2892,#2894,.T.);
#2892 = VERTEX_POINT('',#2893);
#2893 = CARTESIAN_POINT('',(210.5,211.,20.75));
#2894 = CIRCLE('',#2895,3.75);
#2895 = AXIS2_PLACEMENT_3D('',#2896,#2897,#2898);
#2896 = CARTESIAN_POINT('',(210.5,211.,17.));
#2897 = DIRECTION('',(-2.22044604925E-16,1.,0.));
#2898 = DIRECTION('',(0.,0.,1.));
#2899 = FACE_BOUND('',#2900,.T.);
#2900 = EDGE_LOOP('',(#2901));
#2901 = ORIENTED_EDGE('',*,*,#2750,.F.);
#2902 = PLANE('',#2903);
#2903 = AXIS2_PLACEMENT_3D('',#2904,#2905,#2906);
#2904 = CARTESIAN_POINT('',(210.5,211.,17.));
#2905 = DIRECTION('',(-2.22044604925E-16,1.,0.));
#2906 = DIRECTION('',(0.,0.,1.));
#2907 = ADVANCED_FACE('',(#2908),#2919,.F.);
#2908 = FACE_BOUND('',#2909,.F.);
#2909 = EDGE_LOOP('',(#2910,#2911,#2917,#2918));
#2910 = ORIENTED_EDGE('',*,*,#2781,.F.);
#2911 = ORIENTED_EDGE('',*,*,#2912,.F.);
#2912 = EDGE_CURVE('',#2832,#2782,#2913,.T.);
#2913 = LINE('',#2914,#2915);
#2914 = CARTESIAN_POINT('',(179.,211.,-13.25));
#2915 = VECTOR('',#2916,1.);
#2916 = DIRECTION('',(-2.22044604925E-16,1.,0.));
#2917 = ORIENTED_EDGE('',*,*,#2831,.T.);
#2918 = ORIENTED_EDGE('',*,*,#2912,.T.);
#2919 = CYLINDRICAL_SURFACE('',#2920,3.75);
#2920 = AXIS2_PLACEMENT_3D('',#2921,#2922,#2923);
#2921 = CARTESIAN_POINT('',(179.,211.,-17.));
#2922 = DIRECTION('',(-2.22044604925E-16,1.,0.));
#2923 = DIRECTION('',(0.,0.,1.));
#2924 = ADVANCED_FACE('',(#2925),#2936,.F.);
#2925 = FACE_BOUND('',#2926,.F.);
#2926 = EDGE_LOOP('',(#2927,#2928,#2934,#2935));
#2927 = ORIENTED_EDGE('',*,*,#2792,.F.);
#2928 = ORIENTED_EDGE('',*,*,#2929,.F.);
#2929 = EDGE_CURVE('',#2852,#2793,#2930,.T.);
#2930 = LINE('',#2931,#2932);
#2931 = CARTESIAN_POINT('',(179.,211.,20.75));
#2932 = VECTOR('',#2933,1.);
#2933 = DIRECTION('',(-2.22044604925E-16,1.,0.));
#2934 = ORIENTED_EDGE('',*,*,#2851,.T.);
#2935 = ORIENTED_EDGE('',*,*,#2929,.T.);
#2936 = CYLINDRICAL_SURFACE('',#2937,3.75);
#2937 = AXIS2_PLACEMENT_3D('',#2938,#2939,#2940);
#2938 = CARTESIAN_POINT('',(179.,211.,17.));
#2939 = DIRECTION('',(-2.22044604925E-16,1.,0.));
#2940 = DIRECTION('',(0.,0.,1.));
#2941 = ADVANCED_FACE('',(#2942),#2953,.F.);
#2942 = FACE_BOUND('',#2943,.F.);
#2943 = EDGE_LOOP('',(#2944,#2945,#2951,#2952));
#2944 = ORIENTED_EDGE('',*,*,#2803,.F.);
#2945 = ORIENTED_EDGE('',*,*,#2946,.F.);
#2946 = EDGE_CURVE('',#2872,#2804,#2947,.T.);
#2947 = LINE('',#2948,#2949);
#2948 = CARTESIAN_POINT('',(210.5,211.,-13.25));
#2949 = VECTOR('',#2950,1.);
#2950 = DIRECTION('',(-2.22044604925E-16,1.,0.));
#2951 = ORIENTED_EDGE('',*,*,#2871,.T.);
#2952 = ORIENTED_EDGE('',*,*,#2946,.T.);
#2953 = CYLINDRICAL_SURFACE('',#2954,3.75);
#2954 = AXIS2_PLACEMENT_3D('',#2955,#2956,#2957);
#2955 = CARTESIAN_POINT('',(210.5,211.,-17.));
#2956 = DIRECTION('',(-2.22044604925E-16,1.,0.));
#2957 = DIRECTION('',(0.,0.,1.));
#2958 = ADVANCED_FACE('',(#2959),#2970,.F.);
#2959 = FACE_BOUND('',#2960,.F.);
#2960 = EDGE_LOOP('',(#2961,#2962,#2968,#2969));
#2961 = ORIENTED_EDGE('',*,*,#2814,.F.);
#2962 = ORIENTED_EDGE('',*,*,#2963,.F.);
#2963 = EDGE_CURVE('',#2892,#2815,#2964,.T.);
#2964 = LINE('',#2965,#2966);
#2965 = CARTESIAN_POINT('',(210.5,211.,20.75));
#2966 = VECTOR('',#2967,1.);
#2967 = DIRECTION('',(-2.22044604925E-16,1.,0.));
#2968 = ORIENTED_EDGE('',*,*,#2891,.T.);
#2969 = ORIENTED_EDGE('',*,*,#2963,.T.);
#2970 = CYLINDRICAL_SURFACE('',#2971,3.75);
#2971 = AXIS2_PLACEMENT_3D('',#2972,#2973,#2974);
#2972 = CARTESIAN_POINT('',(210.5,211.,17.));
#2973 = DIRECTION('',(-2.22044604925E-16,1.,0.));
#2974 = DIRECTION('',(0.,0.,1.));
#2975 = MANIFOLD_SOLID_BREP('',#2976);
#2976 = CLOSED_SHELL('',(#2977,#3061,#3092,#3116,#3140,#3157,#3182,#3207
    ,#3232,#3257,#3313,#3333,#3353,#3373,#3393,#3410,#3427,#3444));
#2977 = ADVANCED_FACE('',(#2978,#3012,#3023,#3034,#3045),#3056,.F.);
#2978 = FACE_BOUND('',#2979,.F.);
#2979 = EDGE_LOOP('',(#2980,#2990,#2998,#3006));
#2980 = ORIENTED_EDGE('',*,*,#2981,.F.);
#2981 = EDGE_CURVE('',#2982,#2984,#2986,.T.);
#2982 = VERTEX_POINT('',#2983);
#2983 = CARTESIAN_POINT('',(216.2,119.5,24.));
#2984 = VERTEX_POINT('',#2985);
#2985 = CARTESIAN_POINT('',(216.2,119.5,-24.));
#2986 = LINE('',#2987,#2988);
#2987 = CARTESIAN_POINT('',(216.2,119.5,24.));
#2988 = VECTOR('',#2989,1.);
#2989 = DIRECTION('',(-2.719262146894E-32,1.224646799147E-16,-1.));
#2990 = ORIENTED_EDGE('',*,*,#2991,.T.);
#2991 = EDGE_CURVE('',#2982,#2992,#2994,.T.);
#2992 = VERTEX_POINT('',#2993);
#2993 = CARTESIAN_POINT('',(169.3,119.5,24.));
#2994 = LINE('',#2995,#2996);
#2995 = CARTESIAN_POINT('',(216.2,119.5,24.));
#2996 = VECTOR('',#2997,1.);
#2997 = DIRECTION('',(-1.,2.22044604925E-16,5.438524293788E-32));
#2998 = ORIENTED_EDGE('',*,*,#2999,.T.);
#2999 = EDGE_CURVE('',#2992,#3000,#3002,.T.);
#3000 = VERTEX_POINT('',#3001);
#3001 = CARTESIAN_POINT('',(169.3,119.5,-24.));
#3002 = LINE('',#3003,#3004);
#3003 = CARTESIAN_POINT('',(169.3,119.5,24.));
#3004 = VECTOR('',#3005,1.);
#3005 = DIRECTION('',(-2.719262146894E-32,1.224646799147E-16,-1.));
#3006 = ORIENTED_EDGE('',*,*,#3007,.F.);
#3007 = EDGE_CURVE('',#2984,#3000,#3008,.T.);
#3008 = LINE('',#3009,#3010);
#3009 = CARTESIAN_POINT('',(216.2,119.5,-24.));
#3010 = VECTOR('',#3011,1.);
#3011 = DIRECTION('',(-1.,2.22044604925E-16,5.438524293788E-32));
#3012 = FACE_BOUND('',#3013,.F.);
#3013 = EDGE_LOOP('',(#3014));
#3014 = ORIENTED_EDGE('',*,*,#3015,.F.);
#3015 = EDGE_CURVE('',#3016,#3016,#3018,.T.);
#3016 = VERTEX_POINT('',#3017);
#3017 = CARTESIAN_POINT('',(179.,119.5,14.8156));
#3018 = CIRCLE('',#3019,2.1844);
#3019 = AXIS2_PLACEMENT_3D('',#3020,#3021,#3022);
#3020 = CARTESIAN_POINT('',(179.,119.5,17.));
#3021 = DIRECTION('',(-2.22044604925E-16,-1.,-1.224646799147E-16));
#3022 = DIRECTION('',(-2.719262146894E-32,1.224646799147E-16,-1.));
#3023 = FACE_BOUND('',#3024,.F.);
#3024 = EDGE_LOOP('',(#3025));
#3025 = ORIENTED_EDGE('',*,*,#3026,.F.);
#3026 = EDGE_CURVE('',#3027,#3027,#3029,.T.);
#3027 = VERTEX_POINT('',#3028);
#3028 = CARTESIAN_POINT('',(179.,119.5,-19.1844));
#3029 = CIRCLE('',#3030,2.1844);
#3030 = AXIS2_PLACEMENT_3D('',#3031,#3032,#3033);
#3031 = CARTESIAN_POINT('',(179.,119.5,-17.));
#3032 = DIRECTION('',(-2.22044604925E-16,-1.,-1.224646799147E-16));
#3033 = DIRECTION('',(-2.719262146894E-32,1.224646799147E-16,-1.));
#3034 = FACE_BOUND('',#3035,.F.);
#3035 = EDGE_LOOP('',(#3036));
#3036 = ORIENTED_EDGE('',*,*,#3037,.F.);
#3037 = EDGE_CURVE('',#3038,#3038,#3040,.T.);
#3038 = VERTEX_POINT('',#3039);
#3039 = CARTESIAN_POINT('',(210.5,119.5,14.8156));
#3040 = CIRCLE('',#3041,2.1844);
#3041 = AXIS2_PLACEMENT_3D('',#3042,#3043,#3044);
#3042 = CARTESIAN_POINT('',(210.5,119.5,17.));
#3043 = DIRECTION('',(-2.22044604925E-16,-1.,-1.224646799147E-16));
#3044 = DIRECTION('',(-2.719262146894E-32,1.224646799147E-16,-1.));
#3045 = FACE_BOUND('',#3046,.F.);
#3046 = EDGE_LOOP('',(#3047));
#3047 = ORIENTED_EDGE('',*,*,#3048,.F.);
#3048 = EDGE_CURVE('',#3049,#3049,#3051,.T.);
#3049 = VERTEX_POINT('',#3050);
#3050 = CARTESIAN_POINT('',(210.5,119.5,-19.1844));
#3051 = CIRCLE('',#3052,2.1844);
#3052 = AXIS2_PLACEMENT_3D('',#3053,#3054,#3055);
#3053 = CARTESIAN_POINT('',(210.5,119.5,-17.));
#3054 = DIRECTION('',(-2.22044604925E-16,-1.,-1.224646799147E-16));
#3055 = DIRECTION('',(-2.719262146894E-32,1.224646799147E-16,-1.));
#3056 = PLANE('',#3057);
#3057 = AXIS2_PLACEMENT_3D('',#3058,#3059,#3060);
#3058 = CARTESIAN_POINT('',(216.2,119.5,24.));
#3059 = DIRECTION('',(-2.22044604925E-16,-1.,-1.224646799147E-16));
#3060 = DIRECTION('',(-2.719262146894E-32,1.224646799147E-16,-1.));
#3061 = ADVANCED_FACE('',(#3062),#3087,.F.);
#3062 = FACE_BOUND('',#3063,.F.);
#3063 = EDGE_LOOP('',(#3064,#3072,#3073,#3081));
#3064 = ORIENTED_EDGE('',*,*,#3065,.F.);
#3065 = EDGE_CURVE('',#2982,#3066,#3068,.T.);
#3066 = VERTEX_POINT('',#3067);
#3067 = CARTESIAN_POINT('',(216.2,112.5,24.));
#3068 = LINE('',#3069,#3070);
#3069 = CARTESIAN_POINT('',(216.2,119.5,24.));
#3070 = VECTOR('',#3071,1.);
#3071 = DIRECTION('',(-2.22044604925E-16,-1.,-1.224646799147E-16));
#3072 = ORIENTED_EDGE('',*,*,#2981,.T.);
#3073 = ORIENTED_EDGE('',*,*,#3074,.T.);
#3074 = EDGE_CURVE('',#2984,#3075,#3077,.T.);
#3075 = VERTEX_POINT('',#3076);
#3076 = CARTESIAN_POINT('',(216.2,112.5,-24.));
#3077 = LINE('',#3078,#3079);
#3078 = CARTESIAN_POINT('',(216.2,119.5,-24.));
#3079 = VECTOR('',#3080,1.);
#3080 = DIRECTION('',(-2.22044604925E-16,-1.,-1.224646799147E-16));
#3081 = ORIENTED_EDGE('',*,*,#3082,.F.);
#3082 = EDGE_CURVE('',#3066,#3075,#3083,.T.);
#3083 = LINE('',#3084,#3085);
#3084 = CARTESIAN_POINT('',(216.2,112.5,24.));
#3085 = VECTOR('',#3086,1.);
#3086 = DIRECTION('',(-2.719262146894E-32,1.224646799147E-16,-1.));
#3087 = PLANE('',#3088);
#3088 = AXIS2_PLACEMENT_3D('',#3089,#3090,#3091);
#3089 = CARTESIAN_POINT('',(216.2,119.5,24.));
#3090 = DIRECTION('',(-1.,2.22044604925E-16,5.438524293788E-32));
#3091 = DIRECTION('',(-2.719262146894E-32,1.224646799147E-16,-1.));
#3092 = ADVANCED_FACE('',(#3093),#3111,.T.);
#3093 = FACE_BOUND('',#3094,.T.);
#3094 = EDGE_LOOP('',(#3095,#3096,#3097,#3105));
#3095 = ORIENTED_EDGE('',*,*,#3007,.F.);
#3096 = ORIENTED_EDGE('',*,*,#3074,.T.);
#3097 = ORIENTED_EDGE('',*,*,#3098,.T.);
#3098 = EDGE_CURVE('',#3075,#3099,#3101,.T.);
#3099 = VERTEX_POINT('',#3100);
#3100 = CARTESIAN_POINT('',(169.3,112.5,-24.));
#3101 = LINE('',#3102,#3103);
#3102 = CARTESIAN_POINT('',(216.2,112.5,-24.));
#3103 = VECTOR('',#3104,1.);
#3104 = DIRECTION('',(-1.,2.22044604925E-16,5.438524293788E-32));
#3105 = ORIENTED_EDGE('',*,*,#3106,.F.);
#3106 = EDGE_CURVE('',#3000,#3099,#3107,.T.);
#3107 = LINE('',#3108,#3109);
#3108 = CARTESIAN_POINT('',(169.3,119.5,-24.));
#3109 = VECTOR('',#3110,1.);
#3110 = DIRECTION('',(-2.22044604925E-16,-1.,-1.224646799147E-16));
#3111 = PLANE('',#3112);
#3112 = AXIS2_PLACEMENT_3D('',#3113,#3114,#3115);
#3113 = CARTESIAN_POINT('',(216.2,119.5,-24.));
#3114 = DIRECTION('',(-2.719262146894E-32,1.224646799147E-16,-1.));
#3115 = DIRECTION('',(-2.22044604925E-16,-1.,-1.224646799147E-16));
#3116 = ADVANCED_FACE('',(#3117),#3135,.F.);
#3117 = FACE_BOUND('',#3118,.F.);
#3118 = EDGE_LOOP('',(#3119,#3120,#3121,#3129));
#3119 = ORIENTED_EDGE('',*,*,#2991,.F.);
#3120 = ORIENTED_EDGE('',*,*,#3065,.T.);
#3121 = ORIENTED_EDGE('',*,*,#3122,.T.);
#3122 = EDGE_CURVE('',#3066,#3123,#3125,.T.);
#3123 = VERTEX_POINT('',#3124);
#3124 = CARTESIAN_POINT('',(169.3,112.5,24.));
#3125 = LINE('',#3126,#3127);
#3126 = CARTESIAN_POINT('',(216.2,112.5,24.));
#3127 = VECTOR('',#3128,1.);
#3128 = DIRECTION('',(-1.,2.22044604925E-16,5.438524293788E-32));
#3129 = ORIENTED_EDGE('',*,*,#3130,.F.);
#3130 = EDGE_CURVE('',#2992,#3123,#3131,.T.);
#3131 = LINE('',#3132,#3133);
#3132 = CARTESIAN_POINT('',(169.3,119.5,24.));
#3133 = VECTOR('',#3134,1.);
#3134 = DIRECTION('',(-2.22044604925E-16,-1.,-1.224646799147E-16));
#3135 = PLANE('',#3136);
#3136 = AXIS2_PLACEMENT_3D('',#3137,#3138,#3139);
#3137 = CARTESIAN_POINT('',(216.2,119.5,24.));
#3138 = DIRECTION('',(-2.719262146894E-32,1.224646799147E-16,-1.));
#3139 = DIRECTION('',(-2.22044604925E-16,-1.,-1.224646799147E-16));
#3140 = ADVANCED_FACE('',(#3141),#3152,.T.);
#3141 = FACE_BOUND('',#3142,.T.);
#3142 = EDGE_LOOP('',(#3143,#3144,#3145,#3146));
#3143 = ORIENTED_EDGE('',*,*,#3130,.F.);
#3144 = ORIENTED_EDGE('',*,*,#2999,.T.);
#3145 = ORIENTED_EDGE('',*,*,#3106,.T.);
#3146 = ORIENTED_EDGE('',*,*,#3147,.F.);
#3147 = EDGE_CURVE('',#3123,#3099,#3148,.T.);
#3148 = LINE('',#3149,#3150);
#3149 = CARTESIAN_POINT('',(169.3,112.5,24.));
#3150 = VECTOR('',#3151,1.);
#3151 = DIRECTION('',(-2.719262146894E-32,1.224646799147E-16,-1.));
#3152 = PLANE('',#3153);
#3153 = AXIS2_PLACEMENT_3D('',#3154,#3155,#3156);
#3154 = CARTESIAN_POINT('',(169.3,119.5,24.));
#3155 = DIRECTION('',(-1.,2.22044604925E-16,5.438524293788E-32));
#3156 = DIRECTION('',(-2.719262146894E-32,1.224646799147E-16,-1.));
#3157 = ADVANCED_FACE('',(#3158),#3177,.F.);
#3158 = FACE_BOUND('',#3159,.F.);
#3159 = EDGE_LOOP('',(#3160,#3169,#3175,#3176));
#3160 = ORIENTED_EDGE('',*,*,#3161,.F.);
#3161 = EDGE_CURVE('',#3162,#3162,#3164,.T.);
#3162 = VERTEX_POINT('',#3163);
#3163 = CARTESIAN_POINT('',(179.,116.,14.8156));
#3164 = CIRCLE('',#3165,2.1844);
#3165 = AXIS2_PLACEMENT_3D('',#3166,#3167,#3168);
#3166 = CARTESIAN_POINT('',(179.,116.,17.));
#3167 = DIRECTION('',(-2.22044604925E-16,-1.,-1.224646799147E-16));
#3168 = DIRECTION('',(-2.719262146894E-32,1.224646799147E-16,-1.));
#3169 = ORIENTED_EDGE('',*,*,#3170,.F.);
#3170 = EDGE_CURVE('',#3016,#3162,#3171,.T.);
#3171 = LINE('',#3172,#3173);
#3172 = CARTESIAN_POINT('',(179.,120.5,14.8156));
#3173 = VECTOR('',#3174,1.);
#3174 = DIRECTION('',(-2.22044604925E-16,-1.,-1.224646799147E-16));
#3175 = ORIENTED_EDGE('',*,*,#3015,.T.);
#3176 = ORIENTED_EDGE('',*,*,#3170,.T.);
#3177 = CYLINDRICAL_SURFACE('',#3178,2.1844);
#3178 = AXIS2_PLACEMENT_3D('',#3179,#3180,#3181);
#3179 = CARTESIAN_POINT('',(179.,120.5,17.));
#3180 = DIRECTION('',(-2.22044604925E-16,-1.,-1.224646799147E-16));
#3181 = DIRECTION('',(-2.719262146894E-32,1.224646799147E-16,-1.));
#3182 = ADVANCED_FACE('',(#3183),#3202,.F.);
#3183 = FACE_BOUND('',#3184,.F.);
#3184 = EDGE_LOOP('',(#3185,#3194,#3200,#3201));
#3185 = ORIENTED_EDGE('',*,*,#3186,.F.);
#3186 = EDGE_CURVE('',#3187,#3187,#3189,.T.);
#3187 = VERTEX_POINT('',#3188);
#3188 = CARTESIAN_POINT('',(179.,116.,-19.1844));
#3189 = CIRCLE('',#3190,2.1844);
#3190 = AXIS2_PLACEMENT_3D('',#3191,#3192,#3193);
#3191 = CARTESIAN_POINT('',(179.,116.,-17.));
#3192 = DIRECTION('',(-2.22044604925E-16,-1.,-1.224646799147E-16));
#3193 = DIRECTION('',(-2.719262146894E-32,1.224646799147E-16,-1.));
#3194 = ORIENTED_EDGE('',*,*,#3195,.F.);
#3195 = EDGE_CURVE('',#3027,#3187,#3196,.T.);
#3196 = LINE('',#3197,#3198);
#3197 = CARTESIAN_POINT('',(179.,120.5,-19.1844));
#3198 = VECTOR('',#3199,1.);
#3199 = DIRECTION('',(-2.22044604925E-16,-1.,-1.224646799147E-16));
#3200 = ORIENTED_EDGE('',*,*,#3026,.T.);
#3201 = ORIENTED_EDGE('',*,*,#3195,.T.);
#3202 = CYLINDRICAL_SURFACE('',#3203,2.1844);
#3203 = AXIS2_PLACEMENT_3D('',#3204,#3205,#3206);
#3204 = CARTESIAN_POINT('',(179.,120.5,-17.));
#3205 = DIRECTION('',(-2.22044604925E-16,-1.,-1.224646799147E-16));
#3206 = DIRECTION('',(-2.719262146894E-32,1.224646799147E-16,-1.));
#3207 = ADVANCED_FACE('',(#3208),#3227,.F.);
#3208 = FACE_BOUND('',#3209,.F.);
#3209 = EDGE_LOOP('',(#3210,#3219,#3225,#3226));
#3210 = ORIENTED_EDGE('',*,*,#3211,.F.);
#3211 = EDGE_CURVE('',#3212,#3212,#3214,.T.);
#3212 = VERTEX_POINT('',#3213);
#3213 = CARTESIAN_POINT('',(210.5,116.,14.8156));
#3214 = CIRCLE('',#3215,2.1844);
#3215 = AXIS2_PLACEMENT_3D('',#3216,#3217,#3218);
#3216 = CARTESIAN_POINT('',(210.5,116.,17.));
#3217 = DIRECTION('',(-2.22044604925E-16,-1.,-1.224646799147E-16));
#3218 = DIRECTION('',(-2.719262146894E-32,1.224646799147E-16,-1.));
#3219 = ORIENTED_EDGE('',*,*,#3220,.F.);
#3220 = EDGE_CURVE('',#3038,#3212,#3221,.T.);
#3221 = LINE('',#3222,#3223);
#3222 = CARTESIAN_POINT('',(210.5,120.5,14.8156));
#3223 = VECTOR('',#3224,1.);
#3224 = DIRECTION('',(-2.22044604925E-16,-1.,-1.224646799147E-16));
#3225 = ORIENTED_EDGE('',*,*,#3037,.T.);
#3226 = ORIENTED_EDGE('',*,*,#3220,.T.);
#3227 = CYLINDRICAL_SURFACE('',#3228,2.1844);
#3228 = AXIS2_PLACEMENT_3D('',#3229,#3230,#3231);
#3229 = CARTESIAN_POINT('',(210.5,120.5,17.));
#3230 = DIRECTION('',(-2.22044604925E-16,-1.,-1.224646799147E-16));
#3231 = DIRECTION('',(-2.719262146894E-32,1.224646799147E-16,-1.));
#3232 = ADVANCED_FACE('',(#3233),#3252,.F.);
#3233 = FACE_BOUND('',#3234,.F.);
#3234 = EDGE_LOOP('',(#3235,#3244,#3250,#3251));
#3235 = ORIENTED_EDGE('',*,*,#3236,.F.);
#3236 = EDGE_CURVE('',#3237,#3237,#3239,.T.);
#3237 = VERTEX_POINT('',#3238);
#3238 = CARTESIAN_POINT('',(210.5,116.,-19.1844));
#3239 = CIRCLE('',#3240,2.1844);
#3240 = AXIS2_PLACEMENT_3D('',#3241,#3242,#3243);
#3241 = CARTESIAN_POINT('',(210.5,116.,-17.));
#3242 = DIRECTION('',(-2.22044604925E-16,-1.,-1.224646799147E-16));
#3243 = DIRECTION('',(-2.719262146894E-32,1.224646799147E-16,-1.));
#3244 = ORIENTED_EDGE('',*,*,#3245,.F.);
#3245 = EDGE_CURVE('',#3049,#3237,#3246,.T.);
#3246 = LINE('',#3247,#3248);
#3247 = CARTESIAN_POINT('',(210.5,120.5,-19.1844));
#3248 = VECTOR('',#3249,1.);
#3249 = DIRECTION('',(-2.22044604925E-16,-1.,-1.224646799147E-16));
#3250 = ORIENTED_EDGE('',*,*,#3048,.T.);
#3251 = ORIENTED_EDGE('',*,*,#3245,.T.);
#3252 = CYLINDRICAL_SURFACE('',#3253,2.1844);
#3253 = AXIS2_PLACEMENT_3D('',#3254,#3255,#3256);
#3254 = CARTESIAN_POINT('',(210.5,120.5,-17.));
#3255 = DIRECTION('',(-2.22044604925E-16,-1.,-1.224646799147E-16));
#3256 = DIRECTION('',(-2.719262146894E-32,1.224646799147E-16,-1.));
#3257 = ADVANCED_FACE('',(#3258,#3264,#3275,#3286,#3297),#3308,.T.);
#3258 = FACE_BOUND('',#3259,.T.);
#3259 = EDGE_LOOP('',(#3260,#3261,#3262,#3263));
#3260 = ORIENTED_EDGE('',*,*,#3082,.F.);
#3261 = ORIENTED_EDGE('',*,*,#3122,.T.);
#3262 = ORIENTED_EDGE('',*,*,#3147,.T.);
#3263 = ORIENTED_EDGE('',*,*,#3098,.F.);
#3264 = FACE_BOUND('',#3265,.T.);
#3265 = EDGE_LOOP('',(#3266));
#3266 = ORIENTED_EDGE('',*,*,#3267,.F.);
#3267 = EDGE_CURVE('',#3268,#3268,#3270,.T.);
#3268 = VERTEX_POINT('',#3269);
#3269 = CARTESIAN_POINT('',(179.,112.5,13.25));
#3270 = CIRCLE('',#3271,3.75);
#3271 = AXIS2_PLACEMENT_3D('',#3272,#3273,#3274);
#3272 = CARTESIAN_POINT('',(179.,112.5,17.));
#3273 = DIRECTION('',(-2.22044604925E-16,-1.,-1.224646799147E-16));
#3274 = DIRECTION('',(-2.719262146894E-32,1.224646799147E-16,-1.));
#3275 = FACE_BOUND('',#3276,.T.);
#3276 = EDGE_LOOP('',(#3277));
#3277 = ORIENTED_EDGE('',*,*,#3278,.F.);
#3278 = EDGE_CURVE('',#3279,#3279,#3281,.T.);
#3279 = VERTEX_POINT('',#3280);
#3280 = CARTESIAN_POINT('',(179.,112.5,-20.75));
#3281 = CIRCLE('',#3282,3.75);
#3282 = AXIS2_PLACEMENT_3D('',#3283,#3284,#3285);
#3283 = CARTESIAN_POINT('',(179.,112.5,-17.));
#3284 = DIRECTION('',(-2.22044604925E-16,-1.,-1.224646799147E-16));
#3285 = DIRECTION('',(-2.719262146894E-32,1.224646799147E-16,-1.));
#3286 = FACE_BOUND('',#3287,.T.);
#3287 = EDGE_LOOP('',(#3288));
#3288 = ORIENTED_EDGE('',*,*,#3289,.F.);
#3289 = EDGE_CURVE('',#3290,#3290,#3292,.T.);
#3290 = VERTEX_POINT('',#3291);
#3291 = CARTESIAN_POINT('',(210.5,112.5,13.25));
#3292 = CIRCLE('',#3293,3.75);
#3293 = AXIS2_PLACEMENT_3D('',#3294,#3295,#3296);
#3294 = CARTESIAN_POINT('',(210.5,112.5,17.));
#3295 = DIRECTION('',(-2.22044604925E-16,-1.,-1.224646799147E-16));
#3296 = DIRECTION('',(-2.719262146894E-32,1.224646799147E-16,-1.));
#3297 = FACE_BOUND('',#3298,.T.);
#3298 = EDGE_LOOP('',(#3299));
#3299 = ORIENTED_EDGE('',*,*,#3300,.F.);
#3300 = EDGE_CURVE('',#3301,#3301,#3303,.T.);
#3301 = VERTEX_POINT('',#3302);
#3302 = CARTESIAN_POINT('',(210.5,112.5,-20.75));
#3303 = CIRCLE('',#3304,3.75);
#3304 = AXIS2_PLACEMENT_3D('',#3305,#3306,#3307);
#3305 = CARTESIAN_POINT('',(210.5,112.5,-17.));
#3306 = DIRECTION('',(-2.22044604925E-16,-1.,-1.224646799147E-16));
#3307 = DIRECTION('',(-2.719262146894E-32,1.224646799147E-16,-1.));
#3308 = PLANE('',#3309);
#3309 = AXIS2_PLACEMENT_3D('',#3310,#3311,#3312);
#3310 = CARTESIAN_POINT('',(216.2,112.5,24.));
#3311 = DIRECTION('',(-2.22044604925E-16,-1.,-1.224646799147E-16));
#3312 = DIRECTION('',(-2.719262146894E-32,1.224646799147E-16,-1.));
#3313 = ADVANCED_FACE('',(#3314,#3325),#3328,.T.);
#3314 = FACE_BOUND('',#3315,.T.);
#3315 = EDGE_LOOP('',(#3316));
#3316 = ORIENTED_EDGE('',*,*,#3317,.T.);
#3317 = EDGE_CURVE('',#3318,#3318,#3320,.T.);
#3318 = VERTEX_POINT('',#3319);
#3319 = CARTESIAN_POINT('',(179.,116.,13.25));
#3320 = CIRCLE('',#3321,3.75);
#3321 = AXIS2_PLACEMENT_3D('',#3322,#3323,#3324);
#3322 = CARTESIAN_POINT('',(179.,116.,17.));
#3323 = DIRECTION('',(-2.22044604925E-16,-1.,-1.224646799147E-16));
#3324 = DIRECTION('',(-2.719262146894E-32,1.224646799147E-16,-1.));
#3325 = FACE_BOUND('',#3326,.T.);
#3326 = EDGE_LOOP('',(#3327));
#3327 = ORIENTED_EDGE('',*,*,#3161,.F.);
#3328 = PLANE('',#3329);
#3329 = AXIS2_PLACEMENT_3D('',#3330,#3331,#3332);
#3330 = CARTESIAN_POINT('',(179.,116.,17.));
#3331 = DIRECTION('',(-2.22044604925E-16,-1.,-1.224646799147E-16));
#3332 = DIRECTION('',(-2.719262146894E-32,1.224646799147E-16,-1.));
#3333 = ADVANCED_FACE('',(#3334,#3345),#3348,.T.);
#3334 = FACE_BOUND('',#3335,.T.);
#3335 = EDGE_LOOP('',(#3336));
#3336 = ORIENTED_EDGE('',*,*,#3337,.T.);
#3337 = EDGE_CURVE('',#3338,#3338,#3340,.T.);
#3338 = VERTEX_POINT('',#3339);
#3339 = CARTESIAN_POINT('',(179.,116.,-20.75));
#3340 = CIRCLE('',#3341,3.75);
#3341 = AXIS2_PLACEMENT_3D('',#3342,#3343,#3344);
#3342 = CARTESIAN_POINT('',(179.,116.,-17.));
#3343 = DIRECTION('',(-2.22044604925E-16,-1.,-1.224646799147E-16));
#3344 = DIRECTION('',(-2.719262146894E-32,1.224646799147E-16,-1.));
#3345 = FACE_BOUND('',#3346,.T.);
#3346 = EDGE_LOOP('',(#3347));
#3347 = ORIENTED_EDGE('',*,*,#3186,.F.);
#3348 = PLANE('',#3349);
#3349 = AXIS2_PLACEMENT_3D('',#3350,#3351,#3352);
#3350 = CARTESIAN_POINT('',(179.,116.,-17.));
#3351 = DIRECTION('',(-2.22044604925E-16,-1.,-1.224646799147E-16));
#3352 = DIRECTION('',(-2.719262146894E-32,1.224646799147E-16,-1.));
#3353 = ADVANCED_FACE('',(#3354,#3365),#3368,.T.);
#3354 = FACE_BOUND('',#3355,.T.);
#3355 = EDGE_LOOP('',(#3356));
#3356 = ORIENTED_EDGE('',*,*,#3357,.T.);
#3357 = EDGE_CURVE('',#3358,#3358,#3360,.T.);
#3358 = VERTEX_POINT('',#3359);
#3359 = CARTESIAN_POINT('',(210.5,116.,13.25));
#3360 = CIRCLE('',#3361,3.75);
#3361 = AXIS2_PLACEMENT_3D('',#3362,#3363,#3364);
#3362 = CARTESIAN_POINT('',(210.5,116.,17.));
#3363 = DIRECTION('',(-2.22044604925E-16,-1.,-1.224646799147E-16));
#3364 = DIRECTION('',(-2.719262146894E-32,1.224646799147E-16,-1.));
#3365 = FACE_BOUND('',#3366,.T.);
#3366 = EDGE_LOOP('',(#3367));
#3367 = ORIENTED_EDGE('',*,*,#3211,.F.);
#3368 = PLANE('',#3369);
#3369 = AXIS2_PLACEMENT_3D('',#3370,#3371,#3372);
#3370 = CARTESIAN_POINT('',(210.5,116.,17.));
#3371 = DIRECTION('',(-2.22044604925E-16,-1.,-1.224646799147E-16));
#3372 = DIRECTION('',(-2.719262146894E-32,1.224646799147E-16,-1.));
#3373 = ADVANCED_FACE('',(#3374,#3385),#3388,.T.);
#3374 = FACE_BOUND('',#3375,.T.);
#3375 = EDGE_LOOP('',(#3376));
#3376 = ORIENTED_EDGE('',*,*,#3377,.T.);
#3377 = EDGE_CURVE('',#3378,#3378,#3380,.T.);
#3378 = VERTEX_POINT('',#3379);
#3379 = CARTESIAN_POINT('',(210.5,116.,-20.75));
#3380 = CIRCLE('',#3381,3.75);
#3381 = AXIS2_PLACEMENT_3D('',#3382,#3383,#3384);
#3382 = CARTESIAN_POINT('',(210.5,116.,-17.));
#3383 = DIRECTION('',(-2.22044604925E-16,-1.,-1.224646799147E-16));
#3384 = DIRECTION('',(-2.719262146894E-32,1.224646799147E-16,-1.));
#3385 = FACE_BOUND('',#3386,.T.);
#3386 = EDGE_LOOP('',(#3387));
#3387 = ORIENTED_EDGE('',*,*,#3236,.F.);
#3388 = PLANE('',#3389);
#3389 = AXIS2_PLACEMENT_3D('',#3390,#3391,#3392);
#3390 = CARTESIAN_POINT('',(210.5,116.,-17.));
#3391 = DIRECTION('',(-2.22044604925E-16,-1.,-1.224646799147E-16));
#3392 = DIRECTION('',(-2.719262146894E-32,1.224646799147E-16,-1.));
#3393 = ADVANCED_FACE('',(#3394),#3405,.F.);
#3394 = FACE_BOUND('',#3395,.F.);
#3395 = EDGE_LOOP('',(#3396,#3397,#3403,#3404));
#3396 = ORIENTED_EDGE('',*,*,#3267,.F.);
#3397 = ORIENTED_EDGE('',*,*,#3398,.F.);
#3398 = EDGE_CURVE('',#3318,#3268,#3399,.T.);
#3399 = LINE('',#3400,#3401);
#3400 = CARTESIAN_POINT('',(179.,116.,13.25));
#3401 = VECTOR('',#3402,1.);
#3402 = DIRECTION('',(-2.22044604925E-16,-1.,-1.224646799147E-16));
#3403 = ORIENTED_EDGE('',*,*,#3317,.T.);
#3404 = ORIENTED_EDGE('',*,*,#3398,.T.);
#3405 = CYLINDRICAL_SURFACE('',#3406,3.75);
#3406 = AXIS2_PLACEMENT_3D('',#3407,#3408,#3409);
#3407 = CARTESIAN_POINT('',(179.,116.,17.));
#3408 = DIRECTION('',(-2.22044604925E-16,-1.,-1.224646799147E-16));
#3409 = DIRECTION('',(-2.719262146894E-32,1.224646799147E-16,-1.));
#3410 = ADVANCED_FACE('',(#3411),#3422,.F.);
#3411 = FACE_BOUND('',#3412,.F.);
#3412 = EDGE_LOOP('',(#3413,#3414,#3420,#3421));
#3413 = ORIENTED_EDGE('',*,*,#3278,.F.);
#3414 = ORIENTED_EDGE('',*,*,#3415,.F.);
#3415 = EDGE_CURVE('',#3338,#3279,#3416,.T.);
#3416 = LINE('',#3417,#3418);
#3417 = CARTESIAN_POINT('',(179.,116.,-20.75));
#3418 = VECTOR('',#3419,1.);
#3419 = DIRECTION('',(-2.22044604925E-16,-1.,-1.224646799147E-16));
#3420 = ORIENTED_EDGE('',*,*,#3337,.T.);
#3421 = ORIENTED_EDGE('',*,*,#3415,.T.);
#3422 = CYLINDRICAL_SURFACE('',#3423,3.75);
#3423 = AXIS2_PLACEMENT_3D('',#3424,#3425,#3426);
#3424 = CARTESIAN_POINT('',(179.,116.,-17.));
#3425 = DIRECTION('',(-2.22044604925E-16,-1.,-1.224646799147E-16));
#3426 = DIRECTION('',(-2.719262146894E-32,1.224646799147E-16,-1.));
#3427 = ADVANCED_FACE('',(#3428),#3439,.F.);
#3428 = FACE_BOUND('',#3429,.F.);
#3429 = EDGE_LOOP('',(#3430,#3431,#3437,#3438));
#3430 = ORIENTED_EDGE('',*,*,#3289,.F.);
#3431 = ORIENTED_EDGE('',*,*,#3432,.F.);
#3432 = EDGE_CURVE('',#3358,#3290,#3433,.T.);
#3433 = LINE('',#3434,#3435);
#3434 = CARTESIAN_POINT('',(210.5,116.,13.25));
#3435 = VECTOR('',#3436,1.);
#3436 = DIRECTION('',(-2.22044604925E-16,-1.,-1.224646799147E-16));
#3437 = ORIENTED_EDGE('',*,*,#3357,.T.);
#3438 = ORIENTED_EDGE('',*,*,#3432,.T.);
#3439 = CYLINDRICAL_SURFACE('',#3440,3.75);
#3440 = AXIS2_PLACEMENT_3D('',#3441,#3442,#3443);
#3441 = CARTESIAN_POINT('',(210.5,116.,17.));
#3442 = DIRECTION('',(-2.22044604925E-16,-1.,-1.224646799147E-16));
#3443 = DIRECTION('',(-2.719262146894E-32,1.224646799147E-16,-1.));
#3444 = ADVANCED_FACE('',(#3445),#3456,.F.);
#3445 = FACE_BOUND('',#3446,.F.);
#3446 = EDGE_LOOP('',(#3447,#3448,#3454,#3455));
#3447 = ORIENTED_EDGE('',*,*,#3300,.F.);
#3448 = ORIENTED_EDGE('',*,*,#3449,.F.);
#3449 = EDGE_CURVE('',#3378,#3301,#3450,.T.);
#3450 = LINE('',#3451,#3452);
#3451 = CARTESIAN_POINT('',(210.5,116.,-20.75));
#3452 = VECTOR('',#3453,1.);
#3453 = DIRECTION('',(-2.22044604925E-16,-1.,-1.224646799147E-16));
#3454 = ORIENTED_EDGE('',*,*,#3377,.T.);
#3455 = ORIENTED_EDGE('',*,*,#3449,.T.);
#3456 = CYLINDRICAL_SURFACE('',#3457,3.75);
#3457 = AXIS2_PLACEMENT_3D('',#3458,#3459,#3460);
#3458 = CARTESIAN_POINT('',(210.5,116.,-17.));
#3459 = DIRECTION('',(-2.22044604925E-16,-1.,-1.224646799147E-16));
#3460 = DIRECTION('',(-2.719262146894E-32,1.224646799147E-16,-1.));
#3461 = MANIFOLD_SOLID_BREP('',#3462);
#3462 = CLOSED_SHELL('',(#3463,#3568,#3577,#3586,#3611));
#3463 = ADVANCED_FACE('',(#3464,#3491),#3563,.T.);
#3464 = FACE_BOUND('',#3465,.T.);
#3465 = EDGE_LOOP('',(#3466,#3476,#3483,#3484));
#3466 = ORIENTED_EDGE('',*,*,#3467,.T.);
#3467 = EDGE_CURVE('',#3468,#3470,#3472,.T.);
#3468 = VERTEX_POINT('',#3469);
#3469 = CARTESIAN_POINT('',(196.,127.6,12.7));
#3470 = VERTEX_POINT('',#3471);
#3471 = CARTESIAN_POINT('',(196.,199.4,12.7));
#3472 = LINE('',#3473,#3474);
#3473 = CARTESIAN_POINT('',(196.,127.6,12.7));
#3474 = VECTOR('',#3475,1.);
#3475 = DIRECTION('',(-2.22044604925E-16,1.,0.));
#3476 = ORIENTED_EDGE('',*,*,#3477,.F.);
#3477 = EDGE_CURVE('',#3470,#3470,#3478,.T.);
#3478 = CIRCLE('',#3479,12.7);
#3479 = AXIS2_PLACEMENT_3D('',#3480,#3481,#3482);
#3480 = CARTESIAN_POINT('',(196.,199.4,0.));
#3481 = DIRECTION('',(-2.22044604925E-16,1.,0.));
#3482 = DIRECTION('',(0.,0.,1.));
#3483 = ORIENTED_EDGE('',*,*,#3467,.F.);
#3484 = ORIENTED_EDGE('',*,*,#3485,.T.);
#3485 = EDGE_CURVE('',#3468,#3468,#3486,.T.);
#3486 = CIRCLE('',#3487,12.7);
#3487 = AXIS2_PLACEMENT_3D('',#3488,#3489,#3490);
#3488 = CARTESIAN_POINT('',(196.,127.6,0.));
#3489 = DIRECTION('',(-2.22044604925E-16,1.,0.));
#3490 = DIRECTION('',(0.,0.,1.));
#3491 = FACE_BOUND('',#3492,.T.);
#3492 = EDGE_LOOP('',(#3493));
#3493 = ORIENTED_EDGE('',*,*,#3494,.F.);
#3494 = EDGE_CURVE('',#3495,#3495,#3497,.T.);
#3495 = VERTEX_POINT('',#3496);
#3496 = CARTESIAN_POINT('',(183.69684999685,163.5,3.15));
#3497 = B_SPLINE_CURVE_WITH_KNOTS('',8,(#3498,#3499,#3500,#3501,#3502,
    #3503,#3504,#3505,#3506,#3507,#3508,#3509,#3510,#3511,#3512,#3513,
    #3514,#3515,#3516,#3517,#3518,#3519,#3520,#3521,#3522,#3523,#3524,
    #3525,#3526,#3527,#3528,#3529,#3530,#3531,#3532,#3533,#3534,#3535,
    #3536,#3537,#3538,#3539,#3540,#3541,#3542,#3543,#3544,#3545,#3546,
    #3547,#3548,#3549,#3550,#3551,#3552,#3553,#3554,#3555,#3556,#3557,
    #3558,#3559,#3560,#3561,#3562),.UNSPECIFIED.,.T.,.F.,(9,7,7,7,7,7,7,
    7,7,9),(0.,0.101985776634,0.20219941431,0.296174587743,0.41558811538
    ,0.515265323155,0.637519433831,0.731726373445,0.820456547751,1.),
  .UNSPECIFIED.);
#3498 = CARTESIAN_POINT('',(183.69684999685,163.5,3.15));
#3499 = CARTESIAN_POINT('',(183.69684999685,163.73565285894,3.15));
#3500 = CARTESIAN_POINT('',(183.69169175087,163.97126125473,
    3.129852077888));
#3501 = CARTESIAN_POINT('',(183.68137768316,164.20483711138,
    3.089570369222));
#3502 = CARTESIAN_POINT('',(183.66616844935,164.43440623398,
    3.029396582108));
#3503 = CARTESIAN_POINT('',(183.64657609079,164.65801807271,
    2.949797719846));
#3504 = CARTESIAN_POINT('',(183.62333210607,164.87376598955,
    2.85147094002));
#3505 = CARTESIAN_POINT('',(183.59733043981,165.07981802757,
    2.735355550033));
#3506 = CARTESIAN_POINT('',(183.54224313998,165.4657162058,2.472254627)
  );
#3507 = CARTESIAN_POINT('',(183.51255195602,165.65063073222,
    2.32265325259));
#3508 = CARTESIAN_POINT('',(183.48117905685,165.82712417354,
    2.153279129493));
#3509 = CARTESIAN_POINT('',(183.44905887852,165.99280066676,
    1.963699687772));
#3510 = CARTESIAN_POINT('',(183.41736058042,166.14491621206,
    1.753670366006));
#3511 = CARTESIAN_POINT('',(183.38748936117,166.28032977255,
    1.523212714955));
#3512 = CARTESIAN_POINT('',(183.36104325288,166.39542236123,
    1.272737694846));
#3513 = CARTESIAN_POINT('',(183.31966033202,166.57088310875,
    0.750505316747));
#3514 = CARTESIAN_POINT('',(183.30413356427,166.63411241701,
    0.48134087794));
#3515 = CARTESIAN_POINT('',(183.29481097945,166.67076049574,
    0.201084899925));
#3516 = CARTESIAN_POINT('',(183.29289509939,166.67810047215,
    -8.419268337857E-02));
#3517 = CARTESIAN_POINT('',(183.29870505716,166.65548013351,
    -0.368086951311));
#3518 = CARTESIAN_POINT('',(183.31158031938,166.60429155619,
    -0.644263288497));
#3519 = CARTESIAN_POINT('',(183.3300501408,166.5280034551,
    -0.906854283363));
#3520 = CARTESIAN_POINT('',(183.38045707694,166.31058206484,
    -1.460834951004));
#3521 = CARTESIAN_POINT('',(183.41484349644,166.15680498755,
    -1.742512796321));
#3522 = CARTESIAN_POINT('',(183.45260583322,165.97790295812,
    -1.995001432418));
#3523 = CARTESIAN_POINT('',(183.49123729009,165.77942810841,
    -2.21844210063));
#3524 = CARTESIAN_POINT('',(183.52873107893,165.56584105636,
    -2.413517831138));
#3525 = CARTESIAN_POINT('',(183.56357321305,165.34073024107,
    -2.581161679463));
#3526 = CARTESIAN_POINT('',(183.5946465465,165.10695234341,
    -2.722368769931));
#3527 = CARTESIAN_POINT('',(183.64330758146,164.66621783745,
    -2.93461532163));
#3528 = CARTESIAN_POINT('',(183.6623158765,164.46084552514,
    -3.013572137508));
#3529 = CARTESIAN_POINT('',(183.67771921234,164.25185644194,
    -3.075346944057));
#3530 = CARTESIAN_POINT('',(183.68918152475,164.04030980141,
    -3.120267814086));
#3531 = CARTESIAN_POINT('',(183.69648585123,163.82713756331,
    -3.148563283035));
#3532 = CARTESIAN_POINT('',(183.69952182276,163.61319640368,
    -3.160356492967));
#3533 = CARTESIAN_POINT('',(183.69827998092,163.3993185217,
    -3.155656528172));
#3534 = CARTESIAN_POINT('',(183.6861966293,162.92516919745,
    -3.108210732173));
#3535 = CARTESIAN_POINT('',(183.67325532135,162.66577463074,
    -3.057130713847));
#3536 = CARTESIAN_POINT('',(183.65422842933,162.40952370411,
    -2.981005755333));
#3537 = CARTESIAN_POINT('',(183.62952294156,162.15796166845,
    -2.879360539734));
#3538 = CARTESIAN_POINT('',(183.59977904625,161.91296297253,
    -2.751419784246));
#3539 = CARTESIAN_POINT('',(183.56594641511,161.67690061821,
    -2.596186445858));
#3540 = CARTESIAN_POINT('',(183.52937761358,161.4528746249,
    -2.412549387334));
#3541 = CARTESIAN_POINT('',(183.46302946279,161.08484974077,
    -2.035232111273));
#3542 = CARTESIAN_POINT('',(183.43329804996,160.93251038352,
    -1.851704499618));
#3543 = CARTESIAN_POINT('',(183.40376861533,160.79161144152,
    -1.649074849518));
#3544 = CARTESIAN_POINT('',(183.37573056204,160.66560964762,
    -1.428083943714));
#3545 = CARTESIAN_POINT('',(183.35059970781,160.55780362238,
    -1.189949855163));
#3546 = CARTESIAN_POINT('',(183.32979685117,160.47134239273,
    -0.936342646996));
#3547 = CARTESIAN_POINT('',(183.31461016393,160.409247186,
    -0.669385557429));
#3548 = CARTESIAN_POINT('',(183.29797080452,160.34166896691,
    -0.13012417151));
#3549 = CARTESIAN_POINT('',(183.29594401992,160.33380555216,
    0.135373744629));
#3550 = CARTESIAN_POINT('',(183.30040259955,160.35167268181,
    0.400486871958));
#3551 = CARTESIAN_POINT('',(183.31124643248,160.39486492905,
    0.660796023341));
#3552 = CARTESIAN_POINT('',(183.32776570968,160.46180967201,
    0.912021468492));
#3553 = CARTESIAN_POINT('',(183.34874631435,160.54978059594,
    1.150245198535));
#3554 = CARTESIAN_POINT('',(183.37268376468,160.65488251354,
    1.372111959964));
#3555 = CARTESIAN_POINT('',(183.44935025495,161.00904492403,
    1.985539249055));
#3556 = CARTESIAN_POINT('',(183.507955592,161.30220198815,2.330240694246
    ));
#3557 = CARTESIAN_POINT('',(183.56550998178,161.63193349838,
    2.61005740077));
#3558 = CARTESIAN_POINT('',(183.61596179972,161.98555430547,
    2.828635402974));
#3559 = CARTESIAN_POINT('',(183.65581289222,162.35429608818,
    2.989708145477));
#3560 = CARTESIAN_POINT('',(183.68309879573,162.73220219255,
    3.096293091593));
#3561 = CARTESIAN_POINT('',(183.69684999685,163.11525493792,3.15));
#3562 = CARTESIAN_POINT('',(183.69684999685,163.5,3.15));
#3563 = CYLINDRICAL_SURFACE('',#3564,12.7);
#3564 = AXIS2_PLACEMENT_3D('',#3565,#3566,#3567);
#3565 = CARTESIAN_POINT('',(196.,127.6,0.));
#3566 = DIRECTION('',(-2.22044604925E-16,1.,0.));
#3567 = DIRECTION('',(0.,0.,1.));
#3568 = ADVANCED_FACE('',(#3569),#3572,.F.);
#3569 = FACE_BOUND('',#3570,.T.);
#3570 = EDGE_LOOP('',(#3571));
#3571 = ORIENTED_EDGE('',*,*,#3485,.F.);
#3572 = PLANE('',#3573);
#3573 = AXIS2_PLACEMENT_3D('',#3574,#3575,#3576);
#3574 = CARTESIAN_POINT('',(196.,127.6,0.));
#3575 = DIRECTION('',(-2.22044604925E-16,1.,0.));
#3576 = DIRECTION('',(0.,0.,1.));
#3577 = ADVANCED_FACE('',(#3578),#3581,.T.);
#3578 = FACE_BOUND('',#3579,.T.);
#3579 = EDGE_LOOP('',(#3580));
#3580 = ORIENTED_EDGE('',*,*,#3477,.T.);
#3581 = PLANE('',#3582);
#3582 = AXIS2_PLACEMENT_3D('',#3583,#3584,#3585);
#3583 = CARTESIAN_POINT('',(196.,199.4,0.));
#3584 = DIRECTION('',(-2.22044604925E-16,1.,0.));
#3585 = DIRECTION('',(0.,0.,1.));
#3586 = ADVANCED_FACE('',(#3587),#3606,.T.);
#3587 = FACE_BOUND('',#3588,.T.);
#3588 = EDGE_LOOP('',(#3589,#3597,#3604,#3605));
#3589 = ORIENTED_EDGE('',*,*,#3590,.T.);
#3590 = EDGE_CURVE('',#3495,#3591,#3593,.T.);
#3591 = VERTEX_POINT('',#3592);
#3592 = CARTESIAN_POINT('',(173.3,163.5,3.15));
#3593 = LINE('',#3594,#3595);
#3594 = CARTESIAN_POINT('',(184.3,163.5,3.15));
#3595 = VECTOR('',#3596,1.);
#3596 = DIRECTION('',(-1.,-2.22044604925E-16,0.));
#3597 = ORIENTED_EDGE('',*,*,#3598,.F.);
#3598 = EDGE_CURVE('',#3591,#3591,#3599,.T.);
#3599 = CIRCLE('',#3600,3.15);
#3600 = AXIS2_PLACEMENT_3D('',#3601,#3602,#3603);
#3601 = CARTESIAN_POINT('',(173.3,163.5,0.));
#3602 = DIRECTION('',(-1.,-2.22044604925E-16,0.));
#3603 = DIRECTION('',(0.,0.,1.));
#3604 = ORIENTED_EDGE('',*,*,#3590,.F.);
#3605 = ORIENTED_EDGE('',*,*,#3494,.T.);
#3606 = CYLINDRICAL_SURFACE('',#3607,3.15);
#3607 = AXIS2_PLACEMENT_3D('',#3608,#3609,#3610);
#3608 = CARTESIAN_POINT('',(184.3,163.5,0.));
#3609 = DIRECTION('',(-1.,-2.22044604925E-16,0.));
#3610 = DIRECTION('',(0.,0.,1.));
#3611 = ADVANCED_FACE('',(#3612),#3615,.T.);
#3612 = FACE_BOUND('',#3613,.T.);
#3613 = EDGE_LOOP('',(#3614));
#3614 = ORIENTED_EDGE('',*,*,#3598,.T.);
#3615 = PLANE('',#3616);
#3616 = AXIS2_PLACEMENT_3D('',#3617,#3618,#3619);
#3617 = CARTESIAN_POINT('',(173.3,163.5,0.));
#3618 = DIRECTION('',(-1.,-2.22044604925E-16,0.));
#3619 = DIRECTION('',(0.,0.,1.));
#3620 = ( GEOMETRIC_REPRESENTATION_CONTEXT(3) 
GLOBAL_UNCERTAINTY_ASSIGNED_CONTEXT((#3624)) 
GLOBAL_UNIT_ASSIGNED_CONTEXT((#3621,#3622,#3623)) REPRESENTATION_CONTEXT
('Context #1','3D Context with UNIT and UNCERTAINTY') );
#3621 = ( LENGTH_UNIT() NAMED_UNIT(*) SI_UNIT(.MILLI.,.METRE.) );
#3622 = ( NAMED_UNIT(*) PLANE_ANGLE_UNIT() SI_UNIT($,.RADIAN.) );
#3623 = ( NAMED_UNIT(*) SI_UNIT($,.STERADIAN.) SOLID_ANGLE_UNIT() );
#3624 = UNCERTAINTY_MEASURE_WITH_UNIT(LENGTH_MEASURE(1.E-07),#3621,
  'distance_accuracy_value','confusion accuracy');
#3625 = PRODUCT_RELATED_PRODUCT_CATEGORY('part',$,(#7));
ENDSEC;
END-ISO-10303-21;
