ISO-10303-21;
HEADER;
FILE_DESCRIPTION(('FreeCAD Model'),'2;1');
FILE_NAME('Open CASCADE Shape Model','2026-10-06T23:14:06',('FreeCAD'),(
    'FreeCAD'),'Open CASCADE STEP processor 7.8','FreeCAD','Unknown');
FILE_SCHEMA(('AUTOMOTIVE_DESIGN { 1 0 10303 214 1 1 1 1 }'));
ENDSEC;
DATA;
#1 = APPLICATION_PROTOCOL_DEFINITION('international standard',
  'automotive_design',2000,#2);
#2 = APPLICATION_CONTEXT(
  'core data for automotive mechanical design processes');
#3 = SHAPE_DEFINITION_REPRESENTATION(#4,#10);
#4 = PRODUCT_DEFINITION_SHAPE('','',#5);
#5 = PRODUCT_DEFINITION('design','',#6,#9);
#6 = PRODUCT_DEFINITION_FORMATION('','',#7);
#7 = PRODUCT('Open CASCADE STEP translator 7.8 5',
  'Open CASCADE STEP translator 7.8 5','',(#8));
#8 = PRODUCT_CONTEXT('',#2,'mechanical');
#9 = PRODUCT_DEFINITION_CONTEXT('part definition',#2,'design');
#10 = SHAPE_REPRESENTATION('',(#11,#15,#1252,#1738,#2224),#2405);
#11 = AXIS2_PLACEMENT_3D('',#12,#13,#14);
#12 = CARTESIAN_POINT('',(0.,0.,0.));
#13 = DIRECTION('',(0.,0.,1.));
#14 = DIRECTION('',(1.,0.,-0.));
#15 = MANIFOLD_SOLID_BREP('',#16);
#16 = CLOSED_SHELL('',(#17,#84,#203,#227,#306,#402,#437,#516,#641,#653,
    #665,#687,#704,#721,#733,#755,#772,#789,#801,#826,#851,#876,#1037,
    #1062,#1080,#1105,#1130,#1155,#1180,#1189,#1198,#1207,#1216,#1225,
    #1234,#1243));
#17 = ADVANCED_FACE('',(#18,#68),#79,.F.);
#18 = FACE_BOUND('',#19,.F.);
#19 = EDGE_LOOP('',(#20,#30,#38,#46,#54,#62));
#20 = ORIENTED_EDGE('',*,*,#21,.F.);
#21 = EDGE_CURVE('',#22,#24,#26,.T.);
#22 = VERTEX_POINT('',#23);
#23 = CARTESIAN_POINT('',(216.2,168.,-23.));
#24 = VERTEX_POINT('',#25);
#25 = CARTESIAN_POINT('',(216.2,200.,-23.));
#26 = LINE('',#27,#28);
#27 = CARTESIAN_POINT('',(216.2,124.,-23.));
#28 = VECTOR('',#29,1.);
#29 = DIRECTION('',(-2.22044604925E-16,1.,0.));
#30 = ORIENTED_EDGE('',*,*,#31,.T.);
#31 = EDGE_CURVE('',#22,#32,#34,.T.);
#32 = VERTEX_POINT('',#33);
#33 = CARTESIAN_POINT('',(216.2,168.,-13.));
#34 = LINE('',#35,#36);
#35 = CARTESIAN_POINT('',(216.2,168.,-23.));
#36 = VECTOR('',#37,1.);
#37 = DIRECTION('',(0.,0.,1.));
#38 = ORIENTED_EDGE('',*,*,#39,.F.);
#39 = EDGE_CURVE('',#40,#32,#42,.T.);
#40 = VERTEX_POINT('',#41);
#41 = CARTESIAN_POINT('',(216.2,124.,-13.));
#42 = LINE('',#43,#44);
#43 = CARTESIAN_POINT('',(216.2,124.,-13.));
#44 = VECTOR('',#45,1.);
#45 = DIRECTION('',(-2.22044604925E-16,1.,0.));
#46 = ORIENTED_EDGE('',*,*,#47,.T.);
#47 = EDGE_CURVE('',#40,#48,#50,.T.);
#48 = VERTEX_POINT('',#49);
#49 = CARTESIAN_POINT('',(216.2,124.,25.));
#50 = LINE('',#51,#52);
#51 = CARTESIAN_POINT('',(216.2,124.,-23.));
#52 = VECTOR('',#53,1.);
#53 = DIRECTION('',(0.,0.,1.));
#54 = ORIENTED_EDGE('',*,*,#55,.T.);
#55 = EDGE_CURVE('',#48,#56,#58,.T.);
#56 = VERTEX_POINT('',#57);
#57 = CARTESIAN_POINT('',(216.2,200.,25.));
#58 = LINE('',#59,#60);
#59 = CARTESIAN_POINT('',(216.2,124.,25.));
#60 = VECTOR('',#61,1.);
#61 = DIRECTION('',(-2.22044604925E-16,1.,0.));
#62 = ORIENTED_EDGE('',*,*,#63,.F.);
#63 = EDGE_CURVE('',#24,#56,#64,.T.);
#64 = LINE('',#65,#66);
#65 = CARTESIAN_POINT('',(216.2,200.,-23.));
#66 = VECTOR('',#67,1.);
#67 = DIRECTION('',(0.,0.,1.));
#68 = FACE_BOUND('',#69,.F.);
#69 = EDGE_LOOP('',(#70));
#70 = ORIENTED_EDGE('',*,*,#71,.F.);
#71 = EDGE_CURVE('',#72,#72,#74,.T.);
#72 = VERTEX_POINT('',#73);
#73 = CARTESIAN_POINT('',(216.2,180.,11.));
#74 = CIRCLE('',#75,3.);
#75 = AXIS2_PLACEMENT_3D('',#76,#77,#78);
#76 = CARTESIAN_POINT('',(216.2,180.,8.));
#77 = DIRECTION('',(-1.,-2.22044604925E-16,0.));
#78 = DIRECTION('',(0.,0.,1.));
#79 = PLANE('',#80);
#80 = AXIS2_PLACEMENT_3D('',#81,#82,#83);
#81 = CARTESIAN_POINT('',(216.2,124.,-23.));
#82 = DIRECTION('',(-1.,-2.22044604925E-16,0.));
#83 = DIRECTION('',(0.,0.,1.));
#84 = ADVANCED_FACE('',(#85,#126,#162),#198,.T.);
#85 = FACE_BOUND('',#86,.T.);
#86 = EDGE_LOOP('',(#87,#97,#105,#111,#112,#120));
#87 = ORIENTED_EDGE('',*,*,#88,.T.);
#88 = EDGE_CURVE('',#89,#91,#93,.T.);
#89 = VERTEX_POINT('',#90);
#90 = CARTESIAN_POINT('',(241.2,124.,-23.));
#91 = VERTEX_POINT('',#92);
#92 = CARTESIAN_POINT('',(175.8,124.,-23.));
#93 = LINE('',#94,#95);
#94 = CARTESIAN_POINT('',(216.2,124.,-23.));
#95 = VECTOR('',#96,1.);
#96 = DIRECTION('',(-1.,-2.22044604925E-16,0.));
#97 = ORIENTED_EDGE('',*,*,#98,.T.);
#98 = EDGE_CURVE('',#91,#99,#101,.T.);
#99 = VERTEX_POINT('',#100);
#100 = CARTESIAN_POINT('',(175.8,200.,-23.));
#101 = LINE('',#102,#103);
#102 = CARTESIAN_POINT('',(175.8,124.,-23.));
#103 = VECTOR('',#104,1.);
#104 = DIRECTION('',(-2.22044604925E-16,1.,0.));
#105 = ORIENTED_EDGE('',*,*,#106,.F.);
#106 = EDGE_CURVE('',#24,#99,#107,.T.);
#107 = LINE('',#108,#109);
#108 = CARTESIAN_POINT('',(216.2,200.,-23.));
#109 = VECTOR('',#110,1.);
#110 = DIRECTION('',(-1.,-2.22044604925E-16,0.));
#111 = ORIENTED_EDGE('',*,*,#21,.F.);
#112 = ORIENTED_EDGE('',*,*,#113,.F.);
#113 = EDGE_CURVE('',#114,#22,#116,.T.);
#114 = VERTEX_POINT('',#115);
#115 = CARTESIAN_POINT('',(241.2,168.,-23.));
#116 = LINE('',#117,#118);
#117 = CARTESIAN_POINT('',(241.2,168.,-23.));
#118 = VECTOR('',#119,1.);
#119 = DIRECTION('',(-1.,-2.22044604925E-16,0.));
#120 = ORIENTED_EDGE('',*,*,#121,.F.);
#121 = EDGE_CURVE('',#89,#114,#122,.T.);
#122 = LINE('',#123,#124);
#123 = CARTESIAN_POINT('',(241.2,124.,-23.));
#124 = VECTOR('',#125,1.);
#125 = DIRECTION('',(-2.22044604925E-16,1.,0.));
#126 = FACE_BOUND('',#127,.T.);
#127 = EDGE_LOOP('',(#128,#139,#147,#156));
#128 = ORIENTED_EDGE('',*,*,#129,.T.);
#129 = EDGE_CURVE('',#130,#132,#134,.T.);
#130 = VERTEX_POINT('',#131);
#131 = CARTESIAN_POINT('',(223.35,164.1844,-23.));
#132 = VERTEX_POINT('',#133);
#133 = CARTESIAN_POINT('',(223.35,159.8156,-23.));
#134 = CIRCLE('',#135,2.1844);
#135 = AXIS2_PLACEMENT_3D('',#136,#137,#138);
#136 = CARTESIAN_POINT('',(223.35,162.,-23.));
#137 = DIRECTION('',(0.,0.,1.));
#138 = DIRECTION('',(-2.22044604925E-16,1.,0.));
#139 = ORIENTED_EDGE('',*,*,#140,.T.);
#140 = EDGE_CURVE('',#132,#141,#143,.T.);
#141 = VERTEX_POINT('',#142);
#142 = CARTESIAN_POINT('',(236.05,159.8156,-23.));
#143 = LINE('',#144,#145);
#144 = CARTESIAN_POINT('',(220.86057284299,159.8156,-23.));
#145 = VECTOR('',#146,1.);
#146 = DIRECTION('',(1.,2.22044604925E-16,0.));
#147 = ORIENTED_EDGE('',*,*,#148,.T.);
#148 = EDGE_CURVE('',#141,#149,#151,.T.);
#149 = VERTEX_POINT('',#150);
#150 = CARTESIAN_POINT('',(236.05,164.1844,-23.));
#151 = CIRCLE('',#152,2.1844);
#152 = AXIS2_PLACEMENT_3D('',#153,#154,#155);
#153 = CARTESIAN_POINT('',(236.05,162.,-23.));
#154 = DIRECTION('',(0.,0.,1.));
#155 = DIRECTION('',(-2.22044604925E-16,1.,0.));
#156 = ORIENTED_EDGE('',*,*,#157,.F.);
#157 = EDGE_CURVE('',#130,#149,#158,.T.);
#158 = LINE('',#159,#160);
#159 = CARTESIAN_POINT('',(220.86057284299,164.1844,-23.));
#160 = VECTOR('',#161,1.);
#161 = DIRECTION('',(1.,2.22044604925E-16,0.));
#162 = FACE_BOUND('',#163,.T.);
#163 = EDGE_LOOP('',(#164,#175,#183,#192));
#164 = ORIENTED_EDGE('',*,*,#165,.T.);
#165 = EDGE_CURVE('',#166,#168,#170,.T.);
#166 = VERTEX_POINT('',#167);
#167 = CARTESIAN_POINT('',(223.35,134.1844,-23.));
#168 = VERTEX_POINT('',#169);
#169 = CARTESIAN_POINT('',(223.35,129.8156,-23.));
#170 = CIRCLE('',#171,2.1844);
#171 = AXIS2_PLACEMENT_3D('',#172,#173,#174);
#172 = CARTESIAN_POINT('',(223.35,132.,-23.));
#173 = DIRECTION('',(0.,0.,1.));
#174 = DIRECTION('',(-2.22044604925E-16,1.,0.));
#175 = ORIENTED_EDGE('',*,*,#176,.T.);
#176 = EDGE_CURVE('',#168,#177,#179,.T.);
#177 = VERTEX_POINT('',#178);
#178 = CARTESIAN_POINT('',(236.05,129.8156,-23.));
#179 = LINE('',#180,#181);
#180 = CARTESIAN_POINT('',(220.86057284299,129.8156,-23.));
#181 = VECTOR('',#182,1.);
#182 = DIRECTION('',(1.,2.22044604925E-16,0.));
#183 = ORIENTED_EDGE('',*,*,#184,.T.);
#184 = EDGE_CURVE('',#177,#185,#187,.T.);
#185 = VERTEX_POINT('',#186);
#186 = CARTESIAN_POINT('',(236.05,134.1844,-23.));
#187 = CIRCLE('',#188,2.1844);
#188 = AXIS2_PLACEMENT_3D('',#189,#190,#191);
#189 = CARTESIAN_POINT('',(236.05,132.,-23.));
#190 = DIRECTION('',(0.,0.,1.));
#191 = DIRECTION('',(-2.22044604925E-16,1.,0.));
#192 = ORIENTED_EDGE('',*,*,#193,.F.);
#193 = EDGE_CURVE('',#166,#185,#194,.T.);
#194 = LINE('',#195,#196);
#195 = CARTESIAN_POINT('',(220.86057284299,134.1844,-23.));
#196 = VECTOR('',#197,1.);
#197 = DIRECTION('',(1.,2.22044604925E-16,0.));
#198 = PLANE('',#199);
#199 = AXIS2_PLACEMENT_3D('',#200,#201,#202);
#200 = CARTESIAN_POINT('',(205.67114568599,159.17114568599,-23.));
#201 = DIRECTION('',(0.,0.,-1.));
#202 = DIRECTION('',(2.22044604925E-16,-1.,0.));
#203 = ADVANCED_FACE('',(#204),#222,.T.);
#204 = FACE_BOUND('',#205,.T.);
#205 = EDGE_LOOP('',(#206,#214,#215,#216));
#206 = ORIENTED_EDGE('',*,*,#207,.F.);
#207 = EDGE_CURVE('',#114,#208,#210,.T.);
#208 = VERTEX_POINT('',#209);
#209 = CARTESIAN_POINT('',(241.2,168.,-13.));
#210 = LINE('',#211,#212);
#211 = CARTESIAN_POINT('',(241.2,168.,-23.));
#212 = VECTOR('',#213,1.);
#213 = DIRECTION('',(0.,0.,1.));
#214 = ORIENTED_EDGE('',*,*,#113,.T.);
#215 = ORIENTED_EDGE('',*,*,#31,.T.);
#216 = ORIENTED_EDGE('',*,*,#217,.F.);
#217 = EDGE_CURVE('',#208,#32,#218,.T.);
#218 = LINE('',#219,#220);
#219 = CARTESIAN_POINT('',(241.2,168.,-13.));
#220 = VECTOR('',#221,1.);
#221 = DIRECTION('',(-1.,-2.22044604925E-16,0.));
#222 = PLANE('',#223);
#223 = AXIS2_PLACEMENT_3D('',#224,#225,#226);
#224 = CARTESIAN_POINT('',(241.2,168.,-23.));
#225 = DIRECTION('',(-2.22044604925E-16,1.,0.));
#226 = DIRECTION('',(0.,0.,1.));
#227 = ADVANCED_FACE('',(#228,#246,#257,#268,#279,#290),#301,.T.);
#228 = FACE_BOUND('',#229,.T.);
#229 = EDGE_LOOP('',(#230,#231,#232,#240));
#230 = ORIENTED_EDGE('',*,*,#63,.F.);
#231 = ORIENTED_EDGE('',*,*,#106,.T.);
#232 = ORIENTED_EDGE('',*,*,#233,.T.);
#233 = EDGE_CURVE('',#99,#234,#236,.T.);
#234 = VERTEX_POINT('',#235);
#235 = CARTESIAN_POINT('',(175.8,200.,25.));
#236 = LINE('',#237,#238);
#237 = CARTESIAN_POINT('',(175.8,200.,-23.));
#238 = VECTOR('',#239,1.);
#239 = DIRECTION('',(0.,0.,1.));
#240 = ORIENTED_EDGE('',*,*,#241,.F.);
#241 = EDGE_CURVE('',#56,#234,#242,.T.);
#242 = LINE('',#243,#244);
#243 = CARTESIAN_POINT('',(216.2,200.,25.));
#244 = VECTOR('',#245,1.);
#245 = DIRECTION('',(-1.,-2.22044604925E-16,0.));
#246 = FACE_BOUND('',#247,.T.);
#247 = EDGE_LOOP('',(#248));
#248 = ORIENTED_EDGE('',*,*,#249,.T.);
#249 = EDGE_CURVE('',#250,#250,#252,.T.);
#250 = VERTEX_POINT('',#251);
#251 = CARTESIAN_POINT('',(181.5,200.,-18.7272));
#252 = CIRCLE('',#253,1.7272);
#253 = AXIS2_PLACEMENT_3D('',#254,#255,#256);
#254 = CARTESIAN_POINT('',(181.5,200.,-17.));
#255 = DIRECTION('',(2.22044604925E-16,-1.,-0.));
#256 = DIRECTION('',(-0.,0.,-1.));
#257 = FACE_BOUND('',#258,.T.);
#258 = EDGE_LOOP('',(#259));
#259 = ORIENTED_EDGE('',*,*,#260,.T.);
#260 = EDGE_CURVE('',#261,#261,#263,.T.);
#261 = VERTEX_POINT('',#262);
#262 = CARTESIAN_POINT('',(181.5,200.,15.2728));
#263 = CIRCLE('',#264,1.7272);
#264 = AXIS2_PLACEMENT_3D('',#265,#266,#267);
#265 = CARTESIAN_POINT('',(181.5,200.,17.));
#266 = DIRECTION('',(2.22044604925E-16,-1.,-0.));
#267 = DIRECTION('',(-0.,0.,-1.));
#268 = FACE_BOUND('',#269,.T.);
#269 = EDGE_LOOP('',(#270));
#270 = ORIENTED_EDGE('',*,*,#271,.T.);
#271 = EDGE_CURVE('',#272,#272,#274,.T.);
#272 = VERTEX_POINT('',#273);
#273 = CARTESIAN_POINT('',(210.5,200.,-18.7272));
#274 = CIRCLE('',#275,1.7272);
#275 = AXIS2_PLACEMENT_3D('',#276,#277,#278);
#276 = CARTESIAN_POINT('',(210.5,200.,-17.));
#277 = DIRECTION('',(2.22044604925E-16,-1.,-0.));
#278 = DIRECTION('',(-0.,0.,-1.));
#279 = FACE_BOUND('',#280,.T.);
#280 = EDGE_LOOP('',(#281));
#281 = ORIENTED_EDGE('',*,*,#282,.F.);
#282 = EDGE_CURVE('',#283,#283,#285,.T.);
#283 = VERTEX_POINT('',#284);
#284 = CARTESIAN_POINT('',(196.,200.,15.2));
#285 = CIRCLE('',#286,15.2);
#286 = AXIS2_PLACEMENT_3D('',#287,#288,#289);
#287 = CARTESIAN_POINT('',(196.,200.,0.));
#288 = DIRECTION('',(-2.22044604925E-16,1.,0.));
#289 = DIRECTION('',(0.,0.,1.));
#290 = FACE_BOUND('',#291,.T.);
#291 = EDGE_LOOP('',(#292));
#292 = ORIENTED_EDGE('',*,*,#293,.T.);
#293 = EDGE_CURVE('',#294,#294,#296,.T.);
#294 = VERTEX_POINT('',#295);
#295 = CARTESIAN_POINT('',(210.5,200.,15.2728));
#296 = CIRCLE('',#297,1.7272);
#297 = AXIS2_PLACEMENT_3D('',#298,#299,#300);
#298 = CARTESIAN_POINT('',(210.5,200.,17.));
#299 = DIRECTION('',(2.22044604925E-16,-1.,-0.));
#300 = DIRECTION('',(-0.,0.,-1.));
#301 = PLANE('',#302);
#302 = AXIS2_PLACEMENT_3D('',#303,#304,#305);
#303 = CARTESIAN_POINT('',(216.2,200.,-23.));
#304 = DIRECTION('',(-2.22044604925E-16,1.,0.));
#305 = DIRECTION('',(0.,0.,1.));
#306 = ADVANCED_FACE('',(#307,#325,#361),#397,.T.);
#307 = FACE_BOUND('',#308,.T.);
#308 = EDGE_LOOP('',(#309,#317,#323,#324));
#309 = ORIENTED_EDGE('',*,*,#310,.F.);
#310 = EDGE_CURVE('',#311,#40,#313,.T.);
#311 = VERTEX_POINT('',#312);
#312 = CARTESIAN_POINT('',(241.2,124.,-13.));
#313 = LINE('',#314,#315);
#314 = CARTESIAN_POINT('',(241.2,124.,-13.));
#315 = VECTOR('',#316,1.);
#316 = DIRECTION('',(-1.,-2.22044604925E-16,0.));
#317 = ORIENTED_EDGE('',*,*,#318,.T.);
#318 = EDGE_CURVE('',#311,#208,#319,.T.);
#319 = LINE('',#320,#321);
#320 = CARTESIAN_POINT('',(241.2,124.,-13.));
#321 = VECTOR('',#322,1.);
#322 = DIRECTION('',(-2.22044604925E-16,1.,0.));
#323 = ORIENTED_EDGE('',*,*,#217,.T.);
#324 = ORIENTED_EDGE('',*,*,#39,.F.);
#325 = FACE_BOUND('',#326,.T.);
#326 = EDGE_LOOP('',(#327,#338,#346,#355));
#327 = ORIENTED_EDGE('',*,*,#328,.F.);
#328 = EDGE_CURVE('',#329,#331,#333,.T.);
#329 = VERTEX_POINT('',#330);
#330 = CARTESIAN_POINT('',(236.05,129.8156,-13.));
#331 = VERTEX_POINT('',#332);
#332 = CARTESIAN_POINT('',(236.05,134.1844,-13.));
#333 = CIRCLE('',#334,2.1844);
#334 = AXIS2_PLACEMENT_3D('',#335,#336,#337);
#335 = CARTESIAN_POINT('',(236.05,132.,-13.));
#336 = DIRECTION('',(0.,0.,1.));
#337 = DIRECTION('',(-2.22044604925E-16,1.,0.));
#338 = ORIENTED_EDGE('',*,*,#339,.T.);
#339 = EDGE_CURVE('',#329,#340,#342,.T.);
#340 = VERTEX_POINT('',#341);
#341 = CARTESIAN_POINT('',(223.35,129.8156,-13.));
#342 = LINE('',#343,#344);
#343 = CARTESIAN_POINT('',(238.625,129.8156,-13.));
#344 = VECTOR('',#345,1.);
#345 = DIRECTION('',(-1.,-2.22044604925E-16,0.));
#346 = ORIENTED_EDGE('',*,*,#347,.F.);
#347 = EDGE_CURVE('',#348,#340,#350,.T.);
#348 = VERTEX_POINT('',#349);
#349 = CARTESIAN_POINT('',(223.35,134.1844,-13.));
#350 = CIRCLE('',#351,2.1844);
#351 = AXIS2_PLACEMENT_3D('',#352,#353,#354);
#352 = CARTESIAN_POINT('',(223.35,132.,-13.));
#353 = DIRECTION('',(0.,0.,1.));
#354 = DIRECTION('',(-2.22044604925E-16,1.,0.));
#355 = ORIENTED_EDGE('',*,*,#356,.F.);
#356 = EDGE_CURVE('',#331,#348,#357,.T.);
#357 = LINE('',#358,#359);
#358 = CARTESIAN_POINT('',(238.625,134.1844,-13.));
#359 = VECTOR('',#360,1.);
#360 = DIRECTION('',(-1.,-2.22044604925E-16,0.));
#361 = FACE_BOUND('',#362,.T.);
#362 = EDGE_LOOP('',(#363,#374,#382,#391));
#363 = ORIENTED_EDGE('',*,*,#364,.F.);
#364 = EDGE_CURVE('',#365,#367,#369,.T.);
#365 = VERTEX_POINT('',#366);
#366 = CARTESIAN_POINT('',(236.05,159.8156,-13.));
#367 = VERTEX_POINT('',#368);
#368 = CARTESIAN_POINT('',(236.05,164.1844,-13.));
#369 = CIRCLE('',#370,2.1844);
#370 = AXIS2_PLACEMENT_3D('',#371,#372,#373);
#371 = CARTESIAN_POINT('',(236.05,162.,-13.));
#372 = DIRECTION('',(0.,0.,1.));
#373 = DIRECTION('',(-2.22044604925E-16,1.,0.));
#374 = ORIENTED_EDGE('',*,*,#375,.T.);
#375 = EDGE_CURVE('',#365,#376,#378,.T.);
#376 = VERTEX_POINT('',#377);
#377 = CARTESIAN_POINT('',(223.35,159.8156,-13.));
#378 = LINE('',#379,#380);
#379 = CARTESIAN_POINT('',(238.625,159.8156,-13.));
#380 = VECTOR('',#381,1.);
#381 = DIRECTION('',(-1.,-2.22044604925E-16,0.));
#382 = ORIENTED_EDGE('',*,*,#383,.F.);
#383 = EDGE_CURVE('',#384,#376,#386,.T.);
#384 = VERTEX_POINT('',#385);
#385 = CARTESIAN_POINT('',(223.35,164.1844,-13.));
#386 = CIRCLE('',#387,2.1844);
#387 = AXIS2_PLACEMENT_3D('',#388,#389,#390);
#388 = CARTESIAN_POINT('',(223.35,162.,-13.));
#389 = DIRECTION('',(0.,0.,1.));
#390 = DIRECTION('',(-2.22044604925E-16,1.,0.));
#391 = ORIENTED_EDGE('',*,*,#392,.F.);
#392 = EDGE_CURVE('',#367,#384,#393,.T.);
#393 = LINE('',#394,#395);
#394 = CARTESIAN_POINT('',(238.625,164.1844,-13.));
#395 = VECTOR('',#396,1.);
#396 = DIRECTION('',(-1.,-2.22044604925E-16,0.));
#397 = PLANE('',#398);
#398 = AXIS2_PLACEMENT_3D('',#399,#400,#401);
#399 = CARTESIAN_POINT('',(241.2,124.,-13.));
#400 = DIRECTION('',(0.,0.,1.));
#401 = DIRECTION('',(-2.22044604925E-16,1.,0.));
#402 = ADVANCED_FACE('',(#403,#421),#432,.T.);
#403 = FACE_BOUND('',#404,.T.);
#404 = EDGE_LOOP('',(#405,#413,#414,#415));
#405 = ORIENTED_EDGE('',*,*,#406,.F.);
#406 = EDGE_CURVE('',#48,#407,#409,.T.);
#407 = VERTEX_POINT('',#408);
#408 = CARTESIAN_POINT('',(175.8,124.,25.));
#409 = LINE('',#410,#411);
#410 = CARTESIAN_POINT('',(216.2,124.,25.));
#411 = VECTOR('',#412,1.);
#412 = DIRECTION('',(-1.,-2.22044604925E-16,0.));
#413 = ORIENTED_EDGE('',*,*,#55,.T.);
#414 = ORIENTED_EDGE('',*,*,#241,.T.);
#415 = ORIENTED_EDGE('',*,*,#416,.F.);
#416 = EDGE_CURVE('',#407,#234,#417,.T.);
#417 = LINE('',#418,#419);
#418 = CARTESIAN_POINT('',(175.8,124.,25.));
#419 = VECTOR('',#420,1.);
#420 = DIRECTION('',(-2.22044604925E-16,1.,0.));
#421 = FACE_BOUND('',#422,.T.);
#422 = EDGE_LOOP('',(#423));
#423 = ORIENTED_EDGE('',*,*,#424,.F.);
#424 = EDGE_CURVE('',#425,#425,#427,.T.);
#425 = VERTEX_POINT('',#426);
#426 = CARTESIAN_POINT('',(196.,168.,25.));
#427 = CIRCLE('',#428,6.);
#428 = AXIS2_PLACEMENT_3D('',#429,#430,#431);
#429 = CARTESIAN_POINT('',(196.,162.,25.));
#430 = DIRECTION('',(0.,0.,1.));
#431 = DIRECTION('',(-2.22044604925E-16,1.,0.));
#432 = PLANE('',#433);
#433 = AXIS2_PLACEMENT_3D('',#434,#435,#436);
#434 = CARTESIAN_POINT('',(216.2,124.,25.));
#435 = DIRECTION('',(0.,0.,1.));
#436 = DIRECTION('',(-2.22044604925E-16,1.,0.));
#437 = ADVANCED_FACE('',(#438,#456,#467,#478,#489,#500),#511,.T.);
#438 = FACE_BOUND('',#439,.T.);
#439 = EDGE_LOOP('',(#440,#441,#442,#448,#449,#455));
#440 = ORIENTED_EDGE('',*,*,#47,.T.);
#441 = ORIENTED_EDGE('',*,*,#406,.T.);
#442 = ORIENTED_EDGE('',*,*,#443,.F.);
#443 = EDGE_CURVE('',#91,#407,#444,.T.);
#444 = LINE('',#445,#446);
#445 = CARTESIAN_POINT('',(175.8,124.,-23.));
#446 = VECTOR('',#447,1.);
#447 = DIRECTION('',(0.,0.,1.));
#448 = ORIENTED_EDGE('',*,*,#88,.F.);
#449 = ORIENTED_EDGE('',*,*,#450,.T.);
#450 = EDGE_CURVE('',#89,#311,#451,.T.);
#451 = LINE('',#452,#453);
#452 = CARTESIAN_POINT('',(241.2,124.,-23.));
#453 = VECTOR('',#454,1.);
#454 = DIRECTION('',(0.,0.,1.));
#455 = ORIENTED_EDGE('',*,*,#310,.T.);
#456 = FACE_BOUND('',#457,.T.);
#457 = EDGE_LOOP('',(#458));
#458 = ORIENTED_EDGE('',*,*,#459,.T.);
#459 = EDGE_CURVE('',#460,#460,#462,.T.);
#460 = VERTEX_POINT('',#461);
#461 = CARTESIAN_POINT('',(181.5,124.,18.7272));
#462 = CIRCLE('',#463,1.7272);
#463 = AXIS2_PLACEMENT_3D('',#464,#465,#466);
#464 = CARTESIAN_POINT('',(181.5,124.,17.));
#465 = DIRECTION('',(-2.22044604925E-16,1.,0.));
#466 = DIRECTION('',(0.,0.,1.));
#467 = FACE_BOUND('',#468,.T.);
#468 = EDGE_LOOP('',(#469));
#469 = ORIENTED_EDGE('',*,*,#470,.T.);
#470 = EDGE_CURVE('',#471,#471,#473,.T.);
#471 = VERTEX_POINT('',#472);
#472 = CARTESIAN_POINT('',(181.5,124.,-15.2728));
#473 = CIRCLE('',#474,1.7272);
#474 = AXIS2_PLACEMENT_3D('',#475,#476,#477);
#475 = CARTESIAN_POINT('',(181.5,124.,-17.));
#476 = DIRECTION('',(-2.22044604925E-16,1.,0.));
#477 = DIRECTION('',(0.,0.,1.));
#478 = FACE_BOUND('',#479,.T.);
#479 = EDGE_LOOP('',(#480));
#480 = ORIENTED_EDGE('',*,*,#481,.T.);
#481 = EDGE_CURVE('',#482,#482,#484,.T.);
#482 = VERTEX_POINT('',#483);
#483 = CARTESIAN_POINT('',(210.5,124.,18.7272));
#484 = CIRCLE('',#485,1.7272);
#485 = AXIS2_PLACEMENT_3D('',#486,#487,#488);
#486 = CARTESIAN_POINT('',(210.5,124.,17.));
#487 = DIRECTION('',(-2.22044604925E-16,1.,0.));
#488 = DIRECTION('',(0.,0.,1.));
#489 = FACE_BOUND('',#490,.T.);
#490 = EDGE_LOOP('',(#491));
#491 = ORIENTED_EDGE('',*,*,#492,.T.);
#492 = EDGE_CURVE('',#493,#493,#495,.T.);
#493 = VERTEX_POINT('',#494);
#494 = CARTESIAN_POINT('',(196.,124.,15.2));
#495 = CIRCLE('',#496,15.2);
#496 = AXIS2_PLACEMENT_3D('',#497,#498,#499);
#497 = CARTESIAN_POINT('',(196.,124.,0.));
#498 = DIRECTION('',(-2.22044604925E-16,1.,0.));
#499 = DIRECTION('',(0.,0.,1.));
#500 = FACE_BOUND('',#501,.T.);
#501 = EDGE_LOOP('',(#502));
#502 = ORIENTED_EDGE('',*,*,#503,.T.);
#503 = EDGE_CURVE('',#504,#504,#506,.T.);
#504 = VERTEX_POINT('',#505);
#505 = CARTESIAN_POINT('',(210.5,124.,-15.2728));
#506 = CIRCLE('',#507,1.7272);
#507 = AXIS2_PLACEMENT_3D('',#508,#509,#510);
#508 = CARTESIAN_POINT('',(210.5,124.,-17.));
#509 = DIRECTION('',(-2.22044604925E-16,1.,0.));
#510 = DIRECTION('',(0.,0.,1.));
#511 = PLANE('',#512);
#512 = AXIS2_PLACEMENT_3D('',#513,#514,#515);
#513 = CARTESIAN_POINT('',(204.31128747795,124.,-3.188712522046));
#514 = DIRECTION('',(2.22044604925E-16,-1.,-0.));
#515 = DIRECTION('',(-0.,0.,-1.));
#516 = ADVANCED_FACE('',(#517),#636,.F.);
#517 = FACE_BOUND('',#518,.F.);
#518 = EDGE_LOOP('',(#519,#628,#634,#635));
#519 = ORIENTED_EDGE('',*,*,#520,.F.);
#520 = EDGE_CURVE('',#521,#521,#523,.T.);
#521 = VERTEX_POINT('',#522);
#522 = CARTESIAN_POINT('',(206.48999523355,180.,11.));
#523 = B_SPLINE_CURVE_WITH_KNOTS('',7,(#524,#525,#526,#527,#528,#529,
    #530,#531,#532,#533,#534,#535,#536,#537,#538,#539,#540,#541,#542,
    #543,#544,#545,#546,#547,#548,#549,#550,#551,#552,#553,#554,#555,
    #556,#557,#558,#559,#560,#561,#562,#563,#564,#565,#566,#567,#568,
    #569,#570,#571,#572,#573,#574,#575,#576,#577,#578,#579,#580,#581,
    #582,#583,#584,#585,#586,#587,#588,#589,#590,#591,#592,#593,#594,
    #595,#596,#597,#598,#599,#600,#601,#602,#603,#604,#605,#606,#607,
    #608,#609,#610,#611,#612,#613,#614,#615,#616,#617,#618,#619,#620,
    #621,#622,#623,#624,#625,#626,#627),.UNSPECIFIED.,.T.,.F.,(8,6,6,6,6
    ,6,6,6,6,6,6,6,6,6,6,6,6,8),(0.,6.547713839828E-02,0.151063828138,
    0.213823070842,0.282593196342,0.316793827306,0.365044294987,
    0.423734954184,0.499967208274,0.554044709555,0.607453795807,
    0.65029865916,0.68417011966,0.731615633459,0.785996082235,
    0.850360407612,0.908055211693,1.),.UNSPECIFIED.);
#524 = CARTESIAN_POINT('',(206.48999523355,180.,11.));
#525 = CARTESIAN_POINT('',(206.48999523355,180.17404212377,11.));
#526 = CARTESIAN_POINT('',(206.50234733481,180.34762982604,
    10.98822046088));
#527 = CARTESIAN_POINT('',(206.52693708161,180.51962373678,
    10.964771238984));
#528 = CARTESIAN_POINT('',(206.5632906025,180.68887649463,
    10.929935811416));
#529 = CARTESIAN_POINT('',(206.61058087105,180.85423991751,
    10.884179402975));
#530 = CARTESIAN_POINT('',(206.66765224904,181.01457681743,
    10.828191398823));
#531 = CARTESIAN_POINT('',(206.81856363341,181.37033670314,
    10.677699235371));
#532 = CARTESIAN_POINT('',(206.91849149239,181.56183369876,
    10.576468927036));
#533 = CARTESIAN_POINT('',(207.03057822736,181.7427128309,
    10.460518657547));
#534 = CARTESIAN_POINT('',(207.15274190202,181.91241727471,
    10.330841645197));
#535 = CARTESIAN_POINT('',(207.28310317141,182.07034679971,
    10.188270275499));
#536 = CARTESIAN_POINT('',(207.41997923837,182.21581748522,
    10.033535745018));
#537 = CARTESIAN_POINT('',(207.66589160915,182.44496762431,
    9.745391555195));
#538 = CARTESIAN_POINT('',(207.77274643605,182.53490053487,9.6171493069)
  );
#539 = CARTESIAN_POINT('',(207.88186684111,182.61750062451,
    9.482761707677));
#540 = CARTESIAN_POINT('',(207.99273544233,182.69238238237,
    9.342408651228));
#541 = CARTESIAN_POINT('',(208.10485640091,182.75908705763,
    9.196273825167));
#542 = CARTESIAN_POINT('',(208.2177438351,182.81707258981,9.044567249528
    ));
#543 = CARTESIAN_POINT('',(208.45492170346,182.91899034981,
    8.715498033587));
#544 = CARTESIAN_POINT('',(208.57955895231,182.96116916093,
    8.536667147889));
#545 = CARTESIAN_POINT('',(208.70374150042,182.99111538311,
    8.351974802856));
#546 = CARTESIAN_POINT('',(208.82643732332,183.00782143181,
    8.162461648913));
#547 = CARTESIAN_POINT('',(208.94669858509,183.01039043207,
    7.969296509208));
#548 = CARTESIAN_POINT('',(209.06368359866,182.9980336798,7.773772521932
    ));
#549 = CARTESIAN_POINT('',(209.23285725698,182.95616461185,
    7.479585116844));
#550 = CARTESIAN_POINT('',(209.28798634053,182.93841587373,
    7.381761411645));
#551 = CARTESIAN_POINT('',(209.34190589987,182.91677470736,
    7.284111602544));
#552 = CARTESIAN_POINT('',(209.39448622452,182.89122327475,
    7.186921217725));
#553 = CARTESIAN_POINT('',(209.44561624522,182.86177616898,
    7.090473200447));
#554 = CARTESIAN_POINT('',(209.49520249171,182.82848063195,
    6.995046209887));
#555 = CARTESIAN_POINT('',(209.61083816581,182.73912684263,
    6.768109080743));
#556 = CARTESIAN_POINT('',(209.67521324573,182.67939024757,
    6.638016277432));
#557 = CARTESIAN_POINT('',(209.73611001198,182.61244380779,
    6.511347743875));
#558 = CARTESIAN_POINT('',(209.79340972404,182.53863855233,
    6.388785195935));
#559 = CARTESIAN_POINT('',(209.84705053142,182.45843796614,
    6.270960889651));
#560 = CARTESIAN_POINT('',(209.89701982588,182.37241623795,
    6.158439677377));
#561 = CARTESIAN_POINT('',(209.99969731269,182.17037209811,5.92186689053
    ));
#562 = CARTESIAN_POINT('',(210.0506354067,182.05193058754,5.800640995784
    ));
#563 = CARTESIAN_POINT('',(210.09642281926,181.92677721705,
    5.688409884179));
#564 = CARTESIAN_POINT('',(210.13732209531,181.79577341662,
    5.585486286746));
#565 = CARTESIAN_POINT('',(210.17359000381,181.65979671363,
    5.492102457023));
#566 = CARTESIAN_POINT('',(210.20547116019,181.51974064107,
    5.408403467042));
#567 = CARTESIAN_POINT('',(210.26919729917,181.19048094575,
    5.238371324301));
#568 = CARTESIAN_POINT('',(210.29822652847,180.99888040533,
    5.158614342406));
#569 = CARTESIAN_POINT('',(210.32086943272,180.80305791325,
    5.095027007592));
#570 = CARTESIAN_POINT('',(210.33755916551,180.60420438085,
    5.047466885249));
#571 = CARTESIAN_POINT('',(210.34858425034,180.40340180698,
    5.015816101987));
#572 = CARTESIAN_POINT('',(210.35409349279,180.20166786333,5.));
#573 = CARTESIAN_POINT('',(210.35409349279,179.85694120857,5.));
#574 = CARTESIAN_POINT('',(210.35132123209,179.7138722358,5.007958997589
    ));
#575 = CARTESIAN_POINT('',(210.34577563454,179.57114095507,
    5.023878768676));
#576 = CARTESIAN_POINT('',(210.33741938513,179.42909857132,5.04777857239
    ));
#577 = CARTESIAN_POINT('',(210.32617815719,179.28810851287,
    5.079692576854));
#578 = CARTESIAN_POINT('',(210.31193983973,179.14855532338,
    5.119667284968));
#579 = CARTESIAN_POINT('',(210.27738258688,178.8748538213,5.215256207077
    ));
#580 = CARTESIAN_POINT('',(210.25713344988,178.74060090557,
    5.270691380485));
#581 = CARTESIAN_POINT('',(210.23366829677,178.60859441228,
    5.334097576183));
#582 = CARTESIAN_POINT('',(210.20682402454,178.47935426665,
    5.405482114536));
#583 = CARTESIAN_POINT('',(210.17641239472,178.35342106612,
    5.484826087069));
#584 = CARTESIAN_POINT('',(210.14221994402,178.23135643326,
    5.572083903041));
#585 = CARTESIAN_POINT('',(210.07335412181,178.01939396035,
    5.743471368076));
#586 = CARTESIAN_POINT('',(210.04010578454,177.92788566257,
    5.824825318541));
#587 = CARTESIAN_POINT('',(210.00418224634,177.83965940159,
    5.911100659332));
#588 = CARTESIAN_POINT('',(209.96550854941,177.75512611545,
    6.002112316906));
#589 = CARTESIAN_POINT('',(209.92401878889,177.67466684243,
    6.097638174245));
#590 = CARTESIAN_POINT('',(209.87965948661,177.59863280958,
    6.197423072848));
#591 = CARTESIAN_POINT('',(209.79502591556,177.47098860055,
    6.383211177579));
#592 = CARTESIAN_POINT('',(209.75585383694,177.4176162761,6.467697641224
    ));
#593 = CARTESIAN_POINT('',(209.71489098956,177.36742983307,
    6.554431444495));
#594 = CARTESIAN_POINT('',(209.67216409217,177.32059970833,
    6.643185180079));
#595 = CARTESIAN_POINT('',(209.62771405166,177.27726571473,
    6.733717169331));
#596 = CARTESIAN_POINT('',(209.58159769294,177.2375372654,6.82577383711)
  );
#597 = CARTESIAN_POINT('',(209.46706212975,177.15100536086,
    7.049807805059));
#598 = CARTESIAN_POINT('',(209.39717644242,177.10779595337,
    7.182872342969));
#599 = CARTESIAN_POINT('',(209.32442664773,177.07204175015,
    7.317592512655));
#600 = CARTESIAN_POINT('',(209.2490675984,177.04381150021,7.453253993696
    ));
#601 = CARTESIAN_POINT('',(209.17141552174,177.02306598402,
    7.589133453798));
#602 = CARTESIAN_POINT('',(209.09184876239,177.00965767066,
    7.724510669666));
#603 = CARTESIAN_POINT('',(208.91792293638,176.99607824221,
    8.012461754725));
#604 = CARTESIAN_POINT('',(208.82312080581,176.99813003204,
    8.164624426243));
#605 = CARTESIAN_POINT('',(208.72678540935,177.00906974596,
    8.314571374464));
#606 = CARTESIAN_POINT('',(208.62933259279,177.02846024488,
    8.461761267383));
#607 = CARTESIAN_POINT('',(208.5312064455,177.05584196365,8.605704269048
    ));
#608 = CARTESIAN_POINT('',(208.43287497444,177.09073162534,
    8.745957579664));
#609 = CARTESIAN_POINT('',(208.218775423,177.18220087896,9.043283035294)
  );
#610 = CARTESIAN_POINT('',(208.10300943395,177.24163358312,
    9.198869574117));
#611 = CARTESIAN_POINT('',(207.98804924002,177.31023127568,
    9.348597254746));
#612 = CARTESIAN_POINT('',(207.87441799609,177.38741083206,
    9.492240974867));
#613 = CARTESIAN_POINT('',(207.7626503322,177.47268106498,9.629603835228
    ));
#614 = CARTESIAN_POINT('',(207.65330556394,177.56563101217,
    9.760491766915));
#615 = CARTESIAN_POINT('',(207.45168031465,177.75581546655,
    9.996023982606));
#616 = CARTESIAN_POINT('',(207.35876036383,177.85165077738,
    10.102035446394));
#617 = CARTESIAN_POINT('',(207.26866010433,177.95319018832,
    10.202565600028));
#618 = CARTESIAN_POINT('',(207.18185189118,178.06023531312,
    10.297432281904));
#619 = CARTESIAN_POINT('',(207.09885050915,178.1726158275,
    10.386423895246));
#620 = CARTESIAN_POINT('',(207.02021884064,178.29018093063,
    10.469290525237));
#621 = CARTESIAN_POINT('',(206.82920937432,178.60818689573,
    10.667560172405));
#622 = CARTESIAN_POINT('',(206.72347419037,178.81811766531,
    10.774148709375));
#623 = CARTESIAN_POINT('',(206.63353378069,179.04030667657,
    10.862458306538));
#624 = CARTESIAN_POINT('',(206.56297716842,179.27217213772,
    10.930401231831));
#625 = CARTESIAN_POINT('',(206.51455516144,179.51111496599,
    10.976578897779));
#626 = CARTESIAN_POINT('',(206.48999523355,179.75459106137,11.));
#627 = CARTESIAN_POINT('',(206.48999523355,180.,11.));
#628 = ORIENTED_EDGE('',*,*,#629,.F.);
#629 = EDGE_CURVE('',#72,#521,#630,.T.);
#630 = LINE('',#631,#632);
#631 = CARTESIAN_POINT('',(217.2,180.,11.));
#632 = VECTOR('',#633,1.);
#633 = DIRECTION('',(-1.,-2.22044604925E-16,0.));
#634 = ORIENTED_EDGE('',*,*,#71,.T.);
#635 = ORIENTED_EDGE('',*,*,#629,.T.);
#636 = CYLINDRICAL_SURFACE('',#637,3.);
#637 = AXIS2_PLACEMENT_3D('',#638,#639,#640);
#638 = CARTESIAN_POINT('',(217.2,180.,8.));
#639 = DIRECTION('',(-1.,-2.22044604925E-16,0.));
#640 = DIRECTION('',(0.,0.,1.));
#641 = ADVANCED_FACE('',(#642),#648,.F.);
#642 = FACE_BOUND('',#643,.F.);
#643 = EDGE_LOOP('',(#644,#645,#646,#647));
#644 = ORIENTED_EDGE('',*,*,#121,.F.);
#645 = ORIENTED_EDGE('',*,*,#450,.T.);
#646 = ORIENTED_EDGE('',*,*,#318,.T.);
#647 = ORIENTED_EDGE('',*,*,#207,.F.);
#648 = PLANE('',#649);
#649 = AXIS2_PLACEMENT_3D('',#650,#651,#652);
#650 = CARTESIAN_POINT('',(241.2,124.,-23.));
#651 = DIRECTION('',(-1.,-2.22044604925E-16,0.));
#652 = DIRECTION('',(0.,0.,1.));
#653 = ADVANCED_FACE('',(#654),#660,.T.);
#654 = FACE_BOUND('',#655,.T.);
#655 = EDGE_LOOP('',(#656,#657,#658,#659));
#656 = ORIENTED_EDGE('',*,*,#98,.F.);
#657 = ORIENTED_EDGE('',*,*,#443,.T.);
#658 = ORIENTED_EDGE('',*,*,#416,.T.);
#659 = ORIENTED_EDGE('',*,*,#233,.F.);
#660 = PLANE('',#661);
#661 = AXIS2_PLACEMENT_3D('',#662,#663,#664);
#662 = CARTESIAN_POINT('',(175.8,124.,-23.));
#663 = DIRECTION('',(-1.,-2.22044604925E-16,0.));
#664 = DIRECTION('',(0.,0.,1.));
#665 = ADVANCED_FACE('',(#666),#682,.F.);
#666 = FACE_BOUND('',#667,.F.);
#667 = EDGE_LOOP('',(#668,#669,#675,#676));
#668 = ORIENTED_EDGE('',*,*,#383,.F.);
#669 = ORIENTED_EDGE('',*,*,#670,.F.);
#670 = EDGE_CURVE('',#130,#384,#671,.T.);
#671 = LINE('',#672,#673);
#672 = CARTESIAN_POINT('',(223.35,164.1844,-24.));
#673 = VECTOR('',#674,1.);
#674 = DIRECTION('',(0.,0.,1.));
#675 = ORIENTED_EDGE('',*,*,#129,.T.);
#676 = ORIENTED_EDGE('',*,*,#677,.T.);
#677 = EDGE_CURVE('',#132,#376,#678,.T.);
#678 = LINE('',#679,#680);
#679 = CARTESIAN_POINT('',(223.35,159.8156,-24.));
#680 = VECTOR('',#681,1.);
#681 = DIRECTION('',(0.,0.,1.));
#682 = CYLINDRICAL_SURFACE('',#683,2.1844);
#683 = AXIS2_PLACEMENT_3D('',#684,#685,#686);
#684 = CARTESIAN_POINT('',(223.35,162.,-24.));
#685 = DIRECTION('',(0.,0.,1.));
#686 = DIRECTION('',(-2.22044604925E-16,1.,0.));
#687 = ADVANCED_FACE('',(#688),#699,.F.);
#688 = FACE_BOUND('',#689,.F.);
#689 = EDGE_LOOP('',(#690,#696,#697,#698));
#690 = ORIENTED_EDGE('',*,*,#691,.F.);
#691 = EDGE_CURVE('',#149,#367,#692,.T.);
#692 = LINE('',#693,#694);
#693 = CARTESIAN_POINT('',(236.05,164.1844,-24.));
#694 = VECTOR('',#695,1.);
#695 = DIRECTION('',(0.,0.,1.));
#696 = ORIENTED_EDGE('',*,*,#157,.F.);
#697 = ORIENTED_EDGE('',*,*,#670,.T.);
#698 = ORIENTED_EDGE('',*,*,#392,.F.);
#699 = PLANE('',#700);
#700 = AXIS2_PLACEMENT_3D('',#701,#702,#703);
#701 = CARTESIAN_POINT('',(236.05,164.1844,-24.));
#702 = DIRECTION('',(-2.22044604925E-16,1.,0.));
#703 = DIRECTION('',(0.,0.,1.));
#704 = ADVANCED_FACE('',(#705),#716,.F.);
#705 = FACE_BOUND('',#706,.F.);
#706 = EDGE_LOOP('',(#707,#708,#709,#710));
#707 = ORIENTED_EDGE('',*,*,#148,.T.);
#708 = ORIENTED_EDGE('',*,*,#691,.T.);
#709 = ORIENTED_EDGE('',*,*,#364,.F.);
#710 = ORIENTED_EDGE('',*,*,#711,.F.);
#711 = EDGE_CURVE('',#141,#365,#712,.T.);
#712 = LINE('',#713,#714);
#713 = CARTESIAN_POINT('',(236.05,159.8156,-24.));
#714 = VECTOR('',#715,1.);
#715 = DIRECTION('',(0.,0.,1.));
#716 = CYLINDRICAL_SURFACE('',#717,2.1844);
#717 = AXIS2_PLACEMENT_3D('',#718,#719,#720);
#718 = CARTESIAN_POINT('',(236.05,162.,-24.));
#719 = DIRECTION('',(0.,0.,1.));
#720 = DIRECTION('',(-2.22044604925E-16,1.,0.));
#721 = ADVANCED_FACE('',(#722),#728,.T.);
#722 = FACE_BOUND('',#723,.T.);
#723 = EDGE_LOOP('',(#724,#725,#726,#727));
#724 = ORIENTED_EDGE('',*,*,#711,.F.);
#725 = ORIENTED_EDGE('',*,*,#140,.F.);
#726 = ORIENTED_EDGE('',*,*,#677,.T.);
#727 = ORIENTED_EDGE('',*,*,#375,.F.);
#728 = PLANE('',#729);
#729 = AXIS2_PLACEMENT_3D('',#730,#731,#732);
#730 = CARTESIAN_POINT('',(236.05,159.8156,-24.));
#731 = DIRECTION('',(-2.22044604925E-16,1.,0.));
#732 = DIRECTION('',(0.,0.,1.));
#733 = ADVANCED_FACE('',(#734),#750,.F.);
#734 = FACE_BOUND('',#735,.F.);
#735 = EDGE_LOOP('',(#736,#737,#743,#744));
#736 = ORIENTED_EDGE('',*,*,#347,.F.);
#737 = ORIENTED_EDGE('',*,*,#738,.F.);
#738 = EDGE_CURVE('',#166,#348,#739,.T.);
#739 = LINE('',#740,#741);
#740 = CARTESIAN_POINT('',(223.35,134.1844,-24.));
#741 = VECTOR('',#742,1.);
#742 = DIRECTION('',(0.,0.,1.));
#743 = ORIENTED_EDGE('',*,*,#165,.T.);
#744 = ORIENTED_EDGE('',*,*,#745,.T.);
#745 = EDGE_CURVE('',#168,#340,#746,.T.);
#746 = LINE('',#747,#748);
#747 = CARTESIAN_POINT('',(223.35,129.8156,-24.));
#748 = VECTOR('',#749,1.);
#749 = DIRECTION('',(0.,0.,1.));
#750 = CYLINDRICAL_SURFACE('',#751,2.1844);
#751 = AXIS2_PLACEMENT_3D('',#752,#753,#754);
#752 = CARTESIAN_POINT('',(223.35,132.,-24.));
#753 = DIRECTION('',(0.,0.,1.));
#754 = DIRECTION('',(-2.22044604925E-16,1.,0.));
#755 = ADVANCED_FACE('',(#756),#767,.F.);
#756 = FACE_BOUND('',#757,.F.);
#757 = EDGE_LOOP('',(#758,#764,#765,#766));
#758 = ORIENTED_EDGE('',*,*,#759,.F.);
#759 = EDGE_CURVE('',#185,#331,#760,.T.);
#760 = LINE('',#761,#762);
#761 = CARTESIAN_POINT('',(236.05,134.1844,-24.));
#762 = VECTOR('',#763,1.);
#763 = DIRECTION('',(0.,0.,1.));
#764 = ORIENTED_EDGE('',*,*,#193,.F.);
#765 = ORIENTED_EDGE('',*,*,#738,.T.);
#766 = ORIENTED_EDGE('',*,*,#356,.F.);
#767 = PLANE('',#768);
#768 = AXIS2_PLACEMENT_3D('',#769,#770,#771);
#769 = CARTESIAN_POINT('',(236.05,134.1844,-24.));
#770 = DIRECTION('',(-2.22044604925E-16,1.,0.));
#771 = DIRECTION('',(0.,0.,1.));
#772 = ADVANCED_FACE('',(#773),#784,.T.);
#773 = FACE_BOUND('',#774,.T.);
#774 = EDGE_LOOP('',(#775,#781,#782,#783));
#775 = ORIENTED_EDGE('',*,*,#776,.F.);
#776 = EDGE_CURVE('',#177,#329,#777,.T.);
#777 = LINE('',#778,#779);
#778 = CARTESIAN_POINT('',(236.05,129.8156,-24.));
#779 = VECTOR('',#780,1.);
#780 = DIRECTION('',(0.,0.,1.));
#781 = ORIENTED_EDGE('',*,*,#176,.F.);
#782 = ORIENTED_EDGE('',*,*,#745,.T.);
#783 = ORIENTED_EDGE('',*,*,#339,.F.);
#784 = PLANE('',#785);
#785 = AXIS2_PLACEMENT_3D('',#786,#787,#788);
#786 = CARTESIAN_POINT('',(236.05,129.8156,-24.));
#787 = DIRECTION('',(-2.22044604925E-16,1.,0.));
#788 = DIRECTION('',(0.,0.,1.));
#789 = ADVANCED_FACE('',(#790),#796,.F.);
#790 = FACE_BOUND('',#791,.F.);
#791 = EDGE_LOOP('',(#792,#793,#794,#795));
#792 = ORIENTED_EDGE('',*,*,#184,.T.);
#793 = ORIENTED_EDGE('',*,*,#759,.T.);
#794 = ORIENTED_EDGE('',*,*,#328,.F.);
#795 = ORIENTED_EDGE('',*,*,#776,.F.);
#796 = CYLINDRICAL_SURFACE('',#797,2.1844);
#797 = AXIS2_PLACEMENT_3D('',#798,#799,#800);
#798 = CARTESIAN_POINT('',(236.05,132.,-24.));
#799 = DIRECTION('',(0.,0.,1.));
#800 = DIRECTION('',(-2.22044604925E-16,1.,0.));
#801 = ADVANCED_FACE('',(#802),#821,.F.);
#802 = FACE_BOUND('',#803,.F.);
#803 = EDGE_LOOP('',(#804,#813,#819,#820));
#804 = ORIENTED_EDGE('',*,*,#805,.F.);
#805 = EDGE_CURVE('',#806,#806,#808,.T.);
#806 = VERTEX_POINT('',#807);
#807 = CARTESIAN_POINT('',(181.5,184.,-18.7272));
#808 = CIRCLE('',#809,1.7272);
#809 = AXIS2_PLACEMENT_3D('',#810,#811,#812);
#810 = CARTESIAN_POINT('',(181.5,184.,-17.));
#811 = DIRECTION('',(2.22044604925E-16,-1.,-0.));
#812 = DIRECTION('',(-0.,0.,-1.));
#813 = ORIENTED_EDGE('',*,*,#814,.F.);
#814 = EDGE_CURVE('',#250,#806,#815,.T.);
#815 = LINE('',#816,#817);
#816 = CARTESIAN_POINT('',(181.5,200.,-18.7272));
#817 = VECTOR('',#818,1.);
#818 = DIRECTION('',(2.22044604925E-16,-1.,0.));
#819 = ORIENTED_EDGE('',*,*,#249,.T.);
#820 = ORIENTED_EDGE('',*,*,#814,.T.);
#821 = CYLINDRICAL_SURFACE('',#822,1.7272);
#822 = AXIS2_PLACEMENT_3D('',#823,#824,#825);
#823 = CARTESIAN_POINT('',(181.5,200.,-17.));
#824 = DIRECTION('',(2.22044604925E-16,-1.,0.));
#825 = DIRECTION('',(-0.,0.,-1.));
#826 = ADVANCED_FACE('',(#827),#846,.F.);
#827 = FACE_BOUND('',#828,.F.);
#828 = EDGE_LOOP('',(#829,#838,#844,#845));
#829 = ORIENTED_EDGE('',*,*,#830,.F.);
#830 = EDGE_CURVE('',#831,#831,#833,.T.);
#831 = VERTEX_POINT('',#832);
#832 = CARTESIAN_POINT('',(181.5,184.,15.2728));
#833 = CIRCLE('',#834,1.7272);
#834 = AXIS2_PLACEMENT_3D('',#835,#836,#837);
#835 = CARTESIAN_POINT('',(181.5,184.,17.));
#836 = DIRECTION('',(2.22044604925E-16,-1.,-0.));
#837 = DIRECTION('',(-0.,0.,-1.));
#838 = ORIENTED_EDGE('',*,*,#839,.F.);
#839 = EDGE_CURVE('',#261,#831,#840,.T.);
#840 = LINE('',#841,#842);
#841 = CARTESIAN_POINT('',(181.5,200.,15.2728));
#842 = VECTOR('',#843,1.);
#843 = DIRECTION('',(2.22044604925E-16,-1.,0.));
#844 = ORIENTED_EDGE('',*,*,#260,.T.);
#845 = ORIENTED_EDGE('',*,*,#839,.T.);
#846 = CYLINDRICAL_SURFACE('',#847,1.7272);
#847 = AXIS2_PLACEMENT_3D('',#848,#849,#850);
#848 = CARTESIAN_POINT('',(181.5,200.,17.));
#849 = DIRECTION('',(2.22044604925E-16,-1.,0.));
#850 = DIRECTION('',(-0.,0.,-1.));
#851 = ADVANCED_FACE('',(#852),#871,.F.);
#852 = FACE_BOUND('',#853,.F.);
#853 = EDGE_LOOP('',(#854,#863,#869,#870));
#854 = ORIENTED_EDGE('',*,*,#855,.F.);
#855 = EDGE_CURVE('',#856,#856,#858,.T.);
#856 = VERTEX_POINT('',#857);
#857 = CARTESIAN_POINT('',(210.5,184.,-18.7272));
#858 = CIRCLE('',#859,1.7272);
#859 = AXIS2_PLACEMENT_3D('',#860,#861,#862);
#860 = CARTESIAN_POINT('',(210.5,184.,-17.));
#861 = DIRECTION('',(2.22044604925E-16,-1.,-0.));
#862 = DIRECTION('',(-0.,0.,-1.));
#863 = ORIENTED_EDGE('',*,*,#864,.F.);
#864 = EDGE_CURVE('',#272,#856,#865,.T.);
#865 = LINE('',#866,#867);
#866 = CARTESIAN_POINT('',(210.5,200.,-18.7272));
#867 = VECTOR('',#868,1.);
#868 = DIRECTION('',(2.22044604925E-16,-1.,0.));
#869 = ORIENTED_EDGE('',*,*,#271,.T.);
#870 = ORIENTED_EDGE('',*,*,#864,.T.);
#871 = CYLINDRICAL_SURFACE('',#872,1.7272);
#872 = AXIS2_PLACEMENT_3D('',#873,#874,#875);
#873 = CARTESIAN_POINT('',(210.5,200.,-17.));
#874 = DIRECTION('',(2.22044604925E-16,-1.,0.));
#875 = DIRECTION('',(-0.,0.,-1.));
#876 = ADVANCED_FACE('',(#877,#1029),#1032,.F.);
#877 = FACE_BOUND('',#878,.F.);
#878 = EDGE_LOOP('',(#879,#948,#954,#955,#956,#1021,#1027,#1028));
#879 = ORIENTED_EDGE('',*,*,#880,.F.);
#880 = EDGE_CURVE('',#881,#883,#885,.T.);
#881 = VERTEX_POINT('',#882);
#882 = CARTESIAN_POINT('',(196.,168.,15.2));
#883 = VERTEX_POINT('',#884);
#884 = CARTESIAN_POINT('',(196.,156.,15.2));
#885 = B_SPLINE_CURVE_WITH_KNOTS('',7,(#886,#887,#888,#889,#890,#891,
    #892,#893,#894,#895,#896,#897,#898,#899,#900,#901,#902,#903,#904,
    #905,#906,#907,#908,#909,#910,#911,#912,#913,#914,#915,#916,#917,
    #918,#919,#920,#921,#922,#923,#924,#925,#926,#927,#928,#929,#930,
    #931,#932,#933,#934,#935,#936,#937,#938,#939,#940,#941,#942,#943,
    #944,#945,#946,#947),.UNSPECIFIED.,.F.,.F.,(8,6,6,6,6,6,6,6,6,6,8),(
    0.,7.871423307181E-02,0.186507143319,0.236570221876,0.468003194544,
    0.501939552268,0.531045060862,0.760855039825,0.812339386288,
    0.875165132048,1.),.UNSPECIFIED.);
#886 = CARTESIAN_POINT('',(196.,168.,15.2));
#887 = CARTESIAN_POINT('',(195.73933747722,168.,15.2));
#888 = CARTESIAN_POINT('',(195.4790889593,167.98678844965,
    15.194784932218));
#889 = CARTESIAN_POINT('',(195.22075785616,167.96044106081,
    15.184384587411));
#890 = CARTESIAN_POINT('',(194.96583581476,167.92130674631,
    15.168997977039));
#891 = CARTESIAN_POINT('',(194.71577847192,167.87000514599,
    15.148989670324));
#892 = CARTESIAN_POINT('',(194.47198165759,167.80742995993,
    15.124871026178));
#893 = CARTESIAN_POINT('',(193.91226851833,167.63523971481,
    15.059463860397));
#894 = CARTESIAN_POINT('',(193.60299380375,167.51679091114,
    15.015125409585));
#895 = CARTESIAN_POINT('',(193.30859444342,167.38160172935,
    14.965538805712));
#896 = CARTESIAN_POINT('',(193.02952469416,167.23171397712,
    14.91198678301));
#897 = CARTESIAN_POINT('',(192.76606036848,167.06904819427,
    14.855697665707));
#898 = CARTESIAN_POINT('',(192.51832352784,166.89542567222,
    14.797809954912));
#899 = CARTESIAN_POINT('',(192.17854545787,166.62766767736,
    14.712200183831));
#900 = CARTESIAN_POINT('',(192.07407198909,166.54067872124,
    14.684899856063));
#901 = CARTESIAN_POINT('',(191.9728461245,166.45174782005,
    14.657539951733));
#902 = CARTESIAN_POINT('',(191.87482958509,166.36099387791,
    14.630205204474));
#903 = CARTESIAN_POINT('',(191.77998331368,166.26852553155,
    14.602974954954));
#904 = CARTESIAN_POINT('',(191.68826747483,166.17444115031,
    14.57592315088));
#905 = CARTESIAN_POINT('',(191.18993865934,165.63682960798,
    14.425204364407));
#906 = CARTESIAN_POINT('',(190.84528354346,165.16111567423,
    14.306272651801));
#907 = CARTESIAN_POINT('',(190.56316206586,164.661059644,14.199433962861
    ));
#908 = CARTESIAN_POINT('',(190.34120589384,164.1433034071,
    14.109930591143));
#909 = CARTESIAN_POINT('',(190.17765507903,163.61283782858,
    14.041438506372));
#910 = CARTESIAN_POINT('',(190.07163224079,163.07372084984,
    13.996328290841));
#911 = CARTESIAN_POINT('',(190.01634622848,162.44978239446,
    13.972685735799));
#912 = CARTESIAN_POINT('',(190.01052189695,162.36991500223,
    13.970190077021));
#913 = CARTESIAN_POINT('',(190.00594290374,162.28998767855,
    13.968225167994));
#914 = CARTESIAN_POINT('',(190.00260888328,162.21001646632,
    13.966793155328));
#915 = CARTESIAN_POINT('',(190.00051960315,162.13001742158,13.9658954163
    ));
#916 = CARTESIAN_POINT('',(189.99967496406,162.05000661353,
    13.965532558862));
#917 = CARTESIAN_POINT('',(190.00041809043,161.90138257947,
    13.965851819702));
#918 = CARTESIAN_POINT('',(190.00167671713,161.83276819717,
    13.966392537731));
#919 = CARTESIAN_POINT('',(190.00385089344,161.76416711715,
    13.967326468835));
#920 = CARTESIAN_POINT('',(190.00694070527,161.69558947275,
    13.968653090119));
#921 = CARTESIAN_POINT('',(190.01094631097,161.62704539116,
    13.970371462681));
#922 = CARTESIAN_POINT('',(190.01586794131,161.55854499338,
    13.972480231616));
#923 = CARTESIAN_POINT('',(190.06780098958,160.94966078393,
    13.994696441505));
#924 = CARTESIAN_POINT('',(190.17089890547,160.41401968625,
    14.038590485439));
#925 = CARTESIAN_POINT('',(190.33072558189,159.88675232888,
    14.105608977732));
#926 = CARTESIAN_POINT('',(190.54811351788,159.37184587107,
    14.193465689694));
#927 = CARTESIAN_POINT('',(190.82474314512,158.87417390816,
    14.298598118528));
#928 = CARTESIAN_POINT('',(191.16288343184,158.40018109137,
    14.415929242267));
#929 = CARTESIAN_POINT('',(191.65504127298,157.86004579359,
    14.56606339316));
#930 = CARTESIAN_POINT('',(191.74837579178,157.76277655151,
    14.593823576997));
#931 = CARTESIAN_POINT('',(191.84501090853,157.66719080848,
    14.621792013556));
#932 = CARTESIAN_POINT('',(191.94498992964,157.57339355581,
    14.649889334372));
#933 = CARTESIAN_POINT('',(192.04835540806,157.48150116681,
    14.678030189119));
#934 = CARTESIAN_POINT('',(192.15514914334,157.39164139683,
    14.706123245616));
#935 = CARTESIAN_POINT('',(192.3999648774,157.19694872599,
    14.768175739215));
#936 = CARTESIAN_POINT('',(192.53971186255,157.09315547111,
    14.802071219272));
#937 = CARTESIAN_POINT('',(192.68469967176,156.99285495096,
    14.835572277687));
#938 = CARTESIAN_POINT('',(192.83496250815,156.89635151517,
    14.868478802195));
#939 = CARTESIAN_POINT('',(192.99052194211,156.80397289838,
    14.900577071892));
#940 = CARTESIAN_POINT('',(193.15138661021,156.71607058789,
    14.93164090856));
#941 = CARTESIAN_POINT('',(193.6477226668,156.46799890653,
    15.020629424586));
#942 = CARTESIAN_POINT('',(194.00180273029,156.32064372324,
    15.075338636538));
#943 = CARTESIAN_POINT('',(194.37658617943,156.19645671866,
    15.122845512368));
#944 = CARTESIAN_POINT('',(194.7682409926,156.09971239348,
    15.160639171881));
#945 = CARTESIAN_POINT('',(195.17246277102,156.03354736441,
    15.186757919339));
#946 = CARTESIAN_POINT('',(195.5846355926,156.,15.2));
#947 = CARTESIAN_POINT('',(196.,156.,15.2));
#948 = ORIENTED_EDGE('',*,*,#949,.T.);
#949 = EDGE_CURVE('',#881,#283,#950,.T.);
#950 = LINE('',#951,#952);
#951 = CARTESIAN_POINT('',(196.,123.,15.2));
#952 = VECTOR('',#953,1.);
#953 = DIRECTION('',(-2.22044604925E-16,1.,0.));
#954 = ORIENTED_EDGE('',*,*,#282,.F.);
#955 = ORIENTED_EDGE('',*,*,#949,.F.);
#956 = ORIENTED_EDGE('',*,*,#957,.F.);
#957 = EDGE_CURVE('',#883,#881,#958,.T.);
#958 = B_SPLINE_CURVE_WITH_KNOTS('',7,(#959,#960,#961,#962,#963,#964,
    #965,#966,#967,#968,#969,#970,#971,#972,#973,#974,#975,#976,#977,
    #978,#979,#980,#981,#982,#983,#984,#985,#986,#987,#988,#989,#990,
    #991,#992,#993,#994,#995,#996,#997,#998,#999,#1000,#1001,#1002,#1003
    ,#1004,#1005,#1006,#1007,#1008,#1009,#1010,#1011,#1012,#1013,#1014,
    #1015,#1016,#1017,#1018,#1019,#1020),.UNSPECIFIED.,.F.,.F.,(8,6,6,6,
    6,6,6,6,6,6,8),(0.,7.871423307181E-02,0.186507143319,0.236570221876,
    0.468003194545,0.501939552269,0.531045060863,0.760855039826,
    0.81233938629,0.87516513205,1.),.UNSPECIFIED.);
#959 = CARTESIAN_POINT('',(196.,156.,15.2));
#960 = CARTESIAN_POINT('',(196.26066252277,156.,15.2));
#961 = CARTESIAN_POINT('',(196.52091104069,156.01321155035,
    15.194784932218));
#962 = CARTESIAN_POINT('',(196.77924214383,156.03955893918,
    15.184384587411));
#963 = CARTESIAN_POINT('',(197.03416418523,156.07869325368,
    15.168997977039));
#964 = CARTESIAN_POINT('',(197.28422152807,156.129994854,15.148989670324
    ));
#965 = CARTESIAN_POINT('',(197.5280183424,156.19257004006,
    15.124871026178));
#966 = CARTESIAN_POINT('',(198.08773148166,156.36476028518,
    15.059463860397));
#967 = CARTESIAN_POINT('',(198.39700619624,156.48320908885,
    15.015125409585));
#968 = CARTESIAN_POINT('',(198.69140555657,156.61839827064,
    14.965538805712));
#969 = CARTESIAN_POINT('',(198.97047530584,156.76828602287,
    14.91198678301));
#970 = CARTESIAN_POINT('',(199.23393963151,156.93095180572,
    14.855697665707));
#971 = CARTESIAN_POINT('',(199.48167647215,157.10457432777,
    14.797809954912));
#972 = CARTESIAN_POINT('',(199.82145454212,157.37233232263,
    14.712200183831));
#973 = CARTESIAN_POINT('',(199.9259280109,157.45932127875,
    14.684899856063));
#974 = CARTESIAN_POINT('',(200.02715387549,157.54825217994,
    14.657539951733));
#975 = CARTESIAN_POINT('',(200.1251704149,157.63900612208,
    14.630205204474));
#976 = CARTESIAN_POINT('',(200.22001668631,157.73147446844,
    14.602974954954));
#977 = CARTESIAN_POINT('',(200.31173252516,157.82555884968,
    14.57592315088));
#978 = CARTESIAN_POINT('',(200.81006134066,158.36317039201,
    14.425204364406));
#979 = CARTESIAN_POINT('',(201.15471645653,158.83888432576,
    14.306272651802));
#980 = CARTESIAN_POINT('',(201.43683793413,159.338940356,14.19943396286)
  );
#981 = CARTESIAN_POINT('',(201.65879410615,159.85669659288,
    14.109930591144));
#982 = CARTESIAN_POINT('',(201.82234492096,160.38716217142,
    14.041438506371));
#983 = CARTESIAN_POINT('',(201.9283677592,160.92627915015,
    13.996328290841));
#984 = CARTESIAN_POINT('',(201.98365377151,161.55021760553,
    13.972685735799));
#985 = CARTESIAN_POINT('',(201.98947810304,161.63008499776,
    13.970190077021));
#986 = CARTESIAN_POINT('',(201.99405709625,161.71001232144,
    13.968225167994));
#987 = CARTESIAN_POINT('',(201.99739111671,161.78998353367,
    13.966793155328));
#988 = CARTESIAN_POINT('',(201.99948039684,161.86998257841,13.9658954163
    ));
#989 = CARTESIAN_POINT('',(202.00032503593,161.94999338646,
    13.965532558862));
#990 = CARTESIAN_POINT('',(201.99958190956,162.09861742052,
    13.965851819702));
#991 = CARTESIAN_POINT('',(201.99832328286,162.16723180282,
    13.966392537731));
#992 = CARTESIAN_POINT('',(201.99614910655,162.23583288284,
    13.967326468835));
#993 = CARTESIAN_POINT('',(201.99305929472,162.30441052724,
    13.968653090119));
#994 = CARTESIAN_POINT('',(201.98905368902,162.37295460883,
    13.970371462681));
#995 = CARTESIAN_POINT('',(201.98413205868,162.44145500661,
    13.972480231616));
#996 = CARTESIAN_POINT('',(201.93219901041,163.05033921606,
    13.994696441505));
#997 = CARTESIAN_POINT('',(201.82910109452,163.58598031374,
    14.038590485439));
#998 = CARTESIAN_POINT('',(201.6692744181,164.11324767111,
    14.105608977732));
#999 = CARTESIAN_POINT('',(201.45188648211,164.62815412892,
    14.193465689694));
#1000 = CARTESIAN_POINT('',(201.17525685487,165.12582609183,
    14.298598118528));
#1001 = CARTESIAN_POINT('',(200.83711656815,165.59981890862,
    14.415929242267));
#1002 = CARTESIAN_POINT('',(200.34495872701,166.1399542064,
    14.56606339316));
#1003 = CARTESIAN_POINT('',(200.25162420821,166.23722344848,
    14.593823576997));
#1004 = CARTESIAN_POINT('',(200.15498909146,166.33280919151,
    14.621792013556));
#1005 = CARTESIAN_POINT('',(200.05501007035,166.42660644418,
    14.649889334372));
#1006 = CARTESIAN_POINT('',(199.95164459194,166.51849883319,
    14.678030189119));
#1007 = CARTESIAN_POINT('',(199.84485085665,166.60835860316,
    14.706123245616));
#1008 = CARTESIAN_POINT('',(199.60003512259,166.803051274,
    14.768175739215));
#1009 = CARTESIAN_POINT('',(199.46028813744,166.90684452888,
    14.802071219272));
#1010 = CARTESIAN_POINT('',(199.31530032823,167.00714504903,
    14.835572277687));
#1011 = CARTESIAN_POINT('',(199.16503749184,167.10364848482,
    14.868478802195));
#1012 = CARTESIAN_POINT('',(199.00947805788,167.19602710161,
    14.900577071892));
#1013 = CARTESIAN_POINT('',(198.84861338979,167.2839294121,
    14.93164090856));
#1014 = CARTESIAN_POINT('',(198.3522773332,167.53200109346,
    15.020629424585));
#1015 = CARTESIAN_POINT('',(197.99819726971,167.67935627675,
    15.075338636538));
#1016 = CARTESIAN_POINT('',(197.62341382056,167.80354328133,
    15.122845512369));
#1017 = CARTESIAN_POINT('',(197.23175900739,167.90028760651,
    15.160639171881));
#1018 = CARTESIAN_POINT('',(196.82753722897,167.96645263558,
    15.186757919339));
#1019 = CARTESIAN_POINT('',(196.41536440739,168.,15.2));
#1020 = CARTESIAN_POINT('',(196.,168.,15.2));
#1021 = ORIENTED_EDGE('',*,*,#1022,.F.);
#1022 = EDGE_CURVE('',#493,#883,#1023,.T.);
#1023 = LINE('',#1024,#1025);
#1024 = CARTESIAN_POINT('',(196.,123.,15.2));
#1025 = VECTOR('',#1026,1.);
#1026 = DIRECTION('',(-2.22044604925E-16,1.,0.));
#1027 = ORIENTED_EDGE('',*,*,#492,.T.);
#1028 = ORIENTED_EDGE('',*,*,#1022,.T.);
#1029 = FACE_BOUND('',#1030,.F.);
#1030 = EDGE_LOOP('',(#1031));
#1031 = ORIENTED_EDGE('',*,*,#520,.T.);
#1032 = CYLINDRICAL_SURFACE('',#1033,15.2);
#1033 = AXIS2_PLACEMENT_3D('',#1034,#1035,#1036);
#1034 = CARTESIAN_POINT('',(196.,123.,0.));
#1035 = DIRECTION('',(-2.22044604925E-16,1.,0.));
#1036 = DIRECTION('',(0.,0.,1.));
#1037 = ADVANCED_FACE('',(#1038),#1057,.F.);
#1038 = FACE_BOUND('',#1039,.F.);
#1039 = EDGE_LOOP('',(#1040,#1049,#1055,#1056));
#1040 = ORIENTED_EDGE('',*,*,#1041,.F.);
#1041 = EDGE_CURVE('',#1042,#1042,#1044,.T.);
#1042 = VERTEX_POINT('',#1043);
#1043 = CARTESIAN_POINT('',(210.5,184.,15.2728));
#1044 = CIRCLE('',#1045,1.7272);
#1045 = AXIS2_PLACEMENT_3D('',#1046,#1047,#1048);
#1046 = CARTESIAN_POINT('',(210.5,184.,17.));
#1047 = DIRECTION('',(2.22044604925E-16,-1.,-0.));
#1048 = DIRECTION('',(-0.,0.,-1.));
#1049 = ORIENTED_EDGE('',*,*,#1050,.F.);
#1050 = EDGE_CURVE('',#294,#1042,#1051,.T.);
#1051 = LINE('',#1052,#1053);
#1052 = CARTESIAN_POINT('',(210.5,200.,15.2728));
#1053 = VECTOR('',#1054,1.);
#1054 = DIRECTION('',(2.22044604925E-16,-1.,0.));
#1055 = ORIENTED_EDGE('',*,*,#293,.T.);
#1056 = ORIENTED_EDGE('',*,*,#1050,.T.);
#1057 = CYLINDRICAL_SURFACE('',#1058,1.7272);
#1058 = AXIS2_PLACEMENT_3D('',#1059,#1060,#1061);
#1059 = CARTESIAN_POINT('',(210.5,200.,17.));
#1060 = DIRECTION('',(2.22044604925E-16,-1.,0.));
#1061 = DIRECTION('',(-0.,0.,-1.));
#1062 = ADVANCED_FACE('',(#1063),#1075,.F.);
#1063 = FACE_BOUND('',#1064,.F.);
#1064 = EDGE_LOOP('',(#1065,#1066,#1072,#1073,#1074));
#1065 = ORIENTED_EDGE('',*,*,#424,.F.);
#1066 = ORIENTED_EDGE('',*,*,#1067,.F.);
#1067 = EDGE_CURVE('',#881,#425,#1068,.T.);
#1068 = LINE('',#1069,#1070);
#1069 = CARTESIAN_POINT('',(196.,168.,0.));
#1070 = VECTOR('',#1071,1.);
#1071 = DIRECTION('',(0.,0.,1.));
#1072 = ORIENTED_EDGE('',*,*,#880,.T.);
#1073 = ORIENTED_EDGE('',*,*,#957,.T.);
#1074 = ORIENTED_EDGE('',*,*,#1067,.T.);
#1075 = CYLINDRICAL_SURFACE('',#1076,6.);
#1076 = AXIS2_PLACEMENT_3D('',#1077,#1078,#1079);
#1077 = CARTESIAN_POINT('',(196.,162.,0.));
#1078 = DIRECTION('',(0.,0.,1.));
#1079 = DIRECTION('',(-2.22044604925E-16,1.,0.));
#1080 = ADVANCED_FACE('',(#1081),#1100,.F.);
#1081 = FACE_BOUND('',#1082,.F.);
#1082 = EDGE_LOOP('',(#1083,#1092,#1098,#1099));
#1083 = ORIENTED_EDGE('',*,*,#1084,.F.);
#1084 = EDGE_CURVE('',#1085,#1085,#1087,.T.);
#1085 = VERTEX_POINT('',#1086);
#1086 = CARTESIAN_POINT('',(181.5,140.,18.7272));
#1087 = CIRCLE('',#1088,1.7272);
#1088 = AXIS2_PLACEMENT_3D('',#1089,#1090,#1091);
#1089 = CARTESIAN_POINT('',(181.5,140.,17.));
#1090 = DIRECTION('',(-2.22044604925E-16,1.,0.));
#1091 = DIRECTION('',(0.,0.,1.));
#1092 = ORIENTED_EDGE('',*,*,#1093,.F.);
#1093 = EDGE_CURVE('',#460,#1085,#1094,.T.);
#1094 = LINE('',#1095,#1096);
#1095 = CARTESIAN_POINT('',(181.5,124.,18.7272));
#1096 = VECTOR('',#1097,1.);
#1097 = DIRECTION('',(-2.22044604925E-16,1.,0.));
#1098 = ORIENTED_EDGE('',*,*,#459,.T.);
#1099 = ORIENTED_EDGE('',*,*,#1093,.T.);
#1100 = CYLINDRICAL_SURFACE('',#1101,1.7272);
#1101 = AXIS2_PLACEMENT_3D('',#1102,#1103,#1104);
#1102 = CARTESIAN_POINT('',(181.5,124.,17.));
#1103 = DIRECTION('',(-2.22044604925E-16,1.,0.));
#1104 = DIRECTION('',(0.,0.,1.));
#1105 = ADVANCED_FACE('',(#1106),#1125,.F.);
#1106 = FACE_BOUND('',#1107,.F.);
#1107 = EDGE_LOOP('',(#1108,#1117,#1123,#1124));
#1108 = ORIENTED_EDGE('',*,*,#1109,.F.);
#1109 = EDGE_CURVE('',#1110,#1110,#1112,.T.);
#1110 = VERTEX_POINT('',#1111);
#1111 = CARTESIAN_POINT('',(181.5,140.,-15.2728));
#1112 = CIRCLE('',#1113,1.7272);
#1113 = AXIS2_PLACEMENT_3D('',#1114,#1115,#1116);
#1114 = CARTESIAN_POINT('',(181.5,140.,-17.));
#1115 = DIRECTION('',(-2.22044604925E-16,1.,0.));
#1116 = DIRECTION('',(0.,0.,1.));
#1117 = ORIENTED_EDGE('',*,*,#1118,.F.);
#1118 = EDGE_CURVE('',#471,#1110,#1119,.T.);
#1119 = LINE('',#1120,#1121);
#1120 = CARTESIAN_POINT('',(181.5,124.,-15.2728));
#1121 = VECTOR('',#1122,1.);
#1122 = DIRECTION('',(-2.22044604925E-16,1.,0.));
#1123 = ORIENTED_EDGE('',*,*,#470,.T.);
#1124 = ORIENTED_EDGE('',*,*,#1118,.T.);
#1125 = CYLINDRICAL_SURFACE('',#1126,1.7272);
#1126 = AXIS2_PLACEMENT_3D('',#1127,#1128,#1129);
#1127 = CARTESIAN_POINT('',(181.5,124.,-17.));
#1128 = DIRECTION('',(-2.22044604925E-16,1.,0.));
#1129 = DIRECTION('',(0.,0.,1.));
#1130 = ADVANCED_FACE('',(#1131),#1150,.F.);
#1131 = FACE_BOUND('',#1132,.F.);
#1132 = EDGE_LOOP('',(#1133,#1142,#1148,#1149));
#1133 = ORIENTED_EDGE('',*,*,#1134,.F.);
#1134 = EDGE_CURVE('',#1135,#1135,#1137,.T.);
#1135 = VERTEX_POINT('',#1136);
#1136 = CARTESIAN_POINT('',(210.5,140.,18.7272));
#1137 = CIRCLE('',#1138,1.7272);
#1138 = AXIS2_PLACEMENT_3D('',#1139,#1140,#1141);
#1139 = CARTESIAN_POINT('',(210.5,140.,17.));
#1140 = DIRECTION('',(-2.22044604925E-16,1.,0.));
#1141 = DIRECTION('',(0.,0.,1.));
#1142 = ORIENTED_EDGE('',*,*,#1143,.F.);
#1143 = EDGE_CURVE('',#482,#1135,#1144,.T.);
#1144 = LINE('',#1145,#1146);
#1145 = CARTESIAN_POINT('',(210.5,124.,18.7272));
#1146 = VECTOR('',#1147,1.);
#1147 = DIRECTION('',(-2.22044604925E-16,1.,0.));
#1148 = ORIENTED_EDGE('',*,*,#481,.T.);
#1149 = ORIENTED_EDGE('',*,*,#1143,.T.);
#1150 = CYLINDRICAL_SURFACE('',#1151,1.7272);
#1151 = AXIS2_PLACEMENT_3D('',#1152,#1153,#1154);
#1152 = CARTESIAN_POINT('',(210.5,124.,17.));
#1153 = DIRECTION('',(-2.22044604925E-16,1.,0.));
#1154 = DIRECTION('',(0.,0.,1.));
#1155 = ADVANCED_FACE('',(#1156),#1175,.F.);
#1156 = FACE_BOUND('',#1157,.F.);
#1157 = EDGE_LOOP('',(#1158,#1167,#1173,#1174));
#1158 = ORIENTED_EDGE('',*,*,#1159,.F.);
#1159 = EDGE_CURVE('',#1160,#1160,#1162,.T.);
#1160 = VERTEX_POINT('',#1161);
#1161 = CARTESIAN_POINT('',(210.5,140.,-15.2728));
#1162 = CIRCLE('',#1163,1.7272);
#1163 = AXIS2_PLACEMENT_3D('',#1164,#1165,#1166);
#1164 = CARTESIAN_POINT('',(210.5,140.,-17.));
#1165 = DIRECTION('',(-2.22044604925E-16,1.,0.));
#1166 = DIRECTION('',(0.,0.,1.));
#1167 = ORIENTED_EDGE('',*,*,#1168,.F.);
#1168 = EDGE_CURVE('',#504,#1160,#1169,.T.);
#1169 = LINE('',#1170,#1171);
#1170 = CARTESIAN_POINT('',(210.5,124.,-15.2728));
#1171 = VECTOR('',#1172,1.);
#1172 = DIRECTION('',(-2.22044604925E-16,1.,0.));
#1173 = ORIENTED_EDGE('',*,*,#503,.T.);
#1174 = ORIENTED_EDGE('',*,*,#1168,.T.);
#1175 = CYLINDRICAL_SURFACE('',#1176,1.7272);
#1176 = AXIS2_PLACEMENT_3D('',#1177,#1178,#1179);
#1177 = CARTESIAN_POINT('',(210.5,124.,-17.));
#1178 = DIRECTION('',(-2.22044604925E-16,1.,0.));
#1179 = DIRECTION('',(0.,0.,1.));
#1180 = ADVANCED_FACE('',(#1181),#1184,.F.);
#1181 = FACE_BOUND('',#1182,.F.);
#1182 = EDGE_LOOP('',(#1183));
#1183 = ORIENTED_EDGE('',*,*,#805,.T.);
#1184 = PLANE('',#1185);
#1185 = AXIS2_PLACEMENT_3D('',#1186,#1187,#1188);
#1186 = CARTESIAN_POINT('',(181.5,184.,-17.));
#1187 = DIRECTION('',(2.22044604925E-16,-1.,0.));
#1188 = DIRECTION('',(-0.,0.,-1.));
#1189 = ADVANCED_FACE('',(#1190),#1193,.F.);
#1190 = FACE_BOUND('',#1191,.F.);
#1191 = EDGE_LOOP('',(#1192));
#1192 = ORIENTED_EDGE('',*,*,#830,.T.);
#1193 = PLANE('',#1194);
#1194 = AXIS2_PLACEMENT_3D('',#1195,#1196,#1197);
#1195 = CARTESIAN_POINT('',(181.5,184.,17.));
#1196 = DIRECTION('',(2.22044604925E-16,-1.,0.));
#1197 = DIRECTION('',(-0.,0.,-1.));
#1198 = ADVANCED_FACE('',(#1199),#1202,.F.);
#1199 = FACE_BOUND('',#1200,.F.);
#1200 = EDGE_LOOP('',(#1201));
#1201 = ORIENTED_EDGE('',*,*,#855,.T.);
#1202 = PLANE('',#1203);
#1203 = AXIS2_PLACEMENT_3D('',#1204,#1205,#1206);
#1204 = CARTESIAN_POINT('',(210.5,184.,-17.));
#1205 = DIRECTION('',(2.22044604925E-16,-1.,0.));
#1206 = DIRECTION('',(-0.,0.,-1.));
#1207 = ADVANCED_FACE('',(#1208),#1211,.F.);
#1208 = FACE_BOUND('',#1209,.F.);
#1209 = EDGE_LOOP('',(#1210));
#1210 = ORIENTED_EDGE('',*,*,#1041,.T.);
#1211 = PLANE('',#1212);
#1212 = AXIS2_PLACEMENT_3D('',#1213,#1214,#1215);
#1213 = CARTESIAN_POINT('',(210.5,184.,17.));
#1214 = DIRECTION('',(2.22044604925E-16,-1.,0.));
#1215 = DIRECTION('',(-0.,0.,-1.));
#1216 = ADVANCED_FACE('',(#1217),#1220,.F.);
#1217 = FACE_BOUND('',#1218,.F.);
#1218 = EDGE_LOOP('',(#1219));
#1219 = ORIENTED_EDGE('',*,*,#1084,.T.);
#1220 = PLANE('',#1221);
#1221 = AXIS2_PLACEMENT_3D('',#1222,#1223,#1224);
#1222 = CARTESIAN_POINT('',(181.5,140.,17.));
#1223 = DIRECTION('',(-2.22044604925E-16,1.,0.));
#1224 = DIRECTION('',(0.,0.,1.));
#1225 = ADVANCED_FACE('',(#1226),#1229,.F.);
#1226 = FACE_BOUND('',#1227,.F.);
#1227 = EDGE_LOOP('',(#1228));
#1228 = ORIENTED_EDGE('',*,*,#1109,.T.);
#1229 = PLANE('',#1230);
#1230 = AXIS2_PLACEMENT_3D('',#1231,#1232,#1233);
#1231 = CARTESIAN_POINT('',(181.5,140.,-17.));
#1232 = DIRECTION('',(-2.22044604925E-16,1.,0.));
#1233 = DIRECTION('',(0.,0.,1.));
#1234 = ADVANCED_FACE('',(#1235),#1238,.F.);
#1235 = FACE_BOUND('',#1236,.F.);
#1236 = EDGE_LOOP('',(#1237));
#1237 = ORIENTED_EDGE('',*,*,#1134,.T.);
#1238 = PLANE('',#1239);
#1239 = AXIS2_PLACEMENT_3D('',#1240,#1241,#1242);
#1240 = CARTESIAN_POINT('',(210.5,140.,17.));
#1241 = DIRECTION('',(-2.22044604925E-16,1.,0.));
#1242 = DIRECTION('',(0.,0.,1.));
#1243 = ADVANCED_FACE('',(#1244),#1247,.F.);
#1244 = FACE_BOUND('',#1245,.F.);
#1245 = EDGE_LOOP('',(#1246));
#1246 = ORIENTED_EDGE('',*,*,#1159,.T.);
#1247 = PLANE('',#1248);
#1248 = AXIS2_PLACEMENT_3D('',#1249,#1250,#1251);
#1249 = CARTESIAN_POINT('',(210.5,140.,-17.));
#1250 = DIRECTION('',(-2.22044604925E-16,1.,0.));
#1251 = DIRECTION('',(0.,0.,1.));
#1252 = MANIFOLD_SOLID_BREP('',#1253);
#1253 = CLOSED_SHELL('',(#1254,#1338,#1369,#1393,#1417,#1434,#1459,#1484
    ,#1509,#1534,#1590,#1610,#1630,#1650,#1670,#1687,#1704,#1721));
#1254 = ADVANCED_FACE('',(#1255,#1289,#1300,#1311,#1322),#1333,.F.);
#1255 = FACE_BOUND('',#1256,.F.);
#1256 = EDGE_LOOP('',(#1257,#1267,#1275,#1283));
#1257 = ORIENTED_EDGE('',*,*,#1258,.F.);
#1258 = EDGE_CURVE('',#1259,#1261,#1263,.T.);
#1259 = VERTEX_POINT('',#1260);
#1260 = CARTESIAN_POINT('',(216.2,200.,-23.));
#1261 = VERTEX_POINT('',#1262);
#1262 = CARTESIAN_POINT('',(216.2,200.,25.));
#1263 = LINE('',#1264,#1265);
#1264 = CARTESIAN_POINT('',(216.2,200.,-23.));
#1265 = VECTOR('',#1266,1.);
#1266 = DIRECTION('',(0.,0.,1.));
#1267 = ORIENTED_EDGE('',*,*,#1268,.T.);
#1268 = EDGE_CURVE('',#1259,#1269,#1271,.T.);
#1269 = VERTEX_POINT('',#1270);
#1270 = CARTESIAN_POINT('',(175.8,200.,-23.));
#1271 = LINE('',#1272,#1273);
#1272 = CARTESIAN_POINT('',(216.2,200.,-23.));
#1273 = VECTOR('',#1274,1.);
#1274 = DIRECTION('',(-1.,-2.22044604925E-16,0.));
#1275 = ORIENTED_EDGE('',*,*,#1276,.T.);
#1276 = EDGE_CURVE('',#1269,#1277,#1279,.T.);
#1277 = VERTEX_POINT('',#1278);
#1278 = CARTESIAN_POINT('',(175.8,200.,25.));
#1279 = LINE('',#1280,#1281);
#1280 = CARTESIAN_POINT('',(175.8,200.,-23.));
#1281 = VECTOR('',#1282,1.);
#1282 = DIRECTION('',(0.,0.,1.));
#1283 = ORIENTED_EDGE('',*,*,#1284,.F.);
#1284 = EDGE_CURVE('',#1261,#1277,#1285,.T.);
#1285 = LINE('',#1286,#1287);
#1286 = CARTESIAN_POINT('',(216.2,200.,25.));
#1287 = VECTOR('',#1288,1.);
#1288 = DIRECTION('',(-1.,-2.22044604925E-16,0.));
#1289 = FACE_BOUND('',#1290,.F.);
#1290 = EDGE_LOOP('',(#1291));
#1291 = ORIENTED_EDGE('',*,*,#1292,.F.);
#1292 = EDGE_CURVE('',#1293,#1293,#1295,.T.);
#1293 = VERTEX_POINT('',#1294);
#1294 = CARTESIAN_POINT('',(181.5,200.,-14.8156));
#1295 = CIRCLE('',#1296,2.1844);
#1296 = AXIS2_PLACEMENT_3D('',#1297,#1298,#1299);
#1297 = CARTESIAN_POINT('',(181.5,200.,-17.));
#1298 = DIRECTION('',(-2.22044604925E-16,1.,0.));
#1299 = DIRECTION('',(0.,0.,1.));
#1300 = FACE_BOUND('',#1301,.F.);
#1301 = EDGE_LOOP('',(#1302));
#1302 = ORIENTED_EDGE('',*,*,#1303,.F.);
#1303 = EDGE_CURVE('',#1304,#1304,#1306,.T.);
#1304 = VERTEX_POINT('',#1305);
#1305 = CARTESIAN_POINT('',(181.5,200.,19.1844));
#1306 = CIRCLE('',#1307,2.1844);
#1307 = AXIS2_PLACEMENT_3D('',#1308,#1309,#1310);
#1308 = CARTESIAN_POINT('',(181.5,200.,17.));
#1309 = DIRECTION('',(-2.22044604925E-16,1.,0.));
#1310 = DIRECTION('',(0.,0.,1.));
#1311 = FACE_BOUND('',#1312,.F.);
#1312 = EDGE_LOOP('',(#1313));
#1313 = ORIENTED_EDGE('',*,*,#1314,.F.);
#1314 = EDGE_CURVE('',#1315,#1315,#1317,.T.);
#1315 = VERTEX_POINT('',#1316);
#1316 = CARTESIAN_POINT('',(210.5,200.,-14.8156));
#1317 = CIRCLE('',#1318,2.1844);
#1318 = AXIS2_PLACEMENT_3D('',#1319,#1320,#1321);
#1319 = CARTESIAN_POINT('',(210.5,200.,-17.));
#1320 = DIRECTION('',(-2.22044604925E-16,1.,0.));
#1321 = DIRECTION('',(0.,0.,1.));
#1322 = FACE_BOUND('',#1323,.F.);
#1323 = EDGE_LOOP('',(#1324));
#1324 = ORIENTED_EDGE('',*,*,#1325,.F.);
#1325 = EDGE_CURVE('',#1326,#1326,#1328,.T.);
#1326 = VERTEX_POINT('',#1327);
#1327 = CARTESIAN_POINT('',(210.5,200.,19.1844));
#1328 = CIRCLE('',#1329,2.1844);
#1329 = AXIS2_PLACEMENT_3D('',#1330,#1331,#1332);
#1330 = CARTESIAN_POINT('',(210.5,200.,17.));
#1331 = DIRECTION('',(-2.22044604925E-16,1.,0.));
#1332 = DIRECTION('',(0.,0.,1.));
#1333 = PLANE('',#1334);
#1334 = AXIS2_PLACEMENT_3D('',#1335,#1336,#1337);
#1335 = CARTESIAN_POINT('',(216.2,200.,-23.));
#1336 = DIRECTION('',(-2.22044604925E-16,1.,0.));
#1337 = DIRECTION('',(0.,0.,1.));
#1338 = ADVANCED_FACE('',(#1339),#1364,.F.);
#1339 = FACE_BOUND('',#1340,.F.);
#1340 = EDGE_LOOP('',(#1341,#1349,#1350,#1358));
#1341 = ORIENTED_EDGE('',*,*,#1342,.F.);
#1342 = EDGE_CURVE('',#1259,#1343,#1345,.T.);
#1343 = VERTEX_POINT('',#1344);
#1344 = CARTESIAN_POINT('',(216.2,210.,-23.));
#1345 = LINE('',#1346,#1347);
#1346 = CARTESIAN_POINT('',(216.2,200.,-23.));
#1347 = VECTOR('',#1348,1.);
#1348 = DIRECTION('',(-2.22044604925E-16,1.,0.));
#1349 = ORIENTED_EDGE('',*,*,#1258,.T.);
#1350 = ORIENTED_EDGE('',*,*,#1351,.T.);
#1351 = EDGE_CURVE('',#1261,#1352,#1354,.T.);
#1352 = VERTEX_POINT('',#1353);
#1353 = CARTESIAN_POINT('',(216.2,210.,25.));
#1354 = LINE('',#1355,#1356);
#1355 = CARTESIAN_POINT('',(216.2,200.,25.));
#1356 = VECTOR('',#1357,1.);
#1357 = DIRECTION('',(-2.22044604925E-16,1.,0.));
#1358 = ORIENTED_EDGE('',*,*,#1359,.F.);
#1359 = EDGE_CURVE('',#1343,#1352,#1360,.T.);
#1360 = LINE('',#1361,#1362);
#1361 = CARTESIAN_POINT('',(216.2,210.,-23.));
#1362 = VECTOR('',#1363,1.);
#1363 = DIRECTION('',(0.,0.,1.));
#1364 = PLANE('',#1365);
#1365 = AXIS2_PLACEMENT_3D('',#1366,#1367,#1368);
#1366 = CARTESIAN_POINT('',(216.2,200.,-23.));
#1367 = DIRECTION('',(-1.,-2.22044604925E-16,0.));
#1368 = DIRECTION('',(0.,0.,1.));
#1369 = ADVANCED_FACE('',(#1370),#1388,.T.);
#1370 = FACE_BOUND('',#1371,.T.);
#1371 = EDGE_LOOP('',(#1372,#1373,#1374,#1382));
#1372 = ORIENTED_EDGE('',*,*,#1284,.F.);
#1373 = ORIENTED_EDGE('',*,*,#1351,.T.);
#1374 = ORIENTED_EDGE('',*,*,#1375,.T.);
#1375 = EDGE_CURVE('',#1352,#1376,#1378,.T.);
#1376 = VERTEX_POINT('',#1377);
#1377 = CARTESIAN_POINT('',(175.8,210.,25.));
#1378 = LINE('',#1379,#1380);
#1379 = CARTESIAN_POINT('',(216.2,210.,25.));
#1380 = VECTOR('',#1381,1.);
#1381 = DIRECTION('',(-1.,-2.22044604925E-16,0.));
#1382 = ORIENTED_EDGE('',*,*,#1383,.F.);
#1383 = EDGE_CURVE('',#1277,#1376,#1384,.T.);
#1384 = LINE('',#1385,#1386);
#1385 = CARTESIAN_POINT('',(175.8,200.,25.));
#1386 = VECTOR('',#1387,1.);
#1387 = DIRECTION('',(-2.22044604925E-16,1.,0.));
#1388 = PLANE('',#1389);
#1389 = AXIS2_PLACEMENT_3D('',#1390,#1391,#1392);
#1390 = CARTESIAN_POINT('',(216.2,200.,25.));
#1391 = DIRECTION('',(0.,0.,1.));
#1392 = DIRECTION('',(-2.22044604925E-16,1.,0.));
#1393 = ADVANCED_FACE('',(#1394),#1412,.F.);
#1394 = FACE_BOUND('',#1395,.F.);
#1395 = EDGE_LOOP('',(#1396,#1397,#1398,#1406));
#1396 = ORIENTED_EDGE('',*,*,#1268,.F.);
#1397 = ORIENTED_EDGE('',*,*,#1342,.T.);
#1398 = ORIENTED_EDGE('',*,*,#1399,.T.);
#1399 = EDGE_CURVE('',#1343,#1400,#1402,.T.);
#1400 = VERTEX_POINT('',#1401);
#1401 = CARTESIAN_POINT('',(175.8,210.,-23.));
#1402 = LINE('',#1403,#1404);
#1403 = CARTESIAN_POINT('',(216.2,210.,-23.));
#1404 = VECTOR('',#1405,1.);
#1405 = DIRECTION('',(-1.,-2.22044604925E-16,0.));
#1406 = ORIENTED_EDGE('',*,*,#1407,.F.);
#1407 = EDGE_CURVE('',#1269,#1400,#1408,.T.);
#1408 = LINE('',#1409,#1410);
#1409 = CARTESIAN_POINT('',(175.8,200.,-23.));
#1410 = VECTOR('',#1411,1.);
#1411 = DIRECTION('',(-2.22044604925E-16,1.,0.));
#1412 = PLANE('',#1413);
#1413 = AXIS2_PLACEMENT_3D('',#1414,#1415,#1416);
#1414 = CARTESIAN_POINT('',(216.2,200.,-23.));
#1415 = DIRECTION('',(0.,0.,1.));
#1416 = DIRECTION('',(-2.22044604925E-16,1.,0.));
#1417 = ADVANCED_FACE('',(#1418),#1429,.T.);
#1418 = FACE_BOUND('',#1419,.T.);
#1419 = EDGE_LOOP('',(#1420,#1421,#1422,#1423));
#1420 = ORIENTED_EDGE('',*,*,#1407,.F.);
#1421 = ORIENTED_EDGE('',*,*,#1276,.T.);
#1422 = ORIENTED_EDGE('',*,*,#1383,.T.);
#1423 = ORIENTED_EDGE('',*,*,#1424,.F.);
#1424 = EDGE_CURVE('',#1400,#1376,#1425,.T.);
#1425 = LINE('',#1426,#1427);
#1426 = CARTESIAN_POINT('',(175.8,210.,-23.));
#1427 = VECTOR('',#1428,1.);
#1428 = DIRECTION('',(0.,0.,1.));
#1429 = PLANE('',#1430);
#1430 = AXIS2_PLACEMENT_3D('',#1431,#1432,#1433);
#1431 = CARTESIAN_POINT('',(175.8,200.,-23.));
#1432 = DIRECTION('',(-1.,-2.22044604925E-16,0.));
#1433 = DIRECTION('',(0.,0.,1.));
#1434 = ADVANCED_FACE('',(#1435),#1454,.F.);
#1435 = FACE_BOUND('',#1436,.F.);
#1436 = EDGE_LOOP('',(#1437,#1446,#1452,#1453));
#1437 = ORIENTED_EDGE('',*,*,#1438,.F.);
#1438 = EDGE_CURVE('',#1439,#1439,#1441,.T.);
#1439 = VERTEX_POINT('',#1440);
#1440 = CARTESIAN_POINT('',(181.5,205.5,-14.8156));
#1441 = CIRCLE('',#1442,2.1844);
#1442 = AXIS2_PLACEMENT_3D('',#1443,#1444,#1445);
#1443 = CARTESIAN_POINT('',(181.5,205.5,-17.));
#1444 = DIRECTION('',(-2.22044604925E-16,1.,0.));
#1445 = DIRECTION('',(0.,0.,1.));
#1446 = ORIENTED_EDGE('',*,*,#1447,.F.);
#1447 = EDGE_CURVE('',#1293,#1439,#1448,.T.);
#1448 = LINE('',#1449,#1450);
#1449 = CARTESIAN_POINT('',(181.5,199.,-14.8156));
#1450 = VECTOR('',#1451,1.);
#1451 = DIRECTION('',(-2.22044604925E-16,1.,0.));
#1452 = ORIENTED_EDGE('',*,*,#1292,.T.);
#1453 = ORIENTED_EDGE('',*,*,#1447,.T.);
#1454 = CYLINDRICAL_SURFACE('',#1455,2.1844);
#1455 = AXIS2_PLACEMENT_3D('',#1456,#1457,#1458);
#1456 = CARTESIAN_POINT('',(181.5,199.,-17.));
#1457 = DIRECTION('',(-2.22044604925E-16,1.,0.));
#1458 = DIRECTION('',(0.,0.,1.));
#1459 = ADVANCED_FACE('',(#1460),#1479,.F.);
#1460 = FACE_BOUND('',#1461,.F.);
#1461 = EDGE_LOOP('',(#1462,#1471,#1477,#1478));
#1462 = ORIENTED_EDGE('',*,*,#1463,.F.);
#1463 = EDGE_CURVE('',#1464,#1464,#1466,.T.);
#1464 = VERTEX_POINT('',#1465);
#1465 = CARTESIAN_POINT('',(181.5,205.5,19.1844));
#1466 = CIRCLE('',#1467,2.1844);
#1467 = AXIS2_PLACEMENT_3D('',#1468,#1469,#1470);
#1468 = CARTESIAN_POINT('',(181.5,205.5,17.));
#1469 = DIRECTION('',(-2.22044604925E-16,1.,0.));
#1470 = DIRECTION('',(0.,0.,1.));
#1471 = ORIENTED_EDGE('',*,*,#1472,.F.);
#1472 = EDGE_CURVE('',#1304,#1464,#1473,.T.);
#1473 = LINE('',#1474,#1475);
#1474 = CARTESIAN_POINT('',(181.5,199.,19.1844));
#1475 = VECTOR('',#1476,1.);
#1476 = DIRECTION('',(-2.22044604925E-16,1.,0.));
#1477 = ORIENTED_EDGE('',*,*,#1303,.T.);
#1478 = ORIENTED_EDGE('',*,*,#1472,.T.);
#1479 = CYLINDRICAL_SURFACE('',#1480,2.1844);
#1480 = AXIS2_PLACEMENT_3D('',#1481,#1482,#1483);
#1481 = CARTESIAN_POINT('',(181.5,199.,17.));
#1482 = DIRECTION('',(-2.22044604925E-16,1.,0.));
#1483 = DIRECTION('',(0.,0.,1.));
#1484 = ADVANCED_FACE('',(#1485),#1504,.F.);
#1485 = FACE_BOUND('',#1486,.F.);
#1486 = EDGE_LOOP('',(#1487,#1496,#1502,#1503));
#1487 = ORIENTED_EDGE('',*,*,#1488,.F.);
#1488 = EDGE_CURVE('',#1489,#1489,#1491,.T.);
#1489 = VERTEX_POINT('',#1490);
#1490 = CARTESIAN_POINT('',(210.5,205.5,-14.8156));
#1491 = CIRCLE('',#1492,2.1844);
#1492 = AXIS2_PLACEMENT_3D('',#1493,#1494,#1495);
#1493 = CARTESIAN_POINT('',(210.5,205.5,-17.));
#1494 = DIRECTION('',(-2.22044604925E-16,1.,0.));
#1495 = DIRECTION('',(0.,0.,1.));
#1496 = ORIENTED_EDGE('',*,*,#1497,.F.);
#1497 = EDGE_CURVE('',#1315,#1489,#1498,.T.);
#1498 = LINE('',#1499,#1500);
#1499 = CARTESIAN_POINT('',(210.5,199.,-14.8156));
#1500 = VECTOR('',#1501,1.);
#1501 = DIRECTION('',(-2.22044604925E-16,1.,0.));
#1502 = ORIENTED_EDGE('',*,*,#1314,.T.);
#1503 = ORIENTED_EDGE('',*,*,#1497,.T.);
#1504 = CYLINDRICAL_SURFACE('',#1505,2.1844);
#1505 = AXIS2_PLACEMENT_3D('',#1506,#1507,#1508);
#1506 = CARTESIAN_POINT('',(210.5,199.,-17.));
#1507 = DIRECTION('',(-2.22044604925E-16,1.,0.));
#1508 = DIRECTION('',(0.,0.,1.));
#1509 = ADVANCED_FACE('',(#1510),#1529,.F.);
#1510 = FACE_BOUND('',#1511,.F.);
#1511 = EDGE_LOOP('',(#1512,#1521,#1527,#1528));
#1512 = ORIENTED_EDGE('',*,*,#1513,.F.);
#1513 = EDGE_CURVE('',#1514,#1514,#1516,.T.);
#1514 = VERTEX_POINT('',#1515);
#1515 = CARTESIAN_POINT('',(210.5,205.5,19.1844));
#1516 = CIRCLE('',#1517,2.1844);
#1517 = AXIS2_PLACEMENT_3D('',#1518,#1519,#1520);
#1518 = CARTESIAN_POINT('',(210.5,205.5,17.));
#1519 = DIRECTION('',(-2.22044604925E-16,1.,0.));
#1520 = DIRECTION('',(0.,0.,1.));
#1521 = ORIENTED_EDGE('',*,*,#1522,.F.);
#1522 = EDGE_CURVE('',#1326,#1514,#1523,.T.);
#1523 = LINE('',#1524,#1525);
#1524 = CARTESIAN_POINT('',(210.5,199.,19.1844));
#1525 = VECTOR('',#1526,1.);
#1526 = DIRECTION('',(-2.22044604925E-16,1.,0.));
#1527 = ORIENTED_EDGE('',*,*,#1325,.T.);
#1528 = ORIENTED_EDGE('',*,*,#1522,.T.);
#1529 = CYLINDRICAL_SURFACE('',#1530,2.1844);
#1530 = AXIS2_PLACEMENT_3D('',#1531,#1532,#1533);
#1531 = CARTESIAN_POINT('',(210.5,199.,17.));
#1532 = DIRECTION('',(-2.22044604925E-16,1.,0.));
#1533 = DIRECTION('',(0.,0.,1.));
#1534 = ADVANCED_FACE('',(#1535,#1541,#1552,#1563,#1574),#1585,.T.);
#1535 = FACE_BOUND('',#1536,.T.);
#1536 = EDGE_LOOP('',(#1537,#1538,#1539,#1540));
#1537 = ORIENTED_EDGE('',*,*,#1359,.F.);
#1538 = ORIENTED_EDGE('',*,*,#1399,.T.);
#1539 = ORIENTED_EDGE('',*,*,#1424,.T.);
#1540 = ORIENTED_EDGE('',*,*,#1375,.F.);
#1541 = FACE_BOUND('',#1542,.T.);
#1542 = EDGE_LOOP('',(#1543));
#1543 = ORIENTED_EDGE('',*,*,#1544,.F.);
#1544 = EDGE_CURVE('',#1545,#1545,#1547,.T.);
#1545 = VERTEX_POINT('',#1546);
#1546 = CARTESIAN_POINT('',(181.5,210.,-13.25));
#1547 = CIRCLE('',#1548,3.75);
#1548 = AXIS2_PLACEMENT_3D('',#1549,#1550,#1551);
#1549 = CARTESIAN_POINT('',(181.5,210.,-17.));
#1550 = DIRECTION('',(-2.22044604925E-16,1.,0.));
#1551 = DIRECTION('',(0.,0.,1.));
#1552 = FACE_BOUND('',#1553,.T.);
#1553 = EDGE_LOOP('',(#1554));
#1554 = ORIENTED_EDGE('',*,*,#1555,.F.);
#1555 = EDGE_CURVE('',#1556,#1556,#1558,.T.);
#1556 = VERTEX_POINT('',#1557);
#1557 = CARTESIAN_POINT('',(181.5,210.,20.75));
#1558 = CIRCLE('',#1559,3.75);
#1559 = AXIS2_PLACEMENT_3D('',#1560,#1561,#1562);
#1560 = CARTESIAN_POINT('',(181.5,210.,17.));
#1561 = DIRECTION('',(-2.22044604925E-16,1.,0.));
#1562 = DIRECTION('',(0.,0.,1.));
#1563 = FACE_BOUND('',#1564,.T.);
#1564 = EDGE_LOOP('',(#1565));
#1565 = ORIENTED_EDGE('',*,*,#1566,.F.);
#1566 = EDGE_CURVE('',#1567,#1567,#1569,.T.);
#1567 = VERTEX_POINT('',#1568);
#1568 = CARTESIAN_POINT('',(210.5,210.,-13.25));
#1569 = CIRCLE('',#1570,3.75);
#1570 = AXIS2_PLACEMENT_3D('',#1571,#1572,#1573);
#1571 = CARTESIAN_POINT('',(210.5,210.,-17.));
#1572 = DIRECTION('',(-2.22044604925E-16,1.,0.));
#1573 = DIRECTION('',(0.,0.,1.));
#1574 = FACE_BOUND('',#1575,.T.);
#1575 = EDGE_LOOP('',(#1576));
#1576 = ORIENTED_EDGE('',*,*,#1577,.F.);
#1577 = EDGE_CURVE('',#1578,#1578,#1580,.T.);
#1578 = VERTEX_POINT('',#1579);
#1579 = CARTESIAN_POINT('',(210.5,210.,20.75));
#1580 = CIRCLE('',#1581,3.75);
#1581 = AXIS2_PLACEMENT_3D('',#1582,#1583,#1584);
#1582 = CARTESIAN_POINT('',(210.5,210.,17.));
#1583 = DIRECTION('',(-2.22044604925E-16,1.,0.));
#1584 = DIRECTION('',(0.,0.,1.));
#1585 = PLANE('',#1586);
#1586 = AXIS2_PLACEMENT_3D('',#1587,#1588,#1589);
#1587 = CARTESIAN_POINT('',(216.2,210.,-23.));
#1588 = DIRECTION('',(-2.22044604925E-16,1.,0.));
#1589 = DIRECTION('',(0.,0.,1.));
#1590 = ADVANCED_FACE('',(#1591,#1602),#1605,.T.);
#1591 = FACE_BOUND('',#1592,.T.);
#1592 = EDGE_LOOP('',(#1593));
#1593 = ORIENTED_EDGE('',*,*,#1594,.T.);
#1594 = EDGE_CURVE('',#1595,#1595,#1597,.T.);
#1595 = VERTEX_POINT('',#1596);
#1596 = CARTESIAN_POINT('',(181.5,205.5,-13.25));
#1597 = CIRCLE('',#1598,3.75);
#1598 = AXIS2_PLACEMENT_3D('',#1599,#1600,#1601);
#1599 = CARTESIAN_POINT('',(181.5,205.5,-17.));
#1600 = DIRECTION('',(-2.22044604925E-16,1.,0.));
#1601 = DIRECTION('',(0.,0.,1.));
#1602 = FACE_BOUND('',#1603,.T.);
#1603 = EDGE_LOOP('',(#1604));
#1604 = ORIENTED_EDGE('',*,*,#1438,.F.);
#1605 = PLANE('',#1606);
#1606 = AXIS2_PLACEMENT_3D('',#1607,#1608,#1609);
#1607 = CARTESIAN_POINT('',(181.5,205.5,-17.));
#1608 = DIRECTION('',(-2.22044604925E-16,1.,0.));
#1609 = DIRECTION('',(0.,0.,1.));
#1610 = ADVANCED_FACE('',(#1611,#1622),#1625,.T.);
#1611 = FACE_BOUND('',#1612,.T.);
#1612 = EDGE_LOOP('',(#1613));
#1613 = ORIENTED_EDGE('',*,*,#1614,.T.);
#1614 = EDGE_CURVE('',#1615,#1615,#1617,.T.);
#1615 = VERTEX_POINT('',#1616);
#1616 = CARTESIAN_POINT('',(181.5,205.5,20.75));
#1617 = CIRCLE('',#1618,3.75);
#1618 = AXIS2_PLACEMENT_3D('',#1619,#1620,#1621);
#1619 = CARTESIAN_POINT('',(181.5,205.5,17.));
#1620 = DIRECTION('',(-2.22044604925E-16,1.,0.));
#1621 = DIRECTION('',(0.,0.,1.));
#1622 = FACE_BOUND('',#1623,.T.);
#1623 = EDGE_LOOP('',(#1624));
#1624 = ORIENTED_EDGE('',*,*,#1463,.F.);
#1625 = PLANE('',#1626);
#1626 = AXIS2_PLACEMENT_3D('',#1627,#1628,#1629);
#1627 = CARTESIAN_POINT('',(181.5,205.5,17.));
#1628 = DIRECTION('',(-2.22044604925E-16,1.,0.));
#1629 = DIRECTION('',(0.,0.,1.));
#1630 = ADVANCED_FACE('',(#1631,#1642),#1645,.T.);
#1631 = FACE_BOUND('',#1632,.T.);
#1632 = EDGE_LOOP('',(#1633));
#1633 = ORIENTED_EDGE('',*,*,#1634,.T.);
#1634 = EDGE_CURVE('',#1635,#1635,#1637,.T.);
#1635 = VERTEX_POINT('',#1636);
#1636 = CARTESIAN_POINT('',(210.5,205.5,-13.25));
#1637 = CIRCLE('',#1638,3.75);
#1638 = AXIS2_PLACEMENT_3D('',#1639,#1640,#1641);
#1639 = CARTESIAN_POINT('',(210.5,205.5,-17.));
#1640 = DIRECTION('',(-2.22044604925E-16,1.,0.));
#1641 = DIRECTION('',(0.,0.,1.));
#1642 = FACE_BOUND('',#1643,.T.);
#1643 = EDGE_LOOP('',(#1644));
#1644 = ORIENTED_EDGE('',*,*,#1488,.F.);
#1645 = PLANE('',#1646);
#1646 = AXIS2_PLACEMENT_3D('',#1647,#1648,#1649);
#1647 = CARTESIAN_POINT('',(210.5,205.5,-17.));
#1648 = DIRECTION('',(-2.22044604925E-16,1.,0.));
#1649 = DIRECTION('',(0.,0.,1.));
#1650 = ADVANCED_FACE('',(#1651,#1662),#1665,.T.);
#1651 = FACE_BOUND('',#1652,.T.);
#1652 = EDGE_LOOP('',(#1653));
#1653 = ORIENTED_EDGE('',*,*,#1654,.T.);
#1654 = EDGE_CURVE('',#1655,#1655,#1657,.T.);
#1655 = VERTEX_POINT('',#1656);
#1656 = CARTESIAN_POINT('',(210.5,205.5,20.75));
#1657 = CIRCLE('',#1658,3.75);
#1658 = AXIS2_PLACEMENT_3D('',#1659,#1660,#1661);
#1659 = CARTESIAN_POINT('',(210.5,205.5,17.));
#1660 = DIRECTION('',(-2.22044604925E-16,1.,0.));
#1661 = DIRECTION('',(0.,0.,1.));
#1662 = FACE_BOUND('',#1663,.T.);
#1663 = EDGE_LOOP('',(#1664));
#1664 = ORIENTED_EDGE('',*,*,#1513,.F.);
#1665 = PLANE('',#1666);
#1666 = AXIS2_PLACEMENT_3D('',#1667,#1668,#1669);
#1667 = CARTESIAN_POINT('',(210.5,205.5,17.));
#1668 = DIRECTION('',(-2.22044604925E-16,1.,0.));
#1669 = DIRECTION('',(0.,0.,1.));
#1670 = ADVANCED_FACE('',(#1671),#1682,.F.);
#1671 = FACE_BOUND('',#1672,.F.);
#1672 = EDGE_LOOP('',(#1673,#1674,#1680,#1681));
#1673 = ORIENTED_EDGE('',*,*,#1544,.F.);
#1674 = ORIENTED_EDGE('',*,*,#1675,.F.);
#1675 = EDGE_CURVE('',#1595,#1545,#1676,.T.);
#1676 = LINE('',#1677,#1678);
#1677 = CARTESIAN_POINT('',(181.5,205.5,-13.25));
#1678 = VECTOR('',#1679,1.);
#1679 = DIRECTION('',(-2.22044604925E-16,1.,0.));
#1680 = ORIENTED_EDGE('',*,*,#1594,.T.);
#1681 = ORIENTED_EDGE('',*,*,#1675,.T.);
#1682 = CYLINDRICAL_SURFACE('',#1683,3.75);
#1683 = AXIS2_PLACEMENT_3D('',#1684,#1685,#1686);
#1684 = CARTESIAN_POINT('',(181.5,205.5,-17.));
#1685 = DIRECTION('',(-2.22044604925E-16,1.,0.));
#1686 = DIRECTION('',(0.,0.,1.));
#1687 = ADVANCED_FACE('',(#1688),#1699,.F.);
#1688 = FACE_BOUND('',#1689,.F.);
#1689 = EDGE_LOOP('',(#1690,#1691,#1697,#1698));
#1690 = ORIENTED_EDGE('',*,*,#1555,.F.);
#1691 = ORIENTED_EDGE('',*,*,#1692,.F.);
#1692 = EDGE_CURVE('',#1615,#1556,#1693,.T.);
#1693 = LINE('',#1694,#1695);
#1694 = CARTESIAN_POINT('',(181.5,205.5,20.75));
#1695 = VECTOR('',#1696,1.);
#1696 = DIRECTION('',(-2.22044604925E-16,1.,0.));
#1697 = ORIENTED_EDGE('',*,*,#1614,.T.);
#1698 = ORIENTED_EDGE('',*,*,#1692,.T.);
#1699 = CYLINDRICAL_SURFACE('',#1700,3.75);
#1700 = AXIS2_PLACEMENT_3D('',#1701,#1702,#1703);
#1701 = CARTESIAN_POINT('',(181.5,205.5,17.));
#1702 = DIRECTION('',(-2.22044604925E-16,1.,0.));
#1703 = DIRECTION('',(0.,0.,1.));
#1704 = ADVANCED_FACE('',(#1705),#1716,.F.);
#1705 = FACE_BOUND('',#1706,.F.);
#1706 = EDGE_LOOP('',(#1707,#1708,#1714,#1715));
#1707 = ORIENTED_EDGE('',*,*,#1566,.F.);
#1708 = ORIENTED_EDGE('',*,*,#1709,.F.);
#1709 = EDGE_CURVE('',#1635,#1567,#1710,.T.);
#1710 = LINE('',#1711,#1712);
#1711 = CARTESIAN_POINT('',(210.5,205.5,-13.25));
#1712 = VECTOR('',#1713,1.);
#1713 = DIRECTION('',(-2.22044604925E-16,1.,0.));
#1714 = ORIENTED_EDGE('',*,*,#1634,.T.);
#1715 = ORIENTED_EDGE('',*,*,#1709,.T.);
#1716 = CYLINDRICAL_SURFACE('',#1717,3.75);
#1717 = AXIS2_PLACEMENT_3D('',#1718,#1719,#1720);
#1718 = CARTESIAN_POINT('',(210.5,205.5,-17.));
#1719 = DIRECTION('',(-2.22044604925E-16,1.,0.));
#1720 = DIRECTION('',(0.,0.,1.));
#1721 = ADVANCED_FACE('',(#1722),#1733,.F.);
#1722 = FACE_BOUND('',#1723,.F.);
#1723 = EDGE_LOOP('',(#1724,#1725,#1731,#1732));
#1724 = ORIENTED_EDGE('',*,*,#1577,.F.);
#1725 = ORIENTED_EDGE('',*,*,#1726,.F.);
#1726 = EDGE_CURVE('',#1655,#1578,#1727,.T.);
#1727 = LINE('',#1728,#1729);
#1728 = CARTESIAN_POINT('',(210.5,205.5,20.75));
#1729 = VECTOR('',#1730,1.);
#1730 = DIRECTION('',(-2.22044604925E-16,1.,0.));
#1731 = ORIENTED_EDGE('',*,*,#1654,.T.);
#1732 = ORIENTED_EDGE('',*,*,#1726,.T.);
#1733 = CYLINDRICAL_SURFACE('',#1734,3.75);
#1734 = AXIS2_PLACEMENT_3D('',#1735,#1736,#1737);
#1735 = CARTESIAN_POINT('',(210.5,205.5,17.));
#1736 = DIRECTION('',(-2.22044604925E-16,1.,0.));
#1737 = DIRECTION('',(0.,0.,1.));
#1738 = MANIFOLD_SOLID_BREP('',#1739);
#1739 = CLOSED_SHELL('',(#1740,#1824,#1855,#1879,#1903,#1920,#1945,#1970
    ,#1995,#2020,#2076,#2096,#2116,#2136,#2156,#2173,#2190,#2207));
#1740 = ADVANCED_FACE('',(#1741,#1775,#1786,#1797,#1808),#1819,.F.);
#1741 = FACE_BOUND('',#1742,.F.);
#1742 = EDGE_LOOP('',(#1743,#1753,#1761,#1769));
#1743 = ORIENTED_EDGE('',*,*,#1744,.F.);
#1744 = EDGE_CURVE('',#1745,#1747,#1749,.T.);
#1745 = VERTEX_POINT('',#1746);
#1746 = CARTESIAN_POINT('',(175.8,124.,-23.));
#1747 = VERTEX_POINT('',#1748);
#1748 = CARTESIAN_POINT('',(175.8,124.,25.));
#1749 = LINE('',#1750,#1751);
#1750 = CARTESIAN_POINT('',(175.8,124.,-23.));
#1751 = VECTOR('',#1752,1.);
#1752 = DIRECTION('',(0.,0.,1.));
#1753 = ORIENTED_EDGE('',*,*,#1754,.T.);
#1754 = EDGE_CURVE('',#1745,#1755,#1757,.T.);
#1755 = VERTEX_POINT('',#1756);
#1756 = CARTESIAN_POINT('',(216.2,124.,-23.));
#1757 = LINE('',#1758,#1759);
#1758 = CARTESIAN_POINT('',(175.8,124.,-23.));
#1759 = VECTOR('',#1760,1.);
#1760 = DIRECTION('',(1.,-2.22044604925E-16,0.));
#1761 = ORIENTED_EDGE('',*,*,#1762,.T.);
#1762 = EDGE_CURVE('',#1755,#1763,#1765,.T.);
#1763 = VERTEX_POINT('',#1764);
#1764 = CARTESIAN_POINT('',(216.2,124.,25.));
#1765 = LINE('',#1766,#1767);
#1766 = CARTESIAN_POINT('',(216.2,124.,-23.));
#1767 = VECTOR('',#1768,1.);
#1768 = DIRECTION('',(0.,0.,1.));
#1769 = ORIENTED_EDGE('',*,*,#1770,.F.);
#1770 = EDGE_CURVE('',#1747,#1763,#1771,.T.);
#1771 = LINE('',#1772,#1773);
#1772 = CARTESIAN_POINT('',(175.8,124.,25.));
#1773 = VECTOR('',#1774,1.);
#1774 = DIRECTION('',(1.,-2.22044604925E-16,0.));
#1775 = FACE_BOUND('',#1776,.F.);
#1776 = EDGE_LOOP('',(#1777));
#1777 = ORIENTED_EDGE('',*,*,#1778,.F.);
#1778 = EDGE_CURVE('',#1779,#1779,#1781,.T.);
#1779 = VERTEX_POINT('',#1780);
#1780 = CARTESIAN_POINT('',(210.5,124.,-14.8156));
#1781 = CIRCLE('',#1782,2.1844);
#1782 = AXIS2_PLACEMENT_3D('',#1783,#1784,#1785);
#1783 = CARTESIAN_POINT('',(210.5,124.,-17.));
#1784 = DIRECTION('',(-2.22044604925E-16,-1.,0.));
#1785 = DIRECTION('',(0.,0.,1.));
#1786 = FACE_BOUND('',#1787,.F.);
#1787 = EDGE_LOOP('',(#1788));
#1788 = ORIENTED_EDGE('',*,*,#1789,.F.);
#1789 = EDGE_CURVE('',#1790,#1790,#1792,.T.);
#1790 = VERTEX_POINT('',#1791);
#1791 = CARTESIAN_POINT('',(210.5,124.,19.1844));
#1792 = CIRCLE('',#1793,2.1844);
#1793 = AXIS2_PLACEMENT_3D('',#1794,#1795,#1796);
#1794 = CARTESIAN_POINT('',(210.5,124.,17.));
#1795 = DIRECTION('',(-2.22044604925E-16,-1.,0.));
#1796 = DIRECTION('',(0.,0.,1.));
#1797 = FACE_BOUND('',#1798,.F.);
#1798 = EDGE_LOOP('',(#1799));
#1799 = ORIENTED_EDGE('',*,*,#1800,.F.);
#1800 = EDGE_CURVE('',#1801,#1801,#1803,.T.);
#1801 = VERTEX_POINT('',#1802);
#1802 = CARTESIAN_POINT('',(181.5,124.,-14.8156));
#1803 = CIRCLE('',#1804,2.1844);
#1804 = AXIS2_PLACEMENT_3D('',#1805,#1806,#1807);
#1805 = CARTESIAN_POINT('',(181.5,124.,-17.));
#1806 = DIRECTION('',(-2.22044604925E-16,-1.,0.));
#1807 = DIRECTION('',(0.,0.,1.));
#1808 = FACE_BOUND('',#1809,.F.);
#1809 = EDGE_LOOP('',(#1810));
#1810 = ORIENTED_EDGE('',*,*,#1811,.F.);
#1811 = EDGE_CURVE('',#1812,#1812,#1814,.T.);
#1812 = VERTEX_POINT('',#1813);
#1813 = CARTESIAN_POINT('',(181.5,124.,19.1844));
#1814 = CIRCLE('',#1815,2.1844);
#1815 = AXIS2_PLACEMENT_3D('',#1816,#1817,#1818);
#1816 = CARTESIAN_POINT('',(181.5,124.,17.));
#1817 = DIRECTION('',(-2.22044604925E-16,-1.,0.));
#1818 = DIRECTION('',(0.,0.,1.));
#1819 = PLANE('',#1820);
#1820 = AXIS2_PLACEMENT_3D('',#1821,#1822,#1823);
#1821 = CARTESIAN_POINT('',(175.8,124.,-23.));
#1822 = DIRECTION('',(-2.22044604925E-16,-1.,0.));
#1823 = DIRECTION('',(0.,0.,1.));
#1824 = ADVANCED_FACE('',(#1825),#1850,.F.);
#1825 = FACE_BOUND('',#1826,.F.);
#1826 = EDGE_LOOP('',(#1827,#1835,#1836,#1844));
#1827 = ORIENTED_EDGE('',*,*,#1828,.F.);
#1828 = EDGE_CURVE('',#1745,#1829,#1831,.T.);
#1829 = VERTEX_POINT('',#1830);
#1830 = CARTESIAN_POINT('',(175.8,114.,-23.));
#1831 = LINE('',#1832,#1833);
#1832 = CARTESIAN_POINT('',(175.8,124.,-23.));
#1833 = VECTOR('',#1834,1.);
#1834 = DIRECTION('',(-2.22044604925E-16,-1.,0.));
#1835 = ORIENTED_EDGE('',*,*,#1744,.T.);
#1836 = ORIENTED_EDGE('',*,*,#1837,.T.);
#1837 = EDGE_CURVE('',#1747,#1838,#1840,.T.);
#1838 = VERTEX_POINT('',#1839);
#1839 = CARTESIAN_POINT('',(175.8,114.,25.));
#1840 = LINE('',#1841,#1842);
#1841 = CARTESIAN_POINT('',(175.8,124.,25.));
#1842 = VECTOR('',#1843,1.);
#1843 = DIRECTION('',(-2.22044604925E-16,-1.,0.));
#1844 = ORIENTED_EDGE('',*,*,#1845,.F.);
#1845 = EDGE_CURVE('',#1829,#1838,#1846,.T.);
#1846 = LINE('',#1847,#1848);
#1847 = CARTESIAN_POINT('',(175.8,114.,-23.));
#1848 = VECTOR('',#1849,1.);
#1849 = DIRECTION('',(0.,0.,1.));
#1850 = PLANE('',#1851);
#1851 = AXIS2_PLACEMENT_3D('',#1852,#1853,#1854);
#1852 = CARTESIAN_POINT('',(175.8,124.,-23.));
#1853 = DIRECTION('',(1.,-2.22044604925E-16,0.));
#1854 = DIRECTION('',(0.,0.,1.));
#1855 = ADVANCED_FACE('',(#1856),#1874,.T.);
#1856 = FACE_BOUND('',#1857,.T.);
#1857 = EDGE_LOOP('',(#1858,#1859,#1860,#1868));
#1858 = ORIENTED_EDGE('',*,*,#1770,.F.);
#1859 = ORIENTED_EDGE('',*,*,#1837,.T.);
#1860 = ORIENTED_EDGE('',*,*,#1861,.T.);
#1861 = EDGE_CURVE('',#1838,#1862,#1864,.T.);
#1862 = VERTEX_POINT('',#1863);
#1863 = CARTESIAN_POINT('',(216.2,114.,25.));
#1864 = LINE('',#1865,#1866);
#1865 = CARTESIAN_POINT('',(175.8,114.,25.));
#1866 = VECTOR('',#1867,1.);
#1867 = DIRECTION('',(1.,-2.22044604925E-16,0.));
#1868 = ORIENTED_EDGE('',*,*,#1869,.F.);
#1869 = EDGE_CURVE('',#1763,#1862,#1870,.T.);
#1870 = LINE('',#1871,#1872);
#1871 = CARTESIAN_POINT('',(216.2,124.,25.));
#1872 = VECTOR('',#1873,1.);
#1873 = DIRECTION('',(-2.22044604925E-16,-1.,0.));
#1874 = PLANE('',#1875);
#1875 = AXIS2_PLACEMENT_3D('',#1876,#1877,#1878);
#1876 = CARTESIAN_POINT('',(175.8,124.,25.));
#1877 = DIRECTION('',(0.,0.,1.));
#1878 = DIRECTION('',(-2.22044604925E-16,-1.,0.));
#1879 = ADVANCED_FACE('',(#1880),#1898,.F.);
#1880 = FACE_BOUND('',#1881,.F.);
#1881 = EDGE_LOOP('',(#1882,#1883,#1884,#1892));
#1882 = ORIENTED_EDGE('',*,*,#1754,.F.);
#1883 = ORIENTED_EDGE('',*,*,#1828,.T.);
#1884 = ORIENTED_EDGE('',*,*,#1885,.T.);
#1885 = EDGE_CURVE('',#1829,#1886,#1888,.T.);
#1886 = VERTEX_POINT('',#1887);
#1887 = CARTESIAN_POINT('',(216.2,114.,-23.));
#1888 = LINE('',#1889,#1890);
#1889 = CARTESIAN_POINT('',(175.8,114.,-23.));
#1890 = VECTOR('',#1891,1.);
#1891 = DIRECTION('',(1.,-2.22044604925E-16,0.));
#1892 = ORIENTED_EDGE('',*,*,#1893,.F.);
#1893 = EDGE_CURVE('',#1755,#1886,#1894,.T.);
#1894 = LINE('',#1895,#1896);
#1895 = CARTESIAN_POINT('',(216.2,124.,-23.));
#1896 = VECTOR('',#1897,1.);
#1897 = DIRECTION('',(-2.22044604925E-16,-1.,0.));
#1898 = PLANE('',#1899);
#1899 = AXIS2_PLACEMENT_3D('',#1900,#1901,#1902);
#1900 = CARTESIAN_POINT('',(175.8,124.,-23.));
#1901 = DIRECTION('',(0.,0.,1.));
#1902 = DIRECTION('',(-2.22044604925E-16,-1.,0.));
#1903 = ADVANCED_FACE('',(#1904),#1915,.T.);
#1904 = FACE_BOUND('',#1905,.T.);
#1905 = EDGE_LOOP('',(#1906,#1907,#1908,#1909));
#1906 = ORIENTED_EDGE('',*,*,#1893,.F.);
#1907 = ORIENTED_EDGE('',*,*,#1762,.T.);
#1908 = ORIENTED_EDGE('',*,*,#1869,.T.);
#1909 = ORIENTED_EDGE('',*,*,#1910,.F.);
#1910 = EDGE_CURVE('',#1886,#1862,#1911,.T.);
#1911 = LINE('',#1912,#1913);
#1912 = CARTESIAN_POINT('',(216.2,114.,-23.));
#1913 = VECTOR('',#1914,1.);
#1914 = DIRECTION('',(0.,0.,1.));
#1915 = PLANE('',#1916);
#1916 = AXIS2_PLACEMENT_3D('',#1917,#1918,#1919);
#1917 = CARTESIAN_POINT('',(216.2,124.,-23.));
#1918 = DIRECTION('',(1.,-2.22044604925E-16,0.));
#1919 = DIRECTION('',(0.,0.,1.));
#1920 = ADVANCED_FACE('',(#1921),#1940,.F.);
#1921 = FACE_BOUND('',#1922,.F.);
#1922 = EDGE_LOOP('',(#1923,#1932,#1938,#1939));
#1923 = ORIENTED_EDGE('',*,*,#1924,.F.);
#1924 = EDGE_CURVE('',#1925,#1925,#1927,.T.);
#1925 = VERTEX_POINT('',#1926);
#1926 = CARTESIAN_POINT('',(210.5,118.5,-14.8156));
#1927 = CIRCLE('',#1928,2.1844);
#1928 = AXIS2_PLACEMENT_3D('',#1929,#1930,#1931);
#1929 = CARTESIAN_POINT('',(210.5,118.5,-17.));
#1930 = DIRECTION('',(-2.22044604925E-16,-1.,0.));
#1931 = DIRECTION('',(0.,0.,1.));
#1932 = ORIENTED_EDGE('',*,*,#1933,.F.);
#1933 = EDGE_CURVE('',#1779,#1925,#1934,.T.);
#1934 = LINE('',#1935,#1936);
#1935 = CARTESIAN_POINT('',(210.5,125.,-14.8156));
#1936 = VECTOR('',#1937,1.);
#1937 = DIRECTION('',(-2.22044604925E-16,-1.,0.));
#1938 = ORIENTED_EDGE('',*,*,#1778,.T.);
#1939 = ORIENTED_EDGE('',*,*,#1933,.T.);
#1940 = CYLINDRICAL_SURFACE('',#1941,2.1844);
#1941 = AXIS2_PLACEMENT_3D('',#1942,#1943,#1944);
#1942 = CARTESIAN_POINT('',(210.5,125.,-17.));
#1943 = DIRECTION('',(-2.22044604925E-16,-1.,0.));
#1944 = DIRECTION('',(0.,0.,1.));
#1945 = ADVANCED_FACE('',(#1946),#1965,.F.);
#1946 = FACE_BOUND('',#1947,.F.);
#1947 = EDGE_LOOP('',(#1948,#1957,#1963,#1964));
#1948 = ORIENTED_EDGE('',*,*,#1949,.F.);
#1949 = EDGE_CURVE('',#1950,#1950,#1952,.T.);
#1950 = VERTEX_POINT('',#1951);
#1951 = CARTESIAN_POINT('',(210.5,118.5,19.1844));
#1952 = CIRCLE('',#1953,2.1844);
#1953 = AXIS2_PLACEMENT_3D('',#1954,#1955,#1956);
#1954 = CARTESIAN_POINT('',(210.5,118.5,17.));
#1955 = DIRECTION('',(-2.22044604925E-16,-1.,0.));
#1956 = DIRECTION('',(0.,0.,1.));
#1957 = ORIENTED_EDGE('',*,*,#1958,.F.);
#1958 = EDGE_CURVE('',#1790,#1950,#1959,.T.);
#1959 = LINE('',#1960,#1961);
#1960 = CARTESIAN_POINT('',(210.5,125.,19.1844));
#1961 = VECTOR('',#1962,1.);
#1962 = DIRECTION('',(-2.22044604925E-16,-1.,0.));
#1963 = ORIENTED_EDGE('',*,*,#1789,.T.);
#1964 = ORIENTED_EDGE('',*,*,#1958,.T.);
#1965 = CYLINDRICAL_SURFACE('',#1966,2.1844);
#1966 = AXIS2_PLACEMENT_3D('',#1967,#1968,#1969);
#1967 = CARTESIAN_POINT('',(210.5,125.,17.));
#1968 = DIRECTION('',(-2.22044604925E-16,-1.,0.));
#1969 = DIRECTION('',(0.,0.,1.));
#1970 = ADVANCED_FACE('',(#1971),#1990,.F.);
#1971 = FACE_BOUND('',#1972,.F.);
#1972 = EDGE_LOOP('',(#1973,#1982,#1988,#1989));
#1973 = ORIENTED_EDGE('',*,*,#1974,.F.);
#1974 = EDGE_CURVE('',#1975,#1975,#1977,.T.);
#1975 = VERTEX_POINT('',#1976);
#1976 = CARTESIAN_POINT('',(181.5,118.5,-14.8156));
#1977 = CIRCLE('',#1978,2.1844);
#1978 = AXIS2_PLACEMENT_3D('',#1979,#1980,#1981);
#1979 = CARTESIAN_POINT('',(181.5,118.5,-17.));
#1980 = DIRECTION('',(-2.22044604925E-16,-1.,0.));
#1981 = DIRECTION('',(0.,0.,1.));
#1982 = ORIENTED_EDGE('',*,*,#1983,.F.);
#1983 = EDGE_CURVE('',#1801,#1975,#1984,.T.);
#1984 = LINE('',#1985,#1986);
#1985 = CARTESIAN_POINT('',(181.5,125.,-14.8156));
#1986 = VECTOR('',#1987,1.);
#1987 = DIRECTION('',(-2.22044604925E-16,-1.,0.));
#1988 = ORIENTED_EDGE('',*,*,#1800,.T.);
#1989 = ORIENTED_EDGE('',*,*,#1983,.T.);
#1990 = CYLINDRICAL_SURFACE('',#1991,2.1844);
#1991 = AXIS2_PLACEMENT_3D('',#1992,#1993,#1994);
#1992 = CARTESIAN_POINT('',(181.5,125.,-17.));
#1993 = DIRECTION('',(-2.22044604925E-16,-1.,0.));
#1994 = DIRECTION('',(0.,0.,1.));
#1995 = ADVANCED_FACE('',(#1996),#2015,.F.);
#1996 = FACE_BOUND('',#1997,.F.);
#1997 = EDGE_LOOP('',(#1998,#2007,#2013,#2014));
#1998 = ORIENTED_EDGE('',*,*,#1999,.F.);
#1999 = EDGE_CURVE('',#2000,#2000,#2002,.T.);
#2000 = VERTEX_POINT('',#2001);
#2001 = CARTESIAN_POINT('',(181.5,118.5,19.1844));
#2002 = CIRCLE('',#2003,2.1844);
#2003 = AXIS2_PLACEMENT_3D('',#2004,#2005,#2006);
#2004 = CARTESIAN_POINT('',(181.5,118.5,17.));
#2005 = DIRECTION('',(-2.22044604925E-16,-1.,0.));
#2006 = DIRECTION('',(0.,0.,1.));
#2007 = ORIENTED_EDGE('',*,*,#2008,.F.);
#2008 = EDGE_CURVE('',#1812,#2000,#2009,.T.);
#2009 = LINE('',#2010,#2011);
#2010 = CARTESIAN_POINT('',(181.5,125.,19.1844));
#2011 = VECTOR('',#2012,1.);
#2012 = DIRECTION('',(-2.22044604925E-16,-1.,0.));
#2013 = ORIENTED_EDGE('',*,*,#1811,.T.);
#2014 = ORIENTED_EDGE('',*,*,#2008,.T.);
#2015 = CYLINDRICAL_SURFACE('',#2016,2.1844);
#2016 = AXIS2_PLACEMENT_3D('',#2017,#2018,#2019);
#2017 = CARTESIAN_POINT('',(181.5,125.,17.));
#2018 = DIRECTION('',(-2.22044604925E-16,-1.,0.));
#2019 = DIRECTION('',(0.,0.,1.));
#2020 = ADVANCED_FACE('',(#2021,#2027,#2038,#2049,#2060),#2071,.T.);
#2021 = FACE_BOUND('',#2022,.T.);
#2022 = EDGE_LOOP('',(#2023,#2024,#2025,#2026));
#2023 = ORIENTED_EDGE('',*,*,#1845,.F.);
#2024 = ORIENTED_EDGE('',*,*,#1885,.T.);
#2025 = ORIENTED_EDGE('',*,*,#1910,.T.);
#2026 = ORIENTED_EDGE('',*,*,#1861,.F.);
#2027 = FACE_BOUND('',#2028,.T.);
#2028 = EDGE_LOOP('',(#2029));
#2029 = ORIENTED_EDGE('',*,*,#2030,.F.);
#2030 = EDGE_CURVE('',#2031,#2031,#2033,.T.);
#2031 = VERTEX_POINT('',#2032);
#2032 = CARTESIAN_POINT('',(210.5,114.,-13.25));
#2033 = CIRCLE('',#2034,3.75);
#2034 = AXIS2_PLACEMENT_3D('',#2035,#2036,#2037);
#2035 = CARTESIAN_POINT('',(210.5,114.,-17.));
#2036 = DIRECTION('',(-2.22044604925E-16,-1.,0.));
#2037 = DIRECTION('',(0.,0.,1.));
#2038 = FACE_BOUND('',#2039,.T.);
#2039 = EDGE_LOOP('',(#2040));
#2040 = ORIENTED_EDGE('',*,*,#2041,.F.);
#2041 = EDGE_CURVE('',#2042,#2042,#2044,.T.);
#2042 = VERTEX_POINT('',#2043);
#2043 = CARTESIAN_POINT('',(210.5,114.,20.75));
#2044 = CIRCLE('',#2045,3.75);
#2045 = AXIS2_PLACEMENT_3D('',#2046,#2047,#2048);
#2046 = CARTESIAN_POINT('',(210.5,114.,17.));
#2047 = DIRECTION('',(-2.22044604925E-16,-1.,0.));
#2048 = DIRECTION('',(0.,0.,1.));
#2049 = FACE_BOUND('',#2050,.T.);
#2050 = EDGE_LOOP('',(#2051));
#2051 = ORIENTED_EDGE('',*,*,#2052,.F.);
#2052 = EDGE_CURVE('',#2053,#2053,#2055,.T.);
#2053 = VERTEX_POINT('',#2054);
#2054 = CARTESIAN_POINT('',(181.5,114.,-13.25));
#2055 = CIRCLE('',#2056,3.75);
#2056 = AXIS2_PLACEMENT_3D('',#2057,#2058,#2059);
#2057 = CARTESIAN_POINT('',(181.5,114.,-17.));
#2058 = DIRECTION('',(-2.22044604925E-16,-1.,0.));
#2059 = DIRECTION('',(0.,0.,1.));
#2060 = FACE_BOUND('',#2061,.T.);
#2061 = EDGE_LOOP('',(#2062));
#2062 = ORIENTED_EDGE('',*,*,#2063,.F.);
#2063 = EDGE_CURVE('',#2064,#2064,#2066,.T.);
#2064 = VERTEX_POINT('',#2065);
#2065 = CARTESIAN_POINT('',(181.5,114.,20.75));
#2066 = CIRCLE('',#2067,3.75);
#2067 = AXIS2_PLACEMENT_3D('',#2068,#2069,#2070);
#2068 = CARTESIAN_POINT('',(181.5,114.,17.));
#2069 = DIRECTION('',(-2.22044604925E-16,-1.,0.));
#2070 = DIRECTION('',(0.,0.,1.));
#2071 = PLANE('',#2072);
#2072 = AXIS2_PLACEMENT_3D('',#2073,#2074,#2075);
#2073 = CARTESIAN_POINT('',(175.8,114.,-23.));
#2074 = DIRECTION('',(-2.22044604925E-16,-1.,0.));
#2075 = DIRECTION('',(0.,0.,1.));
#2076 = ADVANCED_FACE('',(#2077,#2088),#2091,.T.);
#2077 = FACE_BOUND('',#2078,.T.);
#2078 = EDGE_LOOP('',(#2079));
#2079 = ORIENTED_EDGE('',*,*,#2080,.T.);
#2080 = EDGE_CURVE('',#2081,#2081,#2083,.T.);
#2081 = VERTEX_POINT('',#2082);
#2082 = CARTESIAN_POINT('',(210.5,118.5,-13.25));
#2083 = CIRCLE('',#2084,3.75);
#2084 = AXIS2_PLACEMENT_3D('',#2085,#2086,#2087);
#2085 = CARTESIAN_POINT('',(210.5,118.5,-17.));
#2086 = DIRECTION('',(-2.22044604925E-16,-1.,0.));
#2087 = DIRECTION('',(0.,0.,1.));
#2088 = FACE_BOUND('',#2089,.T.);
#2089 = EDGE_LOOP('',(#2090));
#2090 = ORIENTED_EDGE('',*,*,#1924,.F.);
#2091 = PLANE('',#2092);
#2092 = AXIS2_PLACEMENT_3D('',#2093,#2094,#2095);
#2093 = CARTESIAN_POINT('',(210.5,118.5,-17.));
#2094 = DIRECTION('',(-2.22044604925E-16,-1.,0.));
#2095 = DIRECTION('',(0.,0.,1.));
#2096 = ADVANCED_FACE('',(#2097,#2108),#2111,.T.);
#2097 = FACE_BOUND('',#2098,.T.);
#2098 = EDGE_LOOP('',(#2099));
#2099 = ORIENTED_EDGE('',*,*,#2100,.T.);
#2100 = EDGE_CURVE('',#2101,#2101,#2103,.T.);
#2101 = VERTEX_POINT('',#2102);
#2102 = CARTESIAN_POINT('',(210.5,118.5,20.75));
#2103 = CIRCLE('',#2104,3.75);
#2104 = AXIS2_PLACEMENT_3D('',#2105,#2106,#2107);
#2105 = CARTESIAN_POINT('',(210.5,118.5,17.));
#2106 = DIRECTION('',(-2.22044604925E-16,-1.,0.));
#2107 = DIRECTION('',(0.,0.,1.));
#2108 = FACE_BOUND('',#2109,.T.);
#2109 = EDGE_LOOP('',(#2110));
#2110 = ORIENTED_EDGE('',*,*,#1949,.F.);
#2111 = PLANE('',#2112);
#2112 = AXIS2_PLACEMENT_3D('',#2113,#2114,#2115);
#2113 = CARTESIAN_POINT('',(210.5,118.5,17.));
#2114 = DIRECTION('',(-2.22044604925E-16,-1.,0.));
#2115 = DIRECTION('',(0.,0.,1.));
#2116 = ADVANCED_FACE('',(#2117,#2128),#2131,.T.);
#2117 = FACE_BOUND('',#2118,.T.);
#2118 = EDGE_LOOP('',(#2119));
#2119 = ORIENTED_EDGE('',*,*,#2120,.T.);
#2120 = EDGE_CURVE('',#2121,#2121,#2123,.T.);
#2121 = VERTEX_POINT('',#2122);
#2122 = CARTESIAN_POINT('',(181.5,118.5,-13.25));
#2123 = CIRCLE('',#2124,3.75);
#2124 = AXIS2_PLACEMENT_3D('',#2125,#2126,#2127);
#2125 = CARTESIAN_POINT('',(181.5,118.5,-17.));
#2126 = DIRECTION('',(-2.22044604925E-16,-1.,0.));
#2127 = DIRECTION('',(0.,0.,1.));
#2128 = FACE_BOUND('',#2129,.T.);
#2129 = EDGE_LOOP('',(#2130));
#2130 = ORIENTED_EDGE('',*,*,#1974,.F.);
#2131 = PLANE('',#2132);
#2132 = AXIS2_PLACEMENT_3D('',#2133,#2134,#2135);
#2133 = CARTESIAN_POINT('',(181.5,118.5,-17.));
#2134 = DIRECTION('',(-2.22044604925E-16,-1.,0.));
#2135 = DIRECTION('',(0.,0.,1.));
#2136 = ADVANCED_FACE('',(#2137,#2148),#2151,.T.);
#2137 = FACE_BOUND('',#2138,.T.);
#2138 = EDGE_LOOP('',(#2139));
#2139 = ORIENTED_EDGE('',*,*,#2140,.T.);
#2140 = EDGE_CURVE('',#2141,#2141,#2143,.T.);
#2141 = VERTEX_POINT('',#2142);
#2142 = CARTESIAN_POINT('',(181.5,118.5,20.75));
#2143 = CIRCLE('',#2144,3.75);
#2144 = AXIS2_PLACEMENT_3D('',#2145,#2146,#2147);
#2145 = CARTESIAN_POINT('',(181.5,118.5,17.));
#2146 = DIRECTION('',(-2.22044604925E-16,-1.,0.));
#2147 = DIRECTION('',(0.,0.,1.));
#2148 = FACE_BOUND('',#2149,.T.);
#2149 = EDGE_LOOP('',(#2150));
#2150 = ORIENTED_EDGE('',*,*,#1999,.F.);
#2151 = PLANE('',#2152);
#2152 = AXIS2_PLACEMENT_3D('',#2153,#2154,#2155);
#2153 = CARTESIAN_POINT('',(181.5,118.5,17.));
#2154 = DIRECTION('',(-2.22044604925E-16,-1.,0.));
#2155 = DIRECTION('',(0.,0.,1.));
#2156 = ADVANCED_FACE('',(#2157),#2168,.F.);
#2157 = FACE_BOUND('',#2158,.F.);
#2158 = EDGE_LOOP('',(#2159,#2160,#2166,#2167));
#2159 = ORIENTED_EDGE('',*,*,#2030,.F.);
#2160 = ORIENTED_EDGE('',*,*,#2161,.F.);
#2161 = EDGE_CURVE('',#2081,#2031,#2162,.T.);
#2162 = LINE('',#2163,#2164);
#2163 = CARTESIAN_POINT('',(210.5,118.5,-13.25));
#2164 = VECTOR('',#2165,1.);
#2165 = DIRECTION('',(-2.22044604925E-16,-1.,0.));
#2166 = ORIENTED_EDGE('',*,*,#2080,.T.);
#2167 = ORIENTED_EDGE('',*,*,#2161,.T.);
#2168 = CYLINDRICAL_SURFACE('',#2169,3.75);
#2169 = AXIS2_PLACEMENT_3D('',#2170,#2171,#2172);
#2170 = CARTESIAN_POINT('',(210.5,118.5,-17.));
#2171 = DIRECTION('',(-2.22044604925E-16,-1.,0.));
#2172 = DIRECTION('',(0.,0.,1.));
#2173 = ADVANCED_FACE('',(#2174),#2185,.F.);
#2174 = FACE_BOUND('',#2175,.F.);
#2175 = EDGE_LOOP('',(#2176,#2177,#2183,#2184));
#2176 = ORIENTED_EDGE('',*,*,#2041,.F.);
#2177 = ORIENTED_EDGE('',*,*,#2178,.F.);
#2178 = EDGE_CURVE('',#2101,#2042,#2179,.T.);
#2179 = LINE('',#2180,#2181);
#2180 = CARTESIAN_POINT('',(210.5,118.5,20.75));
#2181 = VECTOR('',#2182,1.);
#2182 = DIRECTION('',(-2.22044604925E-16,-1.,0.));
#2183 = ORIENTED_EDGE('',*,*,#2100,.T.);
#2184 = ORIENTED_EDGE('',*,*,#2178,.T.);
#2185 = CYLINDRICAL_SURFACE('',#2186,3.75);
#2186 = AXIS2_PLACEMENT_3D('',#2187,#2188,#2189);
#2187 = CARTESIAN_POINT('',(210.5,118.5,17.));
#2188 = DIRECTION('',(-2.22044604925E-16,-1.,0.));
#2189 = DIRECTION('',(0.,0.,1.));
#2190 = ADVANCED_FACE('',(#2191),#2202,.F.);
#2191 = FACE_BOUND('',#2192,.F.);
#2192 = EDGE_LOOP('',(#2193,#2194,#2200,#2201));
#2193 = ORIENTED_EDGE('',*,*,#2052,.F.);
#2194 = ORIENTED_EDGE('',*,*,#2195,.F.);
#2195 = EDGE_CURVE('',#2121,#2053,#2196,.T.);
#2196 = LINE('',#2197,#2198);
#2197 = CARTESIAN_POINT('',(181.5,118.5,-13.25));
#2198 = VECTOR('',#2199,1.);
#2199 = DIRECTION('',(-2.22044604925E-16,-1.,0.));
#2200 = ORIENTED_EDGE('',*,*,#2120,.T.);
#2201 = ORIENTED_EDGE('',*,*,#2195,.T.);
#2202 = CYLINDRICAL_SURFACE('',#2203,3.75);
#2203 = AXIS2_PLACEMENT_3D('',#2204,#2205,#2206);
#2204 = CARTESIAN_POINT('',(181.5,118.5,-17.));
#2205 = DIRECTION('',(-2.22044604925E-16,-1.,0.));
#2206 = DIRECTION('',(0.,0.,1.));
#2207 = ADVANCED_FACE('',(#2208),#2219,.F.);
#2208 = FACE_BOUND('',#2209,.F.);
#2209 = EDGE_LOOP('',(#2210,#2211,#2217,#2218));
#2210 = ORIENTED_EDGE('',*,*,#2063,.F.);
#2211 = ORIENTED_EDGE('',*,*,#2212,.F.);
#2212 = EDGE_CURVE('',#2141,#2064,#2213,.T.);
#2213 = LINE('',#2214,#2215);
#2214 = CARTESIAN_POINT('',(181.5,118.5,20.75));
#2215 = VECTOR('',#2216,1.);
#2216 = DIRECTION('',(-2.22044604925E-16,-1.,0.));
#2217 = ORIENTED_EDGE('',*,*,#2140,.T.);
#2218 = ORIENTED_EDGE('',*,*,#2212,.T.);
#2219 = CYLINDRICAL_SURFACE('',#2220,3.75);
#2220 = AXIS2_PLACEMENT_3D('',#2221,#2222,#2223);
#2221 = CARTESIAN_POINT('',(181.5,118.5,17.));
#2222 = DIRECTION('',(-2.22044604925E-16,-1.,0.));
#2223 = DIRECTION('',(0.,0.,1.));
#2224 = MANIFOLD_SOLID_BREP('',#2225);
#2225 = CLOSED_SHELL('',(#2226,#2352,#2378,#2387,#2396));
#2226 = ADVANCED_FACE('',(#2227),#2347,.T.);
#2227 = FACE_BOUND('',#2228,.T.);
#2228 = EDGE_LOOP('',(#2229,#2239,#2246,#2247,#2290,#2298,#2305,#2306));
#2229 = ORIENTED_EDGE('',*,*,#2230,.T.);
#2230 = EDGE_CURVE('',#2231,#2233,#2235,.T.);
#2231 = VERTEX_POINT('',#2232);
#2232 = CARTESIAN_POINT('',(196.,165.15,12.7));
#2233 = VERTEX_POINT('',#2234);
#2234 = CARTESIAN_POINT('',(196.,197.92,12.7));
#2235 = LINE('',#2236,#2237);
#2236 = CARTESIAN_POINT('',(196.,126.08,12.7));
#2237 = VECTOR('',#2238,1.);
#2238 = DIRECTION('',(-2.22044604925E-16,1.,0.));
#2239 = ORIENTED_EDGE('',*,*,#2240,.F.);
#2240 = EDGE_CURVE('',#2233,#2233,#2241,.T.);
#2241 = CIRCLE('',#2242,12.7);
#2242 = AXIS2_PLACEMENT_3D('',#2243,#2244,#2245);
#2243 = CARTESIAN_POINT('',(196.,197.92,0.));
#2244 = DIRECTION('',(-2.22044604925E-16,1.,0.));
#2245 = DIRECTION('',(0.,0.,1.));
#2246 = ORIENTED_EDGE('',*,*,#2230,.F.);
#2247 = ORIENTED_EDGE('',*,*,#2248,.F.);
#2248 = EDGE_CURVE('',#2249,#2231,#2251,.T.);
#2249 = VERTEX_POINT('',#2250);
#2250 = CARTESIAN_POINT('',(196.,158.85,12.7));
#2251 = B_SPLINE_CURVE_WITH_KNOTS('',7,(#2252,#2253,#2254,#2255,#2256,
    #2257,#2258,#2259,#2260,#2261,#2262,#2263,#2264,#2265,#2266,#2267,
    #2268,#2269,#2270,#2271,#2272,#2273,#2274,#2275,#2276,#2277,#2278,
    #2279,#2280,#2281,#2282,#2283,#2284,#2285,#2286,#2287,#2288,#2289),
  .UNSPECIFIED.,.F.,.F.,(8,6,6,6,6,6,8),(0.,0.151032534112,
    0.346939574074,0.499952656555,0.704935096588,0.90625109601,1.),
  .UNSPECIFIED.);
#2252 = CARTESIAN_POINT('',(196.,158.85,12.7));
#2253 = CARTESIAN_POINT('',(196.25932826684,158.85,12.7));
#2254 = CARTESIAN_POINT('',(196.51625731341,158.87490790851,
    12.693822723273));
#2255 = CARTESIAN_POINT('',(196.76701039977,158.92389382855,
    12.681670407416));
#2256 = CARTESIAN_POINT('',(197.00797623539,158.99520436431,
    12.664274849458));
#2257 = CARTESIAN_POINT('',(197.23590524928,159.08619200289,
    12.642807969245));
#2258 = CARTESIAN_POINT('',(197.44808873785,159.19331870758,
    12.618695890073));
#2259 = CARTESIAN_POINT('',(197.89472236333,159.46625083465,
    12.560442459127));
#2260 = CARTESIAN_POINT('',(198.12025942876,159.64199090188,
    12.525033332979));
#2261 = CARTESIAN_POINT('',(198.31948314205,159.83427006621,
    12.489279061004));
#2262 = CARTESIAN_POINT('',(198.49324545691,160.03925081794,
    12.454913474206));
#2263 = CARTESIAN_POINT('',(198.64254010276,160.25400383926,
    12.423201373343));
#2264 = CARTESIAN_POINT('',(198.76829829641,160.47629576248,
    12.395067289204));
#2265 = CARTESIAN_POINT('',(198.95164867673,160.882641946,
    12.352513239769));
#2266 = CARTESIAN_POINT('',(199.01814939489,161.06443916133,
    12.336436462913));
#2267 = CARTESIAN_POINT('',(199.07104231466,161.24895216058,
    12.323271370288));
#2268 = CARTESIAN_POINT('',(199.11055656955,161.43542055304,
    12.313248759906));
#2269 = CARTESIAN_POINT('',(199.13684947197,161.6231690919,
    12.306516966883));
#2270 = CARTESIAN_POINT('',(199.15,161.81156897183,12.30315000315));
#2271 = CARTESIAN_POINT('',(199.15,162.25242973545,12.30315000315));
#2272 = CARTESIAN_POINT('',(199.12639997205,162.5047146015,
    12.309192505216));
#2273 = CARTESIAN_POINT('',(199.07924692947,162.75543674655,
    12.321264692199));
#2274 = CARTESIAN_POINT('',(199.00827677287,163.00311546434,
    12.339132178272));
#2275 = CARTESIAN_POINT('',(198.91295656029,163.24607758646,
    12.362324349903));
#2276 = CARTESIAN_POINT('',(198.79253221311,163.48227092012,
    12.390084137079));
#2277 = CARTESIAN_POINT('',(198.50225060645,163.93171475717,
    12.451922264716));
#2278 = CARTESIAN_POINT('',(198.33275025409,164.14617637927,
    12.485999256947));
#2279 = CARTESIAN_POINT('',(198.1366256628,164.34931248551,
    12.522433388123));
#2280 = CARTESIAN_POINT('',(197.91310411868,164.537343513,
    12.559703562349));
#2281 = CARTESIAN_POINT('',(197.66175201399,164.70570767226,
    12.595805980506));
#2282 = CARTESIAN_POINT('',(197.38273958758,164.84888393167,
    12.628220847845));
#2283 = CARTESIAN_POINT('',(196.93515578717,165.01179111236,
    12.666327536502));
#2284 = CARTESIAN_POINT('',(196.7873845085,165.05654889036,
    12.677030564145));
#2285 = CARTESIAN_POINT('',(196.63496884972,165.0933618548,
    12.685994191175));
#2286 = CARTESIAN_POINT('',(196.47892285977,165.1215075112,
    12.692932891212));
#2287 = CARTESIAN_POINT('',(196.32032859146,165.14048184002,
    12.69763922658));
#2288 = CARTESIAN_POINT('',(196.16030892125,165.15,12.7));
#2289 = CARTESIAN_POINT('',(196.,165.15,12.7));
#2290 = ORIENTED_EDGE('',*,*,#2291,.F.);
#2291 = EDGE_CURVE('',#2292,#2249,#2294,.T.);
#2292 = VERTEX_POINT('',#2293);
#2293 = CARTESIAN_POINT('',(196.,126.08,12.7));
#2294 = LINE('',#2295,#2296);
#2295 = CARTESIAN_POINT('',(196.,126.08,12.7));
#2296 = VECTOR('',#2297,1.);
#2297 = DIRECTION('',(-2.22044604925E-16,1.,0.));
#2298 = ORIENTED_EDGE('',*,*,#2299,.T.);
#2299 = EDGE_CURVE('',#2292,#2292,#2300,.T.);
#2300 = CIRCLE('',#2301,12.7);
#2301 = AXIS2_PLACEMENT_3D('',#2302,#2303,#2304);
#2302 = CARTESIAN_POINT('',(196.,126.08,0.));
#2303 = DIRECTION('',(-2.22044604925E-16,1.,0.));
#2304 = DIRECTION('',(0.,0.,1.));
#2305 = ORIENTED_EDGE('',*,*,#2291,.T.);
#2306 = ORIENTED_EDGE('',*,*,#2307,.F.);
#2307 = EDGE_CURVE('',#2231,#2249,#2308,.T.);
#2308 = B_SPLINE_CURVE_WITH_KNOTS('',7,(#2309,#2310,#2311,#2312,#2313,
    #2314,#2315,#2316,#2317,#2318,#2319,#2320,#2321,#2322,#2323,#2324,
    #2325,#2326,#2327,#2328,#2329,#2330,#2331,#2332,#2333,#2334,#2335,
    #2336,#2337,#2338,#2339,#2340,#2341,#2342,#2343,#2344,#2345,#2346),
  .UNSPECIFIED.,.F.,.F.,(8,6,6,6,6,6,8),(0.,0.151032532222,
    0.346939570438,0.499952651556,0.704935092186,0.906251094531,1.),
  .UNSPECIFIED.);
#2309 = CARTESIAN_POINT('',(196.,165.15,12.7));
#2310 = CARTESIAN_POINT('',(195.74067173224,165.15,12.7));
#2311 = CARTESIAN_POINT('',(195.48374268861,165.12509209181,
    12.693822723345));
#2312 = CARTESIAN_POINT('',(195.23298959911,165.07610617097,
    12.681670407312));
#2313 = CARTESIAN_POINT('',(194.99202376334,165.00479563552,
    12.664274849422));
#2314 = CARTESIAN_POINT('',(194.76409475256,164.91380799781,
    12.642807969399));
#2315 = CARTESIAN_POINT('',(194.55191126144,164.80668129198,
    12.618695889982));
#2316 = CARTESIAN_POINT('',(194.10527763666,164.53374916534,
    12.560442459127));
#2317 = CARTESIAN_POINT('',(193.87974057123,164.35800909811,
    12.525033332979));
#2318 = CARTESIAN_POINT('',(193.68051685794,164.16572993379,
    12.489279061005));
#2319 = CARTESIAN_POINT('',(193.50675454308,163.96074918205,
    12.454913474206));
#2320 = CARTESIAN_POINT('',(193.35745989723,163.74599616073,
    12.423201373343));
#2321 = CARTESIAN_POINT('',(193.23170170358,163.52370423751,
    12.395067289204));
#2322 = CARTESIAN_POINT('',(193.04835132326,163.117358054,
    12.352513239769));
#2323 = CARTESIAN_POINT('',(192.9818506051,162.93556083866,
    12.336436462913));
#2324 = CARTESIAN_POINT('',(192.92895768533,162.75104783941,
    12.323271370288));
#2325 = CARTESIAN_POINT('',(192.88944343044,162.56457944695,
    12.313248759906));
#2326 = CARTESIAN_POINT('',(192.86315052802,162.37683090809,
    12.306516966883));
#2327 = CARTESIAN_POINT('',(192.85,162.18843102816,12.30315000315));
#2328 = CARTESIAN_POINT('',(192.85,161.74757026155,12.30315000315));
#2329 = CARTESIAN_POINT('',(192.87360002665,161.49528540536,
    12.309192504931));
#2330 = CARTESIAN_POINT('',(192.92075307242,161.24456324946,
    12.321264692612));
#2331 = CARTESIAN_POINT('',(192.99172322772,160.99688453148,
    12.339132178409));
#2332 = CARTESIAN_POINT('',(193.08704343685,160.75392242017,
    12.362324349284));
#2333 = CARTESIAN_POINT('',(193.20746778864,160.51772907715,
    12.390084137453));
#2334 = CARTESIAN_POINT('',(193.49774939349,160.06828524291,
    12.451922264704));
#2335 = CARTESIAN_POINT('',(193.66724974588,159.85382362071,
    12.485999256945));
#2336 = CARTESIAN_POINT('',(193.86337433725,159.65068751442,
    12.522433388136));
#2337 = CARTESIAN_POINT('',(194.08689588139,159.46265648696,
    12.559703562359));
#2338 = CARTESIAN_POINT('',(194.338247986,159.29429232776,
    12.595805980499));
#2339 = CARTESIAN_POINT('',(194.61726041231,159.15111606835,
    12.628220847837));
#2340 = CARTESIAN_POINT('',(195.06484421305,158.98820888755,
    12.666327536521));
#2341 = CARTESIAN_POINT('',(195.21261549152,158.94345110965,
    12.677030564141));
#2342 = CARTESIAN_POINT('',(195.3650311501,158.90663814524,
    12.685994191162));
#2343 = CARTESIAN_POINT('',(195.52107714003,158.8784924888,
    12.692932891208));
#2344 = CARTESIAN_POINT('',(195.67967140855,158.85951815995,
    12.697639226586));
#2345 = CARTESIAN_POINT('',(195.83969107896,158.85,12.7));
#2346 = CARTESIAN_POINT('',(196.,158.85,12.7));
#2347 = CYLINDRICAL_SURFACE('',#2348,12.7);
#2348 = AXIS2_PLACEMENT_3D('',#2349,#2350,#2351);
#2349 = CARTESIAN_POINT('',(196.,126.08,0.));
#2350 = DIRECTION('',(-2.22044604925E-16,1.,0.));
#2351 = DIRECTION('',(0.,0.,1.));
#2352 = ADVANCED_FACE('',(#2353),#2373,.T.);
#2353 = FACE_BOUND('',#2354,.T.);
#2354 = EDGE_LOOP('',(#2355,#2363,#2370,#2371,#2372));
#2355 = ORIENTED_EDGE('',*,*,#2356,.T.);
#2356 = EDGE_CURVE('',#2231,#2357,#2359,.T.);
#2357 = VERTEX_POINT('',#2358);
#2358 = CARTESIAN_POINT('',(196.,165.15,22.7));
#2359 = LINE('',#2360,#2361);
#2360 = CARTESIAN_POINT('',(196.,165.15,11.7));
#2361 = VECTOR('',#2362,1.);
#2362 = DIRECTION('',(0.,0.,1.));
#2363 = ORIENTED_EDGE('',*,*,#2364,.F.);
#2364 = EDGE_CURVE('',#2357,#2357,#2365,.T.);
#2365 = CIRCLE('',#2366,3.15);
#2366 = AXIS2_PLACEMENT_3D('',#2367,#2368,#2369);
#2367 = CARTESIAN_POINT('',(196.,162.,22.7));
#2368 = DIRECTION('',(0.,0.,1.));
#2369 = DIRECTION('',(-2.22044604925E-16,1.,0.));
#2370 = ORIENTED_EDGE('',*,*,#2356,.F.);
#2371 = ORIENTED_EDGE('',*,*,#2307,.T.);
#2372 = ORIENTED_EDGE('',*,*,#2248,.T.);
#2373 = CYLINDRICAL_SURFACE('',#2374,3.15);
#2374 = AXIS2_PLACEMENT_3D('',#2375,#2376,#2377);
#2375 = CARTESIAN_POINT('',(196.,162.,11.7));
#2376 = DIRECTION('',(0.,0.,1.));
#2377 = DIRECTION('',(-2.22044604925E-16,1.,0.));
#2378 = ADVANCED_FACE('',(#2379),#2382,.F.);
#2379 = FACE_BOUND('',#2380,.T.);
#2380 = EDGE_LOOP('',(#2381));
#2381 = ORIENTED_EDGE('',*,*,#2299,.F.);
#2382 = PLANE('',#2383);
#2383 = AXIS2_PLACEMENT_3D('',#2384,#2385,#2386);
#2384 = CARTESIAN_POINT('',(196.,126.08,0.));
#2385 = DIRECTION('',(-2.22044604925E-16,1.,0.));
#2386 = DIRECTION('',(0.,0.,1.));
#2387 = ADVANCED_FACE('',(#2388),#2391,.T.);
#2388 = FACE_BOUND('',#2389,.T.);
#2389 = EDGE_LOOP('',(#2390));
#2390 = ORIENTED_EDGE('',*,*,#2240,.T.);
#2391 = PLANE('',#2392);
#2392 = AXIS2_PLACEMENT_3D('',#2393,#2394,#2395);
#2393 = CARTESIAN_POINT('',(196.,197.92,0.));
#2394 = DIRECTION('',(-2.22044604925E-16,1.,0.));
#2395 = DIRECTION('',(0.,0.,1.));
#2396 = ADVANCED_FACE('',(#2397),#2400,.T.);
#2397 = FACE_BOUND('',#2398,.T.);
#2398 = EDGE_LOOP('',(#2399));
#2399 = ORIENTED_EDGE('',*,*,#2364,.T.);
#2400 = PLANE('',#2401);
#2401 = AXIS2_PLACEMENT_3D('',#2402,#2403,#2404);
#2402 = CARTESIAN_POINT('',(196.,162.,22.7));
#2403 = DIRECTION('',(0.,0.,1.));
#2404 = DIRECTION('',(-2.22044604925E-16,1.,0.));
#2405 = ( GEOMETRIC_REPRESENTATION_CONTEXT(3) 
GLOBAL_UNCERTAINTY_ASSIGNED_CONTEXT((#2409)) 
GLOBAL_UNIT_ASSIGNED_CONTEXT((#2406,#2407,#2408)) REPRESENTATION_CONTEXT
('Context #1','3D Context with UNIT and UNCERTAINTY') );
#2406 = ( LENGTH_UNIT() NAMED_UNIT(*) SI_UNIT(.MILLI.,.METRE.) );
#2407 = ( NAMED_UNIT(*) PLANE_ANGLE_UNIT() SI_UNIT($,.RADIAN.) );
#2408 = ( NAMED_UNIT(*) SI_UNIT($,.STERADIAN.) SOLID_ANGLE_UNIT() );
#2409 = UNCERTAINTY_MEASURE_WITH_UNIT(LENGTH_MEASURE(1.E-07),#2406,
  'distance_accuracy_value','confusion accuracy');
#2410 = PRODUCT_RELATED_PRODUCT_CATEGORY('part',$,(#7));
ENDSEC;
END-ISO-10303-21;
