ISO-10303-21;
HEADER;
FILE_DESCRIPTION(('FreeCAD Model'),'2;1');
FILE_NAME('Open CASCADE Shape Model','2026-10-04T17:25:24',('FreeCAD'),(
    'FreeCAD'),'Open CASCADE STEP processor 7.8','FreeCAD','Unknown');
FILE_SCHEMA(('AUTOMOTIVE_DESIGN { 1 0 10303 214 1 1 1 1 }'));
ENDSEC;
DATA;
#1 = APPLICATION_PROTOCOL_DEFINITION('international standard',
  'automotive_design',2000,#2);
#2 = APPLICATION_CONTEXT(
  'core data for automotive mechanical design processes');
#3 = SHAPE_DEFINITION_REPRESENTATION(#4,#10);
#4 = PRODUCT_DEFINITION_SHAPE('','',#5);
#5 = PRODUCT_DEFINITION('design','',#6,#9);
#6 = PRODUCT_DEFINITION_FORMATION('','',#7);
#7 = PRODUCT('Open CASCADE STEP translator 7.8 3',
  'Open CASCADE STEP translator 7.8 3','',(#8));
#8 = PRODUCT_CONTEXT('',#2,'mechanical');
#9 = PRODUCT_DEFINITION_CONTEXT('part definition',#2,'design');
#10 = ADVANCED_BREP_SHAPE_REPRESENTATION('',(#11,#15),#19734);
#11 = AXIS2_PLACEMENT_3D('',#12,#13,#14);
#12 = CARTESIAN_POINT('',(0.,0.,0.));
#13 = DIRECTION('',(0.,0.,1.));
#14 = DIRECTION('',(1.,0.,-0.));
#15 = MANIFOLD_SOLID_BREP('',#16);
#16 = CLOSED_SHELL('',(#17,#57,#120,#263,#301,#334,#410,#435,#466,#499,
    #530,#563,#594,#635,#677,#701,#726,#750,#775,#792,#823,#865,#898,
    #931,#962,#995,#1026,#1059,#1090,#1123,#1145,#1167,#1179,#1201,#1217
    ,#1228,#1267,#1292,#1317,#1334,#5367,#5398,#5423,#5448,#5472,#5496,
    #5536,#5578,#5603,#5627,#5651,#5676,#5701,#5725,#5772,#5797,#5821,
    #5845,#5892,#5917,#5942,#5966,#5990,#6015,#6040,#6064,#6088,#6123,
    #6148,#6172,#6189,#6207,#6221,#6264,#6289,#6314,#6331,#6395,#6420,
    #6445,#6470,#6495,#6507,#6545,#6570,#6595,#6626,#6651,#6676,#6700,
    #6724,#6749,#6774,#6791,#6851,#6876,#6901,#6926,#6951,#6983,#7007,
    #7054,#7079,#7103,#7127,#7152,#7177,#7201,#7225,#7251,#7269,#7293,
    #7319,#7379,#7404,#7429,#7454,#7479,#7500,#7512,#7566,#7591,#7616,
    #7640,#7664,#7689,#7761,#7785,#7810,#7835,#7898,#7922,#7947,#7965,
    #8021,#8046,#8071,#8095,#8119,#8144,#8169,#8209,#8233,#8258,#8313,
    #8330,#8376,#8401,#8426,#8464,#8489,#8514,#8532,#8543,#8554,#8571,
    #8588,#8659,#8684,#8701,#8720,#8732,#8763,#8787,#8811,#8828,#8840,
    #8871,#8935,#8960,#8984,#9008,#9033,#9058,#9098,#9122,#9147,#9172,
    #9196,#9220,#9245,#9308,#9364,#9389,#9414,#9470,#9516,#9541,#9566,
    #9584,#9595,#9617,#9688,#9713,#9732,#9744,#9755,#9772,#9784,#9815,
    #9839,#9863,#9880,#9892,#9923,#9948,#9973,#9997,#10021,#10061,#10086
    ,#10110,#10135,#10159,#10185,#10242,#10267,#10284,#10309,#10330,
    #10347,#10361,#10392,#10417,#10442,#10466,#10490,#10530,#10555,
    #10579,#10604,#10628,#10654,#10711,#10736,#10753,#10778,#10799,
    #10816,#10830,#10861,#10886,#10911,#10935,#10959,#10999,#11024,
    #11048,#11073,#11097,#11123,#11180,#11205,#11222,#11247,#11268,
    #11285,#11299,#11330,#11355,#11380,#11404,#11428,#11453,#11478,
    #11495,#11533,#11558,#11583,#11614,#11639,#11664,#11688,#11712,
    #11737,#11762,#11779,#11817,#11842,#11867,#11898,#11923,#11948,
    #11972,#11996,#12021,#12046,#12063,#12101,#12126,#12151,#12182,
    #12207,#12232,#12256,#12280,#12305,#12330,#12347,#12385,#12410,
    #12435,#12466,#12491,#12516,#12540,#12564,#12589,#12614,#12631,
    #12669,#12694,#12719,#12750,#12775,#12800,#12824,#12848,#12873,
    #12898,#12915,#12953,#12978,#13003,#13034,#13059,#13084,#13108,
    #13132,#13157,#13182,#13199,#13237,#13262,#13287,#13318,#13343,
    #13368,#13392,#13416,#13441,#13466,#13483,#13521,#13546,#13571,
    #13602,#13627,#13652,#13676,#13700,#13725,#13750,#13767,#13805,
    #13830,#13855,#13886,#13911,#13936,#13960,#13984,#14009,#14034,
    #14051,#14089,#14114,#14139,#14170,#14195,#14220,#14244,#14268,
    #14293,#14318,#14335,#14373,#14398,#14423,#14456,#14480,#14513,
    #14537,#14562,#14586,#14604,#14621,#14637,#14670,#14694,#14727,
    #14751,#14776,#14800,#14818,#14835,#14851,#14884,#14908,#14941,
    #14965,#14990,#15014,#15032,#15049,#15065,#15098,#15122,#15155,
    #15179,#15204,#15228,#15246,#15263,#15279,#15312,#15336,#15369,
    #15393,#15418,#15442,#15460,#15477,#15493,#15526,#15550,#15583,
    #15607,#15632,#15656,#15674,#15691,#15707,#15740,#15764,#15797,
    #15821,#15846,#15870,#15888,#15905,#15921,#15954,#15978,#16011,
    #16035,#16060,#16084,#16102,#16119,#16135,#16168,#16192,#16225,
    #16249,#16274,#16298,#16316,#16333,#16349,#16382,#16406,#16439,
    #16463,#16488,#16512,#16530,#16547,#16563,#16596,#16620,#16645,
    #16669,#16694,#16718,#16744,#16761,#16777,#16808,#16833,#16858,
    #16882,#16906,#16931,#16956,#16973,#16989,#17020,#17045,#17070,
    #17094,#17118,#17143,#17168,#17185,#17201,#17232,#17257,#17282,
    #17306,#17330,#17355,#17380,#17397,#17413,#17444,#17469,#17494,
    #17518,#17542,#17567,#17592,#17609,#17625,#17656,#17681,#17706,
    #17730,#17754,#17779,#17804,#17821,#17837,#17862,#17882,#17907,
    #17932,#17952,#17977,#18002,#18022,#18047,#18072,#18092,#18117,
    #18142,#18167,#18192,#18217,#18242,#18267,#18292,#18317,#18342,
    #18367,#18392,#18417,#18442,#18467,#18492,#18517,#18542,#18567,
    #18592,#18617,#18642,#18667,#18692,#18717,#18742,#18767,#18792,
    #18817,#18842,#18867,#18892,#18917,#18942,#18967,#18992,#19017,
    #19042,#19067,#19092,#19117,#19142,#19167,#19192,#19217,#19242,
    #19267,#19292,#19317,#19342,#19367,#19392));
#17 = ADVANCED_FACE('',(#18),#52,.F.);
#18 = FACE_BOUND('',#19,.F.);
#19 = EDGE_LOOP('',(#20,#30,#38,#46));
#20 = ORIENTED_EDGE('',*,*,#21,.F.);
#21 = EDGE_CURVE('',#22,#24,#26,.T.);
#22 = VERTEX_POINT('',#23);
#23 = CARTESIAN_POINT('',(3.175,-9.525,-38.1));
#24 = VERTEX_POINT('',#25);
#25 = CARTESIAN_POINT('',(3.175,-9.525,-12.7));
#26 = LINE('',#27,#28);
#27 = CARTESIAN_POINT('',(3.175,-9.525,-38.1));
#28 = VECTOR('',#29,1.);
#29 = DIRECTION('',(0.,0.,1.));
#30 = ORIENTED_EDGE('',*,*,#31,.T.);
#31 = EDGE_CURVE('',#22,#32,#34,.T.);
#32 = VERTEX_POINT('',#33);
#33 = CARTESIAN_POINT('',(3.175,365.125,-38.1));
#34 = LINE('',#35,#36);
#35 = CARTESIAN_POINT('',(3.175,-9.525,-38.1));
#36 = VECTOR('',#37,1.);
#37 = DIRECTION('',(0.,1.,0.));
#38 = ORIENTED_EDGE('',*,*,#39,.T.);
#39 = EDGE_CURVE('',#32,#40,#42,.T.);
#40 = VERTEX_POINT('',#41);
#41 = CARTESIAN_POINT('',(3.175,365.125,-12.7));
#42 = LINE('',#43,#44);
#43 = CARTESIAN_POINT('',(3.175,365.125,-38.1));
#44 = VECTOR('',#45,1.);
#45 = DIRECTION('',(0.,0.,1.));
#46 = ORIENTED_EDGE('',*,*,#47,.F.);
#47 = EDGE_CURVE('',#24,#40,#48,.T.);
#48 = LINE('',#49,#50);
#49 = CARTESIAN_POINT('',(3.175,-9.525,-12.7));
#50 = VECTOR('',#51,1.);
#51 = DIRECTION('',(0.,1.,0.));
#52 = PLANE('',#53);
#53 = AXIS2_PLACEMENT_3D('',#54,#55,#56);
#54 = CARTESIAN_POINT('',(3.175,-9.525,-38.1));
#55 = DIRECTION('',(1.,0.,0.));
#56 = DIRECTION('',(0.,0.,1.));
#57 = ADVANCED_FACE('',(#58),#115,.F.);
#58 = FACE_BOUND('',#59,.F.);
#59 = EDGE_LOOP('',(#60,#70,#76,#77,#85,#93,#101,#109));
#60 = ORIENTED_EDGE('',*,*,#61,.F.);
#61 = EDGE_CURVE('',#62,#64,#66,.T.);
#62 = VERTEX_POINT('',#63);
#63 = CARTESIAN_POINT('',(606.425,-9.525,-38.1));
#64 = VERTEX_POINT('',#65);
#65 = CARTESIAN_POINT('',(606.425,-9.525,-12.7));
#66 = LINE('',#67,#68);
#67 = CARTESIAN_POINT('',(606.425,-9.525,-38.1));
#68 = VECTOR('',#69,1.);
#69 = DIRECTION('',(0.,0.,1.));
#70 = ORIENTED_EDGE('',*,*,#71,.F.);
#71 = EDGE_CURVE('',#22,#62,#72,.T.);
#72 = LINE('',#73,#74);
#73 = CARTESIAN_POINT('',(3.175,-9.525,-38.1));
#74 = VECTOR('',#75,1.);
#75 = DIRECTION('',(1.,0.,0.));
#76 = ORIENTED_EDGE('',*,*,#21,.T.);
#77 = ORIENTED_EDGE('',*,*,#78,.T.);
#78 = EDGE_CURVE('',#24,#79,#81,.T.);
#79 = VERTEX_POINT('',#80);
#80 = CARTESIAN_POINT('',(585.72010603358,-9.525,-12.7));
#81 = LINE('',#82,#83);
#82 = CARTESIAN_POINT('',(3.175,-9.525,-12.7));
#83 = VECTOR('',#84,1.);
#84 = DIRECTION('',(1.,0.,0.));
#85 = ORIENTED_EDGE('',*,*,#86,.F.);
#86 = EDGE_CURVE('',#87,#79,#89,.T.);
#87 = VERTEX_POINT('',#88);
#88 = CARTESIAN_POINT('',(585.72010603358,-9.525,-19.09033817672));
#89 = LINE('',#90,#91);
#90 = CARTESIAN_POINT('',(585.72010603358,-9.525,-19.09033817672));
#91 = VECTOR('',#92,1.);
#92 = DIRECTION('',(0.,0.,1.));
#93 = ORIENTED_EDGE('',*,*,#94,.T.);
#94 = EDGE_CURVE('',#87,#95,#97,.T.);
#95 = VERTEX_POINT('',#96);
#96 = CARTESIAN_POINT('',(589.4708261713,-9.525,-19.09033817672));
#97 = LINE('',#98,#99);
#98 = CARTESIAN_POINT('',(302.35604736202,-9.525,-19.09033817672));
#99 = VECTOR('',#100,1.);
#100 = DIRECTION('',(1.,0.,0.));
#101 = ORIENTED_EDGE('',*,*,#102,.T.);
#102 = EDGE_CURVE('',#95,#103,#105,.T.);
#103 = VERTEX_POINT('',#104);
#104 = CARTESIAN_POINT('',(589.4708261713,-9.525,-12.7));
#105 = LINE('',#106,#107);
#106 = CARTESIAN_POINT('',(589.4708261713,-9.525,-19.09033817672));
#107 = VECTOR('',#108,1.);
#108 = DIRECTION('',(0.,0.,1.));
#109 = ORIENTED_EDGE('',*,*,#110,.T.);
#110 = EDGE_CURVE('',#103,#64,#111,.T.);
#111 = LINE('',#112,#113);
#112 = CARTESIAN_POINT('',(3.175,-9.525,-12.7));
#113 = VECTOR('',#114,1.);
#114 = DIRECTION('',(1.,0.,0.));
#115 = PLANE('',#116);
#116 = AXIS2_PLACEMENT_3D('',#117,#118,#119);
#117 = CARTESIAN_POINT('',(3.175,-9.525,-38.1));
#118 = DIRECTION('',(0.,1.,0.));
#119 = DIRECTION('',(0.,0.,1.));
#120 = ADVANCED_FACE('',(#121),#258,.T.);
#121 = FACE_BOUND('',#122,.T.);
#122 = EDGE_LOOP('',(#123,#133,#141,#149,#157,#165,#173,#181,#189,#197,
    #203,#204,#212,#220,#228,#236,#244,#252));
#123 = ORIENTED_EDGE('',*,*,#124,.F.);
#124 = EDGE_CURVE('',#125,#127,#129,.T.);
#125 = VERTEX_POINT('',#126);
#126 = CARTESIAN_POINT('',(158.32013566804,365.125,-12.7));
#127 = VERTEX_POINT('',#128);
#128 = CARTESIAN_POINT('',(158.32013566804,365.125,-19.09033817672));
#129 = LINE('',#130,#131);
#130 = CARTESIAN_POINT('',(158.32013566804,365.125,-28.59516908836));
#131 = VECTOR('',#132,1.);
#132 = DIRECTION('',(0.,0.,-1.));
#133 = ORIENTED_EDGE('',*,*,#134,.T.);
#134 = EDGE_CURVE('',#125,#135,#137,.T.);
#135 = VERTEX_POINT('',#136);
#136 = CARTESIAN_POINT('',(233.09947913509,365.125,-12.7));
#137 = LINE('',#138,#139);
#138 = CARTESIAN_POINT('',(3.175,365.125,-12.7));
#139 = VECTOR('',#140,1.);
#140 = DIRECTION('',(1.,0.,0.));
#141 = ORIENTED_EDGE('',*,*,#142,.T.);
#142 = EDGE_CURVE('',#135,#143,#145,.T.);
#143 = VERTEX_POINT('',#144);
#144 = CARTESIAN_POINT('',(233.09947913509,365.125,-21.97));
#145 = LINE('',#146,#147);
#146 = CARTESIAN_POINT('',(233.09947913509,365.125,-30.035));
#147 = VECTOR('',#148,1.);
#148 = DIRECTION('',(0.,0.,-1.));
#149 = ORIENTED_EDGE('',*,*,#150,.T.);
#150 = EDGE_CURVE('',#143,#151,#153,.T.);
#151 = VERTEX_POINT('',#152);
#152 = CARTESIAN_POINT('',(243.05407600996,365.125,-21.97));
#153 = LINE('',#154,#155);
#154 = CARTESIAN_POINT('',(124.16092099545,365.125,-21.97));
#155 = VECTOR('',#156,1.);
#156 = DIRECTION('',(1.,0.,0.));
#157 = ORIENTED_EDGE('',*,*,#158,.T.);
#158 = EDGE_CURVE('',#151,#159,#161,.T.);
#159 = VERTEX_POINT('',#160);
#160 = CARTESIAN_POINT('',(243.05407600996,365.125,-12.7));
#161 = LINE('',#162,#163);
#162 = CARTESIAN_POINT('',(243.05407600996,365.125,-21.97));
#163 = VECTOR('',#164,1.);
#164 = DIRECTION('',(0.,0.,1.));
#165 = ORIENTED_EDGE('',*,*,#166,.T.);
#166 = EDGE_CURVE('',#159,#167,#169,.T.);
#167 = VERTEX_POINT('',#168);
#168 = CARTESIAN_POINT('',(604.89134958887,365.125,-12.7));
#169 = LINE('',#170,#171);
#170 = CARTESIAN_POINT('',(3.175,365.125,-12.7));
#171 = VECTOR('',#172,1.);
#172 = DIRECTION('',(1.,0.,0.));
#173 = ORIENTED_EDGE('',*,*,#174,.F.);
#174 = EDGE_CURVE('',#175,#167,#177,.T.);
#175 = VERTEX_POINT('',#176);
#176 = CARTESIAN_POINT('',(604.89134958888,365.125,-19.09033817672));
#177 = LINE('',#178,#179);
#178 = CARTESIAN_POINT('',(604.89134958888,365.125,-19.09033817672));
#179 = VECTOR('',#180,1.);
#180 = DIRECTION('',(0.,0.,1.));
#181 = ORIENTED_EDGE('',*,*,#182,.T.);
#182 = EDGE_CURVE('',#175,#183,#185,.T.);
#183 = VERTEX_POINT('',#184);
#184 = CARTESIAN_POINT('',(606.425,365.125,-19.09033817672));
#185 = LINE('',#186,#187);
#186 = CARTESIAN_POINT('',(305.22513475197,365.125,-19.09033817672));
#187 = VECTOR('',#188,1.);
#188 = DIRECTION('',(1.,0.,0.));
#189 = ORIENTED_EDGE('',*,*,#190,.F.);
#190 = EDGE_CURVE('',#191,#183,#193,.T.);
#191 = VERTEX_POINT('',#192);
#192 = CARTESIAN_POINT('',(606.425,365.125,-38.1));
#193 = LINE('',#194,#195);
#194 = CARTESIAN_POINT('',(606.425,365.125,-38.1));
#195 = VECTOR('',#196,1.);
#196 = DIRECTION('',(0.,0.,1.));
#197 = ORIENTED_EDGE('',*,*,#198,.F.);
#198 = EDGE_CURVE('',#32,#191,#199,.T.);
#199 = LINE('',#200,#201);
#200 = CARTESIAN_POINT('',(3.175,365.125,-38.1));
#201 = VECTOR('',#202,1.);
#202 = DIRECTION('',(1.,0.,0.));
#203 = ORIENTED_EDGE('',*,*,#39,.T.);
#204 = ORIENTED_EDGE('',*,*,#205,.T.);
#205 = EDGE_CURVE('',#40,#206,#208,.T.);
#206 = VERTEX_POINT('',#207);
#207 = CARTESIAN_POINT('',(24.236585708638,365.125,-12.7));
#208 = LINE('',#209,#210);
#209 = CARTESIAN_POINT('',(3.175,365.125,-12.7));
#210 = VECTOR('',#211,1.);
#211 = DIRECTION('',(1.,0.,0.));
#212 = ORIENTED_EDGE('',*,*,#213,.T.);
#213 = EDGE_CURVE('',#206,#214,#216,.T.);
#214 = VERTEX_POINT('',#215);
#215 = CARTESIAN_POINT('',(24.236585708638,365.125,-19.09033817672));
#216 = LINE('',#217,#218);
#217 = CARTESIAN_POINT('',(24.236585708638,365.125,-28.59516908836));
#218 = VECTOR('',#219,1.);
#219 = DIRECTION('',(0.,0.,-1.));
#220 = ORIENTED_EDGE('',*,*,#221,.T.);
#221 = EDGE_CURVE('',#214,#222,#224,.T.);
#222 = VERTEX_POINT('',#223);
#223 = CARTESIAN_POINT('',(34.07013566804,365.125,-19.09033817672));
#224 = LINE('',#225,#226);
#225 = CARTESIAN_POINT('',(9.100890648903,365.125,-19.09033817672));
#226 = VECTOR('',#227,1.);
#227 = DIRECTION('',(1.,0.,0.));
#228 = ORIENTED_EDGE('',*,*,#229,.F.);
#229 = EDGE_CURVE('',#230,#222,#232,.T.);
#230 = VERTEX_POINT('',#231);
#231 = CARTESIAN_POINT('',(34.07013566804,365.125,-12.7));
#232 = LINE('',#233,#234);
#233 = CARTESIAN_POINT('',(34.07013566804,365.125,-28.59516908836));
#234 = VECTOR('',#235,1.);
#235 = DIRECTION('',(0.,0.,-1.));
#236 = ORIENTED_EDGE('',*,*,#237,.T.);
#237 = EDGE_CURVE('',#230,#238,#240,.T.);
#238 = VERTEX_POINT('',#239);
#239 = CARTESIAN_POINT('',(134.63657345984,365.125,-12.7));
#240 = LINE('',#241,#242);
#241 = CARTESIAN_POINT('',(3.175,365.125,-12.7));
#242 = VECTOR('',#243,1.);
#243 = DIRECTION('',(1.,0.,0.));
#244 = ORIENTED_EDGE('',*,*,#245,.F.);
#245 = EDGE_CURVE('',#246,#238,#248,.T.);
#246 = VERTEX_POINT('',#247);
#247 = CARTESIAN_POINT('',(134.63657345984,365.125,-19.09033817672));
#248 = LINE('',#249,#250);
#249 = CARTESIAN_POINT('',(134.63657345984,365.125,-28.59516908836));
#250 = VECTOR('',#251,1.);
#251 = DIRECTION('',(0.,0.,1.));
#252 = ORIENTED_EDGE('',*,*,#253,.T.);
#253 = EDGE_CURVE('',#246,#127,#254,.T.);
#254 = LINE('',#255,#256);
#255 = CARTESIAN_POINT('',(75.545097794584,365.125,-19.09033817672));
#256 = VECTOR('',#257,1.);
#257 = DIRECTION('',(1.,0.,0.));
#258 = PLANE('',#259);
#259 = AXIS2_PLACEMENT_3D('',#260,#261,#262);
#260 = CARTESIAN_POINT('',(3.175,365.125,-38.1));
#261 = DIRECTION('',(0.,1.,0.));
#262 = DIRECTION('',(0.,0.,1.));
#263 = ADVANCED_FACE('',(#264),#296,.T.);
#264 = FACE_BOUND('',#265,.T.);
#265 = EDGE_LOOP('',(#266,#274,#275,#281,#282,#290));
#266 = ORIENTED_EDGE('',*,*,#267,.F.);
#267 = EDGE_CURVE('',#64,#268,#270,.T.);
#268 = VERTEX_POINT('',#269);
#269 = CARTESIAN_POINT('',(606.425,364.78935168765,-12.7));
#270 = LINE('',#271,#272);
#271 = CARTESIAN_POINT('',(606.425,-9.525,-12.7));
#272 = VECTOR('',#273,1.);
#273 = DIRECTION('',(0.,1.,0.));
#274 = ORIENTED_EDGE('',*,*,#61,.F.);
#275 = ORIENTED_EDGE('',*,*,#276,.T.);
#276 = EDGE_CURVE('',#62,#191,#277,.T.);
#277 = LINE('',#278,#279);
#278 = CARTESIAN_POINT('',(606.425,-9.525,-38.1));
#279 = VECTOR('',#280,1.);
#280 = DIRECTION('',(0.,1.,0.));
#281 = ORIENTED_EDGE('',*,*,#190,.T.);
#282 = ORIENTED_EDGE('',*,*,#283,.T.);
#283 = EDGE_CURVE('',#183,#284,#286,.T.);
#284 = VERTEX_POINT('',#285);
#285 = CARTESIAN_POINT('',(606.425,364.78935168768,-19.09033817672));
#286 = LINE('',#287,#288);
#287 = CARTESIAN_POINT('',(606.425,191.83021784675,-19.09033817672));
#288 = VECTOR('',#289,1.);
#289 = DIRECTION('',(0.,-1.,0.));
#290 = ORIENTED_EDGE('',*,*,#291,.T.);
#291 = EDGE_CURVE('',#284,#268,#292,.T.);
#292 = LINE('',#293,#294);
#293 = CARTESIAN_POINT('',(606.425,364.78935168768,-19.09033817672));
#294 = VECTOR('',#295,1.);
#295 = DIRECTION('',(0.,0.,1.));
#296 = PLANE('',#297);
#297 = AXIS2_PLACEMENT_3D('',#298,#299,#300);
#298 = CARTESIAN_POINT('',(606.425,-9.525,-38.1));
#299 = DIRECTION('',(1.,0.,0.));
#300 = DIRECTION('',(0.,0.,1.));
#301 = ADVANCED_FACE('',(#302),#329,.F.);
#302 = FACE_BOUND('',#303,.T.);
#303 = EDGE_LOOP('',(#304,#314,#321,#322));
#304 = ORIENTED_EDGE('',*,*,#305,.F.);
#305 = EDGE_CURVE('',#306,#308,#310,.T.);
#306 = VERTEX_POINT('',#307);
#307 = CARTESIAN_POINT('',(589.88190090523,-9.165752261914,
    -19.09033817672));
#308 = VERTEX_POINT('',#309);
#309 = CARTESIAN_POINT('',(589.88190090523,-9.165752261914,-12.7));
#310 = LINE('',#311,#312);
#311 = CARTESIAN_POINT('',(589.88190090523,-9.165752261914,
    -19.09033817672));
#312 = VECTOR('',#313,1.);
#313 = DIRECTION('',(0.,0.,1.));
#314 = ORIENTED_EDGE('',*,*,#315,.T.);
#315 = EDGE_CURVE('',#306,#95,#316,.T.);
#316 = CIRCLE('',#317,3.174);
#317 = AXIS2_PLACEMENT_3D('',#318,#319,#320);
#318 = CARTESIAN_POINT('',(587.59546610244,-6.964277326196,
    -19.09033817672));
#319 = DIRECTION('',(0.,0.,-1.));
#320 = DIRECTION('',(0.693596388065,0.720363832007,0.));
#321 = ORIENTED_EDGE('',*,*,#102,.T.);
#322 = ORIENTED_EDGE('',*,*,#323,.T.);
#323 = EDGE_CURVE('',#103,#308,#324,.T.);
#324 = CIRCLE('',#325,3.174);
#325 = AXIS2_PLACEMENT_3D('',#326,#327,#328);
#326 = CARTESIAN_POINT('',(587.59546610244,-6.964277326196,-12.7));
#327 = DIRECTION('',(-0.,0.,1.));
#328 = DIRECTION('',(0.720363832007,-0.693596388065,0.));
#329 = CYLINDRICAL_SURFACE('',#330,3.174);
#330 = AXIS2_PLACEMENT_3D('',#331,#332,#333);
#331 = CARTESIAN_POINT('',(587.59546610244,-6.964277326196,
    -19.09033817672));
#332 = DIRECTION('',(0.,0.,1.));
#333 = DIRECTION('',(0.720363832007,-0.693596388065,0.));
#334 = ADVANCED_FACE('',(#335),#405,.T.);
#335 = FACE_BOUND('',#336,.T.);
#336 = EDGE_LOOP('',(#337,#347,#356,#364,#371,#372,#373,#381,#390,#398)
  );
#337 = ORIENTED_EDGE('',*,*,#338,.T.);
#338 = EDGE_CURVE('',#339,#341,#343,.T.);
#339 = VERTEX_POINT('',#340);
#340 = CARTESIAN_POINT('',(583.48041168097,15.918863546558,
    -19.09033817672));
#341 = VERTEX_POINT('',#342);
#342 = CARTESIAN_POINT('',(574.02669279788,6.100304398141,
    -19.09033817672));
#343 = LINE('',#344,#345);
#344 = CARTESIAN_POINT('',(585.68188661669,18.205298349348,
    -19.09033817672));
#345 = VECTOR('',#346,1.);
#346 = DIRECTION('',(-0.693596388065,-0.720363832007,0.));
#347 = ORIENTED_EDGE('',*,*,#348,.T.);
#348 = EDGE_CURVE('',#341,#349,#351,.T.);
#349 = VERTEX_POINT('',#350);
#350 = CARTESIAN_POINT('',(574.11165266495,1.612394659634,
    -19.09033817672));
#351 = CIRCLE('',#352,3.174);
#352 = AXIS2_PLACEMENT_3D('',#353,#354,#355);
#353 = CARTESIAN_POINT('',(576.31312760067,3.898829462424,
    -19.09033817672));
#354 = DIRECTION('',(0.,-0.,1.));
#355 = DIRECTION('',(0.693596388065,0.720363832007,0.));
#356 = ORIENTED_EDGE('',*,*,#357,.F.);
#357 = EDGE_CURVE('',#358,#349,#360,.T.);
#358 = VERTEX_POINT('',#359);
#359 = CARTESIAN_POINT('',(585.39399116672,-9.250712128986,
    -19.09033817672));
#360 = LINE('',#361,#362);
#361 = CARTESIAN_POINT('',(587.68042596951,-11.4521870647,
    -19.09033817672));
#362 = VECTOR('',#363,1.);
#363 = DIRECTION('',(-0.720363832007,0.693596388065,0.));
#364 = ORIENTED_EDGE('',*,*,#365,.F.);
#365 = EDGE_CURVE('',#87,#358,#366,.T.);
#366 = CIRCLE('',#367,3.174);
#367 = AXIS2_PLACEMENT_3D('',#368,#369,#370);
#368 = CARTESIAN_POINT('',(587.59546610244,-6.964277326196,
    -19.09033817672));
#369 = DIRECTION('',(0.,0.,-1.));
#370 = DIRECTION('',(0.693596388065,0.720363832007,0.));
#371 = ORIENTED_EDGE('',*,*,#94,.T.);
#372 = ORIENTED_EDGE('',*,*,#315,.F.);
#373 = ORIENTED_EDGE('',*,*,#374,.F.);
#374 = EDGE_CURVE('',#375,#306,#377,.T.);
#375 = VERTEX_POINT('',#376);
#376 = CARTESIAN_POINT('',(599.33561978832,0.652806886503,
    -19.09033817672));
#377 = LINE('',#378,#379);
#378 = CARTESIAN_POINT('',(601.53709472404,2.939241689293,
    -19.09033817672));
#379 = VECTOR('',#380,1.);
#380 = DIRECTION('',(-0.693596388065,-0.720363832007,0.));
#381 = ORIENTED_EDGE('',*,*,#382,.T.);
#382 = EDGE_CURVE('',#375,#383,#385,.T.);
#383 = VERTEX_POINT('',#384);
#384 = CARTESIAN_POINT('',(599.25065992125,5.14071662501,-19.09033817672
    ));
#385 = CIRCLE('',#386,3.174);
#386 = AXIS2_PLACEMENT_3D('',#387,#388,#389);
#387 = CARTESIAN_POINT('',(597.04918498553,2.854281822221,
    -19.09033817672));
#388 = DIRECTION('',(0.,-0.,1.));
#389 = DIRECTION('',(0.693596388065,0.720363832007,0.));
#390 = ORIENTED_EDGE('',*,*,#391,.T.);
#391 = EDGE_CURVE('',#383,#392,#394,.T.);
#392 = VERTEX_POINT('',#393);
#393 = CARTESIAN_POINT('',(587.96832141948,16.003823413631,
    -19.09033817672));
#394 = LINE('',#395,#396);
#395 = CARTESIAN_POINT('',(601.53709472404,2.939241689293,
    -19.09033817672));
#396 = VECTOR('',#397,1.);
#397 = DIRECTION('',(-0.720363832007,0.693596388065,0.));
#398 = ORIENTED_EDGE('',*,*,#399,.T.);
#399 = EDGE_CURVE('',#392,#339,#400,.T.);
#400 = CIRCLE('',#401,3.174);
#401 = AXIS2_PLACEMENT_3D('',#402,#403,#404);
#402 = CARTESIAN_POINT('',(585.76684648376,13.717388610841,
    -19.09033817672));
#403 = DIRECTION('',(0.,-0.,1.));
#404 = DIRECTION('',(0.693596388065,0.720363832007,0.));
#405 = PLANE('',#406);
#406 = AXIS2_PLACEMENT_3D('',#407,#408,#409);
#407 = CARTESIAN_POINT('',(601.53709472404,2.939241689293,
    -19.09033817672));
#408 = DIRECTION('',(0.,0.,1.));
#409 = DIRECTION('',(-0.720363832007,0.693596388065,0.));
#410 = ADVANCED_FACE('',(#411),#430,.F.);
#411 = FACE_BOUND('',#412,.T.);
#412 = EDGE_LOOP('',(#413,#414,#415,#423));
#413 = ORIENTED_EDGE('',*,*,#86,.F.);
#414 = ORIENTED_EDGE('',*,*,#365,.T.);
#415 = ORIENTED_EDGE('',*,*,#416,.T.);
#416 = EDGE_CURVE('',#358,#417,#419,.T.);
#417 = VERTEX_POINT('',#418);
#418 = CARTESIAN_POINT('',(585.39399116672,-9.250712128986,-12.7));
#419 = LINE('',#420,#421);
#420 = CARTESIAN_POINT('',(585.39399116672,-9.250712128986,
    -19.09033817672));
#421 = VECTOR('',#422,1.);
#422 = DIRECTION('',(0.,0.,1.));
#423 = ORIENTED_EDGE('',*,*,#424,.T.);
#424 = EDGE_CURVE('',#417,#79,#425,.T.);
#425 = CIRCLE('',#426,3.174);
#426 = AXIS2_PLACEMENT_3D('',#427,#428,#429);
#427 = CARTESIAN_POINT('',(587.59546610244,-6.964277326196,-12.7));
#428 = DIRECTION('',(-0.,0.,1.));
#429 = DIRECTION('',(0.720363832007,-0.693596388065,0.));
#430 = CYLINDRICAL_SURFACE('',#431,3.174);
#431 = AXIS2_PLACEMENT_3D('',#432,#433,#434);
#432 = CARTESIAN_POINT('',(587.59546610244,-6.964277326196,
    -19.09033817672));
#433 = DIRECTION('',(0.,0.,1.));
#434 = DIRECTION('',(0.720363832007,-0.693596388065,0.));
#435 = ADVANCED_FACE('',(#436),#461,.T.);
#436 = FACE_BOUND('',#437,.T.);
#437 = EDGE_LOOP('',(#438,#446,#454,#460));
#438 = ORIENTED_EDGE('',*,*,#439,.F.);
#439 = EDGE_CURVE('',#440,#206,#442,.T.);
#440 = VERTEX_POINT('',#441);
#441 = CARTESIAN_POINT('',(17.271138221292,358.15955251265,-12.7));
#442 = LINE('',#443,#444);
#443 = CARTESIAN_POINT('',(-79.29621292393,261.59220136742,-12.7));
#444 = VECTOR('',#445,1.);
#445 = DIRECTION('',(0.707106781187,0.707106781187,0.));
#446 = ORIENTED_EDGE('',*,*,#447,.F.);
#447 = EDGE_CURVE('',#448,#440,#450,.T.);
#448 = VERTEX_POINT('',#449);
#449 = CARTESIAN_POINT('',(17.271138221292,358.15955251265,
    -19.09033817672));
#450 = LINE('',#451,#452);
#451 = CARTESIAN_POINT('',(17.271138221292,358.15955251265,
    -19.09033817672));
#452 = VECTOR('',#453,1.);
#453 = DIRECTION('',(0.,0.,1.));
#454 = ORIENTED_EDGE('',*,*,#455,.T.);
#455 = EDGE_CURVE('',#448,#214,#456,.T.);
#456 = LINE('',#457,#458);
#457 = CARTESIAN_POINT('',(15.026781297806,355.91519558916,
    -19.09033817672));
#458 = VECTOR('',#459,1.);
#459 = DIRECTION('',(0.707106781187,0.707106781187,0.));
#460 = ORIENTED_EDGE('',*,*,#213,.F.);
#461 = PLANE('',#462);
#462 = AXIS2_PLACEMENT_3D('',#463,#464,#465);
#463 = CARTESIAN_POINT('',(15.026781297806,355.91519558916,
    -19.09033817672));
#464 = DIRECTION('',(0.707106781187,-0.707106781187,0.));
#465 = DIRECTION('',(0.,0.,1.));
#466 = ADVANCED_FACE('',(#467),#494,.F.);
#467 = FACE_BOUND('',#468,.F.);
#468 = EDGE_LOOP('',(#469,#470,#479,#487));
#469 = ORIENTED_EDGE('',*,*,#447,.F.);
#470 = ORIENTED_EDGE('',*,*,#471,.T.);
#471 = EDGE_CURVE('',#448,#472,#474,.T.);
#472 = VERTEX_POINT('',#473);
#473 = CARTESIAN_POINT('',(17.271138221292,353.67083866568,
    -19.09033817672));
#474 = CIRCLE('',#475,3.174);
#475 = AXIS2_PLACEMENT_3D('',#476,#477,#478);
#476 = CARTESIAN_POINT('',(19.515495144778,355.91519558916,
    -19.09033817672));
#477 = DIRECTION('',(0.,0.,1.));
#478 = DIRECTION('',(-0.707106781187,-0.707106781187,0.));
#479 = ORIENTED_EDGE('',*,*,#480,.T.);
#480 = EDGE_CURVE('',#472,#481,#483,.T.);
#481 = VERTEX_POINT('',#482);
#482 = CARTESIAN_POINT('',(17.271138221292,353.67083866568,-12.7));
#483 = LINE('',#484,#485);
#484 = CARTESIAN_POINT('',(17.271138221292,353.67083866568,
    -19.09033817672));
#485 = VECTOR('',#486,1.);
#486 = DIRECTION('',(0.,0.,1.));
#487 = ORIENTED_EDGE('',*,*,#488,.F.);
#488 = EDGE_CURVE('',#440,#481,#489,.T.);
#489 = CIRCLE('',#490,3.174);
#490 = AXIS2_PLACEMENT_3D('',#491,#492,#493);
#491 = CARTESIAN_POINT('',(19.515495144778,355.91519558916,-12.7));
#492 = DIRECTION('',(0.,0.,1.));
#493 = DIRECTION('',(-0.707106781187,0.707106781187,0.));
#494 = CYLINDRICAL_SURFACE('',#495,3.174);
#495 = AXIS2_PLACEMENT_3D('',#496,#497,#498);
#496 = CARTESIAN_POINT('',(19.515495144778,355.91519558916,
    -19.09033817672));
#497 = DIRECTION('',(0.,0.,1.));
#498 = DIRECTION('',(-0.707106781187,0.707106781187,0.));
#499 = ADVANCED_FACE('',(#500),#525,.T.);
#500 = FACE_BOUND('',#501,.T.);
#501 = EDGE_LOOP('',(#502,#512,#518,#519));
#502 = ORIENTED_EDGE('',*,*,#503,.F.);
#503 = EDGE_CURVE('',#504,#506,#508,.T.);
#504 = VERTEX_POINT('',#505);
#505 = CARTESIAN_POINT('',(28.34584479008,342.59613209689,
    -19.09033817672));
#506 = VERTEX_POINT('',#507);
#507 = CARTESIAN_POINT('',(28.34584479008,342.59613209689,-12.7));
#508 = LINE('',#509,#510);
#509 = CARTESIAN_POINT('',(28.34584479008,342.59613209689,
    -19.09033817672));
#510 = VECTOR('',#511,1.);
#511 = DIRECTION('',(0.,0.,1.));
#512 = ORIENTED_EDGE('',*,*,#513,.F.);
#513 = EDGE_CURVE('',#472,#504,#514,.T.);
#514 = LINE('',#515,#516);
#515 = CARTESIAN_POINT('',(15.026781297806,355.91519558916,
    -19.09033817672));
#516 = VECTOR('',#517,1.);
#517 = DIRECTION('',(0.707106781187,-0.707106781187,0.));
#518 = ORIENTED_EDGE('',*,*,#480,.T.);
#519 = ORIENTED_EDGE('',*,*,#520,.F.);
#520 = EDGE_CURVE('',#506,#481,#521,.T.);
#521 = LINE('',#522,#523);
#522 = CARTESIAN_POINT('',(103.42388487064,267.51809201632,-12.7));
#523 = VECTOR('',#524,1.);
#524 = DIRECTION('',(-0.707106781187,0.707106781187,0.));
#525 = PLANE('',#526);
#526 = AXIS2_PLACEMENT_3D('',#527,#528,#529);
#527 = CARTESIAN_POINT('',(15.026781297806,355.91519558916,
    -19.09033817672));
#528 = DIRECTION('',(0.707106781187,0.707106781187,0.));
#529 = DIRECTION('',(0.,0.,1.));
#530 = ADVANCED_FACE('',(#531),#558,.F.);
#531 = FACE_BOUND('',#532,.F.);
#532 = EDGE_LOOP('',(#533,#534,#543,#551));
#533 = ORIENTED_EDGE('',*,*,#503,.F.);
#534 = ORIENTED_EDGE('',*,*,#535,.T.);
#535 = EDGE_CURVE('',#504,#536,#538,.T.);
#536 = VERTEX_POINT('',#537);
#537 = CARTESIAN_POINT('',(32.834558637052,342.59613209689,
    -19.09033817672));
#538 = CIRCLE('',#539,3.174);
#539 = AXIS2_PLACEMENT_3D('',#540,#541,#542);
#540 = CARTESIAN_POINT('',(30.590201713566,344.84048902038,
    -19.09033817672));
#541 = DIRECTION('',(0.,0.,1.));
#542 = DIRECTION('',(-0.707106781187,-0.707106781187,0.));
#543 = ORIENTED_EDGE('',*,*,#544,.T.);
#544 = EDGE_CURVE('',#536,#545,#547,.T.);
#545 = VERTEX_POINT('',#546);
#546 = CARTESIAN_POINT('',(32.834558637052,342.59613209689,-12.7));
#547 = LINE('',#548,#549);
#548 = CARTESIAN_POINT('',(32.834558637052,342.59613209689,
    -19.09033817672));
#549 = VECTOR('',#550,1.);
#550 = DIRECTION('',(0.,0.,1.));
#551 = ORIENTED_EDGE('',*,*,#552,.F.);
#552 = EDGE_CURVE('',#506,#545,#553,.T.);
#553 = CIRCLE('',#554,3.174);
#554 = AXIS2_PLACEMENT_3D('',#555,#556,#557);
#555 = CARTESIAN_POINT('',(30.590201713566,344.84048902038,-12.7));
#556 = DIRECTION('',(0.,0.,1.));
#557 = DIRECTION('',(-0.707106781187,-0.707106781187,0.));
#558 = CYLINDRICAL_SURFACE('',#559,3.174);
#559 = AXIS2_PLACEMENT_3D('',#560,#561,#562);
#560 = CARTESIAN_POINT('',(30.590201713566,344.84048902038,
    -19.09033817672));
#561 = DIRECTION('',(0.,0.,1.));
#562 = DIRECTION('',(-0.707106781187,-0.707106781187,0.));
#563 = ADVANCED_FACE('',(#564),#589,.F.);
#564 = FACE_BOUND('',#565,.F.);
#565 = EDGE_LOOP('',(#566,#576,#582,#583));
#566 = ORIENTED_EDGE('',*,*,#567,.T.);
#567 = EDGE_CURVE('',#568,#570,#572,.T.);
#568 = VERTEX_POINT('',#569);
#569 = CARTESIAN_POINT('',(42.472424180613,352.23399764045,
    -19.09033817672));
#570 = VERTEX_POINT('',#571);
#571 = CARTESIAN_POINT('',(42.472424180612,352.23399764045,-12.7));
#572 = LINE('',#573,#574);
#573 = CARTESIAN_POINT('',(42.472424180612,352.23399764045,
    -19.09033817672));
#574 = VECTOR('',#575,1.);
#575 = DIRECTION('',(0.,0.,1.));
#576 = ORIENTED_EDGE('',*,*,#577,.F.);
#577 = EDGE_CURVE('',#545,#570,#578,.T.);
#578 = LINE('',#579,#580);
#579 = CARTESIAN_POINT('',(-63.73279250817,246.02878095166,-12.7));
#580 = VECTOR('',#581,1.);
#581 = DIRECTION('',(0.707106781187,0.707106781187,0.));
#582 = ORIENTED_EDGE('',*,*,#544,.F.);
#583 = ORIENTED_EDGE('',*,*,#584,.T.);
#584 = EDGE_CURVE('',#536,#568,#585,.T.);
#585 = LINE('',#586,#587);
#586 = CARTESIAN_POINT('',(30.590201713566,340.3517751734,
    -19.09033817672));
#587 = VECTOR('',#588,1.);
#588 = DIRECTION('',(0.707106781187,0.707106781187,0.));
#589 = PLANE('',#590);
#590 = AXIS2_PLACEMENT_3D('',#591,#592,#593);
#591 = CARTESIAN_POINT('',(30.590201713566,340.3517751734,
    -19.09033817672));
#592 = DIRECTION('',(0.707106781187,-0.707106781187,0.));
#593 = DIRECTION('',(0.,0.,1.));
#594 = ADVANCED_FACE('',(#595),#630,.F.);
#595 = FACE_BOUND('',#596,.F.);
#596 = EDGE_LOOP('',(#597,#605,#606,#614,#623));
#597 = ORIENTED_EDGE('',*,*,#598,.F.);
#598 = EDGE_CURVE('',#341,#599,#601,.T.);
#599 = VERTEX_POINT('',#600);
#600 = CARTESIAN_POINT('',(574.02669279788,6.100304398141,-12.7));
#601 = LINE('',#602,#603);
#602 = CARTESIAN_POINT('',(574.02669279788,6.100304398141,
    -19.09033817672));
#603 = VECTOR('',#604,1.);
#604 = DIRECTION('',(0.,0.,1.));
#605 = ORIENTED_EDGE('',*,*,#348,.T.);
#606 = ORIENTED_EDGE('',*,*,#607,.T.);
#607 = EDGE_CURVE('',#349,#608,#610,.T.);
#608 = VERTEX_POINT('',#609);
#609 = CARTESIAN_POINT('',(574.11165266495,1.612394659634,-12.7));
#610 = LINE('',#611,#612);
#611 = CARTESIAN_POINT('',(574.11165266495,1.612394659634,
    -19.09033817672));
#612 = VECTOR('',#613,1.);
#613 = DIRECTION('',(0.,0.,1.));
#614 = ORIENTED_EDGE('',*,*,#615,.F.);
#615 = EDGE_CURVE('',#616,#608,#618,.T.);
#616 = VERTEX_POINT('',#617);
#617 = CARTESIAN_POINT('',(573.14231403458,4.041017117208,-12.7));
#618 = CIRCLE('',#619,3.174);
#619 = AXIS2_PLACEMENT_3D('',#620,#621,#622);
#620 = CARTESIAN_POINT('',(576.31312760067,3.898829462424,-12.7));
#621 = DIRECTION('',(0.,0.,1.));
#622 = DIRECTION('',(-0.720363832007,0.693596388065,0.));
#623 = ORIENTED_EDGE('',*,*,#624,.F.);
#624 = EDGE_CURVE('',#599,#616,#625,.T.);
#625 = CIRCLE('',#626,3.174);
#626 = AXIS2_PLACEMENT_3D('',#627,#628,#629);
#627 = CARTESIAN_POINT('',(576.31312760067,3.898829462424,-12.7));
#628 = DIRECTION('',(0.,0.,1.));
#629 = DIRECTION('',(-0.720363832007,0.693596388065,0.));
#630 = CYLINDRICAL_SURFACE('',#631,3.174);
#631 = AXIS2_PLACEMENT_3D('',#632,#633,#634);
#632 = CARTESIAN_POINT('',(576.31312760067,3.898829462424,
    -19.09033817672));
#633 = DIRECTION('',(0.,0.,1.));
#634 = DIRECTION('',(-0.720363832007,0.693596388065,0.));
#635 = ADVANCED_FACE('',(#636),#672,.F.);
#636 = FACE_BOUND('',#637,.F.);
#637 = EDGE_LOOP('',(#638,#639,#648,#656,#665));
#638 = ORIENTED_EDGE('',*,*,#567,.F.);
#639 = ORIENTED_EDGE('',*,*,#640,.T.);
#640 = EDGE_CURVE('',#568,#641,#643,.T.);
#641 = VERTEX_POINT('',#642);
#642 = CARTESIAN_POINT('',(42.472424180613,356.72271148742,
    -19.09033817672));
#643 = CIRCLE('',#644,3.174);
#644 = AXIS2_PLACEMENT_3D('',#645,#646,#647);
#645 = CARTESIAN_POINT('',(40.228067257126,354.47835456394,
    -19.09033817672));
#646 = DIRECTION('',(0.,0.,1.));
#647 = DIRECTION('',(-0.707106781187,-0.707106781187,0.));
#648 = ORIENTED_EDGE('',*,*,#649,.T.);
#649 = EDGE_CURVE('',#641,#650,#652,.T.);
#650 = VERTEX_POINT('',#651);
#651 = CARTESIAN_POINT('',(42.472424180612,356.72271148742,-12.7));
#652 = LINE('',#653,#654);
#653 = CARTESIAN_POINT('',(42.472424180612,356.72271148742,
    -19.09033817672));
#654 = VECTOR('',#655,1.);
#655 = DIRECTION('',(0.,0.,1.));
#656 = ORIENTED_EDGE('',*,*,#657,.F.);
#657 = EDGE_CURVE('',#658,#650,#660,.T.);
#658 = VERTEX_POINT('',#659);
#659 = CARTESIAN_POINT('',(43.395621555001,354.27617699356,-12.7));
#660 = CIRCLE('',#661,3.174);
#661 = AXIS2_PLACEMENT_3D('',#662,#663,#664);
#662 = CARTESIAN_POINT('',(40.228067257126,354.47835456394,-12.7));
#663 = DIRECTION('',(-0.,0.,1.));
#664 = DIRECTION('',(0.707106781187,-0.707106781187,0.));
#665 = ORIENTED_EDGE('',*,*,#666,.F.);
#666 = EDGE_CURVE('',#570,#658,#667,.T.);
#667 = CIRCLE('',#668,3.174);
#668 = AXIS2_PLACEMENT_3D('',#669,#670,#671);
#669 = CARTESIAN_POINT('',(40.228067257126,354.47835456394,-12.7));
#670 = DIRECTION('',(-0.,0.,1.));
#671 = DIRECTION('',(0.707106781187,-0.707106781187,0.));
#672 = CYLINDRICAL_SURFACE('',#673,3.174);
#673 = AXIS2_PLACEMENT_3D('',#674,#675,#676);
#674 = CARTESIAN_POINT('',(40.228067257126,354.47835456394,
    -19.09033817672));
#675 = DIRECTION('',(0.,0.,1.));
#676 = DIRECTION('',(0.707106781187,-0.707106781187,0.));
#677 = ADVANCED_FACE('',(#678),#696,.F.);
#678 = FACE_BOUND('',#679,.F.);
#679 = EDGE_LOOP('',(#680,#681,#689,#695));
#680 = ORIENTED_EDGE('',*,*,#598,.T.);
#681 = ORIENTED_EDGE('',*,*,#682,.F.);
#682 = EDGE_CURVE('',#683,#599,#685,.T.);
#683 = VERTEX_POINT('',#684);
#684 = CARTESIAN_POINT('',(583.48041168097,15.918863546558,-12.7));
#685 = LINE('',#686,#687);
#686 = CARTESIAN_POINT('',(438.63925239641,-134.5120417032,-12.7));
#687 = VECTOR('',#688,1.);
#688 = DIRECTION('',(-0.693596388065,-0.720363832007,0.));
#689 = ORIENTED_EDGE('',*,*,#690,.F.);
#690 = EDGE_CURVE('',#339,#683,#691,.T.);
#691 = LINE('',#692,#693);
#692 = CARTESIAN_POINT('',(583.48041168097,15.918863546558,
    -19.09033817672));
#693 = VECTOR('',#694,1.);
#694 = DIRECTION('',(0.,0.,1.));
#695 = ORIENTED_EDGE('',*,*,#338,.T.);
#696 = PLANE('',#697);
#697 = AXIS2_PLACEMENT_3D('',#698,#699,#700);
#698 = CARTESIAN_POINT('',(585.68188661669,18.205298349348,
    -19.09033817672));
#699 = DIRECTION('',(-0.720363832007,0.693596388065,0.));
#700 = DIRECTION('',(0.,0.,1.));
#701 = ADVANCED_FACE('',(#702),#721,.F.);
#702 = FACE_BOUND('',#703,.F.);
#703 = EDGE_LOOP('',(#704,#712,#713,#714));
#704 = ORIENTED_EDGE('',*,*,#705,.F.);
#705 = EDGE_CURVE('',#392,#706,#708,.T.);
#706 = VERTEX_POINT('',#707);
#707 = CARTESIAN_POINT('',(587.96832141948,16.003823413631,-12.7));
#708 = LINE('',#709,#710);
#709 = CARTESIAN_POINT('',(587.96832141948,16.003823413631,
    -19.09033817672));
#710 = VECTOR('',#711,1.);
#711 = DIRECTION('',(0.,0.,1.));
#712 = ORIENTED_EDGE('',*,*,#399,.T.);
#713 = ORIENTED_EDGE('',*,*,#690,.T.);
#714 = ORIENTED_EDGE('',*,*,#715,.F.);
#715 = EDGE_CURVE('',#706,#683,#716,.T.);
#716 = CIRCLE('',#717,3.174);
#717 = AXIS2_PLACEMENT_3D('',#718,#719,#720);
#718 = CARTESIAN_POINT('',(585.76684648376,13.717388610841,-12.7));
#719 = DIRECTION('',(0.,-0.,1.));
#720 = DIRECTION('',(0.693596388065,0.720363832007,0.));
#721 = CYLINDRICAL_SURFACE('',#722,3.174);
#722 = AXIS2_PLACEMENT_3D('',#723,#724,#725);
#723 = CARTESIAN_POINT('',(585.76684648376,13.717388610841,
    -19.09033817672));
#724 = DIRECTION('',(0.,0.,1.));
#725 = DIRECTION('',(0.693596388065,0.720363832007,0.));
#726 = ADVANCED_FACE('',(#727),#745,.T.);
#727 = FACE_BOUND('',#728,.T.);
#728 = EDGE_LOOP('',(#729,#730,#731,#739));
#729 = ORIENTED_EDGE('',*,*,#705,.F.);
#730 = ORIENTED_EDGE('',*,*,#391,.F.);
#731 = ORIENTED_EDGE('',*,*,#732,.T.);
#732 = EDGE_CURVE('',#383,#733,#735,.T.);
#733 = VERTEX_POINT('',#734);
#734 = CARTESIAN_POINT('',(599.25065992125,5.14071662501,-12.7));
#735 = LINE('',#736,#737);
#736 = CARTESIAN_POINT('',(599.25065992125,5.14071662501,-19.09033817672
    ));
#737 = VECTOR('',#738,1.);
#738 = DIRECTION('',(0.,0.,1.));
#739 = ORIENTED_EDGE('',*,*,#740,.F.);
#740 = EDGE_CURVE('',#706,#733,#741,.T.);
#741 = LINE('',#742,#743);
#742 = CARTESIAN_POINT('',(449.3986815823,149.42446089722,-12.7));
#743 = VECTOR('',#744,1.);
#744 = DIRECTION('',(0.720363832007,-0.693596388065,0.));
#745 = PLANE('',#746);
#746 = AXIS2_PLACEMENT_3D('',#747,#748,#749);
#747 = CARTESIAN_POINT('',(601.53709472404,2.939241689293,
    -19.09033817672));
#748 = DIRECTION('',(-0.693596388065,-0.720363832007,0.));
#749 = DIRECTION('',(0.,0.,1.));
#750 = ADVANCED_FACE('',(#751),#770,.F.);
#751 = FACE_BOUND('',#752,.F.);
#752 = EDGE_LOOP('',(#753,#761,#762,#763));
#753 = ORIENTED_EDGE('',*,*,#754,.F.);
#754 = EDGE_CURVE('',#375,#755,#757,.T.);
#755 = VERTEX_POINT('',#756);
#756 = CARTESIAN_POINT('',(599.33561978832,0.652806886503,-12.7));
#757 = LINE('',#758,#759);
#758 = CARTESIAN_POINT('',(599.33561978832,0.652806886503,
    -19.09033817672));
#759 = VECTOR('',#760,1.);
#760 = DIRECTION('',(0.,0.,1.));
#761 = ORIENTED_EDGE('',*,*,#382,.T.);
#762 = ORIENTED_EDGE('',*,*,#732,.T.);
#763 = ORIENTED_EDGE('',*,*,#764,.F.);
#764 = EDGE_CURVE('',#755,#733,#765,.T.);
#765 = CIRCLE('',#766,3.174);
#766 = AXIS2_PLACEMENT_3D('',#767,#768,#769);
#767 = CARTESIAN_POINT('',(597.04918498553,2.854281822221,-12.7));
#768 = DIRECTION('',(-0.,0.,1.));
#769 = DIRECTION('',(0.720363832007,-0.693596388065,0.));
#770 = CYLINDRICAL_SURFACE('',#771,3.174);
#771 = AXIS2_PLACEMENT_3D('',#772,#773,#774);
#772 = CARTESIAN_POINT('',(597.04918498553,2.854281822221,
    -19.09033817672));
#773 = DIRECTION('',(0.,0.,1.));
#774 = DIRECTION('',(0.720363832007,-0.693596388065,0.));
#775 = ADVANCED_FACE('',(#776),#787,.T.);
#776 = FACE_BOUND('',#777,.T.);
#777 = EDGE_LOOP('',(#778,#779,#785,#786));
#778 = ORIENTED_EDGE('',*,*,#305,.T.);
#779 = ORIENTED_EDGE('',*,*,#780,.F.);
#780 = EDGE_CURVE('',#755,#308,#781,.T.);
#781 = LINE('',#782,#783);
#782 = CARTESIAN_POINT('',(454.49446050376,-149.7780983632,-12.7));
#783 = VECTOR('',#784,1.);
#784 = DIRECTION('',(-0.693596388065,-0.720363832007,0.));
#785 = ORIENTED_EDGE('',*,*,#754,.F.);
#786 = ORIENTED_EDGE('',*,*,#374,.T.);
#787 = PLANE('',#788);
#788 = AXIS2_PLACEMENT_3D('',#789,#790,#791);
#789 = CARTESIAN_POINT('',(601.53709472404,2.939241689293,
    -19.09033817672));
#790 = DIRECTION('',(-0.720363832007,0.693596388065,0.));
#791 = DIRECTION('',(0.,0.,1.));
#792 = ADVANCED_FACE('',(#793),#818,.F.);
#793 = FACE_BOUND('',#794,.F.);
#794 = EDGE_LOOP('',(#795,#805,#811,#812));
#795 = ORIENTED_EDGE('',*,*,#796,.T.);
#796 = EDGE_CURVE('',#797,#799,#801,.T.);
#797 = VERTEX_POINT('',#798);
#798 = CARTESIAN_POINT('',(144.23399764045,355.52757581938,
    -19.09033817672));
#799 = VERTEX_POINT('',#800);
#800 = CARTESIAN_POINT('',(144.23399764045,355.52757581938,-12.7));
#801 = LINE('',#802,#803);
#802 = CARTESIAN_POINT('',(144.23399764045,355.52757581938,
    -19.09033817672));
#803 = VECTOR('',#804,1.);
#804 = DIRECTION('',(0.,0.,1.));
#805 = ORIENTED_EDGE('',*,*,#806,.F.);
#806 = EDGE_CURVE('',#238,#799,#807,.T.);
#807 = LINE('',#808,#809);
#808 = CARTESIAN_POINT('',(194.29128095166,305.47029250817,-12.7));
#809 = VECTOR('',#810,1.);
#810 = DIRECTION('',(0.707106781187,-0.707106781187,0.));
#811 = ORIENTED_EDGE('',*,*,#245,.F.);
#812 = ORIENTED_EDGE('',*,*,#813,.T.);
#813 = EDGE_CURVE('',#246,#797,#814,.T.);
#814 = LINE('',#815,#816);
#815 = CARTESIAN_POINT('',(132.3517751734,367.40979828643,
    -19.09033817672));
#816 = VECTOR('',#817,1.);
#817 = DIRECTION('',(0.707106781187,-0.707106781187,0.));
#818 = PLANE('',#819);
#819 = AXIS2_PLACEMENT_3D('',#820,#821,#822);
#820 = CARTESIAN_POINT('',(132.3517751734,367.40979828643,
    -19.09033817672));
#821 = DIRECTION('',(-0.707106781187,-0.707106781187,0.));
#822 = DIRECTION('',(0.,0.,1.));
#823 = ADVANCED_FACE('',(#824),#860,.F.);
#824 = FACE_BOUND('',#825,.F.);
#825 = EDGE_LOOP('',(#826,#827,#836,#844,#853));
#826 = ORIENTED_EDGE('',*,*,#796,.F.);
#827 = ORIENTED_EDGE('',*,*,#828,.T.);
#828 = EDGE_CURVE('',#797,#829,#831,.T.);
#829 = VERTEX_POINT('',#830);
#830 = CARTESIAN_POINT('',(148.72271148742,355.52757581938,
    -19.09033817672));
#831 = CIRCLE('',#832,3.174);
#832 = AXIS2_PLACEMENT_3D('',#833,#834,#835);
#833 = CARTESIAN_POINT('',(146.47835456394,357.77193274287,
    -19.09033817672));
#834 = DIRECTION('',(0.,0.,1.));
#835 = DIRECTION('',(-0.707106781187,0.707106781187,0.));
#836 = ORIENTED_EDGE('',*,*,#837,.T.);
#837 = EDGE_CURVE('',#829,#838,#840,.T.);
#838 = VERTEX_POINT('',#839);
#839 = CARTESIAN_POINT('',(148.72271148742,355.52757581938,-12.7));
#840 = LINE('',#841,#842);
#841 = CARTESIAN_POINT('',(148.72271148742,355.52757581938,
    -19.09033817672));
#842 = VECTOR('',#843,1.);
#843 = DIRECTION('',(0.,0.,1.));
#844 = ORIENTED_EDGE('',*,*,#845,.F.);
#845 = EDGE_CURVE('',#846,#838,#848,.T.);
#846 = VERTEX_POINT('',#847);
#847 = CARTESIAN_POINT('',(146.27617699356,354.60437844498,-12.7));
#848 = CIRCLE('',#849,3.174);
#849 = AXIS2_PLACEMENT_3D('',#850,#851,#852);
#850 = CARTESIAN_POINT('',(146.47835456394,357.77193274287,-12.7));
#851 = DIRECTION('',(0.,0.,1.));
#852 = DIRECTION('',(-0.707106781187,-0.707106781187,0.));
#853 = ORIENTED_EDGE('',*,*,#854,.F.);
#854 = EDGE_CURVE('',#799,#846,#855,.T.);
#855 = CIRCLE('',#856,3.174);
#856 = AXIS2_PLACEMENT_3D('',#857,#858,#859);
#857 = CARTESIAN_POINT('',(146.47835456394,357.77193274287,-12.7));
#858 = DIRECTION('',(0.,0.,1.));
#859 = DIRECTION('',(-0.707106781187,-0.707106781187,0.));
#860 = CYLINDRICAL_SURFACE('',#861,3.174);
#861 = AXIS2_PLACEMENT_3D('',#862,#863,#864);
#862 = CARTESIAN_POINT('',(146.47835456394,357.77193274287,
    -19.09033817672));
#863 = DIRECTION('',(0.,0.,1.));
#864 = DIRECTION('',(-0.707106781187,-0.707106781187,0.));
#865 = ADVANCED_FACE('',(#866),#893,.F.);
#866 = FACE_BOUND('',#867,.F.);
#867 = EDGE_LOOP('',(#868,#869,#876,#877,#886));
#868 = ORIENTED_EDGE('',*,*,#174,.F.);
#869 = ORIENTED_EDGE('',*,*,#870,.T.);
#870 = EDGE_CURVE('',#175,#284,#871,.T.);
#871 = CIRCLE('',#872,3.174);
#872 = AXIS2_PLACEMENT_3D('',#873,#874,#875);
#873 = CARTESIAN_POINT('',(606.31568173082,367.96146857014,
    -19.09033817672));
#874 = DIRECTION('',(0.,0.,1.));
#875 = DIRECTION('',(-0.720363832007,0.693596388065,0.));
#876 = ORIENTED_EDGE('',*,*,#291,.T.);
#877 = ORIENTED_EDGE('',*,*,#878,.F.);
#878 = EDGE_CURVE('',#879,#268,#881,.T.);
#879 = VERTEX_POINT('',#880);
#880 = CARTESIAN_POINT('',(606.17349407604,364.79065500408,-12.7));
#881 = CIRCLE('',#882,3.174);
#882 = AXIS2_PLACEMENT_3D('',#883,#884,#885);
#883 = CARTESIAN_POINT('',(606.31568173082,367.96146857014,-12.7));
#884 = DIRECTION('',(0.,0.,1.));
#885 = DIRECTION('',(-0.693596388065,-0.720363832007,0.));
#886 = ORIENTED_EDGE('',*,*,#887,.F.);
#887 = EDGE_CURVE('',#167,#879,#888,.T.);
#888 = CIRCLE('',#889,3.174);
#889 = AXIS2_PLACEMENT_3D('',#890,#891,#892);
#890 = CARTESIAN_POINT('',(606.31568173082,367.96146857014,-12.7));
#891 = DIRECTION('',(0.,0.,1.));
#892 = DIRECTION('',(-0.693596388065,-0.720363832007,0.));
#893 = CYLINDRICAL_SURFACE('',#894,3.174);
#894 = AXIS2_PLACEMENT_3D('',#895,#896,#897);
#895 = CARTESIAN_POINT('',(606.31568173082,367.96146857014,
    -19.09033817672));
#896 = DIRECTION('',(0.,0.,1.));
#897 = DIRECTION('',(-0.693596388065,-0.720363832007,0.));
#898 = ADVANCED_FACE('',(#899),#926,.F.);
#899 = FACE_BOUND('',#900,.F.);
#900 = EDGE_LOOP('',(#901,#911,#918,#919));
#901 = ORIENTED_EDGE('',*,*,#902,.F.);
#902 = EDGE_CURVE('',#903,#905,#907,.T.);
#903 = VERTEX_POINT('',#904);
#904 = CARTESIAN_POINT('',(245.20691768904,362.17963519759,-21.97));
#905 = VERTEX_POINT('',#906);
#906 = CARTESIAN_POINT('',(245.20691768904,362.17963519759,-12.7));
#907 = LINE('',#908,#909);
#908 = CARTESIAN_POINT('',(245.20691768904,362.17963519759,-21.97));
#909 = VECTOR('',#910,1.);
#910 = DIRECTION('',(0.,0.,1.));
#911 = ORIENTED_EDGE('',*,*,#912,.T.);
#912 = EDGE_CURVE('',#903,#151,#913,.T.);
#913 = CIRCLE('',#914,3.174);
#914 = AXIS2_PLACEMENT_3D('',#915,#916,#917);
#915 = CARTESIAN_POINT('',(242.03348627959,362.11955949946,-21.97));
#916 = DIRECTION('',(0.,0.,1.));
#917 = DIRECTION('',(-1.89274411266E-02,0.999820859941,0.));
#918 = ORIENTED_EDGE('',*,*,#158,.T.);
#919 = ORIENTED_EDGE('',*,*,#920,.F.);
#920 = EDGE_CURVE('',#905,#159,#921,.T.);
#921 = CIRCLE('',#922,3.174);
#922 = AXIS2_PLACEMENT_3D('',#923,#924,#925);
#923 = CARTESIAN_POINT('',(242.03348627959,362.11955949946,-12.7));
#924 = DIRECTION('',(0.,0.,1.));
#925 = DIRECTION('',(-1.89274411266E-02,0.999820859941,0.));
#926 = CYLINDRICAL_SURFACE('',#927,3.174);
#927 = AXIS2_PLACEMENT_3D('',#928,#929,#930);
#928 = CARTESIAN_POINT('',(242.03348627959,362.11955949946,-21.97));
#929 = DIRECTION('',(0.,0.,1.));
#930 = DIRECTION('',(0.999820859941,1.89274411266E-02,0.));
#931 = ADVANCED_FACE('',(#932),#957,.T.);
#932 = FACE_BOUND('',#933,.T.);
#933 = EDGE_LOOP('',(#934,#942,#943,#951));
#934 = ORIENTED_EDGE('',*,*,#935,.F.);
#935 = EDGE_CURVE('',#905,#936,#938,.T.);
#936 = VERTEX_POINT('',#937);
#937 = CARTESIAN_POINT('',(245.99528346685,320.53509673935,-12.7));
#938 = LINE('',#939,#940);
#939 = CARTESIAN_POINT('',(245.14684199091,365.35306660705,-12.7));
#940 = VECTOR('',#941,1.);
#941 = DIRECTION('',(1.89274411266E-02,-0.999820859941,0.));
#942 = ORIENTED_EDGE('',*,*,#902,.F.);
#943 = ORIENTED_EDGE('',*,*,#944,.T.);
#944 = EDGE_CURVE('',#903,#945,#947,.T.);
#945 = VERTEX_POINT('',#946);
#946 = CARTESIAN_POINT('',(245.99528346685,320.53509673935,-21.97));
#947 = LINE('',#948,#949);
#948 = CARTESIAN_POINT('',(245.14684199091,365.35306660705,-21.97));
#949 = VECTOR('',#950,1.);
#950 = DIRECTION('',(1.89274411266E-02,-0.999820859941,0.));
#951 = ORIENTED_EDGE('',*,*,#952,.T.);
#952 = EDGE_CURVE('',#945,#936,#953,.T.);
#953 = LINE('',#954,#955);
#954 = CARTESIAN_POINT('',(245.99528346685,320.53509673935,-21.97));
#955 = VECTOR('',#956,1.);
#956 = DIRECTION('',(0.,0.,1.));
#957 = PLANE('',#958);
#958 = AXIS2_PLACEMENT_3D('',#959,#960,#961);
#959 = CARTESIAN_POINT('',(245.14684199091,365.35306660705,-21.97));
#960 = DIRECTION('',(-0.999820859941,-1.89274411266E-02,0.));
#961 = DIRECTION('',(0.,0.,1.));
#962 = ADVANCED_FACE('',(#963),#990,.F.);
#963 = FACE_BOUND('',#964,.T.);
#964 = EDGE_LOOP('',(#965,#974,#982,#989));
#965 = ORIENTED_EDGE('',*,*,#966,.T.);
#966 = EDGE_CURVE('',#945,#967,#969,.T.);
#967 = VERTEX_POINT('',#968);
#968 = CARTESIAN_POINT('',(242.88192775553,317.30158963176,-21.97));
#969 = CIRCLE('',#970,3.174);
#970 = AXIS2_PLACEMENT_3D('',#971,#972,#973);
#971 = CARTESIAN_POINT('',(242.8218520574,320.47502104121,-21.97));
#972 = DIRECTION('',(0.,0.,-1.));
#973 = DIRECTION('',(-1.89274411266E-02,0.999820859941,0.));
#974 = ORIENTED_EDGE('',*,*,#975,.T.);
#975 = EDGE_CURVE('',#967,#976,#978,.T.);
#976 = VERTEX_POINT('',#977);
#977 = CARTESIAN_POINT('',(242.88192775553,317.30158963176,-12.7));
#978 = LINE('',#979,#980);
#979 = CARTESIAN_POINT('',(242.88192775553,317.30158963176,-21.97));
#980 = VECTOR('',#981,1.);
#981 = DIRECTION('',(0.,0.,1.));
#982 = ORIENTED_EDGE('',*,*,#983,.F.);
#983 = EDGE_CURVE('',#936,#976,#984,.T.);
#984 = CIRCLE('',#985,3.174);
#985 = AXIS2_PLACEMENT_3D('',#986,#987,#988);
#986 = CARTESIAN_POINT('',(242.8218520574,320.47502104121,-12.7));
#987 = DIRECTION('',(0.,0.,-1.));
#988 = DIRECTION('',(-1.89274411266E-02,0.999820859941,0.));
#989 = ORIENTED_EDGE('',*,*,#952,.F.);
#990 = CYLINDRICAL_SURFACE('',#991,3.174);
#991 = AXIS2_PLACEMENT_3D('',#992,#993,#994);
#992 = CARTESIAN_POINT('',(242.8218520574,320.47502104121,-21.97));
#993 = DIRECTION('',(0.,0.,1.));
#994 = DIRECTION('',(0.999820859941,1.89274411266E-02,0.));
#995 = ADVANCED_FACE('',(#996),#1021,.F.);
#996 = FACE_BOUND('',#997,.F.);
#997 = EDGE_LOOP('',(#998,#1006,#1007,#1015));
#998 = ORIENTED_EDGE('',*,*,#999,.F.);
#999 = EDGE_CURVE('',#967,#1000,#1002,.T.);
#1000 = VERTEX_POINT('',#1001);
#1001 = CARTESIAN_POINT('',(226.2329107958,316.98640988212,-21.97));
#1002 = LINE('',#1003,#1004);
#1003 = CARTESIAN_POINT('',(246.05535916498,317.3616653299,-21.97));
#1004 = VECTOR('',#1005,1.);
#1005 = DIRECTION('',(-0.999820859941,-1.89274411266E-02,0.));
#1006 = ORIENTED_EDGE('',*,*,#975,.T.);
#1007 = ORIENTED_EDGE('',*,*,#1008,.T.);
#1008 = EDGE_CURVE('',#976,#1009,#1011,.T.);
#1009 = VERTEX_POINT('',#1010);
#1010 = CARTESIAN_POINT('',(226.2329107958,316.98640988212,-12.7));
#1011 = LINE('',#1012,#1013);
#1012 = CARTESIAN_POINT('',(246.05535916498,317.3616653299,-12.7));
#1013 = VECTOR('',#1014,1.);
#1014 = DIRECTION('',(-0.999820859941,-1.89274411266E-02,0.));
#1015 = ORIENTED_EDGE('',*,*,#1016,.F.);
#1016 = EDGE_CURVE('',#1000,#1009,#1017,.T.);
#1017 = LINE('',#1018,#1019);
#1018 = CARTESIAN_POINT('',(226.2329107958,316.98640988212,-21.97));
#1019 = VECTOR('',#1020,1.);
#1020 = DIRECTION('',(0.,0.,1.));
#1021 = PLANE('',#1022);
#1022 = AXIS2_PLACEMENT_3D('',#1023,#1024,#1025);
#1023 = CARTESIAN_POINT('',(246.05535916498,317.3616653299,-21.97));
#1024 = DIRECTION('',(1.89274411266E-02,-0.999820859941,0.));
#1025 = DIRECTION('',(0.,0.,1.));
#1026 = ADVANCED_FACE('',(#1027),#1054,.F.);
#1027 = FACE_BOUND('',#1028,.F.);
#1028 = EDGE_LOOP('',(#1029,#1038,#1039,#1048));
#1029 = ORIENTED_EDGE('',*,*,#1030,.T.);
#1030 = EDGE_CURVE('',#1031,#1000,#1033,.T.);
#1031 = VERTEX_POINT('',#1032);
#1032 = CARTESIAN_POINT('',(222.99940368821,320.09976559344,-21.97));
#1033 = CIRCLE('',#1034,3.174);
#1034 = AXIS2_PLACEMENT_3D('',#1035,#1036,#1037);
#1035 = CARTESIAN_POINT('',(226.17283509767,320.15984129157,-21.97));
#1036 = DIRECTION('',(0.,0.,1.));
#1037 = DIRECTION('',(-1.89274411266E-02,0.999820859941,0.));
#1038 = ORIENTED_EDGE('',*,*,#1016,.T.);
#1039 = ORIENTED_EDGE('',*,*,#1040,.F.);
#1040 = EDGE_CURVE('',#1041,#1009,#1043,.T.);
#1041 = VERTEX_POINT('',#1042);
#1042 = CARTESIAN_POINT('',(222.99940368821,320.09976559344,-12.7));
#1043 = CIRCLE('',#1044,3.174);
#1044 = AXIS2_PLACEMENT_3D('',#1045,#1046,#1047);
#1045 = CARTESIAN_POINT('',(226.17283509767,320.15984129157,-12.7));
#1046 = DIRECTION('',(0.,0.,1.));
#1047 = DIRECTION('',(-1.89274411266E-02,0.999820859941,0.));
#1048 = ORIENTED_EDGE('',*,*,#1049,.F.);
#1049 = EDGE_CURVE('',#1031,#1041,#1050,.T.);
#1050 = LINE('',#1051,#1052);
#1051 = CARTESIAN_POINT('',(222.99940368821,320.09976559344,-21.97));
#1052 = VECTOR('',#1053,1.);
#1053 = DIRECTION('',(0.,0.,1.));
#1054 = CYLINDRICAL_SURFACE('',#1055,3.174);
#1055 = AXIS2_PLACEMENT_3D('',#1056,#1057,#1058);
#1056 = CARTESIAN_POINT('',(226.17283509767,320.15984129157,-21.97));
#1057 = DIRECTION('',(0.,0.,1.));
#1058 = DIRECTION('',(-0.999820859941,-1.89274411266E-02,0.));
#1059 = ADVANCED_FACE('',(#1060),#1085,.F.);
#1060 = FACE_BOUND('',#1061,.F.);
#1061 = EDGE_LOOP('',(#1062,#1070,#1078,#1084));
#1062 = ORIENTED_EDGE('',*,*,#1063,.F.);
#1063 = EDGE_CURVE('',#1064,#1041,#1066,.T.);
#1064 = VERTEX_POINT('',#1065);
#1065 = CARTESIAN_POINT('',(222.21103791041,361.74430405168,-12.7));
#1066 = LINE('',#1067,#1068);
#1067 = CARTESIAN_POINT('',(222.15096221227,364.91773546113,-12.7));
#1068 = VECTOR('',#1069,1.);
#1069 = DIRECTION('',(1.89274411266E-02,-0.999820859941,0.));
#1070 = ORIENTED_EDGE('',*,*,#1071,.F.);
#1071 = EDGE_CURVE('',#1072,#1064,#1074,.T.);
#1072 = VERTEX_POINT('',#1073);
#1073 = CARTESIAN_POINT('',(222.21103791041,361.74430405168,-21.97));
#1074 = LINE('',#1075,#1076);
#1075 = CARTESIAN_POINT('',(222.21103791041,361.74430405168,-21.97));
#1076 = VECTOR('',#1077,1.);
#1077 = DIRECTION('',(0.,0.,1.));
#1078 = ORIENTED_EDGE('',*,*,#1079,.T.);
#1079 = EDGE_CURVE('',#1072,#1031,#1080,.T.);
#1080 = LINE('',#1081,#1082);
#1081 = CARTESIAN_POINT('',(222.15096221227,364.91773546113,-21.97));
#1082 = VECTOR('',#1083,1.);
#1083 = DIRECTION('',(1.89274411266E-02,-0.999820859941,0.));
#1084 = ORIENTED_EDGE('',*,*,#1049,.T.);
#1085 = PLANE('',#1086);
#1086 = AXIS2_PLACEMENT_3D('',#1087,#1088,#1089);
#1087 = CARTESIAN_POINT('',(222.15096221227,364.91773546113,-21.97));
#1088 = DIRECTION('',(-0.999820859941,-1.89274411266E-02,0.));
#1089 = DIRECTION('',(0.,0.,1.));
#1090 = ADVANCED_FACE('',(#1091),#1118,.F.);
#1091 = FACE_BOUND('',#1092,.F.);
#1092 = EDGE_LOOP('',(#1093,#1102,#1103,#1112));
#1093 = ORIENTED_EDGE('',*,*,#1094,.T.);
#1094 = EDGE_CURVE('',#1095,#1072,#1097,.T.);
#1095 = VERTEX_POINT('',#1096);
#1096 = CARTESIAN_POINT('',(225.32439362172,364.97781115927,-21.97));
#1097 = CIRCLE('',#1098,3.174);
#1098 = AXIS2_PLACEMENT_3D('',#1099,#1100,#1101);
#1099 = CARTESIAN_POINT('',(225.38446931986,361.80437974982,-21.97));
#1100 = DIRECTION('',(0.,0.,1.));
#1101 = DIRECTION('',(-1.89274411266E-02,0.999820859941,0.));
#1102 = ORIENTED_EDGE('',*,*,#1071,.T.);
#1103 = ORIENTED_EDGE('',*,*,#1104,.F.);
#1104 = EDGE_CURVE('',#1105,#1064,#1107,.T.);
#1105 = VERTEX_POINT('',#1106);
#1106 = CARTESIAN_POINT('',(225.32439362172,364.97781115927,-12.7));
#1107 = CIRCLE('',#1108,3.174);
#1108 = AXIS2_PLACEMENT_3D('',#1109,#1110,#1111);
#1109 = CARTESIAN_POINT('',(225.38446931986,361.80437974982,-12.7));
#1110 = DIRECTION('',(0.,0.,1.));
#1111 = DIRECTION('',(-1.89274411266E-02,0.999820859941,0.));
#1112 = ORIENTED_EDGE('',*,*,#1113,.F.);
#1113 = EDGE_CURVE('',#1095,#1105,#1114,.T.);
#1114 = LINE('',#1115,#1116);
#1115 = CARTESIAN_POINT('',(225.32439362172,364.97781115927,-21.97));
#1116 = VECTOR('',#1117,1.);
#1117 = DIRECTION('',(0.,0.,1.));
#1118 = CYLINDRICAL_SURFACE('',#1119,3.174);
#1119 = AXIS2_PLACEMENT_3D('',#1120,#1121,#1122);
#1120 = CARTESIAN_POINT('',(225.38446931986,361.80437974982,-21.97));
#1121 = DIRECTION('',(0.,0.,1.));
#1122 = DIRECTION('',(-1.89274411266E-02,0.999820859941,0.));
#1123 = ADVANCED_FACE('',(#1124),#1140,.T.);
#1124 = FACE_BOUND('',#1125,.T.);
#1125 = EDGE_LOOP('',(#1126,#1132,#1133,#1139));
#1126 = ORIENTED_EDGE('',*,*,#1127,.F.);
#1127 = EDGE_CURVE('',#143,#1095,#1128,.T.);
#1128 = LINE('',#1129,#1130);
#1129 = CARTESIAN_POINT('',(245.14684199091,365.35306660705,-21.97));
#1130 = VECTOR('',#1131,1.);
#1131 = DIRECTION('',(-0.999820859941,-1.89274411266E-02,0.));
#1132 = ORIENTED_EDGE('',*,*,#142,.F.);
#1133 = ORIENTED_EDGE('',*,*,#1134,.T.);
#1134 = EDGE_CURVE('',#135,#1105,#1135,.T.);
#1135 = LINE('',#1136,#1137);
#1136 = CARTESIAN_POINT('',(245.14684199091,365.35306660705,-12.7));
#1137 = VECTOR('',#1138,1.);
#1138 = DIRECTION('',(-0.999820859941,-1.89274411266E-02,0.));
#1139 = ORIENTED_EDGE('',*,*,#1113,.F.);
#1140 = PLANE('',#1141);
#1141 = AXIS2_PLACEMENT_3D('',#1142,#1143,#1144);
#1142 = CARTESIAN_POINT('',(245.14684199091,365.35306660705,-21.97));
#1143 = DIRECTION('',(1.89274411266E-02,-0.999820859941,0.));
#1144 = DIRECTION('',(0.,0.,1.));
#1145 = ADVANCED_FACE('',(#1146),#1162,.F.);
#1146 = FACE_BOUND('',#1147,.F.);
#1147 = EDGE_LOOP('',(#1148,#1154,#1155,#1161));
#1148 = ORIENTED_EDGE('',*,*,#1149,.F.);
#1149 = EDGE_CURVE('',#127,#829,#1150,.T.);
#1150 = LINE('',#1151,#1152);
#1151 = CARTESIAN_POINT('',(162.0417749797,368.84663931166,
    -19.09033817672));
#1152 = VECTOR('',#1153,1.);
#1153 = DIRECTION('',(-0.707106781187,-0.707106781187,0.));
#1154 = ORIENTED_EDGE('',*,*,#124,.F.);
#1155 = ORIENTED_EDGE('',*,*,#1156,.F.);
#1156 = EDGE_CURVE('',#838,#125,#1157,.T.);
#1157 = LINE('',#1158,#1159);
#1158 = CARTESIAN_POINT('',(27.73217140686,234.53703573882,-12.7));
#1159 = VECTOR('',#1160,1.);
#1160 = DIRECTION('',(0.707106781187,0.707106781187,0.));
#1161 = ORIENTED_EDGE('',*,*,#837,.F.);
#1162 = PLANE('',#1163);
#1163 = AXIS2_PLACEMENT_3D('',#1164,#1165,#1166);
#1164 = CARTESIAN_POINT('',(162.0417749797,368.84663931166,
    -19.09033817672));
#1165 = DIRECTION('',(0.707106781187,-0.707106781187,0.));
#1166 = DIRECTION('',(0.,0.,1.));
#1167 = ADVANCED_FACE('',(#1168),#1174,.T.);
#1168 = FACE_BOUND('',#1169,.T.);
#1169 = EDGE_LOOP('',(#1170,#1171,#1172,#1173));
#1170 = ORIENTED_EDGE('',*,*,#253,.F.);
#1171 = ORIENTED_EDGE('',*,*,#813,.T.);
#1172 = ORIENTED_EDGE('',*,*,#828,.T.);
#1173 = ORIENTED_EDGE('',*,*,#1149,.F.);
#1174 = PLANE('',#1175);
#1175 = AXIS2_PLACEMENT_3D('',#1176,#1177,#1178);
#1176 = CARTESIAN_POINT('',(147.91519558916,382.97321870219,
    -19.09033817672));
#1177 = DIRECTION('',(0.,0.,1.));
#1178 = DIRECTION('',(-0.707106781187,-0.707106781187,0.));
#1179 = ADVANCED_FACE('',(#1180),#1196,.F.);
#1180 = FACE_BOUND('',#1181,.F.);
#1181 = EDGE_LOOP('',(#1182,#1188,#1189,#1195));
#1182 = ORIENTED_EDGE('',*,*,#1183,.F.);
#1183 = EDGE_CURVE('',#222,#641,#1184,.T.);
#1184 = LINE('',#1185,#1186);
#1185 = CARTESIAN_POINT('',(29.153360688339,370.0417749797,
    -19.09033817672));
#1186 = VECTOR('',#1187,1.);
#1187 = DIRECTION('',(0.707106781187,-0.707106781187,0.));
#1188 = ORIENTED_EDGE('',*,*,#229,.F.);
#1189 = ORIENTED_EDGE('',*,*,#1190,.F.);
#1190 = EDGE_CURVE('',#650,#230,#1191,.T.);
#1191 = LINE('',#1192,#1193);
#1192 = CARTESIAN_POINT('',(117.55046426117,281.64467140686,-12.7));
#1193 = VECTOR('',#1194,1.);
#1194 = DIRECTION('',(-0.707106781187,0.707106781187,0.));
#1195 = ORIENTED_EDGE('',*,*,#649,.F.);
#1196 = PLANE('',#1197);
#1197 = AXIS2_PLACEMENT_3D('',#1198,#1199,#1200);
#1198 = CARTESIAN_POINT('',(29.153360688339,370.0417749797,
    -19.09033817672));
#1199 = DIRECTION('',(0.707106781187,0.707106781187,0.));
#1200 = DIRECTION('',(0.,0.,1.));
#1201 = ADVANCED_FACE('',(#1202),#1212,.T.);
#1202 = FACE_BOUND('',#1203,.T.);
#1203 = EDGE_LOOP('',(#1204,#1205,#1206,#1207,#1208,#1209,#1210,#1211));
#1204 = ORIENTED_EDGE('',*,*,#584,.T.);
#1205 = ORIENTED_EDGE('',*,*,#640,.T.);
#1206 = ORIENTED_EDGE('',*,*,#1183,.F.);
#1207 = ORIENTED_EDGE('',*,*,#221,.F.);
#1208 = ORIENTED_EDGE('',*,*,#455,.F.);
#1209 = ORIENTED_EDGE('',*,*,#471,.T.);
#1210 = ORIENTED_EDGE('',*,*,#513,.T.);
#1211 = ORIENTED_EDGE('',*,*,#535,.T.);
#1212 = PLANE('',#1213);
#1213 = AXIS2_PLACEMENT_3D('',#1214,#1215,#1216);
#1214 = CARTESIAN_POINT('',(15.026781297806,355.91519558916,
    -19.09033817672));
#1215 = DIRECTION('',(0.,0.,1.));
#1216 = DIRECTION('',(0.707106781187,-0.707106781187,0.));
#1217 = ADVANCED_FACE('',(#1218),#1223,.T.);
#1218 = FACE_BOUND('',#1219,.T.);
#1219 = EDGE_LOOP('',(#1220,#1221,#1222));
#1220 = ORIENTED_EDGE('',*,*,#182,.F.);
#1221 = ORIENTED_EDGE('',*,*,#870,.T.);
#1222 = ORIENTED_EDGE('',*,*,#283,.F.);
#1223 = PLANE('',#1224);
#1224 = AXIS2_PLACEMENT_3D('',#1225,#1226,#1227);
#1225 = CARTESIAN_POINT('',(607.27526950395,393.18543569351,
    -19.09033817672));
#1226 = DIRECTION('',(0.,0.,1.));
#1227 = DIRECTION('',(-0.693596388065,-0.720363832007,0.));
#1228 = ADVANCED_FACE('',(#1229,#1240,#1251),#1262,.T.);
#1229 = FACE_BOUND('',#1230,.T.);
#1230 = EDGE_LOOP('',(#1231,#1232,#1233,#1234,#1235,#1236,#1237,#1238,
    #1239));
#1231 = ORIENTED_EDGE('',*,*,#1079,.T.);
#1232 = ORIENTED_EDGE('',*,*,#1030,.T.);
#1233 = ORIENTED_EDGE('',*,*,#999,.F.);
#1234 = ORIENTED_EDGE('',*,*,#966,.F.);
#1235 = ORIENTED_EDGE('',*,*,#944,.F.);
#1236 = ORIENTED_EDGE('',*,*,#912,.T.);
#1237 = ORIENTED_EDGE('',*,*,#150,.F.);
#1238 = ORIENTED_EDGE('',*,*,#1127,.T.);
#1239 = ORIENTED_EDGE('',*,*,#1094,.T.);
#1240 = FACE_BOUND('',#1241,.T.);
#1241 = EDGE_LOOP('',(#1242));
#1242 = ORIENTED_EDGE('',*,*,#1243,.T.);
#1243 = EDGE_CURVE('',#1244,#1244,#1246,.T.);
#1244 = VERTEX_POINT('',#1245);
#1245 = CARTESIAN_POINT('',(235.59345826384,353.67015262109,-21.97));
#1246 = CIRCLE('',#1247,1.7272);
#1247 = AXIS2_PLACEMENT_3D('',#1248,#1249,#1250);
#1248 = CARTESIAN_POINT('',(233.86656767455,353.63746114477,-21.97));
#1249 = DIRECTION('',(0.,0.,-1.));
#1250 = DIRECTION('',(0.999820859941,1.89274411266E-02,0.));
#1251 = FACE_BOUND('',#1252,.T.);
#1252 = EDGE_LOOP('',(#1253));
#1253 = ORIENTED_EDGE('',*,*,#1254,.T.);
#1254 = EDGE_CURVE('',#1255,#1255,#1257,.T.);
#1255 = VERTEX_POINT('',#1256);
#1256 = CARTESIAN_POINT('',(236.066644292,328.67463112257,-21.97));
#1257 = CIRCLE('',#1258,1.7272);
#1258 = AXIS2_PLACEMENT_3D('',#1259,#1260,#1261);
#1259 = CARTESIAN_POINT('',(234.33975370271,328.64193964626,-21.97));
#1260 = DIRECTION('',(0.,0.,-1.));
#1261 = DIRECTION('',(0.999820859941,1.89274411266E-02,0.));
#1262 = PLANE('',#1263);
#1263 = AXIS2_PLACEMENT_3D('',#1264,#1265,#1266);
#1264 = CARTESIAN_POINT('',(245.14684199091,365.35306660705,-21.97));
#1265 = DIRECTION('',(0.,0.,1.));
#1266 = DIRECTION('',(-0.999820859941,-1.89274411266E-02,0.));
#1267 = ADVANCED_FACE('',(#1268),#1287,.F.);
#1268 = FACE_BOUND('',#1269,.F.);
#1269 = EDGE_LOOP('',(#1270,#1271,#1279,#1286));
#1270 = ORIENTED_EDGE('',*,*,#1254,.T.);
#1271 = ORIENTED_EDGE('',*,*,#1272,.T.);
#1272 = EDGE_CURVE('',#1255,#1273,#1275,.T.);
#1273 = VERTEX_POINT('',#1274);
#1274 = CARTESIAN_POINT('',(236.066644292,328.67463112257,-38.1));
#1275 = LINE('',#1276,#1277);
#1276 = CARTESIAN_POINT('',(236.066644292,328.67463112257,-13.97));
#1277 = VECTOR('',#1278,1.);
#1278 = DIRECTION('',(0.,-0.,-1.));
#1279 = ORIENTED_EDGE('',*,*,#1280,.F.);
#1280 = EDGE_CURVE('',#1273,#1273,#1281,.T.);
#1281 = CIRCLE('',#1282,1.7272);
#1282 = AXIS2_PLACEMENT_3D('',#1283,#1284,#1285);
#1283 = CARTESIAN_POINT('',(234.33975370271,328.64193964626,-38.1));
#1284 = DIRECTION('',(0.,0.,-1.));
#1285 = DIRECTION('',(0.999820859941,1.89274411266E-02,0.));
#1286 = ORIENTED_EDGE('',*,*,#1272,.F.);
#1287 = CYLINDRICAL_SURFACE('',#1288,1.7272);
#1288 = AXIS2_PLACEMENT_3D('',#1289,#1290,#1291);
#1289 = CARTESIAN_POINT('',(234.33975370271,328.64193964626,-13.97));
#1290 = DIRECTION('',(0.,-0.,-1.));
#1291 = DIRECTION('',(0.999820859941,1.89274411266E-02,0.));
#1292 = ADVANCED_FACE('',(#1293),#1312,.F.);
#1293 = FACE_BOUND('',#1294,.F.);
#1294 = EDGE_LOOP('',(#1295,#1296,#1304,#1311));
#1295 = ORIENTED_EDGE('',*,*,#1243,.T.);
#1296 = ORIENTED_EDGE('',*,*,#1297,.T.);
#1297 = EDGE_CURVE('',#1244,#1298,#1300,.T.);
#1298 = VERTEX_POINT('',#1299);
#1299 = CARTESIAN_POINT('',(235.59345826384,353.67015262109,-38.1));
#1300 = LINE('',#1301,#1302);
#1301 = CARTESIAN_POINT('',(235.59345826384,353.67015262109,-13.97));
#1302 = VECTOR('',#1303,1.);
#1303 = DIRECTION('',(0.,-0.,-1.));
#1304 = ORIENTED_EDGE('',*,*,#1305,.F.);
#1305 = EDGE_CURVE('',#1298,#1298,#1306,.T.);
#1306 = CIRCLE('',#1307,1.7272);
#1307 = AXIS2_PLACEMENT_3D('',#1308,#1309,#1310);
#1308 = CARTESIAN_POINT('',(233.86656767455,353.63746114477,-38.1));
#1309 = DIRECTION('',(0.,0.,-1.));
#1310 = DIRECTION('',(0.999820859941,1.89274411266E-02,0.));
#1311 = ORIENTED_EDGE('',*,*,#1297,.F.);
#1312 = CYLINDRICAL_SURFACE('',#1313,1.7272);
#1313 = AXIS2_PLACEMENT_3D('',#1314,#1315,#1316);
#1314 = CARTESIAN_POINT('',(233.86656767455,353.63746114477,-13.97));
#1315 = DIRECTION('',(0.,-0.,-1.));
#1316 = DIRECTION('',(0.999820859941,1.89274411266E-02,0.));
#1317 = ADVANCED_FACE('',(#1318),#1329,.F.);
#1318 = FACE_BOUND('',#1319,.F.);
#1319 = EDGE_LOOP('',(#1320,#1321,#1322,#1323));
#1320 = ORIENTED_EDGE('',*,*,#607,.F.);
#1321 = ORIENTED_EDGE('',*,*,#357,.F.);
#1322 = ORIENTED_EDGE('',*,*,#416,.T.);
#1323 = ORIENTED_EDGE('',*,*,#1324,.F.);
#1324 = EDGE_CURVE('',#608,#417,#1325,.T.);
#1325 = LINE('',#1326,#1327);
#1326 = CARTESIAN_POINT('',(435.54201282777,135.03303214323,-12.7));
#1327 = VECTOR('',#1328,1.);
#1328 = DIRECTION('',(0.720363832007,-0.693596388065,0.));
#1329 = PLANE('',#1330);
#1330 = AXIS2_PLACEMENT_3D('',#1331,#1332,#1333);
#1331 = CARTESIAN_POINT('',(587.68042596951,-11.4521870647,
    -19.09033817672));
#1332 = DIRECTION('',(-0.693596388065,-0.720363832007,0.));
#1333 = DIRECTION('',(0.,0.,1.));
#1334 = ADVANCED_FACE('',(#1335,#1377,#1665,#1735,#1890,#2120,#2282,
    #2411,#2540,#2669,#2739,#2809,#2879,#2949,#3019,#3089,#3159,#3229,
    #3299,#3369,#3439,#3527,#3615,#3703,#3791,#3879,#3967,#4055,#4143,
    #4231,#4319,#4407,#4477,#4547,#4617,#4687,#4757,#4768,#4779,#4790,
    #4801,#4812,#4823,#4834,#4845,#4856,#4867,#4878,#4889,#4900,#4911,
    #4922,#4933,#4944,#4955,#4966,#4977,#4988,#4999,#5010,#5021,#5032,
    #5043,#5054,#5065,#5076,#5087,#5098,#5109,#5120,#5131,#5142,#5153,
    #5164,#5175,#5186,#5197,#5208,#5219,#5230,#5241,#5252,#5263,#5274,
    #5285,#5296,#5307,#5318,#5329,#5340,#5351),#5362,.T.);
#1335 = FACE_BOUND('',#1336,.T.);
#1336 = EDGE_LOOP('',(#1337,#1338,#1339,#1340,#1341,#1342,#1343,#1344,
    #1345,#1346,#1347,#1348,#1349,#1350,#1351,#1352,#1353,#1354,#1355,
    #1356,#1357,#1358,#1359,#1360,#1361,#1362,#1363,#1364,#1365,#1366,
    #1367,#1368,#1369,#1370,#1371,#1372,#1373,#1374,#1375,#1376));
#1337 = ORIENTED_EDGE('',*,*,#205,.F.);
#1338 = ORIENTED_EDGE('',*,*,#47,.F.);
#1339 = ORIENTED_EDGE('',*,*,#78,.T.);
#1340 = ORIENTED_EDGE('',*,*,#424,.F.);
#1341 = ORIENTED_EDGE('',*,*,#1324,.F.);
#1342 = ORIENTED_EDGE('',*,*,#615,.F.);
#1343 = ORIENTED_EDGE('',*,*,#624,.F.);
#1344 = ORIENTED_EDGE('',*,*,#682,.F.);
#1345 = ORIENTED_EDGE('',*,*,#715,.F.);
#1346 = ORIENTED_EDGE('',*,*,#740,.T.);
#1347 = ORIENTED_EDGE('',*,*,#764,.F.);
#1348 = ORIENTED_EDGE('',*,*,#780,.T.);
#1349 = ORIENTED_EDGE('',*,*,#323,.F.);
#1350 = ORIENTED_EDGE('',*,*,#110,.T.);
#1351 = ORIENTED_EDGE('',*,*,#267,.T.);
#1352 = ORIENTED_EDGE('',*,*,#878,.F.);
#1353 = ORIENTED_EDGE('',*,*,#887,.F.);
#1354 = ORIENTED_EDGE('',*,*,#166,.F.);
#1355 = ORIENTED_EDGE('',*,*,#920,.F.);
#1356 = ORIENTED_EDGE('',*,*,#935,.T.);
#1357 = ORIENTED_EDGE('',*,*,#983,.T.);
#1358 = ORIENTED_EDGE('',*,*,#1008,.T.);
#1359 = ORIENTED_EDGE('',*,*,#1040,.F.);
#1360 = ORIENTED_EDGE('',*,*,#1063,.F.);
#1361 = ORIENTED_EDGE('',*,*,#1104,.F.);
#1362 = ORIENTED_EDGE('',*,*,#1134,.F.);
#1363 = ORIENTED_EDGE('',*,*,#134,.F.);
#1364 = ORIENTED_EDGE('',*,*,#1156,.F.);
#1365 = ORIENTED_EDGE('',*,*,#845,.F.);
#1366 = ORIENTED_EDGE('',*,*,#854,.F.);
#1367 = ORIENTED_EDGE('',*,*,#806,.F.);
#1368 = ORIENTED_EDGE('',*,*,#237,.F.);
#1369 = ORIENTED_EDGE('',*,*,#1190,.F.);
#1370 = ORIENTED_EDGE('',*,*,#657,.F.);
#1371 = ORIENTED_EDGE('',*,*,#666,.F.);
#1372 = ORIENTED_EDGE('',*,*,#577,.F.);
#1373 = ORIENTED_EDGE('',*,*,#552,.F.);
#1374 = ORIENTED_EDGE('',*,*,#520,.T.);
#1375 = ORIENTED_EDGE('',*,*,#488,.F.);
#1376 = ORIENTED_EDGE('',*,*,#439,.T.);
#1377 = FACE_BOUND('',#1378,.T.);
#1378 = EDGE_LOOP('',(#1379,#1389,#1398,#1406,#1414,#1423,#1431,#1440,
    #1448,#1457,#1465,#1474,#1482,#1491,#1499,#1508,#1516,#1524,#1532,
    #1541,#1549,#1558,#1566,#1575,#1583,#1592,#1600,#1608,#1616,#1625,
    #1633,#1642,#1650,#1658));
#1379 = ORIENTED_EDGE('',*,*,#1380,.F.);
#1380 = EDGE_CURVE('',#1381,#1383,#1385,.T.);
#1381 = VERTEX_POINT('',#1382);
#1382 = CARTESIAN_POINT('',(139.326,301.75,-12.7));
#1383 = VERTEX_POINT('',#1384);
#1384 = CARTESIAN_POINT('',(120.674,301.75,-12.7));
#1385 = LINE('',#1386,#1387);
#1386 = CARTESIAN_POINT('',(142.5,301.75,-12.7));
#1387 = VECTOR('',#1388,1.);
#1388 = DIRECTION('',(-1.,0.,0.));
#1389 = ORIENTED_EDGE('',*,*,#1390,.F.);
#1390 = EDGE_CURVE('',#1391,#1381,#1393,.T.);
#1391 = VERTEX_POINT('',#1392);
#1392 = CARTESIAN_POINT('',(142.5,298.576,-12.7));
#1393 = CIRCLE('',#1394,3.174);
#1394 = AXIS2_PLACEMENT_3D('',#1395,#1396,#1397);
#1395 = CARTESIAN_POINT('',(139.326,298.576,-12.7));
#1396 = DIRECTION('',(0.,0.,1.));
#1397 = DIRECTION('',(1.,0.,0.));
#1398 = ORIENTED_EDGE('',*,*,#1399,.F.);
#1399 = EDGE_CURVE('',#1400,#1391,#1402,.T.);
#1400 = VERTEX_POINT('',#1401);
#1401 = CARTESIAN_POINT('',(142.5,261.5,-12.7));
#1402 = LINE('',#1403,#1404);
#1403 = CARTESIAN_POINT('',(142.5,188.25,-12.7));
#1404 = VECTOR('',#1405,1.);
#1405 = DIRECTION('',(0.,1.,0.));
#1406 = ORIENTED_EDGE('',*,*,#1407,.F.);
#1407 = EDGE_CURVE('',#1408,#1400,#1410,.T.);
#1408 = VERTEX_POINT('',#1409);
#1409 = CARTESIAN_POINT('',(155.826,261.5,-12.7));
#1410 = LINE('',#1411,#1412);
#1411 = CARTESIAN_POINT('',(159.,261.5,-12.7));
#1412 = VECTOR('',#1413,1.);
#1413 = DIRECTION('',(-1.,0.,0.));
#1414 = ORIENTED_EDGE('',*,*,#1415,.F.);
#1415 = EDGE_CURVE('',#1416,#1408,#1418,.T.);
#1416 = VERTEX_POINT('',#1417);
#1417 = CARTESIAN_POINT('',(158.65,259.77489613154,-12.7));
#1418 = CIRCLE('',#1419,3.174);
#1419 = AXIS2_PLACEMENT_3D('',#1420,#1421,#1422);
#1420 = CARTESIAN_POINT('',(155.826,258.326,-12.7));
#1421 = DIRECTION('',(0.,0.,1.));
#1422 = DIRECTION('',(1.,0.,0.));
#1423 = ORIENTED_EDGE('',*,*,#1424,.F.);
#1424 = EDGE_CURVE('',#1425,#1416,#1427,.T.);
#1425 = VERTEX_POINT('',#1426);
#1426 = CARTESIAN_POINT('',(158.65,260.526,-12.7));
#1427 = LINE('',#1428,#1429);
#1428 = CARTESIAN_POINT('',(158.65,127.0875,-12.7));
#1429 = VECTOR('',#1430,1.);
#1430 = DIRECTION('',(0.,-1.,0.));
#1431 = ORIENTED_EDGE('',*,*,#1432,.F.);
#1432 = EDGE_CURVE('',#1433,#1425,#1435,.T.);
#1433 = VERTEX_POINT('',#1434);
#1434 = CARTESIAN_POINT('',(161.824,263.7,-12.7));
#1435 = CIRCLE('',#1436,3.174);
#1436 = AXIS2_PLACEMENT_3D('',#1437,#1438,#1439);
#1437 = CARTESIAN_POINT('',(161.824,260.526,-12.7));
#1438 = DIRECTION('',(0.,-0.,1.));
#1439 = DIRECTION('',(0.,1.,0.));
#1440 = ORIENTED_EDGE('',*,*,#1441,.T.);
#1441 = EDGE_CURVE('',#1433,#1442,#1444,.T.);
#1442 = VERTEX_POINT('',#1443);
#1443 = CARTESIAN_POINT('',(217.476,263.7,-12.7));
#1444 = LINE('',#1445,#1446);
#1445 = CARTESIAN_POINT('',(111.9125,263.7,-12.7));
#1446 = VECTOR('',#1447,1.);
#1447 = DIRECTION('',(1.,0.,0.));
#1448 = ORIENTED_EDGE('',*,*,#1449,.F.);
#1449 = EDGE_CURVE('',#1450,#1442,#1452,.T.);
#1450 = VERTEX_POINT('',#1451);
#1451 = CARTESIAN_POINT('',(220.65,260.526,-12.7));
#1452 = CIRCLE('',#1453,3.174);
#1453 = AXIS2_PLACEMENT_3D('',#1454,#1455,#1456);
#1454 = CARTESIAN_POINT('',(217.476,260.526,-12.7));
#1455 = DIRECTION('',(0.,0.,1.));
#1456 = DIRECTION('',(1.,0.,0.));
#1457 = ORIENTED_EDGE('',*,*,#1458,.T.);
#1458 = EDGE_CURVE('',#1450,#1459,#1461,.T.);
#1459 = VERTEX_POINT('',#1460);
#1460 = CARTESIAN_POINT('',(220.65,220.874,-12.7));
#1461 = LINE('',#1462,#1463);
#1462 = CARTESIAN_POINT('',(220.65,127.0875,-12.7));
#1463 = VECTOR('',#1464,1.);
#1464 = DIRECTION('',(0.,-1.,0.));
#1465 = ORIENTED_EDGE('',*,*,#1466,.F.);
#1466 = EDGE_CURVE('',#1467,#1459,#1469,.T.);
#1467 = VERTEX_POINT('',#1468);
#1468 = CARTESIAN_POINT('',(217.476,217.7,-12.7));
#1469 = CIRCLE('',#1470,3.174);
#1470 = AXIS2_PLACEMENT_3D('',#1471,#1472,#1473);
#1471 = CARTESIAN_POINT('',(217.476,220.874,-12.7));
#1472 = DIRECTION('',(0.,0.,1.));
#1473 = DIRECTION('',(1.,0.,0.));
#1474 = ORIENTED_EDGE('',*,*,#1475,.F.);
#1475 = EDGE_CURVE('',#1476,#1467,#1478,.T.);
#1476 = VERTEX_POINT('',#1477);
#1477 = CARTESIAN_POINT('',(161.824,217.7,-12.7));
#1478 = LINE('',#1479,#1480);
#1479 = CARTESIAN_POINT('',(111.9125,217.7,-12.7));
#1480 = VECTOR('',#1481,1.);
#1481 = DIRECTION('',(1.,0.,0.));
#1482 = ORIENTED_EDGE('',*,*,#1483,.F.);
#1483 = EDGE_CURVE('',#1484,#1476,#1486,.T.);
#1484 = VERTEX_POINT('',#1485);
#1485 = CARTESIAN_POINT('',(158.65,220.874,-12.7));
#1486 = CIRCLE('',#1487,3.174);
#1487 = AXIS2_PLACEMENT_3D('',#1488,#1489,#1490);
#1488 = CARTESIAN_POINT('',(161.824,220.874,-12.7));
#1489 = DIRECTION('',(0.,0.,1.));
#1490 = DIRECTION('',(-1.,0.,0.));
#1491 = ORIENTED_EDGE('',*,*,#1492,.F.);
#1492 = EDGE_CURVE('',#1493,#1484,#1495,.T.);
#1493 = VERTEX_POINT('',#1494);
#1494 = CARTESIAN_POINT('',(158.65,230.22510386845,-12.7));
#1495 = LINE('',#1496,#1497);
#1496 = CARTESIAN_POINT('',(158.65,127.0875,-12.7));
#1497 = VECTOR('',#1498,1.);
#1498 = DIRECTION('',(0.,-1.,0.));
#1499 = ORIENTED_EDGE('',*,*,#1500,.F.);
#1500 = EDGE_CURVE('',#1501,#1493,#1503,.T.);
#1501 = VERTEX_POINT('',#1502);
#1502 = CARTESIAN_POINT('',(155.826,228.5,-12.7));
#1503 = CIRCLE('',#1504,3.174);
#1504 = AXIS2_PLACEMENT_3D('',#1505,#1506,#1507);
#1505 = CARTESIAN_POINT('',(155.826,231.674,-12.7));
#1506 = DIRECTION('',(0.,0.,1.));
#1507 = DIRECTION('',(1.,0.,0.));
#1508 = ORIENTED_EDGE('',*,*,#1509,.T.);
#1509 = EDGE_CURVE('',#1501,#1510,#1512,.T.);
#1510 = VERTEX_POINT('',#1511);
#1511 = CARTESIAN_POINT('',(142.5,228.5,-12.7));
#1512 = LINE('',#1513,#1514);
#1513 = CARTESIAN_POINT('',(159.,228.5,-12.7));
#1514 = VECTOR('',#1515,1.);
#1515 = DIRECTION('',(-1.,0.,0.));
#1516 = ORIENTED_EDGE('',*,*,#1517,.F.);
#1517 = EDGE_CURVE('',#1518,#1510,#1520,.T.);
#1518 = VERTEX_POINT('',#1519);
#1519 = CARTESIAN_POINT('',(142.5,193.397,-12.7));
#1520 = LINE('',#1521,#1522);
#1521 = CARTESIAN_POINT('',(142.5,188.25,-12.7));
#1522 = VECTOR('',#1523,1.);
#1523 = DIRECTION('',(0.,1.,0.));
#1524 = ORIENTED_EDGE('',*,*,#1525,.F.);
#1525 = EDGE_CURVE('',#1526,#1518,#1528,.T.);
#1526 = VERTEX_POINT('',#1527);
#1527 = CARTESIAN_POINT('',(150.826,193.397,-12.7));
#1528 = LINE('',#1529,#1530);
#1529 = CARTESIAN_POINT('',(154.,193.397,-12.7));
#1530 = VECTOR('',#1531,1.);
#1531 = DIRECTION('',(-1.,0.,0.));
#1532 = ORIENTED_EDGE('',*,*,#1533,.F.);
#1533 = EDGE_CURVE('',#1534,#1526,#1536,.T.);
#1534 = VERTEX_POINT('',#1535);
#1535 = CARTESIAN_POINT('',(154.,190.223,-12.7));
#1536 = CIRCLE('',#1537,3.174);
#1537 = AXIS2_PLACEMENT_3D('',#1538,#1539,#1540);
#1538 = CARTESIAN_POINT('',(150.826,190.223,-12.7));
#1539 = DIRECTION('',(0.,0.,1.));
#1540 = DIRECTION('',(1.,0.,0.));
#1541 = ORIENTED_EDGE('',*,*,#1542,.F.);
#1542 = EDGE_CURVE('',#1543,#1534,#1545,.T.);
#1543 = VERTEX_POINT('',#1544);
#1544 = CARTESIAN_POINT('',(154.,173.571,-12.7));
#1545 = LINE('',#1546,#1547);
#1546 = CARTESIAN_POINT('',(154.,170.397,-12.7));
#1547 = VECTOR('',#1548,1.);
#1548 = DIRECTION('',(0.,1.,0.));
#1549 = ORIENTED_EDGE('',*,*,#1550,.F.);
#1550 = EDGE_CURVE('',#1551,#1543,#1553,.T.);
#1551 = VERTEX_POINT('',#1552);
#1552 = CARTESIAN_POINT('',(150.826,170.397,-12.7));
#1553 = CIRCLE('',#1554,3.174);
#1554 = AXIS2_PLACEMENT_3D('',#1555,#1556,#1557);
#1555 = CARTESIAN_POINT('',(150.826,173.571,-12.7));
#1556 = DIRECTION('',(0.,0.,1.));
#1557 = DIRECTION('',(1.,0.,0.));
#1558 = ORIENTED_EDGE('',*,*,#1559,.T.);
#1559 = EDGE_CURVE('',#1551,#1560,#1562,.T.);
#1560 = VERTEX_POINT('',#1561);
#1561 = CARTESIAN_POINT('',(109.174,170.397,-12.7));
#1562 = LINE('',#1563,#1564);
#1563 = CARTESIAN_POINT('',(154.,170.397,-12.7));
#1564 = VECTOR('',#1565,1.);
#1565 = DIRECTION('',(-1.,0.,0.));
#1566 = ORIENTED_EDGE('',*,*,#1567,.T.);
#1567 = EDGE_CURVE('',#1560,#1568,#1570,.T.);
#1568 = VERTEX_POINT('',#1569);
#1569 = CARTESIAN_POINT('',(106.,173.571,-12.7));
#1570 = CIRCLE('',#1571,3.174);
#1571 = AXIS2_PLACEMENT_3D('',#1572,#1573,#1574);
#1572 = CARTESIAN_POINT('',(109.174,173.571,-12.7));
#1573 = DIRECTION('',(0.,0.,-1.));
#1574 = DIRECTION('',(1.,0.,0.));
#1575 = ORIENTED_EDGE('',*,*,#1576,.T.);
#1576 = EDGE_CURVE('',#1568,#1577,#1579,.T.);
#1577 = VERTEX_POINT('',#1578);
#1578 = CARTESIAN_POINT('',(106.,190.223,-12.7));
#1579 = LINE('',#1580,#1581);
#1580 = CARTESIAN_POINT('',(106.,170.397,-12.7));
#1581 = VECTOR('',#1582,1.);
#1582 = DIRECTION('',(0.,1.,0.));
#1583 = ORIENTED_EDGE('',*,*,#1584,.F.);
#1584 = EDGE_CURVE('',#1585,#1577,#1587,.T.);
#1585 = VERTEX_POINT('',#1586);
#1586 = CARTESIAN_POINT('',(109.174,193.397,-12.7));
#1587 = CIRCLE('',#1588,3.174);
#1588 = AXIS2_PLACEMENT_3D('',#1589,#1590,#1591);
#1589 = CARTESIAN_POINT('',(109.174,190.223,-12.7));
#1590 = DIRECTION('',(0.,0.,1.));
#1591 = DIRECTION('',(1.,0.,0.));
#1592 = ORIENTED_EDGE('',*,*,#1593,.F.);
#1593 = EDGE_CURVE('',#1594,#1585,#1596,.T.);
#1594 = VERTEX_POINT('',#1595);
#1595 = CARTESIAN_POINT('',(117.5,193.397,-12.7));
#1596 = LINE('',#1597,#1598);
#1597 = CARTESIAN_POINT('',(154.,193.397,-12.7));
#1598 = VECTOR('',#1599,1.);
#1599 = DIRECTION('',(-1.,0.,0.));
#1600 = ORIENTED_EDGE('',*,*,#1601,.T.);
#1601 = EDGE_CURVE('',#1594,#1602,#1604,.T.);
#1602 = VERTEX_POINT('',#1603);
#1603 = CARTESIAN_POINT('',(117.5,228.5,-12.7));
#1604 = LINE('',#1605,#1606);
#1605 = CARTESIAN_POINT('',(117.5,188.25,-12.7));
#1606 = VECTOR('',#1607,1.);
#1607 = DIRECTION('',(0.,1.,0.));
#1608 = ORIENTED_EDGE('',*,*,#1609,.T.);
#1609 = EDGE_CURVE('',#1602,#1610,#1612,.T.);
#1610 = VERTEX_POINT('',#1611);
#1611 = CARTESIAN_POINT('',(104.174,228.5,-12.7));
#1612 = LINE('',#1613,#1614);
#1613 = CARTESIAN_POINT('',(159.,228.5,-12.7));
#1614 = VECTOR('',#1615,1.);
#1615 = DIRECTION('',(-1.,0.,0.));
#1616 = ORIENTED_EDGE('',*,*,#1617,.T.);
#1617 = EDGE_CURVE('',#1610,#1618,#1620,.T.);
#1618 = VERTEX_POINT('',#1619);
#1619 = CARTESIAN_POINT('',(101.,231.674,-12.7));
#1620 = CIRCLE('',#1621,3.174);
#1621 = AXIS2_PLACEMENT_3D('',#1622,#1623,#1624);
#1622 = CARTESIAN_POINT('',(104.174,231.674,-12.7));
#1623 = DIRECTION('',(0.,0.,-1.));
#1624 = DIRECTION('',(1.,0.,0.));
#1625 = ORIENTED_EDGE('',*,*,#1626,.T.);
#1626 = EDGE_CURVE('',#1618,#1627,#1629,.T.);
#1627 = VERTEX_POINT('',#1628);
#1628 = CARTESIAN_POINT('',(101.,258.326,-12.7));
#1629 = LINE('',#1630,#1631);
#1630 = CARTESIAN_POINT('',(101.,228.5,-12.7));
#1631 = VECTOR('',#1632,1.);
#1632 = DIRECTION('',(0.,1.,0.));
#1633 = ORIENTED_EDGE('',*,*,#1634,.F.);
#1634 = EDGE_CURVE('',#1635,#1627,#1637,.T.);
#1635 = VERTEX_POINT('',#1636);
#1636 = CARTESIAN_POINT('',(104.174,261.5,-12.7));
#1637 = CIRCLE('',#1638,3.174);
#1638 = AXIS2_PLACEMENT_3D('',#1639,#1640,#1641);
#1639 = CARTESIAN_POINT('',(104.174,258.326,-12.7));
#1640 = DIRECTION('',(0.,0.,1.));
#1641 = DIRECTION('',(1.,0.,0.));
#1642 = ORIENTED_EDGE('',*,*,#1643,.F.);
#1643 = EDGE_CURVE('',#1644,#1635,#1646,.T.);
#1644 = VERTEX_POINT('',#1645);
#1645 = CARTESIAN_POINT('',(117.5,261.5,-12.7));
#1646 = LINE('',#1647,#1648);
#1647 = CARTESIAN_POINT('',(159.,261.5,-12.7));
#1648 = VECTOR('',#1649,1.);
#1649 = DIRECTION('',(-1.,0.,0.));
#1650 = ORIENTED_EDGE('',*,*,#1651,.T.);
#1651 = EDGE_CURVE('',#1644,#1652,#1654,.T.);
#1652 = VERTEX_POINT('',#1653);
#1653 = CARTESIAN_POINT('',(117.5,298.576,-12.7));
#1654 = LINE('',#1655,#1656);
#1655 = CARTESIAN_POINT('',(117.5,188.25,-12.7));
#1656 = VECTOR('',#1657,1.);
#1657 = DIRECTION('',(0.,1.,0.));
#1658 = ORIENTED_EDGE('',*,*,#1659,.F.);
#1659 = EDGE_CURVE('',#1383,#1652,#1660,.T.);
#1660 = CIRCLE('',#1661,3.174);
#1661 = AXIS2_PLACEMENT_3D('',#1662,#1663,#1664);
#1662 = CARTESIAN_POINT('',(120.674,298.576,-12.7));
#1663 = DIRECTION('',(0.,0.,1.));
#1664 = DIRECTION('',(1.,0.,0.));
#1665 = FACE_BOUND('',#1666,.T.);
#1666 = EDGE_LOOP('',(#1667,#1677,#1686,#1694,#1703,#1711,#1720,#1728));
#1667 = ORIENTED_EDGE('',*,*,#1668,.F.);
#1668 = EDGE_CURVE('',#1669,#1671,#1673,.T.);
#1669 = VERTEX_POINT('',#1670);
#1670 = CARTESIAN_POINT('',(118.82551553344,167.20003509521,-12.7));
#1671 = VERTEX_POINT('',#1672);
#1672 = CARTESIAN_POINT('',(13.17351171875,167.20003509521,-12.7));
#1673 = LINE('',#1674,#1675);
#1674 = CARTESIAN_POINT('',(121.99951553344,167.20003509521,-12.7));
#1675 = VECTOR('',#1676,1.);
#1676 = DIRECTION('',(-1.,0.,0.));
#1677 = ORIENTED_EDGE('',*,*,#1678,.F.);
#1678 = EDGE_CURVE('',#1679,#1669,#1681,.T.);
#1679 = VERTEX_POINT('',#1680);
#1680 = CARTESIAN_POINT('',(121.99951553344,164.02603509521,-12.7));
#1681 = CIRCLE('',#1682,3.174);
#1682 = AXIS2_PLACEMENT_3D('',#1683,#1684,#1685);
#1683 = CARTESIAN_POINT('',(118.82551553344,164.02603509521,-12.7));
#1684 = DIRECTION('',(0.,0.,1.));
#1685 = DIRECTION('',(1.,0.,0.));
#1686 = ORIENTED_EDGE('',*,*,#1687,.F.);
#1687 = EDGE_CURVE('',#1688,#1679,#1690,.T.);
#1688 = VERTEX_POINT('',#1689);
#1689 = CARTESIAN_POINT('',(121.99951553344,66.374035095215,-12.7));
#1690 = LINE('',#1691,#1692);
#1691 = CARTESIAN_POINT('',(121.99951553344,63.200035095215,-12.7));
#1692 = VECTOR('',#1693,1.);
#1693 = DIRECTION('',(0.,1.,0.));
#1694 = ORIENTED_EDGE('',*,*,#1695,.F.);
#1695 = EDGE_CURVE('',#1696,#1688,#1698,.T.);
#1696 = VERTEX_POINT('',#1697);
#1697 = CARTESIAN_POINT('',(118.82551553344,63.200035095215,-12.7));
#1698 = CIRCLE('',#1699,3.174);
#1699 = AXIS2_PLACEMENT_3D('',#1700,#1701,#1702);
#1700 = CARTESIAN_POINT('',(118.82551553344,66.374035095215,-12.7));
#1701 = DIRECTION('',(0.,0.,1.));
#1702 = DIRECTION('',(1.,0.,0.));
#1703 = ORIENTED_EDGE('',*,*,#1704,.T.);
#1704 = EDGE_CURVE('',#1696,#1705,#1707,.T.);
#1705 = VERTEX_POINT('',#1706);
#1706 = CARTESIAN_POINT('',(13.17351171875,63.200035095215,-12.7));
#1707 = LINE('',#1708,#1709);
#1708 = CARTESIAN_POINT('',(121.99951553344,63.200035095215,-12.7));
#1709 = VECTOR('',#1710,1.);
#1710 = DIRECTION('',(-1.,0.,0.));
#1711 = ORIENTED_EDGE('',*,*,#1712,.T.);
#1712 = EDGE_CURVE('',#1705,#1713,#1715,.T.);
#1713 = VERTEX_POINT('',#1714);
#1714 = CARTESIAN_POINT('',(9.99951171875,66.374035095215,-12.7));
#1715 = CIRCLE('',#1716,3.174);
#1716 = AXIS2_PLACEMENT_3D('',#1717,#1718,#1719);
#1717 = CARTESIAN_POINT('',(13.17351171875,66.374035095215,-12.7));
#1718 = DIRECTION('',(0.,0.,-1.));
#1719 = DIRECTION('',(1.,0.,0.));
#1720 = ORIENTED_EDGE('',*,*,#1721,.T.);
#1721 = EDGE_CURVE('',#1713,#1722,#1724,.T.);
#1722 = VERTEX_POINT('',#1723);
#1723 = CARTESIAN_POINT('',(9.99951171875,164.02603509521,-12.7));
#1724 = LINE('',#1725,#1726);
#1725 = CARTESIAN_POINT('',(9.99951171875,63.200035095215,-12.7));
#1726 = VECTOR('',#1727,1.);
#1727 = DIRECTION('',(0.,1.,0.));
#1728 = ORIENTED_EDGE('',*,*,#1729,.F.);
#1729 = EDGE_CURVE('',#1671,#1722,#1730,.T.);
#1730 = CIRCLE('',#1731,3.174);
#1731 = AXIS2_PLACEMENT_3D('',#1732,#1733,#1734);
#1732 = CARTESIAN_POINT('',(13.17351171875,164.02603509521,-12.7));
#1733 = DIRECTION('',(0.,0.,1.));
#1734 = DIRECTION('',(1.,0.,0.));
#1735 = FACE_BOUND('',#1736,.T.);
#1736 = EDGE_LOOP('',(#1737,#1748,#1756,#1765,#1773,#1782,#1790,#1799,
    #1807,#1815,#1824,#1833,#1841,#1850,#1859,#1867,#1876,#1884));
#1737 = ORIENTED_EDGE('',*,*,#1738,.F.);
#1738 = EDGE_CURVE('',#1739,#1741,#1743,.T.);
#1739 = VERTEX_POINT('',#1740);
#1740 = CARTESIAN_POINT('',(220.826,110.,-12.7));
#1741 = VERTEX_POINT('',#1742);
#1742 = CARTESIAN_POINT('',(224.,113.174,-12.7));
#1743 = CIRCLE('',#1744,3.174);
#1744 = AXIS2_PLACEMENT_3D('',#1745,#1746,#1747);
#1745 = CARTESIAN_POINT('',(220.826,113.174,-12.7));
#1746 = DIRECTION('',(0.,0.,1.));
#1747 = DIRECTION('',(-2.2E-16,-1.,0.));
#1748 = ORIENTED_EDGE('',*,*,#1749,.T.);
#1749 = EDGE_CURVE('',#1739,#1750,#1752,.T.);
#1750 = VERTEX_POINT('',#1751);
#1751 = CARTESIAN_POINT('',(171.174,110.,-12.7));
#1752 = LINE('',#1753,#1754);
#1753 = CARTESIAN_POINT('',(113.5875,110.,-12.7));
#1754 = VECTOR('',#1755,1.);
#1755 = DIRECTION('',(-1.,2.2E-16,0.));
#1756 = ORIENTED_EDGE('',*,*,#1757,.F.);
#1757 = EDGE_CURVE('',#1758,#1750,#1760,.T.);
#1758 = VERTEX_POINT('',#1759);
#1759 = CARTESIAN_POINT('',(168.,113.174,-12.7));
#1760 = CIRCLE('',#1761,3.174);
#1761 = AXIS2_PLACEMENT_3D('',#1762,#1763,#1764);
#1762 = CARTESIAN_POINT('',(171.174,113.174,-12.7));
#1763 = DIRECTION('',(0.,0.,1.));
#1764 = DIRECTION('',(-2.2E-16,-1.,0.));
#1765 = ORIENTED_EDGE('',*,*,#1766,.F.);
#1766 = EDGE_CURVE('',#1767,#1758,#1769,.T.);
#1767 = VERTEX_POINT('',#1768);
#1768 = CARTESIAN_POINT('',(168.,210.826,-12.7));
#1769 = LINE('',#1770,#1771);
#1770 = CARTESIAN_POINT('',(168.,50.2375,-12.7));
#1771 = VECTOR('',#1772,1.);
#1772 = DIRECTION('',(-2.2E-16,-1.,0.));
#1773 = ORIENTED_EDGE('',*,*,#1774,.F.);
#1774 = EDGE_CURVE('',#1775,#1767,#1777,.T.);
#1775 = VERTEX_POINT('',#1776);
#1776 = CARTESIAN_POINT('',(171.174,214.,-12.7));
#1777 = CIRCLE('',#1778,3.174);
#1778 = AXIS2_PLACEMENT_3D('',#1779,#1780,#1781);
#1779 = CARTESIAN_POINT('',(171.174,210.826,-12.7));
#1780 = DIRECTION('',(0.,-0.,1.));
#1781 = DIRECTION('',(2.2E-16,1.,0.));
#1782 = ORIENTED_EDGE('',*,*,#1783,.F.);
#1783 = EDGE_CURVE('',#1784,#1775,#1786,.T.);
#1784 = VERTEX_POINT('',#1785);
#1785 = CARTESIAN_POINT('',(220.826,214.,-12.7));
#1786 = LINE('',#1787,#1788);
#1787 = CARTESIAN_POINT('',(113.5875,214.,-12.7));
#1788 = VECTOR('',#1789,1.);
#1789 = DIRECTION('',(-1.,2.2E-16,0.));
#1790 = ORIENTED_EDGE('',*,*,#1791,.F.);
#1791 = EDGE_CURVE('',#1792,#1784,#1794,.T.);
#1792 = VERTEX_POINT('',#1793);
#1793 = CARTESIAN_POINT('',(224.,210.826,-12.7));
#1794 = CIRCLE('',#1795,3.174);
#1795 = AXIS2_PLACEMENT_3D('',#1796,#1797,#1798);
#1796 = CARTESIAN_POINT('',(220.826,210.826,-12.7));
#1797 = DIRECTION('',(0.,-0.,1.));
#1798 = DIRECTION('',(2.2E-16,1.,0.));
#1799 = ORIENTED_EDGE('',*,*,#1800,.T.);
#1800 = EDGE_CURVE('',#1792,#1801,#1803,.T.);
#1801 = VERTEX_POINT('',#1802);
#1802 = CARTESIAN_POINT('',(224.,197.38841429136,-12.7));
#1803 = LINE('',#1804,#1805);
#1804 = CARTESIAN_POINT('',(224.,50.2375,-12.7));
#1805 = VECTOR('',#1806,1.);
#1806 = DIRECTION('',(-2.2E-16,-1.,0.));
#1807 = ORIENTED_EDGE('',*,*,#1808,.T.);
#1808 = EDGE_CURVE('',#1801,#1809,#1811,.T.);
#1809 = VERTEX_POINT('',#1810);
#1810 = CARTESIAN_POINT('',(229.90900376485,203.29741805621,-12.7));
#1811 = LINE('',#1812,#1813);
#1812 = CARTESIAN_POINT('',(114.07878707606,87.467201367425,-12.7));
#1813 = VECTOR('',#1814,1.);
#1814 = DIRECTION('',(0.707106781187,0.707106781187,0.));
#1815 = ORIENTED_EDGE('',*,*,#1816,.F.);
#1816 = EDGE_CURVE('',#1817,#1809,#1819,.T.);
#1817 = VERTEX_POINT('',#1818);
#1818 = CARTESIAN_POINT('',(232.63871990607,204.18973172903,-12.7));
#1819 = CIRCLE('',#1820,3.174);
#1820 = AXIS2_PLACEMENT_3D('',#1821,#1822,#1823);
#1821 = CARTESIAN_POINT('',(232.15336068833,201.05306113272,-12.7));
#1822 = DIRECTION('',(0.,0.,1.));
#1823 = DIRECTION('',(-0.707106781187,0.707106781187,0.));
#1824 = ORIENTED_EDGE('',*,*,#1825,.F.);
#1825 = EDGE_CURVE('',#1826,#1817,#1828,.T.);
#1826 = VERTEX_POINT('',#1827);
#1827 = CARTESIAN_POINT('',(234.39771761182,203.29741805621,-12.7));
#1828 = CIRCLE('',#1829,3.174);
#1829 = AXIS2_PLACEMENT_3D('',#1830,#1831,#1832);
#1830 = CARTESIAN_POINT('',(232.15336068833,201.05306113272,-12.7));
#1831 = DIRECTION('',(0.,0.,1.));
#1832 = DIRECTION('',(-0.707106781187,0.707106781187,0.));
#1833 = ORIENTED_EDGE('',*,*,#1834,.F.);
#1834 = EDGE_CURVE('',#1835,#1826,#1837,.T.);
#1835 = VERTEX_POINT('',#1836);
#1836 = CARTESIAN_POINT('',(245.47242418061,192.22271148742,-12.7));
#1837 = LINE('',#1838,#1839);
#1838 = CARTESIAN_POINT('',(228.67546426117,209.01967140686,-12.7));
#1839 = VECTOR('',#1840,1.);
#1840 = DIRECTION('',(-0.707106781187,0.707106781187,0.));
#1841 = ORIENTED_EDGE('',*,*,#1842,.F.);
#1842 = EDGE_CURVE('',#1843,#1835,#1845,.T.);
#1843 = VERTEX_POINT('',#1844);
#1844 = CARTESIAN_POINT('',(246.395621555,189.77617699356,-12.7));
#1845 = CIRCLE('',#1846,3.174);
#1846 = AXIS2_PLACEMENT_3D('',#1847,#1848,#1849);
#1847 = CARTESIAN_POINT('',(243.22806725712,189.97835456394,-12.7));
#1848 = DIRECTION('',(-0.,0.,1.));
#1849 = DIRECTION('',(0.707106781187,-0.707106781187,0.));
#1850 = ORIENTED_EDGE('',*,*,#1851,.F.);
#1851 = EDGE_CURVE('',#1852,#1843,#1854,.T.);
#1852 = VERTEX_POINT('',#1853);
#1853 = CARTESIAN_POINT('',(245.47242418061,187.73399764045,-12.7));
#1854 = CIRCLE('',#1855,3.174);
#1855 = AXIS2_PLACEMENT_3D('',#1856,#1857,#1858);
#1856 = CARTESIAN_POINT('',(243.22806725712,189.97835456394,-12.7));
#1857 = DIRECTION('',(-0.,0.,1.));
#1858 = DIRECTION('',(0.707106781187,-0.707106781187,0.));
#1859 = ORIENTED_EDGE('',*,*,#1860,.F.);
#1860 = EDGE_CURVE('',#1861,#1852,#1863,.T.);
#1861 = VERTEX_POINT('',#1862);
#1862 = CARTESIAN_POINT('',(235.83455863705,178.09613209689,-12.7));
#1863 = LINE('',#1864,#1865);
#1864 = CARTESIAN_POINT('',(129.64220749182,71.903780951665,-12.7));
#1865 = VECTOR('',#1866,1.);
#1866 = DIRECTION('',(0.707106781187,0.707106781187,0.));
#1867 = ORIENTED_EDGE('',*,*,#1868,.F.);
#1868 = EDGE_CURVE('',#1869,#1861,#1871,.T.);
#1869 = VERTEX_POINT('',#1870);
#1870 = CARTESIAN_POINT('',(231.34584479008,178.09613209689,-12.7));
#1871 = CIRCLE('',#1872,3.174);
#1872 = AXIS2_PLACEMENT_3D('',#1873,#1874,#1875);
#1873 = CARTESIAN_POINT('',(233.59020171356,180.34048902038,-12.7));
#1874 = DIRECTION('',(0.,0.,1.));
#1875 = DIRECTION('',(-0.707106781187,-0.707106781187,0.));
#1876 = ORIENTED_EDGE('',*,*,#1877,.T.);
#1877 = EDGE_CURVE('',#1869,#1878,#1880,.T.);
#1878 = VERTEX_POINT('',#1879);
#1879 = CARTESIAN_POINT('',(224.,185.44197688697,-12.7));
#1880 = LINE('',#1881,#1882);
#1881 = CARTESIAN_POINT('',(214.54888487064,194.89309201632,-12.7));
#1882 = VECTOR('',#1883,1.);
#1883 = DIRECTION('',(-0.707106781187,0.707106781187,0.));
#1884 = ORIENTED_EDGE('',*,*,#1885,.T.);
#1885 = EDGE_CURVE('',#1878,#1741,#1886,.T.);
#1886 = LINE('',#1887,#1888);
#1887 = CARTESIAN_POINT('',(224.,50.2375,-12.7));
#1888 = VECTOR('',#1889,1.);
#1889 = DIRECTION('',(-2.2E-16,-1.,0.));
#1890 = FACE_BOUND('',#1891,.T.);
#1891 = EDGE_LOOP('',(#1892,#1902,#1911,#1919,#1928,#1936,#1945,#1953,
    #1962,#1970,#1979,#1987,#1996,#2004,#2012,#2020,#2029,#2037,#2046,
    #2054,#2063,#2071,#2080,#2088,#2097,#2105,#2113));
#1892 = ORIENTED_EDGE('',*,*,#1893,.F.);
#1893 = EDGE_CURVE('',#1894,#1896,#1898,.T.);
#1894 = VERTEX_POINT('',#1895);
#1895 = CARTESIAN_POINT('',(325.397,282.174,-12.7));
#1896 = VERTEX_POINT('',#1897);
#1897 = CARTESIAN_POINT('',(325.397,284.54406711112,-12.7));
#1898 = LINE('',#1899,#1900);
#1899 = CARTESIAN_POINT('',(325.397,279.,-12.7));
#1900 = VECTOR('',#1901,1.);
#1901 = DIRECTION('',(0.,1.,0.));
#1902 = ORIENTED_EDGE('',*,*,#1903,.F.);
#1903 = EDGE_CURVE('',#1904,#1894,#1906,.T.);
#1904 = VERTEX_POINT('',#1905);
#1905 = CARTESIAN_POINT('',(322.223,279.,-12.7));
#1906 = CIRCLE('',#1907,3.174);
#1907 = AXIS2_PLACEMENT_3D('',#1908,#1909,#1910);
#1908 = CARTESIAN_POINT('',(322.223,282.174,-12.7));
#1909 = DIRECTION('',(-0.,0.,1.));
#1910 = DIRECTION('',(0.,-1.,0.));
#1911 = ORIENTED_EDGE('',*,*,#1912,.F.);
#1912 = EDGE_CURVE('',#1913,#1904,#1915,.T.);
#1913 = VERTEX_POINT('',#1914);
#1914 = CARTESIAN_POINT('',(305.571,279.,-12.7));
#1915 = LINE('',#1916,#1917);
#1916 = CARTESIAN_POINT('',(302.397,279.,-12.7));
#1917 = VECTOR('',#1918,1.);
#1918 = DIRECTION('',(1.,0.,0.));
#1919 = ORIENTED_EDGE('',*,*,#1920,.F.);
#1920 = EDGE_CURVE('',#1921,#1913,#1923,.T.);
#1921 = VERTEX_POINT('',#1922);
#1922 = CARTESIAN_POINT('',(302.397,282.174,-12.7));
#1923 = CIRCLE('',#1924,3.174);
#1924 = AXIS2_PLACEMENT_3D('',#1925,#1926,#1927);
#1925 = CARTESIAN_POINT('',(305.571,282.174,-12.7));
#1926 = DIRECTION('',(-0.,0.,1.));
#1927 = DIRECTION('',(0.,-1.,0.));
#1928 = ORIENTED_EDGE('',*,*,#1929,.T.);
#1929 = EDGE_CURVE('',#1921,#1930,#1932,.T.);
#1930 = VERTEX_POINT('',#1931);
#1931 = CARTESIAN_POINT('',(302.397,323.826,-12.7));
#1932 = LINE('',#1933,#1934);
#1933 = CARTESIAN_POINT('',(302.397,279.,-12.7));
#1934 = VECTOR('',#1935,1.);
#1935 = DIRECTION('',(0.,1.,0.));
#1936 = ORIENTED_EDGE('',*,*,#1937,.T.);
#1937 = EDGE_CURVE('',#1930,#1938,#1940,.T.);
#1938 = VERTEX_POINT('',#1939);
#1939 = CARTESIAN_POINT('',(305.571,327.,-12.7));
#1940 = CIRCLE('',#1941,3.174);
#1941 = AXIS2_PLACEMENT_3D('',#1942,#1943,#1944);
#1942 = CARTESIAN_POINT('',(305.571,323.826,-12.7));
#1943 = DIRECTION('',(-0.,-0.,-1.));
#1944 = DIRECTION('',(0.,-1.,0.));
#1945 = ORIENTED_EDGE('',*,*,#1946,.T.);
#1946 = EDGE_CURVE('',#1938,#1947,#1949,.T.);
#1947 = VERTEX_POINT('',#1948);
#1948 = CARTESIAN_POINT('',(322.223,327.,-12.7));
#1949 = LINE('',#1950,#1951);
#1950 = CARTESIAN_POINT('',(302.397,327.,-12.7));
#1951 = VECTOR('',#1952,1.);
#1952 = DIRECTION('',(1.,0.,0.));
#1953 = ORIENTED_EDGE('',*,*,#1954,.F.);
#1954 = EDGE_CURVE('',#1955,#1947,#1957,.T.);
#1955 = VERTEX_POINT('',#1956);
#1956 = CARTESIAN_POINT('',(325.397,323.826,-12.7));
#1957 = CIRCLE('',#1958,3.174);
#1958 = AXIS2_PLACEMENT_3D('',#1959,#1960,#1961);
#1959 = CARTESIAN_POINT('',(322.223,323.826,-12.7));
#1960 = DIRECTION('',(-0.,0.,1.));
#1961 = DIRECTION('',(0.,-1.,0.));
#1962 = ORIENTED_EDGE('',*,*,#1963,.F.);
#1963 = EDGE_CURVE('',#1964,#1955,#1966,.T.);
#1964 = VERTEX_POINT('',#1965);
#1965 = CARTESIAN_POINT('',(325.397,321.45593288888,-12.7));
#1966 = LINE('',#1967,#1968);
#1967 = CARTESIAN_POINT('',(325.397,279.,-12.7));
#1968 = VECTOR('',#1969,1.);
#1969 = DIRECTION('',(0.,1.,0.));
#1970 = ORIENTED_EDGE('',*,*,#1971,.F.);
#1971 = EDGE_CURVE('',#1972,#1964,#1974,.T.);
#1972 = VERTEX_POINT('',#1973);
#1973 = CARTESIAN_POINT('',(327.174,322.,-12.7));
#1974 = CIRCLE('',#1975,3.174);
#1975 = AXIS2_PLACEMENT_3D('',#1976,#1977,#1978);
#1976 = CARTESIAN_POINT('',(327.174,318.826,-12.7));
#1977 = DIRECTION('',(0.,0.,1.));
#1978 = DIRECTION('',(-1.,0.,0.));
#1979 = ORIENTED_EDGE('',*,*,#1980,.F.);
#1980 = EDGE_CURVE('',#1981,#1972,#1983,.T.);
#1981 = VERTEX_POINT('',#1982);
#1982 = CARTESIAN_POINT('',(338.826,322.,-12.7));
#1983 = LINE('',#1984,#1985);
#1984 = CARTESIAN_POINT('',(163.5875,322.,-12.7));
#1985 = VECTOR('',#1986,1.);
#1986 = DIRECTION('',(-1.,0.,0.));
#1987 = ORIENTED_EDGE('',*,*,#1988,.F.);
#1988 = EDGE_CURVE('',#1989,#1981,#1991,.T.);
#1989 = VERTEX_POINT('',#1990);
#1990 = CARTESIAN_POINT('',(342.,318.826,-12.7));
#1991 = CIRCLE('',#1992,3.174);
#1992 = AXIS2_PLACEMENT_3D('',#1993,#1994,#1995);
#1993 = CARTESIAN_POINT('',(338.826,318.826,-12.7));
#1994 = DIRECTION('',(0.,0.,1.));
#1995 = DIRECTION('',(1.,0.,0.));
#1996 = ORIENTED_EDGE('',*,*,#1997,.F.);
#1997 = EDGE_CURVE('',#1998,#1989,#2000,.T.);
#1998 = VERTEX_POINT('',#1999);
#1999 = CARTESIAN_POINT('',(342.,293.35811508178,-12.7));
#2000 = LINE('',#2001,#2002);
#2001 = CARTESIAN_POINT('',(342.,137.2375,-12.7));
#2002 = VECTOR('',#2003,1.);
#2003 = DIRECTION('',(0.,1.,0.));
#2004 = ORIENTED_EDGE('',*,*,#2005,.F.);
#2005 = EDGE_CURVE('',#2006,#1998,#2008,.T.);
#2006 = VERTEX_POINT('',#2007);
#2007 = CARTESIAN_POINT('',(358.42105026245,293.35811508178,-12.7));
#2008 = LINE('',#2009,#2010);
#2009 = CARTESIAN_POINT('',(178.73462762776,293.35811508178,-12.7));
#2010 = VECTOR('',#2011,1.);
#2011 = DIRECTION('',(-1.,0.,0.));
#2012 = ORIENTED_EDGE('',*,*,#2013,.T.);
#2013 = EDGE_CURVE('',#2006,#2014,#2016,.T.);
#2014 = VERTEX_POINT('',#2015);
#2015 = CARTESIAN_POINT('',(358.42105026245,325.18411508178,-12.7));
#2016 = LINE('',#2017,#2018);
#2017 = CARTESIAN_POINT('',(358.42105026245,130.19464134216,-12.7));
#2018 = VECTOR('',#2019,1.);
#2019 = DIRECTION('',(0.,1.,0.));
#2020 = ORIENTED_EDGE('',*,*,#2021,.F.);
#2021 = EDGE_CURVE('',#2022,#2014,#2024,.T.);
#2022 = VERTEX_POINT('',#2023);
#2023 = CARTESIAN_POINT('',(361.59505026245,328.35811508178,-12.7));
#2024 = CIRCLE('',#2025,3.174);
#2025 = AXIS2_PLACEMENT_3D('',#2026,#2027,#2028);
#2026 = CARTESIAN_POINT('',(361.59505026245,325.18411508178,-12.7));
#2027 = DIRECTION('',(0.,0.,1.));
#2028 = DIRECTION('',(-1.,0.,0.));
#2029 = ORIENTED_EDGE('',*,*,#2030,.F.);
#2030 = EDGE_CURVE('',#2031,#2022,#2033,.T.);
#2031 = VERTEX_POINT('',#2032);
#2032 = CARTESIAN_POINT('',(397.40130040741,328.35811508178,-12.7));
#2033 = LINE('',#2034,#2035);
#2034 = CARTESIAN_POINT('',(180.79802513122,328.35811508178,-12.7));
#2035 = VECTOR('',#2036,1.);
#2036 = DIRECTION('',(-1.,0.,0.));
#2037 = ORIENTED_EDGE('',*,*,#2038,.F.);
#2038 = EDGE_CURVE('',#2039,#2031,#2041,.T.);
#2039 = VERTEX_POINT('',#2040);
#2040 = CARTESIAN_POINT('',(400.57530040741,325.18411508178,-12.7));
#2041 = CIRCLE('',#2042,3.174);
#2042 = AXIS2_PLACEMENT_3D('',#2043,#2044,#2045);
#2043 = CARTESIAN_POINT('',(397.40130040741,325.18411508178,-12.7));
#2044 = DIRECTION('',(0.,0.,1.));
#2045 = DIRECTION('',(1.,0.,0.));
#2046 = ORIENTED_EDGE('',*,*,#2047,.F.);
#2047 = EDGE_CURVE('',#2048,#2039,#2050,.T.);
#2048 = VERTEX_POINT('',#2049);
#2049 = CARTESIAN_POINT('',(400.57530040741,273.08828268432,-12.7));
#2050 = LINE('',#2051,#2052);
#2051 = CARTESIAN_POINT('',(400.57530040741,130.19464134216,-12.7));
#2052 = VECTOR('',#2053,1.);
#2053 = DIRECTION('',(0.,1.,0.));
#2054 = ORIENTED_EDGE('',*,*,#2055,.F.);
#2055 = EDGE_CURVE('',#2056,#2048,#2058,.T.);
#2056 = VERTEX_POINT('',#2057);
#2057 = CARTESIAN_POINT('',(397.40130040741,269.91428268432,-12.7));
#2058 = CIRCLE('',#2059,3.174);
#2059 = AXIS2_PLACEMENT_3D('',#2060,#2061,#2062);
#2060 = CARTESIAN_POINT('',(397.40130040741,273.08828268432,-12.7));
#2061 = DIRECTION('',(-0.,0.,1.));
#2062 = DIRECTION('',(0.,-1.,0.));
#2063 = ORIENTED_EDGE('',*,*,#2064,.T.);
#2064 = EDGE_CURVE('',#2056,#2065,#2067,.T.);
#2065 = VERTEX_POINT('',#2066);
#2066 = CARTESIAN_POINT('',(372.7705274425,269.91428268432,-12.7));
#2067 = LINE('',#2068,#2069);
#2068 = CARTESIAN_POINT('',(180.79802513122,269.91428268432,-12.7));
#2069 = VECTOR('',#2070,1.);
#2070 = DIRECTION('',(-1.,0.,0.));
#2071 = ORIENTED_EDGE('',*,*,#2072,.F.);
#2072 = EDGE_CURVE('',#2073,#2065,#2075,.T.);
#2073 = VERTEX_POINT('',#2074);
#2074 = CARTESIAN_POINT('',(369.60130040741,266.91428268432,-12.7));
#2075 = CIRCLE('',#2076,3.174);
#2076 = AXIS2_PLACEMENT_3D('',#2077,#2078,#2079);
#2077 = CARTESIAN_POINT('',(369.60130040741,270.08828268432,-12.7));
#2078 = DIRECTION('',(-0.,0.,1.));
#2079 = DIRECTION('',(0.,-1.,0.));
#2080 = ORIENTED_EDGE('',*,*,#2081,.F.);
#2081 = EDGE_CURVE('',#2082,#2073,#2084,.T.);
#2082 = VERTEX_POINT('',#2083);
#2083 = CARTESIAN_POINT('',(341.59505026245,266.91428268432,-12.7));
#2084 = LINE('',#2085,#2086);
#2085 = CARTESIAN_POINT('',(179.6203807539,266.91428268432,-12.7));
#2086 = VECTOR('',#2087,1.);
#2087 = DIRECTION('',(1.,0.,0.));
#2088 = ORIENTED_EDGE('',*,*,#2089,.F.);
#2089 = EDGE_CURVE('',#2090,#2082,#2092,.T.);
#2090 = VERTEX_POINT('',#2091);
#2091 = CARTESIAN_POINT('',(338.42105026245,270.08828268432,-12.7));
#2092 = CIRCLE('',#2093,3.174);
#2093 = AXIS2_PLACEMENT_3D('',#2094,#2095,#2096);
#2094 = CARTESIAN_POINT('',(341.59505026245,270.08828268432,-12.7));
#2095 = DIRECTION('',(0.,0.,1.));
#2096 = DIRECTION('',(-1.,0.,0.));
#2097 = ORIENTED_EDGE('',*,*,#2098,.F.);
#2098 = EDGE_CURVE('',#2099,#2090,#2101,.T.);
#2099 = VERTEX_POINT('',#2100);
#2100 = CARTESIAN_POINT('',(338.42105026245,284.,-12.7));
#2101 = LINE('',#2102,#2103);
#2102 = CARTESIAN_POINT('',(338.42105026245,135.30559944152,-12.7));
#2103 = VECTOR('',#2104,1.);
#2104 = DIRECTION('',(0.,-1.,0.));
#2105 = ORIENTED_EDGE('',*,*,#2106,.T.);
#2106 = EDGE_CURVE('',#2099,#2107,#2109,.T.);
#2107 = VERTEX_POINT('',#2108);
#2108 = CARTESIAN_POINT('',(327.174,284.,-12.7));
#2109 = LINE('',#2110,#2111);
#2110 = CARTESIAN_POINT('',(163.5875,284.,-12.7));
#2111 = VECTOR('',#2112,1.);
#2112 = DIRECTION('',(-1.,0.,0.));
#2113 = ORIENTED_EDGE('',*,*,#2114,.F.);
#2114 = EDGE_CURVE('',#1896,#2107,#2115,.T.);
#2115 = CIRCLE('',#2116,3.174);
#2116 = AXIS2_PLACEMENT_3D('',#2117,#2118,#2119);
#2117 = CARTESIAN_POINT('',(327.174,287.174,-12.7));
#2118 = DIRECTION('',(0.,0.,1.));
#2119 = DIRECTION('',(-1.,0.,0.));
#2120 = FACE_BOUND('',#2121,.T.);
#2121 = EDGE_LOOP('',(#2122,#2132,#2140,#2148,#2157,#2165,#2174,#2182,
    #2191,#2199,#2208,#2216,#2225,#2233,#2241,#2250,#2258,#2267,#2275));
#2122 = ORIENTED_EDGE('',*,*,#2123,.F.);
#2123 = EDGE_CURVE('',#2124,#2126,#2128,.T.);
#2124 = VERTEX_POINT('',#2125);
#2125 = CARTESIAN_POINT('',(320.,72.358115081787,-12.7));
#2126 = VERTEX_POINT('',#2127);
#2127 = CARTESIAN_POINT('',(320.,97.826,-12.7));
#2128 = LINE('',#2129,#2130);
#2129 = CARTESIAN_POINT('',(320.,26.7375,-12.7));
#2130 = VECTOR('',#2131,1.);
#2131 = DIRECTION('',(0.,1.,0.));
#2132 = ORIENTED_EDGE('',*,*,#2133,.F.);
#2133 = EDGE_CURVE('',#2134,#2124,#2136,.T.);
#2134 = VERTEX_POINT('',#2135);
#2135 = CARTESIAN_POINT('',(336.42105026245,72.358115081787,-12.7));
#2136 = LINE('',#2137,#2138);
#2137 = CARTESIAN_POINT('',(167.73462762776,72.358115081787,-12.7));
#2138 = VECTOR('',#2139,1.);
#2139 = DIRECTION('',(-1.,0.,0.));
#2140 = ORIENTED_EDGE('',*,*,#2141,.T.);
#2141 = EDGE_CURVE('',#2134,#2142,#2144,.T.);
#2142 = VERTEX_POINT('',#2143);
#2143 = CARTESIAN_POINT('',(336.42105026245,104.18411508178,-12.7));
#2144 = LINE('',#2145,#2146);
#2145 = CARTESIAN_POINT('',(336.42105026245,19.694641342163,-12.7));
#2146 = VECTOR('',#2147,1.);
#2147 = DIRECTION('',(0.,1.,0.));
#2148 = ORIENTED_EDGE('',*,*,#2149,.F.);
#2149 = EDGE_CURVE('',#2150,#2142,#2152,.T.);
#2150 = VERTEX_POINT('',#2151);
#2151 = CARTESIAN_POINT('',(339.59505026245,107.35811508178,-12.7));
#2152 = CIRCLE('',#2153,3.174);
#2153 = AXIS2_PLACEMENT_3D('',#2154,#2155,#2156);
#2154 = CARTESIAN_POINT('',(339.59505026245,104.18411508178,-12.7));
#2155 = DIRECTION('',(0.,0.,1.));
#2156 = DIRECTION('',(-1.,0.,0.));
#2157 = ORIENTED_EDGE('',*,*,#2158,.F.);
#2158 = EDGE_CURVE('',#2159,#2150,#2161,.T.);
#2159 = VERTEX_POINT('',#2160);
#2160 = CARTESIAN_POINT('',(375.40130040741,107.35811508178,-12.7));
#2161 = LINE('',#2162,#2163);
#2162 = CARTESIAN_POINT('',(169.79802513122,107.35811508178,-12.7));
#2163 = VECTOR('',#2164,1.);
#2164 = DIRECTION('',(-1.,0.,0.));
#2165 = ORIENTED_EDGE('',*,*,#2166,.F.);
#2166 = EDGE_CURVE('',#2167,#2159,#2169,.T.);
#2167 = VERTEX_POINT('',#2168);
#2168 = CARTESIAN_POINT('',(378.57530040741,104.18411508178,-12.7));
#2169 = CIRCLE('',#2170,3.174);
#2170 = AXIS2_PLACEMENT_3D('',#2171,#2172,#2173);
#2171 = CARTESIAN_POINT('',(375.40130040741,104.18411508178,-12.7));
#2172 = DIRECTION('',(0.,0.,1.));
#2173 = DIRECTION('',(1.,0.,0.));
#2174 = ORIENTED_EDGE('',*,*,#2175,.F.);
#2175 = EDGE_CURVE('',#2176,#2167,#2178,.T.);
#2176 = VERTEX_POINT('',#2177);
#2177 = CARTESIAN_POINT('',(378.57530040741,52.088282684326,-12.7));
#2178 = LINE('',#2179,#2180);
#2179 = CARTESIAN_POINT('',(378.57530040741,19.694641342163,-12.7));
#2180 = VECTOR('',#2181,1.);
#2181 = DIRECTION('',(0.,1.,0.));
#2182 = ORIENTED_EDGE('',*,*,#2183,.F.);
#2183 = EDGE_CURVE('',#2184,#2176,#2186,.T.);
#2184 = VERTEX_POINT('',#2185);
#2185 = CARTESIAN_POINT('',(375.40130040741,48.914282684326,-12.7));
#2186 = CIRCLE('',#2187,3.174);
#2187 = AXIS2_PLACEMENT_3D('',#2188,#2189,#2190);
#2188 = CARTESIAN_POINT('',(375.40130040741,52.088282684326,-12.7));
#2189 = DIRECTION('',(-0.,0.,1.));
#2190 = DIRECTION('',(0.,-1.,0.));
#2191 = ORIENTED_EDGE('',*,*,#2192,.T.);
#2192 = EDGE_CURVE('',#2184,#2193,#2195,.T.);
#2193 = VERTEX_POINT('',#2194);
#2194 = CARTESIAN_POINT('',(350.7705274425,48.914282684326,-12.7));
#2195 = LINE('',#2196,#2197);
#2196 = CARTESIAN_POINT('',(169.79802513122,48.914282684326,-12.7));
#2197 = VECTOR('',#2198,1.);
#2198 = DIRECTION('',(-1.,0.,0.));
#2199 = ORIENTED_EDGE('',*,*,#2200,.F.);
#2200 = EDGE_CURVE('',#2201,#2193,#2203,.T.);
#2201 = VERTEX_POINT('',#2202);
#2202 = CARTESIAN_POINT('',(347.60130040741,45.914282684326,-12.7));
#2203 = CIRCLE('',#2204,3.174);
#2204 = AXIS2_PLACEMENT_3D('',#2205,#2206,#2207);
#2205 = CARTESIAN_POINT('',(347.60130040741,49.088282684326,-12.7));
#2206 = DIRECTION('',(-0.,0.,1.));
#2207 = DIRECTION('',(0.,-1.,0.));
#2208 = ORIENTED_EDGE('',*,*,#2209,.F.);
#2209 = EDGE_CURVE('',#2210,#2201,#2212,.T.);
#2210 = VERTEX_POINT('',#2211);
#2211 = CARTESIAN_POINT('',(319.59505026245,45.914282684326,-12.7));
#2212 = LINE('',#2213,#2214);
#2213 = CARTESIAN_POINT('',(168.6203807539,45.914282684326,-12.7));
#2214 = VECTOR('',#2215,1.);
#2215 = DIRECTION('',(1.,0.,0.));
#2216 = ORIENTED_EDGE('',*,*,#2217,.F.);
#2217 = EDGE_CURVE('',#2218,#2210,#2220,.T.);
#2218 = VERTEX_POINT('',#2219);
#2219 = CARTESIAN_POINT('',(316.42105026245,49.088282684326,-12.7));
#2220 = CIRCLE('',#2221,3.174);
#2221 = AXIS2_PLACEMENT_3D('',#2222,#2223,#2224);
#2222 = CARTESIAN_POINT('',(319.59505026245,49.088282684326,-12.7));
#2223 = DIRECTION('',(0.,0.,1.));
#2224 = DIRECTION('',(-1.,0.,0.));
#2225 = ORIENTED_EDGE('',*,*,#2226,.F.);
#2226 = EDGE_CURVE('',#2227,#2218,#2229,.T.);
#2227 = VERTEX_POINT('',#2228);
#2228 = CARTESIAN_POINT('',(316.42105026245,63.,-12.7));
#2229 = LINE('',#2230,#2231);
#2230 = CARTESIAN_POINT('',(316.42105026245,24.805599441528,-12.7));
#2231 = VECTOR('',#2232,1.);
#2232 = DIRECTION('',(0.,-1.,0.));
#2233 = ORIENTED_EDGE('',*,*,#2234,.T.);
#2234 = EDGE_CURVE('',#2227,#2235,#2237,.T.);
#2235 = VERTEX_POINT('',#2236);
#2236 = CARTESIAN_POINT('',(305.174,63.,-12.7));
#2237 = LINE('',#2238,#2239);
#2238 = CARTESIAN_POINT('',(152.5875,63.,-12.7));
#2239 = VECTOR('',#2240,1.);
#2240 = DIRECTION('',(-1.,0.,0.));
#2241 = ORIENTED_EDGE('',*,*,#2242,.F.);
#2242 = EDGE_CURVE('',#2243,#2235,#2245,.T.);
#2243 = VERTEX_POINT('',#2244);
#2244 = CARTESIAN_POINT('',(302.,66.174,-12.7));
#2245 = CIRCLE('',#2246,3.174);
#2246 = AXIS2_PLACEMENT_3D('',#2247,#2248,#2249);
#2247 = CARTESIAN_POINT('',(305.174,66.174,-12.7));
#2248 = DIRECTION('',(0.,0.,1.));
#2249 = DIRECTION('',(-1.,0.,0.));
#2250 = ORIENTED_EDGE('',*,*,#2251,.T.);
#2251 = EDGE_CURVE('',#2243,#2252,#2254,.T.);
#2252 = VERTEX_POINT('',#2253);
#2253 = CARTESIAN_POINT('',(302.,97.826,-12.7));
#2254 = LINE('',#2255,#2256);
#2255 = CARTESIAN_POINT('',(302.,26.7375,-12.7));
#2256 = VECTOR('',#2257,1.);
#2257 = DIRECTION('',(0.,1.,0.));
#2258 = ORIENTED_EDGE('',*,*,#2259,.F.);
#2259 = EDGE_CURVE('',#2260,#2252,#2262,.T.);
#2260 = VERTEX_POINT('',#2261);
#2261 = CARTESIAN_POINT('',(305.174,101.,-12.7));
#2262 = CIRCLE('',#2263,3.174);
#2263 = AXIS2_PLACEMENT_3D('',#2264,#2265,#2266);
#2264 = CARTESIAN_POINT('',(305.174,97.826,-12.7));
#2265 = DIRECTION('',(0.,0.,1.));
#2266 = DIRECTION('',(-1.,0.,0.));
#2267 = ORIENTED_EDGE('',*,*,#2268,.F.);
#2268 = EDGE_CURVE('',#2269,#2260,#2271,.T.);
#2269 = VERTEX_POINT('',#2270);
#2270 = CARTESIAN_POINT('',(316.826,101.,-12.7));
#2271 = LINE('',#2272,#2273);
#2272 = CARTESIAN_POINT('',(152.5875,101.,-12.7));
#2273 = VECTOR('',#2274,1.);
#2274 = DIRECTION('',(-1.,0.,0.));
#2275 = ORIENTED_EDGE('',*,*,#2276,.F.);
#2276 = EDGE_CURVE('',#2126,#2269,#2277,.T.);
#2277 = CIRCLE('',#2278,3.174);
#2278 = AXIS2_PLACEMENT_3D('',#2279,#2280,#2281);
#2279 = CARTESIAN_POINT('',(316.826,97.826,-12.7));
#2280 = DIRECTION('',(0.,0.,1.));
#2281 = DIRECTION('',(1.,0.,0.));
#2282 = FACE_BOUND('',#2283,.T.);
#2283 = EDGE_LOOP('',(#2284,#2294,#2303,#2311,#2319,#2328,#2336,#2345,
    #2353,#2362,#2371,#2379,#2387,#2396,#2404));
#2284 = ORIENTED_EDGE('',*,*,#2285,.F.);
#2285 = EDGE_CURVE('',#2286,#2288,#2290,.T.);
#2286 = VERTEX_POINT('',#2287);
#2287 = CARTESIAN_POINT('',(506.80649819183,185.0135591278,-12.7));
#2288 = VERTEX_POINT('',#2289);
#2289 = CARTESIAN_POINT('',(506.80649819183,161.96155950927,-12.7));
#2290 = LINE('',#2291,#2292);
#2291 = CARTESIAN_POINT('',(506.80649819183,89.331279563904,-12.7));
#2292 = VECTOR('',#2293,1.);
#2293 = DIRECTION('',(0.,-1.,0.));
#2294 = ORIENTED_EDGE('',*,*,#2295,.F.);
#2295 = EDGE_CURVE('',#2296,#2286,#2298,.T.);
#2296 = VERTEX_POINT('',#2297);
#2297 = CARTESIAN_POINT('',(509.98049819183,188.1875591278,-12.7));
#2298 = CIRCLE('',#2299,3.174);
#2299 = AXIS2_PLACEMENT_3D('',#2300,#2301,#2302);
#2300 = CARTESIAN_POINT('',(509.98049819183,185.0135591278,-12.7));
#2301 = DIRECTION('',(0.,-0.,1.));
#2302 = DIRECTION('',(0.,1.,0.));
#2303 = ORIENTED_EDGE('',*,*,#2304,.T.);
#2304 = EDGE_CURVE('',#2296,#2305,#2307,.T.);
#2305 = VERTEX_POINT('',#2306);
#2306 = CARTESIAN_POINT('',(530.7168239746,188.1875591278,-12.7));
#2307 = LINE('',#2308,#2309);
#2308 = CARTESIAN_POINT('',(272.33616182708,188.1875591278,-12.7));
#2309 = VECTOR('',#2310,1.);
#2310 = DIRECTION('',(1.,0.,0.));
#2311 = ORIENTED_EDGE('',*,*,#2312,.F.);
#2312 = EDGE_CURVE('',#2313,#2305,#2315,.T.);
#2313 = VERTEX_POINT('',#2314);
#2314 = CARTESIAN_POINT('',(530.7168239746,190.22091162872,-12.7));
#2315 = LINE('',#2316,#2317);
#2316 = CARTESIAN_POINT('',(530.7168239746,91.934955814362,-12.7));
#2317 = VECTOR('',#2318,1.);
#2318 = DIRECTION('',(0.,-1.,0.));
#2319 = ORIENTED_EDGE('',*,*,#2320,.F.);
#2320 = EDGE_CURVE('',#2321,#2313,#2323,.T.);
#2321 = VERTEX_POINT('',#2322);
#2322 = CARTESIAN_POINT('',(533.8908239746,193.39491162872,-12.7));
#2323 = CIRCLE('',#2324,3.174);
#2324 = AXIS2_PLACEMENT_3D('',#2325,#2326,#2327);
#2325 = CARTESIAN_POINT('',(533.8908239746,190.22091162872,-12.7));
#2326 = DIRECTION('',(0.,-0.,1.));
#2327 = DIRECTION('',(0.,1.,0.));
#2328 = ORIENTED_EDGE('',*,*,#2329,.T.);
#2329 = EDGE_CURVE('',#2321,#2330,#2332,.T.);
#2330 = VERTEX_POINT('',#2331);
#2331 = CARTESIAN_POINT('',(549.55282420349,193.39491162872,-12.7));
#2332 = LINE('',#2333,#2334);
#2333 = CARTESIAN_POINT('',(277.95091210174,193.39491162872,-12.7));
#2334 = VECTOR('',#2335,1.);
#2335 = DIRECTION('',(1.,0.,0.));
#2336 = ORIENTED_EDGE('',*,*,#2337,.F.);
#2337 = EDGE_CURVE('',#2338,#2330,#2340,.T.);
#2338 = VERTEX_POINT('',#2339);
#2339 = CARTESIAN_POINT('',(552.72682420349,190.22091162872,-12.7));
#2340 = CIRCLE('',#2341,3.174);
#2341 = AXIS2_PLACEMENT_3D('',#2342,#2343,#2344);
#2342 = CARTESIAN_POINT('',(549.55282420349,190.22091162872,-12.7));
#2343 = DIRECTION('',(0.,0.,1.));
#2344 = DIRECTION('',(1.,0.,0.));
#2345 = ORIENTED_EDGE('',*,*,#2346,.T.);
#2346 = EDGE_CURVE('',#2338,#2347,#2349,.T.);
#2347 = VERTEX_POINT('',#2348);
#2348 = CARTESIAN_POINT('',(552.72682420349,176.59091146469,-12.7));
#2349 = LINE('',#2350,#2351);
#2350 = CARTESIAN_POINT('',(552.72682420349,91.934955814362,-12.7));
#2351 = VECTOR('',#2352,1.);
#2352 = DIRECTION('',(0.,-1.,0.));
#2353 = ORIENTED_EDGE('',*,*,#2354,.F.);
#2354 = EDGE_CURVE('',#2355,#2347,#2357,.T.);
#2355 = VERTEX_POINT('',#2356);
#2356 = CARTESIAN_POINT('',(550.27393134331,173.49991154669,-12.7));
#2357 = CIRCLE('',#2358,3.174);
#2358 = AXIS2_PLACEMENT_3D('',#2359,#2360,#2361);
#2359 = CARTESIAN_POINT('',(549.55282420349,176.59091146469,-12.7));
#2360 = DIRECTION('',(0.,0.,1.));
#2361 = DIRECTION('',(1.,0.,0.));
#2362 = ORIENTED_EDGE('',*,*,#2363,.F.);
#2363 = EDGE_CURVE('',#2364,#2355,#2366,.T.);
#2364 = VERTEX_POINT('',#2365);
#2365 = CARTESIAN_POINT('',(549.55282420349,173.41691146469,-12.7));
#2366 = CIRCLE('',#2367,3.174);
#2367 = AXIS2_PLACEMENT_3D('',#2368,#2369,#2370);
#2368 = CARTESIAN_POINT('',(549.55282420349,176.59091146469,-12.7));
#2369 = DIRECTION('',(0.,0.,1.));
#2370 = DIRECTION('',(1.,0.,0.));
#2371 = ORIENTED_EDGE('',*,*,#2372,.F.);
#2372 = EDGE_CURVE('',#2373,#2364,#2375,.T.);
#2373 = VERTEX_POINT('',#2374);
#2374 = CARTESIAN_POINT('',(541.49732365417,173.41691146469,-12.7));
#2375 = LINE('',#2376,#2377);
#2376 = CARTESIAN_POINT('',(277.95091210174,173.41691146469,-12.7));
#2377 = VECTOR('',#2378,1.);
#2378 = DIRECTION('',(1.,0.,0.));
#2379 = ORIENTED_EDGE('',*,*,#2380,.T.);
#2380 = EDGE_CURVE('',#2373,#2381,#2383,.T.);
#2381 = VERTEX_POINT('',#2382);
#2382 = CARTESIAN_POINT('',(541.49732365417,161.96155950927,-12.7));
#2383 = LINE('',#2384,#2385);
#2384 = CARTESIAN_POINT('',(541.49732365417,89.331279563904,-12.7));
#2385 = VECTOR('',#2386,1.);
#2386 = DIRECTION('',(0.,-1.,0.));
#2387 = ORIENTED_EDGE('',*,*,#2388,.F.);
#2388 = EDGE_CURVE('',#2389,#2381,#2391,.T.);
#2389 = VERTEX_POINT('',#2390);
#2390 = CARTESIAN_POINT('',(538.32332365417,158.78755950927,-12.7));
#2391 = CIRCLE('',#2392,3.174);
#2392 = AXIS2_PLACEMENT_3D('',#2393,#2394,#2395);
#2393 = CARTESIAN_POINT('',(538.32332365417,161.96155950927,-12.7));
#2394 = DIRECTION('',(0.,0.,1.));
#2395 = DIRECTION('',(1.,0.,0.));
#2396 = ORIENTED_EDGE('',*,*,#2397,.F.);
#2397 = EDGE_CURVE('',#2398,#2389,#2400,.T.);
#2398 = VERTEX_POINT('',#2399);
#2399 = CARTESIAN_POINT('',(509.98049819183,158.78755950927,-12.7));
#2400 = LINE('',#2401,#2402);
#2401 = CARTESIAN_POINT('',(272.33616182708,158.78755950927,-12.7));
#2402 = VECTOR('',#2403,1.);
#2403 = DIRECTION('',(1.,0.,0.));
#2404 = ORIENTED_EDGE('',*,*,#2405,.F.);
#2405 = EDGE_CURVE('',#2288,#2398,#2406,.T.);
#2406 = CIRCLE('',#2407,3.174);
#2407 = AXIS2_PLACEMENT_3D('',#2408,#2409,#2410);
#2408 = CARTESIAN_POINT('',(509.98049819183,161.96155950927,-12.7));
#2409 = DIRECTION('',(0.,0.,1.));
#2410 = DIRECTION('',(-1.,0.,0.));
#2411 = FACE_BOUND('',#2412,.T.);
#2412 = EDGE_LOOP('',(#2413,#2423,#2432,#2440,#2448,#2457,#2465,#2474,
    #2482,#2491,#2500,#2508,#2516,#2525,#2533));
#2413 = ORIENTED_EDGE('',*,*,#2414,.F.);
#2414 = EDGE_CURVE('',#2415,#2417,#2419,.T.);
#2415 = VERTEX_POINT('',#2416);
#2416 = CARTESIAN_POINT('',(506.80649819183,144.0135591278,-12.7));
#2417 = VERTEX_POINT('',#2418);
#2418 = CARTESIAN_POINT('',(506.80649819183,120.96155950927,-12.7));
#2419 = LINE('',#2420,#2421);
#2420 = CARTESIAN_POINT('',(506.80649819183,68.831279563904,-12.7));
#2421 = VECTOR('',#2422,1.);
#2422 = DIRECTION('',(0.,-1.,0.));
#2423 = ORIENTED_EDGE('',*,*,#2424,.F.);
#2424 = EDGE_CURVE('',#2425,#2415,#2427,.T.);
#2425 = VERTEX_POINT('',#2426);
#2426 = CARTESIAN_POINT('',(509.98049819183,147.1875591278,-12.7));
#2427 = CIRCLE('',#2428,3.174);
#2428 = AXIS2_PLACEMENT_3D('',#2429,#2430,#2431);
#2429 = CARTESIAN_POINT('',(509.98049819183,144.0135591278,-12.7));
#2430 = DIRECTION('',(0.,-0.,1.));
#2431 = DIRECTION('',(0.,1.,0.));
#2432 = ORIENTED_EDGE('',*,*,#2433,.T.);
#2433 = EDGE_CURVE('',#2425,#2434,#2436,.T.);
#2434 = VERTEX_POINT('',#2435);
#2435 = CARTESIAN_POINT('',(530.7168239746,147.1875591278,-12.7));
#2436 = LINE('',#2437,#2438);
#2437 = CARTESIAN_POINT('',(272.33616182708,147.1875591278,-12.7));
#2438 = VECTOR('',#2439,1.);
#2439 = DIRECTION('',(1.,0.,0.));
#2440 = ORIENTED_EDGE('',*,*,#2441,.F.);
#2441 = EDGE_CURVE('',#2442,#2434,#2444,.T.);
#2442 = VERTEX_POINT('',#2443);
#2443 = CARTESIAN_POINT('',(530.7168239746,149.22091162872,-12.7));
#2444 = LINE('',#2445,#2446);
#2445 = CARTESIAN_POINT('',(530.7168239746,71.434955814362,-12.7));
#2446 = VECTOR('',#2447,1.);
#2447 = DIRECTION('',(0.,-1.,0.));
#2448 = ORIENTED_EDGE('',*,*,#2449,.F.);
#2449 = EDGE_CURVE('',#2450,#2442,#2452,.T.);
#2450 = VERTEX_POINT('',#2451);
#2451 = CARTESIAN_POINT('',(533.8908239746,152.39491162872,-12.7));
#2452 = CIRCLE('',#2453,3.174);
#2453 = AXIS2_PLACEMENT_3D('',#2454,#2455,#2456);
#2454 = CARTESIAN_POINT('',(533.8908239746,149.22091162872,-12.7));
#2455 = DIRECTION('',(0.,-0.,1.));
#2456 = DIRECTION('',(0.,1.,0.));
#2457 = ORIENTED_EDGE('',*,*,#2458,.T.);
#2458 = EDGE_CURVE('',#2450,#2459,#2461,.T.);
#2459 = VERTEX_POINT('',#2460);
#2460 = CARTESIAN_POINT('',(549.55282420349,152.39491162872,-12.7));
#2461 = LINE('',#2462,#2463);
#2462 = CARTESIAN_POINT('',(277.95091210174,152.39491162872,-12.7));
#2463 = VECTOR('',#2464,1.);
#2464 = DIRECTION('',(1.,0.,0.));
#2465 = ORIENTED_EDGE('',*,*,#2466,.F.);
#2466 = EDGE_CURVE('',#2467,#2459,#2469,.T.);
#2467 = VERTEX_POINT('',#2468);
#2468 = CARTESIAN_POINT('',(552.72682420349,149.22091162872,-12.7));
#2469 = CIRCLE('',#2470,3.174);
#2470 = AXIS2_PLACEMENT_3D('',#2471,#2472,#2473);
#2471 = CARTESIAN_POINT('',(549.55282420349,149.22091162872,-12.7));
#2472 = DIRECTION('',(0.,0.,1.));
#2473 = DIRECTION('',(1.,0.,0.));
#2474 = ORIENTED_EDGE('',*,*,#2475,.T.);
#2475 = EDGE_CURVE('',#2467,#2476,#2478,.T.);
#2476 = VERTEX_POINT('',#2477);
#2477 = CARTESIAN_POINT('',(552.72682420349,135.59091146469,-12.7));
#2478 = LINE('',#2479,#2480);
#2479 = CARTESIAN_POINT('',(552.72682420349,71.434955814362,-12.7));
#2480 = VECTOR('',#2481,1.);
#2481 = DIRECTION('',(0.,-1.,0.));
#2482 = ORIENTED_EDGE('',*,*,#2483,.F.);
#2483 = EDGE_CURVE('',#2484,#2476,#2486,.T.);
#2484 = VERTEX_POINT('',#2485);
#2485 = CARTESIAN_POINT('',(550.27393134327,132.4999115467,-12.7));
#2486 = CIRCLE('',#2487,3.174);
#2487 = AXIS2_PLACEMENT_3D('',#2488,#2489,#2490);
#2488 = CARTESIAN_POINT('',(549.55282420349,135.59091146469,-12.7));
#2489 = DIRECTION('',(0.,0.,1.));
#2490 = DIRECTION('',(1.,0.,0.));
#2491 = ORIENTED_EDGE('',*,*,#2492,.F.);
#2492 = EDGE_CURVE('',#2493,#2484,#2495,.T.);
#2493 = VERTEX_POINT('',#2494);
#2494 = CARTESIAN_POINT('',(549.55282420349,132.41691146469,-12.7));
#2495 = CIRCLE('',#2496,3.174);
#2496 = AXIS2_PLACEMENT_3D('',#2497,#2498,#2499);
#2497 = CARTESIAN_POINT('',(549.55282420349,135.59091146469,-12.7));
#2498 = DIRECTION('',(0.,0.,1.));
#2499 = DIRECTION('',(1.,0.,0.));
#2500 = ORIENTED_EDGE('',*,*,#2501,.F.);
#2501 = EDGE_CURVE('',#2502,#2493,#2504,.T.);
#2502 = VERTEX_POINT('',#2503);
#2503 = CARTESIAN_POINT('',(541.49732365417,132.41691146469,-12.7));
#2504 = LINE('',#2505,#2506);
#2505 = CARTESIAN_POINT('',(277.95091210174,132.41691146469,-12.7));
#2506 = VECTOR('',#2507,1.);
#2507 = DIRECTION('',(1.,0.,0.));
#2508 = ORIENTED_EDGE('',*,*,#2509,.T.);
#2509 = EDGE_CURVE('',#2502,#2510,#2512,.T.);
#2510 = VERTEX_POINT('',#2511);
#2511 = CARTESIAN_POINT('',(541.49732365417,120.96155950927,-12.7));
#2512 = LINE('',#2513,#2514);
#2513 = CARTESIAN_POINT('',(541.49732365417,68.831279563904,-12.7));
#2514 = VECTOR('',#2515,1.);
#2515 = DIRECTION('',(0.,-1.,0.));
#2516 = ORIENTED_EDGE('',*,*,#2517,.F.);
#2517 = EDGE_CURVE('',#2518,#2510,#2520,.T.);
#2518 = VERTEX_POINT('',#2519);
#2519 = CARTESIAN_POINT('',(538.32332365417,117.78755950927,-12.7));
#2520 = CIRCLE('',#2521,3.174);
#2521 = AXIS2_PLACEMENT_3D('',#2522,#2523,#2524);
#2522 = CARTESIAN_POINT('',(538.32332365417,120.96155950927,-12.7));
#2523 = DIRECTION('',(0.,0.,1.));
#2524 = DIRECTION('',(1.,0.,0.));
#2525 = ORIENTED_EDGE('',*,*,#2526,.F.);
#2526 = EDGE_CURVE('',#2527,#2518,#2529,.T.);
#2527 = VERTEX_POINT('',#2528);
#2528 = CARTESIAN_POINT('',(509.98049819183,117.78755950927,-12.7));
#2529 = LINE('',#2530,#2531);
#2530 = CARTESIAN_POINT('',(272.33616182708,117.78755950927,-12.7));
#2531 = VECTOR('',#2532,1.);
#2532 = DIRECTION('',(1.,0.,0.));
#2533 = ORIENTED_EDGE('',*,*,#2534,.F.);
#2534 = EDGE_CURVE('',#2417,#2527,#2535,.T.);
#2535 = CIRCLE('',#2536,3.174);
#2536 = AXIS2_PLACEMENT_3D('',#2537,#2538,#2539);
#2537 = CARTESIAN_POINT('',(509.98049819183,120.96155950927,-12.7));
#2538 = DIRECTION('',(0.,0.,1.));
#2539 = DIRECTION('',(-1.,0.,0.));
#2540 = FACE_BOUND('',#2541,.T.);
#2541 = EDGE_LOOP('',(#2542,#2552,#2561,#2569,#2577,#2586,#2594,#2603,
    #2611,#2620,#2629,#2637,#2645,#2654,#2662));
#2542 = ORIENTED_EDGE('',*,*,#2543,.F.);
#2543 = EDGE_CURVE('',#2544,#2546,#2548,.T.);
#2544 = VERTEX_POINT('',#2545);
#2545 = CARTESIAN_POINT('',(506.80649819183,226.0135591278,-12.7));
#2546 = VERTEX_POINT('',#2547);
#2547 = CARTESIAN_POINT('',(506.80649819183,202.96155950927,-12.7));
#2548 = LINE('',#2549,#2550);
#2549 = CARTESIAN_POINT('',(506.80649819183,109.8312795639,-12.7));
#2550 = VECTOR('',#2551,1.);
#2551 = DIRECTION('',(0.,-1.,0.));
#2552 = ORIENTED_EDGE('',*,*,#2553,.F.);
#2553 = EDGE_CURVE('',#2554,#2544,#2556,.T.);
#2554 = VERTEX_POINT('',#2555);
#2555 = CARTESIAN_POINT('',(509.98049819183,229.1875591278,-12.7));
#2556 = CIRCLE('',#2557,3.174);
#2557 = AXIS2_PLACEMENT_3D('',#2558,#2559,#2560);
#2558 = CARTESIAN_POINT('',(509.98049819183,226.0135591278,-12.7));
#2559 = DIRECTION('',(0.,-0.,1.));
#2560 = DIRECTION('',(0.,1.,0.));
#2561 = ORIENTED_EDGE('',*,*,#2562,.T.);
#2562 = EDGE_CURVE('',#2554,#2563,#2565,.T.);
#2563 = VERTEX_POINT('',#2564);
#2564 = CARTESIAN_POINT('',(530.7168239746,229.1875591278,-12.7));
#2565 = LINE('',#2566,#2567);
#2566 = CARTESIAN_POINT('',(272.33616182708,229.1875591278,-12.7));
#2567 = VECTOR('',#2568,1.);
#2568 = DIRECTION('',(1.,0.,0.));
#2569 = ORIENTED_EDGE('',*,*,#2570,.F.);
#2570 = EDGE_CURVE('',#2571,#2563,#2573,.T.);
#2571 = VERTEX_POINT('',#2572);
#2572 = CARTESIAN_POINT('',(530.7168239746,231.22091162872,-12.7));
#2573 = LINE('',#2574,#2575);
#2574 = CARTESIAN_POINT('',(530.7168239746,112.43495581436,-12.7));
#2575 = VECTOR('',#2576,1.);
#2576 = DIRECTION('',(0.,-1.,0.));
#2577 = ORIENTED_EDGE('',*,*,#2578,.F.);
#2578 = EDGE_CURVE('',#2579,#2571,#2581,.T.);
#2579 = VERTEX_POINT('',#2580);
#2580 = CARTESIAN_POINT('',(533.8908239746,234.39491162872,-12.7));
#2581 = CIRCLE('',#2582,3.174);
#2582 = AXIS2_PLACEMENT_3D('',#2583,#2584,#2585);
#2583 = CARTESIAN_POINT('',(533.8908239746,231.22091162872,-12.7));
#2584 = DIRECTION('',(0.,-0.,1.));
#2585 = DIRECTION('',(0.,1.,0.));
#2586 = ORIENTED_EDGE('',*,*,#2587,.T.);
#2587 = EDGE_CURVE('',#2579,#2588,#2590,.T.);
#2588 = VERTEX_POINT('',#2589);
#2589 = CARTESIAN_POINT('',(549.55282420349,234.39491162872,-12.7));
#2590 = LINE('',#2591,#2592);
#2591 = CARTESIAN_POINT('',(277.95091210174,234.39491162872,-12.7));
#2592 = VECTOR('',#2593,1.);
#2593 = DIRECTION('',(1.,0.,0.));
#2594 = ORIENTED_EDGE('',*,*,#2595,.F.);
#2595 = EDGE_CURVE('',#2596,#2588,#2598,.T.);
#2596 = VERTEX_POINT('',#2597);
#2597 = CARTESIAN_POINT('',(552.72682420349,231.22091162872,-12.7));
#2598 = CIRCLE('',#2599,3.174);
#2599 = AXIS2_PLACEMENT_3D('',#2600,#2601,#2602);
#2600 = CARTESIAN_POINT('',(549.55282420349,231.22091162872,-12.7));
#2601 = DIRECTION('',(0.,0.,1.));
#2602 = DIRECTION('',(1.,0.,0.));
#2603 = ORIENTED_EDGE('',*,*,#2604,.T.);
#2604 = EDGE_CURVE('',#2596,#2605,#2607,.T.);
#2605 = VERTEX_POINT('',#2606);
#2606 = CARTESIAN_POINT('',(552.72682420349,217.59091146469,-12.7));
#2607 = LINE('',#2608,#2609);
#2608 = CARTESIAN_POINT('',(552.72682420349,112.43495581436,-12.7));
#2609 = VECTOR('',#2610,1.);
#2610 = DIRECTION('',(0.,-1.,0.));
#2611 = ORIENTED_EDGE('',*,*,#2612,.F.);
#2612 = EDGE_CURVE('',#2613,#2605,#2615,.T.);
#2613 = VERTEX_POINT('',#2614);
#2614 = CARTESIAN_POINT('',(550.27393134327,214.4999115467,-12.7));
#2615 = CIRCLE('',#2616,3.174);
#2616 = AXIS2_PLACEMENT_3D('',#2617,#2618,#2619);
#2617 = CARTESIAN_POINT('',(549.55282420349,217.59091146469,-12.7));
#2618 = DIRECTION('',(0.,0.,1.));
#2619 = DIRECTION('',(1.,0.,0.));
#2620 = ORIENTED_EDGE('',*,*,#2621,.F.);
#2621 = EDGE_CURVE('',#2622,#2613,#2624,.T.);
#2622 = VERTEX_POINT('',#2623);
#2623 = CARTESIAN_POINT('',(549.55282420349,214.41691146469,-12.7));
#2624 = CIRCLE('',#2625,3.174);
#2625 = AXIS2_PLACEMENT_3D('',#2626,#2627,#2628);
#2626 = CARTESIAN_POINT('',(549.55282420349,217.59091146469,-12.7));
#2627 = DIRECTION('',(0.,0.,1.));
#2628 = DIRECTION('',(1.,0.,0.));
#2629 = ORIENTED_EDGE('',*,*,#2630,.F.);
#2630 = EDGE_CURVE('',#2631,#2622,#2633,.T.);
#2631 = VERTEX_POINT('',#2632);
#2632 = CARTESIAN_POINT('',(541.49732365417,214.41691146469,-12.7));
#2633 = LINE('',#2634,#2635);
#2634 = CARTESIAN_POINT('',(277.95091210174,214.41691146469,-12.7));
#2635 = VECTOR('',#2636,1.);
#2636 = DIRECTION('',(1.,0.,0.));
#2637 = ORIENTED_EDGE('',*,*,#2638,.T.);
#2638 = EDGE_CURVE('',#2631,#2639,#2641,.T.);
#2639 = VERTEX_POINT('',#2640);
#2640 = CARTESIAN_POINT('',(541.49732365417,202.96155950927,-12.7));
#2641 = LINE('',#2642,#2643);
#2642 = CARTESIAN_POINT('',(541.49732365417,109.8312795639,-12.7));
#2643 = VECTOR('',#2644,1.);
#2644 = DIRECTION('',(0.,-1.,0.));
#2645 = ORIENTED_EDGE('',*,*,#2646,.F.);
#2646 = EDGE_CURVE('',#2647,#2639,#2649,.T.);
#2647 = VERTEX_POINT('',#2648);
#2648 = CARTESIAN_POINT('',(538.32332365417,199.78755950927,-12.7));
#2649 = CIRCLE('',#2650,3.174);
#2650 = AXIS2_PLACEMENT_3D('',#2651,#2652,#2653);
#2651 = CARTESIAN_POINT('',(538.32332365417,202.96155950927,-12.7));
#2652 = DIRECTION('',(0.,0.,1.));
#2653 = DIRECTION('',(1.,0.,0.));
#2654 = ORIENTED_EDGE('',*,*,#2655,.F.);
#2655 = EDGE_CURVE('',#2656,#2647,#2658,.T.);
#2656 = VERTEX_POINT('',#2657);
#2657 = CARTESIAN_POINT('',(509.98049819183,199.78755950927,-12.7));
#2658 = LINE('',#2659,#2660);
#2659 = CARTESIAN_POINT('',(272.33616182708,199.78755950927,-12.7));
#2660 = VECTOR('',#2661,1.);
#2661 = DIRECTION('',(1.,0.,0.));
#2662 = ORIENTED_EDGE('',*,*,#2663,.F.);
#2663 = EDGE_CURVE('',#2546,#2656,#2664,.T.);
#2664 = CIRCLE('',#2665,3.174);
#2665 = AXIS2_PLACEMENT_3D('',#2666,#2667,#2668);
#2666 = CARTESIAN_POINT('',(509.98049819183,202.96155950927,-12.7));
#2667 = DIRECTION('',(0.,0.,1.));
#2668 = DIRECTION('',(-1.,0.,0.));
#2669 = FACE_BOUND('',#2670,.T.);
#2670 = EDGE_LOOP('',(#2671,#2681,#2690,#2698,#2707,#2715,#2724,#2732));
#2671 = ORIENTED_EDGE('',*,*,#2672,.F.);
#2672 = EDGE_CURVE('',#2673,#2675,#2677,.T.);
#2673 = VERTEX_POINT('',#2674);
#2674 = CARTESIAN_POINT('',(287.21103791041,35.73692472245,-12.7));
#2675 = VERTEX_POINT('',#2676);
#2676 = CARTESIAN_POINT('',(287.99940368821,-5.907613735796,-12.7));
#2677 = LINE('',#2678,#2679);
#2678 = CARTESIAN_POINT('',(287.15096221227,38.910356131902,-12.7));
#2679 = VECTOR('',#2680,1.);
#2680 = DIRECTION('',(1.89274411266E-02,-0.999820859941,0.));
#2681 = ORIENTED_EDGE('',*,*,#2682,.F.);
#2682 = EDGE_CURVE('',#2683,#2673,#2685,.T.);
#2683 = VERTEX_POINT('',#2684);
#2684 = CARTESIAN_POINT('',(290.32439362172,38.970431830038,-12.7));
#2685 = CIRCLE('',#2686,3.174);
#2686 = AXIS2_PLACEMENT_3D('',#2687,#2688,#2689);
#2687 = CARTESIAN_POINT('',(290.38446931986,35.797000420586,-12.7));
#2688 = DIRECTION('',(0.,0.,1.));
#2689 = DIRECTION('',(-1.89274411266E-02,0.999820859941,0.));
#2690 = ORIENTED_EDGE('',*,*,#2691,.F.);
#2691 = EDGE_CURVE('',#2692,#2683,#2694,.T.);
#2692 = VERTEX_POINT('',#2693);
#2693 = CARTESIAN_POINT('',(306.97341058146,39.285611579678,-12.7));
#2694 = LINE('',#2695,#2696);
#2695 = CARTESIAN_POINT('',(310.14684199091,39.345687277814,-12.7));
#2696 = VECTOR('',#2697,1.);
#2697 = DIRECTION('',(-0.999820859941,-1.89274411266E-02,0.));
#2698 = ORIENTED_EDGE('',*,*,#2699,.F.);
#2699 = EDGE_CURVE('',#2700,#2692,#2702,.T.);
#2700 = VERTEX_POINT('',#2701);
#2701 = CARTESIAN_POINT('',(310.20691768904,36.172255868362,-12.7));
#2702 = CIRCLE('',#2703,3.174);
#2703 = AXIS2_PLACEMENT_3D('',#2704,#2705,#2706);
#2704 = CARTESIAN_POINT('',(307.03348627959,36.112180170226,-12.7));
#2705 = DIRECTION('',(0.,0.,1.));
#2706 = DIRECTION('',(-1.89274411266E-02,0.999820859941,0.));
#2707 = ORIENTED_EDGE('',*,*,#2708,.T.);
#2708 = EDGE_CURVE('',#2700,#2709,#2711,.T.);
#2709 = VERTEX_POINT('',#2710);
#2710 = CARTESIAN_POINT('',(310.99528346685,-5.472282589884,-12.7));
#2711 = LINE('',#2712,#2713);
#2712 = CARTESIAN_POINT('',(310.14684199091,39.345687277814,-12.7));
#2713 = VECTOR('',#2714,1.);
#2714 = DIRECTION('',(1.89274411266E-02,-0.999820859941,0.));
#2715 = ORIENTED_EDGE('',*,*,#2716,.T.);
#2716 = EDGE_CURVE('',#2709,#2717,#2719,.T.);
#2717 = VERTEX_POINT('',#2718);
#2718 = CARTESIAN_POINT('',(307.88192775553,-8.705789697472,-12.7));
#2719 = CIRCLE('',#2720,3.174);
#2720 = AXIS2_PLACEMENT_3D('',#2721,#2722,#2723);
#2721 = CARTESIAN_POINT('',(307.8218520574,-5.53235828802,-12.7));
#2722 = DIRECTION('',(0.,0.,-1.));
#2723 = DIRECTION('',(-1.89274411266E-02,0.999820859941,0.));
#2724 = ORIENTED_EDGE('',*,*,#2725,.T.);
#2725 = EDGE_CURVE('',#2717,#2726,#2728,.T.);
#2726 = VERTEX_POINT('',#2727);
#2727 = CARTESIAN_POINT('',(291.2329107958,-9.020969447112,-12.7));
#2728 = LINE('',#2729,#2730);
#2729 = CARTESIAN_POINT('',(311.05535916498,-8.645713999336,-12.7));
#2730 = VECTOR('',#2731,1.);
#2731 = DIRECTION('',(-0.999820859941,-1.89274411266E-02,0.));
#2732 = ORIENTED_EDGE('',*,*,#2733,.F.);
#2733 = EDGE_CURVE('',#2675,#2726,#2734,.T.);
#2734 = CIRCLE('',#2735,3.174);
#2735 = AXIS2_PLACEMENT_3D('',#2736,#2737,#2738);
#2736 = CARTESIAN_POINT('',(291.17283509767,-5.84753803766,-12.7));
#2737 = DIRECTION('',(0.,0.,1.));
#2738 = DIRECTION('',(-1.89274411266E-02,0.999820859941,0.));
#2739 = FACE_BOUND('',#2740,.T.);
#2740 = EDGE_LOOP('',(#2741,#2751,#2760,#2768,#2777,#2785,#2794,#2802));
#2741 = ORIENTED_EDGE('',*,*,#2742,.F.);
#2742 = EDGE_CURVE('',#2743,#2745,#2747,.T.);
#2743 = VERTEX_POINT('',#2744);
#2744 = CARTESIAN_POINT('',(150.826,327.397,-12.7));
#2745 = VERTEX_POINT('',#2746);
#2746 = CARTESIAN_POINT('',(109.174,327.397,-12.7));
#2747 = LINE('',#2748,#2749);
#2748 = CARTESIAN_POINT('',(154.,327.397,-12.7));
#2749 = VECTOR('',#2750,1.);
#2750 = DIRECTION('',(-1.,0.,0.));
#2751 = ORIENTED_EDGE('',*,*,#2752,.F.);
#2752 = EDGE_CURVE('',#2753,#2743,#2755,.T.);
#2753 = VERTEX_POINT('',#2754);
#2754 = CARTESIAN_POINT('',(154.,324.223,-12.7));
#2755 = CIRCLE('',#2756,3.174);
#2756 = AXIS2_PLACEMENT_3D('',#2757,#2758,#2759);
#2757 = CARTESIAN_POINT('',(150.826,324.223,-12.7));
#2758 = DIRECTION('',(0.,0.,1.));
#2759 = DIRECTION('',(1.,0.,0.));
#2760 = ORIENTED_EDGE('',*,*,#2761,.F.);
#2761 = EDGE_CURVE('',#2762,#2753,#2764,.T.);
#2762 = VERTEX_POINT('',#2763);
#2763 = CARTESIAN_POINT('',(154.,307.571,-12.7));
#2764 = LINE('',#2765,#2766);
#2765 = CARTESIAN_POINT('',(154.,304.397,-12.7));
#2766 = VECTOR('',#2767,1.);
#2767 = DIRECTION('',(0.,1.,0.));
#2768 = ORIENTED_EDGE('',*,*,#2769,.F.);
#2769 = EDGE_CURVE('',#2770,#2762,#2772,.T.);
#2770 = VERTEX_POINT('',#2771);
#2771 = CARTESIAN_POINT('',(150.826,304.397,-12.7));
#2772 = CIRCLE('',#2773,3.174);
#2773 = AXIS2_PLACEMENT_3D('',#2774,#2775,#2776);
#2774 = CARTESIAN_POINT('',(150.826,307.571,-12.7));
#2775 = DIRECTION('',(0.,0.,1.));
#2776 = DIRECTION('',(1.,0.,0.));
#2777 = ORIENTED_EDGE('',*,*,#2778,.T.);
#2778 = EDGE_CURVE('',#2770,#2779,#2781,.T.);
#2779 = VERTEX_POINT('',#2780);
#2780 = CARTESIAN_POINT('',(109.174,304.397,-12.7));
#2781 = LINE('',#2782,#2783);
#2782 = CARTESIAN_POINT('',(154.,304.397,-12.7));
#2783 = VECTOR('',#2784,1.);
#2784 = DIRECTION('',(-1.,0.,0.));
#2785 = ORIENTED_EDGE('',*,*,#2786,.T.);
#2786 = EDGE_CURVE('',#2779,#2787,#2789,.T.);
#2787 = VERTEX_POINT('',#2788);
#2788 = CARTESIAN_POINT('',(106.,307.571,-12.7));
#2789 = CIRCLE('',#2790,3.174);
#2790 = AXIS2_PLACEMENT_3D('',#2791,#2792,#2793);
#2791 = CARTESIAN_POINT('',(109.174,307.571,-12.7));
#2792 = DIRECTION('',(0.,0.,-1.));
#2793 = DIRECTION('',(1.,0.,0.));
#2794 = ORIENTED_EDGE('',*,*,#2795,.T.);
#2795 = EDGE_CURVE('',#2787,#2796,#2798,.T.);
#2796 = VERTEX_POINT('',#2797);
#2797 = CARTESIAN_POINT('',(106.,324.223,-12.7));
#2798 = LINE('',#2799,#2800);
#2799 = CARTESIAN_POINT('',(106.,304.397,-12.7));
#2800 = VECTOR('',#2801,1.);
#2801 = DIRECTION('',(0.,1.,0.));
#2802 = ORIENTED_EDGE('',*,*,#2803,.F.);
#2803 = EDGE_CURVE('',#2745,#2796,#2804,.T.);
#2804 = CIRCLE('',#2805,3.174);
#2805 = AXIS2_PLACEMENT_3D('',#2806,#2807,#2808);
#2806 = CARTESIAN_POINT('',(109.174,324.223,-12.7));
#2807 = DIRECTION('',(0.,0.,1.));
#2808 = DIRECTION('',(1.,0.,0.));
#2809 = FACE_BOUND('',#2810,.T.);
#2810 = EDGE_LOOP('',(#2811,#2821,#2830,#2838,#2847,#2855,#2864,#2872));
#2811 = ORIENTED_EDGE('',*,*,#2812,.F.);
#2812 = EDGE_CURVE('',#2813,#2815,#2817,.T.);
#2813 = VERTEX_POINT('',#2814);
#2814 = CARTESIAN_POINT('',(456.297,193.674,-12.7));
#2815 = VERTEX_POINT('',#2816);
#2816 = CARTESIAN_POINT('',(456.297,235.326,-12.7));
#2817 = LINE('',#2818,#2819);
#2818 = CARTESIAN_POINT('',(456.297,190.5,-12.7));
#2819 = VECTOR('',#2820,1.);
#2820 = DIRECTION('',(0.,1.,0.));
#2821 = ORIENTED_EDGE('',*,*,#2822,.F.);
#2822 = EDGE_CURVE('',#2823,#2813,#2825,.T.);
#2823 = VERTEX_POINT('',#2824);
#2824 = CARTESIAN_POINT('',(453.123,190.5,-12.7));
#2825 = CIRCLE('',#2826,3.174);
#2826 = AXIS2_PLACEMENT_3D('',#2827,#2828,#2829);
#2827 = CARTESIAN_POINT('',(453.123,193.674,-12.7));
#2828 = DIRECTION('',(-0.,0.,1.));
#2829 = DIRECTION('',(0.,-1.,0.));
#2830 = ORIENTED_EDGE('',*,*,#2831,.F.);
#2831 = EDGE_CURVE('',#2832,#2823,#2834,.T.);
#2832 = VERTEX_POINT('',#2833);
#2833 = CARTESIAN_POINT('',(436.471,190.5,-12.7));
#2834 = LINE('',#2835,#2836);
#2835 = CARTESIAN_POINT('',(433.297,190.5,-12.7));
#2836 = VECTOR('',#2837,1.);
#2837 = DIRECTION('',(1.,0.,0.));
#2838 = ORIENTED_EDGE('',*,*,#2839,.F.);
#2839 = EDGE_CURVE('',#2840,#2832,#2842,.T.);
#2840 = VERTEX_POINT('',#2841);
#2841 = CARTESIAN_POINT('',(433.297,193.674,-12.7));
#2842 = CIRCLE('',#2843,3.174);
#2843 = AXIS2_PLACEMENT_3D('',#2844,#2845,#2846);
#2844 = CARTESIAN_POINT('',(436.471,193.674,-12.7));
#2845 = DIRECTION('',(-0.,0.,1.));
#2846 = DIRECTION('',(0.,-1.,0.));
#2847 = ORIENTED_EDGE('',*,*,#2848,.T.);
#2848 = EDGE_CURVE('',#2840,#2849,#2851,.T.);
#2849 = VERTEX_POINT('',#2850);
#2850 = CARTESIAN_POINT('',(433.297,235.326,-12.7));
#2851 = LINE('',#2852,#2853);
#2852 = CARTESIAN_POINT('',(433.297,190.5,-12.7));
#2853 = VECTOR('',#2854,1.);
#2854 = DIRECTION('',(0.,1.,0.));
#2855 = ORIENTED_EDGE('',*,*,#2856,.T.);
#2856 = EDGE_CURVE('',#2849,#2857,#2859,.T.);
#2857 = VERTEX_POINT('',#2858);
#2858 = CARTESIAN_POINT('',(436.471,238.5,-12.7));
#2859 = CIRCLE('',#2860,3.174);
#2860 = AXIS2_PLACEMENT_3D('',#2861,#2862,#2863);
#2861 = CARTESIAN_POINT('',(436.471,235.326,-12.7));
#2862 = DIRECTION('',(-0.,-0.,-1.));
#2863 = DIRECTION('',(0.,-1.,0.));
#2864 = ORIENTED_EDGE('',*,*,#2865,.T.);
#2865 = EDGE_CURVE('',#2857,#2866,#2868,.T.);
#2866 = VERTEX_POINT('',#2867);
#2867 = CARTESIAN_POINT('',(453.123,238.5,-12.7));
#2868 = LINE('',#2869,#2870);
#2869 = CARTESIAN_POINT('',(433.297,238.5,-12.7));
#2870 = VECTOR('',#2871,1.);
#2871 = DIRECTION('',(1.,0.,0.));
#2872 = ORIENTED_EDGE('',*,*,#2873,.F.);
#2873 = EDGE_CURVE('',#2815,#2866,#2874,.T.);
#2874 = CIRCLE('',#2875,3.174);
#2875 = AXIS2_PLACEMENT_3D('',#2876,#2877,#2878);
#2876 = CARTESIAN_POINT('',(453.123,235.326,-12.7));
#2877 = DIRECTION('',(-0.,0.,1.));
#2878 = DIRECTION('',(0.,-1.,0.));
#2879 = FACE_BOUND('',#2880,.T.);
#2880 = EDGE_LOOP('',(#2881,#2891,#2900,#2908,#2917,#2925,#2934,#2942));
#2881 = ORIENTED_EDGE('',*,*,#2882,.F.);
#2882 = EDGE_CURVE('',#2883,#2885,#2887,.T.);
#2883 = VERTEX_POINT('',#2884);
#2884 = CARTESIAN_POINT('',(431.397,111.674,-12.7));
#2885 = VERTEX_POINT('',#2886);
#2886 = CARTESIAN_POINT('',(431.397,153.326,-12.7));
#2887 = LINE('',#2888,#2889);
#2888 = CARTESIAN_POINT('',(431.397,108.5,-12.7));
#2889 = VECTOR('',#2890,1.);
#2890 = DIRECTION('',(0.,1.,0.));
#2891 = ORIENTED_EDGE('',*,*,#2892,.F.);
#2892 = EDGE_CURVE('',#2893,#2883,#2895,.T.);
#2893 = VERTEX_POINT('',#2894);
#2894 = CARTESIAN_POINT('',(428.223,108.5,-12.7));
#2895 = CIRCLE('',#2896,3.174);
#2896 = AXIS2_PLACEMENT_3D('',#2897,#2898,#2899);
#2897 = CARTESIAN_POINT('',(428.223,111.674,-12.7));
#2898 = DIRECTION('',(-0.,0.,1.));
#2899 = DIRECTION('',(0.,-1.,0.));
#2900 = ORIENTED_EDGE('',*,*,#2901,.F.);
#2901 = EDGE_CURVE('',#2902,#2893,#2904,.T.);
#2902 = VERTEX_POINT('',#2903);
#2903 = CARTESIAN_POINT('',(411.571,108.5,-12.7));
#2904 = LINE('',#2905,#2906);
#2905 = CARTESIAN_POINT('',(408.397,108.5,-12.7));
#2906 = VECTOR('',#2907,1.);
#2907 = DIRECTION('',(1.,0.,0.));
#2908 = ORIENTED_EDGE('',*,*,#2909,.F.);
#2909 = EDGE_CURVE('',#2910,#2902,#2912,.T.);
#2910 = VERTEX_POINT('',#2911);
#2911 = CARTESIAN_POINT('',(408.397,111.674,-12.7));
#2912 = CIRCLE('',#2913,3.174);
#2913 = AXIS2_PLACEMENT_3D('',#2914,#2915,#2916);
#2914 = CARTESIAN_POINT('',(411.571,111.674,-12.7));
#2915 = DIRECTION('',(-0.,0.,1.));
#2916 = DIRECTION('',(0.,-1.,0.));
#2917 = ORIENTED_EDGE('',*,*,#2918,.T.);
#2918 = EDGE_CURVE('',#2910,#2919,#2921,.T.);
#2919 = VERTEX_POINT('',#2920);
#2920 = CARTESIAN_POINT('',(408.397,153.326,-12.7));
#2921 = LINE('',#2922,#2923);
#2922 = CARTESIAN_POINT('',(408.397,108.5,-12.7));
#2923 = VECTOR('',#2924,1.);
#2924 = DIRECTION('',(0.,1.,0.));
#2925 = ORIENTED_EDGE('',*,*,#2926,.T.);
#2926 = EDGE_CURVE('',#2919,#2927,#2929,.T.);
#2927 = VERTEX_POINT('',#2928);
#2928 = CARTESIAN_POINT('',(411.571,156.5,-12.7));
#2929 = CIRCLE('',#2930,3.174);
#2930 = AXIS2_PLACEMENT_3D('',#2931,#2932,#2933);
#2931 = CARTESIAN_POINT('',(411.571,153.326,-12.7));
#2932 = DIRECTION('',(-0.,-0.,-1.));
#2933 = DIRECTION('',(0.,-1.,0.));
#2934 = ORIENTED_EDGE('',*,*,#2935,.T.);
#2935 = EDGE_CURVE('',#2927,#2936,#2938,.T.);
#2936 = VERTEX_POINT('',#2937);
#2937 = CARTESIAN_POINT('',(428.223,156.5,-12.7));
#2938 = LINE('',#2939,#2940);
#2939 = CARTESIAN_POINT('',(408.397,156.5,-12.7));
#2940 = VECTOR('',#2941,1.);
#2941 = DIRECTION('',(1.,0.,0.));
#2942 = ORIENTED_EDGE('',*,*,#2943,.F.);
#2943 = EDGE_CURVE('',#2885,#2936,#2944,.T.);
#2944 = CIRCLE('',#2945,3.174);
#2945 = AXIS2_PLACEMENT_3D('',#2946,#2947,#2948);
#2946 = CARTESIAN_POINT('',(428.223,153.326,-12.7));
#2947 = DIRECTION('',(-0.,0.,1.));
#2948 = DIRECTION('',(0.,-1.,0.));
#2949 = FACE_BOUND('',#2950,.T.);
#2950 = EDGE_LOOP('',(#2951,#2961,#2970,#2978,#2987,#2995,#3004,#3012));
#2951 = ORIENTED_EDGE('',*,*,#2952,.F.);
#2952 = EDGE_CURVE('',#2953,#2955,#2957,.T.);
#2953 = VERTEX_POINT('',#2954);
#2954 = CARTESIAN_POINT('',(454.897,111.674,-12.7));
#2955 = VERTEX_POINT('',#2956);
#2956 = CARTESIAN_POINT('',(454.897,153.326,-12.7));
#2957 = LINE('',#2958,#2959);
#2958 = CARTESIAN_POINT('',(454.897,108.5,-12.7));
#2959 = VECTOR('',#2960,1.);
#2960 = DIRECTION('',(0.,1.,0.));
#2961 = ORIENTED_EDGE('',*,*,#2962,.F.);
#2962 = EDGE_CURVE('',#2963,#2953,#2965,.T.);
#2963 = VERTEX_POINT('',#2964);
#2964 = CARTESIAN_POINT('',(451.723,108.5,-12.7));
#2965 = CIRCLE('',#2966,3.174);
#2966 = AXIS2_PLACEMENT_3D('',#2967,#2968,#2969);
#2967 = CARTESIAN_POINT('',(451.723,111.674,-12.7));
#2968 = DIRECTION('',(-0.,0.,1.));
#2969 = DIRECTION('',(0.,-1.,0.));
#2970 = ORIENTED_EDGE('',*,*,#2971,.F.);
#2971 = EDGE_CURVE('',#2972,#2963,#2974,.T.);
#2972 = VERTEX_POINT('',#2973);
#2973 = CARTESIAN_POINT('',(435.071,108.5,-12.7));
#2974 = LINE('',#2975,#2976);
#2975 = CARTESIAN_POINT('',(431.897,108.5,-12.7));
#2976 = VECTOR('',#2977,1.);
#2977 = DIRECTION('',(1.,0.,0.));
#2978 = ORIENTED_EDGE('',*,*,#2979,.F.);
#2979 = EDGE_CURVE('',#2980,#2972,#2982,.T.);
#2980 = VERTEX_POINT('',#2981);
#2981 = CARTESIAN_POINT('',(431.897,111.674,-12.7));
#2982 = CIRCLE('',#2983,3.174);
#2983 = AXIS2_PLACEMENT_3D('',#2984,#2985,#2986);
#2984 = CARTESIAN_POINT('',(435.071,111.674,-12.7));
#2985 = DIRECTION('',(-0.,0.,1.));
#2986 = DIRECTION('',(0.,-1.,0.));
#2987 = ORIENTED_EDGE('',*,*,#2988,.T.);
#2988 = EDGE_CURVE('',#2980,#2989,#2991,.T.);
#2989 = VERTEX_POINT('',#2990);
#2990 = CARTESIAN_POINT('',(431.897,153.326,-12.7));
#2991 = LINE('',#2992,#2993);
#2992 = CARTESIAN_POINT('',(431.897,108.5,-12.7));
#2993 = VECTOR('',#2994,1.);
#2994 = DIRECTION('',(0.,1.,0.));
#2995 = ORIENTED_EDGE('',*,*,#2996,.T.);
#2996 = EDGE_CURVE('',#2989,#2997,#2999,.T.);
#2997 = VERTEX_POINT('',#2998);
#2998 = CARTESIAN_POINT('',(435.071,156.5,-12.7));
#2999 = CIRCLE('',#3000,3.174);
#3000 = AXIS2_PLACEMENT_3D('',#3001,#3002,#3003);
#3001 = CARTESIAN_POINT('',(435.071,153.326,-12.7));
#3002 = DIRECTION('',(-0.,-0.,-1.));
#3003 = DIRECTION('',(0.,-1.,0.));
#3004 = ORIENTED_EDGE('',*,*,#3005,.T.);
#3005 = EDGE_CURVE('',#2997,#3006,#3008,.T.);
#3006 = VERTEX_POINT('',#3007);
#3007 = CARTESIAN_POINT('',(451.723,156.5,-12.7));
#3008 = LINE('',#3009,#3010);
#3009 = CARTESIAN_POINT('',(431.897,156.5,-12.7));
#3010 = VECTOR('',#3011,1.);
#3011 = DIRECTION('',(1.,0.,0.));
#3012 = ORIENTED_EDGE('',*,*,#3013,.F.);
#3013 = EDGE_CURVE('',#2955,#3006,#3014,.T.);
#3014 = CIRCLE('',#3015,3.174);
#3015 = AXIS2_PLACEMENT_3D('',#3016,#3017,#3018);
#3016 = CARTESIAN_POINT('',(451.723,153.326,-12.7));
#3017 = DIRECTION('',(-0.,0.,1.));
#3018 = DIRECTION('',(0.,-1.,0.));
#3019 = FACE_BOUND('',#3020,.T.);
#3020 = EDGE_LOOP('',(#3021,#3031,#3040,#3048,#3057,#3065,#3074,#3082));
#3021 = ORIENTED_EDGE('',*,*,#3022,.F.);
#3022 = EDGE_CURVE('',#3023,#3025,#3027,.T.);
#3023 = VERTEX_POINT('',#3024);
#3024 = CARTESIAN_POINT('',(369.997,193.674,-12.7));
#3025 = VERTEX_POINT('',#3026);
#3026 = CARTESIAN_POINT('',(369.997,235.326,-12.7));
#3027 = LINE('',#3028,#3029);
#3028 = CARTESIAN_POINT('',(369.997,190.5,-12.7));
#3029 = VECTOR('',#3030,1.);
#3030 = DIRECTION('',(0.,1.,0.));
#3031 = ORIENTED_EDGE('',*,*,#3032,.F.);
#3032 = EDGE_CURVE('',#3033,#3023,#3035,.T.);
#3033 = VERTEX_POINT('',#3034);
#3034 = CARTESIAN_POINT('',(366.823,190.5,-12.7));
#3035 = CIRCLE('',#3036,3.174);
#3036 = AXIS2_PLACEMENT_3D('',#3037,#3038,#3039);
#3037 = CARTESIAN_POINT('',(366.823,193.674,-12.7));
#3038 = DIRECTION('',(-0.,0.,1.));
#3039 = DIRECTION('',(0.,-1.,0.));
#3040 = ORIENTED_EDGE('',*,*,#3041,.F.);
#3041 = EDGE_CURVE('',#3042,#3033,#3044,.T.);
#3042 = VERTEX_POINT('',#3043);
#3043 = CARTESIAN_POINT('',(350.171,190.5,-12.7));
#3044 = LINE('',#3045,#3046);
#3045 = CARTESIAN_POINT('',(346.997,190.5,-12.7));
#3046 = VECTOR('',#3047,1.);
#3047 = DIRECTION('',(1.,0.,0.));
#3048 = ORIENTED_EDGE('',*,*,#3049,.F.);
#3049 = EDGE_CURVE('',#3050,#3042,#3052,.T.);
#3050 = VERTEX_POINT('',#3051);
#3051 = CARTESIAN_POINT('',(346.997,193.674,-12.7));
#3052 = CIRCLE('',#3053,3.174);
#3053 = AXIS2_PLACEMENT_3D('',#3054,#3055,#3056);
#3054 = CARTESIAN_POINT('',(350.171,193.674,-12.7));
#3055 = DIRECTION('',(-0.,0.,1.));
#3056 = DIRECTION('',(0.,-1.,0.));
#3057 = ORIENTED_EDGE('',*,*,#3058,.T.);
#3058 = EDGE_CURVE('',#3050,#3059,#3061,.T.);
#3059 = VERTEX_POINT('',#3060);
#3060 = CARTESIAN_POINT('',(346.997,235.326,-12.7));
#3061 = LINE('',#3062,#3063);
#3062 = CARTESIAN_POINT('',(346.997,190.5,-12.7));
#3063 = VECTOR('',#3064,1.);
#3064 = DIRECTION('',(0.,1.,0.));
#3065 = ORIENTED_EDGE('',*,*,#3066,.T.);
#3066 = EDGE_CURVE('',#3059,#3067,#3069,.T.);
#3067 = VERTEX_POINT('',#3068);
#3068 = CARTESIAN_POINT('',(350.171,238.5,-12.7));
#3069 = CIRCLE('',#3070,3.174);
#3070 = AXIS2_PLACEMENT_3D('',#3071,#3072,#3073);
#3071 = CARTESIAN_POINT('',(350.171,235.326,-12.7));
#3072 = DIRECTION('',(-0.,-0.,-1.));
#3073 = DIRECTION('',(0.,-1.,0.));
#3074 = ORIENTED_EDGE('',*,*,#3075,.T.);
#3075 = EDGE_CURVE('',#3067,#3076,#3078,.T.);
#3076 = VERTEX_POINT('',#3077);
#3077 = CARTESIAN_POINT('',(366.823,238.5,-12.7));
#3078 = LINE('',#3079,#3080);
#3079 = CARTESIAN_POINT('',(346.997,238.5,-12.7));
#3080 = VECTOR('',#3081,1.);
#3081 = DIRECTION('',(1.,0.,0.));
#3082 = ORIENTED_EDGE('',*,*,#3083,.F.);
#3083 = EDGE_CURVE('',#3025,#3076,#3084,.T.);
#3084 = CIRCLE('',#3085,3.174);
#3085 = AXIS2_PLACEMENT_3D('',#3086,#3087,#3088);
#3086 = CARTESIAN_POINT('',(366.823,235.326,-12.7));
#3087 = DIRECTION('',(-0.,0.,1.));
#3088 = DIRECTION('',(0.,-1.,0.));
#3089 = FACE_BOUND('',#3090,.T.);
#3090 = EDGE_LOOP('',(#3091,#3101,#3110,#3118,#3127,#3135,#3144,#3152));
#3091 = ORIENTED_EDGE('',*,*,#3092,.F.);
#3092 = EDGE_CURVE('',#3093,#3095,#3097,.T.);
#3093 = VERTEX_POINT('',#3094);
#3094 = CARTESIAN_POINT('',(243.997,253.674,-12.7));
#3095 = VERTEX_POINT('',#3096);
#3096 = CARTESIAN_POINT('',(243.997,295.326,-12.7));
#3097 = LINE('',#3098,#3099);
#3098 = CARTESIAN_POINT('',(243.997,250.5,-12.7));
#3099 = VECTOR('',#3100,1.);
#3100 = DIRECTION('',(0.,1.,0.));
#3101 = ORIENTED_EDGE('',*,*,#3102,.F.);
#3102 = EDGE_CURVE('',#3103,#3093,#3105,.T.);
#3103 = VERTEX_POINT('',#3104);
#3104 = CARTESIAN_POINT('',(240.823,250.5,-12.7));
#3105 = CIRCLE('',#3106,3.174);
#3106 = AXIS2_PLACEMENT_3D('',#3107,#3108,#3109);
#3107 = CARTESIAN_POINT('',(240.823,253.674,-12.7));
#3108 = DIRECTION('',(-0.,0.,1.));
#3109 = DIRECTION('',(0.,-1.,0.));
#3110 = ORIENTED_EDGE('',*,*,#3111,.F.);
#3111 = EDGE_CURVE('',#3112,#3103,#3114,.T.);
#3112 = VERTEX_POINT('',#3113);
#3113 = CARTESIAN_POINT('',(224.171,250.5,-12.7));
#3114 = LINE('',#3115,#3116);
#3115 = CARTESIAN_POINT('',(220.997,250.5,-12.7));
#3116 = VECTOR('',#3117,1.);
#3117 = DIRECTION('',(1.,0.,0.));
#3118 = ORIENTED_EDGE('',*,*,#3119,.F.);
#3119 = EDGE_CURVE('',#3120,#3112,#3122,.T.);
#3120 = VERTEX_POINT('',#3121);
#3121 = CARTESIAN_POINT('',(220.997,253.674,-12.7));
#3122 = CIRCLE('',#3123,3.174);
#3123 = AXIS2_PLACEMENT_3D('',#3124,#3125,#3126);
#3124 = CARTESIAN_POINT('',(224.171,253.674,-12.7));
#3125 = DIRECTION('',(-0.,0.,1.));
#3126 = DIRECTION('',(0.,-1.,0.));
#3127 = ORIENTED_EDGE('',*,*,#3128,.T.);
#3128 = EDGE_CURVE('',#3120,#3129,#3131,.T.);
#3129 = VERTEX_POINT('',#3130);
#3130 = CARTESIAN_POINT('',(220.997,295.326,-12.7));
#3131 = LINE('',#3132,#3133);
#3132 = CARTESIAN_POINT('',(220.997,250.5,-12.7));
#3133 = VECTOR('',#3134,1.);
#3134 = DIRECTION('',(0.,1.,0.));
#3135 = ORIENTED_EDGE('',*,*,#3136,.T.);
#3136 = EDGE_CURVE('',#3129,#3137,#3139,.T.);
#3137 = VERTEX_POINT('',#3138);
#3138 = CARTESIAN_POINT('',(224.171,298.5,-12.7));
#3139 = CIRCLE('',#3140,3.174);
#3140 = AXIS2_PLACEMENT_3D('',#3141,#3142,#3143);
#3141 = CARTESIAN_POINT('',(224.171,295.326,-12.7));
#3142 = DIRECTION('',(-0.,-0.,-1.));
#3143 = DIRECTION('',(0.,-1.,0.));
#3144 = ORIENTED_EDGE('',*,*,#3145,.T.);
#3145 = EDGE_CURVE('',#3137,#3146,#3148,.T.);
#3146 = VERTEX_POINT('',#3147);
#3147 = CARTESIAN_POINT('',(240.823,298.5,-12.7));
#3148 = LINE('',#3149,#3150);
#3149 = CARTESIAN_POINT('',(220.997,298.5,-12.7));
#3150 = VECTOR('',#3151,1.);
#3151 = DIRECTION('',(1.,0.,0.));
#3152 = ORIENTED_EDGE('',*,*,#3153,.F.);
#3153 = EDGE_CURVE('',#3095,#3146,#3154,.T.);
#3154 = CIRCLE('',#3155,3.174);
#3155 = AXIS2_PLACEMENT_3D('',#3156,#3157,#3158);
#3156 = CARTESIAN_POINT('',(240.823,295.326,-12.7));
#3157 = DIRECTION('',(-0.,0.,1.));
#3158 = DIRECTION('',(0.,-1.,0.));
#3159 = FACE_BOUND('',#3160,.T.);
#3160 = EDGE_LOOP('',(#3161,#3171,#3180,#3188,#3197,#3205,#3214,#3222));
#3161 = ORIENTED_EDGE('',*,*,#3162,.F.);
#3162 = EDGE_CURVE('',#3163,#3165,#3167,.T.);
#3163 = VERTEX_POINT('',#3164);
#3164 = CARTESIAN_POINT('',(493.397,61.174,-12.7));
#3165 = VERTEX_POINT('',#3166);
#3166 = CARTESIAN_POINT('',(493.397,102.826,-12.7));
#3167 = LINE('',#3168,#3169);
#3168 = CARTESIAN_POINT('',(493.397,58.,-12.7));
#3169 = VECTOR('',#3170,1.);
#3170 = DIRECTION('',(0.,1.,0.));
#3171 = ORIENTED_EDGE('',*,*,#3172,.F.);
#3172 = EDGE_CURVE('',#3173,#3163,#3175,.T.);
#3173 = VERTEX_POINT('',#3174);
#3174 = CARTESIAN_POINT('',(490.223,58.,-12.7));
#3175 = CIRCLE('',#3176,3.174);
#3176 = AXIS2_PLACEMENT_3D('',#3177,#3178,#3179);
#3177 = CARTESIAN_POINT('',(490.223,61.174,-12.7));
#3178 = DIRECTION('',(-0.,0.,1.));
#3179 = DIRECTION('',(0.,-1.,0.));
#3180 = ORIENTED_EDGE('',*,*,#3181,.F.);
#3181 = EDGE_CURVE('',#3182,#3173,#3184,.T.);
#3182 = VERTEX_POINT('',#3183);
#3183 = CARTESIAN_POINT('',(473.571,58.,-12.7));
#3184 = LINE('',#3185,#3186);
#3185 = CARTESIAN_POINT('',(470.397,58.,-12.7));
#3186 = VECTOR('',#3187,1.);
#3187 = DIRECTION('',(1.,0.,0.));
#3188 = ORIENTED_EDGE('',*,*,#3189,.F.);
#3189 = EDGE_CURVE('',#3190,#3182,#3192,.T.);
#3190 = VERTEX_POINT('',#3191);
#3191 = CARTESIAN_POINT('',(470.397,61.174,-12.7));
#3192 = CIRCLE('',#3193,3.174);
#3193 = AXIS2_PLACEMENT_3D('',#3194,#3195,#3196);
#3194 = CARTESIAN_POINT('',(473.571,61.174,-12.7));
#3195 = DIRECTION('',(-0.,0.,1.));
#3196 = DIRECTION('',(0.,-1.,0.));
#3197 = ORIENTED_EDGE('',*,*,#3198,.T.);
#3198 = EDGE_CURVE('',#3190,#3199,#3201,.T.);
#3199 = VERTEX_POINT('',#3200);
#3200 = CARTESIAN_POINT('',(470.397,102.826,-12.7));
#3201 = LINE('',#3202,#3203);
#3202 = CARTESIAN_POINT('',(470.397,58.,-12.7));
#3203 = VECTOR('',#3204,1.);
#3204 = DIRECTION('',(0.,1.,0.));
#3205 = ORIENTED_EDGE('',*,*,#3206,.T.);
#3206 = EDGE_CURVE('',#3199,#3207,#3209,.T.);
#3207 = VERTEX_POINT('',#3208);
#3208 = CARTESIAN_POINT('',(473.571,106.,-12.7));
#3209 = CIRCLE('',#3210,3.174);
#3210 = AXIS2_PLACEMENT_3D('',#3211,#3212,#3213);
#3211 = CARTESIAN_POINT('',(473.571,102.826,-12.7));
#3212 = DIRECTION('',(-0.,-0.,-1.));
#3213 = DIRECTION('',(0.,-1.,0.));
#3214 = ORIENTED_EDGE('',*,*,#3215,.T.);
#3215 = EDGE_CURVE('',#3207,#3216,#3218,.T.);
#3216 = VERTEX_POINT('',#3217);
#3217 = CARTESIAN_POINT('',(490.223,106.,-12.7));
#3218 = LINE('',#3219,#3220);
#3219 = CARTESIAN_POINT('',(470.397,106.,-12.7));
#3220 = VECTOR('',#3221,1.);
#3221 = DIRECTION('',(1.,0.,0.));
#3222 = ORIENTED_EDGE('',*,*,#3223,.F.);
#3223 = EDGE_CURVE('',#3165,#3216,#3224,.T.);
#3224 = CIRCLE('',#3225,3.174);
#3225 = AXIS2_PLACEMENT_3D('',#3226,#3227,#3228);
#3226 = CARTESIAN_POINT('',(490.223,102.826,-12.7));
#3227 = DIRECTION('',(-0.,0.,1.));
#3228 = DIRECTION('',(0.,-1.,0.));
#3229 = FACE_BOUND('',#3230,.T.);
#3230 = EDGE_LOOP('',(#3231,#3241,#3250,#3258,#3267,#3275,#3284,#3292));
#3231 = ORIENTED_EDGE('',*,*,#3232,.F.);
#3232 = EDGE_CURVE('',#3233,#3235,#3237,.T.);
#3233 = VERTEX_POINT('',#3234);
#3234 = CARTESIAN_POINT('',(300.397,61.174,-12.7));
#3235 = VERTEX_POINT('',#3236);
#3236 = CARTESIAN_POINT('',(300.397,102.826,-12.7));
#3237 = LINE('',#3238,#3239);
#3238 = CARTESIAN_POINT('',(300.397,58.,-12.7));
#3239 = VECTOR('',#3240,1.);
#3240 = DIRECTION('',(0.,1.,0.));
#3241 = ORIENTED_EDGE('',*,*,#3242,.F.);
#3242 = EDGE_CURVE('',#3243,#3233,#3245,.T.);
#3243 = VERTEX_POINT('',#3244);
#3244 = CARTESIAN_POINT('',(297.223,58.,-12.7));
#3245 = CIRCLE('',#3246,3.174);
#3246 = AXIS2_PLACEMENT_3D('',#3247,#3248,#3249);
#3247 = CARTESIAN_POINT('',(297.223,61.174,-12.7));
#3248 = DIRECTION('',(-0.,0.,1.));
#3249 = DIRECTION('',(0.,-1.,0.));
#3250 = ORIENTED_EDGE('',*,*,#3251,.F.);
#3251 = EDGE_CURVE('',#3252,#3243,#3254,.T.);
#3252 = VERTEX_POINT('',#3253);
#3253 = CARTESIAN_POINT('',(280.571,58.,-12.7));
#3254 = LINE('',#3255,#3256);
#3255 = CARTESIAN_POINT('',(277.397,58.,-12.7));
#3256 = VECTOR('',#3257,1.);
#3257 = DIRECTION('',(1.,0.,0.));
#3258 = ORIENTED_EDGE('',*,*,#3259,.F.);
#3259 = EDGE_CURVE('',#3260,#3252,#3262,.T.);
#3260 = VERTEX_POINT('',#3261);
#3261 = CARTESIAN_POINT('',(277.397,61.174,-12.7));
#3262 = CIRCLE('',#3263,3.174);
#3263 = AXIS2_PLACEMENT_3D('',#3264,#3265,#3266);
#3264 = CARTESIAN_POINT('',(280.571,61.174,-12.7));
#3265 = DIRECTION('',(-0.,0.,1.));
#3266 = DIRECTION('',(0.,-1.,0.));
#3267 = ORIENTED_EDGE('',*,*,#3268,.T.);
#3268 = EDGE_CURVE('',#3260,#3269,#3271,.T.);
#3269 = VERTEX_POINT('',#3270);
#3270 = CARTESIAN_POINT('',(277.397,102.826,-12.7));
#3271 = LINE('',#3272,#3273);
#3272 = CARTESIAN_POINT('',(277.397,58.,-12.7));
#3273 = VECTOR('',#3274,1.);
#3274 = DIRECTION('',(0.,1.,0.));
#3275 = ORIENTED_EDGE('',*,*,#3276,.T.);
#3276 = EDGE_CURVE('',#3269,#3277,#3279,.T.);
#3277 = VERTEX_POINT('',#3278);
#3278 = CARTESIAN_POINT('',(280.571,106.,-12.7));
#3279 = CIRCLE('',#3280,3.174);
#3280 = AXIS2_PLACEMENT_3D('',#3281,#3282,#3283);
#3281 = CARTESIAN_POINT('',(280.571,102.826,-12.7));
#3282 = DIRECTION('',(-0.,-0.,-1.));
#3283 = DIRECTION('',(0.,-1.,0.));
#3284 = ORIENTED_EDGE('',*,*,#3285,.T.);
#3285 = EDGE_CURVE('',#3277,#3286,#3288,.T.);
#3286 = VERTEX_POINT('',#3287);
#3287 = CARTESIAN_POINT('',(297.223,106.,-12.7));
#3288 = LINE('',#3289,#3290);
#3289 = CARTESIAN_POINT('',(277.397,106.,-12.7));
#3290 = VECTOR('',#3291,1.);
#3291 = DIRECTION('',(1.,0.,0.));
#3292 = ORIENTED_EDGE('',*,*,#3293,.F.);
#3293 = EDGE_CURVE('',#3235,#3286,#3294,.T.);
#3294 = CIRCLE('',#3295,3.174);
#3295 = AXIS2_PLACEMENT_3D('',#3296,#3297,#3298);
#3296 = CARTESIAN_POINT('',(297.223,102.826,-12.7));
#3297 = DIRECTION('',(-0.,0.,1.));
#3298 = DIRECTION('',(0.,-1.,0.));
#3299 = FACE_BOUND('',#3300,.T.);
#3300 = EDGE_LOOP('',(#3301,#3311,#3320,#3328,#3337,#3345,#3354,#3362));
#3301 = ORIENTED_EDGE('',*,*,#3302,.F.);
#3302 = EDGE_CURVE('',#3303,#3305,#3307,.T.);
#3303 = VERTEX_POINT('',#3304);
#3304 = CARTESIAN_POINT('',(515.397,282.174,-12.7));
#3305 = VERTEX_POINT('',#3306);
#3306 = CARTESIAN_POINT('',(515.397,323.826,-12.7));
#3307 = LINE('',#3308,#3309);
#3308 = CARTESIAN_POINT('',(515.397,279.,-12.7));
#3309 = VECTOR('',#3310,1.);
#3310 = DIRECTION('',(0.,1.,0.));
#3311 = ORIENTED_EDGE('',*,*,#3312,.F.);
#3312 = EDGE_CURVE('',#3313,#3303,#3315,.T.);
#3313 = VERTEX_POINT('',#3314);
#3314 = CARTESIAN_POINT('',(512.223,279.,-12.7));
#3315 = CIRCLE('',#3316,3.174);
#3316 = AXIS2_PLACEMENT_3D('',#3317,#3318,#3319);
#3317 = CARTESIAN_POINT('',(512.223,282.174,-12.7));
#3318 = DIRECTION('',(-0.,0.,1.));
#3319 = DIRECTION('',(0.,-1.,0.));
#3320 = ORIENTED_EDGE('',*,*,#3321,.F.);
#3321 = EDGE_CURVE('',#3322,#3313,#3324,.T.);
#3322 = VERTEX_POINT('',#3323);
#3323 = CARTESIAN_POINT('',(495.571,279.,-12.7));
#3324 = LINE('',#3325,#3326);
#3325 = CARTESIAN_POINT('',(492.397,279.,-12.7));
#3326 = VECTOR('',#3327,1.);
#3327 = DIRECTION('',(1.,0.,0.));
#3328 = ORIENTED_EDGE('',*,*,#3329,.F.);
#3329 = EDGE_CURVE('',#3330,#3322,#3332,.T.);
#3330 = VERTEX_POINT('',#3331);
#3331 = CARTESIAN_POINT('',(492.397,282.174,-12.7));
#3332 = CIRCLE('',#3333,3.174);
#3333 = AXIS2_PLACEMENT_3D('',#3334,#3335,#3336);
#3334 = CARTESIAN_POINT('',(495.571,282.174,-12.7));
#3335 = DIRECTION('',(-0.,0.,1.));
#3336 = DIRECTION('',(0.,-1.,0.));
#3337 = ORIENTED_EDGE('',*,*,#3338,.T.);
#3338 = EDGE_CURVE('',#3330,#3339,#3341,.T.);
#3339 = VERTEX_POINT('',#3340);
#3340 = CARTESIAN_POINT('',(492.397,323.826,-12.7));
#3341 = LINE('',#3342,#3343);
#3342 = CARTESIAN_POINT('',(492.397,279.,-12.7));
#3343 = VECTOR('',#3344,1.);
#3344 = DIRECTION('',(0.,1.,0.));
#3345 = ORIENTED_EDGE('',*,*,#3346,.T.);
#3346 = EDGE_CURVE('',#3339,#3347,#3349,.T.);
#3347 = VERTEX_POINT('',#3348);
#3348 = CARTESIAN_POINT('',(495.571,327.,-12.7));
#3349 = CIRCLE('',#3350,3.174);
#3350 = AXIS2_PLACEMENT_3D('',#3351,#3352,#3353);
#3351 = CARTESIAN_POINT('',(495.571,323.826,-12.7));
#3352 = DIRECTION('',(-0.,-0.,-1.));
#3353 = DIRECTION('',(0.,-1.,0.));
#3354 = ORIENTED_EDGE('',*,*,#3355,.T.);
#3355 = EDGE_CURVE('',#3347,#3356,#3358,.T.);
#3356 = VERTEX_POINT('',#3357);
#3357 = CARTESIAN_POINT('',(512.223,327.,-12.7));
#3358 = LINE('',#3359,#3360);
#3359 = CARTESIAN_POINT('',(492.397,327.,-12.7));
#3360 = VECTOR('',#3361,1.);
#3361 = DIRECTION('',(1.,0.,0.));
#3362 = ORIENTED_EDGE('',*,*,#3363,.F.);
#3363 = EDGE_CURVE('',#3305,#3356,#3364,.T.);
#3364 = CIRCLE('',#3365,3.174);
#3365 = AXIS2_PLACEMENT_3D('',#3366,#3367,#3368);
#3366 = CARTESIAN_POINT('',(512.223,323.826,-12.7));
#3367 = DIRECTION('',(-0.,0.,1.));
#3368 = DIRECTION('',(0.,-1.,0.));
#3369 = FACE_BOUND('',#3370,.T.);
#3370 = EDGE_LOOP('',(#3371,#3381,#3390,#3398,#3407,#3415,#3424,#3432));
#3371 = ORIENTED_EDGE('',*,*,#3372,.F.);
#3372 = EDGE_CURVE('',#3373,#3375,#3377,.T.);
#3373 = VERTEX_POINT('',#3374);
#3374 = CARTESIAN_POINT('',(278.826,283.5,-12.7));
#3375 = VERTEX_POINT('',#3376);
#3376 = CARTESIAN_POINT('',(247.174,283.5,-12.7));
#3377 = LINE('',#3378,#3379);
#3378 = CARTESIAN_POINT('',(142.5875,283.5,-12.7));
#3379 = VECTOR('',#3380,1.);
#3380 = DIRECTION('',(-1.,2.2E-16,0.));
#3381 = ORIENTED_EDGE('',*,*,#3382,.F.);
#3382 = EDGE_CURVE('',#3383,#3373,#3385,.T.);
#3383 = VERTEX_POINT('',#3384);
#3384 = CARTESIAN_POINT('',(282.,280.326,-12.7));
#3385 = CIRCLE('',#3386,3.174);
#3386 = AXIS2_PLACEMENT_3D('',#3387,#3388,#3389);
#3387 = CARTESIAN_POINT('',(278.826,280.326,-12.7));
#3388 = DIRECTION('',(-0.,0.,1.));
#3389 = DIRECTION('',(1.,-2.2E-16,0.));
#3390 = ORIENTED_EDGE('',*,*,#3391,.T.);
#3391 = EDGE_CURVE('',#3383,#3392,#3394,.T.);
#3392 = VERTEX_POINT('',#3393);
#3393 = CARTESIAN_POINT('',(282.,268.674,-12.7));
#3394 = LINE('',#3395,#3396);
#3395 = CARTESIAN_POINT('',(282.,127.9875,-12.7));
#3396 = VECTOR('',#3397,1.);
#3397 = DIRECTION('',(-2.2E-16,-1.,0.));
#3398 = ORIENTED_EDGE('',*,*,#3399,.F.);
#3399 = EDGE_CURVE('',#3400,#3392,#3402,.T.);
#3400 = VERTEX_POINT('',#3401);
#3401 = CARTESIAN_POINT('',(278.826,265.5,-12.7));
#3402 = CIRCLE('',#3403,3.174);
#3403 = AXIS2_PLACEMENT_3D('',#3404,#3405,#3406);
#3404 = CARTESIAN_POINT('',(278.826,268.674,-12.7));
#3405 = DIRECTION('',(0.,0.,1.));
#3406 = DIRECTION('',(-2.2E-16,-1.,0.));
#3407 = ORIENTED_EDGE('',*,*,#3408,.T.);
#3408 = EDGE_CURVE('',#3400,#3409,#3411,.T.);
#3409 = VERTEX_POINT('',#3410);
#3410 = CARTESIAN_POINT('',(247.174,265.5,-12.7));
#3411 = LINE('',#3412,#3413);
#3412 = CARTESIAN_POINT('',(142.5875,265.5,-12.7));
#3413 = VECTOR('',#3414,1.);
#3414 = DIRECTION('',(-1.,2.2E-16,0.));
#3415 = ORIENTED_EDGE('',*,*,#3416,.F.);
#3416 = EDGE_CURVE('',#3417,#3409,#3419,.T.);
#3417 = VERTEX_POINT('',#3418);
#3418 = CARTESIAN_POINT('',(244.,268.674,-12.7));
#3419 = CIRCLE('',#3420,3.174);
#3420 = AXIS2_PLACEMENT_3D('',#3421,#3422,#3423);
#3421 = CARTESIAN_POINT('',(247.174,268.674,-12.7));
#3422 = DIRECTION('',(0.,0.,1.));
#3423 = DIRECTION('',(-2.2E-16,-1.,0.));
#3424 = ORIENTED_EDGE('',*,*,#3425,.F.);
#3425 = EDGE_CURVE('',#3426,#3417,#3428,.T.);
#3426 = VERTEX_POINT('',#3427);
#3427 = CARTESIAN_POINT('',(244.,280.326,-12.7));
#3428 = LINE('',#3429,#3430);
#3429 = CARTESIAN_POINT('',(244.,127.9875,-12.7));
#3430 = VECTOR('',#3431,1.);
#3431 = DIRECTION('',(-2.2E-16,-1.,0.));
#3432 = ORIENTED_EDGE('',*,*,#3433,.F.);
#3433 = EDGE_CURVE('',#3375,#3426,#3434,.T.);
#3434 = CIRCLE('',#3435,3.174);
#3435 = AXIS2_PLACEMENT_3D('',#3436,#3437,#3438);
#3436 = CARTESIAN_POINT('',(247.174,280.326,-12.7));
#3437 = DIRECTION('',(0.,-0.,1.));
#3438 = DIRECTION('',(2.2E-16,1.,0.));
#3439 = FACE_BOUND('',#3440,.T.);
#3440 = EDGE_LOOP('',(#3441,#3452,#3460,#3469,#3477,#3486,#3494,#3503,
    #3512,#3520));
#3441 = ORIENTED_EDGE('',*,*,#3442,.F.);
#3442 = EDGE_CURVE('',#3443,#3445,#3447,.T.);
#3443 = VERTEX_POINT('',#3444);
#3444 = CARTESIAN_POINT('',(115.76600235954,24.472424180612,-12.7));
#3445 = VERTEX_POINT('',#3446);
#3446 = CARTESIAN_POINT('',(113.72382300643,25.395621555009,-12.7));
#3447 = CIRCLE('',#3448,3.174);
#3448 = AXIS2_PLACEMENT_3D('',#3449,#3450,#3451);
#3449 = CARTESIAN_POINT('',(113.52164543605,22.228067257126,-12.7));
#3450 = DIRECTION('',(0.,-0.,1.));
#3451 = DIRECTION('',(0.707106781187,0.707106781187,0.));
#3452 = ORIENTED_EDGE('',*,*,#3453,.F.);
#3453 = EDGE_CURVE('',#3454,#3443,#3456,.T.);
#3454 = VERTEX_POINT('',#3455);
#3455 = CARTESIAN_POINT('',(125.4038679031,14.834558637052,-12.7));
#3456 = LINE('',#3457,#3458);
#3457 = CARTESIAN_POINT('',(102.05871904833,38.179707491822,-12.7));
#3458 = VECTOR('',#3459,1.);
#3459 = DIRECTION('',(-0.707106781187,0.707106781187,0.));
#3460 = ORIENTED_EDGE('',*,*,#3461,.F.);
#3461 = EDGE_CURVE('',#3462,#3454,#3464,.T.);
#3462 = VERTEX_POINT('',#3463);
#3463 = CARTESIAN_POINT('',(125.4038679031,10.34584479008,-12.7));
#3464 = CIRCLE('',#3465,3.174);
#3465 = AXIS2_PLACEMENT_3D('',#3466,#3467,#3468);
#3466 = CARTESIAN_POINT('',(123.15951097962,12.590201713566,-12.7));
#3467 = DIRECTION('',(-0.,0.,1.));
#3468 = DIRECTION('',(0.707106781187,-0.707106781187,0.));
#3469 = ORIENTED_EDGE('',*,*,#3470,.T.);
#3470 = EDGE_CURVE('',#3462,#3471,#3473,.T.);
#3471 = VERTEX_POINT('',#3472);
#3472 = CARTESIAN_POINT('',(114.32916133431,-0.728861778708,-12.7));
#3473 = LINE('',#3474,#3475);
#3474 = CARTESIAN_POINT('',(83.219407983673,-31.83861512935,-12.7));
#3475 = VECTOR('',#3476,1.);
#3476 = DIRECTION('',(-0.707106781187,-0.707106781187,0.));
#3477 = ORIENTED_EDGE('',*,*,#3478,.F.);
#3478 = EDGE_CURVE('',#3479,#3471,#3481,.T.);
#3479 = VERTEX_POINT('',#3480);
#3480 = CARTESIAN_POINT('',(109.84044748734,-0.728861778708,-12.7));
#3481 = CIRCLE('',#3482,3.174);
#3482 = AXIS2_PLACEMENT_3D('',#3483,#3484,#3485);
#3483 = CARTESIAN_POINT('',(112.08480441083,1.515495144778,-12.7));
#3484 = DIRECTION('',(0.,0.,1.));
#3485 = DIRECTION('',(-0.707106781187,-0.707106781187,0.));
#3486 = ORIENTED_EDGE('',*,*,#3487,.T.);
#3487 = EDGE_CURVE('',#3479,#3488,#3490,.T.);
#3488 = VERTEX_POINT('',#3489);
#3489 = CARTESIAN_POINT('',(100.20258194378,8.909003764853,-12.7));
#3490 = LINE('',#3491,#3492);
#3491 = CARTESIAN_POINT('',(86.495298632575,22.616287076062,-12.7));
#3492 = VECTOR('',#3493,1.);
#3493 = DIRECTION('',(-0.707106781187,0.707106781187,0.));
#3494 = ORIENTED_EDGE('',*,*,#3495,.F.);
#3495 = EDGE_CURVE('',#3496,#3488,#3498,.T.);
#3496 = VERTEX_POINT('',#3497);
#3497 = CARTESIAN_POINT('',(99.310268270961,11.638719906077,-12.7));
#3498 = CIRCLE('',#3499,3.174);
#3499 = AXIS2_PLACEMENT_3D('',#3500,#3501,#3502);
#3500 = CARTESIAN_POINT('',(102.44693886727,11.153360688339,-12.7));
#3501 = DIRECTION('',(0.,0.,1.));
#3502 = DIRECTION('',(-0.707106781187,-0.707106781187,0.));
#3503 = ORIENTED_EDGE('',*,*,#3504,.F.);
#3504 = EDGE_CURVE('',#3505,#3496,#3507,.T.);
#3505 = VERTEX_POINT('',#3506);
#3506 = CARTESIAN_POINT('',(100.20258194378,13.397717611825,-12.7));
#3507 = CIRCLE('',#3508,3.174);
#3508 = AXIS2_PLACEMENT_3D('',#3509,#3510,#3511);
#3509 = CARTESIAN_POINT('',(102.44693886727,11.153360688339,-12.7));
#3510 = DIRECTION('',(0.,0.,1.));
#3511 = DIRECTION('',(-0.707106781187,-0.707106781187,0.));
#3512 = ORIENTED_EDGE('',*,*,#3513,.F.);
#3513 = EDGE_CURVE('',#3514,#3505,#3516,.T.);
#3514 = VERTEX_POINT('',#3515);
#3515 = CARTESIAN_POINT('',(111.27728851257,24.472424180612,-12.7));
#3516 = LINE('',#3517,#3518);
#3517 = CARTESIAN_POINT('',(69.09282859314,-17.71203573882,-12.7));
#3518 = VECTOR('',#3519,1.);
#3519 = DIRECTION('',(-0.707106781187,-0.707106781187,0.));
#3520 = ORIENTED_EDGE('',*,*,#3521,.F.);
#3521 = EDGE_CURVE('',#3445,#3514,#3522,.T.);
#3522 = CIRCLE('',#3523,3.174);
#3523 = AXIS2_PLACEMENT_3D('',#3524,#3525,#3526);
#3524 = CARTESIAN_POINT('',(113.52164543605,22.228067257126,-12.7));
#3525 = DIRECTION('',(0.,-0.,1.));
#3526 = DIRECTION('',(0.707106781187,0.707106781187,0.));
#3527 = FACE_BOUND('',#3528,.T.);
#3528 = EDGE_LOOP('',(#3529,#3540,#3548,#3557,#3565,#3574,#3582,#3591,
    #3600,#3608));
#3529 = ORIENTED_EDGE('',*,*,#3530,.F.);
#3530 = EDGE_CURVE('',#3531,#3533,#3535,.T.);
#3531 = VERTEX_POINT('',#3532);
#3532 = CARTESIAN_POINT('',(178.47242418061,288.73399764045,-12.7));
#3533 = VERTEX_POINT('',#3534);
#3534 = CARTESIAN_POINT('',(179.395621555,290.77617699356,-12.7));
#3535 = CIRCLE('',#3536,3.174);
#3536 = AXIS2_PLACEMENT_3D('',#3537,#3538,#3539);
#3537 = CARTESIAN_POINT('',(176.22806725712,290.97835456394,-12.7));
#3538 = DIRECTION('',(-0.,0.,1.));
#3539 = DIRECTION('',(0.707106781187,-0.707106781187,0.));
#3540 = ORIENTED_EDGE('',*,*,#3541,.F.);
#3541 = EDGE_CURVE('',#3542,#3531,#3544,.T.);
#3542 = VERTEX_POINT('',#3543);
#3543 = CARTESIAN_POINT('',(168.83455863705,279.09613209689,-12.7));
#3544 = LINE('',#3545,#3546);
#3545 = CARTESIAN_POINT('',(54.142207491822,164.40378095166,-12.7));
#3546 = VECTOR('',#3547,1.);
#3547 = DIRECTION('',(0.707106781187,0.707106781187,0.));
#3548 = ORIENTED_EDGE('',*,*,#3549,.F.);
#3549 = EDGE_CURVE('',#3550,#3542,#3552,.T.);
#3550 = VERTEX_POINT('',#3551);
#3551 = CARTESIAN_POINT('',(164.34584479007,279.09613209689,-12.7));
#3552 = CIRCLE('',#3553,3.174);
#3553 = AXIS2_PLACEMENT_3D('',#3554,#3555,#3556);
#3554 = CARTESIAN_POINT('',(166.59020171356,281.34048902038,-12.7));
#3555 = DIRECTION('',(0.,0.,1.));
#3556 = DIRECTION('',(-0.707106781187,-0.707106781187,0.));
#3557 = ORIENTED_EDGE('',*,*,#3558,.T.);
#3558 = EDGE_CURVE('',#3550,#3559,#3561,.T.);
#3559 = VERTEX_POINT('',#3560);
#3560 = CARTESIAN_POINT('',(153.27113822129,290.17083866568,-12.7));
#3561 = LINE('',#3562,#3563);
#3562 = CARTESIAN_POINT('',(189.54888487064,253.89309201632,-12.7));
#3563 = VECTOR('',#3564,1.);
#3564 = DIRECTION('',(-0.707106781187,0.707106781187,0.));
#3565 = ORIENTED_EDGE('',*,*,#3566,.F.);
#3566 = EDGE_CURVE('',#3567,#3559,#3569,.T.);
#3567 = VERTEX_POINT('',#3568);
#3568 = CARTESIAN_POINT('',(153.27113822129,294.65955251265,-12.7));
#3569 = CIRCLE('',#3570,3.174);
#3570 = AXIS2_PLACEMENT_3D('',#3571,#3572,#3573);
#3571 = CARTESIAN_POINT('',(155.51549514477,292.41519558916,-12.7));
#3572 = DIRECTION('',(0.,0.,1.));
#3573 = DIRECTION('',(-0.707106781187,0.707106781187,0.));
#3574 = ORIENTED_EDGE('',*,*,#3575,.T.);
#3575 = EDGE_CURVE('',#3567,#3576,#3578,.T.);
#3576 = VERTEX_POINT('',#3577);
#3577 = CARTESIAN_POINT('',(162.90900376485,304.29741805621,-12.7));
#3578 = LINE('',#3579,#3580);
#3579 = CARTESIAN_POINT('',(38.578787076062,179.96720136742,-12.7));
#3580 = VECTOR('',#3581,1.);
#3581 = DIRECTION('',(0.707106781187,0.707106781187,0.));
#3582 = ORIENTED_EDGE('',*,*,#3583,.F.);
#3583 = EDGE_CURVE('',#3584,#3576,#3586,.T.);
#3584 = VERTEX_POINT('',#3585);
#3585 = CARTESIAN_POINT('',(165.63871990607,305.18973172904,-12.7));
#3586 = CIRCLE('',#3587,3.174);
#3587 = AXIS2_PLACEMENT_3D('',#3588,#3589,#3590);
#3588 = CARTESIAN_POINT('',(165.15336068833,302.05306113272,-12.7));
#3589 = DIRECTION('',(0.,0.,1.));
#3590 = DIRECTION('',(-0.707106781187,0.707106781187,0.));
#3591 = ORIENTED_EDGE('',*,*,#3592,.F.);
#3592 = EDGE_CURVE('',#3593,#3584,#3595,.T.);
#3593 = VERTEX_POINT('',#3594);
#3594 = CARTESIAN_POINT('',(167.39771761182,304.29741805621,-12.7));
#3595 = CIRCLE('',#3596,3.174);
#3596 = AXIS2_PLACEMENT_3D('',#3597,#3598,#3599);
#3597 = CARTESIAN_POINT('',(165.15336068833,302.05306113272,-12.7));
#3598 = DIRECTION('',(0.,0.,1.));
#3599 = DIRECTION('',(-0.707106781187,0.707106781187,0.));
#3600 = ORIENTED_EDGE('',*,*,#3601,.F.);
#3601 = EDGE_CURVE('',#3602,#3593,#3604,.T.);
#3602 = VERTEX_POINT('',#3603);
#3603 = CARTESIAN_POINT('',(178.47242418061,293.22271148742,-12.7));
#3604 = LINE('',#3605,#3606);
#3605 = CARTESIAN_POINT('',(203.67546426117,268.01967140686,-12.7));
#3606 = VECTOR('',#3607,1.);
#3607 = DIRECTION('',(-0.707106781187,0.707106781187,0.));
#3608 = ORIENTED_EDGE('',*,*,#3609,.F.);
#3609 = EDGE_CURVE('',#3533,#3602,#3610,.T.);
#3610 = CIRCLE('',#3611,3.174);
#3611 = AXIS2_PLACEMENT_3D('',#3612,#3613,#3614);
#3612 = CARTESIAN_POINT('',(176.22806725712,290.97835456394,-12.7));
#3613 = DIRECTION('',(-0.,0.,1.));
#3614 = DIRECTION('',(0.707106781187,-0.707106781187,0.));
#3615 = FACE_BOUND('',#3616,.T.);
#3616 = EDGE_LOOP('',(#3617,#3628,#3636,#3645,#3653,#3662,#3670,#3679,
    #3688,#3696));
#3617 = ORIENTED_EDGE('',*,*,#3618,.F.);
#3618 = EDGE_CURVE('',#3619,#3621,#3623,.T.);
#3619 = VERTEX_POINT('',#3620);
#3620 = CARTESIAN_POINT('',(213.52757581938,27.766002359545,-12.7));
#3621 = VERTEX_POINT('',#3622);
#3622 = CARTESIAN_POINT('',(212.60437844499,25.723823006433,-12.7));
#3623 = CIRCLE('',#3624,3.174);
#3624 = AXIS2_PLACEMENT_3D('',#3625,#3626,#3627);
#3625 = CARTESIAN_POINT('',(215.77193274287,25.521645436059,-12.7));
#3626 = DIRECTION('',(0.,0.,1.));
#3627 = DIRECTION('',(-0.707106781187,0.707106781187,0.));
#3628 = ORIENTED_EDGE('',*,*,#3629,.F.);
#3629 = EDGE_CURVE('',#3630,#3619,#3632,.T.);
#3630 = VERTEX_POINT('',#3631);
#3631 = CARTESIAN_POINT('',(223.16544136294,37.403867903106,-12.7));
#3632 = LINE('',#3633,#3634);
#3633 = CARTESIAN_POINT('',(157.55779250817,-28.20378095166,-12.7));
#3634 = VECTOR('',#3635,1.);
#3635 = DIRECTION('',(-0.707106781187,-0.707106781187,0.));
#3636 = ORIENTED_EDGE('',*,*,#3637,.F.);
#3637 = EDGE_CURVE('',#3638,#3630,#3640,.T.);
#3638 = VERTEX_POINT('',#3639);
#3639 = CARTESIAN_POINT('',(227.65415520992,37.403867903106,-12.7));
#3640 = CIRCLE('',#3641,3.174);
#3641 = AXIS2_PLACEMENT_3D('',#3642,#3643,#3644);
#3642 = CARTESIAN_POINT('',(225.40979828643,35.15951097962,-12.7));
#3643 = DIRECTION('',(0.,-0.,1.));
#3644 = DIRECTION('',(0.707106781187,0.707106781187,0.));
#3645 = ORIENTED_EDGE('',*,*,#3646,.T.);
#3646 = EDGE_CURVE('',#3638,#3647,#3649,.T.);
#3647 = VERTEX_POINT('',#3648);
#3648 = CARTESIAN_POINT('',(238.7288617787,26.329161334318,-12.7));
#3649 = LINE('',#3650,#3651);
#3650 = CARTESIAN_POINT('',(189.92611512935,75.131907983673,-12.7));
#3651 = VECTOR('',#3652,1.);
#3652 = DIRECTION('',(0.707106781187,-0.707106781187,0.));
#3653 = ORIENTED_EDGE('',*,*,#3654,.F.);
#3654 = EDGE_CURVE('',#3655,#3647,#3657,.T.);
#3655 = VERTEX_POINT('',#3656);
#3656 = CARTESIAN_POINT('',(238.7288617787,21.840447487346,-12.7));
#3657 = CIRCLE('',#3658,3.174);
#3658 = AXIS2_PLACEMENT_3D('',#3659,#3660,#3661);
#3659 = CARTESIAN_POINT('',(236.48450485522,24.084804410832,-12.7));
#3660 = DIRECTION('',(-0.,0.,1.));
#3661 = DIRECTION('',(0.707106781187,-0.707106781187,0.));
#3662 = ORIENTED_EDGE('',*,*,#3663,.T.);
#3663 = EDGE_CURVE('',#3655,#3664,#3666,.T.);
#3664 = VERTEX_POINT('',#3665);
#3665 = CARTESIAN_POINT('',(229.09099623514,12.202581943785,-12.7));
#3666 = LINE('',#3667,#3668);
#3667 = CARTESIAN_POINT('',(173.12121292393,-43.76720136742,-12.7));
#3668 = VECTOR('',#3669,1.);
#3669 = DIRECTION('',(-0.707106781187,-0.707106781187,0.));
#3670 = ORIENTED_EDGE('',*,*,#3671,.F.);
#3671 = EDGE_CURVE('',#3672,#3664,#3674,.T.);
#3672 = VERTEX_POINT('',#3673);
#3673 = CARTESIAN_POINT('',(226.36128009392,11.31026827096,-12.7));
#3674 = CIRCLE('',#3675,3.174);
#3675 = AXIS2_PLACEMENT_3D('',#3676,#3677,#3678);
#3676 = CARTESIAN_POINT('',(226.84663931166,14.446938867271,-12.7));
#3677 = DIRECTION('',(-0.,0.,1.));
#3678 = DIRECTION('',(0.707106781187,-0.707106781187,0.));
#3679 = ORIENTED_EDGE('',*,*,#3680,.F.);
#3680 = EDGE_CURVE('',#3681,#3672,#3683,.T.);
#3681 = VERTEX_POINT('',#3682);
#3682 = CARTESIAN_POINT('',(224.60228238817,12.202581943785,-12.7));
#3683 = CIRCLE('',#3684,3.174);
#3684 = AXIS2_PLACEMENT_3D('',#3685,#3686,#3687);
#3685 = CARTESIAN_POINT('',(226.84663931166,14.446938867271,-12.7));
#3686 = DIRECTION('',(-0.,0.,1.));
#3687 = DIRECTION('',(0.707106781187,-0.707106781187,0.));
#3688 = ORIENTED_EDGE('',*,*,#3689,.F.);
#3689 = EDGE_CURVE('',#3690,#3681,#3692,.T.);
#3690 = VERTEX_POINT('',#3691);
#3691 = CARTESIAN_POINT('',(213.52757581938,23.277288512573,-12.7));
#3692 = LINE('',#3693,#3694);
#3693 = CARTESIAN_POINT('',(175.79953573882,61.00532859314,-12.7));
#3694 = VECTOR('',#3695,1.);
#3695 = DIRECTION('',(0.707106781187,-0.707106781187,0.));
#3696 = ORIENTED_EDGE('',*,*,#3697,.F.);
#3697 = EDGE_CURVE('',#3621,#3690,#3698,.T.);
#3698 = CIRCLE('',#3699,3.174);
#3699 = AXIS2_PLACEMENT_3D('',#3700,#3701,#3702);
#3700 = CARTESIAN_POINT('',(215.77193274287,25.521645436059,-12.7));
#3701 = DIRECTION('',(0.,0.,1.));
#3702 = DIRECTION('',(-0.707106781187,0.707106781187,0.));
#3703 = FACE_BOUND('',#3704,.T.);
#3704 = EDGE_LOOP('',(#3705,#3716,#3724,#3733,#3741,#3750,#3758,#3767,
    #3776,#3784));
#3705 = ORIENTED_EDGE('',*,*,#3706,.F.);
#3706 = EDGE_CURVE('',#3707,#3709,#3711,.T.);
#3707 = VERTEX_POINT('',#3708);
#3708 = CARTESIAN_POINT('',(275.47242418061,317.23399764045,-12.7));
#3709 = VERTEX_POINT('',#3710);
#3710 = CARTESIAN_POINT('',(276.39562155501,319.27617699356,-12.7));
#3711 = CIRCLE('',#3712,3.174);
#3712 = AXIS2_PLACEMENT_3D('',#3713,#3714,#3715);
#3713 = CARTESIAN_POINT('',(273.22806725712,319.47835456394,-12.7));
#3714 = DIRECTION('',(-0.,0.,1.));
#3715 = DIRECTION('',(0.707106781187,-0.707106781187,0.));
#3716 = ORIENTED_EDGE('',*,*,#3717,.F.);
#3717 = EDGE_CURVE('',#3718,#3707,#3720,.T.);
#3718 = VERTEX_POINT('',#3719);
#3719 = CARTESIAN_POINT('',(265.83455863705,307.59613209689,-12.7));
#3720 = LINE('',#3721,#3722);
#3721 = CARTESIAN_POINT('',(119.76720749182,161.52878095166,-12.7));
#3722 = VECTOR('',#3723,1.);
#3723 = DIRECTION('',(0.707106781187,0.707106781187,0.));
#3724 = ORIENTED_EDGE('',*,*,#3725,.F.);
#3725 = EDGE_CURVE('',#3726,#3718,#3728,.T.);
#3726 = VERTEX_POINT('',#3727);
#3727 = CARTESIAN_POINT('',(261.34584479008,307.59613209689,-12.7));
#3728 = CIRCLE('',#3729,3.174);
#3729 = AXIS2_PLACEMENT_3D('',#3730,#3731,#3732);
#3730 = CARTESIAN_POINT('',(263.59020171356,309.84048902038,-12.7));
#3731 = DIRECTION('',(0.,0.,1.));
#3732 = DIRECTION('',(-0.707106781187,-0.707106781187,0.));
#3733 = ORIENTED_EDGE('',*,*,#3734,.T.);
#3734 = EDGE_CURVE('',#3726,#3735,#3737,.T.);
#3735 = VERTEX_POINT('',#3736);
#3736 = CARTESIAN_POINT('',(250.27113822129,318.67083866568,-12.7));
#3737 = LINE('',#3738,#3739);
#3738 = CARTESIAN_POINT('',(269.42388487064,299.51809201632,-12.7));
#3739 = VECTOR('',#3740,1.);
#3740 = DIRECTION('',(-0.707106781187,0.707106781187,0.));
#3741 = ORIENTED_EDGE('',*,*,#3742,.F.);
#3742 = EDGE_CURVE('',#3743,#3735,#3745,.T.);
#3743 = VERTEX_POINT('',#3744);
#3744 = CARTESIAN_POINT('',(250.27113822129,323.15955251265,-12.7));
#3745 = CIRCLE('',#3746,3.174);
#3746 = AXIS2_PLACEMENT_3D('',#3747,#3748,#3749);
#3747 = CARTESIAN_POINT('',(252.51549514477,320.91519558916,-12.7));
#3748 = DIRECTION('',(0.,0.,1.));
#3749 = DIRECTION('',(-0.707106781187,0.707106781187,0.));
#3750 = ORIENTED_EDGE('',*,*,#3751,.T.);
#3751 = EDGE_CURVE('',#3743,#3752,#3754,.T.);
#3752 = VERTEX_POINT('',#3753);
#3753 = CARTESIAN_POINT('',(259.90900376485,332.79741805621,-12.7));
#3754 = LINE('',#3755,#3756);
#3755 = CARTESIAN_POINT('',(104.20378707606,177.09220136742,-12.7));
#3756 = VECTOR('',#3757,1.);
#3757 = DIRECTION('',(0.707106781187,0.707106781187,0.));
#3758 = ORIENTED_EDGE('',*,*,#3759,.F.);
#3759 = EDGE_CURVE('',#3760,#3752,#3762,.T.);
#3760 = VERTEX_POINT('',#3761);
#3761 = CARTESIAN_POINT('',(262.63871990607,333.68973172904,-12.7));
#3762 = CIRCLE('',#3763,3.174);
#3763 = AXIS2_PLACEMENT_3D('',#3764,#3765,#3766);
#3764 = CARTESIAN_POINT('',(262.15336068833,330.55306113272,-12.7));
#3765 = DIRECTION('',(0.,0.,1.));
#3766 = DIRECTION('',(-0.707106781187,0.707106781187,0.));
#3767 = ORIENTED_EDGE('',*,*,#3768,.F.);
#3768 = EDGE_CURVE('',#3769,#3760,#3771,.T.);
#3769 = VERTEX_POINT('',#3770);
#3770 = CARTESIAN_POINT('',(264.39771761182,332.79741805621,-12.7));
#3771 = CIRCLE('',#3772,3.174);
#3772 = AXIS2_PLACEMENT_3D('',#3773,#3774,#3775);
#3773 = CARTESIAN_POINT('',(262.15336068833,330.55306113272,-12.7));
#3774 = DIRECTION('',(0.,0.,1.));
#3775 = DIRECTION('',(-0.707106781187,0.707106781187,0.));
#3776 = ORIENTED_EDGE('',*,*,#3777,.F.);
#3777 = EDGE_CURVE('',#3778,#3769,#3780,.T.);
#3778 = VERTEX_POINT('',#3779);
#3779 = CARTESIAN_POINT('',(275.47242418061,321.72271148742,-12.7));
#3780 = LINE('',#3781,#3782);
#3781 = CARTESIAN_POINT('',(283.55046426117,313.64467140686,-12.7));
#3782 = VECTOR('',#3783,1.);
#3783 = DIRECTION('',(-0.707106781187,0.707106781187,0.));
#3784 = ORIENTED_EDGE('',*,*,#3785,.F.);
#3785 = EDGE_CURVE('',#3709,#3778,#3786,.T.);
#3786 = CIRCLE('',#3787,3.174);
#3787 = AXIS2_PLACEMENT_3D('',#3788,#3789,#3790);
#3788 = CARTESIAN_POINT('',(273.22806725712,319.47835456394,-12.7));
#3789 = DIRECTION('',(-0.,0.,1.));
#3790 = DIRECTION('',(0.707106781187,-0.707106781187,0.));
#3791 = FACE_BOUND('',#3792,.T.);
#3792 = EDGE_LOOP('',(#3793,#3804,#3812,#3821,#3829,#3838,#3846,#3855,
    #3864,#3872));
#3793 = ORIENTED_EDGE('',*,*,#3794,.F.);
#3794 = EDGE_CURVE('',#3795,#3797,#3799,.T.);
#3795 = VERTEX_POINT('',#3796);
#3796 = CARTESIAN_POINT('',(318.76600235954,196.97242418061,-12.7));
#3797 = VERTEX_POINT('',#3798);
#3798 = CARTESIAN_POINT('',(316.72382300643,197.89562155501,-12.7));
#3799 = CIRCLE('',#3800,3.174);
#3800 = AXIS2_PLACEMENT_3D('',#3801,#3802,#3803);
#3801 = CARTESIAN_POINT('',(316.52164543605,194.72806725712,-12.7));
#3802 = DIRECTION('',(0.,-0.,1.));
#3803 = DIRECTION('',(0.707106781187,0.707106781187,0.));
#3804 = ORIENTED_EDGE('',*,*,#3805,.F.);
#3805 = EDGE_CURVE('',#3806,#3795,#3808,.T.);
#3806 = VERTEX_POINT('',#3807);
#3807 = CARTESIAN_POINT('',(328.4038679031,187.33455863705,-12.7));
#3808 = LINE('',#3809,#3810);
#3809 = CARTESIAN_POINT('',(297.43371904833,218.30470749182,-12.7));
#3810 = VECTOR('',#3811,1.);
#3811 = DIRECTION('',(-0.707106781187,0.707106781187,0.));
#3812 = ORIENTED_EDGE('',*,*,#3813,.F.);
#3813 = EDGE_CURVE('',#3814,#3806,#3816,.T.);
#3814 = VERTEX_POINT('',#3815);
#3815 = CARTESIAN_POINT('',(328.4038679031,182.84584479007,-12.7));
#3816 = CIRCLE('',#3817,3.174);
#3817 = AXIS2_PLACEMENT_3D('',#3818,#3819,#3820);
#3818 = CARTESIAN_POINT('',(326.15951097962,185.09020171356,-12.7));
#3819 = DIRECTION('',(-0.,0.,1.));
#3820 = DIRECTION('',(0.707106781187,-0.707106781187,0.));
#3821 = ORIENTED_EDGE('',*,*,#3822,.T.);
#3822 = EDGE_CURVE('',#3814,#3823,#3825,.T.);
#3823 = VERTEX_POINT('',#3824);
#3824 = CARTESIAN_POINT('',(317.32916133431,171.77113822129,-12.7));
#3825 = LINE('',#3826,#3827);
#3826 = CARTESIAN_POINT('',(192.34440798367,46.786384870646,-12.7));
#3827 = VECTOR('',#3828,1.);
#3828 = DIRECTION('',(-0.707106781187,-0.707106781187,0.));
#3829 = ORIENTED_EDGE('',*,*,#3830,.F.);
#3830 = EDGE_CURVE('',#3831,#3823,#3833,.T.);
#3831 = VERTEX_POINT('',#3832);
#3832 = CARTESIAN_POINT('',(312.84044748734,171.77113822129,-12.7));
#3833 = CIRCLE('',#3834,3.174);
#3834 = AXIS2_PLACEMENT_3D('',#3835,#3836,#3837);
#3835 = CARTESIAN_POINT('',(315.08480441083,174.01549514477,-12.7));
#3836 = DIRECTION('',(0.,0.,1.));
#3837 = DIRECTION('',(-0.707106781187,-0.707106781187,0.));
#3838 = ORIENTED_EDGE('',*,*,#3839,.T.);
#3839 = EDGE_CURVE('',#3831,#3840,#3842,.T.);
#3840 = VERTEX_POINT('',#3841);
#3841 = CARTESIAN_POINT('',(303.20258194378,181.40900376485,-12.7));
#3842 = LINE('',#3843,#3844);
#3843 = CARTESIAN_POINT('',(281.87029863257,202.74128707606,-12.7));
#3844 = VECTOR('',#3845,1.);
#3845 = DIRECTION('',(-0.707106781187,0.707106781187,0.));
#3846 = ORIENTED_EDGE('',*,*,#3847,.F.);
#3847 = EDGE_CURVE('',#3848,#3840,#3850,.T.);
#3848 = VERTEX_POINT('',#3849);
#3849 = CARTESIAN_POINT('',(302.31026827096,184.13871990607,-12.7));
#3850 = CIRCLE('',#3851,3.174);
#3851 = AXIS2_PLACEMENT_3D('',#3852,#3853,#3854);
#3852 = CARTESIAN_POINT('',(305.44693886727,183.65336068833,-12.7));
#3853 = DIRECTION('',(0.,0.,1.));
#3854 = DIRECTION('',(-0.707106781187,-0.707106781187,0.));
#3855 = ORIENTED_EDGE('',*,*,#3856,.F.);
#3856 = EDGE_CURVE('',#3857,#3848,#3859,.T.);
#3857 = VERTEX_POINT('',#3858);
#3858 = CARTESIAN_POINT('',(303.20258194378,185.89771761182,-12.7));
#3859 = CIRCLE('',#3860,3.174);
#3860 = AXIS2_PLACEMENT_3D('',#3861,#3862,#3863);
#3861 = CARTESIAN_POINT('',(305.44693886727,183.65336068833,-12.7));
#3862 = DIRECTION('',(0.,0.,1.));
#3863 = DIRECTION('',(-0.707106781187,-0.707106781187,0.));
#3864 = ORIENTED_EDGE('',*,*,#3865,.F.);
#3865 = EDGE_CURVE('',#3866,#3857,#3868,.T.);
#3866 = VERTEX_POINT('',#3867);
#3867 = CARTESIAN_POINT('',(314.27728851257,196.97242418061,-12.7));
#3868 = LINE('',#3869,#3870);
#3869 = CARTESIAN_POINT('',(178.21782859314,60.912964261179,-12.7));
#3870 = VECTOR('',#3871,1.);
#3871 = DIRECTION('',(-0.707106781187,-0.707106781187,0.));
#3872 = ORIENTED_EDGE('',*,*,#3873,.F.);
#3873 = EDGE_CURVE('',#3797,#3866,#3874,.T.);
#3874 = CIRCLE('',#3875,3.174);
#3875 = AXIS2_PLACEMENT_3D('',#3876,#3877,#3878);
#3876 = CARTESIAN_POINT('',(316.52164543605,194.72806725712,-12.7));
#3877 = DIRECTION('',(0.,-0.,1.));
#3878 = DIRECTION('',(0.707106781187,0.707106781187,0.));
#3879 = FACE_BOUND('',#3880,.T.);
#3880 = EDGE_LOOP('',(#3881,#3892,#3900,#3909,#3917,#3926,#3934,#3943,
    #3952,#3960));
#3881 = ORIENTED_EDGE('',*,*,#3882,.F.);
#3882 = EDGE_CURVE('',#3883,#3885,#3887,.T.);
#3883 = VERTEX_POINT('',#3884);
#3884 = CARTESIAN_POINT('',(248.76600235954,64.472424180612,-12.7));
#3885 = VERTEX_POINT('',#3886);
#3886 = CARTESIAN_POINT('',(246.72382300643,65.395621555006,-12.7));
#3887 = CIRCLE('',#3888,3.174);
#3888 = AXIS2_PLACEMENT_3D('',#3889,#3890,#3891);
#3889 = CARTESIAN_POINT('',(246.52164543605,62.228067257126,-12.7));
#3890 = DIRECTION('',(0.,-0.,1.));
#3891 = DIRECTION('',(0.707106781187,0.707106781187,0.));
#3892 = ORIENTED_EDGE('',*,*,#3893,.F.);
#3893 = EDGE_CURVE('',#3894,#3883,#3896,.T.);
#3894 = VERTEX_POINT('',#3895);
#3895 = CARTESIAN_POINT('',(258.4038679031,54.834558637052,-12.7));
#3896 = LINE('',#3897,#3898);
#3897 = CARTESIAN_POINT('',(211.80871904833,101.42970749182,-12.7));
#3898 = VECTOR('',#3899,1.);
#3899 = DIRECTION('',(-0.707106781187,0.707106781187,0.));
#3900 = ORIENTED_EDGE('',*,*,#3901,.F.);
#3901 = EDGE_CURVE('',#3902,#3894,#3904,.T.);
#3902 = VERTEX_POINT('',#3903);
#3903 = CARTESIAN_POINT('',(258.4038679031,50.34584479008,-12.7));
#3904 = CIRCLE('',#3905,3.174);
#3905 = AXIS2_PLACEMENT_3D('',#3906,#3907,#3908);
#3906 = CARTESIAN_POINT('',(256.15951097962,52.590201713566,-12.7));
#3907 = DIRECTION('',(-0.,0.,1.));
#3908 = DIRECTION('',(0.707106781187,-0.707106781187,0.));
#3909 = ORIENTED_EDGE('',*,*,#3910,.T.);
#3910 = EDGE_CURVE('',#3902,#3911,#3913,.T.);
#3911 = VERTEX_POINT('',#3912);
#3912 = CARTESIAN_POINT('',(247.32916133431,39.271138221292,-12.7));
#3913 = LINE('',#3914,#3915);
#3914 = CARTESIAN_POINT('',(172.96940798367,-35.08861512935,-12.7));
#3915 = VECTOR('',#3916,1.);
#3916 = DIRECTION('',(-0.707106781187,-0.707106781187,0.));
#3917 = ORIENTED_EDGE('',*,*,#3918,.F.);
#3918 = EDGE_CURVE('',#3919,#3911,#3921,.T.);
#3919 = VERTEX_POINT('',#3920);
#3920 = CARTESIAN_POINT('',(242.84044748734,39.271138221292,-12.7));
#3921 = CIRCLE('',#3922,3.174);
#3922 = AXIS2_PLACEMENT_3D('',#3923,#3924,#3925);
#3923 = CARTESIAN_POINT('',(245.08480441083,41.515495144778,-12.7));
#3924 = DIRECTION('',(0.,0.,1.));
#3925 = DIRECTION('',(-0.707106781187,-0.707106781187,0.));
#3926 = ORIENTED_EDGE('',*,*,#3927,.T.);
#3927 = EDGE_CURVE('',#3919,#3928,#3930,.T.);
#3928 = VERTEX_POINT('',#3929);
#3929 = CARTESIAN_POINT('',(233.20258194378,48.909003764853,-12.7));
#3930 = LINE('',#3931,#3932);
#3931 = CARTESIAN_POINT('',(196.24529863257,85.866287076062,-12.7));
#3932 = VECTOR('',#3933,1.);
#3933 = DIRECTION('',(-0.707106781187,0.707106781187,0.));
#3934 = ORIENTED_EDGE('',*,*,#3935,.F.);
#3935 = EDGE_CURVE('',#3936,#3928,#3938,.T.);
#3936 = VERTEX_POINT('',#3937);
#3937 = CARTESIAN_POINT('',(232.31026827096,51.638719906077,-12.7));
#3938 = CIRCLE('',#3939,3.174);
#3939 = AXIS2_PLACEMENT_3D('',#3940,#3941,#3942);
#3940 = CARTESIAN_POINT('',(235.44693886727,51.153360688339,-12.7));
#3941 = DIRECTION('',(0.,0.,1.));
#3942 = DIRECTION('',(-0.707106781187,-0.707106781187,0.));
#3943 = ORIENTED_EDGE('',*,*,#3944,.F.);
#3944 = EDGE_CURVE('',#3945,#3936,#3947,.T.);
#3945 = VERTEX_POINT('',#3946);
#3946 = CARTESIAN_POINT('',(233.20258194378,53.397717611825,-12.7));
#3947 = CIRCLE('',#3948,3.174);
#3948 = AXIS2_PLACEMENT_3D('',#3949,#3950,#3951);
#3949 = CARTESIAN_POINT('',(235.44693886727,51.153360688339,-12.7));
#3950 = DIRECTION('',(0.,0.,1.));
#3951 = DIRECTION('',(-0.707106781187,-0.707106781187,0.));
#3952 = ORIENTED_EDGE('',*,*,#3953,.F.);
#3953 = EDGE_CURVE('',#3954,#3945,#3956,.T.);
#3954 = VERTEX_POINT('',#3955);
#3955 = CARTESIAN_POINT('',(244.27728851257,64.472424180612,-12.7));
#3956 = LINE('',#3957,#3958);
#3957 = CARTESIAN_POINT('',(158.84282859314,-20.96203573882,-12.7));
#3958 = VECTOR('',#3959,1.);
#3959 = DIRECTION('',(-0.707106781187,-0.707106781187,0.));
#3960 = ORIENTED_EDGE('',*,*,#3961,.F.);
#3961 = EDGE_CURVE('',#3885,#3954,#3962,.T.);
#3962 = CIRCLE('',#3963,3.174);
#3963 = AXIS2_PLACEMENT_3D('',#3964,#3965,#3966);
#3964 = CARTESIAN_POINT('',(246.52164543605,62.228067257126,-12.7));
#3965 = DIRECTION('',(0.,-0.,1.));
#3966 = DIRECTION('',(0.707106781187,0.707106781187,0.));
#3967 = FACE_BOUND('',#3968,.T.);
#3968 = EDGE_LOOP('',(#3969,#3980,#3988,#3997,#4005,#4014,#4022,#4031,
    #4040,#4048));
#3969 = ORIENTED_EDGE('',*,*,#3970,.F.);
#3970 = EDGE_CURVE('',#3971,#3973,#3975,.T.);
#3971 = VERTEX_POINT('',#3972);
#3972 = CARTESIAN_POINT('',(293.47242418061,146.73399764045,-12.7));
#3973 = VERTEX_POINT('',#3974);
#3974 = CARTESIAN_POINT('',(294.39562155501,148.77617699356,-12.7));
#3975 = CIRCLE('',#3976,3.174);
#3976 = AXIS2_PLACEMENT_3D('',#3977,#3978,#3979);
#3977 = CARTESIAN_POINT('',(291.22806725712,148.97835456394,-12.7));
#3978 = DIRECTION('',(-0.,0.,1.));
#3979 = DIRECTION('',(0.707106781187,-0.707106781187,0.));
#3980 = ORIENTED_EDGE('',*,*,#3981,.F.);
#3981 = EDGE_CURVE('',#3982,#3971,#3984,.T.);
#3982 = VERTEX_POINT('',#3983);
#3983 = CARTESIAN_POINT('',(283.83455863705,137.09613209689,-12.7));
#3984 = LINE('',#3985,#3986);
#3985 = CARTESIAN_POINT('',(175.89220749182,29.153780951665,-12.7));
#3986 = VECTOR('',#3987,1.);
#3987 = DIRECTION('',(0.707106781187,0.707106781187,0.));
#3988 = ORIENTED_EDGE('',*,*,#3989,.F.);
#3989 = EDGE_CURVE('',#3990,#3982,#3992,.T.);
#3990 = VERTEX_POINT('',#3991);
#3991 = CARTESIAN_POINT('',(279.34584479008,137.09613209689,-12.7));
#3992 = CIRCLE('',#3993,3.174);
#3993 = AXIS2_PLACEMENT_3D('',#3994,#3995,#3996);
#3994 = CARTESIAN_POINT('',(281.59020171356,139.34048902038,-12.7));
#3995 = DIRECTION('',(0.,0.,1.));
#3996 = DIRECTION('',(-0.707106781187,-0.707106781187,0.));
#3997 = ORIENTED_EDGE('',*,*,#3998,.T.);
#3998 = EDGE_CURVE('',#3990,#3999,#4001,.T.);
#3999 = VERTEX_POINT('',#4000);
#4000 = CARTESIAN_POINT('',(268.27113822129,148.17083866568,-12.7));
#4001 = LINE('',#4002,#4003);
#4002 = CARTESIAN_POINT('',(240.29888487064,176.14309201632,-12.7));
#4003 = VECTOR('',#4004,1.);
#4004 = DIRECTION('',(-0.707106781187,0.707106781187,0.));
#4005 = ORIENTED_EDGE('',*,*,#4006,.F.);
#4006 = EDGE_CURVE('',#4007,#3999,#4009,.T.);
#4007 = VERTEX_POINT('',#4008);
#4008 = CARTESIAN_POINT('',(268.27113822129,152.65955251265,-12.7));
#4009 = CIRCLE('',#4010,3.174);
#4010 = AXIS2_PLACEMENT_3D('',#4011,#4012,#4013);
#4011 = CARTESIAN_POINT('',(270.51549514477,150.41519558916,-12.7));
#4012 = DIRECTION('',(0.,0.,1.));
#4013 = DIRECTION('',(-0.707106781187,0.707106781187,0.));
#4014 = ORIENTED_EDGE('',*,*,#4015,.T.);
#4015 = EDGE_CURVE('',#4007,#4016,#4018,.T.);
#4016 = VERTEX_POINT('',#4017);
#4017 = CARTESIAN_POINT('',(277.90900376485,162.29741805621,-12.7));
#4018 = LINE('',#4019,#4020);
#4019 = CARTESIAN_POINT('',(160.32878707606,44.717201367425,-12.7));
#4020 = VECTOR('',#4021,1.);
#4021 = DIRECTION('',(0.707106781187,0.707106781187,0.));
#4022 = ORIENTED_EDGE('',*,*,#4023,.F.);
#4023 = EDGE_CURVE('',#4024,#4016,#4026,.T.);
#4024 = VERTEX_POINT('',#4025);
#4025 = CARTESIAN_POINT('',(280.63871990607,163.18973172904,-12.7));
#4026 = CIRCLE('',#4027,3.174);
#4027 = AXIS2_PLACEMENT_3D('',#4028,#4029,#4030);
#4028 = CARTESIAN_POINT('',(280.15336068833,160.05306113272,-12.7));
#4029 = DIRECTION('',(0.,0.,1.));
#4030 = DIRECTION('',(-0.707106781187,0.707106781187,0.));
#4031 = ORIENTED_EDGE('',*,*,#4032,.F.);
#4032 = EDGE_CURVE('',#4033,#4024,#4035,.T.);
#4033 = VERTEX_POINT('',#4034);
#4034 = CARTESIAN_POINT('',(282.39771761182,162.29741805621,-12.7));
#4035 = CIRCLE('',#4036,3.174);
#4036 = AXIS2_PLACEMENT_3D('',#4037,#4038,#4039);
#4037 = CARTESIAN_POINT('',(280.15336068833,160.05306113272,-12.7));
#4038 = DIRECTION('',(0.,0.,1.));
#4039 = DIRECTION('',(-0.707106781187,0.707106781187,0.));
#4040 = ORIENTED_EDGE('',*,*,#4041,.F.);
#4041 = EDGE_CURVE('',#4042,#4033,#4044,.T.);
#4042 = VERTEX_POINT('',#4043);
#4043 = CARTESIAN_POINT('',(293.47242418061,151.22271148742,-12.7));
#4044 = LINE('',#4045,#4046);
#4045 = CARTESIAN_POINT('',(254.42546426117,190.26967140686,-12.7));
#4046 = VECTOR('',#4047,1.);
#4047 = DIRECTION('',(-0.707106781187,0.707106781187,0.));
#4048 = ORIENTED_EDGE('',*,*,#4049,.F.);
#4049 = EDGE_CURVE('',#3973,#4042,#4050,.T.);
#4050 = CIRCLE('',#4051,3.174);
#4051 = AXIS2_PLACEMENT_3D('',#4052,#4053,#4054);
#4052 = CARTESIAN_POINT('',(291.22806725712,148.97835456394,-12.7));
#4053 = DIRECTION('',(-0.,0.,1.));
#4054 = DIRECTION('',(0.707106781187,-0.707106781187,0.));
#4055 = FACE_BOUND('',#4056,.T.);
#4056 = EDGE_LOOP('',(#4057,#4068,#4076,#4085,#4093,#4102,#4110,#4119,
    #4128,#4136));
#4057 = ORIENTED_EDGE('',*,*,#4058,.F.);
#4058 = EDGE_CURVE('',#4059,#4061,#4063,.T.);
#4059 = VERTEX_POINT('',#4060);
#4060 = CARTESIAN_POINT('',(310.52757581938,260.26600235954,-12.7));
#4061 = VERTEX_POINT('',#4062);
#4062 = CARTESIAN_POINT('',(309.60437844497,258.22382300643,-12.7));
#4063 = CIRCLE('',#4064,3.174);
#4064 = AXIS2_PLACEMENT_3D('',#4065,#4066,#4067);
#4065 = CARTESIAN_POINT('',(312.77193274287,258.02164543605,-12.7));
#4066 = DIRECTION('',(0.,0.,1.));
#4067 = DIRECTION('',(-0.707106781187,0.707106781187,0.));
#4068 = ORIENTED_EDGE('',*,*,#4069,.F.);
#4069 = EDGE_CURVE('',#4070,#4059,#4072,.T.);
#4070 = VERTEX_POINT('',#4071);
#4071 = CARTESIAN_POINT('',(320.16544136294,269.9038679031,-12.7));
#4072 = LINE('',#4073,#4074);
#4073 = CARTESIAN_POINT('',(172.18279250817,121.92121904833,-12.7));
#4074 = VECTOR('',#4075,1.);
#4075 = DIRECTION('',(-0.707106781187,-0.707106781187,0.));
#4076 = ORIENTED_EDGE('',*,*,#4077,.F.);
#4077 = EDGE_CURVE('',#4078,#4070,#4080,.T.);
#4078 = VERTEX_POINT('',#4079);
#4079 = CARTESIAN_POINT('',(324.65415520992,269.9038679031,-12.7));
#4080 = CIRCLE('',#4081,3.174);
#4081 = AXIS2_PLACEMENT_3D('',#4082,#4083,#4084);
#4082 = CARTESIAN_POINT('',(322.40979828643,267.65951097962,-12.7));
#4083 = DIRECTION('',(0.,-0.,1.));
#4084 = DIRECTION('',(0.707106781187,0.707106781187,0.));
#4085 = ORIENTED_EDGE('',*,*,#4086,.T.);
#4086 = EDGE_CURVE('',#4078,#4087,#4089,.T.);
#4087 = VERTEX_POINT('',#4088);
#4088 = CARTESIAN_POINT('',(335.7288617787,258.82916133431,-12.7));
#4089 = LINE('',#4090,#4091);
#4090 = CARTESIAN_POINT('',(320.80111512935,273.75690798367,-12.7));
#4091 = VECTOR('',#4092,1.);
#4092 = DIRECTION('',(0.707106781187,-0.707106781187,0.));
#4093 = ORIENTED_EDGE('',*,*,#4094,.F.);
#4094 = EDGE_CURVE('',#4095,#4087,#4097,.T.);
#4095 = VERTEX_POINT('',#4096);
#4096 = CARTESIAN_POINT('',(335.7288617787,254.34044748734,-12.7));
#4097 = CIRCLE('',#4098,3.174);
#4098 = AXIS2_PLACEMENT_3D('',#4099,#4100,#4101);
#4099 = CARTESIAN_POINT('',(333.48450485522,256.58480441083,-12.7));
#4100 = DIRECTION('',(-0.,0.,1.));
#4101 = DIRECTION('',(0.707106781187,-0.707106781187,0.));
#4102 = ORIENTED_EDGE('',*,*,#4103,.T.);
#4103 = EDGE_CURVE('',#4095,#4104,#4106,.T.);
#4104 = VERTEX_POINT('',#4105);
#4105 = CARTESIAN_POINT('',(326.09099623514,244.70258194378,-12.7));
#4106 = LINE('',#4107,#4108);
#4107 = CARTESIAN_POINT('',(187.74621292393,106.35779863257,-12.7));
#4108 = VECTOR('',#4109,1.);
#4109 = DIRECTION('',(-0.707106781187,-0.707106781187,0.));
#4110 = ORIENTED_EDGE('',*,*,#4111,.F.);
#4111 = EDGE_CURVE('',#4112,#4104,#4114,.T.);
#4112 = VERTEX_POINT('',#4113);
#4113 = CARTESIAN_POINT('',(323.36128009392,243.81026827095,-12.7));
#4114 = CIRCLE('',#4115,3.174);
#4115 = AXIS2_PLACEMENT_3D('',#4116,#4117,#4118);
#4116 = CARTESIAN_POINT('',(323.84663931166,246.94693886727,-12.7));
#4117 = DIRECTION('',(-0.,0.,1.));
#4118 = DIRECTION('',(0.707106781187,-0.707106781187,0.));
#4119 = ORIENTED_EDGE('',*,*,#4120,.F.);
#4120 = EDGE_CURVE('',#4121,#4112,#4123,.T.);
#4121 = VERTEX_POINT('',#4122);
#4122 = CARTESIAN_POINT('',(321.60228238817,244.70258194378,-12.7));
#4123 = CIRCLE('',#4124,3.174);
#4124 = AXIS2_PLACEMENT_3D('',#4125,#4126,#4127);
#4125 = CARTESIAN_POINT('',(323.84663931166,246.94693886727,-12.7));
#4126 = DIRECTION('',(-0.,0.,1.));
#4127 = DIRECTION('',(0.707106781187,-0.707106781187,0.));
#4128 = ORIENTED_EDGE('',*,*,#4129,.F.);
#4129 = EDGE_CURVE('',#4130,#4121,#4132,.T.);
#4130 = VERTEX_POINT('',#4131);
#4131 = CARTESIAN_POINT('',(310.52757581938,255.77728851257,-12.7));
#4132 = LINE('',#4133,#4134);
#4133 = CARTESIAN_POINT('',(306.67453573882,259.63032859314,-12.7));
#4134 = VECTOR('',#4135,1.);
#4135 = DIRECTION('',(0.707106781187,-0.707106781187,0.));
#4136 = ORIENTED_EDGE('',*,*,#4137,.F.);
#4137 = EDGE_CURVE('',#4061,#4130,#4138,.T.);
#4138 = CIRCLE('',#4139,3.174);
#4139 = AXIS2_PLACEMENT_3D('',#4140,#4141,#4142);
#4140 = CARTESIAN_POINT('',(312.77193274287,258.02164543605,-12.7));
#4141 = DIRECTION('',(0.,0.,1.));
#4142 = DIRECTION('',(-0.707106781187,0.707106781187,0.));
#4143 = FACE_BOUND('',#4144,.T.);
#4144 = EDGE_LOOP('',(#4145,#4156,#4164,#4173,#4181,#4190,#4198,#4207,
    #4216,#4224));
#4145 = ORIENTED_EDGE('',*,*,#4146,.F.);
#4146 = EDGE_CURVE('',#4147,#4149,#4151,.T.);
#4147 = VERTEX_POINT('',#4148);
#4148 = CARTESIAN_POINT('',(568.89969560185,102.91743642626,-12.7));
#4149 = VERTEX_POINT('',#4150);
#4150 = CARTESIAN_POINT('',(570.95898288279,102.03305766298,-12.7));
#4151 = CIRCLE('',#4152,3.174);
#4152 = AXIS2_PLACEMENT_3D('',#4153,#4154,#4155);
#4153 = CARTESIAN_POINT('',(571.10117053757,105.20387122905,-12.7));
#4154 = DIRECTION('',(0.,0.,1.));
#4155 = DIRECTION('',(-0.693596388065,-0.720363832007,0.));
#4156 = ORIENTED_EDGE('',*,*,#4157,.F.);
#4157 = EDGE_CURVE('',#4158,#4147,#4160,.T.);
#4158 = VERTEX_POINT('',#4159);
#4159 = CARTESIAN_POINT('',(559.08113645344,112.37115530935,-12.7));
#4160 = LINE('',#4161,#4162);
#4161 = CARTESIAN_POINT('',(444.15359134776,223.02819642197,-12.7));
#4162 = VECTOR('',#4163,1.);
#4163 = DIRECTION('',(0.720363832007,-0.693596388065,0.));
#4164 = ORIENTED_EDGE('',*,*,#4165,.F.);
#4165 = EDGE_CURVE('',#4166,#4158,#4168,.T.);
#4166 = VERTEX_POINT('',#4167);
#4167 = CARTESIAN_POINT('',(558.99617658636,116.85906504786,-12.7));
#4168 = CIRCLE('',#4169,3.174);
#4169 = AXIS2_PLACEMENT_3D('',#4170,#4171,#4172);
#4170 = CARTESIAN_POINT('',(561.28261138915,114.65759011214,-12.7));
#4171 = DIRECTION('',(0.,0.,1.));
#4172 = DIRECTION('',(-0.720363832007,0.693596388065,0.));
#4173 = ORIENTED_EDGE('',*,*,#4174,.T.);
#4174 = EDGE_CURVE('',#4166,#4175,#4177,.T.);
#4175 = VERTEX_POINT('',#4176);
#4176 = CARTESIAN_POINT('',(569.85928337499,128.14140354963,-12.7));
#4177 = LINE('',#4178,#4179);
#4178 = CARTESIAN_POINT('',(400.25898945824,-48.00414700069,-12.7));
#4179 = VECTOR('',#4180,1.);
#4180 = DIRECTION('',(0.693596388065,0.720363832007,0.));
#4181 = ORIENTED_EDGE('',*,*,#4182,.F.);
#4182 = EDGE_CURVE('',#4183,#4175,#4185,.T.);
#4183 = VERTEX_POINT('',#4184);
#4184 = CARTESIAN_POINT('',(574.34719311349,128.2263634167,-12.7));
#4185 = CIRCLE('',#4186,3.174);
#4186 = AXIS2_PLACEMENT_3D('',#4187,#4188,#4189);
#4187 = CARTESIAN_POINT('',(572.14571817777,125.93992861391,-12.7));
#4188 = DIRECTION('',(0.,-0.,1.));
#4189 = DIRECTION('',(0.693596388065,0.720363832007,0.));
#4190 = ORIENTED_EDGE('',*,*,#4191,.T.);
#4191 = EDGE_CURVE('',#4183,#4192,#4194,.T.);
#4192 = VERTEX_POINT('',#4193);
#4193 = CARTESIAN_POINT('',(584.16575226191,118.77264453361,-12.7));
#4194 = LINE('',#4195,#4196);
#4195 = CARTESIAN_POINT('',(459.41964800781,238.88340452932,-12.7));
#4196 = VECTOR('',#4197,1.);
#4197 = DIRECTION('',(0.720363832007,-0.693596388065,0.));
#4198 = ORIENTED_EDGE('',*,*,#4199,.F.);
#4199 = EDGE_CURVE('',#4200,#4192,#4202,.T.);
#4200 = VERTEX_POINT('',#4201);
#4201 = CARTESIAN_POINT('',(585.10957262715,116.0603066084,-12.7));
#4202 = CIRCLE('',#4203,3.174);
#4203 = AXIS2_PLACEMENT_3D('',#4204,#4205,#4206);
#4204 = CARTESIAN_POINT('',(581.96427732619,116.48620973082,-12.7));
#4205 = DIRECTION('',(0.,-0.,1.));
#4206 = DIRECTION('',(0.693596388065,0.720363832007,0.));
#4207 = ORIENTED_EDGE('',*,*,#4208,.F.);
#4208 = EDGE_CURVE('',#4209,#4200,#4211,.T.);
#4209 = VERTEX_POINT('',#4210);
#4210 = CARTESIAN_POINT('',(584.25071212898,114.2847347951,-12.7));
#4211 = CIRCLE('',#4212,3.174);
#4212 = AXIS2_PLACEMENT_3D('',#4213,#4214,#4215);
#4213 = CARTESIAN_POINT('',(581.96427732619,116.48620973082,-12.7));
#4214 = DIRECTION('',(0.,-0.,1.));
#4215 = DIRECTION('',(0.693596388065,0.720363832007,0.));
#4216 = ORIENTED_EDGE('',*,*,#4217,.F.);
#4217 = EDGE_CURVE('',#4218,#4209,#4220,.T.);
#4218 = VERTEX_POINT('',#4219);
#4219 = CARTESIAN_POINT('',(573.38760534036,103.00239629333,-12.7));
#4220 = LINE('',#4221,#4222);
#4221 = CARTESIAN_POINT('',(414.65041821223,-61.86081575522,-12.7));
#4222 = VECTOR('',#4223,1.);
#4223 = DIRECTION('',(0.693596388065,0.720363832007,0.));
#4224 = ORIENTED_EDGE('',*,*,#4225,.F.);
#4225 = EDGE_CURVE('',#4149,#4218,#4226,.T.);
#4226 = CIRCLE('',#4227,3.174);
#4227 = AXIS2_PLACEMENT_3D('',#4228,#4229,#4230);
#4228 = CARTESIAN_POINT('',(571.10117053757,105.20387122905,-12.7));
#4229 = DIRECTION('',(0.,0.,1.));
#4230 = DIRECTION('',(-0.693596388065,-0.720363832007,0.));
#4231 = FACE_BOUND('',#4232,.T.);
#4232 = EDGE_LOOP('',(#4233,#4244,#4252,#4261,#4269,#4278,#4286,#4295,
    #4304,#4312));
#4233 = ORIENTED_EDGE('',*,*,#4234,.F.);
#4234 = EDGE_CURVE('',#4235,#4237,#4239,.T.);
#4235 = VERTEX_POINT('',#4236);
#4236 = CARTESIAN_POINT('',(158.53920487426,10.141999636916,-12.7));
#4237 = VERTEX_POINT('',#4238);
#4238 = CARTESIAN_POINT('',(157.70841909416,12.223485858333,-12.7));
#4239 = CIRCLE('',#4240,3.174);
#4240 = AXIS2_PLACEMENT_3D('',#4241,#4242,#4243);
#4241 = CARTESIAN_POINT('',(155.36577346481,10.08192393878,-12.7));
#4242 = DIRECTION('',(0.,-0.,1.));
#4243 = DIRECTION('',(0.999820859941,1.89274411266E-02,0.));
#4244 = ORIENTED_EDGE('',*,*,#4245,.F.);
#4245 = EDGE_CURVE('',#4246,#4235,#4248,.T.);
#4246 = VERTEX_POINT('',#4247);
#4247 = CARTESIAN_POINT('',(158.79718589992,-3.485558848077,-12.7));
#4248 = LINE('',#4249,#4250);
#4249 = CARTESIAN_POINT('',(158.85649342298,-6.618412270205,-12.7));
#4250 = VECTOR('',#4251,1.);
#4251 = DIRECTION('',(-1.89274411266E-02,0.999820859941,0.));
#4252 = ORIENTED_EDGE('',*,*,#4253,.F.);
#4253 = EDGE_CURVE('',#4254,#4246,#4256,.T.);
#4254 = VERTEX_POINT('',#4255);
#4255 = CARTESIAN_POINT('',(155.68383018861,-6.719065955665,-12.7));
#4256 = CIRCLE('',#4257,3.174);
#4257 = AXIS2_PLACEMENT_3D('',#4258,#4259,#4260);
#4258 = CARTESIAN_POINT('',(155.62375449047,-3.545634546213,-12.7));
#4259 = DIRECTION('',(-0.,0.,1.));
#4260 = DIRECTION('',(1.89274411266E-02,-0.999820859941,0.));
#4261 = ORIENTED_EDGE('',*,*,#4262,.T.);
#4262 = EDGE_CURVE('',#4254,#4263,#4265,.T.);
#4263 = VERTEX_POINT('',#4264);
#4264 = CARTESIAN_POINT('',(140.02463565138,-7.015507542922,-12.7));
#4265 = LINE('',#4266,#4267);
#4266 = CARTESIAN_POINT('',(70.013870296042,-8.340869607852,-12.7));
#4267 = VECTOR('',#4268,1.);
#4268 = DIRECTION('',(-0.999820859941,-1.89274411266E-02,0.));
#4269 = ORIENTED_EDGE('',*,*,#4270,.F.);
#4270 = EDGE_CURVE('',#4271,#4263,#4273,.T.);
#4271 = VERTEX_POINT('',#4272);
#4272 = CARTESIAN_POINT('',(136.79112854379,-3.902151831606,-12.7));
#4273 = CIRCLE('',#4274,3.174);
#4274 = AXIS2_PLACEMENT_3D('',#4275,#4276,#4277);
#4275 = CARTESIAN_POINT('',(139.96455995324,-3.84207613347,-12.7));
#4276 = DIRECTION('',(0.,0.,1.));
#4277 = DIRECTION('',(-0.999820859941,-1.89274411266E-02,0.));
#4278 = ORIENTED_EDGE('',*,*,#4279,.T.);
#4279 = EDGE_CURVE('',#4271,#4280,#4282,.T.);
#4280 = VERTEX_POINT('',#4281);
#4281 = CARTESIAN_POINT('',(136.53314751813,9.725406653387,-12.7));
#4282 = LINE('',#4283,#4284);
#4283 = CARTESIAN_POINT('',(136.85043606685,-7.035005253734,-12.7));
#4284 = VECTOR('',#4285,1.);
#4285 = DIRECTION('',(-1.89274411266E-02,0.999820859941,0.));
#4286 = ORIENTED_EDGE('',*,*,#4287,.F.);
#4287 = EDGE_CURVE('',#4288,#4280,#4290,.T.);
#4288 = VERTEX_POINT('',#4289);
#4289 = CARTESIAN_POINT('',(137.78367827742,12.310700973663,-12.7));
#4290 = CIRCLE('',#4291,3.174);
#4291 = AXIS2_PLACEMENT_3D('',#4292,#4293,#4294);
#4292 = CARTESIAN_POINT('',(139.70657892758,9.785482351523,-12.7));
#4293 = DIRECTION('',(0.,0.,1.));
#4294 = DIRECTION('',(-0.999820859941,-1.89274411266E-02,0.));
#4295 = ORIENTED_EDGE('',*,*,#4296,.F.);
#4296 = EDGE_CURVE('',#4297,#4288,#4299,.T.);
#4297 = VERTEX_POINT('',#4298);
#4298 = CARTESIAN_POINT('',(139.64650322944,12.958913760975,-12.7));
#4299 = CIRCLE('',#4300,3.174);
#4300 = AXIS2_PLACEMENT_3D('',#4301,#4302,#4303);
#4301 = CARTESIAN_POINT('',(139.70657892758,9.785482351523,-12.7));
#4302 = DIRECTION('',(0.,0.,1.));
#4303 = DIRECTION('',(-0.999820859941,-1.89274411266E-02,0.));
#4304 = ORIENTED_EDGE('',*,*,#4305,.F.);
#4305 = EDGE_CURVE('',#4306,#4297,#4308,.T.);
#4306 = VERTEX_POINT('',#4307);
#4307 = CARTESIAN_POINT('',(155.30569776668,13.255355348232,-12.7));
#4308 = LINE('',#4309,#4310);
#4309 = CARTESIAN_POINT('',(69.63573787411,11.633551696044,-12.7));
#4310 = VECTOR('',#4311,1.);
#4311 = DIRECTION('',(-0.999820859941,-1.89274411266E-02,0.));
#4312 = ORIENTED_EDGE('',*,*,#4313,.F.);
#4313 = EDGE_CURVE('',#4237,#4306,#4314,.T.);
#4314 = CIRCLE('',#4315,3.174);
#4315 = AXIS2_PLACEMENT_3D('',#4316,#4317,#4318);
#4316 = CARTESIAN_POINT('',(155.36577346481,10.08192393878,-12.7));
#4317 = DIRECTION('',(0.,-0.,1.));
#4318 = DIRECTION('',(0.999820859941,1.89274411266E-02,0.));
#4319 = FACE_BOUND('',#4320,.T.);
#4320 = EDGE_LOOP('',(#4321,#4332,#4341,#4349,#4358,#4367,#4375,#4384,
    #4392,#4401));
#4321 = ORIENTED_EDGE('',*,*,#4322,.F.);
#4322 = EDGE_CURVE('',#4323,#4325,#4327,.T.);
#4323 = VERTEX_POINT('',#4324);
#4324 = CARTESIAN_POINT('',(162.13432409556,340.00956240344,-12.7));
#4325 = VERTEX_POINT('',#4326);
#4326 = CARTESIAN_POINT('',(160.88379333627,337.42426808317,-12.7));
#4327 = CIRCLE('',#4328,3.174);
#4328 = AXIS2_PLACEMENT_3D('',#4329,#4330,#4331);
#4329 = CARTESIAN_POINT('',(164.05722474572,337.48434378131,-12.7));
#4330 = DIRECTION('',(0.,0.,1.));
#4331 = DIRECTION('',(-0.999820859941,-1.89274411266E-02,0.));
#4332 = ORIENTED_EDGE('',*,*,#4333,.F.);
#4333 = EDGE_CURVE('',#4334,#4323,#4336,.T.);
#4334 = VERTEX_POINT('',#4335);
#4335 = CARTESIAN_POINT('',(163.99714904758,340.65777519076,-12.7));
#4336 = CIRCLE('',#4337,3.174);
#4337 = AXIS2_PLACEMENT_3D('',#4338,#4339,#4340);
#4338 = CARTESIAN_POINT('',(164.05722474572,337.48434378131,-12.7));
#4339 = DIRECTION('',(0.,0.,1.));
#4340 = DIRECTION('',(-0.999820859941,-1.89274411266E-02,0.));
#4341 = ORIENTED_EDGE('',*,*,#4342,.F.);
#4342 = EDGE_CURVE('',#4343,#4334,#4345,.T.);
#4343 = VERTEX_POINT('',#4344);
#4344 = CARTESIAN_POINT('',(179.65634358481,340.95421677801,-12.7));
#4345 = LINE('',#4346,#4347);
#4346 = CARTESIAN_POINT('',(78.714727673303,339.04330796531,-12.7));
#4347 = VECTOR('',#4348,1.);
#4348 = DIRECTION('',(-0.999820859941,-1.89274411266E-02,0.));
#4349 = ORIENTED_EDGE('',*,*,#4350,.F.);
#4350 = EDGE_CURVE('',#4351,#4343,#4353,.T.);
#4351 = VERTEX_POINT('',#4352);
#4352 = CARTESIAN_POINT('',(182.0590649123,339.92234728811,-12.7));
#4353 = CIRCLE('',#4354,3.174);
#4354 = AXIS2_PLACEMENT_3D('',#4355,#4356,#4357);
#4355 = CARTESIAN_POINT('',(179.71641928295,337.78078536856,-12.7));
#4356 = DIRECTION('',(0.,-0.,1.));
#4357 = DIRECTION('',(0.999820859941,1.89274411266E-02,0.));
#4358 = ORIENTED_EDGE('',*,*,#4359,.F.);
#4359 = EDGE_CURVE('',#4360,#4351,#4362,.T.);
#4360 = VERTEX_POINT('',#4361);
#4361 = CARTESIAN_POINT('',(182.8898506924,337.8408610667,-12.7));
#4362 = CIRCLE('',#4363,3.174);
#4363 = AXIS2_PLACEMENT_3D('',#4364,#4365,#4366);
#4364 = CARTESIAN_POINT('',(179.71641928295,337.78078536856,-12.7));
#4365 = DIRECTION('',(0.,-0.,1.));
#4366 = DIRECTION('',(0.999820859941,1.89274411266E-02,0.));
#4367 = ORIENTED_EDGE('',*,*,#4368,.F.);
#4368 = EDGE_CURVE('',#4369,#4360,#4371,.T.);
#4369 = VERTEX_POINT('',#4370);
#4370 = CARTESIAN_POINT('',(183.14783171806,324.2133025817,-12.7));
#4371 = LINE('',#4372,#4373);
#4372 = CARTESIAN_POINT('',(186.303472351,157.5201236052,-12.7));
#4373 = VECTOR('',#4374,1.);
#4374 = DIRECTION('',(-1.89274411266E-02,0.999820859941,0.));
#4375 = ORIENTED_EDGE('',*,*,#4376,.F.);
#4376 = EDGE_CURVE('',#4377,#4369,#4379,.T.);
#4377 = VERTEX_POINT('',#4378);
#4378 = CARTESIAN_POINT('',(180.03447600675,320.97979547412,-12.7));
#4379 = CIRCLE('',#4380,3.174);
#4380 = AXIS2_PLACEMENT_3D('',#4381,#4382,#4383);
#4381 = CARTESIAN_POINT('',(179.97440030861,324.15322688357,-12.7));
#4382 = DIRECTION('',(-0.,0.,1.));
#4383 = DIRECTION('',(1.89274411266E-02,-0.999820859941,0.));
#4384 = ORIENTED_EDGE('',*,*,#4385,.T.);
#4385 = EDGE_CURVE('',#4377,#4386,#4388,.T.);
#4386 = VERTEX_POINT('',#4387);
#4387 = CARTESIAN_POINT('',(164.37528146951,320.68335388686,-12.7));
#4388 = LINE('',#4389,#4390);
#4389 = CARTESIAN_POINT('',(79.092860095235,319.06888666141,-12.7));
#4390 = VECTOR('',#4391,1.);
#4391 = DIRECTION('',(-0.999820859941,-1.89274411266E-02,0.));
#4392 = ORIENTED_EDGE('',*,*,#4393,.F.);
#4393 = EDGE_CURVE('',#4394,#4386,#4396,.T.);
#4394 = VERTEX_POINT('',#4395);
#4395 = CARTESIAN_POINT('',(161.14177436193,323.79670959818,-12.7));
#4396 = CIRCLE('',#4397,3.174);
#4397 = AXIS2_PLACEMENT_3D('',#4398,#4399,#4400);
#4398 = CARTESIAN_POINT('',(164.31520577138,323.85678529631,-12.7));
#4399 = DIRECTION('',(0.,0.,1.));
#4400 = DIRECTION('',(-0.999820859941,-1.89274411266E-02,0.));
#4401 = ORIENTED_EDGE('',*,*,#4402,.T.);
#4402 = EDGE_CURVE('',#4394,#4325,#4403,.T.);
#4403 = LINE('',#4404,#4405);
#4404 = CARTESIAN_POINT('',(164.29741499486,157.10353062167,-12.7));
#4405 = VECTOR('',#4406,1.);
#4406 = DIRECTION('',(-1.89274411266E-02,0.999820859941,0.));
#4407 = FACE_BOUND('',#4408,.T.);
#4408 = EDGE_LOOP('',(#4409,#4419,#4428,#4436,#4445,#4453,#4462,#4470));
#4409 = ORIENTED_EDGE('',*,*,#4410,.F.);
#4410 = EDGE_CURVE('',#4411,#4413,#4415,.T.);
#4411 = VERTEX_POINT('',#4412);
#4412 = CARTESIAN_POINT('',(546.360398034,48.777114084353,-12.7));
#4413 = VERTEX_POINT('',#4414);
#4414 = CARTESIAN_POINT('',(565.00905671361,49.130148716246,-12.7));
#4415 = LINE('',#4416,#4417);
#4416 = CARTESIAN_POINT('',(543.18696662454,48.717038386217,-12.7));
#4417 = VECTOR('',#4418,1.);
#4418 = DIRECTION('',(0.999820859941,1.89274411266E-02,0.));
#4419 = ORIENTED_EDGE('',*,*,#4420,.F.);
#4420 = EDGE_CURVE('',#4421,#4411,#4423,.T.);
#4421 = VERTEX_POINT('',#4422);
#4422 = CARTESIAN_POINT('',(543.12689092641,51.890469795669,-12.7));
#4423 = CIRCLE('',#4424,3.174);
#4424 = AXIS2_PLACEMENT_3D('',#4425,#4426,#4427);
#4425 = CARTESIAN_POINT('',(546.30032233586,51.950545493805,-12.7));
#4426 = DIRECTION('',(0.,0.,1.));
#4427 = DIRECTION('',(-0.999820859941,-1.89274411266E-02,0.));
#4428 = ORIENTED_EDGE('',*,*,#4429,.F.);
#4429 = EDGE_CURVE('',#4430,#4421,#4432,.T.);
#4430 = VERTEX_POINT('',#4431);
#4431 = CARTESIAN_POINT('',(543.12401395536,52.04244256638,-12.7));
#4432 = LINE('',#4433,#4434);
#4433 = CARTESIAN_POINT('',(543.06393825722,55.215873975831,-12.7));
#4434 = VECTOR('',#4435,1.);
#4435 = DIRECTION('',(1.89274411266E-02,-0.999820859941,0.));
#4436 = ORIENTED_EDGE('',*,*,#4437,.F.);
#4437 = EDGE_CURVE('',#4438,#4430,#4440,.T.);
#4438 = VERTEX_POINT('',#4439);
#4439 = CARTESIAN_POINT('',(546.23736966667,55.275949673967,-12.7));
#4440 = CIRCLE('',#4441,3.174);
#4441 = AXIS2_PLACEMENT_3D('',#4442,#4443,#4444);
#4442 = CARTESIAN_POINT('',(546.29744536481,52.102518264516,-12.7));
#4443 = DIRECTION('',(0.,0.,1.));
#4444 = DIRECTION('',(-0.999820859941,-1.89274411266E-02,0.));
#4445 = ORIENTED_EDGE('',*,*,#4446,.T.);
#4446 = EDGE_CURVE('',#4438,#4447,#4449,.T.);
#4447 = VERTEX_POINT('',#4448);
#4448 = CARTESIAN_POINT('',(564.88602834629,55.62898430586,-12.7));
#4449 = LINE('',#4450,#4451);
#4450 = CARTESIAN_POINT('',(543.06393825722,55.215873975831,-12.7));
#4451 = VECTOR('',#4452,1.);
#4452 = DIRECTION('',(0.999820859941,1.89274411266E-02,0.));
#4453 = ORIENTED_EDGE('',*,*,#4454,.T.);
#4454 = EDGE_CURVE('',#4447,#4455,#4457,.T.);
#4455 = VERTEX_POINT('',#4456);
#4456 = CARTESIAN_POINT('',(568.11953545387,52.515628594545,-12.7));
#4457 = CIRCLE('',#4458,3.174);
#4458 = AXIS2_PLACEMENT_3D('',#4459,#4460,#4461);
#4459 = CARTESIAN_POINT('',(564.94610404442,52.455552896409,-12.7));
#4460 = DIRECTION('',(-0.,0.,-1.));
#4461 = DIRECTION('',(-0.999820859941,-1.89274411266E-02,0.));
#4462 = ORIENTED_EDGE('',*,*,#4463,.T.);
#4463 = EDGE_CURVE('',#4455,#4464,#4466,.T.);
#4464 = VERTEX_POINT('',#4465);
#4465 = CARTESIAN_POINT('',(568.12241242492,52.363655823834,-12.7));
#4466 = LINE('',#4467,#4468);
#4467 = CARTESIAN_POINT('',(568.05945975574,55.689060003996,-12.7));
#4468 = VECTOR('',#4469,1.);
#4469 = DIRECTION('',(1.89274411266E-02,-0.999820859941,0.));
#4470 = ORIENTED_EDGE('',*,*,#4471,.F.);
#4471 = EDGE_CURVE('',#4413,#4464,#4472,.T.);
#4472 = CIRCLE('',#4473,3.174);
#4473 = AXIS2_PLACEMENT_3D('',#4474,#4475,#4476);
#4474 = CARTESIAN_POINT('',(564.94898101547,52.303580125698,-12.7));
#4475 = DIRECTION('',(0.,0.,1.));
#4476 = DIRECTION('',(-0.999820859941,-1.89274411266E-02,0.));
#4477 = FACE_BOUND('',#4478,.T.);
#4478 = EDGE_LOOP('',(#4479,#4489,#4498,#4506,#4515,#4523,#4532,#4540));
#4479 = ORIENTED_EDGE('',*,*,#4480,.F.);
#4480 = EDGE_CURVE('',#4481,#4483,#4485,.T.);
#4481 = VERTEX_POINT('',#4482);
#4482 = CARTESIAN_POINT('',(581.24423856715,329.00201836461,-12.7));
#4483 = VERTEX_POINT('',#4484);
#4484 = CARTESIAN_POINT('',(599.89289724676,329.3550529965,-12.7));
#4485 = LINE('',#4486,#4487);
#4486 = CARTESIAN_POINT('',(578.0708071577,328.94194266647,-12.7));
#4487 = VECTOR('',#4488,1.);
#4488 = DIRECTION('',(0.999820859941,1.89274411266E-02,0.));
#4489 = ORIENTED_EDGE('',*,*,#4490,.F.);
#4490 = EDGE_CURVE('',#4491,#4481,#4493,.T.);
#4491 = VERTEX_POINT('',#4492);
#4492 = CARTESIAN_POINT('',(578.01073145956,332.11537407592,-12.7));
#4493 = CIRCLE('',#4494,3.174);
#4494 = AXIS2_PLACEMENT_3D('',#4495,#4496,#4497);
#4495 = CARTESIAN_POINT('',(581.18416286901,332.17544977406,-12.7));
#4496 = DIRECTION('',(0.,0.,1.));
#4497 = DIRECTION('',(-0.999820859941,-1.89274411266E-02,0.));
#4498 = ORIENTED_EDGE('',*,*,#4499,.F.);
#4499 = EDGE_CURVE('',#4500,#4491,#4502,.T.);
#4500 = VERTEX_POINT('',#4501);
#4501 = CARTESIAN_POINT('',(578.00785448851,332.26734684663,-12.7));
#4502 = LINE('',#4503,#4504);
#4503 = CARTESIAN_POINT('',(577.94777879038,335.44077825608,-12.7));
#4504 = VECTOR('',#4505,1.);
#4505 = DIRECTION('',(1.89274411266E-02,-0.999820859941,0.));
#4506 = ORIENTED_EDGE('',*,*,#4507,.F.);
#4507 = EDGE_CURVE('',#4508,#4500,#4510,.T.);
#4508 = VERTEX_POINT('',#4509);
#4509 = CARTESIAN_POINT('',(581.12121019983,335.50085395422,-12.7));
#4510 = CIRCLE('',#4511,3.174);
#4511 = AXIS2_PLACEMENT_3D('',#4512,#4513,#4514);
#4512 = CARTESIAN_POINT('',(581.18128589796,332.32742254477,-12.7));
#4513 = DIRECTION('',(0.,0.,1.));
#4514 = DIRECTION('',(-0.999820859941,-1.89274411266E-02,0.));
#4515 = ORIENTED_EDGE('',*,*,#4516,.T.);
#4516 = EDGE_CURVE('',#4508,#4517,#4519,.T.);
#4517 = VERTEX_POINT('',#4518);
#4518 = CARTESIAN_POINT('',(599.76986887944,335.85388858611,-12.7));
#4519 = LINE('',#4520,#4521);
#4520 = CARTESIAN_POINT('',(577.94777879038,335.44077825608,-12.7));
#4521 = VECTOR('',#4522,1.);
#4522 = DIRECTION('',(0.999820859941,1.89274411266E-02,0.));
#4523 = ORIENTED_EDGE('',*,*,#4524,.T.);
#4524 = EDGE_CURVE('',#4517,#4525,#4527,.T.);
#4525 = VERTEX_POINT('',#4526);
#4526 = CARTESIAN_POINT('',(603.00337598703,332.7405328748,-12.7));
#4527 = CIRCLE('',#4528,3.174);
#4528 = AXIS2_PLACEMENT_3D('',#4529,#4530,#4531);
#4529 = CARTESIAN_POINT('',(599.82994457757,332.68045717666,-12.7));
#4530 = DIRECTION('',(-0.,0.,-1.));
#4531 = DIRECTION('',(-0.999820859941,-1.89274411266E-02,0.));
#4532 = ORIENTED_EDGE('',*,*,#4533,.T.);
#4533 = EDGE_CURVE('',#4525,#4534,#4536,.T.);
#4534 = VERTEX_POINT('',#4535);
#4535 = CARTESIAN_POINT('',(603.00625295808,332.58856010409,-12.7));
#4536 = LINE('',#4537,#4538);
#4537 = CARTESIAN_POINT('',(602.94330028889,335.91396428425,-12.7));
#4538 = VECTOR('',#4539,1.);
#4539 = DIRECTION('',(1.89274411266E-02,-0.999820859941,0.));
#4540 = ORIENTED_EDGE('',*,*,#4541,.F.);
#4541 = EDGE_CURVE('',#4483,#4534,#4542,.T.);
#4542 = CIRCLE('',#4543,3.174);
#4543 = AXIS2_PLACEMENT_3D('',#4544,#4545,#4546);
#4544 = CARTESIAN_POINT('',(599.83282154863,332.52848440595,-12.7));
#4545 = DIRECTION('',(0.,0.,1.));
#4546 = DIRECTION('',(-0.999820859941,-1.89274411266E-02,0.));
#4547 = FACE_BOUND('',#4548,.T.);
#4548 = EDGE_LOOP('',(#4549,#4559,#4568,#4576,#4585,#4593,#4602,#4610));
#4549 = ORIENTED_EDGE('',*,*,#4550,.F.);
#4550 = EDGE_CURVE('',#4551,#4553,#4555,.T.);
#4551 = VERTEX_POINT('',#4552);
#4552 = CARTESIAN_POINT('',(466.706,123.174,-12.7));
#4553 = VERTEX_POINT('',#4554);
#4554 = CARTESIAN_POINT('',(466.706,141.826,-12.7));
#4555 = LINE('',#4556,#4557);
#4556 = CARTESIAN_POINT('',(466.706,120.,-12.7));
#4557 = VECTOR('',#4558,1.);
#4558 = DIRECTION('',(0.,1.,0.));
#4559 = ORIENTED_EDGE('',*,*,#4560,.F.);
#4560 = EDGE_CURVE('',#4561,#4551,#4563,.T.);
#4561 = VERTEX_POINT('',#4562);
#4562 = CARTESIAN_POINT('',(463.532,120.,-12.7));
#4563 = CIRCLE('',#4564,3.174);
#4564 = AXIS2_PLACEMENT_3D('',#4565,#4566,#4567);
#4565 = CARTESIAN_POINT('',(463.532,123.174,-12.7));
#4566 = DIRECTION('',(-0.,0.,1.));
#4567 = DIRECTION('',(0.,-1.,0.));
#4568 = ORIENTED_EDGE('',*,*,#4569,.F.);
#4569 = EDGE_CURVE('',#4570,#4561,#4572,.T.);
#4570 = VERTEX_POINT('',#4571);
#4571 = CARTESIAN_POINT('',(463.38,120.,-12.7));
#4572 = LINE('',#4573,#4574);
#4573 = CARTESIAN_POINT('',(460.206,120.,-12.7));
#4574 = VECTOR('',#4575,1.);
#4575 = DIRECTION('',(1.,0.,0.));
#4576 = ORIENTED_EDGE('',*,*,#4577,.F.);
#4577 = EDGE_CURVE('',#4578,#4570,#4580,.T.);
#4578 = VERTEX_POINT('',#4579);
#4579 = CARTESIAN_POINT('',(460.206,123.174,-12.7));
#4580 = CIRCLE('',#4581,3.174);
#4581 = AXIS2_PLACEMENT_3D('',#4582,#4583,#4584);
#4582 = CARTESIAN_POINT('',(463.38,123.174,-12.7));
#4583 = DIRECTION('',(-0.,0.,1.));
#4584 = DIRECTION('',(0.,-1.,0.));
#4585 = ORIENTED_EDGE('',*,*,#4586,.T.);
#4586 = EDGE_CURVE('',#4578,#4587,#4589,.T.);
#4587 = VERTEX_POINT('',#4588);
#4588 = CARTESIAN_POINT('',(460.206,141.826,-12.7));
#4589 = LINE('',#4590,#4591);
#4590 = CARTESIAN_POINT('',(460.206,120.,-12.7));
#4591 = VECTOR('',#4592,1.);
#4592 = DIRECTION('',(0.,1.,0.));
#4593 = ORIENTED_EDGE('',*,*,#4594,.T.);
#4594 = EDGE_CURVE('',#4587,#4595,#4597,.T.);
#4595 = VERTEX_POINT('',#4596);
#4596 = CARTESIAN_POINT('',(463.38,145.,-12.7));
#4597 = CIRCLE('',#4598,3.174);
#4598 = AXIS2_PLACEMENT_3D('',#4599,#4600,#4601);
#4599 = CARTESIAN_POINT('',(463.38,141.826,-12.7));
#4600 = DIRECTION('',(-0.,-0.,-1.));
#4601 = DIRECTION('',(0.,-1.,0.));
#4602 = ORIENTED_EDGE('',*,*,#4603,.T.);
#4603 = EDGE_CURVE('',#4595,#4604,#4606,.T.);
#4604 = VERTEX_POINT('',#4605);
#4605 = CARTESIAN_POINT('',(463.532,145.,-12.7));
#4606 = LINE('',#4607,#4608);
#4607 = CARTESIAN_POINT('',(460.206,145.,-12.7));
#4608 = VECTOR('',#4609,1.);
#4609 = DIRECTION('',(1.,0.,0.));
#4610 = ORIENTED_EDGE('',*,*,#4611,.F.);
#4611 = EDGE_CURVE('',#4553,#4604,#4612,.T.);
#4612 = CIRCLE('',#4613,3.174);
#4613 = AXIS2_PLACEMENT_3D('',#4614,#4615,#4616);
#4614 = CARTESIAN_POINT('',(463.532,141.826,-12.7));
#4615 = DIRECTION('',(-0.,0.,1.));
#4616 = DIRECTION('',(0.,-1.,0.));
#4617 = FACE_BOUND('',#4618,.T.);
#4618 = EDGE_LOOP('',(#4619,#4629,#4638,#4646,#4655,#4663,#4672,#4680));
#4619 = ORIENTED_EDGE('',*,*,#4620,.F.);
#4620 = EDGE_CURVE('',#4621,#4623,#4625,.T.);
#4621 = VERTEX_POINT('',#4622);
#4622 = CARTESIAN_POINT('',(462.794,223.826,-12.7));
#4623 = VERTEX_POINT('',#4624);
#4624 = CARTESIAN_POINT('',(462.794,205.174,-12.7));
#4625 = LINE('',#4626,#4627);
#4626 = CARTESIAN_POINT('',(462.794,227.,-12.7));
#4627 = VECTOR('',#4628,1.);
#4628 = DIRECTION('',(0.,-1.,0.));
#4629 = ORIENTED_EDGE('',*,*,#4630,.F.);
#4630 = EDGE_CURVE('',#4631,#4621,#4633,.T.);
#4631 = VERTEX_POINT('',#4632);
#4632 = CARTESIAN_POINT('',(465.968,227.,-12.7));
#4633 = CIRCLE('',#4634,3.174);
#4634 = AXIS2_PLACEMENT_3D('',#4635,#4636,#4637);
#4635 = CARTESIAN_POINT('',(465.968,223.826,-12.7));
#4636 = DIRECTION('',(0.,-0.,1.));
#4637 = DIRECTION('',(0.,1.,0.));
#4638 = ORIENTED_EDGE('',*,*,#4639,.F.);
#4639 = EDGE_CURVE('',#4640,#4631,#4642,.T.);
#4640 = VERTEX_POINT('',#4641);
#4641 = CARTESIAN_POINT('',(466.12,227.,-12.7));
#4642 = LINE('',#4643,#4644);
#4643 = CARTESIAN_POINT('',(469.294,227.,-12.7));
#4644 = VECTOR('',#4645,1.);
#4645 = DIRECTION('',(-1.,0.,0.));
#4646 = ORIENTED_EDGE('',*,*,#4647,.F.);
#4647 = EDGE_CURVE('',#4648,#4640,#4650,.T.);
#4648 = VERTEX_POINT('',#4649);
#4649 = CARTESIAN_POINT('',(469.294,223.826,-12.7));
#4650 = CIRCLE('',#4651,3.174);
#4651 = AXIS2_PLACEMENT_3D('',#4652,#4653,#4654);
#4652 = CARTESIAN_POINT('',(466.12,223.826,-12.7));
#4653 = DIRECTION('',(0.,-0.,1.));
#4654 = DIRECTION('',(0.,1.,0.));
#4655 = ORIENTED_EDGE('',*,*,#4656,.T.);
#4656 = EDGE_CURVE('',#4648,#4657,#4659,.T.);
#4657 = VERTEX_POINT('',#4658);
#4658 = CARTESIAN_POINT('',(469.294,205.174,-12.7));
#4659 = LINE('',#4660,#4661);
#4660 = CARTESIAN_POINT('',(469.294,227.,-12.7));
#4661 = VECTOR('',#4662,1.);
#4662 = DIRECTION('',(0.,-1.,0.));
#4663 = ORIENTED_EDGE('',*,*,#4664,.T.);
#4664 = EDGE_CURVE('',#4657,#4665,#4667,.T.);
#4665 = VERTEX_POINT('',#4666);
#4666 = CARTESIAN_POINT('',(466.12,202.,-12.7));
#4667 = CIRCLE('',#4668,3.174);
#4668 = AXIS2_PLACEMENT_3D('',#4669,#4670,#4671);
#4669 = CARTESIAN_POINT('',(466.12,205.174,-12.7));
#4670 = DIRECTION('',(0.,0.,-1.));
#4671 = DIRECTION('',(0.,1.,0.));
#4672 = ORIENTED_EDGE('',*,*,#4673,.T.);
#4673 = EDGE_CURVE('',#4665,#4674,#4676,.T.);
#4674 = VERTEX_POINT('',#4675);
#4675 = CARTESIAN_POINT('',(465.968,202.,-12.7));
#4676 = LINE('',#4677,#4678);
#4677 = CARTESIAN_POINT('',(469.294,202.,-12.7));
#4678 = VECTOR('',#4679,1.);
#4679 = DIRECTION('',(-1.,0.,0.));
#4680 = ORIENTED_EDGE('',*,*,#4681,.F.);
#4681 = EDGE_CURVE('',#4623,#4674,#4682,.T.);
#4682 = CIRCLE('',#4683,3.174);
#4683 = AXIS2_PLACEMENT_3D('',#4684,#4685,#4686);
#4684 = CARTESIAN_POINT('',(465.968,205.174,-12.7));
#4685 = DIRECTION('',(0.,-0.,1.));
#4686 = DIRECTION('',(0.,1.,0.));
#4687 = FACE_BOUND('',#4688,.T.);
#4688 = EDGE_LOOP('',(#4689,#4699,#4708,#4716,#4725,#4733,#4742,#4750));
#4689 = ORIENTED_EDGE('',*,*,#4690,.F.);
#4690 = EDGE_CURVE('',#4691,#4693,#4695,.T.);
#4691 = VERTEX_POINT('',#4692);
#4692 = CARTESIAN_POINT('',(282.326,230.706,-12.7));
#4693 = VERTEX_POINT('',#4694);
#4694 = CARTESIAN_POINT('',(263.674,230.706,-12.7));
#4695 = LINE('',#4696,#4697);
#4696 = CARTESIAN_POINT('',(285.5,230.706,-12.7));
#4697 = VECTOR('',#4698,1.);
#4698 = DIRECTION('',(-1.,0.,0.));
#4699 = ORIENTED_EDGE('',*,*,#4700,.F.);
#4700 = EDGE_CURVE('',#4701,#4691,#4703,.T.);
#4701 = VERTEX_POINT('',#4702);
#4702 = CARTESIAN_POINT('',(285.5,227.532,-12.7));
#4703 = CIRCLE('',#4704,3.174);
#4704 = AXIS2_PLACEMENT_3D('',#4705,#4706,#4707);
#4705 = CARTESIAN_POINT('',(282.326,227.532,-12.7));
#4706 = DIRECTION('',(0.,0.,1.));
#4707 = DIRECTION('',(1.,0.,0.));
#4708 = ORIENTED_EDGE('',*,*,#4709,.F.);
#4709 = EDGE_CURVE('',#4710,#4701,#4712,.T.);
#4710 = VERTEX_POINT('',#4711);
#4711 = CARTESIAN_POINT('',(285.5,227.38,-12.7));
#4712 = LINE('',#4713,#4714);
#4713 = CARTESIAN_POINT('',(285.5,224.206,-12.7));
#4714 = VECTOR('',#4715,1.);
#4715 = DIRECTION('',(0.,1.,0.));
#4716 = ORIENTED_EDGE('',*,*,#4717,.F.);
#4717 = EDGE_CURVE('',#4718,#4710,#4720,.T.);
#4718 = VERTEX_POINT('',#4719);
#4719 = CARTESIAN_POINT('',(282.326,224.206,-12.7));
#4720 = CIRCLE('',#4721,3.174);
#4721 = AXIS2_PLACEMENT_3D('',#4722,#4723,#4724);
#4722 = CARTESIAN_POINT('',(282.326,227.38,-12.7));
#4723 = DIRECTION('',(0.,0.,1.));
#4724 = DIRECTION('',(1.,0.,0.));
#4725 = ORIENTED_EDGE('',*,*,#4726,.T.);
#4726 = EDGE_CURVE('',#4718,#4727,#4729,.T.);
#4727 = VERTEX_POINT('',#4728);
#4728 = CARTESIAN_POINT('',(263.674,224.206,-12.7));
#4729 = LINE('',#4730,#4731);
#4730 = CARTESIAN_POINT('',(285.5,224.206,-12.7));
#4731 = VECTOR('',#4732,1.);
#4732 = DIRECTION('',(-1.,0.,0.));
#4733 = ORIENTED_EDGE('',*,*,#4734,.T.);
#4734 = EDGE_CURVE('',#4727,#4735,#4737,.T.);
#4735 = VERTEX_POINT('',#4736);
#4736 = CARTESIAN_POINT('',(260.5,227.38,-12.7));
#4737 = CIRCLE('',#4738,3.174);
#4738 = AXIS2_PLACEMENT_3D('',#4739,#4740,#4741);
#4739 = CARTESIAN_POINT('',(263.674,227.38,-12.7));
#4740 = DIRECTION('',(0.,0.,-1.));
#4741 = DIRECTION('',(1.,0.,0.));
#4742 = ORIENTED_EDGE('',*,*,#4743,.T.);
#4743 = EDGE_CURVE('',#4735,#4744,#4746,.T.);
#4744 = VERTEX_POINT('',#4745);
#4745 = CARTESIAN_POINT('',(260.5,227.532,-12.7));
#4746 = LINE('',#4747,#4748);
#4747 = CARTESIAN_POINT('',(260.5,224.206,-12.7));
#4748 = VECTOR('',#4749,1.);
#4749 = DIRECTION('',(0.,1.,0.));
#4750 = ORIENTED_EDGE('',*,*,#4751,.F.);
#4751 = EDGE_CURVE('',#4693,#4744,#4752,.T.);
#4752 = CIRCLE('',#4753,3.174);
#4753 = AXIS2_PLACEMENT_3D('',#4754,#4755,#4756);
#4754 = CARTESIAN_POINT('',(263.674,227.532,-12.7));
#4755 = DIRECTION('',(0.,0.,1.));
#4756 = DIRECTION('',(1.,0.,0.));
#4757 = FACE_BOUND('',#4758,.T.);
#4758 = EDGE_LOOP('',(#4759));
#4759 = ORIENTED_EDGE('',*,*,#4760,.T.);
#4760 = EDGE_CURVE('',#4761,#4761,#4763,.T.);
#4761 = VERTEX_POINT('',#4762);
#4762 = CARTESIAN_POINT('',(440.53125,304.8,-12.7));
#4763 = CIRCLE('',#4764,7.14375);
#4764 = AXIS2_PLACEMENT_3D('',#4765,#4766,#4767);
#4765 = CARTESIAN_POINT('',(447.675,304.8,-12.7));
#4766 = DIRECTION('',(0.,0.,-1.));
#4767 = DIRECTION('',(-1.,0.,0.));
#4768 = FACE_BOUND('',#4769,.T.);
#4769 = EDGE_LOOP('',(#4770));
#4770 = ORIENTED_EDGE('',*,*,#4771,.T.);
#4771 = EDGE_CURVE('',#4772,#4772,#4774,.T.);
#4772 = VERTEX_POINT('',#4773);
#4773 = CARTESIAN_POINT('',(440.53125,50.8,-12.7));
#4774 = CIRCLE('',#4775,7.14375);
#4775 = AXIS2_PLACEMENT_3D('',#4776,#4777,#4778);
#4776 = CARTESIAN_POINT('',(447.675,50.8,-12.7));
#4777 = DIRECTION('',(0.,0.,-1.));
#4778 = DIRECTION('',(-1.,0.,0.));
#4779 = FACE_BOUND('',#4780,.T.);
#4780 = EDGE_LOOP('',(#4781));
#4781 = ORIENTED_EDGE('',*,*,#4782,.T.);
#4782 = EDGE_CURVE('',#4783,#4783,#4785,.T.);
#4783 = VERTEX_POINT('',#4784);
#4784 = CARTESIAN_POINT('',(34.13125,304.8,-12.7));
#4785 = CIRCLE('',#4786,7.14375);
#4786 = AXIS2_PLACEMENT_3D('',#4787,#4788,#4789);
#4787 = CARTESIAN_POINT('',(41.275,304.8,-12.7));
#4788 = DIRECTION('',(0.,0.,-1.));
#4789 = DIRECTION('',(-1.,0.,0.));
#4790 = FACE_BOUND('',#4791,.T.);
#4791 = EDGE_LOOP('',(#4792));
#4792 = ORIENTED_EDGE('',*,*,#4793,.T.);
#4793 = EDGE_CURVE('',#4794,#4794,#4796,.T.);
#4794 = VERTEX_POINT('',#4795);
#4795 = CARTESIAN_POINT('',(34.13125,50.8,-12.7));
#4796 = CIRCLE('',#4797,7.14375);
#4797 = AXIS2_PLACEMENT_3D('',#4798,#4799,#4800);
#4798 = CARTESIAN_POINT('',(41.275,50.8,-12.7));
#4799 = DIRECTION('',(0.,0.,-1.));
#4800 = DIRECTION('',(-1.,0.,0.));
#4801 = FACE_BOUND('',#4802,.T.);
#4802 = EDGE_LOOP('',(#4803));
#4803 = ORIENTED_EDGE('',*,*,#4804,.T.);
#4804 = EDGE_CURVE('',#4805,#4805,#4807,.T.);
#4805 = VERTEX_POINT('',#4806);
#4806 = CARTESIAN_POINT('',(528.26541761165,53.412652818406,-12.7));
#4807 = CIRCLE('',#4808,1.7272);
#4808 = AXIS2_PLACEMENT_3D('',#4809,#4810,#4811);
#4809 = CARTESIAN_POINT('',(528.29810908796,51.685762229117,-12.7));
#4810 = DIRECTION('',(0.,0.,-1.));
#4811 = DIRECTION('',(-1.89274411266E-02,0.999820859941,0.));
#4812 = FACE_BOUND('',#4813,.T.);
#4813 = EDGE_LOOP('',(#4814));
#4814 = ORIENTED_EDGE('',*,*,#4815,.T.);
#4815 = EDGE_CURVE('',#4816,#4816,#4818,.T.);
#4816 = VERTEX_POINT('',#4817);
#4817 = CARTESIAN_POINT('',(594.5252,223.664,-12.7));
#4818 = CIRCLE('',#4819,1.7272);
#4819 = AXIS2_PLACEMENT_3D('',#4820,#4821,#4822);
#4820 = CARTESIAN_POINT('',(592.798,223.664,-12.7));
#4821 = DIRECTION('',(0.,0.,-1.));
#4822 = DIRECTION('',(1.,0.,0.));
#4823 = FACE_BOUND('',#4824,.T.);
#4824 = EDGE_LOOP('',(#4825));
#4825 = ORIENTED_EDGE('',*,*,#4826,.T.);
#4826 = EDGE_CURVE('',#4827,#4827,#4829,.T.);
#4827 = VERTEX_POINT('',#4828);
#4828 = CARTESIAN_POINT('',(594.5252,182.664,-12.7));
#4829 = CIRCLE('',#4830,1.7272);
#4830 = AXIS2_PLACEMENT_3D('',#4831,#4832,#4833);
#4831 = CARTESIAN_POINT('',(592.798,182.664,-12.7));
#4832 = DIRECTION('',(0.,0.,-1.));
#4833 = DIRECTION('',(1.,0.,0.));
#4834 = FACE_BOUND('',#4835,.T.);
#4835 = EDGE_LOOP('',(#4836));
#4836 = ORIENTED_EDGE('',*,*,#4837,.T.);
#4837 = EDGE_CURVE('',#4838,#4838,#4840,.T.);
#4838 = VERTEX_POINT('',#4839);
#4839 = CARTESIAN_POINT('',(594.5252,164.336,-12.7));
#4840 = CIRCLE('',#4841,1.7272);
#4841 = AXIS2_PLACEMENT_3D('',#4842,#4843,#4844);
#4842 = CARTESIAN_POINT('',(592.798,164.336,-12.7));
#4843 = DIRECTION('',(0.,0.,-1.));
#4844 = DIRECTION('',(1.,0.,0.));
#4845 = FACE_BOUND('',#4846,.T.);
#4846 = EDGE_LOOP('',(#4847));
#4847 = ORIENTED_EDGE('',*,*,#4848,.T.);
#4848 = EDGE_CURVE('',#4849,#4849,#4851,.T.);
#4849 = VERTEX_POINT('',#4850);
#4850 = CARTESIAN_POINT('',(565.18671143222,95.703426873431,-12.7));
#4851 = CIRCLE('',#4852,1.7272);
#4852 = AXIS2_PLACEMENT_3D('',#4853,#4854,#4855);
#4853 = CARTESIAN_POINT('',(563.98873175076,94.459214462789,-12.7));
#4854 = DIRECTION('',(0.,0.,-1.));
#4855 = DIRECTION('',(0.693596388065,0.720363832007,0.));
#4856 = FACE_BOUND('',#4857,.T.);
#4857 = EDGE_LOOP('',(#4858));
#4858 = ORIENTED_EDGE('',*,*,#4859,.T.);
#4859 = EDGE_CURVE('',#4860,#4860,#4862,.T.);
#4860 = VERTEX_POINT('',#4861);
#4861 = CARTESIAN_POINT('',(594.5252,205.336,-12.7));
#4862 = CIRCLE('',#4863,1.7272);
#4863 = AXIS2_PLACEMENT_3D('',#4864,#4865,#4866);
#4864 = CARTESIAN_POINT('',(592.798,205.336,-12.7));
#4865 = DIRECTION('',(0.,0.,-1.));
#4866 = DIRECTION('',(1.,0.,0.));
#4867 = FACE_BOUND('',#4868,.T.);
#4868 = EDGE_LOOP('',(#4869));
#4869 = ORIENTED_EDGE('',*,*,#4870,.T.);
#4870 = EDGE_CURVE('',#4871,#4871,#4873,.T.);
#4871 = VERTEX_POINT('',#4872);
#4872 = CARTESIAN_POINT('',(594.5252,141.664,-12.7));
#4873 = CIRCLE('',#4874,1.7272);
#4874 = AXIS2_PLACEMENT_3D('',#4875,#4876,#4877);
#4875 = CARTESIAN_POINT('',(592.798,141.664,-12.7));
#4876 = DIRECTION('',(0.,0.,-1.));
#4877 = DIRECTION('',(1.,0.,0.));
#4878 = FACE_BOUND('',#4879,.T.);
#4879 = EDGE_LOOP('',(#4880));
#4880 = ORIENTED_EDGE('',*,*,#4881,.T.);
#4881 = EDGE_CURVE('',#4882,#4882,#4884,.T.);
#4882 = VERTEX_POINT('',#4883);
#4883 = CARTESIAN_POINT('',(566.81268324505,9.813288567772,-12.7));
#4884 = CIRCLE('',#4885,1.7272);
#4885 = AXIS2_PLACEMENT_3D('',#4886,#4887,#4888);
#4886 = CARTESIAN_POINT('',(565.5684708344,11.011268249237,-12.7));
#4887 = DIRECTION('',(0.,-0.,-1.));
#4888 = DIRECTION('',(0.720363832007,-0.693596388065,0.));
#4889 = FACE_BOUND('',#4890,.T.);
#4890 = EDGE_LOOP('',(#4891));
#4891 = ORIENTED_EDGE('',*,*,#4892,.T.);
#4892 = EDGE_CURVE('',#4893,#4893,#4895,.T.);
#4893 = VERTEX_POINT('',#4894);
#4894 = CARTESIAN_POINT('',(519.2328,82.,-12.7));
#4895 = CIRCLE('',#4896,1.7272);
#4896 = AXIS2_PLACEMENT_3D('',#4897,#4898,#4899);
#4897 = CARTESIAN_POINT('',(520.96,82.,-12.7));
#4898 = DIRECTION('',(0.,0.,-1.));
#4899 = DIRECTION('',(-1.,0.,0.));
#4900 = FACE_BOUND('',#4901,.T.);
#4901 = EDGE_LOOP('',(#4902));
#4902 = ORIENTED_EDGE('',*,*,#4903,.T.);
#4903 = EDGE_CURVE('',#4904,#4904,#4906,.T.);
#4904 = VERTEX_POINT('',#4905);
#4905 = CARTESIAN_POINT('',(544.2328,82.,-12.7));
#4906 = CIRCLE('',#4907,1.7272);
#4907 = AXIS2_PLACEMENT_3D('',#4908,#4909,#4910);
#4908 = CARTESIAN_POINT('',(545.96,82.,-12.7));
#4909 = DIRECTION('',(0.,0.,-1.));
#4910 = DIRECTION('',(-1.,0.,0.));
#4911 = FACE_BOUND('',#4912,.T.);
#4912 = EDGE_LOOP('',(#4913));
#4913 = ORIENTED_EDGE('',*,*,#4914,.T.);
#4914 = EDGE_CURVE('',#4915,#4915,#4917,.T.);
#4915 = VERTEX_POINT('',#4916);
#4916 = CARTESIAN_POINT('',(563.1492581448,333.63755709866,-12.7));
#4917 = CIRCLE('',#4918,1.7272);
#4918 = AXIS2_PLACEMENT_3D('',#4919,#4920,#4921);
#4919 = CARTESIAN_POINT('',(563.18194962112,331.91066650937,-12.7));
#4920 = DIRECTION('',(0.,0.,-1.));
#4921 = DIRECTION('',(-1.89274411266E-02,0.999820859941,0.));
#4922 = FACE_BOUND('',#4923,.T.);
#4923 = EDGE_LOOP('',(#4924));
#4924 = ORIENTED_EDGE('',*,*,#4925,.T.);
#4925 = EDGE_CURVE('',#4926,#4926,#4928,.T.);
#4926 = VERTEX_POINT('',#4927);
#4927 = CARTESIAN_POINT('',(594.5252,123.336,-12.7));
#4928 = CIRCLE('',#4929,1.7272);
#4929 = AXIS2_PLACEMENT_3D('',#4930,#4931,#4932);
#4930 = CARTESIAN_POINT('',(592.798,123.336,-12.7));
#4931 = DIRECTION('',(0.,0.,-1.));
#4932 = DIRECTION('',(1.,0.,0.));
#4933 = FACE_BOUND('',#4934,.T.);
#4934 = EDGE_LOOP('',(#4935));
#4935 = ORIENTED_EDGE('',*,*,#4936,.T.);
#4936 = EDGE_CURVE('',#4937,#4937,#4939,.T.);
#4937 = VERTEX_POINT('',#4938);
#4938 = CARTESIAN_POINT('',(601.57983952791,296.20190756684,-12.7));
#4939 = CIRCLE('',#4940,1.7272);
#4940 = AXIS2_PLACEMENT_3D('',#4941,#4942,#4943);
#4941 = CARTESIAN_POINT('',(600.33562711727,297.3998872483,-12.7));
#4942 = DIRECTION('',(0.,-0.,-1.));
#4943 = DIRECTION('',(0.720363832007,-0.693596388065,0.));
#4944 = FACE_BOUND('',#4945,.T.);
#4945 = EDGE_LOOP('',(#4946));
#4946 = ORIENTED_EDGE('',*,*,#4947,.T.);
#4947 = EDGE_CURVE('',#4948,#4948,#4950,.T.);
#4948 = VERTEX_POINT('',#4949);
#4949 = CARTESIAN_POINT('',(252.61486412606,183.88513587393,-12.7));
#4950 = CIRCLE('',#4951,1.7272);
#4951 = AXIS2_PLACEMENT_3D('',#4952,#4953,#4954);
#4952 = CARTESIAN_POINT('',(253.83617895853,182.66382104146,-12.7));
#4953 = DIRECTION('',(0.,0.,-1.));
#4954 = DIRECTION('',(-0.707106781187,0.707106781187,0.));
#4955 = FACE_BOUND('',#4956,.T.);
#4956 = EDGE_LOOP('',(#4957));
#4957 = ORIENTED_EDGE('',*,*,#4958,.T.);
#4958 = EDGE_CURVE('',#4959,#4959,#4961,.T.);
#4959 = VERTEX_POINT('',#4960);
#4960 = CARTESIAN_POINT('',(600.40122262547,358.46102421452,-12.7));
#4961 = CIRCLE('',#4962,1.7272);
#4962 = AXIS2_PLACEMENT_3D('',#4963,#4964,#4965);
#4963 = CARTESIAN_POINT('',(599.203242944,357.21681180388,-12.7));
#4964 = DIRECTION('',(0.,0.,-1.));
#4965 = DIRECTION('',(0.693596388065,0.720363832007,0.));
#4966 = FACE_BOUND('',#4967,.T.);
#4967 = EDGE_LOOP('',(#4968));
#4968 = ORIENTED_EDGE('',*,*,#4969,.T.);
#4969 = EDGE_CURVE('',#4970,#4970,#4972,.T.);
#4970 = VERTEX_POINT('',#4971);
#4971 = CARTESIAN_POINT('',(525.2288,275.67,-12.7));
#4972 = CIRCLE('',#4973,1.7272);
#4973 = AXIS2_PLACEMENT_3D('',#4974,#4975,#4976);
#4974 = CARTESIAN_POINT('',(526.956,275.67,-12.7));
#4975 = DIRECTION('',(0.,0.,-1.));
#4976 = DIRECTION('',(-1.,0.,0.));
#4977 = FACE_BOUND('',#4978,.T.);
#4978 = EDGE_LOOP('',(#4979));
#4979 = ORIENTED_EDGE('',*,*,#4980,.T.);
#4980 = EDGE_CURVE('',#4981,#4981,#4983,.T.);
#4981 = VERTEX_POINT('',#4982);
#4982 = CARTESIAN_POINT('',(128.2728,160.,-12.7));
#4983 = CIRCLE('',#4984,1.7272);
#4984 = AXIS2_PLACEMENT_3D('',#4985,#4986,#4987);
#4985 = CARTESIAN_POINT('',(130.,160.,-12.7));
#4986 = DIRECTION('',(0.,0.,-1.));
#4987 = DIRECTION('',(-1.,0.,0.));
#4988 = FACE_BOUND('',#4989,.T.);
#4989 = EDGE_LOOP('',(#4990));
#4990 = ORIENTED_EDGE('',*,*,#4991,.T.);
#4991 = EDGE_CURVE('',#4992,#4992,#4994,.T.);
#4992 = VERTEX_POINT('',#4993);
#4993 = CARTESIAN_POINT('',(571.2328,303.,-12.7));
#4994 = CIRCLE('',#4995,1.7272);
#4995 = AXIS2_PLACEMENT_3D('',#4996,#4997,#4998);
#4996 = CARTESIAN_POINT('',(572.96,303.,-12.7));
#4997 = DIRECTION('',(0.,0.,-1.));
#4998 = DIRECTION('',(-1.,0.,0.));
#4999 = FACE_BOUND('',#5000,.T.);
#5000 = EDGE_LOOP('',(#5001));
#5001 = ORIENTED_EDGE('',*,*,#5002,.T.);
#5002 = EDGE_CURVE('',#5003,#5003,#5005,.T.);
#5003 = VERTEX_POINT('',#5004);
#5004 = CARTESIAN_POINT('',(546.2328,303.,-12.7));
#5005 = CIRCLE('',#5006,1.7272);
#5006 = AXIS2_PLACEMENT_3D('',#5007,#5008,#5009);
#5007 = CARTESIAN_POINT('',(547.96,303.,-12.7));
#5008 = DIRECTION('',(0.,0.,-1.));
#5009 = DIRECTION('',(-1.,0.,0.));
#5010 = FACE_BOUND('',#5011,.T.);
#5011 = EDGE_LOOP('',(#5012));
#5012 = ORIENTED_EDGE('',*,*,#5013,.T.);
#5013 = EDGE_CURVE('',#5014,#5014,#5016,.T.);
#5014 = VERTEX_POINT('',#5015);
#5015 = CARTESIAN_POINT('',(206.38513587393,31.614864126069,-12.7));
#5016 = CIRCLE('',#5017,1.7272);
#5017 = AXIS2_PLACEMENT_3D('',#5018,#5019,#5020);
#5018 = CARTESIAN_POINT('',(205.16382104146,32.836178958535,-12.7));
#5019 = DIRECTION('',(0.,-0.,-1.));
#5020 = DIRECTION('',(0.707106781187,-0.707106781187,0.));
#5021 = FACE_BOUND('',#5022,.T.);
#5022 = EDGE_LOOP('',(#5023));
#5023 = ORIENTED_EDGE('',*,*,#5024,.T.);
#5024 = EDGE_CURVE('',#5025,#5025,#5027,.T.);
#5025 = VERTEX_POINT('',#5026);
#5026 = CARTESIAN_POINT('',(166.2657562334,12.617598426483,-12.7));
#5027 = CIRCLE('',#5028,1.7272);
#5028 = AXIS2_PLACEMENT_3D('',#5029,#5030,#5031);
#5029 = CARTESIAN_POINT('',(167.99264682269,12.650289902797,-12.7));
#5030 = DIRECTION('',(-0.,0.,-1.));
#5031 = DIRECTION('',(-0.999820859941,-1.89274411266E-02,0.));
#5032 = FACE_BOUND('',#5033,.T.);
#5033 = EDGE_LOOP('',(#5034));
#5034 = ORIENTED_EDGE('',*,*,#5035,.T.);
#5035 = EDGE_CURVE('',#5036,#5036,#5038,.T.);
#5036 = VERTEX_POINT('',#5037);
#5037 = CARTESIAN_POINT('',(150.2728,42.,-12.7));
#5038 = CIRCLE('',#5039,1.7272);
#5039 = AXIS2_PLACEMENT_3D('',#5040,#5041,#5042);
#5040 = CARTESIAN_POINT('',(152.,42.,-12.7));
#5041 = DIRECTION('',(0.,0.,-1.));
#5042 = DIRECTION('',(-1.,0.,0.));
#5043 = FACE_BOUND('',#5044,.T.);
#5044 = EDGE_LOOP('',(#5045));
#5045 = ORIENTED_EDGE('',*,*,#5046,.T.);
#5046 = EDGE_CURVE('',#5047,#5047,#5049,.T.);
#5047 = VERTEX_POINT('',#5048);
#5048 = CARTESIAN_POINT('',(194.2728,58.,-12.7));
#5049 = CIRCLE('',#5050,1.7272);
#5050 = AXIS2_PLACEMENT_3D('',#5051,#5052,#5053);
#5051 = CARTESIAN_POINT('',(196.,58.,-12.7));
#5052 = DIRECTION('',(0.,0.,-1.));
#5053 = DIRECTION('',(-1.,0.,0.));
#5054 = FACE_BOUND('',#5055,.T.);
#5055 = EDGE_LOOP('',(#5056));
#5056 = ORIENTED_EDGE('',*,*,#5057,.T.);
#5057 = EDGE_CURVE('',#5058,#5058,#5060,.T.);
#5058 = VERTEX_POINT('',#5059);
#5059 = CARTESIAN_POINT('',(252.61486412606,71.614864126069,-12.7));
#5060 = CIRCLE('',#5061,1.7272);
#5061 = AXIS2_PLACEMENT_3D('',#5062,#5063,#5064);
#5062 = CARTESIAN_POINT('',(253.83617895853,72.836178958535,-12.7));
#5063 = DIRECTION('',(-0.,0.,-1.));
#5064 = DIRECTION('',(-0.707106781187,-0.707106781187,0.));
#5065 = FACE_BOUND('',#5066,.T.);
#5066 = EDGE_LOOP('',(#5067));
#5067 = ORIENTED_EDGE('',*,*,#5068,.T.);
#5068 = EDGE_CURVE('',#5069,#5069,#5071,.T.);
#5069 = VERTEX_POINT('',#5070);
#5070 = CARTESIAN_POINT('',(194.2728,98.,-12.7));
#5071 = CIRCLE('',#5072,1.7272);
#5072 = AXIS2_PLACEMENT_3D('',#5073,#5074,#5075);
#5073 = CARTESIAN_POINT('',(196.,98.,-12.7));
#5074 = DIRECTION('',(0.,0.,-1.));
#5075 = DIRECTION('',(-1.,0.,0.));
#5076 = FACE_BOUND('',#5077,.T.);
#5077 = EDGE_LOOP('',(#5078));
#5078 = ORIENTED_EDGE('',*,*,#5079,.T.);
#5079 = EDGE_CURVE('',#5080,#5080,#5082,.T.);
#5080 = VERTEX_POINT('',#5081);
#5081 = CARTESIAN_POINT('',(128.2728,115.,-12.7));
#5082 = CIRCLE('',#5083,1.7272);
#5083 = AXIS2_PLACEMENT_3D('',#5084,#5085,#5086);
#5084 = CARTESIAN_POINT('',(130.,115.,-12.7));
#5085 = DIRECTION('',(0.,0.,-1.));
#5086 = DIRECTION('',(-1.,0.,0.));
#5087 = FACE_BOUND('',#5088,.T.);
#5088 = EDGE_LOOP('',(#5089));
#5089 = ORIENTED_EDGE('',*,*,#5090,.T.);
#5090 = EDGE_CURVE('',#5091,#5091,#5093,.T.);
#5091 = VERTEX_POINT('',#5092);
#5092 = CARTESIAN_POINT('',(128.2728,70.,-12.7));
#5093 = CIRCLE('',#5094,1.7272);
#5094 = AXIS2_PLACEMENT_3D('',#5095,#5096,#5097);
#5095 = CARTESIAN_POINT('',(130.,70.,-12.7));
#5096 = DIRECTION('',(0.,0.,-1.));
#5097 = DIRECTION('',(-1.,0.,0.));
#5098 = FACE_BOUND('',#5099,.T.);
#5099 = EDGE_LOOP('',(#5100));
#5100 = ORIENTED_EDGE('',*,*,#5101,.T.);
#5101 = EDGE_CURVE('',#5102,#5102,#5104,.T.);
#5102 = VERTEX_POINT('',#5103);
#5103 = CARTESIAN_POINT('',(119.61486412606,31.614864126069,-12.7));
#5104 = CIRCLE('',#5105,1.7272);
#5105 = AXIS2_PLACEMENT_3D('',#5106,#5107,#5108);
#5106 = CARTESIAN_POINT('',(120.83617895853,32.836178958535,-12.7));
#5107 = DIRECTION('',(-0.,0.,-1.));
#5108 = DIRECTION('',(-0.707106781187,-0.707106781187,0.));
#5109 = FACE_BOUND('',#5110,.T.);
#5110 = EDGE_LOOP('',(#5111));
#5111 = ORIENTED_EDGE('',*,*,#5112,.T.);
#5112 = EDGE_CURVE('',#5113,#5113,#5115,.T.);
#5113 = VERTEX_POINT('',#5114);
#5114 = CARTESIAN_POINT('',(140.38513587393,348.38513587393,-12.7));
#5115 = CIRCLE('',#5116,1.7272);
#5116 = AXIS2_PLACEMENT_3D('',#5117,#5118,#5119);
#5117 = CARTESIAN_POINT('',(139.16382104146,347.16382104146,-12.7));
#5118 = DIRECTION('',(0.,0.,-1.));
#5119 = DIRECTION('',(0.707106781187,0.707106781187,0.));
#5120 = FACE_BOUND('',#5121,.T.);
#5121 = EDGE_LOOP('',(#5122));
#5122 = ORIENTED_EDGE('',*,*,#5123,.T.);
#5123 = EDGE_CURVE('',#5124,#5124,#5126,.T.);
#5124 = VERTEX_POINT('',#5125);
#5125 = CARTESIAN_POINT('',(185.61486412606,284.88513587393,-12.7));
#5126 = CIRCLE('',#5127,1.7272);
#5127 = AXIS2_PLACEMENT_3D('',#5128,#5129,#5130);
#5128 = CARTESIAN_POINT('',(186.83617895853,283.66382104146,-12.7));
#5129 = DIRECTION('',(0.,0.,-1.));
#5130 = DIRECTION('',(-0.707106781187,0.707106781187,0.));
#5131 = FACE_BOUND('',#5132,.T.);
#5132 = EDGE_LOOP('',(#5133));
#5133 = ORIENTED_EDGE('',*,*,#5134,.T.);
#5134 = EDGE_CURVE('',#5135,#5135,#5137,.T.);
#5135 = VERTEX_POINT('',#5136);
#5136 = CARTESIAN_POINT('',(360.042148,132.5,-12.7));
#5137 = CIRCLE('',#5138,1.7272);
#5138 = AXIS2_PLACEMENT_3D('',#5139,#5140,#5141);
#5139 = CARTESIAN_POINT('',(361.769348,132.5,-12.7));
#5140 = DIRECTION('',(0.,0.,-1.));
#5141 = DIRECTION('',(-1.,0.,0.));
#5142 = FACE_BOUND('',#5143,.T.);
#5143 = EDGE_LOOP('',(#5144));
#5144 = ORIENTED_EDGE('',*,*,#5145,.T.);
#5145 = EDGE_CURVE('',#5146,#5146,#5148,.T.);
#5146 = VERTEX_POINT('',#5147);
#5147 = CARTESIAN_POINT('',(190.61640205154,340.31645985627,-12.7));
#5148 = CIRCLE('',#5149,1.7272);
#5149 = AXIS2_PLACEMENT_3D('',#5150,#5151,#5152);
#5150 = CARTESIAN_POINT('',(192.34329264083,340.34915133258,-12.7));
#5151 = DIRECTION('',(-0.,0.,-1.));
#5152 = DIRECTION('',(-0.999820859941,-1.89274411266E-02,0.));
#5153 = FACE_BOUND('',#5154,.T.);
#5154 = EDGE_LOOP('',(#5155));
#5155 = ORIENTED_EDGE('',*,*,#5156,.T.);
#5156 = EDGE_CURVE('',#5157,#5157,#5159,.T.);
#5157 = VERTEX_POINT('',#5158);
#5158 = CARTESIAN_POINT('',(300.61486412606,142.88513587393,-12.7));
#5159 = CIRCLE('',#5160,1.7272);
#5160 = AXIS2_PLACEMENT_3D('',#5161,#5162,#5163);
#5161 = CARTESIAN_POINT('',(301.83617895853,141.66382104146,-12.7));
#5162 = DIRECTION('',(0.,0.,-1.));
#5163 = DIRECTION('',(-0.707106781187,0.707106781187,0.));
#5164 = FACE_BOUND('',#5165,.T.);
#5165 = EDGE_LOOP('',(#5166));
#5166 = ORIENTED_EDGE('',*,*,#5167,.T.);
#5167 = EDGE_CURVE('',#5168,#5168,#5170,.T.);
#5168 = VERTEX_POINT('',#5169);
#5169 = CARTESIAN_POINT('',(467.7712,241.83,-12.7));
#5170 = CIRCLE('',#5171,1.7272);
#5171 = AXIS2_PLACEMENT_3D('',#5172,#5173,#5174);
#5172 = CARTESIAN_POINT('',(466.044,241.83,-12.7));
#5173 = DIRECTION('',(0.,0.,-1.));
#5174 = DIRECTION('',(1.,-0.,0.));
#5175 = FACE_BOUND('',#5176,.T.);
#5176 = EDGE_LOOP('',(#5177));
#5177 = ORIENTED_EDGE('',*,*,#5178,.T.);
#5178 = EDGE_CURVE('',#5179,#5179,#5181,.T.);
#5179 = VERTEX_POINT('',#5180);
#5180 = CARTESIAN_POINT('',(404.142148,214.5,-12.7));
#5181 = CIRCLE('',#5182,1.7272);
#5182 = AXIS2_PLACEMENT_3D('',#5183,#5184,#5185);
#5183 = CARTESIAN_POINT('',(405.869348,214.5,-12.7));
#5184 = DIRECTION('',(0.,0.,-1.));
#5185 = DIRECTION('',(-1.,0.,0.));
#5186 = FACE_BOUND('',#5187,.T.);
#5187 = EDGE_LOOP('',(#5188));
#5188 = ORIENTED_EDGE('',*,*,#5189,.T.);
#5189 = EDGE_CURVE('',#5190,#5190,#5192,.T.);
#5190 = VERTEX_POINT('',#5191);
#5191 = CARTESIAN_POINT('',(338.3272,132.5,-12.7));
#5192 = CIRCLE('',#5193,1.7272);
#5193 = AXIS2_PLACEMENT_3D('',#5194,#5195,#5196);
#5194 = CARTESIAN_POINT('',(336.6,132.5,-12.7));
#5195 = DIRECTION('',(0.,0.,-1.));
#5196 = DIRECTION('',(1.,-0.,0.));
#5197 = FACE_BOUND('',#5198,.T.);
#5198 = EDGE_LOOP('',(#5199));
#5199 = ORIENTED_EDGE('',*,*,#5200,.T.);
#5200 = EDGE_CURVE('',#5201,#5201,#5203,.T.);
#5201 = VERTEX_POINT('',#5202);
#5202 = CARTESIAN_POINT('',(382.4272,214.5,-12.7));
#5203 = CIRCLE('',#5204,1.7272);
#5204 = AXIS2_PLACEMENT_3D('',#5205,#5206,#5207);
#5205 = CARTESIAN_POINT('',(380.7,214.5,-12.7));
#5206 = DIRECTION('',(0.,0.,-1.));
#5207 = DIRECTION('',(1.,-0.,0.));
#5208 = FACE_BOUND('',#5209,.T.);
#5209 = EDGE_LOOP('',(#5210));
#5210 = ORIENTED_EDGE('',*,*,#5211,.T.);
#5211 = EDGE_CURVE('',#5212,#5212,#5214,.T.);
#5212 = VERTEX_POINT('',#5213);
#5213 = CARTESIAN_POINT('',(322.61486412606,204.11486412606,-12.7));
#5214 = CIRCLE('',#5215,1.7272);
#5215 = AXIS2_PLACEMENT_3D('',#5216,#5217,#5218);
#5216 = CARTESIAN_POINT('',(323.83617895853,205.33617895853,-12.7));
#5217 = DIRECTION('',(-0.,0.,-1.));
#5218 = DIRECTION('',(-0.707106781187,-0.707106781187,0.));
#5219 = FACE_BOUND('',#5220,.T.);
#5220 = EDGE_LOOP('',(#5221));
#5221 = ORIENTED_EDGE('',*,*,#5222,.T.);
#5222 = EDGE_CURVE('',#5223,#5223,#5225,.T.);
#5223 = VERTEX_POINT('',#5224);
#5224 = CARTESIAN_POINT('',(300.33,225.7288,-12.7));
#5225 = CIRCLE('',#5226,1.7272);
#5226 = AXIS2_PLACEMENT_3D('',#5227,#5228,#5229);
#5227 = CARTESIAN_POINT('',(300.33,227.456,-12.7));
#5228 = DIRECTION('',(-0.,0.,-1.));
#5229 = DIRECTION('',(-0.,-1.,0.));
#5230 = FACE_BOUND('',#5231,.T.);
#5231 = EDGE_LOOP('',(#5232));
#5232 = ORIENTED_EDGE('',*,*,#5233,.T.);
#5233 = EDGE_CURVE('',#5234,#5234,#5236,.T.);
#5234 = VERTEX_POINT('',#5235);
#5235 = CARTESIAN_POINT('',(347.2728,173.5,-12.7));
#5236 = CIRCLE('',#5237,1.7272);
#5237 = AXIS2_PLACEMENT_3D('',#5238,#5239,#5240);
#5238 = CARTESIAN_POINT('',(349.,173.5,-12.7));
#5239 = DIRECTION('',(0.,0.,-1.));
#5240 = DIRECTION('',(-1.,0.,0.));
#5241 = FACE_BOUND('',#5242,.T.);
#5242 = EDGE_LOOP('',(#5243));
#5243 = ORIENTED_EDGE('',*,*,#5244,.T.);
#5244 = EDGE_CURVE('',#5245,#5245,#5247,.T.);
#5245 = VERTEX_POINT('',#5246);
#5246 = CARTESIAN_POINT('',(422.388766,173.5,-12.7));
#5247 = CIRCLE('',#5248,1.7272);
#5248 = AXIS2_PLACEMENT_3D('',#5249,#5250,#5251);
#5249 = CARTESIAN_POINT('',(424.115966,173.5,-12.7));
#5250 = DIRECTION('',(0.,0.,-1.));
#5251 = DIRECTION('',(-1.,0.,0.));
#5252 = FACE_BOUND('',#5253,.T.);
#5253 = EDGE_LOOP('',(#5254));
#5254 = ORIENTED_EDGE('',*,*,#5255,.T.);
#5255 = EDGE_CURVE('',#5256,#5256,#5258,.T.);
#5256 = VERTEX_POINT('',#5257);
#5257 = CARTESIAN_POINT('',(386.2728,173.5,-12.7));
#5258 = CIRCLE('',#5259,1.7272);
#5259 = AXIS2_PLACEMENT_3D('',#5260,#5261,#5262);
#5260 = CARTESIAN_POINT('',(388.,173.5,-12.7));
#5261 = DIRECTION('',(0.,0.,-1.));
#5262 = DIRECTION('',(-1.,0.,0.));
#5263 = FACE_BOUND('',#5264,.T.);
#5264 = EDGE_LOOP('',(#5265));
#5265 = ORIENTED_EDGE('',*,*,#5266,.T.);
#5266 = EDGE_CURVE('',#5267,#5267,#5269,.T.);
#5267 = VERTEX_POINT('',#5268);
#5268 = CARTESIAN_POINT('',(49.614864126069,348.38513587393,-12.7));
#5269 = CIRCLE('',#5270,1.7272);
#5270 = AXIS2_PLACEMENT_3D('',#5271,#5272,#5273);
#5271 = CARTESIAN_POINT('',(50.836178958535,347.16382104146,-12.7));
#5272 = DIRECTION('',(0.,0.,-1.));
#5273 = DIRECTION('',(-0.707106781187,0.707106781187,0.));
#5274 = FACE_BOUND('',#5275,.T.);
#5275 = EDGE_LOOP('',(#5276));
#5276 = ORIENTED_EDGE('',*,*,#5277,.T.);
#5277 = EDGE_CURVE('',#5278,#5278,#5280,.T.);
#5278 = VERTEX_POINT('',#5279);
#5279 = CARTESIAN_POINT('',(472.26615245642,18.410440640809,-12.7));
#5280 = CIRCLE('',#5281,1.7272);
#5281 = AXIS2_PLACEMENT_3D('',#5282,#5283,#5284);
#5282 = CARTESIAN_POINT('',(473.99304304571,18.443132117123,-12.7));
#5283 = DIRECTION('',(-0.,0.,-1.));
#5284 = DIRECTION('',(-0.999820859941,-1.89274411266E-02,0.));
#5285 = FACE_BOUND('',#5286,.T.);
#5286 = EDGE_LOOP('',(#5287));
#5287 = ORIENTED_EDGE('',*,*,#5288,.T.);
#5288 = EDGE_CURVE('',#5289,#5289,#5291,.T.);
#5289 = VERTEX_POINT('',#5290);
#5290 = CARTESIAN_POINT('',(461.7288,105.17,-12.7));
#5291 = CIRCLE('',#5292,1.7272);
#5292 = AXIS2_PLACEMENT_3D('',#5293,#5294,#5295);
#5293 = CARTESIAN_POINT('',(463.456,105.17,-12.7));
#5294 = DIRECTION('',(0.,0.,-1.));
#5295 = DIRECTION('',(-1.,0.,0.));
#5296 = FACE_BOUND('',#5297,.T.);
#5297 = EDGE_LOOP('',(#5298));
#5298 = ORIENTED_EDGE('',*,*,#5299,.T.);
#5299 = EDGE_CURVE('',#5300,#5300,#5302,.T.);
#5300 = VERTEX_POINT('',#5301);
#5301 = CARTESIAN_POINT('',(497.2288,54.67,-12.7));
#5302 = CIRCLE('',#5303,1.7272);
#5303 = AXIS2_PLACEMENT_3D('',#5304,#5305,#5306);
#5304 = CARTESIAN_POINT('',(498.956,54.67,-12.7));
#5305 = DIRECTION('',(0.,0.,-1.));
#5306 = DIRECTION('',(-1.,0.,0.));
#5307 = FACE_BOUND('',#5308,.T.);
#5308 = EDGE_LOOP('',(#5309));
#5309 = ORIENTED_EDGE('',*,*,#5310,.T.);
#5310 = EDGE_CURVE('',#5311,#5311,#5313,.T.);
#5311 = VERTEX_POINT('',#5312);
#5312 = CARTESIAN_POINT('',(447.0228,82.,-12.7));
#5313 = CIRCLE('',#5314,1.7272);
#5314 = AXIS2_PLACEMENT_3D('',#5315,#5316,#5317);
#5315 = CARTESIAN_POINT('',(448.75,82.,-12.7));
#5316 = DIRECTION('',(0.,0.,-1.));
#5317 = DIRECTION('',(-1.,0.,0.));
#5318 = FACE_BOUND('',#5319,.T.);
#5319 = EDGE_LOOP('',(#5320));
#5320 = ORIENTED_EDGE('',*,*,#5321,.T.);
#5321 = EDGE_CURVE('',#5322,#5322,#5324,.T.);
#5322 = VERTEX_POINT('',#5323);
#5323 = CARTESIAN_POINT('',(282.61486412606,313.38513587393,-12.7));
#5324 = CIRCLE('',#5325,1.7272);
#5325 = AXIS2_PLACEMENT_3D('',#5326,#5327,#5328);
#5326 = CARTESIAN_POINT('',(283.83617895853,312.16382104146,-12.7));
#5327 = DIRECTION('',(0.,0.,-1.));
#5328 = DIRECTION('',(-0.707106781187,0.707106781187,0.));
#5329 = FACE_BOUND('',#5330,.T.);
#5330 = EDGE_LOOP('',(#5331));
#5331 = ORIENTED_EDGE('',*,*,#5332,.T.);
#5332 = EDGE_CURVE('',#5333,#5333,#5335,.T.);
#5333 = VERTEX_POINT('',#5334);
#5334 = CARTESIAN_POINT('',(303.38513587393,264.11486412606,-12.7));
#5335 = CIRCLE('',#5336,1.7272);
#5336 = AXIS2_PLACEMENT_3D('',#5337,#5338,#5339);
#5337 = CARTESIAN_POINT('',(302.16382104146,265.33617895853,-12.7));
#5338 = DIRECTION('',(0.,-0.,-1.));
#5339 = DIRECTION('',(0.707106781187,-0.707106781187,0.));
#5340 = FACE_BOUND('',#5341,.T.);
#5341 = EDGE_LOOP('',(#5342));
#5342 = ORIENTED_EDGE('',*,*,#5343,.T.);
#5343 = EDGE_CURVE('',#5344,#5344,#5346,.T.);
#5344 = VERTEX_POINT('',#5345);
#5345 = CARTESIAN_POINT('',(496.61679827456,346.10930207059,-12.7));
#5346 = CIRCLE('',#5347,1.7272);
#5347 = AXIS2_PLACEMENT_3D('',#5348,#5349,#5350);
#5348 = CARTESIAN_POINT('',(498.34368886385,346.14199354691,-12.7));
#5349 = DIRECTION('',(-0.,0.,-1.));
#5350 = DIRECTION('',(-0.999820859941,-1.89274411266E-02,0.));
#5351 = FACE_BOUND('',#5352,.T.);
#5352 = EDGE_LOOP('',(#5353));
#5353 = ORIENTED_EDGE('',*,*,#5354,.T.);
#5354 = EDGE_CURVE('',#5355,#5355,#5357,.T.);
#5355 = VERTEX_POINT('',#5356);
#5356 = CARTESIAN_POINT('',(474.0228,303.,-12.7));
#5357 = CIRCLE('',#5358,1.7272);
#5358 = AXIS2_PLACEMENT_3D('',#5359,#5360,#5361);
#5359 = CARTESIAN_POINT('',(475.75,303.,-12.7));
#5360 = DIRECTION('',(0.,0.,-1.));
#5361 = DIRECTION('',(-1.,0.,0.));
#5362 = PLANE('',#5363);
#5363 = AXIS2_PLACEMENT_3D('',#5364,#5365,#5366);
#5364 = CARTESIAN_POINT('',(302.4381997494,185.66331466634,-12.7));
#5365 = DIRECTION('',(0.,0.,1.));
#5366 = DIRECTION('',(1.,0.,0.));
#5367 = ADVANCED_FACE('',(#5368),#5393,.F.);
#5368 = FACE_BOUND('',#5369,.F.);
#5369 = EDGE_LOOP('',(#5370,#5371,#5379,#5387));
#5370 = ORIENTED_EDGE('',*,*,#1380,.F.);
#5371 = ORIENTED_EDGE('',*,*,#5372,.F.);
#5372 = EDGE_CURVE('',#5373,#1381,#5375,.T.);
#5373 = VERTEX_POINT('',#5374);
#5374 = CARTESIAN_POINT('',(139.326,301.75,-17.7));
#5375 = LINE('',#5376,#5377);
#5376 = CARTESIAN_POINT('',(139.326,301.75,-17.7));
#5377 = VECTOR('',#5378,1.);
#5378 = DIRECTION('',(0.,0.,1.));
#5379 = ORIENTED_EDGE('',*,*,#5380,.T.);
#5380 = EDGE_CURVE('',#5373,#5381,#5383,.T.);
#5381 = VERTEX_POINT('',#5382);
#5382 = CARTESIAN_POINT('',(120.674,301.75,-17.7));
#5383 = LINE('',#5384,#5385);
#5384 = CARTESIAN_POINT('',(142.5,301.75,-17.7));
#5385 = VECTOR('',#5386,1.);
#5386 = DIRECTION('',(-1.,0.,0.));
#5387 = ORIENTED_EDGE('',*,*,#5388,.T.);
#5388 = EDGE_CURVE('',#5381,#1383,#5389,.T.);
#5389 = LINE('',#5390,#5391);
#5390 = CARTESIAN_POINT('',(120.674,301.75,-17.7));
#5391 = VECTOR('',#5392,1.);
#5392 = DIRECTION('',(0.,0.,1.));
#5393 = PLANE('',#5394);
#5394 = AXIS2_PLACEMENT_3D('',#5395,#5396,#5397);
#5395 = CARTESIAN_POINT('',(142.5,301.75,-17.7));
#5396 = DIRECTION('',(0.,1.,0.));
#5397 = DIRECTION('',(0.,0.,1.));
#5398 = ADVANCED_FACE('',(#5399),#5418,.F.);
#5399 = FACE_BOUND('',#5400,.F.);
#5400 = EDGE_LOOP('',(#5401,#5410,#5411,#5412));
#5401 = ORIENTED_EDGE('',*,*,#5402,.T.);
#5402 = EDGE_CURVE('',#5403,#5373,#5405,.T.);
#5403 = VERTEX_POINT('',#5404);
#5404 = CARTESIAN_POINT('',(142.5,298.576,-17.7));
#5405 = CIRCLE('',#5406,3.174);
#5406 = AXIS2_PLACEMENT_3D('',#5407,#5408,#5409);
#5407 = CARTESIAN_POINT('',(139.326,298.576,-17.7));
#5408 = DIRECTION('',(0.,0.,1.));
#5409 = DIRECTION('',(1.,0.,0.));
#5410 = ORIENTED_EDGE('',*,*,#5372,.T.);
#5411 = ORIENTED_EDGE('',*,*,#1390,.F.);
#5412 = ORIENTED_EDGE('',*,*,#5413,.F.);
#5413 = EDGE_CURVE('',#5403,#1391,#5414,.T.);
#5414 = LINE('',#5415,#5416);
#5415 = CARTESIAN_POINT('',(142.5,298.576,-17.7));
#5416 = VECTOR('',#5417,1.);
#5417 = DIRECTION('',(0.,0.,1.));
#5418 = CYLINDRICAL_SURFACE('',#5419,3.174);
#5419 = AXIS2_PLACEMENT_3D('',#5420,#5421,#5422);
#5420 = CARTESIAN_POINT('',(139.326,298.576,-17.7));
#5421 = DIRECTION('',(0.,0.,1.));
#5422 = DIRECTION('',(1.,0.,0.));
#5423 = ADVANCED_FACE('',(#5424),#5443,.F.);
#5424 = FACE_BOUND('',#5425,.F.);
#5425 = EDGE_LOOP('',(#5426,#5435,#5441,#5442));
#5426 = ORIENTED_EDGE('',*,*,#5427,.T.);
#5427 = EDGE_CURVE('',#5381,#5428,#5430,.T.);
#5428 = VERTEX_POINT('',#5429);
#5429 = CARTESIAN_POINT('',(117.5,298.576,-17.7));
#5430 = CIRCLE('',#5431,3.174);
#5431 = AXIS2_PLACEMENT_3D('',#5432,#5433,#5434);
#5432 = CARTESIAN_POINT('',(120.674,298.576,-17.7));
#5433 = DIRECTION('',(0.,0.,1.));
#5434 = DIRECTION('',(1.,0.,0.));
#5435 = ORIENTED_EDGE('',*,*,#5436,.T.);
#5436 = EDGE_CURVE('',#5428,#1652,#5437,.T.);
#5437 = LINE('',#5438,#5439);
#5438 = CARTESIAN_POINT('',(117.5,298.576,-17.7));
#5439 = VECTOR('',#5440,1.);
#5440 = DIRECTION('',(0.,0.,1.));
#5441 = ORIENTED_EDGE('',*,*,#1659,.F.);
#5442 = ORIENTED_EDGE('',*,*,#5388,.F.);
#5443 = CYLINDRICAL_SURFACE('',#5444,3.174);
#5444 = AXIS2_PLACEMENT_3D('',#5445,#5446,#5447);
#5445 = CARTESIAN_POINT('',(120.674,298.576,-17.7));
#5446 = DIRECTION('',(0.,0.,1.));
#5447 = DIRECTION('',(0.,1.,0.));
#5448 = ADVANCED_FACE('',(#5449),#5467,.T.);
#5449 = FACE_BOUND('',#5450,.T.);
#5450 = EDGE_LOOP('',(#5451,#5459,#5465,#5466));
#5451 = ORIENTED_EDGE('',*,*,#5452,.F.);
#5452 = EDGE_CURVE('',#5453,#5403,#5455,.T.);
#5453 = VERTEX_POINT('',#5454);
#5454 = CARTESIAN_POINT('',(142.5,261.5,-17.7));
#5455 = LINE('',#5456,#5457);
#5456 = CARTESIAN_POINT('',(142.5,188.25,-17.7));
#5457 = VECTOR('',#5458,1.);
#5458 = DIRECTION('',(0.,1.,0.));
#5459 = ORIENTED_EDGE('',*,*,#5460,.F.);
#5460 = EDGE_CURVE('',#1400,#5453,#5461,.T.);
#5461 = LINE('',#5462,#5463);
#5462 = CARTESIAN_POINT('',(142.5,261.5,-23.9));
#5463 = VECTOR('',#5464,1.);
#5464 = DIRECTION('',(0.,0.,-1.));
#5465 = ORIENTED_EDGE('',*,*,#1399,.T.);
#5466 = ORIENTED_EDGE('',*,*,#5413,.F.);
#5467 = PLANE('',#5468);
#5468 = AXIS2_PLACEMENT_3D('',#5469,#5470,#5471);
#5469 = CARTESIAN_POINT('',(142.5,188.25,-17.7));
#5470 = DIRECTION('',(-1.,0.,0.));
#5471 = DIRECTION('',(0.,0.,1.));
#5472 = ADVANCED_FACE('',(#5473),#5491,.F.);
#5473 = FACE_BOUND('',#5474,.F.);
#5474 = EDGE_LOOP('',(#5475,#5483,#5489,#5490));
#5475 = ORIENTED_EDGE('',*,*,#5476,.F.);
#5476 = EDGE_CURVE('',#5477,#5428,#5479,.T.);
#5477 = VERTEX_POINT('',#5478);
#5478 = CARTESIAN_POINT('',(117.5,261.5,-17.7));
#5479 = LINE('',#5480,#5481);
#5480 = CARTESIAN_POINT('',(117.5,188.25,-17.7));
#5481 = VECTOR('',#5482,1.);
#5482 = DIRECTION('',(0.,1.,0.));
#5483 = ORIENTED_EDGE('',*,*,#5484,.F.);
#5484 = EDGE_CURVE('',#1644,#5477,#5485,.T.);
#5485 = LINE('',#5486,#5487);
#5486 = CARTESIAN_POINT('',(117.5,261.5,-23.9));
#5487 = VECTOR('',#5488,1.);
#5488 = DIRECTION('',(0.,0.,-1.));
#5489 = ORIENTED_EDGE('',*,*,#1651,.T.);
#5490 = ORIENTED_EDGE('',*,*,#5436,.F.);
#5491 = PLANE('',#5492);
#5492 = AXIS2_PLACEMENT_3D('',#5493,#5494,#5495);
#5493 = CARTESIAN_POINT('',(117.5,188.25,-17.7));
#5494 = DIRECTION('',(-1.,0.,0.));
#5495 = DIRECTION('',(0.,0.,1.));
#5496 = ADVANCED_FACE('',(#5497),#5531,.F.);
#5497 = FACE_BOUND('',#5498,.F.);
#5498 = EDGE_LOOP('',(#5499,#5500,#5508,#5516,#5522,#5523,#5524,#5530));
#5499 = ORIENTED_EDGE('',*,*,#1407,.F.);
#5500 = ORIENTED_EDGE('',*,*,#5501,.F.);
#5501 = EDGE_CURVE('',#5502,#1408,#5504,.T.);
#5502 = VERTEX_POINT('',#5503);
#5503 = CARTESIAN_POINT('',(155.826,261.5,-30.1));
#5504 = LINE('',#5505,#5506);
#5505 = CARTESIAN_POINT('',(155.826,261.5,-30.1));
#5506 = VECTOR('',#5507,1.);
#5507 = DIRECTION('',(0.,0.,1.));
#5508 = ORIENTED_EDGE('',*,*,#5509,.T.);
#5509 = EDGE_CURVE('',#5502,#5510,#5512,.T.);
#5510 = VERTEX_POINT('',#5511);
#5511 = CARTESIAN_POINT('',(104.174,261.5,-30.1));
#5512 = LINE('',#5513,#5514);
#5513 = CARTESIAN_POINT('',(159.,261.5,-30.1));
#5514 = VECTOR('',#5515,1.);
#5515 = DIRECTION('',(-1.,0.,0.));
#5516 = ORIENTED_EDGE('',*,*,#5517,.T.);
#5517 = EDGE_CURVE('',#5510,#1635,#5518,.T.);
#5518 = LINE('',#5519,#5520);
#5519 = CARTESIAN_POINT('',(104.174,261.5,-30.1));
#5520 = VECTOR('',#5521,1.);
#5521 = DIRECTION('',(0.,0.,1.));
#5522 = ORIENTED_EDGE('',*,*,#1643,.F.);
#5523 = ORIENTED_EDGE('',*,*,#5484,.T.);
#5524 = ORIENTED_EDGE('',*,*,#5525,.F.);
#5525 = EDGE_CURVE('',#5453,#5477,#5526,.T.);
#5526 = LINE('',#5527,#5528);
#5527 = CARTESIAN_POINT('',(150.75,261.5,-17.7));
#5528 = VECTOR('',#5529,1.);
#5529 = DIRECTION('',(-1.,2.2E-16,0.));
#5530 = ORIENTED_EDGE('',*,*,#5460,.F.);
#5531 = PLANE('',#5532);
#5532 = AXIS2_PLACEMENT_3D('',#5533,#5534,#5535);
#5533 = CARTESIAN_POINT('',(159.,261.5,-30.1));
#5534 = DIRECTION('',(0.,1.,0.));
#5535 = DIRECTION('',(0.,0.,1.));
#5536 = ADVANCED_FACE('',(#5537),#5573,.F.);
#5537 = FACE_BOUND('',#5538,.F.);
#5538 = EDGE_LOOP('',(#5539,#5549,#5556,#5557,#5558,#5566));
#5539 = ORIENTED_EDGE('',*,*,#5540,.F.);
#5540 = EDGE_CURVE('',#5541,#5543,#5545,.T.);
#5541 = VERTEX_POINT('',#5542);
#5542 = CARTESIAN_POINT('',(159.,258.326,-30.1));
#5543 = VERTEX_POINT('',#5544);
#5544 = CARTESIAN_POINT('',(159.,258.326,-17.33));
#5545 = LINE('',#5546,#5547);
#5546 = CARTESIAN_POINT('',(159.,258.326,-30.1));
#5547 = VECTOR('',#5548,1.);
#5548 = DIRECTION('',(0.,0.,1.));
#5549 = ORIENTED_EDGE('',*,*,#5550,.T.);
#5550 = EDGE_CURVE('',#5541,#5502,#5551,.T.);
#5551 = CIRCLE('',#5552,3.174);
#5552 = AXIS2_PLACEMENT_3D('',#5553,#5554,#5555);
#5553 = CARTESIAN_POINT('',(155.826,258.326,-30.1));
#5554 = DIRECTION('',(0.,0.,1.));
#5555 = DIRECTION('',(1.,0.,0.));
#5556 = ORIENTED_EDGE('',*,*,#5501,.T.);
#5557 = ORIENTED_EDGE('',*,*,#1415,.F.);
#5558 = ORIENTED_EDGE('',*,*,#5559,.F.);
#5559 = EDGE_CURVE('',#5560,#1416,#5562,.T.);
#5560 = VERTEX_POINT('',#5561);
#5561 = CARTESIAN_POINT('',(158.65,259.77489613154,-17.33));
#5562 = LINE('',#5563,#5564);
#5563 = CARTESIAN_POINT('',(158.65,259.77489613154,-30.1));
#5564 = VECTOR('',#5565,1.);
#5565 = DIRECTION('',(0.,0.,1.));
#5566 = ORIENTED_EDGE('',*,*,#5567,.F.);
#5567 = EDGE_CURVE('',#5543,#5560,#5568,.T.);
#5568 = CIRCLE('',#5569,3.174);
#5569 = AXIS2_PLACEMENT_3D('',#5570,#5571,#5572);
#5570 = CARTESIAN_POINT('',(155.826,258.326,-17.33));
#5571 = DIRECTION('',(-0.,0.,1.));
#5572 = DIRECTION('',(1.,-2.2E-16,0.));
#5573 = CYLINDRICAL_SURFACE('',#5574,3.174);
#5574 = AXIS2_PLACEMENT_3D('',#5575,#5576,#5577);
#5575 = CARTESIAN_POINT('',(155.826,258.326,-30.1));
#5576 = DIRECTION('',(0.,0.,1.));
#5577 = DIRECTION('',(1.,0.,0.));
#5578 = ADVANCED_FACE('',(#5579),#5598,.F.);
#5579 = FACE_BOUND('',#5580,.F.);
#5580 = EDGE_LOOP('',(#5581,#5590,#5596,#5597));
#5581 = ORIENTED_EDGE('',*,*,#5582,.T.);
#5582 = EDGE_CURVE('',#5510,#5583,#5585,.T.);
#5583 = VERTEX_POINT('',#5584);
#5584 = CARTESIAN_POINT('',(101.,258.326,-30.1));
#5585 = CIRCLE('',#5586,3.174);
#5586 = AXIS2_PLACEMENT_3D('',#5587,#5588,#5589);
#5587 = CARTESIAN_POINT('',(104.174,258.326,-30.1));
#5588 = DIRECTION('',(0.,0.,1.));
#5589 = DIRECTION('',(1.,0.,0.));
#5590 = ORIENTED_EDGE('',*,*,#5591,.T.);
#5591 = EDGE_CURVE('',#5583,#1627,#5592,.T.);
#5592 = LINE('',#5593,#5594);
#5593 = CARTESIAN_POINT('',(101.,258.326,-30.1));
#5594 = VECTOR('',#5595,1.);
#5595 = DIRECTION('',(0.,0.,1.));
#5596 = ORIENTED_EDGE('',*,*,#1634,.F.);
#5597 = ORIENTED_EDGE('',*,*,#5517,.F.);
#5598 = CYLINDRICAL_SURFACE('',#5599,3.174);
#5599 = AXIS2_PLACEMENT_3D('',#5600,#5601,#5602);
#5600 = CARTESIAN_POINT('',(104.174,258.326,-30.1));
#5601 = DIRECTION('',(0.,0.,1.));
#5602 = DIRECTION('',(0.,1.,0.));
#5603 = ADVANCED_FACE('',(#5604),#5622,.F.);
#5604 = FACE_BOUND('',#5605,.F.);
#5605 = EDGE_LOOP('',(#5606,#5607,#5615,#5621));
#5606 = ORIENTED_EDGE('',*,*,#1424,.F.);
#5607 = ORIENTED_EDGE('',*,*,#5608,.F.);
#5608 = EDGE_CURVE('',#5609,#1425,#5611,.T.);
#5609 = VERTEX_POINT('',#5610);
#5610 = CARTESIAN_POINT('',(158.65,260.526,-17.33));
#5611 = LINE('',#5612,#5613);
#5612 = CARTESIAN_POINT('',(158.65,260.526,-17.33));
#5613 = VECTOR('',#5614,1.);
#5614 = DIRECTION('',(0.,0.,1.));
#5615 = ORIENTED_EDGE('',*,*,#5616,.T.);
#5616 = EDGE_CURVE('',#5609,#5560,#5617,.T.);
#5617 = LINE('',#5618,#5619);
#5618 = CARTESIAN_POINT('',(158.65,263.7,-17.33));
#5619 = VECTOR('',#5620,1.);
#5620 = DIRECTION('',(0.,-1.,0.));
#5621 = ORIENTED_EDGE('',*,*,#5559,.T.);
#5622 = PLANE('',#5623);
#5623 = AXIS2_PLACEMENT_3D('',#5624,#5625,#5626);
#5624 = CARTESIAN_POINT('',(158.65,263.7,-17.33));
#5625 = DIRECTION('',(-1.,0.,0.));
#5626 = DIRECTION('',(0.,0.,1.));
#5627 = ADVANCED_FACE('',(#5628),#5646,.F.);
#5628 = FACE_BOUND('',#5629,.F.);
#5629 = EDGE_LOOP('',(#5630,#5638,#5644,#5645));
#5630 = ORIENTED_EDGE('',*,*,#5631,.F.);
#5631 = EDGE_CURVE('',#5632,#5583,#5634,.T.);
#5632 = VERTEX_POINT('',#5633);
#5633 = CARTESIAN_POINT('',(101.,231.674,-30.1));
#5634 = LINE('',#5635,#5636);
#5635 = CARTESIAN_POINT('',(101.,228.5,-30.1));
#5636 = VECTOR('',#5637,1.);
#5637 = DIRECTION('',(0.,1.,0.));
#5638 = ORIENTED_EDGE('',*,*,#5639,.T.);
#5639 = EDGE_CURVE('',#5632,#1618,#5640,.T.);
#5640 = LINE('',#5641,#5642);
#5641 = CARTESIAN_POINT('',(101.,231.674,-30.1));
#5642 = VECTOR('',#5643,1.);
#5643 = DIRECTION('',(0.,0.,1.));
#5644 = ORIENTED_EDGE('',*,*,#1626,.T.);
#5645 = ORIENTED_EDGE('',*,*,#5591,.F.);
#5646 = PLANE('',#5647);
#5647 = AXIS2_PLACEMENT_3D('',#5648,#5649,#5650);
#5648 = CARTESIAN_POINT('',(101.,228.5,-30.1));
#5649 = DIRECTION('',(-1.,0.,0.));
#5650 = DIRECTION('',(0.,0.,1.));
#5651 = ADVANCED_FACE('',(#5652),#5671,.F.);
#5652 = FACE_BOUND('',#5653,.F.);
#5653 = EDGE_LOOP('',(#5654,#5662,#5669,#5670));
#5654 = ORIENTED_EDGE('',*,*,#5655,.F.);
#5655 = EDGE_CURVE('',#5656,#1433,#5658,.T.);
#5656 = VERTEX_POINT('',#5657);
#5657 = CARTESIAN_POINT('',(161.824,263.7,-17.33));
#5658 = LINE('',#5659,#5660);
#5659 = CARTESIAN_POINT('',(161.824,263.7,-17.33));
#5660 = VECTOR('',#5661,1.);
#5661 = DIRECTION('',(0.,0.,1.));
#5662 = ORIENTED_EDGE('',*,*,#5663,.T.);
#5663 = EDGE_CURVE('',#5656,#5609,#5664,.T.);
#5664 = CIRCLE('',#5665,3.174);
#5665 = AXIS2_PLACEMENT_3D('',#5666,#5667,#5668);
#5666 = CARTESIAN_POINT('',(161.824,260.526,-17.33));
#5667 = DIRECTION('',(0.,-0.,1.));
#5668 = DIRECTION('',(0.,1.,0.));
#5669 = ORIENTED_EDGE('',*,*,#5608,.T.);
#5670 = ORIENTED_EDGE('',*,*,#1432,.F.);
#5671 = CYLINDRICAL_SURFACE('',#5672,3.174);
#5672 = AXIS2_PLACEMENT_3D('',#5673,#5674,#5675);
#5673 = CARTESIAN_POINT('',(161.824,260.526,-17.33));
#5674 = DIRECTION('',(0.,0.,1.));
#5675 = DIRECTION('',(0.,1.,0.));
#5676 = ADVANCED_FACE('',(#5677),#5696,.F.);
#5677 = FACE_BOUND('',#5678,.T.);
#5678 = EDGE_LOOP('',(#5679,#5688,#5689,#5690));
#5679 = ORIENTED_EDGE('',*,*,#5680,.T.);
#5680 = EDGE_CURVE('',#5681,#5632,#5683,.T.);
#5681 = VERTEX_POINT('',#5682);
#5682 = CARTESIAN_POINT('',(104.174,228.5,-30.1));
#5683 = CIRCLE('',#5684,3.174);
#5684 = AXIS2_PLACEMENT_3D('',#5685,#5686,#5687);
#5685 = CARTESIAN_POINT('',(104.174,231.674,-30.1));
#5686 = DIRECTION('',(0.,0.,-1.));
#5687 = DIRECTION('',(1.,0.,0.));
#5688 = ORIENTED_EDGE('',*,*,#5639,.T.);
#5689 = ORIENTED_EDGE('',*,*,#1617,.F.);
#5690 = ORIENTED_EDGE('',*,*,#5691,.F.);
#5691 = EDGE_CURVE('',#5681,#1610,#5692,.T.);
#5692 = LINE('',#5693,#5694);
#5693 = CARTESIAN_POINT('',(104.174,228.5,-30.1));
#5694 = VECTOR('',#5695,1.);
#5695 = DIRECTION('',(0.,0.,1.));
#5696 = CYLINDRICAL_SURFACE('',#5697,3.174);
#5697 = AXIS2_PLACEMENT_3D('',#5698,#5699,#5700);
#5698 = CARTESIAN_POINT('',(104.174,231.674,-30.1));
#5699 = DIRECTION('',(0.,0.,1.));
#5700 = DIRECTION('',(0.,-1.,0.));
#5701 = ADVANCED_FACE('',(#5702),#5720,.T.);
#5702 = FACE_BOUND('',#5703,.T.);
#5703 = EDGE_LOOP('',(#5704,#5705,#5713,#5719));
#5704 = ORIENTED_EDGE('',*,*,#5655,.F.);
#5705 = ORIENTED_EDGE('',*,*,#5706,.F.);
#5706 = EDGE_CURVE('',#5707,#5656,#5709,.T.);
#5707 = VERTEX_POINT('',#5708);
#5708 = CARTESIAN_POINT('',(217.476,263.7,-17.33));
#5709 = LINE('',#5710,#5711);
#5710 = CARTESIAN_POINT('',(220.65,263.7,-17.33));
#5711 = VECTOR('',#5712,1.);
#5712 = DIRECTION('',(-1.,0.,0.));
#5713 = ORIENTED_EDGE('',*,*,#5714,.T.);
#5714 = EDGE_CURVE('',#5707,#1442,#5715,.T.);
#5715 = LINE('',#5716,#5717);
#5716 = CARTESIAN_POINT('',(217.476,263.7,-17.33));
#5717 = VECTOR('',#5718,1.);
#5718 = DIRECTION('',(0.,0.,1.));
#5719 = ORIENTED_EDGE('',*,*,#1441,.F.);
#5720 = PLANE('',#5721);
#5721 = AXIS2_PLACEMENT_3D('',#5722,#5723,#5724);
#5722 = CARTESIAN_POINT('',(220.65,263.7,-17.33));
#5723 = DIRECTION('',(0.,-1.,0.));
#5724 = DIRECTION('',(0.,0.,1.));
#5725 = ADVANCED_FACE('',(#5726),#5767,.T.);
#5726 = FACE_BOUND('',#5727,.T.);
#5727 = EDGE_LOOP('',(#5728,#5729,#5737,#5743,#5744,#5745,#5753,#5761));
#5728 = ORIENTED_EDGE('',*,*,#1509,.F.);
#5729 = ORIENTED_EDGE('',*,*,#5730,.F.);
#5730 = EDGE_CURVE('',#5731,#1501,#5733,.T.);
#5731 = VERTEX_POINT('',#5732);
#5732 = CARTESIAN_POINT('',(155.826,228.5,-30.1));
#5733 = LINE('',#5734,#5735);
#5734 = CARTESIAN_POINT('',(155.826,228.5,-30.1));
#5735 = VECTOR('',#5736,1.);
#5736 = DIRECTION('',(0.,0.,1.));
#5737 = ORIENTED_EDGE('',*,*,#5738,.T.);
#5738 = EDGE_CURVE('',#5731,#5681,#5739,.T.);
#5739 = LINE('',#5740,#5741);
#5740 = CARTESIAN_POINT('',(159.,228.5,-30.1));
#5741 = VECTOR('',#5742,1.);
#5742 = DIRECTION('',(-1.,0.,0.));
#5743 = ORIENTED_EDGE('',*,*,#5691,.T.);
#5744 = ORIENTED_EDGE('',*,*,#1609,.F.);
#5745 = ORIENTED_EDGE('',*,*,#5746,.T.);
#5746 = EDGE_CURVE('',#1602,#5747,#5749,.T.);
#5747 = VERTEX_POINT('',#5748);
#5748 = CARTESIAN_POINT('',(117.5,228.5,-17.7));
#5749 = LINE('',#5750,#5751);
#5750 = CARTESIAN_POINT('',(117.5,228.5,-23.9));
#5751 = VECTOR('',#5752,1.);
#5752 = DIRECTION('',(0.,0.,-1.));
#5753 = ORIENTED_EDGE('',*,*,#5754,.F.);
#5754 = EDGE_CURVE('',#5755,#5747,#5757,.T.);
#5755 = VERTEX_POINT('',#5756);
#5756 = CARTESIAN_POINT('',(142.5,228.5,-17.7));
#5757 = LINE('',#5758,#5759);
#5758 = CARTESIAN_POINT('',(150.75,228.5,-17.7));
#5759 = VECTOR('',#5760,1.);
#5760 = DIRECTION('',(-1.,2.2E-16,0.));
#5761 = ORIENTED_EDGE('',*,*,#5762,.F.);
#5762 = EDGE_CURVE('',#1510,#5755,#5763,.T.);
#5763 = LINE('',#5764,#5765);
#5764 = CARTESIAN_POINT('',(142.5,228.5,-23.9));
#5765 = VECTOR('',#5766,1.);
#5766 = DIRECTION('',(0.,0.,-1.));
#5767 = PLANE('',#5768);
#5768 = AXIS2_PLACEMENT_3D('',#5769,#5770,#5771);
#5769 = CARTESIAN_POINT('',(159.,228.5,-30.1));
#5770 = DIRECTION('',(0.,1.,0.));
#5771 = DIRECTION('',(0.,0.,1.));
#5772 = ADVANCED_FACE('',(#5773),#5792,.F.);
#5773 = FACE_BOUND('',#5774,.F.);
#5774 = EDGE_LOOP('',(#5775,#5783,#5790,#5791));
#5775 = ORIENTED_EDGE('',*,*,#5776,.F.);
#5776 = EDGE_CURVE('',#5777,#1450,#5779,.T.);
#5777 = VERTEX_POINT('',#5778);
#5778 = CARTESIAN_POINT('',(220.65,260.526,-17.33));
#5779 = LINE('',#5780,#5781);
#5780 = CARTESIAN_POINT('',(220.65,260.526,-17.33));
#5781 = VECTOR('',#5782,1.);
#5782 = DIRECTION('',(0.,0.,1.));
#5783 = ORIENTED_EDGE('',*,*,#5784,.T.);
#5784 = EDGE_CURVE('',#5777,#5707,#5785,.T.);
#5785 = CIRCLE('',#5786,3.174);
#5786 = AXIS2_PLACEMENT_3D('',#5787,#5788,#5789);
#5787 = CARTESIAN_POINT('',(217.476,260.526,-17.33));
#5788 = DIRECTION('',(0.,-0.,1.));
#5789 = DIRECTION('',(0.,1.,0.));
#5790 = ORIENTED_EDGE('',*,*,#5714,.T.);
#5791 = ORIENTED_EDGE('',*,*,#1449,.F.);
#5792 = CYLINDRICAL_SURFACE('',#5793,3.174);
#5793 = AXIS2_PLACEMENT_3D('',#5794,#5795,#5796);
#5794 = CARTESIAN_POINT('',(217.476,260.526,-17.33));
#5795 = DIRECTION('',(0.,0.,1.));
#5796 = DIRECTION('',(1.,0.,0.));
#5797 = ADVANCED_FACE('',(#5798),#5816,.F.);
#5798 = FACE_BOUND('',#5799,.F.);
#5799 = EDGE_LOOP('',(#5800,#5808,#5814,#5815));
#5800 = ORIENTED_EDGE('',*,*,#5801,.F.);
#5801 = EDGE_CURVE('',#5802,#5747,#5804,.T.);
#5802 = VERTEX_POINT('',#5803);
#5803 = CARTESIAN_POINT('',(117.5,193.397,-17.7));
#5804 = LINE('',#5805,#5806);
#5805 = CARTESIAN_POINT('',(117.5,188.25,-17.7));
#5806 = VECTOR('',#5807,1.);
#5807 = DIRECTION('',(0.,1.,0.));
#5808 = ORIENTED_EDGE('',*,*,#5809,.F.);
#5809 = EDGE_CURVE('',#1594,#5802,#5810,.T.);
#5810 = LINE('',#5811,#5812);
#5811 = CARTESIAN_POINT('',(117.5,193.397,-19.835));
#5812 = VECTOR('',#5813,1.);
#5813 = DIRECTION('',(0.,0.,-1.));
#5814 = ORIENTED_EDGE('',*,*,#1601,.T.);
#5815 = ORIENTED_EDGE('',*,*,#5746,.T.);
#5816 = PLANE('',#5817);
#5817 = AXIS2_PLACEMENT_3D('',#5818,#5819,#5820);
#5818 = CARTESIAN_POINT('',(117.5,188.25,-17.7));
#5819 = DIRECTION('',(-1.,0.,0.));
#5820 = DIRECTION('',(0.,0.,1.));
#5821 = ADVANCED_FACE('',(#5822),#5840,.T.);
#5822 = FACE_BOUND('',#5823,.T.);
#5823 = EDGE_LOOP('',(#5824,#5832,#5833,#5834));
#5824 = ORIENTED_EDGE('',*,*,#5825,.T.);
#5825 = EDGE_CURVE('',#5826,#1459,#5828,.T.);
#5826 = VERTEX_POINT('',#5827);
#5827 = CARTESIAN_POINT('',(220.65,220.874,-17.33));
#5828 = LINE('',#5829,#5830);
#5829 = CARTESIAN_POINT('',(220.65,220.874,-17.33));
#5830 = VECTOR('',#5831,1.);
#5831 = DIRECTION('',(0.,0.,1.));
#5832 = ORIENTED_EDGE('',*,*,#1458,.F.);
#5833 = ORIENTED_EDGE('',*,*,#5776,.F.);
#5834 = ORIENTED_EDGE('',*,*,#5835,.T.);
#5835 = EDGE_CURVE('',#5777,#5826,#5836,.T.);
#5836 = LINE('',#5837,#5838);
#5837 = CARTESIAN_POINT('',(220.65,263.7,-17.33));
#5838 = VECTOR('',#5839,1.);
#5839 = DIRECTION('',(0.,-1.,0.));
#5840 = PLANE('',#5841);
#5841 = AXIS2_PLACEMENT_3D('',#5842,#5843,#5844);
#5842 = CARTESIAN_POINT('',(220.65,263.7,-17.33));
#5843 = DIRECTION('',(-1.,0.,0.));
#5844 = DIRECTION('',(0.,0.,1.));
#5845 = ADVANCED_FACE('',(#5846),#5887,.F.);
#5846 = FACE_BOUND('',#5847,.F.);
#5847 = EDGE_LOOP('',(#5848,#5849,#5857,#5865,#5871,#5872,#5873,#5881));
#5848 = ORIENTED_EDGE('',*,*,#1525,.F.);
#5849 = ORIENTED_EDGE('',*,*,#5850,.F.);
#5850 = EDGE_CURVE('',#5851,#1526,#5853,.T.);
#5851 = VERTEX_POINT('',#5852);
#5852 = CARTESIAN_POINT('',(150.826,193.397,-21.97));
#5853 = LINE('',#5854,#5855);
#5854 = CARTESIAN_POINT('',(150.826,193.397,-21.97));
#5855 = VECTOR('',#5856,1.);
#5856 = DIRECTION('',(0.,0.,1.));
#5857 = ORIENTED_EDGE('',*,*,#5858,.T.);
#5858 = EDGE_CURVE('',#5851,#5859,#5861,.T.);
#5859 = VERTEX_POINT('',#5860);
#5860 = CARTESIAN_POINT('',(109.174,193.397,-21.97));
#5861 = LINE('',#5862,#5863);
#5862 = CARTESIAN_POINT('',(154.,193.397,-21.97));
#5863 = VECTOR('',#5864,1.);
#5864 = DIRECTION('',(-1.,0.,0.));
#5865 = ORIENTED_EDGE('',*,*,#5866,.T.);
#5866 = EDGE_CURVE('',#5859,#1585,#5867,.T.);
#5867 = LINE('',#5868,#5869);
#5868 = CARTESIAN_POINT('',(109.174,193.397,-21.97));
#5869 = VECTOR('',#5870,1.);
#5870 = DIRECTION('',(0.,0.,1.));
#5871 = ORIENTED_EDGE('',*,*,#1593,.F.);
#5872 = ORIENTED_EDGE('',*,*,#5809,.T.);
#5873 = ORIENTED_EDGE('',*,*,#5874,.F.);
#5874 = EDGE_CURVE('',#5875,#5802,#5877,.T.);
#5875 = VERTEX_POINT('',#5876);
#5876 = CARTESIAN_POINT('',(142.5,193.397,-17.7));
#5877 = LINE('',#5878,#5879);
#5878 = CARTESIAN_POINT('',(148.25,193.397,-17.7));
#5879 = VECTOR('',#5880,1.);
#5880 = DIRECTION('',(-1.,2.2E-16,0.));
#5881 = ORIENTED_EDGE('',*,*,#5882,.F.);
#5882 = EDGE_CURVE('',#1518,#5875,#5883,.T.);
#5883 = LINE('',#5884,#5885);
#5884 = CARTESIAN_POINT('',(142.5,193.397,-19.835));
#5885 = VECTOR('',#5886,1.);
#5886 = DIRECTION('',(0.,0.,-1.));
#5887 = PLANE('',#5888);
#5888 = AXIS2_PLACEMENT_3D('',#5889,#5890,#5891);
#5889 = CARTESIAN_POINT('',(154.,193.397,-21.97));
#5890 = DIRECTION('',(0.,1.,0.));
#5891 = DIRECTION('',(0.,0.,1.));
#5892 = ADVANCED_FACE('',(#5893),#5912,.F.);
#5893 = FACE_BOUND('',#5894,.T.);
#5894 = EDGE_LOOP('',(#5895,#5896,#5905,#5911));
#5895 = ORIENTED_EDGE('',*,*,#5825,.F.);
#5896 = ORIENTED_EDGE('',*,*,#5897,.T.);
#5897 = EDGE_CURVE('',#5826,#5898,#5900,.T.);
#5898 = VERTEX_POINT('',#5899);
#5899 = CARTESIAN_POINT('',(217.476,217.7,-17.33));
#5900 = CIRCLE('',#5901,3.174);
#5901 = AXIS2_PLACEMENT_3D('',#5902,#5903,#5904);
#5902 = CARTESIAN_POINT('',(217.476,220.874,-17.33));
#5903 = DIRECTION('',(0.,0.,-1.));
#5904 = DIRECTION('',(0.,1.,0.));
#5905 = ORIENTED_EDGE('',*,*,#5906,.T.);
#5906 = EDGE_CURVE('',#5898,#1467,#5907,.T.);
#5907 = LINE('',#5908,#5909);
#5908 = CARTESIAN_POINT('',(217.476,217.7,-17.33));
#5909 = VECTOR('',#5910,1.);
#5910 = DIRECTION('',(0.,0.,1.));
#5911 = ORIENTED_EDGE('',*,*,#1466,.T.);
#5912 = CYLINDRICAL_SURFACE('',#5913,3.174);
#5913 = AXIS2_PLACEMENT_3D('',#5914,#5915,#5916);
#5914 = CARTESIAN_POINT('',(217.476,220.874,-17.33));
#5915 = DIRECTION('',(0.,0.,1.));
#5916 = DIRECTION('',(1.,0.,0.));
#5917 = ADVANCED_FACE('',(#5918),#5937,.F.);
#5918 = FACE_BOUND('',#5919,.F.);
#5919 = EDGE_LOOP('',(#5920,#5929,#5935,#5936));
#5920 = ORIENTED_EDGE('',*,*,#5921,.T.);
#5921 = EDGE_CURVE('',#5859,#5922,#5924,.T.);
#5922 = VERTEX_POINT('',#5923);
#5923 = CARTESIAN_POINT('',(106.,190.223,-21.97));
#5924 = CIRCLE('',#5925,3.174);
#5925 = AXIS2_PLACEMENT_3D('',#5926,#5927,#5928);
#5926 = CARTESIAN_POINT('',(109.174,190.223,-21.97));
#5927 = DIRECTION('',(0.,0.,1.));
#5928 = DIRECTION('',(1.,0.,0.));
#5929 = ORIENTED_EDGE('',*,*,#5930,.T.);
#5930 = EDGE_CURVE('',#5922,#1577,#5931,.T.);
#5931 = LINE('',#5932,#5933);
#5932 = CARTESIAN_POINT('',(106.,190.223,-21.97));
#5933 = VECTOR('',#5934,1.);
#5934 = DIRECTION('',(0.,0.,1.));
#5935 = ORIENTED_EDGE('',*,*,#1584,.F.);
#5936 = ORIENTED_EDGE('',*,*,#5866,.F.);
#5937 = CYLINDRICAL_SURFACE('',#5938,3.174);
#5938 = AXIS2_PLACEMENT_3D('',#5939,#5940,#5941);
#5939 = CARTESIAN_POINT('',(109.174,190.223,-21.97));
#5940 = DIRECTION('',(0.,0.,1.));
#5941 = DIRECTION('',(0.,1.,0.));
#5942 = ADVANCED_FACE('',(#5943),#5961,.F.);
#5943 = FACE_BOUND('',#5944,.F.);
#5944 = EDGE_LOOP('',(#5945,#5953,#5959,#5960));
#5945 = ORIENTED_EDGE('',*,*,#5946,.F.);
#5946 = EDGE_CURVE('',#5947,#1476,#5949,.T.);
#5947 = VERTEX_POINT('',#5948);
#5948 = CARTESIAN_POINT('',(161.824,217.7,-17.33));
#5949 = LINE('',#5950,#5951);
#5950 = CARTESIAN_POINT('',(161.824,217.7,-17.33));
#5951 = VECTOR('',#5952,1.);
#5952 = DIRECTION('',(0.,0.,1.));
#5953 = ORIENTED_EDGE('',*,*,#5954,.F.);
#5954 = EDGE_CURVE('',#5898,#5947,#5955,.T.);
#5955 = LINE('',#5956,#5957);
#5956 = CARTESIAN_POINT('',(220.65,217.7,-17.33));
#5957 = VECTOR('',#5958,1.);
#5958 = DIRECTION('',(-1.,0.,0.));
#5959 = ORIENTED_EDGE('',*,*,#5906,.T.);
#5960 = ORIENTED_EDGE('',*,*,#1475,.F.);
#5961 = PLANE('',#5962);
#5962 = AXIS2_PLACEMENT_3D('',#5963,#5964,#5965);
#5963 = CARTESIAN_POINT('',(220.65,217.7,-17.33));
#5964 = DIRECTION('',(0.,-1.,0.));
#5965 = DIRECTION('',(0.,0.,1.));
#5966 = ADVANCED_FACE('',(#5967),#5985,.F.);
#5967 = FACE_BOUND('',#5968,.F.);
#5968 = EDGE_LOOP('',(#5969,#5977,#5983,#5984));
#5969 = ORIENTED_EDGE('',*,*,#5970,.F.);
#5970 = EDGE_CURVE('',#5971,#5922,#5973,.T.);
#5971 = VERTEX_POINT('',#5972);
#5972 = CARTESIAN_POINT('',(106.,173.571,-21.97));
#5973 = LINE('',#5974,#5975);
#5974 = CARTESIAN_POINT('',(106.,170.397,-21.97));
#5975 = VECTOR('',#5976,1.);
#5976 = DIRECTION('',(0.,1.,0.));
#5977 = ORIENTED_EDGE('',*,*,#5978,.T.);
#5978 = EDGE_CURVE('',#5971,#1568,#5979,.T.);
#5979 = LINE('',#5980,#5981);
#5980 = CARTESIAN_POINT('',(106.,173.571,-21.97));
#5981 = VECTOR('',#5982,1.);
#5982 = DIRECTION('',(0.,0.,1.));
#5983 = ORIENTED_EDGE('',*,*,#1576,.T.);
#5984 = ORIENTED_EDGE('',*,*,#5930,.F.);
#5985 = PLANE('',#5986);
#5986 = AXIS2_PLACEMENT_3D('',#5987,#5988,#5989);
#5987 = CARTESIAN_POINT('',(106.,170.397,-21.97));
#5988 = DIRECTION('',(-1.,0.,0.));
#5989 = DIRECTION('',(0.,0.,1.));
#5990 = ADVANCED_FACE('',(#5991),#6010,.F.);
#5991 = FACE_BOUND('',#5992,.F.);
#5992 = EDGE_LOOP('',(#5993,#6001,#6008,#6009));
#5993 = ORIENTED_EDGE('',*,*,#5994,.F.);
#5994 = EDGE_CURVE('',#5995,#1484,#5997,.T.);
#5995 = VERTEX_POINT('',#5996);
#5996 = CARTESIAN_POINT('',(158.65,220.874,-17.33));
#5997 = LINE('',#5998,#5999);
#5998 = CARTESIAN_POINT('',(158.65,220.874,-17.33));
#5999 = VECTOR('',#6000,1.);
#6000 = DIRECTION('',(0.,0.,1.));
#6001 = ORIENTED_EDGE('',*,*,#6002,.T.);
#6002 = EDGE_CURVE('',#5995,#5947,#6003,.T.);
#6003 = CIRCLE('',#6004,3.174);
#6004 = AXIS2_PLACEMENT_3D('',#6005,#6006,#6007);
#6005 = CARTESIAN_POINT('',(161.824,220.874,-17.33));
#6006 = DIRECTION('',(0.,-0.,1.));
#6007 = DIRECTION('',(0.,1.,0.));
#6008 = ORIENTED_EDGE('',*,*,#5946,.T.);
#6009 = ORIENTED_EDGE('',*,*,#1483,.F.);
#6010 = CYLINDRICAL_SURFACE('',#6011,3.174);
#6011 = AXIS2_PLACEMENT_3D('',#6012,#6013,#6014);
#6012 = CARTESIAN_POINT('',(161.824,220.874,-17.33));
#6013 = DIRECTION('',(0.,0.,1.));
#6014 = DIRECTION('',(-1.,0.,0.));
#6015 = ADVANCED_FACE('',(#6016),#6035,.F.);
#6016 = FACE_BOUND('',#6017,.T.);
#6017 = EDGE_LOOP('',(#6018,#6027,#6028,#6029));
#6018 = ORIENTED_EDGE('',*,*,#6019,.T.);
#6019 = EDGE_CURVE('',#6020,#5971,#6022,.T.);
#6020 = VERTEX_POINT('',#6021);
#6021 = CARTESIAN_POINT('',(109.174,170.397,-21.97));
#6022 = CIRCLE('',#6023,3.174);
#6023 = AXIS2_PLACEMENT_3D('',#6024,#6025,#6026);
#6024 = CARTESIAN_POINT('',(109.174,173.571,-21.97));
#6025 = DIRECTION('',(0.,0.,-1.));
#6026 = DIRECTION('',(1.,0.,0.));
#6027 = ORIENTED_EDGE('',*,*,#5978,.T.);
#6028 = ORIENTED_EDGE('',*,*,#1567,.F.);
#6029 = ORIENTED_EDGE('',*,*,#6030,.F.);
#6030 = EDGE_CURVE('',#6020,#1560,#6031,.T.);
#6031 = LINE('',#6032,#6033);
#6032 = CARTESIAN_POINT('',(109.174,170.397,-21.97));
#6033 = VECTOR('',#6034,1.);
#6034 = DIRECTION('',(0.,0.,1.));
#6035 = CYLINDRICAL_SURFACE('',#6036,3.174);
#6036 = AXIS2_PLACEMENT_3D('',#6037,#6038,#6039);
#6037 = CARTESIAN_POINT('',(109.174,173.571,-21.97));
#6038 = DIRECTION('',(0.,0.,1.));
#6039 = DIRECTION('',(0.,-1.,0.));
#6040 = ADVANCED_FACE('',(#6041),#6059,.F.);
#6041 = FACE_BOUND('',#6042,.F.);
#6042 = EDGE_LOOP('',(#6043,#6044,#6045,#6053));
#6043 = ORIENTED_EDGE('',*,*,#5994,.T.);
#6044 = ORIENTED_EDGE('',*,*,#1492,.F.);
#6045 = ORIENTED_EDGE('',*,*,#6046,.F.);
#6046 = EDGE_CURVE('',#6047,#1493,#6049,.T.);
#6047 = VERTEX_POINT('',#6048);
#6048 = CARTESIAN_POINT('',(158.65,230.22510386844,-17.33));
#6049 = LINE('',#6050,#6051);
#6050 = CARTESIAN_POINT('',(158.65,230.22510386845,-30.1));
#6051 = VECTOR('',#6052,1.);
#6052 = DIRECTION('',(0.,0.,1.));
#6053 = ORIENTED_EDGE('',*,*,#6054,.T.);
#6054 = EDGE_CURVE('',#6047,#5995,#6055,.T.);
#6055 = LINE('',#6056,#6057);
#6056 = CARTESIAN_POINT('',(158.65,263.7,-17.33));
#6057 = VECTOR('',#6058,1.);
#6058 = DIRECTION('',(0.,-1.,0.));
#6059 = PLANE('',#6060);
#6060 = AXIS2_PLACEMENT_3D('',#6061,#6062,#6063);
#6061 = CARTESIAN_POINT('',(158.65,263.7,-17.33));
#6062 = DIRECTION('',(-1.,0.,0.));
#6063 = DIRECTION('',(0.,0.,1.));
#6064 = ADVANCED_FACE('',(#6065),#6083,.T.);
#6065 = FACE_BOUND('',#6066,.T.);
#6066 = EDGE_LOOP('',(#6067,#6068,#6076,#6082));
#6067 = ORIENTED_EDGE('',*,*,#1559,.F.);
#6068 = ORIENTED_EDGE('',*,*,#6069,.F.);
#6069 = EDGE_CURVE('',#6070,#1551,#6072,.T.);
#6070 = VERTEX_POINT('',#6071);
#6071 = CARTESIAN_POINT('',(150.826,170.397,-21.97));
#6072 = LINE('',#6073,#6074);
#6073 = CARTESIAN_POINT('',(150.826,170.397,-21.97));
#6074 = VECTOR('',#6075,1.);
#6075 = DIRECTION('',(0.,0.,1.));
#6076 = ORIENTED_EDGE('',*,*,#6077,.T.);
#6077 = EDGE_CURVE('',#6070,#6020,#6078,.T.);
#6078 = LINE('',#6079,#6080);
#6079 = CARTESIAN_POINT('',(154.,170.397,-21.97));
#6080 = VECTOR('',#6081,1.);
#6081 = DIRECTION('',(-1.,0.,0.));
#6082 = ORIENTED_EDGE('',*,*,#6030,.T.);
#6083 = PLANE('',#6084);
#6084 = AXIS2_PLACEMENT_3D('',#6085,#6086,#6087);
#6085 = CARTESIAN_POINT('',(154.,170.397,-21.97));
#6086 = DIRECTION('',(0.,1.,0.));
#6087 = DIRECTION('',(0.,0.,1.));
#6088 = ADVANCED_FACE('',(#6089),#6118,.F.);
#6089 = FACE_BOUND('',#6090,.F.);
#6090 = EDGE_LOOP('',(#6091,#6092,#6101,#6109,#6116,#6117));
#6091 = ORIENTED_EDGE('',*,*,#5730,.F.);
#6092 = ORIENTED_EDGE('',*,*,#6093,.T.);
#6093 = EDGE_CURVE('',#5731,#6094,#6096,.T.);
#6094 = VERTEX_POINT('',#6095);
#6095 = CARTESIAN_POINT('',(159.,231.674,-30.1));
#6096 = CIRCLE('',#6097,3.174);
#6097 = AXIS2_PLACEMENT_3D('',#6098,#6099,#6100);
#6098 = CARTESIAN_POINT('',(155.826,231.674,-30.1));
#6099 = DIRECTION('',(0.,0.,1.));
#6100 = DIRECTION('',(1.,0.,0.));
#6101 = ORIENTED_EDGE('',*,*,#6102,.T.);
#6102 = EDGE_CURVE('',#6094,#6103,#6105,.T.);
#6103 = VERTEX_POINT('',#6104);
#6104 = CARTESIAN_POINT('',(159.,231.674,-17.33));
#6105 = LINE('',#6106,#6107);
#6106 = CARTESIAN_POINT('',(159.,231.674,-30.1));
#6107 = VECTOR('',#6108,1.);
#6108 = DIRECTION('',(0.,0.,1.));
#6109 = ORIENTED_EDGE('',*,*,#6110,.F.);
#6110 = EDGE_CURVE('',#6047,#6103,#6111,.T.);
#6111 = CIRCLE('',#6112,3.174);
#6112 = AXIS2_PLACEMENT_3D('',#6113,#6114,#6115);
#6113 = CARTESIAN_POINT('',(155.826,231.674,-17.33));
#6114 = DIRECTION('',(0.,0.,1.));
#6115 = DIRECTION('',(-2.2E-16,-1.,0.));
#6116 = ORIENTED_EDGE('',*,*,#6046,.T.);
#6117 = ORIENTED_EDGE('',*,*,#1500,.F.);
#6118 = CYLINDRICAL_SURFACE('',#6119,3.174);
#6119 = AXIS2_PLACEMENT_3D('',#6120,#6121,#6122);
#6120 = CARTESIAN_POINT('',(155.826,231.674,-30.1));
#6121 = DIRECTION('',(0.,0.,1.));
#6122 = DIRECTION('',(0.,-1.,0.));
#6123 = ADVANCED_FACE('',(#6124),#6143,.F.);
#6124 = FACE_BOUND('',#6125,.F.);
#6125 = EDGE_LOOP('',(#6126,#6135,#6141,#6142));
#6126 = ORIENTED_EDGE('',*,*,#6127,.T.);
#6127 = EDGE_CURVE('',#6070,#6128,#6130,.T.);
#6128 = VERTEX_POINT('',#6129);
#6129 = CARTESIAN_POINT('',(154.,173.571,-21.97));
#6130 = CIRCLE('',#6131,3.174);
#6131 = AXIS2_PLACEMENT_3D('',#6132,#6133,#6134);
#6132 = CARTESIAN_POINT('',(150.826,173.571,-21.97));
#6133 = DIRECTION('',(0.,0.,1.));
#6134 = DIRECTION('',(1.,0.,0.));
#6135 = ORIENTED_EDGE('',*,*,#6136,.T.);
#6136 = EDGE_CURVE('',#6128,#1543,#6137,.T.);
#6137 = LINE('',#6138,#6139);
#6138 = CARTESIAN_POINT('',(154.,173.571,-21.97));
#6139 = VECTOR('',#6140,1.);
#6140 = DIRECTION('',(0.,0.,1.));
#6141 = ORIENTED_EDGE('',*,*,#1550,.F.);
#6142 = ORIENTED_EDGE('',*,*,#6069,.F.);
#6143 = CYLINDRICAL_SURFACE('',#6144,3.174);
#6144 = AXIS2_PLACEMENT_3D('',#6145,#6146,#6147);
#6145 = CARTESIAN_POINT('',(150.826,173.571,-21.97));
#6146 = DIRECTION('',(0.,0.,1.));
#6147 = DIRECTION('',(0.,-1.,0.));
#6148 = ADVANCED_FACE('',(#6149),#6167,.T.);
#6149 = FACE_BOUND('',#6150,.T.);
#6150 = EDGE_LOOP('',(#6151,#6159,#6160,#6161));
#6151 = ORIENTED_EDGE('',*,*,#6152,.F.);
#6152 = EDGE_CURVE('',#6128,#6153,#6155,.T.);
#6153 = VERTEX_POINT('',#6154);
#6154 = CARTESIAN_POINT('',(154.,190.223,-21.97));
#6155 = LINE('',#6156,#6157);
#6156 = CARTESIAN_POINT('',(154.,170.397,-21.97));
#6157 = VECTOR('',#6158,1.);
#6158 = DIRECTION('',(0.,1.,0.));
#6159 = ORIENTED_EDGE('',*,*,#6136,.T.);
#6160 = ORIENTED_EDGE('',*,*,#1542,.T.);
#6161 = ORIENTED_EDGE('',*,*,#6162,.F.);
#6162 = EDGE_CURVE('',#6153,#1534,#6163,.T.);
#6163 = LINE('',#6164,#6165);
#6164 = CARTESIAN_POINT('',(154.,190.223,-21.97));
#6165 = VECTOR('',#6166,1.);
#6166 = DIRECTION('',(0.,0.,1.));
#6167 = PLANE('',#6168);
#6168 = AXIS2_PLACEMENT_3D('',#6169,#6170,#6171);
#6169 = CARTESIAN_POINT('',(154.,170.397,-21.97));
#6170 = DIRECTION('',(-1.,0.,0.));
#6171 = DIRECTION('',(0.,0.,1.));
#6172 = ADVANCED_FACE('',(#6173),#6184,.T.);
#6173 = FACE_BOUND('',#6174,.T.);
#6174 = EDGE_LOOP('',(#6175,#6181,#6182,#6183));
#6175 = ORIENTED_EDGE('',*,*,#6176,.F.);
#6176 = EDGE_CURVE('',#5875,#5755,#6177,.T.);
#6177 = LINE('',#6178,#6179);
#6178 = CARTESIAN_POINT('',(142.5,188.25,-17.7));
#6179 = VECTOR('',#6180,1.);
#6180 = DIRECTION('',(0.,1.,0.));
#6181 = ORIENTED_EDGE('',*,*,#5882,.F.);
#6182 = ORIENTED_EDGE('',*,*,#1517,.T.);
#6183 = ORIENTED_EDGE('',*,*,#5762,.T.);
#6184 = PLANE('',#6185);
#6185 = AXIS2_PLACEMENT_3D('',#6186,#6187,#6188);
#6186 = CARTESIAN_POINT('',(142.5,188.25,-17.7));
#6187 = DIRECTION('',(-1.,0.,0.));
#6188 = DIRECTION('',(0.,0.,1.));
#6189 = ADVANCED_FACE('',(#6190),#6202,.F.);
#6190 = FACE_BOUND('',#6191,.F.);
#6191 = EDGE_LOOP('',(#6192,#6199,#6200,#6201));
#6192 = ORIENTED_EDGE('',*,*,#6193,.T.);
#6193 = EDGE_CURVE('',#6153,#5851,#6194,.T.);
#6194 = CIRCLE('',#6195,3.174);
#6195 = AXIS2_PLACEMENT_3D('',#6196,#6197,#6198);
#6196 = CARTESIAN_POINT('',(150.826,190.223,-21.97));
#6197 = DIRECTION('',(0.,0.,1.));
#6198 = DIRECTION('',(1.,0.,0.));
#6199 = ORIENTED_EDGE('',*,*,#5850,.T.);
#6200 = ORIENTED_EDGE('',*,*,#1533,.F.);
#6201 = ORIENTED_EDGE('',*,*,#6162,.F.);
#6202 = CYLINDRICAL_SURFACE('',#6203,3.174);
#6203 = AXIS2_PLACEMENT_3D('',#6204,#6205,#6206);
#6204 = CARTESIAN_POINT('',(150.826,190.223,-21.97));
#6205 = DIRECTION('',(0.,0.,1.));
#6206 = DIRECTION('',(1.,0.,0.));
#6207 = ADVANCED_FACE('',(#6208),#6216,.T.);
#6208 = FACE_BOUND('',#6209,.T.);
#6209 = EDGE_LOOP('',(#6210,#6211,#6212,#6213,#6214,#6215));
#6210 = ORIENTED_EDGE('',*,*,#5380,.T.);
#6211 = ORIENTED_EDGE('',*,*,#5427,.T.);
#6212 = ORIENTED_EDGE('',*,*,#5476,.F.);
#6213 = ORIENTED_EDGE('',*,*,#5525,.F.);
#6214 = ORIENTED_EDGE('',*,*,#5452,.T.);
#6215 = ORIENTED_EDGE('',*,*,#5402,.T.);
#6216 = PLANE('',#6217);
#6217 = AXIS2_PLACEMENT_3D('',#6218,#6219,#6220);
#6218 = CARTESIAN_POINT('',(142.5,188.25,-17.7));
#6219 = DIRECTION('',(0.,0.,1.));
#6220 = DIRECTION('',(0.,1.,0.));
#6221 = ADVANCED_FACE('',(#6222,#6237,#6248),#6259,.T.);
#6222 = FACE_BOUND('',#6223,.T.);
#6223 = EDGE_LOOP('',(#6224,#6225,#6226,#6227,#6228,#6229,#6230,#6236));
#6224 = ORIENTED_EDGE('',*,*,#5509,.T.);
#6225 = ORIENTED_EDGE('',*,*,#5582,.T.);
#6226 = ORIENTED_EDGE('',*,*,#5631,.F.);
#6227 = ORIENTED_EDGE('',*,*,#5680,.F.);
#6228 = ORIENTED_EDGE('',*,*,#5738,.F.);
#6229 = ORIENTED_EDGE('',*,*,#6093,.T.);
#6230 = ORIENTED_EDGE('',*,*,#6231,.T.);
#6231 = EDGE_CURVE('',#6094,#5541,#6232,.T.);
#6232 = LINE('',#6233,#6234);
#6233 = CARTESIAN_POINT('',(159.,228.5,-30.1));
#6234 = VECTOR('',#6235,1.);
#6235 = DIRECTION('',(0.,1.,0.));
#6236 = ORIENTED_EDGE('',*,*,#5550,.T.);
#6237 = FACE_BOUND('',#6238,.T.);
#6238 = EDGE_LOOP('',(#6239));
#6239 = ORIENTED_EDGE('',*,*,#6240,.T.);
#6240 = EDGE_CURVE('',#6241,#6241,#6243,.T.);
#6241 = VERTEX_POINT('',#6242);
#6242 = CARTESIAN_POINT('',(152.5,243.2728,-30.1));
#6243 = CIRCLE('',#6244,1.7272);
#6244 = AXIS2_PLACEMENT_3D('',#6245,#6246,#6247);
#6245 = CARTESIAN_POINT('',(152.5,245.,-30.1));
#6246 = DIRECTION('',(-0.,0.,-1.));
#6247 = DIRECTION('',(-0.,-1.,0.));
#6248 = FACE_BOUND('',#6249,.T.);
#6249 = EDGE_LOOP('',(#6250));
#6250 = ORIENTED_EDGE('',*,*,#6251,.T.);
#6251 = EDGE_CURVE('',#6252,#6252,#6254,.T.);
#6252 = VERTEX_POINT('',#6253);
#6253 = CARTESIAN_POINT('',(107.5,243.2728,-30.1));
#6254 = CIRCLE('',#6255,1.7272);
#6255 = AXIS2_PLACEMENT_3D('',#6256,#6257,#6258);
#6256 = CARTESIAN_POINT('',(107.5,245.,-30.1));
#6257 = DIRECTION('',(-0.,0.,-1.));
#6258 = DIRECTION('',(-0.,-1.,0.));
#6259 = PLANE('',#6260);
#6260 = AXIS2_PLACEMENT_3D('',#6261,#6262,#6263);
#6261 = CARTESIAN_POINT('',(159.,228.5,-30.1));
#6262 = DIRECTION('',(0.,0.,1.));
#6263 = DIRECTION('',(0.,1.,0.));
#6264 = ADVANCED_FACE('',(#6265),#6284,.F.);
#6265 = FACE_BOUND('',#6266,.F.);
#6266 = EDGE_LOOP('',(#6267,#6268,#6276,#6283));
#6267 = ORIENTED_EDGE('',*,*,#6240,.T.);
#6268 = ORIENTED_EDGE('',*,*,#6269,.T.);
#6269 = EDGE_CURVE('',#6241,#6270,#6272,.T.);
#6270 = VERTEX_POINT('',#6271);
#6271 = CARTESIAN_POINT('',(152.5,243.2728,-38.1));
#6272 = LINE('',#6273,#6274);
#6273 = CARTESIAN_POINT('',(152.5,243.2728,-22.1));
#6274 = VECTOR('',#6275,1.);
#6275 = DIRECTION('',(0.,0.,-1.));
#6276 = ORIENTED_EDGE('',*,*,#6277,.F.);
#6277 = EDGE_CURVE('',#6270,#6270,#6278,.T.);
#6278 = CIRCLE('',#6279,1.7272);
#6279 = AXIS2_PLACEMENT_3D('',#6280,#6281,#6282);
#6280 = CARTESIAN_POINT('',(152.5,245.,-38.1));
#6281 = DIRECTION('',(0.,0.,-1.));
#6282 = DIRECTION('',(-2.2E-16,-1.,-0.));
#6283 = ORIENTED_EDGE('',*,*,#6269,.F.);
#6284 = CYLINDRICAL_SURFACE('',#6285,1.7272);
#6285 = AXIS2_PLACEMENT_3D('',#6286,#6287,#6288);
#6286 = CARTESIAN_POINT('',(152.5,245.,-22.1));
#6287 = DIRECTION('',(0.,0.,-1.));
#6288 = DIRECTION('',(-0.,-1.,0.));
#6289 = ADVANCED_FACE('',(#6290),#6309,.F.);
#6290 = FACE_BOUND('',#6291,.F.);
#6291 = EDGE_LOOP('',(#6292,#6293,#6301,#6308));
#6292 = ORIENTED_EDGE('',*,*,#6251,.T.);
#6293 = ORIENTED_EDGE('',*,*,#6294,.T.);
#6294 = EDGE_CURVE('',#6252,#6295,#6297,.T.);
#6295 = VERTEX_POINT('',#6296);
#6296 = CARTESIAN_POINT('',(107.5,243.2728,-38.1));
#6297 = LINE('',#6298,#6299);
#6298 = CARTESIAN_POINT('',(107.5,243.2728,-22.1));
#6299 = VECTOR('',#6300,1.);
#6300 = DIRECTION('',(0.,0.,-1.));
#6301 = ORIENTED_EDGE('',*,*,#6302,.F.);
#6302 = EDGE_CURVE('',#6295,#6295,#6303,.T.);
#6303 = CIRCLE('',#6304,1.7272);
#6304 = AXIS2_PLACEMENT_3D('',#6305,#6306,#6307);
#6305 = CARTESIAN_POINT('',(107.5,245.,-38.1));
#6306 = DIRECTION('',(0.,0.,-1.));
#6307 = DIRECTION('',(-2.2E-16,-1.,-0.));
#6308 = ORIENTED_EDGE('',*,*,#6294,.F.);
#6309 = CYLINDRICAL_SURFACE('',#6310,1.7272);
#6310 = AXIS2_PLACEMENT_3D('',#6311,#6312,#6313);
#6311 = CARTESIAN_POINT('',(107.5,245.,-22.1));
#6312 = DIRECTION('',(0.,0.,-1.));
#6313 = DIRECTION('',(-0.,-1.,0.));
#6314 = ADVANCED_FACE('',(#6315),#6326,.T.);
#6315 = FACE_BOUND('',#6316,.T.);
#6316 = EDGE_LOOP('',(#6317,#6318,#6319,#6320));
#6317 = ORIENTED_EDGE('',*,*,#5540,.F.);
#6318 = ORIENTED_EDGE('',*,*,#6231,.F.);
#6319 = ORIENTED_EDGE('',*,*,#6102,.T.);
#6320 = ORIENTED_EDGE('',*,*,#6321,.T.);
#6321 = EDGE_CURVE('',#6103,#5543,#6322,.T.);
#6322 = LINE('',#6323,#6324);
#6323 = CARTESIAN_POINT('',(159.,246.1,-17.33));
#6324 = VECTOR('',#6325,1.);
#6325 = DIRECTION('',(2.2E-16,1.,0.));
#6326 = PLANE('',#6327);
#6327 = AXIS2_PLACEMENT_3D('',#6328,#6329,#6330);
#6328 = CARTESIAN_POINT('',(159.,228.5,-30.1));
#6329 = DIRECTION('',(-1.,0.,0.));
#6330 = DIRECTION('',(0.,0.,1.));
#6331 = ADVANCED_FACE('',(#6332,#6346,#6357,#6368,#6379),#6390,.T.);
#6332 = FACE_BOUND('',#6333,.T.);
#6333 = EDGE_LOOP('',(#6334,#6335,#6336,#6337,#6338,#6339,#6340,#6341,
    #6342,#6343,#6344,#6345));
#6334 = ORIENTED_EDGE('',*,*,#5663,.T.);
#6335 = ORIENTED_EDGE('',*,*,#5616,.T.);
#6336 = ORIENTED_EDGE('',*,*,#5567,.F.);
#6337 = ORIENTED_EDGE('',*,*,#6321,.F.);
#6338 = ORIENTED_EDGE('',*,*,#6110,.F.);
#6339 = ORIENTED_EDGE('',*,*,#6054,.T.);
#6340 = ORIENTED_EDGE('',*,*,#6002,.T.);
#6341 = ORIENTED_EDGE('',*,*,#5954,.F.);
#6342 = ORIENTED_EDGE('',*,*,#5897,.F.);
#6343 = ORIENTED_EDGE('',*,*,#5835,.F.);
#6344 = ORIENTED_EDGE('',*,*,#5784,.T.);
#6345 = ORIENTED_EDGE('',*,*,#5706,.T.);
#6346 = FACE_BOUND('',#6347,.T.);
#6347 = EDGE_LOOP('',(#6348));
#6348 = ORIENTED_EDGE('',*,*,#6349,.T.);
#6349 = EDGE_CURVE('',#6350,#6350,#6352,.T.);
#6350 = VERTEX_POINT('',#6351);
#6351 = CARTESIAN_POINT('',(214.2372,257.7,-17.33));
#6352 = CIRCLE('',#6353,1.7272);
#6353 = AXIS2_PLACEMENT_3D('',#6354,#6355,#6356);
#6354 = CARTESIAN_POINT('',(212.51,257.7,-17.33));
#6355 = DIRECTION('',(0.,0.,-1.));
#6356 = DIRECTION('',(1.,-0.,0.));
#6357 = FACE_BOUND('',#6358,.T.);
#6358 = EDGE_LOOP('',(#6359));
#6359 = ORIENTED_EDGE('',*,*,#6360,.T.);
#6360 = EDGE_CURVE('',#6361,#6361,#6363,.T.);
#6361 = VERTEX_POINT('',#6362);
#6362 = CARTESIAN_POINT('',(168.5172,257.7,-17.33));
#6363 = CIRCLE('',#6364,1.7272);
#6364 = AXIS2_PLACEMENT_3D('',#6365,#6366,#6367);
#6365 = CARTESIAN_POINT('',(166.79,257.7,-17.33));
#6366 = DIRECTION('',(0.,0.,-1.));
#6367 = DIRECTION('',(1.,-0.,0.));
#6368 = FACE_BOUND('',#6369,.T.);
#6369 = EDGE_LOOP('',(#6370));
#6370 = ORIENTED_EDGE('',*,*,#6371,.T.);
#6371 = EDGE_CURVE('',#6372,#6372,#6374,.T.);
#6372 = VERTEX_POINT('',#6373);
#6373 = CARTESIAN_POINT('',(214.2372,223.7,-17.33));
#6374 = CIRCLE('',#6375,1.7272);
#6375 = AXIS2_PLACEMENT_3D('',#6376,#6377,#6378);
#6376 = CARTESIAN_POINT('',(212.51,223.7,-17.33));
#6377 = DIRECTION('',(0.,0.,-1.));
#6378 = DIRECTION('',(1.,-0.,0.));
#6379 = FACE_BOUND('',#6380,.T.);
#6380 = EDGE_LOOP('',(#6381));
#6381 = ORIENTED_EDGE('',*,*,#6382,.T.);
#6382 = EDGE_CURVE('',#6383,#6383,#6385,.T.);
#6383 = VERTEX_POINT('',#6384);
#6384 = CARTESIAN_POINT('',(168.5172,223.7,-17.33));
#6385 = CIRCLE('',#6386,1.7272);
#6386 = AXIS2_PLACEMENT_3D('',#6387,#6388,#6389);
#6387 = CARTESIAN_POINT('',(166.79,223.7,-17.33));
#6388 = DIRECTION('',(0.,0.,-1.));
#6389 = DIRECTION('',(1.,-0.,0.));
#6390 = PLANE('',#6391);
#6391 = AXIS2_PLACEMENT_3D('',#6392,#6393,#6394);
#6392 = CARTESIAN_POINT('',(220.65,263.7,-17.33));
#6393 = DIRECTION('',(0.,0.,1.));
#6394 = DIRECTION('',(-1.,0.,0.));
#6395 = ADVANCED_FACE('',(#6396),#6415,.F.);
#6396 = FACE_BOUND('',#6397,.F.);
#6397 = EDGE_LOOP('',(#6398,#6399,#6407,#6414));
#6398 = ORIENTED_EDGE('',*,*,#6349,.T.);
#6399 = ORIENTED_EDGE('',*,*,#6400,.T.);
#6400 = EDGE_CURVE('',#6350,#6401,#6403,.T.);
#6401 = VERTEX_POINT('',#6402);
#6402 = CARTESIAN_POINT('',(214.2372,257.7,-38.1));
#6403 = LINE('',#6404,#6405);
#6404 = CARTESIAN_POINT('',(214.2372,257.7,-4.83));
#6405 = VECTOR('',#6406,1.);
#6406 = DIRECTION('',(0.,0.,-1.));
#6407 = ORIENTED_EDGE('',*,*,#6408,.F.);
#6408 = EDGE_CURVE('',#6401,#6401,#6409,.T.);
#6409 = CIRCLE('',#6410,1.7272);
#6410 = AXIS2_PLACEMENT_3D('',#6411,#6412,#6413);
#6411 = CARTESIAN_POINT('',(212.51,257.7,-38.1));
#6412 = DIRECTION('',(0.,0.,-1.));
#6413 = DIRECTION('',(1.,0.,0.));
#6414 = ORIENTED_EDGE('',*,*,#6400,.F.);
#6415 = CYLINDRICAL_SURFACE('',#6416,1.7272);
#6416 = AXIS2_PLACEMENT_3D('',#6417,#6418,#6419);
#6417 = CARTESIAN_POINT('',(212.51,257.7,-4.83));
#6418 = DIRECTION('',(0.,0.,-1.));
#6419 = DIRECTION('',(1.,-0.,0.));
#6420 = ADVANCED_FACE('',(#6421),#6440,.F.);
#6421 = FACE_BOUND('',#6422,.F.);
#6422 = EDGE_LOOP('',(#6423,#6424,#6432,#6439));
#6423 = ORIENTED_EDGE('',*,*,#6360,.T.);
#6424 = ORIENTED_EDGE('',*,*,#6425,.T.);
#6425 = EDGE_CURVE('',#6361,#6426,#6428,.T.);
#6426 = VERTEX_POINT('',#6427);
#6427 = CARTESIAN_POINT('',(168.5172,257.7,-38.1));
#6428 = LINE('',#6429,#6430);
#6429 = CARTESIAN_POINT('',(168.5172,257.7,-4.83));
#6430 = VECTOR('',#6431,1.);
#6431 = DIRECTION('',(0.,0.,-1.));
#6432 = ORIENTED_EDGE('',*,*,#6433,.F.);
#6433 = EDGE_CURVE('',#6426,#6426,#6434,.T.);
#6434 = CIRCLE('',#6435,1.7272);
#6435 = AXIS2_PLACEMENT_3D('',#6436,#6437,#6438);
#6436 = CARTESIAN_POINT('',(166.79,257.7,-38.1));
#6437 = DIRECTION('',(0.,0.,-1.));
#6438 = DIRECTION('',(1.,0.,0.));
#6439 = ORIENTED_EDGE('',*,*,#6425,.F.);
#6440 = CYLINDRICAL_SURFACE('',#6441,1.7272);
#6441 = AXIS2_PLACEMENT_3D('',#6442,#6443,#6444);
#6442 = CARTESIAN_POINT('',(166.79,257.7,-4.83));
#6443 = DIRECTION('',(0.,0.,-1.));
#6444 = DIRECTION('',(1.,-0.,0.));
#6445 = ADVANCED_FACE('',(#6446),#6465,.F.);
#6446 = FACE_BOUND('',#6447,.F.);
#6447 = EDGE_LOOP('',(#6448,#6449,#6457,#6464));
#6448 = ORIENTED_EDGE('',*,*,#6371,.T.);
#6449 = ORIENTED_EDGE('',*,*,#6450,.T.);
#6450 = EDGE_CURVE('',#6372,#6451,#6453,.T.);
#6451 = VERTEX_POINT('',#6452);
#6452 = CARTESIAN_POINT('',(214.2372,223.7,-38.1));
#6453 = LINE('',#6454,#6455);
#6454 = CARTESIAN_POINT('',(214.2372,223.7,-4.83));
#6455 = VECTOR('',#6456,1.);
#6456 = DIRECTION('',(0.,0.,-1.));
#6457 = ORIENTED_EDGE('',*,*,#6458,.F.);
#6458 = EDGE_CURVE('',#6451,#6451,#6459,.T.);
#6459 = CIRCLE('',#6460,1.7272);
#6460 = AXIS2_PLACEMENT_3D('',#6461,#6462,#6463);
#6461 = CARTESIAN_POINT('',(212.51,223.7,-38.1));
#6462 = DIRECTION('',(0.,0.,-1.));
#6463 = DIRECTION('',(1.,0.,0.));
#6464 = ORIENTED_EDGE('',*,*,#6450,.F.);
#6465 = CYLINDRICAL_SURFACE('',#6466,1.7272);
#6466 = AXIS2_PLACEMENT_3D('',#6467,#6468,#6469);
#6467 = CARTESIAN_POINT('',(212.51,223.7,-4.83));
#6468 = DIRECTION('',(0.,0.,-1.));
#6469 = DIRECTION('',(1.,-0.,0.));
#6470 = ADVANCED_FACE('',(#6471),#6490,.F.);
#6471 = FACE_BOUND('',#6472,.F.);
#6472 = EDGE_LOOP('',(#6473,#6474,#6482,#6489));
#6473 = ORIENTED_EDGE('',*,*,#6382,.T.);
#6474 = ORIENTED_EDGE('',*,*,#6475,.T.);
#6475 = EDGE_CURVE('',#6383,#6476,#6478,.T.);
#6476 = VERTEX_POINT('',#6477);
#6477 = CARTESIAN_POINT('',(168.5172,223.7,-38.1));
#6478 = LINE('',#6479,#6480);
#6479 = CARTESIAN_POINT('',(168.5172,223.7,-4.83));
#6480 = VECTOR('',#6481,1.);
#6481 = DIRECTION('',(0.,0.,-1.));
#6482 = ORIENTED_EDGE('',*,*,#6483,.F.);
#6483 = EDGE_CURVE('',#6476,#6476,#6484,.T.);
#6484 = CIRCLE('',#6485,1.7272);
#6485 = AXIS2_PLACEMENT_3D('',#6486,#6487,#6488);
#6486 = CARTESIAN_POINT('',(166.79,223.7,-38.1));
#6487 = DIRECTION('',(0.,0.,-1.));
#6488 = DIRECTION('',(1.,0.,0.));
#6489 = ORIENTED_EDGE('',*,*,#6475,.F.);
#6490 = CYLINDRICAL_SURFACE('',#6491,1.7272);
#6491 = AXIS2_PLACEMENT_3D('',#6492,#6493,#6494);
#6492 = CARTESIAN_POINT('',(166.79,223.7,-4.83));
#6493 = DIRECTION('',(0.,0.,-1.));
#6494 = DIRECTION('',(1.,-0.,0.));
#6495 = ADVANCED_FACE('',(#6496),#6502,.T.);
#6496 = FACE_BOUND('',#6497,.T.);
#6497 = EDGE_LOOP('',(#6498,#6499,#6500,#6501));
#6498 = ORIENTED_EDGE('',*,*,#6176,.T.);
#6499 = ORIENTED_EDGE('',*,*,#5754,.T.);
#6500 = ORIENTED_EDGE('',*,*,#5801,.F.);
#6501 = ORIENTED_EDGE('',*,*,#5874,.F.);
#6502 = PLANE('',#6503);
#6503 = AXIS2_PLACEMENT_3D('',#6504,#6505,#6506);
#6504 = CARTESIAN_POINT('',(142.5,188.25,-17.7));
#6505 = DIRECTION('',(0.,0.,1.));
#6506 = DIRECTION('',(0.,1.,0.));
#6507 = ADVANCED_FACE('',(#6508,#6518,#6529),#6540,.T.);
#6508 = FACE_BOUND('',#6509,.T.);
#6509 = EDGE_LOOP('',(#6510,#6511,#6512,#6513,#6514,#6515,#6516,#6517));
#6510 = ORIENTED_EDGE('',*,*,#5858,.T.);
#6511 = ORIENTED_EDGE('',*,*,#5921,.T.);
#6512 = ORIENTED_EDGE('',*,*,#5970,.F.);
#6513 = ORIENTED_EDGE('',*,*,#6019,.F.);
#6514 = ORIENTED_EDGE('',*,*,#6077,.F.);
#6515 = ORIENTED_EDGE('',*,*,#6127,.T.);
#6516 = ORIENTED_EDGE('',*,*,#6152,.T.);
#6517 = ORIENTED_EDGE('',*,*,#6193,.T.);
#6518 = FACE_BOUND('',#6519,.T.);
#6519 = EDGE_LOOP('',(#6520));
#6520 = ORIENTED_EDGE('',*,*,#6521,.T.);
#6521 = EDGE_CURVE('',#6522,#6522,#6524,.T.);
#6522 = VERTEX_POINT('',#6523);
#6523 = CARTESIAN_POINT('',(142.5,180.1698,-21.97));
#6524 = CIRCLE('',#6525,1.7272);
#6525 = AXIS2_PLACEMENT_3D('',#6526,#6527,#6528);
#6526 = CARTESIAN_POINT('',(142.5,181.897,-21.97));
#6527 = DIRECTION('',(-0.,0.,-1.));
#6528 = DIRECTION('',(-0.,-1.,0.));
#6529 = FACE_BOUND('',#6530,.T.);
#6530 = EDGE_LOOP('',(#6531));
#6531 = ORIENTED_EDGE('',*,*,#6532,.T.);
#6532 = EDGE_CURVE('',#6533,#6533,#6535,.T.);
#6533 = VERTEX_POINT('',#6534);
#6534 = CARTESIAN_POINT('',(117.5,180.1698,-21.97));
#6535 = CIRCLE('',#6536,1.7272);
#6536 = AXIS2_PLACEMENT_3D('',#6537,#6538,#6539);
#6537 = CARTESIAN_POINT('',(117.5,181.897,-21.97));
#6538 = DIRECTION('',(-0.,0.,-1.));
#6539 = DIRECTION('',(-0.,-1.,0.));
#6540 = PLANE('',#6541);
#6541 = AXIS2_PLACEMENT_3D('',#6542,#6543,#6544);
#6542 = CARTESIAN_POINT('',(154.,170.397,-21.97));
#6543 = DIRECTION('',(0.,0.,1.));
#6544 = DIRECTION('',(0.,1.,0.));
#6545 = ADVANCED_FACE('',(#6546),#6565,.F.);
#6546 = FACE_BOUND('',#6547,.F.);
#6547 = EDGE_LOOP('',(#6548,#6549,#6557,#6564));
#6548 = ORIENTED_EDGE('',*,*,#6521,.T.);
#6549 = ORIENTED_EDGE('',*,*,#6550,.T.);
#6550 = EDGE_CURVE('',#6522,#6551,#6553,.T.);
#6551 = VERTEX_POINT('',#6552);
#6552 = CARTESIAN_POINT('',(142.5,180.1698,-38.1));
#6553 = LINE('',#6554,#6555);
#6554 = CARTESIAN_POINT('',(142.5,180.1698,-13.97));
#6555 = VECTOR('',#6556,1.);
#6556 = DIRECTION('',(0.,0.,-1.));
#6557 = ORIENTED_EDGE('',*,*,#6558,.F.);
#6558 = EDGE_CURVE('',#6551,#6551,#6559,.T.);
#6559 = CIRCLE('',#6560,1.7272);
#6560 = AXIS2_PLACEMENT_3D('',#6561,#6562,#6563);
#6561 = CARTESIAN_POINT('',(142.5,181.897,-38.1));
#6562 = DIRECTION('',(0.,0.,-1.));
#6563 = DIRECTION('',(-2.2E-16,-1.,-0.));
#6564 = ORIENTED_EDGE('',*,*,#6550,.F.);
#6565 = CYLINDRICAL_SURFACE('',#6566,1.7272);
#6566 = AXIS2_PLACEMENT_3D('',#6567,#6568,#6569);
#6567 = CARTESIAN_POINT('',(142.5,181.897,-13.97));
#6568 = DIRECTION('',(0.,0.,-1.));
#6569 = DIRECTION('',(-0.,-1.,0.));
#6570 = ADVANCED_FACE('',(#6571),#6590,.F.);
#6571 = FACE_BOUND('',#6572,.F.);
#6572 = EDGE_LOOP('',(#6573,#6574,#6582,#6589));
#6573 = ORIENTED_EDGE('',*,*,#6532,.T.);
#6574 = ORIENTED_EDGE('',*,*,#6575,.T.);
#6575 = EDGE_CURVE('',#6533,#6576,#6578,.T.);
#6576 = VERTEX_POINT('',#6577);
#6577 = CARTESIAN_POINT('',(117.5,180.1698,-38.1));
#6578 = LINE('',#6579,#6580);
#6579 = CARTESIAN_POINT('',(117.5,180.1698,-13.97));
#6580 = VECTOR('',#6581,1.);
#6581 = DIRECTION('',(0.,0.,-1.));
#6582 = ORIENTED_EDGE('',*,*,#6583,.F.);
#6583 = EDGE_CURVE('',#6576,#6576,#6584,.T.);
#6584 = CIRCLE('',#6585,1.7272);
#6585 = AXIS2_PLACEMENT_3D('',#6586,#6587,#6588);
#6586 = CARTESIAN_POINT('',(117.5,181.897,-38.1));
#6587 = DIRECTION('',(0.,0.,-1.));
#6588 = DIRECTION('',(-2.2E-16,-1.,-0.));
#6589 = ORIENTED_EDGE('',*,*,#6575,.F.);
#6590 = CYLINDRICAL_SURFACE('',#6591,1.7272);
#6591 = AXIS2_PLACEMENT_3D('',#6592,#6593,#6594);
#6592 = CARTESIAN_POINT('',(117.5,181.897,-13.97));
#6593 = DIRECTION('',(0.,0.,-1.));
#6594 = DIRECTION('',(-0.,-1.,0.));
#6595 = ADVANCED_FACE('',(#6596),#6621,.F.);
#6596 = FACE_BOUND('',#6597,.F.);
#6597 = EDGE_LOOP('',(#6598,#6599,#6607,#6615));
#6598 = ORIENTED_EDGE('',*,*,#1668,.F.);
#6599 = ORIENTED_EDGE('',*,*,#6600,.F.);
#6600 = EDGE_CURVE('',#6601,#1669,#6603,.T.);
#6601 = VERTEX_POINT('',#6602);
#6602 = CARTESIAN_POINT('',(118.82551553344,167.20003509521,
    -24.3000011444));
#6603 = LINE('',#6604,#6605);
#6604 = CARTESIAN_POINT('',(118.82551553344,167.20003509521,
    -24.3000011444));
#6605 = VECTOR('',#6606,1.);
#6606 = DIRECTION('',(0.,0.,1.));
#6607 = ORIENTED_EDGE('',*,*,#6608,.T.);
#6608 = EDGE_CURVE('',#6601,#6609,#6611,.T.);
#6609 = VERTEX_POINT('',#6610);
#6610 = CARTESIAN_POINT('',(13.17351171875,167.20003509521,
    -24.3000011444));
#6611 = LINE('',#6612,#6613);
#6612 = CARTESIAN_POINT('',(121.99951553344,167.20003509521,
    -24.3000011444));
#6613 = VECTOR('',#6614,1.);
#6614 = DIRECTION('',(-1.,0.,0.));
#6615 = ORIENTED_EDGE('',*,*,#6616,.T.);
#6616 = EDGE_CURVE('',#6609,#1671,#6617,.T.);
#6617 = LINE('',#6618,#6619);
#6618 = CARTESIAN_POINT('',(13.17351171875,167.20003509521,
    -24.3000011444));
#6619 = VECTOR('',#6620,1.);
#6620 = DIRECTION('',(0.,0.,1.));
#6621 = PLANE('',#6622);
#6622 = AXIS2_PLACEMENT_3D('',#6623,#6624,#6625);
#6623 = CARTESIAN_POINT('',(121.99951553344,167.20003509521,
    -24.3000011444));
#6624 = DIRECTION('',(0.,1.,0.));
#6625 = DIRECTION('',(0.,0.,1.));
#6626 = ADVANCED_FACE('',(#6627),#6646,.F.);
#6627 = FACE_BOUND('',#6628,.F.);
#6628 = EDGE_LOOP('',(#6629,#6638,#6639,#6640));
#6629 = ORIENTED_EDGE('',*,*,#6630,.T.);
#6630 = EDGE_CURVE('',#6631,#6601,#6633,.T.);
#6631 = VERTEX_POINT('',#6632);
#6632 = CARTESIAN_POINT('',(121.99951553344,164.02603509521,
    -24.3000011444));
#6633 = CIRCLE('',#6634,3.174);
#6634 = AXIS2_PLACEMENT_3D('',#6635,#6636,#6637);
#6635 = CARTESIAN_POINT('',(118.82551553344,164.02603509521,
    -24.3000011444));
#6636 = DIRECTION('',(0.,0.,1.));
#6637 = DIRECTION('',(1.,0.,0.));
#6638 = ORIENTED_EDGE('',*,*,#6600,.T.);
#6639 = ORIENTED_EDGE('',*,*,#1678,.F.);
#6640 = ORIENTED_EDGE('',*,*,#6641,.F.);
#6641 = EDGE_CURVE('',#6631,#1679,#6642,.T.);
#6642 = LINE('',#6643,#6644);
#6643 = CARTESIAN_POINT('',(121.99951553344,164.02603509521,
    -24.3000011444));
#6644 = VECTOR('',#6645,1.);
#6645 = DIRECTION('',(0.,0.,1.));
#6646 = CYLINDRICAL_SURFACE('',#6647,3.174);
#6647 = AXIS2_PLACEMENT_3D('',#6648,#6649,#6650);
#6648 = CARTESIAN_POINT('',(118.82551553344,164.02603509521,
    -24.3000011444));
#6649 = DIRECTION('',(0.,0.,1.));
#6650 = DIRECTION('',(1.,0.,0.));
#6651 = ADVANCED_FACE('',(#6652),#6671,.F.);
#6652 = FACE_BOUND('',#6653,.F.);
#6653 = EDGE_LOOP('',(#6654,#6663,#6669,#6670));
#6654 = ORIENTED_EDGE('',*,*,#6655,.T.);
#6655 = EDGE_CURVE('',#6609,#6656,#6658,.T.);
#6656 = VERTEX_POINT('',#6657);
#6657 = CARTESIAN_POINT('',(9.99951171875,164.02603509521,-24.3000011444
    ));
#6658 = CIRCLE('',#6659,3.174);
#6659 = AXIS2_PLACEMENT_3D('',#6660,#6661,#6662);
#6660 = CARTESIAN_POINT('',(13.17351171875,164.02603509521,
    -24.3000011444));
#6661 = DIRECTION('',(0.,0.,1.));
#6662 = DIRECTION('',(1.,0.,0.));
#6663 = ORIENTED_EDGE('',*,*,#6664,.T.);
#6664 = EDGE_CURVE('',#6656,#1722,#6665,.T.);
#6665 = LINE('',#6666,#6667);
#6666 = CARTESIAN_POINT('',(9.99951171875,164.02603509521,-24.3000011444
    ));
#6667 = VECTOR('',#6668,1.);
#6668 = DIRECTION('',(0.,0.,1.));
#6669 = ORIENTED_EDGE('',*,*,#1729,.F.);
#6670 = ORIENTED_EDGE('',*,*,#6616,.F.);
#6671 = CYLINDRICAL_SURFACE('',#6672,3.174);
#6672 = AXIS2_PLACEMENT_3D('',#6673,#6674,#6675);
#6673 = CARTESIAN_POINT('',(13.17351171875,164.02603509521,
    -24.3000011444));
#6674 = DIRECTION('',(0.,0.,1.));
#6675 = DIRECTION('',(0.,1.,0.));
#6676 = ADVANCED_FACE('',(#6677),#6695,.T.);
#6677 = FACE_BOUND('',#6678,.T.);
#6678 = EDGE_LOOP('',(#6679,#6687,#6693,#6694));
#6679 = ORIENTED_EDGE('',*,*,#6680,.F.);
#6680 = EDGE_CURVE('',#6681,#6631,#6683,.T.);
#6681 = VERTEX_POINT('',#6682);
#6682 = CARTESIAN_POINT('',(121.99951553344,66.374035095215,
    -24.3000011444));
#6683 = LINE('',#6684,#6685);
#6684 = CARTESIAN_POINT('',(121.99951553344,63.200035095215,
    -24.3000011444));
#6685 = VECTOR('',#6686,1.);
#6686 = DIRECTION('',(0.,1.,0.));
#6687 = ORIENTED_EDGE('',*,*,#6688,.T.);
#6688 = EDGE_CURVE('',#6681,#1688,#6689,.T.);
#6689 = LINE('',#6690,#6691);
#6690 = CARTESIAN_POINT('',(121.99951553344,66.374035095215,
    -24.3000011444));
#6691 = VECTOR('',#6692,1.);
#6692 = DIRECTION('',(0.,0.,1.));
#6693 = ORIENTED_EDGE('',*,*,#1687,.T.);
#6694 = ORIENTED_EDGE('',*,*,#6641,.F.);
#6695 = PLANE('',#6696);
#6696 = AXIS2_PLACEMENT_3D('',#6697,#6698,#6699);
#6697 = CARTESIAN_POINT('',(121.99951553344,63.200035095215,
    -24.3000011444));
#6698 = DIRECTION('',(-1.,0.,0.));
#6699 = DIRECTION('',(0.,0.,1.));
#6700 = ADVANCED_FACE('',(#6701),#6719,.F.);
#6701 = FACE_BOUND('',#6702,.F.);
#6702 = EDGE_LOOP('',(#6703,#6711,#6717,#6718));
#6703 = ORIENTED_EDGE('',*,*,#6704,.F.);
#6704 = EDGE_CURVE('',#6705,#6656,#6707,.T.);
#6705 = VERTEX_POINT('',#6706);
#6706 = CARTESIAN_POINT('',(9.99951171875,66.374035095215,-24.3000011444
    ));
#6707 = LINE('',#6708,#6709);
#6708 = CARTESIAN_POINT('',(9.99951171875,63.200035095215,-24.3000011444
    ));
#6709 = VECTOR('',#6710,1.);
#6710 = DIRECTION('',(0.,1.,0.));
#6711 = ORIENTED_EDGE('',*,*,#6712,.T.);
#6712 = EDGE_CURVE('',#6705,#1713,#6713,.T.);
#6713 = LINE('',#6714,#6715);
#6714 = CARTESIAN_POINT('',(9.99951171875,66.374035095215,-24.3000011444
    ));
#6715 = VECTOR('',#6716,1.);
#6716 = DIRECTION('',(0.,0.,1.));
#6717 = ORIENTED_EDGE('',*,*,#1721,.T.);
#6718 = ORIENTED_EDGE('',*,*,#6664,.F.);
#6719 = PLANE('',#6720);
#6720 = AXIS2_PLACEMENT_3D('',#6721,#6722,#6723);
#6721 = CARTESIAN_POINT('',(9.99951171875,63.200035095215,-24.3000011444
    ));
#6722 = DIRECTION('',(-1.,0.,0.));
#6723 = DIRECTION('',(0.,0.,1.));
#6724 = ADVANCED_FACE('',(#6725),#6744,.F.);
#6725 = FACE_BOUND('',#6726,.F.);
#6726 = EDGE_LOOP('',(#6727,#6736,#6737,#6738));
#6727 = ORIENTED_EDGE('',*,*,#6728,.T.);
#6728 = EDGE_CURVE('',#6729,#6681,#6731,.T.);
#6729 = VERTEX_POINT('',#6730);
#6730 = CARTESIAN_POINT('',(118.82551553344,63.200035095215,
    -24.3000011444));
#6731 = CIRCLE('',#6732,3.174);
#6732 = AXIS2_PLACEMENT_3D('',#6733,#6734,#6735);
#6733 = CARTESIAN_POINT('',(118.82551553344,66.374035095215,
    -24.3000011444));
#6734 = DIRECTION('',(0.,0.,1.));
#6735 = DIRECTION('',(1.,0.,0.));
#6736 = ORIENTED_EDGE('',*,*,#6688,.T.);
#6737 = ORIENTED_EDGE('',*,*,#1695,.F.);
#6738 = ORIENTED_EDGE('',*,*,#6739,.F.);
#6739 = EDGE_CURVE('',#6729,#1696,#6740,.T.);
#6740 = LINE('',#6741,#6742);
#6741 = CARTESIAN_POINT('',(118.82551553344,63.200035095215,
    -24.3000011444));
#6742 = VECTOR('',#6743,1.);
#6743 = DIRECTION('',(0.,0.,1.));
#6744 = CYLINDRICAL_SURFACE('',#6745,3.174);
#6745 = AXIS2_PLACEMENT_3D('',#6746,#6747,#6748);
#6746 = CARTESIAN_POINT('',(118.82551553344,66.374035095215,
    -24.3000011444));
#6747 = DIRECTION('',(0.,0.,1.));
#6748 = DIRECTION('',(0.,-1.,0.));
#6749 = ADVANCED_FACE('',(#6750),#6769,.F.);
#6750 = FACE_BOUND('',#6751,.T.);
#6751 = EDGE_LOOP('',(#6752,#6761,#6762,#6763));
#6752 = ORIENTED_EDGE('',*,*,#6753,.T.);
#6753 = EDGE_CURVE('',#6754,#6705,#6756,.T.);
#6754 = VERTEX_POINT('',#6755);
#6755 = CARTESIAN_POINT('',(13.17351171875,63.200035095215,
    -24.3000011444));
#6756 = CIRCLE('',#6757,3.174);
#6757 = AXIS2_PLACEMENT_3D('',#6758,#6759,#6760);
#6758 = CARTESIAN_POINT('',(13.17351171875,66.374035095215,
    -24.3000011444));
#6759 = DIRECTION('',(0.,0.,-1.));
#6760 = DIRECTION('',(1.,0.,0.));
#6761 = ORIENTED_EDGE('',*,*,#6712,.T.);
#6762 = ORIENTED_EDGE('',*,*,#1712,.F.);
#6763 = ORIENTED_EDGE('',*,*,#6764,.F.);
#6764 = EDGE_CURVE('',#6754,#1705,#6765,.T.);
#6765 = LINE('',#6766,#6767);
#6766 = CARTESIAN_POINT('',(13.17351171875,63.200035095215,
    -24.3000011444));
#6767 = VECTOR('',#6768,1.);
#6768 = DIRECTION('',(0.,0.,1.));
#6769 = CYLINDRICAL_SURFACE('',#6770,3.174);
#6770 = AXIS2_PLACEMENT_3D('',#6771,#6772,#6773);
#6771 = CARTESIAN_POINT('',(13.17351171875,66.374035095215,
    -24.3000011444));
#6772 = DIRECTION('',(0.,0.,1.));
#6773 = DIRECTION('',(0.,-1.,0.));
#6774 = ADVANCED_FACE('',(#6775),#6786,.T.);
#6775 = FACE_BOUND('',#6776,.T.);
#6776 = EDGE_LOOP('',(#6777,#6778,#6779,#6785));
#6777 = ORIENTED_EDGE('',*,*,#1704,.F.);
#6778 = ORIENTED_EDGE('',*,*,#6739,.F.);
#6779 = ORIENTED_EDGE('',*,*,#6780,.T.);
#6780 = EDGE_CURVE('',#6729,#6754,#6781,.T.);
#6781 = LINE('',#6782,#6783);
#6782 = CARTESIAN_POINT('',(121.99951553344,63.200035095215,
    -24.3000011444));
#6783 = VECTOR('',#6784,1.);
#6784 = DIRECTION('',(-1.,0.,0.));
#6785 = ORIENTED_EDGE('',*,*,#6764,.T.);
#6786 = PLANE('',#6787);
#6787 = AXIS2_PLACEMENT_3D('',#6788,#6789,#6790);
#6788 = CARTESIAN_POINT('',(121.99951553344,63.200035095215,
    -24.3000011444));
#6789 = DIRECTION('',(0.,1.,0.));
#6790 = DIRECTION('',(0.,0.,1.));
#6791 = ADVANCED_FACE('',(#6792,#6802,#6813,#6824,#6835),#6846,.T.);
#6792 = FACE_BOUND('',#6793,.T.);
#6793 = EDGE_LOOP('',(#6794,#6795,#6796,#6797,#6798,#6799,#6800,#6801));
#6794 = ORIENTED_EDGE('',*,*,#6608,.T.);
#6795 = ORIENTED_EDGE('',*,*,#6655,.T.);
#6796 = ORIENTED_EDGE('',*,*,#6704,.F.);
#6797 = ORIENTED_EDGE('',*,*,#6753,.F.);
#6798 = ORIENTED_EDGE('',*,*,#6780,.F.);
#6799 = ORIENTED_EDGE('',*,*,#6728,.T.);
#6800 = ORIENTED_EDGE('',*,*,#6680,.T.);
#6801 = ORIENTED_EDGE('',*,*,#6630,.T.);
#6802 = FACE_BOUND('',#6803,.T.);
#6803 = EDGE_LOOP('',(#6804));
#6804 = ORIENTED_EDGE('',*,*,#6805,.T.);
#6805 = EDGE_CURVE('',#6806,#6806,#6808,.T.);
#6806 = VERTEX_POINT('',#6807);
#6807 = CARTESIAN_POINT('',(97.5,77.2728,-24.3000011444));
#6808 = CIRCLE('',#6809,1.7272);
#6809 = AXIS2_PLACEMENT_3D('',#6810,#6811,#6812);
#6810 = CARTESIAN_POINT('',(97.5,79.,-24.3000011444));
#6811 = DIRECTION('',(-0.,0.,-1.));
#6812 = DIRECTION('',(-0.,-1.,0.));
#6813 = FACE_BOUND('',#6814,.T.);
#6814 = EDGE_LOOP('',(#6815));
#6815 = ORIENTED_EDGE('',*,*,#6816,.T.);
#6816 = EDGE_CURVE('',#6817,#6817,#6819,.T.);
#6817 = VERTEX_POINT('',#6818);
#6818 = CARTESIAN_POINT('',(97.5,152.2728,-24.3000011444));
#6819 = CIRCLE('',#6820,1.7272);
#6820 = AXIS2_PLACEMENT_3D('',#6821,#6822,#6823);
#6821 = CARTESIAN_POINT('',(97.5,154.,-24.3000011444));
#6822 = DIRECTION('',(-0.,0.,-1.));
#6823 = DIRECTION('',(-0.,-1.,0.));
#6824 = FACE_BOUND('',#6825,.T.);
#6825 = EDGE_LOOP('',(#6826));
#6826 = ORIENTED_EDGE('',*,*,#6827,.T.);
#6827 = EDGE_CURVE('',#6828,#6828,#6830,.T.);
#6828 = VERTEX_POINT('',#6829);
#6829 = CARTESIAN_POINT('',(22.5,77.2728,-24.3000011444));
#6830 = CIRCLE('',#6831,1.7272);
#6831 = AXIS2_PLACEMENT_3D('',#6832,#6833,#6834);
#6832 = CARTESIAN_POINT('',(22.5,79.,-24.3000011444));
#6833 = DIRECTION('',(-0.,0.,-1.));
#6834 = DIRECTION('',(-0.,-1.,0.));
#6835 = FACE_BOUND('',#6836,.T.);
#6836 = EDGE_LOOP('',(#6837));
#6837 = ORIENTED_EDGE('',*,*,#6838,.T.);
#6838 = EDGE_CURVE('',#6839,#6839,#6841,.T.);
#6839 = VERTEX_POINT('',#6840);
#6840 = CARTESIAN_POINT('',(22.5,152.2728,-24.3000011444));
#6841 = CIRCLE('',#6842,1.7272);
#6842 = AXIS2_PLACEMENT_3D('',#6843,#6844,#6845);
#6843 = CARTESIAN_POINT('',(22.5,154.,-24.3000011444));
#6844 = DIRECTION('',(-0.,0.,-1.));
#6845 = DIRECTION('',(-0.,-1.,0.));
#6846 = PLANE('',#6847);
#6847 = AXIS2_PLACEMENT_3D('',#6848,#6849,#6850);
#6848 = CARTESIAN_POINT('',(121.99951553344,63.200035095215,
    -24.3000011444));
#6849 = DIRECTION('',(0.,0.,1.));
#6850 = DIRECTION('',(0.,1.,0.));
#6851 = ADVANCED_FACE('',(#6852),#6871,.F.);
#6852 = FACE_BOUND('',#6853,.F.);
#6853 = EDGE_LOOP('',(#6854,#6855,#6863,#6870));
#6854 = ORIENTED_EDGE('',*,*,#6805,.T.);
#6855 = ORIENTED_EDGE('',*,*,#6856,.T.);
#6856 = EDGE_CURVE('',#6806,#6857,#6859,.T.);
#6857 = VERTEX_POINT('',#6858);
#6858 = CARTESIAN_POINT('',(97.5,77.2728,-38.1));
#6859 = LINE('',#6860,#6861);
#6860 = CARTESIAN_POINT('',(97.5,77.2728,0.));
#6861 = VECTOR('',#6862,1.);
#6862 = DIRECTION('',(0.,0.,-1.));
#6863 = ORIENTED_EDGE('',*,*,#6864,.F.);
#6864 = EDGE_CURVE('',#6857,#6857,#6865,.T.);
#6865 = CIRCLE('',#6866,1.7272);
#6866 = AXIS2_PLACEMENT_3D('',#6867,#6868,#6869);
#6867 = CARTESIAN_POINT('',(97.5,79.,-38.1));
#6868 = DIRECTION('',(0.,0.,-1.));
#6869 = DIRECTION('',(-2.2E-16,-1.,-0.));
#6870 = ORIENTED_EDGE('',*,*,#6856,.F.);
#6871 = CYLINDRICAL_SURFACE('',#6872,1.7272);
#6872 = AXIS2_PLACEMENT_3D('',#6873,#6874,#6875);
#6873 = CARTESIAN_POINT('',(97.5,79.,0.));
#6874 = DIRECTION('',(0.,0.,-1.));
#6875 = DIRECTION('',(-0.,-1.,0.));
#6876 = ADVANCED_FACE('',(#6877),#6896,.F.);
#6877 = FACE_BOUND('',#6878,.F.);
#6878 = EDGE_LOOP('',(#6879,#6880,#6888,#6895));
#6879 = ORIENTED_EDGE('',*,*,#6816,.T.);
#6880 = ORIENTED_EDGE('',*,*,#6881,.T.);
#6881 = EDGE_CURVE('',#6817,#6882,#6884,.T.);
#6882 = VERTEX_POINT('',#6883);
#6883 = CARTESIAN_POINT('',(97.5,152.2728,-38.1));
#6884 = LINE('',#6885,#6886);
#6885 = CARTESIAN_POINT('',(97.5,152.2728,0.));
#6886 = VECTOR('',#6887,1.);
#6887 = DIRECTION('',(0.,0.,-1.));
#6888 = ORIENTED_EDGE('',*,*,#6889,.F.);
#6889 = EDGE_CURVE('',#6882,#6882,#6890,.T.);
#6890 = CIRCLE('',#6891,1.7272);
#6891 = AXIS2_PLACEMENT_3D('',#6892,#6893,#6894);
#6892 = CARTESIAN_POINT('',(97.5,154.,-38.1));
#6893 = DIRECTION('',(0.,0.,-1.));
#6894 = DIRECTION('',(-2.2E-16,-1.,-0.));
#6895 = ORIENTED_EDGE('',*,*,#6881,.F.);
#6896 = CYLINDRICAL_SURFACE('',#6897,1.7272);
#6897 = AXIS2_PLACEMENT_3D('',#6898,#6899,#6900);
#6898 = CARTESIAN_POINT('',(97.5,154.,0.));
#6899 = DIRECTION('',(0.,0.,-1.));
#6900 = DIRECTION('',(-0.,-1.,0.));
#6901 = ADVANCED_FACE('',(#6902),#6921,.F.);
#6902 = FACE_BOUND('',#6903,.F.);
#6903 = EDGE_LOOP('',(#6904,#6905,#6913,#6920));
#6904 = ORIENTED_EDGE('',*,*,#6827,.T.);
#6905 = ORIENTED_EDGE('',*,*,#6906,.T.);
#6906 = EDGE_CURVE('',#6828,#6907,#6909,.T.);
#6907 = VERTEX_POINT('',#6908);
#6908 = CARTESIAN_POINT('',(22.5,77.2728,-38.1));
#6909 = LINE('',#6910,#6911);
#6910 = CARTESIAN_POINT('',(22.5,77.2728,0.));
#6911 = VECTOR('',#6912,1.);
#6912 = DIRECTION('',(0.,0.,-1.));
#6913 = ORIENTED_EDGE('',*,*,#6914,.F.);
#6914 = EDGE_CURVE('',#6907,#6907,#6915,.T.);
#6915 = CIRCLE('',#6916,1.7272);
#6916 = AXIS2_PLACEMENT_3D('',#6917,#6918,#6919);
#6917 = CARTESIAN_POINT('',(22.5,79.,-38.1));
#6918 = DIRECTION('',(0.,0.,-1.));
#6919 = DIRECTION('',(-2.2E-16,-1.,-0.));
#6920 = ORIENTED_EDGE('',*,*,#6906,.F.);
#6921 = CYLINDRICAL_SURFACE('',#6922,1.7272);
#6922 = AXIS2_PLACEMENT_3D('',#6923,#6924,#6925);
#6923 = CARTESIAN_POINT('',(22.5,79.,0.));
#6924 = DIRECTION('',(0.,0.,-1.));
#6925 = DIRECTION('',(-0.,-1.,0.));
#6926 = ADVANCED_FACE('',(#6927),#6946,.F.);
#6927 = FACE_BOUND('',#6928,.F.);
#6928 = EDGE_LOOP('',(#6929,#6930,#6938,#6945));
#6929 = ORIENTED_EDGE('',*,*,#6838,.T.);
#6930 = ORIENTED_EDGE('',*,*,#6931,.T.);
#6931 = EDGE_CURVE('',#6839,#6932,#6934,.T.);
#6932 = VERTEX_POINT('',#6933);
#6933 = CARTESIAN_POINT('',(22.5,152.2728,-38.1));
#6934 = LINE('',#6935,#6936);
#6935 = CARTESIAN_POINT('',(22.5,152.2728,0.));
#6936 = VECTOR('',#6937,1.);
#6937 = DIRECTION('',(0.,0.,-1.));
#6938 = ORIENTED_EDGE('',*,*,#6939,.F.);
#6939 = EDGE_CURVE('',#6932,#6932,#6940,.T.);
#6940 = CIRCLE('',#6941,1.7272);
#6941 = AXIS2_PLACEMENT_3D('',#6942,#6943,#6944);
#6942 = CARTESIAN_POINT('',(22.5,154.,-38.1));
#6943 = DIRECTION('',(0.,0.,-1.));
#6944 = DIRECTION('',(-2.2E-16,-1.,-0.));
#6945 = ORIENTED_EDGE('',*,*,#6931,.F.);
#6946 = CYLINDRICAL_SURFACE('',#6947,1.7272);
#6947 = AXIS2_PLACEMENT_3D('',#6948,#6949,#6950);
#6948 = CARTESIAN_POINT('',(22.5,154.,0.));
#6949 = DIRECTION('',(0.,0.,-1.));
#6950 = DIRECTION('',(-0.,-1.,0.));
#6951 = ADVANCED_FACE('',(#6952),#6978,.F.);
#6952 = FACE_BOUND('',#6953,.F.);
#6953 = EDGE_LOOP('',(#6954,#6962,#6971,#6977));
#6954 = ORIENTED_EDGE('',*,*,#6955,.F.);
#6955 = EDGE_CURVE('',#6956,#1739,#6958,.T.);
#6956 = VERTEX_POINT('',#6957);
#6957 = CARTESIAN_POINT('',(220.826,110.,-31.75));
#6958 = LINE('',#6959,#6960);
#6959 = CARTESIAN_POINT('',(220.826,110.,-31.75));
#6960 = VECTOR('',#6961,1.);
#6961 = DIRECTION('',(0.,0.,1.));
#6962 = ORIENTED_EDGE('',*,*,#6963,.T.);
#6963 = EDGE_CURVE('',#6956,#6964,#6966,.T.);
#6964 = VERTEX_POINT('',#6965);
#6965 = CARTESIAN_POINT('',(224.,113.174,-31.75));
#6966 = CIRCLE('',#6967,3.174);
#6967 = AXIS2_PLACEMENT_3D('',#6968,#6969,#6970);
#6968 = CARTESIAN_POINT('',(220.826,113.174,-31.75));
#6969 = DIRECTION('',(0.,0.,1.));
#6970 = DIRECTION('',(1.,0.,0.));
#6971 = ORIENTED_EDGE('',*,*,#6972,.T.);
#6972 = EDGE_CURVE('',#6964,#1741,#6973,.T.);
#6973 = LINE('',#6974,#6975);
#6974 = CARTESIAN_POINT('',(224.,113.174,-31.75));
#6975 = VECTOR('',#6976,1.);
#6976 = DIRECTION('',(0.,0.,1.));
#6977 = ORIENTED_EDGE('',*,*,#1738,.F.);
#6978 = CYLINDRICAL_SURFACE('',#6979,3.174);
#6979 = AXIS2_PLACEMENT_3D('',#6980,#6981,#6982);
#6980 = CARTESIAN_POINT('',(220.826,113.174,-31.75));
#6981 = DIRECTION('',(0.,0.,1.));
#6982 = DIRECTION('',(0.,-1.,0.));
#6983 = ADVANCED_FACE('',(#6984),#7002,.T.);
#6984 = FACE_BOUND('',#6985,.T.);
#6985 = EDGE_LOOP('',(#6986,#6987,#6988,#6996));
#6986 = ORIENTED_EDGE('',*,*,#1749,.F.);
#6987 = ORIENTED_EDGE('',*,*,#6955,.F.);
#6988 = ORIENTED_EDGE('',*,*,#6989,.T.);
#6989 = EDGE_CURVE('',#6956,#6990,#6992,.T.);
#6990 = VERTEX_POINT('',#6991);
#6991 = CARTESIAN_POINT('',(171.174,110.,-31.75));
#6992 = LINE('',#6993,#6994);
#6993 = CARTESIAN_POINT('',(224.,110.,-31.75));
#6994 = VECTOR('',#6995,1.);
#6995 = DIRECTION('',(-1.,0.,0.));
#6996 = ORIENTED_EDGE('',*,*,#6997,.T.);
#6997 = EDGE_CURVE('',#6990,#1750,#6998,.T.);
#6998 = LINE('',#6999,#7000);
#6999 = CARTESIAN_POINT('',(171.174,110.,-31.75));
#7000 = VECTOR('',#7001,1.);
#7001 = DIRECTION('',(0.,0.,1.));
#7002 = PLANE('',#7003);
#7003 = AXIS2_PLACEMENT_3D('',#7004,#7005,#7006);
#7004 = CARTESIAN_POINT('',(224.,110.,-31.75));
#7005 = DIRECTION('',(0.,1.,0.));
#7006 = DIRECTION('',(0.,0.,1.));
#7007 = ADVANCED_FACE('',(#7008),#7049,.T.);
#7008 = FACE_BOUND('',#7009,.T.);
#7009 = EDGE_LOOP('',(#7010,#7018,#7019,#7020,#7028,#7036,#7042,#7043));
#7010 = ORIENTED_EDGE('',*,*,#7011,.F.);
#7011 = EDGE_CURVE('',#6964,#7012,#7014,.T.);
#7012 = VERTEX_POINT('',#7013);
#7013 = CARTESIAN_POINT('',(224.,210.826,-31.75));
#7014 = LINE('',#7015,#7016);
#7015 = CARTESIAN_POINT('',(224.,110.,-31.75));
#7016 = VECTOR('',#7017,1.);
#7017 = DIRECTION('',(0.,1.,0.));
#7018 = ORIENTED_EDGE('',*,*,#6972,.T.);
#7019 = ORIENTED_EDGE('',*,*,#1885,.F.);
#7020 = ORIENTED_EDGE('',*,*,#7021,.T.);
#7021 = EDGE_CURVE('',#1878,#7022,#7024,.T.);
#7022 = VERTEX_POINT('',#7023);
#7023 = CARTESIAN_POINT('',(224.,185.44197688697,-19.09033817672));
#7024 = LINE('',#7025,#7026);
#7025 = CARTESIAN_POINT('',(224.,185.44197688697,-25.42016908836));
#7026 = VECTOR('',#7027,1.);
#7027 = DIRECTION('',(0.,0.,-1.));
#7028 = ORIENTED_EDGE('',*,*,#7029,.T.);
#7029 = EDGE_CURVE('',#7022,#7030,#7032,.T.);
#7030 = VERTEX_POINT('',#7031);
#7031 = CARTESIAN_POINT('',(224.,197.38841429136,-19.09033817672));
#7032 = LINE('',#7033,#7034);
#7033 = CARTESIAN_POINT('',(224.,150.70759779458,-19.09033817672));
#7034 = VECTOR('',#7035,1.);
#7035 = DIRECTION('',(2.2E-16,1.,0.));
#7036 = ORIENTED_EDGE('',*,*,#7037,.T.);
#7037 = EDGE_CURVE('',#7030,#1801,#7038,.T.);
#7038 = LINE('',#7039,#7040);
#7039 = CARTESIAN_POINT('',(224.,197.38841429136,-25.42016908836));
#7040 = VECTOR('',#7041,1.);
#7041 = DIRECTION('',(0.,0.,1.));
#7042 = ORIENTED_EDGE('',*,*,#1800,.F.);
#7043 = ORIENTED_EDGE('',*,*,#7044,.F.);
#7044 = EDGE_CURVE('',#7012,#1792,#7045,.T.);
#7045 = LINE('',#7046,#7047);
#7046 = CARTESIAN_POINT('',(224.,210.826,-31.75));
#7047 = VECTOR('',#7048,1.);
#7048 = DIRECTION('',(0.,0.,1.));
#7049 = PLANE('',#7050);
#7050 = AXIS2_PLACEMENT_3D('',#7051,#7052,#7053);
#7051 = CARTESIAN_POINT('',(224.,110.,-31.75));
#7052 = DIRECTION('',(-1.,0.,0.));
#7053 = DIRECTION('',(0.,0.,1.));
#7054 = ADVANCED_FACE('',(#7055),#7074,.F.);
#7055 = FACE_BOUND('',#7056,.T.);
#7056 = EDGE_LOOP('',(#7057,#7058,#7067,#7073));
#7057 = ORIENTED_EDGE('',*,*,#6997,.F.);
#7058 = ORIENTED_EDGE('',*,*,#7059,.T.);
#7059 = EDGE_CURVE('',#6990,#7060,#7062,.T.);
#7060 = VERTEX_POINT('',#7061);
#7061 = CARTESIAN_POINT('',(168.,113.174,-31.75));
#7062 = CIRCLE('',#7063,3.174);
#7063 = AXIS2_PLACEMENT_3D('',#7064,#7065,#7066);
#7064 = CARTESIAN_POINT('',(171.174,113.174,-31.75));
#7065 = DIRECTION('',(0.,0.,-1.));
#7066 = DIRECTION('',(1.,0.,0.));
#7067 = ORIENTED_EDGE('',*,*,#7068,.T.);
#7068 = EDGE_CURVE('',#7060,#1758,#7069,.T.);
#7069 = LINE('',#7070,#7071);
#7070 = CARTESIAN_POINT('',(168.,113.174,-31.75));
#7071 = VECTOR('',#7072,1.);
#7072 = DIRECTION('',(0.,0.,1.));
#7073 = ORIENTED_EDGE('',*,*,#1757,.T.);
#7074 = CYLINDRICAL_SURFACE('',#7075,3.174);
#7075 = AXIS2_PLACEMENT_3D('',#7076,#7077,#7078);
#7076 = CARTESIAN_POINT('',(171.174,113.174,-31.75));
#7077 = DIRECTION('',(0.,0.,1.));
#7078 = DIRECTION('',(0.,-1.,0.));
#7079 = ADVANCED_FACE('',(#7080),#7098,.T.);
#7080 = FACE_BOUND('',#7081,.T.);
#7081 = EDGE_LOOP('',(#7082,#7090,#7091,#7092));
#7082 = ORIENTED_EDGE('',*,*,#7083,.F.);
#7083 = EDGE_CURVE('',#7022,#7084,#7086,.T.);
#7084 = VERTEX_POINT('',#7085);
#7085 = CARTESIAN_POINT('',(231.34584479008,178.09613209689,
    -19.09033817672));
#7086 = LINE('',#7087,#7088);
#7087 = CARTESIAN_POINT('',(218.0267812978,191.41519558916,
    -19.09033817672));
#7088 = VECTOR('',#7089,1.);
#7089 = DIRECTION('',(0.707106781187,-0.707106781187,0.));
#7090 = ORIENTED_EDGE('',*,*,#7021,.F.);
#7091 = ORIENTED_EDGE('',*,*,#1877,.F.);
#7092 = ORIENTED_EDGE('',*,*,#7093,.F.);
#7093 = EDGE_CURVE('',#7084,#1869,#7094,.T.);
#7094 = LINE('',#7095,#7096);
#7095 = CARTESIAN_POINT('',(231.34584479008,178.09613209689,
    -19.09033817672));
#7096 = VECTOR('',#7097,1.);
#7097 = DIRECTION('',(0.,0.,1.));
#7098 = PLANE('',#7099);
#7099 = AXIS2_PLACEMENT_3D('',#7100,#7101,#7102);
#7100 = CARTESIAN_POINT('',(218.0267812978,191.41519558916,
    -19.09033817672));
#7101 = DIRECTION('',(0.707106781187,0.707106781187,0.));
#7102 = DIRECTION('',(0.,0.,1.));
#7103 = ADVANCED_FACE('',(#7104),#7122,.F.);
#7104 = FACE_BOUND('',#7105,.F.);
#7105 = EDGE_LOOP('',(#7106,#7114,#7115,#7116));
#7106 = ORIENTED_EDGE('',*,*,#7107,.F.);
#7107 = EDGE_CURVE('',#7060,#7108,#7110,.T.);
#7108 = VERTEX_POINT('',#7109);
#7109 = CARTESIAN_POINT('',(168.,210.826,-31.75));
#7110 = LINE('',#7111,#7112);
#7111 = CARTESIAN_POINT('',(168.,110.,-31.75));
#7112 = VECTOR('',#7113,1.);
#7113 = DIRECTION('',(0.,1.,0.));
#7114 = ORIENTED_EDGE('',*,*,#7068,.T.);
#7115 = ORIENTED_EDGE('',*,*,#1766,.F.);
#7116 = ORIENTED_EDGE('',*,*,#7117,.F.);
#7117 = EDGE_CURVE('',#7108,#1767,#7118,.T.);
#7118 = LINE('',#7119,#7120);
#7119 = CARTESIAN_POINT('',(168.,210.826,-31.75));
#7120 = VECTOR('',#7121,1.);
#7121 = DIRECTION('',(0.,0.,1.));
#7122 = PLANE('',#7123);
#7123 = AXIS2_PLACEMENT_3D('',#7124,#7125,#7126);
#7124 = CARTESIAN_POINT('',(168.,110.,-31.75));
#7125 = DIRECTION('',(-1.,0.,0.));
#7126 = DIRECTION('',(0.,0.,1.));
#7127 = ADVANCED_FACE('',(#7128),#7147,.F.);
#7128 = FACE_BOUND('',#7129,.F.);
#7129 = EDGE_LOOP('',(#7130,#7131,#7140,#7146));
#7130 = ORIENTED_EDGE('',*,*,#7093,.F.);
#7131 = ORIENTED_EDGE('',*,*,#7132,.T.);
#7132 = EDGE_CURVE('',#7084,#7133,#7135,.T.);
#7133 = VERTEX_POINT('',#7134);
#7134 = CARTESIAN_POINT('',(235.83455863705,178.09613209689,
    -19.09033817672));
#7135 = CIRCLE('',#7136,3.174);
#7136 = AXIS2_PLACEMENT_3D('',#7137,#7138,#7139);
#7137 = CARTESIAN_POINT('',(233.59020171356,180.34048902038,
    -19.09033817672));
#7138 = DIRECTION('',(0.,0.,1.));
#7139 = DIRECTION('',(-0.707106781187,-0.707106781187,0.));
#7140 = ORIENTED_EDGE('',*,*,#7141,.T.);
#7141 = EDGE_CURVE('',#7133,#1861,#7142,.T.);
#7142 = LINE('',#7143,#7144);
#7143 = CARTESIAN_POINT('',(235.83455863705,178.09613209689,
    -19.09033817672));
#7144 = VECTOR('',#7145,1.);
#7145 = DIRECTION('',(0.,0.,1.));
#7146 = ORIENTED_EDGE('',*,*,#1868,.F.);
#7147 = CYLINDRICAL_SURFACE('',#7148,3.174);
#7148 = AXIS2_PLACEMENT_3D('',#7149,#7150,#7151);
#7149 = CARTESIAN_POINT('',(233.59020171356,180.34048902038,
    -19.09033817672));
#7150 = DIRECTION('',(0.,0.,1.));
#7151 = DIRECTION('',(-0.707106781187,-0.707106781187,0.));
#7152 = ADVANCED_FACE('',(#7153),#7172,.F.);
#7153 = FACE_BOUND('',#7154,.F.);
#7154 = EDGE_LOOP('',(#7155,#7163,#7170,#7171));
#7155 = ORIENTED_EDGE('',*,*,#7156,.F.);
#7156 = EDGE_CURVE('',#7157,#1775,#7159,.T.);
#7157 = VERTEX_POINT('',#7158);
#7158 = CARTESIAN_POINT('',(171.174,214.,-31.75));
#7159 = LINE('',#7160,#7161);
#7160 = CARTESIAN_POINT('',(171.174,214.,-31.75));
#7161 = VECTOR('',#7162,1.);
#7162 = DIRECTION('',(0.,0.,1.));
#7163 = ORIENTED_EDGE('',*,*,#7164,.T.);
#7164 = EDGE_CURVE('',#7157,#7108,#7165,.T.);
#7165 = CIRCLE('',#7166,3.174);
#7166 = AXIS2_PLACEMENT_3D('',#7167,#7168,#7169);
#7167 = CARTESIAN_POINT('',(171.174,210.826,-31.75));
#7168 = DIRECTION('',(0.,0.,1.));
#7169 = DIRECTION('',(1.,0.,0.));
#7170 = ORIENTED_EDGE('',*,*,#7117,.T.);
#7171 = ORIENTED_EDGE('',*,*,#1774,.F.);
#7172 = CYLINDRICAL_SURFACE('',#7173,3.174);
#7173 = AXIS2_PLACEMENT_3D('',#7174,#7175,#7176);
#7174 = CARTESIAN_POINT('',(171.174,210.826,-31.75));
#7175 = DIRECTION('',(0.,0.,1.));
#7176 = DIRECTION('',(0.,1.,0.));
#7177 = ADVANCED_FACE('',(#7178),#7196,.F.);
#7178 = FACE_BOUND('',#7179,.F.);
#7179 = EDGE_LOOP('',(#7180,#7188,#7189,#7190));
#7180 = ORIENTED_EDGE('',*,*,#7181,.T.);
#7181 = EDGE_CURVE('',#7182,#1852,#7184,.T.);
#7182 = VERTEX_POINT('',#7183);
#7183 = CARTESIAN_POINT('',(245.47242418061,187.73399764045,
    -19.09033817672));
#7184 = LINE('',#7185,#7186);
#7185 = CARTESIAN_POINT('',(245.47242418061,187.73399764045,
    -19.09033817672));
#7186 = VECTOR('',#7187,1.);
#7187 = DIRECTION('',(0.,0.,1.));
#7188 = ORIENTED_EDGE('',*,*,#1860,.F.);
#7189 = ORIENTED_EDGE('',*,*,#7141,.F.);
#7190 = ORIENTED_EDGE('',*,*,#7191,.T.);
#7191 = EDGE_CURVE('',#7133,#7182,#7192,.T.);
#7192 = LINE('',#7193,#7194);
#7193 = CARTESIAN_POINT('',(233.59020171356,175.8517751734,
    -19.09033817672));
#7194 = VECTOR('',#7195,1.);
#7195 = DIRECTION('',(0.707106781187,0.707106781187,0.));
#7196 = PLANE('',#7197);
#7197 = AXIS2_PLACEMENT_3D('',#7198,#7199,#7200);
#7198 = CARTESIAN_POINT('',(233.59020171356,175.8517751734,
    -19.09033817672));
#7199 = DIRECTION('',(0.707106781187,-0.707106781187,0.));
#7200 = DIRECTION('',(0.,0.,1.));
#7201 = ADVANCED_FACE('',(#7202),#7220,.F.);
#7202 = FACE_BOUND('',#7203,.F.);
#7203 = EDGE_LOOP('',(#7204,#7205,#7213,#7219));
#7204 = ORIENTED_EDGE('',*,*,#1783,.F.);
#7205 = ORIENTED_EDGE('',*,*,#7206,.F.);
#7206 = EDGE_CURVE('',#7207,#1784,#7209,.T.);
#7207 = VERTEX_POINT('',#7208);
#7208 = CARTESIAN_POINT('',(220.826,214.,-31.75));
#7209 = LINE('',#7210,#7211);
#7210 = CARTESIAN_POINT('',(220.826,214.,-31.75));
#7211 = VECTOR('',#7212,1.);
#7212 = DIRECTION('',(0.,0.,1.));
#7213 = ORIENTED_EDGE('',*,*,#7214,.T.);
#7214 = EDGE_CURVE('',#7207,#7157,#7215,.T.);
#7215 = LINE('',#7216,#7217);
#7216 = CARTESIAN_POINT('',(224.,214.,-31.75));
#7217 = VECTOR('',#7218,1.);
#7218 = DIRECTION('',(-1.,0.,0.));
#7219 = ORIENTED_EDGE('',*,*,#7156,.T.);
#7220 = PLANE('',#7221);
#7221 = AXIS2_PLACEMENT_3D('',#7222,#7223,#7224);
#7222 = CARTESIAN_POINT('',(224.,214.,-31.75));
#7223 = DIRECTION('',(0.,1.,0.));
#7224 = DIRECTION('',(0.,0.,1.));
#7225 = ADVANCED_FACE('',(#7226),#7246,.F.);
#7226 = FACE_BOUND('',#7227,.F.);
#7227 = EDGE_LOOP('',(#7228,#7229,#7238,#7244,#7245));
#7228 = ORIENTED_EDGE('',*,*,#7181,.F.);
#7229 = ORIENTED_EDGE('',*,*,#7230,.T.);
#7230 = EDGE_CURVE('',#7182,#7231,#7233,.T.);
#7231 = VERTEX_POINT('',#7232);
#7232 = CARTESIAN_POINT('',(245.47242418061,192.22271148742,
    -19.09033817672));
#7233 = CIRCLE('',#7234,3.174);
#7234 = AXIS2_PLACEMENT_3D('',#7235,#7236,#7237);
#7235 = CARTESIAN_POINT('',(243.22806725712,189.97835456394,
    -19.09033817672));
#7236 = DIRECTION('',(0.,0.,1.));
#7237 = DIRECTION('',(-0.707106781187,-0.707106781187,0.));
#7238 = ORIENTED_EDGE('',*,*,#7239,.T.);
#7239 = EDGE_CURVE('',#7231,#1835,#7240,.T.);
#7240 = LINE('',#7241,#7242);
#7241 = CARTESIAN_POINT('',(245.47242418061,192.22271148742,
    -19.09033817672));
#7242 = VECTOR('',#7243,1.);
#7243 = DIRECTION('',(0.,0.,1.));
#7244 = ORIENTED_EDGE('',*,*,#1842,.F.);
#7245 = ORIENTED_EDGE('',*,*,#1851,.F.);
#7246 = CYLINDRICAL_SURFACE('',#7247,3.174);
#7247 = AXIS2_PLACEMENT_3D('',#7248,#7249,#7250);
#7248 = CARTESIAN_POINT('',(243.22806725712,189.97835456394,
    -19.09033817672));
#7249 = DIRECTION('',(0.,0.,1.));
#7250 = DIRECTION('',(0.707106781187,-0.707106781187,0.));
#7251 = ADVANCED_FACE('',(#7252),#7264,.F.);
#7252 = FACE_BOUND('',#7253,.T.);
#7253 = EDGE_LOOP('',(#7254,#7255,#7262,#7263));
#7254 = ORIENTED_EDGE('',*,*,#7206,.F.);
#7255 = ORIENTED_EDGE('',*,*,#7256,.T.);
#7256 = EDGE_CURVE('',#7207,#7012,#7257,.T.);
#7257 = CIRCLE('',#7258,3.174);
#7258 = AXIS2_PLACEMENT_3D('',#7259,#7260,#7261);
#7259 = CARTESIAN_POINT('',(220.826,210.826,-31.75));
#7260 = DIRECTION('',(0.,0.,-1.));
#7261 = DIRECTION('',(1.,0.,0.));
#7262 = ORIENTED_EDGE('',*,*,#7044,.T.);
#7263 = ORIENTED_EDGE('',*,*,#1791,.T.);
#7264 = CYLINDRICAL_SURFACE('',#7265,3.174);
#7265 = AXIS2_PLACEMENT_3D('',#7266,#7267,#7268);
#7266 = CARTESIAN_POINT('',(220.826,210.826,-31.75));
#7267 = DIRECTION('',(0.,0.,1.));
#7268 = DIRECTION('',(0.,1.,0.));
#7269 = ADVANCED_FACE('',(#7270),#7288,.T.);
#7270 = FACE_BOUND('',#7271,.T.);
#7271 = EDGE_LOOP('',(#7272,#7280,#7281,#7282));
#7272 = ORIENTED_EDGE('',*,*,#7273,.T.);
#7273 = EDGE_CURVE('',#7274,#1809,#7276,.T.);
#7274 = VERTEX_POINT('',#7275);
#7275 = CARTESIAN_POINT('',(229.90900376485,203.29741805621,
    -19.09033817672));
#7276 = LINE('',#7277,#7278);
#7277 = CARTESIAN_POINT('',(229.90900376485,203.29741805621,
    -19.09033817672));
#7278 = VECTOR('',#7279,1.);
#7279 = DIRECTION('',(0.,0.,1.));
#7280 = ORIENTED_EDGE('',*,*,#1808,.F.);
#7281 = ORIENTED_EDGE('',*,*,#7037,.F.);
#7282 = ORIENTED_EDGE('',*,*,#7283,.T.);
#7283 = EDGE_CURVE('',#7030,#7274,#7284,.T.);
#7284 = LINE('',#7285,#7286);
#7285 = CARTESIAN_POINT('',(218.0267812978,191.41519558916,
    -19.09033817672));
#7286 = VECTOR('',#7287,1.);
#7287 = DIRECTION('',(0.707106781187,0.707106781187,0.));
#7288 = PLANE('',#7289);
#7289 = AXIS2_PLACEMENT_3D('',#7290,#7291,#7292);
#7290 = CARTESIAN_POINT('',(218.0267812978,191.41519558916,
    -19.09033817672));
#7291 = DIRECTION('',(0.707106781187,-0.707106781187,0.));
#7292 = DIRECTION('',(0.,0.,1.));
#7293 = ADVANCED_FACE('',(#7294),#7314,.F.);
#7294 = FACE_BOUND('',#7295,.T.);
#7295 = EDGE_LOOP('',(#7296,#7297,#7306,#7312,#7313));
#7296 = ORIENTED_EDGE('',*,*,#7273,.F.);
#7297 = ORIENTED_EDGE('',*,*,#7298,.T.);
#7298 = EDGE_CURVE('',#7274,#7299,#7301,.T.);
#7299 = VERTEX_POINT('',#7300);
#7300 = CARTESIAN_POINT('',(234.39771761182,203.29741805621,
    -19.09033817672));
#7301 = CIRCLE('',#7302,3.174);
#7302 = AXIS2_PLACEMENT_3D('',#7303,#7304,#7305);
#7303 = CARTESIAN_POINT('',(232.15336068833,201.05306113272,
    -19.09033817672));
#7304 = DIRECTION('',(-0.,0.,-1.));
#7305 = DIRECTION('',(-0.707106781187,-0.707106781187,0.));
#7306 = ORIENTED_EDGE('',*,*,#7307,.T.);
#7307 = EDGE_CURVE('',#7299,#1826,#7308,.T.);
#7308 = LINE('',#7309,#7310);
#7309 = CARTESIAN_POINT('',(234.39771761182,203.29741805621,
    -19.09033817672));
#7310 = VECTOR('',#7311,1.);
#7311 = DIRECTION('',(0.,0.,1.));
#7312 = ORIENTED_EDGE('',*,*,#1825,.T.);
#7313 = ORIENTED_EDGE('',*,*,#1816,.T.);
#7314 = CYLINDRICAL_SURFACE('',#7315,3.174);
#7315 = AXIS2_PLACEMENT_3D('',#7316,#7317,#7318);
#7316 = CARTESIAN_POINT('',(232.15336068833,201.05306113272,
    -19.09033817672));
#7317 = DIRECTION('',(0.,0.,1.));
#7318 = DIRECTION('',(-0.707106781187,0.707106781187,0.));
#7319 = ADVANCED_FACE('',(#7320,#7330,#7341,#7352,#7363),#7374,.T.);
#7320 = FACE_BOUND('',#7321,.T.);
#7321 = EDGE_LOOP('',(#7322,#7323,#7324,#7325,#7326,#7327,#7328,#7329));
#7322 = ORIENTED_EDGE('',*,*,#6989,.F.);
#7323 = ORIENTED_EDGE('',*,*,#6963,.T.);
#7324 = ORIENTED_EDGE('',*,*,#7011,.T.);
#7325 = ORIENTED_EDGE('',*,*,#7256,.F.);
#7326 = ORIENTED_EDGE('',*,*,#7214,.T.);
#7327 = ORIENTED_EDGE('',*,*,#7164,.T.);
#7328 = ORIENTED_EDGE('',*,*,#7107,.F.);
#7329 = ORIENTED_EDGE('',*,*,#7059,.F.);
#7330 = FACE_BOUND('',#7331,.T.);
#7331 = EDGE_LOOP('',(#7332));
#7332 = ORIENTED_EDGE('',*,*,#7333,.T.);
#7333 = EDGE_CURVE('',#7334,#7334,#7336,.T.);
#7334 = VERTEX_POINT('',#7335);
#7335 = CARTESIAN_POINT('',(216.7,115.2728,-31.75));
#7336 = CIRCLE('',#7337,1.7272);
#7337 = AXIS2_PLACEMENT_3D('',#7338,#7339,#7340);
#7338 = CARTESIAN_POINT('',(216.7,117.,-31.75));
#7339 = DIRECTION('',(-0.,0.,-1.));
#7340 = DIRECTION('',(-0.,-1.,0.));
#7341 = FACE_BOUND('',#7342,.T.);
#7342 = EDGE_LOOP('',(#7343));
#7343 = ORIENTED_EDGE('',*,*,#7344,.T.);
#7344 = EDGE_CURVE('',#7345,#7345,#7347,.T.);
#7345 = VERTEX_POINT('',#7346);
#7346 = CARTESIAN_POINT('',(216.7,205.2728,-31.75));
#7347 = CIRCLE('',#7348,1.7272);
#7348 = AXIS2_PLACEMENT_3D('',#7349,#7350,#7351);
#7349 = CARTESIAN_POINT('',(216.7,207.,-31.75));
#7350 = DIRECTION('',(-0.,0.,-1.));
#7351 = DIRECTION('',(-0.,-1.,0.));
#7352 = FACE_BOUND('',#7353,.T.);
#7353 = EDGE_LOOP('',(#7354));
#7354 = ORIENTED_EDGE('',*,*,#7355,.T.);
#7355 = EDGE_CURVE('',#7356,#7356,#7358,.T.);
#7356 = VERTEX_POINT('',#7357);
#7357 = CARTESIAN_POINT('',(175.3,115.2728,-31.75));
#7358 = CIRCLE('',#7359,1.7272);
#7359 = AXIS2_PLACEMENT_3D('',#7360,#7361,#7362);
#7360 = CARTESIAN_POINT('',(175.3,117.,-31.75));
#7361 = DIRECTION('',(-0.,0.,-1.));
#7362 = DIRECTION('',(-0.,-1.,0.));
#7363 = FACE_BOUND('',#7364,.T.);
#7364 = EDGE_LOOP('',(#7365));
#7365 = ORIENTED_EDGE('',*,*,#7366,.T.);
#7366 = EDGE_CURVE('',#7367,#7367,#7369,.T.);
#7367 = VERTEX_POINT('',#7368);
#7368 = CARTESIAN_POINT('',(175.3,205.2728,-31.75));
#7369 = CIRCLE('',#7370,1.7272);
#7370 = AXIS2_PLACEMENT_3D('',#7371,#7372,#7373);
#7371 = CARTESIAN_POINT('',(175.3,207.,-31.75));
#7372 = DIRECTION('',(-0.,0.,-1.));
#7373 = DIRECTION('',(-0.,-1.,0.));
#7374 = PLANE('',#7375);
#7375 = AXIS2_PLACEMENT_3D('',#7376,#7377,#7378);
#7376 = CARTESIAN_POINT('',(224.,110.,-31.75));
#7377 = DIRECTION('',(0.,0.,1.));
#7378 = DIRECTION('',(0.,1.,0.));
#7379 = ADVANCED_FACE('',(#7380),#7399,.F.);
#7380 = FACE_BOUND('',#7381,.F.);
#7381 = EDGE_LOOP('',(#7382,#7383,#7391,#7398));
#7382 = ORIENTED_EDGE('',*,*,#7333,.T.);
#7383 = ORIENTED_EDGE('',*,*,#7384,.T.);
#7384 = EDGE_CURVE('',#7334,#7385,#7387,.T.);
#7385 = VERTEX_POINT('',#7386);
#7386 = CARTESIAN_POINT('',(216.7,115.2728,-38.1));
#7387 = LINE('',#7388,#7389);
#7388 = CARTESIAN_POINT('',(216.7,115.2728,-11.7));
#7389 = VECTOR('',#7390,1.);
#7390 = DIRECTION('',(0.,0.,-1.));
#7391 = ORIENTED_EDGE('',*,*,#7392,.F.);
#7392 = EDGE_CURVE('',#7385,#7385,#7393,.T.);
#7393 = CIRCLE('',#7394,1.7272);
#7394 = AXIS2_PLACEMENT_3D('',#7395,#7396,#7397);
#7395 = CARTESIAN_POINT('',(216.7,117.,-38.1));
#7396 = DIRECTION('',(0.,0.,-1.));
#7397 = DIRECTION('',(-2.2E-16,-1.,-0.));
#7398 = ORIENTED_EDGE('',*,*,#7384,.F.);
#7399 = CYLINDRICAL_SURFACE('',#7400,1.7272);
#7400 = AXIS2_PLACEMENT_3D('',#7401,#7402,#7403);
#7401 = CARTESIAN_POINT('',(216.7,117.,-11.7));
#7402 = DIRECTION('',(0.,0.,-1.));
#7403 = DIRECTION('',(-0.,-1.,0.));
#7404 = ADVANCED_FACE('',(#7405),#7424,.F.);
#7405 = FACE_BOUND('',#7406,.F.);
#7406 = EDGE_LOOP('',(#7407,#7408,#7416,#7423));
#7407 = ORIENTED_EDGE('',*,*,#7344,.T.);
#7408 = ORIENTED_EDGE('',*,*,#7409,.T.);
#7409 = EDGE_CURVE('',#7345,#7410,#7412,.T.);
#7410 = VERTEX_POINT('',#7411);
#7411 = CARTESIAN_POINT('',(216.7,205.2728,-38.1));
#7412 = LINE('',#7413,#7414);
#7413 = CARTESIAN_POINT('',(216.7,205.2728,-11.7));
#7414 = VECTOR('',#7415,1.);
#7415 = DIRECTION('',(0.,0.,-1.));
#7416 = ORIENTED_EDGE('',*,*,#7417,.F.);
#7417 = EDGE_CURVE('',#7410,#7410,#7418,.T.);
#7418 = CIRCLE('',#7419,1.7272);
#7419 = AXIS2_PLACEMENT_3D('',#7420,#7421,#7422);
#7420 = CARTESIAN_POINT('',(216.7,207.,-38.1));
#7421 = DIRECTION('',(0.,0.,-1.));
#7422 = DIRECTION('',(-2.2E-16,-1.,-0.));
#7423 = ORIENTED_EDGE('',*,*,#7409,.F.);
#7424 = CYLINDRICAL_SURFACE('',#7425,1.7272);
#7425 = AXIS2_PLACEMENT_3D('',#7426,#7427,#7428);
#7426 = CARTESIAN_POINT('',(216.7,207.,-11.7));
#7427 = DIRECTION('',(0.,0.,-1.));
#7428 = DIRECTION('',(-0.,-1.,0.));
#7429 = ADVANCED_FACE('',(#7430),#7449,.F.);
#7430 = FACE_BOUND('',#7431,.F.);
#7431 = EDGE_LOOP('',(#7432,#7433,#7441,#7448));
#7432 = ORIENTED_EDGE('',*,*,#7355,.T.);
#7433 = ORIENTED_EDGE('',*,*,#7434,.T.);
#7434 = EDGE_CURVE('',#7356,#7435,#7437,.T.);
#7435 = VERTEX_POINT('',#7436);
#7436 = CARTESIAN_POINT('',(175.3,115.2728,-38.1));
#7437 = LINE('',#7438,#7439);
#7438 = CARTESIAN_POINT('',(175.3,115.2728,-11.7));
#7439 = VECTOR('',#7440,1.);
#7440 = DIRECTION('',(0.,0.,-1.));
#7441 = ORIENTED_EDGE('',*,*,#7442,.F.);
#7442 = EDGE_CURVE('',#7435,#7435,#7443,.T.);
#7443 = CIRCLE('',#7444,1.7272);
#7444 = AXIS2_PLACEMENT_3D('',#7445,#7446,#7447);
#7445 = CARTESIAN_POINT('',(175.3,117.,-38.1));
#7446 = DIRECTION('',(0.,0.,-1.));
#7447 = DIRECTION('',(-2.2E-16,-1.,-0.));
#7448 = ORIENTED_EDGE('',*,*,#7434,.F.);
#7449 = CYLINDRICAL_SURFACE('',#7450,1.7272);
#7450 = AXIS2_PLACEMENT_3D('',#7451,#7452,#7453);
#7451 = CARTESIAN_POINT('',(175.3,117.,-11.7));
#7452 = DIRECTION('',(0.,0.,-1.));
#7453 = DIRECTION('',(-0.,-1.,0.));
#7454 = ADVANCED_FACE('',(#7455),#7474,.F.);
#7455 = FACE_BOUND('',#7456,.F.);
#7456 = EDGE_LOOP('',(#7457,#7458,#7466,#7473));
#7457 = ORIENTED_EDGE('',*,*,#7366,.T.);
#7458 = ORIENTED_EDGE('',*,*,#7459,.T.);
#7459 = EDGE_CURVE('',#7367,#7460,#7462,.T.);
#7460 = VERTEX_POINT('',#7461);
#7461 = CARTESIAN_POINT('',(175.3,205.2728,-38.1));
#7462 = LINE('',#7463,#7464);
#7463 = CARTESIAN_POINT('',(175.3,205.2728,-11.7));
#7464 = VECTOR('',#7465,1.);
#7465 = DIRECTION('',(0.,0.,-1.));
#7466 = ORIENTED_EDGE('',*,*,#7467,.F.);
#7467 = EDGE_CURVE('',#7460,#7460,#7468,.T.);
#7468 = CIRCLE('',#7469,1.7272);
#7469 = AXIS2_PLACEMENT_3D('',#7470,#7471,#7472);
#7470 = CARTESIAN_POINT('',(175.3,207.,-38.1));
#7471 = DIRECTION('',(0.,0.,-1.));
#7472 = DIRECTION('',(-2.2E-16,-1.,-0.));
#7473 = ORIENTED_EDGE('',*,*,#7459,.F.);
#7474 = CYLINDRICAL_SURFACE('',#7475,1.7272);
#7475 = AXIS2_PLACEMENT_3D('',#7476,#7477,#7478);
#7476 = CARTESIAN_POINT('',(175.3,207.,-11.7));
#7477 = DIRECTION('',(0.,0.,-1.));
#7478 = DIRECTION('',(-0.,-1.,0.));
#7479 = ADVANCED_FACE('',(#7480),#7495,.T.);
#7480 = FACE_BOUND('',#7481,.T.);
#7481 = EDGE_LOOP('',(#7482,#7483,#7484,#7490,#7491,#7492,#7493,#7494));
#7482 = ORIENTED_EDGE('',*,*,#7191,.T.);
#7483 = ORIENTED_EDGE('',*,*,#7230,.T.);
#7484 = ORIENTED_EDGE('',*,*,#7485,.F.);
#7485 = EDGE_CURVE('',#7299,#7231,#7486,.T.);
#7486 = LINE('',#7487,#7488);
#7487 = CARTESIAN_POINT('',(232.15336068833,205.5417749797,
    -19.09033817672));
#7488 = VECTOR('',#7489,1.);
#7489 = DIRECTION('',(0.707106781187,-0.707106781187,0.));
#7490 = ORIENTED_EDGE('',*,*,#7298,.F.);
#7491 = ORIENTED_EDGE('',*,*,#7283,.F.);
#7492 = ORIENTED_EDGE('',*,*,#7029,.F.);
#7493 = ORIENTED_EDGE('',*,*,#7083,.T.);
#7494 = ORIENTED_EDGE('',*,*,#7132,.T.);
#7495 = PLANE('',#7496);
#7496 = AXIS2_PLACEMENT_3D('',#7497,#7498,#7499);
#7497 = CARTESIAN_POINT('',(218.0267812978,191.41519558916,
    -19.09033817672));
#7498 = DIRECTION('',(0.,0.,1.));
#7499 = DIRECTION('',(0.707106781187,-0.707106781187,0.));
#7500 = ADVANCED_FACE('',(#7501),#7507,.F.);
#7501 = FACE_BOUND('',#7502,.F.);
#7502 = EDGE_LOOP('',(#7503,#7504,#7505,#7506));
#7503 = ORIENTED_EDGE('',*,*,#7239,.F.);
#7504 = ORIENTED_EDGE('',*,*,#7485,.F.);
#7505 = ORIENTED_EDGE('',*,*,#7307,.T.);
#7506 = ORIENTED_EDGE('',*,*,#1834,.F.);
#7507 = PLANE('',#7508);
#7508 = AXIS2_PLACEMENT_3D('',#7509,#7510,#7511);
#7509 = CARTESIAN_POINT('',(232.15336068833,205.5417749797,
    -19.09033817672));
#7510 = DIRECTION('',(0.707106781187,0.707106781187,0.));
#7511 = DIRECTION('',(0.,0.,1.));
#7512 = ADVANCED_FACE('',(#7513),#7561,.F.);
#7513 = FACE_BOUND('',#7514,.F.);
#7514 = EDGE_LOOP('',(#7515,#7516,#7524,#7532,#7538,#7539,#7547,#7555));
#7515 = ORIENTED_EDGE('',*,*,#1893,.F.);
#7516 = ORIENTED_EDGE('',*,*,#7517,.F.);
#7517 = EDGE_CURVE('',#7518,#1894,#7520,.T.);
#7518 = VERTEX_POINT('',#7519);
#7519 = CARTESIAN_POINT('',(325.397,282.174,-21.97));
#7520 = LINE('',#7521,#7522);
#7521 = CARTESIAN_POINT('',(325.397,282.174,-21.97));
#7522 = VECTOR('',#7523,1.);
#7523 = DIRECTION('',(0.,0.,1.));
#7524 = ORIENTED_EDGE('',*,*,#7525,.T.);
#7525 = EDGE_CURVE('',#7518,#7526,#7528,.T.);
#7526 = VERTEX_POINT('',#7527);
#7527 = CARTESIAN_POINT('',(325.397,323.826,-21.97));
#7528 = LINE('',#7529,#7530);
#7529 = CARTESIAN_POINT('',(325.397,279.,-21.97));
#7530 = VECTOR('',#7531,1.);
#7531 = DIRECTION('',(0.,1.,0.));
#7532 = ORIENTED_EDGE('',*,*,#7533,.T.);
#7533 = EDGE_CURVE('',#7526,#1955,#7534,.T.);
#7534 = LINE('',#7535,#7536);
#7535 = CARTESIAN_POINT('',(325.397,323.826,-21.97));
#7536 = VECTOR('',#7537,1.);
#7537 = DIRECTION('',(0.,0.,1.));
#7538 = ORIENTED_EDGE('',*,*,#1963,.F.);
#7539 = ORIENTED_EDGE('',*,*,#7540,.F.);
#7540 = EDGE_CURVE('',#7541,#1964,#7543,.T.);
#7541 = VERTEX_POINT('',#7542);
#7542 = CARTESIAN_POINT('',(325.397,321.45593288887,-14.05100021362));
#7543 = LINE('',#7544,#7545);
#7544 = CARTESIAN_POINT('',(325.397,321.45593288887,-14.05100021362));
#7545 = VECTOR('',#7546,1.);
#7546 = DIRECTION('',(0.,0.,1.));
#7547 = ORIENTED_EDGE('',*,*,#7548,.T.);
#7548 = EDGE_CURVE('',#7541,#7549,#7551,.T.);
#7549 = VERTEX_POINT('',#7550);
#7550 = CARTESIAN_POINT('',(325.397,284.54406711112,-14.05100021362));
#7551 = LINE('',#7552,#7553);
#7552 = CARTESIAN_POINT('',(325.397,281.5,-14.05100021362));
#7553 = VECTOR('',#7554,1.);
#7554 = DIRECTION('',(0.,-1.,0.));
#7555 = ORIENTED_EDGE('',*,*,#7556,.T.);
#7556 = EDGE_CURVE('',#7549,#1896,#7557,.T.);
#7557 = LINE('',#7558,#7559);
#7558 = CARTESIAN_POINT('',(325.397,284.54406711112,-14.05100021362));
#7559 = VECTOR('',#7560,1.);
#7560 = DIRECTION('',(0.,0.,1.));
#7561 = PLANE('',#7562);
#7562 = AXIS2_PLACEMENT_3D('',#7563,#7564,#7565);
#7563 = CARTESIAN_POINT('',(325.397,279.,-21.97));
#7564 = DIRECTION('',(1.,0.,0.));
#7565 = DIRECTION('',(0.,0.,1.));
#7566 = ADVANCED_FACE('',(#7567),#7586,.F.);
#7567 = FACE_BOUND('',#7568,.F.);
#7568 = EDGE_LOOP('',(#7569,#7578,#7579,#7580));
#7569 = ORIENTED_EDGE('',*,*,#7570,.T.);
#7570 = EDGE_CURVE('',#7571,#7518,#7573,.T.);
#7571 = VERTEX_POINT('',#7572);
#7572 = CARTESIAN_POINT('',(322.223,279.,-21.97));
#7573 = CIRCLE('',#7574,3.174);
#7574 = AXIS2_PLACEMENT_3D('',#7575,#7576,#7577);
#7575 = CARTESIAN_POINT('',(322.223,282.174,-21.97));
#7576 = DIRECTION('',(-0.,0.,1.));
#7577 = DIRECTION('',(0.,-1.,0.));
#7578 = ORIENTED_EDGE('',*,*,#7517,.T.);
#7579 = ORIENTED_EDGE('',*,*,#1903,.F.);
#7580 = ORIENTED_EDGE('',*,*,#7581,.F.);
#7581 = EDGE_CURVE('',#7571,#1904,#7582,.T.);
#7582 = LINE('',#7583,#7584);
#7583 = CARTESIAN_POINT('',(322.223,279.,-21.97));
#7584 = VECTOR('',#7585,1.);
#7585 = DIRECTION('',(0.,0.,1.));
#7586 = CYLINDRICAL_SURFACE('',#7587,3.174);
#7587 = AXIS2_PLACEMENT_3D('',#7588,#7589,#7590);
#7588 = CARTESIAN_POINT('',(322.223,282.174,-21.97));
#7589 = DIRECTION('',(0.,0.,1.));
#7590 = DIRECTION('',(0.,-1.,0.));
#7591 = ADVANCED_FACE('',(#7592),#7611,.F.);
#7592 = FACE_BOUND('',#7593,.F.);
#7593 = EDGE_LOOP('',(#7594,#7595,#7604,#7610));
#7594 = ORIENTED_EDGE('',*,*,#7556,.F.);
#7595 = ORIENTED_EDGE('',*,*,#7596,.T.);
#7596 = EDGE_CURVE('',#7549,#7597,#7599,.T.);
#7597 = VERTEX_POINT('',#7598);
#7598 = CARTESIAN_POINT('',(327.174,284.,-14.05100021362));
#7599 = CIRCLE('',#7600,3.174);
#7600 = AXIS2_PLACEMENT_3D('',#7601,#7602,#7603);
#7601 = CARTESIAN_POINT('',(327.174,287.174,-14.05100021362));
#7602 = DIRECTION('',(-0.,0.,1.));
#7603 = DIRECTION('',(0.,-1.,0.));
#7604 = ORIENTED_EDGE('',*,*,#7605,.T.);
#7605 = EDGE_CURVE('',#7597,#2107,#7606,.T.);
#7606 = LINE('',#7607,#7608);
#7607 = CARTESIAN_POINT('',(327.174,284.,-14.05100021362));
#7608 = VECTOR('',#7609,1.);
#7609 = DIRECTION('',(0.,0.,1.));
#7610 = ORIENTED_EDGE('',*,*,#2114,.F.);
#7611 = CYLINDRICAL_SURFACE('',#7612,3.174);
#7612 = AXIS2_PLACEMENT_3D('',#7613,#7614,#7615);
#7613 = CARTESIAN_POINT('',(327.174,287.174,-14.05100021362));
#7614 = DIRECTION('',(0.,0.,1.));
#7615 = DIRECTION('',(-1.,0.,0.));
#7616 = ADVANCED_FACE('',(#7617),#7635,.T.);
#7617 = FACE_BOUND('',#7618,.T.);
#7618 = EDGE_LOOP('',(#7619,#7627,#7633,#7634));
#7619 = ORIENTED_EDGE('',*,*,#7620,.F.);
#7620 = EDGE_CURVE('',#7621,#7571,#7623,.T.);
#7621 = VERTEX_POINT('',#7622);
#7622 = CARTESIAN_POINT('',(305.571,279.,-21.97));
#7623 = LINE('',#7624,#7625);
#7624 = CARTESIAN_POINT('',(302.397,279.,-21.97));
#7625 = VECTOR('',#7626,1.);
#7626 = DIRECTION('',(1.,0.,0.));
#7627 = ORIENTED_EDGE('',*,*,#7628,.T.);
#7628 = EDGE_CURVE('',#7621,#1913,#7629,.T.);
#7629 = LINE('',#7630,#7631);
#7630 = CARTESIAN_POINT('',(305.571,279.,-21.97));
#7631 = VECTOR('',#7632,1.);
#7632 = DIRECTION('',(0.,0.,1.));
#7633 = ORIENTED_EDGE('',*,*,#1912,.T.);
#7634 = ORIENTED_EDGE('',*,*,#7581,.F.);
#7635 = PLANE('',#7636);
#7636 = AXIS2_PLACEMENT_3D('',#7637,#7638,#7639);
#7637 = CARTESIAN_POINT('',(302.397,279.,-21.97));
#7638 = DIRECTION('',(0.,1.,0.));
#7639 = DIRECTION('',(0.,0.,1.));
#7640 = ADVANCED_FACE('',(#7641),#7659,.T.);
#7641 = FACE_BOUND('',#7642,.T.);
#7642 = EDGE_LOOP('',(#7643,#7651,#7657,#7658));
#7643 = ORIENTED_EDGE('',*,*,#7644,.F.);
#7644 = EDGE_CURVE('',#7645,#2099,#7647,.T.);
#7645 = VERTEX_POINT('',#7646);
#7646 = CARTESIAN_POINT('',(338.42105026245,284.,-14.05100021362));
#7647 = LINE('',#7648,#7649);
#7648 = CARTESIAN_POINT('',(338.42105026245,284.,-31.9050958315));
#7649 = VECTOR('',#7650,1.);
#7650 = DIRECTION('',(0.,0.,1.));
#7651 = ORIENTED_EDGE('',*,*,#7652,.F.);
#7652 = EDGE_CURVE('',#7597,#7645,#7653,.T.);
#7653 = LINE('',#7654,#7655);
#7654 = CARTESIAN_POINT('',(324.,284.,-14.05100021362));
#7655 = VECTOR('',#7656,1.);
#7656 = DIRECTION('',(1.,0.,0.));
#7657 = ORIENTED_EDGE('',*,*,#7605,.T.);
#7658 = ORIENTED_EDGE('',*,*,#2106,.F.);
#7659 = PLANE('',#7660);
#7660 = AXIS2_PLACEMENT_3D('',#7661,#7662,#7663);
#7661 = CARTESIAN_POINT('',(324.,284.,-14.05100021362));
#7662 = DIRECTION('',(0.,1.,0.));
#7663 = DIRECTION('',(0.,0.,1.));
#7664 = ADVANCED_FACE('',(#7665),#7684,.F.);
#7665 = FACE_BOUND('',#7666,.F.);
#7666 = EDGE_LOOP('',(#7667,#7676,#7677,#7678));
#7667 = ORIENTED_EDGE('',*,*,#7668,.T.);
#7668 = EDGE_CURVE('',#7669,#7621,#7671,.T.);
#7669 = VERTEX_POINT('',#7670);
#7670 = CARTESIAN_POINT('',(302.397,282.174,-21.97));
#7671 = CIRCLE('',#7672,3.174);
#7672 = AXIS2_PLACEMENT_3D('',#7673,#7674,#7675);
#7673 = CARTESIAN_POINT('',(305.571,282.174,-21.97));
#7674 = DIRECTION('',(-0.,0.,1.));
#7675 = DIRECTION('',(0.,-1.,0.));
#7676 = ORIENTED_EDGE('',*,*,#7628,.T.);
#7677 = ORIENTED_EDGE('',*,*,#1920,.F.);
#7678 = ORIENTED_EDGE('',*,*,#7679,.F.);
#7679 = EDGE_CURVE('',#7669,#1921,#7680,.T.);
#7680 = LINE('',#7681,#7682);
#7681 = CARTESIAN_POINT('',(302.397,282.174,-21.97));
#7682 = VECTOR('',#7683,1.);
#7683 = DIRECTION('',(0.,0.,1.));
#7684 = CYLINDRICAL_SURFACE('',#7685,3.174);
#7685 = AXIS2_PLACEMENT_3D('',#7686,#7687,#7688);
#7686 = CARTESIAN_POINT('',(305.571,282.174,-21.97));
#7687 = DIRECTION('',(0.,0.,1.));
#7688 = DIRECTION('',(-1.,0.,0.));
#7689 = ADVANCED_FACE('',(#7690),#7756,.F.);
#7690 = FACE_BOUND('',#7691,.F.);
#7691 = EDGE_LOOP('',(#7692,#7702,#7710,#7718,#7726,#7734,#7742,#7748,
    #7749,#7750));
#7692 = ORIENTED_EDGE('',*,*,#7693,.F.);
#7693 = EDGE_CURVE('',#7694,#7696,#7698,.T.);
#7694 = VERTEX_POINT('',#7695);
#7695 = CARTESIAN_POINT('',(338.42105026245,290.18411508178,-24.385));
#7696 = VERTEX_POINT('',#7697);
#7697 = CARTESIAN_POINT('',(338.42105026245,290.18411508178,
    -14.05100021362));
#7698 = LINE('',#7699,#7700);
#7699 = CARTESIAN_POINT('',(338.42105026245,290.18411508178,
    -37.75071645736));
#7700 = VECTOR('',#7701,1.);
#7701 = DIRECTION('',(0.,0.,1.));
#7702 = ORIENTED_EDGE('',*,*,#7703,.T.);
#7703 = EDGE_CURVE('',#7694,#7704,#7706,.T.);
#7704 = VERTEX_POINT('',#7705);
#7705 = CARTESIAN_POINT('',(338.42105026245,293.35811508178,-24.385));
#7706 = LINE('',#7707,#7708);
#7707 = CARTESIAN_POINT('',(338.42105026245,266.91428268432,-24.385));
#7708 = VECTOR('',#7709,1.);
#7709 = DIRECTION('',(0.,1.,0.));
#7710 = ORIENTED_EDGE('',*,*,#7711,.F.);
#7711 = EDGE_CURVE('',#7712,#7704,#7714,.T.);
#7712 = VERTEX_POINT('',#7713);
#7713 = CARTESIAN_POINT('',(338.42105026245,293.35811508178,-38.1));
#7714 = LINE('',#7715,#7716);
#7715 = CARTESIAN_POINT('',(338.42105026245,293.35811508178,-124.385));
#7716 = VECTOR('',#7717,1.);
#7717 = DIRECTION('',(0.,0.,1.));
#7718 = ORIENTED_EDGE('',*,*,#7719,.T.);
#7719 = EDGE_CURVE('',#7712,#7720,#7722,.T.);
#7720 = VERTEX_POINT('',#7721);
#7721 = CARTESIAN_POINT('',(338.42105026245,266.91428268432,-38.1));
#7722 = LINE('',#7723,#7724);
#7723 = CARTESIAN_POINT('',(338.42105026245,135.30559944152,-38.1));
#7724 = VECTOR('',#7725,1.);
#7725 = DIRECTION('',(0.,-1.,0.));
#7726 = ORIENTED_EDGE('',*,*,#7727,.T.);
#7727 = EDGE_CURVE('',#7720,#7728,#7730,.T.);
#7728 = VERTEX_POINT('',#7729);
#7729 = CARTESIAN_POINT('',(338.42105026245,266.91428268432,-24.385));
#7730 = LINE('',#7731,#7732);
#7731 = CARTESIAN_POINT('',(338.42105026245,266.91428268432,-124.385));
#7732 = VECTOR('',#7733,1.);
#7733 = DIRECTION('',(0.,0.,1.));
#7734 = ORIENTED_EDGE('',*,*,#7735,.T.);
#7735 = EDGE_CURVE('',#7728,#7736,#7738,.T.);
#7736 = VERTEX_POINT('',#7737);
#7737 = CARTESIAN_POINT('',(338.42105026245,270.08828268432,-24.385));
#7738 = LINE('',#7739,#7740);
#7739 = CARTESIAN_POINT('',(338.42105026245,266.91428268432,-24.385));
#7740 = VECTOR('',#7741,1.);
#7741 = DIRECTION('',(0.,1.,0.));
#7742 = ORIENTED_EDGE('',*,*,#7743,.T.);
#7743 = EDGE_CURVE('',#7736,#2090,#7744,.T.);
#7744 = LINE('',#7745,#7746);
#7745 = CARTESIAN_POINT('',(338.42105026245,270.08828268432,
    -37.75071645736));
#7746 = VECTOR('',#7747,1.);
#7747 = DIRECTION('',(0.,0.,1.));
#7748 = ORIENTED_EDGE('',*,*,#2098,.F.);
#7749 = ORIENTED_EDGE('',*,*,#7644,.F.);
#7750 = ORIENTED_EDGE('',*,*,#7751,.F.);
#7751 = EDGE_CURVE('',#7696,#7645,#7752,.T.);
#7752 = LINE('',#7753,#7754);
#7753 = CARTESIAN_POINT('',(338.42105026245,282.06809944152,
    -14.05100021362));
#7754 = VECTOR('',#7755,1.);
#7755 = DIRECTION('',(0.,-1.,0.));
#7756 = PLANE('',#7757);
#7757 = AXIS2_PLACEMENT_3D('',#7758,#7759,#7760);
#7758 = CARTESIAN_POINT('',(338.42105026245,280.13619888305,
    -49.75919144937));
#7759 = DIRECTION('',(-1.,-0.,-0.));
#7760 = DIRECTION('',(0.,0.,-1.));
#7761 = ADVANCED_FACE('',(#7762),#7780,.T.);
#7762 = FACE_BOUND('',#7763,.T.);
#7763 = EDGE_LOOP('',(#7764,#7765,#7766,#7774));
#7764 = ORIENTED_EDGE('',*,*,#1929,.F.);
#7765 = ORIENTED_EDGE('',*,*,#7679,.F.);
#7766 = ORIENTED_EDGE('',*,*,#7767,.T.);
#7767 = EDGE_CURVE('',#7669,#7768,#7770,.T.);
#7768 = VERTEX_POINT('',#7769);
#7769 = CARTESIAN_POINT('',(302.397,323.826,-21.97));
#7770 = LINE('',#7771,#7772);
#7771 = CARTESIAN_POINT('',(302.397,279.,-21.97));
#7772 = VECTOR('',#7773,1.);
#7773 = DIRECTION('',(0.,1.,0.));
#7774 = ORIENTED_EDGE('',*,*,#7775,.T.);
#7775 = EDGE_CURVE('',#7768,#1930,#7776,.T.);
#7776 = LINE('',#7777,#7778);
#7777 = CARTESIAN_POINT('',(302.397,323.826,-21.97));
#7778 = VECTOR('',#7779,1.);
#7779 = DIRECTION('',(0.,0.,1.));
#7780 = PLANE('',#7781);
#7781 = AXIS2_PLACEMENT_3D('',#7782,#7783,#7784);
#7782 = CARTESIAN_POINT('',(302.397,279.,-21.97));
#7783 = DIRECTION('',(1.,0.,0.));
#7784 = DIRECTION('',(0.,0.,1.));
#7785 = ADVANCED_FACE('',(#7786),#7805,.F.);
#7786 = FACE_BOUND('',#7787,.F.);
#7787 = EDGE_LOOP('',(#7788,#7789,#7798,#7804));
#7788 = ORIENTED_EDGE('',*,*,#7743,.F.);
#7789 = ORIENTED_EDGE('',*,*,#7790,.T.);
#7790 = EDGE_CURVE('',#7736,#7791,#7793,.T.);
#7791 = VERTEX_POINT('',#7792);
#7792 = CARTESIAN_POINT('',(341.59505026245,266.91428268432,-24.385));
#7793 = CIRCLE('',#7794,3.174);
#7794 = AXIS2_PLACEMENT_3D('',#7795,#7796,#7797);
#7795 = CARTESIAN_POINT('',(341.59505026245,270.08828268432,-24.385));
#7796 = DIRECTION('',(0.,0.,1.));
#7797 = DIRECTION('',(-1.,0.,0.));
#7798 = ORIENTED_EDGE('',*,*,#7799,.T.);
#7799 = EDGE_CURVE('',#7791,#2082,#7800,.T.);
#7800 = LINE('',#7801,#7802);
#7801 = CARTESIAN_POINT('',(341.59505026245,266.91428268432,
    -37.75071645736));
#7802 = VECTOR('',#7803,1.);
#7803 = DIRECTION('',(0.,0.,1.));
#7804 = ORIENTED_EDGE('',*,*,#2089,.F.);
#7805 = CYLINDRICAL_SURFACE('',#7806,3.174);
#7806 = AXIS2_PLACEMENT_3D('',#7807,#7808,#7809);
#7807 = CARTESIAN_POINT('',(341.59505026245,270.08828268432,
    -37.75071645736));
#7808 = DIRECTION('',(0.,0.,1.));
#7809 = DIRECTION('',(-1.,0.,0.));
#7810 = ADVANCED_FACE('',(#7811),#7830,.F.);
#7811 = FACE_BOUND('',#7812,.T.);
#7812 = EDGE_LOOP('',(#7813,#7822,#7828,#7829));
#7813 = ORIENTED_EDGE('',*,*,#7814,.T.);
#7814 = EDGE_CURVE('',#7768,#7815,#7817,.T.);
#7815 = VERTEX_POINT('',#7816);
#7816 = CARTESIAN_POINT('',(305.571,327.,-21.97));
#7817 = CIRCLE('',#7818,3.174);
#7818 = AXIS2_PLACEMENT_3D('',#7819,#7820,#7821);
#7819 = CARTESIAN_POINT('',(305.571,323.826,-21.97));
#7820 = DIRECTION('',(-0.,-0.,-1.));
#7821 = DIRECTION('',(0.,-1.,0.));
#7822 = ORIENTED_EDGE('',*,*,#7823,.T.);
#7823 = EDGE_CURVE('',#7815,#1938,#7824,.T.);
#7824 = LINE('',#7825,#7826);
#7825 = CARTESIAN_POINT('',(305.571,327.,-21.97));
#7826 = VECTOR('',#7827,1.);
#7827 = DIRECTION('',(0.,0.,1.));
#7828 = ORIENTED_EDGE('',*,*,#1937,.F.);
#7829 = ORIENTED_EDGE('',*,*,#7775,.F.);
#7830 = CYLINDRICAL_SURFACE('',#7831,3.174);
#7831 = AXIS2_PLACEMENT_3D('',#7832,#7833,#7834);
#7832 = CARTESIAN_POINT('',(305.571,323.826,-21.97));
#7833 = DIRECTION('',(0.,0.,1.));
#7834 = DIRECTION('',(-1.,0.,0.));
#7835 = ADVANCED_FACE('',(#7836),#7893,.F.);
#7836 = FACE_BOUND('',#7837,.F.);
#7837 = EDGE_LOOP('',(#7838,#7848,#7854,#7855,#7856,#7862,#7863,#7871,
    #7879,#7887));
#7838 = ORIENTED_EDGE('',*,*,#7839,.F.);
#7839 = EDGE_CURVE('',#7840,#7842,#7844,.T.);
#7840 = VERTEX_POINT('',#7841);
#7841 = CARTESIAN_POINT('',(369.60130040741,266.91428268432,-24.385));
#7842 = VERTEX_POINT('',#7843);
#7843 = CARTESIAN_POINT('',(372.77530040741,266.91428268432,-24.385));
#7844 = LINE('',#7845,#7846);
#7845 = CARTESIAN_POINT('',(338.42105026245,266.91428268432,-24.385));
#7846 = VECTOR('',#7847,1.);
#7847 = DIRECTION('',(1.,0.,0.));
#7848 = ORIENTED_EDGE('',*,*,#7849,.T.);
#7849 = EDGE_CURVE('',#7840,#2073,#7850,.T.);
#7850 = LINE('',#7851,#7852);
#7851 = CARTESIAN_POINT('',(369.60130040741,266.91428268432,
    -37.75071645736));
#7852 = VECTOR('',#7853,1.);
#7853 = DIRECTION('',(0.,0.,1.));
#7854 = ORIENTED_EDGE('',*,*,#2081,.F.);
#7855 = ORIENTED_EDGE('',*,*,#7799,.F.);
#7856 = ORIENTED_EDGE('',*,*,#7857,.F.);
#7857 = EDGE_CURVE('',#7728,#7791,#7858,.T.);
#7858 = LINE('',#7859,#7860);
#7859 = CARTESIAN_POINT('',(338.42105026245,266.91428268432,-24.385));
#7860 = VECTOR('',#7861,1.);
#7861 = DIRECTION('',(1.,0.,0.));
#7862 = ORIENTED_EDGE('',*,*,#7727,.F.);
#7863 = ORIENTED_EDGE('',*,*,#7864,.T.);
#7864 = EDGE_CURVE('',#7720,#7865,#7867,.T.);
#7865 = VERTEX_POINT('',#7866);
#7866 = CARTESIAN_POINT('',(358.42105026245,266.91428268432,-38.1));
#7867 = LINE('',#7868,#7869);
#7868 = CARTESIAN_POINT('',(179.6203807539,266.91428268432,-38.1));
#7869 = VECTOR('',#7870,1.);
#7870 = DIRECTION('',(1.,0.,0.));
#7871 = ORIENTED_EDGE('',*,*,#7872,.T.);
#7872 = EDGE_CURVE('',#7865,#7873,#7875,.T.);
#7873 = VERTEX_POINT('',#7874);
#7874 = CARTESIAN_POINT('',(358.42105026245,266.91428268432,-31.116));
#7875 = LINE('',#7876,#7877);
#7876 = CARTESIAN_POINT('',(358.42105026245,266.91428268432,-38.1));
#7877 = VECTOR('',#7878,1.);
#7878 = DIRECTION('',(0.,0.,1.));
#7879 = ORIENTED_EDGE('',*,*,#7880,.T.);
#7880 = EDGE_CURVE('',#7873,#7881,#7883,.T.);
#7881 = VERTEX_POINT('',#7882);
#7882 = CARTESIAN_POINT('',(372.77530040741,266.91428268432,-31.116));
#7883 = LINE('',#7884,#7885);
#7884 = CARTESIAN_POINT('',(358.42105026245,266.91428268432,-31.116));
#7885 = VECTOR('',#7886,1.);
#7886 = DIRECTION('',(1.,0.,0.));
#7887 = ORIENTED_EDGE('',*,*,#7888,.T.);
#7888 = EDGE_CURVE('',#7881,#7842,#7889,.T.);
#7889 = LINE('',#7890,#7891);
#7890 = CARTESIAN_POINT('',(372.77530040741,266.91428268432,-124.385));
#7891 = VECTOR('',#7892,1.);
#7892 = DIRECTION('',(0.,0.,1.));
#7893 = PLANE('',#7894);
#7894 = AXIS2_PLACEMENT_3D('',#7895,#7896,#7897);
#7895 = CARTESIAN_POINT('',(356.0657615078,266.91428268432,
    -48.63445053948));
#7896 = DIRECTION('',(-0.,-1.,-0.));
#7897 = DIRECTION('',(0.,0.,-1.));
#7898 = ADVANCED_FACE('',(#7899),#7917,.F.);
#7899 = FACE_BOUND('',#7900,.F.);
#7900 = EDGE_LOOP('',(#7901,#7909,#7910,#7911));
#7901 = ORIENTED_EDGE('',*,*,#7902,.F.);
#7902 = EDGE_CURVE('',#7815,#7903,#7905,.T.);
#7903 = VERTEX_POINT('',#7904);
#7904 = CARTESIAN_POINT('',(322.223,327.,-21.97));
#7905 = LINE('',#7906,#7907);
#7906 = CARTESIAN_POINT('',(302.397,327.,-21.97));
#7907 = VECTOR('',#7908,1.);
#7908 = DIRECTION('',(1.,0.,0.));
#7909 = ORIENTED_EDGE('',*,*,#7823,.T.);
#7910 = ORIENTED_EDGE('',*,*,#1946,.T.);
#7911 = ORIENTED_EDGE('',*,*,#7912,.F.);
#7912 = EDGE_CURVE('',#7903,#1947,#7913,.T.);
#7913 = LINE('',#7914,#7915);
#7914 = CARTESIAN_POINT('',(322.223,327.,-21.97));
#7915 = VECTOR('',#7916,1.);
#7916 = DIRECTION('',(0.,0.,1.));
#7917 = PLANE('',#7918);
#7918 = AXIS2_PLACEMENT_3D('',#7919,#7920,#7921);
#7919 = CARTESIAN_POINT('',(302.397,327.,-21.97));
#7920 = DIRECTION('',(0.,1.,0.));
#7921 = DIRECTION('',(0.,0.,1.));
#7922 = ADVANCED_FACE('',(#7923),#7942,.F.);
#7923 = FACE_BOUND('',#7924,.F.);
#7924 = EDGE_LOOP('',(#7925,#7926,#7935,#7941));
#7925 = ORIENTED_EDGE('',*,*,#7849,.F.);
#7926 = ORIENTED_EDGE('',*,*,#7927,.T.);
#7927 = EDGE_CURVE('',#7840,#7928,#7930,.T.);
#7928 = VERTEX_POINT('',#7929);
#7929 = CARTESIAN_POINT('',(372.7705274425,269.91428268432,-24.385));
#7930 = CIRCLE('',#7931,3.174);
#7931 = AXIS2_PLACEMENT_3D('',#7932,#7933,#7934);
#7932 = CARTESIAN_POINT('',(369.60130040741,270.08828268432,-24.385));
#7933 = DIRECTION('',(-0.,0.,1.));
#7934 = DIRECTION('',(0.,-1.,0.));
#7935 = ORIENTED_EDGE('',*,*,#7936,.T.);
#7936 = EDGE_CURVE('',#7928,#2065,#7937,.T.);
#7937 = LINE('',#7938,#7939);
#7938 = CARTESIAN_POINT('',(372.7705274425,269.91428268432,
    -37.75071645736));
#7939 = VECTOR('',#7940,1.);
#7940 = DIRECTION('',(0.,0.,1.));
#7941 = ORIENTED_EDGE('',*,*,#2072,.F.);
#7942 = CYLINDRICAL_SURFACE('',#7943,3.174);
#7943 = AXIS2_PLACEMENT_3D('',#7944,#7945,#7946);
#7944 = CARTESIAN_POINT('',(369.60130040741,270.08828268432,
    -37.75071645736));
#7945 = DIRECTION('',(0.,0.,1.));
#7946 = DIRECTION('',(0.,-1.,0.));
#7947 = ADVANCED_FACE('',(#7948),#7960,.F.);
#7948 = FACE_BOUND('',#7949,.F.);
#7949 = EDGE_LOOP('',(#7950,#7957,#7958,#7959));
#7950 = ORIENTED_EDGE('',*,*,#7951,.T.);
#7951 = EDGE_CURVE('',#7526,#7903,#7952,.T.);
#7952 = CIRCLE('',#7953,3.174);
#7953 = AXIS2_PLACEMENT_3D('',#7954,#7955,#7956);
#7954 = CARTESIAN_POINT('',(322.223,323.826,-21.97));
#7955 = DIRECTION('',(-0.,0.,1.));
#7956 = DIRECTION('',(0.,-1.,0.));
#7957 = ORIENTED_EDGE('',*,*,#7912,.T.);
#7958 = ORIENTED_EDGE('',*,*,#1954,.F.);
#7959 = ORIENTED_EDGE('',*,*,#7533,.F.);
#7960 = CYLINDRICAL_SURFACE('',#7961,3.174);
#7961 = AXIS2_PLACEMENT_3D('',#7962,#7963,#7964);
#7962 = CARTESIAN_POINT('',(322.223,323.826,-21.97));
#7963 = DIRECTION('',(0.,0.,1.));
#7964 = DIRECTION('',(1.,0.,0.));
#7965 = ADVANCED_FACE('',(#7966),#8016,.T.);
#7966 = FACE_BOUND('',#7967,.T.);
#7967 = EDGE_LOOP('',(#7968,#7978,#7986,#7994,#8002,#8008,#8009,#8010));
#7968 = ORIENTED_EDGE('',*,*,#7969,.F.);
#7969 = EDGE_CURVE('',#7970,#7972,#7974,.T.);
#7970 = VERTEX_POINT('',#7971);
#7971 = CARTESIAN_POINT('',(372.8,269.91428268432,-32.15071645736));
#7972 = VERTEX_POINT('',#7973);
#7973 = CARTESIAN_POINT('',(397.40130040741,269.91428268432,
    -32.15071645736));
#7974 = LINE('',#7975,#7976);
#7975 = CARTESIAN_POINT('',(358.42105026245,269.91428268432,
    -32.15071645736));
#7976 = VECTOR('',#7977,1.);
#7977 = DIRECTION('',(1.,0.,0.));
#7978 = ORIENTED_EDGE('',*,*,#7979,.F.);
#7979 = EDGE_CURVE('',#7980,#7970,#7982,.T.);
#7980 = VERTEX_POINT('',#7981);
#7981 = CARTESIAN_POINT('',(372.8,269.91428268432,-31.116));
#7982 = LINE('',#7983,#7984);
#7983 = CARTESIAN_POINT('',(372.8,269.91428268432,-35.12535822868));
#7984 = VECTOR('',#7985,1.);
#7985 = DIRECTION('',(0.,0.,-1.));
#7986 = ORIENTED_EDGE('',*,*,#7987,.F.);
#7987 = EDGE_CURVE('',#7988,#7980,#7990,.T.);
#7988 = VERTEX_POINT('',#7989);
#7989 = CARTESIAN_POINT('',(372.77530040741,269.91428268432,-31.116));
#7990 = LINE('',#7991,#7992);
#7991 = CARTESIAN_POINT('',(358.42105026245,269.91428268432,-31.116));
#7992 = VECTOR('',#7993,1.);
#7993 = DIRECTION('',(1.,0.,0.));
#7994 = ORIENTED_EDGE('',*,*,#7995,.T.);
#7995 = EDGE_CURVE('',#7988,#7996,#7998,.T.);
#7996 = VERTEX_POINT('',#7997);
#7997 = CARTESIAN_POINT('',(372.77530040741,269.91428268432,-24.385));
#7998 = LINE('',#7999,#8000);
#7999 = CARTESIAN_POINT('',(372.77530040741,269.91428268432,
    -78.26785822868));
#8000 = VECTOR('',#8001,1.);
#8001 = DIRECTION('',(0.,0.,1.));
#8002 = ORIENTED_EDGE('',*,*,#8003,.T.);
#8003 = EDGE_CURVE('',#7996,#7928,#8004,.T.);
#8004 = LINE('',#8005,#8006);
#8005 = CARTESIAN_POINT('',(348.42105026245,269.91428268432,-24.385));
#8006 = VECTOR('',#8007,1.);
#8007 = DIRECTION('',(-1.,0.,0.));
#8008 = ORIENTED_EDGE('',*,*,#7936,.T.);
#8009 = ORIENTED_EDGE('',*,*,#2064,.F.);
#8010 = ORIENTED_EDGE('',*,*,#8011,.F.);
#8011 = EDGE_CURVE('',#7972,#2056,#8012,.T.);
#8012 = LINE('',#8013,#8014);
#8013 = CARTESIAN_POINT('',(397.40130040741,269.91428268432,
    -32.15071645736));
#8014 = VECTOR('',#8015,1.);
#8015 = DIRECTION('',(0.,0.,1.));
#8016 = PLANE('',#8017);
#8017 = AXIS2_PLACEMENT_3D('',#8018,#8019,#8020);
#8018 = CARTESIAN_POINT('',(358.42105026245,269.91428268432,
    -32.15071645736));
#8019 = DIRECTION('',(0.,1.,0.));
#8020 = DIRECTION('',(0.,0.,1.));
#8021 = ADVANCED_FACE('',(#8022),#8041,.F.);
#8022 = FACE_BOUND('',#8023,.F.);
#8023 = EDGE_LOOP('',(#8024,#8025,#8034,#8040));
#8024 = ORIENTED_EDGE('',*,*,#8011,.F.);
#8025 = ORIENTED_EDGE('',*,*,#8026,.T.);
#8026 = EDGE_CURVE('',#7972,#8027,#8029,.T.);
#8027 = VERTEX_POINT('',#8028);
#8028 = CARTESIAN_POINT('',(400.57530040741,273.08828268432,
    -32.15071645736));
#8029 = CIRCLE('',#8030,3.174);
#8030 = AXIS2_PLACEMENT_3D('',#8031,#8032,#8033);
#8031 = CARTESIAN_POINT('',(397.40130040741,273.08828268432,
    -32.15071645736));
#8032 = DIRECTION('',(-0.,0.,1.));
#8033 = DIRECTION('',(0.,-1.,0.));
#8034 = ORIENTED_EDGE('',*,*,#8035,.T.);
#8035 = EDGE_CURVE('',#8027,#2048,#8036,.T.);
#8036 = LINE('',#8037,#8038);
#8037 = CARTESIAN_POINT('',(400.57530040741,273.08828268432,
    -32.15071645736));
#8038 = VECTOR('',#8039,1.);
#8039 = DIRECTION('',(0.,0.,1.));
#8040 = ORIENTED_EDGE('',*,*,#2055,.F.);
#8041 = CYLINDRICAL_SURFACE('',#8042,3.174);
#8042 = AXIS2_PLACEMENT_3D('',#8043,#8044,#8045);
#8043 = CARTESIAN_POINT('',(397.40130040741,273.08828268432,
    -32.15071645736));
#8044 = DIRECTION('',(0.,0.,1.));
#8045 = DIRECTION('',(0.,-1.,0.));
#8046 = ADVANCED_FACE('',(#8047),#8066,.F.);
#8047 = FACE_BOUND('',#8048,.T.);
#8048 = EDGE_LOOP('',(#8049,#8050,#8059,#8065));
#8049 = ORIENTED_EDGE('',*,*,#7540,.F.);
#8050 = ORIENTED_EDGE('',*,*,#8051,.T.);
#8051 = EDGE_CURVE('',#7541,#8052,#8054,.T.);
#8052 = VERTEX_POINT('',#8053);
#8053 = CARTESIAN_POINT('',(327.174,322.,-14.05100021362));
#8054 = CIRCLE('',#8055,3.174);
#8055 = AXIS2_PLACEMENT_3D('',#8056,#8057,#8058);
#8056 = CARTESIAN_POINT('',(327.174,318.826,-14.05100021362));
#8057 = DIRECTION('',(-0.,-0.,-1.));
#8058 = DIRECTION('',(0.,-1.,0.));
#8059 = ORIENTED_EDGE('',*,*,#8060,.T.);
#8060 = EDGE_CURVE('',#8052,#1972,#8061,.T.);
#8061 = LINE('',#8062,#8063);
#8062 = CARTESIAN_POINT('',(327.174,322.,-14.05100021362));
#8063 = VECTOR('',#8064,1.);
#8064 = DIRECTION('',(0.,0.,1.));
#8065 = ORIENTED_EDGE('',*,*,#1971,.T.);
#8066 = CYLINDRICAL_SURFACE('',#8067,3.174);
#8067 = AXIS2_PLACEMENT_3D('',#8068,#8069,#8070);
#8068 = CARTESIAN_POINT('',(327.174,318.826,-14.05100021362));
#8069 = DIRECTION('',(0.,0.,1.));
#8070 = DIRECTION('',(-1.,0.,0.));
#8071 = ADVANCED_FACE('',(#8072),#8090,.F.);
#8072 = FACE_BOUND('',#8073,.F.);
#8073 = EDGE_LOOP('',(#8074,#8082,#8088,#8089));
#8074 = ORIENTED_EDGE('',*,*,#8075,.T.);
#8075 = EDGE_CURVE('',#8027,#8076,#8078,.T.);
#8076 = VERTEX_POINT('',#8077);
#8077 = CARTESIAN_POINT('',(400.57530040741,325.18411508178,
    -32.15071645736));
#8078 = LINE('',#8079,#8080);
#8079 = CARTESIAN_POINT('',(400.57530040741,269.91428268432,
    -32.15071645736));
#8080 = VECTOR('',#8081,1.);
#8081 = DIRECTION('',(0.,1.,0.));
#8082 = ORIENTED_EDGE('',*,*,#8083,.T.);
#8083 = EDGE_CURVE('',#8076,#2039,#8084,.T.);
#8084 = LINE('',#8085,#8086);
#8085 = CARTESIAN_POINT('',(400.57530040741,325.18411508178,
    -32.15071645736));
#8086 = VECTOR('',#8087,1.);
#8087 = DIRECTION('',(0.,0.,1.));
#8088 = ORIENTED_EDGE('',*,*,#2047,.F.);
#8089 = ORIENTED_EDGE('',*,*,#8035,.F.);
#8090 = PLANE('',#8091);
#8091 = AXIS2_PLACEMENT_3D('',#8092,#8093,#8094);
#8092 = CARTESIAN_POINT('',(400.57530040741,269.91428268432,
    -32.15071645736));
#8093 = DIRECTION('',(1.,0.,0.));
#8094 = DIRECTION('',(0.,0.,1.));
#8095 = ADVANCED_FACE('',(#8096),#8114,.F.);
#8096 = FACE_BOUND('',#8097,.F.);
#8097 = EDGE_LOOP('',(#8098,#8106,#8112,#8113));
#8098 = ORIENTED_EDGE('',*,*,#8099,.F.);
#8099 = EDGE_CURVE('',#8100,#1981,#8102,.T.);
#8100 = VERTEX_POINT('',#8101);
#8101 = CARTESIAN_POINT('',(338.826,322.,-14.05100021362));
#8102 = LINE('',#8103,#8104);
#8103 = CARTESIAN_POINT('',(338.826,322.,-14.05100021362));
#8104 = VECTOR('',#8105,1.);
#8105 = DIRECTION('',(0.,0.,1.));
#8106 = ORIENTED_EDGE('',*,*,#8107,.F.);
#8107 = EDGE_CURVE('',#8052,#8100,#8108,.T.);
#8108 = LINE('',#8109,#8110);
#8109 = CARTESIAN_POINT('',(324.,322.,-14.05100021362));
#8110 = VECTOR('',#8111,1.);
#8111 = DIRECTION('',(1.,0.,0.));
#8112 = ORIENTED_EDGE('',*,*,#8060,.T.);
#8113 = ORIENTED_EDGE('',*,*,#1980,.F.);
#8114 = PLANE('',#8115);
#8115 = AXIS2_PLACEMENT_3D('',#8116,#8117,#8118);
#8116 = CARTESIAN_POINT('',(324.,322.,-14.05100021362));
#8117 = DIRECTION('',(0.,1.,0.));
#8118 = DIRECTION('',(0.,0.,1.));
#8119 = ADVANCED_FACE('',(#8120),#8139,.F.);
#8120 = FACE_BOUND('',#8121,.F.);
#8121 = EDGE_LOOP('',(#8122,#8123,#8132,#8138));
#8122 = ORIENTED_EDGE('',*,*,#8083,.F.);
#8123 = ORIENTED_EDGE('',*,*,#8124,.T.);
#8124 = EDGE_CURVE('',#8076,#8125,#8127,.T.);
#8125 = VERTEX_POINT('',#8126);
#8126 = CARTESIAN_POINT('',(397.40130040741,328.35811508178,
    -32.15071645736));
#8127 = CIRCLE('',#8128,3.174);
#8128 = AXIS2_PLACEMENT_3D('',#8129,#8130,#8131);
#8129 = CARTESIAN_POINT('',(397.40130040741,325.18411508178,
    -32.15071645736));
#8130 = DIRECTION('',(-0.,0.,1.));
#8131 = DIRECTION('',(0.,-1.,0.));
#8132 = ORIENTED_EDGE('',*,*,#8133,.T.);
#8133 = EDGE_CURVE('',#8125,#2031,#8134,.T.);
#8134 = LINE('',#8135,#8136);
#8135 = CARTESIAN_POINT('',(397.40130040741,328.35811508178,
    -32.15071645736));
#8136 = VECTOR('',#8137,1.);
#8137 = DIRECTION('',(0.,0.,1.));
#8138 = ORIENTED_EDGE('',*,*,#2038,.F.);
#8139 = CYLINDRICAL_SURFACE('',#8140,3.174);
#8140 = AXIS2_PLACEMENT_3D('',#8141,#8142,#8143);
#8141 = CARTESIAN_POINT('',(397.40130040741,325.18411508178,
    -32.15071645736));
#8142 = DIRECTION('',(0.,0.,1.));
#8143 = DIRECTION('',(1.,0.,0.));
#8144 = ADVANCED_FACE('',(#8145),#8164,.F.);
#8145 = FACE_BOUND('',#8146,.F.);
#8146 = EDGE_LOOP('',(#8147,#8155,#8162,#8163));
#8147 = ORIENTED_EDGE('',*,*,#8148,.F.);
#8148 = EDGE_CURVE('',#8149,#1989,#8151,.T.);
#8149 = VERTEX_POINT('',#8150);
#8150 = CARTESIAN_POINT('',(342.,318.826,-14.05100021362));
#8151 = LINE('',#8152,#8153);
#8152 = CARTESIAN_POINT('',(342.,318.826,-14.05100021362));
#8153 = VECTOR('',#8154,1.);
#8154 = DIRECTION('',(0.,0.,1.));
#8155 = ORIENTED_EDGE('',*,*,#8156,.T.);
#8156 = EDGE_CURVE('',#8149,#8100,#8157,.T.);
#8157 = CIRCLE('',#8158,3.174);
#8158 = AXIS2_PLACEMENT_3D('',#8159,#8160,#8161);
#8159 = CARTESIAN_POINT('',(338.826,318.826,-14.05100021362));
#8160 = DIRECTION('',(-0.,0.,1.));
#8161 = DIRECTION('',(0.,-1.,0.));
#8162 = ORIENTED_EDGE('',*,*,#8099,.T.);
#8163 = ORIENTED_EDGE('',*,*,#1988,.F.);
#8164 = CYLINDRICAL_SURFACE('',#8165,3.174);
#8165 = AXIS2_PLACEMENT_3D('',#8166,#8167,#8168);
#8166 = CARTESIAN_POINT('',(338.826,318.826,-14.05100021362));
#8167 = DIRECTION('',(0.,0.,1.));
#8168 = DIRECTION('',(1.,0.,0.));
#8169 = ADVANCED_FACE('',(#8170),#8204,.F.);
#8170 = FACE_BOUND('',#8171,.F.);
#8171 = EDGE_LOOP('',(#8172,#8180,#8188,#8196,#8202,#8203));
#8172 = ORIENTED_EDGE('',*,*,#8173,.F.);
#8173 = EDGE_CURVE('',#8174,#8125,#8176,.T.);
#8174 = VERTEX_POINT('',#8175);
#8175 = CARTESIAN_POINT('',(372.8,328.35811508178,-32.15071645736));
#8176 = LINE('',#8177,#8178);
#8177 = CARTESIAN_POINT('',(358.42105026245,328.35811508178,
    -32.15071645736));
#8178 = VECTOR('',#8179,1.);
#8179 = DIRECTION('',(1.,0.,0.));
#8180 = ORIENTED_EDGE('',*,*,#8181,.T.);
#8181 = EDGE_CURVE('',#8174,#8182,#8184,.T.);
#8182 = VERTEX_POINT('',#8183);
#8183 = CARTESIAN_POINT('',(372.8,328.35811508178,-31.116));
#8184 = LINE('',#8185,#8186);
#8185 = CARTESIAN_POINT('',(372.8,328.35811508178,-38.1));
#8186 = VECTOR('',#8187,1.);
#8187 = DIRECTION('',(0.,0.,1.));
#8188 = ORIENTED_EDGE('',*,*,#8189,.F.);
#8189 = EDGE_CURVE('',#8190,#8182,#8192,.T.);
#8190 = VERTEX_POINT('',#8191);
#8191 = CARTESIAN_POINT('',(361.59505026245,328.35811508178,-31.116));
#8192 = LINE('',#8193,#8194);
#8193 = CARTESIAN_POINT('',(358.42105026245,328.35811508178,-31.116));
#8194 = VECTOR('',#8195,1.);
#8195 = DIRECTION('',(1.,0.,0.));
#8196 = ORIENTED_EDGE('',*,*,#8197,.T.);
#8197 = EDGE_CURVE('',#8190,#2022,#8198,.T.);
#8198 = LINE('',#8199,#8200);
#8199 = CARTESIAN_POINT('',(361.59505026245,328.35811508178,
    -32.15071645736));
#8200 = VECTOR('',#8201,1.);
#8201 = DIRECTION('',(0.,0.,1.));
#8202 = ORIENTED_EDGE('',*,*,#2030,.F.);
#8203 = ORIENTED_EDGE('',*,*,#8133,.F.);
#8204 = PLANE('',#8205);
#8205 = AXIS2_PLACEMENT_3D('',#8206,#8207,#8208);
#8206 = CARTESIAN_POINT('',(358.42105026245,328.35811508178,
    -32.15071645736));
#8207 = DIRECTION('',(0.,1.,0.));
#8208 = DIRECTION('',(0.,0.,1.));
#8209 = ADVANCED_FACE('',(#8210),#8228,.F.);
#8210 = FACE_BOUND('',#8211,.F.);
#8211 = EDGE_LOOP('',(#8212,#8220,#8221,#8222));
#8212 = ORIENTED_EDGE('',*,*,#8213,.T.);
#8213 = EDGE_CURVE('',#8214,#8149,#8216,.T.);
#8214 = VERTEX_POINT('',#8215);
#8215 = CARTESIAN_POINT('',(342.,293.35811508178,-14.05100021362));
#8216 = LINE('',#8217,#8218);
#8217 = CARTESIAN_POINT('',(342.,284.,-14.05100021362));
#8218 = VECTOR('',#8219,1.);
#8219 = DIRECTION('',(0.,1.,0.));
#8220 = ORIENTED_EDGE('',*,*,#8148,.T.);
#8221 = ORIENTED_EDGE('',*,*,#1997,.F.);
#8222 = ORIENTED_EDGE('',*,*,#8223,.F.);
#8223 = EDGE_CURVE('',#8214,#1998,#8224,.T.);
#8224 = LINE('',#8225,#8226);
#8225 = CARTESIAN_POINT('',(342.,293.35811508178,-30.77477152485));
#8226 = VECTOR('',#8227,1.);
#8227 = DIRECTION('',(0.,0.,1.));
#8228 = PLANE('',#8229);
#8229 = AXIS2_PLACEMENT_3D('',#8230,#8231,#8232);
#8230 = CARTESIAN_POINT('',(342.,284.,-14.05100021362));
#8231 = DIRECTION('',(1.,0.,0.));
#8232 = DIRECTION('',(0.,0.,1.));
#8233 = ADVANCED_FACE('',(#8234),#8253,.F.);
#8234 = FACE_BOUND('',#8235,.T.);
#8235 = EDGE_LOOP('',(#8236,#8244,#8251,#8252));
#8236 = ORIENTED_EDGE('',*,*,#8237,.F.);
#8237 = EDGE_CURVE('',#8238,#2014,#8240,.T.);
#8238 = VERTEX_POINT('',#8239);
#8239 = CARTESIAN_POINT('',(358.42105026245,325.18411508178,-31.116));
#8240 = LINE('',#8241,#8242);
#8241 = CARTESIAN_POINT('',(358.42105026245,325.18411508178,
    -32.15071645736));
#8242 = VECTOR('',#8243,1.);
#8243 = DIRECTION('',(0.,0.,1.));
#8244 = ORIENTED_EDGE('',*,*,#8245,.F.);
#8245 = EDGE_CURVE('',#8190,#8238,#8246,.T.);
#8246 = CIRCLE('',#8247,3.174);
#8247 = AXIS2_PLACEMENT_3D('',#8248,#8249,#8250);
#8248 = CARTESIAN_POINT('',(361.59505026245,325.18411508178,-31.116));
#8249 = DIRECTION('',(0.,0.,1.));
#8250 = DIRECTION('',(-1.,0.,0.));
#8251 = ORIENTED_EDGE('',*,*,#8197,.T.);
#8252 = ORIENTED_EDGE('',*,*,#2021,.T.);
#8253 = CYLINDRICAL_SURFACE('',#8254,3.174);
#8254 = AXIS2_PLACEMENT_3D('',#8255,#8256,#8257);
#8255 = CARTESIAN_POINT('',(361.59505026245,325.18411508178,
    -32.15071645736));
#8256 = DIRECTION('',(0.,0.,1.));
#8257 = DIRECTION('',(-1.,0.,0.));
#8258 = ADVANCED_FACE('',(#8259),#8308,.F.);
#8259 = FACE_BOUND('',#8260,.F.);
#8260 = EDGE_LOOP('',(#8261,#8262,#8270,#8278,#8284,#8285,#8293,#8301,
    #8307));
#8261 = ORIENTED_EDGE('',*,*,#2005,.F.);
#8262 = ORIENTED_EDGE('',*,*,#8263,.T.);
#8263 = EDGE_CURVE('',#2006,#8264,#8266,.T.);
#8264 = VERTEX_POINT('',#8265);
#8265 = CARTESIAN_POINT('',(358.42105026245,293.35811508178,-31.116));
#8266 = LINE('',#8267,#8268);
#8267 = CARTESIAN_POINT('',(358.42105026245,293.35811508178,
    -34.95071645736));
#8268 = VECTOR('',#8269,1.);
#8269 = DIRECTION('',(0.,0.,-1.));
#8270 = ORIENTED_EDGE('',*,*,#8271,.T.);
#8271 = EDGE_CURVE('',#8264,#8272,#8274,.T.);
#8272 = VERTEX_POINT('',#8273);
#8273 = CARTESIAN_POINT('',(358.42105026245,293.35811508178,-38.1));
#8274 = LINE('',#8275,#8276);
#8275 = CARTESIAN_POINT('',(358.42105026245,293.35811508178,-81.2425));
#8276 = VECTOR('',#8277,1.);
#8277 = DIRECTION('',(0.,0.,-1.));
#8278 = ORIENTED_EDGE('',*,*,#8279,.T.);
#8279 = EDGE_CURVE('',#8272,#7712,#8280,.T.);
#8280 = LINE('',#8281,#8282);
#8281 = CARTESIAN_POINT('',(178.73462762776,293.35811508178,-38.1));
#8282 = VECTOR('',#8283,1.);
#8283 = DIRECTION('',(-1.,0.,0.));
#8284 = ORIENTED_EDGE('',*,*,#7711,.T.);
#8285 = ORIENTED_EDGE('',*,*,#8286,.T.);
#8286 = EDGE_CURVE('',#7704,#8287,#8289,.T.);
#8287 = VERTEX_POINT('',#8288);
#8288 = CARTESIAN_POINT('',(341.59505026245,293.35811508178,-24.385));
#8289 = LINE('',#8290,#8291);
#8290 = CARTESIAN_POINT('',(338.42105026245,293.35811508178,-24.385));
#8291 = VECTOR('',#8292,1.);
#8292 = DIRECTION('',(1.,0.,0.));
#8293 = ORIENTED_EDGE('',*,*,#8294,.T.);
#8294 = EDGE_CURVE('',#8287,#8295,#8297,.T.);
#8295 = VERTEX_POINT('',#8296);
#8296 = CARTESIAN_POINT('',(341.59505026245,293.35811508178,
    -14.05100021362));
#8297 = LINE('',#8298,#8299);
#8298 = CARTESIAN_POINT('',(341.59505026245,293.35811508178,
    -37.75071645736));
#8299 = VECTOR('',#8300,1.);
#8300 = DIRECTION('',(0.,0.,1.));
#8301 = ORIENTED_EDGE('',*,*,#8302,.F.);
#8302 = EDGE_CURVE('',#8214,#8295,#8303,.T.);
#8303 = LINE('',#8304,#8305);
#8304 = CARTESIAN_POINT('',(339.14712762776,293.35811508178,
    -14.05100021362));
#8305 = VECTOR('',#8306,1.);
#8306 = DIRECTION('',(-1.,0.,0.));
#8307 = ORIENTED_EDGE('',*,*,#8223,.T.);
#8308 = PLANE('',#8309);
#8309 = AXIS2_PLACEMENT_3D('',#8310,#8311,#8312);
#8310 = CARTESIAN_POINT('',(354.29425525551,293.35811508178,
    -47.49854283609));
#8311 = DIRECTION('',(0.,1.,0.));
#8312 = DIRECTION('',(0.,0.,1.));
#8313 = ADVANCED_FACE('',(#8314),#8325,.T.);
#8314 = FACE_BOUND('',#8315,.T.);
#8315 = EDGE_LOOP('',(#8316,#8317,#8318,#8324));
#8316 = ORIENTED_EDGE('',*,*,#2013,.F.);
#8317 = ORIENTED_EDGE('',*,*,#8263,.T.);
#8318 = ORIENTED_EDGE('',*,*,#8319,.T.);
#8319 = EDGE_CURVE('',#8264,#8238,#8320,.T.);
#8320 = LINE('',#8321,#8322);
#8321 = CARTESIAN_POINT('',(358.42105026245,266.91428268432,-31.116));
#8322 = VECTOR('',#8323,1.);
#8323 = DIRECTION('',(0.,1.,0.));
#8324 = ORIENTED_EDGE('',*,*,#8237,.T.);
#8325 = PLANE('',#8326);
#8326 = AXIS2_PLACEMENT_3D('',#8327,#8328,#8329);
#8327 = CARTESIAN_POINT('',(358.42105026245,269.91428268432,
    -32.15071645736));
#8328 = DIRECTION('',(1.,0.,0.));
#8329 = DIRECTION('',(0.,0.,1.));
#8330 = ADVANCED_FACE('',(#8331,#8349,#8360),#8371,.T.);
#8331 = FACE_BOUND('',#8332,.T.);
#8332 = EDGE_LOOP('',(#8333,#8334,#8335,#8336,#8337,#8338,#8339,#8340,
    #8341,#8342));
#8333 = ORIENTED_EDGE('',*,*,#8302,.F.);
#8334 = ORIENTED_EDGE('',*,*,#8213,.T.);
#8335 = ORIENTED_EDGE('',*,*,#8156,.T.);
#8336 = ORIENTED_EDGE('',*,*,#8107,.F.);
#8337 = ORIENTED_EDGE('',*,*,#8051,.F.);
#8338 = ORIENTED_EDGE('',*,*,#7548,.T.);
#8339 = ORIENTED_EDGE('',*,*,#7596,.T.);
#8340 = ORIENTED_EDGE('',*,*,#7652,.T.);
#8341 = ORIENTED_EDGE('',*,*,#7751,.F.);
#8342 = ORIENTED_EDGE('',*,*,#8343,.F.);
#8343 = EDGE_CURVE('',#8295,#7696,#8344,.T.);
#8344 = CIRCLE('',#8345,3.174);
#8345 = AXIS2_PLACEMENT_3D('',#8346,#8347,#8348);
#8346 = CARTESIAN_POINT('',(341.59505026245,290.18411508178,
    -14.05100021362));
#8347 = DIRECTION('',(0.,0.,1.));
#8348 = DIRECTION('',(-1.,0.,0.));
#8349 = FACE_BOUND('',#8350,.T.);
#8350 = EDGE_LOOP('',(#8351));
#8351 = ORIENTED_EDGE('',*,*,#8352,.T.);
#8352 = EDGE_CURVE('',#8353,#8353,#8355,.T.);
#8353 = VERTEX_POINT('',#8354);
#8354 = CARTESIAN_POINT('',(331.2728,291.7,-14.05100021362));
#8355 = CIRCLE('',#8356,1.7272);
#8356 = AXIS2_PLACEMENT_3D('',#8357,#8358,#8359);
#8357 = CARTESIAN_POINT('',(333.,291.7,-14.05100021362));
#8358 = DIRECTION('',(0.,0.,-1.));
#8359 = DIRECTION('',(-1.,0.,0.));
#8360 = FACE_BOUND('',#8361,.T.);
#8361 = EDGE_LOOP('',(#8362));
#8362 = ORIENTED_EDGE('',*,*,#8363,.T.);
#8363 = EDGE_CURVE('',#8364,#8364,#8366,.T.);
#8364 = VERTEX_POINT('',#8365);
#8365 = CARTESIAN_POINT('',(331.2728,314.3,-14.05100021362));
#8366 = CIRCLE('',#8367,1.7272);
#8367 = AXIS2_PLACEMENT_3D('',#8368,#8369,#8370);
#8368 = CARTESIAN_POINT('',(333.,314.3,-14.05100021362));
#8369 = DIRECTION('',(0.,0.,-1.));
#8370 = DIRECTION('',(-1.,0.,0.));
#8371 = PLANE('',#8372);
#8372 = AXIS2_PLACEMENT_3D('',#8373,#8374,#8375);
#8373 = CARTESIAN_POINT('',(324.,284.,-14.05100021362));
#8374 = DIRECTION('',(0.,0.,1.));
#8375 = DIRECTION('',(1.,0.,0.));
#8376 = ADVANCED_FACE('',(#8377),#8396,.F.);
#8377 = FACE_BOUND('',#8378,.F.);
#8378 = EDGE_LOOP('',(#8379,#8380,#8388,#8395));
#8379 = ORIENTED_EDGE('',*,*,#8352,.T.);
#8380 = ORIENTED_EDGE('',*,*,#8381,.T.);
#8381 = EDGE_CURVE('',#8353,#8382,#8384,.T.);
#8382 = VERTEX_POINT('',#8383);
#8383 = CARTESIAN_POINT('',(331.2728,291.7,-38.1));
#8384 = LINE('',#8385,#8386);
#8385 = CARTESIAN_POINT('',(331.2728,291.7,-6.35));
#8386 = VECTOR('',#8387,1.);
#8387 = DIRECTION('',(0.,0.,-1.));
#8388 = ORIENTED_EDGE('',*,*,#8389,.F.);
#8389 = EDGE_CURVE('',#8382,#8382,#8390,.T.);
#8390 = CIRCLE('',#8391,1.7272);
#8391 = AXIS2_PLACEMENT_3D('',#8392,#8393,#8394);
#8392 = CARTESIAN_POINT('',(333.,291.7,-38.1));
#8393 = DIRECTION('',(0.,0.,-1.));
#8394 = DIRECTION('',(-1.,0.,0.));
#8395 = ORIENTED_EDGE('',*,*,#8381,.F.);
#8396 = CYLINDRICAL_SURFACE('',#8397,1.7272);
#8397 = AXIS2_PLACEMENT_3D('',#8398,#8399,#8400);
#8398 = CARTESIAN_POINT('',(333.,291.7,-6.35));
#8399 = DIRECTION('',(0.,0.,-1.));
#8400 = DIRECTION('',(-1.,0.,0.));
#8401 = ADVANCED_FACE('',(#8402),#8421,.F.);
#8402 = FACE_BOUND('',#8403,.F.);
#8403 = EDGE_LOOP('',(#8404,#8405,#8413,#8420));
#8404 = ORIENTED_EDGE('',*,*,#8363,.T.);
#8405 = ORIENTED_EDGE('',*,*,#8406,.T.);
#8406 = EDGE_CURVE('',#8364,#8407,#8409,.T.);
#8407 = VERTEX_POINT('',#8408);
#8408 = CARTESIAN_POINT('',(331.2728,314.3,-38.1));
#8409 = LINE('',#8410,#8411);
#8410 = CARTESIAN_POINT('',(331.2728,314.3,-6.35));
#8411 = VECTOR('',#8412,1.);
#8412 = DIRECTION('',(0.,0.,-1.));
#8413 = ORIENTED_EDGE('',*,*,#8414,.F.);
#8414 = EDGE_CURVE('',#8407,#8407,#8415,.T.);
#8415 = CIRCLE('',#8416,1.7272);
#8416 = AXIS2_PLACEMENT_3D('',#8417,#8418,#8419);
#8417 = CARTESIAN_POINT('',(333.,314.3,-38.1));
#8418 = DIRECTION('',(0.,0.,-1.));
#8419 = DIRECTION('',(-1.,0.,0.));
#8420 = ORIENTED_EDGE('',*,*,#8406,.F.);
#8421 = CYLINDRICAL_SURFACE('',#8422,1.7272);
#8422 = AXIS2_PLACEMENT_3D('',#8423,#8424,#8425);
#8423 = CARTESIAN_POINT('',(333.,314.3,-6.35));
#8424 = DIRECTION('',(0.,0.,-1.));
#8425 = DIRECTION('',(-1.,0.,0.));
#8426 = ADVANCED_FACE('',(#8427,#8437,#8448),#8459,.T.);
#8427 = FACE_BOUND('',#8428,.T.);
#8428 = EDGE_LOOP('',(#8429,#8430,#8431,#8432,#8433,#8434,#8435,#8436));
#8429 = ORIENTED_EDGE('',*,*,#7525,.T.);
#8430 = ORIENTED_EDGE('',*,*,#7951,.T.);
#8431 = ORIENTED_EDGE('',*,*,#7902,.F.);
#8432 = ORIENTED_EDGE('',*,*,#7814,.F.);
#8433 = ORIENTED_EDGE('',*,*,#7767,.F.);
#8434 = ORIENTED_EDGE('',*,*,#7668,.T.);
#8435 = ORIENTED_EDGE('',*,*,#7620,.T.);
#8436 = ORIENTED_EDGE('',*,*,#7570,.T.);
#8437 = FACE_BOUND('',#8438,.T.);
#8438 = EDGE_LOOP('',(#8439));
#8439 = ORIENTED_EDGE('',*,*,#8440,.T.);
#8440 = EDGE_CURVE('',#8441,#8441,#8443,.T.);
#8441 = VERTEX_POINT('',#8442);
#8442 = CARTESIAN_POINT('',(312.1698,290.5,-21.97));
#8443 = CIRCLE('',#8444,1.7272);
#8444 = AXIS2_PLACEMENT_3D('',#8445,#8446,#8447);
#8445 = CARTESIAN_POINT('',(313.897,290.5,-21.97));
#8446 = DIRECTION('',(0.,0.,-1.));
#8447 = DIRECTION('',(-1.,0.,0.));
#8448 = FACE_BOUND('',#8449,.T.);
#8449 = EDGE_LOOP('',(#8450));
#8450 = ORIENTED_EDGE('',*,*,#8451,.T.);
#8451 = EDGE_CURVE('',#8452,#8452,#8454,.T.);
#8452 = VERTEX_POINT('',#8453);
#8453 = CARTESIAN_POINT('',(312.1698,315.5,-21.97));
#8454 = CIRCLE('',#8455,1.7272);
#8455 = AXIS2_PLACEMENT_3D('',#8456,#8457,#8458);
#8456 = CARTESIAN_POINT('',(313.897,315.5,-21.97));
#8457 = DIRECTION('',(0.,0.,-1.));
#8458 = DIRECTION('',(-1.,0.,0.));
#8459 = PLANE('',#8460);
#8460 = AXIS2_PLACEMENT_3D('',#8461,#8462,#8463);
#8461 = CARTESIAN_POINT('',(302.397,279.,-21.97));
#8462 = DIRECTION('',(0.,0.,1.));
#8463 = DIRECTION('',(1.,0.,0.));
#8464 = ADVANCED_FACE('',(#8465),#8484,.F.);
#8465 = FACE_BOUND('',#8466,.F.);
#8466 = EDGE_LOOP('',(#8467,#8468,#8476,#8483));
#8467 = ORIENTED_EDGE('',*,*,#8440,.T.);
#8468 = ORIENTED_EDGE('',*,*,#8469,.T.);
#8469 = EDGE_CURVE('',#8441,#8470,#8472,.T.);
#8470 = VERTEX_POINT('',#8471);
#8471 = CARTESIAN_POINT('',(312.1698,290.5,-38.1));
#8472 = LINE('',#8473,#8474);
#8473 = CARTESIAN_POINT('',(312.1698,290.5,-13.97));
#8474 = VECTOR('',#8475,1.);
#8475 = DIRECTION('',(0.,0.,-1.));
#8476 = ORIENTED_EDGE('',*,*,#8477,.F.);
#8477 = EDGE_CURVE('',#8470,#8470,#8478,.T.);
#8478 = CIRCLE('',#8479,1.7272);
#8479 = AXIS2_PLACEMENT_3D('',#8480,#8481,#8482);
#8480 = CARTESIAN_POINT('',(313.897,290.5,-38.1));
#8481 = DIRECTION('',(0.,0.,-1.));
#8482 = DIRECTION('',(-1.,0.,0.));
#8483 = ORIENTED_EDGE('',*,*,#8469,.F.);
#8484 = CYLINDRICAL_SURFACE('',#8485,1.7272);
#8485 = AXIS2_PLACEMENT_3D('',#8486,#8487,#8488);
#8486 = CARTESIAN_POINT('',(313.897,290.5,-13.97));
#8487 = DIRECTION('',(0.,0.,-1.));
#8488 = DIRECTION('',(-1.,0.,0.));
#8489 = ADVANCED_FACE('',(#8490),#8509,.F.);
#8490 = FACE_BOUND('',#8491,.F.);
#8491 = EDGE_LOOP('',(#8492,#8493,#8501,#8508));
#8492 = ORIENTED_EDGE('',*,*,#8451,.T.);
#8493 = ORIENTED_EDGE('',*,*,#8494,.T.);
#8494 = EDGE_CURVE('',#8452,#8495,#8497,.T.);
#8495 = VERTEX_POINT('',#8496);
#8496 = CARTESIAN_POINT('',(312.1698,315.5,-38.1));
#8497 = LINE('',#8498,#8499);
#8498 = CARTESIAN_POINT('',(312.1698,315.5,-13.97));
#8499 = VECTOR('',#8500,1.);
#8500 = DIRECTION('',(0.,0.,-1.));
#8501 = ORIENTED_EDGE('',*,*,#8502,.F.);
#8502 = EDGE_CURVE('',#8495,#8495,#8503,.T.);
#8503 = CIRCLE('',#8504,1.7272);
#8504 = AXIS2_PLACEMENT_3D('',#8505,#8506,#8507);
#8505 = CARTESIAN_POINT('',(313.897,315.5,-38.1));
#8506 = DIRECTION('',(0.,0.,-1.));
#8507 = DIRECTION('',(-1.,0.,0.));
#8508 = ORIENTED_EDGE('',*,*,#8494,.F.);
#8509 = CYLINDRICAL_SURFACE('',#8510,1.7272);
#8510 = AXIS2_PLACEMENT_3D('',#8511,#8512,#8513);
#8511 = CARTESIAN_POINT('',(313.897,315.5,-13.97));
#8512 = DIRECTION('',(0.,0.,-1.));
#8513 = DIRECTION('',(-1.,0.,0.));
#8514 = ADVANCED_FACE('',(#8515),#8527,.F.);
#8515 = FACE_BOUND('',#8516,.T.);
#8516 = EDGE_LOOP('',(#8517,#8518,#8525,#8526));
#8517 = ORIENTED_EDGE('',*,*,#7693,.F.);
#8518 = ORIENTED_EDGE('',*,*,#8519,.F.);
#8519 = EDGE_CURVE('',#8287,#7694,#8520,.T.);
#8520 = CIRCLE('',#8521,3.174);
#8521 = AXIS2_PLACEMENT_3D('',#8522,#8523,#8524);
#8522 = CARTESIAN_POINT('',(341.59505026245,290.18411508178,-24.385));
#8523 = DIRECTION('',(0.,0.,1.));
#8524 = DIRECTION('',(-1.,0.,0.));
#8525 = ORIENTED_EDGE('',*,*,#8294,.T.);
#8526 = ORIENTED_EDGE('',*,*,#8343,.T.);
#8527 = CYLINDRICAL_SURFACE('',#8528,3.174);
#8528 = AXIS2_PLACEMENT_3D('',#8529,#8530,#8531);
#8529 = CARTESIAN_POINT('',(341.59505026245,290.18411508178,
    -37.75071645736));
#8530 = DIRECTION('',(0.,0.,1.));
#8531 = DIRECTION('',(-1.,0.,0.));
#8532 = ADVANCED_FACE('',(#8533),#8538,.F.);
#8533 = FACE_BOUND('',#8534,.F.);
#8534 = EDGE_LOOP('',(#8535,#8536,#8537));
#8535 = ORIENTED_EDGE('',*,*,#7735,.F.);
#8536 = ORIENTED_EDGE('',*,*,#7857,.T.);
#8537 = ORIENTED_EDGE('',*,*,#7790,.F.);
#8538 = PLANE('',#8539);
#8539 = AXIS2_PLACEMENT_3D('',#8540,#8541,#8542);
#8540 = CARTESIAN_POINT('',(338.42105026245,266.91428268432,-24.385));
#8541 = DIRECTION('',(0.,0.,1.));
#8542 = DIRECTION('',(1.,0.,0.));
#8543 = ADVANCED_FACE('',(#8544),#8549,.F.);
#8544 = FACE_BOUND('',#8545,.F.);
#8545 = EDGE_LOOP('',(#8546,#8547,#8548));
#8546 = ORIENTED_EDGE('',*,*,#7703,.F.);
#8547 = ORIENTED_EDGE('',*,*,#8519,.F.);
#8548 = ORIENTED_EDGE('',*,*,#8286,.F.);
#8549 = PLANE('',#8550);
#8550 = AXIS2_PLACEMENT_3D('',#8551,#8552,#8553);
#8551 = CARTESIAN_POINT('',(338.42105026245,266.91428268432,-24.385));
#8552 = DIRECTION('',(0.,0.,1.));
#8553 = DIRECTION('',(1.,0.,0.));
#8554 = ADVANCED_FACE('',(#8555),#8566,.F.);
#8555 = FACE_BOUND('',#8556,.F.);
#8556 = EDGE_LOOP('',(#8557,#8558,#8559,#8565));
#8557 = ORIENTED_EDGE('',*,*,#7927,.F.);
#8558 = ORIENTED_EDGE('',*,*,#7839,.T.);
#8559 = ORIENTED_EDGE('',*,*,#8560,.T.);
#8560 = EDGE_CURVE('',#7842,#7996,#8561,.T.);
#8561 = LINE('',#8562,#8563);
#8562 = CARTESIAN_POINT('',(372.77530040741,266.91428268432,-24.385));
#8563 = VECTOR('',#8564,1.);
#8564 = DIRECTION('',(0.,1.,0.));
#8565 = ORIENTED_EDGE('',*,*,#8003,.T.);
#8566 = PLANE('',#8567);
#8567 = AXIS2_PLACEMENT_3D('',#8568,#8569,#8570);
#8568 = CARTESIAN_POINT('',(338.42105026245,266.91428268432,-24.385));
#8569 = DIRECTION('',(0.,0.,1.));
#8570 = DIRECTION('',(1.,0.,0.));
#8571 = ADVANCED_FACE('',(#8572),#8583,.F.);
#8572 = FACE_BOUND('',#8573,.F.);
#8573 = EDGE_LOOP('',(#8574,#8575,#8576,#8582));
#8574 = ORIENTED_EDGE('',*,*,#8560,.F.);
#8575 = ORIENTED_EDGE('',*,*,#7888,.F.);
#8576 = ORIENTED_EDGE('',*,*,#8577,.F.);
#8577 = EDGE_CURVE('',#7988,#7881,#8578,.T.);
#8578 = LINE('',#8579,#8580);
#8579 = CARTESIAN_POINT('',(372.77530040741,266.91428268432,-31.116));
#8580 = VECTOR('',#8581,1.);
#8581 = DIRECTION('',(0.,-1.,0.));
#8582 = ORIENTED_EDGE('',*,*,#7995,.T.);
#8583 = PLANE('',#8584);
#8584 = AXIS2_PLACEMENT_3D('',#8585,#8586,#8587);
#8585 = CARTESIAN_POINT('',(372.77530040741,266.91428268432,-124.385));
#8586 = DIRECTION('',(1.,0.,0.));
#8587 = DIRECTION('',(0.,0.,1.));
#8588 = ADVANCED_FACE('',(#8589,#8609,#8643),#8654,.T.);
#8589 = FACE_BOUND('',#8590,.T.);
#8590 = EDGE_LOOP('',(#8591,#8597,#8598,#8599,#8600,#8606,#8607,#8608));
#8591 = ORIENTED_EDGE('',*,*,#8592,.F.);
#8592 = EDGE_CURVE('',#7873,#8264,#8593,.T.);
#8593 = LINE('',#8594,#8595);
#8594 = CARTESIAN_POINT('',(358.42105026245,266.91428268432,-31.116));
#8595 = VECTOR('',#8596,1.);
#8596 = DIRECTION('',(0.,1.,0.));
#8597 = ORIENTED_EDGE('',*,*,#7880,.T.);
#8598 = ORIENTED_EDGE('',*,*,#8577,.F.);
#8599 = ORIENTED_EDGE('',*,*,#7987,.T.);
#8600 = ORIENTED_EDGE('',*,*,#8601,.T.);
#8601 = EDGE_CURVE('',#7980,#8182,#8602,.T.);
#8602 = LINE('',#8603,#8604);
#8603 = CARTESIAN_POINT('',(372.8,266.91428268432,-31.116));
#8604 = VECTOR('',#8605,1.);
#8605 = DIRECTION('',(0.,1.,0.));
#8606 = ORIENTED_EDGE('',*,*,#8189,.F.);
#8607 = ORIENTED_EDGE('',*,*,#8245,.T.);
#8608 = ORIENTED_EDGE('',*,*,#8319,.F.);
#8609 = FACE_BOUND('',#8610,.T.);
#8610 = EDGE_LOOP('',(#8611,#8621,#8629,#8637));
#8611 = ORIENTED_EDGE('',*,*,#8612,.F.);
#8612 = EDGE_CURVE('',#8613,#8615,#8617,.T.);
#8613 = VERTEX_POINT('',#8614);
#8614 = CARTESIAN_POINT('',(360.45,284.38,-31.116));
#8615 = VERTEX_POINT('',#8616);
#8616 = CARTESIAN_POINT('',(362.45,284.38,-31.116));
#8617 = LINE('',#8618,#8619);
#8618 = CARTESIAN_POINT('',(360.45,284.38,-31.116));
#8619 = VECTOR('',#8620,1.);
#8620 = DIRECTION('',(1.,0.,0.));
#8621 = ORIENTED_EDGE('',*,*,#8622,.T.);
#8622 = EDGE_CURVE('',#8613,#8623,#8625,.T.);
#8623 = VERTEX_POINT('',#8624);
#8624 = CARTESIAN_POINT('',(360.45,314.38,-31.116));
#8625 = LINE('',#8626,#8627);
#8626 = CARTESIAN_POINT('',(360.45,284.38,-31.116));
#8627 = VECTOR('',#8628,1.);
#8628 = DIRECTION('',(0.,1.,0.));
#8629 = ORIENTED_EDGE('',*,*,#8630,.T.);
#8630 = EDGE_CURVE('',#8623,#8631,#8633,.T.);
#8631 = VERTEX_POINT('',#8632);
#8632 = CARTESIAN_POINT('',(362.45,314.38,-31.116));
#8633 = LINE('',#8634,#8635);
#8634 = CARTESIAN_POINT('',(360.45,314.38,-31.116));
#8635 = VECTOR('',#8636,1.);
#8636 = DIRECTION('',(1.,0.,0.));
#8637 = ORIENTED_EDGE('',*,*,#8638,.F.);
#8638 = EDGE_CURVE('',#8615,#8631,#8639,.T.);
#8639 = LINE('',#8640,#8641);
#8640 = CARTESIAN_POINT('',(362.45,284.38,-31.116));
#8641 = VECTOR('',#8642,1.);
#8642 = DIRECTION('',(0.,1.,0.));
#8643 = FACE_BOUND('',#8644,.T.);
#8644 = EDGE_LOOP('',(#8645));
#8645 = ORIENTED_EDGE('',*,*,#8646,.T.);
#8646 = EDGE_CURVE('',#8647,#8647,#8649,.T.);
#8647 = VERTEX_POINT('',#8648);
#8648 = CARTESIAN_POINT('',(365.8728,299.38,-31.116));
#8649 = CIRCLE('',#8650,1.7272);
#8650 = AXIS2_PLACEMENT_3D('',#8651,#8652,#8653);
#8651 = CARTESIAN_POINT('',(367.6,299.38,-31.116));
#8652 = DIRECTION('',(0.,0.,-1.));
#8653 = DIRECTION('',(-1.,0.,0.));
#8654 = PLANE('',#8655);
#8655 = AXIS2_PLACEMENT_3D('',#8656,#8657,#8658);
#8656 = CARTESIAN_POINT('',(358.42105026245,266.91428268432,-31.116));
#8657 = DIRECTION('',(0.,0.,1.));
#8658 = DIRECTION('',(1.,0.,0.));
#8659 = ADVANCED_FACE('',(#8660),#8679,.F.);
#8660 = FACE_BOUND('',#8661,.F.);
#8661 = EDGE_LOOP('',(#8662,#8663,#8671,#8678));
#8662 = ORIENTED_EDGE('',*,*,#8646,.T.);
#8663 = ORIENTED_EDGE('',*,*,#8664,.T.);
#8664 = EDGE_CURVE('',#8647,#8665,#8667,.T.);
#8665 = VERTEX_POINT('',#8666);
#8666 = CARTESIAN_POINT('',(365.8728,299.38,-38.1));
#8667 = LINE('',#8668,#8669);
#8668 = CARTESIAN_POINT('',(365.8728,299.38,-11.7));
#8669 = VECTOR('',#8670,1.);
#8670 = DIRECTION('',(0.,0.,-1.));
#8671 = ORIENTED_EDGE('',*,*,#8672,.F.);
#8672 = EDGE_CURVE('',#8665,#8665,#8673,.T.);
#8673 = CIRCLE('',#8674,1.7272);
#8674 = AXIS2_PLACEMENT_3D('',#8675,#8676,#8677);
#8675 = CARTESIAN_POINT('',(367.6,299.38,-38.1));
#8676 = DIRECTION('',(0.,0.,-1.));
#8677 = DIRECTION('',(-1.,0.,0.));
#8678 = ORIENTED_EDGE('',*,*,#8664,.F.);
#8679 = CYLINDRICAL_SURFACE('',#8680,1.7272);
#8680 = AXIS2_PLACEMENT_3D('',#8681,#8682,#8683);
#8681 = CARTESIAN_POINT('',(367.6,299.38,-11.7));
#8682 = DIRECTION('',(0.,0.,-1.));
#8683 = DIRECTION('',(-1.,0.,0.));
#8684 = ADVANCED_FACE('',(#8685),#8696,.F.);
#8685 = FACE_BOUND('',#8686,.F.);
#8686 = EDGE_LOOP('',(#8687,#8688,#8694,#8695));
#8687 = ORIENTED_EDGE('',*,*,#7872,.F.);
#8688 = ORIENTED_EDGE('',*,*,#8689,.T.);
#8689 = EDGE_CURVE('',#7865,#8272,#8690,.T.);
#8690 = LINE('',#8691,#8692);
#8691 = CARTESIAN_POINT('',(358.42105026245,266.91428268432,-38.1));
#8692 = VECTOR('',#8693,1.);
#8693 = DIRECTION('',(0.,1.,0.));
#8694 = ORIENTED_EDGE('',*,*,#8271,.F.);
#8695 = ORIENTED_EDGE('',*,*,#8592,.F.);
#8696 = PLANE('',#8697);
#8697 = AXIS2_PLACEMENT_3D('',#8698,#8699,#8700);
#8698 = CARTESIAN_POINT('',(358.42105026245,266.91428268432,-38.1));
#8699 = DIRECTION('',(1.,0.,0.));
#8700 = DIRECTION('',(0.,0.,1.));
#8701 = ADVANCED_FACE('',(#8702),#8715,.T.);
#8702 = FACE_BOUND('',#8703,.T.);
#8703 = EDGE_LOOP('',(#8704,#8705,#8706,#8707,#8713,#8714));
#8704 = ORIENTED_EDGE('',*,*,#8075,.T.);
#8705 = ORIENTED_EDGE('',*,*,#8124,.T.);
#8706 = ORIENTED_EDGE('',*,*,#8173,.F.);
#8707 = ORIENTED_EDGE('',*,*,#8708,.F.);
#8708 = EDGE_CURVE('',#7970,#8174,#8709,.T.);
#8709 = LINE('',#8710,#8711);
#8710 = CARTESIAN_POINT('',(372.8,268.41428268432,-32.15071645736));
#8711 = VECTOR('',#8712,1.);
#8712 = DIRECTION('',(0.,1.,0.));
#8713 = ORIENTED_EDGE('',*,*,#7969,.T.);
#8714 = ORIENTED_EDGE('',*,*,#8026,.T.);
#8715 = PLANE('',#8716);
#8716 = AXIS2_PLACEMENT_3D('',#8717,#8718,#8719);
#8717 = CARTESIAN_POINT('',(358.42105026245,269.91428268432,
    -32.15071645736));
#8718 = DIRECTION('',(0.,0.,1.));
#8719 = DIRECTION('',(1.,0.,0.));
#8720 = ADVANCED_FACE('',(#8721),#8727,.T.);
#8721 = FACE_BOUND('',#8722,.T.);
#8722 = EDGE_LOOP('',(#8723,#8724,#8725,#8726));
#8723 = ORIENTED_EDGE('',*,*,#8601,.F.);
#8724 = ORIENTED_EDGE('',*,*,#7979,.T.);
#8725 = ORIENTED_EDGE('',*,*,#8708,.T.);
#8726 = ORIENTED_EDGE('',*,*,#8181,.T.);
#8727 = PLANE('',#8728);
#8728 = AXIS2_PLACEMENT_3D('',#8729,#8730,#8731);
#8729 = CARTESIAN_POINT('',(372.8,266.91428268432,-38.1));
#8730 = DIRECTION('',(1.,0.,0.));
#8731 = DIRECTION('',(0.,0.,1.));
#8732 = ADVANCED_FACE('',(#8733),#8758,.F.);
#8733 = FACE_BOUND('',#8734,.F.);
#8734 = EDGE_LOOP('',(#8735,#8736,#8744,#8752));
#8735 = ORIENTED_EDGE('',*,*,#8612,.F.);
#8736 = ORIENTED_EDGE('',*,*,#8737,.T.);
#8737 = EDGE_CURVE('',#8613,#8738,#8740,.T.);
#8738 = VERTEX_POINT('',#8739);
#8739 = CARTESIAN_POINT('',(360.45,284.38,-27.885));
#8740 = LINE('',#8741,#8742);
#8741 = CARTESIAN_POINT('',(360.45,284.38,-31.116));
#8742 = VECTOR('',#8743,1.);
#8743 = DIRECTION('',(0.,0.,1.));
#8744 = ORIENTED_EDGE('',*,*,#8745,.T.);
#8745 = EDGE_CURVE('',#8738,#8746,#8748,.T.);
#8746 = VERTEX_POINT('',#8747);
#8747 = CARTESIAN_POINT('',(362.45,284.38,-27.885));
#8748 = LINE('',#8749,#8750);
#8749 = CARTESIAN_POINT('',(360.45,284.38,-27.885));
#8750 = VECTOR('',#8751,1.);
#8751 = DIRECTION('',(1.,0.,0.));
#8752 = ORIENTED_EDGE('',*,*,#8753,.F.);
#8753 = EDGE_CURVE('',#8615,#8746,#8754,.T.);
#8754 = LINE('',#8755,#8756);
#8755 = CARTESIAN_POINT('',(362.45,284.38,-31.116));
#8756 = VECTOR('',#8757,1.);
#8757 = DIRECTION('',(0.,0.,1.));
#8758 = PLANE('',#8759);
#8759 = AXIS2_PLACEMENT_3D('',#8760,#8761,#8762);
#8760 = CARTESIAN_POINT('',(360.45,284.38,-31.116));
#8761 = DIRECTION('',(0.,1.,0.));
#8762 = DIRECTION('',(0.,0.,1.));
#8763 = ADVANCED_FACE('',(#8764),#8782,.F.);
#8764 = FACE_BOUND('',#8765,.F.);
#8765 = EDGE_LOOP('',(#8766,#8767,#8768,#8776));
#8766 = ORIENTED_EDGE('',*,*,#8737,.F.);
#8767 = ORIENTED_EDGE('',*,*,#8622,.T.);
#8768 = ORIENTED_EDGE('',*,*,#8769,.T.);
#8769 = EDGE_CURVE('',#8623,#8770,#8772,.T.);
#8770 = VERTEX_POINT('',#8771);
#8771 = CARTESIAN_POINT('',(360.45,314.38,-27.885));
#8772 = LINE('',#8773,#8774);
#8773 = CARTESIAN_POINT('',(360.45,314.38,-31.116));
#8774 = VECTOR('',#8775,1.);
#8775 = DIRECTION('',(0.,0.,1.));
#8776 = ORIENTED_EDGE('',*,*,#8777,.F.);
#8777 = EDGE_CURVE('',#8738,#8770,#8778,.T.);
#8778 = LINE('',#8779,#8780);
#8779 = CARTESIAN_POINT('',(360.45,284.38,-27.885));
#8780 = VECTOR('',#8781,1.);
#8781 = DIRECTION('',(0.,1.,0.));
#8782 = PLANE('',#8783);
#8783 = AXIS2_PLACEMENT_3D('',#8784,#8785,#8786);
#8784 = CARTESIAN_POINT('',(360.45,284.38,-31.116));
#8785 = DIRECTION('',(1.,0.,0.));
#8786 = DIRECTION('',(0.,0.,1.));
#8787 = ADVANCED_FACE('',(#8788),#8806,.T.);
#8788 = FACE_BOUND('',#8789,.T.);
#8789 = EDGE_LOOP('',(#8790,#8791,#8792,#8800));
#8790 = ORIENTED_EDGE('',*,*,#8753,.F.);
#8791 = ORIENTED_EDGE('',*,*,#8638,.T.);
#8792 = ORIENTED_EDGE('',*,*,#8793,.T.);
#8793 = EDGE_CURVE('',#8631,#8794,#8796,.T.);
#8794 = VERTEX_POINT('',#8795);
#8795 = CARTESIAN_POINT('',(362.45,314.38,-27.885));
#8796 = LINE('',#8797,#8798);
#8797 = CARTESIAN_POINT('',(362.45,314.38,-31.116));
#8798 = VECTOR('',#8799,1.);
#8799 = DIRECTION('',(0.,0.,1.));
#8800 = ORIENTED_EDGE('',*,*,#8801,.F.);
#8801 = EDGE_CURVE('',#8746,#8794,#8802,.T.);
#8802 = LINE('',#8803,#8804);
#8803 = CARTESIAN_POINT('',(362.45,284.38,-27.885));
#8804 = VECTOR('',#8805,1.);
#8805 = DIRECTION('',(0.,1.,0.));
#8806 = PLANE('',#8807);
#8807 = AXIS2_PLACEMENT_3D('',#8808,#8809,#8810);
#8808 = CARTESIAN_POINT('',(362.45,284.38,-31.116));
#8809 = DIRECTION('',(1.,0.,0.));
#8810 = DIRECTION('',(0.,0.,1.));
#8811 = ADVANCED_FACE('',(#8812),#8823,.T.);
#8812 = FACE_BOUND('',#8813,.T.);
#8813 = EDGE_LOOP('',(#8814,#8815,#8816,#8822));
#8814 = ORIENTED_EDGE('',*,*,#8630,.F.);
#8815 = ORIENTED_EDGE('',*,*,#8769,.T.);
#8816 = ORIENTED_EDGE('',*,*,#8817,.T.);
#8817 = EDGE_CURVE('',#8770,#8794,#8818,.T.);
#8818 = LINE('',#8819,#8820);
#8819 = CARTESIAN_POINT('',(360.45,314.38,-27.885));
#8820 = VECTOR('',#8821,1.);
#8821 = DIRECTION('',(1.,0.,0.));
#8822 = ORIENTED_EDGE('',*,*,#8793,.F.);
#8823 = PLANE('',#8824);
#8824 = AXIS2_PLACEMENT_3D('',#8825,#8826,#8827);
#8825 = CARTESIAN_POINT('',(360.45,314.38,-31.116));
#8826 = DIRECTION('',(0.,1.,0.));
#8827 = DIRECTION('',(0.,0.,1.));
#8828 = ADVANCED_FACE('',(#8829),#8835,.T.);
#8829 = FACE_BOUND('',#8830,.T.);
#8830 = EDGE_LOOP('',(#8831,#8832,#8833,#8834));
#8831 = ORIENTED_EDGE('',*,*,#8777,.F.);
#8832 = ORIENTED_EDGE('',*,*,#8745,.T.);
#8833 = ORIENTED_EDGE('',*,*,#8801,.T.);
#8834 = ORIENTED_EDGE('',*,*,#8817,.F.);
#8835 = PLANE('',#8836);
#8836 = AXIS2_PLACEMENT_3D('',#8837,#8838,#8839);
#8837 = CARTESIAN_POINT('',(360.45,284.38,-27.885));
#8838 = DIRECTION('',(0.,0.,1.));
#8839 = DIRECTION('',(1.,0.,0.));
#8840 = ADVANCED_FACE('',(#8841),#8866,.F.);
#8841 = FACE_BOUND('',#8842,.F.);
#8842 = EDGE_LOOP('',(#8843,#8853,#8859,#8860));
#8843 = ORIENTED_EDGE('',*,*,#8844,.T.);
#8844 = EDGE_CURVE('',#8845,#8847,#8849,.T.);
#8845 = VERTEX_POINT('',#8846);
#8846 = CARTESIAN_POINT('',(320.,72.358115081787,-14.05100021362));
#8847 = VERTEX_POINT('',#8848);
#8848 = CARTESIAN_POINT('',(320.,97.826,-14.05100021362));
#8849 = LINE('',#8850,#8851);
#8850 = CARTESIAN_POINT('',(320.,63.,-14.05100021362));
#8851 = VECTOR('',#8852,1.);
#8852 = DIRECTION('',(0.,1.,0.));
#8853 = ORIENTED_EDGE('',*,*,#8854,.T.);
#8854 = EDGE_CURVE('',#8847,#2126,#8855,.T.);
#8855 = LINE('',#8856,#8857);
#8856 = CARTESIAN_POINT('',(320.,97.826,-14.05100021362));
#8857 = VECTOR('',#8858,1.);
#8858 = DIRECTION('',(0.,0.,1.));
#8859 = ORIENTED_EDGE('',*,*,#2123,.F.);
#8860 = ORIENTED_EDGE('',*,*,#8861,.F.);
#8861 = EDGE_CURVE('',#8845,#2124,#8862,.T.);
#8862 = LINE('',#8863,#8864);
#8863 = CARTESIAN_POINT('',(320.,72.358115081787,-30.77477152485));
#8864 = VECTOR('',#8865,1.);
#8865 = DIRECTION('',(0.,0.,1.));
#8866 = PLANE('',#8867);
#8867 = AXIS2_PLACEMENT_3D('',#8868,#8869,#8870);
#8868 = CARTESIAN_POINT('',(320.,63.,-14.05100021362));
#8869 = DIRECTION('',(1.,0.,0.));
#8870 = DIRECTION('',(0.,0.,1.));
#8871 = ADVANCED_FACE('',(#8872),#8930,.F.);
#8872 = FACE_BOUND('',#8873,.F.);
#8873 = EDGE_LOOP('',(#8874,#8875,#8883,#8891,#8899,#8907,#8915,#8923,
    #8929));
#8874 = ORIENTED_EDGE('',*,*,#2133,.F.);
#8875 = ORIENTED_EDGE('',*,*,#8876,.T.);
#8876 = EDGE_CURVE('',#2134,#8877,#8879,.T.);
#8877 = VERTEX_POINT('',#8878);
#8878 = CARTESIAN_POINT('',(336.42105026245,72.358115081787,-31.116));
#8879 = LINE('',#8880,#8881);
#8880 = CARTESIAN_POINT('',(336.42105026245,72.358115081787,
    -34.95071645736));
#8881 = VECTOR('',#8882,1.);
#8882 = DIRECTION('',(0.,0.,-1.));
#8883 = ORIENTED_EDGE('',*,*,#8884,.T.);
#8884 = EDGE_CURVE('',#8877,#8885,#8887,.T.);
#8885 = VERTEX_POINT('',#8886);
#8886 = CARTESIAN_POINT('',(336.42105026245,72.358115081787,-38.1));
#8887 = LINE('',#8888,#8889);
#8888 = CARTESIAN_POINT('',(336.42105026245,72.358115081787,-81.2425));
#8889 = VECTOR('',#8890,1.);
#8890 = DIRECTION('',(0.,0.,-1.));
#8891 = ORIENTED_EDGE('',*,*,#8892,.T.);
#8892 = EDGE_CURVE('',#8885,#8893,#8895,.T.);
#8893 = VERTEX_POINT('',#8894);
#8894 = CARTESIAN_POINT('',(316.42105026245,72.358115081787,-38.1));
#8895 = LINE('',#8896,#8897);
#8896 = CARTESIAN_POINT('',(167.73462762776,72.358115081787,-38.1));
#8897 = VECTOR('',#8898,1.);
#8898 = DIRECTION('',(-1.,0.,0.));
#8899 = ORIENTED_EDGE('',*,*,#8900,.T.);
#8900 = EDGE_CURVE('',#8893,#8901,#8903,.T.);
#8901 = VERTEX_POINT('',#8902);
#8902 = CARTESIAN_POINT('',(316.42105026245,72.358115081787,-24.385));
#8903 = LINE('',#8904,#8905);
#8904 = CARTESIAN_POINT('',(316.42105026245,72.358115081787,-124.385));
#8905 = VECTOR('',#8906,1.);
#8906 = DIRECTION('',(0.,0.,1.));
#8907 = ORIENTED_EDGE('',*,*,#8908,.T.);
#8908 = EDGE_CURVE('',#8901,#8909,#8911,.T.);
#8909 = VERTEX_POINT('',#8910);
#8910 = CARTESIAN_POINT('',(319.59505026245,72.358115081787,-24.385));
#8911 = LINE('',#8912,#8913);
#8912 = CARTESIAN_POINT('',(316.42105026245,72.358115081787,-24.385));
#8913 = VECTOR('',#8914,1.);
#8914 = DIRECTION('',(1.,0.,0.));
#8915 = ORIENTED_EDGE('',*,*,#8916,.T.);
#8916 = EDGE_CURVE('',#8909,#8917,#8919,.T.);
#8917 = VERTEX_POINT('',#8918);
#8918 = CARTESIAN_POINT('',(319.59505026245,72.358115081787,
    -14.05100021362));
#8919 = LINE('',#8920,#8921);
#8920 = CARTESIAN_POINT('',(319.59505026245,72.358115081787,
    -37.75071645736));
#8921 = VECTOR('',#8922,1.);
#8922 = DIRECTION('',(0.,0.,1.));
#8923 = ORIENTED_EDGE('',*,*,#8924,.F.);
#8924 = EDGE_CURVE('',#8845,#8917,#8925,.T.);
#8925 = LINE('',#8926,#8927);
#8926 = CARTESIAN_POINT('',(317.14712762776,72.358115081787,
    -14.05100021362));
#8927 = VECTOR('',#8928,1.);
#8928 = DIRECTION('',(-1.,0.,0.));
#8929 = ORIENTED_EDGE('',*,*,#8861,.T.);
#8930 = PLANE('',#8931);
#8931 = AXIS2_PLACEMENT_3D('',#8932,#8933,#8934);
#8932 = CARTESIAN_POINT('',(332.29425525551,72.358115081787,
    -47.49854283609));
#8933 = DIRECTION('',(0.,1.,0.));
#8934 = DIRECTION('',(0.,0.,1.));
#8935 = ADVANCED_FACE('',(#8936),#8955,.F.);
#8936 = FACE_BOUND('',#8937,.F.);
#8937 = EDGE_LOOP('',(#8938,#8939,#8948,#8954));
#8938 = ORIENTED_EDGE('',*,*,#8854,.F.);
#8939 = ORIENTED_EDGE('',*,*,#8940,.T.);
#8940 = EDGE_CURVE('',#8847,#8941,#8943,.T.);
#8941 = VERTEX_POINT('',#8942);
#8942 = CARTESIAN_POINT('',(316.826,101.,-14.05100021362));
#8943 = CIRCLE('',#8944,3.174);
#8944 = AXIS2_PLACEMENT_3D('',#8945,#8946,#8947);
#8945 = CARTESIAN_POINT('',(316.826,97.826,-14.05100021362));
#8946 = DIRECTION('',(-0.,0.,1.));
#8947 = DIRECTION('',(0.,-1.,0.));
#8948 = ORIENTED_EDGE('',*,*,#8949,.T.);
#8949 = EDGE_CURVE('',#8941,#2269,#8950,.T.);
#8950 = LINE('',#8951,#8952);
#8951 = CARTESIAN_POINT('',(316.826,101.,-14.05100021362));
#8952 = VECTOR('',#8953,1.);
#8953 = DIRECTION('',(0.,0.,1.));
#8954 = ORIENTED_EDGE('',*,*,#2276,.F.);
#8955 = CYLINDRICAL_SURFACE('',#8956,3.174);
#8956 = AXIS2_PLACEMENT_3D('',#8957,#8958,#8959);
#8957 = CARTESIAN_POINT('',(316.826,97.826,-14.05100021362));
#8958 = DIRECTION('',(0.,0.,1.));
#8959 = DIRECTION('',(1.,0.,0.));
#8960 = ADVANCED_FACE('',(#8961),#8979,.T.);
#8961 = FACE_BOUND('',#8962,.T.);
#8962 = EDGE_LOOP('',(#8963,#8964,#8965,#8973));
#8963 = ORIENTED_EDGE('',*,*,#2141,.F.);
#8964 = ORIENTED_EDGE('',*,*,#8876,.T.);
#8965 = ORIENTED_EDGE('',*,*,#8966,.T.);
#8966 = EDGE_CURVE('',#8877,#8967,#8969,.T.);
#8967 = VERTEX_POINT('',#8968);
#8968 = CARTESIAN_POINT('',(336.42105026245,104.18411508178,-31.116));
#8969 = LINE('',#8970,#8971);
#8970 = CARTESIAN_POINT('',(336.42105026245,45.914282684326,-31.116));
#8971 = VECTOR('',#8972,1.);
#8972 = DIRECTION('',(0.,1.,0.));
#8973 = ORIENTED_EDGE('',*,*,#8974,.T.);
#8974 = EDGE_CURVE('',#8967,#2142,#8975,.T.);
#8975 = LINE('',#8976,#8977);
#8976 = CARTESIAN_POINT('',(336.42105026245,104.18411508178,
    -32.15071645736));
#8977 = VECTOR('',#8978,1.);
#8978 = DIRECTION('',(0.,0.,1.));
#8979 = PLANE('',#8980);
#8980 = AXIS2_PLACEMENT_3D('',#8981,#8982,#8983);
#8981 = CARTESIAN_POINT('',(336.42105026245,48.914282684326,
    -32.15071645736));
#8982 = DIRECTION('',(1.,0.,0.));
#8983 = DIRECTION('',(0.,0.,1.));
#8984 = ADVANCED_FACE('',(#8985),#9003,.F.);
#8985 = FACE_BOUND('',#8986,.F.);
#8986 = EDGE_LOOP('',(#8987,#8988,#8996,#9002));
#8987 = ORIENTED_EDGE('',*,*,#8949,.F.);
#8988 = ORIENTED_EDGE('',*,*,#8989,.F.);
#8989 = EDGE_CURVE('',#8990,#8941,#8992,.T.);
#8990 = VERTEX_POINT('',#8991);
#8991 = CARTESIAN_POINT('',(305.174,101.,-14.05100021362));
#8992 = LINE('',#8993,#8994);
#8993 = CARTESIAN_POINT('',(302.,101.,-14.05100021362));
#8994 = VECTOR('',#8995,1.);
#8995 = DIRECTION('',(1.,0.,0.));
#8996 = ORIENTED_EDGE('',*,*,#8997,.T.);
#8997 = EDGE_CURVE('',#8990,#2260,#8998,.T.);
#8998 = LINE('',#8999,#9000);
#8999 = CARTESIAN_POINT('',(305.174,101.,-14.05100021362));
#9000 = VECTOR('',#9001,1.);
#9001 = DIRECTION('',(0.,0.,1.));
#9002 = ORIENTED_EDGE('',*,*,#2268,.F.);
#9003 = PLANE('',#9004);
#9004 = AXIS2_PLACEMENT_3D('',#9005,#9006,#9007);
#9005 = CARTESIAN_POINT('',(302.,101.,-14.05100021362));
#9006 = DIRECTION('',(0.,1.,0.));
#9007 = DIRECTION('',(0.,0.,1.));
#9008 = ADVANCED_FACE('',(#9009),#9028,.F.);
#9009 = FACE_BOUND('',#9010,.T.);
#9010 = EDGE_LOOP('',(#9011,#9012,#9021,#9027));
#9011 = ORIENTED_EDGE('',*,*,#8974,.F.);
#9012 = ORIENTED_EDGE('',*,*,#9013,.F.);
#9013 = EDGE_CURVE('',#9014,#8967,#9016,.T.);
#9014 = VERTEX_POINT('',#9015);
#9015 = CARTESIAN_POINT('',(339.59505026245,107.35811508178,-31.116));
#9016 = CIRCLE('',#9017,3.174);
#9017 = AXIS2_PLACEMENT_3D('',#9018,#9019,#9020);
#9018 = CARTESIAN_POINT('',(339.59505026245,104.18411508178,-31.116));
#9019 = DIRECTION('',(0.,0.,1.));
#9020 = DIRECTION('',(-1.,0.,0.));
#9021 = ORIENTED_EDGE('',*,*,#9022,.T.);
#9022 = EDGE_CURVE('',#9014,#2150,#9023,.T.);
#9023 = LINE('',#9024,#9025);
#9024 = CARTESIAN_POINT('',(339.59505026245,107.35811508178,
    -32.15071645736));
#9025 = VECTOR('',#9026,1.);
#9026 = DIRECTION('',(0.,0.,1.));
#9027 = ORIENTED_EDGE('',*,*,#2149,.T.);
#9028 = CYLINDRICAL_SURFACE('',#9029,3.174);
#9029 = AXIS2_PLACEMENT_3D('',#9030,#9031,#9032);
#9030 = CARTESIAN_POINT('',(339.59505026245,104.18411508178,
    -32.15071645736));
#9031 = DIRECTION('',(0.,0.,1.));
#9032 = DIRECTION('',(-1.,0.,0.));
#9033 = ADVANCED_FACE('',(#9034),#9053,.F.);
#9034 = FACE_BOUND('',#9035,.T.);
#9035 = EDGE_LOOP('',(#9036,#9044,#9051,#9052));
#9036 = ORIENTED_EDGE('',*,*,#9037,.F.);
#9037 = EDGE_CURVE('',#9038,#2252,#9040,.T.);
#9038 = VERTEX_POINT('',#9039);
#9039 = CARTESIAN_POINT('',(302.,97.826,-14.05100021362));
#9040 = LINE('',#9041,#9042);
#9041 = CARTESIAN_POINT('',(302.,97.826,-14.05100021362));
#9042 = VECTOR('',#9043,1.);
#9043 = DIRECTION('',(0.,0.,1.));
#9044 = ORIENTED_EDGE('',*,*,#9045,.T.);
#9045 = EDGE_CURVE('',#9038,#8990,#9046,.T.);
#9046 = CIRCLE('',#9047,3.174);
#9047 = AXIS2_PLACEMENT_3D('',#9048,#9049,#9050);
#9048 = CARTESIAN_POINT('',(305.174,97.826,-14.05100021362));
#9049 = DIRECTION('',(-0.,-0.,-1.));
#9050 = DIRECTION('',(0.,-1.,0.));
#9051 = ORIENTED_EDGE('',*,*,#8997,.T.);
#9052 = ORIENTED_EDGE('',*,*,#2259,.T.);
#9053 = CYLINDRICAL_SURFACE('',#9054,3.174);
#9054 = AXIS2_PLACEMENT_3D('',#9055,#9056,#9057);
#9055 = CARTESIAN_POINT('',(305.174,97.826,-14.05100021362));
#9056 = DIRECTION('',(0.,0.,1.));
#9057 = DIRECTION('',(-1.,0.,0.));
#9058 = ADVANCED_FACE('',(#9059),#9093,.F.);
#9059 = FACE_BOUND('',#9060,.F.);
#9060 = EDGE_LOOP('',(#9061,#9071,#9079,#9085,#9086,#9087));
#9061 = ORIENTED_EDGE('',*,*,#9062,.F.);
#9062 = EDGE_CURVE('',#9063,#9065,#9067,.T.);
#9063 = VERTEX_POINT('',#9064);
#9064 = CARTESIAN_POINT('',(350.8,107.35811508178,-32.15071645736));
#9065 = VERTEX_POINT('',#9066);
#9066 = CARTESIAN_POINT('',(375.40130040741,107.35811508178,
    -32.15071645736));
#9067 = LINE('',#9068,#9069);
#9068 = CARTESIAN_POINT('',(336.42105026245,107.35811508178,
    -32.15071645736));
#9069 = VECTOR('',#9070,1.);
#9070 = DIRECTION('',(1.,0.,0.));
#9071 = ORIENTED_EDGE('',*,*,#9072,.T.);
#9072 = EDGE_CURVE('',#9063,#9073,#9075,.T.);
#9073 = VERTEX_POINT('',#9074);
#9074 = CARTESIAN_POINT('',(350.8,107.35811508178,-31.116));
#9075 = LINE('',#9076,#9077);
#9076 = CARTESIAN_POINT('',(350.8,107.35811508178,-38.1));
#9077 = VECTOR('',#9078,1.);
#9078 = DIRECTION('',(0.,0.,1.));
#9079 = ORIENTED_EDGE('',*,*,#9080,.F.);
#9080 = EDGE_CURVE('',#9014,#9073,#9081,.T.);
#9081 = LINE('',#9082,#9083);
#9082 = CARTESIAN_POINT('',(336.42105026245,107.35811508178,-31.116));
#9083 = VECTOR('',#9084,1.);
#9084 = DIRECTION('',(1.,0.,0.));
#9085 = ORIENTED_EDGE('',*,*,#9022,.T.);
#9086 = ORIENTED_EDGE('',*,*,#2158,.F.);
#9087 = ORIENTED_EDGE('',*,*,#9088,.F.);
#9088 = EDGE_CURVE('',#9065,#2159,#9089,.T.);
#9089 = LINE('',#9090,#9091);
#9090 = CARTESIAN_POINT('',(375.40130040741,107.35811508178,
    -32.15071645736));
#9091 = VECTOR('',#9092,1.);
#9092 = DIRECTION('',(0.,0.,1.));
#9093 = PLANE('',#9094);
#9094 = AXIS2_PLACEMENT_3D('',#9095,#9096,#9097);
#9095 = CARTESIAN_POINT('',(336.42105026245,107.35811508178,
    -32.15071645736));
#9096 = DIRECTION('',(0.,1.,0.));
#9097 = DIRECTION('',(0.,0.,1.));
#9098 = ADVANCED_FACE('',(#9099),#9117,.T.);
#9099 = FACE_BOUND('',#9100,.T.);
#9100 = EDGE_LOOP('',(#9101,#9102,#9103,#9111));
#9101 = ORIENTED_EDGE('',*,*,#9037,.T.);
#9102 = ORIENTED_EDGE('',*,*,#2251,.F.);
#9103 = ORIENTED_EDGE('',*,*,#9104,.F.);
#9104 = EDGE_CURVE('',#9105,#2243,#9107,.T.);
#9105 = VERTEX_POINT('',#9106);
#9106 = CARTESIAN_POINT('',(302.,66.174,-14.05100021362));
#9107 = LINE('',#9108,#9109);
#9108 = CARTESIAN_POINT('',(302.,66.174,-14.05100021362));
#9109 = VECTOR('',#9110,1.);
#9110 = DIRECTION('',(0.,0.,1.));
#9111 = ORIENTED_EDGE('',*,*,#9112,.T.);
#9112 = EDGE_CURVE('',#9105,#9038,#9113,.T.);
#9113 = LINE('',#9114,#9115);
#9114 = CARTESIAN_POINT('',(302.,63.,-14.05100021362));
#9115 = VECTOR('',#9116,1.);
#9116 = DIRECTION('',(0.,1.,0.));
#9117 = PLANE('',#9118);
#9118 = AXIS2_PLACEMENT_3D('',#9119,#9120,#9121);
#9119 = CARTESIAN_POINT('',(302.,63.,-14.05100021362));
#9120 = DIRECTION('',(1.,0.,0.));
#9121 = DIRECTION('',(0.,0.,1.));
#9122 = ADVANCED_FACE('',(#9123),#9142,.F.);
#9123 = FACE_BOUND('',#9124,.F.);
#9124 = EDGE_LOOP('',(#9125,#9133,#9140,#9141));
#9125 = ORIENTED_EDGE('',*,*,#9126,.F.);
#9126 = EDGE_CURVE('',#9127,#2167,#9129,.T.);
#9127 = VERTEX_POINT('',#9128);
#9128 = CARTESIAN_POINT('',(378.57530040741,104.18411508178,
    -32.15071645736));
#9129 = LINE('',#9130,#9131);
#9130 = CARTESIAN_POINT('',(378.57530040741,104.18411508178,
    -32.15071645736));
#9131 = VECTOR('',#9132,1.);
#9132 = DIRECTION('',(0.,0.,1.));
#9133 = ORIENTED_EDGE('',*,*,#9134,.T.);
#9134 = EDGE_CURVE('',#9127,#9065,#9135,.T.);
#9135 = CIRCLE('',#9136,3.174);
#9136 = AXIS2_PLACEMENT_3D('',#9137,#9138,#9139);
#9137 = CARTESIAN_POINT('',(375.40130040741,104.18411508178,
    -32.15071645736));
#9138 = DIRECTION('',(-0.,0.,1.));
#9139 = DIRECTION('',(0.,-1.,0.));
#9140 = ORIENTED_EDGE('',*,*,#9088,.T.);
#9141 = ORIENTED_EDGE('',*,*,#2166,.F.);
#9142 = CYLINDRICAL_SURFACE('',#9143,3.174);
#9143 = AXIS2_PLACEMENT_3D('',#9144,#9145,#9146);
#9144 = CARTESIAN_POINT('',(375.40130040741,104.18411508178,
    -32.15071645736));
#9145 = DIRECTION('',(0.,0.,1.));
#9146 = DIRECTION('',(1.,0.,0.));
#9147 = ADVANCED_FACE('',(#9148),#9167,.F.);
#9148 = FACE_BOUND('',#9149,.F.);
#9149 = EDGE_LOOP('',(#9150,#9151,#9160,#9166));
#9150 = ORIENTED_EDGE('',*,*,#9104,.F.);
#9151 = ORIENTED_EDGE('',*,*,#9152,.T.);
#9152 = EDGE_CURVE('',#9105,#9153,#9155,.T.);
#9153 = VERTEX_POINT('',#9154);
#9154 = CARTESIAN_POINT('',(305.174,63.,-14.05100021362));
#9155 = CIRCLE('',#9156,3.174);
#9156 = AXIS2_PLACEMENT_3D('',#9157,#9158,#9159);
#9157 = CARTESIAN_POINT('',(305.174,66.174,-14.05100021362));
#9158 = DIRECTION('',(-0.,0.,1.));
#9159 = DIRECTION('',(0.,-1.,0.));
#9160 = ORIENTED_EDGE('',*,*,#9161,.T.);
#9161 = EDGE_CURVE('',#9153,#2235,#9162,.T.);
#9162 = LINE('',#9163,#9164);
#9163 = CARTESIAN_POINT('',(305.174,63.,-14.05100021362));
#9164 = VECTOR('',#9165,1.);
#9165 = DIRECTION('',(0.,0.,1.));
#9166 = ORIENTED_EDGE('',*,*,#2242,.F.);
#9167 = CYLINDRICAL_SURFACE('',#9168,3.174);
#9168 = AXIS2_PLACEMENT_3D('',#9169,#9170,#9171);
#9169 = CARTESIAN_POINT('',(305.174,66.174,-14.05100021362));
#9170 = DIRECTION('',(0.,0.,1.));
#9171 = DIRECTION('',(-1.,0.,0.));
#9172 = ADVANCED_FACE('',(#9173),#9191,.F.);
#9173 = FACE_BOUND('',#9174,.F.);
#9174 = EDGE_LOOP('',(#9175,#9183,#9184,#9185));
#9175 = ORIENTED_EDGE('',*,*,#9176,.T.);
#9176 = EDGE_CURVE('',#9177,#9127,#9179,.T.);
#9177 = VERTEX_POINT('',#9178);
#9178 = CARTESIAN_POINT('',(378.57530040741,52.088282684326,
    -32.15071645736));
#9179 = LINE('',#9180,#9181);
#9180 = CARTESIAN_POINT('',(378.57530040741,48.914282684326,
    -32.15071645736));
#9181 = VECTOR('',#9182,1.);
#9182 = DIRECTION('',(0.,1.,0.));
#9183 = ORIENTED_EDGE('',*,*,#9126,.T.);
#9184 = ORIENTED_EDGE('',*,*,#2175,.F.);
#9185 = ORIENTED_EDGE('',*,*,#9186,.F.);
#9186 = EDGE_CURVE('',#9177,#2176,#9187,.T.);
#9187 = LINE('',#9188,#9189);
#9188 = CARTESIAN_POINT('',(378.57530040741,52.088282684326,
    -32.15071645736));
#9189 = VECTOR('',#9190,1.);
#9190 = DIRECTION('',(0.,0.,1.));
#9191 = PLANE('',#9192);
#9192 = AXIS2_PLACEMENT_3D('',#9193,#9194,#9195);
#9193 = CARTESIAN_POINT('',(378.57530040741,48.914282684326,
    -32.15071645736));
#9194 = DIRECTION('',(1.,0.,0.));
#9195 = DIRECTION('',(0.,0.,1.));
#9196 = ADVANCED_FACE('',(#9197),#9215,.T.);
#9197 = FACE_BOUND('',#9198,.T.);
#9198 = EDGE_LOOP('',(#9199,#9207,#9213,#9214));
#9199 = ORIENTED_EDGE('',*,*,#9200,.F.);
#9200 = EDGE_CURVE('',#9201,#2227,#9203,.T.);
#9201 = VERTEX_POINT('',#9202);
#9202 = CARTESIAN_POINT('',(316.42105026245,63.,-14.05100021362));
#9203 = LINE('',#9204,#9205);
#9204 = CARTESIAN_POINT('',(316.42105026245,63.,-31.9050958315));
#9205 = VECTOR('',#9206,1.);
#9206 = DIRECTION('',(0.,0.,1.));
#9207 = ORIENTED_EDGE('',*,*,#9208,.F.);
#9208 = EDGE_CURVE('',#9153,#9201,#9209,.T.);
#9209 = LINE('',#9210,#9211);
#9210 = CARTESIAN_POINT('',(302.,63.,-14.05100021362));
#9211 = VECTOR('',#9212,1.);
#9212 = DIRECTION('',(1.,0.,0.));
#9213 = ORIENTED_EDGE('',*,*,#9161,.T.);
#9214 = ORIENTED_EDGE('',*,*,#2234,.F.);
#9215 = PLANE('',#9216);
#9216 = AXIS2_PLACEMENT_3D('',#9217,#9218,#9219);
#9217 = CARTESIAN_POINT('',(302.,63.,-14.05100021362));
#9218 = DIRECTION('',(0.,1.,0.));
#9219 = DIRECTION('',(0.,0.,1.));
#9220 = ADVANCED_FACE('',(#9221),#9240,.F.);
#9221 = FACE_BOUND('',#9222,.F.);
#9222 = EDGE_LOOP('',(#9223,#9231,#9238,#9239));
#9223 = ORIENTED_EDGE('',*,*,#9224,.F.);
#9224 = EDGE_CURVE('',#9225,#2184,#9227,.T.);
#9225 = VERTEX_POINT('',#9226);
#9226 = CARTESIAN_POINT('',(375.40130040741,48.914282684326,
    -32.15071645736));
#9227 = LINE('',#9228,#9229);
#9228 = CARTESIAN_POINT('',(375.40130040741,48.914282684326,
    -32.15071645736));
#9229 = VECTOR('',#9230,1.);
#9230 = DIRECTION('',(0.,0.,1.));
#9231 = ORIENTED_EDGE('',*,*,#9232,.T.);
#9232 = EDGE_CURVE('',#9225,#9177,#9233,.T.);
#9233 = CIRCLE('',#9234,3.174);
#9234 = AXIS2_PLACEMENT_3D('',#9235,#9236,#9237);
#9235 = CARTESIAN_POINT('',(375.40130040741,52.088282684326,
    -32.15071645736));
#9236 = DIRECTION('',(-0.,0.,1.));
#9237 = DIRECTION('',(0.,-1.,0.));
#9238 = ORIENTED_EDGE('',*,*,#9186,.T.);
#9239 = ORIENTED_EDGE('',*,*,#2183,.F.);
#9240 = CYLINDRICAL_SURFACE('',#9241,3.174);
#9241 = AXIS2_PLACEMENT_3D('',#9242,#9243,#9244);
#9242 = CARTESIAN_POINT('',(375.40130040741,52.088282684326,
    -32.15071645736));
#9243 = DIRECTION('',(0.,0.,1.));
#9244 = DIRECTION('',(0.,-1.,0.));
#9245 = ADVANCED_FACE('',(#9246),#9303,.F.);
#9246 = FACE_BOUND('',#9247,.F.);
#9247 = EDGE_LOOP('',(#9248,#9258,#9264,#9265,#9273,#9281,#9289,#9295,
    #9296,#9297));
#9248 = ORIENTED_EDGE('',*,*,#9249,.F.);
#9249 = EDGE_CURVE('',#9250,#9252,#9254,.T.);
#9250 = VERTEX_POINT('',#9251);
#9251 = CARTESIAN_POINT('',(316.42105026245,69.184115081787,-24.385));
#9252 = VERTEX_POINT('',#9253);
#9253 = CARTESIAN_POINT('',(316.42105026245,69.184115081787,
    -14.05100021362));
#9254 = LINE('',#9255,#9256);
#9255 = CARTESIAN_POINT('',(316.42105026245,69.184115081787,
    -37.75071645736));
#9256 = VECTOR('',#9257,1.);
#9257 = DIRECTION('',(0.,0.,1.));
#9258 = ORIENTED_EDGE('',*,*,#9259,.T.);
#9259 = EDGE_CURVE('',#9250,#8901,#9260,.T.);
#9260 = LINE('',#9261,#9262);
#9261 = CARTESIAN_POINT('',(316.42105026245,45.914282684326,-24.385));
#9262 = VECTOR('',#9263,1.);
#9263 = DIRECTION('',(0.,1.,0.));
#9264 = ORIENTED_EDGE('',*,*,#8900,.F.);
#9265 = ORIENTED_EDGE('',*,*,#9266,.T.);
#9266 = EDGE_CURVE('',#8893,#9267,#9269,.T.);
#9267 = VERTEX_POINT('',#9268);
#9268 = CARTESIAN_POINT('',(316.42105026245,45.914282684326,-38.1));
#9269 = LINE('',#9270,#9271);
#9270 = CARTESIAN_POINT('',(316.42105026245,24.805599441528,-38.1));
#9271 = VECTOR('',#9272,1.);
#9272 = DIRECTION('',(0.,-1.,0.));
#9273 = ORIENTED_EDGE('',*,*,#9274,.T.);
#9274 = EDGE_CURVE('',#9267,#9275,#9277,.T.);
#9275 = VERTEX_POINT('',#9276);
#9276 = CARTESIAN_POINT('',(316.42105026245,45.914282684326,-24.385));
#9277 = LINE('',#9278,#9279);
#9278 = CARTESIAN_POINT('',(316.42105026245,45.914282684326,-124.385));
#9279 = VECTOR('',#9280,1.);
#9280 = DIRECTION('',(0.,0.,1.));
#9281 = ORIENTED_EDGE('',*,*,#9282,.T.);
#9282 = EDGE_CURVE('',#9275,#9283,#9285,.T.);
#9283 = VERTEX_POINT('',#9284);
#9284 = CARTESIAN_POINT('',(316.42105026245,49.088282684326,-24.385));
#9285 = LINE('',#9286,#9287);
#9286 = CARTESIAN_POINT('',(316.42105026245,45.914282684326,-24.385));
#9287 = VECTOR('',#9288,1.);
#9288 = DIRECTION('',(0.,1.,0.));
#9289 = ORIENTED_EDGE('',*,*,#9290,.T.);
#9290 = EDGE_CURVE('',#9283,#2218,#9291,.T.);
#9291 = LINE('',#9292,#9293);
#9292 = CARTESIAN_POINT('',(316.42105026245,49.088282684326,
    -37.75071645736));
#9293 = VECTOR('',#9294,1.);
#9294 = DIRECTION('',(0.,0.,1.));
#9295 = ORIENTED_EDGE('',*,*,#2226,.F.);
#9296 = ORIENTED_EDGE('',*,*,#9200,.F.);
#9297 = ORIENTED_EDGE('',*,*,#9298,.F.);
#9298 = EDGE_CURVE('',#9252,#9201,#9299,.T.);
#9299 = LINE('',#9300,#9301);
#9300 = CARTESIAN_POINT('',(316.42105026245,61.068099441528,
    -14.05100021362));
#9301 = VECTOR('',#9302,1.);
#9302 = DIRECTION('',(0.,-1.,0.));
#9303 = PLANE('',#9304);
#9304 = AXIS2_PLACEMENT_3D('',#9305,#9306,#9307);
#9305 = CARTESIAN_POINT('',(316.42105026245,59.136198883057,
    -49.75919144937));
#9306 = DIRECTION('',(-1.,-0.,-0.));
#9307 = DIRECTION('',(0.,0.,-1.));
#9308 = ADVANCED_FACE('',(#9309),#9359,.T.);
#9309 = FACE_BOUND('',#9310,.T.);
#9310 = EDGE_LOOP('',(#9311,#9319,#9327,#9335,#9343,#9351,#9357,#9358));
#9311 = ORIENTED_EDGE('',*,*,#9312,.F.);
#9312 = EDGE_CURVE('',#9313,#9225,#9315,.T.);
#9313 = VERTEX_POINT('',#9314);
#9314 = CARTESIAN_POINT('',(350.8,48.914282684326,-32.15071645736));
#9315 = LINE('',#9316,#9317);
#9316 = CARTESIAN_POINT('',(336.42105026245,48.914282684326,
    -32.15071645736));
#9317 = VECTOR('',#9318,1.);
#9318 = DIRECTION('',(1.,0.,0.));
#9319 = ORIENTED_EDGE('',*,*,#9320,.F.);
#9320 = EDGE_CURVE('',#9321,#9313,#9323,.T.);
#9321 = VERTEX_POINT('',#9322);
#9322 = CARTESIAN_POINT('',(350.8,48.914282684326,-31.116));
#9323 = LINE('',#9324,#9325);
#9324 = CARTESIAN_POINT('',(350.8,48.914282684326,-35.12535822868));
#9325 = VECTOR('',#9326,1.);
#9326 = DIRECTION('',(0.,0.,-1.));
#9327 = ORIENTED_EDGE('',*,*,#9328,.F.);
#9328 = EDGE_CURVE('',#9329,#9321,#9331,.T.);
#9329 = VERTEX_POINT('',#9330);
#9330 = CARTESIAN_POINT('',(350.77530040741,48.914282684326,-31.116));
#9331 = LINE('',#9332,#9333);
#9332 = CARTESIAN_POINT('',(336.42105026245,48.914282684326,-31.116));
#9333 = VECTOR('',#9334,1.);
#9334 = DIRECTION('',(1.,0.,0.));
#9335 = ORIENTED_EDGE('',*,*,#9336,.T.);
#9336 = EDGE_CURVE('',#9329,#9337,#9339,.T.);
#9337 = VERTEX_POINT('',#9338);
#9338 = CARTESIAN_POINT('',(350.77530040741,48.914282684326,-24.385));
#9339 = LINE('',#9340,#9341);
#9340 = CARTESIAN_POINT('',(350.77530040741,48.914282684326,
    -78.26785822868));
#9341 = VECTOR('',#9342,1.);
#9342 = DIRECTION('',(0.,0.,1.));
#9343 = ORIENTED_EDGE('',*,*,#9344,.T.);
#9344 = EDGE_CURVE('',#9337,#9345,#9347,.T.);
#9345 = VERTEX_POINT('',#9346);
#9346 = CARTESIAN_POINT('',(350.7705274425,48.914282684326,-24.385));
#9347 = LINE('',#9348,#9349);
#9348 = CARTESIAN_POINT('',(326.42105026245,48.914282684326,-24.385));
#9349 = VECTOR('',#9350,1.);
#9350 = DIRECTION('',(-1.,0.,0.));
#9351 = ORIENTED_EDGE('',*,*,#9352,.T.);
#9352 = EDGE_CURVE('',#9345,#2193,#9353,.T.);
#9353 = LINE('',#9354,#9355);
#9354 = CARTESIAN_POINT('',(350.7705274425,48.914282684326,
    -37.75071645736));
#9355 = VECTOR('',#9356,1.);
#9356 = DIRECTION('',(0.,0.,1.));
#9357 = ORIENTED_EDGE('',*,*,#2192,.F.);
#9358 = ORIENTED_EDGE('',*,*,#9224,.F.);
#9359 = PLANE('',#9360);
#9360 = AXIS2_PLACEMENT_3D('',#9361,#9362,#9363);
#9361 = CARTESIAN_POINT('',(336.42105026245,48.914282684326,
    -32.15071645736));
#9362 = DIRECTION('',(0.,1.,0.));
#9363 = DIRECTION('',(0.,0.,1.));
#9364 = ADVANCED_FACE('',(#9365),#9384,.F.);
#9365 = FACE_BOUND('',#9366,.F.);
#9366 = EDGE_LOOP('',(#9367,#9368,#9377,#9383));
#9367 = ORIENTED_EDGE('',*,*,#9290,.F.);
#9368 = ORIENTED_EDGE('',*,*,#9369,.T.);
#9369 = EDGE_CURVE('',#9283,#9370,#9372,.T.);
#9370 = VERTEX_POINT('',#9371);
#9371 = CARTESIAN_POINT('',(319.59505026245,45.914282684326,-24.385));
#9372 = CIRCLE('',#9373,3.174);
#9373 = AXIS2_PLACEMENT_3D('',#9374,#9375,#9376);
#9374 = CARTESIAN_POINT('',(319.59505026245,49.088282684326,-24.385));
#9375 = DIRECTION('',(0.,0.,1.));
#9376 = DIRECTION('',(-1.,0.,0.));
#9377 = ORIENTED_EDGE('',*,*,#9378,.T.);
#9378 = EDGE_CURVE('',#9370,#2210,#9379,.T.);
#9379 = LINE('',#9380,#9381);
#9380 = CARTESIAN_POINT('',(319.59505026245,45.914282684326,
    -37.75071645736));
#9381 = VECTOR('',#9382,1.);
#9382 = DIRECTION('',(0.,0.,1.));
#9383 = ORIENTED_EDGE('',*,*,#2217,.F.);
#9384 = CYLINDRICAL_SURFACE('',#9385,3.174);
#9385 = AXIS2_PLACEMENT_3D('',#9386,#9387,#9388);
#9386 = CARTESIAN_POINT('',(319.59505026245,49.088282684326,
    -37.75071645736));
#9387 = DIRECTION('',(0.,0.,1.));
#9388 = DIRECTION('',(-1.,0.,0.));
#9389 = ADVANCED_FACE('',(#9390),#9409,.F.);
#9390 = FACE_BOUND('',#9391,.F.);
#9391 = EDGE_LOOP('',(#9392,#9400,#9407,#9408));
#9392 = ORIENTED_EDGE('',*,*,#9393,.F.);
#9393 = EDGE_CURVE('',#9394,#2201,#9396,.T.);
#9394 = VERTEX_POINT('',#9395);
#9395 = CARTESIAN_POINT('',(347.60130040741,45.914282684326,-24.385));
#9396 = LINE('',#9397,#9398);
#9397 = CARTESIAN_POINT('',(347.60130040741,45.914282684326,
    -37.75071645736));
#9398 = VECTOR('',#9399,1.);
#9399 = DIRECTION('',(0.,0.,1.));
#9400 = ORIENTED_EDGE('',*,*,#9401,.T.);
#9401 = EDGE_CURVE('',#9394,#9345,#9402,.T.);
#9402 = CIRCLE('',#9403,3.174);
#9403 = AXIS2_PLACEMENT_3D('',#9404,#9405,#9406);
#9404 = CARTESIAN_POINT('',(347.60130040741,49.088282684326,-24.385));
#9405 = DIRECTION('',(-0.,0.,1.));
#9406 = DIRECTION('',(0.,-1.,0.));
#9407 = ORIENTED_EDGE('',*,*,#9352,.T.);
#9408 = ORIENTED_EDGE('',*,*,#2200,.F.);
#9409 = CYLINDRICAL_SURFACE('',#9410,3.174);
#9410 = AXIS2_PLACEMENT_3D('',#9411,#9412,#9413);
#9411 = CARTESIAN_POINT('',(347.60130040741,49.088282684326,
    -37.75071645736));
#9412 = DIRECTION('',(0.,0.,1.));
#9413 = DIRECTION('',(0.,-1.,0.));
#9414 = ADVANCED_FACE('',(#9415),#9465,.F.);
#9415 = FACE_BOUND('',#9416,.F.);
#9416 = EDGE_LOOP('',(#9417,#9425,#9426,#9427,#9428,#9434,#9435,#9443,
    #9451,#9459));
#9417 = ORIENTED_EDGE('',*,*,#9418,.F.);
#9418 = EDGE_CURVE('',#9394,#9419,#9421,.T.);
#9419 = VERTEX_POINT('',#9420);
#9420 = CARTESIAN_POINT('',(350.77530040741,45.914282684326,-24.385));
#9421 = LINE('',#9422,#9423);
#9422 = CARTESIAN_POINT('',(316.42105026245,45.914282684326,-24.385));
#9423 = VECTOR('',#9424,1.);
#9424 = DIRECTION('',(1.,0.,0.));
#9425 = ORIENTED_EDGE('',*,*,#9393,.T.);
#9426 = ORIENTED_EDGE('',*,*,#2209,.F.);
#9427 = ORIENTED_EDGE('',*,*,#9378,.F.);
#9428 = ORIENTED_EDGE('',*,*,#9429,.F.);
#9429 = EDGE_CURVE('',#9275,#9370,#9430,.T.);
#9430 = LINE('',#9431,#9432);
#9431 = CARTESIAN_POINT('',(316.42105026245,45.914282684326,-24.385));
#9432 = VECTOR('',#9433,1.);
#9433 = DIRECTION('',(1.,0.,0.));
#9434 = ORIENTED_EDGE('',*,*,#9274,.F.);
#9435 = ORIENTED_EDGE('',*,*,#9436,.T.);
#9436 = EDGE_CURVE('',#9267,#9437,#9439,.T.);
#9437 = VERTEX_POINT('',#9438);
#9438 = CARTESIAN_POINT('',(336.42105026245,45.914282684326,-38.1));
#9439 = LINE('',#9440,#9441);
#9440 = CARTESIAN_POINT('',(168.6203807539,45.914282684326,-38.1));
#9441 = VECTOR('',#9442,1.);
#9442 = DIRECTION('',(1.,0.,0.));
#9443 = ORIENTED_EDGE('',*,*,#9444,.T.);
#9444 = EDGE_CURVE('',#9437,#9445,#9447,.T.);
#9445 = VERTEX_POINT('',#9446);
#9446 = CARTESIAN_POINT('',(336.42105026245,45.914282684326,-31.116));
#9447 = LINE('',#9448,#9449);
#9448 = CARTESIAN_POINT('',(336.42105026245,45.914282684326,-38.1));
#9449 = VECTOR('',#9450,1.);
#9450 = DIRECTION('',(0.,0.,1.));
#9451 = ORIENTED_EDGE('',*,*,#9452,.T.);
#9452 = EDGE_CURVE('',#9445,#9453,#9455,.T.);
#9453 = VERTEX_POINT('',#9454);
#9454 = CARTESIAN_POINT('',(350.77530040741,45.914282684326,-31.116));
#9455 = LINE('',#9456,#9457);
#9456 = CARTESIAN_POINT('',(336.42105026245,45.914282684326,-31.116));
#9457 = VECTOR('',#9458,1.);
#9458 = DIRECTION('',(1.,0.,0.));
#9459 = ORIENTED_EDGE('',*,*,#9460,.T.);
#9460 = EDGE_CURVE('',#9453,#9419,#9461,.T.);
#9461 = LINE('',#9462,#9463);
#9462 = CARTESIAN_POINT('',(350.77530040741,45.914282684326,-124.385));
#9463 = VECTOR('',#9464,1.);
#9464 = DIRECTION('',(0.,0.,1.));
#9465 = PLANE('',#9466);
#9466 = AXIS2_PLACEMENT_3D('',#9467,#9468,#9469);
#9467 = CARTESIAN_POINT('',(334.0657615078,45.914282684326,
    -48.63445053948));
#9468 = DIRECTION('',(-0.,-1.,-0.));
#9469 = DIRECTION('',(0.,0.,-1.));
#9470 = ADVANCED_FACE('',(#9471,#9489,#9500),#9511,.T.);
#9471 = FACE_BOUND('',#9472,.T.);
#9472 = EDGE_LOOP('',(#9473,#9474,#9475,#9476,#9477,#9478,#9479,#9480,
    #9481,#9482));
#9473 = ORIENTED_EDGE('',*,*,#8924,.F.);
#9474 = ORIENTED_EDGE('',*,*,#8844,.T.);
#9475 = ORIENTED_EDGE('',*,*,#8940,.T.);
#9476 = ORIENTED_EDGE('',*,*,#8989,.F.);
#9477 = ORIENTED_EDGE('',*,*,#9045,.F.);
#9478 = ORIENTED_EDGE('',*,*,#9112,.F.);
#9479 = ORIENTED_EDGE('',*,*,#9152,.T.);
#9480 = ORIENTED_EDGE('',*,*,#9208,.T.);
#9481 = ORIENTED_EDGE('',*,*,#9298,.F.);
#9482 = ORIENTED_EDGE('',*,*,#9483,.F.);
#9483 = EDGE_CURVE('',#8917,#9252,#9484,.T.);
#9484 = CIRCLE('',#9485,3.174);
#9485 = AXIS2_PLACEMENT_3D('',#9486,#9487,#9488);
#9486 = CARTESIAN_POINT('',(319.59505026245,69.184115081787,
    -14.05100021362));
#9487 = DIRECTION('',(0.,0.,1.));
#9488 = DIRECTION('',(-1.,0.,0.));
#9489 = FACE_BOUND('',#9490,.T.);
#9490 = EDGE_LOOP('',(#9491));
#9491 = ORIENTED_EDGE('',*,*,#9492,.T.);
#9492 = EDGE_CURVE('',#9493,#9493,#9495,.T.);
#9493 = VERTEX_POINT('',#9494);
#9494 = CARTESIAN_POINT('',(309.2728,70.7,-14.05100021362));
#9495 = CIRCLE('',#9496,1.7272);
#9496 = AXIS2_PLACEMENT_3D('',#9497,#9498,#9499);
#9497 = CARTESIAN_POINT('',(311.,70.7,-14.05100021362));
#9498 = DIRECTION('',(0.,0.,-1.));
#9499 = DIRECTION('',(-1.,0.,0.));
#9500 = FACE_BOUND('',#9501,.T.);
#9501 = EDGE_LOOP('',(#9502));
#9502 = ORIENTED_EDGE('',*,*,#9503,.T.);
#9503 = EDGE_CURVE('',#9504,#9504,#9506,.T.);
#9504 = VERTEX_POINT('',#9505);
#9505 = CARTESIAN_POINT('',(309.2728,93.3,-14.05100021362));
#9506 = CIRCLE('',#9507,1.7272);
#9507 = AXIS2_PLACEMENT_3D('',#9508,#9509,#9510);
#9508 = CARTESIAN_POINT('',(311.,93.3,-14.05100021362));
#9509 = DIRECTION('',(0.,0.,-1.));
#9510 = DIRECTION('',(-1.,0.,0.));
#9511 = PLANE('',#9512);
#9512 = AXIS2_PLACEMENT_3D('',#9513,#9514,#9515);
#9513 = CARTESIAN_POINT('',(302.,63.,-14.05100021362));
#9514 = DIRECTION('',(0.,0.,1.));
#9515 = DIRECTION('',(1.,0.,0.));
#9516 = ADVANCED_FACE('',(#9517),#9536,.F.);
#9517 = FACE_BOUND('',#9518,.F.);
#9518 = EDGE_LOOP('',(#9519,#9520,#9528,#9535));
#9519 = ORIENTED_EDGE('',*,*,#9492,.T.);
#9520 = ORIENTED_EDGE('',*,*,#9521,.T.);
#9521 = EDGE_CURVE('',#9493,#9522,#9524,.T.);
#9522 = VERTEX_POINT('',#9523);
#9523 = CARTESIAN_POINT('',(309.2728,70.7,-38.1));
#9524 = LINE('',#9525,#9526);
#9525 = CARTESIAN_POINT('',(309.2728,70.7,-6.35));
#9526 = VECTOR('',#9527,1.);
#9527 = DIRECTION('',(0.,0.,-1.));
#9528 = ORIENTED_EDGE('',*,*,#9529,.F.);
#9529 = EDGE_CURVE('',#9522,#9522,#9530,.T.);
#9530 = CIRCLE('',#9531,1.7272);
#9531 = AXIS2_PLACEMENT_3D('',#9532,#9533,#9534);
#9532 = CARTESIAN_POINT('',(311.,70.7,-38.1));
#9533 = DIRECTION('',(0.,0.,-1.));
#9534 = DIRECTION('',(-1.,0.,0.));
#9535 = ORIENTED_EDGE('',*,*,#9521,.F.);
#9536 = CYLINDRICAL_SURFACE('',#9537,1.7272);
#9537 = AXIS2_PLACEMENT_3D('',#9538,#9539,#9540);
#9538 = CARTESIAN_POINT('',(311.,70.7,-6.35));
#9539 = DIRECTION('',(0.,0.,-1.));
#9540 = DIRECTION('',(-1.,0.,0.));
#9541 = ADVANCED_FACE('',(#9542),#9561,.F.);
#9542 = FACE_BOUND('',#9543,.F.);
#9543 = EDGE_LOOP('',(#9544,#9545,#9553,#9560));
#9544 = ORIENTED_EDGE('',*,*,#9503,.T.);
#9545 = ORIENTED_EDGE('',*,*,#9546,.T.);
#9546 = EDGE_CURVE('',#9504,#9547,#9549,.T.);
#9547 = VERTEX_POINT('',#9548);
#9548 = CARTESIAN_POINT('',(309.2728,93.3,-38.1));
#9549 = LINE('',#9550,#9551);
#9550 = CARTESIAN_POINT('',(309.2728,93.3,-6.35));
#9551 = VECTOR('',#9552,1.);
#9552 = DIRECTION('',(0.,0.,-1.));
#9553 = ORIENTED_EDGE('',*,*,#9554,.F.);
#9554 = EDGE_CURVE('',#9547,#9547,#9555,.T.);
#9555 = CIRCLE('',#9556,1.7272);
#9556 = AXIS2_PLACEMENT_3D('',#9557,#9558,#9559);
#9557 = CARTESIAN_POINT('',(311.,93.3,-38.1));
#9558 = DIRECTION('',(0.,0.,-1.));
#9559 = DIRECTION('',(-1.,0.,0.));
#9560 = ORIENTED_EDGE('',*,*,#9546,.F.);
#9561 = CYLINDRICAL_SURFACE('',#9562,1.7272);
#9562 = AXIS2_PLACEMENT_3D('',#9563,#9564,#9565);
#9563 = CARTESIAN_POINT('',(311.,93.3,-6.35));
#9564 = DIRECTION('',(0.,0.,-1.));
#9565 = DIRECTION('',(-1.,0.,0.));
#9566 = ADVANCED_FACE('',(#9567),#9579,.F.);
#9567 = FACE_BOUND('',#9568,.T.);
#9568 = EDGE_LOOP('',(#9569,#9570,#9577,#9578));
#9569 = ORIENTED_EDGE('',*,*,#9249,.F.);
#9570 = ORIENTED_EDGE('',*,*,#9571,.F.);
#9571 = EDGE_CURVE('',#8909,#9250,#9572,.T.);
#9572 = CIRCLE('',#9573,3.174);
#9573 = AXIS2_PLACEMENT_3D('',#9574,#9575,#9576);
#9574 = CARTESIAN_POINT('',(319.59505026245,69.184115081787,-24.385));
#9575 = DIRECTION('',(0.,0.,1.));
#9576 = DIRECTION('',(-1.,0.,0.));
#9577 = ORIENTED_EDGE('',*,*,#8916,.T.);
#9578 = ORIENTED_EDGE('',*,*,#9483,.T.);
#9579 = CYLINDRICAL_SURFACE('',#9580,3.174);
#9580 = AXIS2_PLACEMENT_3D('',#9581,#9582,#9583);
#9581 = CARTESIAN_POINT('',(319.59505026245,69.184115081787,
    -37.75071645736));
#9582 = DIRECTION('',(0.,0.,1.));
#9583 = DIRECTION('',(-1.,0.,0.));
#9584 = ADVANCED_FACE('',(#9585),#9590,.F.);
#9585 = FACE_BOUND('',#9586,.F.);
#9586 = EDGE_LOOP('',(#9587,#9588,#9589));
#9587 = ORIENTED_EDGE('',*,*,#9259,.F.);
#9588 = ORIENTED_EDGE('',*,*,#9571,.F.);
#9589 = ORIENTED_EDGE('',*,*,#8908,.F.);
#9590 = PLANE('',#9591);
#9591 = AXIS2_PLACEMENT_3D('',#9592,#9593,#9594);
#9592 = CARTESIAN_POINT('',(316.42105026245,45.914282684326,-24.385));
#9593 = DIRECTION('',(0.,0.,1.));
#9594 = DIRECTION('',(1.,0.,0.));
#9595 = ADVANCED_FACE('',(#9596),#9612,.F.);
#9596 = FACE_BOUND('',#9597,.F.);
#9597 = EDGE_LOOP('',(#9598,#9599,#9605,#9606));
#9598 = ORIENTED_EDGE('',*,*,#9444,.F.);
#9599 = ORIENTED_EDGE('',*,*,#9600,.T.);
#9600 = EDGE_CURVE('',#9437,#8885,#9601,.T.);
#9601 = LINE('',#9602,#9603);
#9602 = CARTESIAN_POINT('',(336.42105026245,45.914282684326,-38.1));
#9603 = VECTOR('',#9604,1.);
#9604 = DIRECTION('',(0.,1.,0.));
#9605 = ORIENTED_EDGE('',*,*,#8884,.F.);
#9606 = ORIENTED_EDGE('',*,*,#9607,.F.);
#9607 = EDGE_CURVE('',#9445,#8877,#9608,.T.);
#9608 = LINE('',#9609,#9610);
#9609 = CARTESIAN_POINT('',(336.42105026245,45.914282684326,-31.116));
#9610 = VECTOR('',#9611,1.);
#9611 = DIRECTION('',(0.,1.,0.));
#9612 = PLANE('',#9613);
#9613 = AXIS2_PLACEMENT_3D('',#9614,#9615,#9616);
#9614 = CARTESIAN_POINT('',(336.42105026245,45.914282684326,-38.1));
#9615 = DIRECTION('',(1.,0.,0.));
#9616 = DIRECTION('',(0.,0.,1.));
#9617 = ADVANCED_FACE('',(#9618,#9638,#9672),#9683,.T.);
#9618 = FACE_BOUND('',#9619,.T.);
#9619 = EDGE_LOOP('',(#9620,#9621,#9622,#9628,#9629,#9635,#9636,#9637));
#9620 = ORIENTED_EDGE('',*,*,#9607,.F.);
#9621 = ORIENTED_EDGE('',*,*,#9452,.T.);
#9622 = ORIENTED_EDGE('',*,*,#9623,.F.);
#9623 = EDGE_CURVE('',#9329,#9453,#9624,.T.);
#9624 = LINE('',#9625,#9626);
#9625 = CARTESIAN_POINT('',(350.77530040741,45.914282684326,-31.116));
#9626 = VECTOR('',#9627,1.);
#9627 = DIRECTION('',(0.,-1.,0.));
#9628 = ORIENTED_EDGE('',*,*,#9328,.T.);
#9629 = ORIENTED_EDGE('',*,*,#9630,.T.);
#9630 = EDGE_CURVE('',#9321,#9073,#9631,.T.);
#9631 = LINE('',#9632,#9633);
#9632 = CARTESIAN_POINT('',(350.8,45.914282684326,-31.116));
#9633 = VECTOR('',#9634,1.);
#9634 = DIRECTION('',(0.,1.,0.));
#9635 = ORIENTED_EDGE('',*,*,#9080,.F.);
#9636 = ORIENTED_EDGE('',*,*,#9013,.T.);
#9637 = ORIENTED_EDGE('',*,*,#8966,.F.);
#9638 = FACE_BOUND('',#9639,.T.);
#9639 = EDGE_LOOP('',(#9640,#9650,#9658,#9666));
#9640 = ORIENTED_EDGE('',*,*,#9641,.F.);
#9641 = EDGE_CURVE('',#9642,#9644,#9646,.T.);
#9642 = VERTEX_POINT('',#9643);
#9643 = CARTESIAN_POINT('',(338.45,63.38,-31.116));
#9644 = VERTEX_POINT('',#9645);
#9645 = CARTESIAN_POINT('',(340.45,63.38,-31.116));
#9646 = LINE('',#9647,#9648);
#9647 = CARTESIAN_POINT('',(338.45,63.38,-31.116));
#9648 = VECTOR('',#9649,1.);
#9649 = DIRECTION('',(1.,0.,0.));
#9650 = ORIENTED_EDGE('',*,*,#9651,.T.);
#9651 = EDGE_CURVE('',#9642,#9652,#9654,.T.);
#9652 = VERTEX_POINT('',#9653);
#9653 = CARTESIAN_POINT('',(338.45,93.38,-31.116));
#9654 = LINE('',#9655,#9656);
#9655 = CARTESIAN_POINT('',(338.45,63.38,-31.116));
#9656 = VECTOR('',#9657,1.);
#9657 = DIRECTION('',(0.,1.,0.));
#9658 = ORIENTED_EDGE('',*,*,#9659,.T.);
#9659 = EDGE_CURVE('',#9652,#9660,#9662,.T.);
#9660 = VERTEX_POINT('',#9661);
#9661 = CARTESIAN_POINT('',(340.45,93.38,-31.116));
#9662 = LINE('',#9663,#9664);
#9663 = CARTESIAN_POINT('',(338.45,93.38,-31.116));
#9664 = VECTOR('',#9665,1.);
#9665 = DIRECTION('',(1.,0.,0.));
#9666 = ORIENTED_EDGE('',*,*,#9667,.F.);
#9667 = EDGE_CURVE('',#9644,#9660,#9668,.T.);
#9668 = LINE('',#9669,#9670);
#9669 = CARTESIAN_POINT('',(340.45,63.38,-31.116));
#9670 = VECTOR('',#9671,1.);
#9671 = DIRECTION('',(0.,1.,0.));
#9672 = FACE_BOUND('',#9673,.T.);
#9673 = EDGE_LOOP('',(#9674));
#9674 = ORIENTED_EDGE('',*,*,#9675,.T.);
#9675 = EDGE_CURVE('',#9676,#9676,#9678,.T.);
#9676 = VERTEX_POINT('',#9677);
#9677 = CARTESIAN_POINT('',(343.8728,78.38,-31.116));
#9678 = CIRCLE('',#9679,1.7272);
#9679 = AXIS2_PLACEMENT_3D('',#9680,#9681,#9682);
#9680 = CARTESIAN_POINT('',(345.6,78.38,-31.116));
#9681 = DIRECTION('',(0.,0.,-1.));
#9682 = DIRECTION('',(-1.,0.,0.));
#9683 = PLANE('',#9684);
#9684 = AXIS2_PLACEMENT_3D('',#9685,#9686,#9687);
#9685 = CARTESIAN_POINT('',(336.42105026245,45.914282684326,-31.116));
#9686 = DIRECTION('',(0.,0.,1.));
#9687 = DIRECTION('',(1.,0.,0.));
#9688 = ADVANCED_FACE('',(#9689),#9708,.F.);
#9689 = FACE_BOUND('',#9690,.F.);
#9690 = EDGE_LOOP('',(#9691,#9692,#9700,#9707));
#9691 = ORIENTED_EDGE('',*,*,#9675,.T.);
#9692 = ORIENTED_EDGE('',*,*,#9693,.T.);
#9693 = EDGE_CURVE('',#9676,#9694,#9696,.T.);
#9694 = VERTEX_POINT('',#9695);
#9695 = CARTESIAN_POINT('',(343.8728,78.38,-38.1));
#9696 = LINE('',#9697,#9698);
#9697 = CARTESIAN_POINT('',(343.8728,78.38,-11.7));
#9698 = VECTOR('',#9699,1.);
#9699 = DIRECTION('',(0.,0.,-1.));
#9700 = ORIENTED_EDGE('',*,*,#9701,.F.);
#9701 = EDGE_CURVE('',#9694,#9694,#9702,.T.);
#9702 = CIRCLE('',#9703,1.7272);
#9703 = AXIS2_PLACEMENT_3D('',#9704,#9705,#9706);
#9704 = CARTESIAN_POINT('',(345.6,78.38,-38.1));
#9705 = DIRECTION('',(0.,0.,-1.));
#9706 = DIRECTION('',(-1.,0.,0.));
#9707 = ORIENTED_EDGE('',*,*,#9693,.F.);
#9708 = CYLINDRICAL_SURFACE('',#9709,1.7272);
#9709 = AXIS2_PLACEMENT_3D('',#9710,#9711,#9712);
#9710 = CARTESIAN_POINT('',(345.6,78.38,-11.7));
#9711 = DIRECTION('',(0.,0.,-1.));
#9712 = DIRECTION('',(-1.,0.,0.));
#9713 = ADVANCED_FACE('',(#9714),#9727,.T.);
#9714 = FACE_BOUND('',#9715,.T.);
#9715 = EDGE_LOOP('',(#9716,#9717,#9718,#9719,#9725,#9726));
#9716 = ORIENTED_EDGE('',*,*,#9176,.T.);
#9717 = ORIENTED_EDGE('',*,*,#9134,.T.);
#9718 = ORIENTED_EDGE('',*,*,#9062,.F.);
#9719 = ORIENTED_EDGE('',*,*,#9720,.F.);
#9720 = EDGE_CURVE('',#9313,#9063,#9721,.T.);
#9721 = LINE('',#9722,#9723);
#9722 = CARTESIAN_POINT('',(350.8,47.414282684326,-32.15071645736));
#9723 = VECTOR('',#9724,1.);
#9724 = DIRECTION('',(0.,1.,0.));
#9725 = ORIENTED_EDGE('',*,*,#9312,.T.);
#9726 = ORIENTED_EDGE('',*,*,#9232,.T.);
#9727 = PLANE('',#9728);
#9728 = AXIS2_PLACEMENT_3D('',#9729,#9730,#9731);
#9729 = CARTESIAN_POINT('',(336.42105026245,48.914282684326,
    -32.15071645736));
#9730 = DIRECTION('',(0.,0.,1.));
#9731 = DIRECTION('',(1.,0.,0.));
#9732 = ADVANCED_FACE('',(#9733),#9739,.T.);
#9733 = FACE_BOUND('',#9734,.T.);
#9734 = EDGE_LOOP('',(#9735,#9736,#9737,#9738));
#9735 = ORIENTED_EDGE('',*,*,#9630,.F.);
#9736 = ORIENTED_EDGE('',*,*,#9320,.T.);
#9737 = ORIENTED_EDGE('',*,*,#9720,.T.);
#9738 = ORIENTED_EDGE('',*,*,#9072,.T.);
#9739 = PLANE('',#9740);
#9740 = AXIS2_PLACEMENT_3D('',#9741,#9742,#9743);
#9741 = CARTESIAN_POINT('',(350.8,45.914282684326,-38.1));
#9742 = DIRECTION('',(1.,0.,0.));
#9743 = DIRECTION('',(0.,0.,1.));
#9744 = ADVANCED_FACE('',(#9745),#9750,.F.);
#9745 = FACE_BOUND('',#9746,.F.);
#9746 = EDGE_LOOP('',(#9747,#9748,#9749));
#9747 = ORIENTED_EDGE('',*,*,#9282,.F.);
#9748 = ORIENTED_EDGE('',*,*,#9429,.T.);
#9749 = ORIENTED_EDGE('',*,*,#9369,.F.);
#9750 = PLANE('',#9751);
#9751 = AXIS2_PLACEMENT_3D('',#9752,#9753,#9754);
#9752 = CARTESIAN_POINT('',(316.42105026245,45.914282684326,-24.385));
#9753 = DIRECTION('',(0.,0.,1.));
#9754 = DIRECTION('',(1.,0.,0.));
#9755 = ADVANCED_FACE('',(#9756),#9767,.F.);
#9756 = FACE_BOUND('',#9757,.F.);
#9757 = EDGE_LOOP('',(#9758,#9759,#9760,#9766));
#9758 = ORIENTED_EDGE('',*,*,#9401,.F.);
#9759 = ORIENTED_EDGE('',*,*,#9418,.T.);
#9760 = ORIENTED_EDGE('',*,*,#9761,.T.);
#9761 = EDGE_CURVE('',#9419,#9337,#9762,.T.);
#9762 = LINE('',#9763,#9764);
#9763 = CARTESIAN_POINT('',(350.77530040741,45.914282684326,-24.385));
#9764 = VECTOR('',#9765,1.);
#9765 = DIRECTION('',(0.,1.,0.));
#9766 = ORIENTED_EDGE('',*,*,#9344,.T.);
#9767 = PLANE('',#9768);
#9768 = AXIS2_PLACEMENT_3D('',#9769,#9770,#9771);
#9769 = CARTESIAN_POINT('',(316.42105026245,45.914282684326,-24.385));
#9770 = DIRECTION('',(0.,0.,1.));
#9771 = DIRECTION('',(1.,0.,0.));
#9772 = ADVANCED_FACE('',(#9773),#9779,.F.);
#9773 = FACE_BOUND('',#9774,.F.);
#9774 = EDGE_LOOP('',(#9775,#9776,#9777,#9778));
#9775 = ORIENTED_EDGE('',*,*,#9761,.F.);
#9776 = ORIENTED_EDGE('',*,*,#9460,.F.);
#9777 = ORIENTED_EDGE('',*,*,#9623,.F.);
#9778 = ORIENTED_EDGE('',*,*,#9336,.T.);
#9779 = PLANE('',#9780);
#9780 = AXIS2_PLACEMENT_3D('',#9781,#9782,#9783);
#9781 = CARTESIAN_POINT('',(350.77530040741,45.914282684326,-124.385));
#9782 = DIRECTION('',(1.,0.,0.));
#9783 = DIRECTION('',(0.,0.,1.));
#9784 = ADVANCED_FACE('',(#9785),#9810,.F.);
#9785 = FACE_BOUND('',#9786,.F.);
#9786 = EDGE_LOOP('',(#9787,#9788,#9796,#9804));
#9787 = ORIENTED_EDGE('',*,*,#9641,.F.);
#9788 = ORIENTED_EDGE('',*,*,#9789,.T.);
#9789 = EDGE_CURVE('',#9642,#9790,#9792,.T.);
#9790 = VERTEX_POINT('',#9791);
#9791 = CARTESIAN_POINT('',(338.45,63.38,-27.885));
#9792 = LINE('',#9793,#9794);
#9793 = CARTESIAN_POINT('',(338.45,63.38,-31.116));
#9794 = VECTOR('',#9795,1.);
#9795 = DIRECTION('',(0.,0.,1.));
#9796 = ORIENTED_EDGE('',*,*,#9797,.T.);
#9797 = EDGE_CURVE('',#9790,#9798,#9800,.T.);
#9798 = VERTEX_POINT('',#9799);
#9799 = CARTESIAN_POINT('',(340.45,63.38,-27.885));
#9800 = LINE('',#9801,#9802);
#9801 = CARTESIAN_POINT('',(338.45,63.38,-27.885));
#9802 = VECTOR('',#9803,1.);
#9803 = DIRECTION('',(1.,0.,0.));
#9804 = ORIENTED_EDGE('',*,*,#9805,.F.);
#9805 = EDGE_CURVE('',#9644,#9798,#9806,.T.);
#9806 = LINE('',#9807,#9808);
#9807 = CARTESIAN_POINT('',(340.45,63.38,-31.116));
#9808 = VECTOR('',#9809,1.);
#9809 = DIRECTION('',(0.,0.,1.));
#9810 = PLANE('',#9811);
#9811 = AXIS2_PLACEMENT_3D('',#9812,#9813,#9814);
#9812 = CARTESIAN_POINT('',(338.45,63.38,-31.116));
#9813 = DIRECTION('',(0.,1.,0.));
#9814 = DIRECTION('',(0.,0.,1.));
#9815 = ADVANCED_FACE('',(#9816),#9834,.F.);
#9816 = FACE_BOUND('',#9817,.F.);
#9817 = EDGE_LOOP('',(#9818,#9819,#9820,#9828));
#9818 = ORIENTED_EDGE('',*,*,#9789,.F.);
#9819 = ORIENTED_EDGE('',*,*,#9651,.T.);
#9820 = ORIENTED_EDGE('',*,*,#9821,.T.);
#9821 = EDGE_CURVE('',#9652,#9822,#9824,.T.);
#9822 = VERTEX_POINT('',#9823);
#9823 = CARTESIAN_POINT('',(338.45,93.38,-27.885));
#9824 = LINE('',#9825,#9826);
#9825 = CARTESIAN_POINT('',(338.45,93.38,-31.116));
#9826 = VECTOR('',#9827,1.);
#9827 = DIRECTION('',(0.,0.,1.));
#9828 = ORIENTED_EDGE('',*,*,#9829,.F.);
#9829 = EDGE_CURVE('',#9790,#9822,#9830,.T.);
#9830 = LINE('',#9831,#9832);
#9831 = CARTESIAN_POINT('',(338.45,63.38,-27.885));
#9832 = VECTOR('',#9833,1.);
#9833 = DIRECTION('',(0.,1.,0.));
#9834 = PLANE('',#9835);
#9835 = AXIS2_PLACEMENT_3D('',#9836,#9837,#9838);
#9836 = CARTESIAN_POINT('',(338.45,63.38,-31.116));
#9837 = DIRECTION('',(1.,0.,0.));
#9838 = DIRECTION('',(0.,0.,1.));
#9839 = ADVANCED_FACE('',(#9840),#9858,.T.);
#9840 = FACE_BOUND('',#9841,.T.);
#9841 = EDGE_LOOP('',(#9842,#9843,#9844,#9852));
#9842 = ORIENTED_EDGE('',*,*,#9805,.F.);
#9843 = ORIENTED_EDGE('',*,*,#9667,.T.);
#9844 = ORIENTED_EDGE('',*,*,#9845,.T.);
#9845 = EDGE_CURVE('',#9660,#9846,#9848,.T.);
#9846 = VERTEX_POINT('',#9847);
#9847 = CARTESIAN_POINT('',(340.45,93.38,-27.885));
#9848 = LINE('',#9849,#9850);
#9849 = CARTESIAN_POINT('',(340.45,93.38,-31.116));
#9850 = VECTOR('',#9851,1.);
#9851 = DIRECTION('',(0.,0.,1.));
#9852 = ORIENTED_EDGE('',*,*,#9853,.F.);
#9853 = EDGE_CURVE('',#9798,#9846,#9854,.T.);
#9854 = LINE('',#9855,#9856);
#9855 = CARTESIAN_POINT('',(340.45,63.38,-27.885));
#9856 = VECTOR('',#9857,1.);
#9857 = DIRECTION('',(0.,1.,0.));
#9858 = PLANE('',#9859);
#9859 = AXIS2_PLACEMENT_3D('',#9860,#9861,#9862);
#9860 = CARTESIAN_POINT('',(340.45,63.38,-31.116));
#9861 = DIRECTION('',(1.,0.,0.));
#9862 = DIRECTION('',(0.,0.,1.));
#9863 = ADVANCED_FACE('',(#9864),#9875,.T.);
#9864 = FACE_BOUND('',#9865,.T.);
#9865 = EDGE_LOOP('',(#9866,#9867,#9868,#9874));
#9866 = ORIENTED_EDGE('',*,*,#9659,.F.);
#9867 = ORIENTED_EDGE('',*,*,#9821,.T.);
#9868 = ORIENTED_EDGE('',*,*,#9869,.T.);
#9869 = EDGE_CURVE('',#9822,#9846,#9870,.T.);
#9870 = LINE('',#9871,#9872);
#9871 = CARTESIAN_POINT('',(338.45,93.38,-27.885));
#9872 = VECTOR('',#9873,1.);
#9873 = DIRECTION('',(1.,0.,0.));
#9874 = ORIENTED_EDGE('',*,*,#9845,.F.);
#9875 = PLANE('',#9876);
#9876 = AXIS2_PLACEMENT_3D('',#9877,#9878,#9879);
#9877 = CARTESIAN_POINT('',(338.45,93.38,-31.116));
#9878 = DIRECTION('',(0.,1.,0.));
#9879 = DIRECTION('',(0.,0.,1.));
#9880 = ADVANCED_FACE('',(#9881),#9887,.T.);
#9881 = FACE_BOUND('',#9882,.T.);
#9882 = EDGE_LOOP('',(#9883,#9884,#9885,#9886));
#9883 = ORIENTED_EDGE('',*,*,#9829,.F.);
#9884 = ORIENTED_EDGE('',*,*,#9797,.T.);
#9885 = ORIENTED_EDGE('',*,*,#9853,.T.);
#9886 = ORIENTED_EDGE('',*,*,#9869,.F.);
#9887 = PLANE('',#9888);
#9888 = AXIS2_PLACEMENT_3D('',#9889,#9890,#9891);
#9889 = CARTESIAN_POINT('',(338.45,63.38,-27.885));
#9890 = DIRECTION('',(0.,0.,1.));
#9891 = DIRECTION('',(1.,0.,0.));
#9892 = ADVANCED_FACE('',(#9893),#9918,.F.);
#9893 = FACE_BOUND('',#9894,.F.);
#9894 = EDGE_LOOP('',(#9895,#9903,#9904,#9912));
#9895 = ORIENTED_EDGE('',*,*,#9896,.T.);
#9896 = EDGE_CURVE('',#9897,#2288,#9899,.T.);
#9897 = VERTEX_POINT('',#9898);
#9898 = CARTESIAN_POINT('',(506.80649819183,161.96155950927,
    -12.70230102539));
#9899 = LINE('',#9900,#9901);
#9900 = CARTESIAN_POINT('',(506.80649819183,161.96155950927,
    -12.70230102539));
#9901 = VECTOR('',#9902,1.);
#9902 = DIRECTION('',(0.,0.,1.));
#9903 = ORIENTED_EDGE('',*,*,#2285,.F.);
#9904 = ORIENTED_EDGE('',*,*,#9905,.F.);
#9905 = EDGE_CURVE('',#9906,#2286,#9908,.T.);
#9906 = VERTEX_POINT('',#9907);
#9907 = CARTESIAN_POINT('',(506.80649819183,185.0135591278,
    -12.70230102539));
#9908 = LINE('',#9909,#9910);
#9909 = CARTESIAN_POINT('',(506.80649819183,185.0135591278,
    -12.70230102539));
#9910 = VECTOR('',#9911,1.);
#9911 = DIRECTION('',(0.,0.,1.));
#9912 = ORIENTED_EDGE('',*,*,#9913,.T.);
#9913 = EDGE_CURVE('',#9906,#9897,#9914,.T.);
#9914 = LINE('',#9915,#9916);
#9915 = CARTESIAN_POINT('',(506.80649819183,188.1875591278,
    -12.70230102539));
#9916 = VECTOR('',#9917,1.);
#9917 = DIRECTION('',(0.,-1.,0.));
#9918 = PLANE('',#9919);
#9919 = AXIS2_PLACEMENT_3D('',#9920,#9921,#9922);
#9920 = CARTESIAN_POINT('',(506.80649819183,188.1875591278,
    -12.70230102539));
#9921 = DIRECTION('',(-1.,0.,0.));
#9922 = DIRECTION('',(0.,0.,1.));
#9923 = ADVANCED_FACE('',(#9924),#9943,.F.);
#9924 = FACE_BOUND('',#9925,.F.);
#9925 = EDGE_LOOP('',(#9926,#9934,#9941,#9942));
#9926 = ORIENTED_EDGE('',*,*,#9927,.F.);
#9927 = EDGE_CURVE('',#9928,#2296,#9930,.T.);
#9928 = VERTEX_POINT('',#9929);
#9929 = CARTESIAN_POINT('',(509.98049819183,188.1875591278,
    -12.70230102539));
#9930 = LINE('',#9931,#9932);
#9931 = CARTESIAN_POINT('',(509.98049819183,188.1875591278,
    -12.70230102539));
#9932 = VECTOR('',#9933,1.);
#9933 = DIRECTION('',(0.,0.,1.));
#9934 = ORIENTED_EDGE('',*,*,#9935,.T.);
#9935 = EDGE_CURVE('',#9928,#9906,#9936,.T.);
#9936 = CIRCLE('',#9937,3.174);
#9937 = AXIS2_PLACEMENT_3D('',#9938,#9939,#9940);
#9938 = CARTESIAN_POINT('',(509.98049819183,185.0135591278,
    -12.70230102539));
#9939 = DIRECTION('',(0.,-0.,1.));
#9940 = DIRECTION('',(0.,1.,0.));
#9941 = ORIENTED_EDGE('',*,*,#9905,.T.);
#9942 = ORIENTED_EDGE('',*,*,#2295,.F.);
#9943 = CYLINDRICAL_SURFACE('',#9944,3.174);
#9944 = AXIS2_PLACEMENT_3D('',#9945,#9946,#9947);
#9945 = CARTESIAN_POINT('',(509.98049819183,185.0135591278,
    -12.70230102539));
#9946 = DIRECTION('',(0.,0.,1.));
#9947 = DIRECTION('',(0.,1.,0.));
#9948 = ADVANCED_FACE('',(#9949),#9968,.F.);
#9949 = FACE_BOUND('',#9950,.F.);
#9950 = EDGE_LOOP('',(#9951,#9952,#9961,#9967));
#9951 = ORIENTED_EDGE('',*,*,#9896,.F.);
#9952 = ORIENTED_EDGE('',*,*,#9953,.T.);
#9953 = EDGE_CURVE('',#9897,#9954,#9956,.T.);
#9954 = VERTEX_POINT('',#9955);
#9955 = CARTESIAN_POINT('',(509.98049819183,158.78755950927,
    -12.70230102539));
#9956 = CIRCLE('',#9957,3.174);
#9957 = AXIS2_PLACEMENT_3D('',#9958,#9959,#9960);
#9958 = CARTESIAN_POINT('',(509.98049819183,161.96155950927,
    -12.70230102539));
#9959 = DIRECTION('',(0.,-0.,1.));
#9960 = DIRECTION('',(0.,1.,0.));
#9961 = ORIENTED_EDGE('',*,*,#9962,.T.);
#9962 = EDGE_CURVE('',#9954,#2398,#9963,.T.);
#9963 = LINE('',#9964,#9965);
#9964 = CARTESIAN_POINT('',(509.98049819183,158.78755950927,
    -12.70230102539));
#9965 = VECTOR('',#9966,1.);
#9966 = DIRECTION('',(0.,0.,1.));
#9967 = ORIENTED_EDGE('',*,*,#2405,.F.);
#9968 = CYLINDRICAL_SURFACE('',#9969,3.174);
#9969 = AXIS2_PLACEMENT_3D('',#9970,#9971,#9972);
#9970 = CARTESIAN_POINT('',(509.98049819183,161.96155950927,
    -12.70230102539));
#9971 = DIRECTION('',(0.,0.,1.));
#9972 = DIRECTION('',(-1.,0.,0.));
#9973 = ADVANCED_FACE('',(#9974),#9992,.T.);
#9974 = FACE_BOUND('',#9975,.T.);
#9975 = EDGE_LOOP('',(#9976,#9977,#9985,#9991));
#9976 = ORIENTED_EDGE('',*,*,#9927,.F.);
#9977 = ORIENTED_EDGE('',*,*,#9978,.F.);
#9978 = EDGE_CURVE('',#9979,#9928,#9981,.T.);
#9979 = VERTEX_POINT('',#9980);
#9980 = CARTESIAN_POINT('',(530.7168239746,188.1875591278,
    -12.70230102539));
#9981 = LINE('',#9982,#9983);
#9982 = CARTESIAN_POINT('',(541.49732365417,188.1875591278,
    -12.70230102539));
#9983 = VECTOR('',#9984,1.);
#9984 = DIRECTION('',(-1.,0.,0.));
#9985 = ORIENTED_EDGE('',*,*,#9986,.F.);
#9986 = EDGE_CURVE('',#2305,#9979,#9987,.T.);
#9987 = LINE('',#9988,#9989);
#9988 = CARTESIAN_POINT('',(530.7168239746,188.1875591278,
    -16.27731960105));
#9989 = VECTOR('',#9990,1.);
#9990 = DIRECTION('',(-0.,-0.,-1.));
#9991 = ORIENTED_EDGE('',*,*,#2304,.F.);
#9992 = PLANE('',#9993);
#9993 = AXIS2_PLACEMENT_3D('',#9994,#9995,#9996);
#9994 = CARTESIAN_POINT('',(541.49732365417,188.1875591278,
    -12.70230102539));
#9995 = DIRECTION('',(0.,-1.,0.));
#9996 = DIRECTION('',(0.,0.,1.));
#9997 = ADVANCED_FACE('',(#9998),#10016,.F.);
#9998 = FACE_BOUND('',#9999,.F.);
#9999 = EDGE_LOOP('',(#10000,#10001,#10009,#10015));
#10000 = ORIENTED_EDGE('',*,*,#9962,.F.);
#10001 = ORIENTED_EDGE('',*,*,#10002,.F.);
#10002 = EDGE_CURVE('',#10003,#9954,#10005,.T.);
#10003 = VERTEX_POINT('',#10004);
#10004 = CARTESIAN_POINT('',(538.32332365417,158.78755950927,
    -12.70230102539));
#10005 = LINE('',#10006,#10007);
#10006 = CARTESIAN_POINT('',(541.49732365417,158.78755950927,
    -12.70230102539));
#10007 = VECTOR('',#10008,1.);
#10008 = DIRECTION('',(-1.,0.,0.));
#10009 = ORIENTED_EDGE('',*,*,#10010,.T.);
#10010 = EDGE_CURVE('',#10003,#2389,#10011,.T.);
#10011 = LINE('',#10012,#10013);
#10012 = CARTESIAN_POINT('',(538.32332365417,158.78755950927,
    -12.70230102539));
#10013 = VECTOR('',#10014,1.);
#10014 = DIRECTION('',(0.,0.,1.));
#10015 = ORIENTED_EDGE('',*,*,#2397,.F.);
#10016 = PLANE('',#10017);
#10017 = AXIS2_PLACEMENT_3D('',#10018,#10019,#10020);
#10018 = CARTESIAN_POINT('',(541.49732365417,158.78755950927,
    -12.70230102539));
#10019 = DIRECTION('',(0.,-1.,0.));
#10020 = DIRECTION('',(0.,0.,1.));
#10021 = ADVANCED_FACE('',(#10022),#10056,.F.);
#10022 = FACE_BOUND('',#10023,.F.);
#10023 = EDGE_LOOP('',(#10024,#10034,#10040,#10041,#10042,#10050));
#10024 = ORIENTED_EDGE('',*,*,#10025,.T.);
#10025 = EDGE_CURVE('',#10026,#10028,#10030,.T.);
#10026 = VERTEX_POINT('',#10027);
#10027 = CARTESIAN_POINT('',(530.7168239746,176.59091146469,
    -19.85233817672));
#10028 = VERTEX_POINT('',#10029);
#10029 = CARTESIAN_POINT('',(530.7168239746,176.59091146469,
    -12.70230102539));
#10030 = LINE('',#10031,#10032);
#10031 = CARTESIAN_POINT('',(530.7168239746,176.59091146469,
    -19.85233817672));
#10032 = VECTOR('',#10033,1.);
#10033 = DIRECTION('',(0.,0.,1.));
#10034 = ORIENTED_EDGE('',*,*,#10035,.F.);
#10035 = EDGE_CURVE('',#9979,#10028,#10036,.T.);
#10036 = LINE('',#10037,#10038);
#10037 = CARTESIAN_POINT('',(530.7168239746,190.79123537826,
    -12.70230102539));
#10038 = VECTOR('',#10039,1.);
#10039 = DIRECTION('',(0.,-1.,0.));
#10040 = ORIENTED_EDGE('',*,*,#9986,.F.);
#10041 = ORIENTED_EDGE('',*,*,#2312,.F.);
#10042 = ORIENTED_EDGE('',*,*,#10043,.F.);
#10043 = EDGE_CURVE('',#10044,#2313,#10046,.T.);
#10044 = VERTEX_POINT('',#10045);
#10045 = CARTESIAN_POINT('',(530.7168239746,190.22091162872,
    -19.85233817672));
#10046 = LINE('',#10047,#10048);
#10047 = CARTESIAN_POINT('',(530.7168239746,190.22091162872,
    -19.85233817672));
#10048 = VECTOR('',#10049,1.);
#10049 = DIRECTION('',(0.,0.,1.));
#10050 = ORIENTED_EDGE('',*,*,#10051,.T.);
#10051 = EDGE_CURVE('',#10044,#10026,#10052,.T.);
#10052 = LINE('',#10053,#10054);
#10053 = CARTESIAN_POINT('',(530.7168239746,193.39491162872,
    -19.85233817672));
#10054 = VECTOR('',#10055,1.);
#10055 = DIRECTION('',(0.,-1.,0.));
#10056 = PLANE('',#10057);
#10057 = AXIS2_PLACEMENT_3D('',#10058,#10059,#10060);
#10058 = CARTESIAN_POINT('',(530.7168239746,193.39491162872,
    -19.85233817672));
#10059 = DIRECTION('',(-1.,0.,0.));
#10060 = DIRECTION('',(0.,0.,1.));
#10061 = ADVANCED_FACE('',(#10062),#10081,.F.);
#10062 = FACE_BOUND('',#10063,.F.);
#10063 = EDGE_LOOP('',(#10064,#10072,#10079,#10080));
#10064 = ORIENTED_EDGE('',*,*,#10065,.F.);
#10065 = EDGE_CURVE('',#10066,#2321,#10068,.T.);
#10066 = VERTEX_POINT('',#10067);
#10067 = CARTESIAN_POINT('',(533.8908239746,193.39491162872,
    -19.85233817672));
#10068 = LINE('',#10069,#10070);
#10069 = CARTESIAN_POINT('',(533.8908239746,193.39491162872,
    -19.85233817672));
#10070 = VECTOR('',#10071,1.);
#10071 = DIRECTION('',(0.,0.,1.));
#10072 = ORIENTED_EDGE('',*,*,#10073,.T.);
#10073 = EDGE_CURVE('',#10066,#10044,#10074,.T.);
#10074 = CIRCLE('',#10075,3.174);
#10075 = AXIS2_PLACEMENT_3D('',#10076,#10077,#10078);
#10076 = CARTESIAN_POINT('',(533.8908239746,190.22091162872,
    -19.85233817672));
#10077 = DIRECTION('',(0.,-0.,1.));
#10078 = DIRECTION('',(0.,1.,0.));
#10079 = ORIENTED_EDGE('',*,*,#10043,.T.);
#10080 = ORIENTED_EDGE('',*,*,#2320,.F.);
#10081 = CYLINDRICAL_SURFACE('',#10082,3.174);
#10082 = AXIS2_PLACEMENT_3D('',#10083,#10084,#10085);
#10083 = CARTESIAN_POINT('',(533.8908239746,190.22091162872,
    -19.85233817672));
#10084 = DIRECTION('',(0.,0.,1.));
#10085 = DIRECTION('',(0.,1.,0.));
#10086 = ADVANCED_FACE('',(#10087),#10105,.T.);
#10087 = FACE_BOUND('',#10088,.T.);
#10088 = EDGE_LOOP('',(#10089,#10090,#10098,#10104));
#10089 = ORIENTED_EDGE('',*,*,#10065,.F.);
#10090 = ORIENTED_EDGE('',*,*,#10091,.F.);
#10091 = EDGE_CURVE('',#10092,#10066,#10094,.T.);
#10092 = VERTEX_POINT('',#10093);
#10093 = CARTESIAN_POINT('',(549.55282420349,193.39491162872,
    -19.85233817672));
#10094 = LINE('',#10095,#10096);
#10095 = CARTESIAN_POINT('',(552.72682420349,193.39491162872,
    -19.85233817672));
#10096 = VECTOR('',#10097,1.);
#10097 = DIRECTION('',(-1.,0.,0.));
#10098 = ORIENTED_EDGE('',*,*,#10099,.T.);
#10099 = EDGE_CURVE('',#10092,#2330,#10100,.T.);
#10100 = LINE('',#10101,#10102);
#10101 = CARTESIAN_POINT('',(549.55282420349,193.39491162872,
    -19.85233817672));
#10102 = VECTOR('',#10103,1.);
#10103 = DIRECTION('',(0.,0.,1.));
#10104 = ORIENTED_EDGE('',*,*,#2329,.F.);
#10105 = PLANE('',#10106);
#10106 = AXIS2_PLACEMENT_3D('',#10107,#10108,#10109);
#10107 = CARTESIAN_POINT('',(552.72682420349,193.39491162872,
    -19.85233817672));
#10108 = DIRECTION('',(0.,-1.,0.));
#10109 = DIRECTION('',(0.,0.,1.));
#10110 = ADVANCED_FACE('',(#10111),#10130,.F.);
#10111 = FACE_BOUND('',#10112,.F.);
#10112 = EDGE_LOOP('',(#10113,#10121,#10128,#10129));
#10113 = ORIENTED_EDGE('',*,*,#10114,.F.);
#10114 = EDGE_CURVE('',#10115,#2338,#10117,.T.);
#10115 = VERTEX_POINT('',#10116);
#10116 = CARTESIAN_POINT('',(552.72682420349,190.22091162872,
    -19.85233817672));
#10117 = LINE('',#10118,#10119);
#10118 = CARTESIAN_POINT('',(552.72682420349,190.22091162872,
    -19.85233817672));
#10119 = VECTOR('',#10120,1.);
#10120 = DIRECTION('',(0.,0.,1.));
#10121 = ORIENTED_EDGE('',*,*,#10122,.T.);
#10122 = EDGE_CURVE('',#10115,#10092,#10123,.T.);
#10123 = CIRCLE('',#10124,3.174);
#10124 = AXIS2_PLACEMENT_3D('',#10125,#10126,#10127);
#10125 = CARTESIAN_POINT('',(549.55282420349,190.22091162872,
    -19.85233817672));
#10126 = DIRECTION('',(0.,-0.,1.));
#10127 = DIRECTION('',(0.,1.,0.));
#10128 = ORIENTED_EDGE('',*,*,#10099,.T.);
#10129 = ORIENTED_EDGE('',*,*,#2337,.F.);
#10130 = CYLINDRICAL_SURFACE('',#10131,3.174);
#10131 = AXIS2_PLACEMENT_3D('',#10132,#10133,#10134);
#10132 = CARTESIAN_POINT('',(549.55282420349,190.22091162872,
    -19.85233817672));
#10133 = DIRECTION('',(0.,0.,1.));
#10134 = DIRECTION('',(1.,0.,0.));
#10135 = ADVANCED_FACE('',(#10136),#10154,.T.);
#10136 = FACE_BOUND('',#10137,.T.);
#10137 = EDGE_LOOP('',(#10138,#10146,#10147,#10148));
#10138 = ORIENTED_EDGE('',*,*,#10139,.T.);
#10139 = EDGE_CURVE('',#10140,#2347,#10142,.T.);
#10140 = VERTEX_POINT('',#10141);
#10141 = CARTESIAN_POINT('',(552.72682420349,176.59091146469,
    -19.85233817672));
#10142 = LINE('',#10143,#10144);
#10143 = CARTESIAN_POINT('',(552.72682420349,176.59091146469,
    -19.85233817672));
#10144 = VECTOR('',#10145,1.);
#10145 = DIRECTION('',(0.,0.,1.));
#10146 = ORIENTED_EDGE('',*,*,#2346,.F.);
#10147 = ORIENTED_EDGE('',*,*,#10114,.F.);
#10148 = ORIENTED_EDGE('',*,*,#10149,.T.);
#10149 = EDGE_CURVE('',#10115,#10140,#10150,.T.);
#10150 = LINE('',#10151,#10152);
#10151 = CARTESIAN_POINT('',(552.72682420349,193.39491162872,
    -19.85233817672));
#10152 = VECTOR('',#10153,1.);
#10153 = DIRECTION('',(0.,-1.,0.));
#10154 = PLANE('',#10155);
#10155 = AXIS2_PLACEMENT_3D('',#10156,#10157,#10158);
#10156 = CARTESIAN_POINT('',(552.72682420349,193.39491162872,
    -19.85233817672));
#10157 = DIRECTION('',(-1.,0.,0.));
#10158 = DIRECTION('',(0.,0.,1.));
#10159 = ADVANCED_FACE('',(#10160),#10180,.F.);
#10160 = FACE_BOUND('',#10161,.T.);
#10161 = EDGE_LOOP('',(#10162,#10163,#10172,#10178,#10179));
#10162 = ORIENTED_EDGE('',*,*,#10139,.F.);
#10163 = ORIENTED_EDGE('',*,*,#10164,.T.);
#10164 = EDGE_CURVE('',#10140,#10165,#10167,.T.);
#10165 = VERTEX_POINT('',#10166);
#10166 = CARTESIAN_POINT('',(549.55282420349,173.41691146469,
    -19.85233817672));
#10167 = CIRCLE('',#10168,3.174);
#10168 = AXIS2_PLACEMENT_3D('',#10169,#10170,#10171);
#10169 = CARTESIAN_POINT('',(549.55282420349,176.59091146469,
    -19.85233817672));
#10170 = DIRECTION('',(0.,0.,-1.));
#10171 = DIRECTION('',(0.,1.,0.));
#10172 = ORIENTED_EDGE('',*,*,#10173,.T.);
#10173 = EDGE_CURVE('',#10165,#2364,#10174,.T.);
#10174 = LINE('',#10175,#10176);
#10175 = CARTESIAN_POINT('',(549.55282420349,173.41691146469,
    -19.85233817672));
#10176 = VECTOR('',#10177,1.);
#10177 = DIRECTION('',(0.,0.,1.));
#10178 = ORIENTED_EDGE('',*,*,#2363,.T.);
#10179 = ORIENTED_EDGE('',*,*,#2354,.T.);
#10180 = CYLINDRICAL_SURFACE('',#10181,3.174);
#10181 = AXIS2_PLACEMENT_3D('',#10182,#10183,#10184);
#10182 = CARTESIAN_POINT('',(549.55282420349,176.59091146469,
    -19.85233817672));
#10183 = DIRECTION('',(0.,0.,1.));
#10184 = DIRECTION('',(1.,0.,0.));
#10185 = ADVANCED_FACE('',(#10186,#10226),#10237,.T.);
#10186 = FACE_BOUND('',#10187,.T.);
#10187 = EDGE_LOOP('',(#10188,#10189,#10190,#10191,#10200,#10208,#10216,
    #10223,#10224,#10225));
#10188 = ORIENTED_EDGE('',*,*,#9913,.T.);
#10189 = ORIENTED_EDGE('',*,*,#9953,.T.);
#10190 = ORIENTED_EDGE('',*,*,#10002,.F.);
#10191 = ORIENTED_EDGE('',*,*,#10192,.F.);
#10192 = EDGE_CURVE('',#10193,#10003,#10195,.T.);
#10193 = VERTEX_POINT('',#10194);
#10194 = CARTESIAN_POINT('',(541.49732365417,161.96155950927,
    -12.70230102539));
#10195 = CIRCLE('',#10196,3.174);
#10196 = AXIS2_PLACEMENT_3D('',#10197,#10198,#10199);
#10197 = CARTESIAN_POINT('',(538.32332365417,161.96155950927,
    -12.70230102539));
#10198 = DIRECTION('',(0.,0.,-1.));
#10199 = DIRECTION('',(0.,1.,0.));
#10200 = ORIENTED_EDGE('',*,*,#10201,.F.);
#10201 = EDGE_CURVE('',#10202,#10193,#10204,.T.);
#10202 = VERTEX_POINT('',#10203);
#10203 = CARTESIAN_POINT('',(541.49732365417,173.41691146469,
    -12.70230102539));
#10204 = LINE('',#10205,#10206);
#10205 = CARTESIAN_POINT('',(541.49732365417,188.1875591278,
    -12.70230102539));
#10206 = VECTOR('',#10207,1.);
#10207 = DIRECTION('',(0.,-1.,0.));
#10208 = ORIENTED_EDGE('',*,*,#10209,.F.);
#10209 = EDGE_CURVE('',#10210,#10202,#10212,.T.);
#10210 = VERTEX_POINT('',#10211);
#10211 = CARTESIAN_POINT('',(533.8908239746,173.41691146469,
    -12.70230102539));
#10212 = LINE('',#10213,#10214);
#10213 = CARTESIAN_POINT('',(547.11207392883,173.41691146469,
    -12.70230102539));
#10214 = VECTOR('',#10215,1.);
#10215 = DIRECTION('',(1.,0.,0.));
#10216 = ORIENTED_EDGE('',*,*,#10217,.F.);
#10217 = EDGE_CURVE('',#10028,#10210,#10218,.T.);
#10218 = CIRCLE('',#10219,3.174);
#10219 = AXIS2_PLACEMENT_3D('',#10220,#10221,#10222);
#10220 = CARTESIAN_POINT('',(533.8908239746,176.59091146469,
    -12.70230102539));
#10221 = DIRECTION('',(0.,0.,1.));
#10222 = DIRECTION('',(-1.,0.,0.));
#10223 = ORIENTED_EDGE('',*,*,#10035,.F.);
#10224 = ORIENTED_EDGE('',*,*,#9978,.T.);
#10225 = ORIENTED_EDGE('',*,*,#9935,.T.);
#10226 = FACE_BOUND('',#10227,.T.);
#10227 = EDGE_LOOP('',(#10228));
#10228 = ORIENTED_EDGE('',*,*,#10229,.T.);
#10229 = EDGE_CURVE('',#10230,#10230,#10232,.T.);
#10230 = VERTEX_POINT('',#10231);
#10231 = CARTESIAN_POINT('',(526.720375634,173.5,-12.70230102539));
#10232 = CIRCLE('',#10233,1.7272);
#10233 = AXIS2_PLACEMENT_3D('',#10234,#10235,#10236);
#10234 = CARTESIAN_POINT('',(524.993175634,173.5,-12.70230102539));
#10235 = DIRECTION('',(0.,0.,-1.));
#10236 = DIRECTION('',(1.,-0.,0.));
#10237 = PLANE('',#10238);
#10238 = AXIS2_PLACEMENT_3D('',#10239,#10240,#10241);
#10239 = CARTESIAN_POINT('',(541.49732365417,188.1875591278,
    -12.70230102539));
#10240 = DIRECTION('',(0.,0.,1.));
#10241 = DIRECTION('',(-1.,0.,0.));
#10242 = ADVANCED_FACE('',(#10243),#10262,.F.);
#10243 = FACE_BOUND('',#10244,.F.);
#10244 = EDGE_LOOP('',(#10245,#10246,#10254,#10261));
#10245 = ORIENTED_EDGE('',*,*,#10229,.T.);
#10246 = ORIENTED_EDGE('',*,*,#10247,.T.);
#10247 = EDGE_CURVE('',#10230,#10248,#10250,.T.);
#10248 = VERTEX_POINT('',#10249);
#10249 = CARTESIAN_POINT('',(526.720375634,173.5,-38.1));
#10250 = LINE('',#10251,#10252);
#10251 = CARTESIAN_POINT('',(526.720375634,173.5,-12.7));
#10252 = VECTOR('',#10253,1.);
#10253 = DIRECTION('',(0.,0.,-1.));
#10254 = ORIENTED_EDGE('',*,*,#10255,.F.);
#10255 = EDGE_CURVE('',#10248,#10248,#10256,.T.);
#10256 = CIRCLE('',#10257,1.7272);
#10257 = AXIS2_PLACEMENT_3D('',#10258,#10259,#10260);
#10258 = CARTESIAN_POINT('',(524.993175634,173.5,-38.1));
#10259 = DIRECTION('',(0.,0.,-1.));
#10260 = DIRECTION('',(1.,0.,0.));
#10261 = ORIENTED_EDGE('',*,*,#10247,.F.);
#10262 = CYLINDRICAL_SURFACE('',#10263,1.7272);
#10263 = AXIS2_PLACEMENT_3D('',#10264,#10265,#10266);
#10264 = CARTESIAN_POINT('',(524.993175634,173.5,-12.7));
#10265 = DIRECTION('',(0.,0.,-1.));
#10266 = DIRECTION('',(1.,-0.,0.));
#10267 = ADVANCED_FACE('',(#10268),#10279,.F.);
#10268 = FACE_BOUND('',#10269,.T.);
#10269 = EDGE_LOOP('',(#10270,#10276,#10277,#10278));
#10270 = ORIENTED_EDGE('',*,*,#10271,.F.);
#10271 = EDGE_CURVE('',#10193,#2381,#10272,.T.);
#10272 = LINE('',#10273,#10274);
#10273 = CARTESIAN_POINT('',(541.49732365417,161.96155950927,
    -12.70230102539));
#10274 = VECTOR('',#10275,1.);
#10275 = DIRECTION('',(0.,0.,1.));
#10276 = ORIENTED_EDGE('',*,*,#10192,.T.);
#10277 = ORIENTED_EDGE('',*,*,#10010,.T.);
#10278 = ORIENTED_EDGE('',*,*,#2388,.T.);
#10279 = CYLINDRICAL_SURFACE('',#10280,3.174);
#10280 = AXIS2_PLACEMENT_3D('',#10281,#10282,#10283);
#10281 = CARTESIAN_POINT('',(538.32332365417,161.96155950927,
    -12.70230102539));
#10282 = DIRECTION('',(0.,0.,1.));
#10283 = DIRECTION('',(1.,0.,0.));
#10284 = ADVANCED_FACE('',(#10285),#10304,.F.);
#10285 = FACE_BOUND('',#10286,.F.);
#10286 = EDGE_LOOP('',(#10287,#10288,#10297,#10303));
#10287 = ORIENTED_EDGE('',*,*,#10025,.F.);
#10288 = ORIENTED_EDGE('',*,*,#10289,.T.);
#10289 = EDGE_CURVE('',#10026,#10290,#10292,.T.);
#10290 = VERTEX_POINT('',#10291);
#10291 = CARTESIAN_POINT('',(533.8908239746,173.41691146469,
    -19.85233817672));
#10292 = CIRCLE('',#10293,3.174);
#10293 = AXIS2_PLACEMENT_3D('',#10294,#10295,#10296);
#10294 = CARTESIAN_POINT('',(533.8908239746,176.59091146469,
    -19.85233817672));
#10295 = DIRECTION('',(0.,-0.,1.));
#10296 = DIRECTION('',(0.,1.,0.));
#10297 = ORIENTED_EDGE('',*,*,#10298,.T.);
#10298 = EDGE_CURVE('',#10290,#10210,#10299,.T.);
#10299 = LINE('',#10300,#10301);
#10300 = CARTESIAN_POINT('',(533.8908239746,173.41691146469,
    -19.85233817672));
#10301 = VECTOR('',#10302,1.);
#10302 = DIRECTION('',(0.,0.,1.));
#10303 = ORIENTED_EDGE('',*,*,#10217,.F.);
#10304 = CYLINDRICAL_SURFACE('',#10305,3.174);
#10305 = AXIS2_PLACEMENT_3D('',#10306,#10307,#10308);
#10306 = CARTESIAN_POINT('',(533.8908239746,176.59091146469,
    -19.85233817672));
#10307 = DIRECTION('',(0.,0.,1.));
#10308 = DIRECTION('',(-1.,0.,0.));
#10309 = ADVANCED_FACE('',(#10310),#10325,.T.);
#10310 = FACE_BOUND('',#10311,.T.);
#10311 = EDGE_LOOP('',(#10312,#10313,#10314,#10320,#10321,#10322,#10323,
    #10324));
#10312 = ORIENTED_EDGE('',*,*,#10051,.T.);
#10313 = ORIENTED_EDGE('',*,*,#10289,.T.);
#10314 = ORIENTED_EDGE('',*,*,#10315,.F.);
#10315 = EDGE_CURVE('',#10165,#10290,#10316,.T.);
#10316 = LINE('',#10317,#10318);
#10317 = CARTESIAN_POINT('',(552.72682420349,173.41691146469,
    -19.85233817672));
#10318 = VECTOR('',#10319,1.);
#10319 = DIRECTION('',(-1.,0.,0.));
#10320 = ORIENTED_EDGE('',*,*,#10164,.F.);
#10321 = ORIENTED_EDGE('',*,*,#10149,.F.);
#10322 = ORIENTED_EDGE('',*,*,#10122,.T.);
#10323 = ORIENTED_EDGE('',*,*,#10091,.T.);
#10324 = ORIENTED_EDGE('',*,*,#10073,.T.);
#10325 = PLANE('',#10326);
#10326 = AXIS2_PLACEMENT_3D('',#10327,#10328,#10329);
#10327 = CARTESIAN_POINT('',(552.72682420349,193.39491162872,
    -19.85233817672));
#10328 = DIRECTION('',(0.,0.,1.));
#10329 = DIRECTION('',(-1.,0.,0.));
#10330 = ADVANCED_FACE('',(#10331),#10342,.T.);
#10331 = FACE_BOUND('',#10332,.T.);
#10332 = EDGE_LOOP('',(#10333,#10334,#10335,#10336));
#10333 = ORIENTED_EDGE('',*,*,#10201,.T.);
#10334 = ORIENTED_EDGE('',*,*,#10271,.T.);
#10335 = ORIENTED_EDGE('',*,*,#2380,.F.);
#10336 = ORIENTED_EDGE('',*,*,#10337,.F.);
#10337 = EDGE_CURVE('',#10202,#2373,#10338,.T.);
#10338 = LINE('',#10339,#10340);
#10339 = CARTESIAN_POINT('',(541.49732365417,173.41691146469,
    -16.27731960105));
#10340 = VECTOR('',#10341,1.);
#10341 = DIRECTION('',(0.,0.,1.));
#10342 = PLANE('',#10343);
#10343 = AXIS2_PLACEMENT_3D('',#10344,#10345,#10346);
#10344 = CARTESIAN_POINT('',(541.49732365417,188.1875591278,
    -12.70230102539));
#10345 = DIRECTION('',(-1.,0.,0.));
#10346 = DIRECTION('',(0.,0.,1.));
#10347 = ADVANCED_FACE('',(#10348),#10356,.F.);
#10348 = FACE_BOUND('',#10349,.F.);
#10349 = EDGE_LOOP('',(#10350,#10351,#10352,#10353,#10354,#10355));
#10350 = ORIENTED_EDGE('',*,*,#10298,.F.);
#10351 = ORIENTED_EDGE('',*,*,#10315,.F.);
#10352 = ORIENTED_EDGE('',*,*,#10173,.T.);
#10353 = ORIENTED_EDGE('',*,*,#2372,.F.);
#10354 = ORIENTED_EDGE('',*,*,#10337,.F.);
#10355 = ORIENTED_EDGE('',*,*,#10209,.F.);
#10356 = PLANE('',#10357);
#10357 = AXIS2_PLACEMENT_3D('',#10358,#10359,#10360);
#10358 = CARTESIAN_POINT('',(552.72682420349,173.41691146469,
    -19.85233817672));
#10359 = DIRECTION('',(0.,-1.,0.));
#10360 = DIRECTION('',(0.,0.,1.));
#10361 = ADVANCED_FACE('',(#10362),#10387,.F.);
#10362 = FACE_BOUND('',#10363,.F.);
#10363 = EDGE_LOOP('',(#10364,#10372,#10373,#10381));
#10364 = ORIENTED_EDGE('',*,*,#10365,.T.);
#10365 = EDGE_CURVE('',#10366,#2417,#10368,.T.);
#10366 = VERTEX_POINT('',#10367);
#10367 = CARTESIAN_POINT('',(506.80649819183,120.96155950927,
    -12.70230102539));
#10368 = LINE('',#10369,#10370);
#10369 = CARTESIAN_POINT('',(506.80649819183,120.96155950927,
    -12.70230102539));
#10370 = VECTOR('',#10371,1.);
#10371 = DIRECTION('',(0.,0.,1.));
#10372 = ORIENTED_EDGE('',*,*,#2414,.F.);
#10373 = ORIENTED_EDGE('',*,*,#10374,.F.);
#10374 = EDGE_CURVE('',#10375,#2415,#10377,.T.);
#10375 = VERTEX_POINT('',#10376);
#10376 = CARTESIAN_POINT('',(506.80649819183,144.0135591278,
    -12.70230102539));
#10377 = LINE('',#10378,#10379);
#10378 = CARTESIAN_POINT('',(506.80649819183,144.0135591278,
    -12.70230102539));
#10379 = VECTOR('',#10380,1.);
#10380 = DIRECTION('',(0.,0.,1.));
#10381 = ORIENTED_EDGE('',*,*,#10382,.T.);
#10382 = EDGE_CURVE('',#10375,#10366,#10383,.T.);
#10383 = LINE('',#10384,#10385);
#10384 = CARTESIAN_POINT('',(506.80649819183,147.1875591278,
    -12.70230102539));
#10385 = VECTOR('',#10386,1.);
#10386 = DIRECTION('',(0.,-1.,0.));
#10387 = PLANE('',#10388);
#10388 = AXIS2_PLACEMENT_3D('',#10389,#10390,#10391);
#10389 = CARTESIAN_POINT('',(506.80649819183,147.1875591278,
    -12.70230102539));
#10390 = DIRECTION('',(-1.,0.,0.));
#10391 = DIRECTION('',(0.,0.,1.));
#10392 = ADVANCED_FACE('',(#10393),#10412,.F.);
#10393 = FACE_BOUND('',#10394,.F.);
#10394 = EDGE_LOOP('',(#10395,#10403,#10410,#10411));
#10395 = ORIENTED_EDGE('',*,*,#10396,.F.);
#10396 = EDGE_CURVE('',#10397,#2425,#10399,.T.);
#10397 = VERTEX_POINT('',#10398);
#10398 = CARTESIAN_POINT('',(509.98049819183,147.1875591278,
    -12.70230102539));
#10399 = LINE('',#10400,#10401);
#10400 = CARTESIAN_POINT('',(509.98049819183,147.1875591278,
    -12.70230102539));
#10401 = VECTOR('',#10402,1.);
#10402 = DIRECTION('',(0.,0.,1.));
#10403 = ORIENTED_EDGE('',*,*,#10404,.T.);
#10404 = EDGE_CURVE('',#10397,#10375,#10405,.T.);
#10405 = CIRCLE('',#10406,3.174);
#10406 = AXIS2_PLACEMENT_3D('',#10407,#10408,#10409);
#10407 = CARTESIAN_POINT('',(509.98049819183,144.0135591278,
    -12.70230102539));
#10408 = DIRECTION('',(0.,-0.,1.));
#10409 = DIRECTION('',(0.,1.,0.));
#10410 = ORIENTED_EDGE('',*,*,#10374,.T.);
#10411 = ORIENTED_EDGE('',*,*,#2424,.F.);
#10412 = CYLINDRICAL_SURFACE('',#10413,3.174);
#10413 = AXIS2_PLACEMENT_3D('',#10414,#10415,#10416);
#10414 = CARTESIAN_POINT('',(509.98049819183,144.0135591278,
    -12.70230102539));
#10415 = DIRECTION('',(0.,0.,1.));
#10416 = DIRECTION('',(0.,1.,0.));
#10417 = ADVANCED_FACE('',(#10418),#10437,.F.);
#10418 = FACE_BOUND('',#10419,.F.);
#10419 = EDGE_LOOP('',(#10420,#10421,#10430,#10436));
#10420 = ORIENTED_EDGE('',*,*,#10365,.F.);
#10421 = ORIENTED_EDGE('',*,*,#10422,.T.);
#10422 = EDGE_CURVE('',#10366,#10423,#10425,.T.);
#10423 = VERTEX_POINT('',#10424);
#10424 = CARTESIAN_POINT('',(509.98049819183,117.78755950927,
    -12.70230102539));
#10425 = CIRCLE('',#10426,3.174);
#10426 = AXIS2_PLACEMENT_3D('',#10427,#10428,#10429);
#10427 = CARTESIAN_POINT('',(509.98049819183,120.96155950927,
    -12.70230102539));
#10428 = DIRECTION('',(0.,-0.,1.));
#10429 = DIRECTION('',(0.,1.,0.));
#10430 = ORIENTED_EDGE('',*,*,#10431,.T.);
#10431 = EDGE_CURVE('',#10423,#2527,#10432,.T.);
#10432 = LINE('',#10433,#10434);
#10433 = CARTESIAN_POINT('',(509.98049819183,117.78755950927,
    -12.70230102539));
#10434 = VECTOR('',#10435,1.);
#10435 = DIRECTION('',(0.,0.,1.));
#10436 = ORIENTED_EDGE('',*,*,#2534,.F.);
#10437 = CYLINDRICAL_SURFACE('',#10438,3.174);
#10438 = AXIS2_PLACEMENT_3D('',#10439,#10440,#10441);
#10439 = CARTESIAN_POINT('',(509.98049819183,120.96155950927,
    -12.70230102539));
#10440 = DIRECTION('',(0.,0.,1.));
#10441 = DIRECTION('',(-1.,0.,0.));
#10442 = ADVANCED_FACE('',(#10443),#10461,.T.);
#10443 = FACE_BOUND('',#10444,.T.);
#10444 = EDGE_LOOP('',(#10445,#10446,#10454,#10460));
#10445 = ORIENTED_EDGE('',*,*,#10396,.F.);
#10446 = ORIENTED_EDGE('',*,*,#10447,.F.);
#10447 = EDGE_CURVE('',#10448,#10397,#10450,.T.);
#10448 = VERTEX_POINT('',#10449);
#10449 = CARTESIAN_POINT('',(530.7168239746,147.1875591278,
    -12.70230102539));
#10450 = LINE('',#10451,#10452);
#10451 = CARTESIAN_POINT('',(541.49732365417,147.1875591278,
    -12.70230102539));
#10452 = VECTOR('',#10453,1.);
#10453 = DIRECTION('',(-1.,0.,0.));
#10454 = ORIENTED_EDGE('',*,*,#10455,.F.);
#10455 = EDGE_CURVE('',#2434,#10448,#10456,.T.);
#10456 = LINE('',#10457,#10458);
#10457 = CARTESIAN_POINT('',(530.7168239746,147.1875591278,
    -16.27731960105));
#10458 = VECTOR('',#10459,1.);
#10459 = DIRECTION('',(-0.,-0.,-1.));
#10460 = ORIENTED_EDGE('',*,*,#2433,.F.);
#10461 = PLANE('',#10462);
#10462 = AXIS2_PLACEMENT_3D('',#10463,#10464,#10465);
#10463 = CARTESIAN_POINT('',(541.49732365417,147.1875591278,
    -12.70230102539));
#10464 = DIRECTION('',(0.,-1.,0.));
#10465 = DIRECTION('',(0.,0.,1.));
#10466 = ADVANCED_FACE('',(#10467),#10485,.F.);
#10467 = FACE_BOUND('',#10468,.F.);
#10468 = EDGE_LOOP('',(#10469,#10470,#10478,#10484));
#10469 = ORIENTED_EDGE('',*,*,#10431,.F.);
#10470 = ORIENTED_EDGE('',*,*,#10471,.F.);
#10471 = EDGE_CURVE('',#10472,#10423,#10474,.T.);
#10472 = VERTEX_POINT('',#10473);
#10473 = CARTESIAN_POINT('',(538.32332365417,117.78755950927,
    -12.70230102539));
#10474 = LINE('',#10475,#10476);
#10475 = CARTESIAN_POINT('',(541.49732365417,117.78755950927,
    -12.70230102539));
#10476 = VECTOR('',#10477,1.);
#10477 = DIRECTION('',(-1.,0.,0.));
#10478 = ORIENTED_EDGE('',*,*,#10479,.T.);
#10479 = EDGE_CURVE('',#10472,#2518,#10480,.T.);
#10480 = LINE('',#10481,#10482);
#10481 = CARTESIAN_POINT('',(538.32332365417,117.78755950927,
    -12.70230102539));
#10482 = VECTOR('',#10483,1.);
#10483 = DIRECTION('',(0.,0.,1.));
#10484 = ORIENTED_EDGE('',*,*,#2526,.F.);
#10485 = PLANE('',#10486);
#10486 = AXIS2_PLACEMENT_3D('',#10487,#10488,#10489);
#10487 = CARTESIAN_POINT('',(541.49732365417,117.78755950927,
    -12.70230102539));
#10488 = DIRECTION('',(0.,-1.,0.));
#10489 = DIRECTION('',(0.,0.,1.));
#10490 = ADVANCED_FACE('',(#10491),#10525,.F.);
#10491 = FACE_BOUND('',#10492,.F.);
#10492 = EDGE_LOOP('',(#10493,#10503,#10509,#10510,#10511,#10519));
#10493 = ORIENTED_EDGE('',*,*,#10494,.T.);
#10494 = EDGE_CURVE('',#10495,#10497,#10499,.T.);
#10495 = VERTEX_POINT('',#10496);
#10496 = CARTESIAN_POINT('',(530.7168239746,135.59091146469,
    -19.85233817672));
#10497 = VERTEX_POINT('',#10498);
#10498 = CARTESIAN_POINT('',(530.7168239746,135.59091146469,
    -12.70230102539));
#10499 = LINE('',#10500,#10501);
#10500 = CARTESIAN_POINT('',(530.7168239746,135.59091146469,
    -19.85233817672));
#10501 = VECTOR('',#10502,1.);
#10502 = DIRECTION('',(0.,0.,1.));
#10503 = ORIENTED_EDGE('',*,*,#10504,.F.);
#10504 = EDGE_CURVE('',#10448,#10497,#10505,.T.);
#10505 = LINE('',#10506,#10507);
#10506 = CARTESIAN_POINT('',(530.7168239746,149.79123537826,
    -12.70230102539));
#10507 = VECTOR('',#10508,1.);
#10508 = DIRECTION('',(0.,-1.,0.));
#10509 = ORIENTED_EDGE('',*,*,#10455,.F.);
#10510 = ORIENTED_EDGE('',*,*,#2441,.F.);
#10511 = ORIENTED_EDGE('',*,*,#10512,.F.);
#10512 = EDGE_CURVE('',#10513,#2442,#10515,.T.);
#10513 = VERTEX_POINT('',#10514);
#10514 = CARTESIAN_POINT('',(530.7168239746,149.22091162872,
    -19.85233817672));
#10515 = LINE('',#10516,#10517);
#10516 = CARTESIAN_POINT('',(530.7168239746,149.22091162872,
    -19.85233817672));
#10517 = VECTOR('',#10518,1.);
#10518 = DIRECTION('',(0.,0.,1.));
#10519 = ORIENTED_EDGE('',*,*,#10520,.T.);
#10520 = EDGE_CURVE('',#10513,#10495,#10521,.T.);
#10521 = LINE('',#10522,#10523);
#10522 = CARTESIAN_POINT('',(530.7168239746,152.39491162872,
    -19.85233817672));
#10523 = VECTOR('',#10524,1.);
#10524 = DIRECTION('',(0.,-1.,0.));
#10525 = PLANE('',#10526);
#10526 = AXIS2_PLACEMENT_3D('',#10527,#10528,#10529);
#10527 = CARTESIAN_POINT('',(530.7168239746,152.39491162872,
    -19.85233817672));
#10528 = DIRECTION('',(-1.,0.,0.));
#10529 = DIRECTION('',(0.,0.,1.));
#10530 = ADVANCED_FACE('',(#10531),#10550,.F.);
#10531 = FACE_BOUND('',#10532,.F.);
#10532 = EDGE_LOOP('',(#10533,#10541,#10548,#10549));
#10533 = ORIENTED_EDGE('',*,*,#10534,.F.);
#10534 = EDGE_CURVE('',#10535,#2450,#10537,.T.);
#10535 = VERTEX_POINT('',#10536);
#10536 = CARTESIAN_POINT('',(533.8908239746,152.39491162872,
    -19.85233817672));
#10537 = LINE('',#10538,#10539);
#10538 = CARTESIAN_POINT('',(533.8908239746,152.39491162872,
    -19.85233817672));
#10539 = VECTOR('',#10540,1.);
#10540 = DIRECTION('',(0.,0.,1.));
#10541 = ORIENTED_EDGE('',*,*,#10542,.T.);
#10542 = EDGE_CURVE('',#10535,#10513,#10543,.T.);
#10543 = CIRCLE('',#10544,3.174);
#10544 = AXIS2_PLACEMENT_3D('',#10545,#10546,#10547);
#10545 = CARTESIAN_POINT('',(533.8908239746,149.22091162872,
    -19.85233817672));
#10546 = DIRECTION('',(0.,-0.,1.));
#10547 = DIRECTION('',(0.,1.,0.));
#10548 = ORIENTED_EDGE('',*,*,#10512,.T.);
#10549 = ORIENTED_EDGE('',*,*,#2449,.F.);
#10550 = CYLINDRICAL_SURFACE('',#10551,3.174);
#10551 = AXIS2_PLACEMENT_3D('',#10552,#10553,#10554);
#10552 = CARTESIAN_POINT('',(533.8908239746,149.22091162872,
    -19.85233817672));
#10553 = DIRECTION('',(0.,0.,1.));
#10554 = DIRECTION('',(0.,1.,0.));
#10555 = ADVANCED_FACE('',(#10556),#10574,.T.);
#10556 = FACE_BOUND('',#10557,.T.);
#10557 = EDGE_LOOP('',(#10558,#10559,#10567,#10573));
#10558 = ORIENTED_EDGE('',*,*,#10534,.F.);
#10559 = ORIENTED_EDGE('',*,*,#10560,.F.);
#10560 = EDGE_CURVE('',#10561,#10535,#10563,.T.);
#10561 = VERTEX_POINT('',#10562);
#10562 = CARTESIAN_POINT('',(549.55282420349,152.39491162872,
    -19.85233817672));
#10563 = LINE('',#10564,#10565);
#10564 = CARTESIAN_POINT('',(552.72682420349,152.39491162872,
    -19.85233817672));
#10565 = VECTOR('',#10566,1.);
#10566 = DIRECTION('',(-1.,0.,0.));
#10567 = ORIENTED_EDGE('',*,*,#10568,.T.);
#10568 = EDGE_CURVE('',#10561,#2459,#10569,.T.);
#10569 = LINE('',#10570,#10571);
#10570 = CARTESIAN_POINT('',(549.55282420349,152.39491162872,
    -19.85233817672));
#10571 = VECTOR('',#10572,1.);
#10572 = DIRECTION('',(0.,0.,1.));
#10573 = ORIENTED_EDGE('',*,*,#2458,.F.);
#10574 = PLANE('',#10575);
#10575 = AXIS2_PLACEMENT_3D('',#10576,#10577,#10578);
#10576 = CARTESIAN_POINT('',(552.72682420349,152.39491162872,
    -19.85233817672));
#10577 = DIRECTION('',(0.,-1.,0.));
#10578 = DIRECTION('',(0.,0.,1.));
#10579 = ADVANCED_FACE('',(#10580),#10599,.F.);
#10580 = FACE_BOUND('',#10581,.F.);
#10581 = EDGE_LOOP('',(#10582,#10590,#10597,#10598));
#10582 = ORIENTED_EDGE('',*,*,#10583,.F.);
#10583 = EDGE_CURVE('',#10584,#2467,#10586,.T.);
#10584 = VERTEX_POINT('',#10585);
#10585 = CARTESIAN_POINT('',(552.72682420349,149.22091162872,
    -19.85233817672));
#10586 = LINE('',#10587,#10588);
#10587 = CARTESIAN_POINT('',(552.72682420349,149.22091162872,
    -19.85233817672));
#10588 = VECTOR('',#10589,1.);
#10589 = DIRECTION('',(0.,0.,1.));
#10590 = ORIENTED_EDGE('',*,*,#10591,.T.);
#10591 = EDGE_CURVE('',#10584,#10561,#10592,.T.);
#10592 = CIRCLE('',#10593,3.174);
#10593 = AXIS2_PLACEMENT_3D('',#10594,#10595,#10596);
#10594 = CARTESIAN_POINT('',(549.55282420349,149.22091162872,
    -19.85233817672));
#10595 = DIRECTION('',(0.,-0.,1.));
#10596 = DIRECTION('',(0.,1.,0.));
#10597 = ORIENTED_EDGE('',*,*,#10568,.T.);
#10598 = ORIENTED_EDGE('',*,*,#2466,.F.);
#10599 = CYLINDRICAL_SURFACE('',#10600,3.174);
#10600 = AXIS2_PLACEMENT_3D('',#10601,#10602,#10603);
#10601 = CARTESIAN_POINT('',(549.55282420349,149.22091162872,
    -19.85233817672));
#10602 = DIRECTION('',(0.,0.,1.));
#10603 = DIRECTION('',(1.,0.,0.));
#10604 = ADVANCED_FACE('',(#10605),#10623,.T.);
#10605 = FACE_BOUND('',#10606,.T.);
#10606 = EDGE_LOOP('',(#10607,#10615,#10616,#10617));
#10607 = ORIENTED_EDGE('',*,*,#10608,.T.);
#10608 = EDGE_CURVE('',#10609,#2476,#10611,.T.);
#10609 = VERTEX_POINT('',#10610);
#10610 = CARTESIAN_POINT('',(552.72682420349,135.59091146469,
    -19.85233817672));
#10611 = LINE('',#10612,#10613);
#10612 = CARTESIAN_POINT('',(552.72682420349,135.59091146469,
    -19.85233817672));
#10613 = VECTOR('',#10614,1.);
#10614 = DIRECTION('',(0.,0.,1.));
#10615 = ORIENTED_EDGE('',*,*,#2475,.F.);
#10616 = ORIENTED_EDGE('',*,*,#10583,.F.);
#10617 = ORIENTED_EDGE('',*,*,#10618,.T.);
#10618 = EDGE_CURVE('',#10584,#10609,#10619,.T.);
#10619 = LINE('',#10620,#10621);
#10620 = CARTESIAN_POINT('',(552.72682420349,152.39491162872,
    -19.85233817672));
#10621 = VECTOR('',#10622,1.);
#10622 = DIRECTION('',(0.,-1.,0.));
#10623 = PLANE('',#10624);
#10624 = AXIS2_PLACEMENT_3D('',#10625,#10626,#10627);
#10625 = CARTESIAN_POINT('',(552.72682420349,152.39491162872,
    -19.85233817672));
#10626 = DIRECTION('',(-1.,0.,0.));
#10627 = DIRECTION('',(0.,0.,1.));
#10628 = ADVANCED_FACE('',(#10629),#10649,.F.);
#10629 = FACE_BOUND('',#10630,.T.);
#10630 = EDGE_LOOP('',(#10631,#10632,#10641,#10647,#10648));
#10631 = ORIENTED_EDGE('',*,*,#10608,.F.);
#10632 = ORIENTED_EDGE('',*,*,#10633,.T.);
#10633 = EDGE_CURVE('',#10609,#10634,#10636,.T.);
#10634 = VERTEX_POINT('',#10635);
#10635 = CARTESIAN_POINT('',(549.55282420349,132.41691146469,
    -19.85233817672));
#10636 = CIRCLE('',#10637,3.174);
#10637 = AXIS2_PLACEMENT_3D('',#10638,#10639,#10640);
#10638 = CARTESIAN_POINT('',(549.55282420349,135.59091146469,
    -19.85233817672));
#10639 = DIRECTION('',(0.,0.,-1.));
#10640 = DIRECTION('',(0.,1.,0.));
#10641 = ORIENTED_EDGE('',*,*,#10642,.T.);
#10642 = EDGE_CURVE('',#10634,#2493,#10643,.T.);
#10643 = LINE('',#10644,#10645);
#10644 = CARTESIAN_POINT('',(549.55282420349,132.41691146469,
    -19.85233817672));
#10645 = VECTOR('',#10646,1.);
#10646 = DIRECTION('',(0.,0.,1.));
#10647 = ORIENTED_EDGE('',*,*,#2492,.T.);
#10648 = ORIENTED_EDGE('',*,*,#2483,.T.);
#10649 = CYLINDRICAL_SURFACE('',#10650,3.174);
#10650 = AXIS2_PLACEMENT_3D('',#10651,#10652,#10653);
#10651 = CARTESIAN_POINT('',(549.55282420349,135.59091146469,
    -19.85233817672));
#10652 = DIRECTION('',(0.,0.,1.));
#10653 = DIRECTION('',(1.,0.,0.));
#10654 = ADVANCED_FACE('',(#10655,#10695),#10706,.T.);
#10655 = FACE_BOUND('',#10656,.T.);
#10656 = EDGE_LOOP('',(#10657,#10658,#10659,#10660,#10669,#10677,#10685,
    #10692,#10693,#10694));
#10657 = ORIENTED_EDGE('',*,*,#10382,.T.);
#10658 = ORIENTED_EDGE('',*,*,#10422,.T.);
#10659 = ORIENTED_EDGE('',*,*,#10471,.F.);
#10660 = ORIENTED_EDGE('',*,*,#10661,.F.);
#10661 = EDGE_CURVE('',#10662,#10472,#10664,.T.);
#10662 = VERTEX_POINT('',#10663);
#10663 = CARTESIAN_POINT('',(541.49732365417,120.96155950927,
    -12.70230102539));
#10664 = CIRCLE('',#10665,3.174);
#10665 = AXIS2_PLACEMENT_3D('',#10666,#10667,#10668);
#10666 = CARTESIAN_POINT('',(538.32332365417,120.96155950927,
    -12.70230102539));
#10667 = DIRECTION('',(0.,0.,-1.));
#10668 = DIRECTION('',(0.,1.,0.));
#10669 = ORIENTED_EDGE('',*,*,#10670,.F.);
#10670 = EDGE_CURVE('',#10671,#10662,#10673,.T.);
#10671 = VERTEX_POINT('',#10672);
#10672 = CARTESIAN_POINT('',(541.49732365417,132.41691146469,
    -12.70230102539));
#10673 = LINE('',#10674,#10675);
#10674 = CARTESIAN_POINT('',(541.49732365417,147.1875591278,
    -12.70230102539));
#10675 = VECTOR('',#10676,1.);
#10676 = DIRECTION('',(0.,-1.,0.));
#10677 = ORIENTED_EDGE('',*,*,#10678,.F.);
#10678 = EDGE_CURVE('',#10679,#10671,#10681,.T.);
#10679 = VERTEX_POINT('',#10680);
#10680 = CARTESIAN_POINT('',(533.8908239746,132.41691146469,
    -12.70230102539));
#10681 = LINE('',#10682,#10683);
#10682 = CARTESIAN_POINT('',(547.11207392883,132.41691146469,
    -12.70230102539));
#10683 = VECTOR('',#10684,1.);
#10684 = DIRECTION('',(1.,0.,0.));
#10685 = ORIENTED_EDGE('',*,*,#10686,.F.);
#10686 = EDGE_CURVE('',#10497,#10679,#10687,.T.);
#10687 = CIRCLE('',#10688,3.174);
#10688 = AXIS2_PLACEMENT_3D('',#10689,#10690,#10691);
#10689 = CARTESIAN_POINT('',(533.8908239746,135.59091146469,
    -12.70230102539));
#10690 = DIRECTION('',(0.,0.,1.));
#10691 = DIRECTION('',(-1.,0.,0.));
#10692 = ORIENTED_EDGE('',*,*,#10504,.F.);
#10693 = ORIENTED_EDGE('',*,*,#10447,.T.);
#10694 = ORIENTED_EDGE('',*,*,#10404,.T.);
#10695 = FACE_BOUND('',#10696,.T.);
#10696 = EDGE_LOOP('',(#10697));
#10697 = ORIENTED_EDGE('',*,*,#10698,.T.);
#10698 = EDGE_CURVE('',#10699,#10699,#10701,.T.);
#10699 = VERTEX_POINT('',#10700);
#10700 = CARTESIAN_POINT('',(526.720375634,132.5,-12.70230102539));
#10701 = CIRCLE('',#10702,1.7272);
#10702 = AXIS2_PLACEMENT_3D('',#10703,#10704,#10705);
#10703 = CARTESIAN_POINT('',(524.993175634,132.5,-12.70230102539));
#10704 = DIRECTION('',(0.,0.,-1.));
#10705 = DIRECTION('',(1.,-0.,0.));
#10706 = PLANE('',#10707);
#10707 = AXIS2_PLACEMENT_3D('',#10708,#10709,#10710);
#10708 = CARTESIAN_POINT('',(541.49732365417,147.1875591278,
    -12.70230102539));
#10709 = DIRECTION('',(0.,0.,1.));
#10710 = DIRECTION('',(-1.,0.,0.));
#10711 = ADVANCED_FACE('',(#10712),#10731,.F.);
#10712 = FACE_BOUND('',#10713,.F.);
#10713 = EDGE_LOOP('',(#10714,#10715,#10723,#10730));
#10714 = ORIENTED_EDGE('',*,*,#10698,.T.);
#10715 = ORIENTED_EDGE('',*,*,#10716,.T.);
#10716 = EDGE_CURVE('',#10699,#10717,#10719,.T.);
#10717 = VERTEX_POINT('',#10718);
#10718 = CARTESIAN_POINT('',(526.720375634,132.5,-38.1));
#10719 = LINE('',#10720,#10721);
#10720 = CARTESIAN_POINT('',(526.720375634,132.5,-12.7));
#10721 = VECTOR('',#10722,1.);
#10722 = DIRECTION('',(0.,0.,-1.));
#10723 = ORIENTED_EDGE('',*,*,#10724,.F.);
#10724 = EDGE_CURVE('',#10717,#10717,#10725,.T.);
#10725 = CIRCLE('',#10726,1.7272);
#10726 = AXIS2_PLACEMENT_3D('',#10727,#10728,#10729);
#10727 = CARTESIAN_POINT('',(524.993175634,132.5,-38.1));
#10728 = DIRECTION('',(0.,0.,-1.));
#10729 = DIRECTION('',(1.,0.,0.));
#10730 = ORIENTED_EDGE('',*,*,#10716,.F.);
#10731 = CYLINDRICAL_SURFACE('',#10732,1.7272);
#10732 = AXIS2_PLACEMENT_3D('',#10733,#10734,#10735);
#10733 = CARTESIAN_POINT('',(524.993175634,132.5,-12.7));
#10734 = DIRECTION('',(0.,0.,-1.));
#10735 = DIRECTION('',(1.,-0.,0.));
#10736 = ADVANCED_FACE('',(#10737),#10748,.F.);
#10737 = FACE_BOUND('',#10738,.T.);
#10738 = EDGE_LOOP('',(#10739,#10745,#10746,#10747));
#10739 = ORIENTED_EDGE('',*,*,#10740,.F.);
#10740 = EDGE_CURVE('',#10662,#2510,#10741,.T.);
#10741 = LINE('',#10742,#10743);
#10742 = CARTESIAN_POINT('',(541.49732365417,120.96155950927,
    -12.70230102539));
#10743 = VECTOR('',#10744,1.);
#10744 = DIRECTION('',(0.,0.,1.));
#10745 = ORIENTED_EDGE('',*,*,#10661,.T.);
#10746 = ORIENTED_EDGE('',*,*,#10479,.T.);
#10747 = ORIENTED_EDGE('',*,*,#2517,.T.);
#10748 = CYLINDRICAL_SURFACE('',#10749,3.174);
#10749 = AXIS2_PLACEMENT_3D('',#10750,#10751,#10752);
#10750 = CARTESIAN_POINT('',(538.32332365417,120.96155950927,
    -12.70230102539));
#10751 = DIRECTION('',(0.,0.,1.));
#10752 = DIRECTION('',(1.,0.,0.));
#10753 = ADVANCED_FACE('',(#10754),#10773,.F.);
#10754 = FACE_BOUND('',#10755,.F.);
#10755 = EDGE_LOOP('',(#10756,#10757,#10766,#10772));
#10756 = ORIENTED_EDGE('',*,*,#10494,.F.);
#10757 = ORIENTED_EDGE('',*,*,#10758,.T.);
#10758 = EDGE_CURVE('',#10495,#10759,#10761,.T.);
#10759 = VERTEX_POINT('',#10760);
#10760 = CARTESIAN_POINT('',(533.8908239746,132.41691146469,
    -19.85233817672));
#10761 = CIRCLE('',#10762,3.174);
#10762 = AXIS2_PLACEMENT_3D('',#10763,#10764,#10765);
#10763 = CARTESIAN_POINT('',(533.8908239746,135.59091146469,
    -19.85233817672));
#10764 = DIRECTION('',(0.,-0.,1.));
#10765 = DIRECTION('',(0.,1.,0.));
#10766 = ORIENTED_EDGE('',*,*,#10767,.T.);
#10767 = EDGE_CURVE('',#10759,#10679,#10768,.T.);
#10768 = LINE('',#10769,#10770);
#10769 = CARTESIAN_POINT('',(533.8908239746,132.41691146469,
    -19.85233817672));
#10770 = VECTOR('',#10771,1.);
#10771 = DIRECTION('',(0.,0.,1.));
#10772 = ORIENTED_EDGE('',*,*,#10686,.F.);
#10773 = CYLINDRICAL_SURFACE('',#10774,3.174);
#10774 = AXIS2_PLACEMENT_3D('',#10775,#10776,#10777);
#10775 = CARTESIAN_POINT('',(533.8908239746,135.59091146469,
    -19.85233817672));
#10776 = DIRECTION('',(0.,0.,1.));
#10777 = DIRECTION('',(-1.,0.,0.));
#10778 = ADVANCED_FACE('',(#10779),#10794,.T.);
#10779 = FACE_BOUND('',#10780,.T.);
#10780 = EDGE_LOOP('',(#10781,#10782,#10783,#10789,#10790,#10791,#10792,
    #10793));
#10781 = ORIENTED_EDGE('',*,*,#10520,.T.);
#10782 = ORIENTED_EDGE('',*,*,#10758,.T.);
#10783 = ORIENTED_EDGE('',*,*,#10784,.F.);
#10784 = EDGE_CURVE('',#10634,#10759,#10785,.T.);
#10785 = LINE('',#10786,#10787);
#10786 = CARTESIAN_POINT('',(552.72682420349,132.41691146469,
    -19.85233817672));
#10787 = VECTOR('',#10788,1.);
#10788 = DIRECTION('',(-1.,0.,0.));
#10789 = ORIENTED_EDGE('',*,*,#10633,.F.);
#10790 = ORIENTED_EDGE('',*,*,#10618,.F.);
#10791 = ORIENTED_EDGE('',*,*,#10591,.T.);
#10792 = ORIENTED_EDGE('',*,*,#10560,.T.);
#10793 = ORIENTED_EDGE('',*,*,#10542,.T.);
#10794 = PLANE('',#10795);
#10795 = AXIS2_PLACEMENT_3D('',#10796,#10797,#10798);
#10796 = CARTESIAN_POINT('',(552.72682420349,152.39491162872,
    -19.85233817672));
#10797 = DIRECTION('',(0.,0.,1.));
#10798 = DIRECTION('',(-1.,0.,0.));
#10799 = ADVANCED_FACE('',(#10800),#10811,.T.);
#10800 = FACE_BOUND('',#10801,.T.);
#10801 = EDGE_LOOP('',(#10802,#10803,#10804,#10805));
#10802 = ORIENTED_EDGE('',*,*,#10670,.T.);
#10803 = ORIENTED_EDGE('',*,*,#10740,.T.);
#10804 = ORIENTED_EDGE('',*,*,#2509,.F.);
#10805 = ORIENTED_EDGE('',*,*,#10806,.F.);
#10806 = EDGE_CURVE('',#10671,#2502,#10807,.T.);
#10807 = LINE('',#10808,#10809);
#10808 = CARTESIAN_POINT('',(541.49732365417,132.41691146469,
    -16.27731960105));
#10809 = VECTOR('',#10810,1.);
#10810 = DIRECTION('',(0.,0.,1.));
#10811 = PLANE('',#10812);
#10812 = AXIS2_PLACEMENT_3D('',#10813,#10814,#10815);
#10813 = CARTESIAN_POINT('',(541.49732365417,147.1875591278,
    -12.70230102539));
#10814 = DIRECTION('',(-1.,0.,0.));
#10815 = DIRECTION('',(0.,0.,1.));
#10816 = ADVANCED_FACE('',(#10817),#10825,.F.);
#10817 = FACE_BOUND('',#10818,.F.);
#10818 = EDGE_LOOP('',(#10819,#10820,#10821,#10822,#10823,#10824));
#10819 = ORIENTED_EDGE('',*,*,#10767,.F.);
#10820 = ORIENTED_EDGE('',*,*,#10784,.F.);
#10821 = ORIENTED_EDGE('',*,*,#10642,.T.);
#10822 = ORIENTED_EDGE('',*,*,#2501,.F.);
#10823 = ORIENTED_EDGE('',*,*,#10806,.F.);
#10824 = ORIENTED_EDGE('',*,*,#10678,.F.);
#10825 = PLANE('',#10826);
#10826 = AXIS2_PLACEMENT_3D('',#10827,#10828,#10829);
#10827 = CARTESIAN_POINT('',(552.72682420349,132.41691146469,
    -19.85233817672));
#10828 = DIRECTION('',(0.,-1.,0.));
#10829 = DIRECTION('',(0.,0.,1.));
#10830 = ADVANCED_FACE('',(#10831),#10856,.F.);
#10831 = FACE_BOUND('',#10832,.F.);
#10832 = EDGE_LOOP('',(#10833,#10841,#10842,#10850));
#10833 = ORIENTED_EDGE('',*,*,#10834,.T.);
#10834 = EDGE_CURVE('',#10835,#2546,#10837,.T.);
#10835 = VERTEX_POINT('',#10836);
#10836 = CARTESIAN_POINT('',(506.80649819183,202.96155950927,
    -12.70230102539));
#10837 = LINE('',#10838,#10839);
#10838 = CARTESIAN_POINT('',(506.80649819183,202.96155950927,
    -12.70230102539));
#10839 = VECTOR('',#10840,1.);
#10840 = DIRECTION('',(0.,0.,1.));
#10841 = ORIENTED_EDGE('',*,*,#2543,.F.);
#10842 = ORIENTED_EDGE('',*,*,#10843,.F.);
#10843 = EDGE_CURVE('',#10844,#2544,#10846,.T.);
#10844 = VERTEX_POINT('',#10845);
#10845 = CARTESIAN_POINT('',(506.80649819183,226.0135591278,
    -12.70230102539));
#10846 = LINE('',#10847,#10848);
#10847 = CARTESIAN_POINT('',(506.80649819183,226.0135591278,
    -12.70230102539));
#10848 = VECTOR('',#10849,1.);
#10849 = DIRECTION('',(0.,0.,1.));
#10850 = ORIENTED_EDGE('',*,*,#10851,.T.);
#10851 = EDGE_CURVE('',#10844,#10835,#10852,.T.);
#10852 = LINE('',#10853,#10854);
#10853 = CARTESIAN_POINT('',(506.80649819183,229.1875591278,
    -12.70230102539));
#10854 = VECTOR('',#10855,1.);
#10855 = DIRECTION('',(0.,-1.,0.));
#10856 = PLANE('',#10857);
#10857 = AXIS2_PLACEMENT_3D('',#10858,#10859,#10860);
#10858 = CARTESIAN_POINT('',(506.80649819183,229.1875591278,
    -12.70230102539));
#10859 = DIRECTION('',(-1.,0.,0.));
#10860 = DIRECTION('',(0.,0.,1.));
#10861 = ADVANCED_FACE('',(#10862),#10881,.F.);
#10862 = FACE_BOUND('',#10863,.F.);
#10863 = EDGE_LOOP('',(#10864,#10872,#10879,#10880));
#10864 = ORIENTED_EDGE('',*,*,#10865,.F.);
#10865 = EDGE_CURVE('',#10866,#2554,#10868,.T.);
#10866 = VERTEX_POINT('',#10867);
#10867 = CARTESIAN_POINT('',(509.98049819183,229.1875591278,
    -12.70230102539));
#10868 = LINE('',#10869,#10870);
#10869 = CARTESIAN_POINT('',(509.98049819183,229.1875591278,
    -12.70230102539));
#10870 = VECTOR('',#10871,1.);
#10871 = DIRECTION('',(0.,0.,1.));
#10872 = ORIENTED_EDGE('',*,*,#10873,.T.);
#10873 = EDGE_CURVE('',#10866,#10844,#10874,.T.);
#10874 = CIRCLE('',#10875,3.174);
#10875 = AXIS2_PLACEMENT_3D('',#10876,#10877,#10878);
#10876 = CARTESIAN_POINT('',(509.98049819183,226.0135591278,
    -12.70230102539));
#10877 = DIRECTION('',(0.,-0.,1.));
#10878 = DIRECTION('',(0.,1.,0.));
#10879 = ORIENTED_EDGE('',*,*,#10843,.T.);
#10880 = ORIENTED_EDGE('',*,*,#2553,.F.);
#10881 = CYLINDRICAL_SURFACE('',#10882,3.174);
#10882 = AXIS2_PLACEMENT_3D('',#10883,#10884,#10885);
#10883 = CARTESIAN_POINT('',(509.98049819183,226.0135591278,
    -12.70230102539));
#10884 = DIRECTION('',(0.,0.,1.));
#10885 = DIRECTION('',(0.,1.,0.));
#10886 = ADVANCED_FACE('',(#10887),#10906,.F.);
#10887 = FACE_BOUND('',#10888,.F.);
#10888 = EDGE_LOOP('',(#10889,#10890,#10899,#10905));
#10889 = ORIENTED_EDGE('',*,*,#10834,.F.);
#10890 = ORIENTED_EDGE('',*,*,#10891,.T.);
#10891 = EDGE_CURVE('',#10835,#10892,#10894,.T.);
#10892 = VERTEX_POINT('',#10893);
#10893 = CARTESIAN_POINT('',(509.98049819183,199.78755950927,
    -12.70230102539));
#10894 = CIRCLE('',#10895,3.174);
#10895 = AXIS2_PLACEMENT_3D('',#10896,#10897,#10898);
#10896 = CARTESIAN_POINT('',(509.98049819183,202.96155950927,
    -12.70230102539));
#10897 = DIRECTION('',(0.,-0.,1.));
#10898 = DIRECTION('',(0.,1.,0.));
#10899 = ORIENTED_EDGE('',*,*,#10900,.T.);
#10900 = EDGE_CURVE('',#10892,#2656,#10901,.T.);
#10901 = LINE('',#10902,#10903);
#10902 = CARTESIAN_POINT('',(509.98049819183,199.78755950927,
    -12.70230102539));
#10903 = VECTOR('',#10904,1.);
#10904 = DIRECTION('',(0.,0.,1.));
#10905 = ORIENTED_EDGE('',*,*,#2663,.F.);
#10906 = CYLINDRICAL_SURFACE('',#10907,3.174);
#10907 = AXIS2_PLACEMENT_3D('',#10908,#10909,#10910);
#10908 = CARTESIAN_POINT('',(509.98049819183,202.96155950927,
    -12.70230102539));
#10909 = DIRECTION('',(0.,0.,1.));
#10910 = DIRECTION('',(-1.,0.,0.));
#10911 = ADVANCED_FACE('',(#10912),#10930,.T.);
#10912 = FACE_BOUND('',#10913,.T.);
#10913 = EDGE_LOOP('',(#10914,#10915,#10923,#10929));
#10914 = ORIENTED_EDGE('',*,*,#10865,.F.);
#10915 = ORIENTED_EDGE('',*,*,#10916,.F.);
#10916 = EDGE_CURVE('',#10917,#10866,#10919,.T.);
#10917 = VERTEX_POINT('',#10918);
#10918 = CARTESIAN_POINT('',(530.7168239746,229.1875591278,
    -12.70230102539));
#10919 = LINE('',#10920,#10921);
#10920 = CARTESIAN_POINT('',(541.49732365417,229.1875591278,
    -12.70230102539));
#10921 = VECTOR('',#10922,1.);
#10922 = DIRECTION('',(-1.,0.,0.));
#10923 = ORIENTED_EDGE('',*,*,#10924,.F.);
#10924 = EDGE_CURVE('',#2563,#10917,#10925,.T.);
#10925 = LINE('',#10926,#10927);
#10926 = CARTESIAN_POINT('',(530.7168239746,229.1875591278,
    -16.27731960105));
#10927 = VECTOR('',#10928,1.);
#10928 = DIRECTION('',(-0.,-0.,-1.));
#10929 = ORIENTED_EDGE('',*,*,#2562,.F.);
#10930 = PLANE('',#10931);
#10931 = AXIS2_PLACEMENT_3D('',#10932,#10933,#10934);
#10932 = CARTESIAN_POINT('',(541.49732365417,229.1875591278,
    -12.70230102539));
#10933 = DIRECTION('',(0.,-1.,0.));
#10934 = DIRECTION('',(0.,0.,1.));
#10935 = ADVANCED_FACE('',(#10936),#10954,.F.);
#10936 = FACE_BOUND('',#10937,.F.);
#10937 = EDGE_LOOP('',(#10938,#10939,#10947,#10953));
#10938 = ORIENTED_EDGE('',*,*,#10900,.F.);
#10939 = ORIENTED_EDGE('',*,*,#10940,.F.);
#10940 = EDGE_CURVE('',#10941,#10892,#10943,.T.);
#10941 = VERTEX_POINT('',#10942);
#10942 = CARTESIAN_POINT('',(538.32332365417,199.78755950927,
    -12.70230102539));
#10943 = LINE('',#10944,#10945);
#10944 = CARTESIAN_POINT('',(541.49732365417,199.78755950927,
    -12.70230102539));
#10945 = VECTOR('',#10946,1.);
#10946 = DIRECTION('',(-1.,0.,0.));
#10947 = ORIENTED_EDGE('',*,*,#10948,.T.);
#10948 = EDGE_CURVE('',#10941,#2647,#10949,.T.);
#10949 = LINE('',#10950,#10951);
#10950 = CARTESIAN_POINT('',(538.32332365417,199.78755950927,
    -12.70230102539));
#10951 = VECTOR('',#10952,1.);
#10952 = DIRECTION('',(0.,0.,1.));
#10953 = ORIENTED_EDGE('',*,*,#2655,.F.);
#10954 = PLANE('',#10955);
#10955 = AXIS2_PLACEMENT_3D('',#10956,#10957,#10958);
#10956 = CARTESIAN_POINT('',(541.49732365417,199.78755950927,
    -12.70230102539));
#10957 = DIRECTION('',(0.,-1.,0.));
#10958 = DIRECTION('',(0.,0.,1.));
#10959 = ADVANCED_FACE('',(#10960),#10994,.F.);
#10960 = FACE_BOUND('',#10961,.F.);
#10961 = EDGE_LOOP('',(#10962,#10972,#10978,#10979,#10980,#10988));
#10962 = ORIENTED_EDGE('',*,*,#10963,.T.);
#10963 = EDGE_CURVE('',#10964,#10966,#10968,.T.);
#10964 = VERTEX_POINT('',#10965);
#10965 = CARTESIAN_POINT('',(530.7168239746,217.59091146469,
    -19.85233817672));
#10966 = VERTEX_POINT('',#10967);
#10967 = CARTESIAN_POINT('',(530.7168239746,217.59091146469,
    -12.70230102539));
#10968 = LINE('',#10969,#10970);
#10969 = CARTESIAN_POINT('',(530.7168239746,217.59091146469,
    -19.85233817672));
#10970 = VECTOR('',#10971,1.);
#10971 = DIRECTION('',(0.,0.,1.));
#10972 = ORIENTED_EDGE('',*,*,#10973,.F.);
#10973 = EDGE_CURVE('',#10917,#10966,#10974,.T.);
#10974 = LINE('',#10975,#10976);
#10975 = CARTESIAN_POINT('',(530.7168239746,231.79123537826,
    -12.70230102539));
#10976 = VECTOR('',#10977,1.);
#10977 = DIRECTION('',(0.,-1.,0.));
#10978 = ORIENTED_EDGE('',*,*,#10924,.F.);
#10979 = ORIENTED_EDGE('',*,*,#2570,.F.);
#10980 = ORIENTED_EDGE('',*,*,#10981,.F.);
#10981 = EDGE_CURVE('',#10982,#2571,#10984,.T.);
#10982 = VERTEX_POINT('',#10983);
#10983 = CARTESIAN_POINT('',(530.7168239746,231.22091162872,
    -19.85233817672));
#10984 = LINE('',#10985,#10986);
#10985 = CARTESIAN_POINT('',(530.7168239746,231.22091162872,
    -19.85233817672));
#10986 = VECTOR('',#10987,1.);
#10987 = DIRECTION('',(0.,0.,1.));
#10988 = ORIENTED_EDGE('',*,*,#10989,.T.);
#10989 = EDGE_CURVE('',#10982,#10964,#10990,.T.);
#10990 = LINE('',#10991,#10992);
#10991 = CARTESIAN_POINT('',(530.7168239746,234.39491162872,
    -19.85233817672));
#10992 = VECTOR('',#10993,1.);
#10993 = DIRECTION('',(0.,-1.,0.));
#10994 = PLANE('',#10995);
#10995 = AXIS2_PLACEMENT_3D('',#10996,#10997,#10998);
#10996 = CARTESIAN_POINT('',(530.7168239746,234.39491162872,
    -19.85233817672));
#10997 = DIRECTION('',(-1.,0.,0.));
#10998 = DIRECTION('',(0.,0.,1.));
#10999 = ADVANCED_FACE('',(#11000),#11019,.F.);
#11000 = FACE_BOUND('',#11001,.F.);
#11001 = EDGE_LOOP('',(#11002,#11010,#11017,#11018));
#11002 = ORIENTED_EDGE('',*,*,#11003,.F.);
#11003 = EDGE_CURVE('',#11004,#2579,#11006,.T.);
#11004 = VERTEX_POINT('',#11005);
#11005 = CARTESIAN_POINT('',(533.8908239746,234.39491162872,
    -19.85233817672));
#11006 = LINE('',#11007,#11008);
#11007 = CARTESIAN_POINT('',(533.8908239746,234.39491162872,
    -19.85233817672));
#11008 = VECTOR('',#11009,1.);
#11009 = DIRECTION('',(0.,0.,1.));
#11010 = ORIENTED_EDGE('',*,*,#11011,.T.);
#11011 = EDGE_CURVE('',#11004,#10982,#11012,.T.);
#11012 = CIRCLE('',#11013,3.174);
#11013 = AXIS2_PLACEMENT_3D('',#11014,#11015,#11016);
#11014 = CARTESIAN_POINT('',(533.8908239746,231.22091162872,
    -19.85233817672));
#11015 = DIRECTION('',(0.,-0.,1.));
#11016 = DIRECTION('',(0.,1.,0.));
#11017 = ORIENTED_EDGE('',*,*,#10981,.T.);
#11018 = ORIENTED_EDGE('',*,*,#2578,.F.);
#11019 = CYLINDRICAL_SURFACE('',#11020,3.174);
#11020 = AXIS2_PLACEMENT_3D('',#11021,#11022,#11023);
#11021 = CARTESIAN_POINT('',(533.8908239746,231.22091162872,
    -19.85233817672));
#11022 = DIRECTION('',(0.,0.,1.));
#11023 = DIRECTION('',(0.,1.,0.));
#11024 = ADVANCED_FACE('',(#11025),#11043,.T.);
#11025 = FACE_BOUND('',#11026,.T.);
#11026 = EDGE_LOOP('',(#11027,#11028,#11036,#11042));
#11027 = ORIENTED_EDGE('',*,*,#11003,.F.);
#11028 = ORIENTED_EDGE('',*,*,#11029,.F.);
#11029 = EDGE_CURVE('',#11030,#11004,#11032,.T.);
#11030 = VERTEX_POINT('',#11031);
#11031 = CARTESIAN_POINT('',(549.55282420349,234.39491162872,
    -19.85233817672));
#11032 = LINE('',#11033,#11034);
#11033 = CARTESIAN_POINT('',(552.72682420349,234.39491162872,
    -19.85233817672));
#11034 = VECTOR('',#11035,1.);
#11035 = DIRECTION('',(-1.,0.,0.));
#11036 = ORIENTED_EDGE('',*,*,#11037,.T.);
#11037 = EDGE_CURVE('',#11030,#2588,#11038,.T.);
#11038 = LINE('',#11039,#11040);
#11039 = CARTESIAN_POINT('',(549.55282420349,234.39491162872,
    -19.85233817672));
#11040 = VECTOR('',#11041,1.);
#11041 = DIRECTION('',(0.,0.,1.));
#11042 = ORIENTED_EDGE('',*,*,#2587,.F.);
#11043 = PLANE('',#11044);
#11044 = AXIS2_PLACEMENT_3D('',#11045,#11046,#11047);
#11045 = CARTESIAN_POINT('',(552.72682420349,234.39491162872,
    -19.85233817672));
#11046 = DIRECTION('',(0.,-1.,0.));
#11047 = DIRECTION('',(0.,0.,1.));
#11048 = ADVANCED_FACE('',(#11049),#11068,.F.);
#11049 = FACE_BOUND('',#11050,.F.);
#11050 = EDGE_LOOP('',(#11051,#11059,#11066,#11067));
#11051 = ORIENTED_EDGE('',*,*,#11052,.F.);
#11052 = EDGE_CURVE('',#11053,#2596,#11055,.T.);
#11053 = VERTEX_POINT('',#11054);
#11054 = CARTESIAN_POINT('',(552.72682420349,231.22091162872,
    -19.85233817672));
#11055 = LINE('',#11056,#11057);
#11056 = CARTESIAN_POINT('',(552.72682420349,231.22091162872,
    -19.85233817672));
#11057 = VECTOR('',#11058,1.);
#11058 = DIRECTION('',(0.,0.,1.));
#11059 = ORIENTED_EDGE('',*,*,#11060,.T.);
#11060 = EDGE_CURVE('',#11053,#11030,#11061,.T.);
#11061 = CIRCLE('',#11062,3.174);
#11062 = AXIS2_PLACEMENT_3D('',#11063,#11064,#11065);
#11063 = CARTESIAN_POINT('',(549.55282420349,231.22091162872,
    -19.85233817672));
#11064 = DIRECTION('',(0.,-0.,1.));
#11065 = DIRECTION('',(0.,1.,0.));
#11066 = ORIENTED_EDGE('',*,*,#11037,.T.);
#11067 = ORIENTED_EDGE('',*,*,#2595,.F.);
#11068 = CYLINDRICAL_SURFACE('',#11069,3.174);
#11069 = AXIS2_PLACEMENT_3D('',#11070,#11071,#11072);
#11070 = CARTESIAN_POINT('',(549.55282420349,231.22091162872,
    -19.85233817672));
#11071 = DIRECTION('',(0.,0.,1.));
#11072 = DIRECTION('',(1.,0.,0.));
#11073 = ADVANCED_FACE('',(#11074),#11092,.T.);
#11074 = FACE_BOUND('',#11075,.T.);
#11075 = EDGE_LOOP('',(#11076,#11084,#11085,#11086));
#11076 = ORIENTED_EDGE('',*,*,#11077,.T.);
#11077 = EDGE_CURVE('',#11078,#2605,#11080,.T.);
#11078 = VERTEX_POINT('',#11079);
#11079 = CARTESIAN_POINT('',(552.72682420349,217.59091146469,
    -19.85233817672));
#11080 = LINE('',#11081,#11082);
#11081 = CARTESIAN_POINT('',(552.72682420349,217.59091146469,
    -19.85233817672));
#11082 = VECTOR('',#11083,1.);
#11083 = DIRECTION('',(0.,0.,1.));
#11084 = ORIENTED_EDGE('',*,*,#2604,.F.);
#11085 = ORIENTED_EDGE('',*,*,#11052,.F.);
#11086 = ORIENTED_EDGE('',*,*,#11087,.T.);
#11087 = EDGE_CURVE('',#11053,#11078,#11088,.T.);
#11088 = LINE('',#11089,#11090);
#11089 = CARTESIAN_POINT('',(552.72682420349,234.39491162872,
    -19.85233817672));
#11090 = VECTOR('',#11091,1.);
#11091 = DIRECTION('',(0.,-1.,0.));
#11092 = PLANE('',#11093);
#11093 = AXIS2_PLACEMENT_3D('',#11094,#11095,#11096);
#11094 = CARTESIAN_POINT('',(552.72682420349,234.39491162872,
    -19.85233817672));
#11095 = DIRECTION('',(-1.,0.,0.));
#11096 = DIRECTION('',(0.,0.,1.));
#11097 = ADVANCED_FACE('',(#11098),#11118,.F.);
#11098 = FACE_BOUND('',#11099,.T.);
#11099 = EDGE_LOOP('',(#11100,#11101,#11110,#11116,#11117));
#11100 = ORIENTED_EDGE('',*,*,#11077,.F.);
#11101 = ORIENTED_EDGE('',*,*,#11102,.T.);
#11102 = EDGE_CURVE('',#11078,#11103,#11105,.T.);
#11103 = VERTEX_POINT('',#11104);
#11104 = CARTESIAN_POINT('',(549.55282420349,214.41691146469,
    -19.85233817672));
#11105 = CIRCLE('',#11106,3.174);
#11106 = AXIS2_PLACEMENT_3D('',#11107,#11108,#11109);
#11107 = CARTESIAN_POINT('',(549.55282420349,217.59091146469,
    -19.85233817672));
#11108 = DIRECTION('',(0.,0.,-1.));
#11109 = DIRECTION('',(0.,1.,0.));
#11110 = ORIENTED_EDGE('',*,*,#11111,.T.);
#11111 = EDGE_CURVE('',#11103,#2622,#11112,.T.);
#11112 = LINE('',#11113,#11114);
#11113 = CARTESIAN_POINT('',(549.55282420349,214.41691146469,
    -19.85233817672));
#11114 = VECTOR('',#11115,1.);
#11115 = DIRECTION('',(0.,0.,1.));
#11116 = ORIENTED_EDGE('',*,*,#2621,.T.);
#11117 = ORIENTED_EDGE('',*,*,#2612,.T.);
#11118 = CYLINDRICAL_SURFACE('',#11119,3.174);
#11119 = AXIS2_PLACEMENT_3D('',#11120,#11121,#11122);
#11120 = CARTESIAN_POINT('',(549.55282420349,217.59091146469,
    -19.85233817672));
#11121 = DIRECTION('',(0.,0.,1.));
#11122 = DIRECTION('',(1.,0.,0.));
#11123 = ADVANCED_FACE('',(#11124,#11164),#11175,.T.);
#11124 = FACE_BOUND('',#11125,.T.);
#11125 = EDGE_LOOP('',(#11126,#11127,#11128,#11129,#11138,#11146,#11154,
    #11161,#11162,#11163));
#11126 = ORIENTED_EDGE('',*,*,#10851,.T.);
#11127 = ORIENTED_EDGE('',*,*,#10891,.T.);
#11128 = ORIENTED_EDGE('',*,*,#10940,.F.);
#11129 = ORIENTED_EDGE('',*,*,#11130,.F.);
#11130 = EDGE_CURVE('',#11131,#10941,#11133,.T.);
#11131 = VERTEX_POINT('',#11132);
#11132 = CARTESIAN_POINT('',(541.49732365417,202.96155950927,
    -12.70230102539));
#11133 = CIRCLE('',#11134,3.174);
#11134 = AXIS2_PLACEMENT_3D('',#11135,#11136,#11137);
#11135 = CARTESIAN_POINT('',(538.32332365417,202.96155950927,
    -12.70230102539));
#11136 = DIRECTION('',(0.,0.,-1.));
#11137 = DIRECTION('',(0.,1.,0.));
#11138 = ORIENTED_EDGE('',*,*,#11139,.F.);
#11139 = EDGE_CURVE('',#11140,#11131,#11142,.T.);
#11140 = VERTEX_POINT('',#11141);
#11141 = CARTESIAN_POINT('',(541.49732365417,214.41691146469,
    -12.70230102539));
#11142 = LINE('',#11143,#11144);
#11143 = CARTESIAN_POINT('',(541.49732365417,229.1875591278,
    -12.70230102539));
#11144 = VECTOR('',#11145,1.);
#11145 = DIRECTION('',(0.,-1.,0.));
#11146 = ORIENTED_EDGE('',*,*,#11147,.F.);
#11147 = EDGE_CURVE('',#11148,#11140,#11150,.T.);
#11148 = VERTEX_POINT('',#11149);
#11149 = CARTESIAN_POINT('',(533.8908239746,214.41691146469,
    -12.70230102539));
#11150 = LINE('',#11151,#11152);
#11151 = CARTESIAN_POINT('',(547.11207392883,214.41691146469,
    -12.70230102539));
#11152 = VECTOR('',#11153,1.);
#11153 = DIRECTION('',(1.,0.,0.));
#11154 = ORIENTED_EDGE('',*,*,#11155,.F.);
#11155 = EDGE_CURVE('',#10966,#11148,#11156,.T.);
#11156 = CIRCLE('',#11157,3.174);
#11157 = AXIS2_PLACEMENT_3D('',#11158,#11159,#11160);
#11158 = CARTESIAN_POINT('',(533.8908239746,217.59091146469,
    -12.70230102539));
#11159 = DIRECTION('',(0.,0.,1.));
#11160 = DIRECTION('',(-1.,0.,0.));
#11161 = ORIENTED_EDGE('',*,*,#10973,.F.);
#11162 = ORIENTED_EDGE('',*,*,#10916,.T.);
#11163 = ORIENTED_EDGE('',*,*,#10873,.T.);
#11164 = FACE_BOUND('',#11165,.T.);
#11165 = EDGE_LOOP('',(#11166));
#11166 = ORIENTED_EDGE('',*,*,#11167,.T.);
#11167 = EDGE_CURVE('',#11168,#11168,#11170,.T.);
#11168 = VERTEX_POINT('',#11169);
#11169 = CARTESIAN_POINT('',(526.720375634,214.5,-12.70230102539));
#11170 = CIRCLE('',#11171,1.7272);
#11171 = AXIS2_PLACEMENT_3D('',#11172,#11173,#11174);
#11172 = CARTESIAN_POINT('',(524.993175634,214.5,-12.70230102539));
#11173 = DIRECTION('',(0.,0.,-1.));
#11174 = DIRECTION('',(1.,-0.,0.));
#11175 = PLANE('',#11176);
#11176 = AXIS2_PLACEMENT_3D('',#11177,#11178,#11179);
#11177 = CARTESIAN_POINT('',(541.49732365417,229.1875591278,
    -12.70230102539));
#11178 = DIRECTION('',(0.,0.,1.));
#11179 = DIRECTION('',(-1.,0.,0.));
#11180 = ADVANCED_FACE('',(#11181),#11200,.F.);
#11181 = FACE_BOUND('',#11182,.F.);
#11182 = EDGE_LOOP('',(#11183,#11184,#11192,#11199));
#11183 = ORIENTED_EDGE('',*,*,#11167,.T.);
#11184 = ORIENTED_EDGE('',*,*,#11185,.T.);
#11185 = EDGE_CURVE('',#11168,#11186,#11188,.T.);
#11186 = VERTEX_POINT('',#11187);
#11187 = CARTESIAN_POINT('',(526.720375634,214.5,-38.1));
#11188 = LINE('',#11189,#11190);
#11189 = CARTESIAN_POINT('',(526.720375634,214.5,-12.7));
#11190 = VECTOR('',#11191,1.);
#11191 = DIRECTION('',(0.,0.,-1.));
#11192 = ORIENTED_EDGE('',*,*,#11193,.F.);
#11193 = EDGE_CURVE('',#11186,#11186,#11194,.T.);
#11194 = CIRCLE('',#11195,1.7272);
#11195 = AXIS2_PLACEMENT_3D('',#11196,#11197,#11198);
#11196 = CARTESIAN_POINT('',(524.993175634,214.5,-38.1));
#11197 = DIRECTION('',(0.,0.,-1.));
#11198 = DIRECTION('',(1.,0.,0.));
#11199 = ORIENTED_EDGE('',*,*,#11185,.F.);
#11200 = CYLINDRICAL_SURFACE('',#11201,1.7272);
#11201 = AXIS2_PLACEMENT_3D('',#11202,#11203,#11204);
#11202 = CARTESIAN_POINT('',(524.993175634,214.5,-12.7));
#11203 = DIRECTION('',(0.,0.,-1.));
#11204 = DIRECTION('',(1.,-0.,0.));
#11205 = ADVANCED_FACE('',(#11206),#11217,.F.);
#11206 = FACE_BOUND('',#11207,.T.);
#11207 = EDGE_LOOP('',(#11208,#11214,#11215,#11216));
#11208 = ORIENTED_EDGE('',*,*,#11209,.F.);
#11209 = EDGE_CURVE('',#11131,#2639,#11210,.T.);
#11210 = LINE('',#11211,#11212);
#11211 = CARTESIAN_POINT('',(541.49732365417,202.96155950927,
    -12.70230102539));
#11212 = VECTOR('',#11213,1.);
#11213 = DIRECTION('',(0.,0.,1.));
#11214 = ORIENTED_EDGE('',*,*,#11130,.T.);
#11215 = ORIENTED_EDGE('',*,*,#10948,.T.);
#11216 = ORIENTED_EDGE('',*,*,#2646,.T.);
#11217 = CYLINDRICAL_SURFACE('',#11218,3.174);
#11218 = AXIS2_PLACEMENT_3D('',#11219,#11220,#11221);
#11219 = CARTESIAN_POINT('',(538.32332365417,202.96155950927,
    -12.70230102539));
#11220 = DIRECTION('',(0.,0.,1.));
#11221 = DIRECTION('',(1.,0.,0.));
#11222 = ADVANCED_FACE('',(#11223),#11242,.F.);
#11223 = FACE_BOUND('',#11224,.F.);
#11224 = EDGE_LOOP('',(#11225,#11226,#11235,#11241));
#11225 = ORIENTED_EDGE('',*,*,#10963,.F.);
#11226 = ORIENTED_EDGE('',*,*,#11227,.T.);
#11227 = EDGE_CURVE('',#10964,#11228,#11230,.T.);
#11228 = VERTEX_POINT('',#11229);
#11229 = CARTESIAN_POINT('',(533.8908239746,214.41691146469,
    -19.85233817672));
#11230 = CIRCLE('',#11231,3.174);
#11231 = AXIS2_PLACEMENT_3D('',#11232,#11233,#11234);
#11232 = CARTESIAN_POINT('',(533.8908239746,217.59091146469,
    -19.85233817672));
#11233 = DIRECTION('',(0.,-0.,1.));
#11234 = DIRECTION('',(0.,1.,0.));
#11235 = ORIENTED_EDGE('',*,*,#11236,.T.);
#11236 = EDGE_CURVE('',#11228,#11148,#11237,.T.);
#11237 = LINE('',#11238,#11239);
#11238 = CARTESIAN_POINT('',(533.8908239746,214.41691146469,
    -19.85233817672));
#11239 = VECTOR('',#11240,1.);
#11240 = DIRECTION('',(0.,0.,1.));
#11241 = ORIENTED_EDGE('',*,*,#11155,.F.);
#11242 = CYLINDRICAL_SURFACE('',#11243,3.174);
#11243 = AXIS2_PLACEMENT_3D('',#11244,#11245,#11246);
#11244 = CARTESIAN_POINT('',(533.8908239746,217.59091146469,
    -19.85233817672));
#11245 = DIRECTION('',(0.,0.,1.));
#11246 = DIRECTION('',(-1.,0.,0.));
#11247 = ADVANCED_FACE('',(#11248),#11263,.T.);
#11248 = FACE_BOUND('',#11249,.T.);
#11249 = EDGE_LOOP('',(#11250,#11251,#11252,#11258,#11259,#11260,#11261,
    #11262));
#11250 = ORIENTED_EDGE('',*,*,#10989,.T.);
#11251 = ORIENTED_EDGE('',*,*,#11227,.T.);
#11252 = ORIENTED_EDGE('',*,*,#11253,.F.);
#11253 = EDGE_CURVE('',#11103,#11228,#11254,.T.);
#11254 = LINE('',#11255,#11256);
#11255 = CARTESIAN_POINT('',(552.72682420349,214.41691146469,
    -19.85233817672));
#11256 = VECTOR('',#11257,1.);
#11257 = DIRECTION('',(-1.,0.,0.));
#11258 = ORIENTED_EDGE('',*,*,#11102,.F.);
#11259 = ORIENTED_EDGE('',*,*,#11087,.F.);
#11260 = ORIENTED_EDGE('',*,*,#11060,.T.);
#11261 = ORIENTED_EDGE('',*,*,#11029,.T.);
#11262 = ORIENTED_EDGE('',*,*,#11011,.T.);
#11263 = PLANE('',#11264);
#11264 = AXIS2_PLACEMENT_3D('',#11265,#11266,#11267);
#11265 = CARTESIAN_POINT('',(552.72682420349,234.39491162872,
    -19.85233817672));
#11266 = DIRECTION('',(0.,0.,1.));
#11267 = DIRECTION('',(-1.,0.,0.));
#11268 = ADVANCED_FACE('',(#11269),#11280,.T.);
#11269 = FACE_BOUND('',#11270,.T.);
#11270 = EDGE_LOOP('',(#11271,#11272,#11273,#11274));
#11271 = ORIENTED_EDGE('',*,*,#11139,.T.);
#11272 = ORIENTED_EDGE('',*,*,#11209,.T.);
#11273 = ORIENTED_EDGE('',*,*,#2638,.F.);
#11274 = ORIENTED_EDGE('',*,*,#11275,.F.);
#11275 = EDGE_CURVE('',#11140,#2631,#11276,.T.);
#11276 = LINE('',#11277,#11278);
#11277 = CARTESIAN_POINT('',(541.49732365417,214.41691146469,
    -16.27731960105));
#11278 = VECTOR('',#11279,1.);
#11279 = DIRECTION('',(0.,0.,1.));
#11280 = PLANE('',#11281);
#11281 = AXIS2_PLACEMENT_3D('',#11282,#11283,#11284);
#11282 = CARTESIAN_POINT('',(541.49732365417,229.1875591278,
    -12.70230102539));
#11283 = DIRECTION('',(-1.,0.,0.));
#11284 = DIRECTION('',(0.,0.,1.));
#11285 = ADVANCED_FACE('',(#11286),#11294,.F.);
#11286 = FACE_BOUND('',#11287,.F.);
#11287 = EDGE_LOOP('',(#11288,#11289,#11290,#11291,#11292,#11293));
#11288 = ORIENTED_EDGE('',*,*,#11236,.F.);
#11289 = ORIENTED_EDGE('',*,*,#11253,.F.);
#11290 = ORIENTED_EDGE('',*,*,#11111,.T.);
#11291 = ORIENTED_EDGE('',*,*,#2630,.F.);
#11292 = ORIENTED_EDGE('',*,*,#11275,.F.);
#11293 = ORIENTED_EDGE('',*,*,#11147,.F.);
#11294 = PLANE('',#11295);
#11295 = AXIS2_PLACEMENT_3D('',#11296,#11297,#11298);
#11296 = CARTESIAN_POINT('',(552.72682420349,214.41691146469,
    -19.85233817672));
#11297 = DIRECTION('',(0.,-1.,0.));
#11298 = DIRECTION('',(0.,0.,1.));
#11299 = ADVANCED_FACE('',(#11300),#11325,.F.);
#11300 = FACE_BOUND('',#11301,.F.);
#11301 = EDGE_LOOP('',(#11302,#11303,#11311,#11319));
#11302 = ORIENTED_EDGE('',*,*,#2672,.F.);
#11303 = ORIENTED_EDGE('',*,*,#11304,.F.);
#11304 = EDGE_CURVE('',#11305,#2673,#11307,.T.);
#11305 = VERTEX_POINT('',#11306);
#11306 = CARTESIAN_POINT('',(287.21103791041,35.73692472245,-21.97));
#11307 = LINE('',#11308,#11309);
#11308 = CARTESIAN_POINT('',(287.21103791041,35.73692472245,-21.97));
#11309 = VECTOR('',#11310,1.);
#11310 = DIRECTION('',(0.,0.,1.));
#11311 = ORIENTED_EDGE('',*,*,#11312,.T.);
#11312 = EDGE_CURVE('',#11305,#11313,#11315,.T.);
#11313 = VERTEX_POINT('',#11314);
#11314 = CARTESIAN_POINT('',(287.99940368821,-5.907613735796,-21.97));
#11315 = LINE('',#11316,#11317);
#11316 = CARTESIAN_POINT('',(287.15096221227,38.910356131902,-21.97));
#11317 = VECTOR('',#11318,1.);
#11318 = DIRECTION('',(1.89274411266E-02,-0.999820859941,0.));
#11319 = ORIENTED_EDGE('',*,*,#11320,.T.);
#11320 = EDGE_CURVE('',#11313,#2675,#11321,.T.);
#11321 = LINE('',#11322,#11323);
#11322 = CARTESIAN_POINT('',(287.99940368821,-5.907613735796,-21.97));
#11323 = VECTOR('',#11324,1.);
#11324 = DIRECTION('',(0.,0.,1.));
#11325 = PLANE('',#11326);
#11326 = AXIS2_PLACEMENT_3D('',#11327,#11328,#11329);
#11327 = CARTESIAN_POINT('',(287.15096221227,38.910356131902,-21.97));
#11328 = DIRECTION('',(-0.999820859941,-1.89274411266E-02,0.));
#11329 = DIRECTION('',(0.,0.,1.));
#11330 = ADVANCED_FACE('',(#11331),#11350,.F.);
#11331 = FACE_BOUND('',#11332,.F.);
#11332 = EDGE_LOOP('',(#11333,#11342,#11343,#11344));
#11333 = ORIENTED_EDGE('',*,*,#11334,.T.);
#11334 = EDGE_CURVE('',#11335,#11305,#11337,.T.);
#11335 = VERTEX_POINT('',#11336);
#11336 = CARTESIAN_POINT('',(290.32439362172,38.970431830038,-21.97));
#11337 = CIRCLE('',#11338,3.174);
#11338 = AXIS2_PLACEMENT_3D('',#11339,#11340,#11341);
#11339 = CARTESIAN_POINT('',(290.38446931986,35.797000420586,-21.97));
#11340 = DIRECTION('',(0.,0.,1.));
#11341 = DIRECTION('',(-1.89274411266E-02,0.999820859941,0.));
#11342 = ORIENTED_EDGE('',*,*,#11304,.T.);
#11343 = ORIENTED_EDGE('',*,*,#2682,.F.);
#11344 = ORIENTED_EDGE('',*,*,#11345,.F.);
#11345 = EDGE_CURVE('',#11335,#2683,#11346,.T.);
#11346 = LINE('',#11347,#11348);
#11347 = CARTESIAN_POINT('',(290.32439362172,38.970431830038,-21.97));
#11348 = VECTOR('',#11349,1.);
#11349 = DIRECTION('',(0.,0.,1.));
#11350 = CYLINDRICAL_SURFACE('',#11351,3.174);
#11351 = AXIS2_PLACEMENT_3D('',#11352,#11353,#11354);
#11352 = CARTESIAN_POINT('',(290.38446931986,35.797000420586,-21.97));
#11353 = DIRECTION('',(0.,0.,1.));
#11354 = DIRECTION('',(-1.89274411266E-02,0.999820859941,0.));
#11355 = ADVANCED_FACE('',(#11356),#11375,.F.);
#11356 = FACE_BOUND('',#11357,.F.);
#11357 = EDGE_LOOP('',(#11358,#11367,#11373,#11374));
#11358 = ORIENTED_EDGE('',*,*,#11359,.T.);
#11359 = EDGE_CURVE('',#11313,#11360,#11362,.T.);
#11360 = VERTEX_POINT('',#11361);
#11361 = CARTESIAN_POINT('',(291.2329107958,-9.020969447112,-21.97));
#11362 = CIRCLE('',#11363,3.174);
#11363 = AXIS2_PLACEMENT_3D('',#11364,#11365,#11366);
#11364 = CARTESIAN_POINT('',(291.17283509767,-5.84753803766,-21.97));
#11365 = DIRECTION('',(0.,0.,1.));
#11366 = DIRECTION('',(-1.89274411266E-02,0.999820859941,0.));
#11367 = ORIENTED_EDGE('',*,*,#11368,.T.);
#11368 = EDGE_CURVE('',#11360,#2726,#11369,.T.);
#11369 = LINE('',#11370,#11371);
#11370 = CARTESIAN_POINT('',(291.2329107958,-9.020969447112,-21.97));
#11371 = VECTOR('',#11372,1.);
#11372 = DIRECTION('',(0.,0.,1.));
#11373 = ORIENTED_EDGE('',*,*,#2733,.F.);
#11374 = ORIENTED_EDGE('',*,*,#11320,.F.);
#11375 = CYLINDRICAL_SURFACE('',#11376,3.174);
#11376 = AXIS2_PLACEMENT_3D('',#11377,#11378,#11379);
#11377 = CARTESIAN_POINT('',(291.17283509767,-5.84753803766,-21.97));
#11378 = DIRECTION('',(0.,0.,1.));
#11379 = DIRECTION('',(-0.999820859941,-1.89274411266E-02,0.));
#11380 = ADVANCED_FACE('',(#11381),#11399,.T.);
#11381 = FACE_BOUND('',#11382,.T.);
#11382 = EDGE_LOOP('',(#11383,#11391,#11397,#11398));
#11383 = ORIENTED_EDGE('',*,*,#11384,.F.);
#11384 = EDGE_CURVE('',#11385,#11335,#11387,.T.);
#11385 = VERTEX_POINT('',#11386);
#11386 = CARTESIAN_POINT('',(306.97341058146,39.285611579678,-21.97));
#11387 = LINE('',#11388,#11389);
#11388 = CARTESIAN_POINT('',(310.14684199091,39.345687277814,-21.97));
#11389 = VECTOR('',#11390,1.);
#11390 = DIRECTION('',(-0.999820859941,-1.89274411266E-02,0.));
#11391 = ORIENTED_EDGE('',*,*,#11392,.T.);
#11392 = EDGE_CURVE('',#11385,#2692,#11393,.T.);
#11393 = LINE('',#11394,#11395);
#11394 = CARTESIAN_POINT('',(306.97341058146,39.285611579678,-21.97));
#11395 = VECTOR('',#11396,1.);
#11396 = DIRECTION('',(0.,0.,1.));
#11397 = ORIENTED_EDGE('',*,*,#2691,.T.);
#11398 = ORIENTED_EDGE('',*,*,#11345,.F.);
#11399 = PLANE('',#11400);
#11400 = AXIS2_PLACEMENT_3D('',#11401,#11402,#11403);
#11401 = CARTESIAN_POINT('',(310.14684199091,39.345687277814,-21.97));
#11402 = DIRECTION('',(1.89274411266E-02,-0.999820859941,0.));
#11403 = DIRECTION('',(0.,0.,1.));
#11404 = ADVANCED_FACE('',(#11405),#11423,.F.);
#11405 = FACE_BOUND('',#11406,.F.);
#11406 = EDGE_LOOP('',(#11407,#11415,#11421,#11422));
#11407 = ORIENTED_EDGE('',*,*,#11408,.F.);
#11408 = EDGE_CURVE('',#11409,#11360,#11411,.T.);
#11409 = VERTEX_POINT('',#11410);
#11410 = CARTESIAN_POINT('',(307.88192775553,-8.705789697472,-21.97));
#11411 = LINE('',#11412,#11413);
#11412 = CARTESIAN_POINT('',(311.05535916498,-8.645713999336,-21.97));
#11413 = VECTOR('',#11414,1.);
#11414 = DIRECTION('',(-0.999820859941,-1.89274411266E-02,0.));
#11415 = ORIENTED_EDGE('',*,*,#11416,.T.);
#11416 = EDGE_CURVE('',#11409,#2717,#11417,.T.);
#11417 = LINE('',#11418,#11419);
#11418 = CARTESIAN_POINT('',(307.88192775553,-8.705789697472,-21.97));
#11419 = VECTOR('',#11420,1.);
#11420 = DIRECTION('',(0.,0.,1.));
#11421 = ORIENTED_EDGE('',*,*,#2725,.T.);
#11422 = ORIENTED_EDGE('',*,*,#11368,.F.);
#11423 = PLANE('',#11424);
#11424 = AXIS2_PLACEMENT_3D('',#11425,#11426,#11427);
#11425 = CARTESIAN_POINT('',(311.05535916498,-8.645713999336,-21.97));
#11426 = DIRECTION('',(1.89274411266E-02,-0.999820859941,0.));
#11427 = DIRECTION('',(0.,0.,1.));
#11428 = ADVANCED_FACE('',(#11429),#11448,.F.);
#11429 = FACE_BOUND('',#11430,.F.);
#11430 = EDGE_LOOP('',(#11431,#11440,#11441,#11442));
#11431 = ORIENTED_EDGE('',*,*,#11432,.T.);
#11432 = EDGE_CURVE('',#11433,#11385,#11435,.T.);
#11433 = VERTEX_POINT('',#11434);
#11434 = CARTESIAN_POINT('',(310.20691768904,36.172255868362,-21.97));
#11435 = CIRCLE('',#11436,3.174);
#11436 = AXIS2_PLACEMENT_3D('',#11437,#11438,#11439);
#11437 = CARTESIAN_POINT('',(307.03348627959,36.112180170226,-21.97));
#11438 = DIRECTION('',(0.,0.,1.));
#11439 = DIRECTION('',(-1.89274411266E-02,0.999820859941,0.));
#11440 = ORIENTED_EDGE('',*,*,#11392,.T.);
#11441 = ORIENTED_EDGE('',*,*,#2699,.F.);
#11442 = ORIENTED_EDGE('',*,*,#11443,.F.);
#11443 = EDGE_CURVE('',#11433,#2700,#11444,.T.);
#11444 = LINE('',#11445,#11446);
#11445 = CARTESIAN_POINT('',(310.20691768904,36.172255868362,-21.97));
#11446 = VECTOR('',#11447,1.);
#11447 = DIRECTION('',(0.,0.,1.));
#11448 = CYLINDRICAL_SURFACE('',#11449,3.174);
#11449 = AXIS2_PLACEMENT_3D('',#11450,#11451,#11452);
#11450 = CARTESIAN_POINT('',(307.03348627959,36.112180170226,-21.97));
#11451 = DIRECTION('',(0.,0.,1.));
#11452 = DIRECTION('',(0.999820859941,1.89274411266E-02,0.));
#11453 = ADVANCED_FACE('',(#11454),#11473,.F.);
#11454 = FACE_BOUND('',#11455,.T.);
#11455 = EDGE_LOOP('',(#11456,#11465,#11466,#11467));
#11456 = ORIENTED_EDGE('',*,*,#11457,.T.);
#11457 = EDGE_CURVE('',#11458,#11409,#11460,.T.);
#11458 = VERTEX_POINT('',#11459);
#11459 = CARTESIAN_POINT('',(310.99528346685,-5.472282589884,-21.97));
#11460 = CIRCLE('',#11461,3.174);
#11461 = AXIS2_PLACEMENT_3D('',#11462,#11463,#11464);
#11462 = CARTESIAN_POINT('',(307.8218520574,-5.53235828802,-21.97));
#11463 = DIRECTION('',(0.,0.,-1.));
#11464 = DIRECTION('',(-1.89274411266E-02,0.999820859941,0.));
#11465 = ORIENTED_EDGE('',*,*,#11416,.T.);
#11466 = ORIENTED_EDGE('',*,*,#2716,.F.);
#11467 = ORIENTED_EDGE('',*,*,#11468,.F.);
#11468 = EDGE_CURVE('',#11458,#2709,#11469,.T.);
#11469 = LINE('',#11470,#11471);
#11470 = CARTESIAN_POINT('',(310.99528346685,-5.472282589884,-21.97));
#11471 = VECTOR('',#11472,1.);
#11472 = DIRECTION('',(0.,0.,1.));
#11473 = CYLINDRICAL_SURFACE('',#11474,3.174);
#11474 = AXIS2_PLACEMENT_3D('',#11475,#11476,#11477);
#11475 = CARTESIAN_POINT('',(307.8218520574,-5.53235828802,-21.97));
#11476 = DIRECTION('',(0.,0.,1.));
#11477 = DIRECTION('',(0.999820859941,1.89274411266E-02,0.));
#11478 = ADVANCED_FACE('',(#11479),#11490,.T.);
#11479 = FACE_BOUND('',#11480,.T.);
#11480 = EDGE_LOOP('',(#11481,#11482,#11483,#11489));
#11481 = ORIENTED_EDGE('',*,*,#2708,.F.);
#11482 = ORIENTED_EDGE('',*,*,#11443,.F.);
#11483 = ORIENTED_EDGE('',*,*,#11484,.T.);
#11484 = EDGE_CURVE('',#11433,#11458,#11485,.T.);
#11485 = LINE('',#11486,#11487);
#11486 = CARTESIAN_POINT('',(310.14684199091,39.345687277814,-21.97));
#11487 = VECTOR('',#11488,1.);
#11488 = DIRECTION('',(1.89274411266E-02,-0.999820859941,0.));
#11489 = ORIENTED_EDGE('',*,*,#11468,.T.);
#11490 = PLANE('',#11491);
#11491 = AXIS2_PLACEMENT_3D('',#11492,#11493,#11494);
#11492 = CARTESIAN_POINT('',(310.14684199091,39.345687277814,-21.97));
#11493 = DIRECTION('',(-0.999820859941,-1.89274411266E-02,0.));
#11494 = DIRECTION('',(0.,0.,1.));
#11495 = ADVANCED_FACE('',(#11496,#11506,#11517),#11528,.T.);
#11496 = FACE_BOUND('',#11497,.T.);
#11497 = EDGE_LOOP('',(#11498,#11499,#11500,#11501,#11502,#11503,#11504,
    #11505));
#11498 = ORIENTED_EDGE('',*,*,#11312,.T.);
#11499 = ORIENTED_EDGE('',*,*,#11359,.T.);
#11500 = ORIENTED_EDGE('',*,*,#11408,.F.);
#11501 = ORIENTED_EDGE('',*,*,#11457,.F.);
#11502 = ORIENTED_EDGE('',*,*,#11484,.F.);
#11503 = ORIENTED_EDGE('',*,*,#11432,.T.);
#11504 = ORIENTED_EDGE('',*,*,#11384,.T.);
#11505 = ORIENTED_EDGE('',*,*,#11334,.T.);
#11506 = FACE_BOUND('',#11507,.T.);
#11507 = EDGE_LOOP('',(#11508));
#11508 = ORIENTED_EDGE('',*,*,#11509,.T.);
#11509 = EDGE_CURVE('',#11510,#11510,#11512,.T.);
#11510 = VERTEX_POINT('',#11511);
#11511 = CARTESIAN_POINT('',(300.59345826384,27.662773291855,-21.97));
#11512 = CIRCLE('',#11513,1.7272);
#11513 = AXIS2_PLACEMENT_3D('',#11514,#11515,#11516);
#11514 = CARTESIAN_POINT('',(298.86656767455,27.630081815541,-21.97));
#11515 = DIRECTION('',(0.,0.,-1.));
#11516 = DIRECTION('',(0.999820859941,1.89274411266E-02,0.));
#11517 = FACE_BOUND('',#11518,.T.);
#11518 = EDGE_LOOP('',(#11519));
#11519 = ORIENTED_EDGE('',*,*,#11520,.T.);
#11520 = EDGE_CURVE('',#11521,#11521,#11523,.T.);
#11521 = VERTEX_POINT('',#11522);
#11522 = CARTESIAN_POINT('',(301.066644292,2.667251793339,-21.97));
#11523 = CIRCLE('',#11524,1.7272);
#11524 = AXIS2_PLACEMENT_3D('',#11525,#11526,#11527);
#11525 = CARTESIAN_POINT('',(299.33975370271,2.634560317025,-21.97));
#11526 = DIRECTION('',(0.,0.,-1.));
#11527 = DIRECTION('',(0.999820859941,1.89274411266E-02,0.));
#11528 = PLANE('',#11529);
#11529 = AXIS2_PLACEMENT_3D('',#11530,#11531,#11532);
#11530 = CARTESIAN_POINT('',(310.14684199091,39.345687277814,-21.97));
#11531 = DIRECTION('',(0.,0.,1.));
#11532 = DIRECTION('',(-0.999820859941,-1.89274411266E-02,0.));
#11533 = ADVANCED_FACE('',(#11534),#11553,.F.);
#11534 = FACE_BOUND('',#11535,.F.);
#11535 = EDGE_LOOP('',(#11536,#11537,#11545,#11552));
#11536 = ORIENTED_EDGE('',*,*,#11509,.T.);
#11537 = ORIENTED_EDGE('',*,*,#11538,.T.);
#11538 = EDGE_CURVE('',#11510,#11539,#11541,.T.);
#11539 = VERTEX_POINT('',#11540);
#11540 = CARTESIAN_POINT('',(300.59345826384,27.662773291855,-38.1));
#11541 = LINE('',#11542,#11543);
#11542 = CARTESIAN_POINT('',(300.59345826384,27.662773291855,-13.97));
#11543 = VECTOR('',#11544,1.);
#11544 = DIRECTION('',(0.,-0.,-1.));
#11545 = ORIENTED_EDGE('',*,*,#11546,.F.);
#11546 = EDGE_CURVE('',#11539,#11539,#11547,.T.);
#11547 = CIRCLE('',#11548,1.7272);
#11548 = AXIS2_PLACEMENT_3D('',#11549,#11550,#11551);
#11549 = CARTESIAN_POINT('',(298.86656767455,27.630081815541,-38.1));
#11550 = DIRECTION('',(0.,0.,-1.));
#11551 = DIRECTION('',(0.999820859941,1.89274411266E-02,0.));
#11552 = ORIENTED_EDGE('',*,*,#11538,.F.);
#11553 = CYLINDRICAL_SURFACE('',#11554,1.7272);
#11554 = AXIS2_PLACEMENT_3D('',#11555,#11556,#11557);
#11555 = CARTESIAN_POINT('',(298.86656767455,27.630081815541,-13.97));
#11556 = DIRECTION('',(0.,-0.,-1.));
#11557 = DIRECTION('',(0.999820859941,1.89274411266E-02,0.));
#11558 = ADVANCED_FACE('',(#11559),#11578,.F.);
#11559 = FACE_BOUND('',#11560,.F.);
#11560 = EDGE_LOOP('',(#11561,#11562,#11570,#11577));
#11561 = ORIENTED_EDGE('',*,*,#11520,.T.);
#11562 = ORIENTED_EDGE('',*,*,#11563,.T.);
#11563 = EDGE_CURVE('',#11521,#11564,#11566,.T.);
#11564 = VERTEX_POINT('',#11565);
#11565 = CARTESIAN_POINT('',(301.066644292,2.667251793339,-38.1));
#11566 = LINE('',#11567,#11568);
#11567 = CARTESIAN_POINT('',(301.066644292,2.667251793339,-13.97));
#11568 = VECTOR('',#11569,1.);
#11569 = DIRECTION('',(0.,-0.,-1.));
#11570 = ORIENTED_EDGE('',*,*,#11571,.F.);
#11571 = EDGE_CURVE('',#11564,#11564,#11572,.T.);
#11572 = CIRCLE('',#11573,1.7272);
#11573 = AXIS2_PLACEMENT_3D('',#11574,#11575,#11576);
#11574 = CARTESIAN_POINT('',(299.33975370271,2.634560317025,-38.1));
#11575 = DIRECTION('',(0.,0.,-1.));
#11576 = DIRECTION('',(0.999820859941,1.89274411266E-02,0.));
#11577 = ORIENTED_EDGE('',*,*,#11563,.F.);
#11578 = CYLINDRICAL_SURFACE('',#11579,1.7272);
#11579 = AXIS2_PLACEMENT_3D('',#11580,#11581,#11582);
#11580 = CARTESIAN_POINT('',(299.33975370271,2.634560317025,-13.97));
#11581 = DIRECTION('',(0.,-0.,-1.));
#11582 = DIRECTION('',(0.999820859941,1.89274411266E-02,0.));
#11583 = ADVANCED_FACE('',(#11584),#11609,.F.);
#11584 = FACE_BOUND('',#11585,.F.);
#11585 = EDGE_LOOP('',(#11586,#11587,#11595,#11603));
#11586 = ORIENTED_EDGE('',*,*,#2742,.F.);
#11587 = ORIENTED_EDGE('',*,*,#11588,.F.);
#11588 = EDGE_CURVE('',#11589,#2743,#11591,.T.);
#11589 = VERTEX_POINT('',#11590);
#11590 = CARTESIAN_POINT('',(150.826,327.397,-21.97));
#11591 = LINE('',#11592,#11593);
#11592 = CARTESIAN_POINT('',(150.826,327.397,-21.97));
#11593 = VECTOR('',#11594,1.);
#11594 = DIRECTION('',(0.,0.,1.));
#11595 = ORIENTED_EDGE('',*,*,#11596,.T.);
#11596 = EDGE_CURVE('',#11589,#11597,#11599,.T.);
#11597 = VERTEX_POINT('',#11598);
#11598 = CARTESIAN_POINT('',(109.174,327.397,-21.97));
#11599 = LINE('',#11600,#11601);
#11600 = CARTESIAN_POINT('',(154.,327.397,-21.97));
#11601 = VECTOR('',#11602,1.);
#11602 = DIRECTION('',(-1.,0.,0.));
#11603 = ORIENTED_EDGE('',*,*,#11604,.T.);
#11604 = EDGE_CURVE('',#11597,#2745,#11605,.T.);
#11605 = LINE('',#11606,#11607);
#11606 = CARTESIAN_POINT('',(109.174,327.397,-21.97));
#11607 = VECTOR('',#11608,1.);
#11608 = DIRECTION('',(0.,0.,1.));
#11609 = PLANE('',#11610);
#11610 = AXIS2_PLACEMENT_3D('',#11611,#11612,#11613);
#11611 = CARTESIAN_POINT('',(154.,327.397,-21.97));
#11612 = DIRECTION('',(0.,1.,0.));
#11613 = DIRECTION('',(0.,0.,1.));
#11614 = ADVANCED_FACE('',(#11615),#11634,.F.);
#11615 = FACE_BOUND('',#11616,.F.);
#11616 = EDGE_LOOP('',(#11617,#11626,#11627,#11628));
#11617 = ORIENTED_EDGE('',*,*,#11618,.T.);
#11618 = EDGE_CURVE('',#11619,#11589,#11621,.T.);
#11619 = VERTEX_POINT('',#11620);
#11620 = CARTESIAN_POINT('',(154.,324.223,-21.97));
#11621 = CIRCLE('',#11622,3.174);
#11622 = AXIS2_PLACEMENT_3D('',#11623,#11624,#11625);
#11623 = CARTESIAN_POINT('',(150.826,324.223,-21.97));
#11624 = DIRECTION('',(0.,0.,1.));
#11625 = DIRECTION('',(1.,0.,0.));
#11626 = ORIENTED_EDGE('',*,*,#11588,.T.);
#11627 = ORIENTED_EDGE('',*,*,#2752,.F.);
#11628 = ORIENTED_EDGE('',*,*,#11629,.F.);
#11629 = EDGE_CURVE('',#11619,#2753,#11630,.T.);
#11630 = LINE('',#11631,#11632);
#11631 = CARTESIAN_POINT('',(154.,324.223,-21.97));
#11632 = VECTOR('',#11633,1.);
#11633 = DIRECTION('',(0.,0.,1.));
#11634 = CYLINDRICAL_SURFACE('',#11635,3.174);
#11635 = AXIS2_PLACEMENT_3D('',#11636,#11637,#11638);
#11636 = CARTESIAN_POINT('',(150.826,324.223,-21.97));
#11637 = DIRECTION('',(0.,0.,1.));
#11638 = DIRECTION('',(1.,0.,0.));
#11639 = ADVANCED_FACE('',(#11640),#11659,.F.);
#11640 = FACE_BOUND('',#11641,.F.);
#11641 = EDGE_LOOP('',(#11642,#11651,#11657,#11658));
#11642 = ORIENTED_EDGE('',*,*,#11643,.T.);
#11643 = EDGE_CURVE('',#11597,#11644,#11646,.T.);
#11644 = VERTEX_POINT('',#11645);
#11645 = CARTESIAN_POINT('',(106.,324.223,-21.97));
#11646 = CIRCLE('',#11647,3.174);
#11647 = AXIS2_PLACEMENT_3D('',#11648,#11649,#11650);
#11648 = CARTESIAN_POINT('',(109.174,324.223,-21.97));
#11649 = DIRECTION('',(0.,0.,1.));
#11650 = DIRECTION('',(1.,0.,0.));
#11651 = ORIENTED_EDGE('',*,*,#11652,.T.);
#11652 = EDGE_CURVE('',#11644,#2796,#11653,.T.);
#11653 = LINE('',#11654,#11655);
#11654 = CARTESIAN_POINT('',(106.,324.223,-21.97));
#11655 = VECTOR('',#11656,1.);
#11656 = DIRECTION('',(0.,0.,1.));
#11657 = ORIENTED_EDGE('',*,*,#2803,.F.);
#11658 = ORIENTED_EDGE('',*,*,#11604,.F.);
#11659 = CYLINDRICAL_SURFACE('',#11660,3.174);
#11660 = AXIS2_PLACEMENT_3D('',#11661,#11662,#11663);
#11661 = CARTESIAN_POINT('',(109.174,324.223,-21.97));
#11662 = DIRECTION('',(0.,0.,1.));
#11663 = DIRECTION('',(0.,1.,0.));
#11664 = ADVANCED_FACE('',(#11665),#11683,.T.);
#11665 = FACE_BOUND('',#11666,.T.);
#11666 = EDGE_LOOP('',(#11667,#11675,#11681,#11682));
#11667 = ORIENTED_EDGE('',*,*,#11668,.F.);
#11668 = EDGE_CURVE('',#11669,#11619,#11671,.T.);
#11669 = VERTEX_POINT('',#11670);
#11670 = CARTESIAN_POINT('',(154.,307.571,-21.97));
#11671 = LINE('',#11672,#11673);
#11672 = CARTESIAN_POINT('',(154.,304.397,-21.97));
#11673 = VECTOR('',#11674,1.);
#11674 = DIRECTION('',(0.,1.,0.));
#11675 = ORIENTED_EDGE('',*,*,#11676,.T.);
#11676 = EDGE_CURVE('',#11669,#2762,#11677,.T.);
#11677 = LINE('',#11678,#11679);
#11678 = CARTESIAN_POINT('',(154.,307.571,-21.97));
#11679 = VECTOR('',#11680,1.);
#11680 = DIRECTION('',(0.,0.,1.));
#11681 = ORIENTED_EDGE('',*,*,#2761,.T.);
#11682 = ORIENTED_EDGE('',*,*,#11629,.F.);
#11683 = PLANE('',#11684);
#11684 = AXIS2_PLACEMENT_3D('',#11685,#11686,#11687);
#11685 = CARTESIAN_POINT('',(154.,304.397,-21.97));
#11686 = DIRECTION('',(-1.,0.,0.));
#11687 = DIRECTION('',(0.,0.,1.));
#11688 = ADVANCED_FACE('',(#11689),#11707,.F.);
#11689 = FACE_BOUND('',#11690,.F.);
#11690 = EDGE_LOOP('',(#11691,#11699,#11705,#11706));
#11691 = ORIENTED_EDGE('',*,*,#11692,.F.);
#11692 = EDGE_CURVE('',#11693,#11644,#11695,.T.);
#11693 = VERTEX_POINT('',#11694);
#11694 = CARTESIAN_POINT('',(106.,307.571,-21.97));
#11695 = LINE('',#11696,#11697);
#11696 = CARTESIAN_POINT('',(106.,304.397,-21.97));
#11697 = VECTOR('',#11698,1.);
#11698 = DIRECTION('',(0.,1.,0.));
#11699 = ORIENTED_EDGE('',*,*,#11700,.T.);
#11700 = EDGE_CURVE('',#11693,#2787,#11701,.T.);
#11701 = LINE('',#11702,#11703);
#11702 = CARTESIAN_POINT('',(106.,307.571,-21.97));
#11703 = VECTOR('',#11704,1.);
#11704 = DIRECTION('',(0.,0.,1.));
#11705 = ORIENTED_EDGE('',*,*,#2795,.T.);
#11706 = ORIENTED_EDGE('',*,*,#11652,.F.);
#11707 = PLANE('',#11708);
#11708 = AXIS2_PLACEMENT_3D('',#11709,#11710,#11711);
#11709 = CARTESIAN_POINT('',(106.,304.397,-21.97));
#11710 = DIRECTION('',(-1.,0.,0.));
#11711 = DIRECTION('',(0.,0.,1.));
#11712 = ADVANCED_FACE('',(#11713),#11732,.F.);
#11713 = FACE_BOUND('',#11714,.F.);
#11714 = EDGE_LOOP('',(#11715,#11724,#11725,#11726));
#11715 = ORIENTED_EDGE('',*,*,#11716,.T.);
#11716 = EDGE_CURVE('',#11717,#11669,#11719,.T.);
#11717 = VERTEX_POINT('',#11718);
#11718 = CARTESIAN_POINT('',(150.826,304.397,-21.97));
#11719 = CIRCLE('',#11720,3.174);
#11720 = AXIS2_PLACEMENT_3D('',#11721,#11722,#11723);
#11721 = CARTESIAN_POINT('',(150.826,307.571,-21.97));
#11722 = DIRECTION('',(0.,0.,1.));
#11723 = DIRECTION('',(1.,0.,0.));
#11724 = ORIENTED_EDGE('',*,*,#11676,.T.);
#11725 = ORIENTED_EDGE('',*,*,#2769,.F.);
#11726 = ORIENTED_EDGE('',*,*,#11727,.F.);
#11727 = EDGE_CURVE('',#11717,#2770,#11728,.T.);
#11728 = LINE('',#11729,#11730);
#11729 = CARTESIAN_POINT('',(150.826,304.397,-21.97));
#11730 = VECTOR('',#11731,1.);
#11731 = DIRECTION('',(0.,0.,1.));
#11732 = CYLINDRICAL_SURFACE('',#11733,3.174);
#11733 = AXIS2_PLACEMENT_3D('',#11734,#11735,#11736);
#11734 = CARTESIAN_POINT('',(150.826,307.571,-21.97));
#11735 = DIRECTION('',(0.,0.,1.));
#11736 = DIRECTION('',(0.,-1.,0.));
#11737 = ADVANCED_FACE('',(#11738),#11757,.F.);
#11738 = FACE_BOUND('',#11739,.T.);
#11739 = EDGE_LOOP('',(#11740,#11749,#11750,#11751));
#11740 = ORIENTED_EDGE('',*,*,#11741,.T.);
#11741 = EDGE_CURVE('',#11742,#11693,#11744,.T.);
#11742 = VERTEX_POINT('',#11743);
#11743 = CARTESIAN_POINT('',(109.174,304.397,-21.97));
#11744 = CIRCLE('',#11745,3.174);
#11745 = AXIS2_PLACEMENT_3D('',#11746,#11747,#11748);
#11746 = CARTESIAN_POINT('',(109.174,307.571,-21.97));
#11747 = DIRECTION('',(0.,0.,-1.));
#11748 = DIRECTION('',(1.,0.,0.));
#11749 = ORIENTED_EDGE('',*,*,#11700,.T.);
#11750 = ORIENTED_EDGE('',*,*,#2786,.F.);
#11751 = ORIENTED_EDGE('',*,*,#11752,.F.);
#11752 = EDGE_CURVE('',#11742,#2779,#11753,.T.);
#11753 = LINE('',#11754,#11755);
#11754 = CARTESIAN_POINT('',(109.174,304.397,-21.97));
#11755 = VECTOR('',#11756,1.);
#11756 = DIRECTION('',(0.,0.,1.));
#11757 = CYLINDRICAL_SURFACE('',#11758,3.174);
#11758 = AXIS2_PLACEMENT_3D('',#11759,#11760,#11761);
#11759 = CARTESIAN_POINT('',(109.174,307.571,-21.97));
#11760 = DIRECTION('',(0.,0.,1.));
#11761 = DIRECTION('',(0.,-1.,0.));
#11762 = ADVANCED_FACE('',(#11763),#11774,.T.);
#11763 = FACE_BOUND('',#11764,.T.);
#11764 = EDGE_LOOP('',(#11765,#11766,#11767,#11773));
#11765 = ORIENTED_EDGE('',*,*,#2778,.F.);
#11766 = ORIENTED_EDGE('',*,*,#11727,.F.);
#11767 = ORIENTED_EDGE('',*,*,#11768,.T.);
#11768 = EDGE_CURVE('',#11717,#11742,#11769,.T.);
#11769 = LINE('',#11770,#11771);
#11770 = CARTESIAN_POINT('',(154.,304.397,-21.97));
#11771 = VECTOR('',#11772,1.);
#11772 = DIRECTION('',(-1.,0.,0.));
#11773 = ORIENTED_EDGE('',*,*,#11752,.T.);
#11774 = PLANE('',#11775);
#11775 = AXIS2_PLACEMENT_3D('',#11776,#11777,#11778);
#11776 = CARTESIAN_POINT('',(154.,304.397,-21.97));
#11777 = DIRECTION('',(0.,1.,0.));
#11778 = DIRECTION('',(0.,0.,1.));
#11779 = ADVANCED_FACE('',(#11780,#11790,#11801),#11812,.T.);
#11780 = FACE_BOUND('',#11781,.T.);
#11781 = EDGE_LOOP('',(#11782,#11783,#11784,#11785,#11786,#11787,#11788,
    #11789));
#11782 = ORIENTED_EDGE('',*,*,#11596,.T.);
#11783 = ORIENTED_EDGE('',*,*,#11643,.T.);
#11784 = ORIENTED_EDGE('',*,*,#11692,.F.);
#11785 = ORIENTED_EDGE('',*,*,#11741,.F.);
#11786 = ORIENTED_EDGE('',*,*,#11768,.F.);
#11787 = ORIENTED_EDGE('',*,*,#11716,.T.);
#11788 = ORIENTED_EDGE('',*,*,#11668,.T.);
#11789 = ORIENTED_EDGE('',*,*,#11618,.T.);
#11790 = FACE_BOUND('',#11791,.T.);
#11791 = EDGE_LOOP('',(#11792));
#11792 = ORIENTED_EDGE('',*,*,#11793,.T.);
#11793 = EDGE_CURVE('',#11794,#11794,#11796,.T.);
#11794 = VERTEX_POINT('',#11795);
#11795 = CARTESIAN_POINT('',(142.5,314.1698,-21.97));
#11796 = CIRCLE('',#11797,1.7272);
#11797 = AXIS2_PLACEMENT_3D('',#11798,#11799,#11800);
#11798 = CARTESIAN_POINT('',(142.5,315.897,-21.97));
#11799 = DIRECTION('',(-0.,0.,-1.));
#11800 = DIRECTION('',(-0.,-1.,0.));
#11801 = FACE_BOUND('',#11802,.T.);
#11802 = EDGE_LOOP('',(#11803));
#11803 = ORIENTED_EDGE('',*,*,#11804,.T.);
#11804 = EDGE_CURVE('',#11805,#11805,#11807,.T.);
#11805 = VERTEX_POINT('',#11806);
#11806 = CARTESIAN_POINT('',(117.5,314.1698,-21.97));
#11807 = CIRCLE('',#11808,1.7272);
#11808 = AXIS2_PLACEMENT_3D('',#11809,#11810,#11811);
#11809 = CARTESIAN_POINT('',(117.5,315.897,-21.97));
#11810 = DIRECTION('',(-0.,0.,-1.));
#11811 = DIRECTION('',(-0.,-1.,0.));
#11812 = PLANE('',#11813);
#11813 = AXIS2_PLACEMENT_3D('',#11814,#11815,#11816);
#11814 = CARTESIAN_POINT('',(154.,304.397,-21.97));
#11815 = DIRECTION('',(0.,0.,1.));
#11816 = DIRECTION('',(0.,1.,0.));
#11817 = ADVANCED_FACE('',(#11818),#11837,.F.);
#11818 = FACE_BOUND('',#11819,.F.);
#11819 = EDGE_LOOP('',(#11820,#11821,#11829,#11836));
#11820 = ORIENTED_EDGE('',*,*,#11793,.T.);
#11821 = ORIENTED_EDGE('',*,*,#11822,.T.);
#11822 = EDGE_CURVE('',#11794,#11823,#11825,.T.);
#11823 = VERTEX_POINT('',#11824);
#11824 = CARTESIAN_POINT('',(142.5,314.1698,-38.1));
#11825 = LINE('',#11826,#11827);
#11826 = CARTESIAN_POINT('',(142.5,314.1698,-13.97));
#11827 = VECTOR('',#11828,1.);
#11828 = DIRECTION('',(0.,0.,-1.));
#11829 = ORIENTED_EDGE('',*,*,#11830,.F.);
#11830 = EDGE_CURVE('',#11823,#11823,#11831,.T.);
#11831 = CIRCLE('',#11832,1.7272);
#11832 = AXIS2_PLACEMENT_3D('',#11833,#11834,#11835);
#11833 = CARTESIAN_POINT('',(142.5,315.897,-38.1));
#11834 = DIRECTION('',(0.,0.,-1.));
#11835 = DIRECTION('',(-2.2E-16,-1.,-0.));
#11836 = ORIENTED_EDGE('',*,*,#11822,.F.);
#11837 = CYLINDRICAL_SURFACE('',#11838,1.7272);
#11838 = AXIS2_PLACEMENT_3D('',#11839,#11840,#11841);
#11839 = CARTESIAN_POINT('',(142.5,315.897,-13.97));
#11840 = DIRECTION('',(0.,0.,-1.));
#11841 = DIRECTION('',(-0.,-1.,0.));
#11842 = ADVANCED_FACE('',(#11843),#11862,.F.);
#11843 = FACE_BOUND('',#11844,.F.);
#11844 = EDGE_LOOP('',(#11845,#11846,#11854,#11861));
#11845 = ORIENTED_EDGE('',*,*,#11804,.T.);
#11846 = ORIENTED_EDGE('',*,*,#11847,.T.);
#11847 = EDGE_CURVE('',#11805,#11848,#11850,.T.);
#11848 = VERTEX_POINT('',#11849);
#11849 = CARTESIAN_POINT('',(117.5,314.1698,-38.1));
#11850 = LINE('',#11851,#11852);
#11851 = CARTESIAN_POINT('',(117.5,314.1698,-13.97));
#11852 = VECTOR('',#11853,1.);
#11853 = DIRECTION('',(0.,0.,-1.));
#11854 = ORIENTED_EDGE('',*,*,#11855,.F.);
#11855 = EDGE_CURVE('',#11848,#11848,#11856,.T.);
#11856 = CIRCLE('',#11857,1.7272);
#11857 = AXIS2_PLACEMENT_3D('',#11858,#11859,#11860);
#11858 = CARTESIAN_POINT('',(117.5,315.897,-38.1));
#11859 = DIRECTION('',(0.,0.,-1.));
#11860 = DIRECTION('',(-2.2E-16,-1.,-0.));
#11861 = ORIENTED_EDGE('',*,*,#11847,.F.);
#11862 = CYLINDRICAL_SURFACE('',#11863,1.7272);
#11863 = AXIS2_PLACEMENT_3D('',#11864,#11865,#11866);
#11864 = CARTESIAN_POINT('',(117.5,315.897,-13.97));
#11865 = DIRECTION('',(0.,0.,-1.));
#11866 = DIRECTION('',(-0.,-1.,0.));
#11867 = ADVANCED_FACE('',(#11868),#11893,.F.);
#11868 = FACE_BOUND('',#11869,.F.);
#11869 = EDGE_LOOP('',(#11870,#11871,#11879,#11887));
#11870 = ORIENTED_EDGE('',*,*,#2812,.F.);
#11871 = ORIENTED_EDGE('',*,*,#11872,.F.);
#11872 = EDGE_CURVE('',#11873,#2813,#11875,.T.);
#11873 = VERTEX_POINT('',#11874);
#11874 = CARTESIAN_POINT('',(456.297,193.674,-21.97));
#11875 = LINE('',#11876,#11877);
#11876 = CARTESIAN_POINT('',(456.297,193.674,-21.97));
#11877 = VECTOR('',#11878,1.);
#11878 = DIRECTION('',(0.,0.,1.));
#11879 = ORIENTED_EDGE('',*,*,#11880,.T.);
#11880 = EDGE_CURVE('',#11873,#11881,#11883,.T.);
#11881 = VERTEX_POINT('',#11882);
#11882 = CARTESIAN_POINT('',(456.297,235.326,-21.97));
#11883 = LINE('',#11884,#11885);
#11884 = CARTESIAN_POINT('',(456.297,190.5,-21.97));
#11885 = VECTOR('',#11886,1.);
#11886 = DIRECTION('',(0.,1.,0.));
#11887 = ORIENTED_EDGE('',*,*,#11888,.T.);
#11888 = EDGE_CURVE('',#11881,#2815,#11889,.T.);
#11889 = LINE('',#11890,#11891);
#11890 = CARTESIAN_POINT('',(456.297,235.326,-21.97));
#11891 = VECTOR('',#11892,1.);
#11892 = DIRECTION('',(0.,0.,1.));
#11893 = PLANE('',#11894);
#11894 = AXIS2_PLACEMENT_3D('',#11895,#11896,#11897);
#11895 = CARTESIAN_POINT('',(456.297,190.5,-21.97));
#11896 = DIRECTION('',(1.,0.,0.));
#11897 = DIRECTION('',(0.,0.,1.));
#11898 = ADVANCED_FACE('',(#11899),#11918,.F.);
#11899 = FACE_BOUND('',#11900,.F.);
#11900 = EDGE_LOOP('',(#11901,#11910,#11911,#11912));
#11901 = ORIENTED_EDGE('',*,*,#11902,.T.);
#11902 = EDGE_CURVE('',#11903,#11873,#11905,.T.);
#11903 = VERTEX_POINT('',#11904);
#11904 = CARTESIAN_POINT('',(453.123,190.5,-21.97));
#11905 = CIRCLE('',#11906,3.174);
#11906 = AXIS2_PLACEMENT_3D('',#11907,#11908,#11909);
#11907 = CARTESIAN_POINT('',(453.123,193.674,-21.97));
#11908 = DIRECTION('',(-0.,0.,1.));
#11909 = DIRECTION('',(0.,-1.,0.));
#11910 = ORIENTED_EDGE('',*,*,#11872,.T.);
#11911 = ORIENTED_EDGE('',*,*,#2822,.F.);
#11912 = ORIENTED_EDGE('',*,*,#11913,.F.);
#11913 = EDGE_CURVE('',#11903,#2823,#11914,.T.);
#11914 = LINE('',#11915,#11916);
#11915 = CARTESIAN_POINT('',(453.123,190.5,-21.97));
#11916 = VECTOR('',#11917,1.);
#11917 = DIRECTION('',(0.,0.,1.));
#11918 = CYLINDRICAL_SURFACE('',#11919,3.174);
#11919 = AXIS2_PLACEMENT_3D('',#11920,#11921,#11922);
#11920 = CARTESIAN_POINT('',(453.123,193.674,-21.97));
#11921 = DIRECTION('',(0.,0.,1.));
#11922 = DIRECTION('',(0.,-1.,0.));
#11923 = ADVANCED_FACE('',(#11924),#11943,.F.);
#11924 = FACE_BOUND('',#11925,.F.);
#11925 = EDGE_LOOP('',(#11926,#11935,#11941,#11942));
#11926 = ORIENTED_EDGE('',*,*,#11927,.T.);
#11927 = EDGE_CURVE('',#11881,#11928,#11930,.T.);
#11928 = VERTEX_POINT('',#11929);
#11929 = CARTESIAN_POINT('',(453.123,238.5,-21.97));
#11930 = CIRCLE('',#11931,3.174);
#11931 = AXIS2_PLACEMENT_3D('',#11932,#11933,#11934);
#11932 = CARTESIAN_POINT('',(453.123,235.326,-21.97));
#11933 = DIRECTION('',(-0.,0.,1.));
#11934 = DIRECTION('',(0.,-1.,0.));
#11935 = ORIENTED_EDGE('',*,*,#11936,.T.);
#11936 = EDGE_CURVE('',#11928,#2866,#11937,.T.);
#11937 = LINE('',#11938,#11939);
#11938 = CARTESIAN_POINT('',(453.123,238.5,-21.97));
#11939 = VECTOR('',#11940,1.);
#11940 = DIRECTION('',(0.,0.,1.));
#11941 = ORIENTED_EDGE('',*,*,#2873,.F.);
#11942 = ORIENTED_EDGE('',*,*,#11888,.F.);
#11943 = CYLINDRICAL_SURFACE('',#11944,3.174);
#11944 = AXIS2_PLACEMENT_3D('',#11945,#11946,#11947);
#11945 = CARTESIAN_POINT('',(453.123,235.326,-21.97));
#11946 = DIRECTION('',(0.,0.,1.));
#11947 = DIRECTION('',(1.,0.,0.));
#11948 = ADVANCED_FACE('',(#11949),#11967,.T.);
#11949 = FACE_BOUND('',#11950,.T.);
#11950 = EDGE_LOOP('',(#11951,#11959,#11965,#11966));
#11951 = ORIENTED_EDGE('',*,*,#11952,.F.);
#11952 = EDGE_CURVE('',#11953,#11903,#11955,.T.);
#11953 = VERTEX_POINT('',#11954);
#11954 = CARTESIAN_POINT('',(436.471,190.5,-21.97));
#11955 = LINE('',#11956,#11957);
#11956 = CARTESIAN_POINT('',(433.297,190.5,-21.97));
#11957 = VECTOR('',#11958,1.);
#11958 = DIRECTION('',(1.,0.,0.));
#11959 = ORIENTED_EDGE('',*,*,#11960,.T.);
#11960 = EDGE_CURVE('',#11953,#2832,#11961,.T.);
#11961 = LINE('',#11962,#11963);
#11962 = CARTESIAN_POINT('',(436.471,190.5,-21.97));
#11963 = VECTOR('',#11964,1.);
#11964 = DIRECTION('',(0.,0.,1.));
#11965 = ORIENTED_EDGE('',*,*,#2831,.T.);
#11966 = ORIENTED_EDGE('',*,*,#11913,.F.);
#11967 = PLANE('',#11968);
#11968 = AXIS2_PLACEMENT_3D('',#11969,#11970,#11971);
#11969 = CARTESIAN_POINT('',(433.297,190.5,-21.97));
#11970 = DIRECTION('',(0.,1.,0.));
#11971 = DIRECTION('',(0.,0.,1.));
#11972 = ADVANCED_FACE('',(#11973),#11991,.F.);
#11973 = FACE_BOUND('',#11974,.F.);
#11974 = EDGE_LOOP('',(#11975,#11983,#11989,#11990));
#11975 = ORIENTED_EDGE('',*,*,#11976,.F.);
#11976 = EDGE_CURVE('',#11977,#11928,#11979,.T.);
#11977 = VERTEX_POINT('',#11978);
#11978 = CARTESIAN_POINT('',(436.471,238.5,-21.97));
#11979 = LINE('',#11980,#11981);
#11980 = CARTESIAN_POINT('',(433.297,238.5,-21.97));
#11981 = VECTOR('',#11982,1.);
#11982 = DIRECTION('',(1.,0.,0.));
#11983 = ORIENTED_EDGE('',*,*,#11984,.T.);
#11984 = EDGE_CURVE('',#11977,#2857,#11985,.T.);
#11985 = LINE('',#11986,#11987);
#11986 = CARTESIAN_POINT('',(436.471,238.5,-21.97));
#11987 = VECTOR('',#11988,1.);
#11988 = DIRECTION('',(0.,0.,1.));
#11989 = ORIENTED_EDGE('',*,*,#2865,.T.);
#11990 = ORIENTED_EDGE('',*,*,#11936,.F.);
#11991 = PLANE('',#11992);
#11992 = AXIS2_PLACEMENT_3D('',#11993,#11994,#11995);
#11993 = CARTESIAN_POINT('',(433.297,238.5,-21.97));
#11994 = DIRECTION('',(0.,1.,0.));
#11995 = DIRECTION('',(0.,0.,1.));
#11996 = ADVANCED_FACE('',(#11997),#12016,.F.);
#11997 = FACE_BOUND('',#11998,.F.);
#11998 = EDGE_LOOP('',(#11999,#12008,#12009,#12010));
#11999 = ORIENTED_EDGE('',*,*,#12000,.T.);
#12000 = EDGE_CURVE('',#12001,#11953,#12003,.T.);
#12001 = VERTEX_POINT('',#12002);
#12002 = CARTESIAN_POINT('',(433.297,193.674,-21.97));
#12003 = CIRCLE('',#12004,3.174);
#12004 = AXIS2_PLACEMENT_3D('',#12005,#12006,#12007);
#12005 = CARTESIAN_POINT('',(436.471,193.674,-21.97));
#12006 = DIRECTION('',(-0.,0.,1.));
#12007 = DIRECTION('',(0.,-1.,0.));
#12008 = ORIENTED_EDGE('',*,*,#11960,.T.);
#12009 = ORIENTED_EDGE('',*,*,#2839,.F.);
#12010 = ORIENTED_EDGE('',*,*,#12011,.F.);
#12011 = EDGE_CURVE('',#12001,#2840,#12012,.T.);
#12012 = LINE('',#12013,#12014);
#12013 = CARTESIAN_POINT('',(433.297,193.674,-21.97));
#12014 = VECTOR('',#12015,1.);
#12015 = DIRECTION('',(0.,0.,1.));
#12016 = CYLINDRICAL_SURFACE('',#12017,3.174);
#12017 = AXIS2_PLACEMENT_3D('',#12018,#12019,#12020);
#12018 = CARTESIAN_POINT('',(436.471,193.674,-21.97));
#12019 = DIRECTION('',(0.,0.,1.));
#12020 = DIRECTION('',(-1.,0.,0.));
#12021 = ADVANCED_FACE('',(#12022),#12041,.F.);
#12022 = FACE_BOUND('',#12023,.T.);
#12023 = EDGE_LOOP('',(#12024,#12033,#12034,#12035));
#12024 = ORIENTED_EDGE('',*,*,#12025,.T.);
#12025 = EDGE_CURVE('',#12026,#11977,#12028,.T.);
#12026 = VERTEX_POINT('',#12027);
#12027 = CARTESIAN_POINT('',(433.297,235.326,-21.97));
#12028 = CIRCLE('',#12029,3.174);
#12029 = AXIS2_PLACEMENT_3D('',#12030,#12031,#12032);
#12030 = CARTESIAN_POINT('',(436.471,235.326,-21.97));
#12031 = DIRECTION('',(-0.,-0.,-1.));
#12032 = DIRECTION('',(0.,-1.,0.));
#12033 = ORIENTED_EDGE('',*,*,#11984,.T.);
#12034 = ORIENTED_EDGE('',*,*,#2856,.F.);
#12035 = ORIENTED_EDGE('',*,*,#12036,.F.);
#12036 = EDGE_CURVE('',#12026,#2849,#12037,.T.);
#12037 = LINE('',#12038,#12039);
#12038 = CARTESIAN_POINT('',(433.297,235.326,-21.97));
#12039 = VECTOR('',#12040,1.);
#12040 = DIRECTION('',(0.,0.,1.));
#12041 = CYLINDRICAL_SURFACE('',#12042,3.174);
#12042 = AXIS2_PLACEMENT_3D('',#12043,#12044,#12045);
#12043 = CARTESIAN_POINT('',(436.471,235.326,-21.97));
#12044 = DIRECTION('',(0.,0.,1.));
#12045 = DIRECTION('',(-1.,0.,0.));
#12046 = ADVANCED_FACE('',(#12047),#12058,.T.);
#12047 = FACE_BOUND('',#12048,.T.);
#12048 = EDGE_LOOP('',(#12049,#12050,#12051,#12057));
#12049 = ORIENTED_EDGE('',*,*,#2848,.F.);
#12050 = ORIENTED_EDGE('',*,*,#12011,.F.);
#12051 = ORIENTED_EDGE('',*,*,#12052,.T.);
#12052 = EDGE_CURVE('',#12001,#12026,#12053,.T.);
#12053 = LINE('',#12054,#12055);
#12054 = CARTESIAN_POINT('',(433.297,190.5,-21.97));
#12055 = VECTOR('',#12056,1.);
#12056 = DIRECTION('',(0.,1.,0.));
#12057 = ORIENTED_EDGE('',*,*,#12036,.T.);
#12058 = PLANE('',#12059);
#12059 = AXIS2_PLACEMENT_3D('',#12060,#12061,#12062);
#12060 = CARTESIAN_POINT('',(433.297,190.5,-21.97));
#12061 = DIRECTION('',(1.,0.,0.));
#12062 = DIRECTION('',(0.,0.,1.));
#12063 = ADVANCED_FACE('',(#12064,#12074,#12085),#12096,.T.);
#12064 = FACE_BOUND('',#12065,.T.);
#12065 = EDGE_LOOP('',(#12066,#12067,#12068,#12069,#12070,#12071,#12072,
    #12073));
#12066 = ORIENTED_EDGE('',*,*,#11880,.T.);
#12067 = ORIENTED_EDGE('',*,*,#11927,.T.);
#12068 = ORIENTED_EDGE('',*,*,#11976,.F.);
#12069 = ORIENTED_EDGE('',*,*,#12025,.F.);
#12070 = ORIENTED_EDGE('',*,*,#12052,.F.);
#12071 = ORIENTED_EDGE('',*,*,#12000,.T.);
#12072 = ORIENTED_EDGE('',*,*,#11952,.T.);
#12073 = ORIENTED_EDGE('',*,*,#11902,.T.);
#12074 = FACE_BOUND('',#12075,.T.);
#12075 = EDGE_LOOP('',(#12076));
#12076 = ORIENTED_EDGE('',*,*,#12077,.T.);
#12077 = EDGE_CURVE('',#12078,#12078,#12080,.T.);
#12078 = VERTEX_POINT('',#12079);
#12079 = CARTESIAN_POINT('',(443.0698,202.,-21.97));
#12080 = CIRCLE('',#12081,1.7272);
#12081 = AXIS2_PLACEMENT_3D('',#12082,#12083,#12084);
#12082 = CARTESIAN_POINT('',(444.797,202.,-21.97));
#12083 = DIRECTION('',(0.,0.,-1.));
#12084 = DIRECTION('',(-1.,0.,0.));
#12085 = FACE_BOUND('',#12086,.T.);
#12086 = EDGE_LOOP('',(#12087));
#12087 = ORIENTED_EDGE('',*,*,#12088,.T.);
#12088 = EDGE_CURVE('',#12089,#12089,#12091,.T.);
#12089 = VERTEX_POINT('',#12090);
#12090 = CARTESIAN_POINT('',(443.0698,227.,-21.97));
#12091 = CIRCLE('',#12092,1.7272);
#12092 = AXIS2_PLACEMENT_3D('',#12093,#12094,#12095);
#12093 = CARTESIAN_POINT('',(444.797,227.,-21.97));
#12094 = DIRECTION('',(0.,0.,-1.));
#12095 = DIRECTION('',(-1.,0.,0.));
#12096 = PLANE('',#12097);
#12097 = AXIS2_PLACEMENT_3D('',#12098,#12099,#12100);
#12098 = CARTESIAN_POINT('',(433.297,190.5,-21.97));
#12099 = DIRECTION('',(0.,0.,1.));
#12100 = DIRECTION('',(1.,0.,0.));
#12101 = ADVANCED_FACE('',(#12102),#12121,.F.);
#12102 = FACE_BOUND('',#12103,.F.);
#12103 = EDGE_LOOP('',(#12104,#12105,#12113,#12120));
#12104 = ORIENTED_EDGE('',*,*,#12077,.T.);
#12105 = ORIENTED_EDGE('',*,*,#12106,.T.);
#12106 = EDGE_CURVE('',#12078,#12107,#12109,.T.);
#12107 = VERTEX_POINT('',#12108);
#12108 = CARTESIAN_POINT('',(443.0698,202.,-38.1));
#12109 = LINE('',#12110,#12111);
#12110 = CARTESIAN_POINT('',(443.0698,202.,-13.97));
#12111 = VECTOR('',#12112,1.);
#12112 = DIRECTION('',(0.,0.,-1.));
#12113 = ORIENTED_EDGE('',*,*,#12114,.F.);
#12114 = EDGE_CURVE('',#12107,#12107,#12115,.T.);
#12115 = CIRCLE('',#12116,1.7272);
#12116 = AXIS2_PLACEMENT_3D('',#12117,#12118,#12119);
#12117 = CARTESIAN_POINT('',(444.797,202.,-38.1));
#12118 = DIRECTION('',(0.,0.,-1.));
#12119 = DIRECTION('',(-1.,0.,0.));
#12120 = ORIENTED_EDGE('',*,*,#12106,.F.);
#12121 = CYLINDRICAL_SURFACE('',#12122,1.7272);
#12122 = AXIS2_PLACEMENT_3D('',#12123,#12124,#12125);
#12123 = CARTESIAN_POINT('',(444.797,202.,-13.97));
#12124 = DIRECTION('',(0.,0.,-1.));
#12125 = DIRECTION('',(-1.,0.,0.));
#12126 = ADVANCED_FACE('',(#12127),#12146,.F.);
#12127 = FACE_BOUND('',#12128,.F.);
#12128 = EDGE_LOOP('',(#12129,#12130,#12138,#12145));
#12129 = ORIENTED_EDGE('',*,*,#12088,.T.);
#12130 = ORIENTED_EDGE('',*,*,#12131,.T.);
#12131 = EDGE_CURVE('',#12089,#12132,#12134,.T.);
#12132 = VERTEX_POINT('',#12133);
#12133 = CARTESIAN_POINT('',(443.0698,227.,-38.1));
#12134 = LINE('',#12135,#12136);
#12135 = CARTESIAN_POINT('',(443.0698,227.,-13.97));
#12136 = VECTOR('',#12137,1.);
#12137 = DIRECTION('',(0.,0.,-1.));
#12138 = ORIENTED_EDGE('',*,*,#12139,.F.);
#12139 = EDGE_CURVE('',#12132,#12132,#12140,.T.);
#12140 = CIRCLE('',#12141,1.7272);
#12141 = AXIS2_PLACEMENT_3D('',#12142,#12143,#12144);
#12142 = CARTESIAN_POINT('',(444.797,227.,-38.1));
#12143 = DIRECTION('',(0.,0.,-1.));
#12144 = DIRECTION('',(-1.,0.,0.));
#12145 = ORIENTED_EDGE('',*,*,#12131,.F.);
#12146 = CYLINDRICAL_SURFACE('',#12147,1.7272);
#12147 = AXIS2_PLACEMENT_3D('',#12148,#12149,#12150);
#12148 = CARTESIAN_POINT('',(444.797,227.,-13.97));
#12149 = DIRECTION('',(0.,0.,-1.));
#12150 = DIRECTION('',(-1.,0.,0.));
#12151 = ADVANCED_FACE('',(#12152),#12177,.F.);
#12152 = FACE_BOUND('',#12153,.F.);
#12153 = EDGE_LOOP('',(#12154,#12155,#12163,#12171));
#12154 = ORIENTED_EDGE('',*,*,#2882,.F.);
#12155 = ORIENTED_EDGE('',*,*,#12156,.F.);
#12156 = EDGE_CURVE('',#12157,#2883,#12159,.T.);
#12157 = VERTEX_POINT('',#12158);
#12158 = CARTESIAN_POINT('',(431.397,111.674,-21.97));
#12159 = LINE('',#12160,#12161);
#12160 = CARTESIAN_POINT('',(431.397,111.674,-21.97));
#12161 = VECTOR('',#12162,1.);
#12162 = DIRECTION('',(0.,0.,1.));
#12163 = ORIENTED_EDGE('',*,*,#12164,.T.);
#12164 = EDGE_CURVE('',#12157,#12165,#12167,.T.);
#12165 = VERTEX_POINT('',#12166);
#12166 = CARTESIAN_POINT('',(431.397,153.326,-21.97));
#12167 = LINE('',#12168,#12169);
#12168 = CARTESIAN_POINT('',(431.397,108.5,-21.97));
#12169 = VECTOR('',#12170,1.);
#12170 = DIRECTION('',(0.,1.,0.));
#12171 = ORIENTED_EDGE('',*,*,#12172,.T.);
#12172 = EDGE_CURVE('',#12165,#2885,#12173,.T.);
#12173 = LINE('',#12174,#12175);
#12174 = CARTESIAN_POINT('',(431.397,153.326,-21.97));
#12175 = VECTOR('',#12176,1.);
#12176 = DIRECTION('',(0.,0.,1.));
#12177 = PLANE('',#12178);
#12178 = AXIS2_PLACEMENT_3D('',#12179,#12180,#12181);
#12179 = CARTESIAN_POINT('',(431.397,108.5,-21.97));
#12180 = DIRECTION('',(1.,0.,0.));
#12181 = DIRECTION('',(0.,0.,1.));
#12182 = ADVANCED_FACE('',(#12183),#12202,.F.);
#12183 = FACE_BOUND('',#12184,.F.);
#12184 = EDGE_LOOP('',(#12185,#12194,#12195,#12196));
#12185 = ORIENTED_EDGE('',*,*,#12186,.T.);
#12186 = EDGE_CURVE('',#12187,#12157,#12189,.T.);
#12187 = VERTEX_POINT('',#12188);
#12188 = CARTESIAN_POINT('',(428.223,108.5,-21.97));
#12189 = CIRCLE('',#12190,3.174);
#12190 = AXIS2_PLACEMENT_3D('',#12191,#12192,#12193);
#12191 = CARTESIAN_POINT('',(428.223,111.674,-21.97));
#12192 = DIRECTION('',(-0.,0.,1.));
#12193 = DIRECTION('',(0.,-1.,0.));
#12194 = ORIENTED_EDGE('',*,*,#12156,.T.);
#12195 = ORIENTED_EDGE('',*,*,#2892,.F.);
#12196 = ORIENTED_EDGE('',*,*,#12197,.F.);
#12197 = EDGE_CURVE('',#12187,#2893,#12198,.T.);
#12198 = LINE('',#12199,#12200);
#12199 = CARTESIAN_POINT('',(428.223,108.5,-21.97));
#12200 = VECTOR('',#12201,1.);
#12201 = DIRECTION('',(0.,0.,1.));
#12202 = CYLINDRICAL_SURFACE('',#12203,3.174);
#12203 = AXIS2_PLACEMENT_3D('',#12204,#12205,#12206);
#12204 = CARTESIAN_POINT('',(428.223,111.674,-21.97));
#12205 = DIRECTION('',(0.,0.,1.));
#12206 = DIRECTION('',(0.,-1.,0.));
#12207 = ADVANCED_FACE('',(#12208),#12227,.F.);
#12208 = FACE_BOUND('',#12209,.F.);
#12209 = EDGE_LOOP('',(#12210,#12219,#12225,#12226));
#12210 = ORIENTED_EDGE('',*,*,#12211,.T.);
#12211 = EDGE_CURVE('',#12165,#12212,#12214,.T.);
#12212 = VERTEX_POINT('',#12213);
#12213 = CARTESIAN_POINT('',(428.223,156.5,-21.97));
#12214 = CIRCLE('',#12215,3.174);
#12215 = AXIS2_PLACEMENT_3D('',#12216,#12217,#12218);
#12216 = CARTESIAN_POINT('',(428.223,153.326,-21.97));
#12217 = DIRECTION('',(-0.,0.,1.));
#12218 = DIRECTION('',(0.,-1.,0.));
#12219 = ORIENTED_EDGE('',*,*,#12220,.T.);
#12220 = EDGE_CURVE('',#12212,#2936,#12221,.T.);
#12221 = LINE('',#12222,#12223);
#12222 = CARTESIAN_POINT('',(428.223,156.5,-21.97));
#12223 = VECTOR('',#12224,1.);
#12224 = DIRECTION('',(0.,0.,1.));
#12225 = ORIENTED_EDGE('',*,*,#2943,.F.);
#12226 = ORIENTED_EDGE('',*,*,#12172,.F.);
#12227 = CYLINDRICAL_SURFACE('',#12228,3.174);
#12228 = AXIS2_PLACEMENT_3D('',#12229,#12230,#12231);
#12229 = CARTESIAN_POINT('',(428.223,153.326,-21.97));
#12230 = DIRECTION('',(0.,0.,1.));
#12231 = DIRECTION('',(1.,0.,0.));
#12232 = ADVANCED_FACE('',(#12233),#12251,.T.);
#12233 = FACE_BOUND('',#12234,.T.);
#12234 = EDGE_LOOP('',(#12235,#12243,#12249,#12250));
#12235 = ORIENTED_EDGE('',*,*,#12236,.F.);
#12236 = EDGE_CURVE('',#12237,#12187,#12239,.T.);
#12237 = VERTEX_POINT('',#12238);
#12238 = CARTESIAN_POINT('',(411.571,108.5,-21.97));
#12239 = LINE('',#12240,#12241);
#12240 = CARTESIAN_POINT('',(408.397,108.5,-21.97));
#12241 = VECTOR('',#12242,1.);
#12242 = DIRECTION('',(1.,0.,0.));
#12243 = ORIENTED_EDGE('',*,*,#12244,.T.);
#12244 = EDGE_CURVE('',#12237,#2902,#12245,.T.);
#12245 = LINE('',#12246,#12247);
#12246 = CARTESIAN_POINT('',(411.571,108.5,-21.97));
#12247 = VECTOR('',#12248,1.);
#12248 = DIRECTION('',(0.,0.,1.));
#12249 = ORIENTED_EDGE('',*,*,#2901,.T.);
#12250 = ORIENTED_EDGE('',*,*,#12197,.F.);
#12251 = PLANE('',#12252);
#12252 = AXIS2_PLACEMENT_3D('',#12253,#12254,#12255);
#12253 = CARTESIAN_POINT('',(408.397,108.5,-21.97));
#12254 = DIRECTION('',(0.,1.,0.));
#12255 = DIRECTION('',(0.,0.,1.));
#12256 = ADVANCED_FACE('',(#12257),#12275,.F.);
#12257 = FACE_BOUND('',#12258,.F.);
#12258 = EDGE_LOOP('',(#12259,#12267,#12273,#12274));
#12259 = ORIENTED_EDGE('',*,*,#12260,.F.);
#12260 = EDGE_CURVE('',#12261,#12212,#12263,.T.);
#12261 = VERTEX_POINT('',#12262);
#12262 = CARTESIAN_POINT('',(411.571,156.5,-21.97));
#12263 = LINE('',#12264,#12265);
#12264 = CARTESIAN_POINT('',(408.397,156.5,-21.97));
#12265 = VECTOR('',#12266,1.);
#12266 = DIRECTION('',(1.,0.,0.));
#12267 = ORIENTED_EDGE('',*,*,#12268,.T.);
#12268 = EDGE_CURVE('',#12261,#2927,#12269,.T.);
#12269 = LINE('',#12270,#12271);
#12270 = CARTESIAN_POINT('',(411.571,156.5,-21.97));
#12271 = VECTOR('',#12272,1.);
#12272 = DIRECTION('',(0.,0.,1.));
#12273 = ORIENTED_EDGE('',*,*,#2935,.T.);
#12274 = ORIENTED_EDGE('',*,*,#12220,.F.);
#12275 = PLANE('',#12276);
#12276 = AXIS2_PLACEMENT_3D('',#12277,#12278,#12279);
#12277 = CARTESIAN_POINT('',(408.397,156.5,-21.97));
#12278 = DIRECTION('',(0.,1.,0.));
#12279 = DIRECTION('',(0.,0.,1.));
#12280 = ADVANCED_FACE('',(#12281),#12300,.F.);
#12281 = FACE_BOUND('',#12282,.F.);
#12282 = EDGE_LOOP('',(#12283,#12292,#12293,#12294));
#12283 = ORIENTED_EDGE('',*,*,#12284,.T.);
#12284 = EDGE_CURVE('',#12285,#12237,#12287,.T.);
#12285 = VERTEX_POINT('',#12286);
#12286 = CARTESIAN_POINT('',(408.397,111.674,-21.97));
#12287 = CIRCLE('',#12288,3.174);
#12288 = AXIS2_PLACEMENT_3D('',#12289,#12290,#12291);
#12289 = CARTESIAN_POINT('',(411.571,111.674,-21.97));
#12290 = DIRECTION('',(-0.,0.,1.));
#12291 = DIRECTION('',(0.,-1.,0.));
#12292 = ORIENTED_EDGE('',*,*,#12244,.T.);
#12293 = ORIENTED_EDGE('',*,*,#2909,.F.);
#12294 = ORIENTED_EDGE('',*,*,#12295,.F.);
#12295 = EDGE_CURVE('',#12285,#2910,#12296,.T.);
#12296 = LINE('',#12297,#12298);
#12297 = CARTESIAN_POINT('',(408.397,111.674,-21.97));
#12298 = VECTOR('',#12299,1.);
#12299 = DIRECTION('',(0.,0.,1.));
#12300 = CYLINDRICAL_SURFACE('',#12301,3.174);
#12301 = AXIS2_PLACEMENT_3D('',#12302,#12303,#12304);
#12302 = CARTESIAN_POINT('',(411.571,111.674,-21.97));
#12303 = DIRECTION('',(0.,0.,1.));
#12304 = DIRECTION('',(-1.,0.,0.));
#12305 = ADVANCED_FACE('',(#12306),#12325,.F.);
#12306 = FACE_BOUND('',#12307,.T.);
#12307 = EDGE_LOOP('',(#12308,#12317,#12318,#12319));
#12308 = ORIENTED_EDGE('',*,*,#12309,.T.);
#12309 = EDGE_CURVE('',#12310,#12261,#12312,.T.);
#12310 = VERTEX_POINT('',#12311);
#12311 = CARTESIAN_POINT('',(408.397,153.326,-21.97));
#12312 = CIRCLE('',#12313,3.174);
#12313 = AXIS2_PLACEMENT_3D('',#12314,#12315,#12316);
#12314 = CARTESIAN_POINT('',(411.571,153.326,-21.97));
#12315 = DIRECTION('',(-0.,-0.,-1.));
#12316 = DIRECTION('',(0.,-1.,0.));
#12317 = ORIENTED_EDGE('',*,*,#12268,.T.);
#12318 = ORIENTED_EDGE('',*,*,#2926,.F.);
#12319 = ORIENTED_EDGE('',*,*,#12320,.F.);
#12320 = EDGE_CURVE('',#12310,#2919,#12321,.T.);
#12321 = LINE('',#12322,#12323);
#12322 = CARTESIAN_POINT('',(408.397,153.326,-21.97));
#12323 = VECTOR('',#12324,1.);
#12324 = DIRECTION('',(0.,0.,1.));
#12325 = CYLINDRICAL_SURFACE('',#12326,3.174);
#12326 = AXIS2_PLACEMENT_3D('',#12327,#12328,#12329);
#12327 = CARTESIAN_POINT('',(411.571,153.326,-21.97));
#12328 = DIRECTION('',(0.,0.,1.));
#12329 = DIRECTION('',(-1.,0.,0.));
#12330 = ADVANCED_FACE('',(#12331),#12342,.T.);
#12331 = FACE_BOUND('',#12332,.T.);
#12332 = EDGE_LOOP('',(#12333,#12334,#12335,#12341));
#12333 = ORIENTED_EDGE('',*,*,#2918,.F.);
#12334 = ORIENTED_EDGE('',*,*,#12295,.F.);
#12335 = ORIENTED_EDGE('',*,*,#12336,.T.);
#12336 = EDGE_CURVE('',#12285,#12310,#12337,.T.);
#12337 = LINE('',#12338,#12339);
#12338 = CARTESIAN_POINT('',(408.397,108.5,-21.97));
#12339 = VECTOR('',#12340,1.);
#12340 = DIRECTION('',(0.,1.,0.));
#12341 = ORIENTED_EDGE('',*,*,#12320,.T.);
#12342 = PLANE('',#12343);
#12343 = AXIS2_PLACEMENT_3D('',#12344,#12345,#12346);
#12344 = CARTESIAN_POINT('',(408.397,108.5,-21.97));
#12345 = DIRECTION('',(1.,0.,0.));
#12346 = DIRECTION('',(0.,0.,1.));
#12347 = ADVANCED_FACE('',(#12348,#12358,#12369),#12380,.T.);
#12348 = FACE_BOUND('',#12349,.T.);
#12349 = EDGE_LOOP('',(#12350,#12351,#12352,#12353,#12354,#12355,#12356,
    #12357));
#12350 = ORIENTED_EDGE('',*,*,#12164,.T.);
#12351 = ORIENTED_EDGE('',*,*,#12211,.T.);
#12352 = ORIENTED_EDGE('',*,*,#12260,.F.);
#12353 = ORIENTED_EDGE('',*,*,#12309,.F.);
#12354 = ORIENTED_EDGE('',*,*,#12336,.F.);
#12355 = ORIENTED_EDGE('',*,*,#12284,.T.);
#12356 = ORIENTED_EDGE('',*,*,#12236,.T.);
#12357 = ORIENTED_EDGE('',*,*,#12186,.T.);
#12358 = FACE_BOUND('',#12359,.T.);
#12359 = EDGE_LOOP('',(#12360));
#12360 = ORIENTED_EDGE('',*,*,#12361,.T.);
#12361 = EDGE_CURVE('',#12362,#12362,#12364,.T.);
#12362 = VERTEX_POINT('',#12363);
#12363 = CARTESIAN_POINT('',(418.1698,120.,-21.97));
#12364 = CIRCLE('',#12365,1.7272);
#12365 = AXIS2_PLACEMENT_3D('',#12366,#12367,#12368);
#12366 = CARTESIAN_POINT('',(419.897,120.,-21.97));
#12367 = DIRECTION('',(0.,0.,-1.));
#12368 = DIRECTION('',(-1.,0.,0.));
#12369 = FACE_BOUND('',#12370,.T.);
#12370 = EDGE_LOOP('',(#12371));
#12371 = ORIENTED_EDGE('',*,*,#12372,.T.);
#12372 = EDGE_CURVE('',#12373,#12373,#12375,.T.);
#12373 = VERTEX_POINT('',#12374);
#12374 = CARTESIAN_POINT('',(418.1698,145.,-21.97));
#12375 = CIRCLE('',#12376,1.7272);
#12376 = AXIS2_PLACEMENT_3D('',#12377,#12378,#12379);
#12377 = CARTESIAN_POINT('',(419.897,145.,-21.97));
#12378 = DIRECTION('',(0.,0.,-1.));
#12379 = DIRECTION('',(-1.,0.,0.));
#12380 = PLANE('',#12381);
#12381 = AXIS2_PLACEMENT_3D('',#12382,#12383,#12384);
#12382 = CARTESIAN_POINT('',(408.397,108.5,-21.97));
#12383 = DIRECTION('',(0.,0.,1.));
#12384 = DIRECTION('',(1.,0.,0.));
#12385 = ADVANCED_FACE('',(#12386),#12405,.F.);
#12386 = FACE_BOUND('',#12387,.F.);
#12387 = EDGE_LOOP('',(#12388,#12389,#12397,#12404));
#12388 = ORIENTED_EDGE('',*,*,#12361,.T.);
#12389 = ORIENTED_EDGE('',*,*,#12390,.T.);
#12390 = EDGE_CURVE('',#12362,#12391,#12393,.T.);
#12391 = VERTEX_POINT('',#12392);
#12392 = CARTESIAN_POINT('',(418.1698,120.,-38.1));
#12393 = LINE('',#12394,#12395);
#12394 = CARTESIAN_POINT('',(418.1698,120.,-13.97));
#12395 = VECTOR('',#12396,1.);
#12396 = DIRECTION('',(0.,0.,-1.));
#12397 = ORIENTED_EDGE('',*,*,#12398,.F.);
#12398 = EDGE_CURVE('',#12391,#12391,#12399,.T.);
#12399 = CIRCLE('',#12400,1.7272);
#12400 = AXIS2_PLACEMENT_3D('',#12401,#12402,#12403);
#12401 = CARTESIAN_POINT('',(419.897,120.,-38.1));
#12402 = DIRECTION('',(0.,0.,-1.));
#12403 = DIRECTION('',(-1.,0.,0.));
#12404 = ORIENTED_EDGE('',*,*,#12390,.F.);
#12405 = CYLINDRICAL_SURFACE('',#12406,1.7272);
#12406 = AXIS2_PLACEMENT_3D('',#12407,#12408,#12409);
#12407 = CARTESIAN_POINT('',(419.897,120.,-13.97));
#12408 = DIRECTION('',(0.,0.,-1.));
#12409 = DIRECTION('',(-1.,0.,0.));
#12410 = ADVANCED_FACE('',(#12411),#12430,.F.);
#12411 = FACE_BOUND('',#12412,.F.);
#12412 = EDGE_LOOP('',(#12413,#12414,#12422,#12429));
#12413 = ORIENTED_EDGE('',*,*,#12372,.T.);
#12414 = ORIENTED_EDGE('',*,*,#12415,.T.);
#12415 = EDGE_CURVE('',#12373,#12416,#12418,.T.);
#12416 = VERTEX_POINT('',#12417);
#12417 = CARTESIAN_POINT('',(418.1698,145.,-38.1));
#12418 = LINE('',#12419,#12420);
#12419 = CARTESIAN_POINT('',(418.1698,145.,-13.97));
#12420 = VECTOR('',#12421,1.);
#12421 = DIRECTION('',(0.,0.,-1.));
#12422 = ORIENTED_EDGE('',*,*,#12423,.F.);
#12423 = EDGE_CURVE('',#12416,#12416,#12424,.T.);
#12424 = CIRCLE('',#12425,1.7272);
#12425 = AXIS2_PLACEMENT_3D('',#12426,#12427,#12428);
#12426 = CARTESIAN_POINT('',(419.897,145.,-38.1));
#12427 = DIRECTION('',(0.,0.,-1.));
#12428 = DIRECTION('',(-1.,0.,0.));
#12429 = ORIENTED_EDGE('',*,*,#12415,.F.);
#12430 = CYLINDRICAL_SURFACE('',#12431,1.7272);
#12431 = AXIS2_PLACEMENT_3D('',#12432,#12433,#12434);
#12432 = CARTESIAN_POINT('',(419.897,145.,-13.97));
#12433 = DIRECTION('',(0.,0.,-1.));
#12434 = DIRECTION('',(-1.,0.,0.));
#12435 = ADVANCED_FACE('',(#12436),#12461,.F.);
#12436 = FACE_BOUND('',#12437,.F.);
#12437 = EDGE_LOOP('',(#12438,#12439,#12447,#12455));
#12438 = ORIENTED_EDGE('',*,*,#2952,.F.);
#12439 = ORIENTED_EDGE('',*,*,#12440,.F.);
#12440 = EDGE_CURVE('',#12441,#2953,#12443,.T.);
#12441 = VERTEX_POINT('',#12442);
#12442 = CARTESIAN_POINT('',(454.897,111.674,-21.97));
#12443 = LINE('',#12444,#12445);
#12444 = CARTESIAN_POINT('',(454.897,111.674,-21.97));
#12445 = VECTOR('',#12446,1.);
#12446 = DIRECTION('',(0.,0.,1.));
#12447 = ORIENTED_EDGE('',*,*,#12448,.T.);
#12448 = EDGE_CURVE('',#12441,#12449,#12451,.T.);
#12449 = VERTEX_POINT('',#12450);
#12450 = CARTESIAN_POINT('',(454.897,153.326,-21.97));
#12451 = LINE('',#12452,#12453);
#12452 = CARTESIAN_POINT('',(454.897,108.5,-21.97));
#12453 = VECTOR('',#12454,1.);
#12454 = DIRECTION('',(0.,1.,0.));
#12455 = ORIENTED_EDGE('',*,*,#12456,.T.);
#12456 = EDGE_CURVE('',#12449,#2955,#12457,.T.);
#12457 = LINE('',#12458,#12459);
#12458 = CARTESIAN_POINT('',(454.897,153.326,-21.97));
#12459 = VECTOR('',#12460,1.);
#12460 = DIRECTION('',(0.,0.,1.));
#12461 = PLANE('',#12462);
#12462 = AXIS2_PLACEMENT_3D('',#12463,#12464,#12465);
#12463 = CARTESIAN_POINT('',(454.897,108.5,-21.97));
#12464 = DIRECTION('',(1.,0.,0.));
#12465 = DIRECTION('',(0.,0.,1.));
#12466 = ADVANCED_FACE('',(#12467),#12486,.F.);
#12467 = FACE_BOUND('',#12468,.F.);
#12468 = EDGE_LOOP('',(#12469,#12478,#12479,#12480));
#12469 = ORIENTED_EDGE('',*,*,#12470,.T.);
#12470 = EDGE_CURVE('',#12471,#12441,#12473,.T.);
#12471 = VERTEX_POINT('',#12472);
#12472 = CARTESIAN_POINT('',(451.723,108.5,-21.97));
#12473 = CIRCLE('',#12474,3.174);
#12474 = AXIS2_PLACEMENT_3D('',#12475,#12476,#12477);
#12475 = CARTESIAN_POINT('',(451.723,111.674,-21.97));
#12476 = DIRECTION('',(-0.,0.,1.));
#12477 = DIRECTION('',(0.,-1.,0.));
#12478 = ORIENTED_EDGE('',*,*,#12440,.T.);
#12479 = ORIENTED_EDGE('',*,*,#2962,.F.);
#12480 = ORIENTED_EDGE('',*,*,#12481,.F.);
#12481 = EDGE_CURVE('',#12471,#2963,#12482,.T.);
#12482 = LINE('',#12483,#12484);
#12483 = CARTESIAN_POINT('',(451.723,108.5,-21.97));
#12484 = VECTOR('',#12485,1.);
#12485 = DIRECTION('',(0.,0.,1.));
#12486 = CYLINDRICAL_SURFACE('',#12487,3.174);
#12487 = AXIS2_PLACEMENT_3D('',#12488,#12489,#12490);
#12488 = CARTESIAN_POINT('',(451.723,111.674,-21.97));
#12489 = DIRECTION('',(0.,0.,1.));
#12490 = DIRECTION('',(0.,-1.,0.));
#12491 = ADVANCED_FACE('',(#12492),#12511,.F.);
#12492 = FACE_BOUND('',#12493,.F.);
#12493 = EDGE_LOOP('',(#12494,#12503,#12509,#12510));
#12494 = ORIENTED_EDGE('',*,*,#12495,.T.);
#12495 = EDGE_CURVE('',#12449,#12496,#12498,.T.);
#12496 = VERTEX_POINT('',#12497);
#12497 = CARTESIAN_POINT('',(451.723,156.5,-21.97));
#12498 = CIRCLE('',#12499,3.174);
#12499 = AXIS2_PLACEMENT_3D('',#12500,#12501,#12502);
#12500 = CARTESIAN_POINT('',(451.723,153.326,-21.97));
#12501 = DIRECTION('',(-0.,0.,1.));
#12502 = DIRECTION('',(0.,-1.,0.));
#12503 = ORIENTED_EDGE('',*,*,#12504,.T.);
#12504 = EDGE_CURVE('',#12496,#3006,#12505,.T.);
#12505 = LINE('',#12506,#12507);
#12506 = CARTESIAN_POINT('',(451.723,156.5,-21.97));
#12507 = VECTOR('',#12508,1.);
#12508 = DIRECTION('',(0.,0.,1.));
#12509 = ORIENTED_EDGE('',*,*,#3013,.F.);
#12510 = ORIENTED_EDGE('',*,*,#12456,.F.);
#12511 = CYLINDRICAL_SURFACE('',#12512,3.174);
#12512 = AXIS2_PLACEMENT_3D('',#12513,#12514,#12515);
#12513 = CARTESIAN_POINT('',(451.723,153.326,-21.97));
#12514 = DIRECTION('',(0.,0.,1.));
#12515 = DIRECTION('',(1.,0.,0.));
#12516 = ADVANCED_FACE('',(#12517),#12535,.T.);
#12517 = FACE_BOUND('',#12518,.T.);
#12518 = EDGE_LOOP('',(#12519,#12527,#12533,#12534));
#12519 = ORIENTED_EDGE('',*,*,#12520,.F.);
#12520 = EDGE_CURVE('',#12521,#12471,#12523,.T.);
#12521 = VERTEX_POINT('',#12522);
#12522 = CARTESIAN_POINT('',(435.071,108.5,-21.97));
#12523 = LINE('',#12524,#12525);
#12524 = CARTESIAN_POINT('',(431.897,108.5,-21.97));
#12525 = VECTOR('',#12526,1.);
#12526 = DIRECTION('',(1.,0.,0.));
#12527 = ORIENTED_EDGE('',*,*,#12528,.T.);
#12528 = EDGE_CURVE('',#12521,#2972,#12529,.T.);
#12529 = LINE('',#12530,#12531);
#12530 = CARTESIAN_POINT('',(435.071,108.5,-21.97));
#12531 = VECTOR('',#12532,1.);
#12532 = DIRECTION('',(0.,0.,1.));
#12533 = ORIENTED_EDGE('',*,*,#2971,.T.);
#12534 = ORIENTED_EDGE('',*,*,#12481,.F.);
#12535 = PLANE('',#12536);
#12536 = AXIS2_PLACEMENT_3D('',#12537,#12538,#12539);
#12537 = CARTESIAN_POINT('',(431.897,108.5,-21.97));
#12538 = DIRECTION('',(0.,1.,0.));
#12539 = DIRECTION('',(0.,0.,1.));
#12540 = ADVANCED_FACE('',(#12541),#12559,.F.);
#12541 = FACE_BOUND('',#12542,.F.);
#12542 = EDGE_LOOP('',(#12543,#12551,#12557,#12558));
#12543 = ORIENTED_EDGE('',*,*,#12544,.F.);
#12544 = EDGE_CURVE('',#12545,#12496,#12547,.T.);
#12545 = VERTEX_POINT('',#12546);
#12546 = CARTESIAN_POINT('',(435.071,156.5,-21.97));
#12547 = LINE('',#12548,#12549);
#12548 = CARTESIAN_POINT('',(431.897,156.5,-21.97));
#12549 = VECTOR('',#12550,1.);
#12550 = DIRECTION('',(1.,0.,0.));
#12551 = ORIENTED_EDGE('',*,*,#12552,.T.);
#12552 = EDGE_CURVE('',#12545,#2997,#12553,.T.);
#12553 = LINE('',#12554,#12555);
#12554 = CARTESIAN_POINT('',(435.071,156.5,-21.97));
#12555 = VECTOR('',#12556,1.);
#12556 = DIRECTION('',(0.,0.,1.));
#12557 = ORIENTED_EDGE('',*,*,#3005,.T.);
#12558 = ORIENTED_EDGE('',*,*,#12504,.F.);
#12559 = PLANE('',#12560);
#12560 = AXIS2_PLACEMENT_3D('',#12561,#12562,#12563);
#12561 = CARTESIAN_POINT('',(431.897,156.5,-21.97));
#12562 = DIRECTION('',(0.,1.,0.));
#12563 = DIRECTION('',(0.,0.,1.));
#12564 = ADVANCED_FACE('',(#12565),#12584,.F.);
#12565 = FACE_BOUND('',#12566,.F.);
#12566 = EDGE_LOOP('',(#12567,#12576,#12577,#12578));
#12567 = ORIENTED_EDGE('',*,*,#12568,.T.);
#12568 = EDGE_CURVE('',#12569,#12521,#12571,.T.);
#12569 = VERTEX_POINT('',#12570);
#12570 = CARTESIAN_POINT('',(431.897,111.674,-21.97));
#12571 = CIRCLE('',#12572,3.174);
#12572 = AXIS2_PLACEMENT_3D('',#12573,#12574,#12575);
#12573 = CARTESIAN_POINT('',(435.071,111.674,-21.97));
#12574 = DIRECTION('',(-0.,0.,1.));
#12575 = DIRECTION('',(0.,-1.,0.));
#12576 = ORIENTED_EDGE('',*,*,#12528,.T.);
#12577 = ORIENTED_EDGE('',*,*,#2979,.F.);
#12578 = ORIENTED_EDGE('',*,*,#12579,.F.);
#12579 = EDGE_CURVE('',#12569,#2980,#12580,.T.);
#12580 = LINE('',#12581,#12582);
#12581 = CARTESIAN_POINT('',(431.897,111.674,-21.97));
#12582 = VECTOR('',#12583,1.);
#12583 = DIRECTION('',(0.,0.,1.));
#12584 = CYLINDRICAL_SURFACE('',#12585,3.174);
#12585 = AXIS2_PLACEMENT_3D('',#12586,#12587,#12588);
#12586 = CARTESIAN_POINT('',(435.071,111.674,-21.97));
#12587 = DIRECTION('',(0.,0.,1.));
#12588 = DIRECTION('',(-1.,0.,0.));
#12589 = ADVANCED_FACE('',(#12590),#12609,.F.);
#12590 = FACE_BOUND('',#12591,.T.);
#12591 = EDGE_LOOP('',(#12592,#12601,#12602,#12603));
#12592 = ORIENTED_EDGE('',*,*,#12593,.T.);
#12593 = EDGE_CURVE('',#12594,#12545,#12596,.T.);
#12594 = VERTEX_POINT('',#12595);
#12595 = CARTESIAN_POINT('',(431.897,153.326,-21.97));
#12596 = CIRCLE('',#12597,3.174);
#12597 = AXIS2_PLACEMENT_3D('',#12598,#12599,#12600);
#12598 = CARTESIAN_POINT('',(435.071,153.326,-21.97));
#12599 = DIRECTION('',(-0.,-0.,-1.));
#12600 = DIRECTION('',(0.,-1.,0.));
#12601 = ORIENTED_EDGE('',*,*,#12552,.T.);
#12602 = ORIENTED_EDGE('',*,*,#2996,.F.);
#12603 = ORIENTED_EDGE('',*,*,#12604,.F.);
#12604 = EDGE_CURVE('',#12594,#2989,#12605,.T.);
#12605 = LINE('',#12606,#12607);
#12606 = CARTESIAN_POINT('',(431.897,153.326,-21.97));
#12607 = VECTOR('',#12608,1.);
#12608 = DIRECTION('',(0.,0.,1.));
#12609 = CYLINDRICAL_SURFACE('',#12610,3.174);
#12610 = AXIS2_PLACEMENT_3D('',#12611,#12612,#12613);
#12611 = CARTESIAN_POINT('',(435.071,153.326,-21.97));
#12612 = DIRECTION('',(0.,0.,1.));
#12613 = DIRECTION('',(-1.,0.,0.));
#12614 = ADVANCED_FACE('',(#12615),#12626,.T.);
#12615 = FACE_BOUND('',#12616,.T.);
#12616 = EDGE_LOOP('',(#12617,#12618,#12619,#12625));
#12617 = ORIENTED_EDGE('',*,*,#2988,.F.);
#12618 = ORIENTED_EDGE('',*,*,#12579,.F.);
#12619 = ORIENTED_EDGE('',*,*,#12620,.T.);
#12620 = EDGE_CURVE('',#12569,#12594,#12621,.T.);
#12621 = LINE('',#12622,#12623);
#12622 = CARTESIAN_POINT('',(431.897,108.5,-21.97));
#12623 = VECTOR('',#12624,1.);
#12624 = DIRECTION('',(0.,1.,0.));
#12625 = ORIENTED_EDGE('',*,*,#12604,.T.);
#12626 = PLANE('',#12627);
#12627 = AXIS2_PLACEMENT_3D('',#12628,#12629,#12630);
#12628 = CARTESIAN_POINT('',(431.897,108.5,-21.97));
#12629 = DIRECTION('',(1.,0.,0.));
#12630 = DIRECTION('',(0.,0.,1.));
#12631 = ADVANCED_FACE('',(#12632,#12642,#12653),#12664,.T.);
#12632 = FACE_BOUND('',#12633,.T.);
#12633 = EDGE_LOOP('',(#12634,#12635,#12636,#12637,#12638,#12639,#12640,
    #12641));
#12634 = ORIENTED_EDGE('',*,*,#12448,.T.);
#12635 = ORIENTED_EDGE('',*,*,#12495,.T.);
#12636 = ORIENTED_EDGE('',*,*,#12544,.F.);
#12637 = ORIENTED_EDGE('',*,*,#12593,.F.);
#12638 = ORIENTED_EDGE('',*,*,#12620,.F.);
#12639 = ORIENTED_EDGE('',*,*,#12568,.T.);
#12640 = ORIENTED_EDGE('',*,*,#12520,.T.);
#12641 = ORIENTED_EDGE('',*,*,#12470,.T.);
#12642 = FACE_BOUND('',#12643,.T.);
#12643 = EDGE_LOOP('',(#12644));
#12644 = ORIENTED_EDGE('',*,*,#12645,.T.);
#12645 = EDGE_CURVE('',#12646,#12646,#12648,.T.);
#12646 = VERTEX_POINT('',#12647);
#12647 = CARTESIAN_POINT('',(441.6698,120.,-21.97));
#12648 = CIRCLE('',#12649,1.7272);
#12649 = AXIS2_PLACEMENT_3D('',#12650,#12651,#12652);
#12650 = CARTESIAN_POINT('',(443.397,120.,-21.97));
#12651 = DIRECTION('',(0.,0.,-1.));
#12652 = DIRECTION('',(-1.,0.,0.));
#12653 = FACE_BOUND('',#12654,.T.);
#12654 = EDGE_LOOP('',(#12655));
#12655 = ORIENTED_EDGE('',*,*,#12656,.T.);
#12656 = EDGE_CURVE('',#12657,#12657,#12659,.T.);
#12657 = VERTEX_POINT('',#12658);
#12658 = CARTESIAN_POINT('',(441.6698,145.,-21.97));
#12659 = CIRCLE('',#12660,1.7272);
#12660 = AXIS2_PLACEMENT_3D('',#12661,#12662,#12663);
#12661 = CARTESIAN_POINT('',(443.397,145.,-21.97));
#12662 = DIRECTION('',(0.,0.,-1.));
#12663 = DIRECTION('',(-1.,0.,0.));
#12664 = PLANE('',#12665);
#12665 = AXIS2_PLACEMENT_3D('',#12666,#12667,#12668);
#12666 = CARTESIAN_POINT('',(431.897,108.5,-21.97));
#12667 = DIRECTION('',(0.,0.,1.));
#12668 = DIRECTION('',(1.,0.,0.));
#12669 = ADVANCED_FACE('',(#12670),#12689,.F.);
#12670 = FACE_BOUND('',#12671,.F.);
#12671 = EDGE_LOOP('',(#12672,#12673,#12681,#12688));
#12672 = ORIENTED_EDGE('',*,*,#12645,.T.);
#12673 = ORIENTED_EDGE('',*,*,#12674,.T.);
#12674 = EDGE_CURVE('',#12646,#12675,#12677,.T.);
#12675 = VERTEX_POINT('',#12676);
#12676 = CARTESIAN_POINT('',(441.6698,120.,-38.1));
#12677 = LINE('',#12678,#12679);
#12678 = CARTESIAN_POINT('',(441.6698,120.,-13.97));
#12679 = VECTOR('',#12680,1.);
#12680 = DIRECTION('',(0.,0.,-1.));
#12681 = ORIENTED_EDGE('',*,*,#12682,.F.);
#12682 = EDGE_CURVE('',#12675,#12675,#12683,.T.);
#12683 = CIRCLE('',#12684,1.7272);
#12684 = AXIS2_PLACEMENT_3D('',#12685,#12686,#12687);
#12685 = CARTESIAN_POINT('',(443.397,120.,-38.1));
#12686 = DIRECTION('',(0.,0.,-1.));
#12687 = DIRECTION('',(-1.,0.,0.));
#12688 = ORIENTED_EDGE('',*,*,#12674,.F.);
#12689 = CYLINDRICAL_SURFACE('',#12690,1.7272);
#12690 = AXIS2_PLACEMENT_3D('',#12691,#12692,#12693);
#12691 = CARTESIAN_POINT('',(443.397,120.,-13.97));
#12692 = DIRECTION('',(0.,0.,-1.));
#12693 = DIRECTION('',(-1.,0.,0.));
#12694 = ADVANCED_FACE('',(#12695),#12714,.F.);
#12695 = FACE_BOUND('',#12696,.F.);
#12696 = EDGE_LOOP('',(#12697,#12698,#12706,#12713));
#12697 = ORIENTED_EDGE('',*,*,#12656,.T.);
#12698 = ORIENTED_EDGE('',*,*,#12699,.T.);
#12699 = EDGE_CURVE('',#12657,#12700,#12702,.T.);
#12700 = VERTEX_POINT('',#12701);
#12701 = CARTESIAN_POINT('',(441.6698,145.,-38.1));
#12702 = LINE('',#12703,#12704);
#12703 = CARTESIAN_POINT('',(441.6698,145.,-13.97));
#12704 = VECTOR('',#12705,1.);
#12705 = DIRECTION('',(0.,0.,-1.));
#12706 = ORIENTED_EDGE('',*,*,#12707,.F.);
#12707 = EDGE_CURVE('',#12700,#12700,#12708,.T.);
#12708 = CIRCLE('',#12709,1.7272);
#12709 = AXIS2_PLACEMENT_3D('',#12710,#12711,#12712);
#12710 = CARTESIAN_POINT('',(443.397,145.,-38.1));
#12711 = DIRECTION('',(0.,0.,-1.));
#12712 = DIRECTION('',(-1.,0.,0.));
#12713 = ORIENTED_EDGE('',*,*,#12699,.F.);
#12714 = CYLINDRICAL_SURFACE('',#12715,1.7272);
#12715 = AXIS2_PLACEMENT_3D('',#12716,#12717,#12718);
#12716 = CARTESIAN_POINT('',(443.397,145.,-13.97));
#12717 = DIRECTION('',(0.,0.,-1.));
#12718 = DIRECTION('',(-1.,0.,0.));
#12719 = ADVANCED_FACE('',(#12720),#12745,.F.);
#12720 = FACE_BOUND('',#12721,.F.);
#12721 = EDGE_LOOP('',(#12722,#12723,#12731,#12739));
#12722 = ORIENTED_EDGE('',*,*,#3022,.F.);
#12723 = ORIENTED_EDGE('',*,*,#12724,.F.);
#12724 = EDGE_CURVE('',#12725,#3023,#12727,.T.);
#12725 = VERTEX_POINT('',#12726);
#12726 = CARTESIAN_POINT('',(369.997,193.674,-21.97));
#12727 = LINE('',#12728,#12729);
#12728 = CARTESIAN_POINT('',(369.997,193.674,-21.97));
#12729 = VECTOR('',#12730,1.);
#12730 = DIRECTION('',(0.,0.,1.));
#12731 = ORIENTED_EDGE('',*,*,#12732,.T.);
#12732 = EDGE_CURVE('',#12725,#12733,#12735,.T.);
#12733 = VERTEX_POINT('',#12734);
#12734 = CARTESIAN_POINT('',(369.997,235.326,-21.97));
#12735 = LINE('',#12736,#12737);
#12736 = CARTESIAN_POINT('',(369.997,190.5,-21.97));
#12737 = VECTOR('',#12738,1.);
#12738 = DIRECTION('',(0.,1.,0.));
#12739 = ORIENTED_EDGE('',*,*,#12740,.T.);
#12740 = EDGE_CURVE('',#12733,#3025,#12741,.T.);
#12741 = LINE('',#12742,#12743);
#12742 = CARTESIAN_POINT('',(369.997,235.326,-21.97));
#12743 = VECTOR('',#12744,1.);
#12744 = DIRECTION('',(0.,0.,1.));
#12745 = PLANE('',#12746);
#12746 = AXIS2_PLACEMENT_3D('',#12747,#12748,#12749);
#12747 = CARTESIAN_POINT('',(369.997,190.5,-21.97));
#12748 = DIRECTION('',(1.,0.,0.));
#12749 = DIRECTION('',(0.,0.,1.));
#12750 = ADVANCED_FACE('',(#12751),#12770,.F.);
#12751 = FACE_BOUND('',#12752,.F.);
#12752 = EDGE_LOOP('',(#12753,#12762,#12763,#12764));
#12753 = ORIENTED_EDGE('',*,*,#12754,.T.);
#12754 = EDGE_CURVE('',#12755,#12725,#12757,.T.);
#12755 = VERTEX_POINT('',#12756);
#12756 = CARTESIAN_POINT('',(366.823,190.5,-21.97));
#12757 = CIRCLE('',#12758,3.174);
#12758 = AXIS2_PLACEMENT_3D('',#12759,#12760,#12761);
#12759 = CARTESIAN_POINT('',(366.823,193.674,-21.97));
#12760 = DIRECTION('',(-0.,0.,1.));
#12761 = DIRECTION('',(0.,-1.,0.));
#12762 = ORIENTED_EDGE('',*,*,#12724,.T.);
#12763 = ORIENTED_EDGE('',*,*,#3032,.F.);
#12764 = ORIENTED_EDGE('',*,*,#12765,.F.);
#12765 = EDGE_CURVE('',#12755,#3033,#12766,.T.);
#12766 = LINE('',#12767,#12768);
#12767 = CARTESIAN_POINT('',(366.823,190.5,-21.97));
#12768 = VECTOR('',#12769,1.);
#12769 = DIRECTION('',(0.,0.,1.));
#12770 = CYLINDRICAL_SURFACE('',#12771,3.174);
#12771 = AXIS2_PLACEMENT_3D('',#12772,#12773,#12774);
#12772 = CARTESIAN_POINT('',(366.823,193.674,-21.97));
#12773 = DIRECTION('',(0.,0.,1.));
#12774 = DIRECTION('',(0.,-1.,0.));
#12775 = ADVANCED_FACE('',(#12776),#12795,.F.);
#12776 = FACE_BOUND('',#12777,.F.);
#12777 = EDGE_LOOP('',(#12778,#12787,#12793,#12794));
#12778 = ORIENTED_EDGE('',*,*,#12779,.T.);
#12779 = EDGE_CURVE('',#12733,#12780,#12782,.T.);
#12780 = VERTEX_POINT('',#12781);
#12781 = CARTESIAN_POINT('',(366.823,238.5,-21.97));
#12782 = CIRCLE('',#12783,3.174);
#12783 = AXIS2_PLACEMENT_3D('',#12784,#12785,#12786);
#12784 = CARTESIAN_POINT('',(366.823,235.326,-21.97));
#12785 = DIRECTION('',(-0.,0.,1.));
#12786 = DIRECTION('',(0.,-1.,0.));
#12787 = ORIENTED_EDGE('',*,*,#12788,.T.);
#12788 = EDGE_CURVE('',#12780,#3076,#12789,.T.);
#12789 = LINE('',#12790,#12791);
#12790 = CARTESIAN_POINT('',(366.823,238.5,-21.97));
#12791 = VECTOR('',#12792,1.);
#12792 = DIRECTION('',(0.,0.,1.));
#12793 = ORIENTED_EDGE('',*,*,#3083,.F.);
#12794 = ORIENTED_EDGE('',*,*,#12740,.F.);
#12795 = CYLINDRICAL_SURFACE('',#12796,3.174);
#12796 = AXIS2_PLACEMENT_3D('',#12797,#12798,#12799);
#12797 = CARTESIAN_POINT('',(366.823,235.326,-21.97));
#12798 = DIRECTION('',(0.,0.,1.));
#12799 = DIRECTION('',(1.,0.,0.));
#12800 = ADVANCED_FACE('',(#12801),#12819,.T.);
#12801 = FACE_BOUND('',#12802,.T.);
#12802 = EDGE_LOOP('',(#12803,#12811,#12817,#12818));
#12803 = ORIENTED_EDGE('',*,*,#12804,.F.);
#12804 = EDGE_CURVE('',#12805,#12755,#12807,.T.);
#12805 = VERTEX_POINT('',#12806);
#12806 = CARTESIAN_POINT('',(350.171,190.5,-21.97));
#12807 = LINE('',#12808,#12809);
#12808 = CARTESIAN_POINT('',(346.997,190.5,-21.97));
#12809 = VECTOR('',#12810,1.);
#12810 = DIRECTION('',(1.,0.,0.));
#12811 = ORIENTED_EDGE('',*,*,#12812,.T.);
#12812 = EDGE_CURVE('',#12805,#3042,#12813,.T.);
#12813 = LINE('',#12814,#12815);
#12814 = CARTESIAN_POINT('',(350.171,190.5,-21.97));
#12815 = VECTOR('',#12816,1.);
#12816 = DIRECTION('',(0.,0.,1.));
#12817 = ORIENTED_EDGE('',*,*,#3041,.T.);
#12818 = ORIENTED_EDGE('',*,*,#12765,.F.);
#12819 = PLANE('',#12820);
#12820 = AXIS2_PLACEMENT_3D('',#12821,#12822,#12823);
#12821 = CARTESIAN_POINT('',(346.997,190.5,-21.97));
#12822 = DIRECTION('',(0.,1.,0.));
#12823 = DIRECTION('',(0.,0.,1.));
#12824 = ADVANCED_FACE('',(#12825),#12843,.F.);
#12825 = FACE_BOUND('',#12826,.F.);
#12826 = EDGE_LOOP('',(#12827,#12835,#12841,#12842));
#12827 = ORIENTED_EDGE('',*,*,#12828,.F.);
#12828 = EDGE_CURVE('',#12829,#12780,#12831,.T.);
#12829 = VERTEX_POINT('',#12830);
#12830 = CARTESIAN_POINT('',(350.171,238.5,-21.97));
#12831 = LINE('',#12832,#12833);
#12832 = CARTESIAN_POINT('',(346.997,238.5,-21.97));
#12833 = VECTOR('',#12834,1.);
#12834 = DIRECTION('',(1.,0.,0.));
#12835 = ORIENTED_EDGE('',*,*,#12836,.T.);
#12836 = EDGE_CURVE('',#12829,#3067,#12837,.T.);
#12837 = LINE('',#12838,#12839);
#12838 = CARTESIAN_POINT('',(350.171,238.5,-21.97));
#12839 = VECTOR('',#12840,1.);
#12840 = DIRECTION('',(0.,0.,1.));
#12841 = ORIENTED_EDGE('',*,*,#3075,.T.);
#12842 = ORIENTED_EDGE('',*,*,#12788,.F.);
#12843 = PLANE('',#12844);
#12844 = AXIS2_PLACEMENT_3D('',#12845,#12846,#12847);
#12845 = CARTESIAN_POINT('',(346.997,238.5,-21.97));
#12846 = DIRECTION('',(0.,1.,0.));
#12847 = DIRECTION('',(0.,0.,1.));
#12848 = ADVANCED_FACE('',(#12849),#12868,.F.);
#12849 = FACE_BOUND('',#12850,.F.);
#12850 = EDGE_LOOP('',(#12851,#12860,#12861,#12862));
#12851 = ORIENTED_EDGE('',*,*,#12852,.T.);
#12852 = EDGE_CURVE('',#12853,#12805,#12855,.T.);
#12853 = VERTEX_POINT('',#12854);
#12854 = CARTESIAN_POINT('',(346.997,193.674,-21.97));
#12855 = CIRCLE('',#12856,3.174);
#12856 = AXIS2_PLACEMENT_3D('',#12857,#12858,#12859);
#12857 = CARTESIAN_POINT('',(350.171,193.674,-21.97));
#12858 = DIRECTION('',(-0.,0.,1.));
#12859 = DIRECTION('',(0.,-1.,0.));
#12860 = ORIENTED_EDGE('',*,*,#12812,.T.);
#12861 = ORIENTED_EDGE('',*,*,#3049,.F.);
#12862 = ORIENTED_EDGE('',*,*,#12863,.F.);
#12863 = EDGE_CURVE('',#12853,#3050,#12864,.T.);
#12864 = LINE('',#12865,#12866);
#12865 = CARTESIAN_POINT('',(346.997,193.674,-21.97));
#12866 = VECTOR('',#12867,1.);
#12867 = DIRECTION('',(0.,0.,1.));
#12868 = CYLINDRICAL_SURFACE('',#12869,3.174);
#12869 = AXIS2_PLACEMENT_3D('',#12870,#12871,#12872);
#12870 = CARTESIAN_POINT('',(350.171,193.674,-21.97));
#12871 = DIRECTION('',(0.,0.,1.));
#12872 = DIRECTION('',(-1.,0.,0.));
#12873 = ADVANCED_FACE('',(#12874),#12893,.F.);
#12874 = FACE_BOUND('',#12875,.T.);
#12875 = EDGE_LOOP('',(#12876,#12885,#12886,#12887));
#12876 = ORIENTED_EDGE('',*,*,#12877,.T.);
#12877 = EDGE_CURVE('',#12878,#12829,#12880,.T.);
#12878 = VERTEX_POINT('',#12879);
#12879 = CARTESIAN_POINT('',(346.997,235.326,-21.97));
#12880 = CIRCLE('',#12881,3.174);
#12881 = AXIS2_PLACEMENT_3D('',#12882,#12883,#12884);
#12882 = CARTESIAN_POINT('',(350.171,235.326,-21.97));
#12883 = DIRECTION('',(-0.,-0.,-1.));
#12884 = DIRECTION('',(0.,-1.,0.));
#12885 = ORIENTED_EDGE('',*,*,#12836,.T.);
#12886 = ORIENTED_EDGE('',*,*,#3066,.F.);
#12887 = ORIENTED_EDGE('',*,*,#12888,.F.);
#12888 = EDGE_CURVE('',#12878,#3059,#12889,.T.);
#12889 = LINE('',#12890,#12891);
#12890 = CARTESIAN_POINT('',(346.997,235.326,-21.97));
#12891 = VECTOR('',#12892,1.);
#12892 = DIRECTION('',(0.,0.,1.));
#12893 = CYLINDRICAL_SURFACE('',#12894,3.174);
#12894 = AXIS2_PLACEMENT_3D('',#12895,#12896,#12897);
#12895 = CARTESIAN_POINT('',(350.171,235.326,-21.97));
#12896 = DIRECTION('',(0.,0.,1.));
#12897 = DIRECTION('',(-1.,0.,0.));
#12898 = ADVANCED_FACE('',(#12899),#12910,.T.);
#12899 = FACE_BOUND('',#12900,.T.);
#12900 = EDGE_LOOP('',(#12901,#12902,#12903,#12909));
#12901 = ORIENTED_EDGE('',*,*,#3058,.F.);
#12902 = ORIENTED_EDGE('',*,*,#12863,.F.);
#12903 = ORIENTED_EDGE('',*,*,#12904,.T.);
#12904 = EDGE_CURVE('',#12853,#12878,#12905,.T.);
#12905 = LINE('',#12906,#12907);
#12906 = CARTESIAN_POINT('',(346.997,190.5,-21.97));
#12907 = VECTOR('',#12908,1.);
#12908 = DIRECTION('',(0.,1.,0.));
#12909 = ORIENTED_EDGE('',*,*,#12888,.T.);
#12910 = PLANE('',#12911);
#12911 = AXIS2_PLACEMENT_3D('',#12912,#12913,#12914);
#12912 = CARTESIAN_POINT('',(346.997,190.5,-21.97));
#12913 = DIRECTION('',(1.,0.,0.));
#12914 = DIRECTION('',(0.,0.,1.));
#12915 = ADVANCED_FACE('',(#12916,#12926,#12937),#12948,.T.);
#12916 = FACE_BOUND('',#12917,.T.);
#12917 = EDGE_LOOP('',(#12918,#12919,#12920,#12921,#12922,#12923,#12924,
    #12925));
#12918 = ORIENTED_EDGE('',*,*,#12732,.T.);
#12919 = ORIENTED_EDGE('',*,*,#12779,.T.);
#12920 = ORIENTED_EDGE('',*,*,#12828,.F.);
#12921 = ORIENTED_EDGE('',*,*,#12877,.F.);
#12922 = ORIENTED_EDGE('',*,*,#12904,.F.);
#12923 = ORIENTED_EDGE('',*,*,#12852,.T.);
#12924 = ORIENTED_EDGE('',*,*,#12804,.T.);
#12925 = ORIENTED_EDGE('',*,*,#12754,.T.);
#12926 = FACE_BOUND('',#12927,.T.);
#12927 = EDGE_LOOP('',(#12928));
#12928 = ORIENTED_EDGE('',*,*,#12929,.T.);
#12929 = EDGE_CURVE('',#12930,#12930,#12932,.T.);
#12930 = VERTEX_POINT('',#12931);
#12931 = CARTESIAN_POINT('',(356.7698,202.,-21.97));
#12932 = CIRCLE('',#12933,1.7272);
#12933 = AXIS2_PLACEMENT_3D('',#12934,#12935,#12936);
#12934 = CARTESIAN_POINT('',(358.497,202.,-21.97));
#12935 = DIRECTION('',(0.,0.,-1.));
#12936 = DIRECTION('',(-1.,0.,0.));
#12937 = FACE_BOUND('',#12938,.T.);
#12938 = EDGE_LOOP('',(#12939));
#12939 = ORIENTED_EDGE('',*,*,#12940,.T.);
#12940 = EDGE_CURVE('',#12941,#12941,#12943,.T.);
#12941 = VERTEX_POINT('',#12942);
#12942 = CARTESIAN_POINT('',(356.7698,227.,-21.97));
#12943 = CIRCLE('',#12944,1.7272);
#12944 = AXIS2_PLACEMENT_3D('',#12945,#12946,#12947);
#12945 = CARTESIAN_POINT('',(358.497,227.,-21.97));
#12946 = DIRECTION('',(0.,0.,-1.));
#12947 = DIRECTION('',(-1.,0.,0.));
#12948 = PLANE('',#12949);
#12949 = AXIS2_PLACEMENT_3D('',#12950,#12951,#12952);
#12950 = CARTESIAN_POINT('',(346.997,190.5,-21.97));
#12951 = DIRECTION('',(0.,0.,1.));
#12952 = DIRECTION('',(1.,0.,0.));
#12953 = ADVANCED_FACE('',(#12954),#12973,.F.);
#12954 = FACE_BOUND('',#12955,.F.);
#12955 = EDGE_LOOP('',(#12956,#12957,#12965,#12972));
#12956 = ORIENTED_EDGE('',*,*,#12929,.T.);
#12957 = ORIENTED_EDGE('',*,*,#12958,.T.);
#12958 = EDGE_CURVE('',#12930,#12959,#12961,.T.);
#12959 = VERTEX_POINT('',#12960);
#12960 = CARTESIAN_POINT('',(356.7698,202.,-38.1));
#12961 = LINE('',#12962,#12963);
#12962 = CARTESIAN_POINT('',(356.7698,202.,-13.97));
#12963 = VECTOR('',#12964,1.);
#12964 = DIRECTION('',(0.,0.,-1.));
#12965 = ORIENTED_EDGE('',*,*,#12966,.F.);
#12966 = EDGE_CURVE('',#12959,#12959,#12967,.T.);
#12967 = CIRCLE('',#12968,1.7272);
#12968 = AXIS2_PLACEMENT_3D('',#12969,#12970,#12971);
#12969 = CARTESIAN_POINT('',(358.497,202.,-38.1));
#12970 = DIRECTION('',(0.,0.,-1.));
#12971 = DIRECTION('',(-1.,0.,0.));
#12972 = ORIENTED_EDGE('',*,*,#12958,.F.);
#12973 = CYLINDRICAL_SURFACE('',#12974,1.7272);
#12974 = AXIS2_PLACEMENT_3D('',#12975,#12976,#12977);
#12975 = CARTESIAN_POINT('',(358.497,202.,-13.97));
#12976 = DIRECTION('',(0.,0.,-1.));
#12977 = DIRECTION('',(-1.,0.,0.));
#12978 = ADVANCED_FACE('',(#12979),#12998,.F.);
#12979 = FACE_BOUND('',#12980,.F.);
#12980 = EDGE_LOOP('',(#12981,#12982,#12990,#12997));
#12981 = ORIENTED_EDGE('',*,*,#12940,.T.);
#12982 = ORIENTED_EDGE('',*,*,#12983,.T.);
#12983 = EDGE_CURVE('',#12941,#12984,#12986,.T.);
#12984 = VERTEX_POINT('',#12985);
#12985 = CARTESIAN_POINT('',(356.7698,227.,-38.1));
#12986 = LINE('',#12987,#12988);
#12987 = CARTESIAN_POINT('',(356.7698,227.,-13.97));
#12988 = VECTOR('',#12989,1.);
#12989 = DIRECTION('',(0.,0.,-1.));
#12990 = ORIENTED_EDGE('',*,*,#12991,.F.);
#12991 = EDGE_CURVE('',#12984,#12984,#12992,.T.);
#12992 = CIRCLE('',#12993,1.7272);
#12993 = AXIS2_PLACEMENT_3D('',#12994,#12995,#12996);
#12994 = CARTESIAN_POINT('',(358.497,227.,-38.1));
#12995 = DIRECTION('',(0.,0.,-1.));
#12996 = DIRECTION('',(-1.,0.,0.));
#12997 = ORIENTED_EDGE('',*,*,#12983,.F.);
#12998 = CYLINDRICAL_SURFACE('',#12999,1.7272);
#12999 = AXIS2_PLACEMENT_3D('',#13000,#13001,#13002);
#13000 = CARTESIAN_POINT('',(358.497,227.,-13.97));
#13001 = DIRECTION('',(0.,0.,-1.));
#13002 = DIRECTION('',(-1.,0.,0.));
#13003 = ADVANCED_FACE('',(#13004),#13029,.F.);
#13004 = FACE_BOUND('',#13005,.F.);
#13005 = EDGE_LOOP('',(#13006,#13007,#13015,#13023));
#13006 = ORIENTED_EDGE('',*,*,#3092,.F.);
#13007 = ORIENTED_EDGE('',*,*,#13008,.F.);
#13008 = EDGE_CURVE('',#13009,#3093,#13011,.T.);
#13009 = VERTEX_POINT('',#13010);
#13010 = CARTESIAN_POINT('',(243.997,253.674,-21.97));
#13011 = LINE('',#13012,#13013);
#13012 = CARTESIAN_POINT('',(243.997,253.674,-21.97));
#13013 = VECTOR('',#13014,1.);
#13014 = DIRECTION('',(0.,0.,1.));
#13015 = ORIENTED_EDGE('',*,*,#13016,.T.);
#13016 = EDGE_CURVE('',#13009,#13017,#13019,.T.);
#13017 = VERTEX_POINT('',#13018);
#13018 = CARTESIAN_POINT('',(243.997,295.326,-21.97));
#13019 = LINE('',#13020,#13021);
#13020 = CARTESIAN_POINT('',(243.997,250.5,-21.97));
#13021 = VECTOR('',#13022,1.);
#13022 = DIRECTION('',(0.,1.,0.));
#13023 = ORIENTED_EDGE('',*,*,#13024,.T.);
#13024 = EDGE_CURVE('',#13017,#3095,#13025,.T.);
#13025 = LINE('',#13026,#13027);
#13026 = CARTESIAN_POINT('',(243.997,295.326,-21.97));
#13027 = VECTOR('',#13028,1.);
#13028 = DIRECTION('',(0.,0.,1.));
#13029 = PLANE('',#13030);
#13030 = AXIS2_PLACEMENT_3D('',#13031,#13032,#13033);
#13031 = CARTESIAN_POINT('',(243.997,250.5,-21.97));
#13032 = DIRECTION('',(1.,0.,0.));
#13033 = DIRECTION('',(0.,0.,1.));
#13034 = ADVANCED_FACE('',(#13035),#13054,.F.);
#13035 = FACE_BOUND('',#13036,.F.);
#13036 = EDGE_LOOP('',(#13037,#13046,#13047,#13048));
#13037 = ORIENTED_EDGE('',*,*,#13038,.T.);
#13038 = EDGE_CURVE('',#13039,#13009,#13041,.T.);
#13039 = VERTEX_POINT('',#13040);
#13040 = CARTESIAN_POINT('',(240.823,250.5,-21.97));
#13041 = CIRCLE('',#13042,3.174);
#13042 = AXIS2_PLACEMENT_3D('',#13043,#13044,#13045);
#13043 = CARTESIAN_POINT('',(240.823,253.674,-21.97));
#13044 = DIRECTION('',(-0.,0.,1.));
#13045 = DIRECTION('',(0.,-1.,0.));
#13046 = ORIENTED_EDGE('',*,*,#13008,.T.);
#13047 = ORIENTED_EDGE('',*,*,#3102,.F.);
#13048 = ORIENTED_EDGE('',*,*,#13049,.F.);
#13049 = EDGE_CURVE('',#13039,#3103,#13050,.T.);
#13050 = LINE('',#13051,#13052);
#13051 = CARTESIAN_POINT('',(240.823,250.5,-21.97));
#13052 = VECTOR('',#13053,1.);
#13053 = DIRECTION('',(0.,0.,1.));
#13054 = CYLINDRICAL_SURFACE('',#13055,3.174);
#13055 = AXIS2_PLACEMENT_3D('',#13056,#13057,#13058);
#13056 = CARTESIAN_POINT('',(240.823,253.674,-21.97));
#13057 = DIRECTION('',(0.,0.,1.));
#13058 = DIRECTION('',(0.,-1.,0.));
#13059 = ADVANCED_FACE('',(#13060),#13079,.F.);
#13060 = FACE_BOUND('',#13061,.F.);
#13061 = EDGE_LOOP('',(#13062,#13071,#13077,#13078));
#13062 = ORIENTED_EDGE('',*,*,#13063,.T.);
#13063 = EDGE_CURVE('',#13017,#13064,#13066,.T.);
#13064 = VERTEX_POINT('',#13065);
#13065 = CARTESIAN_POINT('',(240.823,298.5,-21.97));
#13066 = CIRCLE('',#13067,3.174);
#13067 = AXIS2_PLACEMENT_3D('',#13068,#13069,#13070);
#13068 = CARTESIAN_POINT('',(240.823,295.326,-21.97));
#13069 = DIRECTION('',(-0.,0.,1.));
#13070 = DIRECTION('',(0.,-1.,0.));
#13071 = ORIENTED_EDGE('',*,*,#13072,.T.);
#13072 = EDGE_CURVE('',#13064,#3146,#13073,.T.);
#13073 = LINE('',#13074,#13075);
#13074 = CARTESIAN_POINT('',(240.823,298.5,-21.97));
#13075 = VECTOR('',#13076,1.);
#13076 = DIRECTION('',(0.,0.,1.));
#13077 = ORIENTED_EDGE('',*,*,#3153,.F.);
#13078 = ORIENTED_EDGE('',*,*,#13024,.F.);
#13079 = CYLINDRICAL_SURFACE('',#13080,3.174);
#13080 = AXIS2_PLACEMENT_3D('',#13081,#13082,#13083);
#13081 = CARTESIAN_POINT('',(240.823,295.326,-21.97));
#13082 = DIRECTION('',(0.,0.,1.));
#13083 = DIRECTION('',(1.,0.,0.));
#13084 = ADVANCED_FACE('',(#13085),#13103,.T.);
#13085 = FACE_BOUND('',#13086,.T.);
#13086 = EDGE_LOOP('',(#13087,#13095,#13101,#13102));
#13087 = ORIENTED_EDGE('',*,*,#13088,.F.);
#13088 = EDGE_CURVE('',#13089,#13039,#13091,.T.);
#13089 = VERTEX_POINT('',#13090);
#13090 = CARTESIAN_POINT('',(224.171,250.5,-21.97));
#13091 = LINE('',#13092,#13093);
#13092 = CARTESIAN_POINT('',(220.997,250.5,-21.97));
#13093 = VECTOR('',#13094,1.);
#13094 = DIRECTION('',(1.,0.,0.));
#13095 = ORIENTED_EDGE('',*,*,#13096,.T.);
#13096 = EDGE_CURVE('',#13089,#3112,#13097,.T.);
#13097 = LINE('',#13098,#13099);
#13098 = CARTESIAN_POINT('',(224.171,250.5,-21.97));
#13099 = VECTOR('',#13100,1.);
#13100 = DIRECTION('',(0.,0.,1.));
#13101 = ORIENTED_EDGE('',*,*,#3111,.T.);
#13102 = ORIENTED_EDGE('',*,*,#13049,.F.);
#13103 = PLANE('',#13104);
#13104 = AXIS2_PLACEMENT_3D('',#13105,#13106,#13107);
#13105 = CARTESIAN_POINT('',(220.997,250.5,-21.97));
#13106 = DIRECTION('',(0.,1.,0.));
#13107 = DIRECTION('',(0.,0.,1.));
#13108 = ADVANCED_FACE('',(#13109),#13127,.F.);
#13109 = FACE_BOUND('',#13110,.F.);
#13110 = EDGE_LOOP('',(#13111,#13119,#13125,#13126));
#13111 = ORIENTED_EDGE('',*,*,#13112,.F.);
#13112 = EDGE_CURVE('',#13113,#13064,#13115,.T.);
#13113 = VERTEX_POINT('',#13114);
#13114 = CARTESIAN_POINT('',(224.171,298.5,-21.97));
#13115 = LINE('',#13116,#13117);
#13116 = CARTESIAN_POINT('',(220.997,298.5,-21.97));
#13117 = VECTOR('',#13118,1.);
#13118 = DIRECTION('',(1.,0.,0.));
#13119 = ORIENTED_EDGE('',*,*,#13120,.T.);
#13120 = EDGE_CURVE('',#13113,#3137,#13121,.T.);
#13121 = LINE('',#13122,#13123);
#13122 = CARTESIAN_POINT('',(224.171,298.5,-21.97));
#13123 = VECTOR('',#13124,1.);
#13124 = DIRECTION('',(0.,0.,1.));
#13125 = ORIENTED_EDGE('',*,*,#3145,.T.);
#13126 = ORIENTED_EDGE('',*,*,#13072,.F.);
#13127 = PLANE('',#13128);
#13128 = AXIS2_PLACEMENT_3D('',#13129,#13130,#13131);
#13129 = CARTESIAN_POINT('',(220.997,298.5,-21.97));
#13130 = DIRECTION('',(0.,1.,0.));
#13131 = DIRECTION('',(0.,0.,1.));
#13132 = ADVANCED_FACE('',(#13133),#13152,.F.);
#13133 = FACE_BOUND('',#13134,.F.);
#13134 = EDGE_LOOP('',(#13135,#13144,#13145,#13146));
#13135 = ORIENTED_EDGE('',*,*,#13136,.T.);
#13136 = EDGE_CURVE('',#13137,#13089,#13139,.T.);
#13137 = VERTEX_POINT('',#13138);
#13138 = CARTESIAN_POINT('',(220.997,253.674,-21.97));
#13139 = CIRCLE('',#13140,3.174);
#13140 = AXIS2_PLACEMENT_3D('',#13141,#13142,#13143);
#13141 = CARTESIAN_POINT('',(224.171,253.674,-21.97));
#13142 = DIRECTION('',(-0.,0.,1.));
#13143 = DIRECTION('',(0.,-1.,0.));
#13144 = ORIENTED_EDGE('',*,*,#13096,.T.);
#13145 = ORIENTED_EDGE('',*,*,#3119,.F.);
#13146 = ORIENTED_EDGE('',*,*,#13147,.F.);
#13147 = EDGE_CURVE('',#13137,#3120,#13148,.T.);
#13148 = LINE('',#13149,#13150);
#13149 = CARTESIAN_POINT('',(220.997,253.674,-21.97));
#13150 = VECTOR('',#13151,1.);
#13151 = DIRECTION('',(0.,0.,1.));
#13152 = CYLINDRICAL_SURFACE('',#13153,3.174);
#13153 = AXIS2_PLACEMENT_3D('',#13154,#13155,#13156);
#13154 = CARTESIAN_POINT('',(224.171,253.674,-21.97));
#13155 = DIRECTION('',(0.,0.,1.));
#13156 = DIRECTION('',(-1.,0.,0.));
#13157 = ADVANCED_FACE('',(#13158),#13177,.F.);
#13158 = FACE_BOUND('',#13159,.T.);
#13159 = EDGE_LOOP('',(#13160,#13169,#13170,#13171));
#13160 = ORIENTED_EDGE('',*,*,#13161,.T.);
#13161 = EDGE_CURVE('',#13162,#13113,#13164,.T.);
#13162 = VERTEX_POINT('',#13163);
#13163 = CARTESIAN_POINT('',(220.997,295.326,-21.97));
#13164 = CIRCLE('',#13165,3.174);
#13165 = AXIS2_PLACEMENT_3D('',#13166,#13167,#13168);
#13166 = CARTESIAN_POINT('',(224.171,295.326,-21.97));
#13167 = DIRECTION('',(-0.,-0.,-1.));
#13168 = DIRECTION('',(0.,-1.,0.));
#13169 = ORIENTED_EDGE('',*,*,#13120,.T.);
#13170 = ORIENTED_EDGE('',*,*,#3136,.F.);
#13171 = ORIENTED_EDGE('',*,*,#13172,.F.);
#13172 = EDGE_CURVE('',#13162,#3129,#13173,.T.);
#13173 = LINE('',#13174,#13175);
#13174 = CARTESIAN_POINT('',(220.997,295.326,-21.97));
#13175 = VECTOR('',#13176,1.);
#13176 = DIRECTION('',(0.,0.,1.));
#13177 = CYLINDRICAL_SURFACE('',#13178,3.174);
#13178 = AXIS2_PLACEMENT_3D('',#13179,#13180,#13181);
#13179 = CARTESIAN_POINT('',(224.171,295.326,-21.97));
#13180 = DIRECTION('',(0.,0.,1.));
#13181 = DIRECTION('',(-1.,0.,0.));
#13182 = ADVANCED_FACE('',(#13183),#13194,.T.);
#13183 = FACE_BOUND('',#13184,.T.);
#13184 = EDGE_LOOP('',(#13185,#13186,#13187,#13193));
#13185 = ORIENTED_EDGE('',*,*,#3128,.F.);
#13186 = ORIENTED_EDGE('',*,*,#13147,.F.);
#13187 = ORIENTED_EDGE('',*,*,#13188,.T.);
#13188 = EDGE_CURVE('',#13137,#13162,#13189,.T.);
#13189 = LINE('',#13190,#13191);
#13190 = CARTESIAN_POINT('',(220.997,250.5,-21.97));
#13191 = VECTOR('',#13192,1.);
#13192 = DIRECTION('',(0.,1.,0.));
#13193 = ORIENTED_EDGE('',*,*,#13172,.T.);
#13194 = PLANE('',#13195);
#13195 = AXIS2_PLACEMENT_3D('',#13196,#13197,#13198);
#13196 = CARTESIAN_POINT('',(220.997,250.5,-21.97));
#13197 = DIRECTION('',(1.,0.,0.));
#13198 = DIRECTION('',(0.,0.,1.));
#13199 = ADVANCED_FACE('',(#13200,#13210,#13221),#13232,.T.);
#13200 = FACE_BOUND('',#13201,.T.);
#13201 = EDGE_LOOP('',(#13202,#13203,#13204,#13205,#13206,#13207,#13208,
    #13209));
#13202 = ORIENTED_EDGE('',*,*,#13016,.T.);
#13203 = ORIENTED_EDGE('',*,*,#13063,.T.);
#13204 = ORIENTED_EDGE('',*,*,#13112,.F.);
#13205 = ORIENTED_EDGE('',*,*,#13161,.F.);
#13206 = ORIENTED_EDGE('',*,*,#13188,.F.);
#13207 = ORIENTED_EDGE('',*,*,#13136,.T.);
#13208 = ORIENTED_EDGE('',*,*,#13088,.T.);
#13209 = ORIENTED_EDGE('',*,*,#13038,.T.);
#13210 = FACE_BOUND('',#13211,.T.);
#13211 = EDGE_LOOP('',(#13212));
#13212 = ORIENTED_EDGE('',*,*,#13213,.T.);
#13213 = EDGE_CURVE('',#13214,#13214,#13216,.T.);
#13214 = VERTEX_POINT('',#13215);
#13215 = CARTESIAN_POINT('',(230.7698,262.,-21.97));
#13216 = CIRCLE('',#13217,1.7272);
#13217 = AXIS2_PLACEMENT_3D('',#13218,#13219,#13220);
#13218 = CARTESIAN_POINT('',(232.497,262.,-21.97));
#13219 = DIRECTION('',(0.,0.,-1.));
#13220 = DIRECTION('',(-1.,0.,0.));
#13221 = FACE_BOUND('',#13222,.T.);
#13222 = EDGE_LOOP('',(#13223));
#13223 = ORIENTED_EDGE('',*,*,#13224,.T.);
#13224 = EDGE_CURVE('',#13225,#13225,#13227,.T.);
#13225 = VERTEX_POINT('',#13226);
#13226 = CARTESIAN_POINT('',(230.7698,287.,-21.97));
#13227 = CIRCLE('',#13228,1.7272);
#13228 = AXIS2_PLACEMENT_3D('',#13229,#13230,#13231);
#13229 = CARTESIAN_POINT('',(232.497,287.,-21.97));
#13230 = DIRECTION('',(0.,0.,-1.));
#13231 = DIRECTION('',(-1.,0.,0.));
#13232 = PLANE('',#13233);
#13233 = AXIS2_PLACEMENT_3D('',#13234,#13235,#13236);
#13234 = CARTESIAN_POINT('',(220.997,250.5,-21.97));
#13235 = DIRECTION('',(0.,0.,1.));
#13236 = DIRECTION('',(1.,0.,0.));
#13237 = ADVANCED_FACE('',(#13238),#13257,.F.);
#13238 = FACE_BOUND('',#13239,.F.);
#13239 = EDGE_LOOP('',(#13240,#13241,#13249,#13256));
#13240 = ORIENTED_EDGE('',*,*,#13213,.T.);
#13241 = ORIENTED_EDGE('',*,*,#13242,.T.);
#13242 = EDGE_CURVE('',#13214,#13243,#13245,.T.);
#13243 = VERTEX_POINT('',#13244);
#13244 = CARTESIAN_POINT('',(230.7698,262.,-38.1));
#13245 = LINE('',#13246,#13247);
#13246 = CARTESIAN_POINT('',(230.7698,262.,-13.97));
#13247 = VECTOR('',#13248,1.);
#13248 = DIRECTION('',(0.,0.,-1.));
#13249 = ORIENTED_EDGE('',*,*,#13250,.F.);
#13250 = EDGE_CURVE('',#13243,#13243,#13251,.T.);
#13251 = CIRCLE('',#13252,1.7272);
#13252 = AXIS2_PLACEMENT_3D('',#13253,#13254,#13255);
#13253 = CARTESIAN_POINT('',(232.497,262.,-38.1));
#13254 = DIRECTION('',(0.,0.,-1.));
#13255 = DIRECTION('',(-1.,0.,0.));
#13256 = ORIENTED_EDGE('',*,*,#13242,.F.);
#13257 = CYLINDRICAL_SURFACE('',#13258,1.7272);
#13258 = AXIS2_PLACEMENT_3D('',#13259,#13260,#13261);
#13259 = CARTESIAN_POINT('',(232.497,262.,-13.97));
#13260 = DIRECTION('',(0.,0.,-1.));
#13261 = DIRECTION('',(-1.,0.,0.));
#13262 = ADVANCED_FACE('',(#13263),#13282,.F.);
#13263 = FACE_BOUND('',#13264,.F.);
#13264 = EDGE_LOOP('',(#13265,#13266,#13274,#13281));
#13265 = ORIENTED_EDGE('',*,*,#13224,.T.);
#13266 = ORIENTED_EDGE('',*,*,#13267,.T.);
#13267 = EDGE_CURVE('',#13225,#13268,#13270,.T.);
#13268 = VERTEX_POINT('',#13269);
#13269 = CARTESIAN_POINT('',(230.7698,287.,-38.1));
#13270 = LINE('',#13271,#13272);
#13271 = CARTESIAN_POINT('',(230.7698,287.,-13.97));
#13272 = VECTOR('',#13273,1.);
#13273 = DIRECTION('',(0.,0.,-1.));
#13274 = ORIENTED_EDGE('',*,*,#13275,.F.);
#13275 = EDGE_CURVE('',#13268,#13268,#13276,.T.);
#13276 = CIRCLE('',#13277,1.7272);
#13277 = AXIS2_PLACEMENT_3D('',#13278,#13279,#13280);
#13278 = CARTESIAN_POINT('',(232.497,287.,-38.1));
#13279 = DIRECTION('',(0.,0.,-1.));
#13280 = DIRECTION('',(-1.,0.,0.));
#13281 = ORIENTED_EDGE('',*,*,#13267,.F.);
#13282 = CYLINDRICAL_SURFACE('',#13283,1.7272);
#13283 = AXIS2_PLACEMENT_3D('',#13284,#13285,#13286);
#13284 = CARTESIAN_POINT('',(232.497,287.,-13.97));
#13285 = DIRECTION('',(0.,0.,-1.));
#13286 = DIRECTION('',(-1.,0.,0.));
#13287 = ADVANCED_FACE('',(#13288),#13313,.F.);
#13288 = FACE_BOUND('',#13289,.F.);
#13289 = EDGE_LOOP('',(#13290,#13291,#13299,#13307));
#13290 = ORIENTED_EDGE('',*,*,#3162,.F.);
#13291 = ORIENTED_EDGE('',*,*,#13292,.F.);
#13292 = EDGE_CURVE('',#13293,#3163,#13295,.T.);
#13293 = VERTEX_POINT('',#13294);
#13294 = CARTESIAN_POINT('',(493.397,61.174,-21.97));
#13295 = LINE('',#13296,#13297);
#13296 = CARTESIAN_POINT('',(493.397,61.174,-21.97));
#13297 = VECTOR('',#13298,1.);
#13298 = DIRECTION('',(0.,0.,1.));
#13299 = ORIENTED_EDGE('',*,*,#13300,.T.);
#13300 = EDGE_CURVE('',#13293,#13301,#13303,.T.);
#13301 = VERTEX_POINT('',#13302);
#13302 = CARTESIAN_POINT('',(493.397,102.826,-21.97));
#13303 = LINE('',#13304,#13305);
#13304 = CARTESIAN_POINT('',(493.397,58.,-21.97));
#13305 = VECTOR('',#13306,1.);
#13306 = DIRECTION('',(0.,1.,0.));
#13307 = ORIENTED_EDGE('',*,*,#13308,.T.);
#13308 = EDGE_CURVE('',#13301,#3165,#13309,.T.);
#13309 = LINE('',#13310,#13311);
#13310 = CARTESIAN_POINT('',(493.397,102.826,-21.97));
#13311 = VECTOR('',#13312,1.);
#13312 = DIRECTION('',(0.,0.,1.));
#13313 = PLANE('',#13314);
#13314 = AXIS2_PLACEMENT_3D('',#13315,#13316,#13317);
#13315 = CARTESIAN_POINT('',(493.397,58.,-21.97));
#13316 = DIRECTION('',(1.,0.,0.));
#13317 = DIRECTION('',(0.,0.,1.));
#13318 = ADVANCED_FACE('',(#13319),#13338,.F.);
#13319 = FACE_BOUND('',#13320,.F.);
#13320 = EDGE_LOOP('',(#13321,#13330,#13331,#13332));
#13321 = ORIENTED_EDGE('',*,*,#13322,.T.);
#13322 = EDGE_CURVE('',#13323,#13293,#13325,.T.);
#13323 = VERTEX_POINT('',#13324);
#13324 = CARTESIAN_POINT('',(490.223,58.,-21.97));
#13325 = CIRCLE('',#13326,3.174);
#13326 = AXIS2_PLACEMENT_3D('',#13327,#13328,#13329);
#13327 = CARTESIAN_POINT('',(490.223,61.174,-21.97));
#13328 = DIRECTION('',(-0.,0.,1.));
#13329 = DIRECTION('',(0.,-1.,0.));
#13330 = ORIENTED_EDGE('',*,*,#13292,.T.);
#13331 = ORIENTED_EDGE('',*,*,#3172,.F.);
#13332 = ORIENTED_EDGE('',*,*,#13333,.F.);
#13333 = EDGE_CURVE('',#13323,#3173,#13334,.T.);
#13334 = LINE('',#13335,#13336);
#13335 = CARTESIAN_POINT('',(490.223,58.,-21.97));
#13336 = VECTOR('',#13337,1.);
#13337 = DIRECTION('',(0.,0.,1.));
#13338 = CYLINDRICAL_SURFACE('',#13339,3.174);
#13339 = AXIS2_PLACEMENT_3D('',#13340,#13341,#13342);
#13340 = CARTESIAN_POINT('',(490.223,61.174,-21.97));
#13341 = DIRECTION('',(0.,0.,1.));
#13342 = DIRECTION('',(0.,-1.,0.));
#13343 = ADVANCED_FACE('',(#13344),#13363,.F.);
#13344 = FACE_BOUND('',#13345,.F.);
#13345 = EDGE_LOOP('',(#13346,#13355,#13361,#13362));
#13346 = ORIENTED_EDGE('',*,*,#13347,.T.);
#13347 = EDGE_CURVE('',#13301,#13348,#13350,.T.);
#13348 = VERTEX_POINT('',#13349);
#13349 = CARTESIAN_POINT('',(490.223,106.,-21.97));
#13350 = CIRCLE('',#13351,3.174);
#13351 = AXIS2_PLACEMENT_3D('',#13352,#13353,#13354);
#13352 = CARTESIAN_POINT('',(490.223,102.826,-21.97));
#13353 = DIRECTION('',(-0.,0.,1.));
#13354 = DIRECTION('',(0.,-1.,0.));
#13355 = ORIENTED_EDGE('',*,*,#13356,.T.);
#13356 = EDGE_CURVE('',#13348,#3216,#13357,.T.);
#13357 = LINE('',#13358,#13359);
#13358 = CARTESIAN_POINT('',(490.223,106.,-21.97));
#13359 = VECTOR('',#13360,1.);
#13360 = DIRECTION('',(0.,0.,1.));
#13361 = ORIENTED_EDGE('',*,*,#3223,.F.);
#13362 = ORIENTED_EDGE('',*,*,#13308,.F.);
#13363 = CYLINDRICAL_SURFACE('',#13364,3.174);
#13364 = AXIS2_PLACEMENT_3D('',#13365,#13366,#13367);
#13365 = CARTESIAN_POINT('',(490.223,102.826,-21.97));
#13366 = DIRECTION('',(0.,0.,1.));
#13367 = DIRECTION('',(1.,0.,0.));
#13368 = ADVANCED_FACE('',(#13369),#13387,.T.);
#13369 = FACE_BOUND('',#13370,.T.);
#13370 = EDGE_LOOP('',(#13371,#13379,#13385,#13386));
#13371 = ORIENTED_EDGE('',*,*,#13372,.F.);
#13372 = EDGE_CURVE('',#13373,#13323,#13375,.T.);
#13373 = VERTEX_POINT('',#13374);
#13374 = CARTESIAN_POINT('',(473.571,58.,-21.97));
#13375 = LINE('',#13376,#13377);
#13376 = CARTESIAN_POINT('',(470.397,58.,-21.97));
#13377 = VECTOR('',#13378,1.);
#13378 = DIRECTION('',(1.,0.,0.));
#13379 = ORIENTED_EDGE('',*,*,#13380,.T.);
#13380 = EDGE_CURVE('',#13373,#3182,#13381,.T.);
#13381 = LINE('',#13382,#13383);
#13382 = CARTESIAN_POINT('',(473.571,58.,-21.97));
#13383 = VECTOR('',#13384,1.);
#13384 = DIRECTION('',(0.,0.,1.));
#13385 = ORIENTED_EDGE('',*,*,#3181,.T.);
#13386 = ORIENTED_EDGE('',*,*,#13333,.F.);
#13387 = PLANE('',#13388);
#13388 = AXIS2_PLACEMENT_3D('',#13389,#13390,#13391);
#13389 = CARTESIAN_POINT('',(470.397,58.,-21.97));
#13390 = DIRECTION('',(0.,1.,0.));
#13391 = DIRECTION('',(0.,0.,1.));
#13392 = ADVANCED_FACE('',(#13393),#13411,.F.);
#13393 = FACE_BOUND('',#13394,.F.);
#13394 = EDGE_LOOP('',(#13395,#13403,#13409,#13410));
#13395 = ORIENTED_EDGE('',*,*,#13396,.F.);
#13396 = EDGE_CURVE('',#13397,#13348,#13399,.T.);
#13397 = VERTEX_POINT('',#13398);
#13398 = CARTESIAN_POINT('',(473.571,106.,-21.97));
#13399 = LINE('',#13400,#13401);
#13400 = CARTESIAN_POINT('',(470.397,106.,-21.97));
#13401 = VECTOR('',#13402,1.);
#13402 = DIRECTION('',(1.,0.,0.));
#13403 = ORIENTED_EDGE('',*,*,#13404,.T.);
#13404 = EDGE_CURVE('',#13397,#3207,#13405,.T.);
#13405 = LINE('',#13406,#13407);
#13406 = CARTESIAN_POINT('',(473.571,106.,-21.97));
#13407 = VECTOR('',#13408,1.);
#13408 = DIRECTION('',(0.,0.,1.));
#13409 = ORIENTED_EDGE('',*,*,#3215,.T.);
#13410 = ORIENTED_EDGE('',*,*,#13356,.F.);
#13411 = PLANE('',#13412);
#13412 = AXIS2_PLACEMENT_3D('',#13413,#13414,#13415);
#13413 = CARTESIAN_POINT('',(470.397,106.,-21.97));
#13414 = DIRECTION('',(0.,1.,0.));
#13415 = DIRECTION('',(0.,0.,1.));
#13416 = ADVANCED_FACE('',(#13417),#13436,.F.);
#13417 = FACE_BOUND('',#13418,.F.);
#13418 = EDGE_LOOP('',(#13419,#13428,#13429,#13430));
#13419 = ORIENTED_EDGE('',*,*,#13420,.T.);
#13420 = EDGE_CURVE('',#13421,#13373,#13423,.T.);
#13421 = VERTEX_POINT('',#13422);
#13422 = CARTESIAN_POINT('',(470.397,61.174,-21.97));
#13423 = CIRCLE('',#13424,3.174);
#13424 = AXIS2_PLACEMENT_3D('',#13425,#13426,#13427);
#13425 = CARTESIAN_POINT('',(473.571,61.174,-21.97));
#13426 = DIRECTION('',(-0.,0.,1.));
#13427 = DIRECTION('',(0.,-1.,0.));
#13428 = ORIENTED_EDGE('',*,*,#13380,.T.);
#13429 = ORIENTED_EDGE('',*,*,#3189,.F.);
#13430 = ORIENTED_EDGE('',*,*,#13431,.F.);
#13431 = EDGE_CURVE('',#13421,#3190,#13432,.T.);
#13432 = LINE('',#13433,#13434);
#13433 = CARTESIAN_POINT('',(470.397,61.174,-21.97));
#13434 = VECTOR('',#13435,1.);
#13435 = DIRECTION('',(0.,0.,1.));
#13436 = CYLINDRICAL_SURFACE('',#13437,3.174);
#13437 = AXIS2_PLACEMENT_3D('',#13438,#13439,#13440);
#13438 = CARTESIAN_POINT('',(473.571,61.174,-21.97));
#13439 = DIRECTION('',(0.,0.,1.));
#13440 = DIRECTION('',(-1.,0.,0.));
#13441 = ADVANCED_FACE('',(#13442),#13461,.F.);
#13442 = FACE_BOUND('',#13443,.T.);
#13443 = EDGE_LOOP('',(#13444,#13453,#13454,#13455));
#13444 = ORIENTED_EDGE('',*,*,#13445,.T.);
#13445 = EDGE_CURVE('',#13446,#13397,#13448,.T.);
#13446 = VERTEX_POINT('',#13447);
#13447 = CARTESIAN_POINT('',(470.397,102.826,-21.97));
#13448 = CIRCLE('',#13449,3.174);
#13449 = AXIS2_PLACEMENT_3D('',#13450,#13451,#13452);
#13450 = CARTESIAN_POINT('',(473.571,102.826,-21.97));
#13451 = DIRECTION('',(-0.,-0.,-1.));
#13452 = DIRECTION('',(0.,-1.,0.));
#13453 = ORIENTED_EDGE('',*,*,#13404,.T.);
#13454 = ORIENTED_EDGE('',*,*,#3206,.F.);
#13455 = ORIENTED_EDGE('',*,*,#13456,.F.);
#13456 = EDGE_CURVE('',#13446,#3199,#13457,.T.);
#13457 = LINE('',#13458,#13459);
#13458 = CARTESIAN_POINT('',(470.397,102.826,-21.97));
#13459 = VECTOR('',#13460,1.);
#13460 = DIRECTION('',(0.,0.,1.));
#13461 = CYLINDRICAL_SURFACE('',#13462,3.174);
#13462 = AXIS2_PLACEMENT_3D('',#13463,#13464,#13465);
#13463 = CARTESIAN_POINT('',(473.571,102.826,-21.97));
#13464 = DIRECTION('',(0.,0.,1.));
#13465 = DIRECTION('',(-1.,0.,0.));
#13466 = ADVANCED_FACE('',(#13467),#13478,.T.);
#13467 = FACE_BOUND('',#13468,.T.);
#13468 = EDGE_LOOP('',(#13469,#13470,#13471,#13477));
#13469 = ORIENTED_EDGE('',*,*,#3198,.F.);
#13470 = ORIENTED_EDGE('',*,*,#13431,.F.);
#13471 = ORIENTED_EDGE('',*,*,#13472,.T.);
#13472 = EDGE_CURVE('',#13421,#13446,#13473,.T.);
#13473 = LINE('',#13474,#13475);
#13474 = CARTESIAN_POINT('',(470.397,58.,-21.97));
#13475 = VECTOR('',#13476,1.);
#13476 = DIRECTION('',(0.,1.,0.));
#13477 = ORIENTED_EDGE('',*,*,#13456,.T.);
#13478 = PLANE('',#13479);
#13479 = AXIS2_PLACEMENT_3D('',#13480,#13481,#13482);
#13480 = CARTESIAN_POINT('',(470.397,58.,-21.97));
#13481 = DIRECTION('',(1.,0.,0.));
#13482 = DIRECTION('',(0.,0.,1.));
#13483 = ADVANCED_FACE('',(#13484,#13494,#13505),#13516,.T.);
#13484 = FACE_BOUND('',#13485,.T.);
#13485 = EDGE_LOOP('',(#13486,#13487,#13488,#13489,#13490,#13491,#13492,
    #13493));
#13486 = ORIENTED_EDGE('',*,*,#13300,.T.);
#13487 = ORIENTED_EDGE('',*,*,#13347,.T.);
#13488 = ORIENTED_EDGE('',*,*,#13396,.F.);
#13489 = ORIENTED_EDGE('',*,*,#13445,.F.);
#13490 = ORIENTED_EDGE('',*,*,#13472,.F.);
#13491 = ORIENTED_EDGE('',*,*,#13420,.T.);
#13492 = ORIENTED_EDGE('',*,*,#13372,.T.);
#13493 = ORIENTED_EDGE('',*,*,#13322,.T.);
#13494 = FACE_BOUND('',#13495,.T.);
#13495 = EDGE_LOOP('',(#13496));
#13496 = ORIENTED_EDGE('',*,*,#13497,.T.);
#13497 = EDGE_CURVE('',#13498,#13498,#13500,.T.);
#13498 = VERTEX_POINT('',#13499);
#13499 = CARTESIAN_POINT('',(480.1698,69.5,-21.97));
#13500 = CIRCLE('',#13501,1.7272);
#13501 = AXIS2_PLACEMENT_3D('',#13502,#13503,#13504);
#13502 = CARTESIAN_POINT('',(481.897,69.5,-21.97));
#13503 = DIRECTION('',(0.,0.,-1.));
#13504 = DIRECTION('',(-1.,0.,0.));
#13505 = FACE_BOUND('',#13506,.T.);
#13506 = EDGE_LOOP('',(#13507));
#13507 = ORIENTED_EDGE('',*,*,#13508,.T.);
#13508 = EDGE_CURVE('',#13509,#13509,#13511,.T.);
#13509 = VERTEX_POINT('',#13510);
#13510 = CARTESIAN_POINT('',(480.1698,94.5,-21.97));
#13511 = CIRCLE('',#13512,1.7272);
#13512 = AXIS2_PLACEMENT_3D('',#13513,#13514,#13515);
#13513 = CARTESIAN_POINT('',(481.897,94.5,-21.97));
#13514 = DIRECTION('',(0.,0.,-1.));
#13515 = DIRECTION('',(-1.,0.,0.));
#13516 = PLANE('',#13517);
#13517 = AXIS2_PLACEMENT_3D('',#13518,#13519,#13520);
#13518 = CARTESIAN_POINT('',(470.397,58.,-21.97));
#13519 = DIRECTION('',(0.,0.,1.));
#13520 = DIRECTION('',(1.,0.,0.));
#13521 = ADVANCED_FACE('',(#13522),#13541,.F.);
#13522 = FACE_BOUND('',#13523,.F.);
#13523 = EDGE_LOOP('',(#13524,#13525,#13533,#13540));
#13524 = ORIENTED_EDGE('',*,*,#13497,.T.);
#13525 = ORIENTED_EDGE('',*,*,#13526,.T.);
#13526 = EDGE_CURVE('',#13498,#13527,#13529,.T.);
#13527 = VERTEX_POINT('',#13528);
#13528 = CARTESIAN_POINT('',(480.1698,69.5,-38.1));
#13529 = LINE('',#13530,#13531);
#13530 = CARTESIAN_POINT('',(480.1698,69.5,-13.97));
#13531 = VECTOR('',#13532,1.);
#13532 = DIRECTION('',(0.,0.,-1.));
#13533 = ORIENTED_EDGE('',*,*,#13534,.F.);
#13534 = EDGE_CURVE('',#13527,#13527,#13535,.T.);
#13535 = CIRCLE('',#13536,1.7272);
#13536 = AXIS2_PLACEMENT_3D('',#13537,#13538,#13539);
#13537 = CARTESIAN_POINT('',(481.897,69.5,-38.1));
#13538 = DIRECTION('',(0.,0.,-1.));
#13539 = DIRECTION('',(-1.,0.,0.));
#13540 = ORIENTED_EDGE('',*,*,#13526,.F.);
#13541 = CYLINDRICAL_SURFACE('',#13542,1.7272);
#13542 = AXIS2_PLACEMENT_3D('',#13543,#13544,#13545);
#13543 = CARTESIAN_POINT('',(481.897,69.5,-13.97));
#13544 = DIRECTION('',(0.,0.,-1.));
#13545 = DIRECTION('',(-1.,0.,0.));
#13546 = ADVANCED_FACE('',(#13547),#13566,.F.);
#13547 = FACE_BOUND('',#13548,.F.);
#13548 = EDGE_LOOP('',(#13549,#13550,#13558,#13565));
#13549 = ORIENTED_EDGE('',*,*,#13508,.T.);
#13550 = ORIENTED_EDGE('',*,*,#13551,.T.);
#13551 = EDGE_CURVE('',#13509,#13552,#13554,.T.);
#13552 = VERTEX_POINT('',#13553);
#13553 = CARTESIAN_POINT('',(480.1698,94.5,-38.1));
#13554 = LINE('',#13555,#13556);
#13555 = CARTESIAN_POINT('',(480.1698,94.5,-13.97));
#13556 = VECTOR('',#13557,1.);
#13557 = DIRECTION('',(0.,0.,-1.));
#13558 = ORIENTED_EDGE('',*,*,#13559,.F.);
#13559 = EDGE_CURVE('',#13552,#13552,#13560,.T.);
#13560 = CIRCLE('',#13561,1.7272);
#13561 = AXIS2_PLACEMENT_3D('',#13562,#13563,#13564);
#13562 = CARTESIAN_POINT('',(481.897,94.5,-38.1));
#13563 = DIRECTION('',(0.,0.,-1.));
#13564 = DIRECTION('',(-1.,0.,0.));
#13565 = ORIENTED_EDGE('',*,*,#13551,.F.);
#13566 = CYLINDRICAL_SURFACE('',#13567,1.7272);
#13567 = AXIS2_PLACEMENT_3D('',#13568,#13569,#13570);
#13568 = CARTESIAN_POINT('',(481.897,94.5,-13.97));
#13569 = DIRECTION('',(0.,0.,-1.));
#13570 = DIRECTION('',(-1.,0.,0.));
#13571 = ADVANCED_FACE('',(#13572),#13597,.F.);
#13572 = FACE_BOUND('',#13573,.F.);
#13573 = EDGE_LOOP('',(#13574,#13575,#13583,#13591));
#13574 = ORIENTED_EDGE('',*,*,#3232,.F.);
#13575 = ORIENTED_EDGE('',*,*,#13576,.F.);
#13576 = EDGE_CURVE('',#13577,#3233,#13579,.T.);
#13577 = VERTEX_POINT('',#13578);
#13578 = CARTESIAN_POINT('',(300.397,61.174,-21.97));
#13579 = LINE('',#13580,#13581);
#13580 = CARTESIAN_POINT('',(300.397,61.174,-21.97));
#13581 = VECTOR('',#13582,1.);
#13582 = DIRECTION('',(0.,0.,1.));
#13583 = ORIENTED_EDGE('',*,*,#13584,.T.);
#13584 = EDGE_CURVE('',#13577,#13585,#13587,.T.);
#13585 = VERTEX_POINT('',#13586);
#13586 = CARTESIAN_POINT('',(300.397,102.826,-21.97));
#13587 = LINE('',#13588,#13589);
#13588 = CARTESIAN_POINT('',(300.397,58.,-21.97));
#13589 = VECTOR('',#13590,1.);
#13590 = DIRECTION('',(0.,1.,0.));
#13591 = ORIENTED_EDGE('',*,*,#13592,.T.);
#13592 = EDGE_CURVE('',#13585,#3235,#13593,.T.);
#13593 = LINE('',#13594,#13595);
#13594 = CARTESIAN_POINT('',(300.397,102.826,-21.97));
#13595 = VECTOR('',#13596,1.);
#13596 = DIRECTION('',(0.,0.,1.));
#13597 = PLANE('',#13598);
#13598 = AXIS2_PLACEMENT_3D('',#13599,#13600,#13601);
#13599 = CARTESIAN_POINT('',(300.397,58.,-21.97));
#13600 = DIRECTION('',(1.,0.,0.));
#13601 = DIRECTION('',(0.,0.,1.));
#13602 = ADVANCED_FACE('',(#13603),#13622,.F.);
#13603 = FACE_BOUND('',#13604,.F.);
#13604 = EDGE_LOOP('',(#13605,#13614,#13615,#13616));
#13605 = ORIENTED_EDGE('',*,*,#13606,.T.);
#13606 = EDGE_CURVE('',#13607,#13577,#13609,.T.);
#13607 = VERTEX_POINT('',#13608);
#13608 = CARTESIAN_POINT('',(297.223,58.,-21.97));
#13609 = CIRCLE('',#13610,3.174);
#13610 = AXIS2_PLACEMENT_3D('',#13611,#13612,#13613);
#13611 = CARTESIAN_POINT('',(297.223,61.174,-21.97));
#13612 = DIRECTION('',(-0.,0.,1.));
#13613 = DIRECTION('',(0.,-1.,0.));
#13614 = ORIENTED_EDGE('',*,*,#13576,.T.);
#13615 = ORIENTED_EDGE('',*,*,#3242,.F.);
#13616 = ORIENTED_EDGE('',*,*,#13617,.F.);
#13617 = EDGE_CURVE('',#13607,#3243,#13618,.T.);
#13618 = LINE('',#13619,#13620);
#13619 = CARTESIAN_POINT('',(297.223,58.,-21.97));
#13620 = VECTOR('',#13621,1.);
#13621 = DIRECTION('',(0.,0.,1.));
#13622 = CYLINDRICAL_SURFACE('',#13623,3.174);
#13623 = AXIS2_PLACEMENT_3D('',#13624,#13625,#13626);
#13624 = CARTESIAN_POINT('',(297.223,61.174,-21.97));
#13625 = DIRECTION('',(0.,0.,1.));
#13626 = DIRECTION('',(0.,-1.,0.));
#13627 = ADVANCED_FACE('',(#13628),#13647,.F.);
#13628 = FACE_BOUND('',#13629,.F.);
#13629 = EDGE_LOOP('',(#13630,#13639,#13645,#13646));
#13630 = ORIENTED_EDGE('',*,*,#13631,.T.);
#13631 = EDGE_CURVE('',#13585,#13632,#13634,.T.);
#13632 = VERTEX_POINT('',#13633);
#13633 = CARTESIAN_POINT('',(297.223,106.,-21.97));
#13634 = CIRCLE('',#13635,3.174);
#13635 = AXIS2_PLACEMENT_3D('',#13636,#13637,#13638);
#13636 = CARTESIAN_POINT('',(297.223,102.826,-21.97));
#13637 = DIRECTION('',(-0.,0.,1.));
#13638 = DIRECTION('',(0.,-1.,0.));
#13639 = ORIENTED_EDGE('',*,*,#13640,.T.);
#13640 = EDGE_CURVE('',#13632,#3286,#13641,.T.);
#13641 = LINE('',#13642,#13643);
#13642 = CARTESIAN_POINT('',(297.223,106.,-21.97));
#13643 = VECTOR('',#13644,1.);
#13644 = DIRECTION('',(0.,0.,1.));
#13645 = ORIENTED_EDGE('',*,*,#3293,.F.);
#13646 = ORIENTED_EDGE('',*,*,#13592,.F.);
#13647 = CYLINDRICAL_SURFACE('',#13648,3.174);
#13648 = AXIS2_PLACEMENT_3D('',#13649,#13650,#13651);
#13649 = CARTESIAN_POINT('',(297.223,102.826,-21.97));
#13650 = DIRECTION('',(0.,0.,1.));
#13651 = DIRECTION('',(1.,0.,0.));
#13652 = ADVANCED_FACE('',(#13653),#13671,.T.);
#13653 = FACE_BOUND('',#13654,.T.);
#13654 = EDGE_LOOP('',(#13655,#13663,#13669,#13670));
#13655 = ORIENTED_EDGE('',*,*,#13656,.F.);
#13656 = EDGE_CURVE('',#13657,#13607,#13659,.T.);
#13657 = VERTEX_POINT('',#13658);
#13658 = CARTESIAN_POINT('',(280.571,58.,-21.97));
#13659 = LINE('',#13660,#13661);
#13660 = CARTESIAN_POINT('',(277.397,58.,-21.97));
#13661 = VECTOR('',#13662,1.);
#13662 = DIRECTION('',(1.,0.,0.));
#13663 = ORIENTED_EDGE('',*,*,#13664,.T.);
#13664 = EDGE_CURVE('',#13657,#3252,#13665,.T.);
#13665 = LINE('',#13666,#13667);
#13666 = CARTESIAN_POINT('',(280.571,58.,-21.97));
#13667 = VECTOR('',#13668,1.);
#13668 = DIRECTION('',(0.,0.,1.));
#13669 = ORIENTED_EDGE('',*,*,#3251,.T.);
#13670 = ORIENTED_EDGE('',*,*,#13617,.F.);
#13671 = PLANE('',#13672);
#13672 = AXIS2_PLACEMENT_3D('',#13673,#13674,#13675);
#13673 = CARTESIAN_POINT('',(277.397,58.,-21.97));
#13674 = DIRECTION('',(0.,1.,0.));
#13675 = DIRECTION('',(0.,0.,1.));
#13676 = ADVANCED_FACE('',(#13677),#13695,.F.);
#13677 = FACE_BOUND('',#13678,.F.);
#13678 = EDGE_LOOP('',(#13679,#13687,#13693,#13694));
#13679 = ORIENTED_EDGE('',*,*,#13680,.F.);
#13680 = EDGE_CURVE('',#13681,#13632,#13683,.T.);
#13681 = VERTEX_POINT('',#13682);
#13682 = CARTESIAN_POINT('',(280.571,106.,-21.97));
#13683 = LINE('',#13684,#13685);
#13684 = CARTESIAN_POINT('',(277.397,106.,-21.97));
#13685 = VECTOR('',#13686,1.);
#13686 = DIRECTION('',(1.,0.,0.));
#13687 = ORIENTED_EDGE('',*,*,#13688,.T.);
#13688 = EDGE_CURVE('',#13681,#3277,#13689,.T.);
#13689 = LINE('',#13690,#13691);
#13690 = CARTESIAN_POINT('',(280.571,106.,-21.97));
#13691 = VECTOR('',#13692,1.);
#13692 = DIRECTION('',(0.,0.,1.));
#13693 = ORIENTED_EDGE('',*,*,#3285,.T.);
#13694 = ORIENTED_EDGE('',*,*,#13640,.F.);
#13695 = PLANE('',#13696);
#13696 = AXIS2_PLACEMENT_3D('',#13697,#13698,#13699);
#13697 = CARTESIAN_POINT('',(277.397,106.,-21.97));
#13698 = DIRECTION('',(0.,1.,0.));
#13699 = DIRECTION('',(0.,0.,1.));
#13700 = ADVANCED_FACE('',(#13701),#13720,.F.);
#13701 = FACE_BOUND('',#13702,.F.);
#13702 = EDGE_LOOP('',(#13703,#13712,#13713,#13714));
#13703 = ORIENTED_EDGE('',*,*,#13704,.T.);
#13704 = EDGE_CURVE('',#13705,#13657,#13707,.T.);
#13705 = VERTEX_POINT('',#13706);
#13706 = CARTESIAN_POINT('',(277.397,61.174,-21.97));
#13707 = CIRCLE('',#13708,3.174);
#13708 = AXIS2_PLACEMENT_3D('',#13709,#13710,#13711);
#13709 = CARTESIAN_POINT('',(280.571,61.174,-21.97));
#13710 = DIRECTION('',(-0.,0.,1.));
#13711 = DIRECTION('',(0.,-1.,0.));
#13712 = ORIENTED_EDGE('',*,*,#13664,.T.);
#13713 = ORIENTED_EDGE('',*,*,#3259,.F.);
#13714 = ORIENTED_EDGE('',*,*,#13715,.F.);
#13715 = EDGE_CURVE('',#13705,#3260,#13716,.T.);
#13716 = LINE('',#13717,#13718);
#13717 = CARTESIAN_POINT('',(277.397,61.174,-21.97));
#13718 = VECTOR('',#13719,1.);
#13719 = DIRECTION('',(0.,0.,1.));
#13720 = CYLINDRICAL_SURFACE('',#13721,3.174);
#13721 = AXIS2_PLACEMENT_3D('',#13722,#13723,#13724);
#13722 = CARTESIAN_POINT('',(280.571,61.174,-21.97));
#13723 = DIRECTION('',(0.,0.,1.));
#13724 = DIRECTION('',(-1.,0.,0.));
#13725 = ADVANCED_FACE('',(#13726),#13745,.F.);
#13726 = FACE_BOUND('',#13727,.T.);
#13727 = EDGE_LOOP('',(#13728,#13737,#13738,#13739));
#13728 = ORIENTED_EDGE('',*,*,#13729,.T.);
#13729 = EDGE_CURVE('',#13730,#13681,#13732,.T.);
#13730 = VERTEX_POINT('',#13731);
#13731 = CARTESIAN_POINT('',(277.397,102.826,-21.97));
#13732 = CIRCLE('',#13733,3.174);
#13733 = AXIS2_PLACEMENT_3D('',#13734,#13735,#13736);
#13734 = CARTESIAN_POINT('',(280.571,102.826,-21.97));
#13735 = DIRECTION('',(-0.,-0.,-1.));
#13736 = DIRECTION('',(0.,-1.,0.));
#13737 = ORIENTED_EDGE('',*,*,#13688,.T.);
#13738 = ORIENTED_EDGE('',*,*,#3276,.F.);
#13739 = ORIENTED_EDGE('',*,*,#13740,.F.);
#13740 = EDGE_CURVE('',#13730,#3269,#13741,.T.);
#13741 = LINE('',#13742,#13743);
#13742 = CARTESIAN_POINT('',(277.397,102.826,-21.97));
#13743 = VECTOR('',#13744,1.);
#13744 = DIRECTION('',(0.,0.,1.));
#13745 = CYLINDRICAL_SURFACE('',#13746,3.174);
#13746 = AXIS2_PLACEMENT_3D('',#13747,#13748,#13749);
#13747 = CARTESIAN_POINT('',(280.571,102.826,-21.97));
#13748 = DIRECTION('',(0.,0.,1.));
#13749 = DIRECTION('',(-1.,0.,0.));
#13750 = ADVANCED_FACE('',(#13751),#13762,.T.);
#13751 = FACE_BOUND('',#13752,.T.);
#13752 = EDGE_LOOP('',(#13753,#13754,#13755,#13761));
#13753 = ORIENTED_EDGE('',*,*,#3268,.F.);
#13754 = ORIENTED_EDGE('',*,*,#13715,.F.);
#13755 = ORIENTED_EDGE('',*,*,#13756,.T.);
#13756 = EDGE_CURVE('',#13705,#13730,#13757,.T.);
#13757 = LINE('',#13758,#13759);
#13758 = CARTESIAN_POINT('',(277.397,58.,-21.97));
#13759 = VECTOR('',#13760,1.);
#13760 = DIRECTION('',(0.,1.,0.));
#13761 = ORIENTED_EDGE('',*,*,#13740,.T.);
#13762 = PLANE('',#13763);
#13763 = AXIS2_PLACEMENT_3D('',#13764,#13765,#13766);
#13764 = CARTESIAN_POINT('',(277.397,58.,-21.97));
#13765 = DIRECTION('',(1.,0.,0.));
#13766 = DIRECTION('',(0.,0.,1.));
#13767 = ADVANCED_FACE('',(#13768,#13778,#13789),#13800,.T.);
#13768 = FACE_BOUND('',#13769,.T.);
#13769 = EDGE_LOOP('',(#13770,#13771,#13772,#13773,#13774,#13775,#13776,
    #13777));
#13770 = ORIENTED_EDGE('',*,*,#13584,.T.);
#13771 = ORIENTED_EDGE('',*,*,#13631,.T.);
#13772 = ORIENTED_EDGE('',*,*,#13680,.F.);
#13773 = ORIENTED_EDGE('',*,*,#13729,.F.);
#13774 = ORIENTED_EDGE('',*,*,#13756,.F.);
#13775 = ORIENTED_EDGE('',*,*,#13704,.T.);
#13776 = ORIENTED_EDGE('',*,*,#13656,.T.);
#13777 = ORIENTED_EDGE('',*,*,#13606,.T.);
#13778 = FACE_BOUND('',#13779,.T.);
#13779 = EDGE_LOOP('',(#13780));
#13780 = ORIENTED_EDGE('',*,*,#13781,.T.);
#13781 = EDGE_CURVE('',#13782,#13782,#13784,.T.);
#13782 = VERTEX_POINT('',#13783);
#13783 = CARTESIAN_POINT('',(287.1698,69.5,-21.97));
#13784 = CIRCLE('',#13785,1.7272);
#13785 = AXIS2_PLACEMENT_3D('',#13786,#13787,#13788);
#13786 = CARTESIAN_POINT('',(288.897,69.5,-21.97));
#13787 = DIRECTION('',(0.,0.,-1.));
#13788 = DIRECTION('',(-1.,0.,0.));
#13789 = FACE_BOUND('',#13790,.T.);
#13790 = EDGE_LOOP('',(#13791));
#13791 = ORIENTED_EDGE('',*,*,#13792,.T.);
#13792 = EDGE_CURVE('',#13793,#13793,#13795,.T.);
#13793 = VERTEX_POINT('',#13794);
#13794 = CARTESIAN_POINT('',(287.1698,94.5,-21.97));
#13795 = CIRCLE('',#13796,1.7272);
#13796 = AXIS2_PLACEMENT_3D('',#13797,#13798,#13799);
#13797 = CARTESIAN_POINT('',(288.897,94.5,-21.97));
#13798 = DIRECTION('',(0.,0.,-1.));
#13799 = DIRECTION('',(-1.,0.,0.));
#13800 = PLANE('',#13801);
#13801 = AXIS2_PLACEMENT_3D('',#13802,#13803,#13804);
#13802 = CARTESIAN_POINT('',(277.397,58.,-21.97));
#13803 = DIRECTION('',(0.,0.,1.));
#13804 = DIRECTION('',(1.,0.,0.));
#13805 = ADVANCED_FACE('',(#13806),#13825,.F.);
#13806 = FACE_BOUND('',#13807,.F.);
#13807 = EDGE_LOOP('',(#13808,#13809,#13817,#13824));
#13808 = ORIENTED_EDGE('',*,*,#13781,.T.);
#13809 = ORIENTED_EDGE('',*,*,#13810,.T.);
#13810 = EDGE_CURVE('',#13782,#13811,#13813,.T.);
#13811 = VERTEX_POINT('',#13812);
#13812 = CARTESIAN_POINT('',(287.1698,69.5,-38.1));
#13813 = LINE('',#13814,#13815);
#13814 = CARTESIAN_POINT('',(287.1698,69.5,-13.97));
#13815 = VECTOR('',#13816,1.);
#13816 = DIRECTION('',(0.,0.,-1.));
#13817 = ORIENTED_EDGE('',*,*,#13818,.F.);
#13818 = EDGE_CURVE('',#13811,#13811,#13819,.T.);
#13819 = CIRCLE('',#13820,1.7272);
#13820 = AXIS2_PLACEMENT_3D('',#13821,#13822,#13823);
#13821 = CARTESIAN_POINT('',(288.897,69.5,-38.1));
#13822 = DIRECTION('',(0.,0.,-1.));
#13823 = DIRECTION('',(-1.,0.,0.));
#13824 = ORIENTED_EDGE('',*,*,#13810,.F.);
#13825 = CYLINDRICAL_SURFACE('',#13826,1.7272);
#13826 = AXIS2_PLACEMENT_3D('',#13827,#13828,#13829);
#13827 = CARTESIAN_POINT('',(288.897,69.5,-13.97));
#13828 = DIRECTION('',(0.,0.,-1.));
#13829 = DIRECTION('',(-1.,0.,0.));
#13830 = ADVANCED_FACE('',(#13831),#13850,.F.);
#13831 = FACE_BOUND('',#13832,.F.);
#13832 = EDGE_LOOP('',(#13833,#13834,#13842,#13849));
#13833 = ORIENTED_EDGE('',*,*,#13792,.T.);
#13834 = ORIENTED_EDGE('',*,*,#13835,.T.);
#13835 = EDGE_CURVE('',#13793,#13836,#13838,.T.);
#13836 = VERTEX_POINT('',#13837);
#13837 = CARTESIAN_POINT('',(287.1698,94.5,-38.1));
#13838 = LINE('',#13839,#13840);
#13839 = CARTESIAN_POINT('',(287.1698,94.5,-13.97));
#13840 = VECTOR('',#13841,1.);
#13841 = DIRECTION('',(0.,0.,-1.));
#13842 = ORIENTED_EDGE('',*,*,#13843,.F.);
#13843 = EDGE_CURVE('',#13836,#13836,#13844,.T.);
#13844 = CIRCLE('',#13845,1.7272);
#13845 = AXIS2_PLACEMENT_3D('',#13846,#13847,#13848);
#13846 = CARTESIAN_POINT('',(288.897,94.5,-38.1));
#13847 = DIRECTION('',(0.,0.,-1.));
#13848 = DIRECTION('',(-1.,0.,0.));
#13849 = ORIENTED_EDGE('',*,*,#13835,.F.);
#13850 = CYLINDRICAL_SURFACE('',#13851,1.7272);
#13851 = AXIS2_PLACEMENT_3D('',#13852,#13853,#13854);
#13852 = CARTESIAN_POINT('',(288.897,94.5,-13.97));
#13853 = DIRECTION('',(0.,0.,-1.));
#13854 = DIRECTION('',(-1.,0.,0.));
#13855 = ADVANCED_FACE('',(#13856),#13881,.F.);
#13856 = FACE_BOUND('',#13857,.F.);
#13857 = EDGE_LOOP('',(#13858,#13859,#13867,#13875));
#13858 = ORIENTED_EDGE('',*,*,#3302,.F.);
#13859 = ORIENTED_EDGE('',*,*,#13860,.F.);
#13860 = EDGE_CURVE('',#13861,#3303,#13863,.T.);
#13861 = VERTEX_POINT('',#13862);
#13862 = CARTESIAN_POINT('',(515.397,282.174,-21.97));
#13863 = LINE('',#13864,#13865);
#13864 = CARTESIAN_POINT('',(515.397,282.174,-21.97));
#13865 = VECTOR('',#13866,1.);
#13866 = DIRECTION('',(0.,0.,1.));
#13867 = ORIENTED_EDGE('',*,*,#13868,.T.);
#13868 = EDGE_CURVE('',#13861,#13869,#13871,.T.);
#13869 = VERTEX_POINT('',#13870);
#13870 = CARTESIAN_POINT('',(515.397,323.826,-21.97));
#13871 = LINE('',#13872,#13873);
#13872 = CARTESIAN_POINT('',(515.397,279.,-21.97));
#13873 = VECTOR('',#13874,1.);
#13874 = DIRECTION('',(0.,1.,0.));
#13875 = ORIENTED_EDGE('',*,*,#13876,.T.);
#13876 = EDGE_CURVE('',#13869,#3305,#13877,.T.);
#13877 = LINE('',#13878,#13879);
#13878 = CARTESIAN_POINT('',(515.397,323.826,-21.97));
#13879 = VECTOR('',#13880,1.);
#13880 = DIRECTION('',(0.,0.,1.));
#13881 = PLANE('',#13882);
#13882 = AXIS2_PLACEMENT_3D('',#13883,#13884,#13885);
#13883 = CARTESIAN_POINT('',(515.397,279.,-21.97));
#13884 = DIRECTION('',(1.,0.,0.));
#13885 = DIRECTION('',(0.,0.,1.));
#13886 = ADVANCED_FACE('',(#13887),#13906,.F.);
#13887 = FACE_BOUND('',#13888,.F.);
#13888 = EDGE_LOOP('',(#13889,#13898,#13899,#13900));
#13889 = ORIENTED_EDGE('',*,*,#13890,.T.);
#13890 = EDGE_CURVE('',#13891,#13861,#13893,.T.);
#13891 = VERTEX_POINT('',#13892);
#13892 = CARTESIAN_POINT('',(512.223,279.,-21.97));
#13893 = CIRCLE('',#13894,3.174);
#13894 = AXIS2_PLACEMENT_3D('',#13895,#13896,#13897);
#13895 = CARTESIAN_POINT('',(512.223,282.174,-21.97));
#13896 = DIRECTION('',(-0.,0.,1.));
#13897 = DIRECTION('',(0.,-1.,0.));
#13898 = ORIENTED_EDGE('',*,*,#13860,.T.);
#13899 = ORIENTED_EDGE('',*,*,#3312,.F.);
#13900 = ORIENTED_EDGE('',*,*,#13901,.F.);
#13901 = EDGE_CURVE('',#13891,#3313,#13902,.T.);
#13902 = LINE('',#13903,#13904);
#13903 = CARTESIAN_POINT('',(512.223,279.,-21.97));
#13904 = VECTOR('',#13905,1.);
#13905 = DIRECTION('',(0.,0.,1.));
#13906 = CYLINDRICAL_SURFACE('',#13907,3.174);
#13907 = AXIS2_PLACEMENT_3D('',#13908,#13909,#13910);
#13908 = CARTESIAN_POINT('',(512.223,282.174,-21.97));
#13909 = DIRECTION('',(0.,0.,1.));
#13910 = DIRECTION('',(0.,-1.,0.));
#13911 = ADVANCED_FACE('',(#13912),#13931,.F.);
#13912 = FACE_BOUND('',#13913,.F.);
#13913 = EDGE_LOOP('',(#13914,#13923,#13929,#13930));
#13914 = ORIENTED_EDGE('',*,*,#13915,.T.);
#13915 = EDGE_CURVE('',#13869,#13916,#13918,.T.);
#13916 = VERTEX_POINT('',#13917);
#13917 = CARTESIAN_POINT('',(512.223,327.,-21.97));
#13918 = CIRCLE('',#13919,3.174);
#13919 = AXIS2_PLACEMENT_3D('',#13920,#13921,#13922);
#13920 = CARTESIAN_POINT('',(512.223,323.826,-21.97));
#13921 = DIRECTION('',(-0.,0.,1.));
#13922 = DIRECTION('',(0.,-1.,0.));
#13923 = ORIENTED_EDGE('',*,*,#13924,.T.);
#13924 = EDGE_CURVE('',#13916,#3356,#13925,.T.);
#13925 = LINE('',#13926,#13927);
#13926 = CARTESIAN_POINT('',(512.223,327.,-21.97));
#13927 = VECTOR('',#13928,1.);
#13928 = DIRECTION('',(0.,0.,1.));
#13929 = ORIENTED_EDGE('',*,*,#3363,.F.);
#13930 = ORIENTED_EDGE('',*,*,#13876,.F.);
#13931 = CYLINDRICAL_SURFACE('',#13932,3.174);
#13932 = AXIS2_PLACEMENT_3D('',#13933,#13934,#13935);
#13933 = CARTESIAN_POINT('',(512.223,323.826,-21.97));
#13934 = DIRECTION('',(0.,0.,1.));
#13935 = DIRECTION('',(1.,0.,0.));
#13936 = ADVANCED_FACE('',(#13937),#13955,.T.);
#13937 = FACE_BOUND('',#13938,.T.);
#13938 = EDGE_LOOP('',(#13939,#13947,#13953,#13954));
#13939 = ORIENTED_EDGE('',*,*,#13940,.F.);
#13940 = EDGE_CURVE('',#13941,#13891,#13943,.T.);
#13941 = VERTEX_POINT('',#13942);
#13942 = CARTESIAN_POINT('',(495.571,279.,-21.97));
#13943 = LINE('',#13944,#13945);
#13944 = CARTESIAN_POINT('',(492.397,279.,-21.97));
#13945 = VECTOR('',#13946,1.);
#13946 = DIRECTION('',(1.,0.,0.));
#13947 = ORIENTED_EDGE('',*,*,#13948,.T.);
#13948 = EDGE_CURVE('',#13941,#3322,#13949,.T.);
#13949 = LINE('',#13950,#13951);
#13950 = CARTESIAN_POINT('',(495.571,279.,-21.97));
#13951 = VECTOR('',#13952,1.);
#13952 = DIRECTION('',(0.,0.,1.));
#13953 = ORIENTED_EDGE('',*,*,#3321,.T.);
#13954 = ORIENTED_EDGE('',*,*,#13901,.F.);
#13955 = PLANE('',#13956);
#13956 = AXIS2_PLACEMENT_3D('',#13957,#13958,#13959);
#13957 = CARTESIAN_POINT('',(492.397,279.,-21.97));
#13958 = DIRECTION('',(0.,1.,0.));
#13959 = DIRECTION('',(0.,0.,1.));
#13960 = ADVANCED_FACE('',(#13961),#13979,.F.);
#13961 = FACE_BOUND('',#13962,.F.);
#13962 = EDGE_LOOP('',(#13963,#13971,#13977,#13978));
#13963 = ORIENTED_EDGE('',*,*,#13964,.F.);
#13964 = EDGE_CURVE('',#13965,#13916,#13967,.T.);
#13965 = VERTEX_POINT('',#13966);
#13966 = CARTESIAN_POINT('',(495.571,327.,-21.97));
#13967 = LINE('',#13968,#13969);
#13968 = CARTESIAN_POINT('',(492.397,327.,-21.97));
#13969 = VECTOR('',#13970,1.);
#13970 = DIRECTION('',(1.,0.,0.));
#13971 = ORIENTED_EDGE('',*,*,#13972,.T.);
#13972 = EDGE_CURVE('',#13965,#3347,#13973,.T.);
#13973 = LINE('',#13974,#13975);
#13974 = CARTESIAN_POINT('',(495.571,327.,-21.97));
#13975 = VECTOR('',#13976,1.);
#13976 = DIRECTION('',(0.,0.,1.));
#13977 = ORIENTED_EDGE('',*,*,#3355,.T.);
#13978 = ORIENTED_EDGE('',*,*,#13924,.F.);
#13979 = PLANE('',#13980);
#13980 = AXIS2_PLACEMENT_3D('',#13981,#13982,#13983);
#13981 = CARTESIAN_POINT('',(492.397,327.,-21.97));
#13982 = DIRECTION('',(0.,1.,0.));
#13983 = DIRECTION('',(0.,0.,1.));
#13984 = ADVANCED_FACE('',(#13985),#14004,.F.);
#13985 = FACE_BOUND('',#13986,.F.);
#13986 = EDGE_LOOP('',(#13987,#13996,#13997,#13998));
#13987 = ORIENTED_EDGE('',*,*,#13988,.T.);
#13988 = EDGE_CURVE('',#13989,#13941,#13991,.T.);
#13989 = VERTEX_POINT('',#13990);
#13990 = CARTESIAN_POINT('',(492.397,282.174,-21.97));
#13991 = CIRCLE('',#13992,3.174);
#13992 = AXIS2_PLACEMENT_3D('',#13993,#13994,#13995);
#13993 = CARTESIAN_POINT('',(495.571,282.174,-21.97));
#13994 = DIRECTION('',(-0.,0.,1.));
#13995 = DIRECTION('',(0.,-1.,0.));
#13996 = ORIENTED_EDGE('',*,*,#13948,.T.);
#13997 = ORIENTED_EDGE('',*,*,#3329,.F.);
#13998 = ORIENTED_EDGE('',*,*,#13999,.F.);
#13999 = EDGE_CURVE('',#13989,#3330,#14000,.T.);
#14000 = LINE('',#14001,#14002);
#14001 = CARTESIAN_POINT('',(492.397,282.174,-21.97));
#14002 = VECTOR('',#14003,1.);
#14003 = DIRECTION('',(0.,0.,1.));
#14004 = CYLINDRICAL_SURFACE('',#14005,3.174);
#14005 = AXIS2_PLACEMENT_3D('',#14006,#14007,#14008);
#14006 = CARTESIAN_POINT('',(495.571,282.174,-21.97));
#14007 = DIRECTION('',(0.,0.,1.));
#14008 = DIRECTION('',(-1.,0.,0.));
#14009 = ADVANCED_FACE('',(#14010),#14029,.F.);
#14010 = FACE_BOUND('',#14011,.T.);
#14011 = EDGE_LOOP('',(#14012,#14021,#14022,#14023));
#14012 = ORIENTED_EDGE('',*,*,#14013,.T.);
#14013 = EDGE_CURVE('',#14014,#13965,#14016,.T.);
#14014 = VERTEX_POINT('',#14015);
#14015 = CARTESIAN_POINT('',(492.397,323.826,-21.97));
#14016 = CIRCLE('',#14017,3.174);
#14017 = AXIS2_PLACEMENT_3D('',#14018,#14019,#14020);
#14018 = CARTESIAN_POINT('',(495.571,323.826,-21.97));
#14019 = DIRECTION('',(-0.,-0.,-1.));
#14020 = DIRECTION('',(0.,-1.,0.));
#14021 = ORIENTED_EDGE('',*,*,#13972,.T.);
#14022 = ORIENTED_EDGE('',*,*,#3346,.F.);
#14023 = ORIENTED_EDGE('',*,*,#14024,.F.);
#14024 = EDGE_CURVE('',#14014,#3339,#14025,.T.);
#14025 = LINE('',#14026,#14027);
#14026 = CARTESIAN_POINT('',(492.397,323.826,-21.97));
#14027 = VECTOR('',#14028,1.);
#14028 = DIRECTION('',(0.,0.,1.));
#14029 = CYLINDRICAL_SURFACE('',#14030,3.174);
#14030 = AXIS2_PLACEMENT_3D('',#14031,#14032,#14033);
#14031 = CARTESIAN_POINT('',(495.571,323.826,-21.97));
#14032 = DIRECTION('',(0.,0.,1.));
#14033 = DIRECTION('',(-1.,0.,0.));
#14034 = ADVANCED_FACE('',(#14035),#14046,.T.);
#14035 = FACE_BOUND('',#14036,.T.);
#14036 = EDGE_LOOP('',(#14037,#14038,#14039,#14045));
#14037 = ORIENTED_EDGE('',*,*,#3338,.F.);
#14038 = ORIENTED_EDGE('',*,*,#13999,.F.);
#14039 = ORIENTED_EDGE('',*,*,#14040,.T.);
#14040 = EDGE_CURVE('',#13989,#14014,#14041,.T.);
#14041 = LINE('',#14042,#14043);
#14042 = CARTESIAN_POINT('',(492.397,279.,-21.97));
#14043 = VECTOR('',#14044,1.);
#14044 = DIRECTION('',(0.,1.,0.));
#14045 = ORIENTED_EDGE('',*,*,#14024,.T.);
#14046 = PLANE('',#14047);
#14047 = AXIS2_PLACEMENT_3D('',#14048,#14049,#14050);
#14048 = CARTESIAN_POINT('',(492.397,279.,-21.97));
#14049 = DIRECTION('',(1.,0.,0.));
#14050 = DIRECTION('',(0.,0.,1.));
#14051 = ADVANCED_FACE('',(#14052,#14062,#14073),#14084,.T.);
#14052 = FACE_BOUND('',#14053,.T.);
#14053 = EDGE_LOOP('',(#14054,#14055,#14056,#14057,#14058,#14059,#14060,
    #14061));
#14054 = ORIENTED_EDGE('',*,*,#13868,.T.);
#14055 = ORIENTED_EDGE('',*,*,#13915,.T.);
#14056 = ORIENTED_EDGE('',*,*,#13964,.F.);
#14057 = ORIENTED_EDGE('',*,*,#14013,.F.);
#14058 = ORIENTED_EDGE('',*,*,#14040,.F.);
#14059 = ORIENTED_EDGE('',*,*,#13988,.T.);
#14060 = ORIENTED_EDGE('',*,*,#13940,.T.);
#14061 = ORIENTED_EDGE('',*,*,#13890,.T.);
#14062 = FACE_BOUND('',#14063,.T.);
#14063 = EDGE_LOOP('',(#14064));
#14064 = ORIENTED_EDGE('',*,*,#14065,.T.);
#14065 = EDGE_CURVE('',#14066,#14066,#14068,.T.);
#14066 = VERTEX_POINT('',#14067);
#14067 = CARTESIAN_POINT('',(502.1698,290.5,-21.97));
#14068 = CIRCLE('',#14069,1.7272);
#14069 = AXIS2_PLACEMENT_3D('',#14070,#14071,#14072);
#14070 = CARTESIAN_POINT('',(503.897,290.5,-21.97));
#14071 = DIRECTION('',(0.,0.,-1.));
#14072 = DIRECTION('',(-1.,0.,0.));
#14073 = FACE_BOUND('',#14074,.T.);
#14074 = EDGE_LOOP('',(#14075));
#14075 = ORIENTED_EDGE('',*,*,#14076,.T.);
#14076 = EDGE_CURVE('',#14077,#14077,#14079,.T.);
#14077 = VERTEX_POINT('',#14078);
#14078 = CARTESIAN_POINT('',(502.1698,315.5,-21.97));
#14079 = CIRCLE('',#14080,1.7272);
#14080 = AXIS2_PLACEMENT_3D('',#14081,#14082,#14083);
#14081 = CARTESIAN_POINT('',(503.897,315.5,-21.97));
#14082 = DIRECTION('',(0.,0.,-1.));
#14083 = DIRECTION('',(-1.,0.,0.));
#14084 = PLANE('',#14085);
#14085 = AXIS2_PLACEMENT_3D('',#14086,#14087,#14088);
#14086 = CARTESIAN_POINT('',(492.397,279.,-21.97));
#14087 = DIRECTION('',(0.,0.,1.));
#14088 = DIRECTION('',(1.,0.,0.));
#14089 = ADVANCED_FACE('',(#14090),#14109,.F.);
#14090 = FACE_BOUND('',#14091,.F.);
#14091 = EDGE_LOOP('',(#14092,#14093,#14101,#14108));
#14092 = ORIENTED_EDGE('',*,*,#14065,.T.);
#14093 = ORIENTED_EDGE('',*,*,#14094,.T.);
#14094 = EDGE_CURVE('',#14066,#14095,#14097,.T.);
#14095 = VERTEX_POINT('',#14096);
#14096 = CARTESIAN_POINT('',(502.1698,290.5,-38.1));
#14097 = LINE('',#14098,#14099);
#14098 = CARTESIAN_POINT('',(502.1698,290.5,-13.97));
#14099 = VECTOR('',#14100,1.);
#14100 = DIRECTION('',(0.,0.,-1.));
#14101 = ORIENTED_EDGE('',*,*,#14102,.F.);
#14102 = EDGE_CURVE('',#14095,#14095,#14103,.T.);
#14103 = CIRCLE('',#14104,1.7272);
#14104 = AXIS2_PLACEMENT_3D('',#14105,#14106,#14107);
#14105 = CARTESIAN_POINT('',(503.897,290.5,-38.1));
#14106 = DIRECTION('',(0.,0.,-1.));
#14107 = DIRECTION('',(-1.,0.,0.));
#14108 = ORIENTED_EDGE('',*,*,#14094,.F.);
#14109 = CYLINDRICAL_SURFACE('',#14110,1.7272);
#14110 = AXIS2_PLACEMENT_3D('',#14111,#14112,#14113);
#14111 = CARTESIAN_POINT('',(503.897,290.5,-13.97));
#14112 = DIRECTION('',(0.,0.,-1.));
#14113 = DIRECTION('',(-1.,0.,0.));
#14114 = ADVANCED_FACE('',(#14115),#14134,.F.);
#14115 = FACE_BOUND('',#14116,.F.);
#14116 = EDGE_LOOP('',(#14117,#14118,#14126,#14133));
#14117 = ORIENTED_EDGE('',*,*,#14076,.T.);
#14118 = ORIENTED_EDGE('',*,*,#14119,.T.);
#14119 = EDGE_CURVE('',#14077,#14120,#14122,.T.);
#14120 = VERTEX_POINT('',#14121);
#14121 = CARTESIAN_POINT('',(502.1698,315.5,-38.1));
#14122 = LINE('',#14123,#14124);
#14123 = CARTESIAN_POINT('',(502.1698,315.5,-13.97));
#14124 = VECTOR('',#14125,1.);
#14125 = DIRECTION('',(0.,0.,-1.));
#14126 = ORIENTED_EDGE('',*,*,#14127,.F.);
#14127 = EDGE_CURVE('',#14120,#14120,#14128,.T.);
#14128 = CIRCLE('',#14129,1.7272);
#14129 = AXIS2_PLACEMENT_3D('',#14130,#14131,#14132);
#14130 = CARTESIAN_POINT('',(503.897,315.5,-38.1));
#14131 = DIRECTION('',(0.,0.,-1.));
#14132 = DIRECTION('',(-1.,0.,0.));
#14133 = ORIENTED_EDGE('',*,*,#14119,.F.);
#14134 = CYLINDRICAL_SURFACE('',#14135,1.7272);
#14135 = AXIS2_PLACEMENT_3D('',#14136,#14137,#14138);
#14136 = CARTESIAN_POINT('',(503.897,315.5,-13.97));
#14137 = DIRECTION('',(0.,0.,-1.));
#14138 = DIRECTION('',(-1.,0.,0.));
#14139 = ADVANCED_FACE('',(#14140),#14165,.F.);
#14140 = FACE_BOUND('',#14141,.F.);
#14141 = EDGE_LOOP('',(#14142,#14150,#14151,#14159));
#14142 = ORIENTED_EDGE('',*,*,#14143,.T.);
#14143 = EDGE_CURVE('',#14144,#3375,#14146,.T.);
#14144 = VERTEX_POINT('',#14145);
#14145 = CARTESIAN_POINT('',(247.174,283.5,-14.05100021362));
#14146 = LINE('',#14147,#14148);
#14147 = CARTESIAN_POINT('',(247.174,283.5,-14.05100021362));
#14148 = VECTOR('',#14149,1.);
#14149 = DIRECTION('',(0.,0.,1.));
#14150 = ORIENTED_EDGE('',*,*,#3372,.F.);
#14151 = ORIENTED_EDGE('',*,*,#14152,.F.);
#14152 = EDGE_CURVE('',#14153,#3373,#14155,.T.);
#14153 = VERTEX_POINT('',#14154);
#14154 = CARTESIAN_POINT('',(278.826,283.5,-14.05100021362));
#14155 = LINE('',#14156,#14157);
#14156 = CARTESIAN_POINT('',(278.826,283.5,-14.05100021362));
#14157 = VECTOR('',#14158,1.);
#14158 = DIRECTION('',(0.,0.,1.));
#14159 = ORIENTED_EDGE('',*,*,#14160,.T.);
#14160 = EDGE_CURVE('',#14153,#14144,#14161,.T.);
#14161 = LINE('',#14162,#14163);
#14162 = CARTESIAN_POINT('',(282.,283.5,-14.05100021362));
#14163 = VECTOR('',#14164,1.);
#14164 = DIRECTION('',(-1.,0.,0.));
#14165 = PLANE('',#14166);
#14166 = AXIS2_PLACEMENT_3D('',#14167,#14168,#14169);
#14167 = CARTESIAN_POINT('',(282.,283.5,-14.05100021362));
#14168 = DIRECTION('',(0.,1.,0.));
#14169 = DIRECTION('',(0.,0.,1.));
#14170 = ADVANCED_FACE('',(#14171),#14190,.F.);
#14171 = FACE_BOUND('',#14172,.F.);
#14172 = EDGE_LOOP('',(#14173,#14181,#14188,#14189));
#14173 = ORIENTED_EDGE('',*,*,#14174,.F.);
#14174 = EDGE_CURVE('',#14175,#3383,#14177,.T.);
#14175 = VERTEX_POINT('',#14176);
#14176 = CARTESIAN_POINT('',(282.,280.326,-14.05100021362));
#14177 = LINE('',#14178,#14179);
#14178 = CARTESIAN_POINT('',(282.,280.326,-14.05100021362));
#14179 = VECTOR('',#14180,1.);
#14180 = DIRECTION('',(0.,0.,1.));
#14181 = ORIENTED_EDGE('',*,*,#14182,.T.);
#14182 = EDGE_CURVE('',#14175,#14153,#14183,.T.);
#14183 = CIRCLE('',#14184,3.174);
#14184 = AXIS2_PLACEMENT_3D('',#14185,#14186,#14187);
#14185 = CARTESIAN_POINT('',(278.826,280.326,-14.05100021362));
#14186 = DIRECTION('',(0.,0.,1.));
#14187 = DIRECTION('',(1.,0.,0.));
#14188 = ORIENTED_EDGE('',*,*,#14152,.T.);
#14189 = ORIENTED_EDGE('',*,*,#3382,.F.);
#14190 = CYLINDRICAL_SURFACE('',#14191,3.174);
#14191 = AXIS2_PLACEMENT_3D('',#14192,#14193,#14194);
#14192 = CARTESIAN_POINT('',(278.826,280.326,-14.05100021362));
#14193 = DIRECTION('',(0.,0.,1.));
#14194 = DIRECTION('',(1.,0.,0.));
#14195 = ADVANCED_FACE('',(#14196),#14215,.F.);
#14196 = FACE_BOUND('',#14197,.F.);
#14197 = EDGE_LOOP('',(#14198,#14199,#14208,#14214));
#14198 = ORIENTED_EDGE('',*,*,#14143,.F.);
#14199 = ORIENTED_EDGE('',*,*,#14200,.T.);
#14200 = EDGE_CURVE('',#14144,#14201,#14203,.T.);
#14201 = VERTEX_POINT('',#14202);
#14202 = CARTESIAN_POINT('',(244.,280.326,-14.05100021362));
#14203 = CIRCLE('',#14204,3.174);
#14204 = AXIS2_PLACEMENT_3D('',#14205,#14206,#14207);
#14205 = CARTESIAN_POINT('',(247.174,280.326,-14.05100021362));
#14206 = DIRECTION('',(0.,0.,1.));
#14207 = DIRECTION('',(1.,0.,0.));
#14208 = ORIENTED_EDGE('',*,*,#14209,.T.);
#14209 = EDGE_CURVE('',#14201,#3426,#14210,.T.);
#14210 = LINE('',#14211,#14212);
#14211 = CARTESIAN_POINT('',(244.,280.326,-14.05100021362));
#14212 = VECTOR('',#14213,1.);
#14213 = DIRECTION('',(0.,0.,1.));
#14214 = ORIENTED_EDGE('',*,*,#3433,.F.);
#14215 = CYLINDRICAL_SURFACE('',#14216,3.174);
#14216 = AXIS2_PLACEMENT_3D('',#14217,#14218,#14219);
#14217 = CARTESIAN_POINT('',(247.174,280.326,-14.05100021362));
#14218 = DIRECTION('',(0.,0.,1.));
#14219 = DIRECTION('',(0.,1.,0.));
#14220 = ADVANCED_FACE('',(#14221),#14239,.T.);
#14221 = FACE_BOUND('',#14222,.T.);
#14222 = EDGE_LOOP('',(#14223,#14224,#14232,#14238));
#14223 = ORIENTED_EDGE('',*,*,#14174,.F.);
#14224 = ORIENTED_EDGE('',*,*,#14225,.F.);
#14225 = EDGE_CURVE('',#14226,#14175,#14228,.T.);
#14226 = VERTEX_POINT('',#14227);
#14227 = CARTESIAN_POINT('',(282.,268.674,-14.05100021362));
#14228 = LINE('',#14229,#14230);
#14229 = CARTESIAN_POINT('',(282.,265.5,-14.05100021362));
#14230 = VECTOR('',#14231,1.);
#14231 = DIRECTION('',(0.,1.,0.));
#14232 = ORIENTED_EDGE('',*,*,#14233,.T.);
#14233 = EDGE_CURVE('',#14226,#3392,#14234,.T.);
#14234 = LINE('',#14235,#14236);
#14235 = CARTESIAN_POINT('',(282.,268.674,-14.05100021362));
#14236 = VECTOR('',#14237,1.);
#14237 = DIRECTION('',(0.,0.,1.));
#14238 = ORIENTED_EDGE('',*,*,#3391,.F.);
#14239 = PLANE('',#14240);
#14240 = AXIS2_PLACEMENT_3D('',#14241,#14242,#14243);
#14241 = CARTESIAN_POINT('',(282.,265.5,-14.05100021362));
#14242 = DIRECTION('',(-1.,0.,0.));
#14243 = DIRECTION('',(0.,0.,1.));
#14244 = ADVANCED_FACE('',(#14245),#14263,.F.);
#14245 = FACE_BOUND('',#14246,.F.);
#14246 = EDGE_LOOP('',(#14247,#14248,#14256,#14262));
#14247 = ORIENTED_EDGE('',*,*,#14209,.F.);
#14248 = ORIENTED_EDGE('',*,*,#14249,.F.);
#14249 = EDGE_CURVE('',#14250,#14201,#14252,.T.);
#14250 = VERTEX_POINT('',#14251);
#14251 = CARTESIAN_POINT('',(244.,268.674,-14.05100021362));
#14252 = LINE('',#14253,#14254);
#14253 = CARTESIAN_POINT('',(244.,265.5,-14.05100021362));
#14254 = VECTOR('',#14255,1.);
#14255 = DIRECTION('',(0.,1.,0.));
#14256 = ORIENTED_EDGE('',*,*,#14257,.T.);
#14257 = EDGE_CURVE('',#14250,#3417,#14258,.T.);
#14258 = LINE('',#14259,#14260);
#14259 = CARTESIAN_POINT('',(244.,268.674,-14.05100021362));
#14260 = VECTOR('',#14261,1.);
#14261 = DIRECTION('',(0.,0.,1.));
#14262 = ORIENTED_EDGE('',*,*,#3425,.F.);
#14263 = PLANE('',#14264);
#14264 = AXIS2_PLACEMENT_3D('',#14265,#14266,#14267);
#14265 = CARTESIAN_POINT('',(244.,265.5,-14.05100021362));
#14266 = DIRECTION('',(-1.,0.,0.));
#14267 = DIRECTION('',(0.,0.,1.));
#14268 = ADVANCED_FACE('',(#14269),#14288,.F.);
#14269 = FACE_BOUND('',#14270,.F.);
#14270 = EDGE_LOOP('',(#14271,#14279,#14286,#14287));
#14271 = ORIENTED_EDGE('',*,*,#14272,.F.);
#14272 = EDGE_CURVE('',#14273,#3400,#14275,.T.);
#14273 = VERTEX_POINT('',#14274);
#14274 = CARTESIAN_POINT('',(278.826,265.5,-14.05100021362));
#14275 = LINE('',#14276,#14277);
#14276 = CARTESIAN_POINT('',(278.826,265.5,-14.05100021362));
#14277 = VECTOR('',#14278,1.);
#14278 = DIRECTION('',(0.,0.,1.));
#14279 = ORIENTED_EDGE('',*,*,#14280,.T.);
#14280 = EDGE_CURVE('',#14273,#14226,#14281,.T.);
#14281 = CIRCLE('',#14282,3.174);
#14282 = AXIS2_PLACEMENT_3D('',#14283,#14284,#14285);
#14283 = CARTESIAN_POINT('',(278.826,268.674,-14.05100021362));
#14284 = DIRECTION('',(0.,0.,1.));
#14285 = DIRECTION('',(1.,0.,0.));
#14286 = ORIENTED_EDGE('',*,*,#14233,.T.);
#14287 = ORIENTED_EDGE('',*,*,#3399,.F.);
#14288 = CYLINDRICAL_SURFACE('',#14289,3.174);
#14289 = AXIS2_PLACEMENT_3D('',#14290,#14291,#14292);
#14290 = CARTESIAN_POINT('',(278.826,268.674,-14.05100021362));
#14291 = DIRECTION('',(0.,0.,1.));
#14292 = DIRECTION('',(0.,-1.,0.));
#14293 = ADVANCED_FACE('',(#14294),#14313,.F.);
#14294 = FACE_BOUND('',#14295,.T.);
#14295 = EDGE_LOOP('',(#14296,#14304,#14311,#14312));
#14296 = ORIENTED_EDGE('',*,*,#14297,.F.);
#14297 = EDGE_CURVE('',#14298,#3409,#14300,.T.);
#14298 = VERTEX_POINT('',#14299);
#14299 = CARTESIAN_POINT('',(247.174,265.5,-14.05100021362));
#14300 = LINE('',#14301,#14302);
#14301 = CARTESIAN_POINT('',(247.174,265.5,-14.05100021362));
#14302 = VECTOR('',#14303,1.);
#14303 = DIRECTION('',(0.,0.,1.));
#14304 = ORIENTED_EDGE('',*,*,#14305,.T.);
#14305 = EDGE_CURVE('',#14298,#14250,#14306,.T.);
#14306 = CIRCLE('',#14307,3.174);
#14307 = AXIS2_PLACEMENT_3D('',#14308,#14309,#14310);
#14308 = CARTESIAN_POINT('',(247.174,268.674,-14.05100021362));
#14309 = DIRECTION('',(0.,0.,-1.));
#14310 = DIRECTION('',(1.,0.,0.));
#14311 = ORIENTED_EDGE('',*,*,#14257,.T.);
#14312 = ORIENTED_EDGE('',*,*,#3416,.T.);
#14313 = CYLINDRICAL_SURFACE('',#14314,3.174);
#14314 = AXIS2_PLACEMENT_3D('',#14315,#14316,#14317);
#14315 = CARTESIAN_POINT('',(247.174,268.674,-14.05100021362));
#14316 = DIRECTION('',(0.,0.,1.));
#14317 = DIRECTION('',(0.,-1.,0.));
#14318 = ADVANCED_FACE('',(#14319),#14330,.T.);
#14319 = FACE_BOUND('',#14320,.T.);
#14320 = EDGE_LOOP('',(#14321,#14322,#14323,#14324));
#14321 = ORIENTED_EDGE('',*,*,#14297,.T.);
#14322 = ORIENTED_EDGE('',*,*,#3408,.F.);
#14323 = ORIENTED_EDGE('',*,*,#14272,.F.);
#14324 = ORIENTED_EDGE('',*,*,#14325,.T.);
#14325 = EDGE_CURVE('',#14273,#14298,#14326,.T.);
#14326 = LINE('',#14327,#14328);
#14327 = CARTESIAN_POINT('',(282.,265.5,-14.05100021362));
#14328 = VECTOR('',#14329,1.);
#14329 = DIRECTION('',(-1.,0.,0.));
#14330 = PLANE('',#14331);
#14331 = AXIS2_PLACEMENT_3D('',#14332,#14333,#14334);
#14332 = CARTESIAN_POINT('',(282.,265.5,-14.05100021362));
#14333 = DIRECTION('',(0.,1.,0.));
#14334 = DIRECTION('',(0.,0.,1.));
#14335 = ADVANCED_FACE('',(#14336,#14346,#14357),#14368,.T.);
#14336 = FACE_BOUND('',#14337,.T.);
#14337 = EDGE_LOOP('',(#14338,#14339,#14340,#14341,#14342,#14343,#14344,
    #14345));
#14338 = ORIENTED_EDGE('',*,*,#14160,.T.);
#14339 = ORIENTED_EDGE('',*,*,#14200,.T.);
#14340 = ORIENTED_EDGE('',*,*,#14249,.F.);
#14341 = ORIENTED_EDGE('',*,*,#14305,.F.);
#14342 = ORIENTED_EDGE('',*,*,#14325,.F.);
#14343 = ORIENTED_EDGE('',*,*,#14280,.T.);
#14344 = ORIENTED_EDGE('',*,*,#14225,.T.);
#14345 = ORIENTED_EDGE('',*,*,#14182,.T.);
#14346 = FACE_BOUND('',#14347,.T.);
#14347 = EDGE_LOOP('',(#14348));
#14348 = ORIENTED_EDGE('',*,*,#14349,.T.);
#14349 = EDGE_CURVE('',#14350,#14350,#14352,.T.);
#14350 = VERTEX_POINT('',#14351);
#14351 = CARTESIAN_POINT('',(274.3,272.7728,-14.05100021362));
#14352 = CIRCLE('',#14353,1.7272);
#14353 = AXIS2_PLACEMENT_3D('',#14354,#14355,#14356);
#14354 = CARTESIAN_POINT('',(274.3,274.5,-14.05100021362));
#14355 = DIRECTION('',(-0.,0.,-1.));
#14356 = DIRECTION('',(-0.,-1.,0.));
#14357 = FACE_BOUND('',#14358,.T.);
#14358 = EDGE_LOOP('',(#14359));
#14359 = ORIENTED_EDGE('',*,*,#14360,.T.);
#14360 = EDGE_CURVE('',#14361,#14361,#14363,.T.);
#14361 = VERTEX_POINT('',#14362);
#14362 = CARTESIAN_POINT('',(251.7,272.7728,-14.05100021362));
#14363 = CIRCLE('',#14364,1.7272);
#14364 = AXIS2_PLACEMENT_3D('',#14365,#14366,#14367);
#14365 = CARTESIAN_POINT('',(251.7,274.5,-14.05100021362));
#14366 = DIRECTION('',(-0.,0.,-1.));
#14367 = DIRECTION('',(-0.,-1.,0.));
#14368 = PLANE('',#14369);
#14369 = AXIS2_PLACEMENT_3D('',#14370,#14371,#14372);
#14370 = CARTESIAN_POINT('',(282.,265.5,-14.05100021362));
#14371 = DIRECTION('',(0.,0.,1.));
#14372 = DIRECTION('',(0.,1.,0.));
#14373 = ADVANCED_FACE('',(#14374),#14393,.F.);
#14374 = FACE_BOUND('',#14375,.F.);
#14375 = EDGE_LOOP('',(#14376,#14377,#14385,#14392));
#14376 = ORIENTED_EDGE('',*,*,#14349,.T.);
#14377 = ORIENTED_EDGE('',*,*,#14378,.T.);
#14378 = EDGE_CURVE('',#14350,#14379,#14381,.T.);
#14379 = VERTEX_POINT('',#14380);
#14380 = CARTESIAN_POINT('',(274.3,272.7728,-38.1));
#14381 = LINE('',#14382,#14383);
#14382 = CARTESIAN_POINT('',(274.3,272.7728,-6.35));
#14383 = VECTOR('',#14384,1.);
#14384 = DIRECTION('',(0.,0.,-1.));
#14385 = ORIENTED_EDGE('',*,*,#14386,.F.);
#14386 = EDGE_CURVE('',#14379,#14379,#14387,.T.);
#14387 = CIRCLE('',#14388,1.7272);
#14388 = AXIS2_PLACEMENT_3D('',#14389,#14390,#14391);
#14389 = CARTESIAN_POINT('',(274.3,274.5,-38.1));
#14390 = DIRECTION('',(0.,0.,-1.));
#14391 = DIRECTION('',(-2.2E-16,-1.,-0.));
#14392 = ORIENTED_EDGE('',*,*,#14378,.F.);
#14393 = CYLINDRICAL_SURFACE('',#14394,1.7272);
#14394 = AXIS2_PLACEMENT_3D('',#14395,#14396,#14397);
#14395 = CARTESIAN_POINT('',(274.3,274.5,-6.35));
#14396 = DIRECTION('',(0.,0.,-1.));
#14397 = DIRECTION('',(-0.,-1.,0.));
#14398 = ADVANCED_FACE('',(#14399),#14418,.F.);
#14399 = FACE_BOUND('',#14400,.F.);
#14400 = EDGE_LOOP('',(#14401,#14402,#14410,#14417));
#14401 = ORIENTED_EDGE('',*,*,#14360,.T.);
#14402 = ORIENTED_EDGE('',*,*,#14403,.T.);
#14403 = EDGE_CURVE('',#14361,#14404,#14406,.T.);
#14404 = VERTEX_POINT('',#14405);
#14405 = CARTESIAN_POINT('',(251.7,272.7728,-38.1));
#14406 = LINE('',#14407,#14408);
#14407 = CARTESIAN_POINT('',(251.7,272.7728,-6.35));
#14408 = VECTOR('',#14409,1.);
#14409 = DIRECTION('',(0.,0.,-1.));
#14410 = ORIENTED_EDGE('',*,*,#14411,.F.);
#14411 = EDGE_CURVE('',#14404,#14404,#14412,.T.);
#14412 = CIRCLE('',#14413,1.7272);
#14413 = AXIS2_PLACEMENT_3D('',#14414,#14415,#14416);
#14414 = CARTESIAN_POINT('',(251.7,274.5,-38.1));
#14415 = DIRECTION('',(0.,0.,-1.));
#14416 = DIRECTION('',(-2.2E-16,-1.,-0.));
#14417 = ORIENTED_EDGE('',*,*,#14403,.F.);
#14418 = CYLINDRICAL_SURFACE('',#14419,1.7272);
#14419 = AXIS2_PLACEMENT_3D('',#14420,#14421,#14422);
#14420 = CARTESIAN_POINT('',(251.7,274.5,-6.35));
#14421 = DIRECTION('',(0.,0.,-1.));
#14422 = DIRECTION('',(-0.,-1.,0.));
#14423 = ADVANCED_FACE('',(#14424),#14451,.F.);
#14424 = FACE_BOUND('',#14425,.T.);
#14425 = EDGE_LOOP('',(#14426,#14434,#14443,#14449,#14450));
#14426 = ORIENTED_EDGE('',*,*,#14427,.F.);
#14427 = EDGE_CURVE('',#14428,#3488,#14430,.T.);
#14428 = VERTEX_POINT('',#14429);
#14429 = CARTESIAN_POINT('',(100.20258194378,8.909003764853,
    -19.09033817672));
#14430 = LINE('',#14431,#14432);
#14431 = CARTESIAN_POINT('',(100.20258194378,8.909003764853,
    -19.09033817672));
#14432 = VECTOR('',#14433,1.);
#14433 = DIRECTION('',(0.,0.,1.));
#14434 = ORIENTED_EDGE('',*,*,#14435,.T.);
#14435 = EDGE_CURVE('',#14428,#14436,#14438,.T.);
#14436 = VERTEX_POINT('',#14437);
#14437 = CARTESIAN_POINT('',(100.20258194378,13.397717611825,
    -19.09033817672));
#14438 = CIRCLE('',#14439,3.174);
#14439 = AXIS2_PLACEMENT_3D('',#14440,#14441,#14442);
#14440 = CARTESIAN_POINT('',(102.44693886727,11.153360688339,
    -19.09033817672));
#14441 = DIRECTION('',(0.,-0.,-1.));
#14442 = DIRECTION('',(0.707106781187,-0.707106781187,0.));
#14443 = ORIENTED_EDGE('',*,*,#14444,.T.);
#14444 = EDGE_CURVE('',#14436,#3505,#14445,.T.);
#14445 = LINE('',#14446,#14447);
#14446 = CARTESIAN_POINT('',(100.20258194378,13.397717611825,
    -19.09033817672));
#14447 = VECTOR('',#14448,1.);
#14448 = DIRECTION('',(0.,0.,1.));
#14449 = ORIENTED_EDGE('',*,*,#3504,.T.);
#14450 = ORIENTED_EDGE('',*,*,#3495,.T.);
#14451 = CYLINDRICAL_SURFACE('',#14452,3.174);
#14452 = AXIS2_PLACEMENT_3D('',#14453,#14454,#14455);
#14453 = CARTESIAN_POINT('',(102.44693886727,11.153360688339,
    -19.09033817672));
#14454 = DIRECTION('',(0.,0.,1.));
#14455 = DIRECTION('',(-0.707106781187,-0.707106781187,0.));
#14456 = ADVANCED_FACE('',(#14457),#14475,.T.);
#14457 = FACE_BOUND('',#14458,.T.);
#14458 = EDGE_LOOP('',(#14459,#14460,#14461,#14469));
#14459 = ORIENTED_EDGE('',*,*,#14427,.T.);
#14460 = ORIENTED_EDGE('',*,*,#3487,.F.);
#14461 = ORIENTED_EDGE('',*,*,#14462,.F.);
#14462 = EDGE_CURVE('',#14463,#3479,#14465,.T.);
#14463 = VERTEX_POINT('',#14464);
#14464 = CARTESIAN_POINT('',(109.84044748734,-0.728861778708,
    -19.09033817672));
#14465 = LINE('',#14466,#14467);
#14466 = CARTESIAN_POINT('',(109.84044748734,-0.728861778708,
    -19.09033817672));
#14467 = VECTOR('',#14468,1.);
#14468 = DIRECTION('',(0.,0.,1.));
#14469 = ORIENTED_EDGE('',*,*,#14470,.T.);
#14470 = EDGE_CURVE('',#14463,#14428,#14471,.T.);
#14471 = LINE('',#14472,#14473);
#14472 = CARTESIAN_POINT('',(112.08480441083,-2.973218702194,
    -19.09033817672));
#14473 = VECTOR('',#14474,1.);
#14474 = DIRECTION('',(-0.707106781187,0.707106781187,0.));
#14475 = PLANE('',#14476);
#14476 = AXIS2_PLACEMENT_3D('',#14477,#14478,#14479);
#14477 = CARTESIAN_POINT('',(112.08480441083,-2.973218702194,
    -19.09033817672));
#14478 = DIRECTION('',(0.707106781187,0.707106781187,0.));
#14479 = DIRECTION('',(0.,0.,1.));
#14480 = ADVANCED_FACE('',(#14481),#14508,.F.);
#14481 = FACE_BOUND('',#14482,.F.);
#14482 = EDGE_LOOP('',(#14483,#14491,#14500,#14506,#14507));
#14483 = ORIENTED_EDGE('',*,*,#14484,.F.);
#14484 = EDGE_CURVE('',#14485,#3443,#14487,.T.);
#14485 = VERTEX_POINT('',#14486);
#14486 = CARTESIAN_POINT('',(115.76600235954,24.472424180612,
    -19.09033817672));
#14487 = LINE('',#14488,#14489);
#14488 = CARTESIAN_POINT('',(115.76600235954,24.472424180612,
    -19.09033817672));
#14489 = VECTOR('',#14490,1.);
#14490 = DIRECTION('',(0.,0.,1.));
#14491 = ORIENTED_EDGE('',*,*,#14492,.T.);
#14492 = EDGE_CURVE('',#14485,#14493,#14495,.T.);
#14493 = VERTEX_POINT('',#14494);
#14494 = CARTESIAN_POINT('',(111.27728851257,24.472424180612,
    -19.09033817672));
#14495 = CIRCLE('',#14496,3.174);
#14496 = AXIS2_PLACEMENT_3D('',#14497,#14498,#14499);
#14497 = CARTESIAN_POINT('',(113.52164543605,22.228067257126,
    -19.09033817672));
#14498 = DIRECTION('',(-0.,0.,1.));
#14499 = DIRECTION('',(0.707106781187,-0.707106781187,0.));
#14500 = ORIENTED_EDGE('',*,*,#14501,.T.);
#14501 = EDGE_CURVE('',#14493,#3514,#14502,.T.);
#14502 = LINE('',#14503,#14504);
#14503 = CARTESIAN_POINT('',(111.27728851257,24.472424180612,
    -19.09033817672));
#14504 = VECTOR('',#14505,1.);
#14505 = DIRECTION('',(0.,0.,1.));
#14506 = ORIENTED_EDGE('',*,*,#3521,.F.);
#14507 = ORIENTED_EDGE('',*,*,#3442,.F.);
#14508 = CYLINDRICAL_SURFACE('',#14509,3.174);
#14509 = AXIS2_PLACEMENT_3D('',#14510,#14511,#14512);
#14510 = CARTESIAN_POINT('',(113.52164543605,22.228067257126,
    -19.09033817672));
#14511 = DIRECTION('',(0.,0.,1.));
#14512 = DIRECTION('',(0.707106781187,0.707106781187,0.));
#14513 = ADVANCED_FACE('',(#14514),#14532,.F.);
#14514 = FACE_BOUND('',#14515,.F.);
#14515 = EDGE_LOOP('',(#14516,#14517,#14518,#14526));
#14516 = ORIENTED_EDGE('',*,*,#14484,.T.);
#14517 = ORIENTED_EDGE('',*,*,#3453,.F.);
#14518 = ORIENTED_EDGE('',*,*,#14519,.F.);
#14519 = EDGE_CURVE('',#14520,#3454,#14522,.T.);
#14520 = VERTEX_POINT('',#14521);
#14521 = CARTESIAN_POINT('',(125.4038679031,14.834558637052,
    -19.09033817672));
#14522 = LINE('',#14523,#14524);
#14523 = CARTESIAN_POINT('',(125.4038679031,14.834558637052,
    -19.09033817672));
#14524 = VECTOR('',#14525,1.);
#14525 = DIRECTION('',(0.,0.,1.));
#14526 = ORIENTED_EDGE('',*,*,#14527,.T.);
#14527 = EDGE_CURVE('',#14520,#14485,#14528,.T.);
#14528 = LINE('',#14529,#14530);
#14529 = CARTESIAN_POINT('',(127.64822482659,12.590201713566,
    -19.09033817672));
#14530 = VECTOR('',#14531,1.);
#14531 = DIRECTION('',(-0.707106781187,0.707106781187,0.));
#14532 = PLANE('',#14533);
#14533 = AXIS2_PLACEMENT_3D('',#14534,#14535,#14536);
#14534 = CARTESIAN_POINT('',(127.64822482659,12.590201713566,
    -19.09033817672));
#14535 = DIRECTION('',(0.707106781187,0.707106781187,0.));
#14536 = DIRECTION('',(0.,0.,1.));
#14537 = ADVANCED_FACE('',(#14538),#14557,.F.);
#14538 = FACE_BOUND('',#14539,.F.);
#14539 = EDGE_LOOP('',(#14540,#14548,#14555,#14556));
#14540 = ORIENTED_EDGE('',*,*,#14541,.F.);
#14541 = EDGE_CURVE('',#14542,#3462,#14544,.T.);
#14542 = VERTEX_POINT('',#14543);
#14543 = CARTESIAN_POINT('',(125.4038679031,10.34584479008,
    -19.09033817672));
#14544 = LINE('',#14545,#14546);
#14545 = CARTESIAN_POINT('',(125.4038679031,10.34584479008,
    -19.09033817672));
#14546 = VECTOR('',#14547,1.);
#14547 = DIRECTION('',(0.,0.,1.));
#14548 = ORIENTED_EDGE('',*,*,#14549,.T.);
#14549 = EDGE_CURVE('',#14542,#14520,#14550,.T.);
#14550 = CIRCLE('',#14551,3.174);
#14551 = AXIS2_PLACEMENT_3D('',#14552,#14553,#14554);
#14552 = CARTESIAN_POINT('',(123.15951097962,12.590201713566,
    -19.09033817672));
#14553 = DIRECTION('',(-0.,0.,1.));
#14554 = DIRECTION('',(0.707106781187,-0.707106781187,0.));
#14555 = ORIENTED_EDGE('',*,*,#14519,.T.);
#14556 = ORIENTED_EDGE('',*,*,#3461,.F.);
#14557 = CYLINDRICAL_SURFACE('',#14558,3.174);
#14558 = AXIS2_PLACEMENT_3D('',#14559,#14560,#14561);
#14559 = CARTESIAN_POINT('',(123.15951097962,12.590201713566,
    -19.09033817672));
#14560 = DIRECTION('',(0.,0.,1.));
#14561 = DIRECTION('',(0.707106781187,-0.707106781187,0.));
#14562 = ADVANCED_FACE('',(#14563),#14581,.T.);
#14563 = FACE_BOUND('',#14564,.T.);
#14564 = EDGE_LOOP('',(#14565,#14566,#14574,#14580));
#14565 = ORIENTED_EDGE('',*,*,#14541,.F.);
#14566 = ORIENTED_EDGE('',*,*,#14567,.F.);
#14567 = EDGE_CURVE('',#14568,#14542,#14570,.T.);
#14568 = VERTEX_POINT('',#14569);
#14569 = CARTESIAN_POINT('',(114.32916133431,-0.728861778708,
    -19.09033817672));
#14570 = LINE('',#14571,#14572);
#14571 = CARTESIAN_POINT('',(112.08480441083,-2.973218702194,
    -19.09033817672));
#14572 = VECTOR('',#14573,1.);
#14573 = DIRECTION('',(0.707106781187,0.707106781187,0.));
#14574 = ORIENTED_EDGE('',*,*,#14575,.T.);
#14575 = EDGE_CURVE('',#14568,#3471,#14576,.T.);
#14576 = LINE('',#14577,#14578);
#14577 = CARTESIAN_POINT('',(114.32916133431,-0.728861778708,
    -19.09033817672));
#14578 = VECTOR('',#14579,1.);
#14579 = DIRECTION('',(0.,0.,1.));
#14580 = ORIENTED_EDGE('',*,*,#3470,.F.);
#14581 = PLANE('',#14582);
#14582 = AXIS2_PLACEMENT_3D('',#14583,#14584,#14585);
#14583 = CARTESIAN_POINT('',(112.08480441083,-2.973218702194,
    -19.09033817672));
#14584 = DIRECTION('',(-0.707106781187,0.707106781187,0.));
#14585 = DIRECTION('',(0.,0.,1.));
#14586 = ADVANCED_FACE('',(#14587),#14599,.F.);
#14587 = FACE_BOUND('',#14588,.F.);
#14588 = EDGE_LOOP('',(#14589,#14590,#14597,#14598));
#14589 = ORIENTED_EDGE('',*,*,#14462,.F.);
#14590 = ORIENTED_EDGE('',*,*,#14591,.T.);
#14591 = EDGE_CURVE('',#14463,#14568,#14592,.T.);
#14592 = CIRCLE('',#14593,3.174);
#14593 = AXIS2_PLACEMENT_3D('',#14594,#14595,#14596);
#14594 = CARTESIAN_POINT('',(112.08480441083,1.515495144778,
    -19.09033817672));
#14595 = DIRECTION('',(-0.,0.,1.));
#14596 = DIRECTION('',(0.707106781187,-0.707106781187,0.));
#14597 = ORIENTED_EDGE('',*,*,#14575,.T.);
#14598 = ORIENTED_EDGE('',*,*,#3478,.F.);
#14599 = CYLINDRICAL_SURFACE('',#14600,3.174);
#14600 = AXIS2_PLACEMENT_3D('',#14601,#14602,#14603);
#14601 = CARTESIAN_POINT('',(112.08480441083,1.515495144778,
    -19.09033817672));
#14602 = DIRECTION('',(0.,0.,1.));
#14603 = DIRECTION('',(-0.707106781187,-0.707106781187,0.));
#14604 = ADVANCED_FACE('',(#14605),#14616,.F.);
#14605 = FACE_BOUND('',#14606,.F.);
#14606 = EDGE_LOOP('',(#14607,#14608,#14614,#14615));
#14607 = ORIENTED_EDGE('',*,*,#14501,.F.);
#14608 = ORIENTED_EDGE('',*,*,#14609,.F.);
#14609 = EDGE_CURVE('',#14436,#14493,#14610,.T.);
#14610 = LINE('',#14611,#14612);
#14611 = CARTESIAN_POINT('',(97.958225020299,11.153360688339,
    -19.09033817672));
#14612 = VECTOR('',#14613,1.);
#14613 = DIRECTION('',(0.707106781187,0.707106781187,0.));
#14614 = ORIENTED_EDGE('',*,*,#14444,.T.);
#14615 = ORIENTED_EDGE('',*,*,#3513,.F.);
#14616 = PLANE('',#14617);
#14617 = AXIS2_PLACEMENT_3D('',#14618,#14619,#14620);
#14618 = CARTESIAN_POINT('',(97.958225020299,11.153360688339,
    -19.09033817672));
#14619 = DIRECTION('',(-0.707106781187,0.707106781187,0.));
#14620 = DIRECTION('',(0.,0.,1.));
#14621 = ADVANCED_FACE('',(#14622),#14632,.T.);
#14622 = FACE_BOUND('',#14623,.T.);
#14623 = EDGE_LOOP('',(#14624,#14625,#14626,#14627,#14628,#14629,#14630,
    #14631));
#14624 = ORIENTED_EDGE('',*,*,#14527,.T.);
#14625 = ORIENTED_EDGE('',*,*,#14492,.T.);
#14626 = ORIENTED_EDGE('',*,*,#14609,.F.);
#14627 = ORIENTED_EDGE('',*,*,#14435,.F.);
#14628 = ORIENTED_EDGE('',*,*,#14470,.F.);
#14629 = ORIENTED_EDGE('',*,*,#14591,.T.);
#14630 = ORIENTED_EDGE('',*,*,#14567,.T.);
#14631 = ORIENTED_EDGE('',*,*,#14549,.T.);
#14632 = PLANE('',#14633);
#14633 = AXIS2_PLACEMENT_3D('',#14634,#14635,#14636);
#14634 = CARTESIAN_POINT('',(112.08480441083,-2.973218702194,
    -19.09033817672));
#14635 = DIRECTION('',(0.,0.,1.));
#14636 = DIRECTION('',(0.707106781187,0.707106781187,0.));
#14637 = ADVANCED_FACE('',(#14638),#14665,.F.);
#14638 = FACE_BOUND('',#14639,.T.);
#14639 = EDGE_LOOP('',(#14640,#14648,#14657,#14663,#14664));
#14640 = ORIENTED_EDGE('',*,*,#14641,.F.);
#14641 = EDGE_CURVE('',#14642,#3576,#14644,.T.);
#14642 = VERTEX_POINT('',#14643);
#14643 = CARTESIAN_POINT('',(162.90900376485,304.29741805621,
    -19.09033817672));
#14644 = LINE('',#14645,#14646);
#14645 = CARTESIAN_POINT('',(162.90900376485,304.29741805621,
    -19.09033817672));
#14646 = VECTOR('',#14647,1.);
#14647 = DIRECTION('',(0.,0.,1.));
#14648 = ORIENTED_EDGE('',*,*,#14649,.T.);
#14649 = EDGE_CURVE('',#14642,#14650,#14652,.T.);
#14650 = VERTEX_POINT('',#14651);
#14651 = CARTESIAN_POINT('',(167.39771761182,304.29741805621,
    -19.09033817672));
#14652 = CIRCLE('',#14653,3.174);
#14653 = AXIS2_PLACEMENT_3D('',#14654,#14655,#14656);
#14654 = CARTESIAN_POINT('',(165.15336068833,302.05306113272,
    -19.09033817672));
#14655 = DIRECTION('',(-0.,0.,-1.));
#14656 = DIRECTION('',(-0.707106781187,-0.707106781187,0.));
#14657 = ORIENTED_EDGE('',*,*,#14658,.T.);
#14658 = EDGE_CURVE('',#14650,#3593,#14659,.T.);
#14659 = LINE('',#14660,#14661);
#14660 = CARTESIAN_POINT('',(167.39771761182,304.29741805621,
    -19.09033817672));
#14661 = VECTOR('',#14662,1.);
#14662 = DIRECTION('',(0.,0.,1.));
#14663 = ORIENTED_EDGE('',*,*,#3592,.T.);
#14664 = ORIENTED_EDGE('',*,*,#3583,.T.);
#14665 = CYLINDRICAL_SURFACE('',#14666,3.174);
#14666 = AXIS2_PLACEMENT_3D('',#14667,#14668,#14669);
#14667 = CARTESIAN_POINT('',(165.15336068833,302.05306113272,
    -19.09033817672));
#14668 = DIRECTION('',(0.,0.,1.));
#14669 = DIRECTION('',(-0.707106781187,0.707106781187,0.));
#14670 = ADVANCED_FACE('',(#14671),#14689,.T.);
#14671 = FACE_BOUND('',#14672,.T.);
#14672 = EDGE_LOOP('',(#14673,#14674,#14675,#14683));
#14673 = ORIENTED_EDGE('',*,*,#14641,.T.);
#14674 = ORIENTED_EDGE('',*,*,#3575,.F.);
#14675 = ORIENTED_EDGE('',*,*,#14676,.F.);
#14676 = EDGE_CURVE('',#14677,#3567,#14679,.T.);
#14677 = VERTEX_POINT('',#14678);
#14678 = CARTESIAN_POINT('',(153.27113822129,294.65955251265,
    -19.09033817672));
#14679 = LINE('',#14680,#14681);
#14680 = CARTESIAN_POINT('',(153.27113822129,294.65955251265,
    -19.09033817672));
#14681 = VECTOR('',#14682,1.);
#14682 = DIRECTION('',(0.,0.,1.));
#14683 = ORIENTED_EDGE('',*,*,#14684,.T.);
#14684 = EDGE_CURVE('',#14677,#14642,#14685,.T.);
#14685 = LINE('',#14686,#14687);
#14686 = CARTESIAN_POINT('',(151.0267812978,292.41519558916,
    -19.09033817672));
#14687 = VECTOR('',#14688,1.);
#14688 = DIRECTION('',(0.707106781187,0.707106781187,0.));
#14689 = PLANE('',#14690);
#14690 = AXIS2_PLACEMENT_3D('',#14691,#14692,#14693);
#14691 = CARTESIAN_POINT('',(151.0267812978,292.41519558916,
    -19.09033817672));
#14692 = DIRECTION('',(0.707106781187,-0.707106781187,0.));
#14693 = DIRECTION('',(0.,0.,1.));
#14694 = ADVANCED_FACE('',(#14695),#14722,.F.);
#14695 = FACE_BOUND('',#14696,.F.);
#14696 = EDGE_LOOP('',(#14697,#14705,#14714,#14720,#14721));
#14697 = ORIENTED_EDGE('',*,*,#14698,.F.);
#14698 = EDGE_CURVE('',#14699,#3531,#14701,.T.);
#14699 = VERTEX_POINT('',#14700);
#14700 = CARTESIAN_POINT('',(178.47242418061,288.73399764045,
    -19.09033817672));
#14701 = LINE('',#14702,#14703);
#14702 = CARTESIAN_POINT('',(178.47242418061,288.73399764045,
    -19.09033817672));
#14703 = VECTOR('',#14704,1.);
#14704 = DIRECTION('',(0.,0.,1.));
#14705 = ORIENTED_EDGE('',*,*,#14706,.T.);
#14706 = EDGE_CURVE('',#14699,#14707,#14709,.T.);
#14707 = VERTEX_POINT('',#14708);
#14708 = CARTESIAN_POINT('',(178.47242418061,293.22271148742,
    -19.09033817672));
#14709 = CIRCLE('',#14710,3.174);
#14710 = AXIS2_PLACEMENT_3D('',#14711,#14712,#14713);
#14711 = CARTESIAN_POINT('',(176.22806725712,290.97835456394,
    -19.09033817672));
#14712 = DIRECTION('',(0.,0.,1.));
#14713 = DIRECTION('',(-0.707106781187,-0.707106781187,0.));
#14714 = ORIENTED_EDGE('',*,*,#14715,.T.);
#14715 = EDGE_CURVE('',#14707,#3602,#14716,.T.);
#14716 = LINE('',#14717,#14718);
#14717 = CARTESIAN_POINT('',(178.47242418061,293.22271148742,
    -19.09033817672));
#14718 = VECTOR('',#14719,1.);
#14719 = DIRECTION('',(0.,0.,1.));
#14720 = ORIENTED_EDGE('',*,*,#3609,.F.);
#14721 = ORIENTED_EDGE('',*,*,#3530,.F.);
#14722 = CYLINDRICAL_SURFACE('',#14723,3.174);
#14723 = AXIS2_PLACEMENT_3D('',#14724,#14725,#14726);
#14724 = CARTESIAN_POINT('',(176.22806725712,290.97835456394,
    -19.09033817672));
#14725 = DIRECTION('',(0.,0.,1.));
#14726 = DIRECTION('',(0.707106781187,-0.707106781187,0.));
#14727 = ADVANCED_FACE('',(#14728),#14746,.F.);
#14728 = FACE_BOUND('',#14729,.F.);
#14729 = EDGE_LOOP('',(#14730,#14731,#14732,#14740));
#14730 = ORIENTED_EDGE('',*,*,#14698,.T.);
#14731 = ORIENTED_EDGE('',*,*,#3541,.F.);
#14732 = ORIENTED_EDGE('',*,*,#14733,.F.);
#14733 = EDGE_CURVE('',#14734,#3542,#14736,.T.);
#14734 = VERTEX_POINT('',#14735);
#14735 = CARTESIAN_POINT('',(168.83455863705,279.09613209689,
    -19.09033817672));
#14736 = LINE('',#14737,#14738);
#14737 = CARTESIAN_POINT('',(168.83455863705,279.09613209689,
    -19.09033817672));
#14738 = VECTOR('',#14739,1.);
#14739 = DIRECTION('',(0.,0.,1.));
#14740 = ORIENTED_EDGE('',*,*,#14741,.T.);
#14741 = EDGE_CURVE('',#14734,#14699,#14742,.T.);
#14742 = LINE('',#14743,#14744);
#14743 = CARTESIAN_POINT('',(166.59020171356,276.8517751734,
    -19.09033817672));
#14744 = VECTOR('',#14745,1.);
#14745 = DIRECTION('',(0.707106781187,0.707106781187,0.));
#14746 = PLANE('',#14747);
#14747 = AXIS2_PLACEMENT_3D('',#14748,#14749,#14750);
#14748 = CARTESIAN_POINT('',(166.59020171356,276.8517751734,
    -19.09033817672));
#14749 = DIRECTION('',(0.707106781187,-0.707106781187,0.));
#14750 = DIRECTION('',(0.,0.,1.));
#14751 = ADVANCED_FACE('',(#14752),#14771,.F.);
#14752 = FACE_BOUND('',#14753,.F.);
#14753 = EDGE_LOOP('',(#14754,#14762,#14769,#14770));
#14754 = ORIENTED_EDGE('',*,*,#14755,.F.);
#14755 = EDGE_CURVE('',#14756,#3550,#14758,.T.);
#14756 = VERTEX_POINT('',#14757);
#14757 = CARTESIAN_POINT('',(164.34584479007,279.09613209689,
    -19.09033817672));
#14758 = LINE('',#14759,#14760);
#14759 = CARTESIAN_POINT('',(164.34584479007,279.09613209689,
    -19.09033817672));
#14760 = VECTOR('',#14761,1.);
#14761 = DIRECTION('',(0.,0.,1.));
#14762 = ORIENTED_EDGE('',*,*,#14763,.T.);
#14763 = EDGE_CURVE('',#14756,#14734,#14764,.T.);
#14764 = CIRCLE('',#14765,3.174);
#14765 = AXIS2_PLACEMENT_3D('',#14766,#14767,#14768);
#14766 = CARTESIAN_POINT('',(166.59020171356,281.34048902038,
    -19.09033817672));
#14767 = DIRECTION('',(0.,0.,1.));
#14768 = DIRECTION('',(-0.707106781187,-0.707106781187,0.));
#14769 = ORIENTED_EDGE('',*,*,#14733,.T.);
#14770 = ORIENTED_EDGE('',*,*,#3549,.F.);
#14771 = CYLINDRICAL_SURFACE('',#14772,3.174);
#14772 = AXIS2_PLACEMENT_3D('',#14773,#14774,#14775);
#14773 = CARTESIAN_POINT('',(166.59020171356,281.34048902038,
    -19.09033817672));
#14774 = DIRECTION('',(0.,0.,1.));
#14775 = DIRECTION('',(-0.707106781187,-0.707106781187,0.));
#14776 = ADVANCED_FACE('',(#14777),#14795,.T.);
#14777 = FACE_BOUND('',#14778,.T.);
#14778 = EDGE_LOOP('',(#14779,#14780,#14788,#14794));
#14779 = ORIENTED_EDGE('',*,*,#14755,.F.);
#14780 = ORIENTED_EDGE('',*,*,#14781,.F.);
#14781 = EDGE_CURVE('',#14782,#14756,#14784,.T.);
#14782 = VERTEX_POINT('',#14783);
#14783 = CARTESIAN_POINT('',(153.27113822129,290.17083866568,
    -19.09033817672));
#14784 = LINE('',#14785,#14786);
#14785 = CARTESIAN_POINT('',(151.0267812978,292.41519558916,
    -19.09033817672));
#14786 = VECTOR('',#14787,1.);
#14787 = DIRECTION('',(0.707106781187,-0.707106781187,0.));
#14788 = ORIENTED_EDGE('',*,*,#14789,.T.);
#14789 = EDGE_CURVE('',#14782,#3559,#14790,.T.);
#14790 = LINE('',#14791,#14792);
#14791 = CARTESIAN_POINT('',(153.27113822129,290.17083866568,
    -19.09033817672));
#14792 = VECTOR('',#14793,1.);
#14793 = DIRECTION('',(0.,0.,1.));
#14794 = ORIENTED_EDGE('',*,*,#3558,.F.);
#14795 = PLANE('',#14796);
#14796 = AXIS2_PLACEMENT_3D('',#14797,#14798,#14799);
#14797 = CARTESIAN_POINT('',(151.0267812978,292.41519558916,
    -19.09033817672));
#14798 = DIRECTION('',(0.707106781187,0.707106781187,0.));
#14799 = DIRECTION('',(0.,0.,1.));
#14800 = ADVANCED_FACE('',(#14801),#14813,.F.);
#14801 = FACE_BOUND('',#14802,.F.);
#14802 = EDGE_LOOP('',(#14803,#14804,#14811,#14812));
#14803 = ORIENTED_EDGE('',*,*,#14676,.F.);
#14804 = ORIENTED_EDGE('',*,*,#14805,.T.);
#14805 = EDGE_CURVE('',#14677,#14782,#14806,.T.);
#14806 = CIRCLE('',#14807,3.174);
#14807 = AXIS2_PLACEMENT_3D('',#14808,#14809,#14810);
#14808 = CARTESIAN_POINT('',(155.51549514477,292.41519558916,
    -19.09033817672));
#14809 = DIRECTION('',(0.,0.,1.));
#14810 = DIRECTION('',(-0.707106781187,-0.707106781187,0.));
#14811 = ORIENTED_EDGE('',*,*,#14789,.T.);
#14812 = ORIENTED_EDGE('',*,*,#3566,.F.);
#14813 = CYLINDRICAL_SURFACE('',#14814,3.174);
#14814 = AXIS2_PLACEMENT_3D('',#14815,#14816,#14817);
#14815 = CARTESIAN_POINT('',(155.51549514477,292.41519558916,
    -19.09033817672));
#14816 = DIRECTION('',(0.,0.,1.));
#14817 = DIRECTION('',(-0.707106781187,0.707106781187,0.));
#14818 = ADVANCED_FACE('',(#14819),#14830,.F.);
#14819 = FACE_BOUND('',#14820,.F.);
#14820 = EDGE_LOOP('',(#14821,#14822,#14828,#14829));
#14821 = ORIENTED_EDGE('',*,*,#14715,.F.);
#14822 = ORIENTED_EDGE('',*,*,#14823,.F.);
#14823 = EDGE_CURVE('',#14650,#14707,#14824,.T.);
#14824 = LINE('',#14825,#14826);
#14825 = CARTESIAN_POINT('',(165.15336068833,306.5417749797,
    -19.09033817672));
#14826 = VECTOR('',#14827,1.);
#14827 = DIRECTION('',(0.707106781187,-0.707106781187,0.));
#14828 = ORIENTED_EDGE('',*,*,#14658,.T.);
#14829 = ORIENTED_EDGE('',*,*,#3601,.F.);
#14830 = PLANE('',#14831);
#14831 = AXIS2_PLACEMENT_3D('',#14832,#14833,#14834);
#14832 = CARTESIAN_POINT('',(165.15336068833,306.5417749797,
    -19.09033817672));
#14833 = DIRECTION('',(0.707106781187,0.707106781187,0.));
#14834 = DIRECTION('',(0.,0.,1.));
#14835 = ADVANCED_FACE('',(#14836),#14846,.T.);
#14836 = FACE_BOUND('',#14837,.T.);
#14837 = EDGE_LOOP('',(#14838,#14839,#14840,#14841,#14842,#14843,#14844,
    #14845));
#14838 = ORIENTED_EDGE('',*,*,#14741,.T.);
#14839 = ORIENTED_EDGE('',*,*,#14706,.T.);
#14840 = ORIENTED_EDGE('',*,*,#14823,.F.);
#14841 = ORIENTED_EDGE('',*,*,#14649,.F.);
#14842 = ORIENTED_EDGE('',*,*,#14684,.F.);
#14843 = ORIENTED_EDGE('',*,*,#14805,.T.);
#14844 = ORIENTED_EDGE('',*,*,#14781,.T.);
#14845 = ORIENTED_EDGE('',*,*,#14763,.T.);
#14846 = PLANE('',#14847);
#14847 = AXIS2_PLACEMENT_3D('',#14848,#14849,#14850);
#14848 = CARTESIAN_POINT('',(151.0267812978,292.41519558916,
    -19.09033817672));
#14849 = DIRECTION('',(0.,0.,1.));
#14850 = DIRECTION('',(0.707106781187,-0.707106781187,0.));
#14851 = ADVANCED_FACE('',(#14852),#14879,.F.);
#14852 = FACE_BOUND('',#14853,.T.);
#14853 = EDGE_LOOP('',(#14854,#14862,#14871,#14877,#14878));
#14854 = ORIENTED_EDGE('',*,*,#14855,.F.);
#14855 = EDGE_CURVE('',#14856,#3664,#14858,.T.);
#14856 = VERTEX_POINT('',#14857);
#14857 = CARTESIAN_POINT('',(229.09099623514,12.202581943785,
    -19.09033817672));
#14858 = LINE('',#14859,#14860);
#14859 = CARTESIAN_POINT('',(229.09099623514,12.202581943785,
    -19.09033817672));
#14860 = VECTOR('',#14861,1.);
#14861 = DIRECTION('',(0.,0.,1.));
#14862 = ORIENTED_EDGE('',*,*,#14863,.T.);
#14863 = EDGE_CURVE('',#14856,#14864,#14866,.T.);
#14864 = VERTEX_POINT('',#14865);
#14865 = CARTESIAN_POINT('',(224.60228238817,12.202581943785,
    -19.09033817672));
#14866 = CIRCLE('',#14867,3.174);
#14867 = AXIS2_PLACEMENT_3D('',#14868,#14869,#14870);
#14868 = CARTESIAN_POINT('',(226.84663931166,14.446938867271,
    -19.09033817672));
#14869 = DIRECTION('',(0.,0.,-1.));
#14870 = DIRECTION('',(0.707106781187,0.707106781187,0.));
#14871 = ORIENTED_EDGE('',*,*,#14872,.T.);
#14872 = EDGE_CURVE('',#14864,#3681,#14873,.T.);
#14873 = LINE('',#14874,#14875);
#14874 = CARTESIAN_POINT('',(224.60228238817,12.202581943785,
    -19.09033817672));
#14875 = VECTOR('',#14876,1.);
#14876 = DIRECTION('',(0.,0.,1.));
#14877 = ORIENTED_EDGE('',*,*,#3680,.T.);
#14878 = ORIENTED_EDGE('',*,*,#3671,.T.);
#14879 = CYLINDRICAL_SURFACE('',#14880,3.174);
#14880 = AXIS2_PLACEMENT_3D('',#14881,#14882,#14883);
#14881 = CARTESIAN_POINT('',(226.84663931166,14.446938867271,
    -19.09033817672));
#14882 = DIRECTION('',(0.,0.,1.));
#14883 = DIRECTION('',(0.707106781187,-0.707106781187,0.));
#14884 = ADVANCED_FACE('',(#14885),#14903,.T.);
#14885 = FACE_BOUND('',#14886,.T.);
#14886 = EDGE_LOOP('',(#14887,#14888,#14889,#14897));
#14887 = ORIENTED_EDGE('',*,*,#14855,.T.);
#14888 = ORIENTED_EDGE('',*,*,#3663,.F.);
#14889 = ORIENTED_EDGE('',*,*,#14890,.F.);
#14890 = EDGE_CURVE('',#14891,#3655,#14893,.T.);
#14891 = VERTEX_POINT('',#14892);
#14892 = CARTESIAN_POINT('',(238.7288617787,21.840447487346,
    -19.09033817672));
#14893 = LINE('',#14894,#14895);
#14894 = CARTESIAN_POINT('',(238.7288617787,21.840447487346,
    -19.09033817672));
#14895 = VECTOR('',#14896,1.);
#14896 = DIRECTION('',(0.,0.,1.));
#14897 = ORIENTED_EDGE('',*,*,#14898,.T.);
#14898 = EDGE_CURVE('',#14891,#14856,#14899,.T.);
#14899 = LINE('',#14900,#14901);
#14900 = CARTESIAN_POINT('',(240.97321870219,24.084804410832,
    -19.09033817672));
#14901 = VECTOR('',#14902,1.);
#14902 = DIRECTION('',(-0.707106781187,-0.707106781187,0.));
#14903 = PLANE('',#14904);
#14904 = AXIS2_PLACEMENT_3D('',#14905,#14906,#14907);
#14905 = CARTESIAN_POINT('',(240.97321870219,24.084804410832,
    -19.09033817672));
#14906 = DIRECTION('',(-0.707106781187,0.707106781187,0.));
#14907 = DIRECTION('',(0.,0.,1.));
#14908 = ADVANCED_FACE('',(#14909),#14936,.F.);
#14909 = FACE_BOUND('',#14910,.F.);
#14910 = EDGE_LOOP('',(#14911,#14919,#14928,#14934,#14935));
#14911 = ORIENTED_EDGE('',*,*,#14912,.F.);
#14912 = EDGE_CURVE('',#14913,#3619,#14915,.T.);
#14913 = VERTEX_POINT('',#14914);
#14914 = CARTESIAN_POINT('',(213.52757581938,27.766002359545,
    -19.09033817672));
#14915 = LINE('',#14916,#14917);
#14916 = CARTESIAN_POINT('',(213.52757581938,27.766002359545,
    -19.09033817672));
#14917 = VECTOR('',#14918,1.);
#14918 = DIRECTION('',(0.,0.,1.));
#14919 = ORIENTED_EDGE('',*,*,#14920,.T.);
#14920 = EDGE_CURVE('',#14913,#14921,#14923,.T.);
#14921 = VERTEX_POINT('',#14922);
#14922 = CARTESIAN_POINT('',(213.52757581938,23.277288512573,
    -19.09033817672));
#14923 = CIRCLE('',#14924,3.174);
#14924 = AXIS2_PLACEMENT_3D('',#14925,#14926,#14927);
#14925 = CARTESIAN_POINT('',(215.77193274287,25.521645436059,
    -19.09033817672));
#14926 = DIRECTION('',(0.,-0.,1.));
#14927 = DIRECTION('',(0.707106781187,0.707106781187,0.));
#14928 = ORIENTED_EDGE('',*,*,#14929,.T.);
#14929 = EDGE_CURVE('',#14921,#3690,#14930,.T.);
#14930 = LINE('',#14931,#14932);
#14931 = CARTESIAN_POINT('',(213.52757581938,23.277288512573,
    -19.09033817672));
#14932 = VECTOR('',#14933,1.);
#14933 = DIRECTION('',(0.,0.,1.));
#14934 = ORIENTED_EDGE('',*,*,#3697,.F.);
#14935 = ORIENTED_EDGE('',*,*,#3618,.F.);
#14936 = CYLINDRICAL_SURFACE('',#14937,3.174);
#14937 = AXIS2_PLACEMENT_3D('',#14938,#14939,#14940);
#14938 = CARTESIAN_POINT('',(215.77193274287,25.521645436059,
    -19.09033817672));
#14939 = DIRECTION('',(0.,0.,1.));
#14940 = DIRECTION('',(-0.707106781187,0.707106781187,0.));
#14941 = ADVANCED_FACE('',(#14942),#14960,.F.);
#14942 = FACE_BOUND('',#14943,.F.);
#14943 = EDGE_LOOP('',(#14944,#14945,#14946,#14954));
#14944 = ORIENTED_EDGE('',*,*,#14912,.T.);
#14945 = ORIENTED_EDGE('',*,*,#3629,.F.);
#14946 = ORIENTED_EDGE('',*,*,#14947,.F.);
#14947 = EDGE_CURVE('',#14948,#3630,#14950,.T.);
#14948 = VERTEX_POINT('',#14949);
#14949 = CARTESIAN_POINT('',(223.16544136294,37.403867903106,
    -19.09033817672));
#14950 = LINE('',#14951,#14952);
#14951 = CARTESIAN_POINT('',(223.16544136294,37.403867903106,
    -19.09033817672));
#14952 = VECTOR('',#14953,1.);
#14953 = DIRECTION('',(0.,0.,1.));
#14954 = ORIENTED_EDGE('',*,*,#14955,.T.);
#14955 = EDGE_CURVE('',#14948,#14913,#14956,.T.);
#14956 = LINE('',#14957,#14958);
#14957 = CARTESIAN_POINT('',(225.40979828643,39.648224826592,
    -19.09033817672));
#14958 = VECTOR('',#14959,1.);
#14959 = DIRECTION('',(-0.707106781187,-0.707106781187,0.));
#14960 = PLANE('',#14961);
#14961 = AXIS2_PLACEMENT_3D('',#14962,#14963,#14964);
#14962 = CARTESIAN_POINT('',(225.40979828643,39.648224826592,
    -19.09033817672));
#14963 = DIRECTION('',(-0.707106781187,0.707106781187,0.));
#14964 = DIRECTION('',(0.,0.,1.));
#14965 = ADVANCED_FACE('',(#14966),#14985,.F.);
#14966 = FACE_BOUND('',#14967,.F.);
#14967 = EDGE_LOOP('',(#14968,#14976,#14983,#14984));
#14968 = ORIENTED_EDGE('',*,*,#14969,.F.);
#14969 = EDGE_CURVE('',#14970,#3638,#14972,.T.);
#14970 = VERTEX_POINT('',#14971);
#14971 = CARTESIAN_POINT('',(227.65415520992,37.403867903106,
    -19.09033817672));
#14972 = LINE('',#14973,#14974);
#14973 = CARTESIAN_POINT('',(227.65415520992,37.403867903106,
    -19.09033817672));
#14974 = VECTOR('',#14975,1.);
#14975 = DIRECTION('',(0.,0.,1.));
#14976 = ORIENTED_EDGE('',*,*,#14977,.T.);
#14977 = EDGE_CURVE('',#14970,#14948,#14978,.T.);
#14978 = CIRCLE('',#14979,3.174);
#14979 = AXIS2_PLACEMENT_3D('',#14980,#14981,#14982);
#14980 = CARTESIAN_POINT('',(225.40979828643,35.15951097962,
    -19.09033817672));
#14981 = DIRECTION('',(0.,-0.,1.));
#14982 = DIRECTION('',(0.707106781187,0.707106781187,0.));
#14983 = ORIENTED_EDGE('',*,*,#14947,.T.);
#14984 = ORIENTED_EDGE('',*,*,#3637,.F.);
#14985 = CYLINDRICAL_SURFACE('',#14986,3.174);
#14986 = AXIS2_PLACEMENT_3D('',#14987,#14988,#14989);
#14987 = CARTESIAN_POINT('',(225.40979828643,35.15951097962,
    -19.09033817672));
#14988 = DIRECTION('',(0.,0.,1.));
#14989 = DIRECTION('',(0.707106781187,0.707106781187,0.));
#14990 = ADVANCED_FACE('',(#14991),#15009,.T.);
#14991 = FACE_BOUND('',#14992,.T.);
#14992 = EDGE_LOOP('',(#14993,#14994,#15002,#15008));
#14993 = ORIENTED_EDGE('',*,*,#14969,.F.);
#14994 = ORIENTED_EDGE('',*,*,#14995,.F.);
#14995 = EDGE_CURVE('',#14996,#14970,#14998,.T.);
#14996 = VERTEX_POINT('',#14997);
#14997 = CARTESIAN_POINT('',(238.7288617787,26.329161334318,
    -19.09033817672));
#14998 = LINE('',#14999,#15000);
#14999 = CARTESIAN_POINT('',(240.97321870219,24.084804410832,
    -19.09033817672));
#15000 = VECTOR('',#15001,1.);
#15001 = DIRECTION('',(-0.707106781187,0.707106781187,0.));
#15002 = ORIENTED_EDGE('',*,*,#15003,.T.);
#15003 = EDGE_CURVE('',#14996,#3647,#15004,.T.);
#15004 = LINE('',#15005,#15006);
#15005 = CARTESIAN_POINT('',(238.7288617787,26.329161334318,
    -19.09033817672));
#15006 = VECTOR('',#15007,1.);
#15007 = DIRECTION('',(0.,0.,1.));
#15008 = ORIENTED_EDGE('',*,*,#3646,.F.);
#15009 = PLANE('',#15010);
#15010 = AXIS2_PLACEMENT_3D('',#15011,#15012,#15013);
#15011 = CARTESIAN_POINT('',(240.97321870219,24.084804410832,
    -19.09033817672));
#15012 = DIRECTION('',(-0.707106781187,-0.707106781187,0.));
#15013 = DIRECTION('',(0.,0.,1.));
#15014 = ADVANCED_FACE('',(#15015),#15027,.F.);
#15015 = FACE_BOUND('',#15016,.F.);
#15016 = EDGE_LOOP('',(#15017,#15018,#15025,#15026));
#15017 = ORIENTED_EDGE('',*,*,#14890,.F.);
#15018 = ORIENTED_EDGE('',*,*,#15019,.T.);
#15019 = EDGE_CURVE('',#14891,#14996,#15020,.T.);
#15020 = CIRCLE('',#15021,3.174);
#15021 = AXIS2_PLACEMENT_3D('',#15022,#15023,#15024);
#15022 = CARTESIAN_POINT('',(236.48450485522,24.084804410832,
    -19.09033817672));
#15023 = DIRECTION('',(0.,-0.,1.));
#15024 = DIRECTION('',(0.707106781187,0.707106781187,0.));
#15025 = ORIENTED_EDGE('',*,*,#15003,.T.);
#15026 = ORIENTED_EDGE('',*,*,#3654,.F.);
#15027 = CYLINDRICAL_SURFACE('',#15028,3.174);
#15028 = AXIS2_PLACEMENT_3D('',#15029,#15030,#15031);
#15029 = CARTESIAN_POINT('',(236.48450485522,24.084804410832,
    -19.09033817672));
#15030 = DIRECTION('',(0.,0.,1.));
#15031 = DIRECTION('',(0.707106781187,-0.707106781187,0.));
#15032 = ADVANCED_FACE('',(#15033),#15044,.F.);
#15033 = FACE_BOUND('',#15034,.F.);
#15034 = EDGE_LOOP('',(#15035,#15036,#15042,#15043));
#15035 = ORIENTED_EDGE('',*,*,#14929,.F.);
#15036 = ORIENTED_EDGE('',*,*,#15037,.F.);
#15037 = EDGE_CURVE('',#14864,#14921,#15038,.T.);
#15038 = LINE('',#15039,#15040);
#15039 = CARTESIAN_POINT('',(226.84663931166,9.958225020299,
    -19.09033817672));
#15040 = VECTOR('',#15041,1.);
#15041 = DIRECTION('',(-0.707106781187,0.707106781187,0.));
#15042 = ORIENTED_EDGE('',*,*,#14872,.T.);
#15043 = ORIENTED_EDGE('',*,*,#3689,.F.);
#15044 = PLANE('',#15045);
#15045 = AXIS2_PLACEMENT_3D('',#15046,#15047,#15048);
#15046 = CARTESIAN_POINT('',(226.84663931166,9.958225020299,
    -19.09033817672));
#15047 = DIRECTION('',(-0.707106781187,-0.707106781187,0.));
#15048 = DIRECTION('',(0.,0.,1.));
#15049 = ADVANCED_FACE('',(#15050),#15060,.T.);
#15050 = FACE_BOUND('',#15051,.T.);
#15051 = EDGE_LOOP('',(#15052,#15053,#15054,#15055,#15056,#15057,#15058,
    #15059));
#15052 = ORIENTED_EDGE('',*,*,#14955,.T.);
#15053 = ORIENTED_EDGE('',*,*,#14920,.T.);
#15054 = ORIENTED_EDGE('',*,*,#15037,.F.);
#15055 = ORIENTED_EDGE('',*,*,#14863,.F.);
#15056 = ORIENTED_EDGE('',*,*,#14898,.F.);
#15057 = ORIENTED_EDGE('',*,*,#15019,.T.);
#15058 = ORIENTED_EDGE('',*,*,#14995,.T.);
#15059 = ORIENTED_EDGE('',*,*,#14977,.T.);
#15060 = PLANE('',#15061);
#15061 = AXIS2_PLACEMENT_3D('',#15062,#15063,#15064);
#15062 = CARTESIAN_POINT('',(240.97321870219,24.084804410832,
    -19.09033817672));
#15063 = DIRECTION('',(0.,0.,1.));
#15064 = DIRECTION('',(-0.707106781187,0.707106781187,0.));
#15065 = ADVANCED_FACE('',(#15066),#15093,.F.);
#15066 = FACE_BOUND('',#15067,.T.);
#15067 = EDGE_LOOP('',(#15068,#15076,#15085,#15091,#15092));
#15068 = ORIENTED_EDGE('',*,*,#15069,.F.);
#15069 = EDGE_CURVE('',#15070,#3752,#15072,.T.);
#15070 = VERTEX_POINT('',#15071);
#15071 = CARTESIAN_POINT('',(259.90900376485,332.79741805621,
    -19.09033817672));
#15072 = LINE('',#15073,#15074);
#15073 = CARTESIAN_POINT('',(259.90900376485,332.79741805621,
    -19.09033817672));
#15074 = VECTOR('',#15075,1.);
#15075 = DIRECTION('',(0.,0.,1.));
#15076 = ORIENTED_EDGE('',*,*,#15077,.T.);
#15077 = EDGE_CURVE('',#15070,#15078,#15080,.T.);
#15078 = VERTEX_POINT('',#15079);
#15079 = CARTESIAN_POINT('',(264.39771761182,332.79741805621,
    -19.09033817672));
#15080 = CIRCLE('',#15081,3.174);
#15081 = AXIS2_PLACEMENT_3D('',#15082,#15083,#15084);
#15082 = CARTESIAN_POINT('',(262.15336068833,330.55306113272,
    -19.09033817672));
#15083 = DIRECTION('',(-0.,0.,-1.));
#15084 = DIRECTION('',(-0.707106781187,-0.707106781187,0.));
#15085 = ORIENTED_EDGE('',*,*,#15086,.T.);
#15086 = EDGE_CURVE('',#15078,#3769,#15087,.T.);
#15087 = LINE('',#15088,#15089);
#15088 = CARTESIAN_POINT('',(264.39771761182,332.79741805621,
    -19.09033817672));
#15089 = VECTOR('',#15090,1.);
#15090 = DIRECTION('',(0.,0.,1.));
#15091 = ORIENTED_EDGE('',*,*,#3768,.T.);
#15092 = ORIENTED_EDGE('',*,*,#3759,.T.);
#15093 = CYLINDRICAL_SURFACE('',#15094,3.174);
#15094 = AXIS2_PLACEMENT_3D('',#15095,#15096,#15097);
#15095 = CARTESIAN_POINT('',(262.15336068833,330.55306113272,
    -19.09033817672));
#15096 = DIRECTION('',(0.,0.,1.));
#15097 = DIRECTION('',(-0.707106781187,0.707106781187,0.));
#15098 = ADVANCED_FACE('',(#15099),#15117,.T.);
#15099 = FACE_BOUND('',#15100,.T.);
#15100 = EDGE_LOOP('',(#15101,#15102,#15103,#15111));
#15101 = ORIENTED_EDGE('',*,*,#15069,.T.);
#15102 = ORIENTED_EDGE('',*,*,#3751,.F.);
#15103 = ORIENTED_EDGE('',*,*,#15104,.F.);
#15104 = EDGE_CURVE('',#15105,#3743,#15107,.T.);
#15105 = VERTEX_POINT('',#15106);
#15106 = CARTESIAN_POINT('',(250.27113822129,323.15955251265,
    -19.09033817672));
#15107 = LINE('',#15108,#15109);
#15108 = CARTESIAN_POINT('',(250.27113822129,323.15955251265,
    -19.09033817672));
#15109 = VECTOR('',#15110,1.);
#15110 = DIRECTION('',(0.,0.,1.));
#15111 = ORIENTED_EDGE('',*,*,#15112,.T.);
#15112 = EDGE_CURVE('',#15105,#15070,#15113,.T.);
#15113 = LINE('',#15114,#15115);
#15114 = CARTESIAN_POINT('',(248.0267812978,320.91519558916,
    -19.09033817672));
#15115 = VECTOR('',#15116,1.);
#15116 = DIRECTION('',(0.707106781187,0.707106781187,0.));
#15117 = PLANE('',#15118);
#15118 = AXIS2_PLACEMENT_3D('',#15119,#15120,#15121);
#15119 = CARTESIAN_POINT('',(248.0267812978,320.91519558916,
    -19.09033817672));
#15120 = DIRECTION('',(0.707106781187,-0.707106781187,0.));
#15121 = DIRECTION('',(0.,0.,1.));
#15122 = ADVANCED_FACE('',(#15123),#15150,.F.);
#15123 = FACE_BOUND('',#15124,.F.);
#15124 = EDGE_LOOP('',(#15125,#15133,#15142,#15148,#15149));
#15125 = ORIENTED_EDGE('',*,*,#15126,.F.);
#15126 = EDGE_CURVE('',#15127,#3707,#15129,.T.);
#15127 = VERTEX_POINT('',#15128);
#15128 = CARTESIAN_POINT('',(275.47242418061,317.23399764045,
    -19.09033817672));
#15129 = LINE('',#15130,#15131);
#15130 = CARTESIAN_POINT('',(275.47242418061,317.23399764045,
    -19.09033817672));
#15131 = VECTOR('',#15132,1.);
#15132 = DIRECTION('',(0.,0.,1.));
#15133 = ORIENTED_EDGE('',*,*,#15134,.T.);
#15134 = EDGE_CURVE('',#15127,#15135,#15137,.T.);
#15135 = VERTEX_POINT('',#15136);
#15136 = CARTESIAN_POINT('',(275.47242418061,321.72271148742,
    -19.09033817672));
#15137 = CIRCLE('',#15138,3.174);
#15138 = AXIS2_PLACEMENT_3D('',#15139,#15140,#15141);
#15139 = CARTESIAN_POINT('',(273.22806725712,319.47835456394,
    -19.09033817672));
#15140 = DIRECTION('',(0.,0.,1.));
#15141 = DIRECTION('',(-0.707106781187,-0.707106781187,0.));
#15142 = ORIENTED_EDGE('',*,*,#15143,.T.);
#15143 = EDGE_CURVE('',#15135,#3778,#15144,.T.);
#15144 = LINE('',#15145,#15146);
#15145 = CARTESIAN_POINT('',(275.47242418061,321.72271148742,
    -19.09033817672));
#15146 = VECTOR('',#15147,1.);
#15147 = DIRECTION('',(0.,0.,1.));
#15148 = ORIENTED_EDGE('',*,*,#3785,.F.);
#15149 = ORIENTED_EDGE('',*,*,#3706,.F.);
#15150 = CYLINDRICAL_SURFACE('',#15151,3.174);
#15151 = AXIS2_PLACEMENT_3D('',#15152,#15153,#15154);
#15152 = CARTESIAN_POINT('',(273.22806725712,319.47835456394,
    -19.09033817672));
#15153 = DIRECTION('',(0.,0.,1.));
#15154 = DIRECTION('',(0.707106781187,-0.707106781187,0.));
#15155 = ADVANCED_FACE('',(#15156),#15174,.F.);
#15156 = FACE_BOUND('',#15157,.F.);
#15157 = EDGE_LOOP('',(#15158,#15159,#15160,#15168));
#15158 = ORIENTED_EDGE('',*,*,#15126,.T.);
#15159 = ORIENTED_EDGE('',*,*,#3717,.F.);
#15160 = ORIENTED_EDGE('',*,*,#15161,.F.);
#15161 = EDGE_CURVE('',#15162,#3718,#15164,.T.);
#15162 = VERTEX_POINT('',#15163);
#15163 = CARTESIAN_POINT('',(265.83455863705,307.59613209689,
    -19.09033817672));
#15164 = LINE('',#15165,#15166);
#15165 = CARTESIAN_POINT('',(265.83455863705,307.59613209689,
    -19.09033817672));
#15166 = VECTOR('',#15167,1.);
#15167 = DIRECTION('',(0.,0.,1.));
#15168 = ORIENTED_EDGE('',*,*,#15169,.T.);
#15169 = EDGE_CURVE('',#15162,#15127,#15170,.T.);
#15170 = LINE('',#15171,#15172);
#15171 = CARTESIAN_POINT('',(263.59020171356,305.3517751734,
    -19.09033817672));
#15172 = VECTOR('',#15173,1.);
#15173 = DIRECTION('',(0.707106781187,0.707106781187,0.));
#15174 = PLANE('',#15175);
#15175 = AXIS2_PLACEMENT_3D('',#15176,#15177,#15178);
#15176 = CARTESIAN_POINT('',(263.59020171356,305.3517751734,
    -19.09033817672));
#15177 = DIRECTION('',(0.707106781187,-0.707106781187,0.));
#15178 = DIRECTION('',(0.,0.,1.));
#15179 = ADVANCED_FACE('',(#15180),#15199,.F.);
#15180 = FACE_BOUND('',#15181,.F.);
#15181 = EDGE_LOOP('',(#15182,#15190,#15197,#15198));
#15182 = ORIENTED_EDGE('',*,*,#15183,.F.);
#15183 = EDGE_CURVE('',#15184,#3726,#15186,.T.);
#15184 = VERTEX_POINT('',#15185);
#15185 = CARTESIAN_POINT('',(261.34584479008,307.59613209689,
    -19.09033817672));
#15186 = LINE('',#15187,#15188);
#15187 = CARTESIAN_POINT('',(261.34584479008,307.59613209689,
    -19.09033817672));
#15188 = VECTOR('',#15189,1.);
#15189 = DIRECTION('',(0.,0.,1.));
#15190 = ORIENTED_EDGE('',*,*,#15191,.T.);
#15191 = EDGE_CURVE('',#15184,#15162,#15192,.T.);
#15192 = CIRCLE('',#15193,3.174);
#15193 = AXIS2_PLACEMENT_3D('',#15194,#15195,#15196);
#15194 = CARTESIAN_POINT('',(263.59020171356,309.84048902038,
    -19.09033817672));
#15195 = DIRECTION('',(0.,0.,1.));
#15196 = DIRECTION('',(-0.707106781187,-0.707106781187,0.));
#15197 = ORIENTED_EDGE('',*,*,#15161,.T.);
#15198 = ORIENTED_EDGE('',*,*,#3725,.F.);
#15199 = CYLINDRICAL_SURFACE('',#15200,3.174);
#15200 = AXIS2_PLACEMENT_3D('',#15201,#15202,#15203);
#15201 = CARTESIAN_POINT('',(263.59020171356,309.84048902038,
    -19.09033817672));
#15202 = DIRECTION('',(0.,0.,1.));
#15203 = DIRECTION('',(-0.707106781187,-0.707106781187,0.));
#15204 = ADVANCED_FACE('',(#15205),#15223,.T.);
#15205 = FACE_BOUND('',#15206,.T.);
#15206 = EDGE_LOOP('',(#15207,#15208,#15216,#15222));
#15207 = ORIENTED_EDGE('',*,*,#15183,.F.);
#15208 = ORIENTED_EDGE('',*,*,#15209,.F.);
#15209 = EDGE_CURVE('',#15210,#15184,#15212,.T.);
#15210 = VERTEX_POINT('',#15211);
#15211 = CARTESIAN_POINT('',(250.27113822129,318.67083866568,
    -19.09033817672));
#15212 = LINE('',#15213,#15214);
#15213 = CARTESIAN_POINT('',(248.0267812978,320.91519558916,
    -19.09033817672));
#15214 = VECTOR('',#15215,1.);
#15215 = DIRECTION('',(0.707106781187,-0.707106781187,0.));
#15216 = ORIENTED_EDGE('',*,*,#15217,.T.);
#15217 = EDGE_CURVE('',#15210,#3735,#15218,.T.);
#15218 = LINE('',#15219,#15220);
#15219 = CARTESIAN_POINT('',(250.27113822129,318.67083866568,
    -19.09033817672));
#15220 = VECTOR('',#15221,1.);
#15221 = DIRECTION('',(0.,0.,1.));
#15222 = ORIENTED_EDGE('',*,*,#3734,.F.);
#15223 = PLANE('',#15224);
#15224 = AXIS2_PLACEMENT_3D('',#15225,#15226,#15227);
#15225 = CARTESIAN_POINT('',(248.0267812978,320.91519558916,
    -19.09033817672));
#15226 = DIRECTION('',(0.707106781187,0.707106781187,0.));
#15227 = DIRECTION('',(0.,0.,1.));
#15228 = ADVANCED_FACE('',(#15229),#15241,.F.);
#15229 = FACE_BOUND('',#15230,.F.);
#15230 = EDGE_LOOP('',(#15231,#15232,#15239,#15240));
#15231 = ORIENTED_EDGE('',*,*,#15104,.F.);
#15232 = ORIENTED_EDGE('',*,*,#15233,.T.);
#15233 = EDGE_CURVE('',#15105,#15210,#15234,.T.);
#15234 = CIRCLE('',#15235,3.174);
#15235 = AXIS2_PLACEMENT_3D('',#15236,#15237,#15238);
#15236 = CARTESIAN_POINT('',(252.51549514477,320.91519558916,
    -19.09033817672));
#15237 = DIRECTION('',(0.,0.,1.));
#15238 = DIRECTION('',(-0.707106781187,-0.707106781187,0.));
#15239 = ORIENTED_EDGE('',*,*,#15217,.T.);
#15240 = ORIENTED_EDGE('',*,*,#3742,.F.);
#15241 = CYLINDRICAL_SURFACE('',#15242,3.174);
#15242 = AXIS2_PLACEMENT_3D('',#15243,#15244,#15245);
#15243 = CARTESIAN_POINT('',(252.51549514477,320.91519558916,
    -19.09033817672));
#15244 = DIRECTION('',(0.,0.,1.));
#15245 = DIRECTION('',(-0.707106781187,0.707106781187,0.));
#15246 = ADVANCED_FACE('',(#15247),#15258,.F.);
#15247 = FACE_BOUND('',#15248,.F.);
#15248 = EDGE_LOOP('',(#15249,#15250,#15256,#15257));
#15249 = ORIENTED_EDGE('',*,*,#15143,.F.);
#15250 = ORIENTED_EDGE('',*,*,#15251,.F.);
#15251 = EDGE_CURVE('',#15078,#15135,#15252,.T.);
#15252 = LINE('',#15253,#15254);
#15253 = CARTESIAN_POINT('',(262.15336068833,335.0417749797,
    -19.09033817672));
#15254 = VECTOR('',#15255,1.);
#15255 = DIRECTION('',(0.707106781187,-0.707106781187,0.));
#15256 = ORIENTED_EDGE('',*,*,#15086,.T.);
#15257 = ORIENTED_EDGE('',*,*,#3777,.F.);
#15258 = PLANE('',#15259);
#15259 = AXIS2_PLACEMENT_3D('',#15260,#15261,#15262);
#15260 = CARTESIAN_POINT('',(262.15336068833,335.0417749797,
    -19.09033817672));
#15261 = DIRECTION('',(0.707106781187,0.707106781187,0.));
#15262 = DIRECTION('',(0.,0.,1.));
#15263 = ADVANCED_FACE('',(#15264),#15274,.T.);
#15264 = FACE_BOUND('',#15265,.T.);
#15265 = EDGE_LOOP('',(#15266,#15267,#15268,#15269,#15270,#15271,#15272,
    #15273));
#15266 = ORIENTED_EDGE('',*,*,#15169,.T.);
#15267 = ORIENTED_EDGE('',*,*,#15134,.T.);
#15268 = ORIENTED_EDGE('',*,*,#15251,.F.);
#15269 = ORIENTED_EDGE('',*,*,#15077,.F.);
#15270 = ORIENTED_EDGE('',*,*,#15112,.F.);
#15271 = ORIENTED_EDGE('',*,*,#15233,.T.);
#15272 = ORIENTED_EDGE('',*,*,#15209,.T.);
#15273 = ORIENTED_EDGE('',*,*,#15191,.T.);
#15274 = PLANE('',#15275);
#15275 = AXIS2_PLACEMENT_3D('',#15276,#15277,#15278);
#15276 = CARTESIAN_POINT('',(248.0267812978,320.91519558916,
    -19.09033817672));
#15277 = DIRECTION('',(0.,0.,1.));
#15278 = DIRECTION('',(0.707106781187,-0.707106781187,0.));
#15279 = ADVANCED_FACE('',(#15280),#15307,.F.);
#15280 = FACE_BOUND('',#15281,.T.);
#15281 = EDGE_LOOP('',(#15282,#15290,#15299,#15305,#15306));
#15282 = ORIENTED_EDGE('',*,*,#15283,.F.);
#15283 = EDGE_CURVE('',#15284,#3840,#15286,.T.);
#15284 = VERTEX_POINT('',#15285);
#15285 = CARTESIAN_POINT('',(303.20258194378,181.40900376485,
    -19.09033817672));
#15286 = LINE('',#15287,#15288);
#15287 = CARTESIAN_POINT('',(303.20258194378,181.40900376485,
    -19.09033817672));
#15288 = VECTOR('',#15289,1.);
#15289 = DIRECTION('',(0.,0.,1.));
#15290 = ORIENTED_EDGE('',*,*,#15291,.T.);
#15291 = EDGE_CURVE('',#15284,#15292,#15294,.T.);
#15292 = VERTEX_POINT('',#15293);
#15293 = CARTESIAN_POINT('',(303.20258194378,185.89771761182,
    -19.09033817672));
#15294 = CIRCLE('',#15295,3.174);
#15295 = AXIS2_PLACEMENT_3D('',#15296,#15297,#15298);
#15296 = CARTESIAN_POINT('',(305.44693886727,183.65336068833,
    -19.09033817672));
#15297 = DIRECTION('',(0.,-0.,-1.));
#15298 = DIRECTION('',(0.707106781187,-0.707106781187,0.));
#15299 = ORIENTED_EDGE('',*,*,#15300,.T.);
#15300 = EDGE_CURVE('',#15292,#3857,#15301,.T.);
#15301 = LINE('',#15302,#15303);
#15302 = CARTESIAN_POINT('',(303.20258194378,185.89771761182,
    -19.09033817672));
#15303 = VECTOR('',#15304,1.);
#15304 = DIRECTION('',(0.,0.,1.));
#15305 = ORIENTED_EDGE('',*,*,#3856,.T.);
#15306 = ORIENTED_EDGE('',*,*,#3847,.T.);
#15307 = CYLINDRICAL_SURFACE('',#15308,3.174);
#15308 = AXIS2_PLACEMENT_3D('',#15309,#15310,#15311);
#15309 = CARTESIAN_POINT('',(305.44693886727,183.65336068833,
    -19.09033817672));
#15310 = DIRECTION('',(0.,0.,1.));
#15311 = DIRECTION('',(-0.707106781187,-0.707106781187,0.));
#15312 = ADVANCED_FACE('',(#15313),#15331,.T.);
#15313 = FACE_BOUND('',#15314,.T.);
#15314 = EDGE_LOOP('',(#15315,#15316,#15317,#15325));
#15315 = ORIENTED_EDGE('',*,*,#15283,.T.);
#15316 = ORIENTED_EDGE('',*,*,#3839,.F.);
#15317 = ORIENTED_EDGE('',*,*,#15318,.F.);
#15318 = EDGE_CURVE('',#15319,#3831,#15321,.T.);
#15319 = VERTEX_POINT('',#15320);
#15320 = CARTESIAN_POINT('',(312.84044748734,171.77113822129,
    -19.09033817672));
#15321 = LINE('',#15322,#15323);
#15322 = CARTESIAN_POINT('',(312.84044748734,171.77113822129,
    -19.09033817672));
#15323 = VECTOR('',#15324,1.);
#15324 = DIRECTION('',(0.,0.,1.));
#15325 = ORIENTED_EDGE('',*,*,#15326,.T.);
#15326 = EDGE_CURVE('',#15319,#15284,#15327,.T.);
#15327 = LINE('',#15328,#15329);
#15328 = CARTESIAN_POINT('',(315.08480441083,169.5267812978,
    -19.09033817672));
#15329 = VECTOR('',#15330,1.);
#15330 = DIRECTION('',(-0.707106781187,0.707106781187,0.));
#15331 = PLANE('',#15332);
#15332 = AXIS2_PLACEMENT_3D('',#15333,#15334,#15335);
#15333 = CARTESIAN_POINT('',(315.08480441083,169.5267812978,
    -19.09033817672));
#15334 = DIRECTION('',(0.707106781187,0.707106781187,0.));
#15335 = DIRECTION('',(0.,0.,1.));
#15336 = ADVANCED_FACE('',(#15337),#15364,.F.);
#15337 = FACE_BOUND('',#15338,.F.);
#15338 = EDGE_LOOP('',(#15339,#15347,#15356,#15362,#15363));
#15339 = ORIENTED_EDGE('',*,*,#15340,.F.);
#15340 = EDGE_CURVE('',#15341,#3795,#15343,.T.);
#15341 = VERTEX_POINT('',#15342);
#15342 = CARTESIAN_POINT('',(318.76600235954,196.97242418061,
    -19.09033817672));
#15343 = LINE('',#15344,#15345);
#15344 = CARTESIAN_POINT('',(318.76600235954,196.97242418061,
    -19.09033817672));
#15345 = VECTOR('',#15346,1.);
#15346 = DIRECTION('',(0.,0.,1.));
#15347 = ORIENTED_EDGE('',*,*,#15348,.T.);
#15348 = EDGE_CURVE('',#15341,#15349,#15351,.T.);
#15349 = VERTEX_POINT('',#15350);
#15350 = CARTESIAN_POINT('',(314.27728851257,196.97242418061,
    -19.09033817672));
#15351 = CIRCLE('',#15352,3.174);
#15352 = AXIS2_PLACEMENT_3D('',#15353,#15354,#15355);
#15353 = CARTESIAN_POINT('',(316.52164543605,194.72806725712,
    -19.09033817672));
#15354 = DIRECTION('',(-0.,0.,1.));
#15355 = DIRECTION('',(0.707106781187,-0.707106781187,0.));
#15356 = ORIENTED_EDGE('',*,*,#15357,.T.);
#15357 = EDGE_CURVE('',#15349,#3866,#15358,.T.);
#15358 = LINE('',#15359,#15360);
#15359 = CARTESIAN_POINT('',(314.27728851257,196.97242418061,
    -19.09033817672));
#15360 = VECTOR('',#15361,1.);
#15361 = DIRECTION('',(0.,0.,1.));
#15362 = ORIENTED_EDGE('',*,*,#3873,.F.);
#15363 = ORIENTED_EDGE('',*,*,#3794,.F.);
#15364 = CYLINDRICAL_SURFACE('',#15365,3.174);
#15365 = AXIS2_PLACEMENT_3D('',#15366,#15367,#15368);
#15366 = CARTESIAN_POINT('',(316.52164543605,194.72806725712,
    -19.09033817672));
#15367 = DIRECTION('',(0.,0.,1.));
#15368 = DIRECTION('',(0.707106781187,0.707106781187,0.));
#15369 = ADVANCED_FACE('',(#15370),#15388,.F.);
#15370 = FACE_BOUND('',#15371,.F.);
#15371 = EDGE_LOOP('',(#15372,#15373,#15374,#15382));
#15372 = ORIENTED_EDGE('',*,*,#15340,.T.);
#15373 = ORIENTED_EDGE('',*,*,#3805,.F.);
#15374 = ORIENTED_EDGE('',*,*,#15375,.F.);
#15375 = EDGE_CURVE('',#15376,#3806,#15378,.T.);
#15376 = VERTEX_POINT('',#15377);
#15377 = CARTESIAN_POINT('',(328.4038679031,187.33455863705,
    -19.09033817672));
#15378 = LINE('',#15379,#15380);
#15379 = CARTESIAN_POINT('',(328.4038679031,187.33455863705,
    -19.09033817672));
#15380 = VECTOR('',#15381,1.);
#15381 = DIRECTION('',(0.,0.,1.));
#15382 = ORIENTED_EDGE('',*,*,#15383,.T.);
#15383 = EDGE_CURVE('',#15376,#15341,#15384,.T.);
#15384 = LINE('',#15385,#15386);
#15385 = CARTESIAN_POINT('',(330.64822482659,185.09020171356,
    -19.09033817672));
#15386 = VECTOR('',#15387,1.);
#15387 = DIRECTION('',(-0.707106781187,0.707106781187,0.));
#15388 = PLANE('',#15389);
#15389 = AXIS2_PLACEMENT_3D('',#15390,#15391,#15392);
#15390 = CARTESIAN_POINT('',(330.64822482659,185.09020171356,
    -19.09033817672));
#15391 = DIRECTION('',(0.707106781187,0.707106781187,0.));
#15392 = DIRECTION('',(0.,0.,1.));
#15393 = ADVANCED_FACE('',(#15394),#15413,.F.);
#15394 = FACE_BOUND('',#15395,.F.);
#15395 = EDGE_LOOP('',(#15396,#15404,#15411,#15412));
#15396 = ORIENTED_EDGE('',*,*,#15397,.F.);
#15397 = EDGE_CURVE('',#15398,#3814,#15400,.T.);
#15398 = VERTEX_POINT('',#15399);
#15399 = CARTESIAN_POINT('',(328.4038679031,182.84584479008,
    -19.09033817672));
#15400 = LINE('',#15401,#15402);
#15401 = CARTESIAN_POINT('',(328.4038679031,182.84584479007,
    -19.09033817672));
#15402 = VECTOR('',#15403,1.);
#15403 = DIRECTION('',(0.,0.,1.));
#15404 = ORIENTED_EDGE('',*,*,#15405,.T.);
#15405 = EDGE_CURVE('',#15398,#15376,#15406,.T.);
#15406 = CIRCLE('',#15407,3.174);
#15407 = AXIS2_PLACEMENT_3D('',#15408,#15409,#15410);
#15408 = CARTESIAN_POINT('',(326.15951097962,185.09020171356,
    -19.09033817672));
#15409 = DIRECTION('',(-0.,0.,1.));
#15410 = DIRECTION('',(0.707106781187,-0.707106781187,0.));
#15411 = ORIENTED_EDGE('',*,*,#15375,.T.);
#15412 = ORIENTED_EDGE('',*,*,#3813,.F.);
#15413 = CYLINDRICAL_SURFACE('',#15414,3.174);
#15414 = AXIS2_PLACEMENT_3D('',#15415,#15416,#15417);
#15415 = CARTESIAN_POINT('',(326.15951097962,185.09020171356,
    -19.09033817672));
#15416 = DIRECTION('',(0.,0.,1.));
#15417 = DIRECTION('',(0.707106781187,-0.707106781187,0.));
#15418 = ADVANCED_FACE('',(#15419),#15437,.T.);
#15419 = FACE_BOUND('',#15420,.T.);
#15420 = EDGE_LOOP('',(#15421,#15422,#15430,#15436));
#15421 = ORIENTED_EDGE('',*,*,#15397,.F.);
#15422 = ORIENTED_EDGE('',*,*,#15423,.F.);
#15423 = EDGE_CURVE('',#15424,#15398,#15426,.T.);
#15424 = VERTEX_POINT('',#15425);
#15425 = CARTESIAN_POINT('',(317.32916133431,171.77113822129,
    -19.09033817672));
#15426 = LINE('',#15427,#15428);
#15427 = CARTESIAN_POINT('',(315.08480441083,169.5267812978,
    -19.09033817672));
#15428 = VECTOR('',#15429,1.);
#15429 = DIRECTION('',(0.707106781187,0.707106781187,0.));
#15430 = ORIENTED_EDGE('',*,*,#15431,.T.);
#15431 = EDGE_CURVE('',#15424,#3823,#15432,.T.);
#15432 = LINE('',#15433,#15434);
#15433 = CARTESIAN_POINT('',(317.32916133431,171.77113822129,
    -19.09033817672));
#15434 = VECTOR('',#15435,1.);
#15435 = DIRECTION('',(0.,0.,1.));
#15436 = ORIENTED_EDGE('',*,*,#3822,.F.);
#15437 = PLANE('',#15438);
#15438 = AXIS2_PLACEMENT_3D('',#15439,#15440,#15441);
#15439 = CARTESIAN_POINT('',(315.08480441083,169.5267812978,
    -19.09033817672));
#15440 = DIRECTION('',(-0.707106781187,0.707106781187,0.));
#15441 = DIRECTION('',(0.,0.,1.));
#15442 = ADVANCED_FACE('',(#15443),#15455,.F.);
#15443 = FACE_BOUND('',#15444,.F.);
#15444 = EDGE_LOOP('',(#15445,#15446,#15453,#15454));
#15445 = ORIENTED_EDGE('',*,*,#15318,.F.);
#15446 = ORIENTED_EDGE('',*,*,#15447,.T.);
#15447 = EDGE_CURVE('',#15319,#15424,#15448,.T.);
#15448 = CIRCLE('',#15449,3.174);
#15449 = AXIS2_PLACEMENT_3D('',#15450,#15451,#15452);
#15450 = CARTESIAN_POINT('',(315.08480441083,174.01549514477,
    -19.09033817672));
#15451 = DIRECTION('',(-0.,0.,1.));
#15452 = DIRECTION('',(0.707106781187,-0.707106781187,0.));
#15453 = ORIENTED_EDGE('',*,*,#15431,.T.);
#15454 = ORIENTED_EDGE('',*,*,#3830,.F.);
#15455 = CYLINDRICAL_SURFACE('',#15456,3.174);
#15456 = AXIS2_PLACEMENT_3D('',#15457,#15458,#15459);
#15457 = CARTESIAN_POINT('',(315.08480441083,174.01549514477,
    -19.09033817672));
#15458 = DIRECTION('',(0.,0.,1.));
#15459 = DIRECTION('',(-0.707106781187,-0.707106781187,0.));
#15460 = ADVANCED_FACE('',(#15461),#15472,.F.);
#15461 = FACE_BOUND('',#15462,.F.);
#15462 = EDGE_LOOP('',(#15463,#15464,#15470,#15471));
#15463 = ORIENTED_EDGE('',*,*,#15357,.F.);
#15464 = ORIENTED_EDGE('',*,*,#15465,.F.);
#15465 = EDGE_CURVE('',#15292,#15349,#15466,.T.);
#15466 = LINE('',#15467,#15468);
#15467 = CARTESIAN_POINT('',(300.95822502029,183.65336068833,
    -19.09033817672));
#15468 = VECTOR('',#15469,1.);
#15469 = DIRECTION('',(0.707106781187,0.707106781187,0.));
#15470 = ORIENTED_EDGE('',*,*,#15300,.T.);
#15471 = ORIENTED_EDGE('',*,*,#3865,.F.);
#15472 = PLANE('',#15473);
#15473 = AXIS2_PLACEMENT_3D('',#15474,#15475,#15476);
#15474 = CARTESIAN_POINT('',(300.95822502029,183.65336068833,
    -19.09033817672));
#15475 = DIRECTION('',(-0.707106781187,0.707106781187,0.));
#15476 = DIRECTION('',(0.,0.,1.));
#15477 = ADVANCED_FACE('',(#15478),#15488,.T.);
#15478 = FACE_BOUND('',#15479,.T.);
#15479 = EDGE_LOOP('',(#15480,#15481,#15482,#15483,#15484,#15485,#15486,
    #15487));
#15480 = ORIENTED_EDGE('',*,*,#15383,.T.);
#15481 = ORIENTED_EDGE('',*,*,#15348,.T.);
#15482 = ORIENTED_EDGE('',*,*,#15465,.F.);
#15483 = ORIENTED_EDGE('',*,*,#15291,.F.);
#15484 = ORIENTED_EDGE('',*,*,#15326,.F.);
#15485 = ORIENTED_EDGE('',*,*,#15447,.T.);
#15486 = ORIENTED_EDGE('',*,*,#15423,.T.);
#15487 = ORIENTED_EDGE('',*,*,#15405,.T.);
#15488 = PLANE('',#15489);
#15489 = AXIS2_PLACEMENT_3D('',#15490,#15491,#15492);
#15490 = CARTESIAN_POINT('',(315.08480441083,169.5267812978,
    -19.09033817672));
#15491 = DIRECTION('',(0.,0.,1.));
#15492 = DIRECTION('',(0.707106781187,0.707106781187,0.));
#15493 = ADVANCED_FACE('',(#15494),#15521,.F.);
#15494 = FACE_BOUND('',#15495,.T.);
#15495 = EDGE_LOOP('',(#15496,#15504,#15513,#15519,#15520));
#15496 = ORIENTED_EDGE('',*,*,#15497,.F.);
#15497 = EDGE_CURVE('',#15498,#3928,#15500,.T.);
#15498 = VERTEX_POINT('',#15499);
#15499 = CARTESIAN_POINT('',(233.20258194378,48.909003764853,
    -19.09033817672));
#15500 = LINE('',#15501,#15502);
#15501 = CARTESIAN_POINT('',(233.20258194378,48.909003764853,
    -19.09033817672));
#15502 = VECTOR('',#15503,1.);
#15503 = DIRECTION('',(0.,0.,1.));
#15504 = ORIENTED_EDGE('',*,*,#15505,.T.);
#15505 = EDGE_CURVE('',#15498,#15506,#15508,.T.);
#15506 = VERTEX_POINT('',#15507);
#15507 = CARTESIAN_POINT('',(233.20258194378,53.397717611825,
    -19.09033817672));
#15508 = CIRCLE('',#15509,3.174);
#15509 = AXIS2_PLACEMENT_3D('',#15510,#15511,#15512);
#15510 = CARTESIAN_POINT('',(235.44693886727,51.153360688339,
    -19.09033817672));
#15511 = DIRECTION('',(0.,-0.,-1.));
#15512 = DIRECTION('',(0.707106781187,-0.707106781187,0.));
#15513 = ORIENTED_EDGE('',*,*,#15514,.T.);
#15514 = EDGE_CURVE('',#15506,#3945,#15515,.T.);
#15515 = LINE('',#15516,#15517);
#15516 = CARTESIAN_POINT('',(233.20258194378,53.397717611825,
    -19.09033817672));
#15517 = VECTOR('',#15518,1.);
#15518 = DIRECTION('',(0.,0.,1.));
#15519 = ORIENTED_EDGE('',*,*,#3944,.T.);
#15520 = ORIENTED_EDGE('',*,*,#3935,.T.);
#15521 = CYLINDRICAL_SURFACE('',#15522,3.174);
#15522 = AXIS2_PLACEMENT_3D('',#15523,#15524,#15525);
#15523 = CARTESIAN_POINT('',(235.44693886727,51.153360688339,
    -19.09033817672));
#15524 = DIRECTION('',(0.,0.,1.));
#15525 = DIRECTION('',(-0.707106781187,-0.707106781187,0.));
#15526 = ADVANCED_FACE('',(#15527),#15545,.T.);
#15527 = FACE_BOUND('',#15528,.T.);
#15528 = EDGE_LOOP('',(#15529,#15530,#15531,#15539));
#15529 = ORIENTED_EDGE('',*,*,#15497,.T.);
#15530 = ORIENTED_EDGE('',*,*,#3927,.F.);
#15531 = ORIENTED_EDGE('',*,*,#15532,.F.);
#15532 = EDGE_CURVE('',#15533,#3919,#15535,.T.);
#15533 = VERTEX_POINT('',#15534);
#15534 = CARTESIAN_POINT('',(242.84044748734,39.271138221292,
    -19.09033817672));
#15535 = LINE('',#15536,#15537);
#15536 = CARTESIAN_POINT('',(242.84044748734,39.271138221292,
    -19.09033817672));
#15537 = VECTOR('',#15538,1.);
#15538 = DIRECTION('',(0.,0.,1.));
#15539 = ORIENTED_EDGE('',*,*,#15540,.T.);
#15540 = EDGE_CURVE('',#15533,#15498,#15541,.T.);
#15541 = LINE('',#15542,#15543);
#15542 = CARTESIAN_POINT('',(245.08480441083,37.026781297806,
    -19.09033817672));
#15543 = VECTOR('',#15544,1.);
#15544 = DIRECTION('',(-0.707106781187,0.707106781187,0.));
#15545 = PLANE('',#15546);
#15546 = AXIS2_PLACEMENT_3D('',#15547,#15548,#15549);
#15547 = CARTESIAN_POINT('',(245.08480441083,37.026781297806,
    -19.09033817672));
#15548 = DIRECTION('',(0.707106781187,0.707106781187,0.));
#15549 = DIRECTION('',(0.,0.,1.));
#15550 = ADVANCED_FACE('',(#15551),#15578,.F.);
#15551 = FACE_BOUND('',#15552,.F.);
#15552 = EDGE_LOOP('',(#15553,#15561,#15570,#15576,#15577));
#15553 = ORIENTED_EDGE('',*,*,#15554,.F.);
#15554 = EDGE_CURVE('',#15555,#3883,#15557,.T.);
#15555 = VERTEX_POINT('',#15556);
#15556 = CARTESIAN_POINT('',(248.76600235954,64.472424180612,
    -19.09033817672));
#15557 = LINE('',#15558,#15559);
#15558 = CARTESIAN_POINT('',(248.76600235954,64.472424180612,
    -19.09033817672));
#15559 = VECTOR('',#15560,1.);
#15560 = DIRECTION('',(0.,0.,1.));
#15561 = ORIENTED_EDGE('',*,*,#15562,.T.);
#15562 = EDGE_CURVE('',#15555,#15563,#15565,.T.);
#15563 = VERTEX_POINT('',#15564);
#15564 = CARTESIAN_POINT('',(244.27728851257,64.472424180612,
    -19.09033817672));
#15565 = CIRCLE('',#15566,3.174);
#15566 = AXIS2_PLACEMENT_3D('',#15567,#15568,#15569);
#15567 = CARTESIAN_POINT('',(246.52164543605,62.228067257126,
    -19.09033817672));
#15568 = DIRECTION('',(-0.,0.,1.));
#15569 = DIRECTION('',(0.707106781187,-0.707106781187,0.));
#15570 = ORIENTED_EDGE('',*,*,#15571,.T.);
#15571 = EDGE_CURVE('',#15563,#3954,#15572,.T.);
#15572 = LINE('',#15573,#15574);
#15573 = CARTESIAN_POINT('',(244.27728851257,64.472424180612,
    -19.09033817672));
#15574 = VECTOR('',#15575,1.);
#15575 = DIRECTION('',(0.,0.,1.));
#15576 = ORIENTED_EDGE('',*,*,#3961,.F.);
#15577 = ORIENTED_EDGE('',*,*,#3882,.F.);
#15578 = CYLINDRICAL_SURFACE('',#15579,3.174);
#15579 = AXIS2_PLACEMENT_3D('',#15580,#15581,#15582);
#15580 = CARTESIAN_POINT('',(246.52164543605,62.228067257126,
    -19.09033817672));
#15581 = DIRECTION('',(0.,0.,1.));
#15582 = DIRECTION('',(0.707106781187,0.707106781187,0.));
#15583 = ADVANCED_FACE('',(#15584),#15602,.F.);
#15584 = FACE_BOUND('',#15585,.F.);
#15585 = EDGE_LOOP('',(#15586,#15587,#15588,#15596));
#15586 = ORIENTED_EDGE('',*,*,#15554,.T.);
#15587 = ORIENTED_EDGE('',*,*,#3893,.F.);
#15588 = ORIENTED_EDGE('',*,*,#15589,.F.);
#15589 = EDGE_CURVE('',#15590,#3894,#15592,.T.);
#15590 = VERTEX_POINT('',#15591);
#15591 = CARTESIAN_POINT('',(258.4038679031,54.834558637052,
    -19.09033817672));
#15592 = LINE('',#15593,#15594);
#15593 = CARTESIAN_POINT('',(258.4038679031,54.834558637052,
    -19.09033817672));
#15594 = VECTOR('',#15595,1.);
#15595 = DIRECTION('',(0.,0.,1.));
#15596 = ORIENTED_EDGE('',*,*,#15597,.T.);
#15597 = EDGE_CURVE('',#15590,#15555,#15598,.T.);
#15598 = LINE('',#15599,#15600);
#15599 = CARTESIAN_POINT('',(260.64822482659,52.590201713566,
    -19.09033817672));
#15600 = VECTOR('',#15601,1.);
#15601 = DIRECTION('',(-0.707106781187,0.707106781187,0.));
#15602 = PLANE('',#15603);
#15603 = AXIS2_PLACEMENT_3D('',#15604,#15605,#15606);
#15604 = CARTESIAN_POINT('',(260.64822482659,52.590201713566,
    -19.09033817672));
#15605 = DIRECTION('',(0.707106781187,0.707106781187,0.));
#15606 = DIRECTION('',(0.,0.,1.));
#15607 = ADVANCED_FACE('',(#15608),#15627,.F.);
#15608 = FACE_BOUND('',#15609,.F.);
#15609 = EDGE_LOOP('',(#15610,#15618,#15625,#15626));
#15610 = ORIENTED_EDGE('',*,*,#15611,.F.);
#15611 = EDGE_CURVE('',#15612,#3902,#15614,.T.);
#15612 = VERTEX_POINT('',#15613);
#15613 = CARTESIAN_POINT('',(258.4038679031,50.34584479008,
    -19.09033817672));
#15614 = LINE('',#15615,#15616);
#15615 = CARTESIAN_POINT('',(258.4038679031,50.34584479008,
    -19.09033817672));
#15616 = VECTOR('',#15617,1.);
#15617 = DIRECTION('',(0.,0.,1.));
#15618 = ORIENTED_EDGE('',*,*,#15619,.T.);
#15619 = EDGE_CURVE('',#15612,#15590,#15620,.T.);
#15620 = CIRCLE('',#15621,3.174);
#15621 = AXIS2_PLACEMENT_3D('',#15622,#15623,#15624);
#15622 = CARTESIAN_POINT('',(256.15951097962,52.590201713566,
    -19.09033817672));
#15623 = DIRECTION('',(-0.,0.,1.));
#15624 = DIRECTION('',(0.707106781187,-0.707106781187,0.));
#15625 = ORIENTED_EDGE('',*,*,#15589,.T.);
#15626 = ORIENTED_EDGE('',*,*,#3901,.F.);
#15627 = CYLINDRICAL_SURFACE('',#15628,3.174);
#15628 = AXIS2_PLACEMENT_3D('',#15629,#15630,#15631);
#15629 = CARTESIAN_POINT('',(256.15951097962,52.590201713566,
    -19.09033817672));
#15630 = DIRECTION('',(0.,0.,1.));
#15631 = DIRECTION('',(0.707106781187,-0.707106781187,0.));
#15632 = ADVANCED_FACE('',(#15633),#15651,.T.);
#15633 = FACE_BOUND('',#15634,.T.);
#15634 = EDGE_LOOP('',(#15635,#15636,#15644,#15650));
#15635 = ORIENTED_EDGE('',*,*,#15611,.F.);
#15636 = ORIENTED_EDGE('',*,*,#15637,.F.);
#15637 = EDGE_CURVE('',#15638,#15612,#15640,.T.);
#15638 = VERTEX_POINT('',#15639);
#15639 = CARTESIAN_POINT('',(247.32916133431,39.271138221292,
    -19.09033817672));
#15640 = LINE('',#15641,#15642);
#15641 = CARTESIAN_POINT('',(245.08480441083,37.026781297806,
    -19.09033817672));
#15642 = VECTOR('',#15643,1.);
#15643 = DIRECTION('',(0.707106781187,0.707106781187,0.));
#15644 = ORIENTED_EDGE('',*,*,#15645,.T.);
#15645 = EDGE_CURVE('',#15638,#3911,#15646,.T.);
#15646 = LINE('',#15647,#15648);
#15647 = CARTESIAN_POINT('',(247.32916133431,39.271138221292,
    -19.09033817672));
#15648 = VECTOR('',#15649,1.);
#15649 = DIRECTION('',(0.,0.,1.));
#15650 = ORIENTED_EDGE('',*,*,#3910,.F.);
#15651 = PLANE('',#15652);
#15652 = AXIS2_PLACEMENT_3D('',#15653,#15654,#15655);
#15653 = CARTESIAN_POINT('',(245.08480441083,37.026781297806,
    -19.09033817672));
#15654 = DIRECTION('',(-0.707106781187,0.707106781187,0.));
#15655 = DIRECTION('',(0.,0.,1.));
#15656 = ADVANCED_FACE('',(#15657),#15669,.F.);
#15657 = FACE_BOUND('',#15658,.F.);
#15658 = EDGE_LOOP('',(#15659,#15660,#15667,#15668));
#15659 = ORIENTED_EDGE('',*,*,#15532,.F.);
#15660 = ORIENTED_EDGE('',*,*,#15661,.T.);
#15661 = EDGE_CURVE('',#15533,#15638,#15662,.T.);
#15662 = CIRCLE('',#15663,3.174);
#15663 = AXIS2_PLACEMENT_3D('',#15664,#15665,#15666);
#15664 = CARTESIAN_POINT('',(245.08480441083,41.515495144778,
    -19.09033817672));
#15665 = DIRECTION('',(-0.,0.,1.));
#15666 = DIRECTION('',(0.707106781187,-0.707106781187,0.));
#15667 = ORIENTED_EDGE('',*,*,#15645,.T.);
#15668 = ORIENTED_EDGE('',*,*,#3918,.F.);
#15669 = CYLINDRICAL_SURFACE('',#15670,3.174);
#15670 = AXIS2_PLACEMENT_3D('',#15671,#15672,#15673);
#15671 = CARTESIAN_POINT('',(245.08480441083,41.515495144778,
    -19.09033817672));
#15672 = DIRECTION('',(0.,0.,1.));
#15673 = DIRECTION('',(-0.707106781187,-0.707106781187,0.));
#15674 = ADVANCED_FACE('',(#15675),#15686,.F.);
#15675 = FACE_BOUND('',#15676,.F.);
#15676 = EDGE_LOOP('',(#15677,#15678,#15684,#15685));
#15677 = ORIENTED_EDGE('',*,*,#15571,.F.);
#15678 = ORIENTED_EDGE('',*,*,#15679,.F.);
#15679 = EDGE_CURVE('',#15506,#15563,#15680,.T.);
#15680 = LINE('',#15681,#15682);
#15681 = CARTESIAN_POINT('',(230.95822502029,51.153360688339,
    -19.09033817672));
#15682 = VECTOR('',#15683,1.);
#15683 = DIRECTION('',(0.707106781187,0.707106781187,0.));
#15684 = ORIENTED_EDGE('',*,*,#15514,.T.);
#15685 = ORIENTED_EDGE('',*,*,#3953,.F.);
#15686 = PLANE('',#15687);
#15687 = AXIS2_PLACEMENT_3D('',#15688,#15689,#15690);
#15688 = CARTESIAN_POINT('',(230.95822502029,51.153360688339,
    -19.09033817672));
#15689 = DIRECTION('',(-0.707106781187,0.707106781187,0.));
#15690 = DIRECTION('',(0.,0.,1.));
#15691 = ADVANCED_FACE('',(#15692),#15702,.T.);
#15692 = FACE_BOUND('',#15693,.T.);
#15693 = EDGE_LOOP('',(#15694,#15695,#15696,#15697,#15698,#15699,#15700,
    #15701));
#15694 = ORIENTED_EDGE('',*,*,#15597,.T.);
#15695 = ORIENTED_EDGE('',*,*,#15562,.T.);
#15696 = ORIENTED_EDGE('',*,*,#15679,.F.);
#15697 = ORIENTED_EDGE('',*,*,#15505,.F.);
#15698 = ORIENTED_EDGE('',*,*,#15540,.F.);
#15699 = ORIENTED_EDGE('',*,*,#15661,.T.);
#15700 = ORIENTED_EDGE('',*,*,#15637,.T.);
#15701 = ORIENTED_EDGE('',*,*,#15619,.T.);
#15702 = PLANE('',#15703);
#15703 = AXIS2_PLACEMENT_3D('',#15704,#15705,#15706);
#15704 = CARTESIAN_POINT('',(245.08480441083,37.026781297806,
    -19.09033817672));
#15705 = DIRECTION('',(0.,0.,1.));
#15706 = DIRECTION('',(0.707106781187,0.707106781187,0.));
#15707 = ADVANCED_FACE('',(#15708),#15735,.F.);
#15708 = FACE_BOUND('',#15709,.T.);
#15709 = EDGE_LOOP('',(#15710,#15718,#15727,#15733,#15734));
#15710 = ORIENTED_EDGE('',*,*,#15711,.F.);
#15711 = EDGE_CURVE('',#15712,#4016,#15714,.T.);
#15712 = VERTEX_POINT('',#15713);
#15713 = CARTESIAN_POINT('',(277.90900376485,162.29741805621,
    -19.09033817672));
#15714 = LINE('',#15715,#15716);
#15715 = CARTESIAN_POINT('',(277.90900376485,162.29741805621,
    -19.09033817672));
#15716 = VECTOR('',#15717,1.);
#15717 = DIRECTION('',(0.,0.,1.));
#15718 = ORIENTED_EDGE('',*,*,#15719,.T.);
#15719 = EDGE_CURVE('',#15712,#15720,#15722,.T.);
#15720 = VERTEX_POINT('',#15721);
#15721 = CARTESIAN_POINT('',(282.39771761182,162.29741805621,
    -19.09033817672));
#15722 = CIRCLE('',#15723,3.174);
#15723 = AXIS2_PLACEMENT_3D('',#15724,#15725,#15726);
#15724 = CARTESIAN_POINT('',(280.15336068833,160.05306113272,
    -19.09033817672));
#15725 = DIRECTION('',(-0.,0.,-1.));
#15726 = DIRECTION('',(-0.707106781187,-0.707106781187,0.));
#15727 = ORIENTED_EDGE('',*,*,#15728,.T.);
#15728 = EDGE_CURVE('',#15720,#4033,#15729,.T.);
#15729 = LINE('',#15730,#15731);
#15730 = CARTESIAN_POINT('',(282.39771761182,162.29741805621,
    -19.09033817672));
#15731 = VECTOR('',#15732,1.);
#15732 = DIRECTION('',(0.,0.,1.));
#15733 = ORIENTED_EDGE('',*,*,#4032,.T.);
#15734 = ORIENTED_EDGE('',*,*,#4023,.T.);
#15735 = CYLINDRICAL_SURFACE('',#15736,3.174);
#15736 = AXIS2_PLACEMENT_3D('',#15737,#15738,#15739);
#15737 = CARTESIAN_POINT('',(280.15336068833,160.05306113272,
    -19.09033817672));
#15738 = DIRECTION('',(0.,0.,1.));
#15739 = DIRECTION('',(-0.707106781187,0.707106781187,0.));
#15740 = ADVANCED_FACE('',(#15741),#15759,.T.);
#15741 = FACE_BOUND('',#15742,.T.);
#15742 = EDGE_LOOP('',(#15743,#15744,#15745,#15753));
#15743 = ORIENTED_EDGE('',*,*,#15711,.T.);
#15744 = ORIENTED_EDGE('',*,*,#4015,.F.);
#15745 = ORIENTED_EDGE('',*,*,#15746,.F.);
#15746 = EDGE_CURVE('',#15747,#4007,#15749,.T.);
#15747 = VERTEX_POINT('',#15748);
#15748 = CARTESIAN_POINT('',(268.27113822129,152.65955251265,
    -19.09033817672));
#15749 = LINE('',#15750,#15751);
#15750 = CARTESIAN_POINT('',(268.27113822129,152.65955251265,
    -19.09033817672));
#15751 = VECTOR('',#15752,1.);
#15752 = DIRECTION('',(0.,0.,1.));
#15753 = ORIENTED_EDGE('',*,*,#15754,.T.);
#15754 = EDGE_CURVE('',#15747,#15712,#15755,.T.);
#15755 = LINE('',#15756,#15757);
#15756 = CARTESIAN_POINT('',(266.0267812978,150.41519558916,
    -19.09033817672));
#15757 = VECTOR('',#15758,1.);
#15758 = DIRECTION('',(0.707106781187,0.707106781187,0.));
#15759 = PLANE('',#15760);
#15760 = AXIS2_PLACEMENT_3D('',#15761,#15762,#15763);
#15761 = CARTESIAN_POINT('',(266.0267812978,150.41519558916,
    -19.09033817672));
#15762 = DIRECTION('',(0.707106781187,-0.707106781187,0.));
#15763 = DIRECTION('',(0.,0.,1.));
#15764 = ADVANCED_FACE('',(#15765),#15792,.F.);
#15765 = FACE_BOUND('',#15766,.F.);
#15766 = EDGE_LOOP('',(#15767,#15775,#15784,#15790,#15791));
#15767 = ORIENTED_EDGE('',*,*,#15768,.F.);
#15768 = EDGE_CURVE('',#15769,#3971,#15771,.T.);
#15769 = VERTEX_POINT('',#15770);
#15770 = CARTESIAN_POINT('',(293.47242418061,146.73399764045,
    -19.09033817672));
#15771 = LINE('',#15772,#15773);
#15772 = CARTESIAN_POINT('',(293.47242418061,146.73399764045,
    -19.09033817672));
#15773 = VECTOR('',#15774,1.);
#15774 = DIRECTION('',(0.,0.,1.));
#15775 = ORIENTED_EDGE('',*,*,#15776,.T.);
#15776 = EDGE_CURVE('',#15769,#15777,#15779,.T.);
#15777 = VERTEX_POINT('',#15778);
#15778 = CARTESIAN_POINT('',(293.47242418061,151.22271148742,
    -19.09033817672));
#15779 = CIRCLE('',#15780,3.174);
#15780 = AXIS2_PLACEMENT_3D('',#15781,#15782,#15783);
#15781 = CARTESIAN_POINT('',(291.22806725712,148.97835456394,
    -19.09033817672));
#15782 = DIRECTION('',(0.,0.,1.));
#15783 = DIRECTION('',(-0.707106781187,-0.707106781187,0.));
#15784 = ORIENTED_EDGE('',*,*,#15785,.T.);
#15785 = EDGE_CURVE('',#15777,#4042,#15786,.T.);
#15786 = LINE('',#15787,#15788);
#15787 = CARTESIAN_POINT('',(293.47242418061,151.22271148742,
    -19.09033817672));
#15788 = VECTOR('',#15789,1.);
#15789 = DIRECTION('',(0.,0.,1.));
#15790 = ORIENTED_EDGE('',*,*,#4049,.F.);
#15791 = ORIENTED_EDGE('',*,*,#3970,.F.);
#15792 = CYLINDRICAL_SURFACE('',#15793,3.174);
#15793 = AXIS2_PLACEMENT_3D('',#15794,#15795,#15796);
#15794 = CARTESIAN_POINT('',(291.22806725712,148.97835456394,
    -19.09033817672));
#15795 = DIRECTION('',(0.,0.,1.));
#15796 = DIRECTION('',(0.707106781187,-0.707106781187,0.));
#15797 = ADVANCED_FACE('',(#15798),#15816,.F.);
#15798 = FACE_BOUND('',#15799,.F.);
#15799 = EDGE_LOOP('',(#15800,#15801,#15802,#15810));
#15800 = ORIENTED_EDGE('',*,*,#15768,.T.);
#15801 = ORIENTED_EDGE('',*,*,#3981,.F.);
#15802 = ORIENTED_EDGE('',*,*,#15803,.F.);
#15803 = EDGE_CURVE('',#15804,#3982,#15806,.T.);
#15804 = VERTEX_POINT('',#15805);
#15805 = CARTESIAN_POINT('',(283.83455863705,137.09613209689,
    -19.09033817672));
#15806 = LINE('',#15807,#15808);
#15807 = CARTESIAN_POINT('',(283.83455863705,137.09613209689,
    -19.09033817672));
#15808 = VECTOR('',#15809,1.);
#15809 = DIRECTION('',(0.,0.,1.));
#15810 = ORIENTED_EDGE('',*,*,#15811,.T.);
#15811 = EDGE_CURVE('',#15804,#15769,#15812,.T.);
#15812 = LINE('',#15813,#15814);
#15813 = CARTESIAN_POINT('',(281.59020171356,134.8517751734,
    -19.09033817672));
#15814 = VECTOR('',#15815,1.);
#15815 = DIRECTION('',(0.707106781187,0.707106781187,0.));
#15816 = PLANE('',#15817);
#15817 = AXIS2_PLACEMENT_3D('',#15818,#15819,#15820);
#15818 = CARTESIAN_POINT('',(281.59020171356,134.8517751734,
    -19.09033817672));
#15819 = DIRECTION('',(0.707106781187,-0.707106781187,0.));
#15820 = DIRECTION('',(0.,0.,1.));
#15821 = ADVANCED_FACE('',(#15822),#15841,.F.);
#15822 = FACE_BOUND('',#15823,.F.);
#15823 = EDGE_LOOP('',(#15824,#15832,#15839,#15840));
#15824 = ORIENTED_EDGE('',*,*,#15825,.F.);
#15825 = EDGE_CURVE('',#15826,#3990,#15828,.T.);
#15826 = VERTEX_POINT('',#15827);
#15827 = CARTESIAN_POINT('',(279.34584479008,137.09613209689,
    -19.09033817672));
#15828 = LINE('',#15829,#15830);
#15829 = CARTESIAN_POINT('',(279.34584479008,137.09613209689,
    -19.09033817672));
#15830 = VECTOR('',#15831,1.);
#15831 = DIRECTION('',(0.,0.,1.));
#15832 = ORIENTED_EDGE('',*,*,#15833,.T.);
#15833 = EDGE_CURVE('',#15826,#15804,#15834,.T.);
#15834 = CIRCLE('',#15835,3.174);
#15835 = AXIS2_PLACEMENT_3D('',#15836,#15837,#15838);
#15836 = CARTESIAN_POINT('',(281.59020171356,139.34048902038,
    -19.09033817672));
#15837 = DIRECTION('',(0.,0.,1.));
#15838 = DIRECTION('',(-0.707106781187,-0.707106781187,0.));
#15839 = ORIENTED_EDGE('',*,*,#15803,.T.);
#15840 = ORIENTED_EDGE('',*,*,#3989,.F.);
#15841 = CYLINDRICAL_SURFACE('',#15842,3.174);
#15842 = AXIS2_PLACEMENT_3D('',#15843,#15844,#15845);
#15843 = CARTESIAN_POINT('',(281.59020171356,139.34048902038,
    -19.09033817672));
#15844 = DIRECTION('',(0.,0.,1.));
#15845 = DIRECTION('',(-0.707106781187,-0.707106781187,0.));
#15846 = ADVANCED_FACE('',(#15847),#15865,.T.);
#15847 = FACE_BOUND('',#15848,.T.);
#15848 = EDGE_LOOP('',(#15849,#15850,#15858,#15864));
#15849 = ORIENTED_EDGE('',*,*,#15825,.F.);
#15850 = ORIENTED_EDGE('',*,*,#15851,.F.);
#15851 = EDGE_CURVE('',#15852,#15826,#15854,.T.);
#15852 = VERTEX_POINT('',#15853);
#15853 = CARTESIAN_POINT('',(268.27113822129,148.17083866568,
    -19.09033817672));
#15854 = LINE('',#15855,#15856);
#15855 = CARTESIAN_POINT('',(266.0267812978,150.41519558916,
    -19.09033817672));
#15856 = VECTOR('',#15857,1.);
#15857 = DIRECTION('',(0.707106781187,-0.707106781187,0.));
#15858 = ORIENTED_EDGE('',*,*,#15859,.T.);
#15859 = EDGE_CURVE('',#15852,#3999,#15860,.T.);
#15860 = LINE('',#15861,#15862);
#15861 = CARTESIAN_POINT('',(268.27113822129,148.17083866568,
    -19.09033817672));
#15862 = VECTOR('',#15863,1.);
#15863 = DIRECTION('',(0.,0.,1.));
#15864 = ORIENTED_EDGE('',*,*,#3998,.F.);
#15865 = PLANE('',#15866);
#15866 = AXIS2_PLACEMENT_3D('',#15867,#15868,#15869);
#15867 = CARTESIAN_POINT('',(266.0267812978,150.41519558916,
    -19.09033817672));
#15868 = DIRECTION('',(0.707106781187,0.707106781187,0.));
#15869 = DIRECTION('',(0.,0.,1.));
#15870 = ADVANCED_FACE('',(#15871),#15883,.F.);
#15871 = FACE_BOUND('',#15872,.F.);
#15872 = EDGE_LOOP('',(#15873,#15874,#15881,#15882));
#15873 = ORIENTED_EDGE('',*,*,#15746,.F.);
#15874 = ORIENTED_EDGE('',*,*,#15875,.T.);
#15875 = EDGE_CURVE('',#15747,#15852,#15876,.T.);
#15876 = CIRCLE('',#15877,3.174);
#15877 = AXIS2_PLACEMENT_3D('',#15878,#15879,#15880);
#15878 = CARTESIAN_POINT('',(270.51549514477,150.41519558916,
    -19.09033817672));
#15879 = DIRECTION('',(0.,0.,1.));
#15880 = DIRECTION('',(-0.707106781187,-0.707106781187,0.));
#15881 = ORIENTED_EDGE('',*,*,#15859,.T.);
#15882 = ORIENTED_EDGE('',*,*,#4006,.F.);
#15883 = CYLINDRICAL_SURFACE('',#15884,3.174);
#15884 = AXIS2_PLACEMENT_3D('',#15885,#15886,#15887);
#15885 = CARTESIAN_POINT('',(270.51549514477,150.41519558916,
    -19.09033817672));
#15886 = DIRECTION('',(0.,0.,1.));
#15887 = DIRECTION('',(-0.707106781187,0.707106781187,0.));
#15888 = ADVANCED_FACE('',(#15889),#15900,.F.);
#15889 = FACE_BOUND('',#15890,.F.);
#15890 = EDGE_LOOP('',(#15891,#15892,#15898,#15899));
#15891 = ORIENTED_EDGE('',*,*,#15785,.F.);
#15892 = ORIENTED_EDGE('',*,*,#15893,.F.);
#15893 = EDGE_CURVE('',#15720,#15777,#15894,.T.);
#15894 = LINE('',#15895,#15896);
#15895 = CARTESIAN_POINT('',(280.15336068833,164.5417749797,
    -19.09033817672));
#15896 = VECTOR('',#15897,1.);
#15897 = DIRECTION('',(0.707106781187,-0.707106781187,0.));
#15898 = ORIENTED_EDGE('',*,*,#15728,.T.);
#15899 = ORIENTED_EDGE('',*,*,#4041,.F.);
#15900 = PLANE('',#15901);
#15901 = AXIS2_PLACEMENT_3D('',#15902,#15903,#15904);
#15902 = CARTESIAN_POINT('',(280.15336068833,164.5417749797,
    -19.09033817672));
#15903 = DIRECTION('',(0.707106781187,0.707106781187,0.));
#15904 = DIRECTION('',(0.,0.,1.));
#15905 = ADVANCED_FACE('',(#15906),#15916,.T.);
#15906 = FACE_BOUND('',#15907,.T.);
#15907 = EDGE_LOOP('',(#15908,#15909,#15910,#15911,#15912,#15913,#15914,
    #15915));
#15908 = ORIENTED_EDGE('',*,*,#15811,.T.);
#15909 = ORIENTED_EDGE('',*,*,#15776,.T.);
#15910 = ORIENTED_EDGE('',*,*,#15893,.F.);
#15911 = ORIENTED_EDGE('',*,*,#15719,.F.);
#15912 = ORIENTED_EDGE('',*,*,#15754,.F.);
#15913 = ORIENTED_EDGE('',*,*,#15875,.T.);
#15914 = ORIENTED_EDGE('',*,*,#15851,.T.);
#15915 = ORIENTED_EDGE('',*,*,#15833,.T.);
#15916 = PLANE('',#15917);
#15917 = AXIS2_PLACEMENT_3D('',#15918,#15919,#15920);
#15918 = CARTESIAN_POINT('',(266.0267812978,150.41519558916,
    -19.09033817672));
#15919 = DIRECTION('',(0.,0.,1.));
#15920 = DIRECTION('',(0.707106781187,-0.707106781187,0.));
#15921 = ADVANCED_FACE('',(#15922),#15949,.F.);
#15922 = FACE_BOUND('',#15923,.T.);
#15923 = EDGE_LOOP('',(#15924,#15932,#15941,#15947,#15948));
#15924 = ORIENTED_EDGE('',*,*,#15925,.F.);
#15925 = EDGE_CURVE('',#15926,#4104,#15928,.T.);
#15926 = VERTEX_POINT('',#15927);
#15927 = CARTESIAN_POINT('',(326.09099623514,244.70258194378,
    -19.09033817672));
#15928 = LINE('',#15929,#15930);
#15929 = CARTESIAN_POINT('',(326.09099623514,244.70258194378,
    -19.09033817672));
#15930 = VECTOR('',#15931,1.);
#15931 = DIRECTION('',(0.,0.,1.));
#15932 = ORIENTED_EDGE('',*,*,#15933,.T.);
#15933 = EDGE_CURVE('',#15926,#15934,#15936,.T.);
#15934 = VERTEX_POINT('',#15935);
#15935 = CARTESIAN_POINT('',(321.60228238817,244.70258194378,
    -19.09033817672));
#15936 = CIRCLE('',#15937,3.174);
#15937 = AXIS2_PLACEMENT_3D('',#15938,#15939,#15940);
#15938 = CARTESIAN_POINT('',(323.84663931166,246.94693886727,
    -19.09033817672));
#15939 = DIRECTION('',(0.,0.,-1.));
#15940 = DIRECTION('',(0.707106781187,0.707106781187,0.));
#15941 = ORIENTED_EDGE('',*,*,#15942,.T.);
#15942 = EDGE_CURVE('',#15934,#4121,#15943,.T.);
#15943 = LINE('',#15944,#15945);
#15944 = CARTESIAN_POINT('',(321.60228238817,244.70258194378,
    -19.09033817672));
#15945 = VECTOR('',#15946,1.);
#15946 = DIRECTION('',(0.,0.,1.));
#15947 = ORIENTED_EDGE('',*,*,#4120,.T.);
#15948 = ORIENTED_EDGE('',*,*,#4111,.T.);
#15949 = CYLINDRICAL_SURFACE('',#15950,3.174);
#15950 = AXIS2_PLACEMENT_3D('',#15951,#15952,#15953);
#15951 = CARTESIAN_POINT('',(323.84663931166,246.94693886727,
    -19.09033817672));
#15952 = DIRECTION('',(0.,0.,1.));
#15953 = DIRECTION('',(0.707106781187,-0.707106781187,0.));
#15954 = ADVANCED_FACE('',(#15955),#15973,.T.);
#15955 = FACE_BOUND('',#15956,.T.);
#15956 = EDGE_LOOP('',(#15957,#15958,#15959,#15967));
#15957 = ORIENTED_EDGE('',*,*,#15925,.T.);
#15958 = ORIENTED_EDGE('',*,*,#4103,.F.);
#15959 = ORIENTED_EDGE('',*,*,#15960,.F.);
#15960 = EDGE_CURVE('',#15961,#4095,#15963,.T.);
#15961 = VERTEX_POINT('',#15962);
#15962 = CARTESIAN_POINT('',(335.7288617787,254.34044748734,
    -19.09033817672));
#15963 = LINE('',#15964,#15965);
#15964 = CARTESIAN_POINT('',(335.7288617787,254.34044748734,
    -19.09033817672));
#15965 = VECTOR('',#15966,1.);
#15966 = DIRECTION('',(0.,0.,1.));
#15967 = ORIENTED_EDGE('',*,*,#15968,.T.);
#15968 = EDGE_CURVE('',#15961,#15926,#15969,.T.);
#15969 = LINE('',#15970,#15971);
#15970 = CARTESIAN_POINT('',(337.97321870219,256.58480441083,
    -19.09033817672));
#15971 = VECTOR('',#15972,1.);
#15972 = DIRECTION('',(-0.707106781187,-0.707106781187,0.));
#15973 = PLANE('',#15974);
#15974 = AXIS2_PLACEMENT_3D('',#15975,#15976,#15977);
#15975 = CARTESIAN_POINT('',(337.97321870219,256.58480441083,
    -19.09033817672));
#15976 = DIRECTION('',(-0.707106781187,0.707106781187,0.));
#15977 = DIRECTION('',(0.,0.,1.));
#15978 = ADVANCED_FACE('',(#15979),#16006,.F.);
#15979 = FACE_BOUND('',#15980,.F.);
#15980 = EDGE_LOOP('',(#15981,#15989,#15998,#16004,#16005));
#15981 = ORIENTED_EDGE('',*,*,#15982,.F.);
#15982 = EDGE_CURVE('',#15983,#4059,#15985,.T.);
#15983 = VERTEX_POINT('',#15984);
#15984 = CARTESIAN_POINT('',(310.52757581938,260.26600235954,
    -19.09033817672));
#15985 = LINE('',#15986,#15987);
#15986 = CARTESIAN_POINT('',(310.52757581938,260.26600235954,
    -19.09033817672));
#15987 = VECTOR('',#15988,1.);
#15988 = DIRECTION('',(0.,0.,1.));
#15989 = ORIENTED_EDGE('',*,*,#15990,.T.);
#15990 = EDGE_CURVE('',#15983,#15991,#15993,.T.);
#15991 = VERTEX_POINT('',#15992);
#15992 = CARTESIAN_POINT('',(310.52757581938,255.77728851257,
    -19.09033817672));
#15993 = CIRCLE('',#15994,3.174);
#15994 = AXIS2_PLACEMENT_3D('',#15995,#15996,#15997);
#15995 = CARTESIAN_POINT('',(312.77193274287,258.02164543605,
    -19.09033817672));
#15996 = DIRECTION('',(0.,-0.,1.));
#15997 = DIRECTION('',(0.707106781187,0.707106781187,0.));
#15998 = ORIENTED_EDGE('',*,*,#15999,.T.);
#15999 = EDGE_CURVE('',#15991,#4130,#16000,.T.);
#16000 = LINE('',#16001,#16002);
#16001 = CARTESIAN_POINT('',(310.52757581938,255.77728851257,
    -19.09033817672));
#16002 = VECTOR('',#16003,1.);
#16003 = DIRECTION('',(0.,0.,1.));
#16004 = ORIENTED_EDGE('',*,*,#4137,.F.);
#16005 = ORIENTED_EDGE('',*,*,#4058,.F.);
#16006 = CYLINDRICAL_SURFACE('',#16007,3.174);
#16007 = AXIS2_PLACEMENT_3D('',#16008,#16009,#16010);
#16008 = CARTESIAN_POINT('',(312.77193274287,258.02164543605,
    -19.09033817672));
#16009 = DIRECTION('',(0.,0.,1.));
#16010 = DIRECTION('',(-0.707106781187,0.707106781187,0.));
#16011 = ADVANCED_FACE('',(#16012),#16030,.F.);
#16012 = FACE_BOUND('',#16013,.F.);
#16013 = EDGE_LOOP('',(#16014,#16015,#16016,#16024));
#16014 = ORIENTED_EDGE('',*,*,#15982,.T.);
#16015 = ORIENTED_EDGE('',*,*,#4069,.F.);
#16016 = ORIENTED_EDGE('',*,*,#16017,.F.);
#16017 = EDGE_CURVE('',#16018,#4070,#16020,.T.);
#16018 = VERTEX_POINT('',#16019);
#16019 = CARTESIAN_POINT('',(320.16544136294,269.9038679031,
    -19.09033817672));
#16020 = LINE('',#16021,#16022);
#16021 = CARTESIAN_POINT('',(320.16544136294,269.9038679031,
    -19.09033817672));
#16022 = VECTOR('',#16023,1.);
#16023 = DIRECTION('',(0.,0.,1.));
#16024 = ORIENTED_EDGE('',*,*,#16025,.T.);
#16025 = EDGE_CURVE('',#16018,#15983,#16026,.T.);
#16026 = LINE('',#16027,#16028);
#16027 = CARTESIAN_POINT('',(322.40979828643,272.14822482659,
    -19.09033817672));
#16028 = VECTOR('',#16029,1.);
#16029 = DIRECTION('',(-0.707106781187,-0.707106781187,0.));
#16030 = PLANE('',#16031);
#16031 = AXIS2_PLACEMENT_3D('',#16032,#16033,#16034);
#16032 = CARTESIAN_POINT('',(322.40979828643,272.14822482659,
    -19.09033817672));
#16033 = DIRECTION('',(-0.707106781187,0.707106781187,0.));
#16034 = DIRECTION('',(0.,0.,1.));
#16035 = ADVANCED_FACE('',(#16036),#16055,.F.);
#16036 = FACE_BOUND('',#16037,.F.);
#16037 = EDGE_LOOP('',(#16038,#16046,#16053,#16054));
#16038 = ORIENTED_EDGE('',*,*,#16039,.F.);
#16039 = EDGE_CURVE('',#16040,#4078,#16042,.T.);
#16040 = VERTEX_POINT('',#16041);
#16041 = CARTESIAN_POINT('',(324.65415520992,269.9038679031,
    -19.09033817672));
#16042 = LINE('',#16043,#16044);
#16043 = CARTESIAN_POINT('',(324.65415520992,269.9038679031,
    -19.09033817672));
#16044 = VECTOR('',#16045,1.);
#16045 = DIRECTION('',(0.,0.,1.));
#16046 = ORIENTED_EDGE('',*,*,#16047,.T.);
#16047 = EDGE_CURVE('',#16040,#16018,#16048,.T.);
#16048 = CIRCLE('',#16049,3.174);
#16049 = AXIS2_PLACEMENT_3D('',#16050,#16051,#16052);
#16050 = CARTESIAN_POINT('',(322.40979828643,267.65951097962,
    -19.09033817672));
#16051 = DIRECTION('',(0.,-0.,1.));
#16052 = DIRECTION('',(0.707106781187,0.707106781187,0.));
#16053 = ORIENTED_EDGE('',*,*,#16017,.T.);
#16054 = ORIENTED_EDGE('',*,*,#4077,.F.);
#16055 = CYLINDRICAL_SURFACE('',#16056,3.174);
#16056 = AXIS2_PLACEMENT_3D('',#16057,#16058,#16059);
#16057 = CARTESIAN_POINT('',(322.40979828643,267.65951097962,
    -19.09033817672));
#16058 = DIRECTION('',(0.,0.,1.));
#16059 = DIRECTION('',(0.707106781187,0.707106781187,0.));
#16060 = ADVANCED_FACE('',(#16061),#16079,.T.);
#16061 = FACE_BOUND('',#16062,.T.);
#16062 = EDGE_LOOP('',(#16063,#16064,#16072,#16078));
#16063 = ORIENTED_EDGE('',*,*,#16039,.F.);
#16064 = ORIENTED_EDGE('',*,*,#16065,.F.);
#16065 = EDGE_CURVE('',#16066,#16040,#16068,.T.);
#16066 = VERTEX_POINT('',#16067);
#16067 = CARTESIAN_POINT('',(335.7288617787,258.82916133431,
    -19.09033817672));
#16068 = LINE('',#16069,#16070);
#16069 = CARTESIAN_POINT('',(337.97321870219,256.58480441083,
    -19.09033817672));
#16070 = VECTOR('',#16071,1.);
#16071 = DIRECTION('',(-0.707106781187,0.707106781187,0.));
#16072 = ORIENTED_EDGE('',*,*,#16073,.T.);
#16073 = EDGE_CURVE('',#16066,#4087,#16074,.T.);
#16074 = LINE('',#16075,#16076);
#16075 = CARTESIAN_POINT('',(335.7288617787,258.82916133431,
    -19.09033817672));
#16076 = VECTOR('',#16077,1.);
#16077 = DIRECTION('',(0.,0.,1.));
#16078 = ORIENTED_EDGE('',*,*,#4086,.F.);
#16079 = PLANE('',#16080);
#16080 = AXIS2_PLACEMENT_3D('',#16081,#16082,#16083);
#16081 = CARTESIAN_POINT('',(337.97321870219,256.58480441083,
    -19.09033817672));
#16082 = DIRECTION('',(-0.707106781187,-0.707106781187,0.));
#16083 = DIRECTION('',(0.,0.,1.));
#16084 = ADVANCED_FACE('',(#16085),#16097,.F.);
#16085 = FACE_BOUND('',#16086,.F.);
#16086 = EDGE_LOOP('',(#16087,#16088,#16095,#16096));
#16087 = ORIENTED_EDGE('',*,*,#15960,.F.);
#16088 = ORIENTED_EDGE('',*,*,#16089,.T.);
#16089 = EDGE_CURVE('',#15961,#16066,#16090,.T.);
#16090 = CIRCLE('',#16091,3.174);
#16091 = AXIS2_PLACEMENT_3D('',#16092,#16093,#16094);
#16092 = CARTESIAN_POINT('',(333.48450485522,256.58480441083,
    -19.09033817672));
#16093 = DIRECTION('',(0.,-0.,1.));
#16094 = DIRECTION('',(0.707106781187,0.707106781187,0.));
#16095 = ORIENTED_EDGE('',*,*,#16073,.T.);
#16096 = ORIENTED_EDGE('',*,*,#4094,.F.);
#16097 = CYLINDRICAL_SURFACE('',#16098,3.174);
#16098 = AXIS2_PLACEMENT_3D('',#16099,#16100,#16101);
#16099 = CARTESIAN_POINT('',(333.48450485522,256.58480441083,
    -19.09033817672));
#16100 = DIRECTION('',(0.,0.,1.));
#16101 = DIRECTION('',(0.707106781187,-0.707106781187,0.));
#16102 = ADVANCED_FACE('',(#16103),#16114,.F.);
#16103 = FACE_BOUND('',#16104,.F.);
#16104 = EDGE_LOOP('',(#16105,#16106,#16112,#16113));
#16105 = ORIENTED_EDGE('',*,*,#15999,.F.);
#16106 = ORIENTED_EDGE('',*,*,#16107,.F.);
#16107 = EDGE_CURVE('',#15934,#15991,#16108,.T.);
#16108 = LINE('',#16109,#16110);
#16109 = CARTESIAN_POINT('',(323.84663931166,242.45822502029,
    -19.09033817672));
#16110 = VECTOR('',#16111,1.);
#16111 = DIRECTION('',(-0.707106781187,0.707106781187,0.));
#16112 = ORIENTED_EDGE('',*,*,#15942,.T.);
#16113 = ORIENTED_EDGE('',*,*,#4129,.F.);
#16114 = PLANE('',#16115);
#16115 = AXIS2_PLACEMENT_3D('',#16116,#16117,#16118);
#16116 = CARTESIAN_POINT('',(323.84663931166,242.45822502029,
    -19.09033817672));
#16117 = DIRECTION('',(-0.707106781187,-0.707106781187,0.));
#16118 = DIRECTION('',(0.,0.,1.));
#16119 = ADVANCED_FACE('',(#16120),#16130,.T.);
#16120 = FACE_BOUND('',#16121,.T.);
#16121 = EDGE_LOOP('',(#16122,#16123,#16124,#16125,#16126,#16127,#16128,
    #16129));
#16122 = ORIENTED_EDGE('',*,*,#16025,.T.);
#16123 = ORIENTED_EDGE('',*,*,#15990,.T.);
#16124 = ORIENTED_EDGE('',*,*,#16107,.F.);
#16125 = ORIENTED_EDGE('',*,*,#15933,.F.);
#16126 = ORIENTED_EDGE('',*,*,#15968,.F.);
#16127 = ORIENTED_EDGE('',*,*,#16089,.T.);
#16128 = ORIENTED_EDGE('',*,*,#16065,.T.);
#16129 = ORIENTED_EDGE('',*,*,#16047,.T.);
#16130 = PLANE('',#16131);
#16131 = AXIS2_PLACEMENT_3D('',#16132,#16133,#16134);
#16132 = CARTESIAN_POINT('',(337.97321870219,256.58480441083,
    -19.09033817672));
#16133 = DIRECTION('',(0.,0.,1.));
#16134 = DIRECTION('',(-0.707106781187,0.707106781187,0.));
#16135 = ADVANCED_FACE('',(#16136),#16163,.F.);
#16136 = FACE_BOUND('',#16137,.T.);
#16137 = EDGE_LOOP('',(#16138,#16146,#16155,#16161,#16162));
#16138 = ORIENTED_EDGE('',*,*,#16139,.F.);
#16139 = EDGE_CURVE('',#16140,#4192,#16142,.T.);
#16140 = VERTEX_POINT('',#16141);
#16141 = CARTESIAN_POINT('',(584.16575226191,118.77264453361,
    -19.09033817672));
#16142 = LINE('',#16143,#16144);
#16143 = CARTESIAN_POINT('',(584.16575226191,118.77264453361,
    -19.09033817672));
#16144 = VECTOR('',#16145,1.);
#16145 = DIRECTION('',(0.,0.,1.));
#16146 = ORIENTED_EDGE('',*,*,#16147,.T.);
#16147 = EDGE_CURVE('',#16140,#16148,#16150,.T.);
#16148 = VERTEX_POINT('',#16149);
#16149 = CARTESIAN_POINT('',(584.25071212898,114.2847347951,
    -19.09033817672));
#16150 = CIRCLE('',#16151,3.174);
#16151 = AXIS2_PLACEMENT_3D('',#16152,#16153,#16154);
#16152 = CARTESIAN_POINT('',(581.96427732619,116.48620973082,
    -19.09033817672));
#16153 = DIRECTION('',(0.,0.,-1.));
#16154 = DIRECTION('',(-0.720363832007,0.693596388065,0.));
#16155 = ORIENTED_EDGE('',*,*,#16156,.T.);
#16156 = EDGE_CURVE('',#16148,#4209,#16157,.T.);
#16157 = LINE('',#16158,#16159);
#16158 = CARTESIAN_POINT('',(584.25071212898,114.2847347951,
    -19.09033817672));
#16159 = VECTOR('',#16160,1.);
#16160 = DIRECTION('',(0.,0.,1.));
#16161 = ORIENTED_EDGE('',*,*,#4208,.T.);
#16162 = ORIENTED_EDGE('',*,*,#4199,.T.);
#16163 = CYLINDRICAL_SURFACE('',#16164,3.174);
#16164 = AXIS2_PLACEMENT_3D('',#16165,#16166,#16167);
#16165 = CARTESIAN_POINT('',(581.96427732619,116.48620973082,
    -19.09033817672));
#16166 = DIRECTION('',(0.,0.,1.));
#16167 = DIRECTION('',(0.693596388065,0.720363832007,0.));
#16168 = ADVANCED_FACE('',(#16169),#16187,.T.);
#16169 = FACE_BOUND('',#16170,.T.);
#16170 = EDGE_LOOP('',(#16171,#16172,#16173,#16181));
#16171 = ORIENTED_EDGE('',*,*,#16139,.T.);
#16172 = ORIENTED_EDGE('',*,*,#4191,.F.);
#16173 = ORIENTED_EDGE('',*,*,#16174,.F.);
#16174 = EDGE_CURVE('',#16175,#4183,#16177,.T.);
#16175 = VERTEX_POINT('',#16176);
#16176 = CARTESIAN_POINT('',(574.34719311349,128.2263634167,
    -19.09033817672));
#16177 = LINE('',#16178,#16179);
#16178 = CARTESIAN_POINT('',(574.34719311349,128.2263634167,
    -19.09033817672));
#16179 = VECTOR('',#16180,1.);
#16180 = DIRECTION('',(0.,0.,1.));
#16181 = ORIENTED_EDGE('',*,*,#16182,.T.);
#16182 = EDGE_CURVE('',#16175,#16140,#16183,.T.);
#16183 = LINE('',#16184,#16185);
#16184 = CARTESIAN_POINT('',(572.0607583107,130.42783835242,
    -19.09033817672));
#16185 = VECTOR('',#16186,1.);
#16186 = DIRECTION('',(0.720363832007,-0.693596388065,0.));
#16187 = PLANE('',#16188);
#16188 = AXIS2_PLACEMENT_3D('',#16189,#16190,#16191);
#16189 = CARTESIAN_POINT('',(572.0607583107,130.42783835242,
    -19.09033817672));
#16190 = DIRECTION('',(-0.693596388065,-0.720363832007,0.));
#16191 = DIRECTION('',(0.,0.,1.));
#16192 = ADVANCED_FACE('',(#16193),#16220,.F.);
#16193 = FACE_BOUND('',#16194,.F.);
#16194 = EDGE_LOOP('',(#16195,#16203,#16212,#16218,#16219));
#16195 = ORIENTED_EDGE('',*,*,#16196,.F.);
#16196 = EDGE_CURVE('',#16197,#4147,#16199,.T.);
#16197 = VERTEX_POINT('',#16198);
#16198 = CARTESIAN_POINT('',(568.89969560185,102.91743642626,
    -19.09033817672));
#16199 = LINE('',#16200,#16201);
#16200 = CARTESIAN_POINT('',(568.89969560185,102.91743642626,
    -19.09033817672));
#16201 = VECTOR('',#16202,1.);
#16202 = DIRECTION('',(0.,0.,1.));
#16203 = ORIENTED_EDGE('',*,*,#16204,.T.);
#16204 = EDGE_CURVE('',#16197,#16205,#16207,.T.);
#16205 = VERTEX_POINT('',#16206);
#16206 = CARTESIAN_POINT('',(573.38760534036,103.00239629333,
    -19.09033817672));
#16207 = CIRCLE('',#16208,3.174);
#16208 = AXIS2_PLACEMENT_3D('',#16209,#16210,#16211);
#16209 = CARTESIAN_POINT('',(571.10117053757,105.20387122905,
    -19.09033817672));
#16210 = DIRECTION('',(0.,0.,1.));
#16211 = DIRECTION('',(-0.720363832007,0.693596388065,0.));
#16212 = ORIENTED_EDGE('',*,*,#16213,.T.);
#16213 = EDGE_CURVE('',#16205,#4218,#16214,.T.);
#16214 = LINE('',#16215,#16216);
#16215 = CARTESIAN_POINT('',(573.38760534036,103.00239629333,
    -19.09033817672));
#16216 = VECTOR('',#16217,1.);
#16217 = DIRECTION('',(0.,0.,1.));
#16218 = ORIENTED_EDGE('',*,*,#4225,.F.);
#16219 = ORIENTED_EDGE('',*,*,#4146,.F.);
#16220 = CYLINDRICAL_SURFACE('',#16221,3.174);
#16221 = AXIS2_PLACEMENT_3D('',#16222,#16223,#16224);
#16222 = CARTESIAN_POINT('',(571.10117053757,105.20387122905,
    -19.09033817672));
#16223 = DIRECTION('',(0.,0.,1.));
#16224 = DIRECTION('',(-0.693596388065,-0.720363832007,0.));
#16225 = ADVANCED_FACE('',(#16226),#16244,.F.);
#16226 = FACE_BOUND('',#16227,.F.);
#16227 = EDGE_LOOP('',(#16228,#16229,#16230,#16238));
#16228 = ORIENTED_EDGE('',*,*,#16196,.T.);
#16229 = ORIENTED_EDGE('',*,*,#4157,.F.);
#16230 = ORIENTED_EDGE('',*,*,#16231,.F.);
#16231 = EDGE_CURVE('',#16232,#4158,#16234,.T.);
#16232 = VERTEX_POINT('',#16233);
#16233 = CARTESIAN_POINT('',(559.08113645344,112.37115530935,
    -19.09033817672));
#16234 = LINE('',#16235,#16236);
#16235 = CARTESIAN_POINT('',(559.08113645344,112.37115530935,
    -19.09033817672));
#16236 = VECTOR('',#16237,1.);
#16237 = DIRECTION('',(0.,0.,1.));
#16238 = ORIENTED_EDGE('',*,*,#16239,.T.);
#16239 = EDGE_CURVE('',#16232,#16197,#16240,.T.);
#16240 = LINE('',#16241,#16242);
#16241 = CARTESIAN_POINT('',(556.79470165065,114.57263024507,
    -19.09033817672));
#16242 = VECTOR('',#16243,1.);
#16243 = DIRECTION('',(0.720363832007,-0.693596388065,0.));
#16244 = PLANE('',#16245);
#16245 = AXIS2_PLACEMENT_3D('',#16246,#16247,#16248);
#16246 = CARTESIAN_POINT('',(556.79470165065,114.57263024507,
    -19.09033817672));
#16247 = DIRECTION('',(-0.693596388065,-0.720363832007,0.));
#16248 = DIRECTION('',(0.,0.,1.));
#16249 = ADVANCED_FACE('',(#16250),#16269,.F.);
#16250 = FACE_BOUND('',#16251,.F.);
#16251 = EDGE_LOOP('',(#16252,#16260,#16267,#16268));
#16252 = ORIENTED_EDGE('',*,*,#16253,.F.);
#16253 = EDGE_CURVE('',#16254,#4166,#16256,.T.);
#16254 = VERTEX_POINT('',#16255);
#16255 = CARTESIAN_POINT('',(558.99617658636,116.85906504786,
    -19.09033817672));
#16256 = LINE('',#16257,#16258);
#16257 = CARTESIAN_POINT('',(558.99617658636,116.85906504786,
    -19.09033817672));
#16258 = VECTOR('',#16259,1.);
#16259 = DIRECTION('',(0.,0.,1.));
#16260 = ORIENTED_EDGE('',*,*,#16261,.T.);
#16261 = EDGE_CURVE('',#16254,#16232,#16262,.T.);
#16262 = CIRCLE('',#16263,3.174);
#16263 = AXIS2_PLACEMENT_3D('',#16264,#16265,#16266);
#16264 = CARTESIAN_POINT('',(561.28261138915,114.65759011214,
    -19.09033817672));
#16265 = DIRECTION('',(0.,0.,1.));
#16266 = DIRECTION('',(-0.720363832007,0.693596388065,0.));
#16267 = ORIENTED_EDGE('',*,*,#16231,.T.);
#16268 = ORIENTED_EDGE('',*,*,#4165,.F.);
#16269 = CYLINDRICAL_SURFACE('',#16270,3.174);
#16270 = AXIS2_PLACEMENT_3D('',#16271,#16272,#16273);
#16271 = CARTESIAN_POINT('',(561.28261138915,114.65759011214,
    -19.09033817672));
#16272 = DIRECTION('',(0.,0.,1.));
#16273 = DIRECTION('',(-0.720363832007,0.693596388065,0.));
#16274 = ADVANCED_FACE('',(#16275),#16293,.T.);
#16275 = FACE_BOUND('',#16276,.T.);
#16276 = EDGE_LOOP('',(#16277,#16278,#16286,#16292));
#16277 = ORIENTED_EDGE('',*,*,#16253,.F.);
#16278 = ORIENTED_EDGE('',*,*,#16279,.F.);
#16279 = EDGE_CURVE('',#16280,#16254,#16282,.T.);
#16280 = VERTEX_POINT('',#16281);
#16281 = CARTESIAN_POINT('',(569.85928337499,128.14140354963,
    -19.09033817672));
#16282 = LINE('',#16283,#16284);
#16283 = CARTESIAN_POINT('',(572.0607583107,130.42783835242,
    -19.09033817672));
#16284 = VECTOR('',#16285,1.);
#16285 = DIRECTION('',(-0.693596388065,-0.720363832007,0.));
#16286 = ORIENTED_EDGE('',*,*,#16287,.T.);
#16287 = EDGE_CURVE('',#16280,#4175,#16288,.T.);
#16288 = LINE('',#16289,#16290);
#16289 = CARTESIAN_POINT('',(569.85928337499,128.14140354963,
    -19.09033817672));
#16290 = VECTOR('',#16291,1.);
#16291 = DIRECTION('',(0.,0.,1.));
#16292 = ORIENTED_EDGE('',*,*,#4174,.F.);
#16293 = PLANE('',#16294);
#16294 = AXIS2_PLACEMENT_3D('',#16295,#16296,#16297);
#16295 = CARTESIAN_POINT('',(572.0607583107,130.42783835242,
    -19.09033817672));
#16296 = DIRECTION('',(0.720363832007,-0.693596388065,0.));
#16297 = DIRECTION('',(0.,0.,1.));
#16298 = ADVANCED_FACE('',(#16299),#16311,.F.);
#16299 = FACE_BOUND('',#16300,.F.);
#16300 = EDGE_LOOP('',(#16301,#16302,#16309,#16310));
#16301 = ORIENTED_EDGE('',*,*,#16174,.F.);
#16302 = ORIENTED_EDGE('',*,*,#16303,.T.);
#16303 = EDGE_CURVE('',#16175,#16280,#16304,.T.);
#16304 = CIRCLE('',#16305,3.174);
#16305 = AXIS2_PLACEMENT_3D('',#16306,#16307,#16308);
#16306 = CARTESIAN_POINT('',(572.14571817777,125.93992861391,
    -19.09033817672));
#16307 = DIRECTION('',(0.,0.,1.));
#16308 = DIRECTION('',(-0.720363832007,0.693596388065,0.));
#16309 = ORIENTED_EDGE('',*,*,#16287,.T.);
#16310 = ORIENTED_EDGE('',*,*,#4182,.F.);
#16311 = CYLINDRICAL_SURFACE('',#16312,3.174);
#16312 = AXIS2_PLACEMENT_3D('',#16313,#16314,#16315);
#16313 = CARTESIAN_POINT('',(572.14571817777,125.93992861391,
    -19.09033817672));
#16314 = DIRECTION('',(0.,0.,1.));
#16315 = DIRECTION('',(0.693596388065,0.720363832007,0.));
#16316 = ADVANCED_FACE('',(#16317),#16328,.F.);
#16317 = FACE_BOUND('',#16318,.F.);
#16318 = EDGE_LOOP('',(#16319,#16320,#16326,#16327));
#16319 = ORIENTED_EDGE('',*,*,#16213,.F.);
#16320 = ORIENTED_EDGE('',*,*,#16321,.F.);
#16321 = EDGE_CURVE('',#16148,#16205,#16322,.T.);
#16322 = LINE('',#16323,#16324);
#16323 = CARTESIAN_POINT('',(586.4521870647,116.57116959789,
    -19.09033817672));
#16324 = VECTOR('',#16325,1.);
#16325 = DIRECTION('',(-0.693596388065,-0.720363832007,0.));
#16326 = ORIENTED_EDGE('',*,*,#16156,.T.);
#16327 = ORIENTED_EDGE('',*,*,#4217,.F.);
#16328 = PLANE('',#16329);
#16329 = AXIS2_PLACEMENT_3D('',#16330,#16331,#16332);
#16330 = CARTESIAN_POINT('',(586.4521870647,116.57116959789,
    -19.09033817672));
#16331 = DIRECTION('',(0.720363832007,-0.693596388065,0.));
#16332 = DIRECTION('',(0.,0.,1.));
#16333 = ADVANCED_FACE('',(#16334),#16344,.T.);
#16334 = FACE_BOUND('',#16335,.T.);
#16335 = EDGE_LOOP('',(#16336,#16337,#16338,#16339,#16340,#16341,#16342,
    #16343));
#16336 = ORIENTED_EDGE('',*,*,#16239,.T.);
#16337 = ORIENTED_EDGE('',*,*,#16204,.T.);
#16338 = ORIENTED_EDGE('',*,*,#16321,.F.);
#16339 = ORIENTED_EDGE('',*,*,#16147,.F.);
#16340 = ORIENTED_EDGE('',*,*,#16182,.F.);
#16341 = ORIENTED_EDGE('',*,*,#16303,.T.);
#16342 = ORIENTED_EDGE('',*,*,#16279,.T.);
#16343 = ORIENTED_EDGE('',*,*,#16261,.T.);
#16344 = PLANE('',#16345);
#16345 = AXIS2_PLACEMENT_3D('',#16346,#16347,#16348);
#16346 = CARTESIAN_POINT('',(572.0607583107,130.42783835242,
    -19.09033817672));
#16347 = DIRECTION('',(0.,0.,1.));
#16348 = DIRECTION('',(-0.693596388065,-0.720363832007,0.));
#16349 = ADVANCED_FACE('',(#16350),#16377,.F.);
#16350 = FACE_BOUND('',#16351,.T.);
#16351 = EDGE_LOOP('',(#16352,#16360,#16369,#16375,#16376));
#16352 = ORIENTED_EDGE('',*,*,#16353,.F.);
#16353 = EDGE_CURVE('',#16354,#4280,#16356,.T.);
#16354 = VERTEX_POINT('',#16355);
#16355 = CARTESIAN_POINT('',(136.53314751813,9.725406653387,
    -19.09033817672));
#16356 = LINE('',#16357,#16358);
#16357 = CARTESIAN_POINT('',(136.53314751813,9.725406653387,
    -19.09033817672));
#16358 = VECTOR('',#16359,1.);
#16359 = DIRECTION('',(0.,0.,1.));
#16360 = ORIENTED_EDGE('',*,*,#16361,.T.);
#16361 = EDGE_CURVE('',#16354,#16362,#16364,.T.);
#16362 = VERTEX_POINT('',#16363);
#16363 = CARTESIAN_POINT('',(139.64650322944,12.958913760975,
    -19.09033817672));
#16364 = CIRCLE('',#16365,3.174);
#16365 = AXIS2_PLACEMENT_3D('',#16366,#16367,#16368);
#16366 = CARTESIAN_POINT('',(139.70657892758,9.785482351523,
    -19.09033817672));
#16367 = DIRECTION('',(0.,-0.,-1.));
#16368 = DIRECTION('',(1.89274411266E-02,-0.999820859941,0.));
#16369 = ORIENTED_EDGE('',*,*,#16370,.T.);
#16370 = EDGE_CURVE('',#16362,#4297,#16371,.T.);
#16371 = LINE('',#16372,#16373);
#16372 = CARTESIAN_POINT('',(139.64650322944,12.958913760975,
    -19.09033817672));
#16373 = VECTOR('',#16374,1.);
#16374 = DIRECTION('',(0.,0.,1.));
#16375 = ORIENTED_EDGE('',*,*,#4296,.T.);
#16376 = ORIENTED_EDGE('',*,*,#4287,.T.);
#16377 = CYLINDRICAL_SURFACE('',#16378,3.174);
#16378 = AXIS2_PLACEMENT_3D('',#16379,#16380,#16381);
#16379 = CARTESIAN_POINT('',(139.70657892758,9.785482351523,
    -19.09033817672));
#16380 = DIRECTION('',(0.,0.,1.));
#16381 = DIRECTION('',(-0.999820859941,-1.89274411266E-02,0.));
#16382 = ADVANCED_FACE('',(#16383),#16401,.T.);
#16383 = FACE_BOUND('',#16384,.T.);
#16384 = EDGE_LOOP('',(#16385,#16386,#16387,#16395));
#16385 = ORIENTED_EDGE('',*,*,#16353,.T.);
#16386 = ORIENTED_EDGE('',*,*,#4279,.F.);
#16387 = ORIENTED_EDGE('',*,*,#16388,.F.);
#16388 = EDGE_CURVE('',#16389,#4271,#16391,.T.);
#16389 = VERTEX_POINT('',#16390);
#16390 = CARTESIAN_POINT('',(136.79112854379,-3.902151831606,
    -19.09033817672));
#16391 = LINE('',#16392,#16393);
#16392 = CARTESIAN_POINT('',(136.79112854379,-3.902151831606,
    -19.09033817672));
#16393 = VECTOR('',#16394,1.);
#16394 = DIRECTION('',(0.,0.,1.));
#16395 = ORIENTED_EDGE('',*,*,#16396,.T.);
#16396 = EDGE_CURVE('',#16389,#16354,#16397,.T.);
#16397 = LINE('',#16398,#16399);
#16398 = CARTESIAN_POINT('',(136.85120424193,-7.075583241058,
    -19.09033817672));
#16399 = VECTOR('',#16400,1.);
#16400 = DIRECTION('',(-1.89274411266E-02,0.999820859941,0.));
#16401 = PLANE('',#16402);
#16402 = AXIS2_PLACEMENT_3D('',#16403,#16404,#16405);
#16403 = CARTESIAN_POINT('',(136.85120424193,-7.075583241058,
    -19.09033817672));
#16404 = DIRECTION('',(0.999820859941,1.89274411266E-02,0.));
#16405 = DIRECTION('',(0.,0.,1.));
#16406 = ADVANCED_FACE('',(#16407),#16434,.F.);
#16407 = FACE_BOUND('',#16408,.F.);
#16408 = EDGE_LOOP('',(#16409,#16417,#16426,#16432,#16433));
#16409 = ORIENTED_EDGE('',*,*,#16410,.F.);
#16410 = EDGE_CURVE('',#16411,#4235,#16413,.T.);
#16411 = VERTEX_POINT('',#16412);
#16412 = CARTESIAN_POINT('',(158.53920487426,10.141999636916,
    -19.09033817672));
#16413 = LINE('',#16414,#16415);
#16414 = CARTESIAN_POINT('',(158.53920487426,10.141999636916,
    -19.09033817672));
#16415 = VECTOR('',#16416,1.);
#16416 = DIRECTION('',(0.,0.,1.));
#16417 = ORIENTED_EDGE('',*,*,#16418,.T.);
#16418 = EDGE_CURVE('',#16411,#16419,#16421,.T.);
#16419 = VERTEX_POINT('',#16420);
#16420 = CARTESIAN_POINT('',(155.30569776668,13.255355348232,
    -19.09033817672));
#16421 = CIRCLE('',#16422,3.174);
#16422 = AXIS2_PLACEMENT_3D('',#16423,#16424,#16425);
#16423 = CARTESIAN_POINT('',(155.36577346481,10.08192393878,
    -19.09033817672));
#16424 = DIRECTION('',(-0.,0.,1.));
#16425 = DIRECTION('',(1.89274411266E-02,-0.999820859941,0.));
#16426 = ORIENTED_EDGE('',*,*,#16427,.T.);
#16427 = EDGE_CURVE('',#16419,#4306,#16428,.T.);
#16428 = LINE('',#16429,#16430);
#16429 = CARTESIAN_POINT('',(155.30569776668,13.255355348232,
    -19.09033817672));
#16430 = VECTOR('',#16431,1.);
#16431 = DIRECTION('',(0.,0.,1.));
#16432 = ORIENTED_EDGE('',*,*,#4313,.F.);
#16433 = ORIENTED_EDGE('',*,*,#4234,.F.);
#16434 = CYLINDRICAL_SURFACE('',#16435,3.174);
#16435 = AXIS2_PLACEMENT_3D('',#16436,#16437,#16438);
#16436 = CARTESIAN_POINT('',(155.36577346481,10.08192393878,
    -19.09033817672));
#16437 = DIRECTION('',(0.,0.,1.));
#16438 = DIRECTION('',(0.999820859941,1.89274411266E-02,0.));
#16439 = ADVANCED_FACE('',(#16440),#16458,.F.);
#16440 = FACE_BOUND('',#16441,.F.);
#16441 = EDGE_LOOP('',(#16442,#16443,#16444,#16452));
#16442 = ORIENTED_EDGE('',*,*,#16410,.T.);
#16443 = ORIENTED_EDGE('',*,*,#4245,.F.);
#16444 = ORIENTED_EDGE('',*,*,#16445,.F.);
#16445 = EDGE_CURVE('',#16446,#4246,#16448,.T.);
#16446 = VERTEX_POINT('',#16447);
#16447 = CARTESIAN_POINT('',(158.79718589992,-3.485558848077,
    -19.09033817672));
#16448 = LINE('',#16449,#16450);
#16449 = CARTESIAN_POINT('',(158.79718589992,-3.485558848077,
    -19.09033817672));
#16450 = VECTOR('',#16451,1.);
#16451 = DIRECTION('',(0.,0.,1.));
#16452 = ORIENTED_EDGE('',*,*,#16453,.T.);
#16453 = EDGE_CURVE('',#16446,#16411,#16454,.T.);
#16454 = LINE('',#16455,#16456);
#16455 = CARTESIAN_POINT('',(158.85726159806,-6.658990257529,
    -19.09033817672));
#16456 = VECTOR('',#16457,1.);
#16457 = DIRECTION('',(-1.89274411266E-02,0.999820859941,0.));
#16458 = PLANE('',#16459);
#16459 = AXIS2_PLACEMENT_3D('',#16460,#16461,#16462);
#16460 = CARTESIAN_POINT('',(158.85726159806,-6.658990257529,
    -19.09033817672));
#16461 = DIRECTION('',(0.999820859941,1.89274411266E-02,0.));
#16462 = DIRECTION('',(0.,0.,1.));
#16463 = ADVANCED_FACE('',(#16464),#16483,.F.);
#16464 = FACE_BOUND('',#16465,.F.);
#16465 = EDGE_LOOP('',(#16466,#16474,#16481,#16482));
#16466 = ORIENTED_EDGE('',*,*,#16467,.F.);
#16467 = EDGE_CURVE('',#16468,#4254,#16470,.T.);
#16468 = VERTEX_POINT('',#16469);
#16469 = CARTESIAN_POINT('',(155.68383018861,-6.719065955665,
    -19.09033817672));
#16470 = LINE('',#16471,#16472);
#16471 = CARTESIAN_POINT('',(155.68383018861,-6.719065955665,
    -19.09033817672));
#16472 = VECTOR('',#16473,1.);
#16473 = DIRECTION('',(0.,0.,1.));
#16474 = ORIENTED_EDGE('',*,*,#16475,.T.);
#16475 = EDGE_CURVE('',#16468,#16446,#16476,.T.);
#16476 = CIRCLE('',#16477,3.174);
#16477 = AXIS2_PLACEMENT_3D('',#16478,#16479,#16480);
#16478 = CARTESIAN_POINT('',(155.62375449047,-3.545634546213,
    -19.09033817672));
#16479 = DIRECTION('',(-0.,0.,1.));
#16480 = DIRECTION('',(1.89274411266E-02,-0.999820859941,0.));
#16481 = ORIENTED_EDGE('',*,*,#16445,.T.);
#16482 = ORIENTED_EDGE('',*,*,#4253,.F.);
#16483 = CYLINDRICAL_SURFACE('',#16484,3.174);
#16484 = AXIS2_PLACEMENT_3D('',#16485,#16486,#16487);
#16485 = CARTESIAN_POINT('',(155.62375449047,-3.545634546213,
    -19.09033817672));
#16486 = DIRECTION('',(0.,0.,1.));
#16487 = DIRECTION('',(1.89274411266E-02,-0.999820859941,0.));
#16488 = ADVANCED_FACE('',(#16489),#16507,.T.);
#16489 = FACE_BOUND('',#16490,.T.);
#16490 = EDGE_LOOP('',(#16491,#16492,#16500,#16506));
#16491 = ORIENTED_EDGE('',*,*,#16467,.F.);
#16492 = ORIENTED_EDGE('',*,*,#16493,.F.);
#16493 = EDGE_CURVE('',#16494,#16468,#16496,.T.);
#16494 = VERTEX_POINT('',#16495);
#16495 = CARTESIAN_POINT('',(140.02463565138,-7.015507542922,
    -19.09033817672));
#16496 = LINE('',#16497,#16498);
#16497 = CARTESIAN_POINT('',(136.85120424193,-7.075583241058,
    -19.09033817672));
#16498 = VECTOR('',#16499,1.);
#16499 = DIRECTION('',(0.999820859941,1.89274411266E-02,0.));
#16500 = ORIENTED_EDGE('',*,*,#16501,.T.);
#16501 = EDGE_CURVE('',#16494,#4263,#16502,.T.);
#16502 = LINE('',#16503,#16504);
#16503 = CARTESIAN_POINT('',(140.02463565138,-7.015507542922,
    -19.09033817672));
#16504 = VECTOR('',#16505,1.);
#16505 = DIRECTION('',(0.,0.,1.));
#16506 = ORIENTED_EDGE('',*,*,#4262,.F.);
#16507 = PLANE('',#16508);
#16508 = AXIS2_PLACEMENT_3D('',#16509,#16510,#16511);
#16509 = CARTESIAN_POINT('',(136.85120424193,-7.075583241058,
    -19.09033817672));
#16510 = DIRECTION('',(-1.89274411266E-02,0.999820859941,0.));
#16511 = DIRECTION('',(0.,0.,1.));
#16512 = ADVANCED_FACE('',(#16513),#16525,.F.);
#16513 = FACE_BOUND('',#16514,.F.);
#16514 = EDGE_LOOP('',(#16515,#16516,#16523,#16524));
#16515 = ORIENTED_EDGE('',*,*,#16388,.F.);
#16516 = ORIENTED_EDGE('',*,*,#16517,.T.);
#16517 = EDGE_CURVE('',#16389,#16494,#16518,.T.);
#16518 = CIRCLE('',#16519,3.174);
#16519 = AXIS2_PLACEMENT_3D('',#16520,#16521,#16522);
#16520 = CARTESIAN_POINT('',(139.96455995324,-3.84207613347,
    -19.09033817672));
#16521 = DIRECTION('',(-0.,0.,1.));
#16522 = DIRECTION('',(1.89274411266E-02,-0.999820859941,0.));
#16523 = ORIENTED_EDGE('',*,*,#16501,.T.);
#16524 = ORIENTED_EDGE('',*,*,#4270,.F.);
#16525 = CYLINDRICAL_SURFACE('',#16526,3.174);
#16526 = AXIS2_PLACEMENT_3D('',#16527,#16528,#16529);
#16527 = CARTESIAN_POINT('',(139.96455995324,-3.84207613347,
    -19.09033817672));
#16528 = DIRECTION('',(0.,0.,1.));
#16529 = DIRECTION('',(-0.999820859941,-1.89274411266E-02,0.));
#16530 = ADVANCED_FACE('',(#16531),#16542,.F.);
#16531 = FACE_BOUND('',#16532,.F.);
#16532 = EDGE_LOOP('',(#16533,#16534,#16540,#16541));
#16533 = ORIENTED_EDGE('',*,*,#16427,.F.);
#16534 = ORIENTED_EDGE('',*,*,#16535,.F.);
#16535 = EDGE_CURVE('',#16362,#16419,#16536,.T.);
#16536 = LINE('',#16537,#16538);
#16537 = CARTESIAN_POINT('',(136.47307181999,12.898838062839,
    -19.09033817672));
#16538 = VECTOR('',#16539,1.);
#16539 = DIRECTION('',(0.999820859941,1.89274411266E-02,0.));
#16540 = ORIENTED_EDGE('',*,*,#16370,.T.);
#16541 = ORIENTED_EDGE('',*,*,#4305,.F.);
#16542 = PLANE('',#16543);
#16543 = AXIS2_PLACEMENT_3D('',#16544,#16545,#16546);
#16544 = CARTESIAN_POINT('',(136.47307181999,12.898838062839,
    -19.09033817672));
#16545 = DIRECTION('',(-1.89274411266E-02,0.999820859941,0.));
#16546 = DIRECTION('',(0.,0.,1.));
#16547 = ADVANCED_FACE('',(#16548),#16558,.T.);
#16548 = FACE_BOUND('',#16549,.T.);
#16549 = EDGE_LOOP('',(#16550,#16551,#16552,#16553,#16554,#16555,#16556,
    #16557));
#16550 = ORIENTED_EDGE('',*,*,#16453,.T.);
#16551 = ORIENTED_EDGE('',*,*,#16418,.T.);
#16552 = ORIENTED_EDGE('',*,*,#16535,.F.);
#16553 = ORIENTED_EDGE('',*,*,#16361,.F.);
#16554 = ORIENTED_EDGE('',*,*,#16396,.F.);
#16555 = ORIENTED_EDGE('',*,*,#16517,.T.);
#16556 = ORIENTED_EDGE('',*,*,#16493,.T.);
#16557 = ORIENTED_EDGE('',*,*,#16475,.T.);
#16558 = PLANE('',#16559);
#16559 = AXIS2_PLACEMENT_3D('',#16560,#16561,#16562);
#16560 = CARTESIAN_POINT('',(136.85120424193,-7.075583241058,
    -19.09033817672));
#16561 = DIRECTION('',(0.,0.,1.));
#16562 = DIRECTION('',(0.999820859941,1.89274411266E-02,0.));
#16563 = ADVANCED_FACE('',(#16564),#16591,.F.);
#16564 = FACE_BOUND('',#16565,.T.);
#16565 = EDGE_LOOP('',(#16566,#16574,#16583,#16589,#16590));
#16566 = ORIENTED_EDGE('',*,*,#16567,.F.);
#16567 = EDGE_CURVE('',#16568,#4325,#16570,.T.);
#16568 = VERTEX_POINT('',#16569);
#16569 = CARTESIAN_POINT('',(160.88379333627,337.42426808317,
    -19.09033817672));
#16570 = LINE('',#16571,#16572);
#16571 = CARTESIAN_POINT('',(160.88379333627,337.42426808317,
    -19.09033817672));
#16572 = VECTOR('',#16573,1.);
#16573 = DIRECTION('',(0.,0.,1.));
#16574 = ORIENTED_EDGE('',*,*,#16575,.T.);
#16575 = EDGE_CURVE('',#16568,#16576,#16578,.T.);
#16576 = VERTEX_POINT('',#16577);
#16577 = CARTESIAN_POINT('',(163.99714904758,340.65777519076,
    -19.09033817672));
#16578 = CIRCLE('',#16579,3.174);
#16579 = AXIS2_PLACEMENT_3D('',#16580,#16581,#16582);
#16580 = CARTESIAN_POINT('',(164.05722474572,337.48434378131,
    -19.09033817672));
#16581 = DIRECTION('',(0.,-0.,-1.));
#16582 = DIRECTION('',(1.89274411266E-02,-0.999820859941,0.));
#16583 = ORIENTED_EDGE('',*,*,#16584,.T.);
#16584 = EDGE_CURVE('',#16576,#4334,#16585,.T.);
#16585 = LINE('',#16586,#16587);
#16586 = CARTESIAN_POINT('',(163.99714904758,340.65777519076,
    -19.09033817672));
#16587 = VECTOR('',#16588,1.);
#16588 = DIRECTION('',(0.,0.,1.));
#16589 = ORIENTED_EDGE('',*,*,#4333,.T.);
#16590 = ORIENTED_EDGE('',*,*,#4322,.T.);
#16591 = CYLINDRICAL_SURFACE('',#16592,3.174);
#16592 = AXIS2_PLACEMENT_3D('',#16593,#16594,#16595);
#16593 = CARTESIAN_POINT('',(164.05722474572,337.48434378131,
    -19.09033817672));
#16594 = DIRECTION('',(0.,0.,1.));
#16595 = DIRECTION('',(-0.999820859941,-1.89274411266E-02,0.));
#16596 = ADVANCED_FACE('',(#16597),#16615,.T.);
#16597 = FACE_BOUND('',#16598,.T.);
#16598 = EDGE_LOOP('',(#16599,#16600,#16601,#16609));
#16599 = ORIENTED_EDGE('',*,*,#16567,.T.);
#16600 = ORIENTED_EDGE('',*,*,#4402,.F.);
#16601 = ORIENTED_EDGE('',*,*,#16602,.F.);
#16602 = EDGE_CURVE('',#16603,#4394,#16605,.T.);
#16603 = VERTEX_POINT('',#16604);
#16604 = CARTESIAN_POINT('',(161.14177436193,323.79670959818,
    -19.09033817672));
#16605 = LINE('',#16606,#16607);
#16606 = CARTESIAN_POINT('',(161.14177436193,323.79670959818,
    -19.09033817672));
#16607 = VECTOR('',#16608,1.);
#16608 = DIRECTION('',(0.,0.,1.));
#16609 = ORIENTED_EDGE('',*,*,#16610,.T.);
#16610 = EDGE_CURVE('',#16603,#16568,#16611,.T.);
#16611 = LINE('',#16612,#16613);
#16612 = CARTESIAN_POINT('',(161.20185006006,320.62327818872,
    -19.09033817672));
#16613 = VECTOR('',#16614,1.);
#16614 = DIRECTION('',(-1.89274411266E-02,0.999820859941,0.));
#16615 = PLANE('',#16616);
#16616 = AXIS2_PLACEMENT_3D('',#16617,#16618,#16619);
#16617 = CARTESIAN_POINT('',(161.20185006006,320.62327818872,
    -19.09033817672));
#16618 = DIRECTION('',(0.999820859941,1.89274411266E-02,0.));
#16619 = DIRECTION('',(0.,0.,1.));
#16620 = ADVANCED_FACE('',(#16621),#16640,.F.);
#16621 = FACE_BOUND('',#16622,.F.);
#16622 = EDGE_LOOP('',(#16623,#16624,#16633,#16639));
#16623 = ORIENTED_EDGE('',*,*,#16602,.F.);
#16624 = ORIENTED_EDGE('',*,*,#16625,.T.);
#16625 = EDGE_CURVE('',#16603,#16626,#16628,.T.);
#16626 = VERTEX_POINT('',#16627);
#16627 = CARTESIAN_POINT('',(164.37528146951,320.68335388686,
    -19.09033817672));
#16628 = CIRCLE('',#16629,3.174);
#16629 = AXIS2_PLACEMENT_3D('',#16630,#16631,#16632);
#16630 = CARTESIAN_POINT('',(164.31520577138,323.85678529631,
    -19.09033817672));
#16631 = DIRECTION('',(-0.,0.,1.));
#16632 = DIRECTION('',(1.89274411266E-02,-0.999820859941,0.));
#16633 = ORIENTED_EDGE('',*,*,#16634,.T.);
#16634 = EDGE_CURVE('',#16626,#4386,#16635,.T.);
#16635 = LINE('',#16636,#16637);
#16636 = CARTESIAN_POINT('',(164.37528146951,320.68335388686,
    -19.09033817672));
#16637 = VECTOR('',#16638,1.);
#16638 = DIRECTION('',(0.,0.,1.));
#16639 = ORIENTED_EDGE('',*,*,#4393,.F.);
#16640 = CYLINDRICAL_SURFACE('',#16641,3.174);
#16641 = AXIS2_PLACEMENT_3D('',#16642,#16643,#16644);
#16642 = CARTESIAN_POINT('',(164.31520577138,323.85678529631,
    -19.09033817672));
#16643 = DIRECTION('',(0.,0.,1.));
#16644 = DIRECTION('',(-0.999820859941,-1.89274411266E-02,0.));
#16645 = ADVANCED_FACE('',(#16646),#16664,.T.);
#16646 = FACE_BOUND('',#16647,.T.);
#16647 = EDGE_LOOP('',(#16648,#16656,#16662,#16663));
#16648 = ORIENTED_EDGE('',*,*,#16649,.F.);
#16649 = EDGE_CURVE('',#16650,#4377,#16652,.T.);
#16650 = VERTEX_POINT('',#16651);
#16651 = CARTESIAN_POINT('',(180.03447600675,320.97979547412,
    -19.09033817672));
#16652 = LINE('',#16653,#16654);
#16653 = CARTESIAN_POINT('',(180.03447600675,320.97979547412,
    -19.09033817672));
#16654 = VECTOR('',#16655,1.);
#16655 = DIRECTION('',(0.,0.,1.));
#16656 = ORIENTED_EDGE('',*,*,#16657,.F.);
#16657 = EDGE_CURVE('',#16626,#16650,#16658,.T.);
#16658 = LINE('',#16659,#16660);
#16659 = CARTESIAN_POINT('',(161.20185006006,320.62327818872,
    -19.09033817672));
#16660 = VECTOR('',#16661,1.);
#16661 = DIRECTION('',(0.999820859941,1.89274411266E-02,0.));
#16662 = ORIENTED_EDGE('',*,*,#16634,.T.);
#16663 = ORIENTED_EDGE('',*,*,#4385,.F.);
#16664 = PLANE('',#16665);
#16665 = AXIS2_PLACEMENT_3D('',#16666,#16667,#16668);
#16666 = CARTESIAN_POINT('',(161.20185006006,320.62327818872,
    -19.09033817672));
#16667 = DIRECTION('',(-1.89274411266E-02,0.999820859941,0.));
#16668 = DIRECTION('',(0.,0.,1.));
#16669 = ADVANCED_FACE('',(#16670),#16689,.F.);
#16670 = FACE_BOUND('',#16671,.F.);
#16671 = EDGE_LOOP('',(#16672,#16673,#16682,#16688));
#16672 = ORIENTED_EDGE('',*,*,#16649,.F.);
#16673 = ORIENTED_EDGE('',*,*,#16674,.T.);
#16674 = EDGE_CURVE('',#16650,#16675,#16677,.T.);
#16675 = VERTEX_POINT('',#16676);
#16676 = CARTESIAN_POINT('',(183.14783171806,324.2133025817,
    -19.09033817672));
#16677 = CIRCLE('',#16678,3.174);
#16678 = AXIS2_PLACEMENT_3D('',#16679,#16680,#16681);
#16679 = CARTESIAN_POINT('',(179.97440030861,324.15322688357,
    -19.09033817672));
#16680 = DIRECTION('',(-0.,0.,1.));
#16681 = DIRECTION('',(1.89274411266E-02,-0.999820859941,0.));
#16682 = ORIENTED_EDGE('',*,*,#16683,.T.);
#16683 = EDGE_CURVE('',#16675,#4369,#16684,.T.);
#16684 = LINE('',#16685,#16686);
#16685 = CARTESIAN_POINT('',(183.14783171806,324.2133025817,
    -19.09033817672));
#16686 = VECTOR('',#16687,1.);
#16687 = DIRECTION('',(0.,0.,1.));
#16688 = ORIENTED_EDGE('',*,*,#4376,.F.);
#16689 = CYLINDRICAL_SURFACE('',#16690,3.174);
#16690 = AXIS2_PLACEMENT_3D('',#16691,#16692,#16693);
#16691 = CARTESIAN_POINT('',(179.97440030861,324.15322688357,
    -19.09033817672));
#16692 = DIRECTION('',(0.,0.,1.));
#16693 = DIRECTION('',(1.89274411266E-02,-0.999820859941,0.));
#16694 = ADVANCED_FACE('',(#16695),#16713,.F.);
#16695 = FACE_BOUND('',#16696,.F.);
#16696 = EDGE_LOOP('',(#16697,#16705,#16706,#16707));
#16697 = ORIENTED_EDGE('',*,*,#16698,.T.);
#16698 = EDGE_CURVE('',#16699,#4360,#16701,.T.);
#16699 = VERTEX_POINT('',#16700);
#16700 = CARTESIAN_POINT('',(182.8898506924,337.8408610667,
    -19.09033817672));
#16701 = LINE('',#16702,#16703);
#16702 = CARTESIAN_POINT('',(182.8898506924,337.8408610667,
    -19.09033817672));
#16703 = VECTOR('',#16704,1.);
#16704 = DIRECTION('',(0.,0.,1.));
#16705 = ORIENTED_EDGE('',*,*,#4368,.F.);
#16706 = ORIENTED_EDGE('',*,*,#16683,.F.);
#16707 = ORIENTED_EDGE('',*,*,#16708,.T.);
#16708 = EDGE_CURVE('',#16675,#16699,#16709,.T.);
#16709 = LINE('',#16710,#16711);
#16710 = CARTESIAN_POINT('',(183.2079074162,321.03987117225,
    -19.09033817672));
#16711 = VECTOR('',#16712,1.);
#16712 = DIRECTION('',(-1.89274411266E-02,0.999820859941,0.));
#16713 = PLANE('',#16714);
#16714 = AXIS2_PLACEMENT_3D('',#16715,#16716,#16717);
#16715 = CARTESIAN_POINT('',(183.2079074162,321.03987117225,
    -19.09033817672));
#16716 = DIRECTION('',(0.999820859941,1.89274411266E-02,0.));
#16717 = DIRECTION('',(0.,0.,1.));
#16718 = ADVANCED_FACE('',(#16719),#16739,.F.);
#16719 = FACE_BOUND('',#16720,.F.);
#16720 = EDGE_LOOP('',(#16721,#16722,#16731,#16737,#16738));
#16721 = ORIENTED_EDGE('',*,*,#16698,.F.);
#16722 = ORIENTED_EDGE('',*,*,#16723,.T.);
#16723 = EDGE_CURVE('',#16699,#16724,#16726,.T.);
#16724 = VERTEX_POINT('',#16725);
#16725 = CARTESIAN_POINT('',(179.65634358481,340.95421677801,
    -19.09033817672));
#16726 = CIRCLE('',#16727,3.174);
#16727 = AXIS2_PLACEMENT_3D('',#16728,#16729,#16730);
#16728 = CARTESIAN_POINT('',(179.71641928295,337.78078536856,
    -19.09033817672));
#16729 = DIRECTION('',(-0.,0.,1.));
#16730 = DIRECTION('',(1.89274411266E-02,-0.999820859941,0.));
#16731 = ORIENTED_EDGE('',*,*,#16732,.T.);
#16732 = EDGE_CURVE('',#16724,#4343,#16733,.T.);
#16733 = LINE('',#16734,#16735);
#16734 = CARTESIAN_POINT('',(179.65634358481,340.95421677801,
    -19.09033817672));
#16735 = VECTOR('',#16736,1.);
#16736 = DIRECTION('',(0.,0.,1.));
#16737 = ORIENTED_EDGE('',*,*,#4350,.F.);
#16738 = ORIENTED_EDGE('',*,*,#4359,.F.);
#16739 = CYLINDRICAL_SURFACE('',#16740,3.174);
#16740 = AXIS2_PLACEMENT_3D('',#16741,#16742,#16743);
#16741 = CARTESIAN_POINT('',(179.71641928295,337.78078536856,
    -19.09033817672));
#16742 = DIRECTION('',(0.,0.,1.));
#16743 = DIRECTION('',(0.999820859941,1.89274411266E-02,0.));
#16744 = ADVANCED_FACE('',(#16745),#16756,.F.);
#16745 = FACE_BOUND('',#16746,.F.);
#16746 = EDGE_LOOP('',(#16747,#16748,#16754,#16755));
#16747 = ORIENTED_EDGE('',*,*,#16732,.F.);
#16748 = ORIENTED_EDGE('',*,*,#16749,.F.);
#16749 = EDGE_CURVE('',#16576,#16724,#16750,.T.);
#16750 = LINE('',#16751,#16752);
#16751 = CARTESIAN_POINT('',(160.82371763813,340.59769949262,
    -19.09033817672));
#16752 = VECTOR('',#16753,1.);
#16753 = DIRECTION('',(0.999820859941,1.89274411266E-02,0.));
#16754 = ORIENTED_EDGE('',*,*,#16584,.T.);
#16755 = ORIENTED_EDGE('',*,*,#4342,.F.);
#16756 = PLANE('',#16757);
#16757 = AXIS2_PLACEMENT_3D('',#16758,#16759,#16760);
#16758 = CARTESIAN_POINT('',(160.82371763813,340.59769949262,
    -19.09033817672));
#16759 = DIRECTION('',(-1.89274411266E-02,0.999820859941,0.));
#16760 = DIRECTION('',(0.,0.,1.));
#16761 = ADVANCED_FACE('',(#16762),#16772,.T.);
#16762 = FACE_BOUND('',#16763,.T.);
#16763 = EDGE_LOOP('',(#16764,#16765,#16766,#16767,#16768,#16769,#16770,
    #16771));
#16764 = ORIENTED_EDGE('',*,*,#16708,.T.);
#16765 = ORIENTED_EDGE('',*,*,#16723,.T.);
#16766 = ORIENTED_EDGE('',*,*,#16749,.F.);
#16767 = ORIENTED_EDGE('',*,*,#16575,.F.);
#16768 = ORIENTED_EDGE('',*,*,#16610,.F.);
#16769 = ORIENTED_EDGE('',*,*,#16625,.T.);
#16770 = ORIENTED_EDGE('',*,*,#16657,.T.);
#16771 = ORIENTED_EDGE('',*,*,#16674,.T.);
#16772 = PLANE('',#16773);
#16773 = AXIS2_PLACEMENT_3D('',#16774,#16775,#16776);
#16774 = CARTESIAN_POINT('',(161.20185006006,320.62327818872,
    -19.09033817672));
#16775 = DIRECTION('',(0.,0.,1.));
#16776 = DIRECTION('',(0.999820859941,1.89274411266E-02,0.));
#16777 = ADVANCED_FACE('',(#16778),#16803,.F.);
#16778 = FACE_BOUND('',#16779,.F.);
#16779 = EDGE_LOOP('',(#16780,#16781,#16789,#16797));
#16780 = ORIENTED_EDGE('',*,*,#4410,.F.);
#16781 = ORIENTED_EDGE('',*,*,#16782,.F.);
#16782 = EDGE_CURVE('',#16783,#4411,#16785,.T.);
#16783 = VERTEX_POINT('',#16784);
#16784 = CARTESIAN_POINT('',(546.360398034,48.777114084353,-13.7));
#16785 = LINE('',#16786,#16787);
#16786 = CARTESIAN_POINT('',(546.360398034,48.777114084353,-13.7));
#16787 = VECTOR('',#16788,1.);
#16788 = DIRECTION('',(0.,0.,1.));
#16789 = ORIENTED_EDGE('',*,*,#16790,.T.);
#16790 = EDGE_CURVE('',#16783,#16791,#16793,.T.);
#16791 = VERTEX_POINT('',#16792);
#16792 = CARTESIAN_POINT('',(565.00905671361,49.130148716246,-13.7));
#16793 = LINE('',#16794,#16795);
#16794 = CARTESIAN_POINT('',(543.18696662454,48.717038386217,-13.7));
#16795 = VECTOR('',#16796,1.);
#16796 = DIRECTION('',(0.999820859941,1.89274411266E-02,0.));
#16797 = ORIENTED_EDGE('',*,*,#16798,.T.);
#16798 = EDGE_CURVE('',#16791,#4413,#16799,.T.);
#16799 = LINE('',#16800,#16801);
#16800 = CARTESIAN_POINT('',(565.00905671361,49.130148716246,-13.7));
#16801 = VECTOR('',#16802,1.);
#16802 = DIRECTION('',(0.,0.,1.));
#16803 = PLANE('',#16804);
#16804 = AXIS2_PLACEMENT_3D('',#16805,#16806,#16807);
#16805 = CARTESIAN_POINT('',(543.18696662454,48.717038386217,-13.7));
#16806 = DIRECTION('',(1.89274411266E-02,-0.999820859941,0.));
#16807 = DIRECTION('',(0.,0.,1.));
#16808 = ADVANCED_FACE('',(#16809),#16828,.F.);
#16809 = FACE_BOUND('',#16810,.F.);
#16810 = EDGE_LOOP('',(#16811,#16820,#16821,#16822));
#16811 = ORIENTED_EDGE('',*,*,#16812,.T.);
#16812 = EDGE_CURVE('',#16813,#16783,#16815,.T.);
#16813 = VERTEX_POINT('',#16814);
#16814 = CARTESIAN_POINT('',(543.12689092641,51.890469795669,-13.7));
#16815 = CIRCLE('',#16816,3.174);
#16816 = AXIS2_PLACEMENT_3D('',#16817,#16818,#16819);
#16817 = CARTESIAN_POINT('',(546.30032233586,51.950545493805,-13.7));
#16818 = DIRECTION('',(0.,0.,1.));
#16819 = DIRECTION('',(-0.999820859941,-1.89274411266E-02,0.));
#16820 = ORIENTED_EDGE('',*,*,#16782,.T.);
#16821 = ORIENTED_EDGE('',*,*,#4420,.F.);
#16822 = ORIENTED_EDGE('',*,*,#16823,.F.);
#16823 = EDGE_CURVE('',#16813,#4421,#16824,.T.);
#16824 = LINE('',#16825,#16826);
#16825 = CARTESIAN_POINT('',(543.12689092641,51.890469795669,-13.7));
#16826 = VECTOR('',#16827,1.);
#16827 = DIRECTION('',(0.,0.,1.));
#16828 = CYLINDRICAL_SURFACE('',#16829,3.174);
#16829 = AXIS2_PLACEMENT_3D('',#16830,#16831,#16832);
#16830 = CARTESIAN_POINT('',(546.30032233586,51.950545493805,-13.7));
#16831 = DIRECTION('',(0.,0.,1.));
#16832 = DIRECTION('',(-0.999820859941,-1.89274411266E-02,0.));
#16833 = ADVANCED_FACE('',(#16834),#16853,.F.);
#16834 = FACE_BOUND('',#16835,.F.);
#16835 = EDGE_LOOP('',(#16836,#16845,#16851,#16852));
#16836 = ORIENTED_EDGE('',*,*,#16837,.T.);
#16837 = EDGE_CURVE('',#16791,#16838,#16840,.T.);
#16838 = VERTEX_POINT('',#16839);
#16839 = CARTESIAN_POINT('',(568.12241242492,52.363655823834,-13.7));
#16840 = CIRCLE('',#16841,3.174);
#16841 = AXIS2_PLACEMENT_3D('',#16842,#16843,#16844);
#16842 = CARTESIAN_POINT('',(564.94898101547,52.303580125698,-13.7));
#16843 = DIRECTION('',(0.,0.,1.));
#16844 = DIRECTION('',(-0.999820859941,-1.89274411266E-02,0.));
#16845 = ORIENTED_EDGE('',*,*,#16846,.T.);
#16846 = EDGE_CURVE('',#16838,#4464,#16847,.T.);
#16847 = LINE('',#16848,#16849);
#16848 = CARTESIAN_POINT('',(568.12241242492,52.363655823834,-13.7));
#16849 = VECTOR('',#16850,1.);
#16850 = DIRECTION('',(0.,0.,1.));
#16851 = ORIENTED_EDGE('',*,*,#4471,.F.);
#16852 = ORIENTED_EDGE('',*,*,#16798,.F.);
#16853 = CYLINDRICAL_SURFACE('',#16854,3.174);
#16854 = AXIS2_PLACEMENT_3D('',#16855,#16856,#16857);
#16855 = CARTESIAN_POINT('',(564.94898101547,52.303580125698,-13.7));
#16856 = DIRECTION('',(0.,0.,1.));
#16857 = DIRECTION('',(1.89274411266E-02,-0.999820859941,0.));
#16858 = ADVANCED_FACE('',(#16859),#16877,.T.);
#16859 = FACE_BOUND('',#16860,.T.);
#16860 = EDGE_LOOP('',(#16861,#16869,#16875,#16876));
#16861 = ORIENTED_EDGE('',*,*,#16862,.F.);
#16862 = EDGE_CURVE('',#16863,#16813,#16865,.T.);
#16863 = VERTEX_POINT('',#16864);
#16864 = CARTESIAN_POINT('',(543.12401395536,52.04244256638,-13.7));
#16865 = LINE('',#16866,#16867);
#16866 = CARTESIAN_POINT('',(543.06393825722,55.215873975831,-13.7));
#16867 = VECTOR('',#16868,1.);
#16868 = DIRECTION('',(1.89274411266E-02,-0.999820859941,0.));
#16869 = ORIENTED_EDGE('',*,*,#16870,.T.);
#16870 = EDGE_CURVE('',#16863,#4430,#16871,.T.);
#16871 = LINE('',#16872,#16873);
#16872 = CARTESIAN_POINT('',(543.12401395536,52.04244256638,-13.7));
#16873 = VECTOR('',#16874,1.);
#16874 = DIRECTION('',(0.,0.,1.));
#16875 = ORIENTED_EDGE('',*,*,#4429,.T.);
#16876 = ORIENTED_EDGE('',*,*,#16823,.F.);
#16877 = PLANE('',#16878);
#16878 = AXIS2_PLACEMENT_3D('',#16879,#16880,#16881);
#16879 = CARTESIAN_POINT('',(543.06393825722,55.215873975831,-13.7));
#16880 = DIRECTION('',(0.999820859941,1.89274411266E-02,0.));
#16881 = DIRECTION('',(0.,0.,1.));
#16882 = ADVANCED_FACE('',(#16883),#16901,.F.);
#16883 = FACE_BOUND('',#16884,.F.);
#16884 = EDGE_LOOP('',(#16885,#16893,#16899,#16900));
#16885 = ORIENTED_EDGE('',*,*,#16886,.F.);
#16886 = EDGE_CURVE('',#16887,#16838,#16889,.T.);
#16887 = VERTEX_POINT('',#16888);
#16888 = CARTESIAN_POINT('',(568.11953545387,52.515628594545,-13.7));
#16889 = LINE('',#16890,#16891);
#16890 = CARTESIAN_POINT('',(568.05945975574,55.689060003996,-13.7));
#16891 = VECTOR('',#16892,1.);
#16892 = DIRECTION('',(1.89274411266E-02,-0.999820859941,0.));
#16893 = ORIENTED_EDGE('',*,*,#16894,.T.);
#16894 = EDGE_CURVE('',#16887,#4455,#16895,.T.);
#16895 = LINE('',#16896,#16897);
#16896 = CARTESIAN_POINT('',(568.11953545387,52.515628594545,-13.7));
#16897 = VECTOR('',#16898,1.);
#16898 = DIRECTION('',(0.,0.,1.));
#16899 = ORIENTED_EDGE('',*,*,#4463,.T.);
#16900 = ORIENTED_EDGE('',*,*,#16846,.F.);
#16901 = PLANE('',#16902);
#16902 = AXIS2_PLACEMENT_3D('',#16903,#16904,#16905);
#16903 = CARTESIAN_POINT('',(568.05945975574,55.689060003996,-13.7));
#16904 = DIRECTION('',(0.999820859941,1.89274411266E-02,0.));
#16905 = DIRECTION('',(0.,0.,1.));
#16906 = ADVANCED_FACE('',(#16907),#16926,.F.);
#16907 = FACE_BOUND('',#16908,.F.);
#16908 = EDGE_LOOP('',(#16909,#16918,#16919,#16920));
#16909 = ORIENTED_EDGE('',*,*,#16910,.T.);
#16910 = EDGE_CURVE('',#16911,#16863,#16913,.T.);
#16911 = VERTEX_POINT('',#16912);
#16912 = CARTESIAN_POINT('',(546.23736966667,55.275949673967,-13.7));
#16913 = CIRCLE('',#16914,3.174);
#16914 = AXIS2_PLACEMENT_3D('',#16915,#16916,#16917);
#16915 = CARTESIAN_POINT('',(546.29744536481,52.102518264516,-13.7));
#16916 = DIRECTION('',(0.,0.,1.));
#16917 = DIRECTION('',(-0.999820859941,-1.89274411266E-02,0.));
#16918 = ORIENTED_EDGE('',*,*,#16870,.T.);
#16919 = ORIENTED_EDGE('',*,*,#4437,.F.);
#16920 = ORIENTED_EDGE('',*,*,#16921,.F.);
#16921 = EDGE_CURVE('',#16911,#4438,#16922,.T.);
#16922 = LINE('',#16923,#16924);
#16923 = CARTESIAN_POINT('',(546.23736966667,55.275949673967,-13.7));
#16924 = VECTOR('',#16925,1.);
#16925 = DIRECTION('',(0.,0.,1.));
#16926 = CYLINDRICAL_SURFACE('',#16927,3.174);
#16927 = AXIS2_PLACEMENT_3D('',#16928,#16929,#16930);
#16928 = CARTESIAN_POINT('',(546.29744536481,52.102518264516,-13.7));
#16929 = DIRECTION('',(0.,0.,1.));
#16930 = DIRECTION('',(-1.89274411266E-02,0.999820859941,0.));
#16931 = ADVANCED_FACE('',(#16932),#16951,.F.);
#16932 = FACE_BOUND('',#16933,.T.);
#16933 = EDGE_LOOP('',(#16934,#16943,#16944,#16945));
#16934 = ORIENTED_EDGE('',*,*,#16935,.T.);
#16935 = EDGE_CURVE('',#16936,#16887,#16938,.T.);
#16936 = VERTEX_POINT('',#16937);
#16937 = CARTESIAN_POINT('',(564.88602834629,55.62898430586,-13.7));
#16938 = CIRCLE('',#16939,3.174);
#16939 = AXIS2_PLACEMENT_3D('',#16940,#16941,#16942);
#16940 = CARTESIAN_POINT('',(564.94610404442,52.455552896409,-13.7));
#16941 = DIRECTION('',(-0.,0.,-1.));
#16942 = DIRECTION('',(-0.999820859941,-1.89274411266E-02,0.));
#16943 = ORIENTED_EDGE('',*,*,#16894,.T.);
#16944 = ORIENTED_EDGE('',*,*,#4454,.F.);
#16945 = ORIENTED_EDGE('',*,*,#16946,.F.);
#16946 = EDGE_CURVE('',#16936,#4447,#16947,.T.);
#16947 = LINE('',#16948,#16949);
#16948 = CARTESIAN_POINT('',(564.88602834629,55.62898430586,-13.7));
#16949 = VECTOR('',#16950,1.);
#16950 = DIRECTION('',(0.,0.,1.));
#16951 = CYLINDRICAL_SURFACE('',#16952,3.174);
#16952 = AXIS2_PLACEMENT_3D('',#16953,#16954,#16955);
#16953 = CARTESIAN_POINT('',(564.94610404442,52.455552896409,-13.7));
#16954 = DIRECTION('',(0.,0.,1.));
#16955 = DIRECTION('',(-1.89274411266E-02,0.999820859941,0.));
#16956 = ADVANCED_FACE('',(#16957),#16968,.T.);
#16957 = FACE_BOUND('',#16958,.T.);
#16958 = EDGE_LOOP('',(#16959,#16960,#16961,#16967));
#16959 = ORIENTED_EDGE('',*,*,#4446,.F.);
#16960 = ORIENTED_EDGE('',*,*,#16921,.F.);
#16961 = ORIENTED_EDGE('',*,*,#16962,.T.);
#16962 = EDGE_CURVE('',#16911,#16936,#16963,.T.);
#16963 = LINE('',#16964,#16965);
#16964 = CARTESIAN_POINT('',(543.06393825722,55.215873975831,-13.7));
#16965 = VECTOR('',#16966,1.);
#16966 = DIRECTION('',(0.999820859941,1.89274411266E-02,0.));
#16967 = ORIENTED_EDGE('',*,*,#16946,.T.);
#16968 = PLANE('',#16969);
#16969 = AXIS2_PLACEMENT_3D('',#16970,#16971,#16972);
#16970 = CARTESIAN_POINT('',(543.06393825722,55.215873975831,-13.7));
#16971 = DIRECTION('',(1.89274411266E-02,-0.999820859941,0.));
#16972 = DIRECTION('',(0.,0.,1.));
#16973 = ADVANCED_FACE('',(#16974),#16984,.T.);
#16974 = FACE_BOUND('',#16975,.T.);
#16975 = EDGE_LOOP('',(#16976,#16977,#16978,#16979,#16980,#16981,#16982,
    #16983));
#16976 = ORIENTED_EDGE('',*,*,#16790,.T.);
#16977 = ORIENTED_EDGE('',*,*,#16837,.T.);
#16978 = ORIENTED_EDGE('',*,*,#16886,.F.);
#16979 = ORIENTED_EDGE('',*,*,#16935,.F.);
#16980 = ORIENTED_EDGE('',*,*,#16962,.F.);
#16981 = ORIENTED_EDGE('',*,*,#16910,.T.);
#16982 = ORIENTED_EDGE('',*,*,#16862,.T.);
#16983 = ORIENTED_EDGE('',*,*,#16812,.T.);
#16984 = PLANE('',#16985);
#16985 = AXIS2_PLACEMENT_3D('',#16986,#16987,#16988);
#16986 = CARTESIAN_POINT('',(543.06393825722,55.215873975831,-13.7));
#16987 = DIRECTION('',(0.,0.,1.));
#16988 = DIRECTION('',(1.89274411266E-02,-0.999820859941,0.));
#16989 = ADVANCED_FACE('',(#16990),#17015,.F.);
#16990 = FACE_BOUND('',#16991,.F.);
#16991 = EDGE_LOOP('',(#16992,#16993,#17001,#17009));
#16992 = ORIENTED_EDGE('',*,*,#4480,.F.);
#16993 = ORIENTED_EDGE('',*,*,#16994,.F.);
#16994 = EDGE_CURVE('',#16995,#4481,#16997,.T.);
#16995 = VERTEX_POINT('',#16996);
#16996 = CARTESIAN_POINT('',(581.24423856715,329.00201836461,-13.7));
#16997 = LINE('',#16998,#16999);
#16998 = CARTESIAN_POINT('',(581.24423856715,329.00201836461,-13.7));
#16999 = VECTOR('',#17000,1.);
#17000 = DIRECTION('',(0.,0.,1.));
#17001 = ORIENTED_EDGE('',*,*,#17002,.T.);
#17002 = EDGE_CURVE('',#16995,#17003,#17005,.T.);
#17003 = VERTEX_POINT('',#17004);
#17004 = CARTESIAN_POINT('',(599.89289724676,329.3550529965,-13.7));
#17005 = LINE('',#17006,#17007);
#17006 = CARTESIAN_POINT('',(578.0708071577,328.94194266647,-13.7));
#17007 = VECTOR('',#17008,1.);
#17008 = DIRECTION('',(0.999820859941,1.89274411266E-02,0.));
#17009 = ORIENTED_EDGE('',*,*,#17010,.T.);
#17010 = EDGE_CURVE('',#17003,#4483,#17011,.T.);
#17011 = LINE('',#17012,#17013);
#17012 = CARTESIAN_POINT('',(599.89289724676,329.3550529965,-13.7));
#17013 = VECTOR('',#17014,1.);
#17014 = DIRECTION('',(0.,0.,1.));
#17015 = PLANE('',#17016);
#17016 = AXIS2_PLACEMENT_3D('',#17017,#17018,#17019);
#17017 = CARTESIAN_POINT('',(578.0708071577,328.94194266647,-13.7));
#17018 = DIRECTION('',(1.89274411266E-02,-0.999820859941,0.));
#17019 = DIRECTION('',(0.,0.,1.));
#17020 = ADVANCED_FACE('',(#17021),#17040,.F.);
#17021 = FACE_BOUND('',#17022,.F.);
#17022 = EDGE_LOOP('',(#17023,#17032,#17033,#17034));
#17023 = ORIENTED_EDGE('',*,*,#17024,.T.);
#17024 = EDGE_CURVE('',#17025,#16995,#17027,.T.);
#17025 = VERTEX_POINT('',#17026);
#17026 = CARTESIAN_POINT('',(578.01073145956,332.11537407592,-13.7));
#17027 = CIRCLE('',#17028,3.174);
#17028 = AXIS2_PLACEMENT_3D('',#17029,#17030,#17031);
#17029 = CARTESIAN_POINT('',(581.18416286901,332.17544977406,-13.7));
#17030 = DIRECTION('',(0.,0.,1.));
#17031 = DIRECTION('',(-0.999820859941,-1.89274411266E-02,0.));
#17032 = ORIENTED_EDGE('',*,*,#16994,.T.);
#17033 = ORIENTED_EDGE('',*,*,#4490,.F.);
#17034 = ORIENTED_EDGE('',*,*,#17035,.F.);
#17035 = EDGE_CURVE('',#17025,#4491,#17036,.T.);
#17036 = LINE('',#17037,#17038);
#17037 = CARTESIAN_POINT('',(578.01073145956,332.11537407592,-13.7));
#17038 = VECTOR('',#17039,1.);
#17039 = DIRECTION('',(0.,0.,1.));
#17040 = CYLINDRICAL_SURFACE('',#17041,3.174);
#17041 = AXIS2_PLACEMENT_3D('',#17042,#17043,#17044);
#17042 = CARTESIAN_POINT('',(581.18416286901,332.17544977406,-13.7));
#17043 = DIRECTION('',(0.,0.,1.));
#17044 = DIRECTION('',(-0.999820859941,-1.89274411266E-02,0.));
#17045 = ADVANCED_FACE('',(#17046),#17065,.F.);
#17046 = FACE_BOUND('',#17047,.F.);
#17047 = EDGE_LOOP('',(#17048,#17057,#17063,#17064));
#17048 = ORIENTED_EDGE('',*,*,#17049,.T.);
#17049 = EDGE_CURVE('',#17003,#17050,#17052,.T.);
#17050 = VERTEX_POINT('',#17051);
#17051 = CARTESIAN_POINT('',(603.00625295808,332.58856010409,-13.7));
#17052 = CIRCLE('',#17053,3.174);
#17053 = AXIS2_PLACEMENT_3D('',#17054,#17055,#17056);
#17054 = CARTESIAN_POINT('',(599.83282154863,332.52848440595,-13.7));
#17055 = DIRECTION('',(0.,0.,1.));
#17056 = DIRECTION('',(-0.999820859941,-1.89274411266E-02,0.));
#17057 = ORIENTED_EDGE('',*,*,#17058,.T.);
#17058 = EDGE_CURVE('',#17050,#4534,#17059,.T.);
#17059 = LINE('',#17060,#17061);
#17060 = CARTESIAN_POINT('',(603.00625295808,332.58856010409,-13.7));
#17061 = VECTOR('',#17062,1.);
#17062 = DIRECTION('',(0.,0.,1.));
#17063 = ORIENTED_EDGE('',*,*,#4541,.F.);
#17064 = ORIENTED_EDGE('',*,*,#17010,.F.);
#17065 = CYLINDRICAL_SURFACE('',#17066,3.174);
#17066 = AXIS2_PLACEMENT_3D('',#17067,#17068,#17069);
#17067 = CARTESIAN_POINT('',(599.83282154863,332.52848440595,-13.7));
#17068 = DIRECTION('',(0.,0.,1.));
#17069 = DIRECTION('',(1.89274411266E-02,-0.999820859941,0.));
#17070 = ADVANCED_FACE('',(#17071),#17089,.T.);
#17071 = FACE_BOUND('',#17072,.T.);
#17072 = EDGE_LOOP('',(#17073,#17081,#17087,#17088));
#17073 = ORIENTED_EDGE('',*,*,#17074,.F.);
#17074 = EDGE_CURVE('',#17075,#17025,#17077,.T.);
#17075 = VERTEX_POINT('',#17076);
#17076 = CARTESIAN_POINT('',(578.00785448851,332.26734684663,-13.7));
#17077 = LINE('',#17078,#17079);
#17078 = CARTESIAN_POINT('',(577.94777879038,335.44077825608,-13.7));
#17079 = VECTOR('',#17080,1.);
#17080 = DIRECTION('',(1.89274411266E-02,-0.999820859941,0.));
#17081 = ORIENTED_EDGE('',*,*,#17082,.T.);
#17082 = EDGE_CURVE('',#17075,#4500,#17083,.T.);
#17083 = LINE('',#17084,#17085);
#17084 = CARTESIAN_POINT('',(578.00785448851,332.26734684663,-13.7));
#17085 = VECTOR('',#17086,1.);
#17086 = DIRECTION('',(0.,0.,1.));
#17087 = ORIENTED_EDGE('',*,*,#4499,.T.);
#17088 = ORIENTED_EDGE('',*,*,#17035,.F.);
#17089 = PLANE('',#17090);
#17090 = AXIS2_PLACEMENT_3D('',#17091,#17092,#17093);
#17091 = CARTESIAN_POINT('',(577.94777879038,335.44077825608,-13.7));
#17092 = DIRECTION('',(0.999820859941,1.89274411266E-02,0.));
#17093 = DIRECTION('',(0.,0.,1.));
#17094 = ADVANCED_FACE('',(#17095),#17113,.F.);
#17095 = FACE_BOUND('',#17096,.F.);
#17096 = EDGE_LOOP('',(#17097,#17105,#17111,#17112));
#17097 = ORIENTED_EDGE('',*,*,#17098,.F.);
#17098 = EDGE_CURVE('',#17099,#17050,#17101,.T.);
#17099 = VERTEX_POINT('',#17100);
#17100 = CARTESIAN_POINT('',(603.00337598703,332.7405328748,-13.7));
#17101 = LINE('',#17102,#17103);
#17102 = CARTESIAN_POINT('',(602.94330028889,335.91396428425,-13.7));
#17103 = VECTOR('',#17104,1.);
#17104 = DIRECTION('',(1.89274411266E-02,-0.999820859941,0.));
#17105 = ORIENTED_EDGE('',*,*,#17106,.T.);
#17106 = EDGE_CURVE('',#17099,#4525,#17107,.T.);
#17107 = LINE('',#17108,#17109);
#17108 = CARTESIAN_POINT('',(603.00337598703,332.7405328748,-13.7));
#17109 = VECTOR('',#17110,1.);
#17110 = DIRECTION('',(0.,0.,1.));
#17111 = ORIENTED_EDGE('',*,*,#4533,.T.);
#17112 = ORIENTED_EDGE('',*,*,#17058,.F.);
#17113 = PLANE('',#17114);
#17114 = AXIS2_PLACEMENT_3D('',#17115,#17116,#17117);
#17115 = CARTESIAN_POINT('',(602.94330028889,335.91396428425,-13.7));
#17116 = DIRECTION('',(0.999820859941,1.89274411266E-02,0.));
#17117 = DIRECTION('',(0.,0.,1.));
#17118 = ADVANCED_FACE('',(#17119),#17138,.F.);
#17119 = FACE_BOUND('',#17120,.F.);
#17120 = EDGE_LOOP('',(#17121,#17130,#17131,#17132));
#17121 = ORIENTED_EDGE('',*,*,#17122,.T.);
#17122 = EDGE_CURVE('',#17123,#17075,#17125,.T.);
#17123 = VERTEX_POINT('',#17124);
#17124 = CARTESIAN_POINT('',(581.12121019983,335.50085395422,-13.7));
#17125 = CIRCLE('',#17126,3.174);
#17126 = AXIS2_PLACEMENT_3D('',#17127,#17128,#17129);
#17127 = CARTESIAN_POINT('',(581.18128589796,332.32742254477,-13.7));
#17128 = DIRECTION('',(0.,0.,1.));
#17129 = DIRECTION('',(-0.999820859941,-1.89274411266E-02,0.));
#17130 = ORIENTED_EDGE('',*,*,#17082,.T.);
#17131 = ORIENTED_EDGE('',*,*,#4507,.F.);
#17132 = ORIENTED_EDGE('',*,*,#17133,.F.);
#17133 = EDGE_CURVE('',#17123,#4508,#17134,.T.);
#17134 = LINE('',#17135,#17136);
#17135 = CARTESIAN_POINT('',(581.12121019983,335.50085395422,-13.7));
#17136 = VECTOR('',#17137,1.);
#17137 = DIRECTION('',(0.,0.,1.));
#17138 = CYLINDRICAL_SURFACE('',#17139,3.174);
#17139 = AXIS2_PLACEMENT_3D('',#17140,#17141,#17142);
#17140 = CARTESIAN_POINT('',(581.18128589796,332.32742254477,-13.7));
#17141 = DIRECTION('',(0.,0.,1.));
#17142 = DIRECTION('',(-1.89274411266E-02,0.999820859941,0.));
#17143 = ADVANCED_FACE('',(#17144),#17163,.F.);
#17144 = FACE_BOUND('',#17145,.T.);
#17145 = EDGE_LOOP('',(#17146,#17155,#17156,#17157));
#17146 = ORIENTED_EDGE('',*,*,#17147,.T.);
#17147 = EDGE_CURVE('',#17148,#17099,#17150,.T.);
#17148 = VERTEX_POINT('',#17149);
#17149 = CARTESIAN_POINT('',(599.76986887944,335.85388858611,-13.7));
#17150 = CIRCLE('',#17151,3.174);
#17151 = AXIS2_PLACEMENT_3D('',#17152,#17153,#17154);
#17152 = CARTESIAN_POINT('',(599.82994457757,332.68045717666,-13.7));
#17153 = DIRECTION('',(-0.,0.,-1.));
#17154 = DIRECTION('',(-0.999820859941,-1.89274411266E-02,0.));
#17155 = ORIENTED_EDGE('',*,*,#17106,.T.);
#17156 = ORIENTED_EDGE('',*,*,#4524,.F.);
#17157 = ORIENTED_EDGE('',*,*,#17158,.F.);
#17158 = EDGE_CURVE('',#17148,#4517,#17159,.T.);
#17159 = LINE('',#17160,#17161);
#17160 = CARTESIAN_POINT('',(599.76986887944,335.85388858611,-13.7));
#17161 = VECTOR('',#17162,1.);
#17162 = DIRECTION('',(0.,0.,1.));
#17163 = CYLINDRICAL_SURFACE('',#17164,3.174);
#17164 = AXIS2_PLACEMENT_3D('',#17165,#17166,#17167);
#17165 = CARTESIAN_POINT('',(599.82994457757,332.68045717666,-13.7));
#17166 = DIRECTION('',(0.,0.,1.));
#17167 = DIRECTION('',(-1.89274411266E-02,0.999820859941,0.));
#17168 = ADVANCED_FACE('',(#17169),#17180,.T.);
#17169 = FACE_BOUND('',#17170,.T.);
#17170 = EDGE_LOOP('',(#17171,#17172,#17173,#17179));
#17171 = ORIENTED_EDGE('',*,*,#4516,.F.);
#17172 = ORIENTED_EDGE('',*,*,#17133,.F.);
#17173 = ORIENTED_EDGE('',*,*,#17174,.T.);
#17174 = EDGE_CURVE('',#17123,#17148,#17175,.T.);
#17175 = LINE('',#17176,#17177);
#17176 = CARTESIAN_POINT('',(577.94777879038,335.44077825608,-13.7));
#17177 = VECTOR('',#17178,1.);
#17178 = DIRECTION('',(0.999820859941,1.89274411266E-02,0.));
#17179 = ORIENTED_EDGE('',*,*,#17158,.T.);
#17180 = PLANE('',#17181);
#17181 = AXIS2_PLACEMENT_3D('',#17182,#17183,#17184);
#17182 = CARTESIAN_POINT('',(577.94777879038,335.44077825608,-13.7));
#17183 = DIRECTION('',(1.89274411266E-02,-0.999820859941,0.));
#17184 = DIRECTION('',(0.,0.,1.));
#17185 = ADVANCED_FACE('',(#17186),#17196,.T.);
#17186 = FACE_BOUND('',#17187,.T.);
#17187 = EDGE_LOOP('',(#17188,#17189,#17190,#17191,#17192,#17193,#17194,
    #17195));
#17188 = ORIENTED_EDGE('',*,*,#17002,.T.);
#17189 = ORIENTED_EDGE('',*,*,#17049,.T.);
#17190 = ORIENTED_EDGE('',*,*,#17098,.F.);
#17191 = ORIENTED_EDGE('',*,*,#17147,.F.);
#17192 = ORIENTED_EDGE('',*,*,#17174,.F.);
#17193 = ORIENTED_EDGE('',*,*,#17122,.T.);
#17194 = ORIENTED_EDGE('',*,*,#17074,.T.);
#17195 = ORIENTED_EDGE('',*,*,#17024,.T.);
#17196 = PLANE('',#17197);
#17197 = AXIS2_PLACEMENT_3D('',#17198,#17199,#17200);
#17198 = CARTESIAN_POINT('',(577.94777879038,335.44077825608,-13.7));
#17199 = DIRECTION('',(0.,0.,1.));
#17200 = DIRECTION('',(1.89274411266E-02,-0.999820859941,0.));
#17201 = ADVANCED_FACE('',(#17202),#17227,.F.);
#17202 = FACE_BOUND('',#17203,.F.);
#17203 = EDGE_LOOP('',(#17204,#17205,#17213,#17221));
#17204 = ORIENTED_EDGE('',*,*,#4550,.F.);
#17205 = ORIENTED_EDGE('',*,*,#17206,.F.);
#17206 = EDGE_CURVE('',#17207,#4551,#17209,.T.);
#17207 = VERTEX_POINT('',#17208);
#17208 = CARTESIAN_POINT('',(466.706,123.174,-13.7));
#17209 = LINE('',#17210,#17211);
#17210 = CARTESIAN_POINT('',(466.706,123.174,-13.7));
#17211 = VECTOR('',#17212,1.);
#17212 = DIRECTION('',(0.,0.,1.));
#17213 = ORIENTED_EDGE('',*,*,#17214,.T.);
#17214 = EDGE_CURVE('',#17207,#17215,#17217,.T.);
#17215 = VERTEX_POINT('',#17216);
#17216 = CARTESIAN_POINT('',(466.706,141.826,-13.7));
#17217 = LINE('',#17218,#17219);
#17218 = CARTESIAN_POINT('',(466.706,120.,-13.7));
#17219 = VECTOR('',#17220,1.);
#17220 = DIRECTION('',(0.,1.,0.));
#17221 = ORIENTED_EDGE('',*,*,#17222,.T.);
#17222 = EDGE_CURVE('',#17215,#4553,#17223,.T.);
#17223 = LINE('',#17224,#17225);
#17224 = CARTESIAN_POINT('',(466.706,141.826,-13.7));
#17225 = VECTOR('',#17226,1.);
#17226 = DIRECTION('',(0.,0.,1.));
#17227 = PLANE('',#17228);
#17228 = AXIS2_PLACEMENT_3D('',#17229,#17230,#17231);
#17229 = CARTESIAN_POINT('',(466.706,120.,-13.7));
#17230 = DIRECTION('',(1.,0.,0.));
#17231 = DIRECTION('',(0.,0.,1.));
#17232 = ADVANCED_FACE('',(#17233),#17252,.F.);
#17233 = FACE_BOUND('',#17234,.F.);
#17234 = EDGE_LOOP('',(#17235,#17244,#17245,#17246));
#17235 = ORIENTED_EDGE('',*,*,#17236,.T.);
#17236 = EDGE_CURVE('',#17237,#17207,#17239,.T.);
#17237 = VERTEX_POINT('',#17238);
#17238 = CARTESIAN_POINT('',(463.532,120.,-13.7));
#17239 = CIRCLE('',#17240,3.174);
#17240 = AXIS2_PLACEMENT_3D('',#17241,#17242,#17243);
#17241 = CARTESIAN_POINT('',(463.532,123.174,-13.7));
#17242 = DIRECTION('',(-0.,0.,1.));
#17243 = DIRECTION('',(0.,-1.,0.));
#17244 = ORIENTED_EDGE('',*,*,#17206,.T.);
#17245 = ORIENTED_EDGE('',*,*,#4560,.F.);
#17246 = ORIENTED_EDGE('',*,*,#17247,.F.);
#17247 = EDGE_CURVE('',#17237,#4561,#17248,.T.);
#17248 = LINE('',#17249,#17250);
#17249 = CARTESIAN_POINT('',(463.532,120.,-13.7));
#17250 = VECTOR('',#17251,1.);
#17251 = DIRECTION('',(0.,0.,1.));
#17252 = CYLINDRICAL_SURFACE('',#17253,3.174);
#17253 = AXIS2_PLACEMENT_3D('',#17254,#17255,#17256);
#17254 = CARTESIAN_POINT('',(463.532,123.174,-13.7));
#17255 = DIRECTION('',(0.,0.,1.));
#17256 = DIRECTION('',(0.,-1.,0.));
#17257 = ADVANCED_FACE('',(#17258),#17277,.F.);
#17258 = FACE_BOUND('',#17259,.F.);
#17259 = EDGE_LOOP('',(#17260,#17269,#17275,#17276));
#17260 = ORIENTED_EDGE('',*,*,#17261,.T.);
#17261 = EDGE_CURVE('',#17215,#17262,#17264,.T.);
#17262 = VERTEX_POINT('',#17263);
#17263 = CARTESIAN_POINT('',(463.532,145.,-13.7));
#17264 = CIRCLE('',#17265,3.174);
#17265 = AXIS2_PLACEMENT_3D('',#17266,#17267,#17268);
#17266 = CARTESIAN_POINT('',(463.532,141.826,-13.7));
#17267 = DIRECTION('',(-0.,0.,1.));
#17268 = DIRECTION('',(0.,-1.,0.));
#17269 = ORIENTED_EDGE('',*,*,#17270,.T.);
#17270 = EDGE_CURVE('',#17262,#4604,#17271,.T.);
#17271 = LINE('',#17272,#17273);
#17272 = CARTESIAN_POINT('',(463.532,145.,-13.7));
#17273 = VECTOR('',#17274,1.);
#17274 = DIRECTION('',(0.,0.,1.));
#17275 = ORIENTED_EDGE('',*,*,#4611,.F.);
#17276 = ORIENTED_EDGE('',*,*,#17222,.F.);
#17277 = CYLINDRICAL_SURFACE('',#17278,3.174);
#17278 = AXIS2_PLACEMENT_3D('',#17279,#17280,#17281);
#17279 = CARTESIAN_POINT('',(463.532,141.826,-13.7));
#17280 = DIRECTION('',(0.,0.,1.));
#17281 = DIRECTION('',(1.,0.,0.));
#17282 = ADVANCED_FACE('',(#17283),#17301,.T.);
#17283 = FACE_BOUND('',#17284,.T.);
#17284 = EDGE_LOOP('',(#17285,#17293,#17299,#17300));
#17285 = ORIENTED_EDGE('',*,*,#17286,.F.);
#17286 = EDGE_CURVE('',#17287,#17237,#17289,.T.);
#17287 = VERTEX_POINT('',#17288);
#17288 = CARTESIAN_POINT('',(463.38,120.,-13.7));
#17289 = LINE('',#17290,#17291);
#17290 = CARTESIAN_POINT('',(460.206,120.,-13.7));
#17291 = VECTOR('',#17292,1.);
#17292 = DIRECTION('',(1.,0.,0.));
#17293 = ORIENTED_EDGE('',*,*,#17294,.T.);
#17294 = EDGE_CURVE('',#17287,#4570,#17295,.T.);
#17295 = LINE('',#17296,#17297);
#17296 = CARTESIAN_POINT('',(463.38,120.,-13.7));
#17297 = VECTOR('',#17298,1.);
#17298 = DIRECTION('',(0.,0.,1.));
#17299 = ORIENTED_EDGE('',*,*,#4569,.T.);
#17300 = ORIENTED_EDGE('',*,*,#17247,.F.);
#17301 = PLANE('',#17302);
#17302 = AXIS2_PLACEMENT_3D('',#17303,#17304,#17305);
#17303 = CARTESIAN_POINT('',(460.206,120.,-13.7));
#17304 = DIRECTION('',(0.,1.,0.));
#17305 = DIRECTION('',(0.,0.,1.));
#17306 = ADVANCED_FACE('',(#17307),#17325,.F.);
#17307 = FACE_BOUND('',#17308,.F.);
#17308 = EDGE_LOOP('',(#17309,#17317,#17323,#17324));
#17309 = ORIENTED_EDGE('',*,*,#17310,.F.);
#17310 = EDGE_CURVE('',#17311,#17262,#17313,.T.);
#17311 = VERTEX_POINT('',#17312);
#17312 = CARTESIAN_POINT('',(463.38,145.,-13.7));
#17313 = LINE('',#17314,#17315);
#17314 = CARTESIAN_POINT('',(460.206,145.,-13.7));
#17315 = VECTOR('',#17316,1.);
#17316 = DIRECTION('',(1.,0.,0.));
#17317 = ORIENTED_EDGE('',*,*,#17318,.T.);
#17318 = EDGE_CURVE('',#17311,#4595,#17319,.T.);
#17319 = LINE('',#17320,#17321);
#17320 = CARTESIAN_POINT('',(463.38,145.,-13.7));
#17321 = VECTOR('',#17322,1.);
#17322 = DIRECTION('',(0.,0.,1.));
#17323 = ORIENTED_EDGE('',*,*,#4603,.T.);
#17324 = ORIENTED_EDGE('',*,*,#17270,.F.);
#17325 = PLANE('',#17326);
#17326 = AXIS2_PLACEMENT_3D('',#17327,#17328,#17329);
#17327 = CARTESIAN_POINT('',(460.206,145.,-13.7));
#17328 = DIRECTION('',(0.,1.,0.));
#17329 = DIRECTION('',(0.,0.,1.));
#17330 = ADVANCED_FACE('',(#17331),#17350,.F.);
#17331 = FACE_BOUND('',#17332,.F.);
#17332 = EDGE_LOOP('',(#17333,#17342,#17343,#17344));
#17333 = ORIENTED_EDGE('',*,*,#17334,.T.);
#17334 = EDGE_CURVE('',#17335,#17287,#17337,.T.);
#17335 = VERTEX_POINT('',#17336);
#17336 = CARTESIAN_POINT('',(460.206,123.174,-13.7));
#17337 = CIRCLE('',#17338,3.174);
#17338 = AXIS2_PLACEMENT_3D('',#17339,#17340,#17341);
#17339 = CARTESIAN_POINT('',(463.38,123.174,-13.7));
#17340 = DIRECTION('',(-0.,0.,1.));
#17341 = DIRECTION('',(0.,-1.,0.));
#17342 = ORIENTED_EDGE('',*,*,#17294,.T.);
#17343 = ORIENTED_EDGE('',*,*,#4577,.F.);
#17344 = ORIENTED_EDGE('',*,*,#17345,.F.);
#17345 = EDGE_CURVE('',#17335,#4578,#17346,.T.);
#17346 = LINE('',#17347,#17348);
#17347 = CARTESIAN_POINT('',(460.206,123.174,-13.7));
#17348 = VECTOR('',#17349,1.);
#17349 = DIRECTION('',(0.,0.,1.));
#17350 = CYLINDRICAL_SURFACE('',#17351,3.174);
#17351 = AXIS2_PLACEMENT_3D('',#17352,#17353,#17354);
#17352 = CARTESIAN_POINT('',(463.38,123.174,-13.7));
#17353 = DIRECTION('',(0.,0.,1.));
#17354 = DIRECTION('',(-1.,0.,0.));
#17355 = ADVANCED_FACE('',(#17356),#17375,.F.);
#17356 = FACE_BOUND('',#17357,.T.);
#17357 = EDGE_LOOP('',(#17358,#17367,#17368,#17369));
#17358 = ORIENTED_EDGE('',*,*,#17359,.T.);
#17359 = EDGE_CURVE('',#17360,#17311,#17362,.T.);
#17360 = VERTEX_POINT('',#17361);
#17361 = CARTESIAN_POINT('',(460.206,141.826,-13.7));
#17362 = CIRCLE('',#17363,3.174);
#17363 = AXIS2_PLACEMENT_3D('',#17364,#17365,#17366);
#17364 = CARTESIAN_POINT('',(463.38,141.826,-13.7));
#17365 = DIRECTION('',(-0.,-0.,-1.));
#17366 = DIRECTION('',(0.,-1.,0.));
#17367 = ORIENTED_EDGE('',*,*,#17318,.T.);
#17368 = ORIENTED_EDGE('',*,*,#4594,.F.);
#17369 = ORIENTED_EDGE('',*,*,#17370,.F.);
#17370 = EDGE_CURVE('',#17360,#4587,#17371,.T.);
#17371 = LINE('',#17372,#17373);
#17372 = CARTESIAN_POINT('',(460.206,141.826,-13.7));
#17373 = VECTOR('',#17374,1.);
#17374 = DIRECTION('',(0.,0.,1.));
#17375 = CYLINDRICAL_SURFACE('',#17376,3.174);
#17376 = AXIS2_PLACEMENT_3D('',#17377,#17378,#17379);
#17377 = CARTESIAN_POINT('',(463.38,141.826,-13.7));
#17378 = DIRECTION('',(0.,0.,1.));
#17379 = DIRECTION('',(-1.,0.,0.));
#17380 = ADVANCED_FACE('',(#17381),#17392,.T.);
#17381 = FACE_BOUND('',#17382,.T.);
#17382 = EDGE_LOOP('',(#17383,#17384,#17385,#17391));
#17383 = ORIENTED_EDGE('',*,*,#4586,.F.);
#17384 = ORIENTED_EDGE('',*,*,#17345,.F.);
#17385 = ORIENTED_EDGE('',*,*,#17386,.T.);
#17386 = EDGE_CURVE('',#17335,#17360,#17387,.T.);
#17387 = LINE('',#17388,#17389);
#17388 = CARTESIAN_POINT('',(460.206,120.,-13.7));
#17389 = VECTOR('',#17390,1.);
#17390 = DIRECTION('',(0.,1.,0.));
#17391 = ORIENTED_EDGE('',*,*,#17370,.T.);
#17392 = PLANE('',#17393);
#17393 = AXIS2_PLACEMENT_3D('',#17394,#17395,#17396);
#17394 = CARTESIAN_POINT('',(460.206,120.,-13.7));
#17395 = DIRECTION('',(1.,0.,0.));
#17396 = DIRECTION('',(0.,0.,1.));
#17397 = ADVANCED_FACE('',(#17398),#17408,.T.);
#17398 = FACE_BOUND('',#17399,.T.);
#17399 = EDGE_LOOP('',(#17400,#17401,#17402,#17403,#17404,#17405,#17406,
    #17407));
#17400 = ORIENTED_EDGE('',*,*,#17214,.T.);
#17401 = ORIENTED_EDGE('',*,*,#17261,.T.);
#17402 = ORIENTED_EDGE('',*,*,#17310,.F.);
#17403 = ORIENTED_EDGE('',*,*,#17359,.F.);
#17404 = ORIENTED_EDGE('',*,*,#17386,.F.);
#17405 = ORIENTED_EDGE('',*,*,#17334,.T.);
#17406 = ORIENTED_EDGE('',*,*,#17286,.T.);
#17407 = ORIENTED_EDGE('',*,*,#17236,.T.);
#17408 = PLANE('',#17409);
#17409 = AXIS2_PLACEMENT_3D('',#17410,#17411,#17412);
#17410 = CARTESIAN_POINT('',(460.206,120.,-13.7));
#17411 = DIRECTION('',(0.,0.,1.));
#17412 = DIRECTION('',(1.,0.,0.));
#17413 = ADVANCED_FACE('',(#17414),#17439,.F.);
#17414 = FACE_BOUND('',#17415,.F.);
#17415 = EDGE_LOOP('',(#17416,#17417,#17425,#17433));
#17416 = ORIENTED_EDGE('',*,*,#4620,.F.);
#17417 = ORIENTED_EDGE('',*,*,#17418,.F.);
#17418 = EDGE_CURVE('',#17419,#4621,#17421,.T.);
#17419 = VERTEX_POINT('',#17420);
#17420 = CARTESIAN_POINT('',(462.794,223.826,-13.7));
#17421 = LINE('',#17422,#17423);
#17422 = CARTESIAN_POINT('',(462.794,223.826,-13.7));
#17423 = VECTOR('',#17424,1.);
#17424 = DIRECTION('',(0.,0.,1.));
#17425 = ORIENTED_EDGE('',*,*,#17426,.T.);
#17426 = EDGE_CURVE('',#17419,#17427,#17429,.T.);
#17427 = VERTEX_POINT('',#17428);
#17428 = CARTESIAN_POINT('',(462.794,205.174,-13.7));
#17429 = LINE('',#17430,#17431);
#17430 = CARTESIAN_POINT('',(462.794,227.,-13.7));
#17431 = VECTOR('',#17432,1.);
#17432 = DIRECTION('',(0.,-1.,0.));
#17433 = ORIENTED_EDGE('',*,*,#17434,.T.);
#17434 = EDGE_CURVE('',#17427,#4623,#17435,.T.);
#17435 = LINE('',#17436,#17437);
#17436 = CARTESIAN_POINT('',(462.794,205.174,-13.7));
#17437 = VECTOR('',#17438,1.);
#17438 = DIRECTION('',(0.,0.,1.));
#17439 = PLANE('',#17440);
#17440 = AXIS2_PLACEMENT_3D('',#17441,#17442,#17443);
#17441 = CARTESIAN_POINT('',(462.794,227.,-13.7));
#17442 = DIRECTION('',(-1.,0.,0.));
#17443 = DIRECTION('',(0.,0.,1.));
#17444 = ADVANCED_FACE('',(#17445),#17464,.F.);
#17445 = FACE_BOUND('',#17446,.F.);
#17446 = EDGE_LOOP('',(#17447,#17456,#17457,#17458));
#17447 = ORIENTED_EDGE('',*,*,#17448,.T.);
#17448 = EDGE_CURVE('',#17449,#17419,#17451,.T.);
#17449 = VERTEX_POINT('',#17450);
#17450 = CARTESIAN_POINT('',(465.968,227.,-13.7));
#17451 = CIRCLE('',#17452,3.174);
#17452 = AXIS2_PLACEMENT_3D('',#17453,#17454,#17455);
#17453 = CARTESIAN_POINT('',(465.968,223.826,-13.7));
#17454 = DIRECTION('',(0.,-0.,1.));
#17455 = DIRECTION('',(0.,1.,0.));
#17456 = ORIENTED_EDGE('',*,*,#17418,.T.);
#17457 = ORIENTED_EDGE('',*,*,#4630,.F.);
#17458 = ORIENTED_EDGE('',*,*,#17459,.F.);
#17459 = EDGE_CURVE('',#17449,#4631,#17460,.T.);
#17460 = LINE('',#17461,#17462);
#17461 = CARTESIAN_POINT('',(465.968,227.,-13.7));
#17462 = VECTOR('',#17463,1.);
#17463 = DIRECTION('',(0.,0.,1.));
#17464 = CYLINDRICAL_SURFACE('',#17465,3.174);
#17465 = AXIS2_PLACEMENT_3D('',#17466,#17467,#17468);
#17466 = CARTESIAN_POINT('',(465.968,223.826,-13.7));
#17467 = DIRECTION('',(0.,0.,1.));
#17468 = DIRECTION('',(0.,1.,0.));
#17469 = ADVANCED_FACE('',(#17470),#17489,.F.);
#17470 = FACE_BOUND('',#17471,.F.);
#17471 = EDGE_LOOP('',(#17472,#17481,#17487,#17488));
#17472 = ORIENTED_EDGE('',*,*,#17473,.T.);
#17473 = EDGE_CURVE('',#17427,#17474,#17476,.T.);
#17474 = VERTEX_POINT('',#17475);
#17475 = CARTESIAN_POINT('',(465.968,202.,-13.7));
#17476 = CIRCLE('',#17477,3.174);
#17477 = AXIS2_PLACEMENT_3D('',#17478,#17479,#17480);
#17478 = CARTESIAN_POINT('',(465.968,205.174,-13.7));
#17479 = DIRECTION('',(0.,-0.,1.));
#17480 = DIRECTION('',(0.,1.,0.));
#17481 = ORIENTED_EDGE('',*,*,#17482,.T.);
#17482 = EDGE_CURVE('',#17474,#4674,#17483,.T.);
#17483 = LINE('',#17484,#17485);
#17484 = CARTESIAN_POINT('',(465.968,202.,-13.7));
#17485 = VECTOR('',#17486,1.);
#17486 = DIRECTION('',(0.,0.,1.));
#17487 = ORIENTED_EDGE('',*,*,#4681,.F.);
#17488 = ORIENTED_EDGE('',*,*,#17434,.F.);
#17489 = CYLINDRICAL_SURFACE('',#17490,3.174);
#17490 = AXIS2_PLACEMENT_3D('',#17491,#17492,#17493);
#17491 = CARTESIAN_POINT('',(465.968,205.174,-13.7));
#17492 = DIRECTION('',(0.,0.,1.));
#17493 = DIRECTION('',(-1.,0.,0.));
#17494 = ADVANCED_FACE('',(#17495),#17513,.T.);
#17495 = FACE_BOUND('',#17496,.T.);
#17496 = EDGE_LOOP('',(#17497,#17505,#17511,#17512));
#17497 = ORIENTED_EDGE('',*,*,#17498,.F.);
#17498 = EDGE_CURVE('',#17499,#17449,#17501,.T.);
#17499 = VERTEX_POINT('',#17500);
#17500 = CARTESIAN_POINT('',(466.12,227.,-13.7));
#17501 = LINE('',#17502,#17503);
#17502 = CARTESIAN_POINT('',(469.294,227.,-13.7));
#17503 = VECTOR('',#17504,1.);
#17504 = DIRECTION('',(-1.,0.,0.));
#17505 = ORIENTED_EDGE('',*,*,#17506,.T.);
#17506 = EDGE_CURVE('',#17499,#4640,#17507,.T.);
#17507 = LINE('',#17508,#17509);
#17508 = CARTESIAN_POINT('',(466.12,227.,-13.7));
#17509 = VECTOR('',#17510,1.);
#17510 = DIRECTION('',(0.,0.,1.));
#17511 = ORIENTED_EDGE('',*,*,#4639,.T.);
#17512 = ORIENTED_EDGE('',*,*,#17459,.F.);
#17513 = PLANE('',#17514);
#17514 = AXIS2_PLACEMENT_3D('',#17515,#17516,#17517);
#17515 = CARTESIAN_POINT('',(469.294,227.,-13.7));
#17516 = DIRECTION('',(0.,-1.,0.));
#17517 = DIRECTION('',(0.,0.,1.));
#17518 = ADVANCED_FACE('',(#17519),#17537,.F.);
#17519 = FACE_BOUND('',#17520,.F.);
#17520 = EDGE_LOOP('',(#17521,#17529,#17535,#17536));
#17521 = ORIENTED_EDGE('',*,*,#17522,.F.);
#17522 = EDGE_CURVE('',#17523,#17474,#17525,.T.);
#17523 = VERTEX_POINT('',#17524);
#17524 = CARTESIAN_POINT('',(466.12,202.,-13.7));
#17525 = LINE('',#17526,#17527);
#17526 = CARTESIAN_POINT('',(469.294,202.,-13.7));
#17527 = VECTOR('',#17528,1.);
#17528 = DIRECTION('',(-1.,0.,0.));
#17529 = ORIENTED_EDGE('',*,*,#17530,.T.);
#17530 = EDGE_CURVE('',#17523,#4665,#17531,.T.);
#17531 = LINE('',#17532,#17533);
#17532 = CARTESIAN_POINT('',(466.12,202.,-13.7));
#17533 = VECTOR('',#17534,1.);
#17534 = DIRECTION('',(0.,0.,1.));
#17535 = ORIENTED_EDGE('',*,*,#4673,.T.);
#17536 = ORIENTED_EDGE('',*,*,#17482,.F.);
#17537 = PLANE('',#17538);
#17538 = AXIS2_PLACEMENT_3D('',#17539,#17540,#17541);
#17539 = CARTESIAN_POINT('',(469.294,202.,-13.7));
#17540 = DIRECTION('',(0.,-1.,0.));
#17541 = DIRECTION('',(0.,0.,1.));
#17542 = ADVANCED_FACE('',(#17543),#17562,.F.);
#17543 = FACE_BOUND('',#17544,.F.);
#17544 = EDGE_LOOP('',(#17545,#17554,#17555,#17556));
#17545 = ORIENTED_EDGE('',*,*,#17546,.T.);
#17546 = EDGE_CURVE('',#17547,#17499,#17549,.T.);
#17547 = VERTEX_POINT('',#17548);
#17548 = CARTESIAN_POINT('',(469.294,223.826,-13.7));
#17549 = CIRCLE('',#17550,3.174);
#17550 = AXIS2_PLACEMENT_3D('',#17551,#17552,#17553);
#17551 = CARTESIAN_POINT('',(466.12,223.826,-13.7));
#17552 = DIRECTION('',(0.,-0.,1.));
#17553 = DIRECTION('',(0.,1.,0.));
#17554 = ORIENTED_EDGE('',*,*,#17506,.T.);
#17555 = ORIENTED_EDGE('',*,*,#4647,.F.);
#17556 = ORIENTED_EDGE('',*,*,#17557,.F.);
#17557 = EDGE_CURVE('',#17547,#4648,#17558,.T.);
#17558 = LINE('',#17559,#17560);
#17559 = CARTESIAN_POINT('',(469.294,223.826,-13.7));
#17560 = VECTOR('',#17561,1.);
#17561 = DIRECTION('',(0.,0.,1.));
#17562 = CYLINDRICAL_SURFACE('',#17563,3.174);
#17563 = AXIS2_PLACEMENT_3D('',#17564,#17565,#17566);
#17564 = CARTESIAN_POINT('',(466.12,223.826,-13.7));
#17565 = DIRECTION('',(0.,0.,1.));
#17566 = DIRECTION('',(1.,0.,0.));
#17567 = ADVANCED_FACE('',(#17568),#17587,.F.);
#17568 = FACE_BOUND('',#17569,.T.);
#17569 = EDGE_LOOP('',(#17570,#17579,#17580,#17581));
#17570 = ORIENTED_EDGE('',*,*,#17571,.T.);
#17571 = EDGE_CURVE('',#17572,#17523,#17574,.T.);
#17572 = VERTEX_POINT('',#17573);
#17573 = CARTESIAN_POINT('',(469.294,205.174,-13.7));
#17574 = CIRCLE('',#17575,3.174);
#17575 = AXIS2_PLACEMENT_3D('',#17576,#17577,#17578);
#17576 = CARTESIAN_POINT('',(466.12,205.174,-13.7));
#17577 = DIRECTION('',(0.,0.,-1.));
#17578 = DIRECTION('',(0.,1.,0.));
#17579 = ORIENTED_EDGE('',*,*,#17530,.T.);
#17580 = ORIENTED_EDGE('',*,*,#4664,.F.);
#17581 = ORIENTED_EDGE('',*,*,#17582,.F.);
#17582 = EDGE_CURVE('',#17572,#4657,#17583,.T.);
#17583 = LINE('',#17584,#17585);
#17584 = CARTESIAN_POINT('',(469.294,205.174,-13.7));
#17585 = VECTOR('',#17586,1.);
#17586 = DIRECTION('',(0.,0.,1.));
#17587 = CYLINDRICAL_SURFACE('',#17588,3.174);
#17588 = AXIS2_PLACEMENT_3D('',#17589,#17590,#17591);
#17589 = CARTESIAN_POINT('',(466.12,205.174,-13.7));
#17590 = DIRECTION('',(0.,0.,1.));
#17591 = DIRECTION('',(1.,0.,0.));
#17592 = ADVANCED_FACE('',(#17593),#17604,.T.);
#17593 = FACE_BOUND('',#17594,.T.);
#17594 = EDGE_LOOP('',(#17595,#17596,#17597,#17603));
#17595 = ORIENTED_EDGE('',*,*,#4656,.F.);
#17596 = ORIENTED_EDGE('',*,*,#17557,.F.);
#17597 = ORIENTED_EDGE('',*,*,#17598,.T.);
#17598 = EDGE_CURVE('',#17547,#17572,#17599,.T.);
#17599 = LINE('',#17600,#17601);
#17600 = CARTESIAN_POINT('',(469.294,227.,-13.7));
#17601 = VECTOR('',#17602,1.);
#17602 = DIRECTION('',(0.,-1.,0.));
#17603 = ORIENTED_EDGE('',*,*,#17582,.T.);
#17604 = PLANE('',#17605);
#17605 = AXIS2_PLACEMENT_3D('',#17606,#17607,#17608);
#17606 = CARTESIAN_POINT('',(469.294,227.,-13.7));
#17607 = DIRECTION('',(-1.,0.,0.));
#17608 = DIRECTION('',(0.,0.,1.));
#17609 = ADVANCED_FACE('',(#17610),#17620,.T.);
#17610 = FACE_BOUND('',#17611,.T.);
#17611 = EDGE_LOOP('',(#17612,#17613,#17614,#17615,#17616,#17617,#17618,
    #17619));
#17612 = ORIENTED_EDGE('',*,*,#17426,.T.);
#17613 = ORIENTED_EDGE('',*,*,#17473,.T.);
#17614 = ORIENTED_EDGE('',*,*,#17522,.F.);
#17615 = ORIENTED_EDGE('',*,*,#17571,.F.);
#17616 = ORIENTED_EDGE('',*,*,#17598,.F.);
#17617 = ORIENTED_EDGE('',*,*,#17546,.T.);
#17618 = ORIENTED_EDGE('',*,*,#17498,.T.);
#17619 = ORIENTED_EDGE('',*,*,#17448,.T.);
#17620 = PLANE('',#17621);
#17621 = AXIS2_PLACEMENT_3D('',#17622,#17623,#17624);
#17622 = CARTESIAN_POINT('',(469.294,227.,-13.7));
#17623 = DIRECTION('',(0.,0.,1.));
#17624 = DIRECTION('',(-1.,0.,0.));
#17625 = ADVANCED_FACE('',(#17626),#17651,.F.);
#17626 = FACE_BOUND('',#17627,.F.);
#17627 = EDGE_LOOP('',(#17628,#17629,#17637,#17645));
#17628 = ORIENTED_EDGE('',*,*,#4690,.F.);
#17629 = ORIENTED_EDGE('',*,*,#17630,.F.);
#17630 = EDGE_CURVE('',#17631,#4691,#17633,.T.);
#17631 = VERTEX_POINT('',#17632);
#17632 = CARTESIAN_POINT('',(282.326,230.706,-13.7));
#17633 = LINE('',#17634,#17635);
#17634 = CARTESIAN_POINT('',(282.326,230.706,-13.7));
#17635 = VECTOR('',#17636,1.);
#17636 = DIRECTION('',(0.,0.,1.));
#17637 = ORIENTED_EDGE('',*,*,#17638,.T.);
#17638 = EDGE_CURVE('',#17631,#17639,#17641,.T.);
#17639 = VERTEX_POINT('',#17640);
#17640 = CARTESIAN_POINT('',(263.674,230.706,-13.7));
#17641 = LINE('',#17642,#17643);
#17642 = CARTESIAN_POINT('',(285.5,230.706,-13.7));
#17643 = VECTOR('',#17644,1.);
#17644 = DIRECTION('',(-1.,0.,0.));
#17645 = ORIENTED_EDGE('',*,*,#17646,.T.);
#17646 = EDGE_CURVE('',#17639,#4693,#17647,.T.);
#17647 = LINE('',#17648,#17649);
#17648 = CARTESIAN_POINT('',(263.674,230.706,-13.7));
#17649 = VECTOR('',#17650,1.);
#17650 = DIRECTION('',(0.,0.,1.));
#17651 = PLANE('',#17652);
#17652 = AXIS2_PLACEMENT_3D('',#17653,#17654,#17655);
#17653 = CARTESIAN_POINT('',(285.5,230.706,-13.7));
#17654 = DIRECTION('',(0.,1.,0.));
#17655 = DIRECTION('',(0.,0.,1.));
#17656 = ADVANCED_FACE('',(#17657),#17676,.F.);
#17657 = FACE_BOUND('',#17658,.F.);
#17658 = EDGE_LOOP('',(#17659,#17668,#17669,#17670));
#17659 = ORIENTED_EDGE('',*,*,#17660,.T.);
#17660 = EDGE_CURVE('',#17661,#17631,#17663,.T.);
#17661 = VERTEX_POINT('',#17662);
#17662 = CARTESIAN_POINT('',(285.5,227.532,-13.7));
#17663 = CIRCLE('',#17664,3.174);
#17664 = AXIS2_PLACEMENT_3D('',#17665,#17666,#17667);
#17665 = CARTESIAN_POINT('',(282.326,227.532,-13.7));
#17666 = DIRECTION('',(0.,0.,1.));
#17667 = DIRECTION('',(1.,0.,0.));
#17668 = ORIENTED_EDGE('',*,*,#17630,.T.);
#17669 = ORIENTED_EDGE('',*,*,#4700,.F.);
#17670 = ORIENTED_EDGE('',*,*,#17671,.F.);
#17671 = EDGE_CURVE('',#17661,#4701,#17672,.T.);
#17672 = LINE('',#17673,#17674);
#17673 = CARTESIAN_POINT('',(285.5,227.532,-13.7));
#17674 = VECTOR('',#17675,1.);
#17675 = DIRECTION('',(0.,0.,1.));
#17676 = CYLINDRICAL_SURFACE('',#17677,3.174);
#17677 = AXIS2_PLACEMENT_3D('',#17678,#17679,#17680);
#17678 = CARTESIAN_POINT('',(282.326,227.532,-13.7));
#17679 = DIRECTION('',(0.,0.,1.));
#17680 = DIRECTION('',(1.,0.,0.));
#17681 = ADVANCED_FACE('',(#17682),#17701,.F.);
#17682 = FACE_BOUND('',#17683,.F.);
#17683 = EDGE_LOOP('',(#17684,#17693,#17699,#17700));
#17684 = ORIENTED_EDGE('',*,*,#17685,.T.);
#17685 = EDGE_CURVE('',#17639,#17686,#17688,.T.);
#17686 = VERTEX_POINT('',#17687);
#17687 = CARTESIAN_POINT('',(260.5,227.532,-13.7));
#17688 = CIRCLE('',#17689,3.174);
#17689 = AXIS2_PLACEMENT_3D('',#17690,#17691,#17692);
#17690 = CARTESIAN_POINT('',(263.674,227.532,-13.7));
#17691 = DIRECTION('',(0.,0.,1.));
#17692 = DIRECTION('',(1.,0.,0.));
#17693 = ORIENTED_EDGE('',*,*,#17694,.T.);
#17694 = EDGE_CURVE('',#17686,#4744,#17695,.T.);
#17695 = LINE('',#17696,#17697);
#17696 = CARTESIAN_POINT('',(260.5,227.532,-13.7));
#17697 = VECTOR('',#17698,1.);
#17698 = DIRECTION('',(0.,0.,1.));
#17699 = ORIENTED_EDGE('',*,*,#4751,.F.);
#17700 = ORIENTED_EDGE('',*,*,#17646,.F.);
#17701 = CYLINDRICAL_SURFACE('',#17702,3.174);
#17702 = AXIS2_PLACEMENT_3D('',#17703,#17704,#17705);
#17703 = CARTESIAN_POINT('',(263.674,227.532,-13.7));
#17704 = DIRECTION('',(0.,0.,1.));
#17705 = DIRECTION('',(0.,1.,0.));
#17706 = ADVANCED_FACE('',(#17707),#17725,.T.);
#17707 = FACE_BOUND('',#17708,.T.);
#17708 = EDGE_LOOP('',(#17709,#17717,#17723,#17724));
#17709 = ORIENTED_EDGE('',*,*,#17710,.F.);
#17710 = EDGE_CURVE('',#17711,#17661,#17713,.T.);
#17711 = VERTEX_POINT('',#17712);
#17712 = CARTESIAN_POINT('',(285.5,227.38,-13.7));
#17713 = LINE('',#17714,#17715);
#17714 = CARTESIAN_POINT('',(285.5,224.206,-13.7));
#17715 = VECTOR('',#17716,1.);
#17716 = DIRECTION('',(0.,1.,0.));
#17717 = ORIENTED_EDGE('',*,*,#17718,.T.);
#17718 = EDGE_CURVE('',#17711,#4710,#17719,.T.);
#17719 = LINE('',#17720,#17721);
#17720 = CARTESIAN_POINT('',(285.5,227.38,-13.7));
#17721 = VECTOR('',#17722,1.);
#17722 = DIRECTION('',(0.,0.,1.));
#17723 = ORIENTED_EDGE('',*,*,#4709,.T.);
#17724 = ORIENTED_EDGE('',*,*,#17671,.F.);
#17725 = PLANE('',#17726);
#17726 = AXIS2_PLACEMENT_3D('',#17727,#17728,#17729);
#17727 = CARTESIAN_POINT('',(285.5,224.206,-13.7));
#17728 = DIRECTION('',(-1.,0.,0.));
#17729 = DIRECTION('',(0.,0.,1.));
#17730 = ADVANCED_FACE('',(#17731),#17749,.F.);
#17731 = FACE_BOUND('',#17732,.F.);
#17732 = EDGE_LOOP('',(#17733,#17741,#17747,#17748));
#17733 = ORIENTED_EDGE('',*,*,#17734,.F.);
#17734 = EDGE_CURVE('',#17735,#17686,#17737,.T.);
#17735 = VERTEX_POINT('',#17736);
#17736 = CARTESIAN_POINT('',(260.5,227.38,-13.7));
#17737 = LINE('',#17738,#17739);
#17738 = CARTESIAN_POINT('',(260.5,224.206,-13.7));
#17739 = VECTOR('',#17740,1.);
#17740 = DIRECTION('',(0.,1.,0.));
#17741 = ORIENTED_EDGE('',*,*,#17742,.T.);
#17742 = EDGE_CURVE('',#17735,#4735,#17743,.T.);
#17743 = LINE('',#17744,#17745);
#17744 = CARTESIAN_POINT('',(260.5,227.38,-13.7));
#17745 = VECTOR('',#17746,1.);
#17746 = DIRECTION('',(0.,0.,1.));
#17747 = ORIENTED_EDGE('',*,*,#4743,.T.);
#17748 = ORIENTED_EDGE('',*,*,#17694,.F.);
#17749 = PLANE('',#17750);
#17750 = AXIS2_PLACEMENT_3D('',#17751,#17752,#17753);
#17751 = CARTESIAN_POINT('',(260.5,224.206,-13.7));
#17752 = DIRECTION('',(-1.,0.,0.));
#17753 = DIRECTION('',(0.,0.,1.));
#17754 = ADVANCED_FACE('',(#17755),#17774,.F.);
#17755 = FACE_BOUND('',#17756,.F.);
#17756 = EDGE_LOOP('',(#17757,#17766,#17767,#17768));
#17757 = ORIENTED_EDGE('',*,*,#17758,.T.);
#17758 = EDGE_CURVE('',#17759,#17711,#17761,.T.);
#17759 = VERTEX_POINT('',#17760);
#17760 = CARTESIAN_POINT('',(282.326,224.206,-13.7));
#17761 = CIRCLE('',#17762,3.174);
#17762 = AXIS2_PLACEMENT_3D('',#17763,#17764,#17765);
#17763 = CARTESIAN_POINT('',(282.326,227.38,-13.7));
#17764 = DIRECTION('',(0.,0.,1.));
#17765 = DIRECTION('',(1.,0.,0.));
#17766 = ORIENTED_EDGE('',*,*,#17718,.T.);
#17767 = ORIENTED_EDGE('',*,*,#4717,.F.);
#17768 = ORIENTED_EDGE('',*,*,#17769,.F.);
#17769 = EDGE_CURVE('',#17759,#4718,#17770,.T.);
#17770 = LINE('',#17771,#17772);
#17771 = CARTESIAN_POINT('',(282.326,224.206,-13.7));
#17772 = VECTOR('',#17773,1.);
#17773 = DIRECTION('',(0.,0.,1.));
#17774 = CYLINDRICAL_SURFACE('',#17775,3.174);
#17775 = AXIS2_PLACEMENT_3D('',#17776,#17777,#17778);
#17776 = CARTESIAN_POINT('',(282.326,227.38,-13.7));
#17777 = DIRECTION('',(0.,0.,1.));
#17778 = DIRECTION('',(0.,-1.,0.));
#17779 = ADVANCED_FACE('',(#17780),#17799,.F.);
#17780 = FACE_BOUND('',#17781,.T.);
#17781 = EDGE_LOOP('',(#17782,#17791,#17792,#17793));
#17782 = ORIENTED_EDGE('',*,*,#17783,.T.);
#17783 = EDGE_CURVE('',#17784,#17735,#17786,.T.);
#17784 = VERTEX_POINT('',#17785);
#17785 = CARTESIAN_POINT('',(263.674,224.206,-13.7));
#17786 = CIRCLE('',#17787,3.174);
#17787 = AXIS2_PLACEMENT_3D('',#17788,#17789,#17790);
#17788 = CARTESIAN_POINT('',(263.674,227.38,-13.7));
#17789 = DIRECTION('',(0.,0.,-1.));
#17790 = DIRECTION('',(1.,0.,0.));
#17791 = ORIENTED_EDGE('',*,*,#17742,.T.);
#17792 = ORIENTED_EDGE('',*,*,#4734,.F.);
#17793 = ORIENTED_EDGE('',*,*,#17794,.F.);
#17794 = EDGE_CURVE('',#17784,#4727,#17795,.T.);
#17795 = LINE('',#17796,#17797);
#17796 = CARTESIAN_POINT('',(263.674,224.206,-13.7));
#17797 = VECTOR('',#17798,1.);
#17798 = DIRECTION('',(0.,0.,1.));
#17799 = CYLINDRICAL_SURFACE('',#17800,3.174);
#17800 = AXIS2_PLACEMENT_3D('',#17801,#17802,#17803);
#17801 = CARTESIAN_POINT('',(263.674,227.38,-13.7));
#17802 = DIRECTION('',(0.,0.,1.));
#17803 = DIRECTION('',(0.,-1.,0.));
#17804 = ADVANCED_FACE('',(#17805),#17816,.T.);
#17805 = FACE_BOUND('',#17806,.T.);
#17806 = EDGE_LOOP('',(#17807,#17808,#17809,#17815));
#17807 = ORIENTED_EDGE('',*,*,#4726,.F.);
#17808 = ORIENTED_EDGE('',*,*,#17769,.F.);
#17809 = ORIENTED_EDGE('',*,*,#17810,.T.);
#17810 = EDGE_CURVE('',#17759,#17784,#17811,.T.);
#17811 = LINE('',#17812,#17813);
#17812 = CARTESIAN_POINT('',(285.5,224.206,-13.7));
#17813 = VECTOR('',#17814,1.);
#17814 = DIRECTION('',(-1.,0.,0.));
#17815 = ORIENTED_EDGE('',*,*,#17794,.T.);
#17816 = PLANE('',#17817);
#17817 = AXIS2_PLACEMENT_3D('',#17818,#17819,#17820);
#17818 = CARTESIAN_POINT('',(285.5,224.206,-13.7));
#17819 = DIRECTION('',(0.,1.,0.));
#17820 = DIRECTION('',(0.,0.,1.));
#17821 = ADVANCED_FACE('',(#17822),#17832,.T.);
#17822 = FACE_BOUND('',#17823,.T.);
#17823 = EDGE_LOOP('',(#17824,#17825,#17826,#17827,#17828,#17829,#17830,
    #17831));
#17824 = ORIENTED_EDGE('',*,*,#17638,.T.);
#17825 = ORIENTED_EDGE('',*,*,#17685,.T.);
#17826 = ORIENTED_EDGE('',*,*,#17734,.F.);
#17827 = ORIENTED_EDGE('',*,*,#17783,.F.);
#17828 = ORIENTED_EDGE('',*,*,#17810,.F.);
#17829 = ORIENTED_EDGE('',*,*,#17758,.T.);
#17830 = ORIENTED_EDGE('',*,*,#17710,.T.);
#17831 = ORIENTED_EDGE('',*,*,#17660,.T.);
#17832 = PLANE('',#17833);
#17833 = AXIS2_PLACEMENT_3D('',#17834,#17835,#17836);
#17834 = CARTESIAN_POINT('',(285.5,224.206,-13.7));
#17835 = DIRECTION('',(0.,0.,1.));
#17836 = DIRECTION('',(0.,1.,0.));
#17837 = ADVANCED_FACE('',(#17838),#17857,.F.);
#17838 = FACE_BOUND('',#17839,.F.);
#17839 = EDGE_LOOP('',(#17840,#17849,#17855,#17856));
#17840 = ORIENTED_EDGE('',*,*,#17841,.F.);
#17841 = EDGE_CURVE('',#17842,#17842,#17844,.T.);
#17842 = VERTEX_POINT('',#17843);
#17843 = CARTESIAN_POINT('',(440.53125,304.8,-22.7));
#17844 = CIRCLE('',#17845,7.14375);
#17845 = AXIS2_PLACEMENT_3D('',#17846,#17847,#17848);
#17846 = CARTESIAN_POINT('',(447.675,304.8,-22.7));
#17847 = DIRECTION('',(0.,0.,-1.));
#17848 = DIRECTION('',(-1.,0.,0.));
#17849 = ORIENTED_EDGE('',*,*,#17850,.F.);
#17850 = EDGE_CURVE('',#4761,#17842,#17851,.T.);
#17851 = LINE('',#17852,#17853);
#17852 = CARTESIAN_POINT('',(440.53125,304.8,-12.7));
#17853 = VECTOR('',#17854,1.);
#17854 = DIRECTION('',(0.,0.,-1.));
#17855 = ORIENTED_EDGE('',*,*,#4760,.T.);
#17856 = ORIENTED_EDGE('',*,*,#17850,.T.);
#17857 = CYLINDRICAL_SURFACE('',#17858,7.14375);
#17858 = AXIS2_PLACEMENT_3D('',#17859,#17860,#17861);
#17859 = CARTESIAN_POINT('',(447.675,304.8,-12.7));
#17860 = DIRECTION('',(0.,0.,-1.));
#17861 = DIRECTION('',(-1.,0.,0.));
#17862 = ADVANCED_FACE('',(#17863,#17866),#17877,.F.);
#17863 = FACE_BOUND('',#17864,.F.);
#17864 = EDGE_LOOP('',(#17865));
#17865 = ORIENTED_EDGE('',*,*,#17841,.T.);
#17866 = FACE_BOUND('',#17867,.F.);
#17867 = EDGE_LOOP('',(#17868));
#17868 = ORIENTED_EDGE('',*,*,#17869,.F.);
#17869 = EDGE_CURVE('',#17870,#17870,#17872,.T.);
#17870 = VERTEX_POINT('',#17871);
#17871 = CARTESIAN_POINT('',(444.373,304.8,-22.7));
#17872 = CIRCLE('',#17873,3.302);
#17873 = AXIS2_PLACEMENT_3D('',#17874,#17875,#17876);
#17874 = CARTESIAN_POINT('',(447.675,304.8,-22.7));
#17875 = DIRECTION('',(0.,0.,-1.));
#17876 = DIRECTION('',(-1.,0.,0.));
#17877 = PLANE('',#17878);
#17878 = AXIS2_PLACEMENT_3D('',#17879,#17880,#17881);
#17879 = CARTESIAN_POINT('',(447.675,304.8,-22.7));
#17880 = DIRECTION('',(0.,0.,-1.));
#17881 = DIRECTION('',(-1.,0.,0.));
#17882 = ADVANCED_FACE('',(#17883),#17902,.F.);
#17883 = FACE_BOUND('',#17884,.F.);
#17884 = EDGE_LOOP('',(#17885,#17886,#17894,#17901));
#17885 = ORIENTED_EDGE('',*,*,#17869,.T.);
#17886 = ORIENTED_EDGE('',*,*,#17887,.T.);
#17887 = EDGE_CURVE('',#17870,#17888,#17890,.T.);
#17888 = VERTEX_POINT('',#17889);
#17889 = CARTESIAN_POINT('',(444.373,304.8,-38.1));
#17890 = LINE('',#17891,#17892);
#17891 = CARTESIAN_POINT('',(444.373,304.8,-12.7));
#17892 = VECTOR('',#17893,1.);
#17893 = DIRECTION('',(0.,0.,-1.));
#17894 = ORIENTED_EDGE('',*,*,#17895,.F.);
#17895 = EDGE_CURVE('',#17888,#17888,#17896,.T.);
#17896 = CIRCLE('',#17897,3.302);
#17897 = AXIS2_PLACEMENT_3D('',#17898,#17899,#17900);
#17898 = CARTESIAN_POINT('',(447.675,304.8,-38.1));
#17899 = DIRECTION('',(0.,0.,-1.));
#17900 = DIRECTION('',(-1.,0.,0.));
#17901 = ORIENTED_EDGE('',*,*,#17887,.F.);
#17902 = CYLINDRICAL_SURFACE('',#17903,3.302);
#17903 = AXIS2_PLACEMENT_3D('',#17904,#17905,#17906);
#17904 = CARTESIAN_POINT('',(447.675,304.8,-12.7));
#17905 = DIRECTION('',(0.,0.,-1.));
#17906 = DIRECTION('',(-1.,0.,0.));
#17907 = ADVANCED_FACE('',(#17908),#17927,.F.);
#17908 = FACE_BOUND('',#17909,.F.);
#17909 = EDGE_LOOP('',(#17910,#17919,#17925,#17926));
#17910 = ORIENTED_EDGE('',*,*,#17911,.F.);
#17911 = EDGE_CURVE('',#17912,#17912,#17914,.T.);
#17912 = VERTEX_POINT('',#17913);
#17913 = CARTESIAN_POINT('',(440.53125,50.8,-22.7));
#17914 = CIRCLE('',#17915,7.14375);
#17915 = AXIS2_PLACEMENT_3D('',#17916,#17917,#17918);
#17916 = CARTESIAN_POINT('',(447.675,50.8,-22.7));
#17917 = DIRECTION('',(0.,0.,-1.));
#17918 = DIRECTION('',(-1.,0.,0.));
#17919 = ORIENTED_EDGE('',*,*,#17920,.F.);
#17920 = EDGE_CURVE('',#4772,#17912,#17921,.T.);
#17921 = LINE('',#17922,#17923);
#17922 = CARTESIAN_POINT('',(440.53125,50.8,-12.7));
#17923 = VECTOR('',#17924,1.);
#17924 = DIRECTION('',(0.,0.,-1.));
#17925 = ORIENTED_EDGE('',*,*,#4771,.T.);
#17926 = ORIENTED_EDGE('',*,*,#17920,.T.);
#17927 = CYLINDRICAL_SURFACE('',#17928,7.14375);
#17928 = AXIS2_PLACEMENT_3D('',#17929,#17930,#17931);
#17929 = CARTESIAN_POINT('',(447.675,50.8,-12.7));
#17930 = DIRECTION('',(0.,0.,-1.));
#17931 = DIRECTION('',(-1.,0.,0.));
#17932 = ADVANCED_FACE('',(#17933,#17936),#17947,.F.);
#17933 = FACE_BOUND('',#17934,.F.);
#17934 = EDGE_LOOP('',(#17935));
#17935 = ORIENTED_EDGE('',*,*,#17911,.T.);
#17936 = FACE_BOUND('',#17937,.F.);
#17937 = EDGE_LOOP('',(#17938));
#17938 = ORIENTED_EDGE('',*,*,#17939,.F.);
#17939 = EDGE_CURVE('',#17940,#17940,#17942,.T.);
#17940 = VERTEX_POINT('',#17941);
#17941 = CARTESIAN_POINT('',(444.373,50.8,-22.7));
#17942 = CIRCLE('',#17943,3.302);
#17943 = AXIS2_PLACEMENT_3D('',#17944,#17945,#17946);
#17944 = CARTESIAN_POINT('',(447.675,50.8,-22.7));
#17945 = DIRECTION('',(0.,0.,-1.));
#17946 = DIRECTION('',(-1.,0.,0.));
#17947 = PLANE('',#17948);
#17948 = AXIS2_PLACEMENT_3D('',#17949,#17950,#17951);
#17949 = CARTESIAN_POINT('',(447.675,50.8,-22.7));
#17950 = DIRECTION('',(0.,0.,-1.));
#17951 = DIRECTION('',(-1.,0.,0.));
#17952 = ADVANCED_FACE('',(#17953),#17972,.F.);
#17953 = FACE_BOUND('',#17954,.F.);
#17954 = EDGE_LOOP('',(#17955,#17956,#17964,#17971));
#17955 = ORIENTED_EDGE('',*,*,#17939,.T.);
#17956 = ORIENTED_EDGE('',*,*,#17957,.T.);
#17957 = EDGE_CURVE('',#17940,#17958,#17960,.T.);
#17958 = VERTEX_POINT('',#17959);
#17959 = CARTESIAN_POINT('',(444.373,50.8,-38.1));
#17960 = LINE('',#17961,#17962);
#17961 = CARTESIAN_POINT('',(444.373,50.8,-12.7));
#17962 = VECTOR('',#17963,1.);
#17963 = DIRECTION('',(0.,0.,-1.));
#17964 = ORIENTED_EDGE('',*,*,#17965,.F.);
#17965 = EDGE_CURVE('',#17958,#17958,#17966,.T.);
#17966 = CIRCLE('',#17967,3.302);
#17967 = AXIS2_PLACEMENT_3D('',#17968,#17969,#17970);
#17968 = CARTESIAN_POINT('',(447.675,50.8,-38.1));
#17969 = DIRECTION('',(0.,0.,-1.));
#17970 = DIRECTION('',(-1.,0.,0.));
#17971 = ORIENTED_EDGE('',*,*,#17957,.F.);
#17972 = CYLINDRICAL_SURFACE('',#17973,3.302);
#17973 = AXIS2_PLACEMENT_3D('',#17974,#17975,#17976);
#17974 = CARTESIAN_POINT('',(447.675,50.8,-12.7));
#17975 = DIRECTION('',(0.,0.,-1.));
#17976 = DIRECTION('',(-1.,0.,0.));
#17977 = ADVANCED_FACE('',(#17978),#17997,.F.);
#17978 = FACE_BOUND('',#17979,.F.);
#17979 = EDGE_LOOP('',(#17980,#17989,#17995,#17996));
#17980 = ORIENTED_EDGE('',*,*,#17981,.F.);
#17981 = EDGE_CURVE('',#17982,#17982,#17984,.T.);
#17982 = VERTEX_POINT('',#17983);
#17983 = CARTESIAN_POINT('',(34.13125,304.8,-22.7));
#17984 = CIRCLE('',#17985,7.14375);
#17985 = AXIS2_PLACEMENT_3D('',#17986,#17987,#17988);
#17986 = CARTESIAN_POINT('',(41.275,304.8,-22.7));
#17987 = DIRECTION('',(0.,0.,-1.));
#17988 = DIRECTION('',(-1.,0.,0.));
#17989 = ORIENTED_EDGE('',*,*,#17990,.F.);
#17990 = EDGE_CURVE('',#4783,#17982,#17991,.T.);
#17991 = LINE('',#17992,#17993);
#17992 = CARTESIAN_POINT('',(34.13125,304.8,-12.7));
#17993 = VECTOR('',#17994,1.);
#17994 = DIRECTION('',(0.,0.,-1.));
#17995 = ORIENTED_EDGE('',*,*,#4782,.T.);
#17996 = ORIENTED_EDGE('',*,*,#17990,.T.);
#17997 = CYLINDRICAL_SURFACE('',#17998,7.14375);
#17998 = AXIS2_PLACEMENT_3D('',#17999,#18000,#18001);
#17999 = CARTESIAN_POINT('',(41.275,304.8,-12.7));
#18000 = DIRECTION('',(0.,0.,-1.));
#18001 = DIRECTION('',(-1.,0.,0.));
#18002 = ADVANCED_FACE('',(#18003,#18006),#18017,.F.);
#18003 = FACE_BOUND('',#18004,.F.);
#18004 = EDGE_LOOP('',(#18005));
#18005 = ORIENTED_EDGE('',*,*,#17981,.T.);
#18006 = FACE_BOUND('',#18007,.F.);
#18007 = EDGE_LOOP('',(#18008));
#18008 = ORIENTED_EDGE('',*,*,#18009,.F.);
#18009 = EDGE_CURVE('',#18010,#18010,#18012,.T.);
#18010 = VERTEX_POINT('',#18011);
#18011 = CARTESIAN_POINT('',(37.973,304.8,-22.7));
#18012 = CIRCLE('',#18013,3.302);
#18013 = AXIS2_PLACEMENT_3D('',#18014,#18015,#18016);
#18014 = CARTESIAN_POINT('',(41.275,304.8,-22.7));
#18015 = DIRECTION('',(0.,0.,-1.));
#18016 = DIRECTION('',(-1.,0.,0.));
#18017 = PLANE('',#18018);
#18018 = AXIS2_PLACEMENT_3D('',#18019,#18020,#18021);
#18019 = CARTESIAN_POINT('',(41.275,304.8,-22.7));
#18020 = DIRECTION('',(0.,0.,-1.));
#18021 = DIRECTION('',(-1.,0.,0.));
#18022 = ADVANCED_FACE('',(#18023),#18042,.F.);
#18023 = FACE_BOUND('',#18024,.F.);
#18024 = EDGE_LOOP('',(#18025,#18026,#18034,#18041));
#18025 = ORIENTED_EDGE('',*,*,#18009,.T.);
#18026 = ORIENTED_EDGE('',*,*,#18027,.T.);
#18027 = EDGE_CURVE('',#18010,#18028,#18030,.T.);
#18028 = VERTEX_POINT('',#18029);
#18029 = CARTESIAN_POINT('',(37.973,304.8,-38.1));
#18030 = LINE('',#18031,#18032);
#18031 = CARTESIAN_POINT('',(37.973,304.8,-12.7));
#18032 = VECTOR('',#18033,1.);
#18033 = DIRECTION('',(0.,0.,-1.));
#18034 = ORIENTED_EDGE('',*,*,#18035,.F.);
#18035 = EDGE_CURVE('',#18028,#18028,#18036,.T.);
#18036 = CIRCLE('',#18037,3.302);
#18037 = AXIS2_PLACEMENT_3D('',#18038,#18039,#18040);
#18038 = CARTESIAN_POINT('',(41.275,304.8,-38.1));
#18039 = DIRECTION('',(0.,0.,-1.));
#18040 = DIRECTION('',(-1.,0.,0.));
#18041 = ORIENTED_EDGE('',*,*,#18027,.F.);
#18042 = CYLINDRICAL_SURFACE('',#18043,3.302);
#18043 = AXIS2_PLACEMENT_3D('',#18044,#18045,#18046);
#18044 = CARTESIAN_POINT('',(41.275,304.8,-12.7));
#18045 = DIRECTION('',(0.,0.,-1.));
#18046 = DIRECTION('',(-1.,0.,0.));
#18047 = ADVANCED_FACE('',(#18048),#18067,.F.);
#18048 = FACE_BOUND('',#18049,.F.);
#18049 = EDGE_LOOP('',(#18050,#18059,#18065,#18066));
#18050 = ORIENTED_EDGE('',*,*,#18051,.F.);
#18051 = EDGE_CURVE('',#18052,#18052,#18054,.T.);
#18052 = VERTEX_POINT('',#18053);
#18053 = CARTESIAN_POINT('',(34.13125,50.8,-22.7));
#18054 = CIRCLE('',#18055,7.14375);
#18055 = AXIS2_PLACEMENT_3D('',#18056,#18057,#18058);
#18056 = CARTESIAN_POINT('',(41.275,50.8,-22.7));
#18057 = DIRECTION('',(0.,0.,-1.));
#18058 = DIRECTION('',(-1.,0.,0.));
#18059 = ORIENTED_EDGE('',*,*,#18060,.F.);
#18060 = EDGE_CURVE('',#4794,#18052,#18061,.T.);
#18061 = LINE('',#18062,#18063);
#18062 = CARTESIAN_POINT('',(34.13125,50.8,-12.7));
#18063 = VECTOR('',#18064,1.);
#18064 = DIRECTION('',(0.,0.,-1.));
#18065 = ORIENTED_EDGE('',*,*,#4793,.T.);
#18066 = ORIENTED_EDGE('',*,*,#18060,.T.);
#18067 = CYLINDRICAL_SURFACE('',#18068,7.14375);
#18068 = AXIS2_PLACEMENT_3D('',#18069,#18070,#18071);
#18069 = CARTESIAN_POINT('',(41.275,50.8,-12.7));
#18070 = DIRECTION('',(0.,0.,-1.));
#18071 = DIRECTION('',(-1.,0.,0.));
#18072 = ADVANCED_FACE('',(#18073,#18076),#18087,.F.);
#18073 = FACE_BOUND('',#18074,.F.);
#18074 = EDGE_LOOP('',(#18075));
#18075 = ORIENTED_EDGE('',*,*,#18051,.T.);
#18076 = FACE_BOUND('',#18077,.F.);
#18077 = EDGE_LOOP('',(#18078));
#18078 = ORIENTED_EDGE('',*,*,#18079,.F.);
#18079 = EDGE_CURVE('',#18080,#18080,#18082,.T.);
#18080 = VERTEX_POINT('',#18081);
#18081 = CARTESIAN_POINT('',(37.973,50.8,-22.7));
#18082 = CIRCLE('',#18083,3.302);
#18083 = AXIS2_PLACEMENT_3D('',#18084,#18085,#18086);
#18084 = CARTESIAN_POINT('',(41.275,50.8,-22.7));
#18085 = DIRECTION('',(0.,0.,-1.));
#18086 = DIRECTION('',(-1.,0.,0.));
#18087 = PLANE('',#18088);
#18088 = AXIS2_PLACEMENT_3D('',#18089,#18090,#18091);
#18089 = CARTESIAN_POINT('',(41.275,50.8,-22.7));
#18090 = DIRECTION('',(0.,0.,-1.));
#18091 = DIRECTION('',(-1.,0.,0.));
#18092 = ADVANCED_FACE('',(#18093),#18112,.F.);
#18093 = FACE_BOUND('',#18094,.F.);
#18094 = EDGE_LOOP('',(#18095,#18096,#18104,#18111));
#18095 = ORIENTED_EDGE('',*,*,#18079,.T.);
#18096 = ORIENTED_EDGE('',*,*,#18097,.T.);
#18097 = EDGE_CURVE('',#18080,#18098,#18100,.T.);
#18098 = VERTEX_POINT('',#18099);
#18099 = CARTESIAN_POINT('',(37.973,50.8,-38.1));
#18100 = LINE('',#18101,#18102);
#18101 = CARTESIAN_POINT('',(37.973,50.8,-12.7));
#18102 = VECTOR('',#18103,1.);
#18103 = DIRECTION('',(0.,0.,-1.));
#18104 = ORIENTED_EDGE('',*,*,#18105,.F.);
#18105 = EDGE_CURVE('',#18098,#18098,#18106,.T.);
#18106 = CIRCLE('',#18107,3.302);
#18107 = AXIS2_PLACEMENT_3D('',#18108,#18109,#18110);
#18108 = CARTESIAN_POINT('',(41.275,50.8,-38.1));
#18109 = DIRECTION('',(0.,0.,-1.));
#18110 = DIRECTION('',(-1.,0.,0.));
#18111 = ORIENTED_EDGE('',*,*,#18097,.F.);
#18112 = CYLINDRICAL_SURFACE('',#18113,3.302);
#18113 = AXIS2_PLACEMENT_3D('',#18114,#18115,#18116);
#18114 = CARTESIAN_POINT('',(41.275,50.8,-12.7));
#18115 = DIRECTION('',(0.,0.,-1.));
#18116 = DIRECTION('',(-1.,0.,0.));
#18117 = ADVANCED_FACE('',(#18118),#18137,.F.);
#18118 = FACE_BOUND('',#18119,.F.);
#18119 = EDGE_LOOP('',(#18120,#18129,#18135,#18136));
#18120 = ORIENTED_EDGE('',*,*,#18121,.F.);
#18121 = EDGE_CURVE('',#18122,#18122,#18124,.T.);
#18122 = VERTEX_POINT('',#18123);
#18123 = CARTESIAN_POINT('',(528.26541761165,53.412652818406,-38.1));
#18124 = CIRCLE('',#18125,1.7272);
#18125 = AXIS2_PLACEMENT_3D('',#18126,#18127,#18128);
#18126 = CARTESIAN_POINT('',(528.29810908796,51.685762229117,-38.1));
#18127 = DIRECTION('',(0.,0.,-1.));
#18128 = DIRECTION('',(-1.89274411266E-02,0.999820859941,0.));
#18129 = ORIENTED_EDGE('',*,*,#18130,.F.);
#18130 = EDGE_CURVE('',#4805,#18122,#18131,.T.);
#18131 = LINE('',#18132,#18133);
#18132 = CARTESIAN_POINT('',(528.26541761165,53.412652818406,-12.7));
#18133 = VECTOR('',#18134,1.);
#18134 = DIRECTION('',(0.,0.,-1.));
#18135 = ORIENTED_EDGE('',*,*,#4804,.T.);
#18136 = ORIENTED_EDGE('',*,*,#18130,.T.);
#18137 = CYLINDRICAL_SURFACE('',#18138,1.7272);
#18138 = AXIS2_PLACEMENT_3D('',#18139,#18140,#18141);
#18139 = CARTESIAN_POINT('',(528.29810908796,51.685762229117,-12.7));
#18140 = DIRECTION('',(0.,0.,-1.));
#18141 = DIRECTION('',(-1.89274411266E-02,0.999820859941,0.));
#18142 = ADVANCED_FACE('',(#18143),#18162,.F.);
#18143 = FACE_BOUND('',#18144,.F.);
#18144 = EDGE_LOOP('',(#18145,#18154,#18160,#18161));
#18145 = ORIENTED_EDGE('',*,*,#18146,.F.);
#18146 = EDGE_CURVE('',#18147,#18147,#18149,.T.);
#18147 = VERTEX_POINT('',#18148);
#18148 = CARTESIAN_POINT('',(594.5252,223.664,-38.1));
#18149 = CIRCLE('',#18150,1.7272);
#18150 = AXIS2_PLACEMENT_3D('',#18151,#18152,#18153);
#18151 = CARTESIAN_POINT('',(592.798,223.664,-38.1));
#18152 = DIRECTION('',(0.,0.,-1.));
#18153 = DIRECTION('',(1.,0.,0.));
#18154 = ORIENTED_EDGE('',*,*,#18155,.F.);
#18155 = EDGE_CURVE('',#4816,#18147,#18156,.T.);
#18156 = LINE('',#18157,#18158);
#18157 = CARTESIAN_POINT('',(594.5252,223.664,0.));
#18158 = VECTOR('',#18159,1.);
#18159 = DIRECTION('',(0.,0.,-1.));
#18160 = ORIENTED_EDGE('',*,*,#4815,.T.);
#18161 = ORIENTED_EDGE('',*,*,#18155,.T.);
#18162 = CYLINDRICAL_SURFACE('',#18163,1.7272);
#18163 = AXIS2_PLACEMENT_3D('',#18164,#18165,#18166);
#18164 = CARTESIAN_POINT('',(592.798,223.664,0.));
#18165 = DIRECTION('',(0.,0.,-1.));
#18166 = DIRECTION('',(1.,-0.,0.));
#18167 = ADVANCED_FACE('',(#18168),#18187,.F.);
#18168 = FACE_BOUND('',#18169,.F.);
#18169 = EDGE_LOOP('',(#18170,#18179,#18185,#18186));
#18170 = ORIENTED_EDGE('',*,*,#18171,.F.);
#18171 = EDGE_CURVE('',#18172,#18172,#18174,.T.);
#18172 = VERTEX_POINT('',#18173);
#18173 = CARTESIAN_POINT('',(594.5252,182.664,-38.1));
#18174 = CIRCLE('',#18175,1.7272);
#18175 = AXIS2_PLACEMENT_3D('',#18176,#18177,#18178);
#18176 = CARTESIAN_POINT('',(592.798,182.664,-38.1));
#18177 = DIRECTION('',(0.,0.,-1.));
#18178 = DIRECTION('',(1.,0.,0.));
#18179 = ORIENTED_EDGE('',*,*,#18180,.F.);
#18180 = EDGE_CURVE('',#4827,#18172,#18181,.T.);
#18181 = LINE('',#18182,#18183);
#18182 = CARTESIAN_POINT('',(594.5252,182.664,0.));
#18183 = VECTOR('',#18184,1.);
#18184 = DIRECTION('',(0.,0.,-1.));
#18185 = ORIENTED_EDGE('',*,*,#4826,.T.);
#18186 = ORIENTED_EDGE('',*,*,#18180,.T.);
#18187 = CYLINDRICAL_SURFACE('',#18188,1.7272);
#18188 = AXIS2_PLACEMENT_3D('',#18189,#18190,#18191);
#18189 = CARTESIAN_POINT('',(592.798,182.664,0.));
#18190 = DIRECTION('',(0.,0.,-1.));
#18191 = DIRECTION('',(1.,-0.,0.));
#18192 = ADVANCED_FACE('',(#18193),#18212,.F.);
#18193 = FACE_BOUND('',#18194,.F.);
#18194 = EDGE_LOOP('',(#18195,#18204,#18210,#18211));
#18195 = ORIENTED_EDGE('',*,*,#18196,.F.);
#18196 = EDGE_CURVE('',#18197,#18197,#18199,.T.);
#18197 = VERTEX_POINT('',#18198);
#18198 = CARTESIAN_POINT('',(594.5252,164.336,-38.1));
#18199 = CIRCLE('',#18200,1.7272);
#18200 = AXIS2_PLACEMENT_3D('',#18201,#18202,#18203);
#18201 = CARTESIAN_POINT('',(592.798,164.336,-38.1));
#18202 = DIRECTION('',(0.,0.,-1.));
#18203 = DIRECTION('',(1.,0.,0.));
#18204 = ORIENTED_EDGE('',*,*,#18205,.F.);
#18205 = EDGE_CURVE('',#4838,#18197,#18206,.T.);
#18206 = LINE('',#18207,#18208);
#18207 = CARTESIAN_POINT('',(594.5252,164.336,0.));
#18208 = VECTOR('',#18209,1.);
#18209 = DIRECTION('',(0.,0.,-1.));
#18210 = ORIENTED_EDGE('',*,*,#4837,.T.);
#18211 = ORIENTED_EDGE('',*,*,#18205,.T.);
#18212 = CYLINDRICAL_SURFACE('',#18213,1.7272);
#18213 = AXIS2_PLACEMENT_3D('',#18214,#18215,#18216);
#18214 = CARTESIAN_POINT('',(592.798,164.336,0.));
#18215 = DIRECTION('',(0.,0.,-1.));
#18216 = DIRECTION('',(1.,-0.,0.));
#18217 = ADVANCED_FACE('',(#18218),#18237,.F.);
#18218 = FACE_BOUND('',#18219,.F.);
#18219 = EDGE_LOOP('',(#18220,#18229,#18235,#18236));
#18220 = ORIENTED_EDGE('',*,*,#18221,.F.);
#18221 = EDGE_CURVE('',#18222,#18222,#18224,.T.);
#18222 = VERTEX_POINT('',#18223);
#18223 = CARTESIAN_POINT('',(565.18671143222,95.703426873431,-38.1));
#18224 = CIRCLE('',#18225,1.7272);
#18225 = AXIS2_PLACEMENT_3D('',#18226,#18227,#18228);
#18226 = CARTESIAN_POINT('',(563.98873175076,94.459214462789,-38.1));
#18227 = DIRECTION('',(0.,0.,-1.));
#18228 = DIRECTION('',(0.693596388065,0.720363832007,0.));
#18229 = ORIENTED_EDGE('',*,*,#18230,.F.);
#18230 = EDGE_CURVE('',#4849,#18222,#18231,.T.);
#18231 = LINE('',#18232,#18233);
#18232 = CARTESIAN_POINT('',(565.18671143222,95.703426873431,-12.7));
#18233 = VECTOR('',#18234,1.);
#18234 = DIRECTION('',(0.,-0.,-1.));
#18235 = ORIENTED_EDGE('',*,*,#4848,.T.);
#18236 = ORIENTED_EDGE('',*,*,#18230,.T.);
#18237 = CYLINDRICAL_SURFACE('',#18238,1.7272);
#18238 = AXIS2_PLACEMENT_3D('',#18239,#18240,#18241);
#18239 = CARTESIAN_POINT('',(563.98873175076,94.459214462789,-12.7));
#18240 = DIRECTION('',(0.,-0.,-1.));
#18241 = DIRECTION('',(0.693596388065,0.720363832007,0.));
#18242 = ADVANCED_FACE('',(#18243),#18262,.F.);
#18243 = FACE_BOUND('',#18244,.F.);
#18244 = EDGE_LOOP('',(#18245,#18254,#18260,#18261));
#18245 = ORIENTED_EDGE('',*,*,#18246,.F.);
#18246 = EDGE_CURVE('',#18247,#18247,#18249,.T.);
#18247 = VERTEX_POINT('',#18248);
#18248 = CARTESIAN_POINT('',(594.5252,205.336,-38.1));
#18249 = CIRCLE('',#18250,1.7272);
#18250 = AXIS2_PLACEMENT_3D('',#18251,#18252,#18253);
#18251 = CARTESIAN_POINT('',(592.798,205.336,-38.1));
#18252 = DIRECTION('',(0.,0.,-1.));
#18253 = DIRECTION('',(1.,0.,0.));
#18254 = ORIENTED_EDGE('',*,*,#18255,.F.);
#18255 = EDGE_CURVE('',#4860,#18247,#18256,.T.);
#18256 = LINE('',#18257,#18258);
#18257 = CARTESIAN_POINT('',(594.5252,205.336,0.));
#18258 = VECTOR('',#18259,1.);
#18259 = DIRECTION('',(0.,0.,-1.));
#18260 = ORIENTED_EDGE('',*,*,#4859,.T.);
#18261 = ORIENTED_EDGE('',*,*,#18255,.T.);
#18262 = CYLINDRICAL_SURFACE('',#18263,1.7272);
#18263 = AXIS2_PLACEMENT_3D('',#18264,#18265,#18266);
#18264 = CARTESIAN_POINT('',(592.798,205.336,0.));
#18265 = DIRECTION('',(0.,0.,-1.));
#18266 = DIRECTION('',(1.,-0.,0.));
#18267 = ADVANCED_FACE('',(#18268),#18287,.F.);
#18268 = FACE_BOUND('',#18269,.F.);
#18269 = EDGE_LOOP('',(#18270,#18279,#18285,#18286));
#18270 = ORIENTED_EDGE('',*,*,#18271,.F.);
#18271 = EDGE_CURVE('',#18272,#18272,#18274,.T.);
#18272 = VERTEX_POINT('',#18273);
#18273 = CARTESIAN_POINT('',(594.5252,141.664,-38.1));
#18274 = CIRCLE('',#18275,1.7272);
#18275 = AXIS2_PLACEMENT_3D('',#18276,#18277,#18278);
#18276 = CARTESIAN_POINT('',(592.798,141.664,-38.1));
#18277 = DIRECTION('',(0.,0.,-1.));
#18278 = DIRECTION('',(1.,0.,0.));
#18279 = ORIENTED_EDGE('',*,*,#18280,.F.);
#18280 = EDGE_CURVE('',#4871,#18272,#18281,.T.);
#18281 = LINE('',#18282,#18283);
#18282 = CARTESIAN_POINT('',(594.5252,141.664,0.));
#18283 = VECTOR('',#18284,1.);
#18284 = DIRECTION('',(0.,0.,-1.));
#18285 = ORIENTED_EDGE('',*,*,#4870,.T.);
#18286 = ORIENTED_EDGE('',*,*,#18280,.T.);
#18287 = CYLINDRICAL_SURFACE('',#18288,1.7272);
#18288 = AXIS2_PLACEMENT_3D('',#18289,#18290,#18291);
#18289 = CARTESIAN_POINT('',(592.798,141.664,0.));
#18290 = DIRECTION('',(0.,0.,-1.));
#18291 = DIRECTION('',(1.,-0.,0.));
#18292 = ADVANCED_FACE('',(#18293),#18312,.F.);
#18293 = FACE_BOUND('',#18294,.F.);
#18294 = EDGE_LOOP('',(#18295,#18304,#18310,#18311));
#18295 = ORIENTED_EDGE('',*,*,#18296,.F.);
#18296 = EDGE_CURVE('',#18297,#18297,#18299,.T.);
#18297 = VERTEX_POINT('',#18298);
#18298 = CARTESIAN_POINT('',(566.81268324505,9.813288567772,-38.1));
#18299 = CIRCLE('',#18300,1.7272);
#18300 = AXIS2_PLACEMENT_3D('',#18301,#18302,#18303);
#18301 = CARTESIAN_POINT('',(565.5684708344,11.011268249237,-38.1));
#18302 = DIRECTION('',(0.,-0.,-1.));
#18303 = DIRECTION('',(0.720363832007,-0.693596388065,0.));
#18304 = ORIENTED_EDGE('',*,*,#18305,.F.);
#18305 = EDGE_CURVE('',#4882,#18297,#18306,.T.);
#18306 = LINE('',#18307,#18308);
#18307 = CARTESIAN_POINT('',(566.81268324505,9.813288567772,-12.7));
#18308 = VECTOR('',#18309,1.);
#18309 = DIRECTION('',(-0.,0.,-1.));
#18310 = ORIENTED_EDGE('',*,*,#4881,.T.);
#18311 = ORIENTED_EDGE('',*,*,#18305,.T.);
#18312 = CYLINDRICAL_SURFACE('',#18313,1.7272);
#18313 = AXIS2_PLACEMENT_3D('',#18314,#18315,#18316);
#18314 = CARTESIAN_POINT('',(565.5684708344,11.011268249237,-12.7));
#18315 = DIRECTION('',(-0.,0.,-1.));
#18316 = DIRECTION('',(0.720363832007,-0.693596388065,0.));
#18317 = ADVANCED_FACE('',(#18318),#18337,.F.);
#18318 = FACE_BOUND('',#18319,.F.);
#18319 = EDGE_LOOP('',(#18320,#18329,#18335,#18336));
#18320 = ORIENTED_EDGE('',*,*,#18321,.F.);
#18321 = EDGE_CURVE('',#18322,#18322,#18324,.T.);
#18322 = VERTEX_POINT('',#18323);
#18323 = CARTESIAN_POINT('',(519.2328,82.,-38.1));
#18324 = CIRCLE('',#18325,1.7272);
#18325 = AXIS2_PLACEMENT_3D('',#18326,#18327,#18328);
#18326 = CARTESIAN_POINT('',(520.96,82.,-38.1));
#18327 = DIRECTION('',(0.,0.,-1.));
#18328 = DIRECTION('',(-1.,0.,0.));
#18329 = ORIENTED_EDGE('',*,*,#18330,.F.);
#18330 = EDGE_CURVE('',#4893,#18322,#18331,.T.);
#18331 = LINE('',#18332,#18333);
#18332 = CARTESIAN_POINT('',(519.2328,82.,0.));
#18333 = VECTOR('',#18334,1.);
#18334 = DIRECTION('',(0.,0.,-1.));
#18335 = ORIENTED_EDGE('',*,*,#4892,.T.);
#18336 = ORIENTED_EDGE('',*,*,#18330,.T.);
#18337 = CYLINDRICAL_SURFACE('',#18338,1.7272);
#18338 = AXIS2_PLACEMENT_3D('',#18339,#18340,#18341);
#18339 = CARTESIAN_POINT('',(520.96,82.,0.));
#18340 = DIRECTION('',(0.,0.,-1.));
#18341 = DIRECTION('',(-1.,0.,0.));
#18342 = ADVANCED_FACE('',(#18343),#18362,.F.);
#18343 = FACE_BOUND('',#18344,.F.);
#18344 = EDGE_LOOP('',(#18345,#18354,#18360,#18361));
#18345 = ORIENTED_EDGE('',*,*,#18346,.F.);
#18346 = EDGE_CURVE('',#18347,#18347,#18349,.T.);
#18347 = VERTEX_POINT('',#18348);
#18348 = CARTESIAN_POINT('',(544.2328,82.,-38.1));
#18349 = CIRCLE('',#18350,1.7272);
#18350 = AXIS2_PLACEMENT_3D('',#18351,#18352,#18353);
#18351 = CARTESIAN_POINT('',(545.96,82.,-38.1));
#18352 = DIRECTION('',(0.,0.,-1.));
#18353 = DIRECTION('',(-1.,0.,0.));
#18354 = ORIENTED_EDGE('',*,*,#18355,.F.);
#18355 = EDGE_CURVE('',#4904,#18347,#18356,.T.);
#18356 = LINE('',#18357,#18358);
#18357 = CARTESIAN_POINT('',(544.2328,82.,0.));
#18358 = VECTOR('',#18359,1.);
#18359 = DIRECTION('',(0.,0.,-1.));
#18360 = ORIENTED_EDGE('',*,*,#4903,.T.);
#18361 = ORIENTED_EDGE('',*,*,#18355,.T.);
#18362 = CYLINDRICAL_SURFACE('',#18363,1.7272);
#18363 = AXIS2_PLACEMENT_3D('',#18364,#18365,#18366);
#18364 = CARTESIAN_POINT('',(545.96,82.,0.));
#18365 = DIRECTION('',(0.,0.,-1.));
#18366 = DIRECTION('',(-1.,0.,0.));
#18367 = ADVANCED_FACE('',(#18368),#18387,.F.);
#18368 = FACE_BOUND('',#18369,.F.);
#18369 = EDGE_LOOP('',(#18370,#18379,#18385,#18386));
#18370 = ORIENTED_EDGE('',*,*,#18371,.F.);
#18371 = EDGE_CURVE('',#18372,#18372,#18374,.T.);
#18372 = VERTEX_POINT('',#18373);
#18373 = CARTESIAN_POINT('',(563.1492581448,333.63755709866,-38.1));
#18374 = CIRCLE('',#18375,1.7272);
#18375 = AXIS2_PLACEMENT_3D('',#18376,#18377,#18378);
#18376 = CARTESIAN_POINT('',(563.18194962112,331.91066650937,-38.1));
#18377 = DIRECTION('',(0.,0.,-1.));
#18378 = DIRECTION('',(-1.89274411266E-02,0.999820859941,0.));
#18379 = ORIENTED_EDGE('',*,*,#18380,.F.);
#18380 = EDGE_CURVE('',#4915,#18372,#18381,.T.);
#18381 = LINE('',#18382,#18383);
#18382 = CARTESIAN_POINT('',(563.1492581448,333.63755709866,-12.7));
#18383 = VECTOR('',#18384,1.);
#18384 = DIRECTION('',(0.,0.,-1.));
#18385 = ORIENTED_EDGE('',*,*,#4914,.T.);
#18386 = ORIENTED_EDGE('',*,*,#18380,.T.);
#18387 = CYLINDRICAL_SURFACE('',#18388,1.7272);
#18388 = AXIS2_PLACEMENT_3D('',#18389,#18390,#18391);
#18389 = CARTESIAN_POINT('',(563.18194962112,331.91066650937,-12.7));
#18390 = DIRECTION('',(0.,0.,-1.));
#18391 = DIRECTION('',(-1.89274411266E-02,0.999820859941,0.));
#18392 = ADVANCED_FACE('',(#18393),#18412,.F.);
#18393 = FACE_BOUND('',#18394,.F.);
#18394 = EDGE_LOOP('',(#18395,#18404,#18410,#18411));
#18395 = ORIENTED_EDGE('',*,*,#18396,.F.);
#18396 = EDGE_CURVE('',#18397,#18397,#18399,.T.);
#18397 = VERTEX_POINT('',#18398);
#18398 = CARTESIAN_POINT('',(594.5252,123.336,-38.1));
#18399 = CIRCLE('',#18400,1.7272);
#18400 = AXIS2_PLACEMENT_3D('',#18401,#18402,#18403);
#18401 = CARTESIAN_POINT('',(592.798,123.336,-38.1));
#18402 = DIRECTION('',(0.,0.,-1.));
#18403 = DIRECTION('',(1.,0.,0.));
#18404 = ORIENTED_EDGE('',*,*,#18405,.F.);
#18405 = EDGE_CURVE('',#4926,#18397,#18406,.T.);
#18406 = LINE('',#18407,#18408);
#18407 = CARTESIAN_POINT('',(594.5252,123.336,0.));
#18408 = VECTOR('',#18409,1.);
#18409 = DIRECTION('',(0.,0.,-1.));
#18410 = ORIENTED_EDGE('',*,*,#4925,.T.);
#18411 = ORIENTED_EDGE('',*,*,#18405,.T.);
#18412 = CYLINDRICAL_SURFACE('',#18413,1.7272);
#18413 = AXIS2_PLACEMENT_3D('',#18414,#18415,#18416);
#18414 = CARTESIAN_POINT('',(592.798,123.336,0.));
#18415 = DIRECTION('',(0.,0.,-1.));
#18416 = DIRECTION('',(1.,-0.,0.));
#18417 = ADVANCED_FACE('',(#18418),#18437,.F.);
#18418 = FACE_BOUND('',#18419,.F.);
#18419 = EDGE_LOOP('',(#18420,#18429,#18435,#18436));
#18420 = ORIENTED_EDGE('',*,*,#18421,.F.);
#18421 = EDGE_CURVE('',#18422,#18422,#18424,.T.);
#18422 = VERTEX_POINT('',#18423);
#18423 = CARTESIAN_POINT('',(601.57983952791,296.20190756684,-38.1));
#18424 = CIRCLE('',#18425,1.7272);
#18425 = AXIS2_PLACEMENT_3D('',#18426,#18427,#18428);
#18426 = CARTESIAN_POINT('',(600.33562711727,297.3998872483,-38.1));
#18427 = DIRECTION('',(0.,-0.,-1.));
#18428 = DIRECTION('',(0.720363832007,-0.693596388065,0.));
#18429 = ORIENTED_EDGE('',*,*,#18430,.F.);
#18430 = EDGE_CURVE('',#4937,#18422,#18431,.T.);
#18431 = LINE('',#18432,#18433);
#18432 = CARTESIAN_POINT('',(601.57983952791,296.20190756684,-12.7));
#18433 = VECTOR('',#18434,1.);
#18434 = DIRECTION('',(-0.,0.,-1.));
#18435 = ORIENTED_EDGE('',*,*,#4936,.T.);
#18436 = ORIENTED_EDGE('',*,*,#18430,.T.);
#18437 = CYLINDRICAL_SURFACE('',#18438,1.7272);
#18438 = AXIS2_PLACEMENT_3D('',#18439,#18440,#18441);
#18439 = CARTESIAN_POINT('',(600.33562711727,297.3998872483,-12.7));
#18440 = DIRECTION('',(-0.,0.,-1.));
#18441 = DIRECTION('',(0.720363832007,-0.693596388065,0.));
#18442 = ADVANCED_FACE('',(#18443),#18462,.F.);
#18443 = FACE_BOUND('',#18444,.F.);
#18444 = EDGE_LOOP('',(#18445,#18454,#18460,#18461));
#18445 = ORIENTED_EDGE('',*,*,#18446,.F.);
#18446 = EDGE_CURVE('',#18447,#18447,#18449,.T.);
#18447 = VERTEX_POINT('',#18448);
#18448 = CARTESIAN_POINT('',(252.61486412606,183.88513587393,-38.1));
#18449 = CIRCLE('',#18450,1.7272);
#18450 = AXIS2_PLACEMENT_3D('',#18451,#18452,#18453);
#18451 = CARTESIAN_POINT('',(253.83617895853,182.66382104146,-38.1));
#18452 = DIRECTION('',(0.,0.,-1.));
#18453 = DIRECTION('',(-0.707106781187,0.707106781187,0.));
#18454 = ORIENTED_EDGE('',*,*,#18455,.F.);
#18455 = EDGE_CURVE('',#4948,#18447,#18456,.T.);
#18456 = LINE('',#18457,#18458);
#18457 = CARTESIAN_POINT('',(252.61486412606,183.88513587393,-12.7));
#18458 = VECTOR('',#18459,1.);
#18459 = DIRECTION('',(0.,0.,-1.));
#18460 = ORIENTED_EDGE('',*,*,#4947,.T.);
#18461 = ORIENTED_EDGE('',*,*,#18455,.T.);
#18462 = CYLINDRICAL_SURFACE('',#18463,1.7272);
#18463 = AXIS2_PLACEMENT_3D('',#18464,#18465,#18466);
#18464 = CARTESIAN_POINT('',(253.83617895853,182.66382104146,-12.7));
#18465 = DIRECTION('',(0.,0.,-1.));
#18466 = DIRECTION('',(-0.707106781187,0.707106781187,0.));
#18467 = ADVANCED_FACE('',(#18468),#18487,.F.);
#18468 = FACE_BOUND('',#18469,.F.);
#18469 = EDGE_LOOP('',(#18470,#18479,#18485,#18486));
#18470 = ORIENTED_EDGE('',*,*,#18471,.F.);
#18471 = EDGE_CURVE('',#18472,#18472,#18474,.T.);
#18472 = VERTEX_POINT('',#18473);
#18473 = CARTESIAN_POINT('',(600.40122262547,358.46102421452,-38.1));
#18474 = CIRCLE('',#18475,1.7272);
#18475 = AXIS2_PLACEMENT_3D('',#18476,#18477,#18478);
#18476 = CARTESIAN_POINT('',(599.203242944,357.21681180388,-38.1));
#18477 = DIRECTION('',(0.,0.,-1.));
#18478 = DIRECTION('',(0.693596388065,0.720363832007,0.));
#18479 = ORIENTED_EDGE('',*,*,#18480,.F.);
#18480 = EDGE_CURVE('',#4959,#18472,#18481,.T.);
#18481 = LINE('',#18482,#18483);
#18482 = CARTESIAN_POINT('',(600.40122262547,358.46102421452,-12.7));
#18483 = VECTOR('',#18484,1.);
#18484 = DIRECTION('',(0.,-0.,-1.));
#18485 = ORIENTED_EDGE('',*,*,#4958,.T.);
#18486 = ORIENTED_EDGE('',*,*,#18480,.T.);
#18487 = CYLINDRICAL_SURFACE('',#18488,1.7272);
#18488 = AXIS2_PLACEMENT_3D('',#18489,#18490,#18491);
#18489 = CARTESIAN_POINT('',(599.203242944,357.21681180388,-12.7));
#18490 = DIRECTION('',(0.,-0.,-1.));
#18491 = DIRECTION('',(0.693596388065,0.720363832007,0.));
#18492 = ADVANCED_FACE('',(#18493),#18512,.F.);
#18493 = FACE_BOUND('',#18494,.F.);
#18494 = EDGE_LOOP('',(#18495,#18504,#18510,#18511));
#18495 = ORIENTED_EDGE('',*,*,#18496,.F.);
#18496 = EDGE_CURVE('',#18497,#18497,#18499,.T.);
#18497 = VERTEX_POINT('',#18498);
#18498 = CARTESIAN_POINT('',(525.2288,275.67,-38.1));
#18499 = CIRCLE('',#18500,1.7272);
#18500 = AXIS2_PLACEMENT_3D('',#18501,#18502,#18503);
#18501 = CARTESIAN_POINT('',(526.956,275.67,-38.1));
#18502 = DIRECTION('',(0.,0.,-1.));
#18503 = DIRECTION('',(-1.,0.,0.));
#18504 = ORIENTED_EDGE('',*,*,#18505,.F.);
#18505 = EDGE_CURVE('',#4970,#18497,#18506,.T.);
#18506 = LINE('',#18507,#18508);
#18507 = CARTESIAN_POINT('',(525.2288,275.67,0.));
#18508 = VECTOR('',#18509,1.);
#18509 = DIRECTION('',(0.,0.,-1.));
#18510 = ORIENTED_EDGE('',*,*,#4969,.T.);
#18511 = ORIENTED_EDGE('',*,*,#18505,.T.);
#18512 = CYLINDRICAL_SURFACE('',#18513,1.7272);
#18513 = AXIS2_PLACEMENT_3D('',#18514,#18515,#18516);
#18514 = CARTESIAN_POINT('',(526.956,275.67,0.));
#18515 = DIRECTION('',(0.,0.,-1.));
#18516 = DIRECTION('',(-1.,0.,0.));
#18517 = ADVANCED_FACE('',(#18518),#18537,.F.);
#18518 = FACE_BOUND('',#18519,.F.);
#18519 = EDGE_LOOP('',(#18520,#18529,#18535,#18536));
#18520 = ORIENTED_EDGE('',*,*,#18521,.F.);
#18521 = EDGE_CURVE('',#18522,#18522,#18524,.T.);
#18522 = VERTEX_POINT('',#18523);
#18523 = CARTESIAN_POINT('',(128.2728,160.,-38.1));
#18524 = CIRCLE('',#18525,1.7272);
#18525 = AXIS2_PLACEMENT_3D('',#18526,#18527,#18528);
#18526 = CARTESIAN_POINT('',(130.,160.,-38.1));
#18527 = DIRECTION('',(0.,0.,-1.));
#18528 = DIRECTION('',(-1.,0.,0.));
#18529 = ORIENTED_EDGE('',*,*,#18530,.F.);
#18530 = EDGE_CURVE('',#4981,#18522,#18531,.T.);
#18531 = LINE('',#18532,#18533);
#18532 = CARTESIAN_POINT('',(128.2728,160.,0.));
#18533 = VECTOR('',#18534,1.);
#18534 = DIRECTION('',(0.,0.,-1.));
#18535 = ORIENTED_EDGE('',*,*,#4980,.T.);
#18536 = ORIENTED_EDGE('',*,*,#18530,.T.);
#18537 = CYLINDRICAL_SURFACE('',#18538,1.7272);
#18538 = AXIS2_PLACEMENT_3D('',#18539,#18540,#18541);
#18539 = CARTESIAN_POINT('',(130.,160.,0.));
#18540 = DIRECTION('',(0.,0.,-1.));
#18541 = DIRECTION('',(-1.,0.,0.));
#18542 = ADVANCED_FACE('',(#18543),#18562,.F.);
#18543 = FACE_BOUND('',#18544,.F.);
#18544 = EDGE_LOOP('',(#18545,#18554,#18560,#18561));
#18545 = ORIENTED_EDGE('',*,*,#18546,.F.);
#18546 = EDGE_CURVE('',#18547,#18547,#18549,.T.);
#18547 = VERTEX_POINT('',#18548);
#18548 = CARTESIAN_POINT('',(571.2328,303.,-38.1));
#18549 = CIRCLE('',#18550,1.7272);
#18550 = AXIS2_PLACEMENT_3D('',#18551,#18552,#18553);
#18551 = CARTESIAN_POINT('',(572.96,303.,-38.1));
#18552 = DIRECTION('',(0.,0.,-1.));
#18553 = DIRECTION('',(-1.,0.,0.));
#18554 = ORIENTED_EDGE('',*,*,#18555,.F.);
#18555 = EDGE_CURVE('',#4992,#18547,#18556,.T.);
#18556 = LINE('',#18557,#18558);
#18557 = CARTESIAN_POINT('',(571.2328,303.,0.));
#18558 = VECTOR('',#18559,1.);
#18559 = DIRECTION('',(0.,0.,-1.));
#18560 = ORIENTED_EDGE('',*,*,#4991,.T.);
#18561 = ORIENTED_EDGE('',*,*,#18555,.T.);
#18562 = CYLINDRICAL_SURFACE('',#18563,1.7272);
#18563 = AXIS2_PLACEMENT_3D('',#18564,#18565,#18566);
#18564 = CARTESIAN_POINT('',(572.96,303.,0.));
#18565 = DIRECTION('',(0.,0.,-1.));
#18566 = DIRECTION('',(-1.,0.,0.));
#18567 = ADVANCED_FACE('',(#18568),#18587,.F.);
#18568 = FACE_BOUND('',#18569,.F.);
#18569 = EDGE_LOOP('',(#18570,#18579,#18585,#18586));
#18570 = ORIENTED_EDGE('',*,*,#18571,.F.);
#18571 = EDGE_CURVE('',#18572,#18572,#18574,.T.);
#18572 = VERTEX_POINT('',#18573);
#18573 = CARTESIAN_POINT('',(546.2328,303.,-38.1));
#18574 = CIRCLE('',#18575,1.7272);
#18575 = AXIS2_PLACEMENT_3D('',#18576,#18577,#18578);
#18576 = CARTESIAN_POINT('',(547.96,303.,-38.1));
#18577 = DIRECTION('',(0.,0.,-1.));
#18578 = DIRECTION('',(-1.,0.,0.));
#18579 = ORIENTED_EDGE('',*,*,#18580,.F.);
#18580 = EDGE_CURVE('',#5003,#18572,#18581,.T.);
#18581 = LINE('',#18582,#18583);
#18582 = CARTESIAN_POINT('',(546.2328,303.,0.));
#18583 = VECTOR('',#18584,1.);
#18584 = DIRECTION('',(0.,0.,-1.));
#18585 = ORIENTED_EDGE('',*,*,#5002,.T.);
#18586 = ORIENTED_EDGE('',*,*,#18580,.T.);
#18587 = CYLINDRICAL_SURFACE('',#18588,1.7272);
#18588 = AXIS2_PLACEMENT_3D('',#18589,#18590,#18591);
#18589 = CARTESIAN_POINT('',(547.96,303.,0.));
#18590 = DIRECTION('',(0.,0.,-1.));
#18591 = DIRECTION('',(-1.,0.,0.));
#18592 = ADVANCED_FACE('',(#18593),#18612,.F.);
#18593 = FACE_BOUND('',#18594,.F.);
#18594 = EDGE_LOOP('',(#18595,#18604,#18610,#18611));
#18595 = ORIENTED_EDGE('',*,*,#18596,.F.);
#18596 = EDGE_CURVE('',#18597,#18597,#18599,.T.);
#18597 = VERTEX_POINT('',#18598);
#18598 = CARTESIAN_POINT('',(206.38513587393,31.614864126069,-38.1));
#18599 = CIRCLE('',#18600,1.7272);
#18600 = AXIS2_PLACEMENT_3D('',#18601,#18602,#18603);
#18601 = CARTESIAN_POINT('',(205.16382104146,32.836178958535,-38.1));
#18602 = DIRECTION('',(0.,-0.,-1.));
#18603 = DIRECTION('',(0.707106781187,-0.707106781187,0.));
#18604 = ORIENTED_EDGE('',*,*,#18605,.F.);
#18605 = EDGE_CURVE('',#5014,#18597,#18606,.T.);
#18606 = LINE('',#18607,#18608);
#18607 = CARTESIAN_POINT('',(206.38513587393,31.614864126069,-12.7));
#18608 = VECTOR('',#18609,1.);
#18609 = DIRECTION('',(-0.,0.,-1.));
#18610 = ORIENTED_EDGE('',*,*,#5013,.T.);
#18611 = ORIENTED_EDGE('',*,*,#18605,.T.);
#18612 = CYLINDRICAL_SURFACE('',#18613,1.7272);
#18613 = AXIS2_PLACEMENT_3D('',#18614,#18615,#18616);
#18614 = CARTESIAN_POINT('',(205.16382104146,32.836178958535,-12.7));
#18615 = DIRECTION('',(-0.,0.,-1.));
#18616 = DIRECTION('',(0.707106781187,-0.707106781187,0.));
#18617 = ADVANCED_FACE('',(#18618),#18637,.F.);
#18618 = FACE_BOUND('',#18619,.F.);
#18619 = EDGE_LOOP('',(#18620,#18629,#18635,#18636));
#18620 = ORIENTED_EDGE('',*,*,#18621,.F.);
#18621 = EDGE_CURVE('',#18622,#18622,#18624,.T.);
#18622 = VERTEX_POINT('',#18623);
#18623 = CARTESIAN_POINT('',(166.2657562334,12.617598426483,-38.1));
#18624 = CIRCLE('',#18625,1.7272);
#18625 = AXIS2_PLACEMENT_3D('',#18626,#18627,#18628);
#18626 = CARTESIAN_POINT('',(167.99264682269,12.650289902797,-38.1));
#18627 = DIRECTION('',(0.,0.,-1.));
#18628 = DIRECTION('',(-0.999820859941,-1.89274411266E-02,-0.));
#18629 = ORIENTED_EDGE('',*,*,#18630,.F.);
#18630 = EDGE_CURVE('',#5025,#18622,#18631,.T.);
#18631 = LINE('',#18632,#18633);
#18632 = CARTESIAN_POINT('',(166.2657562334,12.617598426483,-12.7));
#18633 = VECTOR('',#18634,1.);
#18634 = DIRECTION('',(0.,0.,-1.));
#18635 = ORIENTED_EDGE('',*,*,#5024,.T.);
#18636 = ORIENTED_EDGE('',*,*,#18630,.T.);
#18637 = CYLINDRICAL_SURFACE('',#18638,1.7272);
#18638 = AXIS2_PLACEMENT_3D('',#18639,#18640,#18641);
#18639 = CARTESIAN_POINT('',(167.99264682269,12.650289902797,-12.7));
#18640 = DIRECTION('',(0.,0.,-1.));
#18641 = DIRECTION('',(-0.999820859941,-1.89274411266E-02,0.));
#18642 = ADVANCED_FACE('',(#18643),#18662,.F.);
#18643 = FACE_BOUND('',#18644,.F.);
#18644 = EDGE_LOOP('',(#18645,#18654,#18660,#18661));
#18645 = ORIENTED_EDGE('',*,*,#18646,.F.);
#18646 = EDGE_CURVE('',#18647,#18647,#18649,.T.);
#18647 = VERTEX_POINT('',#18648);
#18648 = CARTESIAN_POINT('',(150.2728,42.,-38.1));
#18649 = CIRCLE('',#18650,1.7272);
#18650 = AXIS2_PLACEMENT_3D('',#18651,#18652,#18653);
#18651 = CARTESIAN_POINT('',(152.,42.,-38.1));
#18652 = DIRECTION('',(0.,0.,-1.));
#18653 = DIRECTION('',(-1.,0.,0.));
#18654 = ORIENTED_EDGE('',*,*,#18655,.F.);
#18655 = EDGE_CURVE('',#5036,#18647,#18656,.T.);
#18656 = LINE('',#18657,#18658);
#18657 = CARTESIAN_POINT('',(150.2728,42.,0.));
#18658 = VECTOR('',#18659,1.);
#18659 = DIRECTION('',(0.,0.,-1.));
#18660 = ORIENTED_EDGE('',*,*,#5035,.T.);
#18661 = ORIENTED_EDGE('',*,*,#18655,.T.);
#18662 = CYLINDRICAL_SURFACE('',#18663,1.7272);
#18663 = AXIS2_PLACEMENT_3D('',#18664,#18665,#18666);
#18664 = CARTESIAN_POINT('',(152.,42.,0.));
#18665 = DIRECTION('',(0.,0.,-1.));
#18666 = DIRECTION('',(-1.,0.,0.));
#18667 = ADVANCED_FACE('',(#18668),#18687,.F.);
#18668 = FACE_BOUND('',#18669,.F.);
#18669 = EDGE_LOOP('',(#18670,#18679,#18685,#18686));
#18670 = ORIENTED_EDGE('',*,*,#18671,.F.);
#18671 = EDGE_CURVE('',#18672,#18672,#18674,.T.);
#18672 = VERTEX_POINT('',#18673);
#18673 = CARTESIAN_POINT('',(194.2728,58.,-38.1));
#18674 = CIRCLE('',#18675,1.7272);
#18675 = AXIS2_PLACEMENT_3D('',#18676,#18677,#18678);
#18676 = CARTESIAN_POINT('',(196.,58.,-38.1));
#18677 = DIRECTION('',(0.,0.,-1.));
#18678 = DIRECTION('',(-1.,0.,0.));
#18679 = ORIENTED_EDGE('',*,*,#18680,.F.);
#18680 = EDGE_CURVE('',#5047,#18672,#18681,.T.);
#18681 = LINE('',#18682,#18683);
#18682 = CARTESIAN_POINT('',(194.2728,58.,0.));
#18683 = VECTOR('',#18684,1.);
#18684 = DIRECTION('',(0.,0.,-1.));
#18685 = ORIENTED_EDGE('',*,*,#5046,.T.);
#18686 = ORIENTED_EDGE('',*,*,#18680,.T.);
#18687 = CYLINDRICAL_SURFACE('',#18688,1.7272);
#18688 = AXIS2_PLACEMENT_3D('',#18689,#18690,#18691);
#18689 = CARTESIAN_POINT('',(196.,58.,0.));
#18690 = DIRECTION('',(0.,0.,-1.));
#18691 = DIRECTION('',(-1.,0.,0.));
#18692 = ADVANCED_FACE('',(#18693),#18712,.F.);
#18693 = FACE_BOUND('',#18694,.F.);
#18694 = EDGE_LOOP('',(#18695,#18704,#18710,#18711));
#18695 = ORIENTED_EDGE('',*,*,#18696,.F.);
#18696 = EDGE_CURVE('',#18697,#18697,#18699,.T.);
#18697 = VERTEX_POINT('',#18698);
#18698 = CARTESIAN_POINT('',(252.61486412606,71.614864126069,-38.1));
#18699 = CIRCLE('',#18700,1.7272);
#18700 = AXIS2_PLACEMENT_3D('',#18701,#18702,#18703);
#18701 = CARTESIAN_POINT('',(253.83617895853,72.836178958535,-38.1));
#18702 = DIRECTION('',(0.,0.,-1.));
#18703 = DIRECTION('',(-0.707106781187,-0.707106781187,-0.));
#18704 = ORIENTED_EDGE('',*,*,#18705,.F.);
#18705 = EDGE_CURVE('',#5058,#18697,#18706,.T.);
#18706 = LINE('',#18707,#18708);
#18707 = CARTESIAN_POINT('',(252.61486412606,71.614864126069,-12.7));
#18708 = VECTOR('',#18709,1.);
#18709 = DIRECTION('',(0.,0.,-1.));
#18710 = ORIENTED_EDGE('',*,*,#5057,.T.);
#18711 = ORIENTED_EDGE('',*,*,#18705,.T.);
#18712 = CYLINDRICAL_SURFACE('',#18713,1.7272);
#18713 = AXIS2_PLACEMENT_3D('',#18714,#18715,#18716);
#18714 = CARTESIAN_POINT('',(253.83617895853,72.836178958535,-12.7));
#18715 = DIRECTION('',(0.,0.,-1.));
#18716 = DIRECTION('',(-0.707106781187,-0.707106781187,0.));
#18717 = ADVANCED_FACE('',(#18718),#18737,.F.);
#18718 = FACE_BOUND('',#18719,.F.);
#18719 = EDGE_LOOP('',(#18720,#18729,#18735,#18736));
#18720 = ORIENTED_EDGE('',*,*,#18721,.F.);
#18721 = EDGE_CURVE('',#18722,#18722,#18724,.T.);
#18722 = VERTEX_POINT('',#18723);
#18723 = CARTESIAN_POINT('',(194.2728,98.,-38.1));
#18724 = CIRCLE('',#18725,1.7272);
#18725 = AXIS2_PLACEMENT_3D('',#18726,#18727,#18728);
#18726 = CARTESIAN_POINT('',(196.,98.,-38.1));
#18727 = DIRECTION('',(0.,0.,-1.));
#18728 = DIRECTION('',(-1.,0.,0.));
#18729 = ORIENTED_EDGE('',*,*,#18730,.F.);
#18730 = EDGE_CURVE('',#5069,#18722,#18731,.T.);
#18731 = LINE('',#18732,#18733);
#18732 = CARTESIAN_POINT('',(194.2728,98.,0.));
#18733 = VECTOR('',#18734,1.);
#18734 = DIRECTION('',(0.,0.,-1.));
#18735 = ORIENTED_EDGE('',*,*,#5068,.T.);
#18736 = ORIENTED_EDGE('',*,*,#18730,.T.);
#18737 = CYLINDRICAL_SURFACE('',#18738,1.7272);
#18738 = AXIS2_PLACEMENT_3D('',#18739,#18740,#18741);
#18739 = CARTESIAN_POINT('',(196.,98.,0.));
#18740 = DIRECTION('',(0.,0.,-1.));
#18741 = DIRECTION('',(-1.,0.,0.));
#18742 = ADVANCED_FACE('',(#18743),#18762,.F.);
#18743 = FACE_BOUND('',#18744,.F.);
#18744 = EDGE_LOOP('',(#18745,#18754,#18760,#18761));
#18745 = ORIENTED_EDGE('',*,*,#18746,.F.);
#18746 = EDGE_CURVE('',#18747,#18747,#18749,.T.);
#18747 = VERTEX_POINT('',#18748);
#18748 = CARTESIAN_POINT('',(128.2728,115.,-38.1));
#18749 = CIRCLE('',#18750,1.7272);
#18750 = AXIS2_PLACEMENT_3D('',#18751,#18752,#18753);
#18751 = CARTESIAN_POINT('',(130.,115.,-38.1));
#18752 = DIRECTION('',(0.,0.,-1.));
#18753 = DIRECTION('',(-1.,0.,0.));
#18754 = ORIENTED_EDGE('',*,*,#18755,.F.);
#18755 = EDGE_CURVE('',#5080,#18747,#18756,.T.);
#18756 = LINE('',#18757,#18758);
#18757 = CARTESIAN_POINT('',(128.2728,115.,0.));
#18758 = VECTOR('',#18759,1.);
#18759 = DIRECTION('',(0.,0.,-1.));
#18760 = ORIENTED_EDGE('',*,*,#5079,.T.);
#18761 = ORIENTED_EDGE('',*,*,#18755,.T.);
#18762 = CYLINDRICAL_SURFACE('',#18763,1.7272);
#18763 = AXIS2_PLACEMENT_3D('',#18764,#18765,#18766);
#18764 = CARTESIAN_POINT('',(130.,115.,0.));
#18765 = DIRECTION('',(0.,0.,-1.));
#18766 = DIRECTION('',(-1.,0.,0.));
#18767 = ADVANCED_FACE('',(#18768),#18787,.F.);
#18768 = FACE_BOUND('',#18769,.F.);
#18769 = EDGE_LOOP('',(#18770,#18779,#18785,#18786));
#18770 = ORIENTED_EDGE('',*,*,#18771,.F.);
#18771 = EDGE_CURVE('',#18772,#18772,#18774,.T.);
#18772 = VERTEX_POINT('',#18773);
#18773 = CARTESIAN_POINT('',(128.2728,70.,-38.1));
#18774 = CIRCLE('',#18775,1.7272);
#18775 = AXIS2_PLACEMENT_3D('',#18776,#18777,#18778);
#18776 = CARTESIAN_POINT('',(130.,70.,-38.1));
#18777 = DIRECTION('',(0.,0.,-1.));
#18778 = DIRECTION('',(-1.,0.,0.));
#18779 = ORIENTED_EDGE('',*,*,#18780,.F.);
#18780 = EDGE_CURVE('',#5091,#18772,#18781,.T.);
#18781 = LINE('',#18782,#18783);
#18782 = CARTESIAN_POINT('',(128.2728,70.,0.));
#18783 = VECTOR('',#18784,1.);
#18784 = DIRECTION('',(0.,0.,-1.));
#18785 = ORIENTED_EDGE('',*,*,#5090,.T.);
#18786 = ORIENTED_EDGE('',*,*,#18780,.T.);
#18787 = CYLINDRICAL_SURFACE('',#18788,1.7272);
#18788 = AXIS2_PLACEMENT_3D('',#18789,#18790,#18791);
#18789 = CARTESIAN_POINT('',(130.,70.,0.));
#18790 = DIRECTION('',(0.,0.,-1.));
#18791 = DIRECTION('',(-1.,0.,0.));
#18792 = ADVANCED_FACE('',(#18793),#18812,.F.);
#18793 = FACE_BOUND('',#18794,.F.);
#18794 = EDGE_LOOP('',(#18795,#18804,#18810,#18811));
#18795 = ORIENTED_EDGE('',*,*,#18796,.F.);
#18796 = EDGE_CURVE('',#18797,#18797,#18799,.T.);
#18797 = VERTEX_POINT('',#18798);
#18798 = CARTESIAN_POINT('',(119.61486412606,31.614864126069,-38.1));
#18799 = CIRCLE('',#18800,1.7272);
#18800 = AXIS2_PLACEMENT_3D('',#18801,#18802,#18803);
#18801 = CARTESIAN_POINT('',(120.83617895853,32.836178958535,-38.1));
#18802 = DIRECTION('',(0.,0.,-1.));
#18803 = DIRECTION('',(-0.707106781187,-0.707106781187,-0.));
#18804 = ORIENTED_EDGE('',*,*,#18805,.F.);
#18805 = EDGE_CURVE('',#5102,#18797,#18806,.T.);
#18806 = LINE('',#18807,#18808);
#18807 = CARTESIAN_POINT('',(119.61486412606,31.614864126069,-12.7));
#18808 = VECTOR('',#18809,1.);
#18809 = DIRECTION('',(0.,0.,-1.));
#18810 = ORIENTED_EDGE('',*,*,#5101,.T.);
#18811 = ORIENTED_EDGE('',*,*,#18805,.T.);
#18812 = CYLINDRICAL_SURFACE('',#18813,1.7272);
#18813 = AXIS2_PLACEMENT_3D('',#18814,#18815,#18816);
#18814 = CARTESIAN_POINT('',(120.83617895853,32.836178958535,-12.7));
#18815 = DIRECTION('',(0.,0.,-1.));
#18816 = DIRECTION('',(-0.707106781187,-0.707106781187,0.));
#18817 = ADVANCED_FACE('',(#18818),#18837,.F.);
#18818 = FACE_BOUND('',#18819,.F.);
#18819 = EDGE_LOOP('',(#18820,#18829,#18835,#18836));
#18820 = ORIENTED_EDGE('',*,*,#18821,.F.);
#18821 = EDGE_CURVE('',#18822,#18822,#18824,.T.);
#18822 = VERTEX_POINT('',#18823);
#18823 = CARTESIAN_POINT('',(140.38513587393,348.38513587393,-38.1));
#18824 = CIRCLE('',#18825,1.7272);
#18825 = AXIS2_PLACEMENT_3D('',#18826,#18827,#18828);
#18826 = CARTESIAN_POINT('',(139.16382104146,347.16382104146,-38.1));
#18827 = DIRECTION('',(0.,0.,-1.));
#18828 = DIRECTION('',(0.707106781187,0.707106781187,0.));
#18829 = ORIENTED_EDGE('',*,*,#18830,.F.);
#18830 = EDGE_CURVE('',#5113,#18822,#18831,.T.);
#18831 = LINE('',#18832,#18833);
#18832 = CARTESIAN_POINT('',(140.38513587393,348.38513587393,-12.7));
#18833 = VECTOR('',#18834,1.);
#18834 = DIRECTION('',(0.,-0.,-1.));
#18835 = ORIENTED_EDGE('',*,*,#5112,.T.);
#18836 = ORIENTED_EDGE('',*,*,#18830,.T.);
#18837 = CYLINDRICAL_SURFACE('',#18838,1.7272);
#18838 = AXIS2_PLACEMENT_3D('',#18839,#18840,#18841);
#18839 = CARTESIAN_POINT('',(139.16382104146,347.16382104146,-12.7));
#18840 = DIRECTION('',(0.,-0.,-1.));
#18841 = DIRECTION('',(0.707106781187,0.707106781187,0.));
#18842 = ADVANCED_FACE('',(#18843),#18862,.F.);
#18843 = FACE_BOUND('',#18844,.F.);
#18844 = EDGE_LOOP('',(#18845,#18854,#18860,#18861));
#18845 = ORIENTED_EDGE('',*,*,#18846,.F.);
#18846 = EDGE_CURVE('',#18847,#18847,#18849,.T.);
#18847 = VERTEX_POINT('',#18848);
#18848 = CARTESIAN_POINT('',(185.61486412606,284.88513587393,-38.1));
#18849 = CIRCLE('',#18850,1.7272);
#18850 = AXIS2_PLACEMENT_3D('',#18851,#18852,#18853);
#18851 = CARTESIAN_POINT('',(186.83617895853,283.66382104146,-38.1));
#18852 = DIRECTION('',(0.,0.,-1.));
#18853 = DIRECTION('',(-0.707106781187,0.707106781187,0.));
#18854 = ORIENTED_EDGE('',*,*,#18855,.F.);
#18855 = EDGE_CURVE('',#5124,#18847,#18856,.T.);
#18856 = LINE('',#18857,#18858);
#18857 = CARTESIAN_POINT('',(185.61486412606,284.88513587393,-12.7));
#18858 = VECTOR('',#18859,1.);
#18859 = DIRECTION('',(0.,0.,-1.));
#18860 = ORIENTED_EDGE('',*,*,#5123,.T.);
#18861 = ORIENTED_EDGE('',*,*,#18855,.T.);
#18862 = CYLINDRICAL_SURFACE('',#18863,1.7272);
#18863 = AXIS2_PLACEMENT_3D('',#18864,#18865,#18866);
#18864 = CARTESIAN_POINT('',(186.83617895853,283.66382104146,-12.7));
#18865 = DIRECTION('',(0.,0.,-1.));
#18866 = DIRECTION('',(-0.707106781187,0.707106781187,0.));
#18867 = ADVANCED_FACE('',(#18868),#18887,.F.);
#18868 = FACE_BOUND('',#18869,.F.);
#18869 = EDGE_LOOP('',(#18870,#18879,#18885,#18886));
#18870 = ORIENTED_EDGE('',*,*,#18871,.F.);
#18871 = EDGE_CURVE('',#18872,#18872,#18874,.T.);
#18872 = VERTEX_POINT('',#18873);
#18873 = CARTESIAN_POINT('',(360.042148,132.5,-38.1));
#18874 = CIRCLE('',#18875,1.7272);
#18875 = AXIS2_PLACEMENT_3D('',#18876,#18877,#18878);
#18876 = CARTESIAN_POINT('',(361.769348,132.5,-38.1));
#18877 = DIRECTION('',(0.,0.,-1.));
#18878 = DIRECTION('',(-1.,0.,0.));
#18879 = ORIENTED_EDGE('',*,*,#18880,.F.);
#18880 = EDGE_CURVE('',#5135,#18872,#18881,.T.);
#18881 = LINE('',#18882,#18883);
#18882 = CARTESIAN_POINT('',(360.042148,132.5,-12.7));
#18883 = VECTOR('',#18884,1.);
#18884 = DIRECTION('',(0.,0.,-1.));
#18885 = ORIENTED_EDGE('',*,*,#5134,.T.);
#18886 = ORIENTED_EDGE('',*,*,#18880,.T.);
#18887 = CYLINDRICAL_SURFACE('',#18888,1.7272);
#18888 = AXIS2_PLACEMENT_3D('',#18889,#18890,#18891);
#18889 = CARTESIAN_POINT('',(361.769348,132.5,-12.7));
#18890 = DIRECTION('',(0.,0.,-1.));
#18891 = DIRECTION('',(-1.,0.,0.));
#18892 = ADVANCED_FACE('',(#18893),#18912,.F.);
#18893 = FACE_BOUND('',#18894,.F.);
#18894 = EDGE_LOOP('',(#18895,#18904,#18910,#18911));
#18895 = ORIENTED_EDGE('',*,*,#18896,.F.);
#18896 = EDGE_CURVE('',#18897,#18897,#18899,.T.);
#18897 = VERTEX_POINT('',#18898);
#18898 = CARTESIAN_POINT('',(190.61640205154,340.31645985627,-38.1));
#18899 = CIRCLE('',#18900,1.7272);
#18900 = AXIS2_PLACEMENT_3D('',#18901,#18902,#18903);
#18901 = CARTESIAN_POINT('',(192.34329264083,340.34915133258,-38.1));
#18902 = DIRECTION('',(0.,0.,-1.));
#18903 = DIRECTION('',(-0.999820859941,-1.89274411266E-02,-0.));
#18904 = ORIENTED_EDGE('',*,*,#18905,.F.);
#18905 = EDGE_CURVE('',#5146,#18897,#18906,.T.);
#18906 = LINE('',#18907,#18908);
#18907 = CARTESIAN_POINT('',(190.61640205154,340.31645985627,-12.7));
#18908 = VECTOR('',#18909,1.);
#18909 = DIRECTION('',(0.,0.,-1.));
#18910 = ORIENTED_EDGE('',*,*,#5145,.T.);
#18911 = ORIENTED_EDGE('',*,*,#18905,.T.);
#18912 = CYLINDRICAL_SURFACE('',#18913,1.7272);
#18913 = AXIS2_PLACEMENT_3D('',#18914,#18915,#18916);
#18914 = CARTESIAN_POINT('',(192.34329264083,340.34915133258,-12.7));
#18915 = DIRECTION('',(0.,0.,-1.));
#18916 = DIRECTION('',(-0.999820859941,-1.89274411266E-02,0.));
#18917 = ADVANCED_FACE('',(#18918),#18937,.F.);
#18918 = FACE_BOUND('',#18919,.F.);
#18919 = EDGE_LOOP('',(#18920,#18929,#18935,#18936));
#18920 = ORIENTED_EDGE('',*,*,#18921,.F.);
#18921 = EDGE_CURVE('',#18922,#18922,#18924,.T.);
#18922 = VERTEX_POINT('',#18923);
#18923 = CARTESIAN_POINT('',(300.61486412606,142.88513587393,-38.1));
#18924 = CIRCLE('',#18925,1.7272);
#18925 = AXIS2_PLACEMENT_3D('',#18926,#18927,#18928);
#18926 = CARTESIAN_POINT('',(301.83617895853,141.66382104146,-38.1));
#18927 = DIRECTION('',(0.,0.,-1.));
#18928 = DIRECTION('',(-0.707106781187,0.707106781187,0.));
#18929 = ORIENTED_EDGE('',*,*,#18930,.F.);
#18930 = EDGE_CURVE('',#5157,#18922,#18931,.T.);
#18931 = LINE('',#18932,#18933);
#18932 = CARTESIAN_POINT('',(300.61486412606,142.88513587393,-12.7));
#18933 = VECTOR('',#18934,1.);
#18934 = DIRECTION('',(0.,0.,-1.));
#18935 = ORIENTED_EDGE('',*,*,#5156,.T.);
#18936 = ORIENTED_EDGE('',*,*,#18930,.T.);
#18937 = CYLINDRICAL_SURFACE('',#18938,1.7272);
#18938 = AXIS2_PLACEMENT_3D('',#18939,#18940,#18941);
#18939 = CARTESIAN_POINT('',(301.83617895853,141.66382104146,-12.7));
#18940 = DIRECTION('',(0.,0.,-1.));
#18941 = DIRECTION('',(-0.707106781187,0.707106781187,0.));
#18942 = ADVANCED_FACE('',(#18943),#18962,.F.);
#18943 = FACE_BOUND('',#18944,.F.);
#18944 = EDGE_LOOP('',(#18945,#18954,#18960,#18961));
#18945 = ORIENTED_EDGE('',*,*,#18946,.F.);
#18946 = EDGE_CURVE('',#18947,#18947,#18949,.T.);
#18947 = VERTEX_POINT('',#18948);
#18948 = CARTESIAN_POINT('',(467.7712,241.83,-38.1));
#18949 = CIRCLE('',#18950,1.7272);
#18950 = AXIS2_PLACEMENT_3D('',#18951,#18952,#18953);
#18951 = CARTESIAN_POINT('',(466.044,241.83,-38.1));
#18952 = DIRECTION('',(0.,0.,-1.));
#18953 = DIRECTION('',(1.,0.,0.));
#18954 = ORIENTED_EDGE('',*,*,#18955,.F.);
#18955 = EDGE_CURVE('',#5168,#18947,#18956,.T.);
#18956 = LINE('',#18957,#18958);
#18957 = CARTESIAN_POINT('',(467.7712,241.83,-12.7));
#18958 = VECTOR('',#18959,1.);
#18959 = DIRECTION('',(0.,0.,-1.));
#18960 = ORIENTED_EDGE('',*,*,#5167,.T.);
#18961 = ORIENTED_EDGE('',*,*,#18955,.T.);
#18962 = CYLINDRICAL_SURFACE('',#18963,1.7272);
#18963 = AXIS2_PLACEMENT_3D('',#18964,#18965,#18966);
#18964 = CARTESIAN_POINT('',(466.044,241.83,-12.7));
#18965 = DIRECTION('',(0.,0.,-1.));
#18966 = DIRECTION('',(1.,-0.,0.));
#18967 = ADVANCED_FACE('',(#18968),#18987,.F.);
#18968 = FACE_BOUND('',#18969,.F.);
#18969 = EDGE_LOOP('',(#18970,#18979,#18985,#18986));
#18970 = ORIENTED_EDGE('',*,*,#18971,.F.);
#18971 = EDGE_CURVE('',#18972,#18972,#18974,.T.);
#18972 = VERTEX_POINT('',#18973);
#18973 = CARTESIAN_POINT('',(404.142148,214.5,-38.1));
#18974 = CIRCLE('',#18975,1.7272);
#18975 = AXIS2_PLACEMENT_3D('',#18976,#18977,#18978);
#18976 = CARTESIAN_POINT('',(405.869348,214.5,-38.1));
#18977 = DIRECTION('',(0.,0.,-1.));
#18978 = DIRECTION('',(-1.,0.,0.));
#18979 = ORIENTED_EDGE('',*,*,#18980,.F.);
#18980 = EDGE_CURVE('',#5179,#18972,#18981,.T.);
#18981 = LINE('',#18982,#18983);
#18982 = CARTESIAN_POINT('',(404.142148,214.5,-12.7));
#18983 = VECTOR('',#18984,1.);
#18984 = DIRECTION('',(0.,0.,-1.));
#18985 = ORIENTED_EDGE('',*,*,#5178,.T.);
#18986 = ORIENTED_EDGE('',*,*,#18980,.T.);
#18987 = CYLINDRICAL_SURFACE('',#18988,1.7272);
#18988 = AXIS2_PLACEMENT_3D('',#18989,#18990,#18991);
#18989 = CARTESIAN_POINT('',(405.869348,214.5,-12.7));
#18990 = DIRECTION('',(0.,0.,-1.));
#18991 = DIRECTION('',(-1.,0.,0.));
#18992 = ADVANCED_FACE('',(#18993),#19012,.F.);
#18993 = FACE_BOUND('',#18994,.F.);
#18994 = EDGE_LOOP('',(#18995,#19004,#19010,#19011));
#18995 = ORIENTED_EDGE('',*,*,#18996,.F.);
#18996 = EDGE_CURVE('',#18997,#18997,#18999,.T.);
#18997 = VERTEX_POINT('',#18998);
#18998 = CARTESIAN_POINT('',(338.3272,132.5,-38.1));
#18999 = CIRCLE('',#19000,1.7272);
#19000 = AXIS2_PLACEMENT_3D('',#19001,#19002,#19003);
#19001 = CARTESIAN_POINT('',(336.6,132.5,-38.1));
#19002 = DIRECTION('',(0.,0.,-1.));
#19003 = DIRECTION('',(1.,0.,0.));
#19004 = ORIENTED_EDGE('',*,*,#19005,.F.);
#19005 = EDGE_CURVE('',#5190,#18997,#19006,.T.);
#19006 = LINE('',#19007,#19008);
#19007 = CARTESIAN_POINT('',(338.3272,132.5,-12.7));
#19008 = VECTOR('',#19009,1.);
#19009 = DIRECTION('',(0.,0.,-1.));
#19010 = ORIENTED_EDGE('',*,*,#5189,.T.);
#19011 = ORIENTED_EDGE('',*,*,#19005,.T.);
#19012 = CYLINDRICAL_SURFACE('',#19013,1.7272);
#19013 = AXIS2_PLACEMENT_3D('',#19014,#19015,#19016);
#19014 = CARTESIAN_POINT('',(336.6,132.5,-12.7));
#19015 = DIRECTION('',(0.,0.,-1.));
#19016 = DIRECTION('',(1.,-0.,0.));
#19017 = ADVANCED_FACE('',(#19018),#19037,.F.);
#19018 = FACE_BOUND('',#19019,.F.);
#19019 = EDGE_LOOP('',(#19020,#19029,#19035,#19036));
#19020 = ORIENTED_EDGE('',*,*,#19021,.F.);
#19021 = EDGE_CURVE('',#19022,#19022,#19024,.T.);
#19022 = VERTEX_POINT('',#19023);
#19023 = CARTESIAN_POINT('',(382.4272,214.5,-38.1));
#19024 = CIRCLE('',#19025,1.7272);
#19025 = AXIS2_PLACEMENT_3D('',#19026,#19027,#19028);
#19026 = CARTESIAN_POINT('',(380.7,214.5,-38.1));
#19027 = DIRECTION('',(0.,0.,-1.));
#19028 = DIRECTION('',(1.,0.,0.));
#19029 = ORIENTED_EDGE('',*,*,#19030,.F.);
#19030 = EDGE_CURVE('',#5201,#19022,#19031,.T.);
#19031 = LINE('',#19032,#19033);
#19032 = CARTESIAN_POINT('',(382.4272,214.5,-12.7));
#19033 = VECTOR('',#19034,1.);
#19034 = DIRECTION('',(0.,0.,-1.));
#19035 = ORIENTED_EDGE('',*,*,#5200,.T.);
#19036 = ORIENTED_EDGE('',*,*,#19030,.T.);
#19037 = CYLINDRICAL_SURFACE('',#19038,1.7272);
#19038 = AXIS2_PLACEMENT_3D('',#19039,#19040,#19041);
#19039 = CARTESIAN_POINT('',(380.7,214.5,-12.7));
#19040 = DIRECTION('',(0.,0.,-1.));
#19041 = DIRECTION('',(1.,-0.,0.));
#19042 = ADVANCED_FACE('',(#19043),#19062,.F.);
#19043 = FACE_BOUND('',#19044,.F.);
#19044 = EDGE_LOOP('',(#19045,#19054,#19060,#19061));
#19045 = ORIENTED_EDGE('',*,*,#19046,.F.);
#19046 = EDGE_CURVE('',#19047,#19047,#19049,.T.);
#19047 = VERTEX_POINT('',#19048);
#19048 = CARTESIAN_POINT('',(322.61486412606,204.11486412606,-38.1));
#19049 = CIRCLE('',#19050,1.7272);
#19050 = AXIS2_PLACEMENT_3D('',#19051,#19052,#19053);
#19051 = CARTESIAN_POINT('',(323.83617895853,205.33617895853,-38.1));
#19052 = DIRECTION('',(0.,0.,-1.));
#19053 = DIRECTION('',(-0.707106781187,-0.707106781187,-0.));
#19054 = ORIENTED_EDGE('',*,*,#19055,.F.);
#19055 = EDGE_CURVE('',#5212,#19047,#19056,.T.);
#19056 = LINE('',#19057,#19058);
#19057 = CARTESIAN_POINT('',(322.61486412606,204.11486412606,-12.7));
#19058 = VECTOR('',#19059,1.);
#19059 = DIRECTION('',(0.,0.,-1.));
#19060 = ORIENTED_EDGE('',*,*,#5211,.T.);
#19061 = ORIENTED_EDGE('',*,*,#19055,.T.);
#19062 = CYLINDRICAL_SURFACE('',#19063,1.7272);
#19063 = AXIS2_PLACEMENT_3D('',#19064,#19065,#19066);
#19064 = CARTESIAN_POINT('',(323.83617895853,205.33617895853,-12.7));
#19065 = DIRECTION('',(0.,0.,-1.));
#19066 = DIRECTION('',(-0.707106781187,-0.707106781187,0.));
#19067 = ADVANCED_FACE('',(#19068),#19087,.F.);
#19068 = FACE_BOUND('',#19069,.F.);
#19069 = EDGE_LOOP('',(#19070,#19079,#19085,#19086));
#19070 = ORIENTED_EDGE('',*,*,#19071,.F.);
#19071 = EDGE_CURVE('',#19072,#19072,#19074,.T.);
#19072 = VERTEX_POINT('',#19073);
#19073 = CARTESIAN_POINT('',(300.33,225.7288,-38.1));
#19074 = CIRCLE('',#19075,1.7272);
#19075 = AXIS2_PLACEMENT_3D('',#19076,#19077,#19078);
#19076 = CARTESIAN_POINT('',(300.33,227.456,-38.1));
#19077 = DIRECTION('',(0.,0.,-1.));
#19078 = DIRECTION('',(-2.2E-16,-1.,-0.));
#19079 = ORIENTED_EDGE('',*,*,#19080,.F.);
#19080 = EDGE_CURVE('',#5223,#19072,#19081,.T.);
#19081 = LINE('',#19082,#19083);
#19082 = CARTESIAN_POINT('',(300.33,225.7288,-12.7));
#19083 = VECTOR('',#19084,1.);
#19084 = DIRECTION('',(0.,0.,-1.));
#19085 = ORIENTED_EDGE('',*,*,#5222,.T.);
#19086 = ORIENTED_EDGE('',*,*,#19080,.T.);
#19087 = CYLINDRICAL_SURFACE('',#19088,1.7272);
#19088 = AXIS2_PLACEMENT_3D('',#19089,#19090,#19091);
#19089 = CARTESIAN_POINT('',(300.33,227.456,-12.7));
#19090 = DIRECTION('',(0.,0.,-1.));
#19091 = DIRECTION('',(-0.,-1.,0.));
#19092 = ADVANCED_FACE('',(#19093),#19112,.F.);
#19093 = FACE_BOUND('',#19094,.F.);
#19094 = EDGE_LOOP('',(#19095,#19104,#19110,#19111));
#19095 = ORIENTED_EDGE('',*,*,#19096,.F.);
#19096 = EDGE_CURVE('',#19097,#19097,#19099,.T.);
#19097 = VERTEX_POINT('',#19098);
#19098 = CARTESIAN_POINT('',(347.2728,173.5,-38.1));
#19099 = CIRCLE('',#19100,1.7272);
#19100 = AXIS2_PLACEMENT_3D('',#19101,#19102,#19103);
#19101 = CARTESIAN_POINT('',(349.,173.5,-38.1));
#19102 = DIRECTION('',(0.,0.,-1.));
#19103 = DIRECTION('',(-1.,0.,0.));
#19104 = ORIENTED_EDGE('',*,*,#19105,.F.);
#19105 = EDGE_CURVE('',#5234,#19097,#19106,.T.);
#19106 = LINE('',#19107,#19108);
#19107 = CARTESIAN_POINT('',(347.2728,173.5,0.));
#19108 = VECTOR('',#19109,1.);
#19109 = DIRECTION('',(0.,0.,-1.));
#19110 = ORIENTED_EDGE('',*,*,#5233,.T.);
#19111 = ORIENTED_EDGE('',*,*,#19105,.T.);
#19112 = CYLINDRICAL_SURFACE('',#19113,1.7272);
#19113 = AXIS2_PLACEMENT_3D('',#19114,#19115,#19116);
#19114 = CARTESIAN_POINT('',(349.,173.5,0.));
#19115 = DIRECTION('',(0.,0.,-1.));
#19116 = DIRECTION('',(-1.,0.,0.));
#19117 = ADVANCED_FACE('',(#19118),#19137,.F.);
#19118 = FACE_BOUND('',#19119,.F.);
#19119 = EDGE_LOOP('',(#19120,#19129,#19135,#19136));
#19120 = ORIENTED_EDGE('',*,*,#19121,.F.);
#19121 = EDGE_CURVE('',#19122,#19122,#19124,.T.);
#19122 = VERTEX_POINT('',#19123);
#19123 = CARTESIAN_POINT('',(422.388766,173.5,-38.1));
#19124 = CIRCLE('',#19125,1.7272);
#19125 = AXIS2_PLACEMENT_3D('',#19126,#19127,#19128);
#19126 = CARTESIAN_POINT('',(424.115966,173.5,-38.1));
#19127 = DIRECTION('',(0.,0.,-1.));
#19128 = DIRECTION('',(-1.,0.,0.));
#19129 = ORIENTED_EDGE('',*,*,#19130,.F.);
#19130 = EDGE_CURVE('',#5245,#19122,#19131,.T.);
#19131 = LINE('',#19132,#19133);
#19132 = CARTESIAN_POINT('',(422.388766,173.5,0.));
#19133 = VECTOR('',#19134,1.);
#19134 = DIRECTION('',(0.,0.,-1.));
#19135 = ORIENTED_EDGE('',*,*,#5244,.T.);
#19136 = ORIENTED_EDGE('',*,*,#19130,.T.);
#19137 = CYLINDRICAL_SURFACE('',#19138,1.7272);
#19138 = AXIS2_PLACEMENT_3D('',#19139,#19140,#19141);
#19139 = CARTESIAN_POINT('',(424.115966,173.5,0.));
#19140 = DIRECTION('',(0.,0.,-1.));
#19141 = DIRECTION('',(-1.,0.,0.));
#19142 = ADVANCED_FACE('',(#19143),#19162,.F.);
#19143 = FACE_BOUND('',#19144,.F.);
#19144 = EDGE_LOOP('',(#19145,#19154,#19160,#19161));
#19145 = ORIENTED_EDGE('',*,*,#19146,.F.);
#19146 = EDGE_CURVE('',#19147,#19147,#19149,.T.);
#19147 = VERTEX_POINT('',#19148);
#19148 = CARTESIAN_POINT('',(386.2728,173.5,-38.1));
#19149 = CIRCLE('',#19150,1.7272);
#19150 = AXIS2_PLACEMENT_3D('',#19151,#19152,#19153);
#19151 = CARTESIAN_POINT('',(388.,173.5,-38.1));
#19152 = DIRECTION('',(0.,0.,-1.));
#19153 = DIRECTION('',(-1.,0.,0.));
#19154 = ORIENTED_EDGE('',*,*,#19155,.F.);
#19155 = EDGE_CURVE('',#5256,#19147,#19156,.T.);
#19156 = LINE('',#19157,#19158);
#19157 = CARTESIAN_POINT('',(386.2728,173.5,0.));
#19158 = VECTOR('',#19159,1.);
#19159 = DIRECTION('',(0.,0.,-1.));
#19160 = ORIENTED_EDGE('',*,*,#5255,.T.);
#19161 = ORIENTED_EDGE('',*,*,#19155,.T.);
#19162 = CYLINDRICAL_SURFACE('',#19163,1.7272);
#19163 = AXIS2_PLACEMENT_3D('',#19164,#19165,#19166);
#19164 = CARTESIAN_POINT('',(388.,173.5,0.));
#19165 = DIRECTION('',(0.,0.,-1.));
#19166 = DIRECTION('',(-1.,0.,0.));
#19167 = ADVANCED_FACE('',(#19168),#19187,.F.);
#19168 = FACE_BOUND('',#19169,.F.);
#19169 = EDGE_LOOP('',(#19170,#19179,#19185,#19186));
#19170 = ORIENTED_EDGE('',*,*,#19171,.F.);
#19171 = EDGE_CURVE('',#19172,#19172,#19174,.T.);
#19172 = VERTEX_POINT('',#19173);
#19173 = CARTESIAN_POINT('',(49.614864126069,348.38513587393,-38.1));
#19174 = CIRCLE('',#19175,1.7272);
#19175 = AXIS2_PLACEMENT_3D('',#19176,#19177,#19178);
#19176 = CARTESIAN_POINT('',(50.836178958535,347.16382104146,-38.1));
#19177 = DIRECTION('',(0.,0.,-1.));
#19178 = DIRECTION('',(-0.707106781187,0.707106781187,0.));
#19179 = ORIENTED_EDGE('',*,*,#19180,.F.);
#19180 = EDGE_CURVE('',#5267,#19172,#19181,.T.);
#19181 = LINE('',#19182,#19183);
#19182 = CARTESIAN_POINT('',(49.614864126069,348.38513587393,-12.7));
#19183 = VECTOR('',#19184,1.);
#19184 = DIRECTION('',(0.,0.,-1.));
#19185 = ORIENTED_EDGE('',*,*,#5266,.T.);
#19186 = ORIENTED_EDGE('',*,*,#19180,.T.);
#19187 = CYLINDRICAL_SURFACE('',#19188,1.7272);
#19188 = AXIS2_PLACEMENT_3D('',#19189,#19190,#19191);
#19189 = CARTESIAN_POINT('',(50.836178958535,347.16382104146,-12.7));
#19190 = DIRECTION('',(0.,0.,-1.));
#19191 = DIRECTION('',(-0.707106781187,0.707106781187,0.));
#19192 = ADVANCED_FACE('',(#19193),#19212,.F.);
#19193 = FACE_BOUND('',#19194,.F.);
#19194 = EDGE_LOOP('',(#19195,#19204,#19210,#19211));
#19195 = ORIENTED_EDGE('',*,*,#19196,.F.);
#19196 = EDGE_CURVE('',#19197,#19197,#19199,.T.);
#19197 = VERTEX_POINT('',#19198);
#19198 = CARTESIAN_POINT('',(472.26615245642,18.410440640809,-38.1));
#19199 = CIRCLE('',#19200,1.7272);
#19200 = AXIS2_PLACEMENT_3D('',#19201,#19202,#19203);
#19201 = CARTESIAN_POINT('',(473.99304304571,18.443132117123,-38.1));
#19202 = DIRECTION('',(0.,0.,-1.));
#19203 = DIRECTION('',(-0.999820859941,-1.89274411266E-02,-0.));
#19204 = ORIENTED_EDGE('',*,*,#19205,.F.);
#19205 = EDGE_CURVE('',#5278,#19197,#19206,.T.);
#19206 = LINE('',#19207,#19208);
#19207 = CARTESIAN_POINT('',(472.26615245642,18.410440640809,-12.7));
#19208 = VECTOR('',#19209,1.);
#19209 = DIRECTION('',(0.,0.,-1.));
#19210 = ORIENTED_EDGE('',*,*,#5277,.T.);
#19211 = ORIENTED_EDGE('',*,*,#19205,.T.);
#19212 = CYLINDRICAL_SURFACE('',#19213,1.7272);
#19213 = AXIS2_PLACEMENT_3D('',#19214,#19215,#19216);
#19214 = CARTESIAN_POINT('',(473.99304304571,18.443132117123,-12.7));
#19215 = DIRECTION('',(0.,0.,-1.));
#19216 = DIRECTION('',(-0.999820859941,-1.89274411266E-02,0.));
#19217 = ADVANCED_FACE('',(#19218),#19237,.F.);
#19218 = FACE_BOUND('',#19219,.F.);
#19219 = EDGE_LOOP('',(#19220,#19229,#19235,#19236));
#19220 = ORIENTED_EDGE('',*,*,#19221,.F.);
#19221 = EDGE_CURVE('',#19222,#19222,#19224,.T.);
#19222 = VERTEX_POINT('',#19223);
#19223 = CARTESIAN_POINT('',(461.7288,105.17,-38.1));
#19224 = CIRCLE('',#19225,1.7272);
#19225 = AXIS2_PLACEMENT_3D('',#19226,#19227,#19228);
#19226 = CARTESIAN_POINT('',(463.456,105.17,-38.1));
#19227 = DIRECTION('',(0.,0.,-1.));
#19228 = DIRECTION('',(-1.,0.,0.));
#19229 = ORIENTED_EDGE('',*,*,#19230,.F.);
#19230 = EDGE_CURVE('',#5289,#19222,#19231,.T.);
#19231 = LINE('',#19232,#19233);
#19232 = CARTESIAN_POINT('',(461.7288,105.17,-12.7));
#19233 = VECTOR('',#19234,1.);
#19234 = DIRECTION('',(0.,0.,-1.));
#19235 = ORIENTED_EDGE('',*,*,#5288,.T.);
#19236 = ORIENTED_EDGE('',*,*,#19230,.T.);
#19237 = CYLINDRICAL_SURFACE('',#19238,1.7272);
#19238 = AXIS2_PLACEMENT_3D('',#19239,#19240,#19241);
#19239 = CARTESIAN_POINT('',(463.456,105.17,-12.7));
#19240 = DIRECTION('',(0.,0.,-1.));
#19241 = DIRECTION('',(-1.,0.,0.));
#19242 = ADVANCED_FACE('',(#19243),#19262,.F.);
#19243 = FACE_BOUND('',#19244,.F.);
#19244 = EDGE_LOOP('',(#19245,#19254,#19260,#19261));
#19245 = ORIENTED_EDGE('',*,*,#19246,.F.);
#19246 = EDGE_CURVE('',#19247,#19247,#19249,.T.);
#19247 = VERTEX_POINT('',#19248);
#19248 = CARTESIAN_POINT('',(497.2288,54.67,-38.1));
#19249 = CIRCLE('',#19250,1.7272);
#19250 = AXIS2_PLACEMENT_3D('',#19251,#19252,#19253);
#19251 = CARTESIAN_POINT('',(498.956,54.67,-38.1));
#19252 = DIRECTION('',(0.,0.,-1.));
#19253 = DIRECTION('',(-1.,0.,0.));
#19254 = ORIENTED_EDGE('',*,*,#19255,.F.);
#19255 = EDGE_CURVE('',#5300,#19247,#19256,.T.);
#19256 = LINE('',#19257,#19258);
#19257 = CARTESIAN_POINT('',(497.2288,54.67,0.));
#19258 = VECTOR('',#19259,1.);
#19259 = DIRECTION('',(0.,0.,-1.));
#19260 = ORIENTED_EDGE('',*,*,#5299,.T.);
#19261 = ORIENTED_EDGE('',*,*,#19255,.T.);
#19262 = CYLINDRICAL_SURFACE('',#19263,1.7272);
#19263 = AXIS2_PLACEMENT_3D('',#19264,#19265,#19266);
#19264 = CARTESIAN_POINT('',(498.956,54.67,0.));
#19265 = DIRECTION('',(0.,0.,-1.));
#19266 = DIRECTION('',(-1.,0.,0.));
#19267 = ADVANCED_FACE('',(#19268),#19287,.F.);
#19268 = FACE_BOUND('',#19269,.F.);
#19269 = EDGE_LOOP('',(#19270,#19279,#19285,#19286));
#19270 = ORIENTED_EDGE('',*,*,#19271,.F.);
#19271 = EDGE_CURVE('',#19272,#19272,#19274,.T.);
#19272 = VERTEX_POINT('',#19273);
#19273 = CARTESIAN_POINT('',(447.0228,82.,-38.1));
#19274 = CIRCLE('',#19275,1.7272);
#19275 = AXIS2_PLACEMENT_3D('',#19276,#19277,#19278);
#19276 = CARTESIAN_POINT('',(448.75,82.,-38.1));
#19277 = DIRECTION('',(0.,0.,-1.));
#19278 = DIRECTION('',(-1.,0.,0.));
#19279 = ORIENTED_EDGE('',*,*,#19280,.F.);
#19280 = EDGE_CURVE('',#5311,#19272,#19281,.T.);
#19281 = LINE('',#19282,#19283);
#19282 = CARTESIAN_POINT('',(447.0228,82.,0.));
#19283 = VECTOR('',#19284,1.);
#19284 = DIRECTION('',(0.,0.,-1.));
#19285 = ORIENTED_EDGE('',*,*,#5310,.T.);
#19286 = ORIENTED_EDGE('',*,*,#19280,.T.);
#19287 = CYLINDRICAL_SURFACE('',#19288,1.7272);
#19288 = AXIS2_PLACEMENT_3D('',#19289,#19290,#19291);
#19289 = CARTESIAN_POINT('',(448.75,82.,0.));
#19290 = DIRECTION('',(0.,0.,-1.));
#19291 = DIRECTION('',(-1.,0.,0.));
#19292 = ADVANCED_FACE('',(#19293),#19312,.F.);
#19293 = FACE_BOUND('',#19294,.F.);
#19294 = EDGE_LOOP('',(#19295,#19304,#19310,#19311));
#19295 = ORIENTED_EDGE('',*,*,#19296,.F.);
#19296 = EDGE_CURVE('',#19297,#19297,#19299,.T.);
#19297 = VERTEX_POINT('',#19298);
#19298 = CARTESIAN_POINT('',(282.61486412606,313.38513587393,-38.1));
#19299 = CIRCLE('',#19300,1.7272);
#19300 = AXIS2_PLACEMENT_3D('',#19301,#19302,#19303);
#19301 = CARTESIAN_POINT('',(283.83617895853,312.16382104146,-38.1));
#19302 = DIRECTION('',(0.,0.,-1.));
#19303 = DIRECTION('',(-0.707106781187,0.707106781187,0.));
#19304 = ORIENTED_EDGE('',*,*,#19305,.F.);
#19305 = EDGE_CURVE('',#5322,#19297,#19306,.T.);
#19306 = LINE('',#19307,#19308);
#19307 = CARTESIAN_POINT('',(282.61486412606,313.38513587393,-12.7));
#19308 = VECTOR('',#19309,1.);
#19309 = DIRECTION('',(0.,0.,-1.));
#19310 = ORIENTED_EDGE('',*,*,#5321,.T.);
#19311 = ORIENTED_EDGE('',*,*,#19305,.T.);
#19312 = CYLINDRICAL_SURFACE('',#19313,1.7272);
#19313 = AXIS2_PLACEMENT_3D('',#19314,#19315,#19316);
#19314 = CARTESIAN_POINT('',(283.83617895853,312.16382104146,-12.7));
#19315 = DIRECTION('',(0.,0.,-1.));
#19316 = DIRECTION('',(-0.707106781187,0.707106781187,0.));
#19317 = ADVANCED_FACE('',(#19318),#19337,.F.);
#19318 = FACE_BOUND('',#19319,.F.);
#19319 = EDGE_LOOP('',(#19320,#19329,#19335,#19336));
#19320 = ORIENTED_EDGE('',*,*,#19321,.F.);
#19321 = EDGE_CURVE('',#19322,#19322,#19324,.T.);
#19322 = VERTEX_POINT('',#19323);
#19323 = CARTESIAN_POINT('',(303.38513587393,264.11486412606,-38.1));
#19324 = CIRCLE('',#19325,1.7272);
#19325 = AXIS2_PLACEMENT_3D('',#19326,#19327,#19328);
#19326 = CARTESIAN_POINT('',(302.16382104146,265.33617895853,-38.1));
#19327 = DIRECTION('',(0.,-0.,-1.));
#19328 = DIRECTION('',(0.707106781187,-0.707106781187,0.));
#19329 = ORIENTED_EDGE('',*,*,#19330,.F.);
#19330 = EDGE_CURVE('',#5333,#19322,#19331,.T.);
#19331 = LINE('',#19332,#19333);
#19332 = CARTESIAN_POINT('',(303.38513587393,264.11486412606,-12.7));
#19333 = VECTOR('',#19334,1.);
#19334 = DIRECTION('',(-0.,0.,-1.));
#19335 = ORIENTED_EDGE('',*,*,#5332,.T.);
#19336 = ORIENTED_EDGE('',*,*,#19330,.T.);
#19337 = CYLINDRICAL_SURFACE('',#19338,1.7272);
#19338 = AXIS2_PLACEMENT_3D('',#19339,#19340,#19341);
#19339 = CARTESIAN_POINT('',(302.16382104146,265.33617895853,-12.7));
#19340 = DIRECTION('',(-0.,0.,-1.));
#19341 = DIRECTION('',(0.707106781187,-0.707106781187,0.));
#19342 = ADVANCED_FACE('',(#19343),#19362,.F.);
#19343 = FACE_BOUND('',#19344,.F.);
#19344 = EDGE_LOOP('',(#19345,#19354,#19360,#19361));
#19345 = ORIENTED_EDGE('',*,*,#19346,.F.);
#19346 = EDGE_CURVE('',#19347,#19347,#19349,.T.);
#19347 = VERTEX_POINT('',#19348);
#19348 = CARTESIAN_POINT('',(496.61679827456,346.10930207059,-38.1));
#19349 = CIRCLE('',#19350,1.7272);
#19350 = AXIS2_PLACEMENT_3D('',#19351,#19352,#19353);
#19351 = CARTESIAN_POINT('',(498.34368886385,346.14199354691,-38.1));
#19352 = DIRECTION('',(0.,0.,-1.));
#19353 = DIRECTION('',(-0.999820859941,-1.89274411266E-02,-0.));
#19354 = ORIENTED_EDGE('',*,*,#19355,.F.);
#19355 = EDGE_CURVE('',#5344,#19347,#19356,.T.);
#19356 = LINE('',#19357,#19358);
#19357 = CARTESIAN_POINT('',(496.61679827456,346.10930207059,-12.7));
#19358 = VECTOR('',#19359,1.);
#19359 = DIRECTION('',(0.,0.,-1.));
#19360 = ORIENTED_EDGE('',*,*,#5343,.T.);
#19361 = ORIENTED_EDGE('',*,*,#19355,.T.);
#19362 = CYLINDRICAL_SURFACE('',#19363,1.7272);
#19363 = AXIS2_PLACEMENT_3D('',#19364,#19365,#19366);
#19364 = CARTESIAN_POINT('',(498.34368886385,346.14199354691,-12.7));
#19365 = DIRECTION('',(0.,0.,-1.));
#19366 = DIRECTION('',(-0.999820859941,-1.89274411266E-02,0.));
#19367 = ADVANCED_FACE('',(#19368),#19387,.F.);
#19368 = FACE_BOUND('',#19369,.F.);
#19369 = EDGE_LOOP('',(#19370,#19379,#19385,#19386));
#19370 = ORIENTED_EDGE('',*,*,#19371,.F.);
#19371 = EDGE_CURVE('',#19372,#19372,#19374,.T.);
#19372 = VERTEX_POINT('',#19373);
#19373 = CARTESIAN_POINT('',(474.0228,303.,-38.1));
#19374 = CIRCLE('',#19375,1.7272);
#19375 = AXIS2_PLACEMENT_3D('',#19376,#19377,#19378);
#19376 = CARTESIAN_POINT('',(475.75,303.,-38.1));
#19377 = DIRECTION('',(0.,0.,-1.));
#19378 = DIRECTION('',(-1.,0.,0.));
#19379 = ORIENTED_EDGE('',*,*,#19380,.F.);
#19380 = EDGE_CURVE('',#5355,#19372,#19381,.T.);
#19381 = LINE('',#19382,#19383);
#19382 = CARTESIAN_POINT('',(474.0228,303.,0.));
#19383 = VECTOR('',#19384,1.);
#19384 = DIRECTION('',(0.,0.,-1.));
#19385 = ORIENTED_EDGE('',*,*,#5354,.T.);
#19386 = ORIENTED_EDGE('',*,*,#19380,.T.);
#19387 = CYLINDRICAL_SURFACE('',#19388,1.7272);
#19388 = AXIS2_PLACEMENT_3D('',#19389,#19390,#19391);
#19389 = CARTESIAN_POINT('',(475.75,303.,0.));
#19390 = DIRECTION('',(0.,0.,-1.));
#19391 = DIRECTION('',(-1.,0.,0.));
#19392 = ADVANCED_FACE('',(#19393,#19399,#19405,#19411,#19414,#19417,
    #19420,#19423,#19426,#19429,#19432,#19435,#19438,#19441,#19444,
    #19447,#19450,#19453,#19456,#19459,#19462,#19465,#19468,#19471,
    #19474,#19477,#19480,#19483,#19486,#19489,#19492,#19495,#19498,
    #19501,#19504,#19507,#19510,#19513,#19516,#19519,#19522,#19525,
    #19528,#19531,#19534,#19537,#19540,#19543,#19546,#19549,#19552,
    #19555,#19558,#19561,#19564,#19567,#19570,#19573,#19576,#19579,
    #19582,#19585,#19588,#19591,#19594,#19597,#19600,#19603,#19606,
    #19609,#19612,#19615,#19618,#19621,#19624,#19627,#19630,#19633,
    #19636,#19639,#19642,#19645,#19648,#19651,#19654,#19657,#19660,
    #19663,#19666,#19669,#19672,#19675,#19678,#19681,#19684,#19687,
    #19690,#19693,#19696,#19699,#19702,#19705,#19708,#19711,#19714,
    #19717,#19720,#19723,#19726),#19729,.F.);
#19393 = FACE_BOUND('',#19394,.T.);
#19394 = EDGE_LOOP('',(#19395,#19396,#19397,#19398));
#19395 = ORIENTED_EDGE('',*,*,#31,.T.);
#19396 = ORIENTED_EDGE('',*,*,#198,.T.);
#19397 = ORIENTED_EDGE('',*,*,#276,.F.);
#19398 = ORIENTED_EDGE('',*,*,#71,.F.);
#19399 = FACE_BOUND('',#19400,.F.);
#19400 = EDGE_LOOP('',(#19401,#19402,#19403,#19404));
#19401 = ORIENTED_EDGE('',*,*,#9266,.F.);
#19402 = ORIENTED_EDGE('',*,*,#8892,.F.);
#19403 = ORIENTED_EDGE('',*,*,#9600,.F.);
#19404 = ORIENTED_EDGE('',*,*,#9436,.F.);
#19405 = FACE_BOUND('',#19406,.F.);
#19406 = EDGE_LOOP('',(#19407,#19408,#19409,#19410));
#19407 = ORIENTED_EDGE('',*,*,#7719,.F.);
#19408 = ORIENTED_EDGE('',*,*,#8279,.F.);
#19409 = ORIENTED_EDGE('',*,*,#8689,.F.);
#19410 = ORIENTED_EDGE('',*,*,#7864,.F.);
#19411 = FACE_BOUND('',#19412,.F.);
#19412 = EDGE_LOOP('',(#19413));
#19413 = ORIENTED_EDGE('',*,*,#17895,.T.);
#19414 = FACE_BOUND('',#19415,.F.);
#19415 = EDGE_LOOP('',(#19416));
#19416 = ORIENTED_EDGE('',*,*,#17965,.T.);
#19417 = FACE_BOUND('',#19418,.F.);
#19418 = EDGE_LOOP('',(#19419));
#19419 = ORIENTED_EDGE('',*,*,#18035,.T.);
#19420 = FACE_BOUND('',#19421,.F.);
#19421 = EDGE_LOOP('',(#19422));
#19422 = ORIENTED_EDGE('',*,*,#18105,.T.);
#19423 = FACE_BOUND('',#19424,.F.);
#19424 = EDGE_LOOP('',(#19425));
#19425 = ORIENTED_EDGE('',*,*,#11193,.T.);
#19426 = FACE_BOUND('',#19427,.F.);
#19427 = EDGE_LOOP('',(#19428));
#19428 = ORIENTED_EDGE('',*,*,#18271,.T.);
#19429 = FACE_BOUND('',#19430,.F.);
#19430 = EDGE_LOOP('',(#19431));
#19431 = ORIENTED_EDGE('',*,*,#10255,.T.);
#19432 = FACE_BOUND('',#19433,.F.);
#19433 = EDGE_LOOP('',(#19434));
#19434 = ORIENTED_EDGE('',*,*,#10724,.T.);
#19435 = FACE_BOUND('',#19436,.F.);
#19436 = EDGE_LOOP('',(#19437));
#19437 = ORIENTED_EDGE('',*,*,#18146,.T.);
#19438 = FACE_BOUND('',#19439,.F.);
#19439 = EDGE_LOOP('',(#19440));
#19440 = ORIENTED_EDGE('',*,*,#18246,.T.);
#19441 = FACE_BOUND('',#19442,.F.);
#19442 = EDGE_LOOP('',(#19443));
#19443 = ORIENTED_EDGE('',*,*,#18196,.T.);
#19444 = FACE_BOUND('',#19445,.F.);
#19445 = EDGE_LOOP('',(#19446));
#19446 = ORIENTED_EDGE('',*,*,#18171,.T.);
#19447 = FACE_BOUND('',#19448,.F.);
#19448 = EDGE_LOOP('',(#19449));
#19449 = ORIENTED_EDGE('',*,*,#18121,.T.);
#19450 = FACE_BOUND('',#19451,.F.);
#19451 = EDGE_LOOP('',(#19452));
#19452 = ORIENTED_EDGE('',*,*,#18296,.T.);
#19453 = FACE_BOUND('',#19454,.F.);
#19454 = EDGE_LOOP('',(#19455));
#19455 = ORIENTED_EDGE('',*,*,#18321,.T.);
#19456 = FACE_BOUND('',#19457,.F.);
#19457 = EDGE_LOOP('',(#19458));
#19458 = ORIENTED_EDGE('',*,*,#18346,.T.);
#19459 = FACE_BOUND('',#19460,.F.);
#19460 = EDGE_LOOP('',(#19461));
#19461 = ORIENTED_EDGE('',*,*,#18221,.T.);
#19462 = FACE_BOUND('',#19463,.F.);
#19463 = EDGE_LOOP('',(#19464));
#19464 = ORIENTED_EDGE('',*,*,#18396,.T.);
#19465 = FACE_BOUND('',#19466,.F.);
#19466 = EDGE_LOOP('',(#19467));
#19467 = ORIENTED_EDGE('',*,*,#18446,.T.);
#19468 = FACE_BOUND('',#19469,.F.);
#19469 = EDGE_LOOP('',(#19470));
#19470 = ORIENTED_EDGE('',*,*,#18371,.T.);
#19471 = FACE_BOUND('',#19472,.F.);
#19472 = EDGE_LOOP('',(#19473));
#19473 = ORIENTED_EDGE('',*,*,#6458,.T.);
#19474 = FACE_BOUND('',#19475,.F.);
#19475 = EDGE_LOOP('',(#19476));
#19476 = ORIENTED_EDGE('',*,*,#7417,.T.);
#19477 = FACE_BOUND('',#19478,.F.);
#19478 = EDGE_LOOP('',(#19479));
#19479 = ORIENTED_EDGE('',*,*,#6483,.T.);
#19480 = FACE_BOUND('',#19481,.F.);
#19481 = EDGE_LOOP('',(#19482));
#19482 = ORIENTED_EDGE('',*,*,#7467,.T.);
#19483 = FACE_BOUND('',#19484,.F.);
#19484 = EDGE_LOOP('',(#19485));
#19485 = ORIENTED_EDGE('',*,*,#18521,.T.);
#19486 = FACE_BOUND('',#19487,.F.);
#19487 = EDGE_LOOP('',(#19488));
#19488 = ORIENTED_EDGE('',*,*,#18471,.T.);
#19489 = FACE_BOUND('',#19490,.F.);
#19490 = EDGE_LOOP('',(#19491));
#19491 = ORIENTED_EDGE('',*,*,#6558,.T.);
#19492 = FACE_BOUND('',#19493,.F.);
#19493 = EDGE_LOOP('',(#19494));
#19494 = ORIENTED_EDGE('',*,*,#6277,.T.);
#19495 = FACE_BOUND('',#19496,.F.);
#19496 = EDGE_LOOP('',(#19497));
#19497 = ORIENTED_EDGE('',*,*,#18496,.T.);
#19498 = FACE_BOUND('',#19499,.F.);
#19499 = EDGE_LOOP('',(#19500));
#19500 = ORIENTED_EDGE('',*,*,#18571,.T.);
#19501 = FACE_BOUND('',#19502,.F.);
#19502 = EDGE_LOOP('',(#19503));
#19503 = ORIENTED_EDGE('',*,*,#18546,.T.);
#19504 = FACE_BOUND('',#19505,.F.);
#19505 = EDGE_LOOP('',(#19506));
#19506 = ORIENTED_EDGE('',*,*,#18421,.T.);
#19507 = FACE_BOUND('',#19508,.F.);
#19508 = EDGE_LOOP('',(#19509));
#19509 = ORIENTED_EDGE('',*,*,#18646,.T.);
#19510 = FACE_BOUND('',#19511,.F.);
#19511 = EDGE_LOOP('',(#19512));
#19512 = ORIENTED_EDGE('',*,*,#18671,.T.);
#19513 = FACE_BOUND('',#19514,.F.);
#19514 = EDGE_LOOP('',(#19515));
#19515 = ORIENTED_EDGE('',*,*,#18596,.T.);
#19516 = FACE_BOUND('',#19517,.F.);
#19517 = EDGE_LOOP('',(#19518));
#19518 = ORIENTED_EDGE('',*,*,#18621,.T.);
#19519 = FACE_BOUND('',#19520,.F.);
#19520 = EDGE_LOOP('',(#19521));
#19521 = ORIENTED_EDGE('',*,*,#6939,.T.);
#19522 = FACE_BOUND('',#19523,.F.);
#19523 = EDGE_LOOP('',(#19524));
#19524 = ORIENTED_EDGE('',*,*,#18721,.T.);
#19525 = FACE_BOUND('',#19526,.F.);
#19526 = EDGE_LOOP('',(#19527));
#19527 = ORIENTED_EDGE('',*,*,#7392,.T.);
#19528 = FACE_BOUND('',#19529,.F.);
#19529 = EDGE_LOOP('',(#19530));
#19530 = ORIENTED_EDGE('',*,*,#6583,.T.);
#19531 = FACE_BOUND('',#19532,.F.);
#19532 = EDGE_LOOP('',(#19533));
#19533 = ORIENTED_EDGE('',*,*,#18771,.T.);
#19534 = FACE_BOUND('',#19535,.F.);
#19535 = EDGE_LOOP('',(#19536));
#19536 = ORIENTED_EDGE('',*,*,#7442,.T.);
#19537 = FACE_BOUND('',#19538,.F.);
#19538 = EDGE_LOOP('',(#19539));
#19539 = ORIENTED_EDGE('',*,*,#6433,.T.);
#19540 = FACE_BOUND('',#19541,.F.);
#19541 = EDGE_LOOP('',(#19542));
#19542 = ORIENTED_EDGE('',*,*,#18696,.T.);
#19543 = FACE_BOUND('',#19544,.F.);
#19544 = EDGE_LOOP('',(#19545));
#19545 = ORIENTED_EDGE('',*,*,#18746,.T.);
#19546 = FACE_BOUND('',#19547,.F.);
#19547 = EDGE_LOOP('',(#19548));
#19548 = ORIENTED_EDGE('',*,*,#6408,.T.);
#19549 = FACE_BOUND('',#19550,.F.);
#19550 = EDGE_LOOP('',(#19551));
#19551 = ORIENTED_EDGE('',*,*,#6889,.T.);
#19552 = FACE_BOUND('',#19553,.F.);
#19553 = EDGE_LOOP('',(#19554));
#19554 = ORIENTED_EDGE('',*,*,#6302,.T.);
#19555 = FACE_BOUND('',#19556,.F.);
#19556 = EDGE_LOOP('',(#19557));
#19557 = ORIENTED_EDGE('',*,*,#18796,.T.);
#19558 = FACE_BOUND('',#19559,.F.);
#19559 = EDGE_LOOP('',(#19560));
#19560 = ORIENTED_EDGE('',*,*,#6914,.T.);
#19561 = FACE_BOUND('',#19562,.F.);
#19562 = EDGE_LOOP('',(#19563));
#19563 = ORIENTED_EDGE('',*,*,#19121,.T.);
#19564 = FACE_BOUND('',#19565,.F.);
#19565 = EDGE_LOOP('',(#19566));
#19566 = ORIENTED_EDGE('',*,*,#19021,.T.);
#19567 = FACE_BOUND('',#19568,.F.);
#19568 = EDGE_LOOP('',(#19569));
#19569 = ORIENTED_EDGE('',*,*,#13250,.T.);
#19570 = FACE_BOUND('',#19571,.F.);
#19571 = EDGE_LOOP('',(#19572));
#19572 = ORIENTED_EDGE('',*,*,#19071,.T.);
#19573 = FACE_BOUND('',#19574,.F.);
#19574 = EDGE_LOOP('',(#19575));
#19575 = ORIENTED_EDGE('',*,*,#12423,.T.);
#19576 = FACE_BOUND('',#19577,.F.);
#19577 = EDGE_LOOP('',(#19578));
#19578 = ORIENTED_EDGE('',*,*,#11830,.T.);
#19579 = FACE_BOUND('',#19580,.F.);
#19580 = EDGE_LOOP('',(#19581));
#19581 = ORIENTED_EDGE('',*,*,#18821,.T.);
#19582 = FACE_BOUND('',#19583,.F.);
#19583 = EDGE_LOOP('',(#19584));
#19584 = ORIENTED_EDGE('',*,*,#18846,.T.);
#19585 = FACE_BOUND('',#19586,.F.);
#19586 = EDGE_LOOP('',(#19587));
#19587 = ORIENTED_EDGE('',*,*,#13275,.T.);
#19588 = FACE_BOUND('',#19589,.F.);
#19589 = EDGE_LOOP('',(#19590));
#19590 = ORIENTED_EDGE('',*,*,#14411,.T.);
#19591 = FACE_BOUND('',#19592,.F.);
#19592 = EDGE_LOOP('',(#19593));
#19593 = ORIENTED_EDGE('',*,*,#1280,.T.);
#19594 = FACE_BOUND('',#19595,.F.);
#19595 = EDGE_LOOP('',(#19596));
#19596 = ORIENTED_EDGE('',*,*,#18896,.T.);
#19597 = FACE_BOUND('',#19598,.F.);
#19598 = EDGE_LOOP('',(#19599));
#19599 = ORIENTED_EDGE('',*,*,#1305,.T.);
#19600 = FACE_BOUND('',#19601,.F.);
#19601 = EDGE_LOOP('',(#19602));
#19602 = ORIENTED_EDGE('',*,*,#12966,.T.);
#19603 = FACE_BOUND('',#19604,.F.);
#19604 = EDGE_LOOP('',(#19605));
#19605 = ORIENTED_EDGE('',*,*,#19046,.T.);
#19606 = FACE_BOUND('',#19607,.F.);
#19607 = EDGE_LOOP('',(#19608));
#19608 = ORIENTED_EDGE('',*,*,#12114,.T.);
#19609 = FACE_BOUND('',#19610,.F.);
#19610 = EDGE_LOOP('',(#19611));
#19611 = ORIENTED_EDGE('',*,*,#18971,.T.);
#19612 = FACE_BOUND('',#19613,.F.);
#19613 = EDGE_LOOP('',(#19614));
#19614 = ORIENTED_EDGE('',*,*,#12991,.T.);
#19615 = FACE_BOUND('',#19616,.F.);
#19616 = EDGE_LOOP('',(#19617));
#19617 = ORIENTED_EDGE('',*,*,#12139,.T.);
#19618 = FACE_BOUND('',#19619,.F.);
#19619 = EDGE_LOOP('',(#19620));
#19620 = ORIENTED_EDGE('',*,*,#18946,.T.);
#19621 = FACE_BOUND('',#19622,.F.);
#19622 = EDGE_LOOP('',(#19623));
#19623 = ORIENTED_EDGE('',*,*,#18921,.T.);
#19624 = FACE_BOUND('',#19625,.F.);
#19625 = EDGE_LOOP('',(#19626));
#19626 = ORIENTED_EDGE('',*,*,#18996,.T.);
#19627 = FACE_BOUND('',#19628,.F.);
#19628 = EDGE_LOOP('',(#19629));
#19629 = ORIENTED_EDGE('',*,*,#18871,.T.);
#19630 = FACE_BOUND('',#19631,.F.);
#19631 = EDGE_LOOP('',(#19632));
#19632 = ORIENTED_EDGE('',*,*,#19096,.T.);
#19633 = FACE_BOUND('',#19634,.F.);
#19634 = EDGE_LOOP('',(#19635));
#19635 = ORIENTED_EDGE('',*,*,#12707,.T.);
#19636 = FACE_BOUND('',#19637,.F.);
#19637 = EDGE_LOOP('',(#19638));
#19638 = ORIENTED_EDGE('',*,*,#19146,.T.);
#19639 = FACE_BOUND('',#19640,.F.);
#19640 = EDGE_LOOP('',(#19641));
#19641 = ORIENTED_EDGE('',*,*,#6864,.T.);
#19642 = FACE_BOUND('',#19643,.F.);
#19643 = EDGE_LOOP('',(#19644));
#19644 = ORIENTED_EDGE('',*,*,#19171,.T.);
#19645 = FACE_BOUND('',#19646,.F.);
#19646 = EDGE_LOOP('',(#19647));
#19647 = ORIENTED_EDGE('',*,*,#19246,.T.);
#19648 = FACE_BOUND('',#19649,.F.);
#19649 = EDGE_LOOP('',(#19650));
#19650 = ORIENTED_EDGE('',*,*,#11546,.T.);
#19651 = FACE_BOUND('',#19652,.F.);
#19652 = EDGE_LOOP('',(#19653));
#19653 = ORIENTED_EDGE('',*,*,#11571,.T.);
#19654 = FACE_BOUND('',#19655,.F.);
#19655 = EDGE_LOOP('',(#19656));
#19656 = ORIENTED_EDGE('',*,*,#19196,.T.);
#19657 = FACE_BOUND('',#19658,.F.);
#19658 = EDGE_LOOP('',(#19659));
#19659 = ORIENTED_EDGE('',*,*,#13559,.T.);
#19660 = FACE_BOUND('',#19661,.F.);
#19661 = EDGE_LOOP('',(#19662));
#19662 = ORIENTED_EDGE('',*,*,#12682,.T.);
#19663 = FACE_BOUND('',#19664,.F.);
#19664 = EDGE_LOOP('',(#19665));
#19665 = ORIENTED_EDGE('',*,*,#9554,.T.);
#19666 = FACE_BOUND('',#19667,.F.);
#19667 = EDGE_LOOP('',(#19668));
#19668 = ORIENTED_EDGE('',*,*,#11855,.T.);
#19669 = FACE_BOUND('',#19670,.F.);
#19670 = EDGE_LOOP('',(#19671));
#19671 = ORIENTED_EDGE('',*,*,#12398,.T.);
#19672 = FACE_BOUND('',#19673,.F.);
#19673 = EDGE_LOOP('',(#19674));
#19674 = ORIENTED_EDGE('',*,*,#13534,.T.);
#19675 = FACE_BOUND('',#19676,.F.);
#19676 = EDGE_LOOP('',(#19677));
#19677 = ORIENTED_EDGE('',*,*,#13843,.T.);
#19678 = FACE_BOUND('',#19679,.F.);
#19679 = EDGE_LOOP('',(#19680));
#19680 = ORIENTED_EDGE('',*,*,#9529,.T.);
#19681 = FACE_BOUND('',#19682,.F.);
#19682 = EDGE_LOOP('',(#19683));
#19683 = ORIENTED_EDGE('',*,*,#13818,.T.);
#19684 = FACE_BOUND('',#19685,.F.);
#19685 = EDGE_LOOP('',(#19686));
#19686 = ORIENTED_EDGE('',*,*,#19271,.T.);
#19687 = FACE_BOUND('',#19688,.F.);
#19688 = EDGE_LOOP('',(#19689));
#19689 = ORIENTED_EDGE('',*,*,#9701,.T.);
#19690 = FACE_BOUND('',#19691,.F.);
#19691 = EDGE_LOOP('',(#19692));
#19692 = ORIENTED_EDGE('',*,*,#19221,.T.);
#19693 = FACE_BOUND('',#19694,.F.);
#19694 = EDGE_LOOP('',(#19695));
#19695 = ORIENTED_EDGE('',*,*,#19321,.T.);
#19696 = FACE_BOUND('',#19697,.F.);
#19697 = EDGE_LOOP('',(#19698));
#19698 = ORIENTED_EDGE('',*,*,#8477,.T.);
#19699 = FACE_BOUND('',#19700,.F.);
#19700 = EDGE_LOOP('',(#19701));
#19701 = ORIENTED_EDGE('',*,*,#8389,.T.);
#19702 = FACE_BOUND('',#19703,.F.);
#19703 = EDGE_LOOP('',(#19704));
#19704 = ORIENTED_EDGE('',*,*,#8502,.T.);
#19705 = FACE_BOUND('',#19706,.F.);
#19706 = EDGE_LOOP('',(#19707));
#19707 = ORIENTED_EDGE('',*,*,#8414,.T.);
#19708 = FACE_BOUND('',#19709,.F.);
#19709 = EDGE_LOOP('',(#19710));
#19710 = ORIENTED_EDGE('',*,*,#14102,.T.);
#19711 = FACE_BOUND('',#19712,.F.);
#19712 = EDGE_LOOP('',(#19713));
#19713 = ORIENTED_EDGE('',*,*,#19371,.T.);
#19714 = FACE_BOUND('',#19715,.F.);
#19715 = EDGE_LOOP('',(#19716));
#19716 = ORIENTED_EDGE('',*,*,#14386,.T.);
#19717 = FACE_BOUND('',#19718,.F.);
#19718 = EDGE_LOOP('',(#19719));
#19719 = ORIENTED_EDGE('',*,*,#19296,.T.);
#19720 = FACE_BOUND('',#19721,.F.);
#19721 = EDGE_LOOP('',(#19722));
#19722 = ORIENTED_EDGE('',*,*,#14127,.T.);
#19723 = FACE_BOUND('',#19724,.F.);
#19724 = EDGE_LOOP('',(#19725));
#19725 = ORIENTED_EDGE('',*,*,#19346,.T.);
#19726 = FACE_BOUND('',#19727,.F.);
#19727 = EDGE_LOOP('',(#19728));
#19728 = ORIENTED_EDGE('',*,*,#8672,.T.);
#19729 = PLANE('',#19730);
#19730 = AXIS2_PLACEMENT_3D('',#19731,#19732,#19733);
#19731 = CARTESIAN_POINT('',(3.175,-9.525,-38.1));
#19732 = DIRECTION('',(0.,0.,1.));
#19733 = DIRECTION('',(1.,0.,0.));
#19734 = ( GEOMETRIC_REPRESENTATION_CONTEXT(3) 
GLOBAL_UNCERTAINTY_ASSIGNED_CONTEXT((#19738)) 
GLOBAL_UNIT_ASSIGNED_CONTEXT((#19735,#19736,#19737)) 
REPRESENTATION_CONTEXT('Context #1',
  '3D Context with UNIT and UNCERTAINTY') );
#19735 = ( LENGTH_UNIT() NAMED_UNIT(*) SI_UNIT(.MILLI.,.METRE.) );
#19736 = ( NAMED_UNIT(*) PLANE_ANGLE_UNIT() SI_UNIT($,.RADIAN.) );
#19737 = ( NAMED_UNIT(*) SI_UNIT($,.STERADIAN.) SOLID_ANGLE_UNIT() );
#19738 = UNCERTAINTY_MEASURE_WITH_UNIT(LENGTH_MEASURE(1.E-07),#19735,
  'distance_accuracy_value','confusion accuracy');
#19739 = PRODUCT_RELATED_PRODUCT_CATEGORY('part',$,(#7));
ENDSEC;
END-ISO-10303-21;
